Partido,Fecha_Hora_Colombia,Mercado,Mejor_Cuota,Cuota_Promedio_Mercado,BDI_jsd_fair,BDI_n_bookmakers_fair,BDI_std_p_fair,BDI_mad_p_fair,BDI_jsd,BDI_n_bookmakers,BDI_std_p,BDI_mad_p,Mejor_Casa,Num_Casas,Diferencia_Cuota_Promedio,Volatilidad_Pct,Margen_Casa_Pct,Liga,Tipo_Mercado,Score_Final,Todas_Las_Cuotas
Sheffield United vs Ipswich Town,2026-01-24 10:00:00,1X,1.5978,1.5132,,,,,0.00019020572133935856,35,0.015420349954116558,0.01178449455824635,betfair_ex_eu,35,0.0846,2.37,0.18,Championship,Doble Chance,33.7222,betfair_ex_eu:1.5978; betfair_ex_uk:1.5919; betfair_ex_au:1.5919; smarkets:1.5756; pinnacle:1.5676; codere_it:1.5556; unibet_uk:1.5302; draftkings:1.5302; leovegas_se:1.5252; coral:1.5242; ladbrokes_uk:1.5242; betmgm:1.5242; betsson:1.5112; nordicbet:1.5112; betway:1.5049; fanduel:1.5; williamhill:1.5; unibet:1.5; casumo:1.5; leovegas:1.5; unibet_nl:1.5; tabtouch:1.5; grosvenor:1.5; unibet_se:1.5; tipico_de:1.5; betclic_fr:1.499; winamax_de:1.4988; marathonbet:1.488; skybet:1.485; paddypower:1.485; sport888:1.485; virginbet:1.4748; tab:1.4748; winamax_fr:1.4639; bovada:1.4405
Sheffield United vs Ipswich Town,2026-01-24 10:00:00,X2,1.5114,1.4322,,,,,0.0002093586554987633,35,0.015711510714898447,0.011940868640304218,betfair_ex_eu,35,0.0792,2.29,0.18,Championship,Doble Chance,33.7222,betfair_ex_eu:1.5114; betfair_ex_uk:1.5049; betfair_ex_au:1.5049; smarkets:1.502; coral:1.4583; pinnacle:1.4578; codere_it:1.4515; draftkings:1.4496; betsson:1.4492; nordicbet:1.4492; ladbrokes_uk:1.4412; betmgm:1.4412; unibet_uk:1.4326; leovegas_se:1.4316; fanduel:1.4224; skybet:1.4224; paddypower:1.4224; marathonbet:1.4224; unibet:1.4224; casumo:1.4224; unibet_nl:1.4224; grosvenor:1.4224; unibet_se:1.4224; bovada:1.4191; leovegas:1.4159; tabtouch:1.4159; winamax_de:1.4154; tab:1.413; betway:1.4069; sport888:1.4061; williamhill:1.4061; virginbet:1.3969; tipico_de:1.3895; winamax_fr:1.3811; betclic_fr:1.3741
Fiorentina vs Cagliari,2026-01-24 12:00:00,1X,1.235,1.1887,,,,,0.0003728610543589846,37,0.016615392624769795,0.014036565175821147,betfair_ex_uk,37,0.0463,1.98,0.2,Serie A,Doble Chance,26.45,betfair_ex_uk:1.235; betfair_ex_eu:1.235; betfair_ex_au:1.235; smarkets:1.2248; codere_it:1.2119; marathonbet:1.2103; pinnacle:1.2091; winamax_de:1.2089; nordicbet:1.2042; betsson:1.2042; unibet_se:1.2042; unibet_nl:1.2042; betvictor:1.2; coral:1.2; tab:1.1981; unibet_uk:1.1974; betclic_fr:1.1911; betway:1.1897; skybet:1.1887; pointsbetau:1.1887; betmgm:1.1866; winamax_fr:1.1799; ladbrokes_uk:1.1776; fanduel:1.1769; tipico_de:1.1755; tabtouch:1.1666; unibet:1.1666; leovegas_se:1.1666; grosvenor:1.1666; casumo:1.1666; paddypower:1.1647; sport888:1.1647; williamhill:1.1647; draftkings:1.1647; virginbet:1.1563; leovegas:1.1521; bovada:1.1446
Falkirk F.C. vs Hibernian,2026-01-24 10:00:00,X2,1.5311,1.426,,,,,0.0006368852514210284,32,0.02710181656314907,0.02281236161030651,smarkets,32,0.1051,3.87,0.28,Premiership,Doble Chance,22.0,smarkets:1.5311; betfair_ex_eu:1.5252; betfair_ex_uk:1.5252; betfair_ex_au:1.5252; pinnacle:1.4807; coral:1.4733; draftkings:1.4597; skybet:1.4542; ladbrokes_uk:1.4542; pointsbetau:1.4496; unibet_uk:1.4496; nordicbet:1.448; betsson:1.448; betway:1.4431; marathonbet:1.4413; betmgm:1.4385; fanduel:1.4345; paddypower:1.414; codere_it:1.3938; tipico_de:1.3929; unibet:1.3904; leovegas:1.3904; unibet_se:1.3904; unibet_nl:1.3904; sport888:1.3839; williamhill:1.3839; casumo:1.3714; grosvenor:1.3714; tabtouch:1.3714; leovegas_se:1.3557; virginbet:1.3459; bovada:1.3037
Blackburn Rovers vs Watford,2026-01-24 10:00:00,X2,1.7582,1.6391,,,,,0.0005916877387160756,33,0.02732406533135079,0.015542431782960893,betfair_ex_uk,33,0.1191,4.13,0.36,Championship,Doble Chance,16.1389,betfair_ex_uk:1.7582; betfair_ex_eu:1.7582; betfair_ex_au:1.7582; smarkets:1.7331; betsson:1.6894; nordicbet:1.6894; pinnacle:1.6785; draftkings:1.6735; coral:1.6617; leovegas_se:1.6485; marathonbet:1.6466; skybet:1.6439; fanduel:1.6439; paddypower:1.6439; betmgm:1.6374; codere_it:1.6366; unibet_nl:1.6351; unibet_se:1.6351; grosvenor:1.6351; unibet:1.6351; casumo:1.6351; ladbrokes_uk:1.6246; tabtouch:1.6235; virginbet:1.6215; tab:1.6215; unibet_uk:1.6116; leovegas:1.6101; betway:1.5984; sport888:1.5938; williamhill:1.5938; betclic_fr:1.5866; winamax_fr:1.5624; bovada:1.3666
Bolton Wanderers vs Leyton Orient,2026-01-24 10:00:00,1X,1.1981,1.1326,,,,,0.0009171190598550065,33,0.023297855571361145,0.018727701663362628,betfair_ex_au,33,0.0655,2.69,0.42,League 1,Doble Chance,15.4524,betfair_ex_au:1.1981; betfair_ex_uk:1.1981; betfair_ex_eu:1.1981; smarkets:1.1858; coral:1.1683; pinnacle:1.1665; ladbrokes_uk:1.1522; unibet_uk:1.1518; draftkings:1.1501; betmgm:1.1428; skybet:1.1418; betsson:1.1358; nordicbet:1.1358; betway:1.1322; betvictor:1.1322; sport888:1.1275; williamhill:1.1275; marathonbet:1.1268; paddypower:1.1215; leovegas:1.1176; tab:1.1171; tipico_de:1.1161; codere_it:1.1119; pointsbetau:1.1067; unibet:1.1053; unibet_se:1.1053; unibet_nl:1.1053; casumo:1.1053; grosvenor:1.1053; tabtouch:1.1053; leovegas_se:1.0998; bovada:1.0998; virginbet:1.082
Bolton Wanderers vs Leyton Orient,2026-01-24 10:00:00,X2,2.5848,2.3776,,,,,0.000257961156688455,33,0.01865885631426432,0.015037729534450681,betfair_ex_au,33,0.2072,4.47,0.42,League 1,Doble Chance,15.4524,betfair_ex_au:2.5848; betfair_ex_uk:2.5848; betfair_ex_eu:2.5848; smarkets:2.5529; leovegas:2.5049; unibet:2.436; unibet_se:2.436; unibet_nl:2.436; casumo:2.436; grosvenor:2.436; leovegas_se:2.436; tabtouch:2.436; pinnacle:2.4083; bovada:2.4; virginbet:2.3934; betvictor:2.3814; coral:2.3729; skybet:2.3684; draftkings:2.3639; marathonbet:2.3625; unibet_uk:2.3487; tipico_de:2.3234; ladbrokes_uk:2.3205; pointsbetau:2.3158; betsson:2.2867; nordicbet:2.2867; paddypower:2.2826; betmgm:2.2826; betway:2.2291; sport888:2.2222; williamhill:2.2222; tab:2.2222; codere_it:2.2022
Rennes vs Lorient,2026-01-24 11:00:00,1X,1.2506,1.201,,,,,0.00038456656146758556,35,0.01722730491176167,0.01365776579890425,betfair_ex_eu,35,0.0496,2.08,0.37,Ligue 1,Doble Chance,13.7568,betfair_ex_eu:1.2506; betfair_ex_uk:1.2506; betfair_ex_au:1.2506; smarkets:1.2409; marathonbet:1.2336; pinnacle:1.2229; codere_it:1.2172; betway:1.2162; bovada:1.2154; winamax_de:1.2127; nordicbet:1.2109; betsson:1.2109; coral:1.208; draftkings:1.2075; betclic_fr:1.2059; betmgm:1.2032; unibet_nl:1.2028; leovegas_se:1.2028; skybet:1.1982; unibet_uk:1.1982; ladbrokes_uk:1.1982; fanduel:1.1973; tipico_de:1.1936; winamax_fr:1.1935; paddypower:1.1788; sport888:1.1776; williamhill:1.1776; tab:1.1776; unibet:1.1742; casumo:1.1742; tabtouch:1.1742; grosvenor:1.1742; unibet_se:1.1742; leovegas:1.1599; virginbet:1.1505
Rennes vs Lorient,2026-01-24 11:00:00,X2,2.187,2.073,,,,,0.0001944045966274592,35,0.016401684962390032,0.013803491391891229,betfair_ex_eu,35,0.114,3.4,0.37,Ligue 1,Doble Chance,13.7568,betfair_ex_eu:2.187; betfair_ex_uk:2.187; betfair_ex_au:2.187; unibet_nl:2.1818; leovegas_se:2.1818; smarkets:2.1716; unibet:2.1314; casumo:2.1314; tabtouch:2.1314; grosvenor:2.1314; unibet_se:2.1314; marathonbet:2.1058; pinnacle:2.103; leovegas:2.0959; virginbet:2.081; winamax_de:2.0675; skybet:2.0602; draftkings:2.0602; codere_it:2.0533; coral:2.0519; betmgm:2.0519; fanduel:2.0506; tipico_de:2.0451; betclic_fr:2.0367; paddypower:2.0305; unibet_uk:2.0282; ladbrokes_uk:2.0239; winamax_fr:2.0173; nordicbet:2.0099; betsson:2.0099; betway:1.9811; sport888:1.9657; williamhill:1.9657; bovada:1.9561; tab:1.949
Leganés vs Real Sociedad B,2026-01-24 10:15:00,1X,1.2687,1.1794,,,,,0.0011819240480127138,32,0.029491843223880907,0.02364436537865926,betfair_ex_uk,32,0.0893,3.57,0.56,La Liga 2,Doble Chance,13.1964,betfair_ex_uk:1.2687; betfair_ex_au:1.2687; betfair_ex_eu:1.2646; smarkets:1.258; pinnacle:1.2319; betway:1.223; draftkings:1.2127; pointsbetau:1.1936; betsson:1.1918; nordicbet:1.1918; marathonbet:1.1897; winamax_de:1.1854; williamhill:1.1854; fanduel:1.1803; tipico_de:1.1772; betmgm:1.1772; codere_it:1.173; unibet:1.1624; unibet_se:1.1624; ladbrokes_uk:1.1584; coral:1.1584; skybet:1.1507; paddypower:1.1507; winamax_fr:1.1501; betclic_fr:1.1454; grosvenor:1.1393; casumo:1.1393; tabtouch:1.1393; leovegas_se:1.135; bovada:1.1264; virginbet:1.1247; leovegas:1.1247
Leicester City vs Oxford United,2026-01-24 10:00:00,1X,1.2495,1.1958,,,,,0.00043050826867154423,35,0.018138570162795565,0.014590310514885787,betfair_ex_uk,35,0.0537,2.19,0.44,Championship,Doble Chance,13.1136,betfair_ex_uk:1.2495; betfair_ex_eu:1.2495; betfair_ex_au:1.2495; smarkets:1.2436; pinnacle:1.2212; leovegas_se:1.2211; bovada:1.2124; codere_it:1.2103; coral:1.2103; betmgm:1.2103; nordicbet:1.2085; betsson:1.2085; draftkings:1.2075; ladbrokes_uk:1.2017; unibet_uk:1.2; unibet_nl:1.1918; unibet:1.1918; unibet_se:1.1918; grosvenor:1.1918; casumo:1.1918; betway:1.1897; marathonbet:1.1872; williamhill:1.1854; tabtouch:1.1835; leovegas:1.1835; fanduel:1.1769; tab:1.1769; winamax_de:1.1742; sport888:1.1708; virginbet:1.1689; paddypower:1.1647; skybet:1.1647; tipico_de:1.1553; winamax_fr:1.1538; betclic_fr:1.153
Leicester City vs Oxford United,2026-01-24 10:00:00,X2,2.0918,1.9335,,,,,0.00021763989861513914,35,0.01735570075356388,0.012587102456739696,betfair_ex_uk,35,0.1583,3.46,0.44,Championship,Doble Chance,13.1136,betfair_ex_uk:2.0918; betfair_ex_eu:2.0918; betfair_ex_au:2.0918; smarkets:2.0753; pinnacle:2.0016; draftkings:1.9845; fanduel:1.9728; leovegas_se:1.9528; codere_it:1.9494; nordicbet:1.9395; betsson:1.9395; tipico_de:1.9367; tab:1.9367; ladbrokes_uk:1.9355; coral:1.9355; betmgm:1.9355; unibet_uk:1.9338; winamax_de:1.9142; paddypower:1.9038; skybet:1.9038; marathonbet:1.9021; unibet_nl:1.9019; unibet:1.9019; unibet_se:1.9019; grosvenor:1.9019; casumo:1.9019; tabtouch:1.8925; leovegas:1.8925; williamhill:1.8857; betclic_fr:1.8827; betway:1.8789; virginbet:1.8765; sport888:1.8693; winamax_fr:1.8636; bovada:1.7913
Birmingham City vs Stoke City,2026-01-24 10:00:00,1X,1.2366,1.185,,,,,0.0005368414716302975,35,0.01990398348193984,0.017285919099446486,betfair_ex_eu,35,0.0516,2.38,0.47,Championship,Doble Chance,12.4255,betfair_ex_eu:1.2366; betfair_ex_uk:1.2366; betfair_ex_au:1.2366; smarkets:1.2366; draftkings:1.2175; coral:1.2162; bovada:1.2162; pinnacle:1.2137; codere_it:1.2109; winamax_de:1.2071; betmgm:1.2024; betsson:1.1945; nordicbet:1.1945; ladbrokes_uk:1.1932; unibet_uk:1.1911; marathonbet:1.1829; winamax_fr:1.1783; sport888:1.1776; williamhill:1.1776; betway:1.1776; leovegas_se:1.1742; tab:1.1648; casumo:1.164; unibet_nl:1.164; unibet_se:1.164; grosvenor:1.164; unibet:1.164; fanduel:1.1601; tabtouch:1.1553; paddypower:1.1547; skybet:1.1547; betclic_fr:1.1541; tipico_de:1.1507; leovegas:1.1495; virginbet:1.1408
Birmingham City vs Stoke City,2026-01-24 10:00:00,X2,2.2418,2.0335,,,,,0.00036188300714766654,35,0.022370049837860197,0.016572155382611285,betfair_ex_eu,35,0.2083,4.69,0.47,Championship,Doble Chance,12.4255,betfair_ex_eu:2.2418; betfair_ex_uk:2.2418; betfair_ex_au:2.2418; smarkets:2.2418; pinnacle:2.1492; betsson:2.1198; nordicbet:2.1198; draftkings:2.0893; fanduel:2.0702; tipico_de:2.0506; leovegas_se:2.0414; marathonbet:2.0321; codere_it:2.0305; tab:2.0305; coral:2.0096; ladbrokes_uk:2.0096; betmgm:2.0096; casumo:2.0072; unibet_nl:2.0072; tabtouch:2.0072; unibet_se:2.0072; grosvenor:2.0072; unibet:2.0072; paddypower:2.0; skybet:2.0; unibet_uk:1.98; leovegas:1.973; williamhill:1.9657; betway:1.9657; virginbet:1.9645; betclic_fr:1.9446; sport888:1.9385; winamax_de:1.9355; winamax_fr:1.8854; bovada:1.847
Reading vs Barnsley,2026-01-24 10:00:00,1X,1.4328,1.3571,,,,,0.00028433019749359815,33,0.017585973133225505,0.012527141913108986,betfair_ex_eu,33,0.0757,2.43,0.56,League 1,Doble Chance,11.3214,betfair_ex_eu:1.4328; betfair_ex_au:1.4328; betfair_ex_uk:1.4328; smarkets:1.4179; pinnacle:1.3833; leovegas:1.38; coral:1.3797; draftkings:1.3655; betmgm:1.3655; ladbrokes_uk:1.3655; skybet:1.3598; unibet:1.354; leovegas_se:1.354; grosvenor:1.354; casumo:1.354; unibet_se:1.354; unibet_nl:1.354; tabtouch:1.354; unibet_uk:1.3509; paddypower:1.3509; betvictor:1.3509; betsson:1.3506; nordicbet:1.3506; marathonbet:1.3411; betway:1.3357; pointsbetau:1.3357; tipico_de:1.3319; virginbet:1.3279; sport888:1.3171; williamhill:1.3171; tab:1.3171; codere_it:1.3134; bovada:1.2982
Reading vs Barnsley,2026-01-24 10:00:00,X2,1.7518,1.6237,,,,,0.00032512138422516204,33,0.020719671330453507,0.01642150833464237,betfair_ex_eu,33,0.1281,3.47,0.56,League 1,Doble Chance,11.3214,betfair_ex_eu:1.7518; betfair_ex_au:1.7518; betfair_ex_uk:1.7518; smarkets:1.7266; pinnacle:1.698; skybet:1.6567; coral:1.6567; draftkings:1.6511; betvictor:1.6439; betsson:1.6405; nordicbet:1.6405; ladbrokes_uk:1.6364; unibet_uk:1.6298; marathonbet:1.6239; bovada:1.6215; betmgm:1.6214; paddypower:1.6154; tipico_de:1.6008; pointsbetau:1.5938; sport888:1.5938; williamhill:1.5938; leovegas:1.5902; unibet:1.5795; grosvenor:1.5795; casumo:1.5795; unibet_se:1.5795; unibet_nl:1.5795; tabtouch:1.5795; codere_it:1.5795; leovegas_se:1.5651; betway:1.5651; tab:1.5651; virginbet:1.5399
Fatih Karagümrük vs Galatasaray,2026-01-24 12:00:00,1X,4.5773,3.8301,,,,,0.0005906633361953973,30,0.024924965223011054,0.021222429249236098,betfair_ex_uk,30,0.7472,10.15,0.59,Super League,Doble Chance,11.1864,betfair_ex_uk:4.5773; betfair_ex_au:4.5773; betfair_ex_eu:4.5773; smarkets:4.4263; pinnacle:4.3752; betsson:4.3724; nordicbet:4.3724; tipico_de:4.1272; marathonbet:3.9776; fanduel:3.8594; codere_it:3.8272; paddypower:3.6774; sport888:3.6774; winamax_de:3.6774; leovegas:3.6522; pointsbetau:3.6508; unibet:3.6094; leovegas_se:3.6094; casumo:3.6094; grosvenor:3.6094; tabtouch:3.6094; unibet_se:3.6094; virginbet:3.6094; ladbrokes_uk:3.6; coral:3.6; skybet:3.5172; betway:3.4298; betclic_fr:3.4146; winamax_fr:3.3759; bovada:3.2941
Fatih Karagümrük vs Galatasaray,2026-01-24 12:00:00,X2,1.084,1.0355,,,,,0.0021849930451114507,26,0.02108392450824552,0.017576833107358247,betfair_ex_uk,26,0.0485,2.23,0.59,Super League,Doble Chance,11.1864,betfair_ex_uk:1.084; betfair_ex_au:1.084; betfair_ex_eu:1.084; smarkets:1.0723; ladbrokes_uk:1.0549; coral:1.0549; pinnacle:1.0526; bovada:1.0419; codere_it:1.0403; leovegas:1.0352; tipico_de:1.0344; marathonbet:1.0272; betway:1.0268; pointsbetau:1.0268; unibet:1.0185; leovegas_se:1.0185; casumo:1.0185; grosvenor:1.0185; tabtouch:1.0185; unibet_se:1.0185; virginbet:1.0185; betsson:1.0171; nordicbet:1.0171; sport888:1.0139; winamax_de:1.0139; fanduel:1.013
Port Vale vs Exeter City,2026-01-24 10:00:00,X2,1.6101,1.5135,,,,,0.00025614185583727826,33,0.017900724476777388,0.013596528489972016,betfair_ex_eu,33,0.0966,2.76,0.57,League 1,Doble Chance,11.0175,betfair_ex_eu:1.6101; betfair_ex_au:1.6101; betfair_ex_uk:1.6101; smarkets:1.585; leovegas:1.5484; draftkings:1.5293; betsson:1.5269; nordicbet:1.5269; unibet:1.5234; unibet_se:1.5234; unibet_nl:1.5234; casumo:1.5234; tabtouch:1.5234; grosvenor:1.5234; bovada:1.5213; marathonbet:1.5206; pinnacle:1.5172; leovegas_se:1.5116; unibet_uk:1.5041; coral:1.5; ladbrokes_uk:1.5; betway:1.4933; tab:1.4933; virginbet:1.4866; skybet:1.485; betvictor:1.479; betmgm:1.4748; pointsbetau:1.4712; sport888:1.4712; williamhill:1.4712; codere_it:1.4573; tipico_de:1.4573; paddypower:1.4431
Manchester City vs Wolverhampton Wanderers,2026-01-24 10:00:00,1X,1.0951,1.0614,,,,,0.0011971721924536245,38,0.017865369740559224,0.01422804332898664,betfair_ex_eu,38,0.0337,1.89,0.41,EPL,Doble Chance,10.8049,betfair_ex_eu:1.0951; betfair_ex_uk:1.0951; betfair_ex_au:1.0951; marathonbet:1.0903; smarkets:1.0887; pinnacle:1.0815; unibet_se:1.0805; ladbrokes_uk:1.0802; coral:1.0802; betmgm:1.0802; unibet_nl:1.0736; unibet_uk:1.071; codere_it:1.0682; mybookieag:1.0682; betsson:1.0653; nordicbet:1.0653; leovegas:1.0648; leovegas_se:1.0648; fanduel:1.0617; betway:1.0603; draftkings:1.0603; winamax_de:1.0549; tabtouch:1.0549; grosvenor:1.0549; unibet:1.0549; casumo:1.0549; tipico_de:1.0541; pointsbetau:1.0536; betvictor:1.0515; tab:1.0515; winamax_fr:1.0486; betclic_fr:1.0413; skybet:1.0345; bovada:1.0296; williamhill:1.0284; virginbet:1.0284; sport888:1.0268; paddypower:1.0185
Milton Keynes Dons vs Shrewsbury Town,2026-01-24 10:00:00,1X,1.1256,1.08,,,,,0.000781482830771524,32,0.01761480337359831,0.014396420776381418,betfair_ex_eu,32,0.0456,1.93,0.75,League 2,Doble Chance,8.5333,betfair_ex_eu:1.1256; betfair_ex_uk:1.1256; betfair_ex_au:1.1256; smarkets:1.1083; coral:1.103; ladbrokes_uk:1.103; bovada:1.1; betmgm:1.0944; unibet_uk:1.0875; pinnacle:1.0873; draftkings:1.0849; betsson:1.0822; nordicbet:1.0822; skybet:1.0813; unibet:1.0766; casumo:1.0712; tabtouch:1.0712; leovegas:1.0712; grosvenor:1.0712; unibet_nl:1.0712; unibet_se:1.0712; paddypower:1.0678; marathonbet:1.0675; betway:1.0668; leovegas_se:1.0657; betvictor:1.0621; virginbet:1.0588; sport888:1.0588; williamhill:1.0588; tipico_de:1.0561; pointsbetau:1.0534; codere_it:1.0492
Milton Keynes Dons vs Shrewsbury Town,2026-01-24 10:00:00,X2,3.0137,2.6457,,,,,0.0004999515802610961,32,0.02546048655589096,0.021293476061250705,betfair_ex_eu,32,0.368,6.94,0.75,League 2,Doble Chance,8.5333,betfair_ex_eu:3.0137; betfair_ex_uk:3.0137; betfair_ex_au:3.0137; smarkets:2.9469; skybet:2.9082; betvictor:2.8387; paddypower:2.8125; pinnacle:2.8081; betsson:2.7053; nordicbet:2.7053; draftkings:2.7018; unibet_uk:2.6828; marathonbet:2.6637; tipico_de:2.6637; coral:2.5988; ladbrokes_uk:2.5988; betway:2.5514; betmgm:2.5514; pointsbetau:2.5455; codere_it:2.529; unibet:2.5142; casumo:2.5142; leovegas_se:2.5142; tabtouch:2.5142; leovegas:2.5142; grosvenor:2.5142; unibet_nl:2.5142; unibet_se:2.5142; sport888:2.4762; williamhill:2.4762; virginbet:2.4615; bovada:2.2815
Queens Park Rangers vs Wrexham AFC,2026-01-24 10:00:00,X2,1.6852,1.5718,,,,,0.00024893274664102705,35,0.017954612133446887,0.013666201606538258,betfair_ex_au,35,0.1134,2.91,0.66,Championship,Doble Chance,8.5,betfair_ex_au:1.6852; betfair_ex_uk:1.6735; betfair_ex_eu:1.6716; smarkets:1.6716; pinnacle:1.6358; betsson:1.6042; nordicbet:1.6042; fanduel:1.5984; draftkings:1.5984; leovegas_se:1.5746; codere_it:1.5734; unibet_uk:1.5734; ladbrokes_uk:1.5714; coral:1.5714; betmgm:1.5714; paddypower:1.56; skybet:1.56; winamax_de:1.56; marathonbet:1.559; tipico_de:1.55; grosvenor:1.5496; casumo:1.5496; unibet_nl:1.5496; unibet:1.5496; unibet_se:1.5496; betway:1.5484; tab:1.5484; bovada:1.535; betclic_fr:1.5334; sport888:1.5246; williamhill:1.5246; tabtouch:1.5246; leovegas:1.5246; winamax_fr:1.5213; virginbet:1.5116
Barrow vs Crawley Town,2026-01-24 10:00:00,1X,1.4484,1.3674,,,,,0.00026522334575621145,32,0.017198869265625177,0.013724783375171943,betfair_ex_eu,32,0.081,2.43,0.79,League 2,Doble Chance,8.3291,betfair_ex_eu:1.4484; betfair_ex_uk:1.4484; betfair_ex_au:1.4484; smarkets:1.4255; coral:1.4034; unibet_uk:1.3879; betmgm:1.3879; ladbrokes_uk:1.3879; pinnacle:1.3816; skybet:1.3696; draftkings:1.3696; betvictor:1.3696; betway:1.3554; paddypower:1.3554; pointsbetau:1.3554; betsson:1.3508; nordicbet:1.3508; codere_it:1.3504; bovada:1.3468; unibet:1.3467; leovegas:1.3467; casumo:1.3467; unibet_se:1.3467; grosvenor:1.3467; tabtouch:1.3467; unibet_nl:1.3467; leovegas_se:1.3467; marathonbet:1.3436; sport888:1.3378; williamhill:1.3378; virginbet:1.3357; tipico_de:1.3357
Barrow vs Crawley Town,2026-01-24 10:00:00,X2,1.7015,1.5826,,,,,0.00029231713059700755,32,0.019503497338886386,0.015080351781775265,betfair_ex_eu,32,0.1189,3.19,0.79,League 2,Doble Chance,8.3291,betfair_ex_eu:1.7015; betfair_ex_uk:1.7015; betfair_ex_au:1.7015; smarkets:1.6657; pinnacle:1.6448; draftkings:1.6154; betvictor:1.6154; betsson:1.5989; nordicbet:1.5989; coral:1.5969; unibet_uk:1.5859; marathonbet:1.5837; skybet:1.5799; tipico_de:1.5795; ladbrokes_uk:1.5769; unibet:1.5592; leovegas:1.5592; casumo:1.5592; unibet_se:1.5592; grosvenor:1.5592; tabtouch:1.5592; unibet_nl:1.5592; leovegas_se:1.5592; betmgm:1.5556; virginbet:1.5504; paddypower:1.5435; sport888:1.5379; williamhill:1.5379; codere_it:1.5355; pointsbetau:1.5293; bovada:1.5184; betway:1.5148
FC Lausanne-Sport vs Grasshopper Zürich,2026-01-24 12:00:00,1X,1.2887,1.2117,,,,,0.0005785826835933901,35,0.021928977203920928,0.016848504891585275,betfair_ex_uk,35,0.077,2.73,0.85,Swiss Superleague,Doble Chance,8.3176,betfair_ex_uk:1.2887; betfair_ex_eu:1.2887; betfair_ex_au:1.2887; smarkets:1.2786; pinnacle:1.2576; draftkings:1.2479; codere_it:1.2334; betmgm:1.2307; unibet_uk:1.222; pointsbetau:1.2188; marathonbet:1.2164; winamax_de:1.2119; tipico_de:1.2109; betway:1.2106; betsson:1.2042; nordicbet:1.2042; fanduel:1.2017; bovada:1.2; sport888:1.1981; williamhill:1.1981; unibet:1.193; unibet_se:1.193; tabtouch:1.193; leovegas:1.193; leovegas_se:1.193; unibet_nl:1.193; casumo:1.193; grosvenor:1.193; virginbet:1.193; ladbrokes_uk:1.1897; coral:1.1897; paddypower:1.1769; winamax_fr:1.1709; betclic_fr:1.1691; skybet:1.1647
FC Lausanne-Sport vs Grasshopper Zürich,2026-01-24 12:00:00,X2,2.0173,1.8613,,,,,0.0002739455680174939,35,0.01942896810919703,0.013897052799915075,betfair_ex_uk,35,0.156,3.67,0.85,Swiss Superleague,Doble Chance,8.3176,betfair_ex_uk:2.0173; betfair_ex_eu:2.0173; betfair_ex_au:1.995; smarkets:1.9811; tipico_de:1.9449; pinnacle:1.9371; fanduel:1.8882; codere_it:1.8808; draftkings:1.872; unibet_uk:1.872; unibet:1.8667; unibet_se:1.8667; tabtouch:1.8667; leovegas:1.8667; leovegas_se:1.8667; unibet_nl:1.8667; casumo:1.8667; grosvenor:1.8667; virginbet:1.8667; marathonbet:1.861; winamax_de:1.8584; bovada:1.8523; betmgm:1.8486; pointsbetau:1.8446; betsson:1.8306; nordicbet:1.8306; sport888:1.8164; williamhill:1.8164; paddypower:1.7944; betway:1.7832; betclic_fr:1.7816; skybet:1.7662; winamax_fr:1.7582; ladbrokes_uk:1.7486; coral:1.7486
Las Palmas vs Córdoba,2026-01-24 12:30:00,1X,1.2793,1.2219,,,,,0.00045363147677304137,33,0.01937647318466673,0.01500513026675418,betfair_ex_uk,33,0.0574,2.39,0.9,La Liga 2,Doble Chance,7.8778,betfair_ex_uk:1.2793; betfair_ex_eu:1.2793; betfair_ex_au:1.2752; smarkets:1.2687; pinnacle:1.258; unibet:1.253; unibet_se:1.253; unibet_nl:1.253; draftkings:1.2458; winamax_de:1.2271; betway:1.223; nordicbet:1.2205; betsson:1.2205; marathonbet:1.2205; casumo:1.2193; grosvenor:1.2193; tabtouch:1.2193; leovegas_se:1.2155; virginbet:1.2155; leovegas:1.2117; fanduel:1.2117; codere_it:1.2098; pointsbetau:1.2098; betmgm:1.2098; bovada:1.2039; williamhill:1.203; coral:1.1961; ladbrokes_uk:1.1961; tipico_de:1.1936; winamax_fr:1.183; skybet:1.1818; betclic_fr:1.1787; paddypower:1.1664
Las Palmas vs Córdoba,2026-01-24 12:30:00,X2,1.9648,1.7752,,,,,0.0004176395996816507,33,0.023919259557932164,0.018121330229580818,betfair_ex_uk,33,0.1896,4.47,0.9,La Liga 2,Doble Chance,7.8778,betfair_ex_uk:1.9648; betfair_ex_eu:1.9648; betfair_ex_au:1.9648; smarkets:1.9295; pinnacle:1.881; draftkings:1.8195; tipico_de:1.8082; marathonbet:1.8039; betway:1.7944; pointsbetau:1.7875; winamax_de:1.7832; fanduel:1.7778; williamhill:1.7727; nordicbet:1.7694; betsson:1.7694; bovada:1.7577; unibet:1.7553; unibet_se:1.7553; unibet_nl:1.7553; betmgm:1.7443; codere_it:1.7331; betclic_fr:1.7276; casumo:1.7159; leovegas_se:1.7159; grosvenor:1.7159; tabtouch:1.7159; paddypower:1.7072; leovegas:1.7051; virginbet:1.7051; skybet:1.6971; winamax_fr:1.6967; coral:1.6941; ladbrokes_uk:1.6941
Burnley vs Tottenham Hotspur,2026-01-24 10:00:00,X2,1.3125,1.2683,,,,,0.0001812707031079697,38,0.012958972142127734,0.010744463347872017,betfair_ex_eu,38,0.0442,1.65,0.58,EPL,Doble Chance,7.7931,betfair_ex_eu:1.3125; betfair_ex_au:1.3125; betfair_ex_uk:1.3047; smarkets:1.2976; unibet_nl:1.2905; unibet_se:1.2905; bovada:1.2898; nordicbet:1.2859; betsson:1.2859; pointsbetau:1.2833; marathonbet:1.2817; pinnacle:1.2817; leovegas:1.2794; leovegas_se:1.2756; mybookieag:1.2722; codere_it:1.2718; unibet_uk:1.2718; draftkings:1.2718; betmgm:1.2645; coral:1.2645; ladbrokes_uk:1.2645; casumo:1.2607; tabtouch:1.2607; unibet:1.2607; grosvenor:1.2607; betway:1.2593; winamax_de:1.2593; betvictor:1.2593; williamhill:1.2571; fanduel:1.2453; skybet:1.2453; tab:1.2453; betclic_fr:1.2451; paddypower:1.2381; sport888:1.2381; virginbet:1.2381; winamax_fr:1.2375; tipico_de:1.2336
Olympiakos Piraeus vs Volos FC,2026-01-24 10:00:00,1X,1.04,1.0201,,,,,0.0018388769281318968,10,0.013629322843388874,0.012324872616872984,betfair_ex_uk,10,0.0199,1.4,0.92,Super League,Doble Chance,7.6413,betfair_ex_uk:1.04; betfair_ex_au:1.04; betfair_ex_eu:1.04; smarkets:1.0251; betmgm:1.0189; pinnacle:1.0108; draftkings:1.0098; unibet_uk:1.0059; nordicbet:1.0055; betsson:1.0055
Olympiakos Piraeus vs Volos FC,2026-01-24 10:00:00,X2,5.6875,5.0678,,,,,0.00041333903644027976,10,0.019089647808030522,0.01758767281161342,betfair_ex_uk,10,0.6197,9.64,0.92,Super League,Doble Chance,7.6413,betfair_ex_uk:5.6875; betfair_ex_au:5.6875; betfair_ex_eu:5.6875; smarkets:5.4015; pinnacle:5.1211; nordicbet:4.7719; betsson:4.7719; draftkings:4.6667; betmgm:4.443; unibet_uk:4.439
Modena vs Palermo,2026-01-24 11:15:00,1X,1.3464,1.2719,,,,,0.00044619444427790073,36,0.02049661358408663,0.016049921233024674,betfair_ex_au,36,0.0745,2.65,0.94,Serie B,Doble Chance,7.617,betfair_ex_au:1.3464; betfair_ex_eu:1.3464; betfair_ex_uk:1.3464; smarkets:1.3305; pinnacle:1.3083; codere_it:1.3037; draftkings:1.3019; unibet_uk:1.2948; sport888:1.2868; williamhill:1.2868; betvictor:1.286; pointsbetau:1.2857; betmgm:1.2857; bovada:1.2693; betsson:1.2692; nordicbet:1.2692; betway:1.2692; fanduel:1.267; marathonbet:1.2663; winamax_de:1.2611; tipico_de:1.2574; unibet:1.2558; casumo:1.2558; unibet_se:1.2558; unibet_nl:1.2558; tabtouch:1.2558; leovegas:1.2558; grosvenor:1.2558; coral:1.2454; ladbrokes_uk:1.2454; virginbet:1.2403; leovegas_se:1.2403; paddypower:1.232; winamax_fr:1.2267; betclic_fr:1.2233; skybet:1.2066
Modena vs Palermo,2026-01-24 11:15:00,X2,1.6971,1.5897,,,,,0.0002840054300959472,36,0.019187390537912786,0.013946102110930355,betfair_ex_au,36,0.1074,3.09,0.94,Serie B,Doble Chance,7.617,betfair_ex_au:1.6971; betfair_ex_eu:1.6971; betfair_ex_uk:1.6971; smarkets:1.6719; pinnacle:1.6607; codere_it:1.6439; unibet_uk:1.6188; winamax_de:1.6078; marathonbet:1.6031; unibet:1.5938; casumo:1.5938; unibet_se:1.5938; unibet_nl:1.5938; tabtouch:1.5938; leovegas:1.5938; grosvenor:1.5938; betsson:1.5938; nordicbet:1.5938; betmgm:1.5938; draftkings:1.5938; fanduel:1.5859; betvictor:1.5797; virginbet:1.5795; leovegas_se:1.5795; betway:1.5714; pointsbetau:1.5714; betclic_fr:1.552; tipico_de:1.5504; sport888:1.55; williamhill:1.55; winamax_fr:1.5464; paddypower:1.5355; bovada:1.5234; coral:1.513; ladbrokes_uk:1.513; skybet:1.5
Bristol City vs Sheffield Wednesday,2026-01-24 10:00:00,1X,1.0678,1.0272,,,,,0.0024338125815368886,28,0.01879572120567311,0.01585511724125857,betfair_ex_uk,28,0.0406,1.96,0.79,Championship,Doble Chance,7.1013,betfair_ex_uk:1.0678; betfair_ex_eu:1.0678; betfair_ex_au:1.0678; smarkets:1.0606; betmgm:1.0555; coral:1.0484; leovegas_se:1.0387; pinnacle:1.0351; ladbrokes_uk:1.0345; codere_it:1.0333; unibet_uk:1.0207; casumo:1.0207; grosvenor:1.0207; unibet_nl:1.0207; unibet:1.0207; unibet_se:1.0207; bovada:1.02; sport888:1.0139; williamhill:1.0139; tabtouch:1.0137; fanduel:1.013; tab:1.013; leovegas:1.0097; marathonbet:1.0093; winamax_de:1.0069; betway:1.0065; tipico_de:1.0054; virginbet:1.0027
Bournemouth vs Liverpool,2026-01-24 12:30:00,1X,2.0488,1.9405,,,,,0.00013955317336606724,38,0.01390007503659374,0.010803374100960819,betfair_ex_au,38,0.1083,2.73,0.62,EPL,Doble Chance,7.0968,betfair_ex_au:2.0488; betfair_ex_uk:2.0488; betfair_ex_eu:2.0488; smarkets:2.0488; unibet_nl:2.0; pinnacle:1.9947; marathonbet:1.9935; unibet_se:1.9874; leovegas:1.9624; leovegas_se:1.9624; winamax_de:1.9618; draftkings:1.95; nordicbet:1.9497; betsson:1.9497; unibet_uk:1.9487; fanduel:1.9487; tipico_de:1.9487; betvictor:1.9487; betclic_fr:1.944; tabtouch:1.9374; grosvenor:1.9374; unibet:1.9374; casumo:1.9374; codere_it:1.9368; winamax_fr:1.9118; skybet:1.9; virginbet:1.9; pointsbetau:1.9; coral:1.8987; bovada:1.8987; betway:1.8947; paddypower:1.8874; mybookieag:1.8868; williamhill:1.8747; tab:1.8747; betmgm:1.872; ladbrokes_uk:1.872; sport888:1.8367
Bournemouth vs Liverpool,2026-01-24 12:30:00,X2,1.3019,1.2659,,,,,0.00019452244067281397,38,0.013353810145748584,0.011606121842444172,betfair_ex_au,38,0.036,1.69,0.62,EPL,Doble Chance,7.0968,betfair_ex_au:1.3019; betfair_ex_uk:1.3019; betfair_ex_eu:1.3019; smarkets:1.3019; marathonbet:1.2937; unibet_nl:1.2835; unibet_se:1.2835; nordicbet:1.2829; betsson:1.2829; coral:1.2821; betmgm:1.2821; ladbrokes_uk:1.2821; betway:1.2789; unibet_uk:1.2789; pinnacle:1.2773; leovegas:1.2738; leovegas_se:1.2738; bovada:1.2731; codere_it:1.2692; betvictor:1.265; draftkings:1.264; winamax_de:1.2603; tabtouch:1.2548; grosvenor:1.2548; unibet:1.2548; casumo:1.2548; betclic_fr:1.2536; pointsbetau:1.2533; mybookieag:1.2496; williamhill:1.2442; tab:1.2442; winamax_fr:1.2409; sport888:1.2388; fanduel:1.2352; skybet:1.2352; tipico_de:1.2352; virginbet:1.2306; paddypower:1.2298
Blackpool vs Northampton Town,2026-01-24 10:00:00,1X,1.3296,1.2586,,,,,0.000421488705676312,33,0.01970223385650027,0.014578933150086371,betfair_ex_eu,33,0.071,2.53,0.85,League 1,Doble Chance,7.0588,betfair_ex_eu:1.3296; betfair_ex_au:1.3296; betfair_ex_uk:1.3296; smarkets:1.315; pinnacle:1.3019; skybet:1.277; codere_it:1.275; draftkings:1.2727; leovegas:1.2718; unibet_uk:1.2718; betvictor:1.2593; betsson:1.258; nordicbet:1.258; unibet:1.253; tabtouch:1.253; grosvenor:1.253; unibet_se:1.253; unibet_nl:1.253; casumo:1.253; paddypower:1.2523; coral:1.2523; betmgm:1.2523; marathonbet:1.2404; betway:1.2393; tab:1.2393; leovegas_se:1.2381; pointsbetau:1.2381; tipico_de:1.2311; sport888:1.2257; williamhill:1.2257; virginbet:1.2193; ladbrokes_uk:1.2098; bovada:1.2042
Blackpool vs Northampton Town,2026-01-24 10:00:00,X2,1.9118,1.7691,,,,,0.000270500030010728,33,0.019228066911139347,0.015405947967220519,betfair_ex_eu,33,0.1427,3.52,0.85,League 1,Doble Chance,7.0588,betfair_ex_eu:1.9118; betfair_ex_au:1.9118; betfair_ex_uk:1.9118; smarkets:1.8868; pinnacle:1.8274; skybet:1.8247; coral:1.8103; paddypower:1.7986; betmgm:1.7986; marathonbet:1.7942; betvictor:1.7832; bovada:1.7804; tipico_de:1.7718; draftkings:1.7624; leovegas:1.7582; betsson:1.7496; nordicbet:1.7496; codere_it:1.7486; unibet_uk:1.7353; unibet:1.7331; tabtouch:1.7331; grosvenor:1.7331; unibet_se:1.7331; unibet_nl:1.7331; casumo:1.7331; pointsbetau:1.7302; betway:1.7246; tab:1.7246; leovegas_se:1.708; sport888:1.6985; williamhill:1.6985; ladbrokes_uk:1.6985; virginbet:1.683
Queens Park Rangers vs Wrexham AFC,2026-01-24 10:00:00,1X,1.4377,1.362,,,,,0.000282329160981431,35,0.01752847075005229,0.013623628711573318,smarkets,35,0.0757,2.42,0.81,Championship,Doble Chance,6.7407,smarkets:1.4377; betfair_ex_au:1.4307; betfair_ex_eu:1.4307; betfair_ex_uk:1.4223; pinnacle:1.3931; leovegas_se:1.3876; ladbrokes_uk:1.3794; coral:1.3794; codere_it:1.3772; betsson:1.3759; nordicbet:1.3759; unibet_uk:1.3739; betmgm:1.3726; draftkings:1.3726; grosvenor:1.3622; casumo:1.3622; unibet_nl:1.3622; unibet:1.3622; unibet_se:1.3622; fanduel:1.3554; tabtouch:1.3527; paddypower:1.3468; skybet:1.3468; leovegas:1.3464; marathonbet:1.3449; betway:1.3382; bovada:1.3382; tab:1.3382; virginbet:1.3367; winamax_de:1.3295; winamax_fr:1.3211; sport888:1.3204; williamhill:1.3204; betclic_fr:1.3091; tipico_de:1.3037
Aberdeen vs Livingston,2026-01-24 10:00:00,1X,1.2496,1.1877,,,,,0.0006639631403279084,32,0.022228473287936788,0.018789162418917524,betfair_ex_eu,32,0.0619,2.67,0.86,Premiership,Doble Chance,6.6163,betfair_ex_eu:1.2496; betfair_ex_uk:1.2496; betfair_ex_au:1.2496; smarkets:1.245; pinnacle:1.2219; draftkings:1.2162; coral:1.2109; ladbrokes_uk:1.2109; nordicbet:1.2018; betsson:1.2018; betway:1.2; skybet:1.1982; pointsbetau:1.1973; betmgm:1.1973; unibet_uk:1.1911; marathonbet:1.1881; paddypower:1.1776; fanduel:1.1695; unibet_se:1.1695; leovegas:1.1695; unibet_nl:1.1695; unibet:1.1695; sport888:1.1667; williamhill:1.1667; bovada:1.1645; tipico_de:1.1639; codere_it:1.1622; casumo:1.1505; grosvenor:1.1505; tabtouch:1.1505; leovegas_se:1.1458; virginbet:1.1314
Newport County vs Chesterfield FC,2026-01-24 10:00:00,1X,2.0222,1.8555,,,,,0.0003549949566464472,32,0.02212164447495844,0.018042820995185664,betfair_ex_eu,32,0.1667,4.22,1.0,League 2,Doble Chance,6.18,betfair_ex_eu:2.0222; betfair_ex_uk:2.0222; betfair_ex_au:2.0222; smarkets:1.9855; pinnacle:1.9611; betvictor:1.9169; draftkings:1.8987; paddypower:1.8947; skybet:1.8874; marathonbet:1.8874; unibet_uk:1.872; tipico_de:1.872; coral:1.872; ladbrokes_uk:1.872; betsson:1.85; nordicbet:1.85; betway:1.8367; bovada:1.8354; sport888:1.8219; williamhill:1.8219; betmgm:1.8219; pointsbetau:1.8164; codere_it:1.7969; unibet:1.7736; casumo:1.7736; tabtouch:1.7736; leovegas_se:1.7736; leovegas:1.7736; unibet_nl:1.7736; unibet_se:1.7736; grosvenor:1.7736; virginbet:1.7486
Newport County vs Chesterfield FC,2026-01-24 10:00:00,X2,1.2955,1.2345,,,,,0.0003095545920943804,32,0.016488932547463763,0.011280465996828946,betfair_ex_eu,32,0.061,2.08,1.0,League 2,Doble Chance,6.18,betfair_ex_eu:1.2955; betfair_ex_uk:1.2955; betfair_ex_au:1.2955; smarkets:1.2856; coral:1.2479; ladbrokes_uk:1.2479; pinnacle:1.2464; draftkings:1.2422; unibet_uk:1.235; unibet:1.2335; casumo:1.2335; tabtouch:1.2335; leovegas_se:1.2335; leovegas:1.2335; unibet_nl:1.2335; unibet_se:1.2335; grosvenor:1.2335; betsson:1.2333; nordicbet:1.2333; betway:1.2298; skybet:1.2298; paddypower:1.222; betmgm:1.2188; virginbet:1.2147; marathonbet:1.2133; betvictor:1.2133; sport888:1.2103; williamhill:1.2103; bovada:1.2075; pointsbetau:1.2065; codere_it:1.2; tipico_de:1.2
Salford City vs Bristol Rovers,2026-01-24 10:00:00,1X,1.2286,1.18,,,,,0.00037067923187042386,32,0.016480163859986557,0.014012741646093008,betfair_ex_eu,32,0.0486,1.97,1.0,League 2,Doble Chance,6.13,betfair_ex_eu:1.2286; betfair_ex_uk:1.2286; betfair_ex_au:1.2286; pinnacle:1.2189; smarkets:1.2028; unibet_uk:1.1984; coral:1.1984; draftkings:1.1979; betsson:1.1959; nordicbet:1.1959; ladbrokes_uk:1.1888; betvictor:1.1888; bovada:1.1835; betmgm:1.1793; skybet:1.1781; paddypower:1.1745; betway:1.1697; pointsbetau:1.1695; codere_it:1.1691; marathonbet:1.1664; unibet:1.1602; leovegas:1.1602; casumo:1.1602; unibet_se:1.1602; grosvenor:1.1602; tabtouch:1.1602; unibet_nl:1.1602; leovegas_se:1.1602; sport888:1.1601; williamhill:1.1601; tipico_de:1.1505; virginbet:1.1459
Salford City vs Bristol Rovers,2026-01-24 10:00:00,X2,2.333,2.0798,,,,,0.00035336016628002284,32,0.02207496792020168,0.01671186555273967,betfair_ex_eu,32,0.2532,4.84,1.0,League 2,Doble Chance,6.13,betfair_ex_eu:2.333; betfair_ex_uk:2.333; betfair_ex_au:2.333; smarkets:2.2222; betsson:2.1474; nordicbet:2.1474; skybet:2.1176; draftkings:2.1176; marathonbet:2.112; coral:2.1106; pinnacle:2.1027; tipico_de:2.081; unibet_uk:2.0675; paddypower:2.0602; betmgm:2.0602; ladbrokes_uk:2.0602; betvictor:2.0602; unibet:2.0245; leovegas:2.0245; casumo:2.0245; unibet_se:2.0245; grosvenor:2.0245; tabtouch:2.0245; unibet_nl:2.0245; leovegas_se:2.0245; sport888:2.0239; williamhill:2.0239; virginbet:2.0099; betway:1.9811; pointsbetau:1.978; bovada:1.9449; codere_it:1.931
Sevilla vs Athletic Bilbao,2026-01-24 12:30:00,1X,1.5374,1.4722,,,,,0.00013412910951549585,34,0.012747625840875373,0.009980764297109819,betfair_ex_eu,34,0.0652,1.89,0.76,La Liga,Doble Chance,5.9868,betfair_ex_eu:1.5374; betfair_ex_uk:1.5246; betfair_ex_au:1.5246; smarkets:1.5124; pinnacle:1.5099; marathonbet:1.5023; unibet_se:1.4983; unibet_nl:1.4983; draftkings:1.4866; bovada:1.4813; betclic_fr:1.4794; nordicbet:1.4748; betsson:1.4748; codere_it:1.4746; winamax_de:1.4733; unibet_uk:1.4694; ladbrokes_uk:1.4668; coral:1.4668; tipico_de:1.4624; fanduel:1.4615; casumo:1.4615; leovegas_se:1.4615; tabtouch:1.4615; grosvenor:1.4615; unibet:1.4615; betmgm:1.4615; williamhill:1.45; skybet:1.4483; betway:1.4483; winamax_fr:1.4365; leovegas:1.4365; virginbet:1.4365; paddypower:1.4246; tab:1.4246
Wycombe Wanderers vs Peterborough United,2026-01-24 10:00:00,1X,1.315,1.2604,,,,,0.0003212562003248276,33,0.017086516624638167,0.014393639731966508,betfair_ex_eu,33,0.0546,2.16,1.05,League 1,Doble Chance,5.6095,betfair_ex_eu:1.315; betfair_ex_au:1.3066; betfair_ex_uk:1.3066; smarkets:1.292; bovada:1.2908; unibet_uk:1.2857; draftkings:1.2857; coral:1.2857; ladbrokes_uk:1.2857; pinnacle:1.2835; leovegas:1.282; betmgm:1.2727; betvictor:1.2727; unibet:1.2593; tabtouch:1.2593; grosvenor:1.2593; casumo:1.2593; unibet_nl:1.2593; unibet_se:1.2593; leovegas_se:1.2523; skybet:1.2479; marathonbet:1.243; codere_it:1.2417; betway:1.2393; pointsbetau:1.2393; betsson:1.2335; nordicbet:1.2335; virginbet:1.2297; sport888:1.2257; williamhill:1.2257; paddypower:1.223; tipico_de:1.2189; tab:1.2187
Wycombe Wanderers vs Peterborough United,2026-01-24 10:00:00,X2,1.9221,1.7741,,,,,0.0003126723572429338,33,0.02066304445757705,0.015630312208295267,betfair_ex_eu,33,0.148,3.76,1.05,League 1,Doble Chance,5.6095,betfair_ex_eu:1.9221; betfair_ex_au:1.9221; betfair_ex_uk:1.9221; smarkets:1.9085; pinnacle:1.8388; skybet:1.8367; draftkings:1.8; marathonbet:1.7973; paddypower:1.7944; tipico_de:1.7944; betsson:1.7853; nordicbet:1.7853; unibet_uk:1.7746; coral:1.7746; ladbrokes_uk:1.7746; betvictor:1.7746; leovegas:1.7736; betmgm:1.75; pointsbetau:1.7486; unibet:1.7367; tabtouch:1.7367; grosvenor:1.7367; casumo:1.7367; unibet_nl:1.7367; unibet_se:1.7367; betway:1.7246; leovegas_se:1.7236; sport888:1.7217; williamhill:1.7217; codere_it:1.7124; tab:1.708; virginbet:1.6985; bovada:1.6366
Hull City vs Swansea City,2026-01-24 10:00:00,1X,1.3728,1.3228,,,,,0.00023428787399718592,35,0.015485636973536547,0.013216215710134066,betfair_ex_uk,35,0.05,2.06,1.01,Championship,Doble Chance,5.2277,betfair_ex_uk:1.3728; betfair_ex_eu:1.3719; betfair_ex_au:1.3719; leovegas_se:1.3638; pinnacle:1.3585; smarkets:1.3567; unibet_uk:1.3468; codere_it:1.3468; betsson:1.3404; nordicbet:1.3404; coral:1.3378; draftkings:1.3378; grosvenor:1.3294; casumo:1.3294; unibet_nl:1.3294; unibet_se:1.3294; unibet:1.3294; tabtouch:1.3227; betmgm:1.32; leovegas:1.3138; ladbrokes_uk:1.3119; fanduel:1.3037; paddypower:1.3037; skybet:1.3037; winamax_de:1.3037; marathonbet:1.3037; betway:1.3037; tab:1.3037; bovada:1.3012; virginbet:1.2948; sport888:1.2868; williamhill:1.2868; tipico_de:1.286; betclic_fr:1.2778; winamax_fr:1.2778
Hull City vs Swansea City,2026-01-24 10:00:00,X2,1.7496,1.6229,,,,,0.0002521531086442718,35,0.018239846687053488,0.013980511786769746,betfair_ex_uk,35,0.1267,3.05,1.01,Championship,Doble Chance,5.2277,betfair_ex_uk:1.7496; betfair_ex_eu:1.7367; betfair_ex_au:1.7367; smarkets:1.7117; pinnacle:1.675; betsson:1.6546; nordicbet:1.6546; coral:1.65; draftkings:1.65; betmgm:1.6374; leovegas_se:1.6374; codere_it:1.625; ladbrokes_uk:1.625; fanduel:1.6246; paddypower:1.6246; skybet:1.6246; tipico_de:1.6246; marathonbet:1.6198; unibet_uk:1.6124; betway:1.6; tab:1.6; bovada:1.5996; winamax_de:1.5874; grosvenor:1.5874; casumo:1.5874; unibet_nl:1.5874; tabtouch:1.5874; unibet_se:1.5874; unibet:1.5874; sport888:1.5866; williamhill:1.5866; leovegas:1.5746; betclic_fr:1.57; winamax_fr:1.5496; virginbet:1.5496
Moreirense FC vs Santa Clara,2026-01-24 10:30:00,1X,1.4899,1.4115,,,,,0.0002847108797096376,35,0.018134536790549827,0.01446391376803146,betfair_ex_au,35,0.0784,2.6,1.13,Primeira Liga,Doble Chance,4.9646,betfair_ex_au:1.4899; betfair_ex_eu:1.4899; betfair_ex_uk:1.4899; smarkets:1.4799; pinnacle:1.4574; coral:1.45; ladbrokes_uk:1.4425; betmgm:1.4374; draftkings:1.4374; skybet:1.4246; unibet_uk:1.4197; betclic_fr:1.4194; betsson:1.4146; nordicbet:1.4146; fanduel:1.4124; pointsbetau:1.4124; winamax_de:1.4115; bovada:1.4041; marathonbet:1.4; paddypower:1.4; winamax_fr:1.3982; grosvenor:1.3935; casumo:1.3935; tipico_de:1.3874; betway:1.3874; sport888:1.3874; williamhill:1.3874; tabtouch:1.3865; betvictor:1.3745; unibet:1.3732; unibet_se:1.3732; unibet_nl:1.3732; leovegas_se:1.3615; leovegas:1.3615; virginbet:1.3562
Moreirense FC vs Santa Clara,2026-01-24 10:30:00,X2,1.475,1.4097,,,,,0.0001955222857330833,35,0.015010469704411897,0.0122885481528561,betfair_ex_au,35,0.0653,2.15,1.13,Primeira Liga,Doble Chance,4.9646,betfair_ex_au:1.475; betfair_ex_eu:1.475; betfair_ex_uk:1.475; smarkets:1.465; pinnacle:1.4425; grosvenor:1.44; casumo:1.44; bovada:1.4325; unibet:1.425; unibet_se:1.425; unibet_nl:1.425; tabtouch:1.425; skybet:1.4115; draftkings:1.4115; leovegas_se:1.4; virginbet:1.4; leovegas:1.4; unibet_uk:1.4; fanduel:1.4; paddypower:1.4; tipico_de:1.3996; ladbrokes_uk:1.3982; coral:1.3982; marathonbet:1.395; betsson:1.39; nordicbet:1.39; pointsbetau:1.3874; betclic_fr:1.3847; winamax_de:1.3847; winamax_fr:1.3847; betmgm:1.3847; betway:1.375; betvictor:1.3745; sport888:1.3624; williamhill:1.3624
Valencia vs Espanyol,2026-01-24 10:15:00,1X,1.4066,1.357,,,,,0.00020053078216530776,33,0.014689213018554385,0.011926511333884327,betfair_ex_uk,33,0.0496,2.0,0.94,La Liga,Doble Chance,4.766,betfair_ex_uk:1.4066; betfair_ex_eu:1.4066; betfair_ex_au:1.4066; smarkets:1.4002; unibet_se:1.3876; unibet_nl:1.3876; bovada:1.3871; pinnacle:1.3835; marathonbet:1.3784; coral:1.3685; betmgm:1.3685; winamax_de:1.3622; codere_it:1.3622; betsson:1.3557; nordicbet:1.3557; tipico_de:1.355; draftkings:1.3527; betway:1.3527; ladbrokes_uk:1.3527; betclic_fr:1.3464; unibet:1.3431; grosvenor:1.3431; casumo:1.3431; leovegas_se:1.3431; tabtouch:1.3431; fanduel:1.3367; winamax_fr:1.3273; williamhill:1.3271; virginbet:1.3271; leovegas:1.3271; skybet:1.3204; tab:1.3204; paddypower:1.3019
Valencia vs Espanyol,2026-01-24 10:15:00,X2,1.6496,1.5691,,,,,0.0001853656367502662,33,0.015459250114198528,0.012712646831219875,betfair_ex_uk,33,0.0805,2.47,0.94,La Liga,Doble Chance,4.766,betfair_ex_uk:1.6496; betfair_ex_eu:1.6496; betfair_ex_au:1.6496; smarkets:1.6374; pinnacle:1.6299; marathonbet:1.6199; unibet_nl:1.5996; betsson:1.5874; nordicbet:1.5874; unibet_se:1.5874; winamax_de:1.575; tipico_de:1.5746; fanduel:1.5746; betclic_fr:1.5624; draftkings:1.5624; codere_it:1.5624; bovada:1.56; betway:1.55; skybet:1.55; tab:1.55; ladbrokes_uk:1.55; coral:1.55; betmgm:1.55; unibet:1.5374; grosvenor:1.5374; casumo:1.5374; leovegas_se:1.5374; tabtouch:1.5374; winamax_fr:1.525; paddypower:1.5246; williamhill:1.5246; virginbet:1.5246; leovegas:1.5246
Union Berlin vs Borussia Dortmund,2026-01-24 12:30:00,X2,1.3895,1.3273,,,,,0.0003091269733058894,36,0.017904806517636866,0.015002476108144687,betfair_ex_uk,36,0.0622,2.4,0.96,Bundesliga,Doble Chance,4.7604,betfair_ex_uk:1.3895; betfair_ex_eu:1.3895; betfair_ex_au:1.3895; smarkets:1.3805; pinnacle:1.3775; marathonbet:1.3672; tipico_de:1.3554; winamax_de:1.3468; betsson:1.3449; nordicbet:1.3449; codere_it:1.3416; unibet_uk:1.3382; pointsbetau:1.3382; betway:1.3382; unibet_nl:1.3378; ladbrokes_uk:1.3295; coral:1.3295; betmgm:1.3295; betclic_fr:1.3225; unibet_se:1.3225; skybet:1.3211; fanduel:1.3204; paddypower:1.3037; draftkings:1.3037; tab:1.3037; grosvenor:1.2967; leovegas_se:1.2967; tabtouch:1.2967; casumo:1.2967; unibet:1.2967; winamax_fr:1.2953; bovada:1.2937; virginbet:1.2884; sport888:1.2868; williamhill:1.2868; leovegas:1.2814
Stevenage vs Mansfield Town,2026-01-24 10:00:00,1X,1.3844,1.3076,,,,,0.0003435217851791868,33,0.018721259314807653,0.014913054926147945,betfair_ex_uk,33,0.0768,2.51,1.22,League 1,Doble Chance,4.7131,betfair_ex_uk:1.3844; betfair_ex_eu:1.3844; betfair_ex_au:1.3844; smarkets:1.3622; pinnacle:1.3459; coral:1.3295; ladbrokes_uk:1.3295; draftkings:1.3294; unibet_uk:1.3211; betmgm:1.3211; skybet:1.3204; betvictor:1.3073; marathonbet:1.3071; leovegas:1.3048; betsson:1.3047; nordicbet:1.3047; paddypower:1.3019; tipico_de:1.2924; pointsbetau:1.2857; sport888:1.2857; williamhill:1.2857; betway:1.2857; tab:1.2857; unibet:1.2824; unibet_nl:1.2824; unibet_se:1.2824; casumo:1.2824; tabtouch:1.2824; grosvenor:1.2824; codere_it:1.2799; bovada:1.2778; leovegas_se:1.2752; virginbet:1.26
Club Brugge vs SV Zulte-Waregem,2026-01-24 12:15:00,1X,1.1277,1.0873,,,,,0.0009758613201552852,32,0.01942313556558708,0.015664120674870895,betfair_ex_uk,32,0.0404,2.11,1.18,Belgium First Div,Doble Chance,4.7119,betfair_ex_uk:1.1277; betfair_ex_eu:1.1277; betfair_ex_au:1.1277; pinnacle:1.1206; smarkets:1.1168; coral:1.1077; ladbrokes_uk:1.1077; draftkings:1.1059; betmgm:1.1018; bovada:1.0998; unibet_nl:1.0949; unibet_se:1.0949; unibet_uk:1.0932; leovegas:1.0889; casumo:1.0889; grosvenor:1.0889; tipico_de:1.0843; marathonbet:1.0839; winamax_de:1.0828; nordicbet:1.0804; betsson:1.0804; sport888:1.0733; williamhill:1.0733; unibet:1.0718; tabtouch:1.0718; skybet:1.0692; pointsbetau:1.0678; betclic_fr:1.0668; leovegas_se:1.0573; winamax_fr:1.0497; virginbet:1.0488; paddypower:1.0391
Club Brugge vs SV Zulte-Waregem,2026-01-24 12:15:00,X2,3.1515,2.8419,,,,,0.0002483138857889716,32,0.01768809659219577,0.013291958118971714,betfair_ex_uk,32,0.3096,5.12,1.18,Belgium First Div,Doble Chance,4.7119,betfair_ex_uk:3.1515; betfair_ex_eu:3.1515; betfair_ex_au:3.1515; smarkets:3.1145; pinnacle:2.9643; tipico_de:2.9277; nordicbet:2.8979; betsson:2.8979; leovegas:2.8824; unibet_nl:2.8824; unibet_se:2.8824; casumo:2.8824; grosvenor:2.8824; unibet:2.8475; tabtouch:2.8475; leovegas_se:2.8298; skybet:2.8261; draftkings:2.8261; betmgm:2.8052; marathonbet:2.7965; bovada:2.7778; virginbet:2.7707; coral:2.7611; ladbrokes_uk:2.7611; winamax_de:2.7466; paddypower:2.7444; unibet_uk:2.7444; pointsbetau:2.7391; betclic_fr:2.6546; sport888:2.6038; williamhill:2.6038; winamax_fr:2.5848
Aberdeen vs Livingston,2026-01-24 10:00:00,X2,2.1364,2.025,,,,,0.00021413797156842729,32,0.017222866014715798,0.014704183545435224,smarkets,32,0.1114,3.47,1.16,Premiership,Doble Chance,4.6466,smarkets:2.1364; betfair_ex_eu:2.1364; betfair_ex_uk:2.1364; betfair_ex_au:2.1364; pinnacle:2.0917; unibet_se:2.0894; leovegas:2.0894; unibet_nl:2.0894; unibet:2.0894; casumo:2.064; grosvenor:2.064; tabtouch:2.064; skybet:2.0602; leovegas_se:2.0545; fanduel:2.0305; pointsbetau:2.0305; virginbet:2.0195; bovada:2.0052; draftkings:2.0031; paddypower:2.0; marathonbet:1.9951; coral:1.9951; tipico_de:1.98; betmgm:1.9671; ladbrokes_uk:1.9671; nordicbet:1.9561; betsson:1.9561; unibet_uk:1.949; betway:1.9385; sport888:1.9091; williamhill:1.9091; codere_it:1.8882
Motherwell vs Kilmarnock,2026-01-24 10:00:00,1X,1.1407,1.0947,,,,,0.0008548024350873554,32,0.019393891096739158,0.015292149733774886,smarkets,32,0.046,2.14,1.18,Premiership,Doble Chance,4.6356,smarkets:1.1407; betfair_ex_eu:1.1393; betfair_ex_uk:1.1393; betfair_ex_au:1.1393; coral:1.1305; pinnacle:1.1176; betway:1.1067; betmgm:1.1053; ladbrokes_uk:1.1053; draftkings:1.1053; unibet_uk:1.1053; nordicbet:1.0964; betsson:1.0964; williamhill:1.0909; sport888:1.0909; pointsbetau:1.0909; marathonbet:1.0875; unibet:1.0875; leovegas:1.0875; unibet_se:1.0875; unibet_nl:1.0875; casumo:1.082; grosvenor:1.082; tabtouch:1.082; skybet:1.0806; bovada:1.08; fanduel:1.0779; codere_it:1.075; tipico_de:1.0612; paddypower:1.0588; leovegas_se:1.0588; virginbet:1.0553
Motherwell vs Kilmarnock,2026-01-24 10:00:00,X2,2.7593,2.5417,,,,,0.00016102633424565604,32,0.014580793271936912,0.010966247590718965,smarkets,32,0.2176,3.76,1.18,Premiership,Doble Chance,4.6356,smarkets:2.7593; betfair_ex_eu:2.7197; betfair_ex_uk:2.7197; betfair_ex_au:2.7197; pinnacle:2.6535; fanduel:2.625; skybet:2.5988; tipico_de:2.5964; draftkings:2.5514; unibet:2.5507; casumo:2.5507; grosvenor:2.5507; tabtouch:2.5507; leovegas:2.5507; unibet_se:2.5507; unibet_nl:2.5507; pointsbetau:2.5455; marathonbet:2.5216; nordicbet:2.5175; betsson:2.5175; coral:2.515; leovegas_se:2.5116; bovada:2.494; paddypower:2.4762; betmgm:2.4706; ladbrokes_uk:2.4706; unibet_uk:2.4706; virginbet:2.4569; williamhill:2.4; sport888:2.4; betway:2.4; codere_it:2.3673
Harrogate Town vs Gillingham,2026-01-24 10:00:00,1X,2.1716,1.9787,,,,,0.00045753916913488847,32,0.025159703104867395,0.020819883776374122,betfair_ex_eu,32,0.1929,5.04,1.3,League 2,Doble Chance,4.5308,betfair_ex_eu:2.1716; betfair_ex_uk:2.1716; betfair_ex_au:2.1716; smarkets:2.156; pinnacle:2.1049; skybet:2.0602; paddypower:2.0479; betvictor:2.0479; draftkings:2.0455; betsson:2.0202; nordicbet:2.0202; tipico_de:2.0061; unibet_uk:2.0; marathonbet:1.986; coral:1.98; ladbrokes_uk:1.98; betway:1.9657; pointsbetau:1.9367; betmgm:1.9355; codere_it:1.9142; sport888:1.9091; williamhill:1.9091; unibet:1.8941; leovegas:1.8941; casumo:1.8941; unibet_se:1.8941; grosvenor:1.8941; tabtouch:1.8941; unibet_nl:1.8941; leovegas_se:1.8941; virginbet:1.8587; bovada:1.7662
Harrogate Town vs Gillingham,2026-01-24 10:00:00,X2,1.2363,1.1841,,,,,0.00037687570012363706,32,0.01676007050422531,0.012289161333608162,betfair_ex_eu,32,0.0522,2.02,1.3,League 2,Doble Chance,4.5308,betfair_ex_eu:1.2363; betfair_ex_uk:1.2363; betfair_ex_au:1.2363; smarkets:1.2312; bovada:1.2098; coral:1.2; ladbrokes_uk:1.2; pinnacle:1.1915; unibet_uk:1.1911; draftkings:1.1885; unibet:1.1829; leovegas:1.1829; casumo:1.1829; unibet_se:1.1829; grosvenor:1.1829; tabtouch:1.1829; unibet_nl:1.1829; leovegas_se:1.1785; betmgm:1.1755; marathonbet:1.1751; skybet:1.1745; betsson:1.1742; nordicbet:1.1742; betway:1.1685; betvictor:1.1685; sport888:1.1667; williamhill:1.1667; virginbet:1.164; paddypower:1.1547; codere_it:1.1522; pointsbetau:1.151; tipico_de:1.1442
Sporting Gijón vs CD Mirandés,2026-01-24 12:30:00,1X,1.1787,1.1128,,,,,0.0010790911391020854,33,0.023883572267796613,0.018883308557359653,betfair_ex_uk,33,0.0659,2.72,1.51,La Liga 2,Doble Chance,4.4238,betfair_ex_uk:1.1787; betfair_ex_eu:1.1787; betfair_ex_au:1.1787; smarkets:1.1644; pinnacle:1.1545; draftkings:1.1505; betway:1.1314; fanduel:1.1218; marathonbet:1.1206; pointsbetau:1.1172; williamhill:1.1172; bovada:1.1172; unibet:1.117; unibet_nl:1.117; unibet_se:1.117; betsson:1.1124; nordicbet:1.1124; codere_it:1.1029; betmgm:1.1023; tipico_de:1.1023; coral:1.0932; ladbrokes_uk:1.0932; winamax_de:1.0929; grosvenor:1.0884; casumo:1.0884; tabtouch:1.0884; skybet:1.0838; paddypower:1.0838; leovegas:1.0835; leovegas_se:1.0835; virginbet:1.0835; betclic_fr:1.0768; winamax_fr:1.0694
Sporting Gijón vs CD Mirandés,2026-01-24 12:30:00,X2,2.3819,2.2014,,,,,0.00028735911078039874,33,0.019861197313242745,0.016506217854914657,betfair_ex_uk,33,0.1805,4.42,1.51,La Liga 2,Doble Chance,4.4238,betfair_ex_uk:2.3819; betfair_ex_eu:2.3819; betfair_ex_au:2.3819; smarkets:2.3636; pinnacle:2.3448; unibet:2.2887; unibet_nl:2.2887; unibet_se:2.2887; fanduel:2.2436; marathonbet:2.2343; grosvenor:2.2213; casumo:2.2213; leovegas:2.2213; leovegas_se:2.2213; tabtouch:2.2213; virginbet:2.2213; tipico_de:2.212; draftkings:2.2044; betmgm:2.1704; betsson:2.1615; nordicbet:2.1615; winamax_de:2.1446; bovada:2.1438; pointsbetau:2.1356; betclic_fr:2.1285; codere_it:2.1273; betway:2.093; williamhill:2.093; coral:2.093; ladbrokes_uk:2.093; skybet:2.0588; paddypower:2.0588; winamax_fr:2.0417
FC Lugano vs FC Winterthur,2026-01-24 12:00:00,1X,1.0874,1.0395,,,,,0.002026637086199455,33,0.01935616947733768,0.014368990953308562,betfair_ex_uk,33,0.0479,2.05,1.48,Swiss Superleague,Doble Chance,4.3176,betfair_ex_uk:1.0874; betfair_ex_eu:1.0874; betfair_ex_au:1.0874; smarkets:1.0815; draftkings:1.0603; betmgm:1.058; codere_it:1.0551; pinnacle:1.0519; unibet_uk:1.0449; tipico_de:1.0419; nordicbet:1.0383; betsson:1.0383; pointsbetau:1.0383; betway:1.0356; winamax_de:1.0352; marathonbet:1.0347; unibet:1.0317; unibet_se:1.0317; tabtouch:1.0317; virginbet:1.0317; casumo:1.0317; leovegas_se:1.0317; grosvenor:1.0317; unibet_nl:1.0317; leovegas:1.0317; sport888:1.0254; williamhill:1.0254; fanduel:1.0246; bovada:1.0226; ladbrokes_uk:1.0191; coral:1.0191; betclic_fr:1.0039; winamax_fr:1.0012
FC Lugano vs FC Winterthur,2026-01-24 12:00:00,X2,3.9763,3.3594,,,,,0.0004436208138000847,33,0.022482071745029104,0.017630777873554833,betfair_ex_uk,33,0.6169,8.08,1.48,Swiss Superleague,Doble Chance,4.3176,betfair_ex_uk:3.9763; betfair_ex_eu:3.9763; betfair_ex_au:3.9763; smarkets:3.8982; pinnacle:3.7116; tipico_de:3.527; draftkings:3.5085; fanduel:3.4826; codere_it:3.4521; marathonbet:3.4297; pointsbetau:3.4138; winamax_de:3.3759; nordicbet:3.3546; betsson:3.3546; bovada:3.3491; betmgm:3.3393; unibet_uk:3.3393; sport888:3.2759; williamhill:3.2759; betway:3.2455; winamax_fr:3.1515; unibet:3.1481; unibet_se:3.1481; tabtouch:3.1481; virginbet:3.1481; casumo:3.1481; leovegas_se:3.1481; grosvenor:3.1481; unibet_nl:3.1481; leovegas:3.1481; betclic_fr:3.1145; ladbrokes_uk:3.0; coral:3.0
Cambridge United vs Tranmere Rovers,2026-01-24 10:00:00,1X,1.1885,1.1463,,,,,0.0003682751730177935,32,0.015279550087698698,0.013091988927798445,betfair_ex_eu,32,0.0422,1.77,1.38,League 2,Doble Chance,4.2681,betfair_ex_eu:1.1885; betfair_ex_uk:1.1885; betfair_ex_au:1.1885; coral:1.1788; smarkets:1.1742; draftkings:1.165; ladbrokes_uk:1.1648; pinnacle:1.1592; bovada:1.1566; betsson:1.1554; nordicbet:1.1554; unibet_uk:1.1547; betmgm:1.1501; betvictor:1.1411; betway:1.1408; skybet:1.1358; unibet:1.1351; casumo:1.1351; tabtouch:1.1351; leovegas_se:1.1351; leovegas:1.1351; unibet_nl:1.1351; unibet_se:1.1351; grosvenor:1.1351; marathonbet:1.1306; sport888:1.1306; williamhill:1.1306; paddypower:1.1267; virginbet:1.1253; codere_it:1.1214; pointsbetau:1.1214; tipico_de:1.117
Cambridge United vs Tranmere Rovers,2026-01-24 10:00:00,X2,2.3497,2.108,,,,,0.00040539853722358117,32,0.02363481084516574,0.01936337239066037,betfair_ex_eu,32,0.2417,5.19,1.38,League 2,Doble Chance,4.2681,betfair_ex_eu:2.3497; betfair_ex_uk:2.3497; betfair_ex_au:2.3497; smarkets:2.3156; pinnacle:2.2167; paddypower:2.212; betvictor:2.1704; tipico_de:2.1618; skybet:2.1591; draftkings:2.1429; marathonbet:2.1327; coral:2.1264; betsson:2.1173; nordicbet:2.1173; unibet_uk:2.093; ladbrokes_uk:2.0894; pointsbetau:2.0588; betmgm:2.0571; betway:2.0479; unibet:2.0241; casumo:2.0241; tabtouch:2.0241; leovegas_se:2.0241; leovegas:2.0241; unibet_nl:2.0241; unibet_se:2.0241; grosvenor:2.0241; codere_it:2.0241; sport888:2.0241; williamhill:2.0241; virginbet:1.9896; bovada:1.9338
Walsall vs Accrington Stanley,2026-01-24 10:00:00,1X,1.2545,1.1977,,,,,0.00047636778215432037,32,0.019291648456205457,0.016724939024528748,betfair_ex_eu,32,0.0568,2.35,1.45,League 2,Doble Chance,4.0,betfair_ex_eu:1.2545; betfair_ex_uk:1.2545; betfair_ex_au:1.2545; smarkets:1.2417; draftkings:1.2325; unibet_uk:1.2257; coral:1.223; ladbrokes_uk:1.223; pinnacle:1.2204; betway:1.2098; betmgm:1.2098; betsson:1.2042; nordicbet:1.2042; marathonbet:1.1947; betvictor:1.1936; bovada:1.1918; codere_it:1.1882; sport888:1.1818; williamhill:1.1818; tipico_de:1.1772; skybet:1.1769; unibet:1.1734; tabtouch:1.1734; grosvenor:1.1734; leovegas_se:1.1734; unibet_nl:1.1734; unibet_se:1.1734; leovegas:1.1734; casumo:1.1734; virginbet:1.1655; paddypower:1.1647; pointsbetau:1.1642
Walsall vs Accrington Stanley,2026-01-24 10:00:00,X2,2.0037,1.8483,,,,,0.0003035747060620076,32,0.020454399612473816,0.015968336771001276,betfair_ex_eu,32,0.1554,3.89,1.45,League 2,Doble Chance,4.0,betfair_ex_eu:2.0037; betfair_ex_uk:2.0037; betfair_ex_au:2.0037; smarkets:1.9714; paddypower:1.9472; skybet:1.9367; pinnacle:1.8963; coral:1.8789; betvictor:1.8727; betsson:1.8537; nordicbet:1.8537; marathonbet:1.8506; tipico_de:1.848; draftkings:1.8436; ladbrokes_uk:1.8378; pointsbetau:1.8255; bovada:1.8231; unibet:1.8091; tabtouch:1.8091; grosvenor:1.8091; leovegas_se:1.8091; unibet_nl:1.8091; unibet_se:1.8091; leovegas:1.8091; casumo:1.8091; unibet_uk:1.8082; betmgm:1.8082; virginbet:1.8; codere_it:1.7577; betway:1.7553; sport888:1.7465; williamhill:1.7465
Asteras Tripolis vs AEK Athens,2026-01-24 12:30:00,1X,3.1059,2.7247,,,,,0.0006089860572797593,33,0.0280005405068474,0.02351253817671383,betfair_ex_au,33,0.3812,7.67,1.64,Super League,Doble Chance,4.0,betfair_ex_au:3.1059; betfair_ex_uk:3.1059; betfair_ex_eu:3.1059; smarkets:3.0806; pinnacle:2.997; fanduel:2.9206; draftkings:2.9206; nordicbet:2.8935; betsson:2.8935; tipico_de:2.8131; winamax_de:2.8125; unibet_uk:2.8125; betmgm:2.7759; paddypower:2.7451; sport888:2.7451; williamhill:2.7451; codere_it:2.7197; betclic_fr:2.6991; betway:2.6752; winamax_fr:2.625; coral:2.5988; ladbrokes_uk:2.5988; unibet:2.5455; unibet_se:2.5455; tabtouch:2.5455; unibet_nl:2.5455; leovegas:2.5455; grosvenor:2.5455; casumo:2.5455; leovegas_se:2.4918; virginbet:2.4718; skybet:2.439; bovada:2.306
Asteras Tripolis vs AEK Athens,2026-01-24 12:30:00,X2,1.1077,1.0607,,,,,0.0017068010748750402,32,0.021392769589463553,0.016071729566538122,betfair_ex_au,32,0.047,2.28,1.64,Super League,Doble Chance,4.0,betfair_ex_au:1.1077; betfair_ex_uk:1.1077; betfair_ex_eu:1.1077; smarkets:1.1018; bovada:1.0949; pinnacle:1.0857; nordicbet:1.0733; betsson:1.0733; betmgm:1.0733; unibet_uk:1.0678; draftkings:1.0674; unibet:1.0588; sport888:1.0579; williamhill:1.0579; coral:1.0579; ladbrokes_uk:1.0579; fanduel:1.0556; unibet_se:1.0534; tabtouch:1.0534; unibet_nl:1.0534; leovegas:1.0534; grosvenor:1.0534; casumo:1.0534; winamax_de:1.0503; leovegas_se:1.0499; betway:1.0465; tipico_de:1.0447; codere_it:1.039; virginbet:1.0356; paddypower:1.0175; winamax_fr:1.0159; betclic_fr:1.0158
RAAL La Louvière vs Sint Truiden,2026-01-24 10:00:00,X2,1.5756,1.4851,,,,,0.0004358201759994216,32,0.02290970381527743,0.017403265881147566,betfair_ex_au,32,0.0905,3.37,1.35,Belgium First Div,Doble Chance,3.9926,betfair_ex_au:1.5756; betfair_ex_eu:1.5756; betfair_ex_uk:1.5697; smarkets:1.5651; pinnacle:1.5651; draftkings:1.5203; nordicbet:1.5089; betsson:1.5089; ladbrokes_uk:1.5049; coral:1.5049; betmgm:1.5049; skybet:1.5049; unibet_uk:1.495; marathonbet:1.4946; tipico_de:1.4933; unibet_nl:1.4826; unibet_se:1.4826; winamax_de:1.4796; pointsbetau:1.4748; paddypower:1.4644; betclic_fr:1.4638; unibet:1.4571; casumo:1.4571; leovegas:1.4571; tabtouch:1.4571; grosvenor:1.4571; sport888:1.4431; williamhill:1.4431; leovegas_se:1.4316; winamax_fr:1.4191; virginbet:1.4159; bovada:1.3468
Burnley vs Tottenham Hotspur,2026-01-24 10:00:00,1X,1.8882,1.7846,,,,,0.00017389114530016862,38,0.015418724825729119,0.012125256960753044,betfair_ex_uk,38,0.1036,2.79,1.04,EPL,Doble Chance,3.9038,betfair_ex_uk:1.8882; betfair_ex_eu:1.8882; betfair_ex_au:1.8882; smarkets:1.8735; pinnacle:1.8667; marathonbet:1.8394; unibet_nl:1.8272; unibet_se:1.8272; nordicbet:1.8083; betsson:1.8083; tipico_de:1.8082; leovegas:1.8021; winamax_de:1.7944; draftkings:1.7913; leovegas_se:1.7913; mybookieag:1.7889; fanduel:1.7875; betway:1.7832; betvictor:1.7832; codere_it:1.7804; unibet_uk:1.7804; skybet:1.7662; casumo:1.7662; tabtouch:1.7662; unibet:1.7662; grosvenor:1.7662; bovada:1.7617; paddypower:1.7518; tab:1.7443; virginbet:1.7411; winamax_fr:1.7331; sport888:1.7302; williamhill:1.7302; pointsbetau:1.7217; betmgm:1.7217; coral:1.7217; ladbrokes_uk:1.7217; betclic_fr:1.6997
Bromley FC vs Swindon Town,2026-01-24 10:00:00,1X,1.3558,1.268,,,,,0.0009069048960717417,32,0.02877916683086939,0.023130983381023554,betfair_ex_eu,32,0.0878,3.66,1.53,League 2,Doble Chance,3.8497,betfair_ex_eu:1.3558; betfair_ex_uk:1.3558; betfair_ex_au:1.3558; smarkets:1.3411; pinnacle:1.3009; draftkings:1.2996; betsson:1.2976; nordicbet:1.2976; coral:1.2928; betvictor:1.2928; unibet_uk:1.2859; skybet:1.2857; betway:1.2833; betmgm:1.2789; ladbrokes_uk:1.2789; paddypower:1.2727; bovada:1.2718; marathonbet:1.2683; sport888:1.2645; williamhill:1.2645; pointsbetau:1.2645; codere_it:1.2523; tipico_de:1.2523; unibet:1.2124; unibet_se:1.2083; leovegas:1.2083; unibet_nl:1.2083; grosvenor:1.2083; tabtouch:1.2083; leovegas_se:1.2083; casumo:1.2083; virginbet:1.1936
Rotherham United vs Wimbledon,2026-01-24 10:00:00,1X,1.4345,1.3792,,,,,0.00021554358346426096,33,0.015437817727884679,0.012698547904156723,betfair_ex_eu,33,0.0553,2.14,1.46,League 1,Doble Chance,3.6986,betfair_ex_eu:1.4345; betfair_ex_au:1.4345; betfair_ex_uk:1.4345; smarkets:1.4284; leovegas:1.4191; coral:1.3969; ladbrokes_uk:1.3969; unibet:1.3938; grosvenor:1.3938; casumo:1.3938; unibet_se:1.3938; unibet_nl:1.3938; tabtouch:1.3938; betmgm:1.3876; pinnacle:1.3849; leovegas_se:1.3839; betvictor:1.3805; draftkings:1.3739; skybet:1.3714; unibet_uk:1.3685; codere_it:1.3685; virginbet:1.3678; betsson:1.3654; nordicbet:1.3654; bovada:1.3586; marathonbet:1.3557; pointsbetau:1.3486; paddypower:1.3486; tab:1.3426; betway:1.3333; sport888:1.3333; williamhill:1.3333; tipico_de:1.3333
Rotherham United vs Wimbledon,2026-01-24 10:00:00,X2,1.5874,1.5034,,,,,0.0002352250666251965,33,0.017094292897601768,0.013894423580791616,betfair_ex_eu,33,0.084,2.61,1.46,League 1,Doble Chance,3.6986,betfair_ex_eu:1.5874; betfair_ex_au:1.5874; betfair_ex_uk:1.5874; smarkets:1.5746; pinnacle:1.5546; betvictor:1.5325; draftkings:1.525; unibet_uk:1.5246; codere_it:1.5246; coral:1.5241; ladbrokes_uk:1.5241; skybet:1.5158; betmgm:1.5074; marathonbet:1.5025; leovegas:1.4933; betsson:1.49; nordicbet:1.49; pointsbetau:1.4874; tipico_de:1.4874; unibet:1.4824; grosvenor:1.4824; casumo:1.4824; unibet_se:1.4824; unibet_nl:1.4824; tabtouch:1.4824; betway:1.4746; paddypower:1.4746; sport888:1.4746; williamhill:1.4746; bovada:1.4598; leovegas_se:1.4573; tab:1.45; virginbet:1.4322
Bromley FC vs Swindon Town,2026-01-24 10:00:00,X2,1.8374,1.7384,,,,,0.0002561547741830012,32,0.01860283430330078,0.015140535087066077,smarkets,32,0.099,3.21,1.59,League 2,Doble Chance,3.6667,smarkets:1.8374; betfair_ex_uk:1.8374; betfair_ex_au:1.8374; betfair_ex_eu:1.8247; pinnacle:1.7825; unibet:1.7694; unibet_se:1.7694; leovegas:1.7694; unibet_nl:1.7694; grosvenor:1.7694; tabtouch:1.7694; leovegas_se:1.7694; casumo:1.7694; virginbet:1.7553; tipico_de:1.75; coral:1.75; betvictor:1.75; draftkings:1.7367; unibet_uk:1.725; paddypower:1.7246; ladbrokes_uk:1.7246; skybet:1.7217; marathonbet:1.7049; betmgm:1.7; betsson:1.6996; nordicbet:1.6996; codere_it:1.675; bovada:1.6624; sport888:1.65; williamhill:1.65; pointsbetau:1.65; betway:1.6246
Ajax vs FC Volendam,2026-01-24 10:30:00,1X,1.0943,1.0568,,,,,0.0014597586113627029,34,0.018871860350763138,0.014921071658567483,betfair_ex_eu,34,0.0375,1.99,1.38,Eredivisie,Doble Chance,3.6232,betfair_ex_eu:1.0943; betfair_ex_au:1.0943; betfair_ex_uk:1.0943; smarkets:1.0883; coral:1.0802; betmgm:1.0802; unibet_nl:1.0753; unibet_se:1.0736; codere_it:1.0685; nordicbet:1.0648; betsson:1.0648; draftkings:1.0617; unibet:1.0603; leovegas:1.0603; unibet_uk:1.0603; grosvenor:1.0603; casumo:1.0603; ladbrokes_uk:1.0603; pinnacle:1.0597; betway:1.0536; sport888:1.0515; williamhill:1.0515; tabtouch:1.0485; tipico_de:1.0481; bovada:1.0469; winamax_de:1.045; marathonbet:1.0402; pointsbetau:1.0383; leovegas_se:1.0352; skybet:1.0345; virginbet:1.0251; betclic_fr:1.0185; paddypower:1.0185; winamax_fr:1.015
Ajax vs FC Volendam,2026-01-24 10:30:00,X2,3.9024,3.4703,,,,,0.00022601482380261436,34,0.015969932782012426,0.012072146411161014,betfair_ex_eu,34,0.4321,5.72,1.38,Eredivisie,Doble Chance,3.6232,betfair_ex_eu:3.9024; betfair_ex_uk:3.9024; betfair_ex_au:3.8716; pinnacle:3.8591; smarkets:3.7671; nordicbet:3.652; betsson:3.652; unibet_nl:3.527; skybet:3.5172; tipico_de:3.5172; draftkings:3.5172; marathonbet:3.5085; bovada:3.4698; unibet:3.4298; unibet_se:3.4298; leovegas:3.4298; unibet_uk:3.4298; grosvenor:3.4298; casumo:3.4298; codere_it:3.4286; paddypower:3.4138; pointsbetau:3.4138; betmgm:3.3884; tabtouch:3.3759; winamax_de:3.3498; betway:3.3455; coral:3.3455; ladbrokes_uk:3.3455; leovegas_se:3.2941; virginbet:3.2593; sport888:3.2593; williamhill:3.2593; betclic_fr:3.1731; winamax_fr:3.0949
Bristol City vs Sheffield Wednesday,2026-01-24 10:00:00,X2,4.6678,4.1043,,,,,0.00026018101999910796,28,0.016234908687479604,0.012271159660561687,smarkets,28,0.5635,6.89,1.42,Championship,Doble Chance,3.507,smarkets:4.6678; betfair_ex_uk:4.6667; betfair_ex_eu:4.6667; betfair_ex_au:4.6667; pinnacle:4.4079; leovegas_se:4.2328; tab:4.2162; marathonbet:4.2109; casumo:4.1096; grosvenor:4.1096; unibet_nl:4.1096; unibet:4.1096; tabtouch:4.1096; unibet_se:4.1096; fanduel:4.0857; leovegas:4.0442; unibet_uk:4.0; virginbet:3.9858; codere_it:3.9651; coral:3.9394; betmgm:3.9179; tipico_de:3.8982; sport888:3.8824; williamhill:3.8824; winamax_de:3.8182; betway:3.7761; ladbrokes_uk:3.75; bovada:3.582
Doncaster Rovers vs Wigan Athletic,2026-01-24 10:00:00,X2,1.7117,1.6056,,,,,0.0002176703997275919,33,0.01689678034160439,0.013264628265061456,betfair_ex_eu,33,0.1061,2.79,1.53,League 1,Doble Chance,3.4771,betfair_ex_eu:1.7117; betfair_ex_au:1.7117; betfair_ex_uk:1.7117; smarkets:1.6867; skybet:1.6374; draftkings:1.6374; betsson:1.6366; nordicbet:1.6366; coral:1.6215; pinnacle:1.62; marathonbet:1.6194; leovegas:1.6124; betway:1.6; unibet_uk:1.5996; paddypower:1.5984; unibet:1.5874; unibet_se:1.5874; unibet_nl:1.5874; casumo:1.5874; tabtouch:1.5874; grosvenor:1.5874; tab:1.5866; betvictor:1.5797; leovegas_se:1.575; pointsbetau:1.5746; sport888:1.5746; williamhill:1.5746; tipico_de:1.5746; betmgm:1.5714; ladbrokes_uk:1.5714; virginbet:1.55; codere_it:1.5496; bovada:1.5366
Colchester United vs Fleetwood Town,2026-01-24 10:00:00,1X,1.2506,1.1839,,,,,0.0006902349527483056,32,0.022645121442402594,0.01844521470691384,betfair_ex_eu,32,0.0667,2.73,1.7,League 2,Doble Chance,3.4294,betfair_ex_eu:1.2506; betfair_ex_uk:1.2506; betfair_ex_au:1.2506; smarkets:1.2412; pinnacle:1.2152; draftkings:1.2125; coral:1.2109; ladbrokes_uk:1.2109; unibet_uk:1.1932; paddypower:1.1932; skybet:1.1888; betsson:1.1881; nordicbet:1.1881; betvictor:1.1881; betway:1.1866; bovada:1.1866; betmgm:1.1866; marathonbet:1.1793; pointsbetau:1.173; sport888:1.1667; williamhill:1.1667; codere_it:1.1632; tipico_de:1.1601; unibet:1.1488; leovegas:1.1488; casumo:1.1488; unibet_se:1.1488; grosvenor:1.1488; tabtouch:1.1488; unibet_nl:1.1488; leovegas_se:1.1488; virginbet:1.1442
Cheltenham Town vs Grimsby Town,2026-01-24 10:00:00,1X,1.931,1.768,,,,,0.00030291487553644965,32,0.020359646918835347,0.01593437905074718,betfair_ex_eu,32,0.163,3.77,1.79,League 2,Doble Chance,3.1006,betfair_ex_eu:1.931; betfair_ex_uk:1.931; betfair_ex_au:1.931; smarkets:1.8834; pinnacle:1.8142; betsson:1.8117; nordicbet:1.8117; skybet:1.8; draftkings:1.7853; marathonbet:1.781; paddypower:1.7718; tipico_de:1.7718; coral:1.7718; betvictor:1.7718; unibet_uk:1.7486; betmgm:1.7486; ladbrokes_uk:1.7486; unibet:1.7246; unibet_nl:1.7246; unibet_se:1.7246; casumo:1.7246; grosvenor:1.7246; leovegas_se:1.7246; tabtouch:1.7246; leovegas:1.7246; betway:1.7246; bovada:1.7236; pointsbetau:1.7217; virginbet:1.6996; codere_it:1.6985; sport888:1.6985; williamhill:1.6985
Cheltenham Town vs Grimsby Town,2026-01-24 10:00:00,X2,1.292,1.2526,,,,,0.00014844158732820254,32,0.011578982423606273,0.009337918155256607,betfair_ex_eu,32,0.0394,1.46,1.79,League 2,Doble Chance,3.1006,betfair_ex_eu:1.292; betfair_ex_uk:1.292; betfair_ex_au:1.292; smarkets:1.2816; pinnacle:1.2741; unibet_uk:1.2672; draftkings:1.2661; skybet:1.2649; coral:1.2593; betmgm:1.2593; ladbrokes_uk:1.2593; betvictor:1.2593; unibet:1.2513; unibet_nl:1.2473; unibet_se:1.2473; casumo:1.2473; grosvenor:1.2473; leovegas_se:1.2473; tabtouch:1.2473; leovegas:1.2473; betsson:1.2461; nordicbet:1.2461; williamhill:1.2453; betway:1.2393; paddypower:1.2393; virginbet:1.2365; codere_it:1.2336; bovada:1.2325; marathonbet:1.2311; tipico_de:1.2311; sport888:1.2257; pointsbetau:1.2257
Sevilla vs Athletic Bilbao,2026-01-24 12:30:00,X2,1.4712,1.4163,,,,,0.00016170089627062534,34,0.013671597953604947,0.010997836010515375,betfair_ex_uk,34,0.0549,1.95,1.31,La Liga,Doble Chance,3.0534,betfair_ex_uk:1.4712; betfair_ex_eu:1.4712; betfair_ex_au:1.4712; unibet_se:1.4573; unibet_nl:1.4573; smarkets:1.4544; pinnacle:1.4434; marathonbet:1.4383; draftkings:1.4322; nordicbet:1.422; betsson:1.422; codere_it:1.4211; fanduel:1.4211; betway:1.4211; winamax_de:1.418; bovada:1.4151; unibet_uk:1.4071; casumo:1.4071; leovegas_se:1.4071; tabtouch:1.4071; grosvenor:1.4071; unibet:1.4071; betmgm:1.4071; skybet:1.4014; ladbrokes_uk:1.3986; coral:1.3986; betclic_fr:1.3972; leovegas:1.3904; virginbet:1.3904; tipico_de:1.3847; winamax_fr:1.382; paddypower:1.3764; williamhill:1.3764; tab:1.3709
MSV Duisburg vs Jahn Regensburg,2026-01-24 10:30:00,1X,1.2502,1.1793,,,,,0.0008669858940434801,26,0.025177235698772792,0.02159124094491097,betfair_ex_eu,26,0.0709,3.02,2.72,3. Liga,Doble Chance,2.4449,betfair_ex_eu:1.2502; betfair_ex_au:1.2502; betfair_ex_uk:1.2502; pinnacle:1.2289; tipico_de:1.208; nordicbet:1.2; betsson:1.2; unibet_uk:1.2; coral:1.1887; ladbrokes_uk:1.1887; betway:1.1866; bovada:1.1866; codere_it:1.1856; paddypower:1.1667; sport888:1.1667; winamax_de:1.1622; leovegas:1.1541; tabtouch:1.1442; virginbet:1.1442; unibet_nl:1.1442; grosvenor:1.1442; casumo:1.1442; leovegas_se:1.1442; unibet_se:1.1442; unibet:1.1442; skybet:1.135
MSV Duisburg vs Jahn Regensburg,2026-01-24 10:30:00,X2,2.0675,1.9134,,,,,0.00045065299242475057,26,0.024933319601229492,0.020903732242721778,betfair_ex_eu,26,0.1541,4.71,2.72,3. Liga,Doble Chance,2.4449,betfair_ex_eu:2.0675; betfair_ex_uk:2.0675; betfair_ex_au:2.0451; pinnacle:2.0322; tipico_de:1.9987; leovegas:1.9648; tabtouch:1.9494; virginbet:1.9494; unibet_nl:1.9494; grosvenor:1.9494; casumo:1.9494; leovegas_se:1.9494; unibet_se:1.9494; unibet:1.9494; unibet_uk:1.8947; nordicbet:1.8834; betsson:1.8834; bovada:1.872; codere_it:1.8584; betway:1.8486; paddypower:1.8219; winamax_de:1.8219; sport888:1.8219; coral:1.7746; ladbrokes_uk:1.7746; skybet:1.7217
Colchester United vs Fleetwood Town,2026-01-24 10:00:00,X2,2.1251,1.9883,,,,,0.00020815949154615125,32,0.016978951899866715,0.012568661906301858,smarkets,32,0.1368,3.41,2.3,League 2,Doble Chance,2.2739,smarkets:2.1251; betfair_ex_eu:2.1251; betfair_ex_uk:2.1251; betfair_ex_au:2.1251; pinnacle:2.0433; tipico_de:2.039; draftkings:2.0313; betvictor:2.0305; unibet_uk:2.0139; paddypower:2.0096; coral:1.9951; ladbrokes_uk:1.9951; skybet:1.995; marathonbet:1.9835; betsson:1.978; nordicbet:1.978; unibet:1.9688; virginbet:1.9688; leovegas:1.9688; casumo:1.9688; unibet_se:1.9688; grosvenor:1.9688; tabtouch:1.9688; unibet_nl:1.9688; leovegas_se:1.9688; pointsbetau:1.949; betmgm:1.9385; codere_it:1.9026; betway:1.8947; bovada:1.8947; sport888:1.8667; williamhill:1.8667
Dundee United vs St Mirren,2026-01-24 10:00:00,1X,1.4524,1.3754,,,,,0.00019663303559392054,14,0.014810184638830517,0.010717725049768962,pinnacle,14,0.077,2.08,3.21,Premiership,Doble Chance,1.2181,pinnacle:1.4524; skybet:1.4061; bovada:1.4004; fanduel:1.3876; leovegas:1.3714; unibet_se:1.3714; unibet_nl:1.3714; unibet:1.3714; casumo:1.3649; grosvenor:1.3649; tabtouch:1.3649; paddypower:1.3527; leovegas_se:1.3459; virginbet:1.3302
Dundee United vs St Mirren,2026-01-24 10:00:00,X2,1.5551,1.5235,,,,,7.377503710466806e-05,14,0.009570506073131497,0.007901513507934712,pinnacle,14,0.0316,1.44,3.21,Premiership,Doble Chance,1.2181,pinnacle:1.5551; skybet:1.5379; casumo:1.535; grosvenor:1.535; tabtouch:1.535; leovegas:1.535; unibet_se:1.535; unibet_nl:1.535; unibet:1.535; fanduel:1.5213; leovegas_se:1.5099; paddypower:1.493; virginbet:1.493; bovada:1.4732
Port Vale vs Exeter City,2026-01-24 10:00:00,1X,1.4714,1.3911,,,,,0.00035707189655754103,33,0.02005358363055835,0.016945160625977083,pinnacle,33,0.0803,2.82,3.93,League 1,Doble Chance,0.743,pinnacle:1.4714; betfair_ex_eu:1.4639; betfair_ex_au:1.4639; betfair_ex_uk:1.4575; smarkets:1.4353; betvictor:1.4345; skybet:1.4224; draftkings:1.4224; coral:1.4224; ladbrokes_uk:1.4224; unibet_uk:1.413; betmgm:1.413; betsson:1.3871; nordicbet:1.3871; marathonbet:1.3856; pointsbetau:1.3839; paddypower:1.3839; tipico_de:1.3839; leovegas:1.3812; tab:1.3714; sport888:1.3685; williamhill:1.3685; betway:1.3649; codere_it:1.3591; unibet:1.3557; unibet_se:1.3557; unibet_nl:1.3557; casumo:1.3557; tabtouch:1.3557; grosvenor:1.3557; leovegas_se:1.3464; bovada:1.3382; virginbet:1.3209
Doncaster Rovers vs Wigan Athletic,2026-01-24 10:00:00,1X,1.3719,1.3223,,,,,0.00027682958747581347,33,0.016826107175240496,0.013905509865242055,coral,33,0.0496,2.23,5.15,League 1,Doble Chance,0.3301,coral:1.3719; betfair_ex_eu:1.3707; betfair_ex_au:1.3707; betfair_ex_uk:1.3707; pinnacle:1.3688; smarkets:1.3554; ladbrokes_uk:1.3554; unibet_uk:1.3468; leovegas:1.34; betvictor:1.3382; draftkings:1.3378; betmgm:1.3378; bovada:1.3294; unibet:1.3211; unibet_se:1.3211; unibet_nl:1.3211; casumo:1.3211; tabtouch:1.3211; grosvenor:1.3211; skybet:1.32; leovegas_se:1.3057; pointsbetau:1.3037; codere_it:1.3022; marathonbet:1.3004; betsson:1.2967; nordicbet:1.2967; virginbet:1.2868; paddypower:1.2868; sport888:1.2868; williamhill:1.2868; tipico_de:1.2868; betway:1.286; tab:1.2695
Stevenage vs Mansfield Town,2026-01-24 10:00:00,X2,1.6617,1.6036,,,,,0.00018644862485976525,33,0.015549032677352078,0.013525781581372113,leovegas,33,0.0581,2.47,6.05,League 1,Doble Chance,0.1521,leovegas:1.6617; betfair_ex_uk:1.6602; betfair_ex_eu:1.6602; betfair_ex_au:1.6602; smarkets:1.6466; unibet:1.6366; unibet_nl:1.6366; unibet_se:1.6366; casumo:1.6366; leovegas_se:1.6366; tabtouch:1.6366; grosvenor:1.6366; pinnacle:1.6281; unibet_uk:1.6124; coral:1.6124; ladbrokes_uk:1.6124; virginbet:1.6116; bovada:1.6116; betvictor:1.6037; draftkings:1.5996; marathonbet:1.5866; skybet:1.5746; betmgm:1.5746; betsson:1.5734; nordicbet:1.5734; pointsbetau:1.5714; codere_it:1.5624; paddypower:1.56; williamhill:1.5484; betway:1.5484; tab:1.5484; tipico_de:1.535; sport888:1.5246
Union Berlin vs Borussia Dortmund,2026-01-24 12:30:00,1X,1.7617,1.633,,,,,0.00019397761072361072,36,0.015995544291176566,0.012218351776610308,bovada,36,0.1287,2.65,5.07,Bundesliga,Doble Chance,0.0907,bovada:1.7617; unibet_nl:1.7102; betfair_ex_eu:1.6985; betfair_ex_au:1.6985; betfair_ex_uk:1.6867; unibet_se:1.6852; smarkets:1.6735; grosvenor:1.6485; leovegas_se:1.6485; tabtouch:1.6485; casumo:1.6485; unibet:1.6485; pinnacle:1.6474; marathonbet:1.6423; betclic_fr:1.6374; leovegas:1.6351; winamax_de:1.625; ladbrokes_uk:1.625; coral:1.625; betmgm:1.625; tipico_de:1.6246; skybet:1.6246; pointsbetau:1.6246; virginbet:1.6235; unibet_uk:1.6124; codere_it:1.6124; betsson:1.6; nordicbet:1.6; betway:1.6; fanduel:1.5984; paddypower:1.5866; sport888:1.5866; williamhill:1.5866; winamax_fr:1.575; draftkings:1.5624; tab:1.55
RAAL La Louvière vs Sint Truiden,2026-01-24 10:00:00,1X,1.5866,1.4445,,,,,0.00046185495332575204,32,0.023335511247128318,0.018601435680382337,bovada,32,0.1421,3.4,6.51,Belgium First Div,Doble Chance,0.0353,bovada:1.5866; unibet_nl:1.4988; unibet_se:1.4988; betfair_ex_au:1.4956; betfair_ex_eu:1.4956; betfair_ex_uk:1.4956; casumo:1.4829; leovegas:1.4829; grosvenor:1.4829; smarkets:1.4797; unibet:1.4733; tabtouch:1.4733; pinnacle:1.4539; leovegas_se:1.4479; ladbrokes_uk:1.4407; coral:1.4407; betmgm:1.4407; draftkings:1.4407; virginbet:1.4385; unibet_uk:1.4316; skybet:1.4239; nordicbet:1.4159; betsson:1.4159; winamax_de:1.4151; pointsbetau:1.413; marathonbet:1.4085; tipico_de:1.4035; betclic_fr:1.3841; paddypower:1.3714; sport888:1.3685; williamhill:1.3685; winamax_fr:1.355
Fiorentina vs Cagliari,2026-01-24 12:00:00,X2,2.2819,1.9958,,,,,0.0002612670725588685,37,0.01901351037345268,0.014061662888505029,bovada,37,0.2861,3.96,5.55,Serie A,Doble Chance,-0.0108,bovada:2.2819; betfair_ex_uk:2.1273; betfair_ex_eu:2.1273; betfair_ex_au:2.1273; smarkets:2.0931; pinnacle:2.0417; unibet_se:2.0414; unibet_nl:2.0414; tipico_de:2.0241; coral:2.0195; betmgm:2.0195; skybet:2.0152; pointsbetau:2.0152; betclic_fr:2.0098; marathonbet:2.0061; ladbrokes_uk:2.0; fanduel:1.9902; codere_it:1.9845; winamax_de:1.98; betvictor:1.98; tabtouch:1.973; unibet:1.973; leovegas_se:1.973; grosvenor:1.973; casumo:1.973; leovegas:1.9556; unibet_uk:1.9494; virginbet:1.9472; nordicbet:1.9434; betsson:1.9434; betway:1.9367; winamax_fr:1.9295; paddypower:1.9038; tab:1.8889; sport888:1.8857; williamhill:1.8857; draftkings:1.8857
Leganés vs Real Sociedad B,2026-01-24 10:15:00,X2,2.0931,1.8872,,,,,0.00039474984542607595,32,0.023334818002179715,0.02044746327198632,bovada,32,0.2059,4.43,8.38,La Liga 2,Doble Chance,-0.0513,bovada:2.0931; unibet:1.9897; unibet_se:1.9897; betfair_ex_eu:1.9877; betfair_ex_uk:1.9877; betfair_ex_au:1.9877; pinnacle:1.9535; smarkets:1.9528; grosvenor:1.9472; leovegas_se:1.9472; casumo:1.9472; tabtouch:1.9472; virginbet:1.9214; leovegas:1.9214; marathonbet:1.9045; draftkings:1.8735; winamax_de:1.8587; pointsbetau:1.8576; betsson:1.8537; nordicbet:1.8537; tipico_de:1.848; fanduel:1.8347; codere_it:1.8284; betmgm:1.8284; betclic_fr:1.8123; williamhill:1.8082; betway:1.7944; ladbrokes_uk:1.7931; coral:1.7931; winamax_fr:1.783; skybet:1.7465; paddypower:1.7465
Manchester City vs Wolverhampton Wanderers,2026-01-24 10:00:00,X2,4.5195,3.6567,,,,,0.00024338405901664373,38,0.016250206857486058,0.012996435659037374,bovada,38,0.8628,6.3,5.46,EPL,Doble Chance,-0.1136,bovada:4.5195; betfair_ex_eu:3.9651; betfair_ex_uk:3.9651; betfair_ex_au:3.9651; unibet_nl:3.9024; unibet_se:3.9024; smarkets:3.8824; leovegas:3.7888; leovegas_se:3.7888; pinnacle:3.7516; tabtouch:3.75; grosvenor:3.75; unibet:3.75; casumo:3.75; betsson:3.6828; nordicbet:3.6828; fanduel:3.6774; winamax_de:3.6774; tipico_de:3.6711; betclic_fr:3.6393; williamhill:3.6013; virginbet:3.6013; skybet:3.6; marathonbet:3.5685; winamax_fr:3.527; sport888:3.5085; draftkings:3.5085; paddypower:3.4833; betvictor:3.4833; betway:3.4298; pointsbetau:3.4298; codere_it:3.4222; mybookieag:3.4222; unibet_uk:3.4138; tab:3.4138; betmgm:3.3884; ladbrokes_uk:3.3455; coral:3.3455
Falkirk F.C. vs Hibernian,2026-01-24 10:00:00,1X,1.5797,1.4867,,,,,0.00035949751842471545,32,0.020910970145119345,0.017992052752083897,bovada,32,0.093,3.1,8.76,Premiership,Doble Chance,-0.2648,bovada:1.5797; betfair_ex_uk:1.5486; smarkets:1.5428; betfair_ex_eu:1.5428; betfair_ex_au:1.5428; unibet:1.5325; leovegas:1.5325; unibet_se:1.5325; unibet_nl:1.5325; casumo:1.5158; grosvenor:1.5158; tabtouch:1.5158; coral:1.5049; pinnacle:1.5012; leovegas_se:1.4963; skybet:1.485; ladbrokes_uk:1.485; virginbet:1.4824; fanduel:1.479; draftkings:1.4748; betmgm:1.4697; pointsbetau:1.4644; unibet_uk:1.4496; paddypower:1.4431; marathonbet:1.4383; nordicbet:1.4303; betsson:1.4303; codere_it:1.4243; tipico_de:1.4211; sport888:1.4199; williamhill:1.4199; betway:1.4199
Blackburn Rovers vs Watford,2026-01-24 10:00:00,1X,1.4563,1.306,,,,,0.0005066950001902635,33,0.022812151028316022,0.016209160750690017,bovada,33,0.1503,3.11,8.51,Championship,Doble Chance,-0.275,bovada:1.4563; betfair_ex_uk:1.3637; betfair_ex_eu:1.3637; betfair_ex_au:1.3637; smarkets:1.3554; pinnacle:1.3417; codere_it:1.328; leovegas_se:1.3142; unibet_uk:1.3125; coral:1.3119; betmgm:1.3119; draftkings:1.3119; unibet_nl:1.3057; unibet_se:1.3057; grosvenor:1.3057; unibet:1.3057; casumo:1.3057; ladbrokes_uk:1.3037; betsson:1.2996; nordicbet:1.2996; tabtouch:1.2953; betway:1.2868; leovegas:1.2868; marathonbet:1.2778; skybet:1.2695; fanduel:1.2695; paddypower:1.2695; winamax_fr:1.2695; virginbet:1.2695; tab:1.2695; betclic_fr:1.2625; sport888:1.2524; williamhill:1.2524
Club Brugge vs SV Zulte-Waregem,2026-01-24 12:15:00,Under 3.5,1.77,1.57,0.0015964808731610523,3,0.04617460934114316,0.043533839178349375,0.002278887072872065,3,0.05435310974184614,0.051244603302714666,bovada,3,0.2,9.01,4.12,Belgium First Div,Goles (Over/Under),0.335,bovada:1.77; nordicbet:1.47; betsson:1.47
Club Brugge vs SV Zulte-Waregem,2026-01-24 12:15:00,Over 3.5,2.62,2.4467,0.0015964808731610523,3,0.04617460934114308,0.0435338391783493,0.0014654259108437852,3,0.04455295361892703,0.04200492750111071,nordicbet,3,0.1733,10.02,6.2,Belgium First Div,Goles (Over/Under),-0.1129,nordicbet:2.62; betsson:2.62; bovada:2.1
Fatih Karagümrük vs Galatasaray,2026-01-24 12:00:00,Under 3.5,1.83,1.6336,0.0005014582724067565,11,0.02619909432938953,0.024061765104199974,0.0007755352618638523,11,0.03209543610309003,0.02933489105759115,tipico_de,11,0.1964,5.5,7.28,Super League,Goles (Over/Under),0.1937,tipico_de:1.83; betsson:1.73; nordicbet:1.73; codere_it:1.69; unibet:1.57; leovegas_se:1.57; casumo:1.57; grosvenor:1.57; tabtouch:1.57; unibet_se:1.57; leovegas:1.57
Fatih Karagümrük vs Galatasaray,2026-01-24 12:00:00,Over 3.5,2.2,2.12,0.0005014582724067565,11,0.02619909432938949,0.024061765104199974,0.0004703939858189274,11,0.025508077265769365,0.023505982287542086,unibet,11,0.08,5.16,9.15,Super League,Goles (Over/Under),-0.0503,unibet:2.2; leovegas_se:2.2; casumo:2.2; grosvenor:2.2; tabtouch:2.2; unibet_se:2.2; leovegas:2.2; betsson:2.01; nordicbet:2.01; codere_it:2.0; tipico_de:1.9
Modena vs Palermo,2026-01-24 11:15:00,Under 2.5,1.72,1.6086,0.0003692231735581097,14,0.022379570042327948,0.021895279210894576,0.0005233545941683472,14,0.026159356326088318,0.025571928006961224,codere_it,14,0.1114,4.27,5.99,Serie B,Goles (Over/Under),0.3489,codere_it:1.72; tipico_de:1.7; betsson:1.68; nordicbet:1.68; betmgm:1.67; williamhill:1.67; unibet:1.55; casumo:1.55; unibet_se:1.55; unibet_nl:1.55; tabtouch:1.55; leovegas:1.55; grosvenor:1.55; leovegas_se:1.55
Modena vs Palermo,2026-01-24 11:15:00,Over 2.5,2.28,2.1886,0.0003692231735581097,14,0.02237957004232788,0.02189527921089452,0.00038630197444538785,14,0.023069773244288525,0.02223867493312882,unibet,14,0.0914,4.93,8.38,Serie B,Goles (Over/Under),-0.0358,unibet:2.28; casumo:2.28; unibet_se:2.28; unibet_nl:2.28; tabtouch:2.28; leovegas:2.28; grosvenor:2.28; leovegas_se:2.28; williamhill:2.1; codere_it:2.09; betsson:2.08; nordicbet:2.08; betmgm:2.05; tipico_de:2.0
Fatih Karagümrük vs Galatasaray,2026-01-24 12:00:00,Under 3.25,2.01,1.92,0.0002920742810824219,2,0.02011722430082627,0.02011722430082627,0.00043299398617734595,2,0.024467824810374295,0.024467824810374295,pinnacle,2,0.09,4.69,3.23,Super League,Goles (Over/Under),0.2198,pinnacle:2.01; bovada:1.83
Fatih Karagümrük vs Galatasaray,2026-01-24 12:00:00,Over 3.25,2.0,1.935,0.0002920742810824219,2,0.020117224300826325,0.020117224300826325,0.00021822631322350895,2,0.017379679144384985,0.017379679144384985,bovada,2,0.065,3.36,4.64,Super League,Goles (Over/Under),-0.1509,bovada:2.0; pinnacle:1.87
Birmingham City vs Stoke City,2026-01-24 10:00:00,Under 2.5,1.91,1.7433,0.0002863484306696078,15,0.019884580827470265,0.01947431573545273,0.0005408903363558477,15,0.02710653724473636,0.025472165600229964,pinnacle,15,0.1667,4.83,2.86,Championship,Goles (Over/Under),1.8357,pinnacle:1.91; betsson:1.85; nordicbet:1.85; tipico_de:1.83; williamhill:1.8; codere_it:1.78; betmgm:1.77; casumo:1.67; leovegas:1.67; unibet_nl:1.67; tabtouch:1.67; unibet_se:1.67; grosvenor:1.67; leovegas_se:1.67; unibet:1.67
Birmingham City vs Stoke City,2026-01-24 10:00:00,Over 2.5,2.04,1.978,0.0002863484306696078,15,0.019884580827470247,0.01947431573545272,0.0002429086892792751,15,0.01834172539972838,0.017242312491368296,casumo,15,0.062,3.57,8.9,Championship,Goles (Over/Under),-0.0888,casumo:2.04; leovegas:2.04; unibet_nl:2.04; tabtouch:2.04; unibet_se:2.04; grosvenor:2.04; leovegas_se:2.04; unibet:2.04; pinnacle:1.98; williamhill:1.91; betmgm:1.91; codere_it:1.9; betsson:1.9; nordicbet:1.9; tipico_de:1.85
Asteras Tripolis vs AEK Athens,2026-01-24 12:30:00,Under 2.5,2.03,1.8744,0.0002568411541676984,16,0.018863700750003223,0.018341944262835114,0.0004249211180110723,16,0.02422047012339373,0.02277103257073778,pinnacle,16,0.1556,4.65,3.32,Super League,Goles (Over/Under),1.3163,pinnacle:2.03; nordicbet:2.01; betsson:2.01; williamhill:1.95; codere_it:1.93; tipico_de:1.93; betmgm:1.91; bovada:1.82; unibet:1.8; unibet_se:1.8; tabtouch:1.8; unibet_nl:1.8; leovegas_se:1.8; leovegas:1.8; grosvenor:1.8; casumo:1.8
Asteras Tripolis vs AEK Athens,2026-01-24 12:30:00,Over 2.5,2.02,1.8469,0.0002568411541676984,16,0.018863700750003175,0.018341944262835072,0.0003015321833516499,16,0.020362108399835353,0.016770079350930674,bovada,16,0.1731,3.79,4.45,Super League,Goles (Over/Under),0.7281,bovada:2.02; unibet:1.89; unibet_se:1.88; tabtouch:1.88; unibet_nl:1.88; leovegas_se:1.88; leovegas:1.88; grosvenor:1.88; casumo:1.88; pinnacle:1.85; nordicbet:1.81; betsson:1.81; tipico_de:1.77; codere_it:1.75; williamhill:1.75; betmgm:1.74
Bournemouth vs Liverpool,2026-01-24 12:30:00,Under 3.0,2.01,1.92,0.0002547692407291438,2,0.01878891343643299,0.01878891343643299,0.00043299398617734595,2,0.024467824810374295,0.024467824810374295,pinnacle,2,0.09,4.69,2.66,EPL,Goles (Over/Under),0.3722,pinnacle:2.01; bovada:1.83
Bournemouth vs Liverpool,2026-01-24 12:30:00,Over 3.0,2.0,1.945,0.0002547692407291438,2,0.018788913436433047,0.018788913436433047,0.00015288398968640524,2,0.014550264550264591,0.014550264550264591,bovada,2,0.055,2.83,4.64,EPL,Goles (Over/Under),-0.2134,bovada:2.0; pinnacle:1.89
Port Vale vs Exeter City,2026-01-24 10:00:00,Over 2.5,2.18,2.0513,0.0001765050647510265,15,0.015555561712180326,0.015095120341886847,0.0003129377644751789,15,0.020813393340684567,0.020168308776881434,betsson,15,0.1287,4.32,6.48,League 1,Goles (Over/Under),0.2978,betsson:2.18; nordicbet:2.18; tipico_de:2.15; bovada:2.15; betmgm:2.15; williamhill:2.1; codere_it:2.09; unibet:1.98; leovegas:1.97; unibet_se:1.97; unibet_nl:1.97; casumo:1.97; leovegas_se:1.97; tabtouch:1.97; grosvenor:1.97
Port Vale vs Exeter City,2026-01-24 10:00:00,Under 2.5,1.71,1.6793,0.0001765050647510265,15,0.015555561712180314,0.015095120341886847,0.00012500702146899317,15,0.012896276215782258,0.011684751052729288,unibet,15,0.0307,2.14,8.98,League 1,Goles (Over/Under),-0.0635,unibet:1.71; leovegas:1.71; unibet_se:1.71; unibet_nl:1.71; casumo:1.71; leovegas_se:1.71; tabtouch:1.71; grosvenor:1.71; williamhill:1.67; bovada:1.67; betsson:1.65; nordicbet:1.65; codere_it:1.64; tipico_de:1.62; betmgm:1.61
Union Berlin vs Borussia Dortmund,2026-01-24 12:30:00,Under 2.5,1.89,1.6836,0.0001665097790560357,14,0.015147919042162313,0.008526571645505299,0.0002705554606257398,14,0.019171372671995254,0.011199112097465871,bovada,14,0.2064,3.55,4.72,Bundesliga,Goles (Over/Under),0.3983,bovada:1.89; betsson:1.7; nordicbet:1.7; leovegas_se:1.68; tipico_de:1.67; williamhill:1.67; grosvenor:1.67; betmgm:1.67; unibet_se:1.66; tabtouch:1.66; casumo:1.66; unibet_nl:1.66; codere_it:1.64; leovegas:1.64
Union Berlin vs Borussia Dortmund,2026-01-24 12:30:00,Over 2.5,2.18,2.1236,0.0001665097790560357,14,0.015147919042162283,0.008526571645505326,0.00015126452485899198,14,0.014470773087062027,0.009537054662609715,leovegas_se,14,0.0564,2.87,5.4,Bundesliga,Goles (Over/Under),0.2222,leovegas_se:2.18; grosvenor:2.17; unibet_se:2.16; tabtouch:2.16; casumo:2.16; unibet_nl:2.16; tipico_de:2.15; leovegas:2.14; betsson:2.12; nordicbet:2.12; williamhill:2.1; betmgm:2.1; codere_it:2.08; bovada:1.93
Milton Keynes Dons vs Shrewsbury Town,2026-01-24 10:00:00,Over 2.5,1.93,1.7869,0.00016437805877068089,16,0.015086550755436023,0.013968507268648667,0.00031203000317233146,16,0.02066267482029243,0.01903608893312804,bovada,16,0.1431,3.76,6.76,League 2,Goles (Over/Under),0.213,bovada:1.93; pinnacle:1.88; williamhill:1.85; betsson:1.85; nordicbet:1.85; betmgm:1.83; codere_it:1.81; tipico_de:1.77; unibet:1.73; casumo:1.73; tabtouch:1.73; leovegas:1.73; grosvenor:1.73; unibet_nl:1.73; unibet_se:1.73; leovegas_se:1.71
Milton Keynes Dons vs Shrewsbury Town,2026-01-24 10:00:00,Under 2.5,1.97,1.9187,0.00016437805877068089,16,0.015086550755436051,0.013968507268648695,0.00014097420657953246,16,0.013958219518141884,0.012844607504757084,unibet,16,0.0513,2.63,8.56,League 2,Goles (Over/Under),-0.0421,unibet:1.97; casumo:1.96; tabtouch:1.96; leovegas:1.96; grosvenor:1.96; unibet_nl:1.96; unibet_se:1.96; pinnacle:1.96; leovegas_se:1.94; tipico_de:1.93; betsson:1.88; nordicbet:1.88; codere_it:1.86; williamhill:1.85; betmgm:1.85; bovada:1.82
FC Lugano vs FC Winterthur,2026-01-24 12:00:00,Under 3.5,1.75,1.6069,0.000157092763069166,13,0.014638837136514296,0.012730519590730153,0.0003145269245355875,13,0.020346145845451906,0.01778923003941458,tipico_de,13,0.1431,3.4,7.14,Swiss Superleague,Goles (Over/Under),0.2717,tipico_de:1.75; nordicbet:1.65; betsson:1.65; betmgm:1.65; codere_it:1.64; unibet:1.57; unibet_se:1.57; tabtouch:1.57; casumo:1.57; grosvenor:1.57; unibet_nl:1.57; leovegas:1.57; leovegas_se:1.56
FC Lugano vs FC Winterthur,2026-01-24 12:00:00,Over 3.5,2.18,2.1392,0.000157092763069166,13,0.014638837136514354,0.012730519590730235,0.00011365520250692549,13,0.012534598793288823,0.010834697487903593,unibet,13,0.0408,2.6,9.57,Swiss Superleague,Goles (Over/Under),-0.0512,unibet:2.18; unibet_se:2.18; tabtouch:2.18; casumo:2.18; grosvenor:2.18; unibet_nl:2.18; leovegas:2.18; leovegas_se:2.17; nordicbet:2.1; betsson:2.1; betmgm:2.1; codere_it:2.08; tipico_de:2.0
Salford City vs Bristol Rovers,2026-01-24 10:00:00,Over 2.5,1.75,1.6547,0.00013803820765440847,15,0.013746012977917391,0.013022218176670678,0.0002691837433689182,15,0.018915437641084366,0.01776179275803212,williamhill,15,0.0953,3.17,7.14,League 2,Goles (Over/Under),0.1667,williamhill:1.75; bovada:1.74; betmgm:1.71; betsson:1.7; nordicbet:1.7; codere_it:1.68; tipico_de:1.67; unibet:1.61; leovegas:1.61; casumo:1.61; unibet_se:1.61; grosvenor:1.61; tabtouch:1.61; unibet_nl:1.61; leovegas_se:1.6
Salford City vs Bristol Rovers,2026-01-24 10:00:00,Under 2.5,2.14,2.092,0.00013803820765440847,15,0.013746012977917376,0.013022218176670663,0.00011113444584486158,15,0.012402586771609393,0.011186655347173936,unibet,15,0.048,2.55,8.84,League 2,Goles (Over/Under),-0.0577,unibet:2.14; leovegas:2.14; casumo:2.14; unibet_se:2.14; grosvenor:2.14; tabtouch:2.14; unibet_nl:2.14; leovegas_se:2.12; betsson:2.08; nordicbet:2.08; tipico_de:2.05; bovada:2.05; codere_it:2.02; williamhill:2.0; betmgm:2.0
Stevenage vs Mansfield Town,2026-01-24 10:00:00,Over 2.5,2.32,2.1886,0.00013388279509022875,14,0.013439765477422792,0.012780467009088655,0.00021542237914318638,14,0.01720076649673047,0.01613599863959727,betsson,14,0.1314,3.84,7.62,League 1,Goles (Over/Under),0.105,betsson:2.32; nordicbet:2.32; williamhill:2.3; codere_it:2.29; tipico_de:2.25; betmgm:2.2; unibet:2.12; unibet_nl:2.12; leovegas:2.12; unibet_se:2.12; casumo:2.12; leovegas_se:2.12; tabtouch:2.12; grosvenor:2.12
Stevenage vs Mansfield Town,2026-01-24 10:00:00,Under 2.5,1.62,1.5964,0.00013388279509022875,14,0.013439765477422844,0.0127804670090887,0.00010752890971763157,14,0.011784894751829509,0.010897601702903699,unibet,14,0.0236,1.86,8.9,League 1,Goles (Over/Under),-0.0539,unibet:1.62; unibet_nl:1.62; leovegas:1.62; unibet_se:1.62; casumo:1.62; leovegas_se:1.62; tabtouch:1.62; grosvenor:1.62; codere_it:1.6; williamhill:1.57; betmgm:1.57; betsson:1.55; nordicbet:1.55; tipico_de:1.55
Rotherham United vs Wimbledon,2026-01-24 10:00:00,Over 2.5,2.3,2.1758,0.0001335221114808281,12,0.013427701751027227,0.012468965201949483,0.00019675340930012082,12,0.016441871568947677,0.01533335358875416,codere_it,12,0.1242,3.67,5.98,League 1,Goles (Over/Under),0.3696,codere_it:2.3; williamhill:2.3; tipico_de:2.3; betmgm:2.25; unibet:2.12; leovegas_se:2.12; grosvenor:2.12; casumo:2.12; leovegas:2.12; unibet_se:2.12; unibet_nl:2.12; tabtouch:2.12
Rotherham United vs Wimbledon,2026-01-24 10:00:00,Under 2.5,1.63,1.6092,0.0001335221114808281,12,0.013427701751027206,0.012468965201949464,0.00012118017406462059,12,0.012524688446522929,0.010919725082560774,unibet,12,0.0208,1.97,8.52,League 1,Goles (Over/Under),-0.0387,unibet:1.63; leovegas_se:1.63; grosvenor:1.63; casumo:1.63; leovegas:1.63; unibet_se:1.63; unibet_nl:1.63; tabtouch:1.63; codere_it:1.6; betmgm:1.57; williamhill:1.55; tipico_de:1.55
RAAL La Louvière vs Sint Truiden,2026-01-24 10:00:00,Under 2.5,1.98,1.8453,0.0001243629260765778,15,0.013123961889479249,0.01050879109196574,0.00017881766012723616,15,0.015700951234072315,0.012997051529113584,pinnacle,15,0.1347,2.98,2.86,Belgium First Div,Goles (Over/Under),1.3287,pinnacle:1.98; tipico_de:1.93; williamhill:1.91; betmgm:1.87; nordicbet:1.86; betsson:1.86; unibet:1.82; unibet_nl:1.82; casumo:1.82; unibet_se:1.82; grosvenor:1.82; tabtouch:1.81; leovegas:1.79; leovegas_se:1.79; bovada:1.78
RAAL La Louvière vs Sint Truiden,2026-01-24 10:00:00,Over 2.5,2.08,1.9093,0.0001243629260765778,15,0.013123961889479252,0.01050879109196576,0.0001765921804108096,15,0.015627653316550406,0.010748945221828713,bovada,15,0.1707,3.07,4.26,Belgium First Div,Goles (Over/Under),0.5634,bovada:2.08; unibet:1.94; unibet_nl:1.93; casumo:1.93; unibet_se:1.93; grosvenor:1.93; tabtouch:1.92; pinnacle:1.91; nordicbet:1.9; betsson:1.9; leovegas:1.89; leovegas_se:1.89; tipico_de:1.83; betmgm:1.83; williamhill:1.83
Falkirk F.C. vs Hibernian,2026-01-24 10:00:00,Under 2.5,1.82,1.7587,0.00011337072881077804,15,0.012513280022271017,0.011678750718919668,0.00010888235013449311,15,0.012145728446502172,0.00979758147521228,bovada,15,0.0613,2.1,6.76,Premiership,Goles (Over/Under),0.2426,bovada:1.82; unibet:1.78; casumo:1.78; grosvenor:1.78; leovegas:1.78; unibet_se:1.78; unibet_nl:1.78; tabtouch:1.78; codere_it:1.77; leovegas_se:1.76; williamhill:1.75; nordicbet:1.72; betsson:1.72; betmgm:1.71; tipico_de:1.67
Falkirk F.C. vs Hibernian,2026-01-24 10:00:00,Over 2.5,2.05,1.9433,0.00011337072881077804,15,0.012513280022270982,0.011678750718919639,0.00019596440398462518,15,0.01647454953831427,0.015697238559799122,tipico_de,15,0.1067,3.24,8.66,Premiership,Goles (Over/Under),-0.03,tipico_de:2.05; codere_it:2.02; nordicbet:2.02; betsson:2.02; williamhill:2.0; betmgm:2.0; bovada:1.93; unibet:1.89; casumo:1.89; grosvenor:1.89; leovegas:1.89; unibet_se:1.89; unibet_nl:1.89; tabtouch:1.89; leovegas_se:1.88
Bristol City vs Sheffield Wednesday,2026-01-24 10:00:00,Under 3.0,1.93,1.875,0.00011056714954468371,2,0.012374838501292007,0.012374838501292007,0.00017771658156484453,2,0.015657917212321293,0.015657917212321293,pinnacle,2,0.055,2.93,3.36,Championship,Goles (Over/Under),0.1607,pinnacle:1.93; bovada:1.82
Bristol City vs Sheffield Wednesday,2026-01-24 10:00:00,Over 3.0,2.02,1.98,0.00011056714954468371,2,0.01237483850129198,0.01237483850129198,7.51725284666412e-05,2,0.010207206287639103,0.010207206287639103,bovada,2,0.04,2.02,4.45,Championship,Goles (Over/Under),-0.1236,bovada:2.02; pinnacle:1.94
Newport County vs Chesterfield FC,2026-01-24 10:00:00,Over 2.5,1.83,1.73,0.0001101967046929973,16,0.012332738677979802,0.01170360217751474,0.0002409255110095623,16,0.01805856211208838,0.017079712292281488,pinnacle,16,0.1,3.15,4.15,League 2,Goles (Over/Under),1.0024,pinnacle:1.83; bovada:1.8; betmgm:1.8; betsson:1.78; nordicbet:1.78; codere_it:1.76; williamhill:1.75; tipico_de:1.75; unibet:1.68; casumo:1.68; tabtouch:1.68; leovegas:1.68; unibet_nl:1.68; unibet_se:1.68; grosvenor:1.68; leovegas_se:1.67
Newport County vs Chesterfield FC,2026-01-24 10:00:00,Under 2.5,2.02,1.9831,0.0001101967046929973,16,0.01233273867797981,0.01170360217751474,0.0001055256036685159,16,0.012089811575581755,0.010054645227339419,unibet,16,0.0369,2.34,9.03,League 2,Goles (Over/Under),-0.0797,unibet:2.02; casumo:2.02; tabtouch:2.02; leovegas:2.02; unibet_nl:2.02; unibet_se:2.02; grosvenor:2.02; pinnacle:2.02; leovegas_se:2.0; betsson:1.98; nordicbet:1.98; williamhill:1.95; bovada:1.95; tipico_de:1.93; codere_it:1.91; betmgm:1.87
Moreirense FC vs Santa Clara,2026-01-24 10:30:00,Over 1.5,1.6,1.5242,0.00010748589307710324,12,0.011957484219320828,0.010919281260983543,0.0002441484703473871,12,0.017553999986335198,0.015700482461631016,betsson,12,0.0758,2.74,6.36,Primeira Liga,Goles (Over/Under),0.3255,betsson:1.6; nordicbet:1.6; betmgm:1.57; tipico_de:1.55; unibet:1.5; unibet_se:1.5; unibet_nl:1.5; grosvenor:1.5; casumo:1.5; tabtouch:1.5; leovegas_se:1.49; leovegas:1.48
Moreirense FC vs Santa Clara,2026-01-24 10:30:00,Under 1.5,2.38,2.3392,0.00010748589307710324,12,0.011957484219320821,0.010919281260983552,8.626884983170328e-05,12,0.010839980628442828,0.009240761439591216,unibet,12,0.0408,2.46,8.68,Primeira Liga,Goles (Over/Under),-0.0288,unibet:2.38; leovegas_se:2.38; unibet_se:2.38; unibet_nl:2.38; grosvenor:2.38; casumo:2.38; tabtouch:2.38; leovegas:2.35; tipico_de:2.3; betsson:2.28; nordicbet:2.28; betmgm:2.2
Ajax vs FC Volendam,2026-01-24 10:30:00,Under 3.5,1.87,1.7664,9.988802440518579e-05,14,0.0117467678971574,0.006795838099507813,0.00014129546947778024,14,0.013889034372880773,0.009722888433185695,bovada,14,0.1036,2.51,4.76,Eredivisie,Goles (Over/Under),0.4559,bovada:1.87; tipico_de:1.85; unibet:1.77; unibet_nl:1.77; tabtouch:1.77; unibet_se:1.77; leovegas:1.77; grosvenor:1.77; casumo:1.77; betmgm:1.74; leovegas_se:1.73; codere_it:1.73; nordicbet:1.71; betsson:1.71
Ajax vs FC Volendam,2026-01-24 10:30:00,Over 3.5,2.09,1.99,9.988802440518579e-05,14,0.011746767897157446,0.006795838099507896,0.00013491663417836461,14,0.01367020055371211,0.009858528675830052,nordicbet,14,0.1,2.71,6.33,Eredivisie,Goles (Over/Under),0.0948,nordicbet:2.09; betsson:2.09; unibet:2.0; unibet_nl:2.0; tabtouch:2.0; unibet_se:2.0; leovegas:2.0; grosvenor:2.0; casumo:2.0; leovegas_se:1.96; betmgm:1.95; codere_it:1.95; bovada:1.95; tipico_de:1.87
Leicester City vs Oxford United,2026-01-24 10:00:00,Over 2.25,1.97,1.91,9.875526410265626e-05,2,0.011699007295938535,0.011699007295938535,0.0001960281104342724,2,0.016463163671285475,0.016463163671285475,pinnacle,2,0.06,3.14,2.84,Championship,Goles (Over/Under),0.3028,pinnacle:1.97; bovada:1.85
Leicester City vs Oxford United,2026-01-24 10:00:00,Under 2.25,1.98,1.95,9.875526410265626e-05,2,0.011699007295938618,0.011699007295938618,4.4954889978742656e-05,2,0.007891414141414144,0.007891414141414144,bovada,2,0.03,1.54,4.56,Championship,Goles (Over/Under),-0.1886,bovada:1.98; pinnacle:1.92
Barrow vs Crawley Town,2026-01-24 10:00:00,Under 2.5,2.01,1.9025,9.81931154737449e-05,16,0.011660122294845152,0.011223207093488598,0.00019816549512270966,16,0.016553240841129878,0.015840642534925647,pinnacle,16,0.1075,3.18,4.4,League 2,Goles (Over/Under),0.8636,pinnacle:2.01; betsson:1.98; nordicbet:1.98; tipico_de:1.97; williamhill:1.95; betmgm:1.95; codere_it:1.94; bovada:1.87; unibet:1.86; leovegas:1.85; casumo:1.85; unibet_se:1.85; grosvenor:1.85; tabtouch:1.85; unibet_nl:1.85; leovegas_se:1.83
Barrow vs Crawley Town,2026-01-24 10:00:00,Over 2.5,1.87,1.8,9.81931154737449e-05,16,0.01166012229484516,0.011223207093488584,0.00010318973906820193,16,0.011871548671705087,0.00942355894530851,bovada,16,0.07,2.11,6.95,League 2,Goles (Over/Under),0.1799,bovada:1.87; pinnacle:1.83; unibet:1.82; leovegas:1.82; casumo:1.82; unibet_se:1.82; grosvenor:1.82; tabtouch:1.82; unibet_nl:1.82; leovegas_se:1.8; williamhill:1.8; betsson:1.78; nordicbet:1.78; codere_it:1.74; betmgm:1.74; tipico_de:1.72
Las Palmas vs Córdoba,2026-01-24 12:30:00,Under 2.25,2.06,1.995,9.526684304935742e-05,2,0.011484763055443659,0.011484763055443659,0.00019286935035936698,2,0.01634891091101165,0.01634891091101165,pinnacle,2,0.065,3.26,2.89,La Liga 2,Goles (Over/Under),0.3183,pinnacle:2.06; bovada:1.93
Las Palmas vs Córdoba,2026-01-24 12:30:00,Over 2.25,1.89,1.865,9.526684304935742e-05,2,0.011484763055443714,0.011484763055443714,3.747882446614821e-05,2,0.007188865884518003,0.007188865884518003,bovada,2,0.025,1.34,4.72,La Liga 2,Goles (Over/Under),-0.1928,bovada:1.89; pinnacle:1.84
Bromley FC vs Swindon Town,2026-01-24 10:00:00,Under 2.5,2.0,1.8513,8.75510485381693e-05,16,0.011014863876108116,0.009428363270949473,0.00017967343266059505,16,0.01574434249721379,0.01260816025031624,pinnacle,16,0.1487,3.01,4.05,League 2,Goles (Over/Under),1.0148,pinnacle:2.0; tipico_de:1.93; betmgm:1.91; bovada:1.89; codere_it:1.88; williamhill:1.85; betsson:1.85; nordicbet:1.85; unibet:1.81; unibet_se:1.81; leovegas:1.81; unibet_nl:1.81; grosvenor:1.81; tabtouch:1.81; casumo:1.81; leovegas_se:1.79
Bromley FC vs Swindon Town,2026-01-24 10:00:00,Over 2.5,1.88,1.8494,8.75510485381693e-05,16,0.011014863876108083,0.009428363270949435,8.600831990230595e-05,16,0.01086302019033309,0.007855008679242957,betsson,16,0.0306,1.94,7.25,League 2,Goles (Over/Under),0.1255,betsson:1.88; nordicbet:1.88; unibet:1.87; unibet_se:1.87; leovegas:1.87; unibet_nl:1.87; grosvenor:1.87; tabtouch:1.87; casumo:1.87; leovegas_se:1.85; pinnacle:1.85; williamhill:1.85; bovada:1.85; betmgm:1.8; codere_it:1.79; tipico_de:1.75
Blackburn Rovers vs Watford,2026-01-24 10:00:00,Over 2.25,2.01,1.95,8.687172619182898e-05,2,0.010972556831182034,0.010972556831182034,0.0001801216416322947,2,0.01579404564479192,0.01579404564479192,pinnacle,2,0.06,3.08,2.94,Championship,Goles (Over/Under),0.3027,pinnacle:2.01; bovada:1.89
Blackburn Rovers vs Watford,2026-01-24 10:00:00,Under 2.25,1.93,1.905,8.687172619182898e-05,2,0.010972556831182145,0.010972556831182145,3.433269207196851e-05,2,0.0068900892955572335,0.0068900892955572335,bovada,2,0.025,1.31,4.72,Championship,Goles (Over/Under),-0.1886,bovada:1.93; pinnacle:1.88
Cheltenham Town vs Grimsby Town,2026-01-24 10:00:00,Over 2.5,2.0,1.8987,8.195509234168479e-05,16,0.010654070779752361,0.010303405026614205,0.00017008109138777486,16,0.015334011580536601,0.01416546096779521,pinnacle,16,0.1013,2.94,4.35,League 2,Goles (Over/Under),0.892,pinnacle:2.0; betsson:1.98; nordicbet:1.98; williamhill:1.95; tipico_de:1.93; bovada:1.93; codere_it:1.92; betmgm:1.91; unibet:1.85; unibet_nl:1.85; unibet_se:1.85; casumo:1.85; grosvenor:1.85; tabtouch:1.85; leovegas:1.85; leovegas_se:1.83
Cheltenham Town vs Grimsby Town,2026-01-24 10:00:00,Under 2.5,1.84,1.8019,8.195509234168479e-05,16,0.010654070779752414,0.010303405026614268,9.016819297657705e-05,16,0.011101506922152827,0.010176788864803693,pinnacle,16,0.0381,1.97,4.35,League 2,Goles (Over/Under),0.892,pinnacle:1.84; unibet:1.83; unibet_nl:1.83; unibet_se:1.83; casumo:1.83; grosvenor:1.83; tabtouch:1.83; leovegas:1.83; bovada:1.82; leovegas_se:1.81; betsson:1.78; nordicbet:1.78; codere_it:1.75; williamhill:1.75; tipico_de:1.75; betmgm:1.74
Olympiakos Piraeus vs Volos FC,2026-01-24 10:00:00,Under 2.5,2.45,2.325,8.095840114426636e-05,4,0.010345941948106969,0.008451230511251823,0.0001347508245256216,4,0.013509730254338215,0.011189983239672699,williamhill,4,0.125,3.23,7.48,Super League,Goles (Over/Under),0.1404,williamhill:2.45; codere_it:2.3; betmgm:2.3; tipico_de:2.25
Olympiakos Piraeus vs Volos FC,2026-01-24 10:00:00,Over 2.5,1.55,1.5275,8.095840114426636e-05,4,0.010345941948107043,0.008451230511251878,4.731238919249026e-05,4,0.007691217851091548,0.005956145899219889,tipico_de,4,0.0225,1.17,8.96,Super League,Goles (Over/Under),-0.048,tipico_de:1.55; codere_it:1.53; betmgm:1.53; williamhill:1.5
Club Brugge vs SV Zulte-Waregem,2026-01-24 12:15:00,Under 2.5,2.38,2.3264,7.442467937545289e-05,11,0.009990704395360251,0.008006260577121565,0.00013107965261213502,11,0.013380454191266263,0.010026653408632706,unibet,11,0.0536,2.97,6.12,Belgium First Div,Goles (Over/Under),0.1552,unibet:2.38; unibet_nl:2.38; unibet_se:2.38; casumo:2.38; grosvenor:2.38; tabtouch:2.35; leovegas:2.32; leovegas_se:2.32; tipico_de:2.3; williamhill:2.25; betmgm:2.15
Club Brugge vs SV Zulte-Waregem,2026-01-24 12:15:00,Over 2.5,1.61,1.5618,7.442467937545289e-05,11,0.009990704395360253,0.008006260577121534,7.462239153509253e-05,11,0.00977554243257373,0.006950738681566532,betmgm,11,0.0482,1.54,8.62,Belgium First Div,Goles (Over/Under),-0.1798,betmgm:1.61; tipico_de:1.6; williamhill:1.57; unibet:1.56; unibet_nl:1.56; unibet_se:1.56; casumo:1.56; grosvenor:1.56; tabtouch:1.54; leovegas:1.53; leovegas_se:1.53
Bournemouth vs Liverpool,2026-01-24 12:30:00,Over 3.5,2.35,2.2875,7.400108883159849e-05,4,0.009956192858869145,0.00799647314161693,0.00010279820738854837,4,0.011848770325140362,0.011035247101901208,betmgm,4,0.0625,2.68,7.91,EPL,Goles (Over/Under),0.0076,betmgm:2.35; mybookieag:2.34; codere_it:2.26; tipico_de:2.2
Bournemouth vs Liverpool,2026-01-24 12:30:00,Under 3.5,1.6,1.5575,7.400108883159849e-05,4,0.00995619285886913,0.007996473141616917,9.346198690804019e-05,4,0.01093371393067034,0.009229944891709613,tipico_de,4,0.0425,1.72,7.95,EPL,Goles (Over/Under),0.0025,tipico_de:1.6; mybookieag:1.56; codere_it:1.54; betmgm:1.53
Manchester City vs Wolverhampton Wanderers,2026-01-24 10:00:00,Over 3.5,2.45,2.404,6.18432644965543e-05,10,0.009091519673780652,0.0054127611447081555,0.00013508158006664817,10,0.013550578419655205,0.009461348513839668,leovegas,10,0.046,3.04,4.92,EPL,Goles (Over/Under),0.1362,leovegas:2.45; leovegas_se:2.45; codere_it:2.44; unibet_nl:2.43; tabtouch:2.43; unibet_se:2.43; grosvenor:2.43; casumo:2.43; betmgm:2.35; tipico_de:2.2
Manchester City vs Wolverhampton Wanderers,2026-01-24 10:00:00,Under 3.5,1.6,1.564,6.18432644965543e-05,10,0.009091519673780663,0.0054127611447081555,4.194567496267495e-05,10,0.007327377146772115,0.00500203951924263,tipico_de,10,0.036,1.15,7.95,EPL,Goles (Over/Under),-0.2969,tipico_de:1.6; codere_it:1.59; leovegas:1.56; unibet_nl:1.56; tabtouch:1.56; leovegas_se:1.56; unibet_se:1.56; grosvenor:1.56; casumo:1.56; betmgm:1.53
Fiorentina vs Cagliari,2026-01-24 12:00:00,Over 2.5,2.02,1.9667,5.7101871376796423e-05,15,0.00888982367034417,0.007812823053364237,0.00011151255893109567,15,0.01242681686542153,0.01065462603384446,pinnacle,15,0.0533,2.4,2.42,Serie A,Goles (Over/Under),1.6198,pinnacle:2.02; leovegas_se:2.02; unibet_se:2.0; unibet_nl:2.0; tabtouch:2.0; grosvenor:2.0; casumo:2.0; nordicbet:1.98; betsson:1.98; leovegas:1.97; bovada:1.95; williamhill:1.91; codere_it:1.9; tipico_de:1.9; betmgm:1.87
Fiorentina vs Cagliari,2026-01-24 12:00:00,Under 2.5,1.89,1.804,5.7101871376796423e-05,15,0.008889823670344138,0.007812823053364216,0.000104599172982616,15,0.011979307573998418,0.010369529604888305,pinnacle,15,0.086,2.2,2.42,Serie A,Goles (Over/Under),1.6198,pinnacle:1.89; bovada:1.87; tipico_de:1.85; betmgm:1.83; nordicbet:1.82; betsson:1.82; williamhill:1.8; leovegas_se:1.79; grosvenor:1.78; codere_it:1.77; unibet_se:1.77; unibet_nl:1.77; tabtouch:1.77; casumo:1.77; leovegas:1.76
Leicester City vs Oxford United,2026-01-24 10:00:00,Over 2.5,2.22,2.1007,5.321388741750143e-05,14,0.008524087999295842,0.006468472132754826,9.354509619638792e-05,14,0.011362184836318463,0.008380662830006966,nordicbet,14,0.1193,2.48,5.65,Championship,Goles (Over/Under),0.1929,nordicbet:2.22; betsson:2.22; codere_it:2.13; williamhill:2.1; unibet_nl:2.08; unibet:2.08; tabtouch:2.08; leovegas_se:2.08; unibet_se:2.08; leovegas:2.08; grosvenor:2.08; casumo:2.08; betmgm:2.05; tipico_de:2.05
Leicester City vs Oxford United,2026-01-24 10:00:00,Under 2.5,1.71,1.6921,5.321388741750143e-05,14,0.008524087999295804,0.006468472132754826,5.085677079867469e-05,14,0.008245401683564099,0.007589451465962087,unibet_nl,14,0.0179,1.38,6.56,Championship,Goles (Over/Under),0.0274,unibet_nl:1.71; unibet:1.71; tabtouch:1.71; leovegas_se:1.71; unibet_se:1.71; leovegas:1.71; grosvenor:1.71; casumo:1.71; codere_it:1.7; williamhill:1.67; betmgm:1.67; tipico_de:1.67; nordicbet:1.65; betsson:1.65
Olympiakos Piraeus vs Volos FC,2026-01-24 10:00:00,Over 3.0,1.97,1.93,5.165835051288174e-05,2,0.00846195689127624,0.00846195689127624,8.337832355717243e-05,2,0.010743157951279836,0.010743157951279836,pinnacle,2,0.04,2.07,3.95,Super League,Goles (Over/Under),0.0987,pinnacle:1.97; bovada:1.89
Olympiakos Piraeus vs Volos FC,2026-01-24 10:00:00,Under 3.0,1.93,1.905,5.165835051288174e-05,2,0.008461956891276323,0.008461956891276323,3.433269207196851e-05,2,0.0068900892955572335,0.0068900892955572335,bovada,2,0.025,1.31,4.72,Super League,Goles (Over/Under),-0.0805,bovada:1.93; pinnacle:1.88
Harrogate Town vs Gillingham,2026-01-24 10:00:00,Under 2.5,1.83,1.7769,4.765619081788141e-05,16,0.008111411953953228,0.005712822781993872,4.7771405086012565e-05,16,0.008064641625868898,0.005132675965806313,pinnacle,16,0.0531,1.42,4.4,League 2,Goles (Over/Under),0.8,pinnacle:1.83; williamhill:1.8; tipico_de:1.8; unibet:1.78; leovegas:1.78; casumo:1.78; unibet_se:1.78; grosvenor:1.78; tabtouch:1.78; unibet_nl:1.78; betsson:1.78; nordicbet:1.78; codere_it:1.77; leovegas_se:1.76; betmgm:1.74; bovada:1.71
Harrogate Town vs Gillingham,2026-01-24 10:00:00,Over 2.5,2.08,1.9381,4.765619081788141e-05,16,0.008111411953953209,0.005712822781993861,0.00011994628356538358,16,0.012890281715905012,0.010469039903735412,bovada,16,0.1419,2.59,6.56,League 2,Goles (Over/Under),0.2073,bovada:2.08; pinnacle:2.01; betsson:1.98; nordicbet:1.98; williamhill:1.95; betmgm:1.95; unibet:1.91; leovegas:1.91; casumo:1.91; unibet_se:1.91; grosvenor:1.91; tabtouch:1.91; unibet_nl:1.91; codere_it:1.91; tipico_de:1.9; leovegas_se:1.88
Walsall vs Accrington Stanley,2026-01-24 10:00:00,Under 2.5,1.67,1.5807,4.701611797573635e-05,15,0.00797367393053112,0.006378712785659261,0.00011506240674172101,15,0.012234658963258664,0.009233607393989056,bovada,15,0.0893,1.99,6.39,League 2,Goles (Over/Under),0.3161,bovada:1.67; williamhill:1.62; tipico_de:1.62; codere_it:1.59; betsson:1.58; nordicbet:1.58; unibet:1.57; betmgm:1.57; tabtouch:1.56; grosvenor:1.56; unibet_nl:1.56; unibet_se:1.56; leovegas:1.56; casumo:1.56; leovegas_se:1.55
Walsall vs Accrington Stanley,2026-01-24 10:00:00,Over 2.5,2.28,2.2167,4.701611797573635e-05,15,0.007973673930531128,0.0063787127856592685,4.119906274216448e-05,15,0.007522111250463847,0.006009084895377163,betsson,15,0.0633,1.66,7.15,League 2,Goles (Over/Under),0.1762,betsson:2.28; nordicbet:2.28; unibet:2.23; tabtouch:2.23; grosvenor:2.23; unibet_nl:2.23; unibet_se:2.23; leovegas:2.23; casumo:2.23; leovegas_se:2.2; williamhill:2.2; betmgm:2.2; codere_it:2.18; tipico_de:2.15; bovada:2.15
Hull City vs Swansea City,2026-01-24 10:00:00,Under 2.5,1.82,1.6853,4.642366044941069e-05,15,0.007992217495492697,0.004790915782368255,0.00010889692745141982,15,0.012144856313909477,0.005889253793445426,bovada,15,0.1347,2.19,4.45,Championship,Goles (Over/Under),0.5753,bovada:1.82; betsson:1.68; nordicbet:1.68; grosvenor:1.68; casumo:1.68; unibet_nl:1.68; tabtouch:1.68; leovegas_se:1.68; leovegas:1.68; unibet_se:1.68; unibet:1.68; williamhill:1.67; betmgm:1.67; tipico_de:1.67; codere_it:1.65
Hull City vs Swansea City,2026-01-24 10:00:00,Over 2.5,2.12,2.0993,4.642366044941069e-05,15,0.007992217495492771,0.0047909157823683175,4.208394957752206e-05,15,0.00763234818359974,0.006387334224894,betsson,15,0.0207,1.57,6.69,Championship,Goles (Over/Under),0.0478,betsson:2.12; nordicbet:2.12; grosvenor:2.12; casumo:2.12; unibet_nl:2.12; tabtouch:2.12; leovegas_se:2.12; leovegas:2.12; unibet_se:2.12; unibet:2.12; williamhill:2.1; codere_it:2.07; betmgm:2.05; tipico_de:2.05; bovada:2.02
Cambridge United vs Tranmere Rovers,2026-01-24 10:00:00,Over 2.5,2.1,2.01,4.521062203293583e-05,15,0.007884446605793393,0.007144877075594972,9.301925103363905e-05,15,0.011353385629385995,0.010152565400595852,williamhill,15,0.09,2.32,7.5,League 2,Goles (Over/Under),0.164,williamhill:2.1; bovada:2.1; tipico_de:2.05; betmgm:2.05; codere_it:2.04; betsson:2.02; nordicbet:2.02; unibet:1.98; casumo:1.97; tabtouch:1.97; leovegas_se:1.97; leovegas:1.97; unibet_nl:1.97; unibet_se:1.97; grosvenor:1.97
Cambridge United vs Tranmere Rovers,2026-01-24 10:00:00,Under 2.5,1.72,1.6967,4.521062203293583e-05,15,0.007884446605793419,0.007144877075594991,3.7340346368043674e-05,15,0.007072945036006898,0.006522581039584896,betsson,15,0.0233,1.19,7.64,League 2,Goles (Over/Under),0.1427,betsson:1.72; nordicbet:1.72; unibet:1.71; casumo:1.71; tabtouch:1.71; leovegas:1.71; unibet_nl:1.71; unibet_se:1.71; grosvenor:1.71; bovada:1.69; leovegas_se:1.68; williamhill:1.67; tipico_de:1.67; betmgm:1.67; codere_it:1.66
Wycombe Wanderers vs Peterborough United,2026-01-24 10:00:00,Over 2.5,1.92,1.8231,4.452821965565153e-05,16,0.007854233683390445,0.005412247803570122,0.00011268990334909733,16,0.012444450730936371,0.00946964043878435,pinnacle,16,0.0969,2.3,3.37,League 1,Goles (Over/Under),1.3383,pinnacle:1.92; betsson:1.88; nordicbet:1.88; bovada:1.87; codere_it:1.82; unibet:1.81; leovegas_se:1.81; tabtouch:1.81; grosvenor:1.81; leovegas:1.81; casumo:1.81; unibet_nl:1.81; unibet_se:1.81; tipico_de:1.8; betmgm:1.77; williamhill:1.75
Wycombe Wanderers vs Peterborough United,2026-01-24 10:00:00,Under 2.5,1.96,1.8875,4.452821965565153e-05,16,0.007854233683390483,0.005412247803570174,6.614615833827515e-05,16,0.009563123844882645,0.008020659066516715,codere_it,16,0.0725,1.84,5.97,League 1,Goles (Over/Under),0.3199,codere_it:1.96; pinnacle:1.95; williamhill:1.95; betmgm:1.91; tipico_de:1.9; unibet:1.87; leovegas_se:1.87; tabtouch:1.87; grosvenor:1.87; leovegas:1.87; casumo:1.87; unibet_nl:1.87; unibet_se:1.87; bovada:1.87; betsson:1.85; nordicbet:1.85
Colchester United vs Fleetwood Town,2026-01-24 10:00:00,Over 2.5,1.88,1.7744,4.219553425031472e-05,16,0.007642084358924132,0.007452454571235639,0.00012836277162672525,16,0.013242626440450503,0.011652764044591563,pinnacle,16,0.1056,2.39,4.47,League 2,Goles (Over/Under),0.8479,pinnacle:1.88; betsson:1.82; nordicbet:1.82; williamhill:1.8; tipico_de:1.8; betmgm:1.8; codere_it:1.79; bovada:1.78; unibet:1.74; leovegas:1.74; casumo:1.74; unibet_se:1.74; grosvenor:1.74; tabtouch:1.74; unibet_nl:1.74; leovegas_se:1.72
Colchester United vs Fleetwood Town,2026-01-24 10:00:00,Under 2.5,1.98,1.9281,4.219553425031472e-05,16,0.0076420843589240966,0.007452454571235594,3.8026957915868404e-05,16,0.007253595408924546,0.005722739605232792,bovada,16,0.0519,1.39,6.68,League 2,Goles (Over/Under),0.2365,bovada:1.98; unibet:1.95; pinnacle:1.95; leovegas:1.94; casumo:1.94; unibet_se:1.94; grosvenor:1.94; tabtouch:1.94; unibet_nl:1.94; leovegas_se:1.93; betsson:1.92; nordicbet:1.92; williamhill:1.91; tipico_de:1.9; codere_it:1.88; betmgm:1.87
Sporting Gijón vs CD Mirandés,2026-01-24 12:30:00,Under 2.25,2.08,2.03,4.066523558157015e-05,2,0.00749901504477371,0.00749901504477371,0.0001063627624031077,2,0.012140637140637178,0.012140637140637178,pinnacle,2,0.05,2.46,2.72,La Liga 2,Goles (Over/Under),0.3382,pinnacle:2.08; bovada:1.98
Sporting Gijón vs CD Mirandés,2026-01-24 12:30:00,Over 2.25,1.85,1.84,4.066523558157015e-05,2,0.0074990150447737935,0.0074990150447737935,6.341650590827399e-06,2,0.002953773445576735,0.002953773445576735,bovada,2,0.01,0.54,4.56,La Liga 2,Goles (Over/Under),-0.2018,bovada:1.85; pinnacle:1.83
Rennes vs Lorient,2026-01-24 11:00:00,Over 2.5,1.82,1.7127,3.921286326809302e-05,15,0.007347630270066256,0.005072817974543494,7.669869522125966e-05,15,0.010203116506542298,0.006491284264187006,bovada,15,0.1073,1.83,4.45,Ligue 1,Goles (Over/Under),0.4697,bovada:1.82; williamhill:1.73; tipico_de:1.72; nordicbet:1.72; betsson:1.72; grosvenor:1.71; unibet_nl:1.7; unibet:1.7; leovegas:1.7; casumo:1.7; tabtouch:1.7; leovegas_se:1.7; unibet_se:1.7; betmgm:1.69; codere_it:1.68
Rennes vs Lorient,2026-01-24 11:00:00,Under 2.5,2.12,2.078,3.921286326809302e-05,15,0.0073476302700662775,0.005072817974543461,5.1582425868364074e-05,15,0.008452330538385783,0.006985788714384056,grosvenor,15,0.042,1.72,5.65,Ligue 1,Goles (Over/Under),0.1575,grosvenor:2.12; tipico_de:2.1; unibet_nl:2.1; unibet:2.1; leovegas:2.1; casumo:2.1; tabtouch:2.1; leovegas_se:2.1; unibet_se:2.1; nordicbet:2.08; betsson:2.08; betmgm:2.05; codere_it:2.02; bovada:2.02; williamhill:2.0
MSV Duisburg vs Jahn Regensburg,2026-01-24 10:30:00,Over 2.5,1.76,1.7231,3.852846195871045e-05,13,0.007294134712023539,0.006740128809791084,9.147890006476885e-06,13,0.003521000991154812,0.001876477726209409,bovada,13,0.0369,0.62,6.32,3. Liga,Goles (Over/Under),0.5839,bovada:1.76; tipico_de:1.72; nordicbet:1.72; betsson:1.72; codere_it:1.72; tabtouch:1.72; unibet_nl:1.72; grosvenor:1.72; casumo:1.72; leovegas_se:1.72; leovegas:1.72; unibet_se:1.72; unibet:1.72
MSV Duisburg vs Jahn Regensburg,2026-01-24 10:30:00,Under 2.5,2.05,1.9262,3.852846195871045e-05,13,0.007294134712023473,0.006740128809790998,0.0001885430593760523,13,0.016157524880906136,0.015053714725382344,tipico_de,13,0.1238,3.18,6.92,3. Liga,Goles (Over/Under),0.4465,tipico_de:2.05; bovada:2.02; nordicbet:1.98; betsson:1.98; codere_it:1.97; tabtouch:1.88; unibet_nl:1.88; grosvenor:1.88; casumo:1.88; leovegas_se:1.88; leovegas:1.88; unibet_se:1.88; unibet:1.88
Bournemouth vs Liverpool,2026-01-24 12:30:00,Under 2.5,2.48,2.426,3.673008286429876e-05,10,0.006986404296361096,0.003935600589247518,9.116518495118453e-05,10,0.011112411641120215,0.00639217375520495,nordicbet,10,0.054,2.54,4.84,EPL,Goles (Over/Under),0.1136,nordicbet:2.48; betsson:2.48; leovegas:2.45; leovegas_se:2.45; unibet_nl:2.43; unibet_se:2.43; tabtouch:2.43; grosvenor:2.43; casumo:2.43; williamhill:2.25
Bournemouth vs Liverpool,2026-01-24 12:30:00,Over 2.5,1.57,1.559,3.673008286429876e-05,10,0.0069864042963611395,0.0039356005892475674,3.85239323286717e-06,10,0.0022163841584252274,0.0014867264096768973,williamhill,10,0.011,0.35,8.14,EPL,Goles (Over/Under),-0.3378,williamhill:1.57; leovegas:1.56; unibet_nl:1.56; unibet_se:1.56; leovegas_se:1.56; tabtouch:1.56; grosvenor:1.56; casumo:1.56; nordicbet:1.55; betsson:1.55
Sheffield United vs Ipswich Town,2026-01-24 10:00:00,Under 2.5,1.91,1.8388,3.4466731453700674e-05,16,0.006910650223426661,0.00527847006856378,2.930671864194056e-05,16,0.006355931733974052,0.004536875838632291,pinnacle,16,0.0712,1.2,3.12,Championship,Goles (Over/Under),1.4391,pinnacle:1.91; codere_it:1.87; williamhill:1.85; tipico_de:1.85; betmgm:1.83; leovegas_se:1.83; unibet:1.83; casumo:1.83; leovegas:1.83; unibet_nl:1.83; tabtouch:1.83; grosvenor:1.83; unibet_se:1.83; bovada:1.83; betsson:1.82; nordicbet:1.82
Sheffield United vs Ipswich Town,2026-01-24 10:00:00,Over 2.5,2.0,1.8806,3.4466731453700674e-05,16,0.006910650223426629,0.005278470068563752,0.00015820634904485987,16,0.014788401667558638,0.012998713029276493,bovada,16,0.1194,2.86,4.64,Championship,Goles (Over/Under),0.6401,bovada:2.0; pinnacle:1.97; betsson:1.95; nordicbet:1.95; codere_it:1.91; betmgm:1.85; leovegas_se:1.85; unibet:1.85; casumo:1.85; leovegas:1.85; unibet_nl:1.85; tabtouch:1.85; grosvenor:1.85; unibet_se:1.85; williamhill:1.83; tipico_de:1.83
Sporting Gijón vs CD Mirandés,2026-01-24 12:30:00,Over 2.5,2.1,2.0414,3.2802549241457865e-05,14,0.006714023669071772,0.006043835533590796,4.403012595203264e-05,14,0.007811070314611412,0.006508995336982194,williamhill,14,0.0586,1.58,7.5,La Liga 2,Goles (Over/Under),0.168,williamhill:2.1; unibet:2.06; grosvenor:2.06; casumo:2.06; leovegas:2.06; unibet_nl:2.06; unibet_se:2.06; tabtouch:2.06; leovegas_se:2.04; betsson:2.02; nordicbet:2.02; codere_it:2.01; betmgm:2.0; tipico_de:1.97
Sporting Gijón vs CD Mirandés,2026-01-24 12:30:00,Under 2.5,1.72,1.6736,3.2802549241457865e-05,14,0.006714023669071727,0.006043835533590732,4.376343914530388e-05,14,0.007645572728021483,0.0066882531187076166,tipico_de,14,0.0464,1.29,8.9,La Liga 2,Goles (Over/Under),-0.0157,tipico_de:1.72; betsson:1.7; nordicbet:1.7; codere_it:1.69; betmgm:1.69; williamhill:1.67; unibet:1.66; grosvenor:1.66; casumo:1.66; leovegas:1.66; unibet_nl:1.66; unibet_se:1.66; tabtouch:1.66; leovegas_se:1.64
Motherwell vs Kilmarnock,2026-01-24 10:00:00,Over 2.5,1.93,1.8388,3.117133124126387e-05,16,0.006571090239212592,0.003730385548026325,5.569885462761595e-05,16,0.008758201452032854,0.005744314707722131,pinnacle,16,0.0912,1.64,2.83,Premiership,Goles (Over/Under),1.7809,pinnacle:1.93; betmgm:1.87; williamhill:1.85; nordicbet:1.85; betsson:1.85; codere_it:1.84; tipico_de:1.83; unibet:1.83; casumo:1.83; grosvenor:1.83; tabtouch:1.83; leovegas:1.83; unibet_se:1.83; unibet_nl:1.83; leovegas_se:1.81; bovada:1.78
Motherwell vs Kilmarnock,2026-01-24 10:00:00,Under 2.5,1.98,1.8713,3.117133124126387e-05,16,0.006571090239212606,0.003730385548026377,0.00010636895542738607,16,0.012124624190608784,0.009526525158336525,bovada,16,0.1087,2.34,6.68,Premiership,Goles (Over/Under),0.1781,bovada:1.98; pinnacle:1.96; codere_it:1.93; nordicbet:1.88; betsson:1.88; williamhill:1.85; tipico_de:1.85; unibet:1.85; casumo:1.85; grosvenor:1.85; tabtouch:1.85; leovegas:1.85; unibet_se:1.85; unibet_nl:1.85; betmgm:1.83; leovegas_se:1.83
Stevenage vs Mansfield Town,2026-01-24 10:00:00,Over 2.0,1.79,1.74,3.1060682334168406e-05,2,0.006532034368446016,0.006532034368446016,0.00020169409221763857,2,0.016528379227133017,0.016528379227133017,pinnacle,2,0.05,2.87,3.26,League 1,Goles (Over/Under),0.5399,pinnacle:1.79; bovada:1.69
Stevenage vs Mansfield Town,2026-01-24 10:00:00,Under 2.0,2.11,2.105,3.1060682334168406e-05,2,0.006532034368445988,0.006532034368445988,9.207959561141545e-07,2,0.0011284134506883148,0.0011284134506883148,pinnacle,2,0.005,0.24,3.26,League 1,Goles (Over/Under),0.5399,pinnacle:2.11; bovada:2.1
Blackburn Rovers vs Watford,2026-01-24 10:00:00,Over 2.5,2.25,2.2173,2.6547582423598138e-05,11,0.005987322070312318,0.004632519279276609,3.2662635263708337e-05,11,0.006702907558267984,0.005096136231243684,williamhill,11,0.0327,1.45,6.94,Championship,Goles (Over/Under),0.2536,williamhill:2.25; leovegas:2.23; unibet_nl:2.23; tabtouch:2.23; unibet_se:2.23; grosvenor:2.23; unibet:2.23; leovegas_se:2.23; casumo:2.23; codere_it:2.15; betmgm:2.15
Blackburn Rovers vs Watford,2026-01-24 10:00:00,Under 2.5,1.61,1.5727,2.6547582423598138e-05,11,0.005987322070312308,0.004632519279276578,4.520154162955376e-05,11,0.00763430761164973,0.006668138638632793,betmgm,11,0.0373,1.22,8.62,Championship,Goles (Over/Under),0.0093,betmgm:1.61; codere_it:1.6; williamhill:1.6; unibet:1.57; leovegas:1.56; unibet_nl:1.56; tabtouch:1.56; unibet_se:1.56; grosvenor:1.56; leovegas_se:1.56; casumo:1.56
Manchester City vs Wolverhampton Wanderers,2026-01-24 10:00:00,Over 3.0,1.94,1.895,2.0244592816238472e-05,2,0.00529689608636974,0.00529689608636974,0.00011378051244467389,2,0.012538311507383604,0.012538311507383604,pinnacle,2,0.045,2.37,2.57,EPL,Goles (Over/Under),0.537,pinnacle:1.94; mybookieag:1.85
Manchester City vs Wolverhampton Wanderers,2026-01-24 10:00:00,Under 3.0,1.96,1.955,2.0244592816238472e-05,2,0.005296896086369712,0.005296896086369712,1.2351916592405997e-06,2,0.0013082155939299067,0.0013082155939299067,pinnacle,2,0.005,0.26,2.57,EPL,Goles (Over/Under),0.537,pinnacle:1.96; mybookieag:1.95
Rotherham United vs Wimbledon,2026-01-24 10:00:00,Over 2.0,1.79,1.78,2.00675990997065e-05,2,0.0052608311229001,0.0052608311229001,7.297711159973434e-06,2,0.0031562667676672262,0.0031562667676672262,pinnacle,2,0.01,0.56,3.26,League 1,Goles (Over/Under),0.4969,pinnacle:1.79; bovada:1.77
Rotherham United vs Wimbledon,2026-01-24 10:00:00,Under 2.0,2.11,2.055,2.00675990997065e-05,2,0.005260831122900073,0.005260831122900073,0.000122638429505436,2,0.013033175355450233,0.013033175355450233,pinnacle,2,0.055,2.68,3.26,League 1,Goles (Over/Under),0.4969,pinnacle:2.11; bovada:2.0
Fulham vs Brighton and Hove Albion,2026-01-24 10:00:00,Over 2.5,1.92,1.8427,1.866215745498059e-05,15,0.005085244454221522,0.004230281904460346,7.248163092635379e-05,15,0.009985190576395,0.0074947343518031746,pinnacle,15,0.0773,1.84,2.33,EPL,Goles (Over/Under),1.5794,pinnacle:1.92; nordicbet:1.88; betsson:1.88; mybookieag:1.86; williamhill:1.85; leovegas:1.85; leovegas_se:1.85; tipico_de:1.83; casumo:1.83; unibet_nl:1.83; tabtouch:1.83; unibet_se:1.83; grosvenor:1.83; codere_it:1.8; betmgm:1.77
Fulham vs Brighton and Hove Albion,2026-01-24 10:00:00,Under 2.5,1.99,1.934,1.866215745498059e-05,15,0.005085244454221541,0.004230281904460387,6.504661661996748e-05,15,0.009485107834874818,0.007367916368879878,pinnacle,15,0.056,1.8,2.33,EPL,Goles (Over/Under),1.5794,pinnacle:1.99; leovegas:1.96; leovegas_se:1.96; mybookieag:1.95; casumo:1.95; unibet_nl:1.95; tabtouch:1.95; unibet_se:1.95; grosvenor:1.95; tipico_de:1.93; nordicbet:1.92; betsson:1.92; betmgm:1.91; codere_it:1.87; williamhill:1.85
Burnley vs Tottenham Hotspur,2026-01-24 10:00:00,Under 2.5,1.8,1.7233,1.8205599553284724e-05,15,0.005003928024900067,0.0027241351670477475,7.363985559163697e-05,15,0.00997487454089087,0.007216362179306213,bovada,15,0.0767,1.73,4.34,EPL,Goles (Over/Under),0.3341,bovada:1.8; mybookieag:1.74; leovegas:1.74; leovegas_se:1.74; casumo:1.73; unibet_nl:1.73; tabtouch:1.73; unibet_se:1.73; grosvenor:1.73; nordicbet:1.72; betsson:1.72; tipico_de:1.7; betmgm:1.69; codere_it:1.68; williamhill:1.67
Burnley vs Tottenham Hotspur,2026-01-24 10:00:00,Over 2.5,2.12,2.0947,1.8205599553284724e-05,15,0.005003928024900077,0.0027241351670477328,2.8900190320961124e-05,15,0.0063250064164996215,0.0047686116984351585,leovegas,15,0.0253,1.3,4.64,EPL,Goles (Over/Under),0.2478,leovegas:2.12; leovegas_se:2.12; nordicbet:2.12; betsson:2.12; mybookieag:2.11; williamhill:2.1; tipico_de:2.1; casumo:2.1; unibet_nl:2.1; tabtouch:2.1; unibet_se:2.1; grosvenor:2.1; betmgm:2.05; bovada:2.05; codere_it:2.03
Reading vs Barnsley,2026-01-24 10:00:00,Over 2.5,1.75,1.7127,1.7653810263544684e-05,15,0.004931337388474241,0.003563762743491794,2.478517956402145e-05,15,0.005776705618935128,0.003578055961454381,williamhill,15,0.0373,0.99,8.42,League 1,Goles (Over/Under),0.0261,williamhill:1.75; bovada:1.74; betsson:1.72; nordicbet:1.72; unibet:1.71; leovegas_se:1.71; grosvenor:1.71; casumo:1.71; leovegas:1.71; unibet_se:1.71; unibet_nl:1.71; tabtouch:1.71; betmgm:1.71; codere_it:1.7; tipico_de:1.67
Reading vs Barnsley,2026-01-24 10:00:00,Under 2.5,2.05,1.9907,1.7653810263544684e-05,15,0.004931337388474224,0.0035637627434918088,4.0953136696658325e-05,15,0.0075343284685838565,0.006539059267145494,tipico_de,15,0.0593,1.52,8.66,League 1,Goles (Over/Under),-0.0023,tipico_de:2.05; bovada:2.05; betsson:2.02; nordicbet:2.02; codere_it:2.0; betmgm:2.0; unibet:1.98; leovegas_se:1.97; grosvenor:1.97; casumo:1.97; leovegas:1.97; unibet_se:1.97; unibet_nl:1.97; tabtouch:1.97; williamhill:1.95
Olympiakos Piraeus vs Volos FC,2026-01-24 10:00:00,Over 3.5,2.38,2.271,1.6741414429073844e-05,10,0.0047352724596417,0.0032040369429052473,8.317040407277213e-05,10,0.010643597711512527,0.008172481113657565,nordicbet,10,0.109,2.49,4.91,Super League,Goles (Over/Under),0.5967,nordicbet:2.38; betsson:2.38; leovegas_se:2.25; tabtouch:2.25; unibet_nl:2.25; leovegas:2.25; casumo:2.25; unibet_se:2.25; grosvenor:2.25; unibet:2.2
Olympiakos Piraeus vs Volos FC,2026-01-24 10:00:00,Under 3.5,1.59,1.568,1.6741414429073844e-05,10,0.004735272459641726,0.003204036942905231,1.9775048508708683e-05,10,0.0050404004944937155,0.004522545363242758,nordicbet,10,0.022,0.8,4.91,Super League,Goles (Over/Under),0.5967,nordicbet:1.59; betsson:1.59; unibet:1.58; leovegas_se:1.56; tabtouch:1.56; unibet_nl:1.56; leovegas:1.56; casumo:1.56; unibet_se:1.56; grosvenor:1.56
Bristol City vs Sheffield Wednesday,2026-01-24 10:00:00,Over 2.5,1.56,1.5433,1.598024898673915e-05,12,0.004604311236650456,0.0024923629057624444,3.729253113024723e-05,12,0.006839091355498592,0.004975841457165758,codere_it,12,0.0167,1.04,5.94,Championship,Goles (Over/Under),0.1431,codere_it:1.56; leovegas:1.55; casumo:1.55; grosvenor:1.55; unibet_nl:1.55; unibet:1.55; tabtouch:1.55; leovegas_se:1.55; unibet_se:1.55; betmgm:1.54; tipico_de:1.52; williamhill:1.5
Bristol City vs Sheffield Wednesday,2026-01-24 10:00:00,Under 2.5,2.4,2.3825,1.598024898673915e-05,12,0.004604311236650453,0.002492362905762477,4.4796609544592185e-05,12,0.007801943873371475,0.005040882079147315,williamhill,12,0.0175,1.77,8.33,Championship,Goles (Over/Under),-0.1849,williamhill:2.4; leovegas:2.4; casumo:2.4; grosvenor:2.4; unibet_nl:2.4; unibet:2.4; tabtouch:2.4; leovegas_se:2.4; unibet_se:2.4; codere_it:2.39; tipico_de:2.35; betmgm:2.25
Doncaster Rovers vs Wigan Athletic,2026-01-24 10:00:00,Under 2.5,1.69,1.6653,1.4554572554455893e-05,15,0.004463337208398351,0.004012067910320331,1.4266474901685761e-05,15,0.004354399651141175,0.0034520654174404384,bovada,15,0.0247,0.72,6.79,League 1,Goles (Over/Under),0.2253,bovada:1.69; unibet:1.67; leovegas:1.67; unibet_se:1.67; unibet_nl:1.67; casumo:1.67; leovegas_se:1.67; tabtouch:1.67; grosvenor:1.67; williamhill:1.67; tipico_de:1.67; betsson:1.65; nordicbet:1.65; betmgm:1.65; codere_it:1.64
Doncaster Rovers vs Wigan Athletic,2026-01-24 10:00:00,Over 2.5,2.12,2.072,1.4554572554455893e-05,15,0.004463337208398408,0.004012067910320375,2.994078733532532e-05,15,0.006437612321260696,0.006111417102770341,betsson,15,0.048,1.34,7.78,League 1,Goles (Over/Under),0.0694,betsson:2.12; nordicbet:2.12; williamhill:2.1; bovada:2.1; betmgm:2.1; codere_it:2.09; unibet:2.05; leovegas:2.05; unibet_se:2.05; unibet_nl:2.05; casumo:2.05; leovegas_se:2.05; tabtouch:2.05; grosvenor:2.05; tipico_de:2.05
Las Palmas vs Córdoba,2026-01-24 12:30:00,Over 2.5,2.0,1.99,1.39280839674618e-05,14,0.00438419194551855,0.003091474251587547,1.7836646192774426e-05,14,0.004971763433537853,0.003658156971927205,unibet,14,0.01,0.97,8.82,La Liga 2,Goles (Over/Under),-0.0113,unibet:2.0; casumo:2.0; leovegas:2.0; grosvenor:2.0; unibet_se:2.0; tabtouch:2.0; unibet_nl:2.0; nordicbet:2.0; betsson:2.0; williamhill:2.0; codere_it:1.98; betmgm:1.98; leovegas_se:1.97; tipico_de:1.93
Las Palmas vs Córdoba,2026-01-24 12:30:00,Under 2.5,1.75,1.7107,1.39280839674618e-05,14,0.0043841919455185315,0.0030914742515875354,2.8640942002266705e-05,14,0.00621403783489847,0.005160234946291594,tipico_de,14,0.0393,1.07,8.96,La Liga 2,Goles (Over/Under),-0.0268,tipico_de:1.75; betmgm:1.74; williamhill:1.73; nordicbet:1.72; betsson:1.72; codere_it:1.71; unibet:1.7; casumo:1.7; leovegas:1.7; grosvenor:1.7; unibet_se:1.7; tabtouch:1.7; unibet_nl:1.7; leovegas_se:1.68
Leganés vs Real Sociedad B,2026-01-24 10:15:00,Under 2.5,1.7,1.6785,1.3589724096456831e-05,13,0.004320645594692334,0.004076614377501338,2.1506654607138024e-05,13,0.005359393179434435,0.004772593875894144,betsson,13,0.0215,0.9,8.33,La Liga 2,Goles (Over/Under),0.0264,betsson:1.7; nordicbet:1.7; williamhill:1.7; codere_it:1.69; betmgm:1.69; unibet:1.67; grosvenor:1.67; unibet_se:1.67; casumo:1.67; leovegas:1.67; tabtouch:1.67; tipico_de:1.67; leovegas_se:1.65
Leganés vs Real Sociedad B,2026-01-24 10:15:00,Over 2.5,2.06,2.0423,1.3589724096456831e-05,13,0.0043206455946923185,0.004076614377501329,1.891820610974778e-05,13,0.005120335377656735,0.004512480858487023,unibet,13,0.0177,1.04,8.42,La Liga 2,Goles (Over/Under),0.0154,unibet:2.06; grosvenor:2.06; unibet_se:2.06; casumo:2.06; leovegas:2.06; tabtouch:2.06; williamhill:2.05; tipico_de:2.05; leovegas_se:2.04; betsson:2.02; nordicbet:2.02; codere_it:2.01; betmgm:2.0
Blackpool vs Northampton Town,2026-01-24 10:00:00,Under 2.5,1.75,1.6953,1.3336196783821328e-05,15,0.004282799081607979,0.0026457869221983604,3.9413192972650165e-05,15,0.007282299953440312,0.006117195131190712,codere_it,15,0.0547,1.25,5.92,League 1,Goles (Over/Under),0.4493,codere_it:1.75; betsson:1.72; nordicbet:1.72; tipico_de:1.72; williamhill:1.7; bovada:1.69; betmgm:1.69; unibet:1.68; leovegas:1.68; tabtouch:1.68; leovegas_se:1.68; grosvenor:1.68; unibet_se:1.68; unibet_nl:1.68; casumo:1.68
Blackpool vs Northampton Town,2026-01-24 10:00:00,Over 2.5,2.1,2.0173,1.3336196783821328e-05,15,0.0042827990816080045,0.0026457869221984233,4.128528058030653e-05,15,0.007563573725259541,0.006029761751533754,bovada,15,0.0827,1.55,6.79,League 1,Goles (Over/Under),0.2636,bovada:2.1; codere_it:2.05; williamhill:2.05; betmgm:2.05; betsson:2.02; nordicbet:2.02; unibet:2.0; leovegas:2.0; tabtouch:2.0; leovegas_se:2.0; grosvenor:2.0; unibet_se:2.0; unibet_nl:2.0; casumo:2.0; tipico_de:1.97
Aberdeen vs Livingston,2026-01-24 10:00:00,Over 2.5,1.84,1.7669,1.2779626348776594e-05,16,0.004205475220167034,0.0023592266606784484,5.874815226720148e-05,16,0.00895983438915875,0.007050821389103672,pinnacle,16,0.0731,1.62,2.89,Premiership,Goles (Over/Under),1.7612,pinnacle:1.84; bovada:1.83; codere_it:1.78; nordicbet:1.78; betsson:1.78; betmgm:1.77; williamhill:1.75; casumo:1.75; unibet_se:1.75; grosvenor:1.75; leovegas:1.75; tabtouch:1.75; unibet_nl:1.75; unibet:1.75; tipico_de:1.75; leovegas_se:1.74
Aberdeen vs Livingston,2026-01-24 10:00:00,Under 2.5,2.06,1.9475,1.2779626348776594e-05,16,0.004205475220167012,0.002359226660678459,7.279315837522411e-05,16,0.010043347748198076,0.00781701538003051,pinnacle,16,0.1125,2.02,2.89,Premiership,Goles (Over/Under),1.7612,pinnacle:2.06; codere_it:2.01; nordicbet:1.98; betsson:1.98; williamhill:1.95; casumo:1.93; unibet_se:1.93; grosvenor:1.93; leovegas:1.93; tabtouch:1.93; unibet_nl:1.93; unibet:1.93; tipico_de:1.93; leovegas_se:1.92; betmgm:1.91; bovada:1.91
Sevilla vs Athletic Bilbao,2026-01-24 12:30:00,Under 2.5,1.57,1.5557,1.2641322234887106e-05,14,0.0041060193459812365,0.002483774184522003,1.9230466654717754e-05,14,0.004933827147295077,0.003485049956143484,tipico_de,14,0.0143,0.76,6.25,La Liga,Goles (Over/Under),0.0624,tipico_de:1.57; betmgm:1.57; unibet_se:1.56; casumo:1.56; leovegas_se:1.56; unibet_nl:1.56; tabtouch:1.56; grosvenor:1.56; unibet:1.56; williamhill:1.55; nordicbet:1.55; betsson:1.55; leovegas:1.55; codere_it:1.52
Sevilla vs Athletic Bilbao,2026-01-24 12:30:00,Over 2.5,2.38,2.3614,1.2641322234887106e-05,14,0.004106019345981211,0.0024837741845219474,3.39496565732474e-05,14,0.006794053284411208,0.004871065124953896,williamhill,14,0.0186,1.55,6.53,La Liga,Goles (Over/Under),0.0168,williamhill:2.38; nordicbet:2.38; betsson:2.38; unibet_se:2.38; casumo:2.38; leovegas_se:2.38; unibet_nl:2.38; tabtouch:2.38; grosvenor:2.38; unibet:2.38; tipico_de:2.35; leovegas:2.35; codere_it:2.31; betmgm:2.25
FC Lausanne-Sport vs Grasshopper Zürich,2026-01-24 12:00:00,Under 2.5,2.0,1.9421,9.895403139276238e-06,14,0.0036987140340113372,0.003305923089467858,3.3401872049106294e-05,14,0.006802425847637041,0.005598355086420941,tipico_de,14,0.0579,1.34,6.5,Swiss Superleague,Goles (Over/Under),0.3015,tipico_de:2.0; betsson:1.98; nordicbet:1.98; codere_it:1.95; williamhill:1.95; unibet:1.93; unibet_se:1.93; tabtouch:1.93; leovegas:1.93; unibet_nl:1.93; casumo:1.93; grosvenor:1.93; leovegas_se:1.91; betmgm:1.91
FC Lausanne-Sport vs Grasshopper Zürich,2026-01-24 12:00:00,Over 2.5,1.77,1.7557,9.895403139276238e-06,14,0.0036987140340113606,0.0033059230894678976,8.637697995938704e-06,14,0.0034250383984939545,0.0027266960195435302,betmgm,14,0.0143,0.6,8.85,Swiss Superleague,Goles (Over/Under),-0.0441,betmgm:1.77; tipico_de:1.77; unibet:1.76; unibet_se:1.76; tabtouch:1.76; leovegas:1.76; unibet_nl:1.76; casumo:1.76; grosvenor:1.76; betsson:1.75; nordicbet:1.75; williamhill:1.75; leovegas_se:1.74; codere_it:1.73
Valencia vs Espanyol,2026-01-24 10:15:00,Over 2.25,2.06,2.055,5.702405097984353e-06,2,0.00280665625934165,0.00280665625934165,1.0119386166964727e-06,2,0.0011839924224485154,0.0011839924224485154,pinnacle,2,0.005,0.24,2.6,La Liga,Goles (Over/Under),0.3346,pinnacle:2.06; bovada:2.05
Valencia vs Espanyol,2026-01-24 10:15:00,Under 2.25,1.85,1.825,5.702405097984353e-06,2,0.0028066562593417888,0.0028066562593417888,4.103884233282737e-05,2,0.00750750750750756,0.00750750750750756,pinnacle,2,0.025,1.37,2.6,La Liga,Goles (Over/Under),0.3346,pinnacle:1.85; bovada:1.8
FC Lugano vs FC Winterthur,2026-01-24 12:00:00,Over 3.25,1.93,1.93,4.943484707371553e-06,2,0.0026178010471204494,0.0026178010471204494,0.0,2,0.0,0.0,pinnacle,2,0.0,0.0,3.63,Swiss Superleague,Goles (Over/Under),0.1515,pinnacle:1.93; bovada:1.93
FC Lugano vs FC Winterthur,2026-01-24 12:00:00,Under 3.25,1.93,1.91,4.943484707371553e-06,2,0.002617801047120394,0.002617801047120394,2.173460630773864e-05,2,0.005482907037311191,0.005482907037311191,pinnacle,2,0.02,1.05,3.63,Swiss Superleague,Goles (Over/Under),0.1515,pinnacle:1.93; bovada:1.89
Dundee United vs St Mirren,2026-01-24 10:00:00,Over 2.5,2.02,1.896,4.095435577735463e-06,10,0.0023818088708856076,0.0017893083464624927,0.00010451884922402037,10,0.012028236021535636,0.008448316638163311,pinnacle,10,0.124,2.38,2.7,Premiership,Goles (Over/Under),1.9963,pinnacle:2.02; bovada:1.93; casumo:1.88; grosvenor:1.88; tabtouch:1.88; leovegas:1.88; unibet_se:1.88; unibet_nl:1.88; unibet:1.88; leovegas_se:1.85
Dundee United vs St Mirren,2026-01-24 10:00:00,Under 2.5,1.88,1.808,4.095435577735463e-06,10,0.0023818088708855976,0.0017893083464624814,4.218608276680633e-05,10,0.007614957052189162,0.005008994777103803,pinnacle,10,0.072,1.42,2.7,Premiership,Goles (Over/Under),1.9963,pinnacle:1.88; bovada:1.82; casumo:1.8; grosvenor:1.8; tabtouch:1.8; leovegas:1.8; unibet_se:1.8; unibet_nl:1.8; unibet:1.8; leovegas_se:1.78
Valencia vs Espanyol,2026-01-24 10:15:00,Under 2.5,1.62,1.5943,3.893254409305483e-06,14,0.0022873460407133194,0.0017442131947515427,3.392692440992017e-05,14,0.0066272481641171535,0.005504442871746451,betsson,14,0.0257,1.05,5.59,La Liga,Goles (Over/Under),0.2165,betsson:1.62; nordicbet:1.62; tipico_de:1.6; unibet:1.6; grosvenor:1.6; unibet_se:1.6; casumo:1.6; unibet_nl:1.6; leovegas_se:1.6; tabtouch:1.6; williamhill:1.57; leovegas:1.57; betmgm:1.57; codere_it:1.57
Valencia vs Espanyol,2026-01-24 10:15:00,Over 2.5,2.3,2.2693,3.893254409305483e-06,14,0.002287346040713294,0.0017442131947515388,1.609796186953852e-05,14,0.004694934152986673,0.003573303671374916,grosvenor,14,0.0307,1.05,5.98,La Liga,Goles (Over/Under),0.1371,grosvenor:2.3; betsson:2.28; nordicbet:2.28; unibet:2.28; unibet_se:2.28; casumo:2.28; unibet_nl:2.28; leovegas_se:2.28; tabtouch:2.28; leovegas:2.28; tipico_de:2.25; williamhill:2.25; betmgm:2.25; codere_it:2.2
Leganés vs Real Sociedad B,2026-01-24 10:15:00,Over 2.25,1.89,1.87,1.448219046161069e-06,2,0.0014162309463241485,0.0014162309463241485,2.371733309685254e-05,2,0.005720005720005639,0.005720005720005639,pinnacle,2,0.02,1.07,2.91,La Liga 2,Goles (Over/Under),0.2818,pinnacle:1.89; bovada:1.85
Leganés vs Real Sociedad B,2026-01-24 10:15:00,Under 2.25,2.0,1.99,1.448219046161069e-06,2,0.0014162309463241207,0.0014162309463241207,4.60011279624495e-06,2,0.0025252525252525415,0.0025252525252525415,pinnacle,2,0.01,0.5,2.91,La Liga 2,Goles (Over/Under),0.2818,pinnacle:2.0; bovada:1.98
Manchester City vs Wolverhampton Wanderers,2026-01-24 10:00:00,Over 2.5,1.55,1.5333,1.406919946259128e-06,3,0.0013598207330510481,0.0012820512820512775,8.213729107862018e-05,3,0.01013773162991465,0.009557945041816026,betsson,3,0.0167,1.54,5.33,EPL,Goles (Over/Under),0.1876,betsson:1.55; nordicbet:1.55; williamhill:1.5
Manchester City vs Wolverhampton Wanderers,2026-01-24 10:00:00,Under 2.5,2.45,2.4333,1.406919946259128e-06,3,0.0013598207330510481,0.0012820512820512775,1.1958106006669725e-05,3,0.004008541843461185,0.0037792894935752366,betsson,3,0.0167,0.97,5.33,EPL,Goles (Over/Under),0.1876,betsson:2.45; nordicbet:2.45; williamhill:2.4
Modena vs Palermo,2026-01-24 11:15:00,Over 2.25,1.89,1.88,1.0526843811759195e-06,2,0.0012076968748312988,0.0012076968748312988,5.798512164200808e-06,2,0.002829414594120394,0.002829414594120394,pinnacle,2,0.01,0.53,3.16,Serie B,Goles (Over/Under),0.2532,pinnacle:1.89; bovada:1.87
Modena vs Palermo,2026-01-24 11:15:00,Under 2.25,1.99,1.97,1.0526843811759195e-06,2,0.0012076968748314376,0.0012076968748314376,1.916658548354038e-05,2,0.005153975003221289,0.005153975003221289,pinnacle,2,0.02,1.02,3.16,Serie B,Goles (Over/Under),0.2532,pinnacle:1.99; bovada:1.95
FC Lausanne-Sport vs Grasshopper Zürich,2026-01-24 12:00:00,Over 2.75,2.05,2.035,2.9023982784585466e-08,2,0.00020032051282048435,0.00020032051282048435,9.467840821670084e-06,2,0.0036223134508572563,0.0036223134508572563,pinnacle,2,0.015,0.74,2.83,Swiss Superleague,Goles (Over/Under),0.2862,pinnacle:2.05; bovada:2.02
FC Lausanne-Sport vs Grasshopper Zürich,2026-01-24 12:00:00,Under 2.75,1.85,1.835,2.9023982784585466e-08,2,0.00020032051282059538,0.00020032051282059538,1.4433867216105786e-05,2,0.004455004455004463,0.004455004455004463,pinnacle,2,0.015,0.82,2.83,Swiss Superleague,Goles (Over/Under),0.2862,pinnacle:1.85; bovada:1.82
Blackburn Rovers vs Watford,2026-01-24 10:00:00,Over 3.5,4.15,4.15,0.0,2,0.0,0.0,0.0,2,0.0,0.0,betsson,2,0.0,0.0,5.4,Championship,Goles (Over/Under),0.0,betsson:4.15; nordicbet:4.15
Blackburn Rovers vs Watford,2026-01-24 10:00:00,Under 3.5,1.23,1.23,0.0,2,0.0,0.0,0.0,2,0.0,0.0,betsson,2,0.0,0.0,5.4,Championship,Goles (Over/Under),0.0,betsson:1.23; nordicbet:1.23
PSV Eindhoven vs NAC Breda,2026-01-24 14:00:00,1X,1.125,1.0762,,,,,0.0014494437601190301,35,0.022136344869012416,0.017595792332722866,betfair_ex_au,35,0.0488,2.39,0.26,Eredivisie,Doble Chance,23.1923,betfair_ex_au:1.125; betfair_ex_uk:1.125; betfair_ex_eu:1.125; smarkets:1.1082; coral:1.1053; betmgm:1.1053; ladbrokes_uk:1.1053; pinnacle:1.099; betsson:1.092; nordicbet:1.092; unibet_uk:1.0865; codere_it:1.0864; unibet_nl:1.0819; betway:1.0815; unibet_se:1.0802; draftkings:1.0775; unibet:1.0736; casumo:1.0736; grosvenor:1.0736; leovegas:1.0736; skybet:1.071; williamhill:1.0692; sport888:1.0692; tipico_de:1.0645; winamax_de:1.0632; marathonbet:1.0626; betvictor:1.0612; tabtouch:1.0551; paddypower:1.0506; pointsbetau:1.0506; leovegas_se:1.0449; virginbet:1.0383; bovada:1.0332; winamax_fr:1.0317; betclic_fr:1.0296
Le Havre vs AS Monaco,2026-01-24 13:00:00,1X,2.1176,1.9951,,,,,0.0002696038221001833,35,0.019311933043244592,0.014128868512855958,betfair_ex_uk,35,0.1225,3.73,0.41,Ligue 1,Doble Chance,12.7317,betfair_ex_uk:2.1176; betfair_ex_au:2.1176; betfair_ex_eu:2.1176; smarkets:2.0814; unibet_nl:2.0675; leovegas_se:2.0675; pinnacle:2.0591; marathonbet:2.0499; winamax_de:2.0488; tipico_de:2.0451; unibet:2.0313; draftkings:2.0222; fanduel:2.0173; casumo:2.0062; tabtouch:2.0062; grosvenor:2.0062; unibet_se:2.0062; codere_it:1.9987; nordicbet:1.9987; betsson:1.9987; skybet:1.995; leovegas:1.9922; betclic_fr:1.9855; paddypower:1.9811; virginbet:1.9811; winamax_fr:1.9747; betway:1.9487; unibet_uk:1.9487; tab:1.9221; coral:1.9118; betmgm:1.9118; ladbrokes_uk:1.8987; sport888:1.872; williamhill:1.872; bovada:1.7694
Marseille vs RC Lens,2026-01-24 15:05:00,1X,1.3684,1.3078,,,,,0.0002687617826057146,35,0.016463998095049157,0.013476486459402347,betfair_ex_eu,35,0.0606,2.18,0.47,Ligue 1,Doble Chance,11.0426,betfair_ex_eu:1.3684; betfair_ex_au:1.3684; betfair_ex_uk:1.3684; smarkets:1.3625; pinnacle:1.3334; nordicbet:1.3315; betsson:1.3315; marathonbet:1.328; draftkings:1.3254; codere_it:1.3249; winamax_de:1.322; unibet_nl:1.3162; leovegas_se:1.3162; skybet:1.3103; betclic_fr:1.3103; unibet_uk:1.3103; coral:1.3103; betway:1.3043; betmgm:1.3017; paddypower:1.2982; fanduel:1.2982; unibet:1.2931; tab:1.2928; winamax_fr:1.2887; tipico_de:1.2887; ladbrokes_uk:1.2887; bovada:1.2837; casumo:1.2786; grosvenor:1.2786; tabtouch:1.2786; unibet_se:1.2786; sport888:1.2727; williamhill:1.2727; virginbet:1.2684; leovegas:1.2684
Marseille vs RC Lens,2026-01-24 15:05:00,X2,1.9085,1.7976,,,,,0.0001903410443128924,35,0.01613233547677232,0.01117378111354451,betfair_ex_eu,35,0.1109,2.91,0.47,Ligue 1,Doble Chance,11.0426,betfair_ex_eu:1.9085; betfair_ex_au:1.9085; betfair_ex_uk:1.9085; smarkets:1.8834; pinnacle:1.855; marathonbet:1.8527; unibet_nl:1.8333; leovegas_se:1.8333; winamax_de:1.8164; unibet:1.8083; codere_it:1.8055; draftkings:1.7969; casumo:1.7969; grosvenor:1.7969; tabtouch:1.7969; unibet_se:1.7969; tipico_de:1.7944; coral:1.7944; ladbrokes_uk:1.7944; betmgm:1.7944; bovada:1.7867; betclic_fr:1.7861; betway:1.7832; winamax_fr:1.7804; unibet_uk:1.7804; fanduel:1.7718; virginbet:1.7718; leovegas:1.7718; skybet:1.7662; nordicbet:1.7582; betsson:1.7582; paddypower:1.7443; sport888:1.6985; williamhill:1.6985; tab:1.6852
Arouca vs Sporting Lisbon,2026-01-24 13:00:00,1X,4.1117,3.5192,,,,,0.0004293084467874856,34,0.02190341943227013,0.01575569263804973,betfair_ex_au,34,0.5925,8.02,0.66,Primeira Liga,Doble Chance,9.303,betfair_ex_au:4.1117; betfair_ex_uk:4.1117; betfair_ex_eu:4.1117; smarkets:4.1105; bovada:3.9394; pinnacle:3.8364; skybet:3.6774; fanduel:3.6396; paddypower:3.5484; tipico_de:3.527; grosvenor:3.5222; casumo:3.5222; tabtouch:3.5222; draftkings:3.5085; coral:3.5085; unibet:3.5; unibet_nl:3.5; unibet_se:3.5; leovegas_se:3.4777; leovegas:3.4777; unibet_uk:3.4426; ladbrokes_uk:3.4298; betclic_fr:3.4146; pointsbetau:3.3814; virginbet:3.3775; betsson:3.3465; nordicbet:3.3465; betmgm:3.3393; winamax_de:3.2593; winamax_fr:3.2239; betway:3.1698; marathonbet:3.1165; sport888:3.0769; williamhill:3.0769
Arouca vs Sporting Lisbon,2026-01-24 13:00:00,X2,1.0874,1.0414,,,,,0.002224480413128227,33,0.021415575365020312,0.01732464500996129,smarkets,33,0.046,2.26,0.66,Primeira Liga,Doble Chance,9.303,smarkets:1.0874; betfair_ex_au:1.0874; betfair_ex_uk:1.0874; betfair_ex_eu:1.0874; marathonbet:1.0766; pinnacle:1.0675; coral:1.0603; ladbrokes_uk:1.0603; betmgm:1.058; draftkings:1.0536; betway:1.042; tipico_de:1.0419; betsson:1.0413; nordicbet:1.0413; winamax_de:1.0383; unibet_uk:1.0356; betclic_fr:1.0352; skybet:1.0345; bovada:1.0343; sport888:1.0317; williamhill:1.0317; pointsbetau:1.0291; winamax_fr:1.0282; fanduel:1.0246; grosvenor:1.0245; casumo:1.0245; paddypower:1.0185; tabtouch:1.018; unibet:1.0161; unibet_nl:1.0161; unibet_se:1.0161; leovegas_se:1.0078; leovegas:1.0078
Villarreal vs Real Madrid,2026-01-24 15:00:00,1X,2.05,1.9503,,,,,0.00018496114601468687,33,0.01599517118218054,0.012351374421023747,betfair_ex_uk,33,0.0997,3.09,0.59,La Liga,Doble Chance,7.6949,betfair_ex_uk:2.05; betfair_ex_eu:2.05; betfair_ex_au:2.05; unibet_nl:2.0488; unibet_se:2.0488; smarkets:2.0; pinnacle:1.9994; marathonbet:1.9868; leovegas_se:1.9747; casumo:1.9747; tabtouch:1.9747; unibet:1.9747; grosvenor:1.9747; leovegas:1.9618; draftkings:1.9586; virginbet:1.9497; winamax_de:1.9487; tipico_de:1.9487; codere_it:1.9449; betclic_fr:1.9449; skybet:1.9355; fanduel:1.9247; betsson:1.9105; winamax_fr:1.9085; williamhill:1.8987; unibet_uk:1.8947; betway:1.8947; ladbrokes_uk:1.8947; coral:1.8947; betmgm:1.8947; paddypower:1.8874; tab:1.8747; bovada:1.7804
Cádiz CF vs Granada CF,2026-01-24 15:00:00,1X,1.499,1.4063,,,,,0.0003868019743003332,32,0.02114246702022736,0.016230833606369677,betfair_ex_eu,32,0.0927,3.05,1.19,La Liga 2,Doble Chance,5.5798,betfair_ex_eu:1.499; betfair_ex_uk:1.499; betfair_ex_au:1.499; smarkets:1.4876; pinnacle:1.4744; draftkings:1.4431; bovada:1.4238; fanduel:1.4211; marathonbet:1.417; betway:1.4115; betsson:1.411; nordicbet:1.411; winamax_de:1.4071; unibet:1.3991; unibet_se:1.3991; unibet_nl:1.3991; williamhill:1.3982; pointsbetau:1.396; coral:1.3929; ladbrokes_uk:1.3929; betmgm:1.3929; tipico_de:1.382; paddypower:1.3764; casumo:1.3739; tabtouch:1.3739; grosvenor:1.3739; skybet:1.3664; virginbet:1.3577; leovegas_se:1.3577; leovegas:1.3577; winamax_fr:1.3569; betclic_fr:1.349
Cádiz CF vs Granada CF,2026-01-24 15:00:00,X2,1.5099,1.4328,,,,,0.00039341648486157895,32,0.021425246802544463,0.01802961893159216,betfair_ex_eu,32,0.0771,3.08,1.19,La Liga 2,Doble Chance,5.5798,betfair_ex_eu:1.5099; betfair_ex_uk:1.5099; betfair_ex_au:1.5099; smarkets:1.4876; unibet:1.4849; unibet_se:1.4849; unibet_nl:1.4849; pinnacle:1.4744; casumo:1.4598; tabtouch:1.4598; grosvenor:1.4598; leovegas_se:1.4483; draftkings:1.4431; virginbet:1.4348; leovegas:1.4348; pointsbetau:1.4232; tipico_de:1.4232; marathonbet:1.4225; betsson:1.422; nordicbet:1.422; fanduel:1.4211; winamax_de:1.4071; bovada:1.4014; betway:1.3982; williamhill:1.3982; betmgm:1.3929; betclic_fr:1.3915; paddypower:1.3764; winamax_fr:1.3709; skybet:1.3664; coral:1.3636; ladbrokes_uk:1.3636
Lecce vs Lazio,2026-01-24 14:45:00,1X,1.8944,1.8018,,,,,0.00016545176988037622,37,0.015047652559506757,0.012671609633270967,betfair_ex_eu,37,0.0926,2.72,0.86,Serie A,Doble Chance,5.5,betfair_ex_eu:1.8944; betfair_ex_au:1.8944; betfair_ex_uk:1.8944; pinnacle:1.8687; smarkets:1.8608; unibet_nl:1.8574; unibet_se:1.8574; betway:1.8387; marathonbet:1.8382; codere_it:1.834; winamax_de:1.834; tipico_de:1.8271; betclic_fr:1.8158; tabtouch:1.8158; unibet:1.8158; leovegas_se:1.8158; grosvenor:1.8158; casumo:1.8158; virginbet:1.7974; betsson:1.7848; nordicbet:1.7848; betvictor:1.7838; coral:1.7838; unibet_uk:1.7819; leovegas:1.7819; fanduel:1.7787; winamax_fr:1.766; betmgm:1.766; skybet:1.7635; pointsbetau:1.7635; paddypower:1.7561; ladbrokes_uk:1.7479; sport888:1.7368; williamhill:1.7368; draftkings:1.7297; tab:1.7238; bovada:1.705
FC Sion vs FC Luzern,2026-01-24 14:30:00,1X,1.315,1.2623,,,,,0.00032469602289212463,35,0.01719147323391293,0.013049619957736205,betfair_ex_uk,35,0.0527,2.18,1.36,Swiss Superleague,Doble Chance,4.8382,betfair_ex_uk:1.315; betfair_ex_au:1.315; betfair_ex_eu:1.315; smarkets:1.3066; codere_it:1.2962; pinnacle:1.2949; draftkings:1.292; betmgm:1.2774; unibet_uk:1.2774; fanduel:1.2727; pointsbetau:1.2727; betsson:1.2711; nordicbet:1.2711; casumo:1.2601; unibet:1.2601; leovegas_se:1.2601; tabtouch:1.2601; leovegas:1.2601; virginbet:1.2601; unibet_nl:1.2601; unibet_se:1.2601; grosvenor:1.2601; marathonbet:1.2548; winamax_de:1.2545; betway:1.2523; bovada:1.2458; tipico_de:1.2436; paddypower:1.2393; sport888:1.2393; williamhill:1.2393; betclic_fr:1.2277; coral:1.223; ladbrokes_uk:1.223; winamax_fr:1.2106; skybet:1.2098
Barracas Central vs River Plate,2026-01-24 15:00:00,1X,2.0713,1.9333,,,,,0.00029710931036433123,23,0.020269373031336167,0.015444410411231404,betfair_ex_eu,23,0.138,3.95,1.19,Primera División,Doble Chance,4.7647,betfair_ex_eu:2.0713; betfair_ex_au:2.0713; betfair_ex_uk:2.0713; smarkets:2.0526; pinnacle:2.0137; fanduel:1.9556; unibet:1.9512; unibet_se:1.9512; skybet:1.9367; marathonbet:1.9272; betsson:1.9215; nordicbet:1.9215; draftkings:1.9214; leovegas_se:1.9174; ladbrokes_uk:1.9038; bovada:1.8872; virginbet:1.8835; betclic_fr:1.8779; betway:1.8701; paddypower:1.8701; betmgm:1.8693; winamax_de:1.8529; winamax_fr:1.7671
Barracas Central vs River Plate,2026-01-24 15:00:00,X2,1.2147,1.1659,,,,,0.0008019991487620031,23,0.02273281648609649,0.017517226408180712,betfair_ex_eu,23,0.0488,2.63,1.19,Primera División,Doble Chance,4.7647,betfair_ex_eu:1.2147; betfair_ex_au:1.2147; betfair_ex_uk:1.2147; smarkets:1.2042; pinnacle:1.1969; ladbrokes_uk:1.1854; betmgm:1.1789; betsson:1.173; nordicbet:1.173; bovada:1.1723; draftkings:1.1708; unibet:1.1642; unibet_se:1.1642; betway:1.1642; marathonbet:1.1587; skybet:1.1553; fanduel:1.1521; leovegas_se:1.1455; winamax_de:1.1373; paddypower:1.1313; betclic_fr:1.1291; virginbet:1.1226; winamax_fr:1.0932
1. FC Magdeburg vs Dynamo Dresden,2026-01-24 14:30:00,1X,1.2363,1.1874,,,,,0.0005193794541769745,36,0.01938354201488243,0.015171098903190267,betfair_ex_au,36,0.0489,2.3,1.3,Bundesliga 2,Doble Chance,4.6615,betfair_ex_au:1.2363; betfair_ex_uk:1.2363; betfair_ex_eu:1.2363; bovada:1.227; smarkets:1.2222; leovegas:1.2222; betmgm:1.2175; pinnacle:1.2135; unibet_uk:1.1984; codere_it:1.1982; tabtouch:1.1936; unibet_se:1.1936; grosvenor:1.1936; leovegas_se:1.1936; unibet_nl:1.1936; casumo:1.1936; unibet:1.1936; draftkings:1.1934; winamax_de:1.1885; tipico_de:1.1867; nordicbet:1.1793; betsson:1.1793; pointsbetau:1.1793; fanduel:1.1791; sport888:1.1788; williamhill:1.1788; betway:1.1745; marathonbet:1.1735; betvictor:1.1693; paddypower:1.1554; coral:1.1547; ladbrokes_uk:1.1547; virginbet:1.1458; winamax_fr:1.141; skybet:1.1408; betclic_fr:1.1313
1. FC Magdeburg vs Dynamo Dresden,2026-01-24 14:30:00,X2,2.2322,2.0475,,,,,0.00032633722570369413,36,0.021246772350533665,0.016180112459844118,betfair_ex_au,36,0.1847,4.4,1.3,Bundesliga 2,Doble Chance,4.6615,betfair_ex_au:2.2322; betfair_ex_uk:2.2322; betfair_ex_eu:2.2322; smarkets:2.2022; pinnacle:2.1723; tipico_de:2.1678; fanduel:2.1106; betvictor:2.0893; marathonbet:2.0825; winamax_de:2.0814; codere_it:2.0814; draftkings:2.0814; leovegas:2.0723; unibet_uk:2.0675; paddypower:2.0455; nordicbet:2.0424; betsson:2.0424; betway:2.0239; betmgm:2.0222; tabtouch:2.0222; unibet_se:2.0222; grosvenor:2.0222; leovegas_se:2.0222; unibet_nl:2.0222; casumo:2.0222; unibet:2.0222; pointsbetau:2.0062; betclic_fr:1.9811; bovada:1.9747; sport888:1.9671; williamhill:1.9671; winamax_fr:1.9586; skybet:1.9385; virginbet:1.9355; coral:1.872; ladbrokes_uk:1.872
Stade de Reims vs Saint Etienne,2026-01-24 14:00:00,1X,1.3881,1.2996,,,,,0.0004662244704978204,35,0.021707808537901167,0.017255810276224533,betfair_ex_eu,35,0.0885,2.91,1.45,Ligue 2,Doble Chance,4.4552,betfair_ex_eu:1.3881; betfair_ex_uk:1.3881; betfair_ex_au:1.3881; smarkets:1.3732; pinnacle:1.3486; draftkings:1.339; pointsbetau:1.32; unibet_uk:1.3171; betclic_fr:1.3171; betmgm:1.3125; nordicbet:1.3095; betsson:1.3095; marathonbet:1.3054; fanduel:1.2982; tipico_de:1.2982; winamax_fr:1.2908; winamax_de:1.2908; codere_it:1.2871; betway:1.2833; sport888:1.2833; williamhill:1.2833; unibet_nl:1.2756; grosvenor:1.2756; unibet_se:1.2756; unibet:1.2756; tabtouch:1.2756; casumo:1.2756; leovegas:1.2756; paddypower:1.2645; coral:1.2645; ladbrokes_uk:1.2645; virginbet:1.2607; leovegas_se:1.2607; skybet:1.2571; bovada:1.2545
Stade de Reims vs Saint Etienne,2026-01-24 14:00:00,X2,1.7603,1.658,,,,,0.000247091140510033,35,0.01812683002627977,0.013541379565767293,betfair_ex_eu,35,0.1023,3.05,1.45,Ligue 2,Doble Chance,4.4552,betfair_ex_eu:1.7603; betfair_ex_uk:1.7603; betfair_ex_au:1.7603; bovada:1.7496; pinnacle:1.7383; smarkets:1.7353; draftkings:1.6967; marathonbet:1.6762; betmgm:1.6716; unibet_nl:1.6624; grosvenor:1.6624; unibet_se:1.6624; unibet:1.6624; tabtouch:1.6624; casumo:1.6624; leovegas:1.6624; betclic_fr:1.6538; virginbet:1.65; leovegas_se:1.65; unibet_uk:1.6485; fanduel:1.6485; tipico_de:1.6485; sport888:1.6374; williamhill:1.6374; pointsbetau:1.6246; paddypower:1.6246; betway:1.6246; nordicbet:1.6235; betsson:1.6235; winamax_fr:1.6101; winamax_de:1.6101; codere_it:1.5984; skybet:1.5866; coral:1.5714; ladbrokes_uk:1.5714
Leuven vs Union Saint-Gilloise,2026-01-24 14:45:00,X2,1.2628,1.2084,,,,,0.0005079784816083165,32,0.020017593120724663,0.01678629017308303,betfair_ex_au,32,0.0544,2.43,1.41,Belgium First Div,Doble Chance,3.8227,betfair_ex_au:1.2628; betfair_ex_uk:1.2628; betfair_ex_eu:1.2628; smarkets:1.2482; pinnacle:1.2465; coral:1.2357; ladbrokes_uk:1.2357; betmgm:1.2357; draftkings:1.223; nordicbet:1.2189; betsson:1.2189; skybet:1.2188; unibet_nl:1.2164; unibet_se:1.2164; unibet_uk:1.2164; marathonbet:1.2048; winamax_de:1.2042; leovegas:1.1977; casumo:1.1977; grosvenor:1.1977; unibet:1.1936; tabtouch:1.1936; pointsbetau:1.1936; tipico_de:1.1854; paddypower:1.1854; leovegas_se:1.1789; sport888:1.1789; williamhill:1.1789; betclic_fr:1.1787; virginbet:1.1642; winamax_fr:1.1602; bovada:1.1554
FC Twente Enschede vs Excelsior,2026-01-24 15:00:00,1X,1.0787,1.0512,,,,,0.001027868503141618,33,0.0154661986482394,0.013213129528556938,betfair_ex_eu,33,0.0275,1.62,1.4,Eredivisie,Doble Chance,3.4643,betfair_ex_eu:1.0787; betfair_ex_au:1.0787; betfair_ex_uk:1.0787; smarkets:1.0752; unibet_se:1.0675; unibet_nl:1.0675; pinnacle:1.0669; unibet:1.0654; bovada:1.0652; coral:1.0612; ladbrokes_uk:1.0612; betmgm:1.0612; leovegas:1.0591; casumo:1.0591; grosvenor:1.0591; codere_it:1.0542; unibet_uk:1.0515; draftkings:1.0515; tabtouch:1.0486; skybet:1.0449; betway:1.0449; paddypower:1.0449; tipico_de:1.0419; nordicbet:1.0413; betsson:1.0413; winamax_de:1.0347; leovegas_se:1.0317; marathonbet:1.03; pointsbetau:1.0291; virginbet:1.0254; sport888:1.0254; williamhill:1.0254; betvictor:1.0185
Estoril vs Vitória SC,2026-01-24 15:30:00,1X,1.4861,1.4258,,,,,0.0001719693673294079,35,0.014173469443431858,0.010518268128221292,betfair_ex_uk,35,0.0603,2.05,1.54,Primeira Liga,Doble Chance,3.3766,betfair_ex_uk:1.4861; betfair_ex_eu:1.4861; betfair_ex_au:1.4861; pinnacle:1.484; smarkets:1.4797; unibet_uk:1.4407; coral:1.4407; nordicbet:1.4382; betsson:1.4382; grosvenor:1.434; tabtouch:1.434; casumo:1.434; draftkings:1.4316; marathonbet:1.4265; unibet:1.4239; unibet_nl:1.4239; unibet_se:1.4239; betmgm:1.4239; ladbrokes_uk:1.4239; betway:1.4224; pointsbetau:1.4224; leovegas:1.4151; leovegas_se:1.4151; paddypower:1.413; virginbet:1.4084; winamax_de:1.4069; skybet:1.4061; tipico_de:1.4035; fanduel:1.4035; winamax_fr:1.3983; bovada:1.3969; betclic_fr:1.3895; sport888:1.3876; williamhill:1.3876; betvictor:1.3685
Estoril vs Vitória SC,2026-01-24 15:30:00,X2,1.5709,1.5026,,,,,0.00015911896142898328,35,0.014018086932903481,0.010088950665355392,betfair_ex_uk,35,0.0683,2.12,1.54,Primeira Liga,Doble Chance,3.3766,betfair_ex_uk:1.5709; betfair_ex_eu:1.5709; betfair_ex_au:1.5709; smarkets:1.5651; pinnacle:1.5405; grosvenor:1.5203; casumo:1.5203; coral:1.5203; ladbrokes_uk:1.5203; draftkings:1.5102; betclic_fr:1.5059; unibet:1.5049; tabtouch:1.5049; unibet_nl:1.5049; unibet_se:1.5049; unibet_uk:1.5049; betmgm:1.5049; bovada:1.4963; leovegas:1.495; leovegas_se:1.495; tipico_de:1.4933; marathonbet:1.493; paddypower:1.4896; winamax_de:1.4893; nordicbet:1.4889; betsson:1.4889; skybet:1.485; pointsbetau:1.485; virginbet:1.4796; winamax_fr:1.4796; fanduel:1.479; sport888:1.4644; williamhill:1.4644; betway:1.4605; betvictor:1.4199
FC Sion vs FC Luzern,2026-01-24 14:30:00,X2,1.9105,1.745,,,,,0.0004383383127894627,35,0.024432659973112936,0.0197820063915144,smarkets,35,0.1655,4.43,1.85,Swiss Superleague,Doble Chance,3.2919,smarkets:1.9105; betfair_ex_uk:1.9105; betfair_ex_au:1.9105; betfair_ex_eu:1.9105; pinnacle:1.8615; tipico_de:1.8486; draftkings:1.7997; marathonbet:1.7895; fanduel:1.7746; unibet_uk:1.7746; codere_it:1.7736; pointsbetau:1.75; bovada:1.7496; betmgm:1.7486; betway:1.7246; paddypower:1.7246; sport888:1.7246; williamhill:1.7246; betsson:1.7236; nordicbet:1.7236; winamax_de:1.7102; casumo:1.6874; unibet:1.6874; leovegas_se:1.6874; tabtouch:1.6874; leovegas:1.6874; virginbet:1.6874; unibet_nl:1.6874; unibet_se:1.6874; grosvenor:1.6874; betclic_fr:1.6862; skybet:1.6746; coral:1.6617; ladbrokes_uk:1.6617; winamax_fr:1.6351
AEL vs Panserraikos FC,2026-01-24 13:00:00,1X,1.2148,1.1657,,,,,0.0005409784577408753,31,0.019058122834234865,0.015104662567874225,betfair_ex_eu,31,0.0491,2.23,2.32,Super League,Doble Chance,2.6595,betfair_ex_eu:1.2148; betfair_ex_uk:1.2148; betfair_ex_au:1.2148; smarkets:1.207; unibet_uk:1.1961; betmgm:1.1936; pinnacle:1.1929; winamax_de:1.1843; draftkings:1.1803; fanduel:1.1772; sport888:1.167; williamhill:1.167; codere_it:1.1625; bovada:1.1584; unibet_se:1.1575; unibet:1.1575; tabtouch:1.1575; unibet_nl:1.1575; casumo:1.1575; leovegas:1.1575; grosvenor:1.1575; betway:1.1557; paddypower:1.152; coral:1.1507; ladbrokes_uk:1.1507; leovegas_se:1.1455; winamax_fr:1.1398; tipico_de:1.1388; betclic_fr:1.1348; virginbet:1.1307; skybet:1.1053
AEL vs Panserraikos FC,2026-01-24 13:00:00,X2,1.9697,1.84,,,,,0.00033590877517618675,31,0.021475453481088265,0.016887938481309386,betfair_ex_eu,31,0.1297,3.94,2.32,Super League,Doble Chance,2.6595,betfair_ex_eu:1.9697; betfair_ex_uk:1.9697; betfair_ex_au:1.9697; smarkets:1.954; pinnacle:1.925; fanduel:1.9038; draftkings:1.8872; tipico_de:1.8835; bovada:1.8693; unibet_se:1.8529; unibet:1.8529; tabtouch:1.8529; unibet_nl:1.8529; casumo:1.8529; leovegas:1.8529; grosvenor:1.8529; betmgm:1.848; unibet_uk:1.8437; paddypower:1.8401; leovegas_se:1.8358; virginbet:1.8187; winamax_de:1.8162; codere_it:1.7836; betclic_fr:1.7836; betway:1.75; sport888:1.75; williamhill:1.75; coral:1.7465; ladbrokes_uk:1.7465; winamax_fr:1.7305; skybet:1.6957
FC Twente Enschede vs Excelsior,2026-01-24 15:00:00,X2,3.9417,3.4262,,,,,0.0002969144853386404,33,0.018320828705691898,0.014915515790102045,smarkets,33,0.5155,6.61,1.71,Eredivisie,Doble Chance,2.655,smarkets:3.9417; betfair_ex_eu:3.8994; betfair_ex_au:3.8994; betfair_ex_uk:3.8994; pinnacle:3.636; nordicbet:3.622; betsson:3.622; betvictor:3.6094; paddypower:3.5484; tipico_de:3.527; marathonbet:3.5023; skybet:3.4138; unibet_uk:3.4138; draftkings:3.4138; pointsbetau:3.3814; codere_it:3.375; betmgm:3.3491; betway:3.3393; unibet_se:3.3158; unibet_nl:3.3158; coral:3.3158; ladbrokes_uk:3.3158; winamax_de:3.3022; sport888:3.2759; williamhill:3.2759; unibet:3.2263; leovegas:3.2263; casumo:3.2263; grosvenor:3.2263; tabtouch:3.1875; bovada:3.1651; virginbet:3.1481; leovegas_se:3.1481
NEC Nijmegen vs FC Zwolle,2026-01-24 12:45:00,1X,1.1471,1.1085,,,,,0.0006580326798327181,35,0.01766976490402043,0.014095163902608936,betfair_ex_uk,35,0.0386,1.96,1.88,Eredivisie,Doble Chance,2.6436,betfair_ex_uk:1.1471; betfair_ex_eu:1.1471; betfair_ex_au:1.1471; betmgm:1.1429; smarkets:1.1411; pinnacle:1.1339; coral:1.1312; draftkings:1.1254; unibet:1.1195; codere_it:1.1195; betsson:1.1155; nordicbet:1.1155; unibet_se:1.1136; unibet_nl:1.1136; unibet_uk:1.1136; bovada:1.1136; tipico_de:1.1059; grosvenor:1.105; casumo:1.105; leovegas:1.105; betvictor:1.105; marathonbet:1.1023; winamax_de:1.1018; pointsbetau:1.0966; tabtouch:1.0964; skybet:1.0938; betway:1.0909; sport888:1.0909; williamhill:1.0909; ladbrokes_uk:1.0909; leovegas_se:1.0905; paddypower:1.0813; virginbet:1.0792; betclic_fr:1.0647; winamax_fr:1.062
Spezia vs Avellino,2026-01-24 13:30:00,1X,1.2896,1.2199,,,,,0.0005352181590468775,32,0.02103657243551484,0.0184775719631236,smarkets,32,0.0697,2.59,2.55,Serie B,Doble Chance,2.3961,smarkets:1.2896; pinnacle:1.2747; codere_it:1.2721; draftkings:1.2645; unibet_uk:1.2571; betmgm:1.2571; fanduel:1.2519; betsson:1.2383; nordicbet:1.2383; winamax_de:1.2381; pointsbetau:1.2381; betvictor:1.2381; marathonbet:1.2329; betway:1.2308; ladbrokes_uk:1.2157; coral:1.2157; sport888:1.2157; williamhill:1.2157; paddypower:1.2; bovada:1.2; betclic_fr:1.1962; winamax_fr:1.1933; unibet:1.1922; tabtouch:1.1882; unibet_nl:1.1882; unibet_se:1.1882; leovegas:1.1882; grosvenor:1.1882; casumo:1.1882; leovegas_se:1.1843; skybet:1.1837; virginbet:1.1734
NEC Nijmegen vs FC Zwolle,2026-01-24 12:45:00,X2,2.9143,2.6675,,,,,0.00021643379730766009,35,0.016749815471773337,0.012197958100715084,smarkets,35,0.2468,4.53,2.34,Eredivisie,Doble Chance,1.9274,smarkets:2.9143; betfair_ex_uk:2.9143; betfair_ex_eu:2.9143; betfair_ex_au:2.9143; pinnacle:2.7963; betsson:2.7912; nordicbet:2.7912; skybet:2.7273; tipico_de:2.7273; unibet:2.6862; unibet_se:2.6862; unibet_nl:2.6862; unibet_uk:2.6667; draftkings:2.6667; codere_it:2.6667; bovada:2.6667; grosvenor:2.6512; casumo:2.6512; leovegas:2.6512; paddypower:2.6512; betvictor:2.6512; marathonbet:2.6451; tabtouch:2.6355; winamax_de:2.6264; coral:2.6161; betmgm:2.6161; leovegas_se:2.5962; betway:2.5714; pointsbetau:2.5714; virginbet:2.5654; williamhill:2.534; sport888:2.5244; betclic_fr:2.5103; winamax_fr:2.4545; ladbrokes_uk:2.4231
Estoril vs Vitória SC,2026-01-24 15:30:00,Under 2.5,2.05,1.8393,0.00037049708662276887,15,0.02265472098434896,0.021330109721002778,0.0006367968210569651,15,0.029614941272644812,0.027023210397230452,pinnacle,15,0.2107,5.64,2.83,Primeira Liga,Goles (Over/Under),1.7067,pinnacle:2.05; nordicbet:1.98; betsson:1.98; williamhill:1.95; tipico_de:1.93; betmgm:1.85; bovada:1.8; unibet:1.76; grosvenor:1.76; tabtouch:1.76; casumo:1.76; unibet_nl:1.76; unibet_se:1.76; leovegas_se:1.75; leovegas:1.74
Spezia vs Avellino,2026-01-24 13:30:00,X2,1.7859,1.7204,,,,,0.00025562988725687507,32,0.018527354653634906,0.015668704926400566,pinnacle,32,0.0655,3.13,3.39,Serie B,Doble Chance,1.5546,pinnacle:1.7859; unibet:1.7778; tabtouch:1.7778; leovegas_se:1.7778; unibet_nl:1.7778; unibet_se:1.7778; leovegas:1.7778; grosvenor:1.7778; casumo:1.7778; smarkets:1.7778; virginbet:1.7622; codere_it:1.7553; bovada:1.7528; unibet_uk:1.7411; draftkings:1.7331; fanduel:1.7271; marathonbet:1.7234; winamax_de:1.7192; betmgm:1.708; pointsbetau:1.708; betsson:1.7051; nordicbet:1.7051; betway:1.6941; betvictor:1.6852; paddypower:1.6667; sport888:1.6657; williamhill:1.6657; betclic_fr:1.6562; winamax_fr:1.6439; ladbrokes_uk:1.6215; coral:1.6215; skybet:1.6062
PSV Eindhoven vs NAC Breda,2026-01-24 14:00:00,Under 3.5,1.82,1.705,0.00019592146989409976,14,0.016390036180631038,0.014342677123570347,0.0002327804379148118,14,0.0176763359152887,0.014054640680560464,bovada,14,0.115,3.01,4.45,Eredivisie,Goles (Over/Under),0.8315,bovada:1.82; tipico_de:1.75; unibet:1.72; unibet_nl:1.72; tabtouch:1.72; casumo:1.72; leovegas_se:1.72; unibet_se:1.72; grosvenor:1.72; leovegas:1.72; betsson:1.64; nordicbet:1.64; codere_it:1.64; betmgm:1.62
Estoril vs Vitória SC,2026-01-24 15:30:00,Over 2.5,2.05,1.8853,0.00037049708662276887,15,0.022654720984348918,0.021330109721002733,0.0003442213691419391,15,0.0217808389736888,0.018756505478084138,bovada,15,0.1647,4.08,4.34,Primeira Liga,Goles (Over/Under),0.765,bovada:2.05; unibet:1.93; grosvenor:1.93; tabtouch:1.93; casumo:1.93; unibet_nl:1.93; unibet_se:1.93; leovegas_se:1.92; leovegas:1.91; pinnacle:1.85; tipico_de:1.83; betmgm:1.83; nordicbet:1.78; betsson:1.78; williamhill:1.75
Leuven vs Union Saint-Gilloise,2026-01-24 14:45:00,Under 2.5,1.82,1.65,0.00017292772576525832,14,0.015375169423337692,0.013019043685258715,0.00030312102504487427,14,0.020141596650938755,0.01627374344556962,bovada,14,0.17,3.51,4.45,Belgium First Div,Goles (Over/Under),0.573,bovada:1.82; tipico_de:1.7; nordicbet:1.69; betsson:1.69; williamhill:1.67; unibet:1.62; unibet_nl:1.62; casumo:1.62; grosvenor:1.62; unibet_se:1.62; betmgm:1.62; tabtouch:1.61; leovegas_se:1.6; leovegas:1.6
Lecce vs Lazio,2026-01-24 14:45:00,Over 1.5,1.63,1.5758,4.750621232190758e-05,12,0.00796375990940981,0.007506692791460823,9.804029438700895e-05,12,0.011257952906199489,0.009383139357218795,codere_it,12,0.0542,1.8,3.9,Serie A,Goles (Over/Under),0.5692,codere_it:1.63; betsson:1.62; nordicbet:1.62; tipico_de:1.57; betmgm:1.57; unibet_nl:1.56; tabtouch:1.56; leovegas_se:1.56; grosvenor:1.56; casumo:1.56; unibet_se:1.56; leovegas:1.54
Marseille vs RC Lens,2026-01-24 15:05:00,Under 3.0,2.01,1.915,0.00029027951396921707,2,0.020054081415174785,0.020054081415174785,0.00048793450704254573,2,0.025969055819802023,0.025969055819802023,pinnacle,2,0.095,4.96,2.38,Ligue 1,Goles (Over/Under),0.437,pinnacle:2.01; bovada:1.82
Villarreal vs Real Madrid,2026-01-24 15:00:00,Over 3.25,1.97,1.96,5.149488147362946e-06,2,0.002671499530138205,0.002671499530138205,4.89021213033637e-06,2,0.0026031498112716878,0.0026031498112716878,pinnacle,2,0.01,0.51,2.57,La Liga,Goles (Over/Under),0.428,pinnacle:1.97; bovada:1.95
Villarreal vs Real Madrid,2026-01-24 15:00:00,Under 3.25,1.93,1.9,5.149488147362946e-06,2,0.0026714995301382327,0.0026714995301382327,4.9985206448864084e-05,2,0.008312321631431585,0.008312321631431585,pinnacle,2,0.03,1.58,2.57,La Liga,Goles (Over/Under),0.428,pinnacle:1.93; bovada:1.87
FC Sion vs FC Luzern,2026-01-24 14:30:00,Under 2.5,2.06,1.97,2.343808400050716e-05,14,0.0056868733142136675,0.005138741639364175,8.012409413866238e-05,14,0.010537853429094031,0.009097454851107393,codere_it,14,0.09,2.12,6.01,Swiss Superleague,Goles (Over/Under),0.4093,codere_it:2.06; tipico_de:2.05; williamhill:2.0; betmgm:2.0; betsson:1.98; nordicbet:1.98; casumo:1.94; unibet:1.94; tabtouch:1.94; leovegas:1.94; unibet_nl:1.94; unibet_se:1.94; grosvenor:1.94; leovegas_se:1.93
Le Havre vs AS Monaco,2026-01-24 13:00:00,Over 2.75,1.85,1.85,1.7648359916809346e-05,2,0.004941470287740446,0.004941470287740446,0.0,2,0.0,0.0,pinnacle,2,0.0,0.0,2.6,Ligue 1,Goles (Over/Under),0.3769,pinnacle:1.85; bovada:1.85
Le Havre vs AS Monaco,2026-01-24 13:00:00,Under 2.75,2.06,2.02,1.7648359916809346e-05,2,0.0049414702877405015,0.0049414702877405015,6.938854199078936e-05,2,0.00980680592331079,0.00980680592331079,pinnacle,2,0.04,1.98,2.6,Ligue 1,Goles (Over/Under),0.3769,pinnacle:2.06; bovada:1.98
1. FC Magdeburg vs Dynamo Dresden,2026-01-24 14:30:00,Over 2.5,1.62,1.6042,3.3520378870929176e-06,12,0.0021298450677423738,0.0012371283172989596,6.582667336270674e-06,12,0.002930564546963126,0.002414260792883991,tipico_de,12,0.0158,0.47,6.17,Bundesliga 2,Goles (Over/Under),0.3663,tipico_de:1.62; williamhill:1.62; betmgm:1.61; codere_it:1.6; tabtouch:1.6; unibet_se:1.6; grosvenor:1.6; leovegas_se:1.6; unibet_nl:1.6; casumo:1.6; leovegas:1.6; unibet:1.6
1. FC Magdeburg vs Dynamo Dresden,2026-01-24 14:30:00,Under 2.5,2.25,2.17,3.3520378870929176e-06,12,0.002129845067742367,0.001237128317298955,2.226066406726127e-05,12,0.0055320644880421845,0.0038009291885261107,tipico_de,12,0.08,1.23,6.17,Bundesliga 2,Goles (Over/Under),0.3663,tipico_de:2.25; williamhill:2.2; codere_it:2.16; tabtouch:2.16; unibet_se:2.16; grosvenor:2.16; leovegas_se:2.16; unibet_nl:2.16; casumo:2.16; leovegas:2.16; unibet:2.16; betmgm:2.15
FC Twente Enschede vs Excelsior,2026-01-24 15:00:00,Over 3.5,2.37,2.338,1.6603194749465974e-06,10,0.001483322883726422,0.001261515440666211,6.193213468010279e-06,10,0.002897448434472416,0.0023179587475779194,nordicbet,10,0.032,0.68,6.3,Eredivisie,Goles (Over/Under),0.354,nordicbet:2.37; betsson:2.37; unibet:2.33; tabtouch:2.33; leovegas:2.33; leovegas_se:2.33; unibet_se:2.33; unibet_nl:2.33; casumo:2.33; grosvenor:2.33
FC Twente Enschede vs Excelsior,2026-01-24 15:00:00,Under 3.5,1.56,1.521,1.6603194749465974e-06,10,0.0014833228837264245,0.0012615154406662387,5.569410550645657e-05,10,0.008372349562589108,0.006618047921638071,nordicbet,10,0.039,1.3,6.3,Eredivisie,Goles (Over/Under),0.354,nordicbet:1.56; betsson:1.56; unibet:1.52; tabtouch:1.51; leovegas:1.51; leovegas_se:1.51; unibet_se:1.51; unibet_nl:1.51; casumo:1.51; grosvenor:1.51
Arouca vs Sporting Lisbon,2026-01-24 13:00:00,Under 3.0,2.05,1.98,0.0001186655167474569,2,0.012820512820512803,0.012820512820512803,0.00023066641813980406,2,0.017877665687651617,0.017877665687651617,pinnacle,2,0.07,3.54,2.83,Primeira Liga,Goles (Over/Under),0.3322,pinnacle:2.05; bovada:1.91
Barracas Central vs River Plate,2026-01-24 15:00:00,Over 2.0,1.9,1.885,2.1709258353159522e-07,2,0.0005484596024172839,0.0005484596024172839,1.2905322732921455e-05,2,0.0042217844075428945,0.0042217844075428945,pinnacle,2,0.015,0.8,2.88,Primera División,Goles (Over/Under),0.3264,pinnacle:1.9; bovada:1.87
Barracas Central vs River Plate,2026-01-24 15:00:00,Under 2.0,1.99,1.97,2.1709258353159522e-07,2,0.0005484596024172839,0.0005484596024172839,1.916658548354038e-05,2,0.005153975003221289,0.005153975003221289,pinnacle,2,0.02,1.02,2.88,Primera División,Goles (Over/Under),0.3264,pinnacle:1.99; bovada:1.95
NEC Nijmegen vs FC Zwolle,2026-01-24 12:45:00,Over 3.5,2.07,2.0231,1.5692879826685775e-05,13,0.004650219894306265,0.003064891988483813,2.5992555762370418e-05,13,0.006001863216461731,0.0037406702393997923,betsson,13,0.0469,1.22,6.45,Eredivisie,Goles (Over/Under),0.3147,betsson:2.07; nordicbet:2.07; codere_it:2.03; unibet:2.02; tabtouch:2.02; grosvenor:2.02; leovegas_se:2.02; unibet_se:2.02; unibet_nl:2.02; casumo:2.02; leovegas:2.02; betmgm:2.0; tipico_de:1.97
PSV Eindhoven vs NAC Breda,2026-01-24 14:00:00,Over 3.5,2.21,2.0257,0.00019592146989409976,14,0.016390036180631097,0.01434267712357039,0.0002860982160772522,14,0.01989463142988034,0.016578408541692322,betsson,14,0.1843,4.24,6.22,Eredivisie,Goles (Over/Under),0.3103,betsson:2.21; nordicbet:2.21; betmgm:2.1; codere_it:2.08; bovada:2.02; unibet:1.98; unibet_nl:1.97; tabtouch:1.97; casumo:1.97; leovegas_se:1.97; unibet_se:1.97; grosvenor:1.97; leovegas:1.97; tipico_de:1.97
NEC Nijmegen vs FC Zwolle,2026-01-24 12:45:00,Over 3.25,1.91,1.88,1.1474182140233376e-05,2,0.003986925033727717,0.003986925033727717,5.2215843122813957e-05,2,0.008490165558228346,0.008490165558228346,pinnacle,2,0.03,1.6,2.86,Eredivisie,Goles (Over/Under),0.2972,pinnacle:1.91; bovada:1.85
NEC Nijmegen vs FC Zwolle,2026-01-24 12:45:00,Under 3.25,1.98,1.98,1.1474182140233376e-05,2,0.003986925033727773,0.003986925033727773,0.0,2,0.0,0.0,pinnacle,2,0.0,0.0,2.86,Eredivisie,Goles (Over/Under),0.2972,pinnacle:1.98; bovada:1.98
Stade de Reims vs Saint Etienne,2026-01-24 14:00:00,Over 2.5,1.8,1.7429,2.24188202666986e-05,14,0.005566660255626625,0.0053721108104411285,6.297056790754896e-05,14,0.009248175020732103,0.008541950271583982,williamhill,14,0.0571,1.63,6.84,Ligue 2,Goles (Over/Under),0.269,williamhill:1.8; nordicbet:1.78; betsson:1.78; betmgm:1.77; codere_it:1.76; tipico_de:1.75; unibet_nl:1.72; grosvenor:1.72; unibet_se:1.72; leovegas_se:1.72; unibet:1.72; tabtouch:1.72; casumo:1.72; leovegas:1.72
FC Twente Enschede vs Excelsior,2026-01-24 15:00:00,Under 2.5,2.35,2.2675,2.5392867069643925e-05,4,0.005831681335643124,0.0053600425938345325,6.453528753010943e-05,4,0.009382314408660612,0.007842949332311014,tipico_de,4,0.0825,2.17,6.25,Eredivisie,Goles (Over/Under),0.2688,tipico_de:2.35; williamhill:2.25; betmgm:2.25; codere_it:2.22
Spezia vs Avellino,2026-01-24 13:30:00,Over 2.25,1.88,1.85,1.573454001910289e-05,2,0.004666077549271674,0.004666077549271674,5.582819314627909e-05,2,0.00876782791676406,0.00876782791676406,pinnacle,2,0.03,1.62,2.94,Serie B,Goles (Over/Under),0.2585,pinnacle:1.88; bovada:1.82
FC Sion vs FC Luzern,2026-01-24 14:30:00,Over 2.75,2.03,2.005,4.300457972063751e-06,2,0.002439810184781205,0.002439810184781205,2.7907702358818866e-05,2,0.006219833806040687,0.006219833806040687,pinnacle,2,0.025,1.25,3.02,Swiss Superleague,Goles (Over/Under),0.255,pinnacle:2.03; bovada:1.98
FC Sion vs FC Luzern,2026-01-24 14:30:00,Under 2.75,1.86,1.855,4.300457972063751e-06,2,0.0024398101847812326,0.0024398101847812326,1.5324226643855855e-06,2,0.0014530659691949777,0.0014530659691949777,pinnacle,2,0.005,0.27,3.02,Swiss Superleague,Goles (Over/Under),0.255,pinnacle:1.86; bovada:1.85
Stade de Reims vs Saint Etienne,2026-01-24 14:00:00,Over 2.75,2.04,1.995,4.2284502119098325e-05,2,0.007650995843903552,0.007650995843903552,9.232276772775825e-05,2,0.011312217194570179,0.011312217194570179,pinnacle,2,0.045,2.26,3.37,Ligue 2,Goles (Over/Under),0.2047,pinnacle:2.04; bovada:1.95
FC Sion vs FC Luzern,2026-01-24 14:30:00,Over 2.5,1.75,1.7336,2.343808400050716e-05,14,0.005686873314213652,0.0051387416393641515,2.0018740173568297e-05,14,0.005198114542143887,0.004048847543879289,williamhill,14,0.0164,0.89,7.14,Swiss Superleague,Goles (Over/Under),0.1863,williamhill:1.75; tipico_de:1.75; casumo:1.74; unibet:1.74; tabtouch:1.74; leovegas:1.74; unibet_nl:1.74; unibet_se:1.74; grosvenor:1.74; codere_it:1.74; leovegas_se:1.72; betsson:1.72; nordicbet:1.72; betmgm:1.69
Barracas Central vs River Plate,2026-01-24 15:00:00,Under 1.5,2.55,2.5,3.90282071594841e-05,4,0.007126660760963125,0.006141722984372433,7.498985924576762e-05,4,0.010007086109114499,0.008210784313725475,unibet,4,0.05,2.45,6.33,Primera División,Goles (Over/Under),0.1833,unibet:2.55; unibet_se:2.55; leovegas_se:2.5; betmgm:2.4
Marseille vs RC Lens,2026-01-24 15:05:00,Under 2.5,2.43,2.3845,1.8503449758687852e-05,11,0.004956888224922679,0.0037149086525532856,3.992146769896724e-05,11,0.007354505650296689,0.0055599177250473105,grosvenor,11,0.0455,1.71,5.67,Ligue 1,Goles (Over/Under),0.1817,grosvenor:2.43; tipico_de:2.4; casumo:2.4; unibet_nl:2.4; tabtouch:2.4; leovegas_se:2.4; leovegas:2.4; unibet_se:2.4; unibet:2.4; williamhill:2.3; betmgm:2.3
AEL vs Panserraikos FC,2026-01-24 13:00:00,Over 2.0,1.85,1.835,1.4640151046019885e-06,2,0.0014228951890035146,0.0014228951890035146,1.4433867216105786e-05,2,0.004455004455004463,0.004455004455004463,pinnacle,2,0.015,0.82,3.32,Super League,Goles (Over/Under),0.1687,pinnacle:1.85; bovada:1.82
AEL vs Panserraikos FC,2026-01-24 13:00:00,Under 2.0,2.03,2.025,1.4640151046019885e-06,2,0.0014228951890034036,0.0014228951890034036,1.0726465121911328e-06,2,0.0012193337560356676,0.0012193337560356676,pinnacle,2,0.005,0.25,3.32,Super League,Goles (Over/Under),0.1687,pinnacle:2.03; bovada:2.02
Villarreal vs Real Madrid,2026-01-24 15:00:00,Over 3.5,2.18,2.1338,4.5814801983306376e-05,13,0.007915579222454982,0.007412313353667744,9.536393170248348e-05,13,0.011481549504869178,0.009944839035021349,grosvenor,13,0.0462,2.39,5.75,La Liga,Goles (Over/Under),0.1652,grosvenor:2.18; leovegas_se:2.17; unibet_nl:2.17; casumo:2.17; tabtouch:2.17; unibet:2.17; unibet_se:2.17; leovegas:2.16; nordicbet:2.12; betsson:2.12; tipico_de:2.05; betmgm:2.05; codere_it:2.04
Le Havre vs AS Monaco,2026-01-24 13:00:00,Over 2.5,1.65,1.6114,2.9905210651604296e-05,14,0.0063549244112180376,0.005836793499615078,3.602328655269865e-05,14,0.006870951985109883,0.005607005861270807,nordicbet,14,0.0386,1.12,5.65,Ligue 1,Goles (Over/Under),0.1646,nordicbet:1.65; betsson:1.65; williamhill:1.62; tipico_de:1.62; betmgm:1.62; grosvenor:1.61; casumo:1.6; leovegas:1.6; tabtouch:1.6; unibet_nl:1.6; leovegas_se:1.6; unibet:1.6; unibet_se:1.6; codere_it:1.59
Arouca vs Sporting Lisbon,2026-01-24 13:00:00,Over 3.5,2.38,2.3025,8.97508175017496e-05,4,0.01095976140143969,0.00964525353949637,0.00016709016157817657,4,0.015092061042936868,0.014663441134029356,betsson,4,0.0775,3.45,6.53,Primeira Liga,Goles (Over/Under),0.1639,betsson:2.38; nordicbet:2.38; betmgm:2.25; tipico_de:2.2
Marseille vs RC Lens,2026-01-24 15:05:00,Over 3.5,2.32,2.2867,9.50196279647378e-06,3,0.003568630071922327,0.003364536697870013,6.129742050574895e-05,3,0.009152774945461125,0.008629318974146519,nordicbet,3,0.0333,2.06,6.39,Ligue 1,Goles (Over/Under),0.144,nordicbet:2.32; betsson:2.32; codere_it:2.22
Marseille vs RC Lens,2026-01-24 15:05:00,Under 3.5,1.58,1.5733,9.50196279647378e-06,3,0.003568630071922327,0.0033645366978700317,1.1410843876296208e-05,3,0.0038250934825627427,0.0036063327202567885,nordicbet,3,0.0067,0.6,6.39,Ligue 1,Goles (Over/Under),0.144,nordicbet:1.58; betsson:1.58; codere_it:1.56
FC Twente Enschede vs Excelsior,2026-01-24 15:00:00,Over 2.5,1.6,1.5675,2.5392867069643925e-05,4,0.0058316813356430975,0.005360042593834519,6.0069501492889286e-05,4,0.008776164386608795,0.007108403804263669,williamhill,4,0.0325,1.38,6.94,Eredivisie,Goles (Over/Under),0.1427,williamhill:1.6; tipico_de:1.57; codere_it:1.56; betmgm:1.54
AEL vs Panserraikos FC,2026-01-24 13:00:00,Over 2.5,2.35,2.3217,1.5136875200772783e-05,12,0.004488013297160517,0.003218214997476899,1.5325700890385745e-05,12,0.00457081413098879,0.00299067908136455,betmgm,12,0.0283,1.04,7.91,Super League,Goles (Over/Under),0.1214,betmgm:2.35; unibet_se:2.33; leovegas_se:2.33; unibet:2.33; tabtouch:2.33; unibet_nl:2.33; casumo:2.33; leovegas:2.33; grosvenor:2.33; codere_it:2.32; williamhill:2.3; tipico_de:2.25
Spezia vs Avellino,2026-01-24 13:30:00,Under 2.5,1.73,1.6708,3.933621006041578e-05,13,0.0073499889192919984,0.006757363016581142,7.126425872436528e-05,13,0.009757791349899092,0.009074223861567164,williamhill,13,0.0592,1.65,7.8,Serie B,Goles (Over/Under),0.1103,williamhill:1.73; betsson:1.7; nordicbet:1.7; codere_it:1.7; betmgm:1.69; unibet:1.65; tabtouch:1.65; leovegas_se:1.65; unibet_nl:1.65; unibet_se:1.65; leovegas:1.65; grosvenor:1.65; casumo:1.65
AEL vs Panserraikos FC,2026-01-24 13:00:00,Under 2.5,1.55,1.52,1.5136875200772783e-05,12,0.00448801329716054,0.0032182149974769314,3.159203863600626e-05,12,0.0062955381952026525,0.005011946778075769,williamhill,12,0.03,0.97,7.99,Super League,Goles (Over/Under),0.1101,williamhill:1.55; tipico_de:1.55; betmgm:1.53; codere_it:1.52; unibet:1.52; unibet_se:1.51; leovegas_se:1.51; tabtouch:1.51; unibet_nl:1.51; casumo:1.51; leovegas:1.51; grosvenor:1.51
Cádiz CF vs Granada CF,2026-01-24 15:00:00,Under 2.5,1.55,1.5169,5.822382422963471e-05,13,0.008786630971405342,0.00843920082986144,9.530543707523757e-05,13,0.010906878998076982,0.010316511557206339,betsson,13,0.0331,1.66,7.99,La Liga 2,Goles (Over/Under),0.0901,betsson:1.55; nordicbet:1.55; tipico_de:1.55; williamhill:1.55; betmgm:1.54; unibet:1.5; casumo:1.5; unibet_se:1.5; tabtouch:1.5; leovegas:1.5; unibet_nl:1.5; grosvenor:1.5; leovegas_se:1.48
NEC Nijmegen vs FC Zwolle,2026-01-24 12:45:00,Under 3.5,1.75,1.6938,1.5692879826685775e-05,13,0.004650219894306273,0.0030648919884838344,4.368140708254972e-05,13,0.007666555643387406,0.006596924401274249,tipico_de,13,0.0562,1.32,7.9,Eredivisie,Goles (Over/Under),0.0734,tipico_de:1.75; betsson:1.72; nordicbet:1.72; betmgm:1.71; unibet:1.68; tabtouch:1.68; grosvenor:1.68; leovegas_se:1.68; unibet_se:1.68; unibet_nl:1.68; casumo:1.68; leovegas:1.68; codere_it:1.68
Leuven vs Union Saint-Gilloise,2026-01-24 14:45:00,Over 2.5,2.23,2.1607,0.00017292772576525832,14,0.015375169423337753,0.013019043685258774,0.00015307967108497405,14,0.014532809360758915,0.01313399158529258,unibet,14,0.0693,3.09,6.57,Belgium First Div,Goles (Over/Under),0.0654,unibet:2.23; unibet_nl:2.23; casumo:2.23; grosvenor:2.23; unibet_se:2.23; tabtouch:2.2; leovegas_se:2.18; leovegas:2.18; nordicbet:2.11; betsson:2.11; tipico_de:2.1; betmgm:2.1; williamhill:2.1; bovada:2.02
Lecce vs Lazio,2026-01-24 14:45:00,Under 1.5,2.4,2.3467,4.750621232190758e-05,12,0.007963759909409857,0.007506692791460878,7.65858775364212e-05,12,0.010213198053285478,0.0076513680826980944,leovegas_se,12,0.0533,2.31,5.77,Serie A,Goles (Over/Under),0.0607,leovegas_se:2.4; grosvenor:2.4; unibet_nl:2.38; tabtouch:2.38; casumo:2.38; unibet_se:2.38; codere_it:2.35; leovegas:2.35; betsson:2.32; nordicbet:2.32; tipico_de:2.3; betmgm:2.2
Le Havre vs AS Monaco,2026-01-24 13:00:00,Under 2.5,2.28,2.2471,2.9905210651604296e-05,14,0.006354924411218014,0.005836793499615058,5.577269261355192e-05,14,0.008747311112645297,0.007626757206862761,casumo,14,0.0329,1.93,6.36,Ligue 1,Goles (Over/Under),0.0346,casumo:2.28; leovegas:2.28; tabtouch:2.28; unibet_nl:2.28; leovegas_se:2.28; grosvenor:2.28; unibet:2.28; unibet_se:2.28; tipico_de:2.25; nordicbet:2.22; betsson:2.22; williamhill:2.2; codere_it:2.18; betmgm:2.15
Arouca vs Sporting Lisbon,2026-01-24 13:00:00,Over 2.5,1.56,1.5456,0.00016479882438765633,9,0.014733239841107987,0.00923521171404292,0.00022628739670642903,9,0.01667538081702887,0.01044974760625899,unibet,9,0.0144,2.42,8.95,Primeira Liga,Goles (Over/Under),0.0257,unibet:1.56; grosvenor:1.56; unibet_nl:1.56; unibet_se:1.56; casumo:1.56; leovegas_se:1.56; tabtouch:1.56; leovegas:1.55; williamhill:1.44
Cádiz CF vs Granada CF,2026-01-24 15:00:00,Over 2.5,2.38,2.3392,5.822382422963471e-05,13,0.008786630971405304,0.008439200829861425,6.29688723044155e-05,13,0.009253073101782769,0.008430198726597662,unibet,13,0.0408,2.13,8.68,La Liga 2,Goles (Over/Under),0.0035,unibet:2.38; casumo:2.38; unibet_se:2.38; tabtouch:2.38; leovegas:2.38; unibet_nl:2.38; grosvenor:2.38; leovegas_se:2.35; betsson:2.3; nordicbet:2.3; williamhill:2.3; betmgm:2.25; tipico_de:2.25
1. FC Magdeburg vs Dynamo Dresden,2026-01-24 14:30:00,Over 3.5,2.48,2.48,0.0,2,0.0,0.0,0.0,2,0.0,0.0,nordicbet,2,0.0,0.0,7.89,Bundesliga 2,Goles (Over/Under),0.0,nordicbet:2.48; betsson:2.48
1. FC Magdeburg vs Dynamo Dresden,2026-01-24 14:30:00,Under 3.5,1.48,1.48,0.0,2,0.0,0.0,0.0,2,0.0,0.0,nordicbet,2,0.0,0.0,7.89,Bundesliga 2,Goles (Over/Under),0.0,nordicbet:1.48; betsson:1.48
Barracas Central vs River Plate,2026-01-24 15:00:00,Over 2.5,2.48,2.48,0.0,2,0.0,0.0,0.0,2,0.0,0.0,betsson,2,0.0,0.0,6.11,Primera División,Goles (Over/Under),0.0,betsson:2.48; nordicbet:2.48
Barracas Central vs River Plate,2026-01-24 15:00:00,Under 2.5,1.52,1.52,0.0,2,0.0,0.0,0.0,2,0.0,0.0,betsson,2,0.0,0.0,6.11,Primera División,Goles (Over/Under),0.0,betsson:1.52; nordicbet:1.52
Lecce vs Lazio,2026-01-24 14:45:00,X2,1.2456,1.1958,,,,,0.00029934737186495093,37,0.01519647934467809,0.012813331696893788,bovada,37,0.0498,1.84,5.6,Serie A,Doble Chance,-0.0018,bovada:1.2456; betfair_ex_eu:1.2366; betfair_ex_au:1.2366; betfair_ex_uk:1.2366; smarkets:1.2283; marathonbet:1.2244; pinnacle:1.2168; codere_it:1.2152; unibet_nl:1.2152; unibet_se:1.2152; betsson:1.2039; nordicbet:1.2039; winamax_de:1.2006; betvictor:1.2; coral:1.2; unibet_uk:1.1919; betmgm:1.1919; betclic_fr:1.1855; unibet:1.1855; fanduel:1.1837; skybet:1.1837; pointsbetau:1.1837; sport888:1.1837; williamhill:1.1837; tab:1.1837; ladbrokes_uk:1.1837; betway:1.1818; tabtouch:1.1818; leovegas_se:1.1818; grosvenor:1.1818; casumo:1.1818; paddypower:1.1803; tipico_de:1.174; winamax_fr:1.1703; leovegas:1.1667; virginbet:1.1667; draftkings:1.1578
Leuven vs Union Saint-Gilloise,2026-01-24 14:45:00,1X,2.1081,1.8682,,,,,0.00028861006875620496,32,0.01995851982765976,0.014269309940801436,bovada,32,0.2399,3.89,6.96,Belgium First Div,Doble Chance,-0.023,bovada:2.1081; betfair_ex_au:1.9845; betfair_ex_uk:1.9845; betfair_ex_eu:1.9845; smarkets:1.9688; pinnacle:1.9436; betmgm:1.8882; tipico_de:1.8857; marathonbet:1.8749; unibet_nl:1.8734; unibet_se:1.8734; coral:1.8667; ladbrokes_uk:1.8667; skybet:1.8667; pointsbetau:1.8576; nordicbet:1.8483; betsson:1.8483; unibet:1.848; leovegas:1.848; tabtouch:1.848; casumo:1.848; grosvenor:1.848; draftkings:1.8378; winamax_de:1.8231; unibet_uk:1.8231; leovegas_se:1.8129; paddypower:1.8082; virginbet:1.7973; sport888:1.7931; williamhill:1.7931; betclic_fr:1.792; winamax_fr:1.7371
Stade de Reims vs Saint Etienne,2026-01-24 14:00:00,Under 2.5,1.97,1.95,2.24188202666986e-05,14,0.005566660255626608,0.005372110810441124,1.4585828246719425e-05,14,0.004494372785884676,0.003421406799513495,unibet,14,0.02,0.87,8.9,Ligue 2,Goles (Over/Under),-0.0247,unibet:1.97; unibet_nl:1.96; grosvenor:1.96; unibet_se:1.96; leovegas_se:1.96; tabtouch:1.96; casumo:1.96; leovegas:1.96; nordicbet:1.95; betsson:1.95; williamhill:1.95; tipico_de:1.93; codere_it:1.92; betmgm:1.91
Arouca vs Sporting Lisbon,2026-01-24 13:00:00,Under 2.5,2.5,2.2533,0.00016479882438765633,9,0.01473323984110802,0.009235211714042933,0.00018655781381098842,9,0.015897900440514035,0.009868490585979377,williamhill,9,0.2467,3.91,9.44,Primeira Liga,Goles (Over/Under),-0.0275,williamhill:2.5; unibet:2.23; grosvenor:2.23; unibet_nl:2.23; unibet_se:2.23; casumo:2.23; tabtouch:2.23; leovegas_se:2.2; leovegas:2.2
Spezia vs Avellino,2026-01-24 13:30:00,Over 2.5,2.07,2.05,3.933621006041578e-05,13,0.007349988919292,0.006757363016581137,3.219695005228928e-05,13,0.006679537412356465,0.005925850637232615,unibet,13,0.02,1.35,8.92,Serie B,Goles (Over/Under),-0.0291,unibet:2.07; tabtouch:2.07; leovegas_se:2.07; unibet_nl:2.07; unibet_se:2.07; leovegas:2.07; grosvenor:2.07; casumo:2.07; betmgm:2.05; betsson:2.02; nordicbet:2.02; codere_it:2.0; williamhill:2.0
Arouca vs Sporting Lisbon,2026-01-24 13:00:00,Under 3.5,1.6,1.56,8.97508175017496e-05,4,0.010959761401439687,0.009645253539496357,7.019123039138538e-05,4,0.009490162132681031,0.008084153749476297,tipico_de,4,0.04,1.5,7.95,Primeira Liga,Goles (Over/Under),-0.044,tipico_de:1.6; betsson:1.55; nordicbet:1.55; betmgm:1.54
Villarreal vs Real Madrid,2026-01-24 15:00:00,X2,1.3232,1.2692,,,,,0.00025767635131668985,33,0.015476688602349757,0.012874954149794735,bovada,33,0.054,1.97,5.43,La Liga,Doble Chance,-0.0552,bovada:1.3232; betfair_ex_uk:1.3123; betfair_ex_eu:1.3123; betfair_ex_au:1.3123; smarkets:1.2973; pinnacle:1.2907; marathonbet:1.2886; codere_it:1.2843; draftkings:1.2843; unibet_nl:1.2843; unibet_se:1.2843; betclic_fr:1.2795; betway:1.2789; betmgm:1.2743; betsson:1.2738; winamax_de:1.2696; unibet_uk:1.265; skybet:1.265; ladbrokes_uk:1.265; coral:1.265; fanduel:1.264; winamax_fr:1.2603; williamhill:1.2548; paddypower:1.2442; tab:1.2442; leovegas_se:1.2414; casumo:1.2414; tabtouch:1.2414; unibet:1.2414; grosvenor:1.2414; tipico_de:1.2352; leovegas:1.2318; virginbet:1.2318
Marseille vs RC Lens,2026-01-24 15:05:00,Over 2.5,1.57,1.5445,1.8503449758687852e-05,11,0.004956888224922679,0.0037149086525533363,1.0706669601134862e-05,11,0.003690019511854179,0.002748653520337364,williamhill,11,0.0255,0.58,7.17,Ligue 1,Goles (Over/Under),-0.0656,williamhill:1.57; tipico_de:1.55; grosvenor:1.55; casumo:1.54; unibet_nl:1.54; tabtouch:1.54; leovegas_se:1.54; leovegas:1.54; unibet_se:1.54; unibet:1.54; betmgm:1.54
PSV Eindhoven vs NAC Breda,2026-01-24 14:00:00,X2,4.0299,3.1886,,,,,0.0004552202807075729,35,0.02322003327830062,0.017872069966556377,bovada,35,0.8413,7.71,6.78,Eredivisie,Doble Chance,-0.0723,bovada:4.0299; betfair_ex_au:3.532; betfair_ex_uk:3.532; betfair_ex_eu:3.532; smarkets:3.431; unibet_nl:3.3623; pinnacle:3.3586; unibet:3.3455; unibet_se:3.3455; betsson:3.2827; nordicbet:3.2827; casumo:3.2547; grosvenor:3.2547; leovegas:3.2547; tipico_de:3.2256; tabtouch:3.2061; marathonbet:3.1739; virginbet:3.1731; skybet:3.1731; leovegas_se:3.1731; draftkings:3.1731; betvictor:3.0882; codere_it:3.0857; paddypower:3.0769; pointsbetau:3.0769; winamax_de:3.0163; unibet_uk:3.0; coral:3.0; betmgm:3.0; ladbrokes_uk:3.0; betclic_fr:2.8558; winamax_fr:2.8261; williamhill:2.8261; betway:2.8261; sport888:2.8261
Barracas Central vs River Plate,2026-01-24 15:00:00,Over 1.5,1.5,1.4825,3.90282071594841e-05,4,0.007126660760963112,0.006141722984372433,6.487411924099504e-05,4,0.0088531889260559,0.0075021214225102495,betmgm,4,0.0175,1.3,8.33,Primera División,Goles (Over/Under),-0.1008,betmgm:1.5; unibet:1.49; unibet_se:1.49; leovegas_se:1.45
Villarreal vs Real Madrid,2026-01-24 15:00:00,Under 3.5,1.7,1.6723,4.5814801983306376e-05,13,0.007915579222454956,0.007412313353667714,2.9295112401687496e-05,13,0.006253891467455732,0.005499363113154499,tipico_de,13,0.0277,1.05,7.6,La Liga,Goles (Over/Under),-0.1184,tipico_de:1.7; nordicbet:1.7; betsson:1.7; betmgm:1.69; codere_it:1.67; grosvenor:1.67; leovegas_se:1.66; unibet_nl:1.66; casumo:1.66; tabtouch:1.66; unibet:1.66; unibet_se:1.66; leovegas:1.65
Le Havre vs AS Monaco,2026-01-24 13:00:00,X2,1.3043,1.2273,,,,,0.0004285716142840412,35,0.019094489704975494,0.015221704118720106,bovada,35,0.077,2.38,6.52,Ligue 1,Doble Chance,-0.1365,bovada:1.3043; betfair_ex_uk:1.2789; betfair_ex_au:1.2789; betfair_ex_eu:1.2789; smarkets:1.2738; marathonbet:1.2563; betmgm:1.2478; pinnacle:1.2466; coral:1.2388; codere_it:1.2363; betway:1.2352; ladbrokes_uk:1.2333; nordicbet:1.2316; betsson:1.2316; draftkings:1.2316; unibet_nl:1.2316; leovegas_se:1.2316; winamax_de:1.2222; betclic_fr:1.2219; fanduel:1.2214; unibet_uk:1.2214; paddypower:1.2162; winamax_fr:1.2127; tab:1.2109; unibet:1.2078; sport888:1.2; williamhill:1.2; skybet:1.1982; casumo:1.1982; tabtouch:1.1982; grosvenor:1.1982; unibet_se:1.1982; tipico_de:1.1936; leovegas:1.1839; virginbet:1.1839
Stade de Reims vs Saint Etienne,2026-01-24 14:00:00,Under 2.75,1.87,1.855,4.2284502119098325e-05,2,0.007650995843903496,0.007650995843903496,1.3793823674553376e-05,2,0.004359451290397609,0.004359451290397609,bovada,2,0.015,0.81,4.76,Ligue 2,Goles (Over/Under),-0.1471,bovada:1.87; pinnacle:1.84
Spezia vs Avellino,2026-01-24 13:30:00,Under 2.25,2.02,2.015,1.573454001910289e-05,2,0.004666077549271647,0.004666077549271647,1.0939928780159672e-06,2,0.0012314664302251477,0.0012314664302251477,bovada,2,0.005,0.25,4.45,Serie B,Goles (Over/Under),-0.1685,bovada:2.02; pinnacle:2.01
Arouca vs Sporting Lisbon,2026-01-24 13:00:00,Over 3.0,1.91,1.88,0.0001186655167474569,2,0.012820512820512775,0.012820512820512775,5.2215843122813957e-05,2,0.008490165558228346,0.008490165558228346,bovada,2,0.03,1.6,4.71,Primeira Liga,Goles (Over/Under),-0.1996,bovada:1.91; pinnacle:1.85
Marseille vs RC Lens,2026-01-24 15:05:00,Over 3.0,2.02,1.96,0.00029027951396921707,2,0.0200540814151747,0.0200540814151747,0.00017642476267840925,2,0.015633142261594568,0.015633142261594568,bovada,2,0.06,3.06,4.45,Ligue 1,Goles (Over/Under),-0.2315,bovada:2.02; pinnacle:1.9
Gimnasia La Plata vs Racing Club,2026-01-24 17:30:00,1X,1.7077,1.6163,,,,,0.0003476438602473366,23,0.021312909375008696,0.018017204669548505,betfair_ex_eu,23,0.0914,3.46,2.04,Primera División,Doble Chance,2.2108,betfair_ex_eu:1.7077; betfair_ex_au:1.7077; betfair_ex_uk:1.7077; pinnacle:1.6948; smarkets:1.6855; nordicbet:1.6475; betsson:1.6475; skybet:1.6364; draftkings:1.6353; fanduel:1.6258; marathonbet:1.6253; ladbrokes_uk:1.6154; betway:1.6; winamax_de:1.5859; betmgm:1.5859; unibet:1.5799; unibet_se:1.5799; paddypower:1.575; betclic_fr:1.5709; leovegas_se:1.5607; bovada:1.5544; winamax_fr:1.5252; virginbet:1.5203
Gimnasia La Plata vs Racing Club,2026-01-24 17:30:00,X2,1.2981,1.2638,,,,,0.0003183523165624383,23,0.01698076601211548,0.0150510386457755,bovada,23,0.0343,2.14,6.89,Primera División,Doble Chance,-0.0493,bovada:1.2981; betfair_ex_eu:1.2981; betfair_ex_au:1.2981; betfair_ex_uk:1.2981; unibet:1.2941; unibet_se:1.2941; smarkets:1.2905; ladbrokes_uk:1.2857; pinnacle:1.2759; leovegas_se:1.2728; skybet:1.2692; betmgm:1.267; fanduel:1.251; winamax_de:1.251; draftkings:1.251; betway:1.2472; nordicbet:1.2472; betsson:1.2472; virginbet:1.2375; marathonbet:1.2365; betclic_fr:1.2255; paddypower:1.2162; winamax_fr:1.2162
Atlético Madrid vs Mallorca,2026-01-25 08:00:00,1X,1.0853,1.0485,,,,,0.0016015048162502312,34,0.01871278880176208,0.015923675218530803,betfair_ex_uk,34,0.0368,1.96,0.14,La Liga,Doble Chance,36.3571,betfair_ex_uk:1.0853; betfair_ex_eu:1.0853; betfair_ex_au:1.0853; smarkets:1.0753; coral:1.071; betmgm:1.071; marathonbet:1.07; unibet_se:1.062; unibet_nl:1.0617; pinnacle:1.061; codere_it:1.0607; nordicbet:1.0586; betsson:1.0586; draftkings:1.058; winamax_de:1.0518; betway:1.0515; tab:1.0515; ladbrokes_uk:1.0515; bovada:1.0485; fanduel:1.0453; unibet_uk:1.042; tipico_de:1.0419; betclic_fr:1.0352; williamhill:1.0317; tabtouch:1.0286; unibet:1.0286; grosvenor:1.0286; leovegas_se:1.0286; casumo:1.0286; winamax_fr:1.0251; paddypower:1.0185; skybet:1.0185; leovegas:1.0185; virginbet:1.0115
Atlético Madrid vs Mallorca,2026-01-25 08:00:00,X2,4.0082,3.6278,,,,,0.0001928819100452224,34,0.014600543537515954,0.011975437526117476,betfair_ex_uk,34,0.3804,5.35,0.14,La Liga,Doble Chance,36.3571,betfair_ex_uk:4.0082; betfair_ex_eu:4.0082; betfair_ex_au:4.0082; unibet_nl:3.9429; smarkets:3.9101; unibet_se:3.7976; pinnacle:3.7375; tabtouch:3.7108; unibet:3.7108; grosvenor:3.7108; leovegas_se:3.7108; casumo:3.7108; winamax_de:3.7107; nordicbet:3.6828; betsson:3.6828; tipico_de:3.6709; marathonbet:3.6423; leovegas:3.6094; bovada:3.5897; fanduel:3.5625; betclic_fr:3.557; paddypower:3.5484; skybet:3.5484; draftkings:3.5484; virginbet:3.5222; codere_it:3.4297; winamax_fr:3.4138; betway:3.4138; tab:3.4138; ladbrokes_uk:3.4138; coral:3.4138; betmgm:3.4138; unibet_uk:3.3158; williamhill:3.2759
Groningen vs Fortuna Sittard,2026-01-25 08:30:00,1X,1.182,1.1317,,,,,0.0008625824075968399,35,0.02161770498268378,0.017192124970121236,betfair_ex_eu,35,0.0503,2.44,0.23,Eredivisie,Doble Chance,28.0435,betfair_ex_eu:1.182; betfair_ex_au:1.182; betfair_ex_uk:1.182; betmgm:1.1639; smarkets:1.1586; unibet_uk:1.1586; ladbrokes_uk:1.1586; coral:1.1586; nordicbet:1.1548; betsson:1.1548; pinnacle:1.1532; codere_it:1.1457; bovada:1.1405; draftkings:1.1353; unibet_nl:1.1319; unibet_se:1.1319; unibet:1.1285; marathonbet:1.1262; betway:1.1259; tipico_de:1.1248; betvictor:1.1248; skybet:1.1215; sport888:1.1194; williamhill:1.1194; leovegas:1.1176; casumo:1.1176; grosvenor:1.1176; pointsbetau:1.1171; winamax_de:1.1119; tabtouch:1.1087; paddypower:1.1067; leovegas_se:1.0944; virginbet:1.0889; winamax_fr:1.0755; betclic_fr:1.069
Groningen vs Fortuna Sittard,2026-01-25 08:30:00,X2,2.572,2.3619,,,,,0.00035847183073205776,35,0.022039238115969948,0.017637009008550888,betfair_ex_eu,35,0.2101,5.15,0.23,Eredivisie,Doble Chance,28.0435,betfair_ex_eu:2.572; betfair_ex_au:2.572; betfair_ex_uk:2.572; unibet_nl:2.5217; unibet_se:2.5217; smarkets:2.5038; unibet:2.4693; leovegas:2.4693; casumo:2.4693; grosvenor:2.4693; tabtouch:2.4438; leovegas_se:2.4271; virginbet:2.4; pinnacle:2.393; tipico_de:2.349; betvictor:2.349; nordicbet:2.3466; betsson:2.3466; unibet_uk:2.3333; betmgm:2.3333; coral:2.3333; marathonbet:2.3234; bovada:2.3212; paddypower:2.3158; pointsbetau:2.3158; draftkings:2.3021; codere_it:2.2925; skybet:2.2826; ladbrokes_uk:2.2826; betway:2.2044; winamax_de:2.2022; sport888:2.191; williamhill:2.191; betclic_fr:2.1463; winamax_fr:2.1012
Newcastle United vs Aston Villa,2026-01-25 09:00:00,1X,1.3525,1.3032,,,,,0.00021246975826328117,37,0.014538919392810053,0.01173046403088909,betfair_ex_eu,37,0.0493,1.91,0.25,EPL,Doble Chance,18.8,betfair_ex_eu:1.3525; betfair_ex_uk:1.3525; betfair_ex_au:1.3525; smarkets:1.3462; unibet_se:1.3338; unibet_nl:1.3338; nordicbet:1.325; betsson:1.325; marathonbet:1.3248; leovegas:1.3191; pinnacle:1.3183; codere_it:1.3127; leovegas_se:1.3086; unibet_uk:1.3062; draftkings:1.3062; betway:1.3043; tabtouch:1.3004; grosvenor:1.3004; unibet:1.3004; casumo:1.3004; winamax_de:1.2982; ladbrokes_uk:1.2982; betmgm:1.2982; coral:1.2982; mybookieag:1.2874; fanduel:1.2857; paddypower:1.2857; williamhill:1.2857; tab:1.2857; skybet:1.277; bovada:1.277; tipico_de:1.2732; sport888:1.2727; winamax_fr:1.2711; betclic_fr:1.2685; virginbet:1.2669; pointsbetau:1.2649
Newcastle United vs Aston Villa,2026-01-25 09:00:00,X2,1.9,1.8013,,,,,0.00013246859072778728,37,0.013474176432206036,0.009707298143685983,betfair_ex_eu,37,0.0987,2.46,0.25,EPL,Doble Chance,18.8,betfair_ex_eu:1.9; betfair_ex_uk:1.9; betfair_ex_au:1.9; smarkets:1.8874; bovada:1.85; unibet_se:1.8497; unibet_nl:1.8497; marathonbet:1.8249; leovegas:1.8247; leovegas_se:1.8124; pinnacle:1.8099; fanduel:1.8; paddypower:1.8; tipico_de:1.8; tabtouch:1.7997; grosvenor:1.7997; unibet:1.7997; casumo:1.7997; skybet:1.7986; coral:1.7986; draftkings:1.7874; codere_it:1.7867; nordicbet:1.7867; betsson:1.7867; winamax_de:1.7853; betway:1.7832; unibet_uk:1.7746; williamhill:1.7746; pointsbetau:1.7746; tab:1.7746; ladbrokes_uk:1.7718; betmgm:1.7718; virginbet:1.7624; mybookieag:1.7419; betclic_fr:1.7319; sport888:1.7246; winamax_fr:1.7236
Portsmouth vs Southampton,2026-01-25 07:00:00,1X,1.7746,1.6595,,,,,0.0002711883389174632,35,0.018949702701211272,0.01434215394810435,betfair_ex_eu,35,0.1151,3.15,0.6,Championship,Doble Chance,9.5667,betfair_ex_eu:1.7746; betfair_ex_uk:1.7746; smarkets:1.7496; betfair_ex_au:1.7486; leovegas_se:1.7; pinnacle:1.6975; betsson:1.685; nordicbet:1.685; unibet_se:1.675; casumo:1.675; grosvenor:1.675; unibet:1.675; unibet_nl:1.675; fanduel:1.6746; skybet:1.6746; paddypower:1.6746; codere_it:1.6735; draftkings:1.6735; leovegas:1.65; tabtouch:1.65; tipico_de:1.65; unibet_uk:1.6485; ladbrokes_uk:1.6439; coral:1.6439; betmgm:1.6439; marathonbet:1.64; virginbet:1.625; tab:1.625; winamax_de:1.6215; bovada:1.6; williamhill:1.5984; sport888:1.5866; betway:1.5866; betclic_fr:1.5734; winamax_fr:1.535
Portsmouth vs Southampton,2026-01-25 07:00:00,X2,1.3884,1.3224,,,,,0.0003497426660902191,35,0.018904800989888424,0.014857926174275497,betfair_ex_eu,35,0.066,2.51,0.6,Championship,Doble Chance,9.5667,betfair_ex_eu:1.3884; betfair_ex_au:1.3884; betfair_ex_uk:1.3884; coral:1.3696; betmgm:1.3696; smarkets:1.3659; ladbrokes_uk:1.3509; codere_it:1.3471; draftkings:1.3434; pinnacle:1.3415; unibet_uk:1.3357; leovegas_se:1.3357; betsson:1.3237; nordicbet:1.3237; williamhill:1.32; fanduel:1.3171; winamax_de:1.3171; unibet_se:1.3132; casumo:1.3132; grosvenor:1.3132; unibet:1.3132; unibet_nl:1.3132; sport888:1.3119; betway:1.3119; marathonbet:1.3024; tabtouch:1.3018; skybet:1.2982; paddypower:1.2982; leovegas:1.2982; tab:1.294; bovada:1.2931; tipico_de:1.2833; virginbet:1.2831; betclic_fr:1.2646; winamax_fr:1.2495
Western Sydney Wanderers vs Perth Glory,2026-01-25 03:00:00,1X,1.365,1.285,,,,,0.0005950992478231918,31,0.023577051132118606,0.01517841166228088,betfair_ex_uk,31,0.08,3.02,0.66,A-League,Doble Chance,9.1061,betfair_ex_uk:1.365; betfair_ex_au:1.365; betfair_ex_eu:1.365; smarkets:1.3504; pinnacle:1.311; tab:1.3062; draftkings:1.3043; leovegas:1.2928; leovegas_se:1.2928; coral:1.2887; paddypower:1.2857; pointsbetau:1.2857; codere_it:1.2829; unibet_uk:1.2829; ladbrokes_uk:1.2829; grosvenor:1.282; unibet_nl:1.282; casumo:1.282; unibet_se:1.282; tabtouch:1.282; unibet:1.282; nordicbet:1.2711; betsson:1.2711; marathonbet:1.271; bovada:1.2667; betmgm:1.2655; sport888:1.2479; williamhill:1.2479; virginbet:1.2365; winamax_de:1.2264; winamax_fr:1.1769
Western Sydney Wanderers vs Perth Glory,2026-01-25 03:00:00,X2,1.8854,1.774,,,,,0.0002644134565754134,31,0.018974793091131262,0.01599792612642453,betfair_ex_uk,31,0.1114,3.37,0.66,A-League,Doble Chance,9.1061,betfair_ex_uk:1.8854; betfair_ex_eu:1.8854; betfair_ex_au:1.872; smarkets:1.8604; pinnacle:1.8415; codere_it:1.8367; coral:1.8219; bovada:1.8124; draftkings:1.8103; unibet_uk:1.8103; ladbrokes_uk:1.8103; betmgm:1.8103; marathonbet:1.7867; paddypower:1.7746; pointsbetau:1.7746; nordicbet:1.7496; betsson:1.7496; winamax_de:1.7486; sport888:1.7486; williamhill:1.7486; leovegas:1.7374; leovegas_se:1.7374; grosvenor:1.725; unibet_nl:1.725; casumo:1.725; unibet_se:1.725; tabtouch:1.725; unibet:1.725; tab:1.7217; virginbet:1.6624; winamax_fr:1.6485
FC Schalke 04 vs 1. FC Kaiserslautern,2026-01-25 07:30:00,1X,1.3047,1.2333,,,,,0.000522253355529701,36,0.02094953052053946,0.016579141887860294,smarkets,36,0.0714,2.58,1.04,Bundesliga 2,Doble Chance,6.4712,smarkets:1.3047; betfair_ex_eu:1.2888; betfair_ex_uk:1.2888; betfair_ex_au:1.2888; betmgm:1.2645; codere_it:1.264; pinnacle:1.2533; unibet_uk:1.253; winamax_de:1.2523; draftkings:1.2495; leovegas:1.2473; tipico_de:1.2473; pointsbetau:1.2453; sport888:1.2453; williamhill:1.2453; betvictor:1.2393; betsson:1.2381; nordicbet:1.2381; betway:1.2308; unibet:1.2257; fanduel:1.2257; bovada:1.2233; grosvenor:1.2218; casumo:1.2218; unibet_nl:1.2218; tabtouch:1.2218; unibet_se:1.2218; leovegas_se:1.2178; marathonbet:1.214; coral:1.197; ladbrokes_uk:1.197; paddypower:1.1961; skybet:1.1818; winamax_fr:1.178; virginbet:1.1763; betclic_fr:1.1741
FC Schalke 04 vs 1. FC Kaiserslautern,2026-01-25 07:30:00,X2,1.8882,1.7518,,,,,0.00040538561044239116,36,0.023429447592701273,0.018070583789178578,smarkets,36,0.1364,4.1,1.04,Bundesliga 2,Doble Chance,6.4712,smarkets:1.8882; betfair_ex_eu:1.8882; betfair_ex_uk:1.8882; betfair_ex_au:1.8882; leovegas:1.8272; pinnacle:1.8226; tipico_de:1.8164; fanduel:1.7875; unibet:1.7769; grosvenor:1.7769; casumo:1.7769; unibet_nl:1.7769; tabtouch:1.7769; unibet_se:1.7769; leovegas_se:1.7769; codere_it:1.7694; winamax_de:1.7582; unibet_uk:1.7553; draftkings:1.7475; betmgm:1.7443; paddypower:1.7371; bovada:1.7325; marathonbet:1.73; betway:1.7266; betvictor:1.7246; pointsbetau:1.7217; betsson:1.7192; nordicbet:1.7192; virginbet:1.7159; sport888:1.6746; williamhill:1.6746; skybet:1.6657; betclic_fr:1.6373; winamax_fr:1.6215; coral:1.6215; ladbrokes_uk:1.6215
Atalanta BC vs Parma,2026-01-25 09:00:00,1X,1.112,1.0765,,,,,0.000644812425034465,37,0.015253152702049844,0.012737654748528945,betfair_ex_au,37,0.0355,1.65,0.8,Serie A,Doble Chance,5.8875,betfair_ex_au:1.112; betfair_ex_uk:1.112; betfair_ex_eu:1.112; betmgm:1.1018; smarkets:1.1009; codere_it:1.0958; marathonbet:1.0924; unibet_se:1.0905; unibet_nl:1.0905; pinnacle:1.0904; winamax_de:1.0889; coral:1.0839; ladbrokes_uk:1.0839; unibet_uk:1.0813; betway:1.0813; bovada:1.0804; betvictor:1.0733; nordicbet:1.073; betsson:1.073; tipico_de:1.0707; tab:1.0693; skybet:1.0692; pointsbetau:1.0692; sport888:1.0678; williamhill:1.0678; fanduel:1.0658; betclic_fr:1.0615; winamax_fr:1.0615; draftkings:1.0615; leovegas_se:1.0615; grosvenor:1.0615; tabtouch:1.0615; casumo:1.0615; unibet:1.0615; paddypower:1.0573; leovegas:1.0444; virginbet:1.0389
Atalanta BC vs Parma,2026-01-25 09:00:00,X2,3.2394,2.9794,,,,,0.00017457395093894269,37,0.014690446790185645,0.01169868990927754,betfair_ex_au,37,0.26,4.39,0.8,Serie A,Doble Chance,5.8875,betfair_ex_au:3.2394; betfair_ex_uk:3.2394; betfair_ex_eu:3.2394; smarkets:3.1727; pinnacle:3.1464; nordicbet:3.1008; betsson:3.1008; skybet:3.0769; pointsbetau:3.0769; fanduel:3.0677; tipico_de:3.0388; marathonbet:3.0336; unibet_se:3.0265; unibet_nl:3.0265; leovegas_se:2.9847; grosvenor:2.9847; tabtouch:2.9847; casumo:2.9847; unibet:2.9847; bovada:2.9831; paddypower:2.9804; winamax_de:2.9637; leovegas:2.9423; betvictor:2.9206; codere_it:2.9115; unibet_uk:2.9082; betway:2.9082; tab:2.9082; draftkings:2.8512; coral:2.8475; ladbrokes_uk:2.8475; betmgm:2.8475; virginbet:2.8387; betclic_fr:2.8143; winamax_fr:2.7759; sport888:2.7391; williamhill:2.7391
Crystal Palace vs Chelsea,2026-01-25 09:00:00,1X,1.9124,1.8151,,,,,0.00016879592705947255,37,0.01521904373335236,0.01213555106536291,betfair_ex_eu,37,0.0973,2.79,0.83,EPL,Doble Chance,5.1928,betfair_ex_eu:1.9124; betfair_ex_uk:1.9124; betfair_ex_au:1.9124; unibet_nl:1.9124; smarkets:1.8874; unibet_se:1.8874; leovegas:1.8624; leovegas_se:1.8624; marathonbet:1.838; casumo:1.8374; tabtouch:1.8374; grosvenor:1.8374; unibet:1.8374; pinnacle:1.8233; unibet_uk:1.8103; winamax_de:1.8103; draftkings:1.8103; fanduel:1.8; paddypower:1.8; tipico_de:1.8; virginbet:1.7997; codere_it:1.7986; skybet:1.7986; bovada:1.7986; betmgm:1.7986; coral:1.7986; nordicbet:1.7969; betsson:1.7969; betway:1.7832; ladbrokes_uk:1.7718; mybookieag:1.7538; betclic_fr:1.7538; williamhill:1.7486; pointsbetau:1.7486; tab:1.7486; winamax_fr:1.7468; sport888:1.7246
Crystal Palace vs Chelsea,2026-01-25 09:00:00,X2,1.342,1.2992,,,,,0.00019773175982083763,37,0.013967258914466884,0.011931529878407513,betfair_ex_eu,37,0.0428,1.82,0.83,EPL,Doble Chance,5.1928,betfair_ex_eu:1.342; betfair_ex_uk:1.342; betfair_ex_au:1.342; smarkets:1.3358; marathonbet:1.3316; pinnacle:1.3309; draftkings:1.3254; nordicbet:1.3254; betsson:1.3254; unibet_nl:1.3162; unibet_uk:1.3128; codere_it:1.3108; unibet_se:1.3103; betway:1.3043; winamax_de:1.3043; bovada:1.3025; ladbrokes_uk:1.2982; betmgm:1.2982; coral:1.2982; leovegas:1.2915; leovegas_se:1.2915; fanduel:1.2857; mybookieag:1.2857; williamhill:1.2857; pointsbetau:1.2857; tab:1.2857; unibet:1.2813; skybet:1.277; casumo:1.277; tabtouch:1.277; grosvenor:1.277; winamax_fr:1.2752; tipico_de:1.2732; sport888:1.2727; betclic_fr:1.2691; paddypower:1.2649; virginbet:1.2582
Borussia Monchengladbach vs VfB Stuttgart,2026-01-25 09:30:00,X2,1.4785,1.4078,,,,,0.00021515167286332573,36,0.01573279042679252,0.012115881802826085,betfair_ex_uk,36,0.0707,2.25,0.97,Bundesliga,Doble Chance,4.5979,betfair_ex_uk:1.4785; betfair_ex_au:1.4785; betfair_ex_eu:1.4785; smarkets:1.471; marathonbet:1.4384; pinnacle:1.4371; unibet_nl:1.4259; unibet_uk:1.4256; codere_it:1.4256; skybet:1.4183; tipico_de:1.4183; bovada:1.414; pointsbetau:1.4132; winamax_de:1.4132; unibet_se:1.4109; nordicbet:1.4107; betsson:1.4107; fanduel:1.4034; paddypower:1.4034; betway:1.4034; tab:1.4034; ladbrokes_uk:1.3992; coral:1.3992; betmgm:1.3992; betclic_fr:1.3963; draftkings:1.3846; leovegas_se:1.3772; tabtouch:1.3772; casumo:1.3772; unibet:1.3772; grosvenor:1.3772; winamax_fr:1.3726; leovegas:1.3696; sport888:1.3655; williamhill:1.3655; virginbet:1.3621
Genoa vs Bologna,2026-01-25 09:00:00,X2,1.4431,1.3929,,,,,0.00020102973094238063,37,0.015018340810314454,0.012231113343067227,betfair_ex_au,37,0.0502,2.1,1.04,Serie A,Doble Chance,4.4231,betfair_ex_au:1.4431; betfair_ex_uk:1.4431; betfair_ex_eu:1.4431; unibet_se:1.4431; unibet_nl:1.4431; smarkets:1.4374; coral:1.414; pinnacle:1.4122; marathonbet:1.4093; bovada:1.4071; codere_it:1.4035; casumo:1.4014; tabtouch:1.4014; unibet:1.4014; leovegas_se:1.4014; grosvenor:1.4014; winamax_de:1.3991; betvictor:1.3991; betmgm:1.3991; betway:1.3929; pointsbetau:1.3929; ladbrokes_uk:1.3839; leovegas:1.382; betsson:1.3799; nordicbet:1.3799; unibet_uk:1.3784; tipico_de:1.3784; fanduel:1.3677; virginbet:1.3677; skybet:1.3636; winamax_fr:1.3636; tab:1.3636; betclic_fr:1.3595; draftkings:1.3532; paddypower:1.3426; sport888:1.3426; williamhill:1.3426
Sassuolo vs Cremonese,2026-01-25 06:30:00,1X,1.2756,1.2257,,,,,0.0003219391994011625,37,0.016408271027001972,0.01355041495246686,betfair_ex_uk,37,0.0499,2.02,1.12,Serie A,Doble Chance,4.0804,betfair_ex_uk:1.2756; betfair_ex_eu:1.2756; betfair_ex_au:1.2756; smarkets:1.2607; betsson:1.2606; nordicbet:1.2606; pinnacle:1.2458; codere_it:1.2445; marathonbet:1.2395; coral:1.2393; unibet_se:1.2376; unibet_nl:1.2376; unibet_uk:1.2375; tab:1.234; fanduel:1.2308; betway:1.2308; winamax_de:1.2297; ladbrokes_uk:1.223; betmgm:1.223; betvictor:1.2189; skybet:1.2187; tipico_de:1.2178; bovada:1.2178; paddypower:1.2157; pointsbetau:1.2117; betclic_fr:1.2097; draftkings:1.2044; casumo:1.2042; tabtouch:1.2042; unibet:1.2042; leovegas_se:1.2042; grosvenor:1.2042; winamax_fr:1.2; sport888:1.1961; williamhill:1.1961; leovegas:1.1854; virginbet:1.1772
Brentford vs Nottingham Forest,2026-01-25 09:00:00,1X,1.2611,1.2261,,,,,0.0002087899080247067,37,0.013190971186149593,0.011376179775627372,betfair_ex_eu,37,0.035,1.62,1.04,EPL,Doble Chance,3.8558,betfair_ex_eu:1.2611; betfair_ex_uk:1.2611; betfair_ex_au:1.2611; smarkets:1.2554; marathonbet:1.2503; unibet_se:1.2466; unibet_nl:1.2466; nordicbet:1.2466; betsson:1.2466; pinnacle:1.2432; draftkings:1.2418; bovada:1.2376; unibet_uk:1.235; betway:1.235; winamax_de:1.2321; codere_it:1.2307; leovegas:1.2277; leovegas_se:1.2277; tab:1.222; betmgm:1.222; coral:1.222; pointsbetau:1.2188; fanduel:1.2133; skybet:1.2133; casumo:1.2133; tabtouch:1.2133; grosvenor:1.2133; unibet:1.2133; tipico_de:1.2109; mybookieag:1.2103; ladbrokes_uk:1.2103; paddypower:1.2017; sport888:1.1981; williamhill:1.1981; winamax_fr:1.1974; virginbet:1.1944; betclic_fr:1.193
Brentford vs Nottingham Forest,2026-01-25 09:00:00,X2,2.0659,1.9531,,,,,0.00018594298378399733,37,0.016044244304410534,0.013024908139826813,betfair_ex_eu,37,0.1128,3.13,1.04,EPL,Doble Chance,3.8558,betfair_ex_eu:2.0659; betfair_ex_uk:2.0659; betfair_ex_au:2.0659; smarkets:2.0506; unibet_se:2.0305; unibet_nl:2.0305; leovegas:2.0153; leovegas_se:1.995; tipico_de:1.9888; pinnacle:1.9801; casumo:1.98; tabtouch:1.98; grosvenor:1.98; unibet:1.98; marathonbet:1.9716; nordicbet:1.9671; betsson:1.9671; fanduel:1.9595; winamax_de:1.9529; unibet_uk:1.949; codere_it:1.9385; skybet:1.9385; betmgm:1.9385; coral:1.9385; virginbet:1.9343; draftkings:1.9239; paddypower:1.9091; ladbrokes_uk:1.9091; betway:1.8947; tab:1.8947; betclic_fr:1.8882; mybookieag:1.8882; pointsbetau:1.8882; winamax_fr:1.8667; bovada:1.863; sport888:1.8378; williamhill:1.8378
FC Thun vs BSC Young Boys,2026-01-25 08:00:00,1X,1.3901,1.3093,,,,,0.00045301698020480685,35,0.021402177922438724,0.01754288494769109,betfair_ex_eu,35,0.0808,2.85,1.79,Swiss Superleague,Doble Chance,3.581,betfair_ex_eu:1.3901; betfair_ex_uk:1.3901; betfair_ex_au:1.3772; smarkets:1.369; pinnacle:1.3558; codere_it:1.3525; draftkings:1.3462; betmgm:1.3462; unibet_uk:1.3379; betsson:1.3315; nordicbet:1.3315; fanduel:1.3191; marathonbet:1.3088; betway:1.3062; tipico_de:1.3062; coral:1.3062; ladbrokes_uk:1.3062; pointsbetau:1.3062; bovada:1.2968; sport888:1.2928; williamhill:1.2928; winamax_de:1.292; paddypower:1.2857; virginbet:1.2837; unibet:1.2794; grosvenor:1.2794; unibet_nl:1.2794; casumo:1.2794; unibet_se:1.2794; tabtouch:1.2794; leovegas_se:1.2794; leovegas:1.2794; winamax_fr:1.2564; betclic_fr:1.2523; skybet:1.2523
FC Thun vs BSC Young Boys,2026-01-25 08:00:00,X2,1.8021,1.6929,,,,,0.0002669373039190561,35,0.018880247852271173,0.014566270238495388,betfair_ex_eu,35,0.1092,3.17,1.79,Swiss Superleague,Doble Chance,3.581,betfair_ex_eu:1.8021; betfair_ex_uk:1.8021; smarkets:1.7804; betfair_ex_au:1.7662; pinnacle:1.7565; fanduel:1.7443; draftkings:1.7266; codere_it:1.7223; tipico_de:1.7217; marathonbet:1.7097; unibet:1.7051; grosvenor:1.7051; unibet_nl:1.7051; virginbet:1.7051; casumo:1.7051; unibet_se:1.7051; tabtouch:1.7051; leovegas_se:1.7051; leovegas:1.7051; unibet_uk:1.6971; paddypower:1.6941; pointsbetau:1.6941; betsson:1.6719; nordicbet:1.6719; betmgm:1.6667; betway:1.6657; bovada:1.6579; winamax_de:1.6466; skybet:1.6439; sport888:1.6439; williamhill:1.6439; coral:1.6062; ladbrokes_uk:1.6062; betclic_fr:1.5919; winamax_fr:1.5709
Elversberg vs VfL Bochum,2026-01-25 07:30:00,1X,1.3442,1.2825,,,,,0.0004157531565716132,36,0.019671503019577433,0.0133608435076547,betfair_ex_eu,36,0.0617,2.5,1.79,Bundesliga 2,Doble Chance,3.3743,betfair_ex_eu:1.3442; betfair_ex_uk:1.3442; betfair_ex_au:1.3442; smarkets:1.3296; betmgm:1.3254; leovegas:1.3102; pinnacle:1.3089; codere_it:1.3076; draftkings:1.2996; pointsbetau:1.2928; unibet_uk:1.2928; fanduel:1.2857; betway:1.2857; unibet_nl:1.2808; casumo:1.2808; grosvenor:1.2808; unibet_se:1.2808; tabtouch:1.2808; unibet:1.2808; winamax_de:1.2793; bovada:1.2793; marathonbet:1.2766; betsson:1.274; nordicbet:1.274; tipico_de:1.2732; leovegas_se:1.2727; coral:1.2727; ladbrokes_uk:1.2727; sport888:1.2727; williamhill:1.2727; betvictor:1.2649; paddypower:1.2523; skybet:1.2393; virginbet:1.2245; betclic_fr:1.2138; winamax_fr:1.199
Elversberg vs VfL Bochum,2026-01-25 07:30:00,X2,1.8617,1.723,,,,,0.00035927363718032566,36,0.021990821612847787,0.015233435383300822,betfair_ex_eu,36,0.1387,3.79,1.79,Bundesliga 2,Doble Chance,3.3743,betfair_ex_eu:1.8617; betfair_ex_uk:1.8617; betfair_ex_au:1.8486; smarkets:1.8367; tipico_de:1.8; pinnacle:1.7973; leovegas:1.7617; fanduel:1.7486; betmgm:1.7411; codere_it:1.7367; bovada:1.7367; draftkings:1.7367; marathonbet:1.725; unibet_uk:1.7246; unibet_nl:1.7246; casumo:1.7246; grosvenor:1.7246; unibet_se:1.7246; tabtouch:1.7246; unibet:1.7246; winamax_de:1.7236; betway:1.7217; betvictor:1.7217; leovegas_se:1.7117; paddypower:1.6985; sport888:1.6985; williamhill:1.6985; betsson:1.6867; nordicbet:1.6867; pointsbetau:1.6852; skybet:1.6617; virginbet:1.6496; betclic_fr:1.6168; coral:1.6154; ladbrokes_uk:1.6154; winamax_fr:1.5734
Genoa vs Bologna,2026-01-25 09:00:00,1X,1.5624,1.4951,,,,,0.00017215111451274163,37,0.014564602008442482,0.011671212690206347,smarkets,37,0.0673,2.2,1.32,Serie A,Doble Chance,3.2727,smarkets:1.5624; betfair_ex_au:1.5624; betfair_ex_uk:1.5624; betfair_ex_eu:1.5624; pinnacle:1.5325; betsson:1.525; nordicbet:1.525; marathonbet:1.525; winamax_de:1.5116; unibet_se:1.5116; unibet_nl:1.5116; skybet:1.5; pointsbetau:1.5; tipico_de:1.5; tab:1.5; codere_it:1.4996; betvictor:1.4983; coral:1.4983; ladbrokes_uk:1.4983; betmgm:1.4983; fanduel:1.4874; unibet_uk:1.4874; bovada:1.4823; paddypower:1.4746; betway:1.4746; betclic_fr:1.4697; casumo:1.4694; tabtouch:1.4694; unibet:1.4694; leovegas_se:1.4694; grosvenor:1.4694; draftkings:1.4624; winamax_fr:1.4615; sport888:1.45; williamhill:1.45; leovegas:1.4496; virginbet:1.4365
Borussia Monchengladbach vs VfB Stuttgart,2026-01-25 09:30:00,1X,1.6765,1.6238,,,,,9.67653121176344e-05,36,0.011272199401774775,0.009076311891347888,smarkets,36,0.0527,1.84,1.32,Bundesliga,Doble Chance,3.1136,smarkets:1.6765; betfair_ex_uk:1.6765; betfair_ex_au:1.6765; betfair_ex_eu:1.6765; marathonbet:1.6747; unibet_nl:1.6719; pinnacle:1.6574; unibet_se:1.6466; pointsbetau:1.6448; codere_it:1.6353; bovada:1.6353; nordicbet:1.632; betsson:1.632; winamax_de:1.6286; tipico_de:1.6258; skybet:1.6195; betmgm:1.6195; unibet_uk:1.6193; ladbrokes_uk:1.6163; coral:1.6163; leovegas_se:1.6112; tabtouch:1.6112; casumo:1.6112; unibet:1.6112; grosvenor:1.6112; fanduel:1.6062; williamhill:1.6062; betclic_fr:1.6061; paddypower:1.6; betway:1.6; sport888:1.6; leovegas:1.5961; virginbet:1.5859; draftkings:1.575; tab:1.575; winamax_fr:1.5684
SC Paderborn vs SC Preußen Münster,2026-01-25 07:30:00,1X,1.2271,1.1666,,,,,0.0008360287783854402,36,0.023147976380855938,0.015903049412153737,smarkets,36,0.0605,2.68,1.9,Bundesliga 2,Doble Chance,3.0053,smarkets:1.2271; betfair_ex_eu:1.2271; betfair_ex_uk:1.2271; betfair_ex_au:1.2271; betmgm:1.2032; draftkings:1.1885; pinnacle:1.1856; unibet_uk:1.1839; leovegas:1.1839; codere_it:1.1835; tipico_de:1.1745; fanduel:1.1698; betvictor:1.1697; pointsbetau:1.1695; bovada:1.1691; betway:1.1667; winamax_de:1.1648; betsson:1.1639; nordicbet:1.1639; unibet_se:1.1601; casumo:1.1601; grosvenor:1.1601; unibet_nl:1.1601; tabtouch:1.1601; unibet:1.1601; sport888:1.1577; williamhill:1.1577; marathonbet:1.1555; leovegas_se:1.1553; paddypower:1.1507; coral:1.1408; ladbrokes_uk:1.1408; skybet:1.1306; virginbet:1.1124; betclic_fr:1.1039; winamax_fr:1.0828
SC Paderborn vs SC Preußen Münster,2026-01-25 07:30:00,X2,2.187,2.0492,,,,,0.00030780921960690567,36,0.02064254715122914,0.01677688677417696,smarkets,36,0.1378,4.15,1.9,Bundesliga 2,Doble Chance,3.0053,smarkets:2.187; betfair_ex_eu:2.187; betfair_ex_uk:2.187; betfair_ex_au:2.187; leovegas:2.1517; tipico_de:2.1209; unibet_se:2.1012; casumo:2.1012; grosvenor:2.1012; leovegas_se:2.1012; unibet_nl:2.1012; tabtouch:2.1012; unibet:2.1012; pinnacle:2.0931; betmgm:2.0893; fanduel:2.081; codere_it:2.0702; unibet_uk:2.0659; bovada:2.0545; winamax_de:2.0506; draftkings:2.0455; pointsbetau:2.0305; paddypower:2.0305; virginbet:2.0153; marathonbet:2.0125; betsson:2.0098; nordicbet:2.0098; betvictor:1.9811; betway:1.9688; sport888:1.9494; williamhill:1.9494; coral:1.9385; ladbrokes_uk:1.9385; skybet:1.9091; betclic_fr:1.9049; winamax_fr:1.8436
Rosario Central vs Belgrano de Cordoba,2026-01-24 20:00:00,1X,1.2017,1.165,,,,,0.0004841201058100495,24,0.017764867305684665,0.013729597844074126,betfair_ex_uk,24,0.0367,2.05,1.73,Primera División,Doble Chance,2.8208,betfair_ex_uk:1.2017; betfair_ex_eu:1.2017; betfair_ex_au:1.2017; smarkets:1.1936; pinnacle:1.1895; ladbrokes_uk:1.1854; unibet:1.1789; unibet_se:1.1789; betmgm:1.1772; unibet_uk:1.1655; betway:1.1642; draftkings:1.1642; bovada:1.1602; nordicbet:1.1602; betsson:1.1602; leovegas_se:1.1602; marathonbet:1.1575; skybet:1.1553; winamax_de:1.1535; fanduel:1.152; virginbet:1.1373; betclic_fr:1.1267; paddypower:1.1186; winamax_fr:1.116
Rosario Central vs Belgrano de Cordoba,2026-01-24 20:00:00,X2,2.0483,1.932,,,,,0.00020873802286507057,24,0.01699511367841038,0.013035280476591415,betfair_ex_uk,24,0.1163,3.32,1.73,Primera División,Doble Chance,2.8208,betfair_ex_uk:2.0483; betfair_ex_eu:2.0483; betfair_ex_au:2.0483; smarkets:2.0337; pinnacle:2.0051; skybet:1.9816; fanduel:1.9512; draftkings:1.9358; unibet:1.9297; unibet_se:1.9297; nordicbet:1.928; betsson:1.928; bovada:1.92; marathonbet:1.9128; leovegas_se:1.9038; betmgm:1.9038; ladbrokes_uk:1.9038; unibet_uk:1.894; winamax_de:1.886; paddypower:1.8758; betway:1.8701; virginbet:1.8697; betclic_fr:1.86; winamax_fr:1.8013
Nantes vs Nice,2026-01-25 09:00:00,X2,1.4669,1.4059,,,,,0.00022538053184818695,35,0.01600098764015576,0.01297733604803298,betfair_ex_uk,35,0.061,2.25,1.5,Ligue 1,Doble Chance,2.7667,betfair_ex_uk:1.4669; betfair_ex_eu:1.4669; betfair_ex_au:1.4669; smarkets:1.46; pinnacle:1.4359; marathonbet:1.4342; leovegas_se:1.4248; unibet_nl:1.4248; draftkings:1.4237; betway:1.4224; nordicbet:1.4223; betsson:1.4223; codere_it:1.4167; betmgm:1.4167; winamax_de:1.414; coral:1.4131; ladbrokes_uk:1.4131; unibet_uk:1.4084; tab:1.4069; fanduel:1.406; bovada:1.3949; unibet:1.3907; skybet:1.3879; grosvenor:1.3872; casumo:1.3872; tabtouch:1.3872; unibet_se:1.3872; betclic_fr:1.3832; winamax_fr:1.38; paddypower:1.3719; tipico_de:1.3714; leovegas:1.3648; sport888:1.3554; williamhill:1.3554; virginbet:1.3378
Südtirol vs Padova,2026-01-25 09:00:00,X2,1.8526,1.7001,,,,,0.00042958934042793223,35,0.02407037441910726,0.019893580741510052,betfair_ex_eu,35,0.1525,4.22,2.52,Serie B,Doble Chance,2.3492,betfair_ex_eu:1.8526; betfair_ex_uk:1.8526; betfair_ex_au:1.8526; smarkets:1.8181; pinnacle:1.817; draftkings:1.7814; codere_it:1.7678; fanduel:1.7577; marathonbet:1.7547; unibet_uk:1.7426; tipico_de:1.7329; paddypower:1.7072; pointsbetau:1.6971; betmgm:1.6971; nordicbet:1.692; betsson:1.692; bovada:1.692; betway:1.6812; sport888:1.6765; williamhill:1.6765; winamax_de:1.6719; unibet:1.6405; leovegas_se:1.6405; leovegas:1.6405; unibet_se:1.6405; casumo:1.6405; unibet_nl:1.6405; grosvenor:1.6405; tabtouch:1.6405; skybet:1.6364; coral:1.6364; ladbrokes_uk:1.6364; virginbet:1.626; betclic_fr:1.6213; winamax_fr:1.6112
Gazişehir Gaziantep vs Torku Konyaspor,2026-01-25 06:30:00,X2,1.6466,1.5557,,,,,0.00028476812318709173,31,0.019043139739540294,0.01676515972307222,smarkets,31,0.0909,2.98,2.4,Super League,Doble Chance,2.1375,smarkets:1.6466; betfair_ex_au:1.6298; betfair_ex_uk:1.6298; betfair_ex_eu:1.6298; coral:1.6062; unibet_uk:1.6047; pinnacle:1.6033; tipico_de:1.5984; fanduel:1.5938; ladbrokes_uk:1.5859; codere_it:1.5795; pointsbetau:1.5795; leovegas:1.5697; marathonbet:1.5559; paddypower:1.5435; sport888:1.5379; betway:1.5269; betsson:1.5264; nordicbet:1.5264; unibet:1.5252; casumo:1.5252; tabtouch:1.5252; grosvenor:1.5252; unibet_se:1.5252; leovegas_se:1.5252; virginbet:1.5252; winamax_de:1.5148; skybet:1.5041; bovada:1.5018; betclic_fr:1.4919; winamax_fr:1.4644
Çaykur Rizespor vs Alanyaspor,2026-01-25 09:00:00,X2,1.8671,1.7532,,,,,0.0002659353501303983,31,0.019003841475757004,0.015841318814269246,betfair_ex_uk,31,0.1139,3.35,2.58,Super League,Doble Chance,1.8217,betfair_ex_uk:1.8671; betfair_ex_eu:1.8671; betfair_ex_au:1.851; pinnacle:1.8328; smarkets:1.8322; coral:1.8164; tipico_de:1.8082; fanduel:1.7944; ladbrokes_uk:1.7944; marathonbet:1.785; unibet_uk:1.7804; codere_it:1.7694; leovegas:1.7553; paddypower:1.7443; pointsbetau:1.7443; winamax_de:1.7331; nordicbet:1.7316; betsson:1.7316; unibet:1.7192; casumo:1.7192; virginbet:1.7192; leovegas_se:1.7192; grosvenor:1.7192; tabtouch:1.7192; unibet_se:1.7192; bovada:1.7133; sport888:1.708; betway:1.6941; betclic_fr:1.659; winamax_fr:1.6579; skybet:1.6439
Gazişehir Gaziantep vs Torku Konyaspor,2026-01-25 06:30:00,1X,1.4307,1.3715,,,,,0.0004095338259879212,31,0.020911774633894854,0.016146612720819777,betfair_ex_au,31,0.0592,2.81,2.68,Super League,Doble Chance,1.8097,betfair_ex_au:1.4307; betfair_ex_uk:1.4307; betfair_ex_eu:1.4307; leovegas:1.4154; smarkets:1.4154; pinnacle:1.4069; coral:1.4034; ladbrokes_uk:1.3879; codere_it:1.3861; betsson:1.3827; nordicbet:1.3827; unibet:1.3811; casumo:1.3811; tabtouch:1.3811; grosvenor:1.3811; unibet_se:1.3811; leovegas_se:1.3811; virginbet:1.3811; unibet_uk:1.38; bovada:1.3649; marathonbet:1.3623; sport888:1.3554; fanduel:1.354; pointsbetau:1.354; betway:1.3468; winamax_de:1.3378; tipico_de:1.3378; paddypower:1.32; skybet:1.294; winamax_fr:1.286; betclic_fr:1.282
Antalyaspor vs Genclerbirligi SK,2026-01-25 09:00:00,1X,1.4983,1.4278,,,,,0.0004049366526051331,31,0.021681931669553116,0.01811659690211087,betfair_ex_uk,31,0.0705,3.1,2.71,Super League,Doble Chance,1.7897,betfair_ex_uk:1.4983; betfair_ex_eu:1.4983; betfair_ex_au:1.4983; smarkets:1.4935; ladbrokes_uk:1.4896; coral:1.4896; pinnacle:1.4826; codere_it:1.4748; tipico_de:1.4496; unibet_uk:1.4431; fanduel:1.4431; marathonbet:1.4411; nordicbet:1.4305; betsson:1.4305; pointsbetau:1.4287; bovada:1.4238; betway:1.4211; leovegas:1.414; winamax_de:1.4092; paddypower:1.3986; sport888:1.3986; betclic_fr:1.393; unibet:1.3888; tabtouch:1.3888; leovegas_se:1.3888; virginbet:1.3888; casumo:1.3888; grosvenor:1.3888; unibet_se:1.3888; winamax_fr:1.3486; skybet:1.3426
SC Telstar vs AZ Alkmaar,2026-01-25 06:15:00,1X,2.0747,1.9817,,,,,0.00015319518277295192,35,0.014566826219055709,0.011970858508330781,betfair_ex_uk,35,0.093,2.86,2.55,Eredivisie,Doble Chance,1.7294,betfair_ex_uk:2.0747; betfair_ex_eu:2.0747; betfair_ex_au:2.0747; bovada:2.0624; tipico_de:2.05; pinnacle:2.0394; smarkets:2.0247; codere_it:2.0247; coral:2.0222; ladbrokes_uk:2.0222; draftkings:2.0118; unibet_uk:2.0; skybet:2.0; betvictor:2.0; nordicbet:1.9987; betsson:1.9987; betmgm:1.9987; paddypower:1.995; unibet:1.9855; unibet_se:1.9855; unibet_nl:1.9855; marathonbet:1.9725; tabtouch:1.9487; leovegas:1.9487; casumo:1.9487; grosvenor:1.9487; pointsbetau:1.9487; betway:1.9355; winamax_de:1.925; leovegas_se:1.9237; williamhill:1.9; sport888:1.9; virginbet:1.8987; betclic_fr:1.8823; winamax_fr:1.85
SC Telstar vs AZ Alkmaar,2026-01-25 06:15:00,X2,1.2795,1.2216,,,,,0.0005632932187912791,35,0.02106176310429872,0.015148927356854002,betfair_ex_uk,35,0.0579,2.54,2.55,Eredivisie,Doble Chance,1.7294,betfair_ex_uk:1.2795; betfair_ex_eu:1.2795; betfair_ex_au:1.2795; pinnacle:1.2603; smarkets:1.2557; nordicbet:1.2508; betsson:1.2508; draftkings:1.2363; unibet_se:1.2358; unibet_nl:1.2358; unibet_uk:1.2318; codere_it:1.2318; coral:1.2316; unibet:1.2312; betway:1.227; leovegas:1.2214; casumo:1.2214; grosvenor:1.2214; marathonbet:1.2213; betmgm:1.2175; skybet:1.2174; betvictor:1.2174; tabtouch:1.2122; tipico_de:1.2117; bovada:1.2117; ladbrokes_uk:1.208; pointsbetau:1.2075; leovegas_se:1.2024; williamhill:1.1982; sport888:1.1982; paddypower:1.1982; virginbet:1.1881; winamax_de:1.1793; winamax_fr:1.1459; betclic_fr:1.1391
Andorra CF vs SD Huesca,2026-01-25 08:00:00,X2,1.883,1.7372,,,,,0.0003557290916350903,33,0.021985171480432338,0.01756181251022139,betfair_ex_uk,33,0.1458,3.94,3.11,La Liga 2,Doble Chance,1.6817,betfair_ex_uk:1.883; betfair_ex_au:1.883; betfair_ex_eu:1.883; pinnacle:1.8769; smarkets:1.8231; marathonbet:1.8041; draftkings:1.7979; tipico_de:1.7778; bovada:1.7719; fanduel:1.7577; betway:1.7518; williamhill:1.7271; unibet:1.7266; unibet_se:1.7266; unibet_nl:1.7266; pointsbetau:1.7266; betsson:1.7223; nordicbet:1.7223; winamax_de:1.712; tabtouch:1.7015; casumo:1.7015; grosvenor:1.7015; paddypower:1.6971; codere_it:1.6971; betmgm:1.6971; betclic_fr:1.6808; leovegas_se:1.6763; leovegas:1.6763; virginbet:1.6763; skybet:1.6657; coral:1.6657; ladbrokes_uk:1.6657; winamax_fr:1.626
FC Schalke 04 vs 1. FC Kaiserslautern,2026-01-25 07:30:00,Under 2.5,1.97,1.8738,9.716355632547367e-06,16,0.0036699439770292264,0.0034747658005659827,5.1068646935509645e-05,16,0.00840135070577429,0.005498227427977162,pinnacle,16,0.0962,1.62,3.39,Bundesliga 2,Goles (Over/Under),1.3333,pinnacle:1.97; bovada:1.91; tipico_de:1.9; unibet:1.87; grosvenor:1.87; leovegas:1.87; casumo:1.87; unibet_nl:1.87; tabtouch:1.87; unibet_se:1.87; leovegas_se:1.87; betsson:1.85; nordicbet:1.85; betmgm:1.85; williamhill:1.85; codere_it:1.84
Aris Thessaloniki vs Levadiakos,2026-01-25 09:00:00,X2,1.4918,1.43,,,,,0.00027813206908206006,32,0.017956243857892306,0.014406901648379752,betfair_ex_eu,32,0.0618,2.56,3.8,Super League,Doble Chance,1.2789,betfair_ex_eu:1.4918; betfair_ex_uk:1.4918; smarkets:1.4866; betfair_ex_au:1.4866; fanduel:1.4712; nordicbet:1.4682; betsson:1.4682; pinnacle:1.465; draftkings:1.4598; betmgm:1.4444; bovada:1.4431; paddypower:1.4348; unibet_se:1.4322; grosvenor:1.4322; tabtouch:1.4322; casumo:1.4322; unibet_nl:1.4322; leovegas:1.4322; unibet:1.4322; winamax_de:1.418; codere_it:1.418; tipico_de:1.4115; leovegas_se:1.4071; virginbet:1.4014; sport888:1.3982; williamhill:1.3982; betway:1.3935; betclic_fr:1.392; coral:1.3839; ladbrokes_uk:1.3839; winamax_fr:1.3677; skybet:1.3481
Brentford vs Nottingham Forest,2026-01-25 09:00:00,Over 2.5,1.97,1.9394,9.163577580304919e-06,16,0.0035630055585800405,0.0028938872727005682,3.6130613137310544e-05,16,0.007070727437552904,0.0056618658744991696,pinnacle,16,0.0306,1.35,2.84,EPL,Goles (Over/Under),1.1021,pinnacle:1.97; leovegas:1.96; leovegas_se:1.96; williamhill:1.95; casumo:1.95; unibet_se:1.95; unibet_nl:1.95; tabtouch:1.95; grosvenor:1.95; bovada:1.95; nordicbet:1.95; betsson:1.95; mybookieag:1.91; betmgm:1.91; tipico_de:1.9; codere_it:1.87
Brentford vs Nottingham Forest,2026-01-25 09:00:00,Under 2.5,1.92,1.8388,9.163577580304919e-06,16,0.0035630055585799776,0.0028938872727005058,5.076786040932965e-05,16,0.008360872251212988,0.00619396710839501,pinnacle,16,0.0812,1.56,2.84,EPL,Goles (Over/Under),1.1021,pinnacle:1.92; bovada:1.87; tipico_de:1.85; leovegas:1.85; leovegas_se:1.85; nordicbet:1.85; betsson:1.85; mybookieag:1.83; casumo:1.83; unibet_se:1.83; unibet_nl:1.83; tabtouch:1.83; grosvenor:1.83; codere_it:1.8; williamhill:1.8; betmgm:1.8
Portsmouth vs Southampton,2026-01-25 07:00:00,Over 2.5,2.03,1.9038,6.064368791761295e-05,16,0.009166128957219397,0.00778715435033657,0.00016176091692254453,16,0.014962797001623295,0.012520576696558441,pinnacle,16,0.1262,2.94,3.32,Championship,Goles (Over/Under),0.9548,pinnacle:2.03; bovada:2.0; betsson:1.98; nordicbet:1.98; leovegas:1.88; unibet_se:1.88; casumo:1.88; grosvenor:1.88; unibet:1.88; unibet_nl:1.88; leovegas_se:1.88; tabtouch:1.88; betmgm:1.87; codere_it:1.86; williamhill:1.85; tipico_de:1.85
Waldhof Mannheim vs Hansa Rostock,2026-01-25 07:30:00,X2,1.4026,1.338,,,,,0.00040690323186553373,27,0.020611379417136116,0.017504016065877724,pinnacle,27,0.0646,2.77,5.31,3. Liga,Doble Chance,0.7514,pinnacle:1.4026; betfair_ex_eu:1.4013; betfair_ex_au:1.4013; betfair_ex_uk:1.4013; unibet_uk:1.3655; betvictor:1.3655; nordicbet:1.3648; betsson:1.3648; tipico_de:1.3598; winamax_de:1.3598; betway:1.3461; codere_it:1.3461; bovada:1.339; coral:1.3319; ladbrokes_uk:1.3319; sport888:1.3171; leovegas:1.3128; paddypower:1.3125; tabtouch:1.3055; grosvenor:1.3055; unibet_nl:1.3055; unibet:1.3055; leovegas_se:1.3055; casumo:1.3055; unibet_se:1.3055; virginbet:1.3055; skybet:1.2571
Südtirol vs Padova,2026-01-25 09:00:00,1X,1.2569,1.2173,,,,,0.00036638680539188996,35,0.016974410634802314,0.013405257089000283,codere_it,35,0.0396,2.04,4.88,Serie B,Doble Chance,0.7295,codere_it:1.2569; betfair_ex_eu:1.2532; betfair_ex_uk:1.2532; betfair_ex_au:1.2532; fanduel:1.2495; unibet_uk:1.2418; smarkets:1.2382; pointsbetau:1.234; betmgm:1.234; pinnacle:1.2304; unibet:1.226; leovegas:1.226; unibet_se:1.226; casumo:1.226; unibet_nl:1.226; grosvenor:1.226; tabtouch:1.226; draftkings:1.2233; leovegas_se:1.2224; bovada:1.2188; paddypower:1.2157; nordicbet:1.2152; betsson:1.2152; virginbet:1.2072; marathonbet:1.2027; winamax_de:1.2006; coral:1.2; ladbrokes_uk:1.2; sport888:1.2; williamhill:1.2; betway:1.1837; skybet:1.1818; tipico_de:1.174; winamax_fr:1.163; betclic_fr:1.1563
Waldhof Mannheim vs Hansa Rostock,2026-01-25 07:30:00,Under 2.5,2.3,2.0142,0.0007025948611697859,12,0.030978202459719502,0.029196656170340424,0.0012008124517858725,12,0.0407394676938916,0.03832329750839796,tipico_de,12,0.2858,8.66,5.98,3. Liga,Goles (Over/Under),0.7207,tipico_de:2.3; nordicbet:2.25; betsson:2.25; codere_it:2.24; unibet:1.9; tabtouch:1.89; leovegas:1.89; grosvenor:1.89; unibet_nl:1.89; leovegas_se:1.89; casumo:1.89; unibet_se:1.89
FC Schalke 04 vs 1. FC Kaiserslautern,2026-01-25 07:30:00,Over 2.5,1.91,1.8344,9.716355632547367e-06,16,0.003669943977029266,0.003474765800566035,6.078492226222015e-05,16,0.009149436802834587,0.00747134730590325,bovada,16,0.0756,1.71,4.71,Bundesliga 2,Goles (Over/Under),0.6794,bovada:1.91; pinnacle:1.9; tipico_de:1.85; betsson:1.85; nordicbet:1.85; williamhill:1.85; codere_it:1.83; betmgm:1.83; unibet:1.81; grosvenor:1.81; leovegas:1.81; casumo:1.81; unibet_nl:1.81; tabtouch:1.81; unibet_se:1.81; leovegas_se:1.81
Aris Thessaloniki vs Levadiakos,2026-01-25 09:00:00,Over 2.5,2.27,2.1357,7.752037012823401e-05,14,0.010259289567834803,0.009153691462255907,0.00017775496080878685,14,0.01564901904060339,0.01371849960990861,nordicbet,14,0.1343,3.44,5.03,Super League,Goles (Over/Under),0.6382,nordicbet:2.27; betsson:2.27; tipico_de:2.25; codere_it:2.17; williamhill:2.15; betmgm:2.15; leovegas_se:2.08; unibet_se:2.08; grosvenor:2.08; tabtouch:2.08; casumo:2.08; unibet_nl:2.08; leovegas:2.08; unibet:2.08
Sassuolo vs Cremonese,2026-01-25 06:30:00,X2,1.9338,1.8365,,,,,0.00019704569023517131,37,0.016444138260611352,0.013887051950504535,unibet_se,37,0.0973,2.99,3.53,Serie A,Doble Chance,0.6119,unibet_se:1.9338; unibet_nl:1.9338; betfair_ex_uk:1.9019; betfair_ex_eu:1.9019; betfair_ex_au:1.9019; smarkets:1.8857; casumo:1.883; tabtouch:1.883; unibet:1.883; leovegas_se:1.883; grosvenor:1.883; betvictor:1.8789; betmgm:1.8587; bovada:1.8576; virginbet:1.8576; leovegas:1.8576; marathonbet:1.8542; winamax_de:1.848; tipico_de:1.848; codere_it:1.8436; pinnacle:1.8401; coral:1.8378; ladbrokes_uk:1.8378; fanduel:1.8162; unibet_uk:1.8082; pointsbetau:1.7973; skybet:1.7931; betclic_fr:1.789; betway:1.7778; winamax_fr:1.7778; sport888:1.7778; williamhill:1.7778; betsson:1.7678; nordicbet:1.7678; draftkings:1.7525; paddypower:1.7465; tab:1.7072
Nantes vs Nice,2026-01-25 09:00:00,1X,1.626,1.5751,,,,,0.00013489466156794698,35,0.013152108850620257,0.010864790528345042,leovegas_se,35,0.0509,2.06,3.52,Ligue 1,Doble Chance,0.6051,leovegas_se:1.626; unibet_nl:1.626; betfair_ex_uk:1.626; betfair_ex_eu:1.626; betfair_ex_au:1.626; smarkets:1.6201; fanduel:1.6008; winamax_de:1.5961; marathonbet:1.5953; grosvenor:1.5902; casumo:1.5902; tabtouch:1.5902; unibet_se:1.5902; unibet:1.5902; pinnacle:1.5889; codere_it:1.5859; skybet:1.5799; betclic_fr:1.5738; draftkings:1.5709; unibet_uk:1.5697; leovegas:1.5651; winamax_fr:1.5607; nordicbet:1.5607; betsson:1.5607; paddypower:1.5592; coral:1.5556; ladbrokes_uk:1.5556; betmgm:1.5556; bovada:1.5486; tab:1.5355; tipico_de:1.535; virginbet:1.5293; betway:1.5148; sport888:1.5148; williamhill:1.5148
Royal Antwerp vs Charleroi,2026-01-25 07:30:00,Over 2.5,2.12,2.0014,0.00017246172632353387,14,0.015419863280886943,0.014453142167379493,0.000249137624787559,14,0.018578694466725578,0.01693100979024129,bovada,14,0.1186,3.79,4.31,Belgium First Div,Goles (Over/Under),0.594,bovada:2.12; nordicbet:2.11; betsson:2.11; tipico_de:2.1; betmgm:2.05; williamhill:2.0; unibet:1.96; unibet_se:1.95; unibet_nl:1.95; casumo:1.95; grosvenor:1.95; tabtouch:1.93; leovegas:1.92; leovegas_se:1.92
SC Paderborn vs SC Preußen Münster,2026-01-25 07:30:00,Over 2.5,1.72,1.6586,1.8458011331571856e-05,14,0.005028931698208415,0.004768859049511853,6.417228186933845e-05,14,0.009247871336344679,0.008064937499759253,tipico_de,14,0.0614,1.56,5.76,Bundesliga 2,Goles (Over/Under),0.4844,tipico_de:1.72; williamhill:1.7; betsson:1.68; nordicbet:1.68; codere_it:1.67; betmgm:1.65; unibet_se:1.64; leovegas:1.64; casumo:1.64; grosvenor:1.64; leovegas_se:1.64; unibet_nl:1.64; tabtouch:1.64; unibet:1.64
SC Paderborn vs SC Preußen Münster,2026-01-25 07:30:00,Under 2.5,2.1,2.0729,1.8458011331571856e-05,14,0.005028931698208371,0.0047688590495118055,1.4969687415037575e-05,14,0.004553060931890863,0.0037358726704945105,tipico_de,14,0.0271,0.94,5.76,Bundesliga 2,Goles (Over/Under),0.4844,tipico_de:2.1; betmgm:2.1; unibet_se:2.08; leovegas:2.08; casumo:2.08; grosvenor:2.08; leovegas_se:2.08; unibet_nl:2.08; tabtouch:2.08; unibet:2.08; betsson:2.05; nordicbet:2.05; williamhill:2.05; codere_it:2.03
FC Thun vs BSC Young Boys,2026-01-25 08:00:00,Over 3.5,2.31,2.1631,0.00013349608858397114,13,0.013435343409055325,0.012538286481690693,0.00021836018414783095,13,0.017331012276820604,0.01627162760765998,codere_it,13,0.1469,3.84,5.79,Swiss Superleague,Goles (Over/Under),0.4767,codere_it:2.31; betsson:2.28; nordicbet:2.28; betmgm:2.25; tipico_de:2.2; unibet:2.1; grosvenor:2.1; unibet_nl:2.1; casumo:2.1; unibet_se:2.1; tabtouch:2.1; leovegas_se:2.1; leovegas:2.1
Royal Antwerp vs Charleroi,2026-01-25 07:30:00,X2,1.6374,1.5547,,,,,0.0003378791087295908,32,0.020617778965953692,0.016513188258794775,unibet_se,32,0.0827,3.15,4.93,Belgium First Div,Doble Chance,0.4645,unibet_se:1.6374; unibet_nl:1.6374; leovegas:1.6124; casumo:1.6124; grosvenor:1.6124; smarkets:1.5996; betfair_ex_uk:1.5996; betfair_ex_eu:1.5996; unibet:1.5874; tabtouch:1.5874; leovegas_se:1.5874; betfair_ex_au:1.5874; pinnacle:1.565; virginbet:1.5624; unibet_uk:1.56; betmgm:1.5592; coral:1.5563; tipico_de:1.55; draftkings:1.5496; skybet:1.5435; ladbrokes_uk:1.535; bovada:1.5325; nordicbet:1.5246; betsson:1.5246; pointsbetau:1.5246; marathonbet:1.5199; paddypower:1.4983; sport888:1.4983; williamhill:1.4983; betclic_fr:1.4849; winamax_de:1.4824; winamax_fr:1.4211
Çaykur Rizespor vs Alanyaspor,2026-01-25 09:00:00,Under 2.5,1.75,1.6845,3.994625751130476e-05,11,0.007409755310034332,0.007106258393584031,0.00010481858288672348,11,0.011860400555406618,0.010865078868786727,tipico_de,11,0.0655,2.03,5.92,Super League,Goles (Over/Under),0.4071,tipico_de:1.75; nordicbet:1.73; betsson:1.73; codere_it:1.7; unibet:1.66; casumo:1.66; leovegas_se:1.66; grosvenor:1.66; leovegas:1.66; tabtouch:1.66; unibet_se:1.66
Antalyaspor vs Genclerbirligi SK,2026-01-25 09:00:00,X2,1.493,1.429,,,,,0.00040645304370060686,31,0.02145964200419338,0.017898456790550674,leovegas,31,0.064,2.97,5.44,Super League,Doble Chance,0.3897,leovegas:1.493; betfair_ex_uk:1.4656; betfair_ex_eu:1.4656; betfair_ex_au:1.4656; smarkets:1.4654; unibet:1.4598; tabtouch:1.4598; leovegas_se:1.4598; virginbet:1.4598; casumo:1.4598; grosvenor:1.4598; unibet_se:1.4598; fanduel:1.4573; pinnacle:1.4551; codere_it:1.4444; ladbrokes_uk:1.4444; coral:1.4444; unibet_uk:1.4431; pointsbetau:1.4431; nordicbet:1.4165; betsson:1.4165; marathonbet:1.4158; paddypower:1.3986; tipico_de:1.396; bovada:1.3957; betway:1.3929; winamax_de:1.3781; skybet:1.3709; sport888:1.3636; betclic_fr:1.3311; winamax_fr:1.3178
Çaykur Rizespor vs Alanyaspor,2026-01-25 09:00:00,1X,1.2721,1.2374,,,,,0.0003029513256389276,31,0.015714559903325622,0.011624214362335477,leovegas,31,0.0347,1.89,5.28,Super League,Doble Chance,0.3788,leovegas:1.2721; codere_it:1.264; betfair_ex_uk:1.2607; betfair_ex_eu:1.2607; fanduel:1.2593; coral:1.2593; betfair_ex_au:1.2533; unibet_uk:1.2523; pinnacle:1.2487; unibet:1.2457; casumo:1.2457; virginbet:1.2457; leovegas_se:1.2457; grosvenor:1.2457; tabtouch:1.2457; unibet_se:1.2457; smarkets:1.2457; pointsbetau:1.2453; ladbrokes_uk:1.2393; winamax_de:1.2375; nordicbet:1.236; betsson:1.236; betway:1.2308; paddypower:1.2257; marathonbet:1.2187; sport888:1.2187; tipico_de:1.2178; bovada:1.215; winamax_fr:1.1929; skybet:1.1818; betclic_fr:1.1667
Antalyaspor vs Genclerbirligi SK,2026-01-25 09:00:00,Over 2.5,2.2,2.1691,1.2251284870420434e-05,11,0.004081467399950895,0.0027158651206636093,2.5377114451372304e-05,11,0.005918197123516989,0.0031585963623889605,tipico_de,11,0.0309,1.25,6.06,Super League,Goles (Over/Under),0.363,tipico_de:2.2; nordicbet:2.19; betsson:2.19; unibet:2.17; tabtouch:2.17; leovegas_se:2.17; casumo:2.17; grosvenor:2.17; unibet_se:2.17; leovegas:2.17; codere_it:2.09
Antalyaspor vs Genclerbirligi SK,2026-01-25 09:00:00,Under 2.5,1.65,1.6091,1.2251284870420434e-05,11,0.004081467399950899,0.002715865120663665,2.6938621993195723e-05,11,0.0059425887295968,0.004420579438931432,tipico_de,11,0.0409,0.97,6.06,Super League,Goles (Over/Under),0.363,tipico_de:1.65; codere_it:1.63; nordicbet:1.61; betsson:1.61; unibet:1.6; tabtouch:1.6; leovegas_se:1.6; casumo:1.6; grosvenor:1.6; unibet_se:1.6; leovegas:1.6
Waldhof Mannheim vs Hansa Rostock,2026-01-25 07:30:00,1X,1.6567,1.5857,,,,,0.00018890154361052413,27,0.01560813860671021,0.01151663639932081,tipico_de,27,0.071,2.48,6.87,3. Liga,Doble Chance,0.3537,tipico_de:1.6567; pinnacle:1.6537; betfair_ex_eu:1.6512; betfair_ex_au:1.6512; betfair_ex_uk:1.6512; nordicbet:1.6098; betsson:1.6098; winamax_de:1.5938; unibet_uk:1.5907; leovegas:1.585; bovada:1.5809; paddypower:1.5799; betway:1.575; codere_it:1.575; betvictor:1.575; tabtouch:1.5714; grosvenor:1.5714; unibet_nl:1.5714; unibet:1.5714; leovegas_se:1.5714; casumo:1.5714; unibet_se:1.5714; virginbet:1.5714; coral:1.54; ladbrokes_uk:1.54; sport888:1.5355; skybet:1.4896
Atlético Madrid vs Mallorca,2026-01-25 08:00:00,Over 2.75,1.88,1.865,1.7250175896312502e-07,2,0.0004887192876749658,0.0004887192876749658,1.348849641718598e-05,2,0.004312823461759596,0.004312823461759596,pinnacle,2,0.015,0.8,2.7,La Liga,Goles (Over/Under),0.3444,pinnacle:1.88; bovada:1.85
Atlético Madrid vs Mallorca,2026-01-25 08:00:00,Under 2.75,2.02,2.0,1.7250175896312502e-07,2,0.0004887192876749102,0.0004887192876749102,1.8037821686639455e-05,2,0.005000500050005019,0.005000500050005019,pinnacle,2,0.02,1.0,2.7,La Liga,Goles (Over/Under),0.3444,pinnacle:2.02; bovada:1.98
Sassuolo vs Cremonese,2026-01-25 06:30:00,Over 2.25,1.96,1.915,3.702158091943857e-05,2,0.007163622659793534,0.007163622659793534,0.0001089758555788663,2,0.012277638328058449,0.012277638328058449,pinnacle,2,0.045,2.35,2.83,Serie A,Goles (Over/Under),0.3428,pinnacle:1.96; bovada:1.87
Andorra CF vs SD Huesca,2026-01-25 08:00:00,1X,1.2569,1.2178,,,,,0.00039368832872398483,33,0.01773659910737602,0.014516429844342548,unibet,33,0.0391,2.15,6.23,La Liga 2,Doble Chance,0.3387,unibet:1.2569; unibet_se:1.2569; unibet_nl:1.2569; betfair_ex_uk:1.2523; betfair_ex_au:1.2523; betfair_ex_eu:1.2523; pinnacle:1.2473; draftkings:1.2453; smarkets:1.2365; tabtouch:1.2308; casumo:1.2308; grosvenor:1.2308; pointsbetau:1.2308; leovegas_se:1.223; betway:1.2187; marathonbet:1.2178; betsson:1.2158; nordicbet:1.2158; leovegas:1.2157; virginbet:1.2157; fanduel:1.2117; codere_it:1.2008; winamax_de:1.2006; williamhill:1.197; betmgm:1.197; coral:1.197; ladbrokes_uk:1.197; bovada:1.1968; tipico_de:1.1922; skybet:1.1818; paddypower:1.1818; betclic_fr:1.1751; winamax_fr:1.1557
Crystal Palace vs Chelsea,2026-01-25 09:00:00,Over 2.75,1.99,1.97,2.1709258353159522e-07,2,0.0005484596024172839,0.0005484596024172839,1.916658548354038e-05,2,0.005153975003221289,0.005153975003221289,pinnacle,2,0.02,1.02,2.88,EPL,Goles (Over/Under),0.3264,pinnacle:1.99; bovada:1.95
Crystal Palace vs Chelsea,2026-01-25 09:00:00,Under 2.75,1.9,1.885,2.1709258353159522e-07,2,0.0005484596024172839,0.0005484596024172839,1.2905322732921455e-05,2,0.0042217844075428945,0.0042217844075428945,pinnacle,2,0.015,0.8,2.88,EPL,Goles (Over/Under),0.3264,pinnacle:1.9; bovada:1.87
Nantes vs Nice,2026-01-25 09:00:00,Over 2.75,2.05,2.015,1.3579889848847168e-05,2,0.004334873133828743,0.004334873133828743,5.364168167279319e-05,2,0.008622813500862275,0.008622813500862275,pinnacle,2,0.035,1.74,2.83,Ligue 1,Goles (Over/Under),0.3074,pinnacle:2.05; bovada:1.98
Nantes vs Nice,2026-01-25 09:00:00,Under 2.75,1.85,1.85,1.3579889848847168e-05,2,0.004334873133828743,0.004334873133828743,0.0,2,0.0,0.0,pinnacle,2,0.0,0.0,2.83,Ligue 1,Goles (Over/Under),0.3074,pinnacle:1.85; bovada:1.85
Newcastle United vs Aston Villa,2026-01-25 09:00:00,Over 2.5,1.7,1.6629,1.5500795565508248e-05,14,0.0045919502708761445,0.0041940154012584585,9.936906814592229e-05,14,0.011468942002049355,0.01016778248759999,leovegas_se,14,0.0371,1.88,4.7,EPL,Goles (Over/Under),0.3064,leovegas_se:1.7; leovegas:1.7; unibet_se:1.68; unibet_nl:1.68; tabtouch:1.68; grosvenor:1.68; casumo:1.68; nordicbet:1.68; betsson:1.68; tipico_de:1.65; mybookieag:1.63; williamhill:1.62; betmgm:1.62; codere_it:1.6
Crystal Palace vs Chelsea,2026-01-25 09:00:00,Under 2.5,2.12,2.0714,1.5932031227759967e-05,14,0.004682484909550942,0.004009678748128405,7.273671636250426e-05,14,0.010037151157083642,0.008684208779064975,leovegas,14,0.0486,2.05,4.64,EPL,Goles (Over/Under),0.2996,leovegas:2.12; leovegas_se:2.12; casumo:2.1; unibet_se:2.1; unibet_nl:2.1; tabtouch:2.1; grosvenor:2.1; nordicbet:2.08; betsson:2.08; mybookieag:2.05; tipico_de:2.05; codere_it:2.0; williamhill:2.0; betmgm:2.0
Genoa vs Bologna,2026-01-25 09:00:00,Over 2.5,2.5,2.4108,8.985343700377619e-05,13,0.010888178058342139,0.010467388169895888,0.00014072130875732937,13,0.013778151220279344,0.012691769471979761,leovegas_se,13,0.0892,3.27,5.36,Serie A,Goles (Over/Under),0.2817,leovegas_se:2.5; unibet_se:2.48; casumo:2.48; unibet_nl:2.48; tabtouch:2.48; grosvenor:2.48; leovegas:2.45; betsson:2.38; nordicbet:2.38; tipico_de:2.35; williamhill:2.3; betmgm:2.3; codere_it:2.28
Borussia Monchengladbach vs VfB Stuttgart,2026-01-25 09:30:00,Over 3.0,1.87,1.85,1.532907656776614e-06,2,0.001456502916361846,0.001456502916361846,2.4803360860834595e-05,2,0.00584436457146198,0.00584436457146198,pinnacle,2,0.02,1.08,2.98,Bundesliga,Goles (Over/Under),0.2785,pinnacle:1.87; bovada:1.83
Borussia Monchengladbach vs VfB Stuttgart,2026-01-25 09:30:00,Under 3.0,2.02,2.01,1.532907656776614e-06,2,0.001456502916361846,0.001456502916361846,4.419728189830998e-06,2,0.0024752475247524774,0.0024752475247524774,pinnacle,2,0.01,0.5,2.98,Bundesliga,Goles (Over/Under),0.2785,pinnacle:2.02; bovada:2.0
Elversberg vs VfL Bochum,2026-01-25 07:30:00,Over 2.5,1.6,1.5807,2.495512166264597e-06,14,0.0018351116932876907,0.0013016575279842393,2.1878469440028025e-05,14,0.005314410183895584,0.00491721030514466,tipico_de,14,0.0193,0.84,6.94,Bundesliga 2,Goles (Over/Under),0.2752,tipico_de:1.6; betsson:1.6; nordicbet:1.6; williamhill:1.6; codere_it:1.59; unibet:1.58; leovegas:1.57; leovegas_se:1.57; unibet_nl:1.57; casumo:1.57; grosvenor:1.57; unibet_se:1.57; tabtouch:1.57; betmgm:1.57
Elversberg vs VfL Bochum,2026-01-25 07:30:00,Under 2.5,2.25,2.1943,2.495512166264597e-06,14,0.0018351116932876985,0.001301657527984271,1.7637970764573417e-05,14,0.004921681845382606,0.003770148593215434,tipico_de,14,0.0557,1.1,6.94,Bundesliga 2,Goles (Over/Under),0.2752,tipico_de:2.25; williamhill:2.25; betsson:2.2; nordicbet:2.2; betmgm:2.2; leovegas:2.18; leovegas_se:2.18; unibet_nl:2.18; casumo:2.18; grosvenor:2.18; unibet_se:2.18; tabtouch:2.18; unibet:2.18; codere_it:2.18
Sassuolo vs Cremonese,2026-01-25 06:30:00,Under 2.5,1.71,1.6838,3.606830626539622e-06,13,0.0022207265979875437,0.0016059853917377981,3.425798733907142e-05,13,0.006762061569202972,0.005808859972465112,leovegas_se,13,0.0262,1.13,5.21,Serie A,Goles (Over/Under),0.2668,leovegas_se:1.71; unibet_se:1.7; casumo:1.7; unibet_nl:1.7; tabtouch:1.7; grosvenor:1.7; betsson:1.68; nordicbet:1.68; williamhill:1.67; tipico_de:1.67; leovegas:1.67; betmgm:1.67; codere_it:1.64
Atalanta BC vs Parma,2026-01-25 09:00:00,Over 2.75,1.95,1.94,1.274424831522366e-06,2,0.0013291412533060487,0.0013291412533060487,5.097774831882814e-06,2,0.002657101102696957,0.002657101102696957,pinnacle,2,0.01,0.52,3.1,Serie A,Goles (Over/Under),0.2613,pinnacle:1.95; bovada:1.93
Atalanta BC vs Parma,2026-01-25 09:00:00,Under 2.75,1.93,1.91,1.274424831522366e-06,2,0.00132914125330591,0.00132914125330591,2.173460630773864e-05,2,0.005482907037311191,0.005482907037311191,pinnacle,2,0.02,1.05,3.1,Serie A,Goles (Over/Under),0.2613,pinnacle:1.93; bovada:1.89
Newcastle United vs Aston Villa,2026-01-25 09:00:00,Over 2.75,1.88,1.85,1.573454001910289e-05,2,0.004666077549271674,0.004666077549271674,5.582819314627909e-05,2,0.00876782791676406,0.00876782791676406,pinnacle,2,0.03,1.62,2.94,EPL,Goles (Over/Under),0.2585,pinnacle:1.88; bovada:1.82
Atalanta BC vs Parma,2026-01-25 09:00:00,Over 2.5,1.77,1.7369,4.055152680659147e-05,13,0.007467922953318853,0.006290829406947935,7.441565128633401e-05,13,0.010029586627911997,0.008987429947185897,leovegas_se,13,0.0331,1.73,5.28,Serie A,Goles (Over/Under),0.2557,leovegas_se:1.77; grosvenor:1.77; unibet_se:1.76; unibet_nl:1.76; tabtouch:1.76; casumo:1.76; tipico_de:1.75; leovegas:1.74; williamhill:1.73; nordicbet:1.7; betsson:1.7; codere_it:1.69; betmgm:1.69
SC Telstar vs AZ Alkmaar,2026-01-25 06:15:00,Under 3.5,1.61,1.582,2.8420795204538857e-05,5,0.006180500505757514,0.005475336402707587,7.318702949058741e-05,5,0.00969319753131742,0.007359426484357679,codere_it,5,0.028,1.52,5.78,Eredivisie,Goles (Over/Under),0.2422,codere_it:1.61; tipico_de:1.6; nordicbet:1.58; betsson:1.58; betmgm:1.54
Andorra CF vs SD Huesca,2026-01-25 08:00:00,Under 2.5,1.65,1.5729,6.977819720913958e-05,14,0.009702670441603738,0.008863109282013646,0.00013875029871528868,14,0.013383236033876485,0.011716646767292236,williamhill,14,0.0771,2.14,7.12,La Liga 2,Goles (Over/Under),0.2317,williamhill:1.65; tipico_de:1.62; betsson:1.6; nordicbet:1.6; codere_it:1.6; betmgm:1.57; unibet:1.55; tabtouch:1.55; unibet_se:1.55; leovegas:1.55; unibet_nl:1.55; casumo:1.55; grosvenor:1.55; leovegas_se:1.53
Groningen vs Fortuna Sittard,2026-01-25 08:30:00,Under 2.5,2.15,2.0757,1.0870768187649499e-05,14,0.003858042750999373,0.0032501288823112823,5.000223933455618e-05,14,0.008317301953862995,0.007582097459322713,tipico_de,14,0.0743,1.75,6.39,Eredivisie,Goles (Over/Under),0.2316,tipico_de:2.15; codere_it:2.14; nordicbet:2.11; betsson:2.11; williamhill:2.1; unibet:2.05; unibet_nl:2.05; tabtouch:2.05; leovegas:2.05; leovegas_se:2.05; unibet_se:2.05; casumo:2.05; grosvenor:2.05; betmgm:2.05
Waldhof Mannheim vs Hansa Rostock,2026-01-25 07:30:00,Under 3.0,1.89,1.845,3.933873573900453e-05,2,0.0073821989528795595,0.0073821989528795595,0.0001271500358420571,2,0.013227513227513199,0.013227513227513199,pinnacle,2,0.045,2.44,4.72,3. Liga,Goles (Over/Under),0.2246,pinnacle:1.89; bovada:1.8
Nantes vs Nice,2026-01-25 09:00:00,Over 2.5,1.82,1.77,2.811777103025594e-05,14,0.0062345520334785975,0.005184672672826399,4.353844556263837e-05,14,0.00771002349960824,0.005856006710322754,nordicbet,14,0.05,1.38,5.45,Ligue 1,Goles (Over/Under),0.2239,nordicbet:1.82; betsson:1.82; williamhill:1.8; tipico_de:1.77; grosvenor:1.77; casumo:1.76; leovegas_se:1.76; tabtouch:1.76; leovegas:1.76; unibet_nl:1.76; unibet_se:1.76; unibet:1.76; codere_it:1.74; betmgm:1.74
SC Telstar vs AZ Alkmaar,2026-01-25 06:15:00,Over 3.0,1.87,1.85,3.1138643728497806e-06,2,0.0020759871874242997,0.0020759871874242997,2.4803360860834595e-05,2,0.00584436457146198,0.00584436457146198,pinnacle,2,0.02,1.08,3.23,Eredivisie,Goles (Over/Under),0.2198,pinnacle:1.87; bovada:1.83
SC Telstar vs AZ Alkmaar,2026-01-25 06:15:00,Under 3.0,2.01,2.005,3.1138643728497806e-06,2,0.002075987187424355,0.002075987187424355,1.1159273379517543e-06,2,0.0012437810945273298,0.0012437810945273298,pinnacle,2,0.005,0.25,3.23,Eredivisie,Goles (Over/Under),0.2198,pinnacle:2.01; bovada:2.0
Royal Antwerp vs Charleroi,2026-01-25 07:30:00,1X,1.4069,1.3475,,,,,0.00039892440185521847,32,0.02039107829509055,0.017004984925053743,coral,32,0.0594,2.72,5.92,Belgium First Div,Doble Chance,0.2196,coral:1.4069; betmgm:1.4069; pinnacle:1.3918; ladbrokes_uk:1.3895; betfair_ex_uk:1.3876; betfair_ex_eu:1.3876; betfair_ex_au:1.3876; smarkets:1.3813; bovada:1.3805; unibet_uk:1.3739; nordicbet:1.3685; betsson:1.3685; draftkings:1.3622; skybet:1.3554; pointsbetau:1.3527; unibet_se:1.3484; unibet_nl:1.3484; marathonbet:1.3482; tipico_de:1.3367; leovegas:1.3295; casumo:1.3295; grosvenor:1.3295; paddypower:1.3204; sport888:1.3204; williamhill:1.3204; unibet:1.3142; tabtouch:1.3142; winamax_de:1.3125; leovegas_se:1.3037; betclic_fr:1.3037; virginbet:1.2884; winamax_fr:1.2524
Genoa vs Bologna,2026-01-25 09:00:00,Under 2.0,2.12,2.085,1.717612532701595e-05,2,0.004865978011758115,0.004865978011758115,4.6864841591280366e-05,2,0.008053382420616706,0.008053382420616706,pinnacle,2,0.035,1.68,3.04,Serie A,Goles (Over/Under),0.2138,pinnacle:2.12; bovada:2.05
Groningen vs Fortuna Sittard,2026-01-25 08:30:00,Over 2.5,1.69,1.6757,1.0870768187649499e-05,14,0.003858042750999368,0.0032501288823112823,7.671247734298107e-06,14,0.0032013177298843335,0.00289241586866118,nordicbet,14,0.0143,0.54,6.56,Eredivisie,Goles (Over/Under),0.1997,nordicbet:1.69; betsson:1.69; betmgm:1.69; codere_it:1.69; unibet:1.67; unibet_nl:1.67; tabtouch:1.67; leovegas:1.67; leovegas_se:1.67; unibet_se:1.67; williamhill:1.67; casumo:1.67; grosvenor:1.67; tipico_de:1.67
Gazişehir Gaziantep vs Torku Konyaspor,2026-01-25 06:30:00,Over 2.75,1.95,1.94,3.333990071202977e-07,2,0.0006798165509964149,0.0006798165509964149,5.097774831882814e-06,2,0.002657101102696957,0.002657101102696957,pinnacle,2,0.01,0.52,3.37,Super League,Goles (Over/Under),0.1988,pinnacle:1.95; bovada:1.93
Gazişehir Gaziantep vs Torku Konyaspor,2026-01-25 06:30:00,Under 2.75,1.92,1.905,3.333990071202977e-07,2,0.0006798165509963594,0.0006798165509963594,1.235645749808232e-05,2,0.004133597883597906,0.004133597883597906,pinnacle,2,0.015,0.79,3.37,Super League,Goles (Over/Under),0.1988,pinnacle:1.92; bovada:1.89
Borussia Monchengladbach vs VfB Stuttgart,2026-01-25 09:30:00,Under 3.5,1.62,1.5683,7.27652671670281e-05,12,0.009862451008124006,0.009040838566983697,9.255975961218602e-05,12,0.010922302823783397,0.00912151279040154,nordicbet,12,0.0517,1.74,5.59,Bundesliga,Goles (Over/Under),0.1986,nordicbet:1.62; betsson:1.62; tipico_de:1.6; betmgm:1.57; leovegas_se:1.56; grosvenor:1.56; codere_it:1.55; unibet_se:1.55; tabtouch:1.55; casumo:1.55; unibet_nl:1.55; leovegas:1.54
FC Thun vs BSC Young Boys,2026-01-25 08:00:00,Under 3.0,1.96,1.925,2.4668563538603628e-05,2,0.0058477752073270994,0.0058477752073270994,6.450032550789006e-05,2,0.009448223733938055,0.009448223733938055,pinnacle,2,0.035,1.82,3.38,Swiss Superleague,Goles (Over/Under),0.1982,pinnacle:1.96; bovada:1.89
Çaykur Rizespor vs Alanyaspor,2026-01-25 09:00:00,Over 2.25,1.84,1.835,2.3165881224067146e-06,2,0.001789992194019041,0.001789992194019041,1.6035193206995397e-06,2,0.0014849132810643706,0.0014849132810643706,pinnacle,2,0.005,0.27,3.37,Super League,Goles (Over/Under),0.1899,pinnacle:1.84; bovada:1.83
Çaykur Rizespor vs Alanyaspor,2026-01-25 09:00:00,Under 2.25,2.04,2.02,2.3165881224067146e-06,2,0.0017899921940190133,0.0017899921940190133,1.733557034861973e-05,2,0.004901960784313736,0.004901960784313736,pinnacle,2,0.02,0.99,3.37,Super League,Goles (Over/Under),0.1899,pinnacle:2.04; bovada:2.0
Elversberg vs VfL Bochum,2026-01-25 07:30:00,Over 3.0,2.03,2.005,6.998633039937232e-06,2,0.0031122984576458235,0.0031122984576458235,2.7907702358818866e-05,2,0.006219833806040687,0.006219833806040687,pinnacle,2,0.025,1.25,3.32,Bundesliga 2,Goles (Over/Under),0.1867,pinnacle:2.03; bovada:1.98
Elversberg vs VfL Bochum,2026-01-25 07:30:00,Under 3.0,1.85,1.85,6.998633039937232e-06,2,0.0031122984576458235,0.0031122984576458235,0.0,2,0.0,0.0,pinnacle,2,0.0,0.0,3.32,Bundesliga 2,Goles (Over/Under),0.1867,pinnacle:1.85; bovada:1.85
Antalyaspor vs Genclerbirligi SK,2026-01-25 09:00:00,Over 2.25,2.03,2.005,6.998633039937232e-06,2,0.0031122984576458235,0.0031122984576458235,2.7907702358818866e-05,2,0.006219833806040687,0.006219833806040687,pinnacle,2,0.025,1.25,3.32,Super League,Goles (Over/Under),0.1867,pinnacle:2.03; bovada:1.98
Antalyaspor vs Genclerbirligi SK,2026-01-25 09:00:00,Under 2.25,1.85,1.85,6.998633039937232e-06,2,0.0031122984576458235,0.0031122984576458235,0.0,2,0.0,0.0,pinnacle,2,0.0,0.0,3.32,Super League,Goles (Over/Under),0.1867,pinnacle:1.85; bovada:1.85
Groningen vs Fortuna Sittard,2026-01-25 08:30:00,Over 2.75,1.95,1.9,7.839919816531667e-05,2,0.010423624182808067,0.010423624182808067,0.0001389981423238892,2,0.013860013860013787,0.013860013860013787,pinnacle,2,0.05,2.63,3.37,Eredivisie,Goles (Over/Under),0.1751,pinnacle:1.95; bovada:1.85
Atlético Madrid vs Mallorca,2026-01-25 08:00:00,Over 2.5,1.67,1.6536,8.128347728464572e-06,14,0.0033289105237797436,0.0019852958484152966,1.8594817960900403e-05,14,0.004957438370799732,0.0037531706993223107,grosvenor,14,0.0164,0.81,5.75,La Liga,Goles (Over/Under),0.1722,grosvenor:1.67; betmgm:1.67; tabtouch:1.66; unibet:1.66; unibet_se:1.66; leovegas_se:1.66; unibet_nl:1.66; casumo:1.66; tipico_de:1.65; nordicbet:1.65; betsson:1.65; leovegas:1.65; codere_it:1.63; williamhill:1.62
Western Sydney Wanderers vs Perth Glory,2026-01-25 03:00:00,Under 2.5,2.2,2.0869,7.401056442784697e-05,13,0.010052963451101652,0.009446861771527879,0.00014578846331533078,13,0.014195515875302258,0.013036401390827375,williamhill,13,0.1131,3.03,7.18,A-League,Goles (Over/Under),0.1671,williamhill:2.2; nordicbet:2.18; betsson:2.18; betmgm:2.15; codere_it:2.1; grosvenor:2.04; leovegas:2.04; unibet_nl:2.04; casumo:2.04; unibet_se:2.04; tabtouch:2.04; unibet:2.04; leovegas_se:2.04
Borussia Monchengladbach vs VfB Stuttgart,2026-01-25 09:30:00,Over 3.5,2.4,2.3317,7.27652671670281e-05,12,0.009862451008123984,0.009040838566983669,0.00010630153278934823,12,0.012029355963235646,0.010820428407212137,leovegas_se,12,0.0683,2.75,5.77,Bundesliga,Goles (Over/Under),0.1612,leovegas_se:2.4; grosvenor:2.4; unibet_se:2.38; tabtouch:2.38; casumo:2.38; unibet_nl:2.38; leovegas:2.35; betmgm:2.3; nordicbet:2.28; betsson:2.28; codere_it:2.25; tipico_de:2.2
Aris Thessaloniki vs Levadiakos,2026-01-25 09:00:00,Under 2.5,1.65,1.63,7.752037012823401e-05,14,0.010259289567834754,0.009153691462255848,5.699811259579972e-05,14,0.008623183205172788,0.006592263388746554,williamhill,14,0.02,1.37,7.12,Super League,Goles (Over/Under),0.1573,williamhill:1.65; nordicbet:1.64; betsson:1.64; leovegas_se:1.64; unibet_se:1.64; grosvenor:1.64; tabtouch:1.64; casumo:1.64; unibet_nl:1.64; leovegas:1.64; unibet:1.64; betmgm:1.61; codere_it:1.59; tipico_de:1.57
Western Sydney Wanderers vs Perth Glory,2026-01-25 03:00:00,Over 2.75,1.87,1.86,5.555296516164131e-09,2,8.770687014658662e-05,8.770687014658662e-05,6.061662025826759e-06,2,0.0028905911258852446,0.0028905911258852446,pinnacle,2,0.01,0.54,3.48,A-League,Goles (Over/Under),0.1552,pinnacle:1.87; bovada:1.85
Western Sydney Wanderers vs Perth Glory,2026-01-25 03:00:00,Under 2.75,2.0,1.99,5.555296516164131e-09,2,8.770687014661438e-05,8.770687014661438e-05,4.60011279624495e-06,2,0.0025252525252525415,0.0025252525252525415,pinnacle,2,0.01,0.5,3.48,A-League,Goles (Over/Under),0.1552,pinnacle:2.0; bovada:1.98
Andorra CF vs SD Huesca,2026-01-25 08:00:00,Under 2.25,1.93,1.855,0.0002550376901057109,2,0.018784056981430153,0.018784056981430153,0.0003462147680421482,2,0.021831518891541002,0.021831518891541002,pinnacle,2,0.075,4.04,3.36,La Liga 2,Goles (Over/Under),0.1339,pinnacle:1.93; bovada:1.78
Aris Thessaloniki vs Levadiakos,2026-01-25 09:00:00,1X,1.4444,1.3949,,,,,0.0003254066091289095,32,0.018878176761490322,0.014321251732032803,betmgm,32,0.0495,2.56,7.69,Super League,Doble Chance,0.1261,betmgm:1.4444; nordicbet:1.4392; betsson:1.4392; betfair_ex_eu:1.4378; betfair_ex_au:1.4378; betfair_ex_uk:1.4378; smarkets:1.4322; pinnacle:1.4236; draftkings:1.418; fanduel:1.414; unibet_se:1.4035; grosvenor:1.4035; tabtouch:1.4035; casumo:1.4035; unibet_nl:1.4035; leovegas:1.4035; unibet:1.4035; bovada:1.3991; codere_it:1.3888; tipico_de:1.3847; coral:1.3839; ladbrokes_uk:1.3839; leovegas_se:1.3784; virginbet:1.3784; sport888:1.3764; williamhill:1.3764; winamax_de:1.3739; betway:1.3664; paddypower:1.3636; winamax_fr:1.3234; betclic_fr:1.3181; skybet:1.2923
Gazişehir Gaziantep vs Torku Konyaspor,2026-01-25 06:30:00,Under 2.5,2.05,1.9691,7.031158288698062e-05,11,0.009848161078979206,0.009404210128304885,0.00013158772502272565,11,0.013504244038725386,0.012625943499190072,betsson,11,0.0809,2.71,7.6,Super League,Goles (Over/Under),0.1237,betsson:2.05; nordicbet:2.05; tipico_de:2.05; codere_it:2.0; unibet:1.93; casumo:1.93; tabtouch:1.93; grosvenor:1.93; unibet_se:1.93; leovegas:1.93; leovegas_se:1.93
SC Telstar vs AZ Alkmaar,2026-01-25 06:15:00,Over 3.5,2.32,2.276,2.8420795204538857e-05,5,0.006180500505757494,0.005475336402707587,5.879903257599542e-05,5,0.008967465357867186,0.007957545641629349,nordicbet,5,0.044,2.02,6.39,Eredivisie,Goles (Over/Under),0.1236,nordicbet:2.32; betsson:2.32; codere_it:2.29; betmgm:2.25; tipico_de:2.2
SC Telstar vs AZ Alkmaar,2026-01-25 06:15:00,Under 2.5,2.38,2.2911,1.3339531531981182e-05,9,0.004209765274404359,0.002646003175764417,2.4689462945246567e-05,9,0.005791494923473295,0.00364018251875149,williamhill,9,0.0889,1.37,7.38,Eredivisie,Goles (Over/Under),0.1192,williamhill:2.38; unibet:2.28; tabtouch:2.28; leovegas_se:2.28; unibet_se:2.28; leovegas:2.28; unibet_nl:2.28; casumo:2.28; grosvenor:2.28
Atlético Madrid vs Mallorca,2026-01-25 08:00:00,Under 2.5,2.2,2.1621,8.128347728464572e-06,14,0.0033289105237797587,0.0019852958484152805,2.6127491307287116e-05,14,0.00600481892577619,0.004305358529493117,tipico_de,14,0.0379,1.27,6.06,La Liga,Goles (Over/Under),0.1122,tipico_de:2.2; nordicbet:2.18; betsson:2.18; grosvenor:2.18; tabtouch:2.17; unibet:2.17; unibet_se:2.17; leovegas_se:2.17; unibet_nl:2.17; casumo:2.17; leovegas:2.16; williamhill:2.15; codere_it:2.1; betmgm:2.1
Nantes vs Nice,2026-01-25 09:00:00,Under 2.5,2.02,1.9943,2.811777103025594e-05,14,0.006234552033478659,0.0051846726728264625,6.030699106206453e-05,14,0.009141750869955568,0.0077094964369655095,grosvenor,14,0.0257,1.79,6.0,Ligue 1,Goles (Over/Under),0.1117,grosvenor:2.02; casumo:2.02; leovegas_se:2.02; tabtouch:2.02; leovegas:2.02; unibet_nl:2.02; unibet_se:2.02; unibet:2.02; tipico_de:2.0; nordicbet:1.98; betsson:1.98; betmgm:1.95; codere_it:1.94; williamhill:1.91
Atalanta BC vs Parma,2026-01-25 09:00:00,Under 2.5,2.12,2.04,4.055152680659147e-05,13,0.007467922953318826,0.006290829406947926,5.783147202308837e-05,13,0.008949117437924958,0.006949280150625971,nordicbet,13,0.08,1.86,5.99,Serie A,Goles (Over/Under),0.1068,nordicbet:2.12; betsson:2.12; tipico_de:2.05; leovegas_se:2.05; betmgm:2.05; grosvenor:2.04; unibet_se:2.02; unibet_nl:2.02; tabtouch:2.02; casumo:2.02; codere_it:2.01; williamhill:2.0; leovegas:2.0
Royal Antwerp vs Charleroi,2026-01-25 07:30:00,Under 2.5,1.81,1.7607,0.00017246172632353387,14,0.015419863280886983,0.01445314216737952,0.0001804159867388451,14,0.015646349982945458,0.013711438450817792,unibet,14,0.0493,2.72,6.27,Belgium First Div,Goles (Over/Under),0.0957,unibet:1.81; unibet_se:1.81; unibet_nl:1.81; casumo:1.81; grosvenor:1.81; tabtouch:1.79; leovegas:1.77; leovegas_se:1.77; bovada:1.75; williamhill:1.75; tipico_de:1.7; nordicbet:1.69; betsson:1.69; betmgm:1.69
Südtirol vs Padova,2026-01-25 09:00:00,Under 2.5,1.57,1.5557,1.0733687307935846e-05,14,0.003789361885230174,0.002988966604564967,1.1164573999174192e-05,14,0.0037637594150329674,0.0028818405710974953,unibet,14,0.0143,0.58,8.54,Serie B,Goles (Over/Under),0.034,unibet:1.57; leovegas_se:1.56; leovegas:1.56; unibet_se:1.56; casumo:1.56; unibet_nl:1.56; grosvenor:1.56; tabtouch:1.56; codere_it:1.56; nordicbet:1.55; betsson:1.55; williamhill:1.55; tipico_de:1.55; betmgm:1.53
Sassuolo vs Cremonese,2026-01-25 06:30:00,Over 2.5,2.15,2.1185,3.606830626539622e-06,13,0.0022207265979875246,0.0016059853917378024,1.039673077003903e-05,13,0.0037903426363684887,0.0028855072493146894,tipico_de,13,0.0315,0.8,6.39,Serie A,Goles (Over/Under),0.0329,tipico_de:2.15; leovegas_se:2.14; grosvenor:2.14; betsson:2.12; nordicbet:2.12; unibet_se:2.12; casumo:2.12; unibet_nl:2.12; tabtouch:2.12; williamhill:2.1; leovegas:2.1; betmgm:2.1; codere_it:2.09
Portsmouth vs Southampton,2026-01-25 07:00:00,Under 2.5,1.88,1.855,6.064368791761295e-05,16,0.009166128957219388,0.007787154350336549,4.413622838017134e-05,16,0.007796035197780862,0.007280842574149703,leovegas,16,0.025,1.44,6.38,Championship,Goles (Over/Under),0.0172,leovegas:1.88; unibet_se:1.88; casumo:1.88; grosvenor:1.88; unibet:1.88; unibet_nl:1.88; leovegas_se:1.88; tabtouch:1.88; williamhill:1.85; pinnacle:1.85; betmgm:1.83; tipico_de:1.83; bovada:1.83; betsson:1.82; nordicbet:1.82; codere_it:1.81
Südtirol vs Padova,2026-01-25 09:00:00,Over 2.5,2.3,2.245,1.0733687307935846e-05,14,0.003789361885230178,0.002988966604564983,1.5808092005719854e-05,14,0.004649334616691298,0.003502812566967574,betmgm,14,0.055,1.06,8.84,Serie B,Goles (Over/Under),-0.0011,betmgm:2.3; williamhill:2.3; nordicbet:2.25; betsson:2.25; tipico_de:2.25; codere_it:2.24; unibet:2.23; leovegas_se:2.23; leovegas:2.23; unibet_se:2.23; casumo:2.23; unibet_nl:2.23; grosvenor:2.23; tabtouch:2.23
SC Telstar vs AZ Alkmaar,2026-01-25 06:15:00,Over 2.5,1.55,1.5478,1.3339531531981182e-05,9,0.004209765274404324,0.002646003175764405,5.563866747839299e-06,9,0.0026503873542260636,0.001665872774172788,unibet,9,0.0022,0.41,8.38,Eredivisie,Goles (Over/Under),-0.0143,unibet:1.55; tabtouch:1.55; leovegas_se:1.55; unibet_se:1.55; leovegas:1.55; unibet_nl:1.55; casumo:1.55; grosvenor:1.55; williamhill:1.53
Andorra CF vs SD Huesca,2026-01-25 08:00:00,Over 2.5,2.25,2.215,6.977819720913958e-05,14,0.009702670441603788,0.008863109282013726,5.548388826699247e-05,14,0.008732565481176239,0.008217046346827819,unibet,14,0.035,1.91,8.96,La Liga 2,Goles (Over/Under),-0.0212,unibet:2.25; tabtouch:2.25; leovegas_se:2.25; unibet_se:2.25; leovegas:2.25; unibet_nl:2.25; casumo:2.25; grosvenor:2.25; betmgm:2.2; betsson:2.18; nordicbet:2.18; codere_it:2.15; williamhill:2.15; tipico_de:2.15
Genoa vs Bologna,2026-01-25 09:00:00,Under 2.5,1.57,1.5308,8.985343700377619e-05,13,0.010888178058342145,0.010467388169895897,7.812649426210216e-05,13,0.009915146232847588,0.00886099039846906,williamhill,13,0.0392,1.53,7.17,Serie A,Goles (Over/Under),-0.0418,williamhill:1.57; tipico_de:1.57; betsson:1.55; nordicbet:1.55; codere_it:1.54; betmgm:1.54; leovegas_se:1.53; unibet_se:1.51; casumo:1.51; unibet_nl:1.51; tabtouch:1.51; grosvenor:1.51; leovegas:1.5
FC Thun vs BSC Young Boys,2026-01-25 08:00:00,Under 3.5,1.63,1.6069,0.00013349608858397114,13,0.013435343409055398,0.012538286481690752,0.00010799599847694809,13,0.011823852728804062,0.009942477470846926,unibet,13,0.0231,1.87,8.97,Swiss Superleague,Goles (Over/Under),-0.0468,unibet:1.63; grosvenor:1.63; unibet_nl:1.63; casumo:1.63; unibet_se:1.63; tabtouch:1.63; leovegas:1.63; leovegas_se:1.61; codere_it:1.6; tipico_de:1.6; betmgm:1.57; betsson:1.55; nordicbet:1.55
Gazişehir Gaziantep vs Torku Konyaspor,2026-01-25 06:30:00,Over 2.5,1.75,1.7327,7.031158288698062e-05,11,0.009848161078979196,0.009404210128304865,4.746424385066508e-05,11,0.008005807027207906,0.007389642873174421,unibet,11,0.0173,1.37,8.96,Super League,Goles (Over/Under),-0.0469,unibet:1.75; casumo:1.75; tabtouch:1.75; grosvenor:1.75; unibet_se:1.75; leovegas:1.75; leovegas_se:1.75; tipico_de:1.72; betsson:1.7; nordicbet:1.7; codere_it:1.69
Çaykur Rizespor vs Alanyaspor,2026-01-25 09:00:00,Over 2.5,2.06,2.0436,3.994625751130476e-05,11,0.007409755310034388,0.007106258393584086,2.7290672711884015e-05,11,0.0061500223235194445,0.005334051505120558,unibet,11,0.0164,1.24,8.78,Super League,Goles (Over/Under),-0.0513,unibet:2.06; casumo:2.06; leovegas_se:2.06; grosvenor:2.06; leovegas:2.06; tabtouch:2.06; unibet_se:2.06; tipico_de:2.05; nordicbet:2.01; betsson:2.01; codere_it:1.99
Western Sydney Wanderers vs Perth Glory,2026-01-25 03:00:00,Over 2.5,1.67,1.6554,7.401056442784697e-05,13,0.010052963451101637,0.009446861771527844,4.5647206983152594e-05,13,0.0077649938562082375,0.006627988793210813,grosvenor,13,0.0146,1.27,8.9,A-League,Goles (Over/Under),-0.0584,grosvenor:1.67; leovegas:1.67; unibet_nl:1.67; casumo:1.67; unibet_se:1.67; tabtouch:1.67; unibet:1.67; leovegas_se:1.67; nordicbet:1.65; betsson:1.65; codere_it:1.63; williamhill:1.62; betmgm:1.61
Waldhof Mannheim vs Hansa Rostock,2026-01-25 07:30:00,Over 2.5,1.71,1.6617,0.0007025948611697859,12,0.03097820245971941,0.029196656170340368,0.0005161968593598065,12,0.026038820679966858,0.02412965945789941,tabtouch,12,0.0483,4.18,11.39,3. Liga,Goles (Over/Under),-0.0966,tabtouch:1.71; leovegas:1.71; grosvenor:1.71; unibet_nl:1.71; unibet:1.71; leovegas_se:1.71; casumo:1.71; unibet_se:1.71; tipico_de:1.6; codere_it:1.56; nordicbet:1.55; betsson:1.55
Andorra CF vs SD Huesca,2026-01-25 08:00:00,Over 2.25,2.08,2.01,0.0002550376901057109,2,0.018784056981430236,0.018784056981430236,0.00021715468109789662,2,0.017347343378271263,0.017347343378271263,bovada,2,0.07,3.48,4.26,La Liga 2,Goles (Over/Under),-0.1056,bovada:2.08; pinnacle:1.94
Groningen vs Fortuna Sittard,2026-01-25 08:30:00,Under 2.75,1.98,1.95,7.839919816531667e-05,2,0.010423624182808094,0.010423624182808094,4.4954889978742656e-05,2,0.007891414141414144,0.007891414141414144,bovada,2,0.03,1.54,4.56,Eredivisie,Goles (Over/Under),-0.1316,bovada:1.98; pinnacle:1.92
FC Thun vs BSC Young Boys,2026-01-25 08:00:00,Over 3.0,1.93,1.92,2.4668563538603628e-05,2,0.005847775207327155,0.005847775207327155,5.317685094798834e-06,2,0.0027127471990884833,0.0027127471990884833,bovada,2,0.01,0.52,4.72,Swiss Superleague,Goles (Over/Under),-0.1419,bovada:1.93; pinnacle:1.91
Newcastle United vs Aston Villa,2026-01-25 09:00:00,Under 2.5,2.2,2.175,1.5500795565508248e-05,14,0.004591950270876148,0.004194015401258474,8.279677396967248e-06,14,0.003377317867544476,0.002569940368250268,williamhill,14,0.025,0.73,7.18,EPL,Goles (Over/Under),-0.1448,williamhill:2.2; tipico_de:2.2; mybookieag:2.19; leovegas_se:2.18; leovegas:2.18; nordicbet:2.18; betsson:2.18; unibet_se:2.17; unibet_nl:2.17; tabtouch:2.17; grosvenor:2.17; casumo:2.17; betmgm:2.15; codere_it:2.14
Genoa vs Bologna,2026-01-25 09:00:00,Over 2.0,1.8,1.795,1.717612532701595e-05,2,0.004865978011758032,0.004865978011758032,1.7601003782875065e-06,2,0.0015518311607696789,0.0015518311607696789,bovada,2,0.005,0.28,4.34,Serie A,Goles (Over/Under),-0.1498,bovada:1.8; pinnacle:1.79
Waldhof Mannheim vs Hansa Rostock,2026-01-25 07:30:00,Over 3.0,1.95,1.94,3.933873573900453e-05,2,0.0073821989528795595,0.0073821989528795595,5.097774831882814e-06,2,0.002657101102696957,0.002657101102696957,bovada,2,0.01,0.52,6.84,3. Liga,Goles (Over/Under),-0.155,bovada:1.95; pinnacle:1.93
Crystal Palace vs Chelsea,2026-01-25 09:00:00,Over 2.5,1.75,1.7321,1.5932031227759967e-05,14,0.004682484909550953,0.004009678748128409,2.29924995918383e-05,14,0.0055721254591886375,0.004156773047947664,williamhill,14,0.0179,0.96,7.14,EPL,Goles (Over/Under),-0.1555,williamhill:1.75; tipico_de:1.75; nordicbet:1.75; betsson:1.75; leovegas:1.74; leovegas_se:1.74; casumo:1.73; unibet_se:1.73; unibet_nl:1.73; tabtouch:1.73; grosvenor:1.73; mybookieag:1.72; betmgm:1.71; codere_it:1.69
Newcastle United vs Aston Villa,2026-01-25 09:00:00,Under 2.75,2.02,2.015,1.573454001910289e-05,2,0.004666077549271647,0.004666077549271647,1.0939928780159672e-06,2,0.0012314664302251477,0.0012314664302251477,bovada,2,0.005,0.25,4.45,EPL,Goles (Over/Under),-0.1685,bovada:2.02; pinnacle:2.01
Sassuolo vs Cremonese,2026-01-25 06:30:00,Under 2.25,1.95,1.94,3.702158091943857e-05,2,0.007163622659793534,0.007163622659793534,5.097774831882814e-06,2,0.002657101102696957,0.002657101102696957,bovada,2,0.01,0.52,4.76,Serie A,Goles (Over/Under),-0.2017,bovada:1.95; pinnacle:1.93
Alavés vs Real Betis,2026-01-25 15:00:00,1X,1.5037,1.4597,,,,,0.00014092593687944414,31,0.012989161961248014,0.011683045788689186,betfair_ex_uk,31,0.044,1.9,0.06,La Liga,Doble Chance,83.1667,betfair_ex_uk:1.5037; betfair_ex_eu:1.5037; betfair_ex_au:1.5037; unibet_nl:1.4963; unibet_se:1.4963; ladbrokes_uk:1.4933; coral:1.4933; bovada:1.4866; codere_it:1.4849; marathonbet:1.4813; smarkets:1.476; pinnacle:1.4739; draftkings:1.4712; betclic_fr:1.4544; tipico_de:1.4496; nordicbet:1.4489; betsson:1.4489; leovegas_se:1.4461; casumo:1.4461; tabtouch:1.4461; unibet:1.4461; grosvenor:1.4461; fanduel:1.4365; winamax_fr:1.4348; williamhill:1.4348; betway:1.4348; leovegas:1.4322; paddypower:1.4246; tab:1.4246; virginbet:1.4211; skybet:1.4115
Alavés vs Real Betis,2026-01-25 15:00:00,X2,1.5194,1.4414,,,,,0.000219004906455543,31,0.016153136872218556,0.012356181567277429,betfair_ex_uk,31,0.078,2.38,0.06,La Liga,Doble Chance,83.1667,betfair_ex_uk:1.5194; betfair_ex_eu:1.5194; betfair_ex_au:1.5194; smarkets:1.5022; unibet_nl:1.4682; unibet_se:1.4682; marathonbet:1.4625; pinnacle:1.4606; codere_it:1.4573; draftkings:1.4431; nordicbet:1.4383; betsson:1.4383; fanduel:1.4365; betway:1.4348; ladbrokes_uk:1.4345; coral:1.4345; leovegas_se:1.4322; casumo:1.4322; tabtouch:1.4322; unibet:1.4322; grosvenor:1.4322; williamhill:1.4211; leovegas:1.418; bovada:1.4122; paddypower:1.4115; skybet:1.4115; tipico_de:1.4097; betclic_fr:1.4093; virginbet:1.4014; tab:1.3982; winamax_fr:1.3929
Arsenal vs Manchester United,2026-01-25 11:30:00,1X,1.1841,1.1381,,,,,0.00044039233721676824,37,0.016195842469908975,0.01214459013466807,betfair_ex_eu,37,0.046,1.86,0.08,EPL,Doble Chance,61.875,betfair_ex_eu:1.1841; betfair_ex_uk:1.1841; betfair_ex_au:1.1841; smarkets:1.1714; unibet_nl:1.1639; unibet_se:1.1571; nordicbet:1.1548; betsson:1.1548; leovegas:1.1517; marathonbet:1.1496; leovegas_se:1.1482; codere_it:1.1447; tipico_de:1.1393; pinnacle:1.1389; fanduel:1.1375; draftkings:1.1375; tabtouch:1.1374; grosvenor:1.1374; unibet:1.1374; casumo:1.1374; unibet_uk:1.1358; betmgm:1.1353; winamax_de:1.1339; pointsbetau:1.13; betway:1.1275; williamhill:1.1275; ladbrokes_uk:1.1275; coral:1.1275; tab:1.1245; bovada:1.1223; mybookieag:1.1195; virginbet:1.1161; betclic_fr:1.1089; winamax_fr:1.1089; paddypower:1.1067; skybet:1.1067; sport888:1.0989
Arsenal vs Manchester United,2026-01-25 11:30:00,X2,2.6074,2.4411,,,,,0.0001499609064295567,37,0.01417918964247822,0.011601792684718597,betfair_ex_eu,37,0.1663,3.47,0.08,EPL,Doble Chance,61.875,betfair_ex_eu:2.6074; betfair_ex_uk:2.6074; betfair_ex_au:2.6074; unibet_nl:2.5714; smarkets:2.539; unibet_se:2.5385; leovegas:2.502; winamax_de:2.4873; leovegas_se:2.4857; marathonbet:2.4779; tabtouch:2.4765; grosvenor:2.4765; unibet:2.4765; casumo:2.4765; draftkings:2.4706; codere_it:2.4693; tipico_de:2.4693; pinnacle:2.4591; fanduel:2.4535; unibet_uk:2.4438; pointsbetau:2.4356; nordicbet:2.4191; betsson:2.4191; virginbet:2.4; bovada:2.4; betmgm:2.3934; winamax_fr:2.3847; williamhill:2.3673; mybookieag:2.367; betclic_fr:2.367; betway:2.359; ladbrokes_uk:2.359; coral:2.359; paddypower:2.3158; skybet:2.3158; sport888:2.2819; tab:2.2819
Hearts vs Celtic,2026-01-25 10:00:00,1X,1.7246,1.5999,,,,,0.00024840126308357487,32,0.01806176941197844,0.012628794335055444,smarkets,32,0.1247,3.01,0.36,Premiership,Doble Chance,17.1389,smarkets:1.7246; betfair_ex_au:1.7124; betfair_ex_eu:1.7124; betfair_ex_uk:1.7124; pinnacle:1.6218; pointsbetau:1.6215; codere_it:1.6154; draftkings:1.6078; unibet_uk:1.6078; fanduel:1.5984; paddypower:1.5984; betway:1.5984; marathonbet:1.5937; skybet:1.5866; coral:1.5859; ladbrokes_uk:1.5859; betmgm:1.5859; unibet_se:1.5827; unibet_nl:1.5827; unibet:1.5827; leovegas:1.5827; tipico_de:1.5746; betsson:1.5734; nordicbet:1.5734; williamhill:1.5714; sport888:1.5714; tabtouch:1.5714; grosvenor:1.5714; casumo:1.5714; leovegas_se:1.5576; virginbet:1.5325; bovada:1.5293
Hearts vs Celtic,2026-01-25 10:00:00,X2,1.4096,1.3548,,,,,0.00016951042704158175,32,0.013487199090685673,0.010778936808468472,smarkets,32,0.0548,1.83,0.36,Premiership,Doble Chance,17.1389,smarkets:1.4096; betfair_ex_au:1.3943; betfair_ex_eu:1.3943; betfair_ex_uk:1.3943; coral:1.3879; ladbrokes_uk:1.3879; codere_it:1.3769; betmgm:1.3696; unibet_se:1.3637; unibet_nl:1.3637; unibet:1.3637; leovegas:1.3637; bovada:1.3588; pinnacle:1.357; pointsbetau:1.354; draftkings:1.354; unibet_uk:1.354; tabtouch:1.3484; grosvenor:1.3484; casumo:1.3484; betsson:1.34; nordicbet:1.34; fanduel:1.3378; paddypower:1.3378; betway:1.3378; leovegas_se:1.3378; marathonbet:1.3345; skybet:1.3295; virginbet:1.3225; williamhill:1.32; sport888:1.32; tipico_de:1.3037
AE Kifisia FC vs PAOK Thessaloniki,2026-01-25 14:00:00,1X,2.7391,2.5819,,,,,0.0003640389756087211,5,0.022004353604379235,0.016737436554215522,fanduel,5,0.1572,5.34,6.93,Super League,Doble Chance,10.2078,fanduel:2.7391; bovada:2.6239; draftkings:2.6239; paddypower:2.5988; skybet:2.3238
AE Kifisia FC vs PAOK Thessaloniki,2026-01-25 14:00:00,X2,1.0849,1.0652,,,,,0.0011721453058078214,5,0.01763203400509353,0.015074307809944898,draftkings,5,0.0197,1.85,7.56,Super League,Doble Chance,9.2738,draftkings:1.0849; fanduel:1.0794; bovada:1.0735; paddypower:1.0579; skybet:1.0302
Fenerbahce vs Goztepe,2026-01-25 12:00:00,1X,1.1308,1.0713,,,,,0.0020569884231020344,30,0.025065129376147716,0.017887697445604638,betfair_ex_uk,30,0.0595,2.7,0.94,Super League,Doble Chance,6.9362,betfair_ex_uk:1.1308; betfair_ex_eu:1.1308; betfair_ex_au:1.1308; smarkets:1.1077; coral:1.1075; unibet_uk:1.0875; ladbrokes_uk:1.0849; pinnacle:1.0822; leovegas:1.0792; betsson:1.0771; nordicbet:1.0771; marathonbet:1.07; unibet:1.0675; casumo:1.0675; leovegas_se:1.0675; unibet_se:1.0675; tabtouch:1.0675; virginbet:1.0675; grosvenor:1.0675; codere_it:1.0668; betway:1.0668; pointsbetau:1.0644; sport888:1.0588; winamax_de:1.0556; bovada:1.0505; fanduel:1.0447; paddypower:1.0273; winamax_fr:1.026; betclic_fr:1.0237; skybet:1.0149
Fenerbahce vs Goztepe,2026-01-25 12:00:00,X2,3.0388,2.7073,,,,,0.00037211335218984687,30,0.02191317477632188,0.01604167807940831,betfair_ex_uk,30,0.3315,5.98,0.94,Super League,Doble Chance,6.9362,betfair_ex_uk:3.0388; betfair_ex_eu:3.0388; betfair_ex_au:3.0388; smarkets:2.9714; pinnacle:2.7943; leovegas:2.7731; fanduel:2.7731; bovada:2.7731; unibet:2.7331; casumo:2.7331; leovegas_se:2.7331; unibet_se:2.7331; tabtouch:2.7331; virginbet:2.7331; grosvenor:2.7331; pointsbetau:2.7128; betsson:2.7074; nordicbet:2.7074; coral:2.7018; marathonbet:2.6861; unibet_uk:2.6828; paddypower:2.625; ladbrokes_uk:2.6239; codere_it:2.5667; betway:2.5514; winamax_de:2.512; skybet:2.4762; sport888:2.4762; betclic_fr:2.4575; winamax_fr:2.4
Brest vs Toulouse,2026-01-25 11:15:00,1X,1.526,1.4505,,,,,0.00021834060961792103,35,0.016142571894877087,0.01208848597837283,betfair_ex_uk,35,0.0755,2.37,0.74,Ligue 1,Doble Chance,6.6892,betfair_ex_uk:1.526; betfair_ex_au:1.526; betfair_ex_eu:1.526; smarkets:1.5153; codere_it:1.4963; marathonbet:1.4747; winamax_de:1.4746; unibet_uk:1.4712; pinnacle:1.4698; leovegas_se:1.4644; unibet_nl:1.4644; nordicbet:1.4499; betsson:1.4499; winamax_fr:1.4496; betway:1.4483; draftkings:1.4483; coral:1.4431; ladbrokes_uk:1.4431; betmgm:1.4431; tabtouch:1.4392; unibet:1.4392; casumo:1.4392; grosvenor:1.4392; unibet_se:1.4392; bovada:1.4374; betclic_fr:1.425; tipico_de:1.425; tab:1.4246; leovegas:1.4229; paddypower:1.4211; fanduel:1.4211; sport888:1.4197; williamhill:1.4197; virginbet:1.3929; skybet:1.3792
AS Roma vs AC Milan,2026-01-25 14:45:00,1X,1.4813,1.408,,,,,0.00020753435093812345,37,0.015449077083176846,0.011920863654196309,betfair_ex_au,37,0.0733,2.21,0.84,Serie A,Doble Chance,5.7857,betfair_ex_au:1.4813; betfair_ex_eu:1.4813; betfair_ex_uk:1.4813; smarkets:1.4589; marathonbet:1.4389; pinnacle:1.4341; unibet_se:1.4232; unibet_nl:1.4232; unibet_uk:1.4211; codere_it:1.4211; betway:1.4211; betvictor:1.4211; coral:1.4199; ladbrokes_uk:1.414; betmgm:1.414; fanduel:1.4097; winamax_de:1.4097; bovada:1.4089; nordicbet:1.4082; betsson:1.4082; paddypower:1.3982; tipico_de:1.3982; casumo:1.3935; tabtouch:1.3935; unibet:1.3935; leovegas_se:1.3935; grosvenor:1.3935; pointsbetau:1.3847; draftkings:1.3847; betclic_fr:1.382; skybet:1.3792; leovegas:1.3732; sport888:1.3719; williamhill:1.3719; tab:1.3709; winamax_fr:1.3596; virginbet:1.3562
AS Roma vs AC Milan,2026-01-25 14:45:00,X2,1.5124,1.4573,,,,,0.0001260156109161987,37,0.012278155872040349,0.009801104201293065,betfair_ex_au,37,0.0551,1.8,0.84,Serie A,Doble Chance,5.7857,betfair_ex_au:1.5124; betfair_ex_eu:1.5124; betfair_ex_uk:1.5124; smarkets:1.495; unibet_se:1.4874; unibet_nl:1.4874; marathonbet:1.48; pinnacle:1.4799; winamax_de:1.475; coral:1.4712; ladbrokes_uk:1.4712; betmgm:1.4712; fanduel:1.4624; unibet_uk:1.4615; codere_it:1.4615; nordicbet:1.46; betsson:1.46; bovada:1.4575; pointsbetau:1.45; tipico_de:1.45; tab:1.45; betway:1.4483; betvictor:1.4483; paddypower:1.445; casumo:1.445; tabtouch:1.445; unibet:1.445; leovegas_se:1.445; grosvenor:1.445; leovegas:1.4374; betclic_fr:1.4365; winamax_fr:1.425; skybet:1.4246; sport888:1.4197; williamhill:1.4197; virginbet:1.4124; draftkings:1.4115
Barcelona vs Oviedo,2026-01-25 10:15:00,1X,1.0279,1.0139,,,,,0.0009146675169266418,12,0.008544470788957445,0.007658419081589864,betfair_ex_uk,12,0.014,0.87,0.86,La Liga,Doble Chance,5.093,betfair_ex_uk:1.0279; betfair_ex_eu:1.0279; betfair_ex_au:1.0279; smarkets:1.0195; betmgm:1.012; pinnacle:1.0099; unibet_se:1.0083; marathonbet:1.0076; draftkings:1.0076; ladbrokes_uk:1.0072; coral:1.0072; unibet_nl:1.004
Brest vs Toulouse,2026-01-25 11:15:00,X2,1.499,1.4357,,,,,0.0002718391309025094,35,0.017825942830788703,0.014882616708548,smarkets,35,0.0633,2.56,0.96,Ligue 1,Doble Chance,4.9271,smarkets:1.499; betfair_ex_uk:1.4935; betfair_ex_au:1.4935; betfair_ex_eu:1.4935; leovegas_se:1.4933; unibet_nl:1.4933; unibet:1.4682; marathonbet:1.4539; codere_it:1.4538; tabtouch:1.4538; casumo:1.4538; grosvenor:1.4538; unibet_se:1.4538; pinnacle:1.4492; leovegas:1.4431; coral:1.4431; ladbrokes_uk:1.4431; betmgm:1.4431; unibet_uk:1.4287; nordicbet:1.4241; betsson:1.4241; paddypower:1.4211; fanduel:1.4211; winamax_de:1.4211; betway:1.4211; draftkings:1.4211; virginbet:1.4014; tab:1.3982; winamax_fr:1.396; betclic_fr:1.3917; bovada:1.3917; tipico_de:1.3865; skybet:1.3792; sport888:1.3719; williamhill:1.3719
Feyenoord vs Heracles Almelo,2026-01-25 10:45:00,X2,4.875,4.1722,,,,,0.00032579069123064776,31,0.01808166395643247,0.014374209149594287,betfair_ex_uk,31,0.7028,7.76,1.16,Eredivisie,Doble Chance,4.8793,betfair_ex_uk:4.875; betfair_ex_eu:4.875; betfair_ex_au:4.7273; smarkets:4.7264; betsson:4.4654; nordicbet:4.4654; tipico_de:4.4595; paddypower:4.3333; unibet_se:4.32; unibet_nl:4.32; unibet:4.2534; pinnacle:4.2159; grosvenor:4.1528; leovegas:4.1528; tabtouch:4.1528; casumo:4.1528; betvictor:4.1528; leovegas_se:4.1117; marathonbet:4.0857; coral:4.0303; unibet_uk:4.0147; codere_it:3.9759; betmgm:3.9462; skybet:3.9179; bovada:3.8594; draftkings:3.8594; betway:3.7742; ladbrokes_uk:3.7742; sport888:3.75; williamhill:3.75; pointsbetau:3.6885
Juventus vs Napoli,2026-01-25 12:00:00,1X,1.2683,1.228,,,,,0.00029660518046596706,37,0.015724383498967976,0.012398141369751597,betfair_ex_au,37,0.0403,1.93,1.07,Serie A,Doble Chance,4.4112,betfair_ex_au:1.2683; betfair_ex_eu:1.2683; betfair_ex_uk:1.2683; unibet_se:1.2672; unibet_nl:1.2672; bovada:1.2587; smarkets:1.2532; marathonbet:1.2518; pinnacle:1.2466; codere_it:1.2418; nordicbet:1.2383; betsson:1.2383; betway:1.234; winamax_de:1.2308; betvictor:1.2308; coral:1.2308; leovegas_se:1.226; grosvenor:1.226; casumo:1.226; tabtouch:1.226; unibet:1.226; unibet_uk:1.223; leovegas:1.2224; tipico_de:1.2193; fanduel:1.2157; pointsbetau:1.2157; tab:1.2157; ladbrokes_uk:1.2157; betmgm:1.2157; winamax_fr:1.2083; betclic_fr:1.2052; paddypower:1.2; skybet:1.2; virginbet:1.2; draftkings:1.1895; sport888:1.1818; williamhill:1.1818
Juventus vs Napoli,2026-01-25 12:00:00,X2,1.8871,1.7745,,,,,0.00019560034049741969,37,0.01634740334243081,0.013904992918854189,betfair_ex_au,37,0.1126,2.96,1.07,Serie A,Doble Chance,4.4112,betfair_ex_au:1.8871; betfair_ex_eu:1.8871; betfair_ex_uk:1.8871; smarkets:1.8526; marathonbet:1.8477; pinnacle:1.8463; fanduel:1.8187; tipico_de:1.8162; coral:1.8162; nordicbet:1.8068; betsson:1.8068; winamax_de:1.7973; betvictor:1.7973; codere_it:1.7814; unibet_se:1.7814; unibet_nl:1.7814; paddypower:1.7722; pointsbetau:1.7653; betmgm:1.7653; skybet:1.75; unibet_uk:1.7465; betway:1.7465; ladbrokes_uk:1.7465; winamax_fr:1.7369; betclic_fr:1.7363; bovada:1.7333; leovegas_se:1.7305; grosvenor:1.7305; casumo:1.7305; tabtouch:1.7305; unibet:1.7305; tab:1.7271; leovegas:1.7211; sport888:1.7143; williamhill:1.7143; draftkings:1.7115; virginbet:1.705
SC Freiburg vs 1. FC Köln,2026-01-25 11:30:00,1X,1.3032,1.2539,,,,,0.0002374637310505219,36,0.01467538619704845,0.012732232877279715,betfair_ex_uk,36,0.0493,1.86,1.13,Bundesliga,Doble Chance,4.0442,betfair_ex_uk:1.3032; betfair_ex_eu:1.3032; betfair_ex_au:1.3032; smarkets:1.2843; pinnacle:1.2822; codere_it:1.2813; betsson:1.277; nordicbet:1.277; marathonbet:1.2742; unibet_nl:1.271; bovada:1.2655; unibet_uk:1.2649; coral:1.2649; winamax_de:1.2641; unibet_se:1.2564; ladbrokes_uk:1.2523; fanduel:1.2479; betway:1.2479; betmgm:1.2479; pointsbetau:1.2436; tipico_de:1.2422; betclic_fr:1.2409; unibet:1.2376; sport888:1.2357; williamhill:1.2357; draftkings:1.2357; winamax_fr:1.235; grosvenor:1.2334; leovegas_se:1.2334; tabtouch:1.2334; casumo:1.2334; paddypower:1.2307; tab:1.2307; virginbet:1.2273; leovegas:1.223; skybet:1.222
SC Freiburg vs 1. FC Köln,2026-01-25 11:30:00,X2,1.9855,1.8718,,,,,0.00014382032173322485,36,0.014091569893540733,0.011202684413682563,betfair_ex_uk,36,0.1137,2.69,1.13,Bundesliga,Doble Chance,4.0442,betfair_ex_uk:1.9855; betfair_ex_eu:1.9855; betfair_ex_au:1.9855; smarkets:1.9487; marathonbet:1.9471; pinnacle:1.9298; tipico_de:1.9221; unibet_nl:1.9085; fanduel:1.8947; unibet_se:1.8947; bovada:1.8874; codere_it:1.8868; winamax_de:1.8747; skybet:1.872; grosvenor:1.8584; leovegas_se:1.8584; tabtouch:1.8584; casumo:1.8584; unibet:1.8584; betclic_fr:1.8569; betsson:1.85; nordicbet:1.85; paddypower:1.8486; betway:1.8486; pointsbetau:1.8486; coral:1.8486; betmgm:1.8486; leovegas:1.8446; unibet_uk:1.8367; tab:1.8247; williamhill:1.8219; virginbet:1.8219; winamax_fr:1.8124; sport888:1.8103; ladbrokes_uk:1.8103; draftkings:1.7867
Real Sociedad vs Celta Vigo,2026-01-25 12:30:00,1X,1.3036,1.259,,,,,0.0002396474384706937,33,0.014743760533702641,0.012268960788046429,betfair_ex_uk,33,0.0446,1.86,1.1,La Liga,Doble Chance,3.9364,betfair_ex_uk:1.3036; betfair_ex_eu:1.3036; betfair_ex_au:1.3036; smarkets:1.2888; marathonbet:1.2875; codere_it:1.2848; pinnacle:1.2794; nordicbet:1.274; betsson:1.274; winamax_de:1.2727; unibet_se:1.2727; unibet_nl:1.2727; draftkings:1.2661; bovada:1.262; fanduel:1.2593; betway:1.2593; ladbrokes_uk:1.2593; coral:1.2593; betmgm:1.2593; paddypower:1.2453; skybet:1.2453; williamhill:1.2453; tipico_de:1.244; tab:1.2393; betclic_fr:1.2391; winamax_fr:1.2352; grosvenor:1.2352; unibet:1.2352; tabtouch:1.2352; casumo:1.2352; leovegas_se:1.2352; leovegas:1.2245; virginbet:1.2124
Real Sociedad vs Celta Vigo,2026-01-25 12:30:00,X2,1.9026,1.8157,,,,,0.00012892285041600333,33,0.013305733897403584,0.010817027534142133,betfair_ex_uk,33,0.0869,2.45,1.1,La Liga,Doble Chance,3.9364,betfair_ex_uk:1.9026; betfair_ex_eu:1.9026; betfair_ex_au:1.9026; smarkets:1.8882; unibet_nl:1.8882; unibet_se:1.8667; pinnacle:1.8569; marathonbet:1.8546; tipico_de:1.8446; codere_it:1.8333; winamax_de:1.8219; grosvenor:1.8164; unibet:1.8164; tabtouch:1.8164; casumo:1.8164; leovegas_se:1.8164; bovada:1.8083; betclic_fr:1.8028; draftkings:1.7969; fanduel:1.7944; virginbet:1.7913; leovegas:1.7913; nordicbet:1.7853; betsson:1.7853; betway:1.7832; coral:1.7832; betmgm:1.7832; tab:1.7718; ladbrokes_uk:1.7718; winamax_fr:1.7603; paddypower:1.7553; skybet:1.7553; williamhill:1.7553
Nacional vs Rio Ave FC,2026-01-25 10:30:00,X2,1.7718,1.6546,,,,,0.00023948127471929594,34,0.017877596698944075,0.014024792900730691,betfair_ex_eu,34,0.1172,3.06,1.48,Primeira Liga,Doble Chance,3.7905,betfair_ex_eu:1.7718; betfair_ex_au:1.7718; betfair_ex_uk:1.7718; smarkets:1.7468; tipico_de:1.7246; pinnacle:1.7188; bovada:1.6867; fanduel:1.6746; winamax_de:1.6735; marathonbet:1.6695; winamax_fr:1.6617; paddypower:1.65; nordicbet:1.6496; betsson:1.6496; coral:1.6485; betclic_fr:1.6423; draftkings:1.6374; pointsbetau:1.6374; betvictor:1.6374; unibet_nl:1.625; unibet_se:1.625; casumo:1.625; grosvenor:1.625; unibet:1.625; tabtouch:1.625; betway:1.6246; sport888:1.6246; williamhill:1.6246; skybet:1.6124; leovegas_se:1.6; leovegas:1.6; virginbet:1.6; ladbrokes_uk:1.5984; betmgm:1.5984
Metz vs Lyon,2026-01-25 11:15:00,1X,2.2527,2.1293,,,,,0.0001301066459084546,34,0.013397808434676025,0.010580412740683788,betfair_ex_eu,34,0.1234,2.89,1.21,Ligue 1,Doble Chance,3.6033,betfair_ex_eu:2.2527; betfair_ex_au:2.2527; betfair_ex_uk:2.2527; smarkets:2.2418; marathonbet:2.2123; unibet_nl:2.187; leovegas_se:2.187; pinnacle:2.1844; codere_it:2.1609; tipico_de:2.1517; unibet:2.1416; winamax_de:2.1395; draftkings:2.1395; fanduel:2.1314; betway:2.1176; casumo:2.1164; grosvenor:2.1164; unibet_se:2.1164; tabtouch:2.1164; tab:2.1111; unibet_uk:2.1106; winamax_fr:2.1036; leovegas:2.1012; betclic_fr:2.1; bovada:2.1; betsson:2.0926; coral:2.0893; betmgm:2.0893; ladbrokes_uk:2.0675; paddypower:2.0602; skybet:2.0602; sport888:2.0305; williamhill:2.0305; virginbet:2.0305
Metz vs Lyon,2026-01-25 11:15:00,X2,1.2314,1.1886,,,,,0.0003495716598840974,34,0.01602457431680235,0.013657024488007844,betfair_ex_eu,34,0.0428,1.91,1.21,Ligue 1,Doble Chance,3.6033,betfair_ex_eu:1.2314; betfair_ex_au:1.2314; betfair_ex_uk:1.2314; betsson:1.2127; draftkings:1.2125; pinnacle:1.2104; smarkets:1.2077; marathonbet:1.2077; codere_it:1.2077; betmgm:1.2032; unibet_nl:1.2031; leovegas_se:1.2031; coral:1.1984; ladbrokes_uk:1.1984; winamax_de:1.193; betway:1.193; fanduel:1.1888; unibet:1.1839; unibet_uk:1.1839; bovada:1.1791; winamax_fr:1.1787; paddypower:1.1745; skybet:1.1745; betclic_fr:1.1742; casumo:1.1696; grosvenor:1.1696; unibet_se:1.1696; tabtouch:1.1696; tab:1.165; sport888:1.1648; williamhill:1.1648; leovegas:1.1601; tipico_de:1.1595; virginbet:1.1363
Benfica vs CF Estrela,2026-01-25 13:00:00,1X,1.0246,1.0148,,,,,0.0017796796088869965,6,0.009850716913403917,0.009523491929865272,betfair_ex_eu,6,0.0098,1.0,1.59,Primeira Liga,Doble Chance,3.3208,betfair_ex_eu:1.0246; betfair_ex_uk:1.0246; betfair_ex_au:1.0246; smarkets:1.0093; coral:1.0052; pinnacle:1.0005
Benfica vs CF Estrela,2026-01-25 13:00:00,X2,6.8314,6.461,,,,,0.00013985762100256498,6,0.010145651752824397,0.009061470559561866,betfair_ex_eu,6,0.3704,6.34,1.59,Primeira Liga,Doble Chance,3.3208,betfair_ex_eu:6.8314; betfair_ex_uk:6.8314; betfair_ex_au:6.8314; smarkets:6.4376; pinnacle:5.9616; coral:5.8727
Paris FC vs Angers,2026-01-25 11:15:00,1X,1.2334,1.1981,,,,,0.0002795432833167812,35,0.014569578349812755,0.012124452336590902,betfair_ex_au,35,0.0353,1.74,1.49,Ligue 1,Doble Chance,2.8322,betfair_ex_au:1.2334; betfair_ex_uk:1.2334; betfair_ex_eu:1.2334; nordicbet:1.2252; betsson:1.2252; smarkets:1.2248; betmgm:1.2188; marathonbet:1.2169; leovegas_se:1.2162; unibet_nl:1.2162; coral:1.2103; codere_it:1.2085; pinnacle:1.2065; winamax_de:1.206; fanduel:1.2017; tab:1.1981; unibet_uk:1.1981; ladbrokes_uk:1.1981; betway:1.1977; draftkings:1.1957; paddypower:1.1887; unibet_se:1.1872; unibet:1.1872; tabtouch:1.1872; casumo:1.1872; grosvenor:1.1872; betclic_fr:1.1829; bovada:1.1772; winamax_fr:1.1769; skybet:1.1769; leovegas:1.1726; williamhill:1.1708; sport888:1.1708; tipico_de:1.164; virginbet:1.1538
Paris FC vs Angers,2026-01-25 11:15:00,X2,2.0586,1.9505,,,,,0.00013378064295650353,35,0.013612329765213258,0.010884336886371115,betfair_ex_au,35,0.1081,2.69,1.49,Ligue 1,Doble Chance,2.8322,betfair_ex_au:2.0586; betfair_ex_uk:2.0586; betfair_ex_eu:2.0586; smarkets:2.0224; leovegas_se:2.0224; unibet_nl:2.0224; pinnacle:2.0005; marathonbet:1.9985; tipico_de:1.9728; unibet:1.9714; winamax_de:1.9688; fanduel:1.9688; draftkings:1.9528; unibet_se:1.9528; tabtouch:1.9528; casumo:1.9528; grosvenor:1.9528; paddypower:1.9494; betclic_fr:1.9434; bovada:1.9387; leovegas:1.9367; codere_it:1.9338; winamax_fr:1.9179; unibet_uk:1.9179; coral:1.9091; betmgm:1.9091; skybet:1.9045; nordicbet:1.9042; betsson:1.9042; betway:1.9038; virginbet:1.9019; tab:1.8889; ladbrokes_uk:1.8789; williamhill:1.8693; sport888:1.8693
Lille vs Strasbourg,2026-01-25 14:45:00,1X,1.3558,1.2996,,,,,0.00030390414277175207,35,0.01729068887004245,0.014728928671547526,betfair_ex_uk,35,0.0562,2.26,1.53,Ligue 1,Doble Chance,2.8039,betfair_ex_uk:1.3558; betfair_ex_au:1.3558; betfair_ex_eu:1.3558; smarkets:1.333; marathonbet:1.333; pinnacle:1.333; draftkings:1.333; coral:1.3263; betmgm:1.3263; codere_it:1.3155; betway:1.3125; nordicbet:1.3115; betsson:1.3115; leovegas_se:1.3076; unibet_nl:1.3076; ladbrokes_uk:1.3062; unibet_uk:1.3047; winamax_de:1.2982; fanduel:1.2928; winamax_fr:1.292; unibet:1.2888; betclic_fr:1.2848; skybet:1.2789; tab:1.2789; bovada:1.2752; grosvenor:1.274; casumo:1.274; unibet_se:1.274; tabtouch:1.274; paddypower:1.2727; tipico_de:1.2727; leovegas:1.2661; sport888:1.2593; williamhill:1.2593; virginbet:1.2405
Lille vs Strasbourg,2026-01-25 14:45:00,X2,1.8247,1.7527,,,,,0.0001321012784532706,35,0.013391019987410536,0.010682036010389792,betfair_ex_uk,35,0.072,2.34,1.53,Ligue 1,Doble Chance,2.8039,betfair_ex_uk:1.8247; betfair_ex_au:1.8247; betfair_ex_eu:1.8247; marathonbet:1.8069; smarkets:1.7997; bovada:1.7997; leovegas_se:1.7997; unibet_nl:1.7997; pinnacle:1.7945; unibet:1.7746; winamax_de:1.7718; grosvenor:1.7617; casumo:1.7617; unibet_se:1.7617; tabtouch:1.7617; fanduel:1.75; tipico_de:1.75; codere_it:1.7496; nordicbet:1.7496; betsson:1.7496; leovegas:1.7496; winamax_fr:1.7468; draftkings:1.7468; paddypower:1.7246; betclic_fr:1.7246; unibet_uk:1.7246; coral:1.7217; ladbrokes_uk:1.7217; betmgm:1.7217; skybet:1.7; tab:1.7; virginbet:1.6996; betway:1.6985; sport888:1.6746; williamhill:1.6746
Feyenoord vs Heracles Almelo,2026-01-25 10:45:00,1X,1.0699,1.0326,,,,,0.0018809309536378666,31,0.017194812540719917,0.014023407762198294,betfair_ex_au,31,0.0373,1.79,1.8,Eredivisie,Doble Chance,2.7889,betfair_ex_au:1.0699; betfair_ex_uk:1.0699; betfair_ex_eu:1.0699; coral:1.0606; betmgm:1.0547; smarkets:1.0512; ladbrokes_uk:1.0484; bovada:1.0413; draftkings:1.0413; betsson:1.038; nordicbet:1.038; codere_it:1.0368; unibet_uk:1.0343; unibet:1.0332; unibet_se:1.0332; unibet_nl:1.0332; pinnacle:1.0317; betway:1.0272; pointsbetau:1.0207; grosvenor:1.0201; leovegas:1.0201; casumo:1.0201; marathonbet:1.0201; tipico_de:1.0196; sport888:1.0139; williamhill:1.0139; paddypower:1.013; tabtouch:1.013; betvictor:1.013; skybet:1.0067; leovegas_se:1.0034
Braga vs Alverca,2026-01-25 15:30:00,1X,1.0958,1.0599,,,,,0.0007304528333824358,35,0.01486873176811479,0.012264769253301264,betfair_ex_eu,35,0.0359,1.59,1.89,Primeira Liga,Doble Chance,2.7778,betfair_ex_eu:1.0958; betfair_ex_au:1.0958; betfair_ex_uk:1.0958; smarkets:1.0846; pinnacle:1.0803; bovada:1.0792; draftkings:1.0733; betmgm:1.0733; coral:1.0733; ladbrokes_uk:1.0733; betway:1.0678; marathonbet:1.065; casumo:1.0621; grosvenor:1.0621; nordicbet:1.0592; betsson:1.0592; skybet:1.0579; winamax_de:1.0561; tipico_de:1.0556; fanduel:1.0503; winamax_fr:1.0503; pointsbetau:1.0503; sport888:1.05; williamhill:1.05; tabtouch:1.0476; unibet_nl:1.0476; unibet:1.0476; unibet_se:1.0476; unibet_uk:1.0447; leovegas:1.0447; leovegas_se:1.0447; paddypower:1.0444; betclic_fr:1.0421; betvictor:1.0349; virginbet:1.0303
Braga vs Alverca,2026-01-25 15:30:00,X2,3.1775,2.8565,,,,,0.0001912136319798002,35,0.015467545051128032,0.010773403714019105,betfair_ex_eu,35,0.321,4.59,1.89,Primeira Liga,Doble Chance,2.7778,betfair_ex_eu:3.1775; betfair_ex_au:3.1775; betfair_ex_uk:3.1775; betclic_fr:3.0938; smarkets:2.9876; tipico_de:2.9469; paddypower:2.9423; unibet_uk:2.8992; fanduel:2.88; pointsbetau:2.88; pinnacle:2.8604; draftkings:2.8512; coral:2.8512; ladbrokes_uk:2.8512; nordicbet:2.8466; betsson:2.8466; casumo:2.8387; grosvenor:2.8387; tabtouch:2.8178; unibet_nl:2.8178; unibet:2.8178; unibet_se:2.8178; bovada:2.8143; betmgm:2.8143; leovegas:2.7967; leovegas_se:2.7967; marathonbet:2.7929; winamax_fr:2.7766; winamax_de:2.7766; skybet:2.7451; betvictor:2.7451; betway:2.7391; virginbet:2.7128; sport888:2.625; williamhill:2.625
KV Mechelen vs Westerlo,2026-01-25 13:15:00,1X,1.6417,1.5219,,,,,0.00043638912658381724,32,0.023412719862617157,0.01939040781936785,betfair_ex_eu,32,0.1198,3.64,1.9,Belgium First Div,Doble Chance,2.7579,betfair_ex_eu:1.6417; betfair_ex_au:1.6417; betfair_ex_uk:1.6417; smarkets:1.6062; tipico_de:1.575; pinnacle:1.5747; betmgm:1.5527; nordicbet:1.5494; betsson:1.5494; unibet_uk:1.5429; coral:1.5424; marathonbet:1.5375; ladbrokes_uk:1.5339; draftkings:1.5336; bovada:1.5264; pointsbetau:1.5242; unibet_se:1.5016; unibet_nl:1.5016; winamax_de:1.5008; skybet:1.4829; casumo:1.4826; leovegas:1.4826; grosvenor:1.4826; paddypower:1.4797; sport888:1.4797; williamhill:1.4797; betclic_fr:1.4761; unibet:1.4733; tabtouch:1.4733; leovegas_se:1.4571; winamax_fr:1.4407; virginbet:1.4316
FC Utrecht vs Sparta Rotterdam,2026-01-25 10:45:00,1X,1.3358,1.2732,,,,,0.0004436149496290732,35,0.020258367400318136,0.015952274269506437,betfair_ex_au,35,0.0626,2.58,1.89,Eredivisie,Doble Chance,2.6561,betfair_ex_au:1.3358; betfair_ex_uk:1.3358; betfair_ex_eu:1.3358; smarkets:1.3212; pinnacle:1.307; nordicbet:1.3066; betsson:1.3066; codere_it:1.3004; coral:1.2982; unibet_uk:1.294; betmgm:1.2898; betway:1.2857; paddypower:1.2857; betvictor:1.277; unibet:1.2732; pointsbetau:1.2727; marathonbet:1.2707; unibet_se:1.2691; unibet_nl:1.2691; tipico_de:1.2649; ladbrokes_uk:1.2649; draftkings:1.2649; winamax_de:1.2545; casumo:1.2545; leovegas:1.2545; grosvenor:1.2545; sport888:1.2523; williamhill:1.2523; skybet:1.2523; tabtouch:1.2503; bovada:1.2404; leovegas_se:1.2357; virginbet:1.2211; winamax_fr:1.2106; betclic_fr:1.2006
Genk vs Cercle Brugge KSV,2026-01-25 10:00:00,1X,1.2539,1.2142,,,,,0.0004102450332488461,31,0.017989215535931347,0.015225552324408547,betfair_ex_uk,31,0.0397,2.17,1.98,Belgium First Div,Doble Chance,2.5859,betfair_ex_uk:1.2539; betfair_ex_eu:1.2539; betfair_ex_au:1.2539; betmgm:1.2478; bovada:1.2422; nordicbet:1.2409; betsson:1.2409; coral:1.2388; draftkings:1.2365; ladbrokes_uk:1.2333; smarkets:1.2307; pinnacle:1.2275; unibet_uk:1.222; unibet_nl:1.2189; unibet_se:1.2189; pointsbetau:1.2133; marathonbet:1.2064; casumo:1.2044; leovegas:1.2044; grosvenor:1.2044; skybet:1.2; winamax_de:1.2; tipico_de:1.2; sport888:1.1981; unibet:1.1955; tabtouch:1.1955; leovegas_se:1.1811; paddypower:1.1776; betclic_fr:1.1755; virginbet:1.1667; winamax_fr:1.1566
Genk vs Cercle Brugge KSV,2026-01-25 10:00:00,X2,2.0153,1.909,,,,,0.00018568689574835799,31,0.016011725543983377,0.011847594855708622,betfair_ex_uk,31,0.1063,3.03,1.98,Belgium First Div,Doble Chance,2.5859,betfair_ex_uk:2.0153; betfair_ex_eu:2.0153; betfair_ex_au:2.0153; smarkets:2.0; unibet_nl:1.9529; unibet_se:1.9529; pinnacle:1.9392; casumo:1.9385; leovegas:1.9385; grosvenor:1.9385; tipico_de:1.9385; unibet:1.9169; tabtouch:1.9169; coral:1.9118; betmgm:1.9118; leovegas_se:1.9026; marathonbet:1.8997; ladbrokes_uk:1.8987; skybet:1.8947; paddypower:1.8947; pointsbetau:1.8947; nordicbet:1.8854; betsson:1.8854; draftkings:1.8854; bovada:1.8747; unibet_uk:1.872; virginbet:1.8667; winamax_de:1.8367; sport888:1.8164; betclic_fr:1.8057; winamax_fr:1.7617
Melbourne Victory vs Sydney FC,2026-01-26 01:40:00,1X,1.3945,1.3398,,,,,0.000257618641363125,31,0.016357803332779173,0.012123115112237872,betfair_ex_uk,31,0.0547,2.18,2.01,A-League,Doble Chance,2.5174,betfair_ex_uk:1.3945; betfair_ex_au:1.3945; betfair_ex_eu:1.3945; smarkets:1.3797; coral:1.3655; draftkings:1.3655; pointsbetau:1.3655; pinnacle:1.3556; unibet_uk:1.3509; bovada:1.3506; ladbrokes_uk:1.3461; betmgm:1.3461; leovegas_se:1.3429; leovegas:1.3429; unibet:1.339; casumo:1.3351; grosvenor:1.3351; unibet_nl:1.3351; unibet_se:1.3351; tabtouch:1.3351; tab:1.3319; marathonbet:1.328; nordicbet:1.3273; betsson:1.3273; sport888:1.3171; williamhill:1.3171; codere_it:1.3134; paddypower:1.3125; winamax_de:1.2982; virginbet:1.2867; winamax_fr:1.2645
Melbourne Victory vs Sydney FC,2026-01-26 01:40:00,X2,1.7553,1.6511,,,,,0.0002591577114380056,31,0.018505500365028207,0.012939746825327818,betfair_ex_uk,31,0.1042,3.06,2.01,A-League,Doble Chance,2.5174,betfair_ex_uk:1.7553; betfair_ex_au:1.7553; betfair_ex_eu:1.7553; smarkets:1.7302; pinnacle:1.7029; paddypower:1.6716; nordicbet:1.669; betsson:1.669; coral:1.6657; pointsbetau:1.6657; marathonbet:1.6551; bovada:1.6549; leovegas_se:1.6549; unibet:1.6549; leovegas:1.6549; tab:1.6439; unibet_uk:1.6439; casumo:1.6405; grosvenor:1.6405; unibet_nl:1.6405; unibet_se:1.6405; tabtouch:1.6405; ladbrokes_uk:1.6364; betmgm:1.6364; draftkings:1.6364; codere_it:1.5938; sport888:1.5938; williamhill:1.5938; winamax_de:1.5795; virginbet:1.5795; winamax_fr:1.5293
Deportivo La Coruña vs Real Racing Club de Santander,2026-01-25 15:00:00,1X,1.3953,1.2994,,,,,0.0005271888616608311,33,0.023097347913626998,0.016975760604119344,betfair_ex_eu,33,0.0959,3.1,2.44,La Liga 2,Doble Chance,2.4631,betfair_ex_eu:1.3953; betfair_ex_uk:1.3953; betfair_ex_au:1.3953; smarkets:1.3804; pinnacle:1.3403; draftkings:1.3246; betway:1.3171; pointsbetau:1.3125; marathonbet:1.3086; nordicbet:1.3054; betsson:1.3054; williamhill:1.2982; tipico_de:1.2982; unibet_se:1.2955; unibet_nl:1.2955; unibet:1.2955; paddypower:1.2928; fanduel:1.2928; bovada:1.2867; codere_it:1.2832; winamax_de:1.2789; skybet:1.2789; coral:1.2789; ladbrokes_uk:1.2789; betmgm:1.2789; casumo:1.2661; grosvenor:1.2661; tabtouch:1.2661; leovegas_se:1.2661; betclic_fr:1.2601; virginbet:1.2513; leovegas:1.2473; winamax_fr:1.2453
Barcelona vs Oviedo,2026-01-25 10:15:00,X2,8.734,7.7228,,,,,0.00038243180284206423,12,0.015761916945819802,0.012980906254820257,smarkets,12,1.0112,11.27,1.54,La Liga,Doble Chance,2.4026,smarkets:8.734; betfair_ex_uk:8.642; betfair_ex_eu:8.642; betfair_ex_au:8.642; marathonbet:8.2105; unibet_nl:7.8767; pinnacle:7.6421; unibet_se:7.6389; draftkings:7.3548; betmgm:6.6983; ladbrokes_uk:6.2963; coral:6.2963
Rangers vs Dundee FC,2026-01-25 10:00:00,X2,4.2887,3.7706,,,,,0.00022782455649601085,30,0.015629400337258,0.012336833942506816,smarkets,30,0.5181,6.07,2.06,Premiership,Doble Chance,2.2282,smarkets:4.2887; betfair_ex_au:4.1979; betfair_ex_eu:4.1979; betfair_ex_uk:4.1979; fanduel:4.0; skybet:4.0; pointsbetau:3.8873; nordicbet:3.8716; betsson:3.8716; pinnacle:3.8431; unibet_se:3.7761; unibet:3.7761; unibet_nl:3.7761; leovegas:3.7761; bovada:3.75; casumo:3.7108; leovegas_se:3.7108; grosvenor:3.7108; tabtouch:3.7108; marathonbet:3.6709; betway:3.6508; ladbrokes_uk:3.6; coral:3.6; draftkings:3.582; betmgm:3.5593; unibet_uk:3.5484; williamhill:3.4833; sport888:3.4833; tipico_de:3.4833; codere_it:3.4027
Famalicão vs Tondela,2026-01-25 13:00:00,1X,1.148,1.1174,,,,,0.0002916624818666766,35,0.012306143026036793,0.009848885796526985,betfair_ex_eu,35,0.0306,1.38,2.26,Primeira Liga,Doble Chance,2.2168,betfair_ex_eu:1.148; betfair_ex_uk:1.148; betfair_ex_au:1.148; coral:1.1396; betmgm:1.1309; ladbrokes_uk:1.1309; betsson:1.1286; nordicbet:1.1286; smarkets:1.1286; pinnacle:1.1278; unibet_uk:1.1259; bovada:1.1259; grosvenor:1.1218; casumo:1.1218; draftkings:1.121; marathonbet:1.1194; williamhill:1.1172; tabtouch:1.117; pointsbetau:1.117; sport888:1.1125; unibet:1.1124; unibet_se:1.1124; unibet_nl:1.1124; betway:1.111; paddypower:1.111; betclic_fr:1.1102; winamax_de:1.1102; winamax_fr:1.106; tipico_de:1.1014; leovegas:1.0978; leovegas_se:1.0978; virginbet:1.0932; skybet:1.0932; betvictor:1.0924; fanduel:1.0908
Famalicão vs Tondela,2026-01-25 13:00:00,X2,2.4906,2.2668,,,,,0.00023680407399860994,35,0.017955879418831575,0.012862952914469749,betfair_ex_eu,35,0.2238,4.2,2.26,Primeira Liga,Doble Chance,2.2168,betfair_ex_eu:2.4906; betfair_ex_uk:2.4906; betfair_ex_au:2.4906; tipico_de:2.4314; smarkets:2.4128; pinnacle:2.3656; fanduel:2.3113; coral:2.2819; betclic_fr:2.2815; betsson:2.2813; nordicbet:2.2813; marathonbet:2.278; bovada:2.2638; pointsbetau:2.2513; winamax_de:2.2476; unibet_uk:2.2473; betway:2.2473; paddypower:2.2473; draftkings:2.2473; betmgm:2.2473; ladbrokes_uk:2.2473; grosvenor:2.228; casumo:2.228; tabtouch:2.228; winamax_fr:2.2132; betvictor:2.212; unibet:2.2097; unibet_se:2.2097; leovegas:2.2097; leovegas_se:2.2097; unibet_nl:2.2097; virginbet:2.1758; skybet:2.1758; sport888:2.093; williamhill:2.093
FC St Gallen vs Servette,2026-01-25 10:30:00,X2,1.68,1.5509,,,,,0.0003467544785627255,35,0.021087763280938098,0.016786917084045238,betfair_ex_uk,35,0.1291,3.38,2.63,Swiss Superleague,Doble Chance,2.2015,betfair_ex_uk:1.68; betfair_ex_eu:1.68; betfair_ex_au:1.68; tipico_de:1.6215; pinnacle:1.6115; codere_it:1.5907; unibet_uk:1.5907; fanduel:1.5859; smarkets:1.5714; marathonbet:1.5676; nordicbet:1.5617; betsson:1.5617; betmgm:1.5609; draftkings:1.5607; bovada:1.5576; pointsbetau:1.5504; winamax_de:1.54; paddypower:1.5355; sport888:1.5355; williamhill:1.5355; betway:1.5148; grosvenor:1.5148; unibet_se:1.5148; leovegas_se:1.5148; virginbet:1.5148; unibet_nl:1.5148; tabtouch:1.5148; leovegas:1.5148; casumo:1.5148; unibet:1.5148; ladbrokes_uk:1.4984; coral:1.4984; skybet:1.4896; betclic_fr:1.4889; winamax_fr:1.4796
FC Zurich vs FC Basel,2026-01-25 10:30:00,X2,1.3533,1.2653,,,,,0.0008115909889958911,26,0.02760546003297315,0.024006635566924936,betfair_ex_uk,26,0.088,3.58,2.88,Swiss Superleague,Doble Chance,1.7674,betfair_ex_uk:1.3533; betfair_ex_eu:1.3533; betfair_ex_au:1.3533; smarkets:1.3277; pinnacle:1.31; codere_it:1.3089; betmgm:1.3017; unibet_uk:1.3; bovada:1.2766; pointsbetau:1.2711; winamax_de:1.2667; tipico_de:1.2667; ladbrokes_uk:1.2479; fanduel:1.2455; paddypower:1.2442; unibet:1.226; unibet_nl:1.226; virginbet:1.226; unibet_se:1.226; grosvenor:1.226; tabtouch:1.226; leovegas_se:1.226; leovegas:1.226; casumo:1.226; winamax_fr:1.2233; skybet:1.2133
SD Eibar vs Almería,2026-01-25 10:15:00,1X,1.3805,1.3324,,,,,0.00022231077704682904,33,0.015123040790299497,0.011316346785046857,betfair_ex_au,33,0.0481,2.0,3.21,La Liga 2,Doble Chance,1.6667,betfair_ex_au:1.3805; betfair_ex_uk:1.3805; betfair_ex_eu:1.3805; pinnacle:1.3634; smarkets:1.3583; unibet:1.3571; unibet_nl:1.3571; unibet_se:1.3571; betsson:1.3459; nordicbet:1.3459; casumo:1.3382; grosvenor:1.3382; tabtouch:1.3382; marathonbet:1.3378; pointsbetau:1.3367; williamhill:1.3333; leovegas:1.3314; leovegas_se:1.3314; virginbet:1.3314; bovada:1.3305; winamax_de:1.3294; draftkings:1.3294; codere_it:1.3237; betway:1.3204; fanduel:1.3204; tipico_de:1.3204; betmgm:1.3204; paddypower:1.3019; betclic_fr:1.2935; skybet:1.2857; coral:1.2857; ladbrokes_uk:1.2857; winamax_fr:1.2781
SD Eibar vs Almería,2026-01-25 10:15:00,X2,1.625,1.5319,,,,,0.00028885056828243034,33,0.01905514929092173,0.014794726784848453,betfair_ex_au,33,0.0931,2.94,3.21,La Liga 2,Doble Chance,1.6667,betfair_ex_au:1.625; betfair_ex_uk:1.625; betfair_ex_eu:1.625; pinnacle:1.5924; smarkets:1.5874; unibet:1.56; unibet_nl:1.56; unibet_se:1.56; marathonbet:1.5597; betway:1.55; tipico_de:1.55; draftkings:1.5496; casumo:1.535; leovegas_se:1.535; grosvenor:1.535; tabtouch:1.535; betsson:1.5313; nordicbet:1.5313; pointsbetau:1.5246; leovegas:1.5213; virginbet:1.5213; bovada:1.5124; fanduel:1.5116; betmgm:1.5116; williamhill:1.5; codere_it:1.4983; winamax_de:1.4963; betclic_fr:1.4856; paddypower:1.4746; skybet:1.4694; coral:1.4668; ladbrokes_uk:1.4668; winamax_fr:1.4461
Zaragoza vs CD Castellón,2026-01-25 12:30:00,1X,1.8557,1.7399,,,,,0.000313715781430237,33,0.020616712959972656,0.016648623793123766,betfair_ex_eu,33,0.1158,3.62,3.39,La Liga 2,Doble Chance,1.5959,betfair_ex_eu:1.8557; betfair_ex_uk:1.8557; betfair_ex_au:1.8557; pinnacle:1.8507; smarkets:1.847; marathonbet:1.8139; tipico_de:1.7944; bovada:1.7853; draftkings:1.7736; betway:1.75; nordicbet:1.7496; betsson:1.7496; pointsbetau:1.7486; unibet:1.7486; unibet_se:1.7486; unibet_nl:1.7486; williamhill:1.7217; winamax_de:1.7124; codere_it:1.7117; casumo:1.7117; grosvenor:1.7117; tabtouch:1.7117; betmgm:1.7; fanduel:1.6985; paddypower:1.6985; leovegas_se:1.6985; leovegas:1.6985; virginbet:1.6985; betclic_fr:1.6945; skybet:1.6617; coral:1.65; ladbrokes_uk:1.65; winamax_fr:1.6124
Zaragoza vs CD Castellón,2026-01-25 12:30:00,X2,1.2808,1.2385,,,,,0.0003117240028495811,33,0.016209370203278246,0.012521907640504268,betfair_ex_eu,33,0.0423,1.99,3.39,La Liga 2,Doble Chance,1.5959,betfair_ex_eu:1.2808; betfair_ex_uk:1.2808; betfair_ex_au:1.2808; unibet:1.2672; unibet_se:1.2672; unibet_nl:1.2672; smarkets:1.2669; pinnacle:1.2636; betway:1.2523; nordicbet:1.2458; betsson:1.2458; draftkings:1.2458; marathonbet:1.2448; casumo:1.2405; grosvenor:1.2405; tabtouch:1.2405; pointsbetau:1.2393; betmgm:1.2393; leovegas_se:1.2297; virginbet:1.2297; bovada:1.2294; fanduel:1.2257; williamhill:1.2257; leovegas:1.2257; coral:1.2257; ladbrokes_uk:1.2257; codere_it:1.2245; winamax_de:1.2189; tipico_de:1.2189; paddypower:1.2098; skybet:1.203; betclic_fr:1.2016; winamax_fr:1.1683
US Catanzaro 1929 vs Sampdoria,2026-01-25 11:15:00,X2,1.626,1.5455,,,,,0.0002359426054680556,35,0.017295670537308912,0.014130998463863948,betfair_ex_uk,35,0.0805,2.69,3.52,Serie B,Doble Chance,1.4517,betfair_ex_uk:1.626; betfair_ex_eu:1.626; betfair_ex_au:1.626; pinnacle:1.6123; smarkets:1.6082; unibet_uk:1.5866; codere_it:1.5866; marathonbet:1.5838; draftkings:1.5827; betmgm:1.56; sport888:1.56; williamhill:1.56; bovada:1.5576; tipico_de:1.5504; fanduel:1.5484; betway:1.5484; betsson:1.5366; nordicbet:1.5366; unibet:1.5246; leovegas_se:1.5246; casumo:1.5246; unibet_nl:1.5246; grosvenor:1.5246; unibet_se:1.5246; tabtouch:1.5246; leovegas:1.5246; pointsbetau:1.5246; paddypower:1.5246; winamax_de:1.5246; virginbet:1.4996; coral:1.4983; ladbrokes_uk:1.4983; betclic_fr:1.4866; winamax_fr:1.4746; skybet:1.4694
Argentinos Juniors vs Sarmiento de Junin,2026-01-25 19:00:00,1X,1.0924,1.0683,,,,,0.0012254348293746083,23,0.017970062751125414,0.014426200781668177,betfair_ex_uk,23,0.0241,1.88,3.17,Primera División,Doble Chance,1.3186,betfair_ex_uk:1.0924; betfair_ex_eu:1.0924; pinnacle:1.0916; smarkets:1.0833; ladbrokes_uk:1.0833; betmgm:1.0833; bovada:1.0794; draftkings:1.0794; nordicbet:1.0781; betsson:1.0781; betway:1.0755; unibet:1.075; unibet_se:1.075; fanduel:1.0729; skybet:1.0714; betfair_ex_au:1.0681; marathonbet:1.0652; leovegas_se:1.0517; winamax_de:1.0457; paddypower:1.0443; virginbet:1.0374; betclic_fr:1.0298; winamax_fr:1.0183
Argentinos Juniors vs Sarmiento de Junin,2026-01-25 19:00:00,X2,2.7068,2.5223,,,,,0.00021134658079057888,23,0.01675315693739303,0.012961283049960864,betfair_ex_uk,23,0.1845,4.2,3.17,Primera División,Doble Chance,1.3186,betfair_ex_uk:2.7068; betfair_ex_eu:2.7068; unibet:2.6667; unibet_se:2.6667; smarkets:2.6634; fanduel:2.5658; leovegas_se:2.5658; pinnacle:2.5452; virginbet:2.5441; nordicbet:2.5297; betsson:2.5297; marathonbet:2.5221; ladbrokes_uk:2.5046; betmgm:2.5046; bovada:2.4839; draftkings:2.4839; paddypower:2.463; betfair_ex_au:2.4443; skybet:2.4419; winamax_de:2.4107; betway:2.3981; betclic_fr:2.3816; winamax_fr:2.2843
Lille vs Strasbourg,2026-01-25 14:45:00,Over 2.5,1.84,1.798,2.588897977322424e-05,15,0.005983453009675023,0.005377118756043734,6.782263210935649e-05,15,0.009623100940346267,0.008063545027708325,pinnacle,15,0.042,1.7,2.89,Ligue 1,Goles (Over/Under),1.2595,pinnacle:1.84; nordicbet:1.82; betsson:1.82; grosvenor:1.82; leovegas:1.81; leovegas_se:1.81; casumo:1.81; unibet_nl:1.81; unibet_se:1.81; tabtouch:1.81; unibet:1.81; tipico_de:1.77; williamhill:1.75; codere_it:1.74; betmgm:1.74
Lille vs Strasbourg,2026-01-25 14:45:00,Under 2.5,2.06,1.9653,2.588897977322424e-05,15,0.005983453009675045,0.005377118756043745,5.2223204903463925e-05,15,0.008507508576053696,0.007093644575378155,pinnacle,15,0.0947,1.71,2.89,Ligue 1,Goles (Over/Under),1.2595,pinnacle:2.06; williamhill:2.0; tipico_de:2.0; nordicbet:1.98; betsson:1.98; betmgm:1.98; grosvenor:1.95; unibet:1.95; codere_it:1.94; leovegas:1.94; leovegas_se:1.94; casumo:1.94; unibet_nl:1.94; unibet_se:1.94; tabtouch:1.94
Nacional vs Rio Ave FC,2026-01-25 10:30:00,Over 2.5,1.98,1.9493,9.443396382418876e-05,15,0.011428174962084418,0.01114849948174494,3.836830489751977e-05,15,0.007289324303027803,0.0066147181372257615,pinnacle,15,0.0307,1.41,3.7,Primeira Liga,Goles (Over/Under),1.1703,pinnacle:1.98; unibet_nl:1.97; unibet_se:1.97; leovegas_se:1.97; casumo:1.97; grosvenor:1.97; unibet:1.97; tabtouch:1.97; leovegas:1.96; bovada:1.95; nordicbet:1.92; betsson:1.92; williamhill:1.91; betmgm:1.91; tipico_de:1.9
Nacional vs Rio Ave FC,2026-01-25 10:30:00,Under 2.5,1.88,1.7653,9.443396382418876e-05,15,0.011428174962084429,0.011148499481744952,0.00031229407552233146,15,0.02063725219276013,0.01919530873363665,pinnacle,15,0.1147,3.71,3.7,Primeira Liga,Goles (Over/Under),1.1703,pinnacle:1.88; bovada:1.87; tipico_de:1.85; nordicbet:1.82; betsson:1.82; williamhill:1.8; betmgm:1.77; unibet_nl:1.71; unibet_se:1.71; leovegas_se:1.71; casumo:1.71; grosvenor:1.71; unibet:1.71; tabtouch:1.71; leovegas:1.7
CA Tigre BA vs Estudiantes de Río Cuarto,2026-01-25 19:00:00,X2,1.8312,1.745,,,,,0.000231144683714534,23,0.01769175009116512,0.015210873285933228,betfair_ex_au,23,0.0862,3.08,3.63,Primera División,Doble Chance,1.0551,betfair_ex_au:1.8312; betfair_ex_eu:1.8312; betfair_ex_uk:1.8312; unibet:1.8013; unibet_se:1.8013; smarkets:1.7858; fanduel:1.7838; leovegas_se:1.7755; pinnacle:1.7723; bovada:1.766; marathonbet:1.7482; virginbet:1.7413; draftkings:1.7297; skybet:1.7155; paddypower:1.7155; ladbrokes_uk:1.7143; winamax_de:1.6986; betsson:1.6979; nordicbet:1.6979; betmgm:1.6978; betclic_fr:1.6882; betway:1.68; winamax_fr:1.6299
Hearts vs Celtic,2026-01-25 10:00:00,Over 2.5,1.84,1.7969,4.658147194205138e-05,16,0.008029691590270583,0.007344095547956855,5.0879581908685055e-05,16,0.008337507612150715,0.007083756547265618,pinnacle,16,0.0431,1.48,3.85,Premiership,Goles (Over/Under),1.0494,pinnacle:1.84; betsson:1.82; nordicbet:1.82; unibet_se:1.81; unibet_nl:1.81; unibet:1.81; leovegas:1.81; tabtouch:1.81; grosvenor:1.81; casumo:1.81; leovegas_se:1.79; bovada:1.78; codere_it:1.77; tipico_de:1.77; williamhill:1.75; betmgm:1.74
Anderlecht vs Dender,2026-01-25 12:30:00,X2,2.6714,2.5221,,,,,0.00021627847148893124,32,0.016992653142184684,0.01305868256146871,betfair_ex_au,32,0.1493,4.13,3.66,Belgium First Div,Doble Chance,0.9945,betfair_ex_au:2.6714; betfair_ex_uk:2.6714; betfair_ex_eu:2.6714; smarkets:2.64; pinnacle:2.6091; unibet_se:2.6074; unibet_nl:2.6074; nordicbet:2.5907; betsson:2.5907; grosvenor:2.5898; leovegas:2.5898; casumo:2.5898; tipico_de:2.5714; unibet:2.5474; tabtouch:2.5474; leovegas_se:2.5298; pointsbetau:2.5298; ladbrokes_uk:2.5244; coral:2.5244; betmgm:2.5244; marathonbet:2.5215; bovada:2.5049; draftkings:2.5049; virginbet:2.4874; unibet_uk:2.4765; skybet:2.4; paddypower:2.4; winamax_de:2.3814; williamhill:2.3673; sport888:2.359; betclic_fr:2.3325; winamax_fr:2.2448
Atromitos Athens vs Panathinaikos,2026-01-25 12:30:00,Under 2.5,1.8,1.6677,3.749920233070762e-05,13,0.007178036424348606,0.005202047192694263,0.0001399051026619179,13,0.013732388390695918,0.00881577314167077,bovada,13,0.1323,2.43,4.34,Super League,Goles (Over/Under),0.9009,bovada:1.8; williamhill:1.7; tipico_de:1.67; codere_it:1.66; unibet_se:1.65; unibet_nl:1.65; grosvenor:1.65; leovegas_se:1.65; leovegas:1.65; unibet:1.65; casumo:1.65; tabtouch:1.65; betmgm:1.65
Fenerbahce vs Goztepe,2026-01-25 12:00:00,Over 2.5,1.9,1.8175,2.828190901710065e-06,12,0.0019797112624448943,0.0011511740664145824,6.178585326904917e-05,12,0.009221030042354927,0.006761840539186899,pinnacle,12,0.0825,1.73,4.18,Super League,Goles (Over/Under),0.8589,pinnacle:1.9; bovada:1.87; codere_it:1.82; betsson:1.81; nordicbet:1.81; unibet:1.8; casumo:1.8; leovegas_se:1.8; unibet_se:1.8; tabtouch:1.8; leovegas:1.8; grosvenor:1.8
VfL Osnabrück vs TSV 1860 München,2026-01-25 10:30:00,Over 2.5,1.92,1.8071,2.7043395075983198e-05,14,0.006122603084913869,0.0057211921702625245,0.00022195422991921137,14,0.017453806668600892,0.016298225263865058,pinnacle,14,0.1129,3.22,5.27,3. Liga,Goles (Over/Under),0.8368,pinnacle:1.92; tipico_de:1.9; bovada:1.87; nordicbet:1.85; betsson:1.85; codere_it:1.83; grosvenor:1.76; unibet_se:1.76; casumo:1.76; leovegas_se:1.76; unibet_nl:1.76; leovegas:1.76; unibet:1.76; tabtouch:1.76
VfL Osnabrück vs TSV 1860 München,2026-01-25 10:30:00,Under 2.5,1.88,1.8421,2.7043395075983198e-05,14,0.006122603084913818,0.005721192170262477,1.5166261182327197e-05,14,0.004570337740832493,0.003732681704675754,pinnacle,14,0.0379,0.85,5.27,3. Liga,Goles (Over/Under),0.8368,pinnacle:1.88; bovada:1.87; tipico_de:1.85; nordicbet:1.85; betsson:1.85; codere_it:1.84; unibet:1.84; grosvenor:1.83; unibet_se:1.83; casumo:1.83; leovegas_se:1.83; unibet_nl:1.83; leovegas:1.83; tabtouch:1.83
OFI Crete vs Panetolikos Agrinio,2026-01-25 11:00:00,Under 2.5,1.82,1.765,2.2584534036772384e-05,16,0.005584996577230173,0.004475699058321764,4.538211100429806e-05,16,0.00786589802625389,0.005934362674156202,bovada,16,0.055,1.4,4.45,Super League,Goles (Over/Under),0.7303,bovada:1.82; pinnacle:1.81; nordicbet:1.79; betsson:1.79; casumo:1.76; grosvenor:1.76; tabtouch:1.76; unibet:1.76; leovegas:1.76; unibet_nl:1.76; leovegas_se:1.76; unibet_se:1.76; tipico_de:1.75; betmgm:1.74; codere_it:1.73; williamhill:1.73
Boca Juniors vs Deportivo Riestra,2026-01-25 16:30:00,X2,2.5096,2.3407,,,,,0.0002791226621317795,24,0.019481788368717706,0.014604874584334647,smarkets,24,0.1689,4.46,4.36,Primera División,Doble Chance,0.7225,smarkets:2.5096; betfair_ex_uk:2.5064; betfair_ex_eu:2.5064; betfair_ex_au:2.5064; pinnacle:2.425; fanduel:2.3774; nordicbet:2.3751; betsson:2.3751; unibet:2.369; unibet_se:2.369; marathonbet:2.3624; ladbrokes_uk:2.3578; draftkings:2.3374; leovegas_se:2.3265; betmgm:2.3241; unibet_uk:2.3168; bovada:2.3043; paddypower:2.275; virginbet:2.275; betway:2.25; skybet:2.2436; winamax_de:2.2105; betclic_fr:2.2037; winamax_fr:2.0698
Brest vs Toulouse,2026-01-25 11:15:00,Over 2.5,2.16,2.0936,1.259709863464763e-05,14,0.004153983147259476,0.0032788030297448106,3.719133681406129e-05,14,0.0071711711600791475,0.005877330159858922,codere_it,14,0.0664,1.52,3.77,Ligue 1,Goles (Over/Under),0.6923,codere_it:2.16; tipico_de:2.15; nordicbet:2.12; betsson:2.12; grosvenor:2.1; tabtouch:2.08; unibet:2.08; leovegas:2.08; leovegas_se:2.08; casumo:2.08; unibet_nl:2.08; unibet_se:2.08; williamhill:2.05; betmgm:2.05
Brest vs Toulouse,2026-01-25 11:15:00,Under 2.5,1.74,1.7064,1.259709863464763e-05,14,0.004153983147259468,0.0032788030297447907,1.9677057024641805e-05,14,0.005142758501500649,0.0035575720934506055,codere_it,14,0.0336,0.88,3.77,Ligue 1,Goles (Over/Under),0.6923,codere_it:1.74; grosvenor:1.72; tabtouch:1.71; unibet:1.71; leovegas:1.71; leovegas_se:1.71; casumo:1.71; unibet_nl:1.71; unibet_se:1.71; williamhill:1.7; nordicbet:1.7; betsson:1.7; betmgm:1.69; tipico_de:1.67
VfL Osnabrück vs TSV 1860 München,2026-01-25 10:30:00,X2,1.872,1.7107,,,,,0.00024258550599909825,24,0.018069067488526058,0.010944729343755746,tipico_de,24,0.1613,3.14,6.05,3. Liga,Doble Chance,0.676,tipico_de:1.872; pinnacle:1.8154; betvictor:1.7486; unibet_uk:1.7374; nordicbet:1.7246; betsson:1.7246; bovada:1.7246; leovegas:1.7217; virginbet:1.7102; grosvenor:1.7102; unibet_se:1.7102; casumo:1.7102; leovegas_se:1.7102; unibet_nl:1.7102; unibet:1.7102; tabtouch:1.7102; betway:1.7; codere_it:1.6996; paddypower:1.6985; winamax_de:1.675; sport888:1.6716; ladbrokes_uk:1.6374; coral:1.6374; skybet:1.5866
OFI Crete vs Panetolikos Agrinio,2026-01-25 11:00:00,X2,1.8086,1.6951,,,,,0.00023002734662124521,32,0.01752686106100804,0.012411507805161964,pinnacle,32,0.1135,2.95,5.8,Super League,Doble Chance,0.6569,pinnacle:1.8086; smarkets:1.8; nordicbet:1.7553; betsson:1.7553; fanduel:1.7486; bovada:1.7411; draftkings:1.7411; tipico_de:1.7371; betmgm:1.7217; paddypower:1.6985; casumo:1.6967; grosvenor:1.6967; tabtouch:1.6967; unibet:1.6967; leovegas:1.6967; unibet_nl:1.6967; unibet_se:1.6967; codere_it:1.6941; sport888:1.6868; williamhill:1.6868; leovegas_se:1.683; winamax_de:1.6716; virginbet:1.6716; betfair_ex_uk:1.6657; betfair_ex_eu:1.6657; betfair_ex_au:1.6657; betway:1.6617; betclic_fr:1.6523; ladbrokes_uk:1.6485; coral:1.6485; winamax_fr:1.5965; skybet:1.56
Fenerbahce vs Goztepe,2026-01-25 12:00:00,Under 2.5,1.95,1.8967,2.828190901710065e-06,12,0.001979711262444889,0.0011511740664145315,3.193448083581806e-05,12,0.006646020624675136,0.005649727001709469,bovada,12,0.0533,1.28,4.76,Super League,Goles (Over/Under),0.6324,bovada:1.95; pinnacle:1.94; betsson:1.91; nordicbet:1.91; codere_it:1.89; unibet:1.88; casumo:1.88; leovegas_se:1.88; unibet_se:1.88; tabtouch:1.88; leovegas:1.88; grosvenor:1.88
SC Freiburg vs 1. FC Köln,2026-01-25 11:30:00,Under 2.5,2.05,1.9508,2.3106851704368635e-05,13,0.005653837478001792,0.00451290711797052,7.35977852164075e-05,13,0.010098482676418538,0.008212679778604468,codere_it,13,0.0992,2.02,4.03,Bundesliga,Goles (Over/Under),0.6228,codere_it:2.05; tipico_de:2.0; betsson:1.98; nordicbet:1.98; leovegas_se:1.95; grosvenor:1.94; unibet_se:1.93; tabtouch:1.93; casumo:1.93; unibet_nl:1.93; leovegas:1.92; williamhill:1.91; betmgm:1.91
Paris FC vs Angers,2026-01-25 11:15:00,Under 2.5,1.79,1.7136,0.0001223929542216368,14,0.012966976392932109,0.01274085146772557,0.00013623712747326297,14,0.0135615309489541,0.012963203606136484,codere_it,14,0.0764,2.35,3.94,Ligue 1,Goles (Over/Under),0.6117,codere_it:1.79; tipico_de:1.77; williamhill:1.75; nordicbet:1.75; betsson:1.75; betmgm:1.74; unibet_se:1.68; unibet:1.68; tabtouch:1.68; leovegas_se:1.68; casumo:1.68; unibet_nl:1.68; leovegas:1.68; grosvenor:1.68
OFI Crete vs Panetolikos Agrinio,2026-01-25 11:00:00,1X,1.2789,1.2233,,,,,0.00036882295239479507,32,0.017209920868404744,0.01352156550018874,fanduel,32,0.0556,2.08,5.97,Super League,Doble Chance,0.6097,fanduel:1.2789; betmgm:1.2645; nordicbet:1.2568; betsson:1.2568; paddypower:1.2453; betway:1.2381; casumo:1.2381; grosvenor:1.2381; tabtouch:1.2381; unibet:1.2381; leovegas:1.2381; unibet_nl:1.2381; unibet_se:1.2381; draftkings:1.2381; pinnacle:1.2275; codere_it:1.2193; bovada:1.2187; sport888:1.2157; williamhill:1.2157; leovegas_se:1.2155; smarkets:1.212; virginbet:1.2117; ladbrokes_uk:1.2117; coral:1.2117; tipico_de:1.2117; winamax_de:1.2078; betfair_ex_uk:1.2045; betfair_ex_eu:1.2045; betfair_ex_au:1.2045; skybet:1.1818; betclic_fr:1.1706; winamax_fr:1.1554
Alavés vs Real Betis,2026-01-25 15:00:00,Under 2.5,1.65,1.5815,6.997457553019734e-05,13,0.009692441693291481,0.008580467833121342,9.656451054109644e-05,13,0.011190184133890998,0.009868098914443691,codere_it,13,0.0685,1.8,4.08,La Liga,Goles (Over/Under),0.6054,codere_it:1.65; williamhill:1.62; tipico_de:1.6; nordicbet:1.6; betsson:1.6; grosvenor:1.57; leovegas_se:1.56; unibet_nl:1.56; casumo:1.56; leovegas:1.56; tabtouch:1.56; unibet:1.56; unibet_se:1.56
Atromitos Athens vs Panathinaikos,2026-01-25 12:30:00,1X,2.246,2.1306,,,,,0.00017522587700132954,32,0.015561530240841328,0.01225398331395207,nordicbet,32,0.1154,3.24,5.87,Super League,Doble Chance,0.5877,nordicbet:2.246; betsson:2.246; fanduel:2.2436; betmgm:2.1875; draftkings:2.1875; pinnacle:2.1772; paddypower:2.1758; smarkets:2.1727; bovada:2.1591; betfair_ex_eu:2.1575; betfair_ex_uk:2.1575; betfair_ex_au:2.1575; unibet_se:2.1538; unibet_nl:2.1538; grosvenor:2.1538; leovegas:2.1538; unibet:2.1538; casumo:2.1538; tabtouch:2.1538; tipico_de:2.1389; winamax_de:2.1273; leovegas_se:2.1201; codere_it:2.1097; virginbet:2.1051; betclic_fr:2.065; sport888:2.0588; williamhill:2.0588; winamax_fr:2.0414; ladbrokes_uk:2.0241; coral:2.0241; betway:2.0152; skybet:1.9472
Real Sociedad vs Celta Vigo,2026-01-25 12:30:00,Over 2.5,2.06,1.9914,3.876951060513916e-05,14,0.0073154230548953545,0.006392544895273554,4.4967702860677264e-05,14,0.007894941668435573,0.006864320050630991,codere_it,14,0.0686,1.6,4.1,La Liga,Goles (Over/Under),0.5829,codere_it:2.06; williamhill:2.05; nordicbet:2.02; betsson:2.02; tipico_de:2.0; betmgm:1.98; grosvenor:1.97; unibet:1.97; tabtouch:1.97; unibet_se:1.97; casumo:1.97; leovegas_se:1.97; unibet_nl:1.97; leovegas:1.96
Real Sociedad vs Celta Vigo,2026-01-25 12:30:00,Under 2.5,1.8,1.7779,3.876951060513916e-05,14,0.00731542305489534,0.00639254489527353,7.160801107030203e-05,14,0.009866996947401233,0.008222250023686262,codere_it,14,0.0221,1.72,4.1,La Liga,Goles (Over/Under),0.5829,codere_it:1.8; grosvenor:1.8; unibet:1.8; tabtouch:1.8; unibet_se:1.8; casumo:1.8; leovegas_se:1.8; unibet_nl:1.8; leovegas:1.78; tipico_de:1.77; nordicbet:1.75; betsson:1.75; betmgm:1.74; williamhill:1.7
Anderlecht vs Dender,2026-01-25 12:30:00,Under 2.5,2.12,2.0457,1.0064428333617816e-05,14,0.003723001435836734,0.0027148758064666884,3.271792357572238e-05,14,0.0067316875423473425,0.005267334427751712,bovada,14,0.0743,1.39,4.31,Belgium First Div,Goles (Over/Under),0.5824,bovada:2.12; unibet:2.06; grosvenor:2.06; casumo:2.06; unibet_se:2.06; unibet_nl:2.06; tipico_de:2.05; williamhill:2.05; tabtouch:2.04; leovegas:2.02; leovegas_se:2.02; nordicbet:2.02; betsson:2.02; betmgm:2.0
Wehen Wiesbaden vs SC Verl,2026-01-25 13:30:00,Over 2.5,1.67,1.6242,9.196911705652079e-07,12,0.0011207950409001255,0.0008369447324911202,4.6924534873731914e-05,12,0.007860284747237605,0.007088038310852446,tipico_de,12,0.0458,1.29,6.39,3. Liga,Goles (Over/Under),0.5743,tipico_de:1.67; nordicbet:1.65; betsson:1.65; codere_it:1.64; grosvenor:1.61; unibet_se:1.61; casumo:1.61; leovegas_se:1.61; unibet:1.61; tabtouch:1.61; leovegas:1.61; unibet_nl:1.61
Wehen Wiesbaden vs SC Verl,2026-01-25 13:30:00,Under 2.5,2.15,2.0633,9.196911705652079e-07,12,0.0011207950409001222,0.0008369447324911156,4.869991044303281e-05,12,0.008209346544113462,0.007202020305915467,tipico_de,12,0.0867,1.73,6.39,3. Liga,Goles (Over/Under),0.5743,tipico_de:2.15; nordicbet:2.1; betsson:2.1; codere_it:2.09; grosvenor:2.04; unibet_se:2.04; casumo:2.04; leovegas_se:2.04; unibet:2.04; tabtouch:2.04; leovegas:2.04; unibet_nl:2.04
Wehen Wiesbaden vs SC Verl,2026-01-25 13:30:00,1X,1.6716,1.5633,,,,,0.00046785175405980486,27,0.024457890902124683,0.02131633344705805,tipico_de,27,0.1083,3.86,6.33,3. Liga,Doble Chance,0.5577,tipico_de:1.6716; betfair_ex_eu:1.6549; betfair_ex_au:1.6549; betfair_ex_uk:1.6549; pinnacle:1.6528; betvictor:1.6154; nordicbet:1.6047; betsson:1.6047; unibet_uk:1.6047; bovada:1.5965; codere_it:1.5795; betway:1.5651; ladbrokes_uk:1.5651; coral:1.5651; winamax_de:1.5544; paddypower:1.5435; leovegas:1.5252; sport888:1.5246; grosvenor:1.5; unibet_se:1.5; casumo:1.5; leovegas_se:1.5; unibet:1.5; tabtouch:1.5; virginbet:1.5; unibet_nl:1.5; skybet:1.4712
Metz vs Lyon,2026-01-25 11:15:00,Over 2.5,1.75,1.7079,4.324587552119513e-06,14,0.00243614276270197,0.0023036938390765815,1.8396504784345462e-05,14,0.004981871245202257,0.003921450920041369,codere_it,14,0.0421,0.86,4.09,Ligue 1,Goles (Over/Under),0.5477,codere_it:1.75; tipico_de:1.72; nordicbet:1.72; betsson:1.72; grosvenor:1.71; williamhill:1.7; casumo:1.7; leovegas:1.7; unibet_nl:1.7; leovegas_se:1.7; unibet_se:1.7; tabtouch:1.7; unibet:1.7; betmgm:1.69
Metz vs Lyon,2026-01-25 11:15:00,Under 2.5,2.13,2.0936,4.324587552119513e-06,14,0.0024361427627019447,0.0023036938390765577,1.77976845546139e-05,14,0.004962854632497423,0.003761838909533977,codere_it,14,0.0364,1.03,4.09,Ligue 1,Goles (Over/Under),0.5477,codere_it:2.13; grosvenor:2.12; tipico_de:2.1; casumo:2.1; leovegas:2.1; unibet_nl:2.1; leovegas_se:2.1; unibet_se:2.1; tabtouch:2.1; unibet:2.1; nordicbet:2.08; betsson:2.08; williamhill:2.05; betmgm:2.05
Atromitos Athens vs Panathinaikos,2026-01-25 12:30:00,X2,1.1469,1.1056,,,,,0.0008520869565311965,32,0.019265849441161886,0.014631816255577714,pinnacle,32,0.0413,2.1,6.17,Super League,Doble Chance,0.5105,pinnacle:1.1469; nordicbet:1.1362; betsson:1.1362; betmgm:1.1313; draftkings:1.1313; sport888:1.1306; williamhill:1.1306; bovada:1.1259; betway:1.1214; betfair_ex_eu:1.1171; betfair_ex_uk:1.1171; betfair_ex_au:1.1171; fanduel:1.1121; paddypower:1.1077; tipico_de:1.1074; unibet_se:1.1027; unibet_nl:1.1027; grosvenor:1.1027; leovegas:1.1027; unibet:1.1027; casumo:1.1027; tabtouch:1.1027; codere_it:1.0982; winamax_de:1.0981; ladbrokes_uk:1.098; coral:1.098; leovegas_se:1.079; virginbet:1.079; winamax_fr:1.0647; smarkets:1.0643; betclic_fr:1.057; skybet:1.0546
US Catanzaro 1929 vs Sampdoria,2026-01-25 11:15:00,Over 2.5,2.31,2.2364,2.2113705439340528e-05,14,0.005447081682353202,0.004967784812765964,5.8101140376595525e-05,14,0.0089189910273828,0.008255965665016225,codere_it,14,0.0736,2.02,5.79,Serie B,Goles (Over/Under),0.4663,codere_it:2.31; betsson:2.3; nordicbet:2.3; williamhill:2.3; betmgm:2.25; tipico_de:2.25; unibet:2.2; leovegas_se:2.2; casumo:2.2; unibet_nl:2.2; grosvenor:2.2; unibet_se:2.2; tabtouch:2.2; leovegas:2.2
US Catanzaro 1929 vs Sampdoria,2026-01-25 11:15:00,Under 2.5,1.6,1.5686,2.2113705439340528e-05,14,0.00544708168235317,0.004967784812765917,1.9830071157996404e-05,14,0.005043607661210454,0.0032564915727613187,codere_it,14,0.0314,0.79,5.79,Serie B,Goles (Over/Under),0.4663,codere_it:1.6; unibet:1.58; leovegas_se:1.57; casumo:1.57; unibet_nl:1.57; grosvenor:1.57; unibet_se:1.57; tabtouch:1.57; leovegas:1.57; betmgm:1.57; williamhill:1.57; betsson:1.55; nordicbet:1.55; tipico_de:1.55
FC St Gallen vs Servette,2026-01-25 10:30:00,Under 2.5,2.21,2.0971,4.230115973552542e-05,14,0.007598164533635901,0.007194879881795077,9.060676246998796e-05,14,0.011189725475517073,0.010200571162180884,codere_it,14,0.1129,2.39,5.85,Swiss Superleague,Goles (Over/Under),0.4462,codere_it:2.21; williamhill:2.15; tipico_de:2.15; betmgm:2.15; nordicbet:2.12; betsson:2.12; grosvenor:2.06; unibet_se:2.06; unibet_nl:2.06; tabtouch:2.06; leovegas:2.06; casumo:2.06; unibet:2.06; leovegas_se:2.04
KV Mechelen vs Westerlo,2026-01-25 13:15:00,X2,1.4918,1.4351,,,,,0.00030139512405937436,32,0.018640584493102415,0.014566207503830596,unibet_se,32,0.0567,2.63,5.06,Belgium First Div,Doble Chance,0.4111,unibet_se:1.4918; unibet_nl:1.4918; coral:1.4819; betmgm:1.4819; betfair_ex_eu:1.4782; betfair_ex_uk:1.4782; betfair_ex_au:1.4708; casumo:1.4662; leovegas:1.4662; grosvenor:1.4662; ladbrokes_uk:1.4557; unibet:1.4407; leovegas_se:1.4407; tabtouch:1.4407; smarkets:1.44; bovada:1.44; unibet_uk:1.44; pinnacle:1.4355; draftkings:1.4319; virginbet:1.425; nordicbet:1.4237; betsson:1.4237; pointsbetau:1.4237; marathonbet:1.4199; tipico_de:1.4034; skybet:1.4; sport888:1.4; williamhill:1.4; winamax_de:1.3957; paddypower:1.3719; betclic_fr:1.3618; winamax_fr:1.3357
Rangers vs Dundee FC,2026-01-25 10:00:00,Over 3.0,2.02,1.945,9.81070429672804e-05,2,0.011658031088082887,0.011658031088082887,0.00028475274214242096,2,0.019854926669137463,0.019854926669137463,pinnacle,2,0.075,3.86,3.85,Premiership,Goles (Over/Under),0.4026,pinnacle:2.02; bovada:1.87
Nacional vs Rio Ave FC,2026-01-25 10:30:00,1X,1.354,1.2981,,,,,0.00020030713620943874,34,0.014095553325394325,0.01044900849667468,coral,34,0.0559,1.85,5.11,Primeira Liga,Doble Chance,0.3875,coral:1.354; betfair_ex_eu:1.3431; betfair_ex_au:1.3431; betfair_ex_uk:1.3431; ladbrokes_uk:1.3378; betmgm:1.3378; smarkets:1.3058; pinnacle:1.3021; fanduel:1.3018; paddypower:1.3018; betway:1.3018; draftkings:1.3018; casumo:1.3012; grosvenor:1.3012; tabtouch:1.2976; unibet_nl:1.294; unibet_se:1.294; unibet:1.294; pointsbetau:1.294; betclic_fr:1.2938; bovada:1.2871; skybet:1.286; sport888:1.286; williamhill:1.286; marathonbet:1.284; nordicbet:1.2831; betsson:1.2831; leovegas_se:1.2824; leovegas:1.2824; tipico_de:1.2789; virginbet:1.2752; betvictor:1.2645; winamax_fr:1.2571; winamax_de:1.2571
Deportivo La Coruña vs Real Racing Club de Santander,2026-01-25 15:00:00,X2,1.7496,1.6578,,,,,0.0002840056765180253,33,0.01940471122283585,0.016685968710864786,unibet_se,33,0.0918,3.23,6.17,La Liga 2,Doble Chance,0.3695,unibet_se:1.7496; unibet_nl:1.7496; unibet:1.7496; betfair_ex_eu:1.7302; betfair_ex_uk:1.7302; betfair_ex_au:1.7302; smarkets:1.7051; casumo:1.6996; grosvenor:1.6996; tabtouch:1.6996; leovegas_se:1.6996; pinnacle:1.6793; virginbet:1.6746; leovegas:1.6746; tipico_de:1.6485; nordicbet:1.6466; betsson:1.6466; draftkings:1.6466; pointsbetau:1.6439; marathonbet:1.6398; bovada:1.625; betway:1.6215; winamax_de:1.6215; williamhill:1.6215; betmgm:1.6215; paddypower:1.6154; fanduel:1.6154; codere_it:1.6101; betclic_fr:1.6019; coral:1.5938; ladbrokes_uk:1.5938; skybet:1.5651; winamax_fr:1.5576
Boca Juniors vs Deportivo Riestra,2026-01-25 16:30:00,1X,1.1027,1.0815,,,,,0.0015312828939144081,24,0.020753286608325473,0.016945807918078603,unibet,24,0.0212,2.18,5.5,Primera División,Doble Chance,0.3655,unibet:1.1027; pinnacle:1.1026; ladbrokes_uk:1.1023; betmgm:1.1023; unibet_uk:1.0981; betfair_ex_uk:1.0978; betfair_ex_eu:1.0978; betfair_ex_au:1.0978; bovada:1.0978; unibet_se:1.0978; draftkings:1.0978; betway:1.0932; smarkets:1.0924; nordicbet:1.088; betsson:1.088; marathonbet:1.0804; leovegas_se:1.0789; skybet:1.0646; virginbet:1.0598; fanduel:1.0588; paddypower:1.05; winamax_de:1.05; betclic_fr:1.0455; winamax_fr:1.0122
AS Roma vs AC Milan,2026-01-25 14:45:00,Over 2.5,2.25,2.1669,6.865787445823765e-05,13,0.009674883067915882,0.008738236221737711,0.00011612358028988248,13,0.012655469528731405,0.011454652423728352,leovegas_se,13,0.0831,2.7,5.05,Serie A,Goles (Over/Under),0.3584,leovegas_se:2.25; grosvenor:2.23; tipico_de:2.2; unibet_se:2.2; casumo:2.2; tabtouch:2.2; unibet_nl:2.2; leovegas:2.2; nordicbet:2.12; betsson:2.12; codere_it:2.1; betmgm:2.1; williamhill:2.05
Genk vs Cercle Brugge KSV,2026-01-25 10:00:00,Under 2.5,2.15,2.0692,1.9374750615475782e-05,13,0.0051569941350739085,0.004551521236305572,5.1313956198186584e-05,13,0.008427274265172788,0.006846996982914287,bovada,13,0.0808,1.76,4.99,Belgium First Div,Goles (Over/Under),0.3527,bovada:2.15; nordicbet:2.11; betsson:2.11; tipico_de:2.1; unibet:2.06; casumo:2.06; grosvenor:2.06; unibet_nl:2.06; unibet_se:2.06; betmgm:2.05; tabtouch:2.04; leovegas_se:2.02; leovegas:2.02
Brest vs Toulouse,2026-01-25 11:15:00,Over 2.25,1.92,1.895,2.9507585133773696e-06,2,0.002022234484986285,0.002022234484986285,3.508392103761032e-05,2,0.0069630124777183,0.0069630124777183,pinnacle,2,0.025,1.32,2.84,Ligue 1,Goles (Over/Under),0.338,pinnacle:1.92; bovada:1.87
Brest vs Toulouse,2026-01-25 11:15:00,Under 2.25,1.97,1.96,2.9507585133773696e-06,2,0.002022234484986285,0.002022234484986285,4.89021213033637e-06,2,0.0026031498112716878,0.0026031498112716878,pinnacle,2,0.01,0.51,2.84,Ligue 1,Goles (Over/Under),0.338,pinnacle:1.97; bovada:1.95
Arsenal vs Manchester United,2026-01-25 11:30:00,Over 2.75,1.92,1.895,2.9507585133773696e-06,2,0.002022234484986285,0.002022234484986285,3.508392103761032e-05,2,0.0069630124777183,0.0069630124777183,pinnacle,2,0.025,1.32,2.84,EPL,Goles (Over/Under),0.338,pinnacle:1.92; bovada:1.87
Arsenal vs Manchester United,2026-01-25 11:30:00,Under 2.75,1.97,1.96,2.9507585133773696e-06,2,0.002022234484986285,0.002022234484986285,4.89021213033637e-06,2,0.0026031498112716878,0.0026031498112716878,pinnacle,2,0.01,0.51,2.84,EPL,Goles (Over/Under),0.338,pinnacle:1.97; bovada:1.95
AS Roma vs AC Milan,2026-01-25 14:45:00,Over 2.25,1.96,1.945,3.432436299385228e-07,2,0.0006897804815677588,0.0006897804815677588,1.1351603578714075e-05,2,0.003965316696626864,0.003965316696626864,pinnacle,2,0.015,0.77,2.83,Serie A,Goles (Over/Under),0.3357,pinnacle:1.96; bovada:1.93
AS Roma vs AC Milan,2026-01-25 14:45:00,Under 2.25,1.93,1.91,3.432436299385228e-07,2,0.0006897804815676478,0.0006897804815676478,2.173460630773864e-05,2,0.005482907037311191,0.005482907037311191,pinnacle,2,0.02,1.05,2.83,Serie A,Goles (Over/Under),0.3357,pinnacle:1.93; bovada:1.89
Metz vs Lyon,2026-01-25 11:15:00,Over 2.75,1.96,1.935,2.6814901662392866e-06,2,0.0019280205655526905,0.0019280205655526905,3.220800313128661e-05,2,0.006678063895715347,0.006678063895715347,pinnacle,2,0.025,1.29,2.83,Ligue 1,Goles (Over/Under),0.3322,pinnacle:1.96; bovada:1.91
Metz vs Lyon,2026-01-25 11:15:00,Under 2.75,1.93,1.92,2.6814901662392866e-06,2,0.001928020565552746,0.001928020565552746,5.317685094798834e-06,2,0.0027127471990884833,0.0027127471990884833,pinnacle,2,0.01,0.52,2.83,Ligue 1,Goles (Over/Under),0.3322,pinnacle:1.93; bovada:1.91
FC St Gallen vs Servette,2026-01-25 10:30:00,Over 2.5,1.67,1.6464,4.230115973552542e-05,14,0.0075981645336359194,0.007194879881795092,3.990144194210057e-05,14,0.007254549530558851,0.006488584701715943,tipico_de,14,0.0236,1.18,6.39,Swiss Superleague,Goles (Over/Under),0.3239,tipico_de:1.67; grosvenor:1.66; unibet_se:1.66; unibet_nl:1.66; tabtouch:1.66; leovegas:1.66; casumo:1.66; unibet:1.66; codere_it:1.65; leovegas_se:1.64; nordicbet:1.62; betsson:1.62; williamhill:1.62; betmgm:1.61
Hearts vs Celtic,2026-01-25 10:00:00,Under 2.5,2.02,1.9163,4.658147194205138e-05,16,0.008029691590270647,0.007344095547956918,0.0001298343972277812,16,0.013405969181421205,0.010957752748477947,codere_it,16,0.1037,2.63,6.0,Premiership,Goles (Over/Under),0.315,codere_it:2.02; pinnacle:2.02; bovada:1.98; williamhill:1.95; tipico_de:1.93; betsson:1.92; nordicbet:1.92; betmgm:1.91; unibet_se:1.88; unibet_nl:1.88; unibet:1.88; leovegas:1.88; tabtouch:1.88; grosvenor:1.88; casumo:1.88; leovegas_se:1.85
Real Sociedad vs Celta Vigo,2026-01-25 12:30:00,Over 2.25,1.83,1.815,4.495097624888076e-08,2,0.00024911150230844115,0.00024911150230844115,1.5115876351112236e-05,2,0.004553734061930825,0.004553734061930825,pinnacle,2,0.015,0.83,2.72,La Liga,Goles (Over/Under),0.2978,pinnacle:1.83; bovada:1.8
Real Sociedad vs Celta Vigo,2026-01-25 12:30:00,Under 2.25,2.08,2.065,4.495097624888076e-08,2,0.00024911150230844115,0.00024911150230844115,8.935689842070249e-06,2,0.003517823639774903,0.003517823639774903,pinnacle,2,0.015,0.73,2.72,La Liga,Goles (Over/Under),0.2978,pinnacle:2.08; bovada:2.05
Alavés vs Real Betis,2026-01-25 15:00:00,Over 2.25,2.06,2.02,2.280578961402248e-05,2,0.005616924415880048,0.005616924415880048,6.938854199078936e-05,2,0.00980680592331079,0.00980680592331079,pinnacle,2,0.04,1.98,2.89,La Liga,Goles (Over/Under),0.2907,pinnacle:2.06; bovada:1.98
SC Freiburg vs 1. FC Köln,2026-01-25 11:30:00,Over 2.75,2.05,2.035,2.9023982784585466e-08,2,0.00020032051282048435,0.00020032051282048435,9.467840821670084e-06,2,0.0036223134508572563,0.0036223134508572563,pinnacle,2,0.015,0.74,2.83,Bundesliga,Goles (Over/Under),0.2862,pinnacle:2.05; bovada:2.02
SC Freiburg vs 1. FC Köln,2026-01-25 11:30:00,Under 2.75,1.85,1.835,2.9023982784585466e-08,2,0.00020032051282059538,0.00020032051282059538,1.4433867216105786e-05,2,0.004455004455004463,0.004455004455004463,pinnacle,2,0.015,0.82,2.83,Bundesliga,Goles (Over/Under),0.2862,pinnacle:1.85; bovada:1.82
FC Utrecht vs Sparta Rotterdam,2026-01-25 10:45:00,Under 2.5,2.15,2.0093,0.00024880645691729254,14,0.018502659106815155,0.018237646606928063,0.00037083328025416573,14,0.02266460806155514,0.022169362594714744,tipico_de,14,0.1407,4.62,6.39,Eredivisie,Goles (Over/Under),0.277,tipico_de:2.15; nordicbet:2.13; betsson:2.13; williamhill:2.1; betmgm:2.1; codere_it:2.08; unibet:1.93; tabtouch:1.93; leovegas_se:1.93; unibet_se:1.93; unibet_nl:1.93; casumo:1.93; leovegas:1.93; grosvenor:1.93
Arsenal vs Manchester United,2026-01-25 11:30:00,Over 2.5,1.74,1.705,2.3926770303789655e-05,14,0.005721731527408183,0.0048238290962249976,7.435650822332794e-05,14,0.009995261048086259,0.00959456245366749,leovegas,14,0.035,1.7,4.64,EPL,Goles (Over/Under),0.2759,leovegas:1.74; leovegas_se:1.74; unibet_se:1.73; unibet_nl:1.73; tabtouch:1.73; grosvenor:1.73; casumo:1.73; mybookieag:1.69; betmgm:1.69; nordicbet:1.68; betsson:1.68; williamhill:1.67; tipico_de:1.67; codere_it:1.66
Juventus vs Napoli,2026-01-25 12:00:00,Over 2.5,2.55,2.4936,6.25920955127158e-06,11,0.0028525975114834187,0.002047627026724745,2.5627394587614902e-05,11,0.005843642824870359,0.004460365923739102,leovegas_se,11,0.0564,1.45,5.44,Serie A,Goles (Over/Under),0.2757,leovegas_se:2.55; grosvenor:2.55; tipico_de:2.5; leovegas:2.5; unibet_se:2.5; casumo:2.5; tabtouch:2.5; unibet_nl:2.5; williamhill:2.45; betmgm:2.45; codere_it:2.43
Juventus vs Napoli,2026-01-25 12:00:00,Under 2.5,1.51,1.4964,6.25920955127158e-06,11,0.002852597511483369,0.0020476270267247147,1.901496331707112e-05,11,0.004820899085448368,0.003510084012363231,leovegas_se,11,0.0136,0.71,5.44,Serie A,Goles (Over/Under),0.2757,leovegas_se:1.51; williamhill:1.5; tipico_de:1.5; grosvenor:1.5; unibet_se:1.5; casumo:1.5; tabtouch:1.5; unibet_nl:1.5; betmgm:1.5; leovegas:1.48; codere_it:1.47
Juventus vs Napoli,2026-01-25 12:00:00,Over 2.0,1.94,1.935,4.943484707371553e-06,2,0.0026178010471204494,0.0026178010471204494,1.287828170764649e-06,2,0.0013353987500667741,0.0013353987500667741,pinnacle,2,0.005,0.26,3.09,Serie A,Goles (Over/Under),0.2654,pinnacle:1.94; bovada:1.93
Juventus vs Napoli,2026-01-25 12:00:00,Under 2.0,1.94,1.915,4.943484707371553e-06,2,0.002617801047120394,0.002617801047120394,3.3603510180490624e-05,2,0.006818305787377965,0.006818305787377965,pinnacle,2,0.025,1.31,3.09,Serie A,Goles (Over/Under),0.2654,pinnacle:1.94; bovada:1.89
VfL Osnabrück vs TSV 1860 München,2026-01-25 10:30:00,1X,1.258,1.2252,,,,,0.0001661661070411947,24,0.011709289789154297,0.008978218228481863,unibet_uk,24,0.0328,1.43,8.06,3. Liga,Doble Chance,0.2581,unibet_uk:1.258; pinnacle:1.2536; nordicbet:1.2513; betsson:1.2513; tipico_de:1.2436; betway:1.2393; codere_it:1.2365; betvictor:1.2311; bovada:1.223; virginbet:1.2218; leovegas:1.2218; unibet:1.2218; winamax_de:1.2205; ladbrokes_uk:1.2187; coral:1.2187; grosvenor:1.2178; unibet_se:1.2178; casumo:1.2178; leovegas_se:1.2178; unibet_nl:1.2178; tabtouch:1.2178; paddypower:1.2098; sport888:1.1961; skybet:1.1818
Feyenoord vs Heracles Almelo,2026-01-25 10:45:00,Over 3.5,1.9,1.8187,4.885039858782236e-05,15,0.008226354573495229,0.0061683201254136765,0.00015835930347246898,15,0.014754117129103322,0.012905313885149986,betsson,15,0.0813,2.74,6.4,Eredivisie,Goles (Over/Under),0.2484,betsson:1.9; nordicbet:1.9; pinnacle:1.9; bovada:1.89; betmgm:1.83; unibet:1.79; grosvenor:1.79; leovegas:1.79; leovegas_se:1.79; unibet_se:1.79; tabtouch:1.79; casumo:1.79; unibet_nl:1.79; codere_it:1.79; tipico_de:1.75
Famalicão vs Tondela,2026-01-25 13:00:00,Over 2.5,2.05,1.9623,2.2038750555754007e-05,13,0.005513699103145132,0.004147635628706591,5.841190456649513e-05,13,0.00899735235283722,0.007834527465490416,tipico_de,13,0.0877,1.8,6.92,Primeira Liga,Goles (Over/Under),0.2471,tipico_de:2.05; williamhill:2.0; betmgm:2.0; betsson:1.98; nordicbet:1.98; unibet:1.94; grosvenor:1.94; unibet_se:1.94; casumo:1.94; unibet_nl:1.94; tabtouch:1.94; leovegas:1.93; leovegas_se:1.93
Melbourne Victory vs Sydney FC,2026-01-26 01:40:00,Over 2.5,1.68,1.6169,2.8593771046481012e-05,13,0.006239442340819545,0.005043933973653248,8.311012922255621e-05,13,0.010467575201472642,0.007826930903853975,nordicbet,13,0.0631,1.74,6.69,A-League,Goles (Over/Under),0.2451,nordicbet:1.68; betsson:1.68; codere_it:1.62; williamhill:1.62; betmgm:1.62; casumo:1.6; grosvenor:1.6; unibet_nl:1.6; unibet_se:1.6; leovegas_se:1.6; tabtouch:1.6; unibet:1.6; leovegas:1.6
Paris FC vs Angers,2026-01-25 11:15:00,Over 2.25,1.83,1.815,5.222215497858475e-07,2,0.000849150849150937,0.000849150849150937,1.5115876351112236e-05,2,0.004553734061930825,0.004553734061930825,pinnacle,2,0.015,0.83,2.95,Ligue 1,Goles (Over/Under),0.2373,pinnacle:1.83; bovada:1.8
Paris FC vs Angers,2026-01-25 11:15:00,Under 2.25,2.07,2.06,5.222215497858475e-07,2,0.000849150849150826,0.000849150849150826,4.009285294055871e-06,2,0.002356545304583485,0.002356545304583485,pinnacle,2,0.01,0.49,2.95,Ligue 1,Goles (Over/Under),0.2373,pinnacle:2.07; bovada:2.05
CA Tigre BA vs Estudiantes de Río Cuarto,2026-01-25 19:00:00,Over 1.5,1.55,1.5375,2.1560519020353934e-05,4,0.005356754699245346,0.004620515445510814,3.913253216267614e-05,4,0.007007578904982943,0.005885217111450847,unibet,4,0.0125,1.07,6.53,Primera División,Goles (Over/Under),0.2098,unibet:1.55; unibet_se:1.55; betmgm:1.54; leovegas_se:1.51
CA Tigre BA vs Estudiantes de Río Cuarto,2026-01-25 19:00:00,Under 1.5,2.38,2.335,2.1560519020353934e-05,4,0.005356754699245369,0.004620515445510828,7.23121537318518e-05,4,0.00991886863413167,0.00832321483672152,unibet,4,0.045,2.28,6.53,Primera División,Goles (Over/Under),0.2098,unibet:2.38; unibet_se:2.38; leovegas_se:2.33; betmgm:2.25
Barcelona vs Oviedo,2026-01-25 10:15:00,Over 3.5,1.64,1.6233,1.659542481510281e-06,12,0.001499103237579002,0.0013728254851411899,1.7527996369280444e-05,12,0.004786179071703067,0.0036057820822905837,grosvenor,12,0.0167,0.77,5.82,La Liga,Goles (Over/Under),0.201,grosvenor:1.64; unibet:1.63; unibet_se:1.63; leovegas_se:1.63; unibet_nl:1.63; casumo:1.63; tabtouch:1.63; nordicbet:1.62; betsson:1.62; leovegas:1.62; betmgm:1.61; codere_it:1.59
Barcelona vs Oviedo,2026-01-25 10:15:00,Under 3.5,2.23,2.2033,1.659542481510281e-06,12,0.0014991032375789792,0.001372825485141162,6.368691324920771e-06,12,0.002958867056504072,0.002049956121994318,grosvenor,12,0.0267,0.65,5.82,La Liga,Goles (Over/Under),0.201,grosvenor:2.23; nordicbet:2.22; betsson:2.22; unibet:2.2; unibet_se:2.2; leovegas_se:2.2; unibet_nl:2.2; casumo:2.2; leovegas:2.2; tabtouch:2.2; betmgm:2.2; codere_it:2.17
Rangers vs Dundee FC,2026-01-25 10:00:00,1X,1.0617,1.0312,,,,,0.0018434023900013605,30,0.016802843655180855,0.014128092619484138,betmgm,30,0.0305,1.75,5.61,Premiership,Doble Chance,0.1854,betmgm:1.0617; betfair_ex_au:1.061; betfair_ex_eu:1.061; betfair_ex_uk:1.061; smarkets:1.0597; ladbrokes_uk:1.0549; coral:1.0549; pinnacle:1.0449; nordicbet:1.0387; betsson:1.0387; draftkings:1.0335; unibet_uk:1.0318; marathonbet:1.0284; betway:1.0268; pointsbetau:1.0268; unibet_se:1.0268; unibet:1.0268; unibet_nl:1.0268; leovegas:1.0268; williamhill:1.0185; sport888:1.0185; tipico_de:1.0185; casumo:1.0152; grosvenor:1.0152; tabtouch:1.0152; skybet:1.0139; leovegas_se:1.0085; codere_it:1.0084; fanduel:1.0069; bovada:1.0069
SD Eibar vs Almería,2026-01-25 10:15:00,Over 2.5,2.1,2.0143,7.599732627503733e-05,14,0.010218138265896489,0.009653355498695242,0.00012815936599173844,14,0.01332638719234487,0.012710800825654114,williamhill,14,0.0857,2.72,7.5,La Liga 2,Goles (Over/Under),0.1853,williamhill:2.1; betmgm:2.1; betsson:2.08; nordicbet:2.08; tipico_de:2.05; codere_it:2.04; unibet:1.97; casumo:1.97; unibet_nl:1.97; unibet_se:1.97; leovegas:1.97; grosvenor:1.97; tabtouch:1.97; leovegas_se:1.96
Rangers vs Dundee FC,2026-01-25 10:00:00,Under 2.5,2.32,2.3043,1.800615562427753e-05,14,0.004895059784186851,0.004498250827565331,1.6734335542980712e-05,14,0.004778410156765436,0.0038459556473105943,nordicbet,14,0.0157,1.08,7.62,Premiership,Goles (Over/Under),0.1798,nordicbet:2.32; betsson:2.32; unibet_se:2.32; casumo:2.32; unibet:2.32; unibet_nl:2.32; grosvenor:2.32; tabtouch:2.32; leovegas:2.32; williamhill:2.3; leovegas_se:2.3; codere_it:2.28; tipico_de:2.25; betmgm:2.25
Benfica vs CF Estrela,2026-01-25 13:00:00,Over 3.5,2.28,2.17,5.4843537234427595e-05,12,0.008616399369232251,0.0061731112589623605,8.833107331172678e-05,12,0.011018577465427067,0.008593844952359686,betsson,12,0.11,2.46,7.15,Primeira Liga,Goles (Over/Under),0.1748,betsson:2.28; nordicbet:2.28; betmgm:2.2; unibet:2.15; grosvenor:2.15; tabtouch:2.15; casumo:2.15; unibet_se:2.15; unibet_nl:2.15; leovegas_se:2.14; leovegas:2.14; tipico_de:2.1
OFI Crete vs Panetolikos Agrinio,2026-01-25 11:00:00,Over 2.5,2.05,1.9606,2.2584534036772384e-05,16,0.00558499657723016,0.004475699058321764,0.00011653955776702373,16,0.012708095276638695,0.011391290446726657,williamhill,16,0.0894,2.53,6.58,Super League,Goles (Over/Under),0.1702,williamhill:2.05; nordicbet:2.03; betsson:2.03; pinnacle:2.03; bovada:2.02; codere_it:1.95; betmgm:1.95; tipico_de:1.95; casumo:1.92; grosvenor:1.92; tabtouch:1.92; unibet:1.92; leovegas:1.92; unibet_nl:1.92; leovegas_se:1.92; unibet_se:1.92
Anderlecht vs Dender,2026-01-25 12:30:00,1X,1.125,1.1003,,,,,0.000682016161746591,32,0.01681154796273435,0.01380470736456112,ladbrokes_uk,32,0.0247,1.82,6.28,Belgium First Div,Doble Chance,0.1624,ladbrokes_uk:1.125; coral:1.125; betmgm:1.125; betfair_ex_au:1.1242; betfair_ex_uk:1.1242; betfair_ex_eu:1.1242; unibet_uk:1.1154; unibet_se:1.1131; unibet_nl:1.1131; smarkets:1.1131; pinnacle:1.1131; bovada:1.1121; tipico_de:1.108; nordicbet:1.1075; betsson:1.1075; draftkings:1.1066; grosvenor:1.1043; leovegas:1.1043; casumo:1.1043; marathonbet:1.0977; pointsbetau:1.0922; skybet:1.0909; sport888:1.0909; williamhill:1.0909; unibet:1.0899; tabtouch:1.0843; winamax_de:1.0834; leovegas_se:1.0756; betclic_fr:1.0677; virginbet:1.0668; paddypower:1.0588; winamax_fr:1.0499
Melbourne Victory vs Sydney FC,2026-01-26 01:40:00,Under 2.5,2.2,2.1523,2.8593771046481012e-05,13,0.006239442340819491,0.005043933973653201,2.0082681199388823e-05,13,0.005264114469670247,0.003931723815613502,williamhill,13,0.0477,1.13,7.18,A-League,Goles (Over/Under),0.1602,williamhill:2.2; codere_it:2.16; casumo:2.16; grosvenor:2.16; unibet_nl:2.16; unibet_se:2.16; leovegas_se:2.16; tabtouch:2.16; unibet:2.16; leovegas:2.16; nordicbet:2.12; betsson:2.12; betmgm:2.1
Boca Juniors vs Deportivo Riestra,2026-01-25 16:30:00,Over 2.5,2.52,2.4717,1.1494443739286386e-05,6,0.0038725491931760965,0.0029140573750096968,3.9640550714359965e-05,6,0.0072814065054324474,0.006252910474336182,nordicbet,6,0.0483,1.79,6.35,Primera División,Goles (Over/Under),0.148,nordicbet:2.52; betsson:2.52; unibet:2.48; unibet_se:2.48; leovegas_se:2.43; betmgm:2.4
Boca Juniors vs Deportivo Riestra,2026-01-25 16:30:00,Under 2.5,1.5,1.4967,1.1494443739286386e-05,6,0.0038725491931760397,0.00291405737500966,9.211223505123552e-06,6,0.003357459425675367,0.002502502502502446,nordicbet,6,0.0033,0.5,6.35,Primera División,Goles (Over/Under),0.148,nordicbet:1.5; betsson:1.5; unibet:1.5; unibet_se:1.5; betmgm:1.5; leovegas_se:1.48
Boca Juniors vs Deportivo Riestra,2026-01-25 16:30:00,Over 2.0,1.88,1.875,1.1116921462487185e-06,2,0.0012410818435829585,0.0012410818435829585,1.4656208315410972e-06,2,0.0014222323358743516,0.0014222323358743516,pinnacle,2,0.005,0.27,3.7,Primera División,Goles (Over/Under),0.1432,pinnacle:1.88; bovada:1.87
Boca Juniors vs Deportivo Riestra,2026-01-25 16:30:00,Under 2.0,1.98,1.965,1.1116921462487185e-06,2,0.0012410818435830695,0.0012410818435830695,1.0891152574272621e-05,2,0.0038850038850039015,0.0038850038850039015,pinnacle,2,0.015,0.76,3.7,Primera División,Goles (Over/Under),0.1432,pinnacle:1.98; bovada:1.95
US Catanzaro 1929 vs Sampdoria,2026-01-25 11:15:00,1X,1.3468,1.2948,,,,,0.00021660437942054564,35,0.014405171188507671,0.010007191323383067,betmgm,35,0.052,1.85,7.58,Serie B,Doble Chance,0.1385,betmgm:1.3468; codere_it:1.3302; betfair_ex_uk:1.3271; betfair_ex_eu:1.3271; betfair_ex_au:1.3271; unibet_uk:1.3204; pointsbetau:1.3178; fanduel:1.3178; smarkets:1.303; paddypower:1.3019; draftkings:1.3019; pinnacle:1.2998; unibet:1.2955; leovegas_se:1.2955; casumo:1.2955; unibet_nl:1.2955; grosvenor:1.2955; unibet_se:1.2955; tabtouch:1.2955; leovegas:1.2955; betsson:1.2955; nordicbet:1.2955; coral:1.2868; ladbrokes_uk:1.2868; virginbet:1.286; betway:1.2857; sport888:1.2857; williamhill:1.2857; marathonbet:1.2829; bovada:1.2829; winamax_de:1.2692; skybet:1.2632; tipico_de:1.2574; betclic_fr:1.2347; winamax_fr:1.2347
Argentinos Juniors vs Sarmiento de Junin,2026-01-25 19:00:00,Under 2.5,1.64,1.5917,0.00015524646689641327,6,0.014429852742399224,0.01317067360097999,0.00017249337689688267,6,0.014951549380329167,0.013792176780407617,unibet,6,0.0483,2.39,6.43,Primera División,Goles (Over/Under),0.1369,unibet:1.64; unibet_se:1.64; leovegas_se:1.6; betmgm:1.57; nordicbet:1.55; betsson:1.55
Barcelona vs Oviedo,2026-01-25 10:15:00,Over 4.0,1.99,1.97,4.643909099803062e-06,2,0.002536418631147813,0.002536418631147813,1.916658548354038e-05,2,0.005153975003221289,0.005153975003221289,pinnacle,2,0.02,1.02,3.73,La Liga,Goles (Over/Under),0.1367,pinnacle:1.99; bovada:1.95
Barcelona vs Oviedo,2026-01-25 10:15:00,Under 4.0,1.87,1.87,4.643909099803062e-06,2,0.00253641863114773,0.00253641863114773,0.0,2,0.0,0.0,pinnacle,2,0.0,0.0,3.73,La Liga,Goles (Over/Under),0.1367,pinnacle:1.87; bovada:1.87
KV Mechelen vs Westerlo,2026-01-25 13:15:00,Over 3.0,1.99,1.97,4.643909099803062e-06,2,0.002536418631147813,0.002536418631147813,1.916658548354038e-05,2,0.005153975003221289,0.005153975003221289,pinnacle,2,0.02,1.02,3.73,Belgium First Div,Goles (Over/Under),0.1367,pinnacle:1.99; bovada:1.95
KV Mechelen vs Westerlo,2026-01-25 13:15:00,Under 3.0,1.87,1.87,4.643909099803062e-06,2,0.00253641863114773,0.00253641863114773,0.0,2,0.0,0.0,pinnacle,2,0.0,0.0,3.73,Belgium First Div,Goles (Over/Under),0.1367,pinnacle:1.87; bovada:1.87
FC Zurich vs FC Basel,2026-01-25 10:30:00,Over 3.5,2.2,2.1118,1.9402985633955544e-05,11,0.005134710995921457,0.00383611984297776,3.557848466930296e-05,11,0.00700727015996209,0.0050186855875881675,tipico_de,11,0.0882,1.52,7.95,Swiss Superleague,Goles (Over/Under),0.1358,tipico_de:2.2; codere_it:2.15; unibet:2.1; unibet_nl:2.1; unibet_se:2.1; grosvenor:2.1; tabtouch:2.1; leovegas:2.1; casumo:2.1; betmgm:2.1; leovegas_se:2.08
Famalicão vs Tondela,2026-01-25 13:00:00,Under 2.5,1.75,1.7346,2.2038750555754007e-05,13,0.005513699103145104,0.004147635628706587,2.154681115786787e-05,13,0.005393073339718217,0.00405474437114347,betsson,13,0.0154,0.92,7.65,Primeira Liga,Goles (Over/Under),0.1281,betsson:1.75; nordicbet:1.75; williamhill:1.75; unibet:1.74; grosvenor:1.74; unibet_se:1.74; casumo:1.74; unibet_nl:1.74; tabtouch:1.74; leovegas_se:1.73; leovegas:1.72; tipico_de:1.72; betmgm:1.69
Rangers vs Dundee FC,2026-01-25 10:00:00,Over 2.5,1.55,1.525,1.800615562427753e-05,14,0.004895059784186815,0.0044982508275652755,5.386732927764871e-05,14,0.008217336621818694,0.00795712098460075,williamhill,14,0.025,1.26,7.99,Premiership,Goles (Over/Under),0.1252,williamhill:1.55; tipico_de:1.55; nordicbet:1.55; betsson:1.55; codere_it:1.54; betmgm:1.54; unibet_se:1.51; casumo:1.51; unibet:1.51; unibet_nl:1.51; grosvenor:1.51; tabtouch:1.51; leovegas:1.51; leovegas_se:1.5
Deportivo La Coruña vs Real Racing Club de Santander,2026-01-25 15:00:00,Under 2.5,2.25,2.1943,1.1753170936067702e-05,14,0.003982911438319902,0.0027638107154785547,2.7216876192701555e-05,14,0.006116146380205995,0.005254446771121702,williamhill,14,0.0557,1.35,8.14,La Liga 2,Goles (Over/Under),0.1216,williamhill:2.25; tipico_de:2.25; nordicbet:2.22; betsson:2.22; codere_it:2.21; unibet_se:2.18; leovegas:2.18; casumo:2.18; unibet_nl:2.18; grosvenor:2.18; unibet:2.18; tabtouch:2.18; leovegas_se:2.16; betmgm:2.15
Benfica vs CF Estrela,2026-01-25 13:00:00,Under 3.5,1.67,1.6058,5.4843537234427595e-05,12,0.008616399369232253,0.0061731112589623605,6.40260682132592e-05,12,0.0091513744681618,0.006050135431812302,tipico_de,12,0.0642,1.49,7.5,Primeira Liga,Goles (Over/Under),0.12,tipico_de:1.67; unibet:1.61; grosvenor:1.61; tabtouch:1.61; casumo:1.61; unibet_se:1.61; unibet_nl:1.61; betmgm:1.61; leovegas_se:1.6; betsson:1.58; nordicbet:1.58; leovegas:1.57
Argentinos Juniors vs Sarmiento de Junin,2026-01-25 19:00:00,Over 2.5,2.38,2.2533,0.00015524646689641327,6,0.014429852742399265,0.01317067360098001,0.00022313723646910717,6,0.017453269431941795,0.016214117521307036,nordicbet,6,0.1267,4.02,6.53,Primera División,Goles (Over/Under),0.1194,nordicbet:2.38; betsson:2.38; unibet:2.2; unibet_se:2.2; betmgm:2.2; leovegas_se:2.16
FC St Gallen vs Servette,2026-01-25 10:30:00,1X,1.4183,1.3663,,,,,0.00020431358578361185,35,0.014852164883808708,0.011127729591851399,betmgm,35,0.052,2.02,7.54,Swiss Superleague,Doble Chance,0.1167,betmgm:1.4183; betfair_ex_uk:1.4108; betfair_ex_eu:1.4108; betfair_ex_au:1.4108; codere_it:1.4071; unibet_uk:1.4034; pointsbetau:1.3896; fanduel:1.3879; nordicbet:1.3806; betsson:1.3806; draftkings:1.38; pinnacle:1.3792; smarkets:1.3691; grosvenor:1.3623; unibet_se:1.3623; leovegas_se:1.3623; virginbet:1.3623; unibet_nl:1.3623; tabtouch:1.3623; leovegas:1.3623; casumo:1.3623; unibet:1.3623; marathonbet:1.3587; betway:1.3554; paddypower:1.354; sport888:1.354; williamhill:1.354; winamax_de:1.3509; ladbrokes_uk:1.3509; coral:1.3509; bovada:1.3449; tipico_de:1.3357; skybet:1.3119; winamax_fr:1.3095; betclic_fr:1.3021
KV Mechelen vs Westerlo,2026-01-25 13:15:00,Over 3.5,2.45,2.445,6.763087979901064e-07,8,0.0009405605979171679,0.0007692999984659013,1.5776749442940736e-06,8,0.0014546492043074493,0.001259763164525085,unibet,8,0.005,0.35,6.61,Belgium First Div,Goles (Over/Under),0.112,unibet:2.45; casumo:2.45; grosvenor:2.45; unibet_se:2.45; unibet_nl:2.45; tabtouch:2.45; leovegas_se:2.43; leovegas:2.43
KV Mechelen vs Westerlo,2026-01-25 13:15:00,Under 3.5,1.52,1.505,6.763087979901064e-07,8,0.0009405605979172002,0.0007692999984659082,1.586996516081052e-05,8,0.00442641921992855,0.0038762078509532033,unibet,8,0.015,0.66,6.61,Belgium First Div,Goles (Over/Under),0.112,unibet:1.52; casumo:1.51; grosvenor:1.51; unibet_se:1.51; unibet_nl:1.51; tabtouch:1.5; leovegas_se:1.49; leovegas:1.49
FC Utrecht vs Sparta Rotterdam,2026-01-25 10:45:00,X2,1.9374,1.7862,,,,,0.00025465005966752226,35,0.0186204144334639,0.013708025485913112,bovada,35,0.1512,3.3,6.26,Eredivisie,Doble Chance,0.1038,bovada:1.9374; betfair_ex_au:1.8747; betfair_ex_uk:1.8747; betfair_ex_eu:1.8747; smarkets:1.8497; unibet:1.8247; unibet_se:1.8247; unibet_nl:1.8247; coral:1.8247; betmgm:1.8247; tipico_de:1.8; tabtouch:1.7997; casumo:1.7997; leovegas:1.7997; grosvenor:1.7997; betvictor:1.7986; pinnacle:1.7915; draftkings:1.7874; nordicbet:1.7853; betsson:1.7853; leovegas_se:1.7746; paddypower:1.7746; ladbrokes_uk:1.7746; codere_it:1.7736; marathonbet:1.7698; unibet_uk:1.7617; pointsbetau:1.75; virginbet:1.7496; sport888:1.7246; williamhill:1.7246; skybet:1.7246; betway:1.7217; winamax_de:1.7102; betclic_fr:1.6664; winamax_fr:1.6351
SD Eibar vs Almería,2026-01-25 10:15:00,Over 2.25,1.92,1.915,3.041613644374938e-07,2,0.0006493506493506218,0.0006493506493506218,1.343609474200333e-06,2,0.0013634380453751982,0.0013634380453751982,pinnacle,2,0.005,0.26,3.9,La Liga 2,Goles (Over/Under),0.1026,pinnacle:1.92; bovada:1.91
SD Eibar vs Almería,2026-01-25 10:15:00,Under 2.25,1.93,1.92,3.041613644374938e-07,2,0.0006493506493506773,0.0006493506493506773,5.317685094798834e-06,2,0.0027127471990884833,0.0027127471990884833,pinnacle,2,0.01,0.52,3.9,La Liga 2,Goles (Over/Under),0.1026,pinnacle:1.93; bovada:1.91
KV Mechelen vs Westerlo,2026-01-25 13:15:00,Under 2.5,2.32,2.288,1.2032342223340111e-05,5,0.004017690634982077,0.0035475799486353265,2.7375455189727458e-05,5,0.006112633886677699,0.005837081459270343,nordicbet,5,0.032,1.39,6.39,Belgium First Div,Goles (Over/Under),0.0986,nordicbet:2.32; betsson:2.32; tipico_de:2.3; williamhill:2.25; betmgm:2.25
Arsenal vs Manchester United,2026-01-25 11:30:00,Under 2.5,2.18,2.1171,2.3926770303789655e-05,14,0.005721731527408165,0.004823829096224966,4.944754039045272e-05,14,0.008266799938673861,0.005764839401664216,nordicbet,14,0.0629,1.74,5.4,EPL,Goles (Over/Under),0.0963,nordicbet:2.18; betsson:2.18; tipico_de:2.15; leovegas:2.12; unibet_se:2.12; leovegas_se:2.12; unibet_nl:2.12; tabtouch:2.12; grosvenor:2.12; casumo:2.12; williamhill:2.1; mybookieag:2.09; codere_it:2.05; betmgm:2.05
Wehen Wiesbaden vs SC Verl,2026-01-25 13:30:00,X2,1.3637,1.3251,,,,,0.00034048178986520645,27,0.01845208381726806,0.015625012773098492,leovegas,27,0.0386,2.39,9.04,3. Liga,Doble Chance,0.0907,leovegas:1.3637; betfair_ex_eu:1.3583; betfair_ex_au:1.3583; betfair_ex_uk:1.3583; grosvenor:1.3484; unibet_se:1.3484; casumo:1.3484; leovegas_se:1.3484; unibet:1.3484; tabtouch:1.3484; virginbet:1.3484; unibet_nl:1.3484; pinnacle:1.3366; nordicbet:1.3359; betsson:1.3359; tipico_de:1.3319; unibet_uk:1.3246; betway:1.3171; codere_it:1.3134; betvictor:1.3125; paddypower:1.3018; bovada:1.2908; ladbrokes_uk:1.2789; coral:1.2789; winamax_de:1.2718; sport888:1.2695; skybet:1.2519
FC St Gallen vs Servette,2026-01-25 10:30:00,Over 2.75,1.88,1.855,1.9924217671689424e-05,2,0.005252449899969425,0.005252449899969425,3.832740256322635e-05,2,0.007266596907336331,0.007266596907336331,pinnacle,2,0.025,1.35,3.95,Swiss Superleague,Goles (Over/Under),0.0886,pinnacle:1.88; bovada:1.83
Famalicão vs Tondela,2026-01-25 13:00:00,Under 2.25,2.04,2.02,7.185660452736168e-06,2,0.0031520989190870763,0.0031520989190870763,1.733557034861973e-05,2,0.004901960784313736,0.004901960784313736,pinnacle,2,0.02,0.99,3.96,Primeira Liga,Goles (Over/Under),0.0859,pinnacle:2.04; bovada:2.0
Anderlecht vs Dender,2026-01-25 12:30:00,Over 2.5,1.76,1.7264,1.0064428333617816e-05,14,0.0037230014358367635,0.0027148758064666767,4.245639770343778e-05,14,0.007573512301462977,0.006367180354781066,nordicbet,14,0.0336,1.31,6.32,Belgium First Div,Goles (Over/Under),0.0791,nordicbet:1.76; betsson:1.76; tipico_de:1.75; bovada:1.75; unibet:1.73; grosvenor:1.73; casumo:1.73; unibet_se:1.73; unibet_nl:1.73; tabtouch:1.71; leovegas:1.7; leovegas_se:1.7; williamhill:1.7; betmgm:1.69
Genk vs Cercle Brugge KSV,2026-01-25 10:00:00,Over 2.5,1.73,1.7123,1.9374750615475782e-05,13,0.00515699413507397,0.004551521236305636,2.2873279320671836e-05,13,0.005549858793310032,0.005044658560148497,unibet,13,0.0177,0.95,6.35,Belgium First Div,Goles (Over/Under),0.063,unibet:1.73; casumo:1.73; grosvenor:1.73; unibet_nl:1.73; unibet_se:1.73; tipico_de:1.72; tabtouch:1.71; bovada:1.71; leovegas_se:1.7; leovegas:1.7; nordicbet:1.69; betsson:1.69; betmgm:1.69
Deportivo La Coruña vs Real Racing Club de Santander,2026-01-25 15:00:00,Over 2.5,1.61,1.5736,1.1753170936067702e-05,14,0.003982911438319892,0.0027638107154785985,1.5014427529572397e-05,14,0.004404365751378032,0.0028062082479248557,betmgm,14,0.0364,0.7,8.62,La Liga 2,Goles (Over/Under),0.0592,betmgm:1.61; nordicbet:1.58; betsson:1.58; codere_it:1.57; williamhill:1.57; unibet_se:1.57; leovegas:1.57; casumo:1.57; unibet_nl:1.57; grosvenor:1.57; unibet:1.57; tabtouch:1.57; tipico_de:1.57; leovegas_se:1.56
SC Freiburg vs 1. FC Köln,2026-01-25 11:30:00,Over 2.5,1.83,1.81,2.3106851704368635e-05,13,0.005653837478001773,0.0045129071179704945,2.5783443590016997e-05,13,0.005940583017531927,0.004747324115689677,grosvenor,13,0.02,1.06,6.19,Bundesliga,Goles (Over/Under),0.0565,grosvenor:1.83; leovegas_se:1.83; betsson:1.82; nordicbet:1.82; unibet_se:1.82; tabtouch:1.82; casumo:1.82; unibet_nl:1.82; codere_it:1.81; williamhill:1.8; leovegas:1.8; tipico_de:1.77; betmgm:1.77
CA Tigre BA vs Estudiantes de Río Cuarto,2026-01-25 19:00:00,1X,1.2178,1.186,,,,,0.0004416532869777862,23,0.017567677607918202,0.01463067385417902,ladbrokes_uk,23,0.0318,2.05,7.11,Primera División,Doble Chance,0.0492,ladbrokes_uk:1.2178; betfair_ex_au:1.2143; betfair_ex_uk:1.2143; betmgm:1.2095; betsson:1.2091; nordicbet:1.2091; betfair_ex_eu:1.2072; unibet:1.2006; fanduel:1.2; unibet_se:1.1969; smarkets:1.1941; bovada:1.1919; pinnacle:1.1871; betway:1.1835; leovegas_se:1.1781; draftkings:1.1753; marathonbet:1.1701; skybet:1.166; paddypower:1.166; winamax_de:1.1624; virginbet:1.1557; betclic_fr:1.1432; winamax_fr:1.1248
Melbourne Victory vs Sydney FC,2026-01-26 01:40:00,Over 2.75,1.87,1.86,2.816888398506556e-06,2,0.0019752230200174026,0.0019752230200174026,6.061662025826759e-06,2,0.0028905911258852446,0.0028905911258852446,pinnacle,2,0.01,0.54,4.24,A-League,Goles (Over/Under),0.0377,pinnacle:1.87; bovada:1.85
FC Utrecht vs Sparta Rotterdam,2026-01-25 10:45:00,Over 2.75,1.88,1.85,4.4089318919324086e-05,2,0.0078125,0.0078125,5.582819314627909e-05,2,0.00876782791676406,0.00876782791676406,pinnacle,2,0.03,1.62,4.21,Eredivisie,Goles (Over/Under),0.0285,pinnacle:1.88; bovada:1.82
Benfica vs CF Estrela,2026-01-25 13:00:00,Under 3.0,2.04,2.03,2.6515216619762017e-06,2,0.001914231601731653,0.001914231601731653,4.248924456884244e-06,2,0.0024267132595612584,0.0024267132595612584,pinnacle,2,0.01,0.49,4.27,Primeira Liga,Goles (Over/Under),0.0211,pinnacle:2.04; bovada:2.02
Paris FC vs Angers,2026-01-25 11:15:00,Over 2.5,2.14,2.0871,0.0001223929542216368,14,0.01296697639293209,0.012740851467725542,0.0001636193815840534,14,0.015050229775237803,0.014055545139895225,unibet_se,14,0.0529,3.09,6.25,Ligue 1,Goles (Over/Under),0.016,unibet_se:2.14; unibet:2.14; tabtouch:2.14; leovegas_se:2.14; casumo:2.14; unibet_nl:2.14; leovegas:2.14; grosvenor:2.14; codere_it:2.08; nordicbet:2.02; betsson:2.02; williamhill:2.0; tipico_de:2.0; betmgm:1.98
KV Mechelen vs Westerlo,2026-01-25 13:15:00,Over 2.5,1.6,1.58,1.2032342223340111e-05,5,0.004017690634982131,0.0035475799486353933,6.16973991028621e-05,5,0.008892169824267033,0.006526385007397728,williamhill,5,0.02,1.39,6.94,Belgium First Div,Goles (Over/Under),0.0115,williamhill:1.6; tipico_de:1.6; nordicbet:1.58; betsson:1.58; betmgm:1.54
Feyenoord vs Heracles Almelo,2026-01-25 10:45:00,Under 3.5,1.97,1.8887,4.885039858782236e-05,15,0.008226354573495277,0.00616832012541371,5.005470711229051e-05,15,0.008319445876087822,0.00605945005218318,tipico_de,15,0.0813,1.6,7.9,Eredivisie,Goles (Over/Under),0.0114,tipico_de:1.97; pinnacle:1.93; bovada:1.93; unibet:1.89; grosvenor:1.88; leovegas:1.88; leovegas_se:1.88; unibet_se:1.88; tabtouch:1.88; casumo:1.88; unibet_nl:1.88; codere_it:1.88; betsson:1.86; nordicbet:1.86; betmgm:1.85
FC Zurich vs FC Basel,2026-01-25 10:30:00,Under 3.5,1.63,1.6218,1.9402985633955544e-05,11,0.0051347109959215004,0.0038361198429777647,1.5945782410761665e-05,11,0.00456664057071467,0.003981812080133242,unibet,11,0.0082,0.74,8.97,Swiss Superleague,Goles (Over/Under),0.0067,unibet:1.63; unibet_nl:1.63; unibet_se:1.63; grosvenor:1.63; tabtouch:1.63; leovegas:1.63; casumo:1.63; betmgm:1.62; leovegas_se:1.61; codere_it:1.6; tipico_de:1.6
Atromitos Athens vs Panathinaikos,2026-01-25 12:30:00,Over 2.5,2.1,2.0723,3.749920233070762e-05,13,0.007178036424348627,0.005202047192694266,9.791234332039062e-06,13,0.003682123707537495,0.0032141813062581083,betmgm,13,0.0277,0.76,8.23,Super League,Goles (Over/Under),0.0024,betmgm:2.1; unibet_se:2.08; unibet_nl:2.08; grosvenor:2.08; leovegas_se:2.08; leovegas:2.08; unibet:2.08; casumo:2.08; tabtouch:2.08; codere_it:2.05; williamhill:2.05; bovada:2.05; tipico_de:2.05
Juventus vs Napoli,2026-01-25 12:00:00,Over 1.5,1.52,1.52,0.0,2,0.0,0.0,0.0,2,0.0,0.0,nordicbet,2,0.0,0.0,5.47,Serie A,Goles (Over/Under),0.0,nordicbet:1.52; betsson:1.52
Juventus vs Napoli,2026-01-25 12:00:00,Under 1.5,2.52,2.52,0.0,2,0.0,0.0,0.0,2,0.0,0.0,nordicbet,2,0.0,0.0,5.47,Serie A,Goles (Over/Under),0.0,nordicbet:2.52; betsson:2.52
CA Tigre BA vs Estudiantes de Río Cuarto,2026-01-25 19:00:00,Over 2.5,2.75,2.75,0.0,2,0.0,0.0,0.0,2,0.0,0.0,betsson,2,0.0,0.0,5.81,Primera División,Goles (Over/Under),0.0,betsson:2.75; nordicbet:2.75
CA Tigre BA vs Estudiantes de Río Cuarto,2026-01-25 19:00:00,Under 2.5,1.44,1.44,0.0,2,0.0,0.0,0.0,2,0.0,0.0,betsson,2,0.0,0.0,5.81,Primera División,Goles (Over/Under),0.0,betsson:1.44; nordicbet:1.44
Alavés vs Real Betis,2026-01-25 15:00:00,Over 2.5,2.35,2.3108,6.997457553019734e-05,13,0.009692441693291469,0.008580467833121322,9.186565035231249e-05,13,0.01120850761661532,0.008671606500240523,leovegas_se,13,0.0392,2.48,6.66,La Liga,Goles (Over/Under),-0.0165,leovegas_se:2.35; unibet_nl:2.35; casumo:2.35; tabtouch:2.35; unibet:2.35; unibet_se:2.35; grosvenor:2.35; leovegas:2.33; codere_it:2.3; nordicbet:2.28; betsson:2.28; tipico_de:2.25; williamhill:2.15
Benfica vs CF Estrela,2026-01-25 13:00:00,Over 3.0,1.82,1.815,2.6515216619762017e-06,2,0.0019142316017315975,0.0019142316017315975,1.6792766999755766e-06,2,0.001517819197377257,0.001517819197377257,bovada,2,0.005,0.28,4.45,Primeira Liga,Goles (Over/Under),-0.0202,bovada:1.82; pinnacle:1.81
FC Utrecht vs Sparta Rotterdam,2026-01-25 10:45:00,Under 2.75,2.02,1.99,4.4089318919324086e-05,2,0.007812499999999972,0.007812499999999972,4.142030141245502e-05,2,0.007577288341079014,0.007577288341079014,bovada,2,0.03,1.51,4.45,Eredivisie,Goles (Over/Under),-0.027,bovada:2.02; pinnacle:1.96
Melbourne Victory vs Sydney FC,2026-01-26 01:40:00,Under 2.75,1.98,1.975,2.816888398506556e-06,2,0.0019752230200174026,0.0019752230200174026,1.1854745001380301e-06,2,0.0012818540737322137,0.0012818540737322137,bovada,2,0.005,0.25,4.56,A-League,Goles (Over/Under),-0.0351,bovada:1.98; pinnacle:1.97
SD Eibar vs Almería,2026-01-25 10:15:00,Under 2.5,1.71,1.6893,7.599732627503733e-05,14,0.01021813826589651,0.009653355498695266,6.639133965455006e-05,14,0.009405551153671572,0.007871237623030745,unibet,14,0.0207,1.56,9.24,La Liga 2,Goles (Over/Under),-0.0379,unibet:1.71; casumo:1.71; unibet_nl:1.71; unibet_se:1.71; leovegas:1.71; grosvenor:1.71; tabtouch:1.71; leovegas_se:1.7; betsson:1.68; nordicbet:1.68; tipico_de:1.67; williamhill:1.67; codere_it:1.66; betmgm:1.62
FC Utrecht vs Sparta Rotterdam,2026-01-25 10:45:00,Over 2.5,1.76,1.7171,0.00024880645691729254,14,0.018502659106815207,0.018237646606928108,0.0002366087973390009,14,0.01782200593351293,0.016818785304710402,unibet,14,0.0429,3.01,8.63,Eredivisie,Goles (Over/Under),-0.0545,unibet:1.76; tabtouch:1.76; leovegas_se:1.76; unibet_se:1.76; unibet_nl:1.76; casumo:1.76; leovegas:1.76; grosvenor:1.76; nordicbet:1.68; betsson:1.68; williamhill:1.67; tipico_de:1.67; codere_it:1.64; betmgm:1.62
FC Zurich vs FC Basel,2026-01-25 10:30:00,1X,1.8747,1.8231,,,,,0.0003098630108303022,26,0.020550699613682995,0.016630955356459524,unibet,26,0.0516,3.57,8.59,Swiss Superleague,Doble Chance,-0.0722,unibet:1.8747; unibet_nl:1.8747; virginbet:1.8747; unibet_se:1.8747; grosvenor:1.8747; tabtouch:1.8747; leovegas_se:1.8747; leovegas:1.8747; casumo:1.8747; betfair_ex_uk:1.8735; betfair_ex_eu:1.8735; betfair_ex_au:1.8735; tipico_de:1.8486; fanduel:1.8446; smarkets:1.8416; pinnacle:1.8384; pointsbetau:1.8219; codere_it:1.8021; paddypower:1.7944; bovada:1.7913; unibet_uk:1.7875; betmgm:1.7518; winamax_de:1.7371; skybet:1.7217; ladbrokes_uk:1.6657; winamax_fr:1.6616
FC St Gallen vs Servette,2026-01-25 10:30:00,Under 2.75,2.0,1.985,1.9924217671689424e-05,2,0.00525244989996948,0.00525244989996948,1.0456037768554502e-05,2,0.0038071065989847552,0.0038071065989847552,bovada,2,0.015,0.76,4.64,Swiss Superleague,Goles (Over/Under),-0.0733,bovada:2.0; pinnacle:1.97
Famalicão vs Tondela,2026-01-25 13:00:00,Over 2.25,1.83,1.825,7.185660452736168e-06,2,0.0031520989190871314,0.003152098919087132,1.6407910598303433e-06,2,0.0015012310094277281,0.0015012310094277281,bovada,2,0.005,0.27,4.64,Primeira Liga,Goles (Over/Under),-0.0733,bovada:1.83; pinnacle:1.82
AS Roma vs AC Milan,2026-01-25 14:45:00,Under 2.5,1.7,1.6485,6.865787445823765e-05,13,0.00967488306791589,0.008738236221737732,6.470359038222002e-05,13,0.009261311200811143,0.007842686294529274,williamhill,13,0.0515,1.54,7.6,Serie A,Goles (Over/Under),-0.0974,williamhill:1.7; nordicbet:1.68; betsson:1.68; betmgm:1.67; tipico_de:1.65; leovegas_se:1.65; grosvenor:1.64; codere_it:1.63; unibet_se:1.63; casumo:1.63; tabtouch:1.63; unibet_nl:1.63; leovegas:1.61
Alavés vs Real Betis,2026-01-25 15:00:00,Under 2.25,1.85,1.845,2.280578961402248e-05,2,0.005616924415880076,0.005616924415880076,1.5674121437911077e-06,2,0.0014688601645123645,0.0014688601645123645,bovada,2,0.005,0.27,4.56,La Liga,Goles (Over/Under),-0.182,bovada:1.85; pinnacle:1.84
Rangers vs Dundee FC,2026-01-25 10:00:00,Under 3.0,1.87,1.855,9.81070429672804e-05,2,0.011658031088082887,0.011658031088082887,1.3793823674553376e-05,2,0.004359451290397609,0.004359451290397609,bovada,2,0.015,0.81,6.95,Premiership,Goles (Over/Under),-0.223,bovada:1.87; pinnacle:1.84
