Partido,Fecha_Hora_Colombia,Mercado,Mejor_Cuota,Cuota_Promedio_Mercado,BDI_jsd_fair,BDI_n_bookmakers_fair,BDI_std_p_fair,BDI_mad_p_fair,BDI_jsd,BDI_n_bookmakers,BDI_std_p,BDI_mad_p,Mejor_Casa,Num_Casas,Diferencia_Cuota_Promedio,Volatilidad_Pct,Margen_Casa_Pct,Liga,Tipo_Mercado,Score_Final,Todas_Las_Cuotas
Benfica vs Estoril,2026-01-03 13:00:00,X2,4.5769,4.0294,,,,,0.0002051261182466,27,0.0144694302295821,0.0107562145162793,betfair_ex_eu,27,0.5475,6.11,1.85,Primeira Liga,Doble Chance,2.7838,betfair_ex_eu:4.5769; betfair_ex_uk:4.5769; betfair_ex_au:4.5769; smarkets:4.3417; coolbet:4.2208; tipico_de:4.2; betsson:4.1117; nordicbet:4.1117; pinnacle:4.0072; unibet:4.0; casumo:4.0; leovegas_se:4.0; grosvenor:4.0; unibet_nl:4.0; tabtouch:4.0; unibet_se:4.0; bovada:3.9855; pointsbetau:3.8873; betmgm:3.8824; ladbrokes_uk:3.8824; coral:3.8824; draftkings:3.8824; betway:3.7761; sport888:3.75; williamhill:3.75; skybet:3.7154; marathonbet:3.6774
Juventus vs Lecce,2026-01-03 12:00:00,X2,4.343,3.9408,,,,,0.0002198858704897,32,0.0152203919692848,0.0132039761199963,betfair_ex_uk,32,0.4022,5.96,0.54,Serie A,Doble Chance,9.1852,betfair_ex_uk:4.343; betfair_ex_au:4.343; betfair_ex_eu:4.343; smarkets:4.2849; unibet_se:4.1518; unibet_nl:4.1518; tipico_de:4.1053; casumo:4.1053; grosvenor:4.1053; tabtouch:4.1053; unibet:4.1053; leovegas_se:4.1053; coolbet:4.1053; leovegas:4.0106; marathonbet:3.983; winamax_de:3.9617; pinnacle:3.9347; codere_it:3.9101; fanduel:3.9101; unibet_uk:3.7714; pointsbetau:3.7714; tab:3.7714; betsson:3.7709; nordicbet:3.7709; betclic_fr:3.7464; bovada:3.7108; winamax_fr:3.6746; ladbrokes_uk:3.6667; coral:3.6667; betmgm:3.6667; betway:3.5538; draftkings:3.5
CD Castellón vs SD Huesca,2026-01-03 10:15:00,X2,2.5856,2.3448,,,,,0.0003859070837049,34,0.0228517314576183,0.0195770469709319,betfair_ex_uk,34,0.2408,5.44,5.34,La Liga 2,Doble Chance,0.6273,betfair_ex_uk:2.5856; betfair_ex_au:2.5856; betfair_ex_eu:2.5856; pinnacle:2.5489; smarkets:2.5185; coolbet:2.5116; marathonbet:2.4391; betway:2.4271; bovada:2.4179; betsson:2.4015; nordicbet:2.4015; pointsbetau:2.4015; fanduel:2.4; draftkings:2.4; winamax_de:2.3673; tipico_de:2.3673; codere_it:2.332; williamhill:2.332; paddypower:2.3265; betclic_fr:2.306; skybet:2.2697; unibet_se:2.2638; unibet:2.2638; unibet_nl:2.2638; betmgm:2.2473; winamax_fr:2.2131; leovegas_se:2.212; grosvenor:2.212; casumo:2.212; tabtouch:2.212; virginbet:2.1779; leovegas:2.1779; coral:2.1704; ladbrokes_uk:2.1704
Gil Vicente vs Sporting Lisbon,2026-01-02 13:45:00,1X,2.8537,2.5449,,,,,0.0002812252185345,34,0.0192128645710679,0.0154896662117146,betfair_ex_eu,34,0.3088,5.1,1.27,Primeira Liga,Doble Chance,4.5354,betfair_ex_eu:2.8537; betfair_ex_au:2.8537; betfair_ex_uk:2.8537; smarkets:2.7462; fanduel:2.6637; pinnacle:2.6262; ladbrokes_uk:2.625; coral:2.625; paddypower:2.625; tipico_de:2.6124; bovada:2.589; coolbet:2.5778; nordicbet:2.554; betsson:2.554; betmgm:2.5507; pointsbetau:2.5455; betclic_fr:2.529; marathonbet:2.5242; draftkings:2.5142; betway:2.4762; skybet:2.4762; unibet:2.439; tabtouch:2.439; grosvenor:2.439; unibet_nl:2.439; casumo:2.439; leovegas_se:2.439; unibet_se:2.439; winamax_fr:2.439; winamax_de:2.439; williamhill:2.4375; leovegas:2.4203; virginbet:2.379; sport888:2.3636
Bournemouth vs Arsenal,2026-01-03 12:30:00,1X,2.8769,2.6685,,,,,0.0002190608138192,38,0.0168870654055667,0.0139829918136855,betfair_ex_uk,38,0.2084,4.47,0.55,EPL,Doble Chance,8.1273,betfair_ex_uk:2.8769; betfair_ex_eu:2.8769; betfair_ex_au:2.8769; coolbet:2.8596; smarkets:2.807; betsson:2.7777; nordicbet:2.7777; pinnacle:2.7747; unibet_nl:2.7611; unibet_se:2.7611; leovegas:2.7444; marathonbet:2.7355; leovegas_se:2.7277; grosvenor:2.7099; unibet:2.7099; casumo:2.7099; tabtouch:2.7099; tipico_de:2.7055; codere_it:2.6734; fanduel:2.6667; draftkings:2.6667; paddypower:2.6512; tab:2.6512; winamax_de:2.6355; unibet_uk:2.6038; skybet:2.6038; betway:2.6012; pointsbetau:2.6012; betclic_fr:2.5877; bovada:2.57; virginbet:2.5562; mybookieag:2.5529; winamax_fr:2.534; sport888:2.475; williamhill:2.475; coral:2.475; betmgm:2.475; ladbrokes_uk:2.4444
Córdoba vs Burgos CF,2026-01-03 15:00:00,X2,1.783,1.6838,,,,,0.0005395274505108,34,0.0267286478361737,0.0217277001409459,unibet,34,0.0992,4.39,6.09,La Liga 2,Doble Chance,0.4007,unibet:1.783; unibet_se:1.783; unibet_nl:1.783; betfair_ex_eu:1.7778; betfair_ex_au:1.7778; betfair_ex_uk:1.7778; smarkets:1.7678; pinnacle:1.7414; tabtouch:1.7325; grosvenor:1.7325; casumo:1.7325; leovegas_se:1.7325; leovegas:1.7223; virginbet:1.7223; coolbet:1.712; tipico_de:1.6957; bovada:1.6861; marathonbet:1.6769; draftkings:1.6765; betsson:1.6667; nordicbet:1.6667; fanduel:1.6657; betway:1.6657; pointsbetau:1.6657; paddypower:1.6364; williamhill:1.6353; codere_it:1.6314; winamax_de:1.6214; skybet:1.6154; betclic_fr:1.587; betmgm:1.5709; winamax_fr:1.5355; ladbrokes_uk:1.5355; coral:1.5355
Melbourne Victory vs Perth Glory,2026-01-02 03:35:00,X2,2.1678,1.9784,,,,,0.0003303775816865,31,0.0213864555805879,0.0170893280309657,betfair_ex_au,31,0.1894,4.38,0.77,A-League,Doble Chance,7.4805,betfair_ex_au:2.1678; betfair_ex_eu:2.1678; betfair_ex_uk:2.1678; smarkets:2.1395; pointsbetau:2.0723; coolbet:2.05; pinnacle:2.035; paddypower:2.0239; draftkings:2.0118; marathonbet:1.995; bovada:1.9874; codere_it:1.9874; coral:1.9747; williamhill:1.9487; ladbrokes_uk:1.9487; leovegas:1.9449; leovegas_se:1.9449; grosvenor:1.931; unibet_se:1.931; unibet:1.931; tabtouch:1.931; casumo:1.931; unibet_nl:1.931; betmgm:1.9247; tab:1.9221; nordicbet:1.9133; betsson:1.9133; sport888:1.9091; winamax_de:1.9; virginbet:1.8697; winamax_fr:1.825
Sunderland vs Manchester City,2026-01-01 15:00:00,1X,3.2496,2.9873,,,,,0.000170330669446,38,0.014487252747889,0.01163083357707,betfair_ex_eu,38,0.2623,4.37,0.7,EPL,Doble Chance,5.8429,betfair_ex_eu:3.2496; betfair_ex_au:3.2496; betfair_ex_uk:3.2496; smarkets:3.2118; coolbet:3.2105; pinnacle:3.094; skybet:3.0769; leovegas:3.0769; unibet_se:3.0769; unibet_nl:3.0769; tipico_de:3.0469; fanduel:3.0388; leovegas_se:3.0388; draftkings:3.0388; nordicbet:3.0159; betsson:3.0159; marathonbet:3.0051; paddypower:2.9804; tabtouch:2.9637; grosvenor:2.9637; casumo:2.9637; unibet:2.9637; winamax_de:2.9592; mybookieag:2.932; unibet_uk:2.9268; virginbet:2.9268; codere_it:2.9157; pointsbetau:2.9082; betway:2.9082; betclic_fr:2.9082; bovada:2.888; williamhill:2.8512; tab:2.8298; betmgm:2.8143; winamax_fr:2.812; sport888:2.7759; coral:2.7759; ladbrokes_uk:2.7759
Hearts vs Livingston,2026-01-03 10:00:00,X2,3.4211,3.1829,,,,,0.0001476676262784,34,0.0132882562226993,0.0105849306592519,betfair_ex_au,34,0.2382,4.23,3.86,Premiership,Doble Chance,0.7668,betfair_ex_au:3.4211; betfair_ex_uk:3.4211; betfair_ex_eu:3.4211; smarkets:3.3973; coolbet:3.3814; tipico_de:3.3357; pinnacle:3.301; pointsbetau:3.2759; fanduel:3.2645; betsson:3.2305; nordicbet:3.2305; unibet:3.2143; leovegas:3.2143; unibet_se:3.2143; unibet_nl:3.2143; paddypower:3.2143; leovegas_se:3.1727; casumo:3.1727; tabtouch:3.1727; grosvenor:3.1727; unibet_uk:3.1481; skybet:3.1481; betvictor:3.1304; marathonbet:3.1215; bovada:3.1132; coral:3.0769; draftkings:3.0769; virginbet:3.0677; ladbrokes_uk:3.0; betway:3.0; betmgm:3.0; williamhill:3.0; codere_it:2.9714; sport888:2.9206
SD Eibar vs CD Mirandés,2026-01-02 14:30:00,X2,2.3244,2.1901,,,,,0.0002527669769371,34,0.0186492737326153,0.0162705498762664,betfair_ex_eu,34,0.1343,4.05,3.26,La Liga 2,Doble Chance,1.5644,betfair_ex_eu:2.3244; betfair_ex_uk:2.3244; betfair_ex_au:2.3244; unibet:2.3077; unibet_se:2.3077; unibet_nl:2.3077; smarkets:2.2776; leovegas_se:2.2589; grosvenor:2.2589; tabtouch:2.2589; casumo:2.2589; coolbet:2.25; virginbet:2.2402; leovegas:2.2402; pinnacle:2.2139; draftkings:2.2139; marathonbet:2.1834; fanduel:2.1685; tipico_de:2.1685; betsson:2.1575; nordicbet:2.1575; paddypower:2.1389; bovada:2.1389; pointsbetau:2.1389; betmgm:2.1389; winamax_de:2.126; codere_it:2.1051; betway:2.1011; williamhill:2.1011; betclic_fr:2.0746; skybet:2.0636; ladbrokes_uk:2.0636; coral:2.0636; winamax_fr:2.006
Brisbane Roar vs Wellington Phoenix FC,2026-01-03 01:00:00,X2,2.2728,2.0861,,,,,0.0002507872816863,32,0.0186090561474135,0.0145366050210842,betfair_ex_au,32,0.1867,4.0,1.14,A-League,Doble Chance,4.8421,betfair_ex_au:2.2728; betfair_ex_uk:2.2728; betfair_ex_eu:2.2728; smarkets:2.2418; tab:2.1714; codere_it:2.1462; pinnacle:2.1365; coolbet:2.1287; paddypower:2.1111; unibet_uk:2.1106; bovada:2.1036; nordicbet:2.0926; betsson:2.0926; marathonbet:2.0827; winamax_de:2.0602; pointsbetau:2.0602; unibet_se:2.0455; leovegas_se:2.0455; tabtouch:2.0455; unibet_nl:2.0455; grosvenor:2.0455; casumo:2.0455; leovegas:2.0455; unibet:2.0455; coral:2.0455; draftkings:2.0451; williamhill:2.0305; ladbrokes_uk:2.0099; betmgm:2.0099; sport888:1.98; virginbet:1.9595; winamax_fr:1.9529
Brighton and Hove Albion vs Burnley,2026-01-03 10:00:00,X2,2.8367,2.6285,,,,,0.000169582393413,38,0.0148814666017973,0.0118061454264536,betfair_ex_au,38,0.2082,3.93,0.19,EPL,Doble Chance,25.6316,betfair_ex_au:2.8367; betfair_ex_eu:2.8367; betfair_ex_uk:2.8367; smarkets:2.7692; coolbet:2.7578; unibet_nl:2.7391; unibet_se:2.7391; leovegas_se:2.7391; leovegas:2.7391; marathonbet:2.6714; grosvenor:2.6637; casumo:2.6637; tabtouch:2.6637; unibet:2.6637; pinnacle:2.6419; nordicbet:2.6416; betsson:2.6416; fanduel:2.6239; tipico_de:2.6239; draftkings:2.6239; winamax_de:2.6163; codere_it:2.6075; paddypower:2.5988; betway:2.5988; unibet_uk:2.5714; pointsbetau:2.5714; bovada:2.5649; betmgm:2.5579; betclic_fr:2.5562; skybet:2.5514; virginbet:2.5514; winamax_fr:2.5204; coral:2.515; ladbrokes_uk:2.515; mybookieag:2.5049; tab:2.4878; sport888:2.4762; williamhill:2.4
SC Bastia vs Grenoble,2026-01-03 14:00:00,X2,1.7622,1.6642,,,,,0.0003967302770186,36,0.0229529223581199,0.019105963325526,tabtouch,36,0.098,3.84,8.56,Ligue 2,Doble Chance,0.0012,tabtouch:1.7622; unibet_se:1.7622; casumo:1.7622; grosvenor:1.7622; leovegas:1.7622; unibet:1.7622; unibet_nl:1.7622; leovegas_se:1.7369; virginbet:1.7369; coolbet:1.712; pinnacle:1.6991; betfair_ex_uk:1.6719; betfair_ex_eu:1.6719; betfair_ex_au:1.6719; draftkings:1.6716; unibet_uk:1.6716; smarkets:1.669; marathonbet:1.6596; bovada:1.6495; pointsbetau:1.6439; nordicbet:1.6351; betsson:1.6351; betmgm:1.6246; winamax_de:1.6235; winamax_fr:1.6235; betclic_fr:1.6224; tipico_de:1.6215; paddypower:1.6154; fanduel:1.6154; williamhill:1.6154; codere_it:1.6101; sport888:1.6062; betway:1.5984; skybet:1.5651; coral:1.5484; ladbrokes_uk:1.5484
Espanyol vs Barcelona,2026-01-03 15:00:00,1X,2.7273,2.553,,,,,0.000166532803082,34,0.0148430750382679,0.01174731310733,betfair_ex_eu,34,0.1743,3.76,1.6,La Liga,Doble Chance,2.475,betfair_ex_eu:2.7273; betfair_ex_uk:2.7273; betfair_ex_au:2.7273; smarkets:2.6972; pinnacle:2.6371; marathonbet:2.6349; coolbet:2.6242; unibet_se:2.6161; unibet_nl:2.6161; betsson:2.616; nordicbet:2.616; tipico_de:2.6057; fanduel:2.5962; leovegas_se:2.57; bovada:2.5631; tabtouch:2.5553; unibet:2.5553; grosvenor:2.5553; casumo:2.5553; betway:2.5488; tab:2.5488; codere_it:2.5412; draftkings:2.5075; skybet:2.505; leovegas:2.505; paddypower:2.475; coral:2.4518; betmgm:2.4518; winamax_de:2.45; betclic_fr:2.4459; virginbet:2.4337; ladbrokes_uk:2.4231; williamhill:2.3684; winamax_fr:2.35
Cagliari vs AC Milan,2026-01-02 14:45:00,1X,2.6342,2.4716,,,,,0.0001678540298488,37,0.0149842942551044,0.0118737777418853,betfair_ex_au,37,0.1626,3.67,0.85,Serie A,Doble Chance,5.3882,betfair_ex_au:2.6342; betfair_ex_eu:2.6342; betfair_ex_uk:2.6342; smarkets:2.6037; coolbet:2.572; unibet_se:2.5698; unibet_nl:2.5698; tipico_de:2.5514; pinnacle:2.5478; marathonbet:2.528; unibet:2.499; leovegas:2.499; leovegas_se:2.499; casumo:2.499; tabtouch:2.499; grosvenor:2.499; bovada:2.4878; tab:2.4878; winamax_de:2.4706; codere_it:2.4706; unibet_uk:2.4706; nordicbet:2.4704; betsson:2.4704; fanduel:2.4356; pointsbetau:2.4356; betclic_fr:2.419; winamax_fr:2.402; skybet:2.4; paddypower:2.4; betmgm:2.4; coral:2.4; virginbet:2.3603; ladbrokes_uk:2.359; betway:2.359; draftkings:2.359; williamhill:2.2819; sport888:2.2697
Cultural Leonesa vs Real Sociedad B,2026-01-03 08:00:00,X2,1.9751,1.8427,,,,,0.0002680335614054,33,0.0191973872097512,0.015534361603061,pinnacle,33,0.1324,3.56,5.28,La Liga 2,Doble Chance,0.6477,pinnacle:1.9751; betfair_ex_uk:1.9528; betfair_ex_au:1.9528; betfair_ex_eu:1.9528; smarkets:1.9338; marathonbet:1.9243; bovada:1.9084; coolbet:1.8987; tipico_de:1.8789; unibet_se:1.8636; unibet:1.8636; draftkings:1.8587; pointsbetau:1.8576; betway:1.848; williamhill:1.848; betsson:1.8383; nordicbet:1.8383; fanduel:1.8284; leovegas_se:1.8129; grosvenor:1.8129; casumo:1.8129; tabtouch:1.8129; winamax_de:1.8082; paddypower:1.8082; betmgm:1.7973; codere_it:1.7931; virginbet:1.7931; leovegas:1.7931; betclic_fr:1.7839; skybet:1.7727; winamax_fr:1.7325; coral:1.7271; ladbrokes_uk:1.7271
Vitória SC vs Nacional,2026-01-02 15:45:00,X2,2.0753,1.9369,,,,,0.0002068879681321,34,0.0169253045971141,0.0128922947019894,betfair_ex_eu,34,0.1384,3.36,1.66,Primeira Liga,Doble Chance,3.1867,betfair_ex_eu:2.0753; betfair_ex_au:2.0753; betfair_ex_uk:2.0753; smarkets:2.0571; pinnacle:2.0393; tipico_de:2.0061; bovada:2.0037; coolbet:1.9688; fanduel:1.955; draftkings:1.9446; betclic_fr:1.9434; paddypower:1.9367; pointsbetau:1.9367; betway:1.9355; coral:1.9355; ladbrokes_uk:1.9355; nordicbet:1.9343; betsson:1.9343; marathonbet:1.9243; winamax_fr:1.9142; winamax_de:1.9142; grosvenor:1.9084; casumo:1.9084; unibet:1.883; tabtouch:1.883; leovegas_se:1.883; unibet_nl:1.883; unibet_se:1.883; betmgm:1.8789; skybet:1.8727; williamhill:1.8727; leovegas:1.8576; virginbet:1.848; sport888:1.848
Como vs Udinese,2026-01-03 06:30:00,X2,2.2819,2.1246,,,,,0.0001664253174472,37,0.0151497667235454,0.0119913168054835,betfair_ex_eu,37,0.1573,3.29,0.0,Serie A,Doble Chance,,betfair_ex_eu:2.2819; betfair_ex_uk:2.2819; betfair_ex_au:2.2819; smarkets:2.2476; unibet_nl:2.2131; unibet_se:2.2131; coolbet:2.1704; tipico_de:2.1618; marathonbet:2.1531; grosvenor:2.1446; unibet:2.1446; leovegas_se:2.1446; tabtouch:2.1446; casumo:2.1446; winamax_de:2.1402; pinnacle:2.1341; leovegas:2.1273; codere_it:2.1243; betclic_fr:2.1084; fanduel:2.1081; unibet_uk:2.1053; betmgm:2.1053; coral:2.1053; bovada:2.0931; virginbet:2.0931; ladbrokes_uk:2.0894; tab:2.0799; nordicbet:2.0674; betsson:2.0674; winamax_fr:2.0545; paddypower:2.0479; skybet:2.0479; pointsbetau:2.0479; betway:2.0479; draftkings:2.0407; sport888:2.0241; williamhill:2.0241
Aston Villa vs Nottingham Forest,2026-01-03 07:30:00,X2,2.1716,2.0314,,,,,0.0001774133035228,38,0.0156745950918804,0.0125855519380134,betfair_ex_uk,38,0.1402,3.21,0.1,EPL,Doble Chance,48.4,betfair_ex_uk:2.1716; betfair_ex_au:2.1716; betfair_ex_eu:2.1716; smarkets:2.1164; coolbet:2.1082; unibet_se:2.0956; unibet_nl:2.0956; leovegas_se:2.0702; leovegas:2.0702; pinnacle:2.0686; marathonbet:2.0667; fanduel:2.0602; winamax_de:2.0533; tipico_de:2.0506; nordicbet:2.0506; betsson:2.0506; casumo:2.0352; tabtouch:2.0352; grosvenor:2.0352; unibet:2.0352; tab:2.0305; draftkings:2.0305; paddypower:2.0245; unibet_uk:2.0139; pointsbetau:2.0; bovada:2.0; codere_it:1.9888; betway:1.9811; winamax_fr:1.9671; coral:1.9671; ladbrokes_uk:1.9671; skybet:1.9657; betclic_fr:1.9636; betmgm:1.9449; mybookieag:1.9385; sport888:1.9385; williamhill:1.9355; virginbet:1.924
Real Valladolid CF vs Real Racing Club de Santander,2026-01-03 12:30:00,X2,1.6867,1.5913,,,,,0.0003112348631917,34,0.0200494391572107,0.0163445600158108,smarkets,34,0.0954,3.19,4.33,La Liga 2,Doble Chance,0.9446,smarkets:1.6867; betfair_ex_eu:1.6735; betfair_ex_uk:1.6735; betfair_ex_au:1.6735; pinnacle:1.6678; unibet:1.6366; unibet_nl:1.6366; unibet_se:1.6366; coolbet:1.6351; williamhill:1.6215; bovada:1.6154; marathonbet:1.605; betway:1.6; tabtouch:1.5984; grosvenor:1.5984; casumo:1.5984; leovegas_se:1.5984; virginbet:1.5866; leovegas:1.5866; draftkings:1.585; fanduel:1.5746; tipico_de:1.5746; pointsbetau:1.5714; nordicbet:1.5624; betsson:1.5624; winamax_de:1.5496; betmgm:1.5484; codere_it:1.5374; betclic_fr:1.5249; paddypower:1.5246; skybet:1.5246; coral:1.5246; ladbrokes_uk:1.5246; winamax_fr:1.4866
AS Monaco vs Lyon,2026-01-03 11:00:00,X2,1.9487,1.8561,,,,,0.0002144819619216,36,0.0171610140345818,0.0128886411390247,betfair_ex_eu,36,0.0926,3.12,0.34,Ligue 1,Doble Chance,15.1471,betfair_ex_eu:1.9487; betfair_ex_au:1.9487; betfair_ex_uk:1.9487; leovegas_se:1.9374; unibet_nl:1.9374; smarkets:1.9355; coolbet:1.8997; tabtouch:1.8874; unibet:1.8874; unibet_se:1.8874; grosvenor:1.8874; casumo:1.8874; betclic_fr:1.8789; fanduel:1.8747; marathonbet:1.872; pinnacle:1.8674; leovegas:1.8624; draftkings:1.8557; paddypower:1.8486; tipico_de:1.8486; codere_it:1.847; winamax_de:1.8446; betmgm:1.8446; coral:1.8446; skybet:1.8367; betsson:1.8306; nordicbet:1.8306; tab:1.8219; unibet_uk:1.8219; ladbrokes_uk:1.8164; bovada:1.8083; virginbet:1.7997; betway:1.7832; winamax_fr:1.7694; williamhill:1.7217; sport888:1.6985
Pau FC vs Rodez AF,2026-01-03 14:00:00,X2,1.6935,1.6064,,,,,0.0002785801612501,36,0.0190454716623799,0.0165166704743056,pinnacle,36,0.0871,3.07,5.56,Ligue 2,Doble Chance,0.5144,pinnacle:1.6935; betfair_ex_uk:1.68; betfair_ex_eu:1.68; betfair_ex_au:1.68; coolbet:1.68; tipico_de:1.6716; smarkets:1.669; draftkings:1.6549; bovada:1.6439; unibet_uk:1.6439; betmgm:1.6364; betsson:1.6298; nordicbet:1.6298; marathonbet:1.627; pointsbetau:1.6215; winamax_fr:1.6154; winamax_de:1.6154; betclic_fr:1.6104; sport888:1.5984; williamhill:1.5984; codere_it:1.5938; paddypower:1.5938; fanduel:1.5938; betway:1.5938; coral:1.5563; ladbrokes_uk:1.5563; unibet_nl:1.5486; casumo:1.5486; tabtouch:1.5486; grosvenor:1.5486; leovegas:1.5486; unibet_se:1.5486; unibet:1.5486; skybet:1.5435; virginbet:1.5399; leovegas_se:1.5399
Sassuolo vs Parma,2026-01-03 09:00:00,X2,2.0061,1.8879,,,,,0.0001834477457784,37,0.015915576339267,0.0125160215979956,betfair_ex_uk,37,0.1182,3.03,0.35,Serie A,Doble Chance,15.3714,betfair_ex_uk:2.0061; betfair_ex_au:2.0061; betfair_ex_eu:2.0061; smarkets:1.9896; unibet_se:1.9494; unibet_nl:1.9494; coolbet:1.9472; pointsbetau:1.9367; pinnacle:1.9182; marathonbet:1.9111; tipico_de:1.9038; codere_it:1.8987; grosvenor:1.8987; unibet:1.8987; leovegas_se:1.8987; casumo:1.8987; tabtouch:1.8987; winamax_de:1.8941; fanduel:1.8857; bovada:1.8787; virginbet:1.8734; leovegas:1.8734; paddypower:1.8727; unibet_uk:1.8636; betclic_fr:1.8636; betmgm:1.8587; skybet:1.8565; betway:1.8565; tab:1.8417; ladbrokes_uk:1.8378; coral:1.8378; nordicbet:1.8226; betsson:1.8226; draftkings:1.8162; sport888:1.8082; winamax_fr:1.7931; williamhill:1.7778
Almería vs Granada CF,2026-01-03 10:15:00,X2,2.0545,1.954,,,,,0.0001735726881072,34,0.0154998040015717,0.0119243381454364,betfair_ex_uk,34,0.1005,3.01,4.23,La Liga 2,Doble Chance,1.0284,betfair_ex_uk:2.0545; betfair_ex_au:2.0545; betfair_ex_eu:2.0545; pinnacle:2.0414; smarkets:2.0352; marathonbet:2.0022; coolbet:2.0; unibet_se:1.9994; unibet:1.9994; unibet_nl:1.9994; tipico_de:1.98; draftkings:1.98; bovada:1.9747; betsson:1.9547; nordicbet:1.9547; fanduel:1.9494; williamhill:1.9494; leovegas_se:1.949; grosvenor:1.949; casumo:1.949; tabtouch:1.949; virginbet:1.9385; leovegas:1.9385; paddypower:1.9355; winamax_de:1.9239; pointsbetau:1.9194; codere_it:1.9091; betmgm:1.9091; betway:1.8947; betclic_fr:1.8941; skybet:1.8789; winamax_fr:1.8378; coral:1.8378; ladbrokes_uk:1.8378
Melbourne City vs Sydney FC,2026-01-03 03:35:00,X2,1.7496,1.655,,,,,0.0002403534984964,32,0.0177877510728655,0.0122352704544751,betfair_ex_eu,32,0.0946,2.9,1.8,A-League,Doble Chance,2.8778,betfair_ex_eu:1.7496; betfair_ex_uk:1.7496; betfair_ex_au:1.7367; smarkets:1.7246; coolbet:1.7124; pinnacle:1.7071; pointsbetau:1.6746; tab:1.6746; bovada:1.6746; codere_it:1.6735; leovegas:1.6617; leovegas_se:1.6617; paddypower:1.65; betsson:1.6496; nordicbet:1.6496; draftkings:1.6496; unibet_uk:1.6485; unibet:1.6485; coral:1.6485; ladbrokes_uk:1.6485; betmgm:1.6485; unibet_nl:1.6366; unibet_se:1.6366; tabtouch:1.6366; casumo:1.6366; grosvenor:1.6366; marathonbet:1.629; sport888:1.6124; williamhill:1.6124; virginbet:1.5866; winamax_de:1.585; winamax_fr:1.5099
Genoa vs Pisa,2026-01-03 09:00:00,X2,2.0188,1.9088,,,,,0.0001678435459941,37,0.0152255315899447,0.0113432897355334,betfair_ex_eu,37,0.11,2.89,0.55,Serie A,Doble Chance,9.2,betfair_ex_eu:2.0188; betfair_ex_au:2.0188; betfair_ex_uk:2.0188; smarkets:1.985; coolbet:1.9619; winamax_de:1.9556; pinnacle:1.955; unibet_se:1.954; unibet_nl:1.954; tipico_de:1.9512; codere_it:1.9379; marathonbet:1.9352; coral:1.92; bovada:1.9138; unibet_uk:1.9119; pointsbetau:1.9119; betclic_fr:1.9119; nordicbet:1.9038; betsson:1.9038; casumo:1.9019; tabtouch:1.9019; grosvenor:1.9019; unibet:1.9019; leovegas_se:1.9019; fanduel:1.8872; betmgm:1.8835; ladbrokes_uk:1.8835; betway:1.8758; leovegas:1.8758; paddypower:1.8701; tab:1.8701; virginbet:1.8574; draftkings:1.8519; skybet:1.8355; williamhill:1.8355; sport888:1.8; winamax_fr:1.7671
Le Mans FC vs Saint Etienne,2026-01-03 14:00:00,1X,1.5637,1.4947,,,,,0.0003031282131121,36,0.0192567169344428,0.0163623336255246,pinnacle,36,0.069,2.87,5.62,Ligue 2,Doble Chance,0.5071,pinnacle:1.5637; betfair_ex_uk:1.5592; betfair_ex_eu:1.5592; betfair_ex_au:1.5592; betmgm:1.5556; coolbet:1.5504; unibet_uk:1.5456; draftkings:1.5355; smarkets:1.5321; marathonbet:1.5202; bovada:1.5192; nordicbet:1.5111; betsson:1.5111; tipico_de:1.5074; betclic_fr:1.5052; winamax_de:1.5049; winamax_fr:1.5049; williamhill:1.5041; pointsbetau:1.5041; codere_it:1.495; coral:1.485; ladbrokes_uk:1.485; paddypower:1.479; fanduel:1.479; sport888:1.479; betway:1.479; skybet:1.4431; leovegas:1.4392; unibet_se:1.4392; grosvenor:1.4392; unibet_nl:1.4392; unibet:1.4392; casumo:1.4392; tabtouch:1.4392; virginbet:1.4287; leovegas_se:1.4287
Stade de Reims vs Annecy FC,2026-01-03 14:00:00,X2,2.0241,1.9091,,,,,0.0001576530744113,36,0.0147613894741718,0.010392069210674,betfair_ex_uk,36,0.115,2.84,4.96,Ligue 2,Doble Chance,0.7016,betfair_ex_uk:2.0241; betfair_ex_eu:2.0241; betfair_ex_au:2.0241; pinnacle:1.9961; smarkets:1.9896; coolbet:1.9688; marathonbet:1.9496; tipico_de:1.9367; bovada:1.9338; draftkings:1.9295; unibet_uk:1.9194; betmgm:1.9045; betsson:1.9042; nordicbet:1.9042; williamhill:1.9038; casumo:1.9019; tabtouch:1.9019; grosvenor:1.9019; leovegas:1.9019; unibet_se:1.9019; unibet:1.9019; unibet_nl:1.9019; fanduel:1.8987; virginbet:1.8925; leovegas_se:1.8925; pointsbetau:1.8889; winamax_de:1.8882; winamax_fr:1.8882; paddypower:1.8789; betclic_fr:1.8779; betway:1.8727; codere_it:1.8587; sport888:1.8565; coral:1.8082; ladbrokes_uk:1.8082; skybet:1.7931
Dundee United vs Dundee FC,2026-01-03 10:00:00,X2,2.0488,1.9085,,,,,0.000142479678338,34,0.0140414641270415,0.0099730146203319,betfair_ex_au,34,0.1403,2.77,2.29,Premiership,Doble Chance,1.9869,betfair_ex_au:2.0488; betfair_ex_uk:2.0488; betfair_ex_eu:2.0488; smarkets:1.95; fanduel:1.9487; pinnacle:1.9424; paddypower:1.9355; coral:1.9221; unibet:1.9142; tabtouch:1.9142; grosvenor:1.9142; unibet_se:1.9142; leovegas:1.9142; casumo:1.9142; unibet_nl:1.9142; skybet:1.9118; betsson:1.9105; nordicbet:1.9105; pointsbetau:1.8947; coolbet:1.8947; leovegas_se:1.8889; betway:1.8874; bovada:1.8874; marathonbet:1.8802; ladbrokes_uk:1.872; unibet_uk:1.872; betmgm:1.872; tipico_de:1.872; virginbet:1.8636; draftkings:1.8624; sport888:1.8486; williamhill:1.8486; betvictor:1.8446; codere_it:1.8236
SC Bastia vs Grenoble,2026-01-03 14:00:00,1X,1.3037,1.2409,,,,,0.0005858481082905,36,0.0223164942628163,0.0192099542225957,betmgm,36,0.0628,2.75,7.01,Ligue 2,Doble Chance,0.2225,betmgm:1.3037; draftkings:1.286; unibet_uk:1.286; coolbet:1.2849; pinnacle:1.284; smarkets:1.2743; betway:1.2695; tipico_de:1.2695; marathonbet:1.2691; nordicbet:1.2672; betsson:1.2672; betfair_ex_uk:1.2645; betfair_ex_eu:1.2645; betfair_ex_au:1.2645; williamhill:1.2524; pointsbetau:1.2519; bovada:1.2516; codere_it:1.2484; betclic_fr:1.2444; winamax_de:1.2418; winamax_fr:1.2418; coral:1.2353; ladbrokes_uk:1.2353; sport888:1.2347; paddypower:1.2178; fanduel:1.2178; skybet:1.201; unibet:1.2006; tabtouch:1.1968; unibet_se:1.1968; casumo:1.1968; grosvenor:1.1968; leovegas:1.1968; unibet_nl:1.1968; leovegas_se:1.1818; virginbet:1.1818
Amiens vs Nancy,2026-01-03 14:00:00,1X,1.8534,1.7684,,,,,0.0001797330196122,34,0.0156181534372076,0.0135261148094404,pinnacle,34,0.085,2.71,5.77,Ligue 2,Doble Chance,0.4558,pinnacle:1.8534; smarkets:1.8195; grosvenor:1.8127; unibet_se:1.8127; tabtouch:1.8127; leovegas:1.8127; unibet_nl:1.8127; casumo:1.8127; unibet:1.8127; betfair_ex_uk:1.8083; betfair_ex_eu:1.8083; betfair_ex_au:1.8083; betmgm:1.7986; bovada:1.7969; virginbet:1.7875; leovegas_se:1.7875; draftkings:1.7867; coolbet:1.7832; marathonbet:1.7772; unibet_uk:1.7746; betway:1.7553; paddypower:1.7443; fanduel:1.7443; winamax_de:1.7374; winamax_fr:1.7374; tipico_de:1.7271; betclic_fr:1.7246; williamhill:1.7217; pointsbetau:1.7217; codere_it:1.6996; coral:1.6985; ladbrokes_uk:1.6985; sport888:1.6941; skybet:1.6439
Celta Vigo vs Valencia,2026-01-03 08:00:00,X2,1.9179,1.8323,,,,,0.0001481257634472,34,0.014269313839924,0.0117355600442178,unibet_nl,34,0.0856,2.63,3.42,La Liga,Doble Chance,0.5526,unibet_nl:1.9179; unibet_se:1.9179; betfair_ex_au:1.9091; betfair_ex_eu:1.9091; betfair_ex_uk:1.9091; smarkets:1.8941; coolbet:1.8941; marathonbet:1.8689; leovegas_se:1.8671; fanduel:1.8587; pinnacle:1.8444; unibet:1.8417; grosvenor:1.8417; casumo:1.8417; tabtouch:1.8417; leovegas:1.8322; winamax_de:1.8306; tipico_de:1.8284; draftkings:1.8272; betclic_fr:1.8221; codere_it:1.8164; skybet:1.8082; paddypower:1.8082; bovada:1.8031; virginbet:1.7973; coral:1.7875; betmgm:1.7875; betsson:1.783; nordicbet:1.783; tab:1.7727; winamax_fr:1.7694; williamhill:1.7662; ladbrokes_uk:1.7662; betway:1.7518
Rayo Vallecano vs Getafe,2026-01-02 15:00:00,X2,1.8158,1.7195,,,,,0.000167169845444,34,0.0150293945107907,0.0122505825703021,betfair_ex_eu,34,0.0963,2.62,0.53,La Liga,Doble Chance,8.9623,betfair_ex_eu:1.8158; betfair_ex_au:1.8158; betfair_ex_uk:1.8158; smarkets:1.7928; pinnacle:1.7602; unibet_nl:1.75; unibet_se:1.75; codere_it:1.7497; coolbet:1.7497; tipico_de:1.7479; marathonbet:1.7432; betsson:1.7345; winamax_de:1.7329; fanduel:1.7297; bovada:1.7259; draftkings:1.7156; leovegas_se:1.7156; coral:1.7155; betclic_fr:1.7155; unibet_uk:1.7085; paddypower:1.7004; betmgm:1.6986; betway:1.6812; grosvenor:1.6812; casumo:1.6812; unibet:1.6812; tabtouch:1.6812; tab:1.6812; ladbrokes_uk:1.6812; skybet:1.68; leovegas:1.6744; winamax_fr:1.6642; williamhill:1.6471; virginbet:1.6467
Elche CF vs Villarreal,2026-01-03 12:30:00,X2,1.4109,1.3402,,,,,0.0003503263749276,35,0.0192105287457697,0.0149657077171273,betfair_ex_uk,35,0.0707,2.6,0.73,La Liga,Doble Chance,6.2329,betfair_ex_uk:1.4109; betfair_ex_au:1.4109; betfair_ex_eu:1.4109; smarkets:1.3959; coolbet:1.3875; pinnacle:1.3741; marathonbet:1.3665; betsson:1.3659; nordicbet:1.3659; codere_it:1.3621; bovada:1.3509; coral:1.3509; winamax_de:1.3461; draftkings:1.339; unibet_nl:1.339; unibet_se:1.339; betclic_fr:1.3362; fanduel:1.3357; betway:1.3357; tab:1.3357; unibet_uk:1.3319; ladbrokes_uk:1.3319; betmgm:1.3319; leovegas_se:1.3203; paddypower:1.32; skybet:1.32; williamhill:1.3171; tipico_de:1.3171; winamax_fr:1.3054; unibet:1.2976; grosvenor:1.2976; casumo:1.2976; tabtouch:1.2976; leovegas:1.2867; virginbet:1.275
CF Estrela vs Braga,2026-01-03 13:00:00,1X,2.589,2.4861,,,,,8.305924039792325e-05,34,0.0105306440488715,0.008706419313695,coolbet,34,0.1029,2.6,4.41,Primeira Liga,Doble Chance,0.5873,coolbet:2.589; betfair_ex_eu:2.5856; betfair_ex_uk:2.5856; betfair_ex_au:2.5856; tipico_de:2.5578; fanduel:2.5514; paddypower:2.5514; smarkets:2.5455; draftkings:2.5142; unibet:2.5116; grosvenor:2.5116; unibet_nl:2.5116; unibet_se:2.5116; tabtouch:2.5116; leovegas_se:2.5116; casumo:2.5116; pinnacle:2.508; marathonbet:2.4953; leovegas:2.4918; pointsbetau:2.4762; betmgm:2.4706; ladbrokes_uk:2.4706; coral:2.4706; virginbet:2.4569; bovada:2.4532; betsson:2.4363; nordicbet:2.4363; betclic_fr:2.4179; betway:2.4; skybet:2.4; winamax_fr:2.3838; winamax_de:2.3838; sport888:2.3636; williamhill:2.3636
Nice vs Strasbourg,2026-01-03 13:00:00,1X,1.6284,1.5406,,,,,0.0002188922326063,36,0.0166250671604044,0.0123321291350926,betfair_ex_eu,36,0.0878,2.58,0.78,Ligue 1,Doble Chance,6.2179,betfair_ex_eu:1.6284; betfair_ex_au:1.6284; betfair_ex_uk:1.6284; smarkets:1.6022; marathonbet:1.5799; pinnacle:1.5719; coolbet:1.5709; codere_it:1.5709; leovegas_se:1.5591; unibet_nl:1.5591; fanduel:1.5504; tipico_de:1.5504; betclic_fr:1.5496; betsson:1.5456; nordicbet:1.5456; winamax_de:1.54; draftkings:1.5355; ladbrokes_uk:1.5355; betmgm:1.5355; coral:1.5355; unibet:1.5336; unibet_uk:1.5302; tabtouch:1.5242; unibet_se:1.5242; grosvenor:1.5242; casumo:1.5242; bovada:1.5192; paddypower:1.5148; skybet:1.5148; tab:1.5148; winamax_fr:1.5049; betway:1.5; williamhill:1.5; leovegas:1.4988; sport888:1.4644; virginbet:1.4479
Celtic vs Rangers,2026-01-03 07:30:00,1X,1.351,1.2773,,,,,0.0004162481579329,34,0.019917718844474,0.0156557459487905,betfair_ex_eu,34,0.0737,2.58,1.05,Premiership,Doble Chance,5.1905,betfair_ex_eu:1.351; betfair_ex_au:1.351; betfair_ex_uk:1.351; smarkets:1.3333; pinnacle:1.3106; draftkings:1.3; betsson:1.292; nordicbet:1.292; ladbrokes_uk:1.2887; coral:1.2887; fanduel:1.2887; betway:1.2829; betmgm:1.2829; pointsbetau:1.2829; paddypower:1.2829; skybet:1.2829; williamhill:1.2829; coolbet:1.2829; bovada:1.2731; marathonbet:1.2666; unibet_uk:1.2655; unibet:1.2566; unibet_nl:1.2566; leovegas:1.2566; unibet_se:1.2566; betvictor:1.2554; codere_it:1.2495; tabtouch:1.2466; grosvenor:1.2466; casumo:1.2466; tipico_de:1.2442; sport888:1.2357; leovegas_se:1.2277; virginbet:1.2176
AS Monaco vs Lyon,2026-01-03 11:00:00,1X,1.351,1.2888,,,,,0.000389320768194,36,0.0192625951575157,0.0155186091483815,betfair_ex_eu,36,0.0622,2.48,0.34,Ligue 1,Doble Chance,15.1471,betfair_ex_eu:1.351; betfair_ex_uk:1.351; smarkets:1.3422; betfair_ex_au:1.3422; pinnacle:1.3266; marathonbet:1.3264; betsson:1.3133; nordicbet:1.3133; draftkings:1.3055; winamax_de:1.3044; betway:1.3043; codere_it:1.3032; ladbrokes_uk:1.3; betmgm:1.3; coral:1.3; coolbet:1.2944; leovegas_se:1.2911; unibet_nl:1.2911; bovada:1.2887; unibet_uk:1.2887; betclic_fr:1.2808; sport888:1.2727; fanduel:1.2711; paddypower:1.2711; tipico_de:1.2667; tab:1.2667; skybet:1.2655; williamhill:1.2649; unibet:1.2622; winamax_fr:1.2611; tabtouch:1.2577; unibet_se:1.2577; grosvenor:1.2577; casumo:1.2577; leovegas:1.2388; virginbet:1.2055
Celtic vs Rangers,2026-01-03 07:30:00,X2,1.9221,1.8338,,,,,0.0001307817281305,34,0.0134112662314434,0.0111266835591573,smarkets,34,0.0883,2.48,2.03,Premiership,Doble Chance,2.202,smarkets:1.9221; betfair_ex_eu:1.9221; betfair_ex_au:1.9221; betfair_ex_uk:1.9221; unibet:1.875; unibet_nl:1.875; leovegas:1.875; unibet_se:1.875; coolbet:1.875; pinnacle:1.8609; tabtouch:1.85; grosvenor:1.85; casumo:1.85; unibet_uk:1.8367; pointsbetau:1.8367; leovegas_se:1.825; marathonbet:1.8233; coral:1.8219; fanduel:1.8219; tipico_de:1.8219; betsson:1.8127; nordicbet:1.8127; paddypower:1.8103; draftkings:1.8021; bovada:1.8021; virginbet:1.8; betvictor:1.7986; ladbrokes_uk:1.7944; betway:1.7832; betmgm:1.7832; skybet:1.7832; williamhill:1.7832; sport888:1.7746; codere_it:1.7468
Kilmarnock vs Hibernian,2026-01-03 10:00:00,1X,1.995,1.8916,,,,,0.0001188411494584,34,0.0128173629401414,0.0093411058726837,betfair_ex_uk,34,0.1034,2.47,2.76,Premiership,Doble Chance,1.4855,betfair_ex_uk:1.995; betfair_ex_eu:1.995; betfair_ex_au:1.995; smarkets:1.98; pinnacle:1.9704; pointsbetau:1.9194; betsson:1.9133; nordicbet:1.9133; coolbet:1.9091; bovada:1.8987; coral:1.8947; ladbrokes_uk:1.8947; unibet:1.8889; unibet_nl:1.8889; unibet_se:1.8889; leovegas:1.8889; fanduel:1.8882; marathonbet:1.8839; casumo:1.8789; tabtouch:1.8789; grosvenor:1.8789; betway:1.8789; tipico_de:1.8789; betmgm:1.8667; paddypower:1.8667; betvictor:1.8667; leovegas_se:1.8636; unibet_uk:1.8523; draftkings:1.8446; skybet:1.8378; sport888:1.8378; williamhill:1.8378; virginbet:1.8284; codere_it:1.8127
Elche CF vs Villarreal,2026-01-03 12:30:00,1X,1.7624,1.69,,,,,0.0001620438020513,35,0.0147129269282569,0.0119483192823936,unibet_nl,35,0.0724,2.47,3.25,La Liga,Doble Chance,0.6246,unibet_nl:1.7624; unibet_se:1.7624; betfair_ex_uk:1.7468; betfair_ex_au:1.7468; betfair_ex_eu:1.7468; leovegas_se:1.7374; coolbet:1.7302; marathonbet:1.7279; smarkets:1.7217; unibet:1.7124; grosvenor:1.7124; casumo:1.7124; tabtouch:1.7124; pinnacle:1.7063; codere_it:1.6967; draftkings:1.6967; winamax_de:1.6941; leovegas:1.6874; virginbet:1.6874; betclic_fr:1.6839; tipico_de:1.6746; unibet_uk:1.6716; bovada:1.6716; coral:1.6716; ladbrokes_uk:1.6716; betmgm:1.6716; betsson:1.669; nordicbet:1.669; fanduel:1.6485; betway:1.6485; winamax_fr:1.6328; paddypower:1.6246; skybet:1.6246; williamhill:1.6215; tab:1.5938
Córdoba vs Burgos CF,2026-01-03 15:00:00,1X,1.2778,1.2233,,,,,0.0004963110564834,34,0.0199995710397363,0.0163717771866771,coolbet,34,0.0545,2.43,4.92,La Liga 2,Doble Chance,0.7337,coolbet:1.2778; smarkets:1.2679; betfair_ex_eu:1.2679; betfair_ex_au:1.2679; betfair_ex_uk:1.2679; betway:1.2519; pointsbetau:1.2519; pinnacle:1.2503; marathonbet:1.242; unibet:1.2381; unibet_se:1.2381; unibet_nl:1.2381; draftkings:1.2353; fanduel:1.234; betsson:1.2283; nordicbet:1.2283; betmgm:1.2255; williamhill:1.218; ladbrokes_uk:1.2162; coral:1.2162; bovada:1.2143; codere_it:1.213; tabtouch:1.2006; grosvenor:1.2006; casumo:1.2006; leovegas_se:1.2006; paddypower:1.2; skybet:1.2; tipico_de:1.2; leovegas:1.1968; virginbet:1.1968; winamax_de:1.1919; betclic_fr:1.1682; winamax_fr:1.146
Guingamp vs Boulogne,2026-01-03 14:00:00,X2,1.8667,1.8074,,,,,0.0001393551755123,36,0.0137896562388801,0.010001572222382,coolbet,36,0.0593,2.43,4.85,Ligue 2,Doble Chance,0.732,coolbet:1.8667; pinnacle:1.8595; tipico_de:1.8587; betfair_ex_uk:1.8587; betfair_ex_eu:1.8587; betfair_ex_au:1.8587; winamax_de:1.8557; winamax_fr:1.8557; unibet_uk:1.8523; draftkings:1.8446; nordicbet:1.8272; betsson:1.8272; marathonbet:1.815; unibet_nl:1.8127; unibet_se:1.8127; casumo:1.8127; tabtouch:1.8127; grosvenor:1.8127; leovegas:1.8127; unibet:1.8127; betclic_fr:1.8064; bovada:1.8055; leovegas_se:1.7979; virginbet:1.7979; pointsbetau:1.7944; betmgm:1.7944; codere_it:1.7913; smarkets:1.7913; sport888:1.7875; williamhill:1.7875; fanduel:1.7662; paddypower:1.7662; betway:1.7553; skybet:1.708; coral:1.6941; ladbrokes_uk:1.6941
Tondela vs Arouca,2026-01-03 10:30:00,X2,1.7486,1.66,,,,,0.0001545673746254,34,0.0143274301281031,0.0119280444808213,coolbet,34,0.0886,2.39,4.81,Primeira Liga,Doble Chance,0.5218,coolbet:1.7486; smarkets:1.7236; pinnacle:1.7167; betfair_ex_uk:1.7102; betfair_ex_eu:1.7102; betfair_ex_au:1.7102; coral:1.7; marathonbet:1.6985; pointsbetau:1.6985; bovada:1.6867; sport888:1.6852; draftkings:1.675; betclic_fr:1.6749; paddypower:1.6617; williamhill:1.6617; winamax_fr:1.65; winamax_de:1.65; betway:1.65; ladbrokes_uk:1.65; betmgm:1.65; tipico_de:1.65; betsson:1.6496; nordicbet:1.6496; fanduel:1.6485; grosvenor:1.6246; casumo:1.6246; tabtouch:1.6246; skybet:1.6246; unibet:1.6116; unibet_nl:1.6116; unibet_se:1.6116; leovegas_se:1.6116; leovegas:1.5996; virginbet:1.5866
Melbourne Victory vs Perth Glory,2026-01-02 03:35:00,1X,1.2653,1.217,,,,,0.0004863542887387,31,0.0196682462838,0.0157922065825901,betfair_ex_au,31,0.0483,2.38,0.77,A-League,Doble Chance,7.4805,betfair_ex_au:1.2653; betfair_ex_eu:1.2653; betfair_ex_uk:1.2653; pinnacle:1.2595; draftkings:1.2508; smarkets:1.2461; coral:1.2455; coolbet:1.2412; codere_it:1.2365; bovada:1.2318; pointsbetau:1.227; ladbrokes_uk:1.2214; betmgm:1.2214; leovegas:1.2199; leovegas_se:1.2199; tab:1.2109; unibet:1.21; grosvenor:1.2055; unibet_se:1.2055; tabtouch:1.2055; casumo:1.2055; unibet_nl:1.2055; nordicbet:1.2032; betsson:1.2032; marathonbet:1.1982; williamhill:1.1982; paddypower:1.1888; winamax_de:1.1841; virginbet:1.1677; sport888:1.1667; winamax_fr:1.1505
Brentford vs Tottenham Hotspur,2026-01-01 15:00:00,X2,1.6868,1.6143,,,,,0.0001642948752523,38,0.0146436052102701,0.0118436162975217,smarkets,38,0.0725,2.36,0.61,EPL,Doble Chance,7.0,smarkets:1.6868; betfair_ex_uk:1.6763; betfair_ex_eu:1.6763; betfair_ex_au:1.6763; pinnacle:1.6633; unibet_nl:1.6616; unibet_se:1.6616; coolbet:1.6506; marathonbet:1.6381; nordicbet:1.6364; betsson:1.6364; leovegas:1.6364; leovegas_se:1.6364; bovada:1.6298; tipico_de:1.6215; winamax_de:1.6214; betclic_fr:1.6201; mybookieag:1.6141; codere_it:1.6112; unibet:1.6112; grosvenor:1.6112; casumo:1.6112; tabtouch:1.6112; unibet_uk:1.6008; betmgm:1.6008; draftkings:1.6008; skybet:1.6; fanduel:1.5859; coral:1.5859; paddypower:1.5799; virginbet:1.5799; pointsbetau:1.5651; ladbrokes_uk:1.5651; betway:1.5651; tab:1.5651; winamax_fr:1.5607; sport888:1.5435; williamhill:1.5435
Troyes vs Red Star,2026-01-03 08:00:00,X2,2.006,1.8797,,,,,0.0001126929181618,36,0.0124667206188994,0.0091808627143823,coolbet,36,0.1263,2.34,5.41,Ligue 2,Doble Chance,0.5675,coolbet:2.006; tipico_de:1.9387; betfair_ex_uk:1.9384; betfair_ex_eu:1.9384; betfair_ex_au:1.9384; draftkings:1.9204; marathonbet:1.9105; unibet_uk:1.9042; pinnacle:1.9019; betsson:1.8889; nordicbet:1.8889; pointsbetau:1.8889; leovegas:1.8882; unibet_nl:1.8882; unibet_se:1.8882; grosvenor:1.8882; casumo:1.8882; tabtouch:1.8882; unibet:1.8882; fanduel:1.8857; sport888:1.8857; betclic_fr:1.8789; paddypower:1.8727; winamax_fr:1.8636; winamax_de:1.8636; smarkets:1.8529; virginbet:1.8523; leovegas_se:1.8523; bovada:1.8508; williamhill:1.848; betmgm:1.848; skybet:1.8322; codere_it:1.8284; betway:1.8162; coral:1.7778; ladbrokes_uk:1.7778
Celta Vigo vs Valencia,2026-01-03 08:00:00,1X,1.2968,1.24,,,,,0.0004055145791828,34,0.0187072021365796,0.0153208219658982,betfair_ex_au,34,0.0568,2.33,0.92,La Liga,Doble Chance,4.7717,betfair_ex_au:1.2968; betfair_ex_eu:1.2968; betfair_ex_uk:1.2968; smarkets:1.282; marathonbet:1.2672; coolbet:1.2661; pinnacle:1.2597; codere_it:1.2593; draftkings:1.2593; winamax_de:1.258; betway:1.2571; unibet_se:1.2473; betclic_fr:1.2459; betsson:1.2457; nordicbet:1.2457; coral:1.2453; ladbrokes_uk:1.2453; betmgm:1.2453; unibet_nl:1.2393; bovada:1.2381; winamax_fr:1.2285; williamhill:1.2257; tipico_de:1.2257; fanduel:1.223; tab:1.2187; leovegas_se:1.2178; skybet:1.2098; paddypower:1.2098; unibet:1.207; grosvenor:1.207; casumo:1.207; tabtouch:1.207; leovegas:1.191; virginbet:1.1843
Atalanta BC vs AS Roma,2026-01-03 14:45:00,1X,1.3895,1.3216,,,,,0.0002887174680457,37,0.0172661667286079,0.0125689264107741,betfair_ex_au,37,0.0679,2.32,0.54,Serie A,Doble Chance,9.7037,betfair_ex_au:1.3895; betfair_ex_uk:1.3895; betfair_ex_eu:1.3895; smarkets:1.3827; unibet_se:1.3554; unibet_nl:1.3554; marathonbet:1.3451; pinnacle:1.3449; coolbet:1.3449; codere_it:1.3295; betsson:1.3227; nordicbet:1.3227; unibet_uk:1.3211; betway:1.3211; tipico_de:1.3211; winamax_de:1.32; coral:1.32; ladbrokes_uk:1.32; betmgm:1.32; pointsbetau:1.32; bovada:1.3173; leovegas_se:1.3142; casumo:1.3142; grosvenor:1.3142; tabtouch:1.3142; unibet:1.3142; skybet:1.3037; fanduel:1.3037; leovegas:1.2953; virginbet:1.2884; paddypower:1.2868; williamhill:1.2868; draftkings:1.2868; winamax_fr:1.286; tab:1.2857; betclic_fr:1.2827; sport888:1.2695
Melbourne City vs Sydney FC,2026-01-03 03:35:00,1X,1.3734,1.3142,,,,,0.0003208105902203,32,0.0177875226836148,0.0121717602985941,betfair_ex_au,32,0.0592,2.31,2.22,A-League,Doble Chance,2.1441,betfair_ex_au:1.3734; betfair_ex_eu:1.3734; betfair_ex_uk:1.3734; smarkets:1.3584; coral:1.3357; ladbrokes_uk:1.3357; codere_it:1.3321; pinnacle:1.3275; leovegas:1.3209; leovegas_se:1.3209; coolbet:1.3208; marathonbet:1.3191; unibet_uk:1.3171; unibet:1.3171; pointsbetau:1.3171; tab:1.3171; betmgm:1.3171; bovada:1.3096; draftkings:1.3095; unibet_nl:1.3058; unibet_se:1.3058; tabtouch:1.3058; casumo:1.3058; grosvenor:1.3058; paddypower:1.3018; betsson:1.2984; nordicbet:1.2984; williamhill:1.294; sport888:1.286; virginbet:1.2646; winamax_de:1.2645; winamax_fr:1.2233
Dundee United vs Dundee FC,2026-01-03 10:00:00,1X,1.2835,1.2211,,,,,0.0004155814679804,34,0.0184952176787839,0.0140598291665762,betfair_ex_uk,34,0.0624,2.27,1.72,Premiership,Doble Chance,2.9767,betfair_ex_uk:1.2835; betfair_ex_eu:1.2835; betfair_ex_au:1.2743; pinnacle:1.2558; smarkets:1.2502; coolbet:1.2436; draftkings:1.2422; betway:1.2388; pointsbetau:1.235; coral:1.2333; skybet:1.2298; paddypower:1.2298; bovada:1.226; ladbrokes_uk:1.222; unibet_uk:1.222; betmgm:1.222; sport888:1.222; williamhill:1.222; fanduel:1.2214; betsson:1.2199; nordicbet:1.2199; marathonbet:1.2197; codere_it:1.2032; betvictor:1.2017; tipico_de:1.2; unibet:1.1957; unibet_se:1.1957; leovegas:1.1957; unibet_nl:1.1957; tabtouch:1.1915; grosvenor:1.1915; casumo:1.1915; leovegas_se:1.1769; virginbet:1.1624
Motherwell vs St Mirren,2026-01-03 10:00:00,X2,1.8526,1.7546,,,,,0.0001218388354347,34,0.0128663604144193,0.0103696345622684,smarkets,34,0.098,2.26,3.0,Premiership,Doble Chance,1.27,smarkets:1.8526; betfair_ex_uk:1.8129; betfair_ex_eu:1.8129; betfair_ex_au:1.8129; coolbet:1.8055; pinnacle:1.8004; fanduel:1.7944; tipico_de:1.7778; unibet:1.7769; unibet_se:1.7769; leovegas:1.7769; unibet_nl:1.7769; pointsbetau:1.7662; paddypower:1.7662; skybet:1.7553; tabtouch:1.7518; grosvenor:1.7518; casumo:1.7518; betway:1.7518; coral:1.7486; unibet_uk:1.7411; bovada:1.7369; marathonbet:1.7324; draftkings:1.7302; leovegas_se:1.7266; ladbrokes_uk:1.7217; betmgm:1.7217; betvictor:1.7217; virginbet:1.7159; betsson:1.7159; nordicbet:1.7159; sport888:1.6941; williamhill:1.6941; codere_it:1.669
Nice vs Strasbourg,2026-01-03 13:00:00,X2,1.4977,1.4357,,,,,0.0002006353840074,36,0.0153429367619771,0.0124414927789923,betfair_ex_eu,36,0.062,2.21,0.78,Ligue 1,Doble Chance,6.2179,betfair_ex_eu:1.4977; betfair_ex_au:1.4977; betfair_ex_uk:1.4977; smarkets:1.4806; leovegas_se:1.4754; unibet_nl:1.4754; pinnacle:1.4634; marathonbet:1.4617; unibet:1.46; coolbet:1.4583; codere_it:1.4549; winamax_de:1.4412; tabtouch:1.4412; unibet_se:1.4412; grosvenor:1.4412; casumo:1.4412; draftkings:1.4407; betsson:1.4326; nordicbet:1.4326; unibet_uk:1.4326; leovegas:1.4258; betclic_fr:1.4257; ladbrokes_uk:1.4239; betmgm:1.4239; coral:1.4239; betway:1.4224; bovada:1.4151; fanduel:1.4069; winamax_fr:1.4069; sport888:1.4035; virginbet:1.3914; tipico_de:1.3896; paddypower:1.3895; skybet:1.3895; williamhill:1.3895; tab:1.3895
Amiens vs Nancy,2026-01-03 14:00:00,X2,1.2727,1.2263,,,,,0.0003944571719484,34,0.0180612341036117,0.0156651288404941,unibet_uk,34,0.0464,2.21,6.35,Ligue 2,Doble Chance,0.3228,unibet_uk:1.2727; coolbet:1.2711; betfair_ex_uk:1.262; betfair_ex_eu:1.262; betfair_ex_au:1.262; smarkets:1.258; draftkings:1.2523; betmgm:1.2523; pinnacle:1.249; marathonbet:1.2459; williamhill:1.2453; pointsbetau:1.2453; winamax_de:1.2417; winamax_fr:1.2417; sport888:1.2308; codere_it:1.2285; betclic_fr:1.2271; paddypower:1.2257; fanduel:1.2257; bovada:1.2211; betway:1.2098; coral:1.2098; ladbrokes_uk:1.2098; tipico_de:1.2045; grosvenor:1.2001; unibet_se:1.2001; tabtouch:1.2001; leovegas:1.2001; unibet_nl:1.2001; casumo:1.2001; unibet:1.2001; skybet:1.1818; virginbet:1.1813; leovegas_se:1.1772
Genoa vs Pisa,2026-01-03 09:00:00,1X,1.2297,1.1813,,,,,0.0005132899275422,37,0.0187762083703817,0.0145475723632601,betfair_ex_eu,37,0.0484,2.2,0.55,Serie A,Doble Chance,9.2,betfair_ex_eu:1.2297; betfair_ex_au:1.2297; betfair_ex_uk:1.2297; smarkets:1.2187; unibet_se:1.207; unibet_nl:1.207; coolbet:1.207; marathonbet:1.2028; fanduel:1.1961; paddypower:1.1961; coral:1.1961; pinnacle:1.1947; nordicbet:1.1922; betsson:1.1922; winamax_de:1.1895; codere_it:1.187; skybet:1.1818; pointsbetau:1.1803; casumo:1.1734; tabtouch:1.1734; grosvenor:1.1734; unibet:1.1734; leovegas_se:1.1734; bovada:1.1731; unibet_uk:1.1723; tab:1.1723; betway:1.1703; betmgm:1.1664; tipico_de:1.1642; betclic_fr:1.1642; ladbrokes_uk:1.1586; williamhill:1.1586; leovegas:1.1586; draftkings:1.1507; virginbet:1.1476; sport888:1.1443; winamax_fr:1.1013
Toulouse vs RC Lens,2026-01-02 14:45:00,X2,1.5517,1.4892,,,,,0.0001795650846409,36,0.0147974922513875,0.0110119299625775,betfair_ex_eu,36,0.0625,2.2,1.21,Ligue 1,Doble Chance,3.6033,betfair_ex_eu:1.5517; betfair_ex_uk:1.5517; betfair_ex_au:1.5517; smarkets:1.5456; pinnacle:1.5264; leovegas_se:1.5242; unibet_nl:1.5242; marathonbet:1.5142; draftkings:1.5049; betsson:1.5012; nordicbet:1.5012; fanduel:1.5; unibet:1.4988; codere_it:1.495; winamax_de:1.4893; betclic_fr:1.4889; coolbet:1.485; paddypower:1.485; tabtouch:1.4829; unibet_se:1.4829; grosvenor:1.4829; casumo:1.4829; bovada:1.482; betway:1.4797; coral:1.4797; unibet_uk:1.4796; skybet:1.4748; tab:1.4748; betmgm:1.4733; leovegas:1.4639; tipico_de:1.4573; winamax_fr:1.4542; ladbrokes_uk:1.4542; virginbet:1.4289; sport888:1.4199; williamhill:1.4199
Wolverhampton Wanderers vs West Ham United,2026-01-03 10:00:00,1X,1.4891,1.4269,,,,,0.0001976820196977,38,0.0151204213029688,0.0112321184149075,betfair_ex_au,38,0.0622,2.15,0.71,EPL,Doble Chance,6.0,betfair_ex_au:1.4891; betfair_ex_eu:1.4891; betfair_ex_uk:1.4891; coolbet:1.4738; smarkets:1.4669; unibet_se:1.4571; unibet_nl:1.4571; marathonbet:1.4539; pinnacle:1.4455; leovegas:1.4407; coral:1.4407; betmgm:1.4407; bovada:1.4321; unibet_uk:1.4316; draftkings:1.4316; codere_it:1.4283; nordicbet:1.425; betsson:1.425; leovegas_se:1.425; winamax_de:1.4239; pointsbetau:1.4239; ladbrokes_uk:1.4239; betway:1.4224; fanduel:1.4224; sport888:1.413; williamhill:1.413; paddypower:1.4061; tipico_de:1.4061; grosvenor:1.4061; unibet:1.4061; casumo:1.4061; tabtouch:1.4061; mybookieag:1.3988; skybet:1.3969; betclic_fr:1.3962; winamax_fr:1.3895; tab:1.3805; virginbet:1.3393
Brisbane Roar vs Wellington Phoenix FC,2026-01-03 01:00:00,1X,1.2265,1.1804,,,,,0.0005140301797171,32,0.0185512593840269,0.0121129187072488,betfair_ex_au,32,0.0461,2.15,1.14,A-League,Doble Chance,4.8421,betfair_ex_au:1.2265; betfair_ex_uk:1.2265; betfair_ex_eu:1.2265; smarkets:1.2028; coolbet:1.2028; pinnacle:1.1948; pointsbetau:1.1935; coral:1.1932; draftkings:1.1888; leovegas_se:1.1885; leovegas:1.1885; ladbrokes_uk:1.1881; unibet:1.1839; bovada:1.1836; betmgm:1.1835; tab:1.1831; unibet_se:1.1792; tabtouch:1.1792; unibet_nl:1.1792; grosvenor:1.1792; casumo:1.1792; nordicbet:1.1787; betsson:1.1787; codere_it:1.1787; sport888:1.1776; unibet_uk:1.1693; marathonbet:1.164; paddypower:1.1601; williamhill:1.1411; virginbet:1.1361; winamax_de:1.1358; winamax_fr:1.1027
Toulouse vs RC Lens,2026-01-02 14:45:00,1X,1.5209,1.4655,,,,,0.0001733860841134,36,0.0144181649844107,0.011477084547399,betfair_ex_eu,36,0.0554,2.11,1.21,Ligue 1,Doble Chance,3.6033,betfair_ex_eu:1.5209; betfair_ex_uk:1.5209; betfair_ex_au:1.5209; leovegas_se:1.5081; unibet_nl:1.5081; smarkets:1.502; marathonbet:1.5018; pinnacle:1.4893; betmgm:1.4893; coolbet:1.485; unibet:1.4826; coral:1.4797; winamax_de:1.4733; betway:1.4733; draftkings:1.4733; codere_it:1.4639; unibet_uk:1.4639; ladbrokes_uk:1.4605; betsson:1.4575; nordicbet:1.4575; tabtouch:1.4571; unibet_se:1.4571; grosvenor:1.4571; casumo:1.4571; betclic_fr:1.4543; fanduel:1.4542; paddypower:1.4542; bovada:1.448; leovegas:1.4479; skybet:1.4444; winamax_fr:1.4224; sport888:1.4199; williamhill:1.4199; tipico_de:1.414; tab:1.413; virginbet:1.4066
Wolverhampton Wanderers vs West Ham United,2026-01-03 10:00:00,X2,1.5989,1.544,,,,,0.000144652599127,38,0.0135204163133407,0.0110340392632147,betfair_ex_au,38,0.0549,2.09,0.71,EPL,Doble Chance,6.0,betfair_ex_au:1.5989; betfair_ex_eu:1.5989; betfair_ex_uk:1.5989; unibet_se:1.5938; unibet_nl:1.5938; smarkets:1.5881; leovegas:1.5795; coolbet:1.5751; pinnacle:1.5716; leovegas_se:1.5687; marathonbet:1.568; nordicbet:1.5601; betsson:1.5601; winamax_de:1.5504; pointsbetau:1.5504; unibet_uk:1.5486; grosvenor:1.5435; unibet:1.5435; casumo:1.5435; tabtouch:1.5435; codere_it:1.5399; draftkings:1.5399; tab:1.5325; fanduel:1.5293; tipico_de:1.5293; betclic_fr:1.5235; coral:1.5203; ladbrokes_uk:1.5203; betmgm:1.5203; betway:1.5148; paddypower:1.5148; bovada:1.5148; mybookieag:1.512; skybet:1.5041; sport888:1.5041; williamhill:1.5041; winamax_fr:1.5; virginbet:1.4682
Brentford vs Tottenham Hotspur,2026-01-01 15:00:00,1X,1.4631,1.4049,,,,,0.0001916568226362,38,0.014759682909389,0.0111874761741942,smarkets,38,0.0582,2.08,0.61,EPL,Doble Chance,7.0,smarkets:1.4631; betfair_ex_uk:1.4552; betfair_ex_eu:1.4552; betfair_ex_au:1.4552; coolbet:1.45; unibet_nl:1.4406; unibet_se:1.4406; marathonbet:1.4296; pinnacle:1.4228; leovegas:1.4218; leovegas_se:1.4218; nordicbet:1.4108; betsson:1.4108; codere_it:1.4067; mybookieag:1.4067; fanduel:1.406; betmgm:1.406; draftkings:1.406; winamax_de:1.4034; skybet:1.4034; unibet:1.4031; grosvenor:1.4031; casumo:1.4031; tabtouch:1.4031; betway:1.4; betclic_fr:1.3957; pointsbetau:1.3896; unibet_uk:1.3879; paddypower:1.3879; coral:1.3879; ladbrokes_uk:1.3719; tab:1.3719; virginbet:1.3696; bovada:1.3696; winamax_fr:1.3618; sport888:1.3554; williamhill:1.3554; tipico_de:1.354
Atalanta BC vs AS Roma,2026-01-03 14:45:00,X2,1.6985,1.6315,,,,,0.0001195930880283,37,0.0125514545054559,0.0107069741510017,betfair_ex_au,37,0.067,2.06,0.54,Serie A,Doble Chance,9.7037,betfair_ex_au:1.6985; betfair_ex_uk:1.6985; betfair_ex_eu:1.6985; smarkets:1.6867; coolbet:1.6716; pinnacle:1.6648; winamax_de:1.6624; unibet_se:1.6624; unibet_nl:1.6624; marathonbet:1.6543; coral:1.65; betmgm:1.65; pointsbetau:1.65; codere_it:1.6496; ladbrokes_uk:1.6374; unibet_uk:1.6366; bovada:1.627; tipico_de:1.6246; betsson:1.6235; nordicbet:1.6235; betclic_fr:1.6194; winamax_fr:1.6124; betway:1.6124; leovegas_se:1.6124; casumo:1.6124; grosvenor:1.6124; tabtouch:1.6124; unibet:1.6124; leovegas:1.5996; paddypower:1.5984; skybet:1.5984; fanduel:1.5984; sport888:1.5984; virginbet:1.5874; williamhill:1.5866; draftkings:1.5866; tab:1.5714
CA Osasuna vs Athletic Bilbao,2026-01-03 10:15:00,X2,1.4151,1.3623,,,,,0.0002055107519359,35,0.0149323632727581,0.0114860363701529,betfair_ex_au,35,0.0528,2.05,1.43,La Liga,Doble Chance,2.7972,betfair_ex_au:1.4151; betfair_ex_eu:1.4151; betfair_ex_uk:1.4151; smarkets:1.4093; coolbet:1.4043; marathonbet:1.3986; pinnacle:1.3942; codere_it:1.382; unibet_se:1.3792; betway:1.3709; unibet_nl:1.3709; winamax_de:1.3636; coral:1.3636; ladbrokes_uk:1.3636; betmgm:1.3636; bovada:1.3624; betsson:1.3609; nordicbet:1.3609; betclic_fr:1.359; unibet_uk:1.3569; fanduel:1.3569; tipico_de:1.3569; draftkings:1.3569; tab:1.3481; leovegas_se:1.3458; paddypower:1.3383; skybet:1.3383; williamhill:1.3383; unibet:1.3346; casumo:1.3346; grosvenor:1.3346; tabtouch:1.3346; winamax_fr:1.328; leovegas:1.3208; virginbet:1.304
Sassuolo vs Parma,2026-01-03 09:00:00,1X,1.2646,1.2122,,,,,0.0003434725398459,37,0.0166551832715566,0.0142493329360699,betfair_ex_uk,37,0.0524,2.04,0.35,Serie A,Doble Chance,15.3714,betfair_ex_uk:1.2646; betfair_ex_au:1.2646; betfair_ex_eu:1.2646; smarkets:1.2458; marathonbet:1.2404; unibet_se:1.2357; unibet_nl:1.2357; nordicbet:1.2304; betsson:1.2304; coolbet:1.2285; codere_it:1.2271; winamax_de:1.2252; ladbrokes_uk:1.223; coral:1.223; betmgm:1.223; pinnacle:1.2176; unibet_uk:1.2164; pointsbetau:1.2065; betclic_fr:1.2042; betway:1.203; bovada:1.2; tab:1.199; grosvenor:1.1981; unibet:1.1981; leovegas_se:1.1981; casumo:1.1981; tabtouch:1.1981; williamhill:1.1961; fanduel:1.1936; paddypower:1.1936; tipico_de:1.1936; sport888:1.1854; leovegas:1.1835; draftkings:1.1803; skybet:1.1789; winamax_fr:1.1749; virginbet:1.1709
CA Osasuna vs Athletic Bilbao,2026-01-03 10:15:00,1X,1.5734,1.5068,,,,,0.0001436449284277,35,0.0133692827244941,0.0104324366093108,betfair_ex_au,35,0.0666,2.04,1.43,La Liga,Doble Chance,2.7972,betfair_ex_au:1.5734; betfair_ex_eu:1.5734; betfair_ex_uk:1.5734; smarkets:1.5616; unibet_nl:1.5435; unibet_se:1.5435; marathonbet:1.5366; pinnacle:1.5249; winamax_de:1.5246; coolbet:1.5234; codere_it:1.5116; draftkings:1.5099; leovegas_se:1.5074; betclic_fr:1.5068; betsson:1.5045; nordicbet:1.5045; coral:1.5; ladbrokes_uk:1.5; betmgm:1.5; fanduel:1.4983; tipico_de:1.4983; unibet:1.4933; casumo:1.4933; grosvenor:1.4933; tabtouch:1.4933; bovada:1.4894; unibet_uk:1.4866; leovegas:1.4824; winamax_fr:1.4746; betway:1.4746; tab:1.4712; paddypower:1.4694; skybet:1.4694; williamhill:1.4694; virginbet:1.4573
Real Valladolid CF vs Real Racing Club de Santander,2026-01-03 12:30:00,1X,1.3719,1.3042,,,,,0.000250414813531,34,0.0156983764516201,0.012193160129897,coolbet,34,0.0677,2.04,4.64,La Liga 2,Doble Chance,0.8147,coolbet:1.3719; unibet:1.3388; unibet_nl:1.3388; unibet_se:1.3388; pointsbetau:1.3378; smarkets:1.3272; betfair_ex_eu:1.326; betfair_ex_uk:1.326; betfair_ex_au:1.326; williamhill:1.3171; marathonbet:1.3142; nordicbet:1.3125; betsson:1.3125; tabtouch:1.3091; grosvenor:1.3091; casumo:1.3091; leovegas_se:1.3091; fanduel:1.3037; betway:1.3037; tipico_de:1.3037; winamax_de:1.2953; draftkings:1.2948; virginbet:1.294; leovegas:1.294; pinnacle:1.2936; codere_it:1.2902; paddypower:1.2868; betmgm:1.286; skybet:1.2695; coral:1.2695; ladbrokes_uk:1.2695; betclic_fr:1.2662; bovada:1.2558; winamax_fr:1.2437
Bournemouth vs Arsenal,2026-01-03 12:30:00,X2,1.171,1.1294,,,,,0.0006767789136984,38,0.0183406033743227,0.0135529521298195,betfair_ex_uk,38,0.0416,2.03,0.55,EPL,Doble Chance,8.1273,betfair_ex_uk:1.171; betfair_ex_eu:1.171; betfair_ex_au:1.171; smarkets:1.1598; coolbet:1.1479; pinnacle:1.1466; unibet_nl:1.1429; unibet_se:1.1429; coral:1.1418; betmgm:1.1418; betsson:1.1411; nordicbet:1.1411; marathonbet:1.14; pointsbetau:1.14; bovada:1.14; codere_it:1.1371; draftkings:1.137; ladbrokes_uk:1.1352; leovegas:1.1342; unibet_uk:1.1311; betway:1.1284; winamax_de:1.1256; leovegas_se:1.1256; sport888:1.125; williamhill:1.125; grosvenor:1.1198; unibet:1.1198; casumo:1.1198; tabtouch:1.1198; mybookieag:1.1137; fanduel:1.1136; tipico_de:1.1136; betclic_fr:1.111; paddypower:1.105; skybet:1.0967; winamax_fr:1.0966; tab:1.0932; virginbet:1.0505
Clermont vs Stade Lavallois,2026-01-03 14:00:00,X2,1.493,1.4361,,,,,0.0001657237966638,36,0.0139245339844757,0.0122809078838351,unibet_uk,36,0.0569,2.0,6.2,Ligue 2,Doble Chance,0.3758,unibet_uk:1.493; coolbet:1.4874; draftkings:1.4733; betmgm:1.4712; betsson:1.4652; nordicbet:1.4652; pinnacle:1.4644; winamax_fr:1.4615; winamax_de:1.4615; smarkets:1.4594; betclic_fr:1.4552; betfair_ex_uk:1.4546; betfair_ex_eu:1.4546; betfair_ex_au:1.4546; pointsbetau:1.4496; marathonbet:1.4489; codere_it:1.4483; fanduel:1.4374; tipico_de:1.4348; paddypower:1.4246; sport888:1.4246; williamhill:1.4246; bovada:1.4246; coral:1.4211; ladbrokes_uk:1.4211; betway:1.4115; unibet:1.4067; unibet_nl:1.4067; casumo:1.4067; tabtouch:1.4067; leovegas:1.4067; grosvenor:1.4067; unibet_se:1.4067; skybet:1.3874; leovegas_se:1.3865; virginbet:1.3865
Como vs Udinese,2026-01-03 06:30:00,1X,1.2222,1.1705,,,,,0.0004077511998114,37,0.0168806929093738,0.0134449875909703,betfair_ex_eu,37,0.0517,2.0,0.0,Serie A,Doble Chance,,betfair_ex_eu:1.2222; betfair_ex_uk:1.2222; betfair_ex_au:1.2222; smarkets:1.2125; coolbet:1.1927; winamax_de:1.1841; unibet_uk:1.1839; codere_it:1.1839; coral:1.1839; unibet_nl:1.1839; unibet_se:1.1839; marathonbet:1.1835; pinnacle:1.1832; betway:1.1776; betmgm:1.1745; pointsbetau:1.173; nordicbet:1.1722; betsson:1.1722; fanduel:1.1695; paddypower:1.1685; bovada:1.1677; ladbrokes_uk:1.1648; tab:1.1648; betclic_fr:1.1583; skybet:1.1547; tipico_de:1.1507; winamax_fr:1.1505; grosvenor:1.1505; unibet:1.1505; leovegas_se:1.1505; tabtouch:1.1505; casumo:1.1505; draftkings:1.1449; sport888:1.1442; williamhill:1.1442; leovegas:1.1361; virginbet:1.1264
Aston Villa vs Nottingham Forest,2026-01-03 07:30:00,1X,1.2548,1.2102,,,,,0.000364138445422,38,0.0166574062768085,0.0123601036121141,betfair_ex_uk,38,0.0446,1.99,0.1,EPL,Doble Chance,48.4,betfair_ex_uk:1.2548; betfair_ex_au:1.2548; betfair_ex_eu:1.2548; smarkets:1.245; coolbet:1.2404; unibet_se:1.2298; unibet_nl:1.2298; marathonbet:1.2266; unibet_uk:1.2253; coral:1.2244; ladbrokes_uk:1.2244; betmgm:1.2244; codere_it:1.2199; pinnacle:1.2176; betway:1.2162; leovegas:1.2154; draftkings:1.2109; nordicbet:1.2109; betsson:1.2109; leovegas_se:1.2109; winamax_de:1.2078; fanduel:1.2075; bovada:1.2044; mybookieag:1.2; pointsbetau:1.2; sport888:1.2; casumo:1.1965; tabtouch:1.1965; grosvenor:1.1965; unibet:1.1965; betclic_fr:1.1965; paddypower:1.1932; williamhill:1.1887; tipico_de:1.1881; tab:1.1881; skybet:1.1776; winamax_fr:1.1742; virginbet:1.1298
Almería vs Granada CF,2026-01-03 10:15:00,1X,1.2055,1.1712,,,,,0.0004283959311969,34,0.0170071905439415,0.0134597944499794,betfair_ex_uk,34,0.0343,1.98,4.23,La Liga 2,Doble Chance,1.0284,betfair_ex_uk:1.2055; betfair_ex_au:1.2055; betfair_ex_eu:1.2055; smarkets:1.201; betway:1.2; coolbet:1.2; pinnacle:1.1986; unibet_se:1.1973; unibet:1.1973; unibet_nl:1.1973; marathonbet:1.1818; pointsbetau:1.1755; draftkings:1.173; betsson:1.1722; nordicbet:1.1722; leovegas_se:1.1685; grosvenor:1.1685; casumo:1.1685; tabtouch:1.1685; bovada:1.1677; williamhill:1.1667; tipico_de:1.1639; virginbet:1.1639; leovegas:1.1639; betmgm:1.1622; codere_it:1.1577; winamax_de:1.1495; fanduel:1.1488; coral:1.1466; ladbrokes_uk:1.1466; paddypower:1.1442; betclic_fr:1.1343; skybet:1.1333; winamax_fr:1.1154
SD Eibar vs CD Mirandés,2026-01-02 14:30:00,1X,1.1411,1.1026,,,,,0.0006974596531737,34,0.0178244810958734,0.0145786225244112,betfair_ex_eu,34,0.0385,1.97,3.26,La Liga 2,Doble Chance,1.5644,betfair_ex_eu:1.1411; betfair_ex_uk:1.1411; betfair_ex_au:1.1411; pinnacle:1.1381; smarkets:1.1314; coolbet:1.1314; williamhill:1.1199; draftkings:1.1172; marathonbet:1.1141; betsson:1.1124; nordicbet:1.1124; betway:1.1109; bovada:1.1074; pointsbetau:1.1074; unibet:1.1067; unibet_se:1.1067; unibet_nl:1.1067; betmgm:1.1027; tipico_de:1.098; winamax_de:1.0934; fanduel:1.0933; codere_it:1.0931; leovegas_se:1.0924; grosvenor:1.0924; tabtouch:1.0924; casumo:1.0924; paddypower:1.0838; virginbet:1.0781; leovegas:1.0781; betclic_fr:1.077; skybet:1.074; ladbrokes_uk:1.074; coral:1.074; winamax_fr:1.055
CD Castellón vs SD Huesca,2026-01-03 10:15:00,1X,1.1309,1.0917,,,,,0.000902144545231,34,0.0182980229807959,0.0130535195446812,unibet_se,34,0.0392,1.97,6.28,La Liga 2,Doble Chance,0.3838,unibet_se:1.1309; unibet:1.1309; unibet_nl:1.1309; pinnacle:1.1114; williamhill:1.1092; coolbet:1.1067; betway:1.1053; leovegas_se:1.1023; grosvenor:1.1023; casumo:1.1023; tabtouch:1.1023; betfair_ex_uk:1.0982; betfair_ex_au:1.0982; betfair_ex_eu:1.0982; draftkings:1.0962; marathonbet:1.0947; betsson:1.0946; nordicbet:1.0946; virginbet:1.0929; leovegas:1.0929; tipico_de:1.0909; betmgm:1.0908; smarkets:1.0856; bovada:1.0839; pointsbetau:1.0833; coral:1.0824; ladbrokes_uk:1.0824; winamax_de:1.0803; fanduel:1.0803; codere_it:1.0781; betclic_fr:1.0586; paddypower:1.0443; winamax_fr:1.0405; skybet:1.0405
Pau FC vs Rodez AF,2026-01-03 14:00:00,1X,1.3655,1.3305,,,,,0.0002068173055498,36,0.0145957792344053,0.0127800264601458,coolbet,36,0.035,1.94,4.98,Ligue 2,Doble Chance,0.6908,coolbet:1.3655; unibet_nl:1.3637; casumo:1.3637; tabtouch:1.3637; grosvenor:1.3637; leovegas:1.3637; unibet_se:1.3637; unibet:1.3637; virginbet:1.3567; leovegas_se:1.3567; pinnacle:1.3475; betmgm:1.3461; betfair_ex_uk:1.3422; betfair_ex_eu:1.3422; betfair_ex_au:1.3422; draftkings:1.339; pointsbetau:1.3357; betsson:1.3319; nordicbet:1.3319; unibet_uk:1.3319; marathonbet:1.3283; smarkets:1.3273; betway:1.3171; winamax_fr:1.3125; winamax_de:1.3125; bovada:1.3125; codere_it:1.302; sport888:1.3018; williamhill:1.3018; paddypower:1.2982; fanduel:1.2982; coral:1.2982; ladbrokes_uk:1.2982; betclic_fr:1.2976; tipico_de:1.2928; skybet:1.2833
Rayo Vallecano vs Getafe,2026-01-02 15:00:00,1X,1.2692,1.2294,,,,,0.0002838911759946,34,0.0154394399421568,0.0129947353832658,betfair_ex_eu,34,0.0398,1.9,0.53,La Liga,Doble Chance,8.9623,betfair_ex_eu:1.2692; betfair_ex_au:1.2692; betfair_ex_uk:1.2692; unibet_se:1.2625; unibet_nl:1.2592; smarkets:1.259; marathonbet:1.259; coolbet:1.2536; pinnacle:1.2455; codere_it:1.2436; draftkings:1.2436; leovegas_se:1.2403; betsson:1.2387; betway:1.2347; winamax_de:1.2267; bovada:1.2266; grosvenor:1.2247; casumo:1.2247; unibet:1.2247; tabtouch:1.2247; tab:1.218; coral:1.218; ladbrokes_uk:1.218; betmgm:1.218; betclic_fr:1.218; unibet_uk:1.2145; fanduel:1.2091; leovegas:1.2077; virginbet:1.2024; tipico_de:1.201; paddypower:1.2; williamhill:1.2; winamax_fr:1.1923; skybet:1.1835
Espanyol vs Barcelona,2026-01-03 15:00:00,X2,1.1774,1.1441,,,,,0.0004627445201164,34,0.0165237154313887,0.0138603843946965,betfair_ex_eu,34,0.0333,1.88,1.6,La Liga,Doble Chance,2.475,betfair_ex_eu:1.1774; betfair_ex_uk:1.1774; betfair_ex_au:1.1774; winamax_de:1.1717; smarkets:1.1717; coolbet:1.1717; marathonbet:1.1659; pinnacle:1.1618; draftkings:1.1602; unibet_se:1.1602; coral:1.1593; codere_it:1.1544; betmgm:1.1537; ladbrokes_uk:1.1529; bovada:1.1487; unibet_nl:1.1487; tipico_de:1.1429; betway:1.14; leovegas_se:1.14; winamax_fr:1.1371; betsson:1.1313; nordicbet:1.1313; tabtouch:1.1313; unibet:1.1313; grosvenor:1.1313; casumo:1.1313; betclic_fr:1.1313; skybet:1.1311; fanduel:1.1256; williamhill:1.125; leovegas:1.114; tab:1.1109; virginbet:1.108; paddypower:1.0909
Cagliari vs AC Milan,2026-01-02 14:45:00,X2,1.1608,1.1221,,,,,0.0005037426458214,37,0.0164684798572799,0.0143554634593671,betfair_ex_au,37,0.0387,1.86,0.85,Serie A,Doble Chance,5.3882,betfair_ex_au:1.1608; smarkets:1.1608; betfair_ex_eu:1.1608; betfair_ex_uk:1.1608; coolbet:1.1447; pinnacle:1.1435; marathonbet:1.1428; nordicbet:1.1358; betsson:1.1358; unibet_se:1.1358; unibet_nl:1.1358; codere_it:1.1322; fanduel:1.13; pointsbetau:1.13; ladbrokes_uk:1.1275; betmgm:1.1275; coral:1.1275; betway:1.1275; winamax_de:1.1268; unibet_uk:1.1268; bovada:1.125; williamhill:1.1092; betclic_fr:1.1089; tab:1.1087; skybet:1.1067; paddypower:1.1067; sport888:1.1067; tipico_de:1.1053; winamax_fr:1.0982; unibet:1.0982; leovegas_se:1.0982; casumo:1.0982; tabtouch:1.0982; grosvenor:1.0982; draftkings:1.0962; leovegas:1.0928; virginbet:1.0898
Sunderland vs Manchester City,2026-01-01 15:00:00,X2,1.1262,1.0908,,,,,0.0007316260342746,38,0.0168844572817229,0.0130640165869041,betfair_ex_eu,38,0.0354,1.83,0.7,EPL,Doble Chance,5.8429,betfair_ex_eu:1.1262; betfair_ex_au:1.1262; betfair_ex_uk:1.1262; smarkets:1.1216; unibet_nl:1.118; unibet_se:1.112; coolbet:1.106; leovegas:1.1059; marathonbet:1.1044; leovegas_se:1.1009; nordicbet:1.0998; betsson:1.0998; coral:1.0967; ladbrokes_uk:1.0967; unibet_uk:1.0958; bovada:1.0958; codere_it:1.0949; mybookieag:1.0949; pinnacle:1.0942; winamax_de:1.0938; tabtouch:1.0889; grosvenor:1.0889; casumo:1.0889; unibet:1.0889; draftkings:1.0828; pointsbetau:1.0813; betway:1.0813; tab:1.0813; betclic_fr:1.0813; tipico_de:1.0754; williamhill:1.0733; sport888:1.0733; betmgm:1.0733; fanduel:1.0707; winamax_fr:1.0608; virginbet:1.0597; skybet:1.0506; paddypower:1.0391
Clermont vs Stade Lavallois,2026-01-03 14:00:00,1X,1.416,1.3729,,,,,0.0001616983606277,36,0.0132472247040191,0.0104297812008173,pinnacle,36,0.0431,1.8,5.46,Ligue 2,Doble Chance,0.5623,pinnacle:1.416; coolbet:1.4071; betfair_ex_uk:1.4065; betfair_ex_eu:1.4065; betfair_ex_au:1.4065; smarkets:1.3999; unibet_uk:1.3991; betmgm:1.3991; marathonbet:1.3942; draftkings:1.3888; unibet:1.3801; unibet_nl:1.3801; casumo:1.3801; tabtouch:1.3801; leovegas:1.3801; grosvenor:1.3801; unibet_se:1.3801; sport888:1.3764; williamhill:1.3764; betway:1.3709; bovada:1.3709; betsson:1.3678; nordicbet:1.3678; leovegas_se:1.3678; virginbet:1.3678; pointsbetau:1.3677; codere_it:1.3516; winamax_fr:1.3486; winamax_de:1.3486; coral:1.3486; ladbrokes_uk:1.3486; betclic_fr:1.3454; paddypower:1.3426; fanduel:1.3426; tipico_de:1.3231; skybet:1.3067
Brighton and Hove Albion vs Burnley,2026-01-03 10:00:00,1X,1.1537,1.1149,,,,,0.0005562405292682,38,0.016120579023708,0.0120734515222371,betfair_ex_au,38,0.0388,1.78,0.19,EPL,Doble Chance,25.6316,betfair_ex_au:1.1537; betfair_ex_eu:1.1537; betfair_ex_uk:1.1537; smarkets:1.1362; pinnacle:1.1343; coolbet:1.1343; marathonbet:1.1297; unibet_uk:1.125; codere_it:1.125; pointsbetau:1.125; unibet_nl:1.125; unibet_se:1.125; draftkings:1.1242; nordicbet:1.1218; betsson:1.1218; bovada:1.1209; winamax_de:1.1194; leovegas_se:1.1194; leovegas:1.1194; coral:1.1141; ladbrokes_uk:1.1141; betmgm:1.1141; tab:1.1087; fanduel:1.1075; betclic_fr:1.1075; mybookieag:1.1066; skybet:1.1053; betway:1.103; tipico_de:1.1019; grosvenor:1.1019; casumo:1.1019; tabtouch:1.1019; unibet:1.1019; winamax_fr:1.0962; sport888:1.0909; williamhill:1.0909; paddypower:1.0806; virginbet:1.05
Juventus vs Lecce,2026-01-03 12:00:00,1X,1.0678,1.0318,,,,,0.0020886209261212,32,0.0170692509855627,0.0142942408019674,betfair_ex_uk,32,0.036,1.77,0.54,Serie A,Doble Chance,9.1852,betfair_ex_uk:1.0678; betfair_ex_au:1.0678; betfair_ex_eu:1.0678; smarkets:1.0617; coolbet:1.0481; pinnacle:1.0476; betmgm:1.0449; unibet_se:1.0443; unibet_nl:1.0443; codere_it:1.0419; ladbrokes_uk:1.0383; coral:1.0383; marathonbet:1.0369; betway:1.0356; bovada:1.0352; pointsbetau:1.0318; winamax_de:1.0284; betsson:1.0282; nordicbet:1.0282; fanduel:1.0216; unibet_uk:1.0185; tab:1.0185; betclic_fr:1.0185; draftkings:1.0161; tipico_de:1.0139; casumo:1.0139; grosvenor:1.0139; tabtouch:1.0139; unibet:1.0139; leovegas_se:1.0139; winamax_fr:1.0018; leovegas:1.0011
Cultural Leonesa vs Real Sociedad B,2026-01-03 08:00:00,1X,1.2189,1.1822,,,,,0.000300585109676,33,0.0145229996364841,0.0114893247762555,coolbet,33,0.0367,1.7,5.3,La Liga 2,Doble Chance,0.6415,coolbet:1.2189; unibet_se:1.2083; unibet:1.2083; draftkings:1.2065; betfair_ex_uk:1.2042; betfair_ex_au:1.2042; betfair_ex_eu:1.2042; pinnacle:1.204; smarkets:1.2; pointsbetau:1.1936; leovegas_se:1.187; grosvenor:1.187; casumo:1.187; tabtouch:1.187; betsson:1.1854; nordicbet:1.1854; betway:1.1854; williamhill:1.1854; marathonbet:1.1836; virginbet:1.1789; leovegas:1.1789; tipico_de:1.1769; winamax_de:1.173; betmgm:1.1723; codere_it:1.1708; bovada:1.1683; paddypower:1.1647; fanduel:1.1647; skybet:1.1584; coral:1.1507; ladbrokes_uk:1.1507; betclic_fr:1.1505; winamax_fr:1.1291
Gil Vicente vs Sporting Lisbon,2026-01-02 13:45:00,X2,1.1306,1.0872,,,,,0.000534662036888,34,0.0151765147979622,0.010536488412022,betfair_ex_eu,34,0.0434,1.68,1.27,Primeira Liga,Doble Chance,4.5354,betfair_ex_eu:1.1306; betfair_ex_au:1.1306; betfair_ex_uk:1.1306; smarkets:1.123; coral:1.1053; pinnacle:1.0971; ladbrokes_uk:1.0944; grosvenor:1.0909; casumo:1.0909; coolbet:1.0909; bovada:1.0889; betmgm:1.0875; nordicbet:1.0867; betsson:1.0867; unibet:1.0856; tabtouch:1.0856; unibet_nl:1.0856; leovegas_se:1.0856; unibet_se:1.0856; marathonbet:1.0839; sport888:1.0833; williamhill:1.0833; draftkings:1.082; betway:1.0803; leovegas:1.0766; betclic_fr:1.0766; pointsbetau:1.075; paddypower:1.0723; tipico_de:1.0712; fanduel:1.0675; winamax_fr:1.0642; winamax_de:1.0642; virginbet:1.0623; skybet:1.0588
Vitória SC vs Nacional,2026-01-02 15:45:00,1X,1.2307,1.1863,,,,,0.0002584963438117,34,0.013962516479164,0.0109728652874425,betfair_ex_eu,34,0.0444,1.68,1.66,Primeira Liga,Doble Chance,3.1867,betfair_ex_eu:1.2307; betfair_ex_au:1.2307; betfair_ex_uk:1.2307; smarkets:1.222; coral:1.2103; ladbrokes_uk:1.2103; coolbet:1.2103; draftkings:1.1944; pinnacle:1.1933; grosvenor:1.1897; casumo:1.1897; betmgm:1.1897; nordicbet:1.1856; betsson:1.1856; sport888:1.1854; marathonbet:1.1836; tabtouch:1.1793; williamhill:1.1772; paddypower:1.1769; fanduel:1.1769; pointsbetau:1.1769; bovada:1.1766; betway:1.1755; unibet:1.1751; leovegas_se:1.1751; unibet_nl:1.1751; unibet_se:1.1751; betclic_fr:1.1698; tipico_de:1.1667; winamax_fr:1.1655; winamax_de:1.1655; leovegas:1.1647; skybet:1.1647; virginbet:1.1563
Kilmarnock vs Hibernian,2026-01-03 10:00:00,X2,1.2495,1.2087,,,,,0.0002335583076167,34,0.0136217497371138,0.0107704538611497,betfair_ex_uk,34,0.0408,1.65,2.76,Premiership,Doble Chance,1.4855,betfair_ex_uk:1.2495; betfair_ex_eu:1.2495; betfair_ex_au:1.2495; paddypower:1.2357; coolbet:1.2315; smarkets:1.2307; pointsbetau:1.223; skybet:1.223; coral:1.222; ladbrokes_uk:1.222; draftkings:1.2188; pinnacle:1.2166; betmgm:1.2103; unibet:1.2065; unibet_nl:1.2065; unibet_se:1.2065; leovegas:1.2065; marathonbet:1.2042; unibet_uk:1.2042; betsson:1.2032; nordicbet:1.2032; fanduel:1.2017; casumo:1.1981; tabtouch:1.1981; grosvenor:1.1981; betway:1.1981; sport888:1.1981; williamhill:1.1981; betvictor:1.1887; bovada:1.1843; leovegas_se:1.1835; codere_it:1.1793; tipico_de:1.1769; virginbet:1.1689
Falkirk F.C. vs Aberdeen,2026-01-03 10:00:00,1X,1.4702,1.4241,,,,,0.0001091492890034,34,0.0112624390502956,0.0088765162643087,betfair_ex_au,34,0.0461,1.61,3.99,Premiership,Doble Chance,0.7118,betfair_ex_au:1.4702; betfair_ex_uk:1.4702; betfair_ex_eu:1.4702; smarkets:1.4669; pinnacle:1.4511; coral:1.4407; pointsbetau:1.4385; fanduel:1.4385; coolbet:1.4385; unibet:1.434; unibet_nl:1.434; leovegas:1.434; unibet_se:1.434; ladbrokes_uk:1.4239; betmgm:1.4239; paddypower:1.4224; betsson:1.4194; nordicbet:1.4194; marathonbet:1.4155; tabtouch:1.4151; grosvenor:1.4151; casumo:1.4151; unibet_uk:1.4151; draftkings:1.4151; betway:1.413; skybet:1.413; sport888:1.4061; williamhill:1.4061; betvictor:1.4061; tipico_de:1.4035; bovada:1.3972; leovegas_se:1.3895; virginbet:1.3827; codere_it:1.3805
CF Estrela vs Braga,2026-01-03 13:00:00,X2,1.1215,1.0946,,,,,0.0005097684886727,34,0.0147233218356541,0.012685968618069,ladbrokes_uk,34,0.0269,1.61,5.84,Primeira Liga,Doble Chance,0.1986,ladbrokes_uk:1.1215; coral:1.1215; betfair_ex_eu:1.1195; betfair_ex_uk:1.1195; coolbet:1.1161; pinnacle:1.1147; betfair_ex_au:1.1142; betsson:1.1125; nordicbet:1.1125; bovada:1.1125; paddypower:1.1053; betmgm:1.1053; smarkets:1.1014; sport888:1.0989; williamhill:1.0989; draftkings:1.0982; fanduel:1.0944; betway:1.0909; skybet:1.0909; pointsbetau:1.0909; marathonbet:1.0893; grosvenor:1.0856; casumo:1.0856; tipico_de:1.082; tabtouch:1.0803; winamax_fr:1.0803; winamax_de:1.0803; unibet:1.075; unibet_nl:1.075; unibet_se:1.075; leovegas_se:1.075; betclic_fr:1.0731; virginbet:1.0606; leovegas:1.0606
Le Mans FC vs Saint Etienne,2026-01-03 14:00:00,X2,1.4239,1.3889,,,,,0.0001202942774157,36,0.0115324930284688,0.0096990606833481,coolbet,36,0.035,1.58,5.32,Ligue 2,Doble Chance,0.5921,coolbet:1.4239; pinnacle:1.4154; unibet_uk:1.4154; leovegas:1.4092; unibet_se:1.4092; grosvenor:1.4092; unibet_nl:1.4092; unibet:1.4092; casumo:1.4092; tabtouch:1.4092; draftkings:1.4069; nordicbet:1.4; betsson:1.4; betfair_ex_uk:1.4; betfair_ex_eu:1.4; betfair_ex_au:1.4; marathonbet:1.3999; virginbet:1.3991; leovegas_se:1.3991; betmgm:1.3879; sport888:1.3876; smarkets:1.3827; bovada:1.3811; williamhill:1.3805; pointsbetau:1.3805; codere_it:1.3742; winamax_de:1.3719; winamax_fr:1.3719; paddypower:1.3714; fanduel:1.3714; betway:1.3714; betclic_fr:1.367; tipico_de:1.355; skybet:1.3464; coral:1.3378; ladbrokes_uk:1.3378
Motherwell vs St Mirren,2026-01-03 10:00:00,1X,1.2789,1.2424,,,,,0.0001922788109447,34,0.0128085616781,0.0098608660533988,coral,34,0.0365,1.58,5.97,Premiership,Doble Chance,0.1407,coral:1.2789; coolbet:1.2711; pointsbetau:1.2645; ladbrokes_uk:1.2645; betmgm:1.2645; betfair_ex_uk:1.2608; betfair_ex_eu:1.2608; betfair_ex_au:1.2608; fanduel:1.2593; draftkings:1.2571; sport888:1.2495; williamhill:1.2495; smarkets:1.2458; unibet_uk:1.2457; unibet:1.2453; unibet_se:1.2453; leovegas:1.2453; unibet_nl:1.2453; paddypower:1.2453; skybet:1.2453; marathonbet:1.2413; pinnacle:1.2398; betsson:1.2383; nordicbet:1.2383; betway:1.2381; tabtouch:1.2265; grosvenor:1.2265; casumo:1.2265; betvictor:1.2257; codere_it:1.2196; leovegas_se:1.2117; virginbet:1.2078; bovada:1.2045; tipico_de:1.1922
Guingamp vs Boulogne,2026-01-03 14:00:00,1X,1.2523,1.2086,,,,,0.0002105533579312,36,0.0129457807502642,0.010440140857014,coolbet,36,0.0437,1.57,4.85,Ligue 2,Doble Chance,0.732,coolbet:1.2523; pinnacle:1.2427; betmgm:1.2393; draftkings:1.2357; betfair_ex_uk:1.2352; betfair_ex_eu:1.2352; betfair_ex_au:1.2271; unibet_uk:1.2252; marathonbet:1.2245; pointsbetau:1.223; smarkets:1.2205; nordicbet:1.2106; betsson:1.2106; bovada:1.2106; sport888:1.2098; williamhill:1.2098; betway:1.2098; unibet_nl:1.2042; unibet_se:1.2042; casumo:1.2042; tabtouch:1.2042; grosvenor:1.2042; leovegas:1.2042; unibet:1.2042; coral:1.1961; ladbrokes_uk:1.1961; fanduel:1.1936; codere_it:1.1918; tipico_de:1.1897; winamax_de:1.1887; winamax_fr:1.1887; betclic_fr:1.1872; paddypower:1.1854; leovegas_se:1.1854; virginbet:1.1854; skybet:1.1708
Falkirk F.C. vs Aberdeen,2026-01-03 10:00:00,X2,1.537,1.4996,,,,,8.50863991200243e-05,34,0.0102203577949243,0.0083195301442949,betfair_ex_uk,34,0.0374,1.52,3.23,Premiership,Doble Chance,1.1146,betfair_ex_uk:1.537; betfair_ex_eu:1.537; smarkets:1.5355; draftkings:1.5252; unibet:1.5203; unibet_nl:1.5203; leovegas:1.5203; unibet_se:1.5203; coral:1.5203; betfair_ex_au:1.5192; pinnacle:1.5192; coolbet:1.5148; unibet_uk:1.5102; ladbrokes_uk:1.5049; betmgm:1.5049; pointsbetau:1.5; fanduel:1.5; sport888:1.5; williamhill:1.5; tabtouch:1.495; grosvenor:1.495; casumo:1.495; marathonbet:1.4929; betway:1.4896; leovegas_se:1.485; paddypower:1.485; betsson:1.4807; nordicbet:1.4807; skybet:1.4748; virginbet:1.4697; bovada:1.4644; betvictor:1.4605; codere_it:1.4597; tipico_de:1.4496
Benfica vs Estoril,2026-01-03 13:00:00,1X,1.0559,1.0237,,,,,0.0017915919591553,27,0.0144235879139117,0.0125086917736796,betfair_ex_eu,27,0.0322,1.49,1.85,Primeira Liga,Doble Chance,2.7838,betfair_ex_eu:1.0559; betfair_ex_uk:1.0559; betfair_ex_au:1.0488; smarkets:1.0387; marathonbet:1.0345; ladbrokes_uk:1.0345; coral:1.0345; sport888:1.0345; williamhill:1.0345; pinnacle:1.0299; bovada:1.0277; coolbet:1.0277; betmgm:1.0276; tipico_de:1.0244; betsson:1.0176; nordicbet:1.0176; casumo:1.0139; grosvenor:1.0139; draftkings:1.0139; unibet:1.0069; leovegas_se:1.0069; unibet_nl:1.0069; tabtouch:1.0069; unibet_se:1.0069; betway:1.0065; skybet:1.0065; pointsbetau:1.0065
Hearts vs Livingston,2026-01-03 10:00:00,1X,1.0843,1.049,,,,,0.0008425853040899,34,0.0137575204975884,0.0107916181291732,smarkets,34,0.0353,1.44,2.43,Premiership,Doble Chance,1.8066,smarkets:1.0843; ladbrokes_uk:1.0692; coral:1.0692; betmgm:1.0692; betfair_ex_au:1.0654; betfair_ex_uk:1.0654; betfair_ex_eu:1.0654; betway:1.063; coolbet:1.0612; pinnacle:1.0604; williamhill:1.0537; unibet:1.0506; leovegas:1.0506; unibet_se:1.0506; unibet_nl:1.0506; unibet_uk:1.0506; pointsbetau:1.0506; skybet:1.0506; fanduel:1.0504; sport888:1.0497; marathonbet:1.0461; draftkings:1.0443; betsson:1.0421; nordicbet:1.0421; casumo:1.0399; tabtouch:1.0399; grosvenor:1.0399; bovada:1.038; paddypower:1.0317; codere_it:1.0291; leovegas_se:1.0274; tipico_de:1.0245; betvictor:1.023; virginbet:1.0167
Stade de Reims vs Annecy FC,2026-01-03 14:00:00,1X,1.2103,1.1708,,,,,0.0001986364238031,36,0.0117031320692286,0.0099593246593277,coolbet,36,0.0395,1.37,4.85,Ligue 2,Doble Chance,0.7402,coolbet:1.2103; unibet_uk:1.1974; pinnacle:1.19; betmgm:1.1897; draftkings:1.1887; betfair_ex_uk:1.1887; betfair_ex_eu:1.1887; betfair_ex_au:1.1887; betsson:1.1829; nordicbet:1.1829; winamax_de:1.1799; winamax_fr:1.1799; sport888:1.1789; smarkets:1.1785; marathonbet:1.1774; pointsbetau:1.1769; codere_it:1.1683; bovada:1.1655; williamhill:1.1647; betway:1.1647; fanduel:1.164; betclic_fr:1.1632; casumo:1.1624; tabtouch:1.1624; grosvenor:1.1624; leovegas:1.1624; unibet_se:1.1624; unibet:1.1624; unibet_nl:1.1624; paddypower:1.1553; tipico_de:1.1553; virginbet:1.1538; leovegas_se:1.1538; coral:1.1436; ladbrokes_uk:1.1436; skybet:1.1375
Troyes vs Red Star,2026-01-03 08:00:00,1X,1.2,1.175,,,,,0.0002031880321342,36,0.0117730235227153,0.0097922853780252,unibet_uk,36,0.025,1.37,6.86,Ligue 2,Doble Chance,0.2362,unibet_uk:1.2; betfair_ex_uk:1.1918; betfair_ex_eu:1.1918; betfair_ex_au:1.1918; leovegas:1.1887; unibet_nl:1.1887; unibet_se:1.1887; grosvenor:1.1887; casumo:1.1887; tabtouch:1.1887; unibet:1.1887; betsson:1.1854; nordicbet:1.1854; williamhill:1.1854; betmgm:1.1854; betclic_fr:1.1854; draftkings:1.1835; pinnacle:1.1829; pointsbetau:1.1769; marathonbet:1.1756; virginbet:1.1742; leovegas_se:1.1742; betway:1.1723; winamax_fr:1.1709; winamax_de:1.1709; coolbet:1.1709; codere_it:1.1647; sport888:1.1647; smarkets:1.1575; bovada:1.1574; fanduel:1.1521; coral:1.152; ladbrokes_uk:1.152; paddypower:1.1436; tipico_de:1.1436; skybet:1.1375
Tondela vs Arouca,2026-01-03 10:30:00,1X,1.3171,1.2868,,,,,9.161775771984008e-05,34,0.0093617745478097,0.007970667836362,coral,34,0.0303,1.2,5.34,Primeira Liga,Doble Chance,0.3708,coral:1.3171; pinnacle:1.3073; smarkets:1.3058; betfair_ex_uk:1.3055; betfair_ex_eu:1.3055; betfair_ex_au:1.3055; ladbrokes_uk:1.3018; betmgm:1.3018; tipico_de:1.3018; coolbet:1.2982; grosvenor:1.2967; casumo:1.2967; paddypower:1.294; tabtouch:1.2931; draftkings:1.2908; bovada:1.2908; fanduel:1.286; betway:1.2833; betsson:1.2831; nordicbet:1.2831; unibet:1.2814; unibet_nl:1.2814; unibet_se:1.2814; leovegas_se:1.2814; betclic_fr:1.2765; williamhill:1.2757; leovegas:1.2743; marathonbet:1.2721; skybet:1.2679; winamax_fr:1.2645; winamax_de:1.2645; pointsbetau:1.2645; virginbet:1.259; sport888:1.2571
Vitória SC vs Nacional,2026-01-02 15:45:00,Over 2.5,2.18,2.1186,0.0003059948254363,14.0,0.0204450555254486,0.0193814174892945,0.000221454866901,14,0.0175018366198551,0.0157546621958266,unibet,14,0.0614,3.6,9.57,Primeira Liga,Goles (Over/Under),-0.1045,unibet:2.18; tabtouch:2.18; leovegas_se:2.18; unibet_nl:2.18; unibet_se:2.18; grosvenor:2.18; casumo:2.18; leovegas:2.17; coolbet:2.12; betmgm:2.05; williamhill:2.05; tipico_de:2.05; nordicbet:1.98; betsson:1.98
Vitória SC vs Nacional,2026-01-02 15:45:00,Under 2.5,1.75,1.635,0.0003059948254363,14.0,0.0204450555254485,0.0193814174892944,0.0006307018883311,14,0.0288621597833097,0.02793844869411,nordicbet,14,0.115,4.8,7.65,Primeira Liga,Goles (Over/Under),0.1203,nordicbet:1.75; betsson:1.75; tipico_de:1.75; williamhill:1.7; coolbet:1.7; betmgm:1.69; unibet:1.57; tabtouch:1.57; leovegas_se:1.57; unibet_nl:1.57; unibet_se:1.57; grosvenor:1.57; casumo:1.57; leovegas:1.56
Le Mans FC vs Saint Etienne,2026-01-03 14:00:00,Over 2.5,1.97,1.8947,0.0002762659682395,17.0,0.0195602597658893,0.0193109461057881,0.0002449873703497,17,0.0183912748048977,0.0174522259077799,unibet,17,0.0753,3.46,8.56,Ligue 2,Goles (Over/Under),-0.0596,unibet:1.97; leovegas:1.96; unibet_se:1.96; grosvenor:1.96; unibet_nl:1.96; leovegas_se:1.96; casumo:1.96; tabtouch:1.96; bovada:1.87; coolbet:1.87; pinnacle:1.86; williamhill:1.85; betmgm:1.83; nordicbet:1.82; betsson:1.82; codere_it:1.8; tipico_de:1.8
Le Mans FC vs Saint Etienne,2026-01-03 14:00:00,Under 2.5,1.95,1.8153,0.0002762659682395,17.0,0.0195602597658893,0.019310946105788,0.0004771701756315,17,0.0255754733513348,0.024439119014921,bovada,17,0.1347,4.67,4.76,Ligue 2,Goles (Over/Under),0.6912,bovada:1.95; pinnacle:1.95; tipico_de:1.9; coolbet:1.9; nordicbet:1.88; betsson:1.88; betmgm:1.87; williamhill:1.85; codere_it:1.84; leovegas:1.73; unibet_se:1.73; grosvenor:1.73; unibet_nl:1.73; unibet:1.73; leovegas_se:1.73; casumo:1.73; tabtouch:1.73
Dundee United vs Dundee FC,2026-01-03 10:00:00,Under 2.5,1.97,1.8259,0.0002704708750576,17.0,0.019356502683257,0.0187634629097576,0.0004907622196122,17,0.0259485576832738,0.0250698236926363,pinnacle,17,0.1441,4.75,4.52,Premiership,Goles (Over/Under),0.8009,pinnacle:1.97; tipico_de:1.93; bovada:1.93; williamhill:1.91; coolbet:1.9; betsson:1.88; nordicbet:1.88; codere_it:1.87; betmgm:1.87; unibet:1.74; tabtouch:1.74; grosvenor:1.74; unibet_se:1.74; leovegas:1.74; casumo:1.74; unibet_nl:1.74; leovegas_se:1.72
Dundee United vs Dundee FC,2026-01-03 10:00:00,Over 2.5,1.94,1.88,0.0002704708750576,17.0,0.019356502683257,0.0187634629097576,0.0002275676987113,17,0.0177055113154639,0.0157135344267495,unibet,17,0.06,3.27,9.02,Premiership,Goles (Over/Under),-0.0976,unibet:1.94; tabtouch:1.94; grosvenor:1.94; unibet_se:1.94; leovegas:1.94; casumo:1.94; unibet_nl:1.94; leovegas_se:1.93; coolbet:1.87; pinnacle:1.86; williamhill:1.85; betsson:1.85; nordicbet:1.85; bovada:1.82; codere_it:1.8; betmgm:1.8; tipico_de:1.75
CD Castellón vs SD Huesca,2026-01-03 10:15:00,Over 2.5,2.0,1.9418,0.0002236620850422,17.0,0.0175880210799872,0.0169420262283471,0.0001605833995448,17,0.0149071531647837,0.0136195582967637,grosvenor,17,0.0582,2.87,8.82,La Liga 2,Goles (Over/Under),-0.0964,grosvenor:2.0; leovegas:2.0; casumo:2.0; unibet_se:2.0; unibet:2.0; unibet_nl:2.0; tabtouch:2.0; leovegas_se:1.97; coolbet:1.93; pinnacle:1.91; williamhill:1.91; bovada:1.91; betsson:1.9; nordicbet:1.9; codere_it:1.88; betmgm:1.87; tipico_de:1.83
CD Castellón vs SD Huesca,2026-01-03 10:15:00,Under 2.5,1.93,1.7759,0.0002236620850422,17.0,0.0175880210799871,0.016942026228347,0.0004723161495863,17,0.0253856911000794,0.0233888352015399,pinnacle,17,0.1541,4.57,4.17,La Liga 2,Goles (Over/Under),0.9113,pinnacle:1.93; bovada:1.91; williamhill:1.85; tipico_de:1.85; coolbet:1.85; betmgm:1.83; betsson:1.8; nordicbet:1.8; codere_it:1.79; grosvenor:1.7; leovegas:1.7; casumo:1.7; unibet_se:1.7; unibet:1.7; unibet_nl:1.7; tabtouch:1.7; leovegas_se:1.68
Benfica vs Estoril,2026-01-03 13:00:00,Over 3.5,2.38,2.2775,0.0002072926576874,4.0,0.0166899355134732,0.0154630196027862,0.0002980864022634,4,0.0201804908026433,0.0198313997903601,betsson,4,0.1025,4.57,6.53,Primeira Liga,Goles (Over/Under),0.1225,betsson:2.38; nordicbet:2.38; betmgm:2.2; tipico_de:2.15
Benfica vs Estoril,2026-01-03 13:00:00,Under 3.5,1.65,1.58,0.0002072926576874,4.0,0.0166899355134732,0.0154630196027862,0.0001995502189852,4,0.0160983704177785,0.0136354297028223,tipico_de,4,0.07,2.61,7.12,Primeira Liga,Goles (Over/Under),0.0295,tipico_de:1.65; betmgm:1.57; betsson:1.55; nordicbet:1.55
Troyes vs Red Star,2026-01-03 08:00:00,Over 2.5,2.05,1.9379,0.0001850018549971,14.0,0.0159873016367857,0.0155606835081272,0.0002301142672836,14,0.0178505823613861,0.0174355488777434,betmgm,14,0.1121,3.5,8.66,Ligue 2,Goles (Over/Under),-0.0012,betmgm:2.05; betsson:2.02; nordicbet:2.02; codere_it:2.0; williamhill:2.0; tipico_de:2.0; leovegas:1.88; unibet_nl:1.88; unibet_se:1.88; grosvenor:1.88; casumo:1.88; leovegas_se:1.88; tabtouch:1.88; unibet:1.88
Troyes vs Red Star,2026-01-03 08:00:00,Under 2.5,1.8,1.7564,0.0001850018549971,14.0,0.0159873016367857,0.0155606835081271,0.00021245469025,14,0.0169706777031636,0.0163204573584877,leovegas,14,0.0436,2.94,8.75,Ligue 2,Goles (Over/Under),-0.0114,leovegas:1.8; unibet_nl:1.8; unibet_se:1.8; grosvenor:1.8; casumo:1.8; leovegas_se:1.8; tabtouch:1.8; unibet:1.8; williamhill:1.73; betsson:1.7; nordicbet:1.7; tipico_de:1.7; codere_it:1.69; betmgm:1.67
CF Estrela vs Braga,2026-01-03 13:00:00,Under 2.5,1.98,1.8419,0.0001759136911495,16.0,0.015613222073141,0.0149734653563853,0.0004147883932186,16,0.0238913262854402,0.0224967790028473,pinnacle,16,0.1381,4.46,4.27,Primeira Liga,Goles (Over/Under),0.7869,pinnacle:1.98; bovada:1.98; betsson:1.92; nordicbet:1.92; williamhill:1.91; tipico_de:1.9; coolbet:1.9; betmgm:1.83; unibet:1.77; grosvenor:1.77; unibet_nl:1.77; unibet_se:1.77; tabtouch:1.77; casumo:1.77; leovegas_se:1.76; leovegas:1.75
CF Estrela vs Braga,2026-01-03 13:00:00,Over 2.5,1.92,1.8794,0.0001759136911495,16.0,0.015613222073141,0.0149734653563853,8.616612273521575e-05,16,0.0109035516047134,0.010106489770045,unibet,16,0.0406,2.04,8.58,Primeira Liga,Goles (Over/Under),-0.1107,unibet:1.92; grosvenor:1.92; unibet_nl:1.92; unibet_se:1.92; tabtouch:1.92; casumo:1.92; leovegas_se:1.91; leovegas:1.89; coolbet:1.87; pinnacle:1.86; betmgm:1.85; tipico_de:1.85; bovada:1.85; williamhill:1.83; betsson:1.82; nordicbet:1.82
Benfica vs Estoril,2026-01-03 13:00:00,Under 2.5,2.5,2.2567,0.0001613005771132,9.0,0.0145740345575779,0.0091541223723012,0.0001791801610639,9,0.0155775814784349,0.0097175038879074,williamhill,9,0.2433,3.83,9.44,Primeira Liga,Goles (Over/Under),-0.035,williamhill:2.5; unibet:2.23; casumo:2.23; leovegas_se:2.23; grosvenor:2.23; unibet_nl:2.23; tabtouch:2.23; unibet_se:2.23; leovegas:2.2
Benfica vs Estoril,2026-01-03 13:00:00,Over 2.5,1.56,1.5456,0.0001613005771132,9.0,0.0145740345575778,0.0091541223723012,0.0002262873967064,9,0.0166753808170288,0.0104497476062589,unibet,9,0.0144,2.42,8.95,Primeira Liga,Goles (Over/Under),0.0179,unibet:1.56; casumo:1.56; leovegas_se:1.56; grosvenor:1.56; unibet_nl:1.56; tabtouch:1.56; unibet_se:1.56; leovegas:1.55; williamhill:1.44
Pau FC vs Rodez AF,2026-01-03 14:00:00,Under 2.5,2.2,2.0264,0.0001492981934703,14.0,0.014305996441353,0.0128141408955545,0.0002066113602838,14,0.0169124132701067,0.0151049680704305,tipico_de,14,0.1736,3.54,7.95,Ligue 2,Goles (Over/Under),0.0868,tipico_de:2.2; betsson:2.1; nordicbet:2.1; williamhill:2.1; codere_it:2.05; betmgm:2.05; unibet:1.98; unibet_nl:1.97; casumo:1.97; tabtouch:1.97; grosvenor:1.97; leovegas:1.97; unibet_se:1.97; leovegas_se:1.97
Pau FC vs Rodez AF,2026-01-03 14:00:00,Over 2.5,1.72,1.6893,0.0001492981934703,14.0,0.014305996441353,0.0128141408955545,0.0001551479145403,14,0.0143706580148485,0.0125550104435713,unibet_nl,14,0.0307,2.37,8.9,Ligue 2,Goles (Over/Under),-0.0292,unibet_nl:1.72; casumo:1.72; tabtouch:1.72; grosvenor:1.72; leovegas:1.72; unibet_se:1.72; unibet:1.72; leovegas_se:1.72; betmgm:1.69; williamhill:1.67; betsson:1.65; nordicbet:1.65; codere_it:1.63; tipico_de:1.6
Kilmarnock vs Hibernian,2026-01-03 10:00:00,Over 2.5,1.96,1.9294,0.0001029332529225,17.0,0.011936242451341,0.0114212827737989,7.212217842297332e-05,17,0.0099846342733893,0.0076064245040663,unibet,17,0.0306,1.88,8.82,Premiership,Goles (Over/Under),-0.1122,unibet:1.96; unibet_nl:1.96; casumo:1.96; unibet_se:1.96; tabtouch:1.96; leovegas:1.96; grosvenor:1.96; leovegas_se:1.94; pinnacle:1.94; codere_it:1.93; coolbet:1.93; betsson:1.92; nordicbet:1.92; williamhill:1.91; bovada:1.89; betmgm:1.87; tipico_de:1.83
Kilmarnock vs Hibernian,2026-01-03 10:00:00,Under 2.5,1.89,1.7882,0.0001029332529225,17.0,0.011936242451341,0.0114212827737988,0.000257548600571,17,0.0187578874847508,0.0179187804550589,pinnacle,17,0.1018,3.36,4.46,Premiership,Goles (Over/Under),0.7556,pinnacle:1.89; codere_it:1.85; williamhill:1.85; coolbet:1.85; tipico_de:1.85; bovada:1.85; betsson:1.82; nordicbet:1.82; betmgm:1.8; unibet:1.73; unibet_nl:1.73; casumo:1.73; unibet_se:1.73; tabtouch:1.73; leovegas:1.73; grosvenor:1.73; leovegas_se:1.71
CA Osasuna vs Athletic Bilbao,2026-01-03 10:15:00,Over 2.5,2.55,2.4836,9.339201355465058e-05,14.0,0.0110531293041088,0.0103295158282815,0.0001150844432462,14,0.0124064981765218,0.0112962054652304,leovegas_se,14,0.0664,3.03,5.44,La Liga,Goles (Over/Under),0.1636,leovegas_se:2.55; unibet_nl:2.55; unibet:2.55; casumo:2.55; grosvenor:2.55; tabtouch:2.55; unibet_se:2.55; leovegas:2.5; codere_it:2.46; williamhill:2.45; tipico_de:2.4; betsson:2.38; nordicbet:2.38; betmgm:2.35
CA Osasuna vs Athletic Bilbao,2026-01-03 10:15:00,Under 2.5,1.58,1.515,9.339201355465058e-05,14.0,0.0110531293041088,0.0103295158282815,0.0001296499514951,14,0.0127410128256476,0.0113698247061235,codere_it,14,0.065,1.96,3.94,La Liga,Goles (Over/Under),0.6066,codere_it:1.58; tipico_de:1.55; betsson:1.55; nordicbet:1.55; betmgm:1.53; leovegas_se:1.51; williamhill:1.5; grosvenor:1.5; leovegas:1.49; unibet_nl:1.49; unibet:1.49; casumo:1.49; tabtouch:1.49; unibet_se:1.49
Stade de Reims vs Annecy FC,2026-01-03 14:00:00,Over 2.5,2.12,2.08,8.96496099094609e-05,15.0,0.0110813435581022,0.0103715976082995,9.041676627361804e-05,15,0.0111895194586612,0.0099481787701397,casumo,15,0.04,2.28,8.9,Ligue 2,Goles (Over/Under),-0.0315,casumo:2.12; tabtouch:2.12; grosvenor:2.12; leovegas:2.12; unibet_se:2.12; unibet:2.12; leovegas_se:2.12; unibet_nl:2.12; coolbet:2.06; betsson:2.05; nordicbet:2.05; williamhill:2.05; betmgm:2.05; codere_it:2.01; tipico_de:1.97
Stade de Reims vs Annecy FC,2026-01-03 14:00:00,Under 2.5,1.74,1.6533,8.96496099094609e-05,15.0,0.0110813435581021,0.0103715976082994,0.0001550307808727,15,0.014360421413836,0.0129049216877701,coolbet,15,0.0867,2.42,6.01,Ligue 2,Goles (Over/Under),0.4343,coolbet:1.74; tipico_de:1.72; betmgm:1.69; betsson:1.68; nordicbet:1.68; williamhill:1.67; codere_it:1.66; casumo:1.62; tabtouch:1.62; grosvenor:1.62; leovegas:1.62; unibet_se:1.62; unibet:1.62; leovegas_se:1.62; unibet_nl:1.62
Hearts vs Livingston,2026-01-03 10:00:00,Under 2.5,2.25,2.0907,8.96441735424306e-05,14.0,0.0110617067848479,0.0100834619911318,0.0001746768726667,14,0.0155332326063661,0.0136898366386317,williamhill,14,0.1593,3.34,6.17,Premiership,Goles (Over/Under),0.3177,williamhill:2.25; betsson:2.18; nordicbet:2.18; betmgm:2.15; codere_it:2.11; tipico_de:2.1; unibet:2.04; leovegas:2.04; unibet_se:2.04; casumo:2.04; tabtouch:2.04; grosvenor:2.04; unibet_nl:2.04; leovegas_se:2.02
Hearts vs Livingston,2026-01-03 10:00:00,Over 2.5,1.68,1.66,8.96441735424306e-05,14.0,0.0110617067848478,0.0100834619911318,5.204620024876844e-05,14,0.0083033736839964,0.0073011773890661,unibet,14,0.02,1.37,8.54,Premiership,Goles (Over/Under),-0.048,unibet:1.68; leovegas:1.68; unibet_se:1.68; casumo:1.68; tabtouch:1.68; grosvenor:1.68; unibet_nl:1.68; leovegas_se:1.66; betsson:1.65; nordicbet:1.65; tipico_de:1.65; codere_it:1.63; betmgm:1.62; williamhill:1.62
Brisbane Roar vs Wellington Phoenix FC,2026-01-03 01:00:00,Under 2.5,2.02,1.8943,8.22890487678931e-05,14.0,0.0106754926118283,0.0100338486490805,0.0001922248594924,14,0.0163055764397663,0.0147569302267071,coolbet,14,0.1257,3.17,4.15,A-League,Goles (Over/Under),0.9518,coolbet:2.02; nordicbet:1.98; betsson:1.98; williamhill:1.95; codere_it:1.92; betmgm:1.87; unibet_se:1.85; leovegas_se:1.85; tabtouch:1.85; unibet_nl:1.85; grosvenor:1.85; casumo:1.85; leovegas:1.85; unibet:1.85
Brisbane Roar vs Wellington Phoenix FC,2026-01-03 01:00:00,Over 2.5,1.83,1.81,8.22890487678931e-05,14.0,0.0106754926118283,0.0100338486490805,5.826067447647689e-05,14,0.0089276614061905,0.0079458073737661,coolbet,14,0.02,1.59,4.15,A-League,Goles (Over/Under),0.9518,coolbet:1.83; unibet_se:1.83; leovegas_se:1.83; tabtouch:1.83; unibet_nl:1.83; grosvenor:1.83; casumo:1.83; leovegas:1.83; unibet:1.83; betmgm:1.8; nordicbet:1.78; betsson:1.78; codere_it:1.76; williamhill:1.75
Córdoba vs Burgos CF,2026-01-03 15:00:00,Over 2.5,2.5,2.2993,7.755111310084945e-05,14.0,0.0101317475526553,0.0084743942183429,0.0001294177180118,14,0.0132429034093422,0.0105976116833563,williamhill,14,0.2007,3.19,6.67,La Liga 2,Goles (Over/Under),0.3073,williamhill:2.5; betmgm:2.4; betsson:2.35; nordicbet:2.35; tipico_de:2.3; codere_it:2.29; leovegas:2.25; tabtouch:2.25; unibet:2.25; grosvenor:2.25; casumo:2.25; unibet_se:2.25; leovegas_se:2.25; unibet_nl:2.25
Córdoba vs Burgos CF,2026-01-03 15:00:00,Under 2.5,1.55,1.5343,7.755111310084945e-05,14.0,0.0101317475526554,0.0084743942183429,5.592588941423397e-05,14,0.008372083878496,0.0076735911798391,tipico_de,14,0.0157,1.27,7.99,La Liga 2,Goles (Over/Under),0.0914,tipico_de:1.55; leovegas:1.55; tabtouch:1.55; unibet:1.55; grosvenor:1.55; casumo:1.55; unibet_se:1.55; unibet_nl:1.55; leovegas_se:1.53; betsson:1.52; nordicbet:1.52; codere_it:1.51; williamhill:1.5; betmgm:1.5
Celtic vs Rangers,2026-01-03 07:30:00,Under 2.5,2.25,2.1443,7.285636744325239e-05,14.0,0.0099390457262173,0.009017234538153,0.0001113941589777,14,0.0123918329081766,0.0115121950670123,tipico_de,14,0.1057,2.69,8.96,Premiership,Goles (Over/Under),-0.058,tipico_de:2.25; betsson:2.22; nordicbet:2.22; betmgm:2.2; williamhill:2.2; codere_it:2.15; unibet:2.1; tabtouch:2.1; unibet_nl:2.1; leovegas:2.1; grosvenor:2.1; unibet_se:2.1; casumo:2.1; leovegas_se:2.08
Celtic vs Rangers,2026-01-03 07:30:00,Over 2.5,1.64,1.6193,7.285636744325239e-05,14.0,0.0099390457262173,0.009017234538153,7.578858205289129e-05,14,0.0099256814143095,0.008017537959936,unibet,14,0.0207,1.57,8.59,Premiership,Goles (Over/Under),-0.0175,unibet:1.64; tabtouch:1.64; unibet_nl:1.64; leovegas:1.64; grosvenor:1.64; unibet_se:1.64; casumo:1.64; williamhill:1.62; leovegas_se:1.61; betmgm:1.61; codere_it:1.6; betsson:1.6; nordicbet:1.6; tipico_de:1.55
Tondela vs Arouca,2026-01-03 10:30:00,Over 2.5,2.05,2.0063,6.171526399679841e-05,16.0,0.0092248875788163,0.0086462037548559,3.900826457907542e-05,16,0.0073531893000114,0.0061866455759084,pinnacle,16,0.0437,1.46,4.34,Primeira Liga,Goles (Over/Under),0.8111,pinnacle:2.05; bovada:2.05; unibet:2.02; unibet_nl:2.02; unibet_se:2.02; grosvenor:2.02; casumo:2.02; leovegas_se:2.02; leovegas:2.02; tabtouch:2.02; williamhill:2.0; betsson:1.98; nordicbet:1.98; coolbet:1.98; betmgm:1.95; tipico_de:1.95
Tondela vs Arouca,2026-01-03 10:30:00,Under 2.5,1.8,1.7256,6.171526399679841e-05,16.0,0.0092248875788162,0.0086462037548558,0.0002202731952491,16,0.0172591841016021,0.0161159828146741,pinnacle,16,0.0744,3.0,4.34,Primeira Liga,Goles (Over/Under),0.8111,pinnacle:1.8; tipico_de:1.8; bovada:1.8; coolbet:1.8; betsson:1.75; nordicbet:1.75; williamhill:1.75; betmgm:1.74; unibet:1.68; unibet_nl:1.68; unibet_se:1.68; grosvenor:1.68; casumo:1.68; leovegas_se:1.68; tabtouch:1.68; leovegas:1.66
Espanyol vs Barcelona,2026-01-03 15:00:00,Under 3.5,1.87,1.7812,5.6120649123802e-05,16.0,0.0088057847780392,0.0083338852734364,0.0001329170553935,16,0.0134845669921507,0.0121376645221627,coolbet,16,0.0888,2.45,2.98,La Liga,Goles (Over/Under),1.0168,coolbet:1.87; pinnacle:1.86; bovada:1.83; betsson:1.82; nordicbet:1.82; tipico_de:1.8; leovegas_se:1.77; grosvenor:1.76; tabtouch:1.75; unibet_se:1.75; unibet:1.75; casumo:1.75; unibet_nl:1.75; codere_it:1.74; leovegas:1.74; betmgm:1.74
Espanyol vs Barcelona,2026-01-03 15:00:00,Over 3.5,2.06,2.0075,5.6120649123802e-05,16.0,0.0088057847780392,0.0083338852734364,7.986680396996865e-05,16,0.0105211790330518,0.0092731434815852,leovegas_se,16,0.0525,2.08,5.04,La Liga,Goles (Over/Under),0.1925,leovegas_se:2.06; tabtouch:2.04; unibet_se:2.04; unibet:2.04; grosvenor:2.04; casumo:2.04; unibet_nl:2.04; pinnacle:2.03; leovegas:2.02; coolbet:2.02; bovada:2.0; betmgm:1.98; betsson:1.95; nordicbet:1.95; codere_it:1.94; tipico_de:1.93
Atalanta BC vs AS Roma,2026-01-03 14:45:00,Over 2.5,2.14,2.0864,5.5917857345692304e-05,14.0,0.008766058181666,0.0082333264596642,8.442576094792704e-05,14,0.0108110553454343,0.0097239431145313,leovegas_se,14,0.0536,2.22,5.21,Serie A,Goles (Over/Under),0.1459,leovegas_se:2.14; grosvenor:2.14; unibet_se:2.12; casumo:2.12; unibet_nl:2.12; tabtouch:2.12; codere_it:2.11; leovegas:2.1; coolbet:2.1; williamhill:2.05; tipico_de:2.05; betsson:2.02; nordicbet:2.02; betmgm:2.0
Atalanta BC vs AS Roma,2026-01-03 14:45:00,Under 2.5,1.8,1.7243,5.5917857345692304e-05,14.0,0.008766058181666,0.0082333264596642,9.79372654863588e-05,14,0.0115100265026191,0.0102229752026781,coolbet,14,0.0757,2.01,3.17,Serie A,Goles (Over/Under),0.8833,coolbet:1.8; codere_it:1.77; betsson:1.75; nordicbet:1.75; tipico_de:1.75; betmgm:1.74; leovegas_se:1.71; williamhill:1.7; unibet_se:1.7; casumo:1.7; grosvenor:1.7; unibet_nl:1.7; tabtouch:1.7; leovegas:1.67
Cultural Leonesa vs Real Sociedad B,2026-01-03 08:00:00,Under 2.5,1.74,1.6607,5.297260943546373e-05,14.0,0.0085187341093066,0.0079705112272765,0.0001334776518859,14,0.0133275414276965,0.0121372723988426,coolbet,14,0.0793,2.24,6.01,La Liga 2,Goles (Over/Under),0.406,coolbet:1.74; williamhill:1.7; tipico_de:1.7; betmgm:1.69; betsson:1.68; nordicbet:1.68; codere_it:1.67; grosvenor:1.63; leovegas:1.63; casumo:1.63; unibet_se:1.63; unibet:1.63; tabtouch:1.63; leovegas_se:1.61
Cultural Leonesa vs Real Sociedad B,2026-01-03 08:00:00,Over 2.5,2.1,2.075,5.297260943546373e-05,14.0,0.0085187341093067,0.0079705112272765,3.9922260767631455e-05,14,0.0074357196627731,0.0066861019296931,williamhill,14,0.025,1.52,6.44,La Liga 2,Goles (Over/Under),0.3121,williamhill:2.1; leovegas_se:2.1; grosvenor:2.1; leovegas:2.1; casumo:2.1; unibet_se:2.1; unibet:2.1; tabtouch:2.1; coolbet:2.06; betsson:2.05; nordicbet:2.05; betmgm:2.05; codere_it:2.04; tipico_de:2.0
Toulouse vs RC Lens,2026-01-02 14:45:00,Over 2.5,1.99,1.9024,5.272126602529999e-05,17.0,0.0085478134875131,0.008119660948749,8.673237169720541e-05,17,0.0109534072479701,0.0100923767615953,pinnacle,17,0.0876,2.11,2.88,Ligue 1,Goles (Over/Under),1.191,pinnacle:1.99; williamhill:1.95; betsson:1.95; nordicbet:1.95; bovada:1.95; coolbet:1.93; betmgm:1.91; grosvenor:1.88; codere_it:1.87; tipico_de:1.87; tabtouch:1.87; unibet:1.87; leovegas_se:1.87; leovegas:1.87; unibet_se:1.87; casumo:1.87; unibet_nl:1.87
Toulouse vs RC Lens,2026-01-02 14:45:00,Under 2.5,1.9,1.8624,5.272126602529999e-05,17.0,0.0085478134875131,0.008119660948749,8.674755151268004e-05,17,0.0109279314771484,0.0097720925385445,pinnacle,17,0.0376,2.01,2.88,Ligue 1,Goles (Over/Under),1.191,pinnacle:1.9; unibet:1.9; tabtouch:1.89; leovegas_se:1.89; leovegas:1.89; unibet_se:1.89; grosvenor:1.89; casumo:1.89; unibet_nl:1.89; tipico_de:1.87; bovada:1.87; coolbet:1.85; betsson:1.82; nordicbet:1.82; codere_it:1.8; williamhill:1.8; betmgm:1.8
Real Valladolid CF vs Real Racing Club de Santander,2026-01-03 12:30:00,Under 2.5,2.03,1.956,5.2669093157882673e-05,15.0,0.0085299143847476,0.0083812469573952,9.524275302662784e-05,15,0.0114868105393749,0.011051078196672,coolbet,15,0.074,2.25,6.08,La Liga 2,Goles (Over/Under),0.3849,coolbet:2.03; nordicbet:2.0; betsson:2.0; williamhill:2.0; tipico_de:2.0; betmgm:2.0; codere_it:1.98; tabtouch:1.92; unibet:1.92; grosvenor:1.92; leovegas:1.92; unibet_nl:1.92; casumo:1.92; unibet_se:1.92; leovegas_se:1.89
Real Valladolid CF vs Real Racing Club de Santander,2026-01-03 12:30:00,Over 2.5,1.77,1.7467,5.2669093157882673e-05,15.0,0.0085299143847476,0.0083812469573952,5.556666893342327e-05,15,0.0086767154360709,0.0079243343264119,tabtouch,15,0.0233,1.5,8.58,La Liga 2,Goles (Over/Under),-0.0186,tabtouch:1.77; unibet:1.77; grosvenor:1.77; leovegas:1.77; unibet_nl:1.77; casumo:1.77; unibet_se:1.77; coolbet:1.76; williamhill:1.75; leovegas_se:1.74; nordicbet:1.72; betsson:1.72; codere_it:1.71; betmgm:1.71; tipico_de:1.7
SD Eibar vs CD Mirandés,2026-01-02 14:30:00,Over 2.5,2.2,2.1253,4.827553824119687e-05,15.0,0.0081075876457337,0.0077946079509868,9.332723261822124e-05,15,0.0113517250176439,0.0109540400365508,williamhill,15,0.0747,2.43,7.18,La Liga 2,Goles (Over/Under),0.1504,williamhill:2.2; tipico_de:2.2; coolbet:2.19; betsson:2.18; nordicbet:2.18; codere_it:2.15; betmgm:2.15; grosvenor:2.08; tabtouch:2.08; unibet:2.08; leovegas:2.08; unibet_se:2.08; unibet_nl:2.08; casumo:2.08; leovegas_se:2.07
SD Eibar vs CD Mirandés,2026-01-02 14:30:00,Under 2.5,1.66,1.6347,4.827553824119687e-05,15.0,0.0081075876457337,0.0077946079509868,4.009043266282214e-05,15,0.0072590325788512,0.006641997449125,coolbet,15,0.0253,1.18,5.9,La Liga 2,Goles (Over/Under),0.4,coolbet:1.66; grosvenor:1.65; tabtouch:1.65; unibet:1.65; leovegas:1.65; unibet_se:1.65; unibet_nl:1.65; casumo:1.65; leovegas_se:1.63; betsson:1.62; nordicbet:1.62; williamhill:1.62; betmgm:1.62; codere_it:1.6; tipico_de:1.6
Como vs Udinese,2026-01-03 06:30:00,Under 2.5,1.83,1.7819,4.754822233379592e-05,16.0,0.0081072913702107,0.0073677047173163,7.964541083971908e-05,16,0.0104292410178135,0.0096809557808641,williamhill,16,0.0481,1.86,7.0,Serie A,Goles (Over/Under),-0.1286,williamhill:1.83; pinnacle:1.83; nordicbet:1.82; betsson:1.82; coolbet:1.82; tipico_de:1.8; bovada:1.8; betmgm:1.77; leovegas_se:1.77; codere_it:1.76; grosvenor:1.76; unibet_nl:1.75; tabtouch:1.75; casumo:1.75; unibet_se:1.75; leovegas:1.73
Como vs Udinese,2026-01-03 06:30:00,Over 2.5,2.08,2.0031,4.754822233379592e-05,16.0,0.0081072913702106,0.0073677047173162,0.0001299720788846,16,0.013419992551026,0.0110798794393648,pinnacle,16,0.0769,2.65,2.72,Serie A,Goles (Over/Under),1.2426,pinnacle:2.08; coolbet:2.08; bovada:2.05; leovegas_se:2.05; grosvenor:2.04; unibet_nl:2.02; tabtouch:2.02; casumo:2.02; unibet_se:2.02; leovegas:2.0; nordicbet:1.98; betsson:1.98; tipico_de:1.97; codere_it:1.92; betmgm:1.91; williamhill:1.91
Gil Vicente vs Sporting Lisbon,2026-01-02 13:45:00,Over 2.5,2.06,1.9306,4.533196050805202e-05,16.0,0.0079194706451639,0.0070349824557835,0.0001892215658539,16,0.0161868461751164,0.0144199840063841,pinnacle,16,0.1294,3.2,3.79,Primeira Liga,Goles (Over/Under),1.0897,pinnacle:2.06; bovada:2.05; nordicbet:1.98; betsson:1.98; coolbet:1.98; williamhill:1.95; tipico_de:1.95; betmgm:1.91; unibet:1.88; tabtouch:1.88; grosvenor:1.88; unibet_nl:1.88; casumo:1.88; leovegas_se:1.88; unibet_se:1.88; leovegas:1.87
Gil Vicente vs Sporting Lisbon,2026-01-02 13:45:00,Under 2.5,1.81,1.7837,4.533196050805202e-05,16.0,0.0079194706451639,0.0070349824557835,2.9534563050395976e-05,16,0.0063458936691495,0.0051126063411989,pinnacle,16,0.0263,1.12,3.79,Primeira Liga,Goles (Over/Under),1.0897,pinnacle:1.81; coolbet:1.8; williamhill:1.8; bovada:1.8; tipico_de:1.8; unibet:1.79; tabtouch:1.79; grosvenor:1.79; unibet_nl:1.79; casumo:1.79; unibet_se:1.79; leovegas_se:1.78; leovegas:1.77; nordicbet:1.75; betsson:1.75; betmgm:1.74
Aston Villa vs Nottingham Forest,2026-01-03 07:30:00,Under 2.5,2.04,1.95,4.487272856275907e-05,17.0,0.0078837422894014,0.007421112409474,8.447792876347361e-05,17,0.0108190399420031,0.0088518350584521,pinnacle,17,0.09,2.15,3.07,EPL,Goles (Over/Under),0.8306,pinnacle:2.04; coolbet:2.04; bovada:2.0; nordicbet:1.98; betsson:1.98; williamhill:1.95; tipico_de:1.95; mybookieag:1.94; leovegas_se:1.93; leovegas:1.93; unibet_se:1.92; casumo:1.92; tabtouch:1.92; unibet_nl:1.92; grosvenor:1.92; betmgm:1.91; codere_it:1.9
Aston Villa vs Nottingham Forest,2026-01-03 07:30:00,Over 2.5,1.89,1.8418,4.487272856275907e-05,17.0,0.0078837422894014,0.007421112409474,9.475419700795136e-05,17,0.0114142459859326,0.0102652371297974,leovegas_se,17,0.0482,2.09,4.72,EPL,Goles (Over/Under),0.1907,leovegas_se:1.89; leovegas:1.89; unibet_se:1.88; casumo:1.88; tabtouch:1.88; unibet_nl:1.88; grosvenor:1.88; pinnacle:1.85; coolbet:1.84; bovada:1.83; nordicbet:1.82; betsson:1.82; mybookieag:1.8; williamhill:1.8; tipico_de:1.8; betmgm:1.8; codere_it:1.77
Melbourne Victory vs Perth Glory,2026-01-02 03:35:00,Under 2.5,2.1,2.0092,4.261924975264898e-05,13.0,0.0076561218044787,0.0071279558493248,0.0001071895818331,13,0.0121877512509645,0.0114308974379731,williamhill,13,0.0908,2.49,7.5,A-League,Goles (Over/Under),0.14,williamhill:2.1; nordicbet:2.08; betsson:2.08; betmgm:2.05; codere_it:2.04; unibet:1.98; grosvenor:1.97; unibet_se:1.97; tabtouch:1.97; casumo:1.97; leovegas:1.97; leovegas_se:1.97; unibet_nl:1.97
Melbourne Victory vs Perth Glory,2026-01-02 03:35:00,Over 2.5,1.72,1.7023,4.261924975264898e-05,13.0,0.0076561218044788,0.0071279558493248,2.9633864731776567e-05,13,0.0063019407466584,0.005214343715573,nordicbet,13,0.0177,1.06,6.22,A-League,Goles (Over/Under),0.3746,nordicbet:1.72; betsson:1.72; grosvenor:1.71; unibet_se:1.71; unibet:1.71; tabtouch:1.71; casumo:1.71; leovegas:1.71; leovegas_se:1.71; unibet_nl:1.71; williamhill:1.67; betmgm:1.67; codere_it:1.67
Bournemouth vs Arsenal,2026-01-03 12:30:00,Under 2.5,2.33,2.2807,4.236738619887167e-05,14.0,0.0075606925272328,0.00676281331052,9.08697350353835e-05,14,0.0111543795006849,0.0093580485021726,leovegas_se,14,0.0493,2.47,5.03,EPL,Goles (Over/Under),0.1093,leovegas_se:2.33; leovegas:2.33; unibet_nl:2.32; grosvenor:2.32; unibet_se:2.32; casumo:2.32; tabtouch:2.32; betsson:2.3; nordicbet:2.3; codere_it:2.27; williamhill:2.25; mybookieag:2.2; tipico_de:2.2; betmgm:2.15
Bournemouth vs Arsenal,2026-01-03 12:30:00,Over 2.5,1.67,1.6207,4.236738619887167e-05,14.0,0.0075606925272328,0.0067628133105199,3.08862545672748e-05,14,0.0063799051734202,0.0041850578045269,codere_it,14,0.0493,1.05,3.93,EPL,Goles (Over/Under),0.4198,codere_it:1.67; tipico_de:1.65; mybookieag:1.62; williamhill:1.62; betsson:1.62; nordicbet:1.62; betmgm:1.62; unibet_nl:1.61; leovegas_se:1.61; grosvenor:1.61; unibet_se:1.61; casumo:1.61; leovegas:1.61; tabtouch:1.61
Rayo Vallecano vs Getafe,2026-01-02 15:00:00,Over 1.5,1.72,1.6564,4.2067170783096e-05,14.0,0.0075689969870707,0.0066023561418209,0.0001072110958999,14,0.0119373018102199,0.0099551694704908,coolbet,14,0.0636,2.0,3.18,La Liga,Goles (Over/Under),0.9182,coolbet:1.72; codere_it:1.7; betsson:1.7; nordicbet:1.7; leovegas_se:1.65; betmgm:1.65; grosvenor:1.64; casumo:1.64; unibet:1.64; unibet_nl:1.64; tabtouch:1.64; unibet_se:1.64; leovegas:1.63; tipico_de:1.6
Rayo Vallecano vs Getafe,2026-01-02 15:00:00,Under 1.5,2.23,2.1886,4.2067170783096e-05,14.0,0.0075689969870707,0.0066023561418208,5.571894989096221e-05,14,0.008763095684975,0.0069052400088037,grosvenor,14,0.0414,1.87,5.82,La Liga,Goles (Over/Under),0.0481,grosvenor:2.23; leovegas_se:2.23; codere_it:2.22; coolbet:2.22; tipico_de:2.2; casumo:2.2; unibet:2.2; leovegas:2.2; unibet_nl:2.2; tabtouch:2.2; unibet_se:2.2; betsson:2.12; nordicbet:2.12; betmgm:2.1
Brentford vs Tottenham Hotspur,2026-01-01 15:00:00,Over 2.5,1.9,1.8324,3.871258972962138e-05,17.0,0.0073219145631687,0.0058606030223146,6.287367546605121e-05,17,0.0092998539288224,0.0077728612036352,pinnacle,17,0.0676,1.72,2.38,EPL,Goles (Over/Under),1.2563,pinnacle:1.9; bovada:1.89; coolbet:1.87; williamhill:1.85; nordicbet:1.85; betsson:1.85; mybookieag:1.84; tipico_de:1.83; leovegas:1.82; leovegas_se:1.82; unibet_nl:1.81; unibet_se:1.81; grosvenor:1.81; casumo:1.81; tabtouch:1.81; betmgm:1.8; codere_it:1.78
Brentford vs Tottenham Hotspur,2026-01-01 15:00:00,Under 2.5,2.02,1.9706,3.871258972962138e-05,17.0,0.0073219145631687,0.0058606030223145,0.0001142066027694,17,0.0125743253287497,0.0103363202686981,leovegas,17,0.0494,2.41,4.45,EPL,Goles (Over/Under),0.2067,leovegas:2.02; leovegas_se:2.02; pinnacle:2.01; unibet_nl:2.0; unibet_se:2.0; grosvenor:2.0; casumo:2.0; tabtouch:2.0; coolbet:2.0; nordicbet:1.98; betsson:1.98; mybookieag:1.97; tipico_de:1.93; bovada:1.93; betmgm:1.91; codere_it:1.9; williamhill:1.85
Brighton and Hove Albion vs Burnley,2026-01-03 10:00:00,Over 2.5,1.76,1.7129,3.798119007283512e-05,14.0,0.0072122881785919,0.0061362450971645,0.0001032496715007,14,0.0117899549315686,0.0112107667980464,leovegas_se,14,0.0471,2.02,4.44,EPL,Goles (Over/Under),0.3198,leovegas_se:1.76; leovegas:1.76; unibet_nl:1.74; grosvenor:1.74; unibet_se:1.74; casumo:1.74; tabtouch:1.74; williamhill:1.7; betmgm:1.69; mybookieag:1.68; nordicbet:1.68; betsson:1.68; tipico_de:1.67; codere_it:1.66
Brighton and Hove Albion vs Burnley,2026-01-03 10:00:00,Under 2.5,2.18,2.1079,3.798119007283512e-05,14.0,0.0072122881785919,0.0061362450971644,4.993858772645918e-05,14,0.0083068547937147,0.0058770401673678,nordicbet,14,0.0721,1.77,5.4,EPL,Goles (Over/Under),0.0852,nordicbet:2.18; betsson:2.18; tipico_de:2.15; mybookieag:2.1; williamhill:2.1; unibet_nl:2.1; grosvenor:2.1; unibet_se:2.1; leovegas_se:2.1; leovegas:2.1; casumo:2.1; tabtouch:2.1; codere_it:2.05; betmgm:2.05
Motherwell vs St Mirren,2026-01-03 10:00:00,Under 2.5,1.75,1.704,3.524354432968832e-05,15.0,0.006969032096202,0.0062199136397943,9.211563889345583e-05,15,0.0111367546135957,0.0102911416003964,williamhill,15,0.046,1.91,7.14,Premiership,Goles (Over/Under),0.1975,williamhill:1.75; betsson:1.75; nordicbet:1.75; tipico_de:1.75; coolbet:1.74; codere_it:1.71; betmgm:1.69; unibet:1.68; tabtouch:1.68; grosvenor:1.68; unibet_se:1.68; leovegas:1.68; casumo:1.68; unibet_nl:1.68; leovegas_se:1.66
Motherwell vs St Mirren,2026-01-03 10:00:00,Over 2.5,2.06,2.0067,3.524354432968832e-05,15.0,0.0069690320962021,0.0062199136397943,3.098731359006387e-05,15,0.0065537315732888,0.0053317691398077,coolbet,15,0.0533,1.31,6.01,Premiership,Goles (Over/Under),0.4226,coolbet:2.06; unibet:2.02; tabtouch:2.02; grosvenor:2.02; unibet_se:2.02; leovegas:2.02; casumo:2.02; leovegas_se:2.02; unibet_nl:2.02; betmgm:2.0; williamhill:2.0; betsson:1.98; nordicbet:1.98; codere_it:1.97; tipico_de:1.95
Genoa vs Pisa,2026-01-03 09:00:00,Under 2.0,2.02,1.97,3.505201877217642e-05,3.0,0.0069686514630492,0.0065486151301572,6.618182061768774e-05,3,0.0095770736928208,0.008497730390571,coolbet,3,0.05,1.9,2.98,Serie A,Goles (Over/Under),0.1779,coolbet:2.02; pinnacle:1.96; bovada:1.93
Genoa vs Pisa,2026-01-03 09:00:00,Over 2.0,1.93,1.8967,3.505201877217642e-05,3.0,0.0069686514630491,0.0065486151301572,3.445248530976802e-05,3,0.0069012896517674,0.0061312127416634,pinnacle,3,0.0333,1.32,2.83,Serie A,Goles (Over/Under),0.2403,pinnacle:1.93; bovada:1.89; coolbet:1.87
Celta Vigo vs Valencia,2026-01-03 08:00:00,Over 2.5,2.16,2.0807,3.232122125355516e-05,15.0,0.0066605266421831,0.0047643681276715,6.839149092631951e-05,15,0.0097282851479953,0.0075251973487962,coolbet,15,0.0793,2.03,3.11,La Liga,Goles (Over/Under),1.0836,coolbet:2.16; tipico_de:2.15; betsson:2.12; nordicbet:2.12; leovegas_se:2.1; grosvenor:2.08; unibet:2.07; casumo:2.07; unibet_nl:2.07; tabtouch:2.07; unibet_se:2.07; leovegas:2.06; betmgm:2.05; codere_it:2.02; williamhill:2.0
Celta Vigo vs Valencia,2026-01-03 08:00:00,Under 2.5,1.76,1.7127,3.232122125355516e-05,15.0,0.0066605266421831,0.0047643681276715,6.050920752902316e-05,15,0.0090265241135092,0.0075844004684511,coolbet,15,0.0473,1.54,3.11,La Liga,Goles (Over/Under),1.0836,coolbet:1.76; williamhill:1.75; leovegas_se:1.74; grosvenor:1.73; unibet:1.72; casumo:1.72; unibet_nl:1.72; tabtouch:1.72; unibet_se:1.72; leovegas:1.71; betmgm:1.69; codere_it:1.68; betsson:1.68; nordicbet:1.68; tipico_de:1.67
Juventus vs Lecce,2026-01-03 12:00:00,Under 2.5,2.04,1.9787,3.162968312197275e-05,15.0,0.0066141067176594,0.006200539798298,7.092154999423731e-05,15,0.0099144029975494,0.0094862666759866,coolbet,15,0.0613,1.97,3.07,Serie A,Goles (Over/Under),0.9642,coolbet:2.04; codere_it:2.03; betsson:2.02; nordicbet:2.02; bovada:2.02; williamhill:2.0; tipico_de:2.0; leovegas_se:1.96; betmgm:1.95; grosvenor:1.95; casumo:1.94; unibet_se:1.94; unibet_nl:1.94; tabtouch:1.94; leovegas:1.93
Juventus vs Lecce,2026-01-03 12:00:00,Over 2.5,1.85,1.8033,3.162968312197275e-05,15.0,0.0066141067176593,0.006200539798298,6.774677821013826e-05,15,0.0096241579305494,0.0082803215696969,coolbet,15,0.0467,1.71,3.07,Serie A,Goles (Over/Under),0.9642,coolbet:1.85; codere_it:1.83; leovegas_se:1.83; bovada:1.82; casumo:1.82; unibet_se:1.82; grosvenor:1.82; unibet_nl:1.82; tabtouch:1.82; leovegas:1.8; betsson:1.78; nordicbet:1.78; tipico_de:1.77; williamhill:1.75; betmgm:1.74
Sunderland vs Manchester City,2026-01-01 15:00:00,Over 2.5,1.71,1.6754,3.1157231011890444e-05,13.0,0.0065157982498728,0.0061448109159414,0.000101457593455,13,0.0116165813191792,0.0106066522982631,leovegas,13,0.0346,1.93,4.78,EPL,Goles (Over/Under),0.2594,leovegas:1.71; leovegas_se:1.71; tabtouch:1.7; grosvenor:1.7; casumo:1.7; unibet_se:1.7; unibet_nl:1.7; williamhill:1.67; tipico_de:1.65; nordicbet:1.65; betsson:1.65; codere_it:1.62; betmgm:1.62
Sunderland vs Manchester City,2026-01-01 15:00:00,Under 2.5,2.22,2.16,3.1157231011890444e-05,13.0,0.0065157982498728,0.0061448109159413,3.700568763206633e-05,13,0.0071409515128962,0.0052302138237265,nordicbet,13,0.06,1.55,5.65,EPL,Goles (Over/Under),0.0655,nordicbet:2.22; betsson:2.22; tipico_de:2.2; leovegas:2.16; leovegas_se:2.16; betmgm:2.15; tabtouch:2.15; grosvenor:2.15; casumo:2.15; unibet_se:2.15; unibet_nl:2.15; codere_it:2.12; williamhill:2.1
Nice vs Strasbourg,2026-01-03 13:00:00,Over 2.5,1.82,1.7593,2.873606125623092e-05,15.0,0.0062991611908764,0.0050694624193562,6.01942426086892e-05,15,0.0090618995467788,0.00734834863025,betsson,15,0.0607,1.63,5.45,Ligue 1,Goles (Over/Under),0.1505,betsson:1.82; nordicbet:1.82; codere_it:1.8; tipico_de:1.77; coolbet:1.76; williamhill:1.75; grosvenor:1.75; tabtouch:1.74; unibet:1.74; leovegas_se:1.74; leovegas:1.74; unibet_se:1.74; casumo:1.74; unibet_nl:1.74; betmgm:1.74
Nice vs Strasbourg,2026-01-03 13:00:00,Under 2.5,2.06,2.024,2.873606125623092e-05,15.0,0.0062991611908764,0.0050694624193562,3.140135925593207e-05,15,0.006597419979241,0.0059145721152148,codere_it,15,0.036,1.32,4.1,Ligue 1,Goles (Over/Under),0.5293,codere_it:2.06; grosvenor:2.05; tabtouch:2.04; unibet:2.04; leovegas_se:2.04; leovegas:2.04; unibet_se:2.04; casumo:2.04; unibet_nl:2.04; coolbet:2.03; tipico_de:2.0; williamhill:2.0; betsson:1.98; nordicbet:1.98; betmgm:1.98
Melbourne City vs Sydney FC,2026-01-03 03:35:00,Under 2.5,2.03,1.8988,2.7822128338268336e-05,16.0,0.0062082895290052,0.0049435836292312,0.0001692720148572,16,0.0153054858624592,0.0126674210508039,coolbet,16,0.1312,3.01,3.02,A-League,Goles (Over/Under),1.5132,coolbet:2.03; pinnacle:2.0; bovada:2.0; betsson:1.92; nordicbet:1.92; unibet_nl:1.87; unibet_se:1.87; tabtouch:1.87; casumo:1.87; unibet:1.87; leovegas:1.87; grosvenor:1.87; leovegas_se:1.87; williamhill:1.85; betmgm:1.85; codere_it:1.85
Melbourne City vs Sydney FC,2026-01-03 03:35:00,Over 2.5,1.86,1.8225,2.7822128338268336e-05,16.0,0.0062082895290052,0.0049435836292312,1.737425178108073e-05,16,0.0048867689726349,0.0040115425434186,coolbet,16,0.0375,0.9,3.02,A-League,Goles (Over/Under),1.5132,coolbet:1.86; williamhill:1.85; pinnacle:1.85; bovada:1.83; betmgm:1.83; betsson:1.82; nordicbet:1.82; codere_it:1.82; unibet_nl:1.81; unibet_se:1.81; tabtouch:1.81; casumo:1.81; unibet:1.81; leovegas:1.81; grosvenor:1.81; leovegas_se:1.81
Córdoba vs Burgos CF,2026-01-03 15:00:00,Over 2.0,1.85,1.8267,2.628075679017124e-05,3.0,0.0060289169328834,0.0056634599535777,7.321067651703458e-05,3,0.0100207459627611,0.0094476498970881,pinnacle,3,0.0233,1.81,4.31,La Liga 2,Goles (Over/Under),0.1439,pinnacle:1.85; bovada:1.85; coolbet:1.78
Córdoba vs Burgos CF,2026-01-03 15:00:00,Under 2.0,2.01,1.9933,2.628075679017124e-05,3.0,0.0060289169328833,0.0056634599535777,7.074550274507075e-06,3,0.0031316459738624,0.0027862649428188,coolbet,3,0.0167,0.63,5.93,La Liga 2,Goles (Over/Under),-0.1686,coolbet:2.01; pinnacle:1.99; bovada:1.98
Clermont vs Stade Lavallois,2026-01-03 14:00:00,Over 2.5,2.38,2.3283,2.489444558435837e-05,6.0,0.0057441193403369,0.0050725953901388,2.772429516101233e-05,6,0.0061362325920481,0.0058357571807672,betmgm,6,0.0517,1.43,8.68,Ligue 2,Goles (Over/Under),-0.0161,betmgm:2.38; betsson:2.35; nordicbet:2.35; williamhill:2.3; tipico_de:2.3; codere_it:2.29
Clermont vs Stade Lavallois,2026-01-03 14:00:00,Under 2.5,1.55,1.525,2.489444558435837e-05,6.0,0.0057441193403369,0.0050725953901388,5.250580277869277e-05,6,0.0081121266356067,0.0071180705210771,williamhill,6,0.025,1.24,7.99,Ligue 2,Goles (Over/Under),0.0688,williamhill:1.55; tipico_de:1.55; betsson:1.52; nordicbet:1.52; codere_it:1.51; betmgm:1.5
Almería vs Granada CF,2026-01-03 10:15:00,Over 2.5,1.92,1.8218,2.006432120841152e-05,17.0,0.0052724005365235,0.003093630433151,9.425631315229304e-05,17,0.0113906495824005,0.0080392078524334,pinnacle,17,0.0982,2.14,4.17,La Liga 2,Goles (Over/Under),0.9113,pinnacle:1.92; bovada:1.91; coolbet:1.87; betsson:1.82; nordicbet:1.82; grosvenor:1.81; leovegas:1.81; casumo:1.81; unibet_se:1.81; unibet:1.81; unibet_nl:1.81; tabtouch:1.81; codere_it:1.8; williamhill:1.8; betmgm:1.8; leovegas_se:1.79; tipico_de:1.77
Almería vs Granada CF,2026-01-03 10:15:00,Under 2.5,1.95,1.8853,2.006432120841152e-05,17.0,0.0052724005365235,0.003093630433151,3.7989868048423e-05,17,0.007246357218744,0.005993412048009,williamhill,17,0.0647,1.39,6.84,La Liga 2,Goles (Over/Under),0.1652,williamhill:1.95; tipico_de:1.93; pinnacle:1.92; bovada:1.91; coolbet:1.9; betsson:1.88; nordicbet:1.88; codere_it:1.87; grosvenor:1.87; leovegas:1.87; casumo:1.87; unibet_se:1.87; unibet:1.87; unibet_nl:1.87; tabtouch:1.87; betmgm:1.87; leovegas_se:1.85
Guingamp vs Boulogne,2026-01-03 14:00:00,Under 2.5,1.8,1.7273,1.936916344151472e-05,15.0,0.0051704951438402,0.0046589344369095,5.342209172561538e-05,15,0.0085123925550272,0.0072006027126386,coolbet,15,0.0727,1.5,6.06,Ligue 2,Goles (Over/Under),0.3614,coolbet:1.8; nordicbet:1.75; betsson:1.75; williamhill:1.75; tipico_de:1.75; codere_it:1.72; leovegas_se:1.71; unibet_nl:1.71; unibet_se:1.71; casumo:1.71; tabtouch:1.71; grosvenor:1.71; leovegas:1.71; unibet:1.71; betmgm:1.71
Guingamp vs Boulogne,2026-01-03 14:00:00,Over 2.5,2.0,1.9867,1.936916344151472e-05,15.0,0.0051704951438402,0.0046589344369095,2.0242371814834943e-05,15,0.0052964951173384,0.0040925798438752,williamhill,15,0.0133,1.03,7.14,Ligue 2,Goles (Over/Under),0.1555,williamhill:2.0; leovegas_se:2.0; unibet_nl:2.0; unibet_se:2.0; casumo:2.0; tabtouch:2.0; grosvenor:2.0; leovegas:2.0; unibet:2.0; nordicbet:1.98; betsson:1.98; betmgm:1.98; coolbet:1.98; tipico_de:1.95; codere_it:1.93
AS Monaco vs Lyon,2026-01-03 11:00:00,Under 2.5,2.42,2.2967,1.8407313968873468e-05,12.0,0.0049616513595841,0.0040219575900233,3.531206055309746e-05,12,0.0069191683354977,0.0040905553699395,codere_it,12,0.1233,1.66,3.82,Ligue 1,Goles (Over/Under),0.6545,codere_it:2.42; tipico_de:2.3; williamhill:2.3; betmgm:2.3; tabtouch:2.28; unibet:2.28; leovegas_se:2.28; leovegas:2.28; unibet_se:2.28; grosvenor:2.28; casumo:2.28; unibet_nl:2.28
AS Monaco vs Lyon,2026-01-03 11:00:00,Over 2.5,1.61,1.5933,1.8407313968873468e-05,12.0,0.0049616513595841,0.0040219575900232,4.303492315966845e-05,12,0.0074336521484262,0.0051485725035295,grosvenor,12,0.0167,1.16,5.97,Ligue 1,Goles (Over/Under),0.0586,grosvenor:1.61; codere_it:1.6; tipico_de:1.6; tabtouch:1.6; unibet:1.6; leovegas_se:1.6; leovegas:1.6; unibet_se:1.6; casumo:1.6; unibet_nl:1.6; williamhill:1.57; betmgm:1.54
Elche CF vs Villarreal,2026-01-03 12:30:00,Under 2.5,2.13,2.0393,1.7680811792287075e-05,15.0,0.0049389077576464,0.0039373227167069,5.616914994180925e-05,15,0.0088209476594175,0.0054481853183901,coolbet,15,0.0907,1.79,3.13,La Liga,Goles (Over/Under),0.9201,coolbet:2.13; codere_it:2.07; leovegas_se:2.06; tipico_de:2.05; grosvenor:2.05; unibet_nl:2.04; unibet:2.04; leovegas:2.04; casumo:2.04; tabtouch:2.04; unibet_se:2.04; betsson:2.02; nordicbet:2.02; williamhill:2.0; betmgm:1.95
Elche CF vs Villarreal,2026-01-03 12:30:00,Over 2.5,1.79,1.756,1.7680811792287075e-05,15.0,0.0049389077576464,0.0039373227167069,2.63436513179546e-05,15,0.0059865019450599,0.0053373091151989,codere_it,15,0.034,1.06,4.18,La Liga,Goles (Over/Under),0.4378,codere_it:1.79; betsson:1.78; nordicbet:1.78; coolbet:1.78; betmgm:1.77; leovegas_se:1.76; williamhill:1.75; tipico_de:1.75; grosvenor:1.75; unibet_nl:1.74; unibet:1.74; casumo:1.74; tabtouch:1.74; unibet_se:1.74; leovegas:1.73
Sassuolo vs Parma,2026-01-03 09:00:00,Over 2.5,2.17,2.0564,1.7634923668181082e-05,14.0,0.00492418957267,0.0045492302929622,6.290108052252224e-05,14,0.0093294602722709,0.0069031375758856,coolbet,14,0.1136,1.97,2.9,Serie A,Goles (Over/Under),1.2517,coolbet:2.17; tipico_de:2.1; nordicbet:2.08; betsson:2.08; leovegas_se:2.06; williamhill:2.05; grosvenor:2.05; unibet_se:2.04; casumo:2.04; tabtouch:2.04; unibet_nl:2.04; codere_it:2.02; leovegas:2.02; betmgm:2.0
Sassuolo vs Parma,2026-01-03 09:00:00,Under 2.5,1.76,1.7279,1.7634923668181082e-05,14.0,0.00492418957267,0.0045492302929622,4.4704816050405775e-05,14,0.0077684097331469,0.0065948248445634,leovegas_se,14,0.0321,1.33,5.36,Serie A,Goles (Over/Under),0.2183,leovegas_se:1.76; coolbet:1.76; grosvenor:1.75; unibet_se:1.74; casumo:1.74; tabtouch:1.74; unibet_nl:1.74; leovegas:1.73; nordicbet:1.72; betsson:1.72; betmgm:1.71; williamhill:1.7; tipico_de:1.7; codere_it:1.68
Cagliari vs AC Milan,2026-01-02 14:45:00,Over 2.5,1.96,1.8738,1.729282048114478e-05,16.0,0.0048961229308671,0.0046097328251721,8.482903326973234e-05,16,0.0108258817893961,0.0087722994144167,pinnacle,16,0.0862,2.07,2.83,Serie A,Goles (Over/Under),1.2686,pinnacle:1.96; coolbet:1.95; bovada:1.93; tipico_de:1.9; leovegas_se:1.88; betmgm:1.87; grosvenor:1.87; williamhill:1.85; nordicbet:1.85; betsson:1.85; casumo:1.85; unibet_se:1.85; tabtouch:1.85; unibet_nl:1.85; codere_it:1.84; leovegas:1.83
Cagliari vs AC Milan,2026-01-02 14:45:00,Under 2.5,1.93,1.8862,1.729282048114478e-05,16.0,0.0048961229308671,0.0046097328251721,5.45169452852428e-05,16,0.0086740932655838,0.0068033410850012,pinnacle,16,0.0438,1.62,2.83,Serie A,Goles (Over/Under),1.2686,pinnacle:1.93; coolbet:1.93; leovegas_se:1.92; grosvenor:1.91; nordicbet:1.9; betsson:1.9; bovada:1.89; casumo:1.89; unibet_se:1.89; tabtouch:1.89; unibet_nl:1.89; leovegas:1.88; williamhill:1.85; tipico_de:1.85; codere_it:1.83; betmgm:1.83
Wolverhampton Wanderers vs West Ham United,2026-01-03 10:00:00,Over 2.5,1.99,1.9347,1.6930875471023508e-05,17.0,0.0048437555364767,0.0041450547376822,6.871635081780358e-05,17,0.0097495346598274,0.0079206920810895,pinnacle,17,0.0553,1.85,2.88,EPL,Goles (Over/Under),0.9965,pinnacle:1.99; coolbet:1.97; leovegas_se:1.96; leovegas:1.96; nordicbet:1.95; betsson:1.95; unibet_se:1.95; grosvenor:1.95; casumo:1.95; tabtouch:1.95; unibet_nl:1.95; bovada:1.93; williamhill:1.91; betmgm:1.91; mybookieag:1.89; tipico_de:1.87; codere_it:1.85
Wolverhampton Wanderers vs West Ham United,2026-01-03 10:00:00,Under 2.5,1.9,1.8506,1.6930875471023508e-05,17.0,0.0048437555364767,0.0041450547376821,3.660133179161981e-05,17,0.0071028749537078,0.0053366104273988,pinnacle,17,0.0494,1.33,2.88,EPL,Goles (Over/Under),0.9965,pinnacle:1.9; coolbet:1.9; bovada:1.89; tipico_de:1.87; mybookieag:1.85; williamhill:1.85; nordicbet:1.85; betsson:1.85; leovegas_se:1.85; leovegas:1.85; unibet_se:1.83; grosvenor:1.83; casumo:1.83; tabtouch:1.83; unibet_nl:1.83; betmgm:1.83; codere_it:1.82
Amiens vs Nancy,2026-01-03 14:00:00,Under 2.5,1.85,1.7753,1.5113483441719342e-05,15.0,0.0045724698438041,0.0032785217879414,7.63141901265758e-05,15,0.0102187527813174,0.0082221884520735,bovada,15,0.0747,1.86,4.56,Ligue 2,Goles (Over/Under),0.75,bovada:1.85; pinnacle:1.85; tipico_de:1.8; coolbet:1.8; codere_it:1.76; grosvenor:1.76; unibet_se:1.76; tabtouch:1.76; leovegas:1.76; unibet_nl:1.76; casumo:1.76; unibet:1.76; leovegas_se:1.76; williamhill:1.75; betmgm:1.74
Amiens vs Nancy,2026-01-03 14:00:00,Over 2.5,2.0,1.9373,1.5113483441719342e-05,15.0,0.0045724698438041,0.0032785217879414,4.331135936165078e-05,15,0.0077449374160951,0.0059809865222392,williamhill,15,0.0627,1.51,7.14,Ligue 2,Goles (Over/Under),0.1176,williamhill:2.0; bovada:1.98; coolbet:1.98; pinnacle:1.96; grosvenor:1.93; unibet_se:1.93; tabtouch:1.93; leovegas:1.93; unibet_nl:1.93; casumo:1.93; unibet:1.93; leovegas_se:1.93; betmgm:1.91; tipico_de:1.9; codere_it:1.89
Genoa vs Pisa,2026-01-03 09:00:00,Over 1.5,1.52,1.4889,1.444257504117432e-05,9.0,0.0043160119014082,0.0035393511325699,7.207473788360621e-05,9,0.0093830942332671,0.0074431135981486,nordicbet,9,0.0311,1.4,5.01,Serie A,Goles (Over/Under),0.1756,nordicbet:1.52; betsson:1.52; leovegas_se:1.5; grosvenor:1.49; casumo:1.48; unibet_se:1.48; tabtouch:1.48; unibet_nl:1.48; leovegas:1.45
Genoa vs Pisa,2026-01-03 09:00:00,Under 1.5,2.6,2.5833,1.444257504117432e-05,9.0,0.0043160119014082,0.0035393511325699,9.595170548099129e-06,9,0.0035550868837936,0.0033517680576504,casumo,9,0.0167,0.91,6.03,Serie A,Goles (Over/Under),-0.0232,casumo:2.6; unibet_se:2.6; tabtouch:2.6; unibet_nl:2.6; grosvenor:2.6; leovegas_se:2.6; nordicbet:2.55; betsson:2.55; leovegas:2.55
Falkirk F.C. vs Aberdeen,2026-01-03 10:00:00,Over 2.5,1.93,1.8453,1.1988000967386623e-05,17.0,0.0040764966444637,0.0032617613780852,7.602808774258103e-05,17,0.0102364797028856,0.0086407441209043,coolbet,17,0.0847,1.92,5.87,Premiership,Goles (Over/Under),0.3952,coolbet:1.93; pinnacle:1.91; betsson:1.88; nordicbet:1.88; bovada:1.87; betmgm:1.85; williamhill:1.85; codere_it:1.83; tipico_de:1.83; unibet:1.82; unibet_nl:1.82; leovegas:1.82; unibet_se:1.82; tabtouch:1.82; grosvenor:1.82; casumo:1.82; leovegas_se:1.8
Falkirk F.C. vs Aberdeen,2026-01-03 10:00:00,Under 2.5,1.93,1.8529,1.1988000967386623e-05,17.0,0.0040764966444637,0.0032617613780852,2.570628894753315e-05,17,0.0059569789988905,0.0031301781641434,pinnacle,17,0.0771,1.14,4.17,Premiership,Goles (Over/Under),0.964,pinnacle:1.93; bovada:1.87; unibet:1.85; unibet_nl:1.85; leovegas:1.85; unibet_se:1.85; tabtouch:1.85; grosvenor:1.85; casumo:1.85; williamhill:1.85; betsson:1.85; nordicbet:1.85; coolbet:1.85; tipico_de:1.85; codere_it:1.84; leovegas_se:1.83; betmgm:1.83
Benfica vs Estoril,2026-01-03 13:00:00,Over 3.0,1.83,1.8133,1.0676625431666064e-05,3.0,0.0038418508793637,0.003622131745474,3.821894558801488e-05,3,0.0072359016514863,0.0068220735010199,pinnacle,3,0.0167,1.3,4.64,Primeira Liga,Goles (Over/Under),0.0927,pinnacle:1.83; bovada:1.83; coolbet:1.78
Benfica vs Estoril,2026-01-03 13:00:00,Under 3.0,2.01,2.0033,1.0676625431666064e-05,3.0,0.0038418508793636,0.003622131745474,9.919353262182688e-07,3,0.0011726480616692,0.0011055831951354,coolbet,3,0.0067,0.24,5.93,Primeira Liga,Goles (Over/Under),-0.145,coolbet:2.01; pinnacle:2.0; bovada:2.0
CA Osasuna vs Athletic Bilbao,2026-01-03 10:15:00,Over 2.0,1.81,1.79,8.238877136351004e-06,2.0,0.0033691115086463,0.0033691115086463,2.8507254863299183e-05,2,0.0062427817835627,0.0062427817835627,coolbet,2,0.02,1.12,3.1,La Liga,Goles (Over/Under),0.1645,coolbet:1.81; bovada:1.77
CA Osasuna vs Athletic Bilbao,2026-01-03 10:15:00,Under 2.0,2.1,2.095,8.238877136351004e-06,2.0,0.0033691115086463,0.0033691115086463,9.380970799053364e-07,2,0.0011392116655274,0.0011392116655274,bovada,2,0.005,0.24,4.12,La Liga,Goles (Over/Under),-0.1238,bovada:2.1; coolbet:2.09
SC Bastia vs Grenoble,2026-01-03 14:00:00,Over 2.5,2.3,2.2536,5.522678099631831e-06,14.0,0.0027174608222199,0.0014122463415027,1.4754522686093397e-05,14,0.0044933046271817,0.002572306920133,williamhill,14,0.0464,1.01,7.17,Ligue 2,Goles (Over/Under),0.2413,williamhill:2.3; betmgm:2.3; nordicbet:2.25; betsson:2.25; tipico_de:2.25; tabtouch:2.25; unibet_se:2.25; casumo:2.25; leovegas_se:2.25; grosvenor:2.25; leovegas:2.25; unibet:2.25; unibet_nl:2.25; codere_it:2.2
SC Bastia vs Grenoble,2026-01-03 14:00:00,Under 2.5,1.57,1.55,5.522678099631831e-06,14.0,0.0027174608222199,0.0014122463415027,7.804841533118013e-06,14,0.0031471749004318,0.0012025904807509,williamhill,14,0.02,0.49,7.17,Ligue 2,Goles (Over/Under),0.2413,williamhill:1.57; nordicbet:1.55; codere_it:1.55; betsson:1.55; tipico_de:1.55; tabtouch:1.55; unibet_se:1.55; casumo:1.55; leovegas_se:1.55; grosvenor:1.55; leovegas:1.55; unibet:1.55; unibet_nl:1.55; betmgm:1.53
Bournemouth vs Arsenal,2026-01-03 12:30:00,Under 2.75,2.07,2.045,4.043581717756825e-06,2.0,0.002363782051282,0.002363782051282,2.5799235912793815e-05,2,0.0059788587554407,0.0059788587554407,pinnacle,2,0.025,1.22,2.95,EPL,Goles (Over/Under),0.2542,pinnacle:2.07; bovada:2.02
Bournemouth vs Arsenal,2026-01-03 12:30:00,Over 2.75,1.83,1.825,4.043581717756825e-06,2.0,0.0023637820512819,0.0023637820512819,1.6407910598303431e-06,2,0.0015012310094277,0.0015012310094277,pinnacle,2,0.005,0.27,2.95,EPL,Goles (Over/Under),0.2542,pinnacle:1.83; bovada:1.82
Genoa vs Pisa,2026-01-03 09:00:00,Under 2.5,1.52,1.5,2.867379987723481e-06,4.0,0.0019375723777246,0.0018193401901358,3.2086272225325063e-05,4,0.0062867906068301,0.0044748696064485,tipico_de,4,0.02,0.94,6.61,Serie A,Goles (Over/Under),0.1906,tipico_de:1.52; betmgm:1.5; williamhill:1.5; codere_it:1.48
Genoa vs Pisa,2026-01-03 09:00:00,Over 2.5,2.45,2.4275,2.867379987723481e-06,4.0,0.0019375723777246,0.0018193401901358,1.113705161294768e-05,4,0.0038680771117498,0.0038194738476303,williamhill,4,0.0225,0.94,7.48,Serie A,Goles (Over/Under),0.0521,williamhill:2.45; tipico_de:2.45; codere_it:2.41; betmgm:2.4
SC Bastia vs Grenoble,2026-01-03 14:00:00,Under 2.25,1.81,1.805,2.6437749492819185e-06,2.0,0.0019108495670996,0.0019108495670996,1.7190282134779016e-06,2,0.0015346838551258,0.0015346838551258,pinnacle,2,0.005,0.28,4.51,Ligue 2,Goles (Over/Under),-0.02,pinnacle:1.81; bovada:1.8
SC Bastia vs Grenoble,2026-01-03 14:00:00,Over 2.25,2.05,2.04,2.6437749492819185e-06,2.0,0.0019108495670995,0.0019108495670995,4.166911529654492e-06,2,0.0024029796948215,0.0024029796948215,bovada,2,0.01,0.49,4.34,Ligue 2,Goles (Over/Under),0.0184,bovada:2.05; pinnacle:2.03
Brighton and Hove Albion vs Burnley,2026-01-03 10:00:00,Over 2.75,1.91,1.9,2.552536855960903e-06,2.0,0.0018809136058359,0.0018809136058359,5.550909937572664e-06,2,0.0027701598382227,0.0027701598382227,pinnacle,2,0.01,0.53,2.86,EPL,Goles (Over/Under),0.3252,pinnacle:1.91; bovada:1.89
Brighton and Hove Albion vs Burnley,2026-01-03 10:00:00,Under 2.75,1.98,1.955,2.552536855960903e-06,2.0,0.0018809136058358,0.0018809136058358,3.0891203367165243e-05,2,0.0065421049877008,0.0065421049877008,pinnacle,2,0.025,1.28,2.86,EPL,Goles (Over/Under),0.3252,pinnacle:1.98; bovada:1.93
Rayo Vallecano vs Getafe,2026-01-02 15:00:00,Over 1.75,2.0,1.975,2.427260836148791e-06,2.0,0.0018338066461191,0.0018338066461191,2.9647465591088957e-05,2,0.0064102564102564,0.0064102564102564,pinnacle,2,0.025,1.27,2.91,La Liga,Goles (Over/Under),0.3162,pinnacle:2.0; bovada:1.95
Rayo Vallecano vs Getafe,2026-01-02 15:00:00,Under 1.75,1.89,1.88,2.427260836148791e-06,2.0,0.001833806646119,0.001833806646119,5.798512164200808e-06,2,0.0028294145941203,0.0028294145941203,pinnacle,2,0.01,0.53,2.91,La Liga,Goles (Over/Under),0.3162,pinnacle:1.89; bovada:1.87
Sunderland vs Manchester City,2026-01-01 15:00:00,Under 2.75,2.04,2.01,2.1331579321105603e-06,2.0,0.001718441945969,0.001718441945969,3.979551280536503e-05,2,0.0074272133095662,0.0074272133095662,pinnacle,2,0.03,1.49,2.21,EPL,Goles (Over/Under),0.5339,pinnacle:2.04; bovada:1.98
Sunderland vs Manchester City,2026-01-01 15:00:00,Over 2.75,1.88,1.865,2.1331579321105603e-06,2.0,0.001718441945969,0.001718441945969,1.348849641718598e-05,2,0.0043128234617595,0.0043128234617595,pinnacle,2,0.015,0.8,2.21,EPL,Goles (Over/Under),0.5339,pinnacle:1.88; bovada:1.85
Celtic vs Rangers,2026-01-03 07:30:00,Over 3.0,2.03,1.9967,1.624446878539003e-06,3.0,0.0014987072355521,0.001388760963229,2.480679321167593e-05,3,0.0058641155494729,0.005528741160925,pinnacle,3,0.0333,1.18,4.21,Premiership,Goles (Over/Under),0.342,pinnacle:2.03; coolbet:1.98; bovada:1.98
Celtic vs Rangers,2026-01-03 07:30:00,Under 3.0,1.82,1.8,1.624446878539003e-06,3.0,0.001498707235552,0.001388760963229,1.856006885045124e-05,3,0.0050408283806399,0.0041309779137495,pinnacle,3,0.02,0.91,4.21,Premiership,Goles (Over/Under),0.342,pinnacle:1.82; coolbet:1.8; bovada:1.78
Clermont vs Stade Lavallois,2026-01-03 14:00:00,Over 2.0,1.88,1.8667,1.147369439220579e-06,3.0,0.0012609722414919,0.0011880907750599,9.340338598549308e-06,3,0.0035887916930699,0.0032015175945088,pinnacle,3,0.0133,0.67,4.74,Ligue 2,Goles (Over/Under),0.0802,pinnacle:1.88; bovada:1.87; coolbet:1.85
Clermont vs Stade Lavallois,2026-01-03 14:00:00,Under 2.0,1.95,1.94,1.147369439220579e-06,3.0,0.0012609722414919,0.0011880907750599,3.398547615585396e-06,3,0.0021695235729513,0.001774444379006,bovada,3,0.01,0.42,4.76,Ligue 2,Goles (Over/Under),0.0756,bovada:1.95; pinnacle:1.94; coolbet:1.93
Elche CF vs Villarreal,2026-01-03 12:30:00,Over 2.75,2.02,2.0,9.6266787315917e-07,2.0,0.0011544631410794,0.0011544631410794,1.8037821686639452e-05,2,0.005000500050005,0.005000500050005,pinnacle,2,0.02,1.0,2.98,La Liga,Goles (Over/Under),0.2651,pinnacle:2.02; bovada:1.98
Elche CF vs Villarreal,2026-01-03 12:30:00,Under 2.75,1.87,1.86,9.6266787315917e-07,2.0,0.0011544631410794,0.0011544631410794,6.061662025826759e-06,2,0.0028905911258852,0.0028905911258852,pinnacle,2,0.01,0.54,2.98,La Liga,Goles (Over/Under),0.2651,pinnacle:1.87; bovada:1.85
Motherwell vs St Mirren,2026-01-03 10:00:00,Under 2.25,2.03,2.005,7.602522414848197e-07,2.0,0.0010250443262411,0.0010250443262411,2.7907702358818863e-05,2,0.0062198338060406,0.0062198338060406,pinnacle,2,0.025,1.25,4.51,Premiership,Goles (Over/Under),0.2417,pinnacle:2.03; bovada:1.98
Motherwell vs St Mirren,2026-01-03 10:00:00,Over 2.25,1.81,1.795,7.602522414848197e-07,2.0,0.0010250443262411,0.0010250443262411,1.5843503865227947e-05,2,0.0046557824818424,0.0046557824818424,pinnacle,2,0.015,0.84,4.51,Premiership,Goles (Over/Under),0.2417,pinnacle:1.81; bovada:1.78
AS Monaco vs Lyon,2026-01-03 11:00:00,Over 3.0,1.97,1.9333,7.20696151012733e-07,3.0,0.0009994935288193,0.0008232839180116,4.231968269218352e-05,3,0.0076547726073206,0.0064937951341448,pinnacle,3,0.0367,1.48,2.84,Ligue 1,Goles (Over/Under),0.6056,pinnacle:1.97; bovada:1.93; coolbet:1.9
AS Monaco vs Lyon,2026-01-03 11:00:00,Under 3.0,1.92,1.8933,7.20696151012733e-07,3.0,0.0009994935288193,0.0008232839180116,2.3661680200095267e-05,3,0.0057184209620631,0.0049318268272516,pinnacle,3,0.0267,1.09,2.84,Ligue 1,Goles (Over/Under),0.6056,pinnacle:1.92; bovada:1.89; coolbet:1.87
Hearts vs Livingston,2026-01-03 10:00:00,Under 2.75,1.99,1.97,5.663377368380837e-07,2.0,0.0008854166666667,0.0008854166666667,1.916658548354038e-05,2,0.0051539750032212,0.0051539750032212,pinnacle,2,0.02,1.02,4.31,Premiership,Goles (Over/Under),0.2923,pinnacle:1.99; bovada:1.95
Hearts vs Livingston,2026-01-03 10:00:00,Over 2.75,1.85,1.825,5.663377368380837e-07,2.0,0.0008854166666665,0.0008854166666665,4.103884233282737e-05,2,0.0075075075075075,0.0075075075075075,pinnacle,2,0.025,1.37,4.31,Premiership,Goles (Over/Under),0.2923,pinnacle:1.85; bovada:1.8
Celta Vigo vs Valencia,2026-01-03 08:00:00,Under 2.25,1.96,1.945,3.432436299385228e-07,2.0,0.0006897804815677,0.0006897804815677,1.1351603578714077e-05,2,0.0039653166966268,0.0039653166966268,pinnacle,2,0.015,0.77,2.83,La Liga,Goles (Over/Under),0.3357,pinnacle:1.96; bovada:1.93
Celta Vigo vs Valencia,2026-01-03 08:00:00,Over 2.25,1.93,1.91,3.432436299385228e-07,2.0,0.0006897804815676,0.0006897804815676,2.173460630773864e-05,2,0.0054829070373111,0.0054829070373111,pinnacle,2,0.02,1.05,2.83,La Liga,Goles (Over/Under),0.3357,pinnacle:1.93; bovada:1.89
Guingamp vs Boulogne,2026-01-03 14:00:00,Over 2.25,1.82,1.815,3.4116963158268144e-07,2.0,0.0006867384682332,0.0006867384682332,1.6792766999755766e-06,2,0.0015178191973772,0.0015178191973772,bovada,2,0.005,0.28,4.45,Ligue 2,Goles (Over/Under),0.0337,bovada:1.82; pinnacle:1.81
Pau FC vs Rodez AF,2026-01-03 14:00:00,Over 2.75,1.82,1.815,3.4116963158268144e-07,2.0,0.0006867384682332,0.0006867384682332,1.6792766999755766e-06,2,0.0015178191973772,0.0015178191973772,bovada,2,0.005,0.28,4.45,Ligue 2,Goles (Over/Under),0.0337,bovada:1.82; pinnacle:1.81
Guingamp vs Boulogne,2026-01-03 14:00:00,Under 2.25,2.02,2.02,3.4116963158268144e-07,2.0,0.0006867384682332,0.0006867384682332,0.0,2,0.0,0.0,bovada,2,0.0,0.0,4.45,Ligue 2,Goles (Over/Under),0.0337,bovada:2.02; pinnacle:2.02
Pau FC vs Rodez AF,2026-01-03 14:00:00,Under 2.75,2.02,2.02,3.4116963158268144e-07,2.0,0.0006867384682332,0.0006867384682332,0.0,2,0.0,0.0,bovada,2,0.0,0.0,4.45,Ligue 2,Goles (Over/Under),0.0337,bovada:2.02; pinnacle:2.02
Stade de Reims vs Annecy FC,2026-01-03 14:00:00,Over 2.25,1.85,1.845,3.306985367706143e-07,2.0,0.0006766639782374,0.0006766639782374,1.5674121437911075e-06,2,0.0014688601645123,0.0014688601645123,bovada,2,0.005,0.27,4.56,Ligue 2,Goles (Over/Under),0.0329,bovada:1.85; pinnacle:1.84
Stade de Reims vs Annecy FC,2026-01-03 14:00:00,Under 2.25,1.98,1.98,3.306985367706143e-07,2.0,0.0006766639782373,0.0006766639782373,0.0,2,0.0,0.0,bovada,2,0.0,0.0,4.56,Ligue 2,Goles (Over/Under),0.0329,bovada:1.98; pinnacle:1.98
Real Valladolid CF vs Real Racing Club de Santander,2026-01-03 12:30:00,Over 2.75,1.93,1.93,3.138423122027293e-07,2.0,0.0006595765040395,0.0006595765040395,0.0,2,0.0,0.0,pinnacle,2,0.0,0.0,4.45,La Liga 2,Goles (Over/Under),0.0292,pinnacle:1.93; bovada:1.93
Real Valladolid CF vs Real Racing Club de Santander,2026-01-03 12:30:00,Under 2.75,1.9,1.895,3.138423122027293e-07,2.0,0.0006595765040394,0.0006595765040394,1.4027830055889264e-06,2,0.0013923698134225,0.0013923698134225,pinnacle,2,0.005,0.26,4.45,La Liga 2,Goles (Over/Under),0.0292,pinnacle:1.9; bovada:1.89
Troyes vs Red Star,2026-01-03 08:00:00,Under 2.25,1.95,1.945,2.9782362794794864e-07,2.0,0.0006424262412224,0.0006424262412224,1.2611313928953029e-06,2,0.0013217023526301,0.0013217023526301,bovada,2,0.005,0.26,4.76,Ligue 2,Goles (Over/Under),0.0273,bovada:1.95; pinnacle:1.94
Troyes vs Red Star,2026-01-03 08:00:00,Over 2.25,1.87,1.87,2.9782362794794864e-07,2.0,0.0006424262412224,0.0006424262412224,0.0,2,0.0,0.0,bovada,2,0.0,0.0,4.76,Ligue 2,Goles (Over/Under),0.0273,bovada:1.87; pinnacle:1.87
Cultural Leonesa vs Real Sociedad B,2026-01-03 08:00:00,Under 2.25,2.01,2.005,2.79789973354542e-07,2.0,0.0006221442558746,0.0006221442558746,1.1159273379517543e-06,2,0.0012437810945273,0.0012437810945273,pinnacle,2,0.005,0.25,4.4,La Liga 2,Goles (Over/Under),0.0273,pinnacle:2.01; bovada:2.0
Cultural Leonesa vs Real Sociedad B,2026-01-03 08:00:00,Over 2.25,1.83,1.83,2.79789973354542e-07,2.0,0.0006221442558746,0.0006221442558746,0.0,2,0.0,0.0,pinnacle,2,0.0,0.0,4.4,La Liga 2,Goles (Over/Under),0.0273,pinnacle:1.83; bovada:1.83
Brisbane Roar vs Wellington Phoenix FC,2026-01-03 01:00:00,Over 2.75,2.03,2.025,2.740815628226895e-07,2.0,0.0006155303030303,0.0006155303030303,1.0726465121911328e-06,2,0.0012193337560356,0.0012193337560356,pinnacle,2,0.005,0.25,4.21,A-League,Goles (Over/Under),0.0285,pinnacle:2.03; bovada:2.02
Brisbane Roar vs Wellington Phoenix FC,2026-01-03 01:00:00,Under 2.75,1.82,1.82,2.740815628226895e-07,2.0,0.0006155303030301,0.0006155303030301,0.0,2,0.0,0.0,pinnacle,2,0.0,0.0,4.21,A-League,Goles (Over/Under),0.0285,pinnacle:1.82; bovada:1.82
SD Eibar vs CD Mirandés,2026-01-02 14:30:00,Over 2.25,2.04,2.03,2.149116830336268e-07,2.0,0.0005450581395349,0.0005450581395349,4.248924456884244e-06,2,0.0024267132595612,0.0024267132595612,pinnacle,2,0.01,0.49,3.66,La Liga 2,Goles (Over/Under),0.1093,pinnacle:2.04; bovada:2.02
SD Eibar vs CD Mirandés,2026-01-02 14:30:00,Under 2.25,1.83,1.825,2.149116830336268e-07,2.0,0.0005450581395348,0.0005450581395348,1.6407910598303431e-06,2,0.0015012310094277,0.0015012310094277,pinnacle,2,0.005,0.27,3.66,La Liga 2,Goles (Over/Under),0.1093,pinnacle:1.83; bovada:1.82
Sunderland vs Manchester City,2026-01-01 15:00:00,Over 3.0,2.13,2.115,8.893496992483569e-08,2.0,0.0003496503496503,0.0003496503496503,8.136145005072895e-06,2,0.0033534540576793,0.0033534540576793,coolbet,2,0.015,0.71,3.45,EPL,Goles (Over/Under),0.1884,coolbet:2.13; mybookieag:2.1
Sunderland vs Manchester City,2026-01-01 15:00:00,Under 3.0,1.77,1.76,8.893496992483569e-08,2.0,0.0003496503496503,0.0003496503496503,7.660972133505901e-06,2,0.003228410008071,0.003228410008071,coolbet,2,0.01,0.57,3.45,EPL,Goles (Over/Under),0.1884,coolbet:1.77; mybookieag:1.75
Nice vs Strasbourg,2026-01-03 13:00:00,Under 2.75,1.85,1.835,2.9023982784585463e-08,2.0,0.0002003205128205,0.0002003205128205,1.4433867216105786e-05,2,0.0044550044550044,0.0044550044550044,pinnacle,2,0.015,0.82,2.83,Ligue 1,Goles (Over/Under),0.2862,pinnacle:1.85; bovada:1.82
Atalanta BC vs AS Roma,2026-01-03 14:45:00,Over 2.25,1.85,1.835,2.9023982784585463e-08,2.0,0.0002003205128205,0.0002003205128205,1.4433867216105786e-05,2,0.0044550044550044,0.0044550044550044,pinnacle,2,0.015,0.82,2.83,Serie A,Goles (Over/Under),0.2862,pinnacle:1.85; bovada:1.82
Nice vs Strasbourg,2026-01-03 13:00:00,Over 2.75,2.05,2.035,2.9023982784585463e-08,2.0,0.0002003205128204,0.0002003205128204,9.467840821670084e-06,2,0.0036223134508572,0.0036223134508572,pinnacle,2,0.015,0.74,2.83,Ligue 1,Goles (Over/Under),0.2862,pinnacle:2.05; bovada:2.02
Atalanta BC vs AS Roma,2026-01-03 14:45:00,Under 2.25,2.05,2.035,2.9023982784585463e-08,2.0,0.0002003205128204,0.0002003205128204,9.467840821670084e-06,2,0.0036223134508572,0.0036223134508572,pinnacle,2,0.015,0.74,2.83,Serie A,Goles (Over/Under),0.2862,pinnacle:2.05; bovada:2.02
Sassuolo vs Parma,2026-01-03 09:00:00,Under 2.25,2.01,1.995,1.2371146926884674e-08,2.0,0.0001308839026224,0.0001308839026224,1.0247421893890712e-05,2,0.0037690336197798,0.0037690336197798,pinnacle,2,0.015,0.75,2.94,Serie A,Goles (Over/Under),0.2755,pinnacle:2.01; bovada:1.98
Sassuolo vs Parma,2026-01-03 09:00:00,Over 2.25,1.88,1.865,1.2371146926884674e-08,2.0,0.0001308839026223,0.0001308839026223,1.348849641718598e-05,2,0.0043128234617595,0.0043128234617595,pinnacle,2,0.015,0.8,2.94,Serie A,Goles (Over/Under),0.2755,pinnacle:1.88; bovada:1.85
Vitória SC vs Nacional,2026-01-02 15:45:00,Over 2.25,1.83,1.825,3.2921611077657543e-09,2.0,6.746545768571144e-05,6.746545768571144e-05,1.6407910598303431e-06,2,0.0015012310094277,0.0015012310094277,pinnacle,2,0.005,0.27,3.91,Primeira Liga,Goles (Over/Under),0.0691,pinnacle:1.83; bovada:1.82
Vitória SC vs Nacional,2026-01-02 15:45:00,Under 2.25,2.03,2.025,3.2921611077657543e-09,2.0,6.746545768565593e-05,6.746545768565593e-05,1.0726465121911328e-06,2,0.0012193337560356,0.0012193337560356,pinnacle,2,0.005,0.25,3.91,Primeira Liga,Goles (Over/Under),0.0691,pinnacle:2.03; bovada:2.02
Melbourne Victory vs Perth Glory,2026-01-02 03:35:00,Over 2.75,1.93,1.92,0.0,2.0,0.0,0.0,5.317685094798834e-06,2,0.0027127471990884,0.0027127471990884,pinnacle,2,0.01,0.52,3.63,A-League,Goles (Over/Under),0.1488,pinnacle:1.93; bovada:1.91
Melbourne Victory vs Perth Glory,2026-01-02 03:35:00,Under 2.75,1.93,1.92,0.0,2.0,0.0,0.0,5.317685094798834e-06,2,0.0027127471990884,0.0027127471990884,pinnacle,2,0.01,0.52,3.63,A-League,Goles (Over/Under),0.1488,pinnacle:1.93; bovada:1.91
AS Monaco vs Lyon,2026-01-03 11:00:00,Over 3.5,2.42,2.42,0.0,2.0,0.0,0.0,0.0,2,0.0,0.0,betsson,2,0.0,0.0,7.11,Ligue 1,Goles (Over/Under),0.0,betsson:2.42; nordicbet:2.42
AS Monaco vs Lyon,2026-01-03 11:00:00,Under 3.5,1.52,1.52,0.0,2.0,0.0,0.0,0.0,2,0.0,0.0,betsson,2,0.0,0.0,7.11,Ligue 1,Goles (Over/Under),0.0,betsson:1.52; nordicbet:1.52
Clermont vs Stade Lavallois,2026-01-03 14:00:00,Over 1.5,1.47,1.47,-1.3036729379449321e-16,8.0,0.0,0.0,5.12112400269732e-17,8,0.0,0.0,unibet,8,0.0,0.0,8.35,Ligue 2,Goles (Over/Under),0.0,unibet:1.47; leovegas_se:1.47; unibet_nl:1.47; casumo:1.47; tabtouch:1.47; leovegas:1.47; grosvenor:1.47; unibet_se:1.47
Clermont vs Stade Lavallois,2026-01-03 14:00:00,Under 1.5,2.48,2.48,-1.3036729379449321e-16,8.0,0.0,0.0,0.0,8,0.0,0.0,unibet,8,0.0,0.0,8.35,Ligue 2,Goles (Over/Under),0.0,unibet:2.48; leovegas_se:2.48; unibet_nl:2.48; casumo:2.48; tabtouch:2.48; leovegas:2.48; grosvenor:2.48; unibet_se:2.48