Partido,Fecha_Hora_Colombia,Mercado,Mejor_Cuota,Cuota_Promedio_Mercado,BDI_jsd_fair,BDI_n_bookmakers_fair,BDI_std_p_fair,BDI_mad_p_fair,BDI_jsd,BDI_n_bookmakers,BDI_std_p,BDI_mad_p,Mejor_Casa,Num_Casas,Diferencia_Cuota_Promedio,Volatilidad_Pct,Margen_Casa_Pct,Liga,Tipo_Mercado,Score_Final,Todas_Las_Cuotas,APIs_Usadas
Pisa vs Como,2026-01-06 09:00:00,Under 6.5,1.01,1.005,0.00078,4,0.013038,0.011251,0.001545,4,0.00495,0.00495,Betano,4,0.005,0.5,298.02,Serie A,Over/Under,,1xBet:1.0000; Bet365:1.0000; Betano:1.0100; Superbet:1.0100,API-FOOTBALL
Pisa vs Como,2026-01-06 09:00:00,Over 6.5,38.0,30.625,0.00078,4,0.013038,0.011251,0.000869,4,0.014012,0.012085,Superbet,4,7.375,38.45,-85.43,Serie A,Over/Under,,1xBet:34.0000; Bet365:34.0000; Betano:16.5000; Superbet:38.0000,API-FOOTBALL
Everton vs Wolves,2026-01-07 14:30:00,Under 6.5,1.01,1.01,0.000672,4,0.012115,0.010061,,4,,,Bet365,4,0.0,0.0,296.04,Premier League,Over/Under,,1xBet:1.0100; Bet365:1.0100; Betano:1.0100; Superbet:1.0100,API-FOOTBALL
Everton vs Wolves,2026-01-07 14:30:00,Over 6.5,39.0,28.375,0.000672,4,0.012115,0.010061,0.000757,4,0.013095,0.010901,Superbet,4,10.625,33.75,-84.48,Premier League,Over/Under,,1xBet:29.0000; Bet365:29.0000; Betano:16.5000; Superbet:39.0000,API-FOOTBALL
The New Saints vs Bala Town,2026-01-06 14:45:00,Under 2.75,2.92,2.7975,0.000634,4,0.028157,0.02397,0.000537,4,0.026402,0.022803,Marathonbet,4,0.1225,7.35,43.7,Premier League,Over/Under,,1xBet:2.9200; Betano:2.4700; Marathonbet:2.9200; Pinnacle:2.8800,API-FOOTBALL
The New Saints vs Bala Town,2026-01-06 14:45:00,Over 2.75,1.5,1.3725,0.000634,4,0.028157,0.02397,0.001388,4,0.039478,0.032531,Betano,4,0.1275,5.4,192.33,Premier League,Over/Under,,1xBet:1.3100; Betano:1.5000; Marathonbet:1.3100; Pinnacle:1.3700,API-FOOTBALL
The New Saints vs Bala Town,2026-01-06 14:45:00,Over 0.5,1.02,1.0133,0.000611,3,0.015327,0.0143,0.000268,3,0.004576,0.004314,Betano,3,0.0067,0.46,196.06,Premier League,Over/Under,,1xBet:1.0100; Bet365:1.0100; Betano:1.0200,API-FOOTBALL
The New Saints vs Bala Town,2026-01-06 14:45:00,Under 0.5,16.5,13.8333,0.000611,3,0.015327,0.0143,0.000735,3,0.01732,0.016162,1xBet,3,2.6667,22.86,-77.27,Premier League,Over/Under,,1xBet:16.5000; Bet365:15.0000; Betano:10.0000,API-FOOTBALL
Napoli vs Verona,2026-01-07 12:30:00,Over 6.5,36.0,27.625,0.0006,4,0.011617,0.009805,0.000679,4,0.012581,0.010634,Superbet,4,8.375,31.98,-84.27,Serie A,Over/Under,,1xBet:29.0000; Bet365:29.0000; Betano:16.5000; Superbet:36.0000,API-FOOTBALL
Napoli vs Verona,2026-01-07 12:30:00,Under 6.5,1.01,1.01,0.0006,4,0.011617,0.009805,,4,,,Bet365,4,0.0,0.0,296.04,Serie A,Over/Under,,1xBet:1.0100; Bet365:1.0100; Betano:1.0100; Superbet:1.0100,API-FOOTBALL
Livingston vs ST Mirren,2026-01-06 14:45:00,Over 6.5,34.0,27.125,0.000555,4,0.011269,0.009611,0.000629,4,0.01222,0.01043,Superbet,4,6.875,30.75,-84.1,Premiership,Over/Under,,1xBet:29.0000; Bet365:29.0000; Betano:16.5000; Superbet:34.0000,API-FOOTBALL
Livingston vs ST Mirren,2026-01-06 14:45:00,Under 6.5,1.01,1.01,0.000555,4,0.011269,0.009611,,4,,,Bet365,4,0.0,0.0,296.04,Premiership,Over/Under,,1xBet:1.0100; Bet365:1.0100; Betano:1.0100; Superbet:1.0100,API-FOOTBALL
Brentford vs Sunderland,2026-01-07 14:30:00,Over 6.5,34.0,27.125,0.000555,4,0.011269,0.009611,0.000629,4,0.01222,0.01043,Superbet,4,6.875,30.75,-84.1,Premier League,Over/Under,,1xBet:29.0000; Bet365:29.0000; Betano:16.5000; Superbet:34.0000,API-FOOTBALL
Brentford vs Sunderland,2026-01-07 14:30:00,Under 6.5,1.01,1.01,0.000555,4,0.011269,0.009611,,4,,,Bet365,4,0.0,0.0,296.04,Premier League,Over/Under,,1xBet:1.0100; Bet365:1.0100; Betano:1.0100; Superbet:1.0100,API-FOOTBALL
Bologna vs Atalanta,2026-01-07 12:30:00,Over 6.5,33.0,25.25,0.000522,4,0.011085,0.009206,0.000594,4,0.012056,0.010034,Superbet,4,7.75,28.41,-83.03,Serie A,Over/Under,,1xBet:26.0000; Bet365:26.0000; Betano:16.0000; Superbet:33.0000,API-FOOTBALL
Bologna vs Atalanta,2026-01-07 12:30:00,Under 6.5,1.01,1.01,0.000522,4,0.011085,0.009206,,4,,,Bet365,4,0.0,0.0,296.04,Serie A,Over/Under,,1xBet:1.0100; Bet365:1.0100; Betano:1.0100; Superbet:1.0100,API-FOOTBALL
Crystal Palace vs Aston Villa,2026-01-07 14:30:00,Under 6.5,1.02,1.0125,0.000474,4,0.010966,0.009453,0.000226,4,0.004203,0.00364,Betano,4,0.0075,0.43,295.07,Premier League,Over/Under,,1xBet:1.0100; Bet365:1.0100; Betano:1.0200; Superbet:1.0100,API-FOOTBALL
Crystal Palace vs Aston Villa,2026-01-07 14:30:00,Over 6.5,28.0,23.875,0.000474,4,0.010966,0.009453,0.000524,4,0.011732,0.010114,Superbet,4,4.125,26.49,-82.28,Premier League,Over/Under,,1xBet:26.0000; Bet365:26.0000; Betano:15.5000; Superbet:28.0000,API-FOOTBALL
Sassuolo vs Juventus,2026-01-06 14:45:00,Over 6.5,31.0,24.75,0.000469,4,0.010633,0.008974,0.000536,4,0.011585,0.00979,Superbet,4,6.25,26.99,-82.83,Serie A,Over/Under,,1xBet:26.0000; Bet365:26.0000; Betano:16.0000; Superbet:31.0000,API-FOOTBALL
Sassuolo vs Juventus,2026-01-06 14:45:00,Under 6.5,1.01,1.01,0.000469,4,0.010633,0.008974,,4,,,Bet365,4,0.0,0.0,296.04,Serie A,Over/Under,,1xBet:1.0100; Bet365:1.0100; Betano:1.0100; Superbet:1.0100,API-FOOTBALL
Enfield Town vs Hampton & Richmond,2026-01-06 14:45:00,Over 0.5,1.05,1.0183,0.00044,6,0.01434,0.012367,0.002952,6,0.015924,0.013754,Betano,6,0.0317,1.62,489.36,National League - South,Over/Under,,1xBet:1.0100; Bet365:1.0100; Betano:1.0500; Betfair:1.0100; Marathonbet:1.0000; Superbet:1.0300,API-FOOTBALL
Enfield Town vs Hampton & Richmond,2026-01-06 14:45:00,Under 0.5,13.0,10.3833,0.00044,6,0.01434,0.012367,0.000512,6,0.015967,0.013894,Bet365,6,2.6167,16.16,-40.71,National League - South,Over/Under,,1xBet:11.5000; Bet365:13.0000; Betano:8.0000; Betfair:11.0000; Marathonbet:9.0000; Superbet:9.8000,API-FOOTBALL
Enfield Town vs Hampton & Richmond,2026-01-06 14:45:00,Under 5.5,1.06,1.0425,0.00044,4,0.015025,0.013665,0.002202,4,0.018007,0.015267,Betano,4,0.0175,1.88,283.83,National League - South,Over/Under,,1xBet:1.0500; Bet365:1.0500; Betano:1.0600; Betfair:1.0100,API-FOOTBALL
Enfield Town vs Hampton & Richmond,2026-01-06 14:45:00,Over 5.5,11.0,9.25,0.00044,4,0.015025,0.013665,0.000487,4,0.016329,0.015018,Betfair,4,1.75,14.78,-55.81,National League - South,Over/Under,,1xBet:10.0000; Bet365:8.5000; Betano:7.5000; Betfair:11.0000,API-FOOTBALL
West Ham vs Nottingham Forest,2026-01-06 15:00:00,Under 6.5,1.02,1.0125,0.000438,4,0.01041,0.008918,0.000226,4,0.004203,0.00364,Betano,4,0.0075,0.43,295.07,Premier League,Over/Under,,1xBet:1.0100; Bet365:1.0100; Betano:1.0200; Superbet:1.0100,API-FOOTBALL
West Ham vs Nottingham Forest,2026-01-06 15:00:00,Over 6.5,29.0,24.25,0.000438,4,0.01041,0.008918,0.000482,4,0.011103,0.009512,Superbet,4,4.75,25.54,-82.61,Premier League,Over/Under,,1xBet:26.0000; Bet365:26.0000; Betano:16.0000; Superbet:29.0000,API-FOOTBALL
Rangers vs Aberdeen,2026-01-06 15:00:00,Under 0.5,15.0,11.8,0.000339,7,0.011798,0.010609,0.000433,7,0.013799,0.01233,Betfair,7,3.2,15.87,-39.15,Premiership,Over/Under,,10Bet:10.0000; 1xBet:11.9000; Bet365:13.0000; Betano:10.5000; Betfair:15.0000; Marathonbet:9.2000; Superbet:13.0000,API-FOOTBALL
Rangers vs Aberdeen,2026-01-06 15:00:00,Over 0.5,1.05,1.03,0.000339,7,0.011798,0.010609,0.00306,7,0.016128,0.013663,Betano,7,0.02,1.66,579.8,Premiership,Over/Under,,10Bet:1.0400; 1xBet:1.0300; Bet365:1.0400; Betano:1.0500; Betfair:1.0100; Marathonbet:1.0000; Superbet:1.0400,API-FOOTBALL
Bournemouth vs Tottenham,2026-01-07 14:30:00,Over 0.5,1.05,1.0329,0.000337,7,0.011852,0.010159,0.001349,7,0.013969,0.013062,10Bet,7,0.0171,1.44,577.87,Premier League,Over/Under,,10Bet:1.0500; 1xBet:1.0200; Bet365:1.0400; Betano:1.0500; Betfair:1.0100; Superbet:1.0400; Unibet:1.0200,API-FOOTBALL
Bournemouth vs Tottenham,2026-01-07 14:30:00,Under 0.5,15.0,12.3929,0.000337,7,0.011852,0.010159,0.000366,7,0.01265,0.010833,1xBet,7,2.6071,15.34,-42.28,Premier League,Over/Under,,10Bet:9.5000; 1xBet:15.0000; Bet365:13.0000; Betano:10.2500; Betfair:13.0000; Superbet:13.0000; Unibet:13.0000,API-FOOTBALL
Maidenhead vs Ebbsfleet United,2026-01-06 14:45:00,Under 5.5,1.05,1.04,0.000332,4,0.012974,0.012413,0.000761,4,0.011436,0.00936,Bet365,4,0.01,1.19,284.67,National League - South,Over/Under,,1xBet:1.0400; Bet365:1.0500; Betano:1.0500; Betfair:1.0200,API-FOOTBALL
Maidenhead vs Ebbsfleet United,2026-01-06 14:45:00,Over 5.5,11.0,9.325,0.000332,4,0.012974,0.012413,0.000396,4,0.014592,0.013736,1xBet,4,1.675,13.36,-56.32,National League - South,Over/Under,,1xBet:11.0000; Bet365:8.5000; Betano:7.8000; Betfair:10.0000,API-FOOTBALL
Enfield Town vs Hampton & Richmond,2026-01-06 14:45:00,Under 4.5,1.17,1.12,0.000329,7,0.016466,0.01325,0.001324,7,0.026171,0.022616,Bet365,7,0.05,2.93,525.54,National League - South,Over/Under,,1xBet:1.1000; Bet365:1.1700; Betano:1.1600; Betfair:1.1100; Marathonbet:1.1000; Superbet:1.1300; Unibet:1.0700,API-FOOTBALL
Enfield Town vs Hampton & Richmond,2026-01-06 14:45:00,Over 4.5,5.8,5.1143,0.000329,7,0.016466,0.01325,0.00031,7,0.016521,0.013089,Unibet,7,0.6857,8.39,37.83,National League - South,Over/Under,,1xBet:5.1000; Bet365:4.5000; Betano:4.6000; Betfair:5.5000; Marathonbet:5.1000; Superbet:5.2000; Unibet:5.8000,API-FOOTBALL
Manchester United vs Manchester City,2026-01-17 07:30:00,Over 2.5,1.5495,1.4974,0.000328,4,0.020669,0.019675,0.000165,4,0.014274,0.012127,sgo_betmgm,4,0.0521,2.14,167.26,Premier League,Over/Under,,sgo_betmgm:1.5495; toa_betsson:1.4700; toa_nordicbet:1.4700; toa_williamhill:1.5000,"SportsGameOdds, THE_ODDS_API"
Manchester United vs Manchester City,2026-01-17 07:30:00,Under 2.5,2.68,2.515,0.000328,4,0.020669,0.019675,0.00055,4,0.027064,0.026295,toa_nordicbet,4,0.165,6.78,59.77,Premier League,Over/Under,,sgo_betmgm:2.3000; toa_betsson:2.6800; toa_nordicbet:2.6800; toa_williamhill:2.4000,"SportsGameOdds, THE_ODDS_API"
Burnley vs Manchester United,2026-01-07 15:15:00,Over 6.5,22.0,19.5,0.000327,4,0.009785,0.008455,0.000373,4,0.010659,0.009199,Superbet,4,2.5,20.1,-78.79,Premier League,Over/Under,,1xBet:21.0000; Bet365:21.0000; Betano:14.0000; Superbet:22.0000,API-FOOTBALL
Burnley vs Manchester United,2026-01-07 15:15:00,Under 6.5,1.02,1.015,0.000327,4,0.009785,0.008455,0.000302,4,0.004853,0.004853,Betano,4,0.005,0.49,294.1,Premier League,Over/Under,,1xBet:1.0100; Bet365:1.0100; Betano:1.0200; Superbet:1.0200,API-FOOTBALL
Rangers vs Aberdeen,2026-01-06 15:00:00,Under 2.0,3.45,3.305,0.000326,4,0.01931,0.016551,0.000179,4,0.014568,0.012314,Unibet,4,0.145,4.8,21.3,Premiership,Over/Under,,1xBet:3.3600; Betano:3.0500; Marathonbet:3.3600; Unibet:3.4500,API-FOOTBALL
Rangers vs Aberdeen,2026-01-06 15:00:00,Over 2.0,1.4,1.2925,0.000326,4,0.01931,0.016551,0.001229,4,0.035378,0.030556,Betano,4,0.1075,4.56,210.16,Premiership,Over/Under,,1xBet:1.2600; Betano:1.4000; Marathonbet:1.2600; Unibet:1.2500,API-FOOTBALL
Bournemouth vs Tottenham,2026-01-07 14:30:00,Under 6.5,1.03,1.0175,0.00032,4,0.009743,0.008436,0.000664,4,0.007978,0.007233,Betano,4,0.0125,0.81,293.15,Premier League,Over/Under,,1xBet:1.0100; Bet365:1.0100; Betano:1.0300; Superbet:1.0200,API-FOOTBALL
Bournemouth vs Tottenham,2026-01-07 14:30:00,Over 6.5,21.0,19.25,0.00032,4,0.009743,0.008436,0.000346,4,0.01031,0.008929,Bet365,4,1.75,19.25,-78.57,Premier League,Over/Under,,1xBet:21.0000; Bet365:21.0000; Betano:14.0000; Superbet:21.0000,API-FOOTBALL
Maidenhead vs Ebbsfleet United,2026-01-06 14:45:00,Under 4.5,1.15,1.1043,0.000303,7,0.015348,0.012226,0.001743,7,0.027517,0.024301,Betano,7,0.0457,3.04,534.47,National League - South,Over/Under,,1xBet:1.0800; Bet365:1.1400; Betano:1.1500; Betfair:1.1100; Marathonbet:1.0800; Superbet:1.1200; Unibet:1.0500,API-FOOTBALL
Maidenhead vs Ebbsfleet United,2026-01-06 14:45:00,Over 4.5,6.25,5.4714,0.000303,7,0.015348,0.012226,0.000262,7,0.014771,0.011555,Unibet,7,0.7786,8.03,28.76,National League - South,Over/Under,,1xBet:5.6500; Bet365:5.0000; Betano:4.8000; Betfair:5.5000; Marathonbet:5.6500; Superbet:5.4500; Unibet:6.2500,API-FOOTBALL
Parma vs Inter,2026-01-07 14:45:00,Over 0.5,1.04,1.0214,0.000285,7,0.010297,0.008945,0.002416,7,0.013039,0.012176,Betano,7,0.0186,1.33,585.44,Serie A,Over/Under,,10Bet:1.0300; 1xBet:1.0000; Bet365:1.0300; Betano:1.0400; Betfair:1.0100; Superbet:1.0300; Unibet:1.0100,API-FOOTBALL
Parma vs Inter,2026-01-07 14:45:00,Under 0.5,16.5,13.9643,0.000285,7,0.010297,0.008945,0.00031,7,0.011016,0.009589,1xBet,7,2.5357,15.07,-48.82,Serie A,Over/Under,,10Bet:11.0000; 1xBet:16.5000; Bet365:15.0000; Betano:11.2500; Betfair:15.0000; Superbet:15.0000; Unibet:14.0000,API-FOOTBALL
Maidenhead vs Ebbsfleet United,2026-01-06 14:45:00,Over 3.5,3.35,2.9244,0.000279,9,0.018081,0.013209,0.000246,9,0.017338,0.010931,Unibet,9,0.4256,5.06,208.61,National League - South,Over/Under,,10Bet:2.8500; 1xBet:2.9200; Bet365:2.7500; Betano:2.8000; Betfair:2.8800; Marathonbet:2.9200; Pinnacle:2.9000; Superbet:2.9500; Unibet:3.3500,API-FOOTBALL
Maidenhead vs Ebbsfleet United,2026-01-06 14:45:00,Under 3.5,1.4,1.3489,0.000279,9,0.018081,0.013209,0.000703,9,0.026794,0.022189,10Bet,9,0.0511,3.61,568.06,National League - South,Over/Under,,10Bet:1.4000; 1xBet:1.3100; Bet365:1.4000; Betano:1.3800; Betfair:1.3600; Marathonbet:1.3100; Pinnacle:1.3800; Superbet:1.3500; Unibet:1.2500,API-FOOTBALL
Maidenhead vs Ebbsfleet United,2026-01-06 14:45:00,Over 0.5,1.05,1.0217,0.000268,6,0.011493,0.009049,0.004827,6,0.018639,0.017551,Betano,6,0.0283,1.9,487.49,National League - South,Over/Under,,1xBet:1.0000; Bet365:1.0400; Betano:1.0500; Betfair:1.0100; Marathonbet:1.0000; Superbet:1.0300,API-FOOTBALL
Maidenhead vs Ebbsfleet United,2026-01-06 14:45:00,Under 0.5,11.0,9.5667,0.000268,6,0.011493,0.009049,0.00028,6,0.012166,0.009719,Betfair,6,1.4333,11.49,-36.46,National League - South,Over/Under,,1xBet:10.9000; Bet365:9.0000; Betano:7.9000; Betfair:11.0000; Marathonbet:9.2000; Superbet:9.4000,API-FOOTBALL
Burnley vs Manchester United,2026-01-07 15:15:00,Over 0.5,1.05,1.0286,0.000257,7,0.010186,0.008687,0.003091,7,0.016447,0.015142,Betano,7,0.0214,1.69,580.75,Premier League,Over/Under,,10Bet:1.0400; 1xBet:1.0000; Bet365:1.0400; Betano:1.0500; Betfair:1.0100; Superbet:1.0400; Unibet:1.0200,API-FOOTBALL
Burnley vs Manchester United,2026-01-07 15:15:00,Under 0.5,14.8,12.3286,0.000257,7,0.010186,0.008687,0.000263,7,0.010593,0.00895,1xBet,7,2.4714,12.85,-42.31,Premier League,Over/Under,,10Bet:10.0000; 1xBet:14.8000; Bet365:13.0000; Betano:10.5000; Betfair:13.0000; Superbet:12.0000; Unibet:13.0000,API-FOOTBALL
Maidenhead vs Ebbsfleet United,2026-01-06 14:45:00,Under 2.5,2.05,1.9378,0.000244,9,0.018388,0.012749,0.000434,9,0.024443,0.017213,Bet365,9,0.1122,4.73,365.43,National League - South,Over/Under,,10Bet:2.0000; 1xBet:1.9200; Bet365:2.0500; Betano:1.9500; Betfair:2.0000; Marathonbet:1.9200; Pinnacle:1.9700; Superbet:1.9000; Unibet:1.7300,API-FOOTBALL
Maidenhead vs Ebbsfleet United,2026-01-06 14:45:00,Over 2.5,1.92,1.79,0.000244,9,0.018388,0.012749,0.000199,9,0.016505,0.01237,Unibet,9,0.13,2.95,403.25,National League - South,Over/Under,,10Bet:1.7500; 1xBet:1.7900; Bet365:1.7500; Betano:1.7500; Betfair:1.7300; Marathonbet:1.7900; Pinnacle:1.8300; Superbet:1.8000; Unibet:1.9200,API-FOOTBALL
Lecce vs AS Roma,2026-01-06 12:00:00,Under 5.5,1.03,1.02,0.000242,4,0.008541,0.00723,0.00047,4,0.006797,0.00483,Betano,4,0.01,0.69,292.18,Serie A,Over/Under,,1xBet:1.0100; Bet365:1.0200; Betano:1.0300; Superbet:1.0200,API-FOOTBALL
Lecce vs AS Roma,2026-01-06 12:00:00,Over 5.5,21.0,18.25,0.000242,4,0.008541,0.00723,0.000265,4,0.009096,0.007675,Superbet,4,2.75,16.22,-77.57,Serie A,Over/Under,,1xBet:19.0000; Bet365:19.0000; Betano:14.0000; Superbet:21.0000,API-FOOTBALL
Torino vs Udinese,2026-01-07 14:45:00,Under 5.5,1.03,1.018,0.000239,5,0.008553,0.006833,0.000548,5,0.007204,0.006182,Betano,5,0.012,0.73,391.19,Serie A,Over/Under,,1xBet:1.0100; Bet365:1.0200; Betano:1.0300; Betfair:1.0100; Superbet:1.0200,API-FOOTBALL
Torino vs Udinese,2026-01-07 14:45:00,Over 5.5,21.0,17.9,0.000239,5,0.008553,0.006833,0.000265,5,0.009175,0.007434,Superbet,5,3.1,16.05,-71.42,Serie A,Over/Under,,1xBet:19.0000; Bet365:19.0000; Betano:13.5000; Betfair:17.0000; Superbet:21.0000,API-FOOTBALL
Rangers vs Aberdeen,2026-01-06 15:00:00,Over 6.5,19.0,17.4,0.000236,5,0.008703,0.006778,0.000266,5,0.009408,0.007316,Bet365,5,1.6,16.02,-70.64,Premiership,Over/Under,,1xBet:19.0000; Bet365:19.0000; Betano:13.0000; Betfair:17.0000; Superbet:19.0000,API-FOOTBALL
Rangers vs Aberdeen,2026-01-06 15:00:00,Under 6.5,1.03,1.02,0.000236,5,0.008703,0.006778,0.000376,5,0.00608,0.003868,Betano,5,0.01,0.62,390.21,Premiership,Over/Under,,1xBet:1.0200; Bet365:1.0200; Betano:1.0300; Betfair:1.0100; Superbet:1.0200,API-FOOTBALL
Parma vs Inter,2026-01-07 14:45:00,Over 6.5,19.0,17.4,0.000236,5,0.008703,0.006778,0.000266,5,0.009408,0.007316,Bet365,5,1.6,16.02,-70.64,Serie A,Over/Under,,1xBet:19.0000; Bet365:19.0000; Betano:13.0000; Betfair:17.0000; Superbet:19.0000,API-FOOTBALL
Parma vs Inter,2026-01-07 14:45:00,Under 6.5,1.03,1.02,0.000236,5,0.008703,0.006778,0.000376,5,0.00608,0.003868,Betano,5,0.01,0.62,390.21,Serie A,Over/Under,,1xBet:1.0200; Bet365:1.0200; Betano:1.0300; Betfair:1.0100; Superbet:1.0200,API-FOOTBALL
Real Sociedad vs Barcelona,2026-01-18 15:00:00,Under 2.5,2.95,2.8333,0.000234,3,0.017046,0.016071,0.000362,3,0.021511,0.020281,toa_nordicbet,3,0.1167,6.07,6.26,La Liga,Over/Under,,toa_betsson:2.9500; toa_nordicbet:2.9500; toa_williamhill:2.6000,THE_ODDS_API
Real Sociedad vs Barcelona,2026-01-18 15:00:00,Over 2.5,1.44,1.4067,0.000234,3,0.017046,0.016071,0.000121,3,0.011776,0.011102,toa_williamhill,3,0.0333,1.66,113.33,La Liga,Over/Under,,toa_betsson:1.3900; toa_nordicbet:1.3900; toa_williamhill:1.4400,THE_ODDS_API
Everton vs Wolves,2026-01-07 14:30:00,Under 5.5,1.03,1.018,0.000233,5,0.00898,0.008372,0.000548,5,0.007204,0.006182,Betano,5,0.012,0.73,391.19,Premier League,Over/Under,,1xBet:1.0100; Bet365:1.0200; Betano:1.0300; Betfair:1.0100; Superbet:1.0200,API-FOOTBALL
Everton vs Wolves,2026-01-07 14:30:00,Over 5.5,17.0,14.9,0.000233,5,0.00898,0.008372,0.000274,5,0.009941,0.009315,Bet365,5,2.1,14.52,-65.76,Premier League,Over/Under,,1xBet:15.5000; Bet365:17.0000; Betano:12.0000; Betfair:13.0000; Superbet:17.0000,API-FOOTBALL
Pisa vs Como,2026-01-06 09:00:00,Over 5.5,17.0,15.7,0.000221,5,0.00877,0.006858,0.000248,5,0.009494,0.007388,Bet365,5,1.3,14.64,-67.57,Serie A,Over/Under,,1xBet:15.5000; Bet365:17.0000; Betano:12.0000; Betfair:17.0000; Superbet:17.0000,API-FOOTBALL
Pisa vs Como,2026-01-06 09:00:00,Under 5.5,1.03,1.018,0.000221,5,0.00877,0.006858,0.000548,5,0.007204,0.006182,Betano,5,0.012,0.73,391.19,Serie A,Over/Under,,1xBet:1.0100; Bet365:1.0200; Betano:1.0300; Betfair:1.0100; Superbet:1.0200,API-FOOTBALL
Lazio vs Fiorentina,2026-01-07 14:45:00,Under 5.5,1.03,1.02,0.00022,5,0.008425,0.006564,0.000376,5,0.00608,0.003868,Betano,5,0.01,0.62,390.21,Serie A,Over/Under,,1xBet:1.0200; Bet365:1.0200; Betano:1.0300; Betfair:1.0100; Superbet:1.0200,API-FOOTBALL
Lazio vs Fiorentina,2026-01-07 14:45:00,Over 5.5,19.0,17.2,0.00022,5,0.008425,0.006564,0.000247,5,0.009097,0.007044,Bet365,5,1.8,15.34,-70.34,Serie A,Over/Under,,1xBet:18.0000; Bet365:19.0000; Betano:13.0000; Betfair:17.0000; Superbet:19.0000,API-FOOTBALL
The New Saints vs Bala Town,2026-01-06 14:45:00,Over 3.0,1.5,1.4075,0.000215,4,0.016527,0.01407,0.000589,4,0.026229,0.02241,Betano,4,0.0925,3.69,184.59,Premier League,Over/Under,,1xBet:1.3700; Betano:1.5000; Marathonbet:1.3700; Pinnacle:1.3900,API-FOOTBALL
The New Saints vs Bala Town,2026-01-06 14:45:00,Under 3.0,2.79,2.6525,0.000215,4,0.016527,0.01407,0.000168,4,0.01479,0.011212,Pinnacle,4,0.1375,3.92,51.03,Premier League,Over/Under,,1xBet:2.6600; Betano:2.5000; Marathonbet:2.6600; Pinnacle:2.7900,API-FOOTBALL
Parma vs Inter,2026-01-07 14:45:00,Under 5.5,1.09,1.0575,0.000213,8,0.010975,0.009507,0.001336,8,0.018848,0.01632,10Bet,8,0.0325,1.99,656.8,Serie A,Over/Under,,10Bet:1.0900; 1xBet:1.0300; Bet365:1.0700; Betano:1.0800; Betfair:1.0600; Marathonbet:1.0300; Superbet:1.0600; Unibet:1.0400,API-FOOTBALL
Parma vs Inter,2026-01-07 14:45:00,Over 5.5,9.5,8.275,0.000213,8,0.010975,0.009507,0.000271,8,0.012725,0.011476,Unibet,8,1.225,10.42,-2.28,Serie A,Over/Under,,10Bet:7.0000; 1xBet:7.5000; Bet365:9.0000; Betano:8.0000; Betfair:8.5000; Marathonbet:7.5000; Superbet:9.2000; Unibet:9.5000,API-FOOTBALL
Valencia vs Elche CF,2026-01-10 15:00:00,Under 2.5,1.72,1.611,0.000212,21,0.016911,0.016051,0.000343,21,0.021218,0.01932,toa_matchbook,21,0.109,3.41,1205.08,La Liga,Over/Under,,sgo_betmgm:1.6211; sgo_betparx:1.5714; sgo_betrivers:1.5587; toa_betmgm:1.6200; toa_betrivers:1.5600; toa_betsson:1.6800; toa_casumo:1.5600; toa_codere_it:1.6600; toa_grosvenor:1.5700; toa_leovegas:1.5600; toa_leovegas_se:1.5700; toa_matchbook:1.7200; toa_nordicbet:1.6800; toa_onexbet:1.7100; toa_playup:1.6800; toa_tabtouch:1.5600; toa_tipico_de:1.6500; toa_unibet:1.5600; toa_unibet_nl:1.5600; toa_unibet_se:1.5600; toa_williamhill:1.6200,"SportsGameOdds, THE_ODDS_API"
Valencia vs Elche CF,2026-01-10 15:00:00,Over 2.5,2.38,2.2724,0.000212,21,0.016911,0.016051,0.000244,21,0.018282,0.016609,toa_leovegas_se,21,0.1076,4.15,825.69,La Liga,Over/Under,,sgo_betmgm:2.1500; sgo_betparx:2.3500; sgo_betrivers:2.3300; toa_betmgm:2.1500; toa_betrivers:2.3300; toa_betsson:2.1200; toa_casumo:2.3500; toa_codere_it:2.2800; toa_grosvenor:2.3500; toa_leovegas:2.3300; toa_leovegas_se:2.3800; toa_matchbook:2.2400; toa_nordicbet:2.1200; toa_onexbet:2.3200; toa_playup:2.1200; toa_tabtouch:2.3500; toa_tipico_de:2.2000; toa_unibet:2.3500; toa_unibet_nl:2.3500; toa_unibet_se:2.3500; toa_williamhill:2.2000,"SportsGameOdds, THE_ODDS_API"
Napoli vs Verona,2026-01-07 12:30:00,Under 5.5,1.04,1.026,0.000205,5,0.008551,0.006358,0.000808,5,0.009716,0.008392,Betano,5,0.014,1.0,387.38,Serie A,Over/Under,,1xBet:1.0200; Bet365:1.0300; Betano:1.0400; Betfair:1.0100; Superbet:1.0300,API-FOOTBALL
Napoli vs Verona,2026-01-07 12:30:00,Over 5.5,17.0,14.85,0.000205,5,0.008551,0.006358,0.00022,5,0.009044,0.006899,Betfair,5,2.15,13.22,-65.79,Serie A,Over/Under,,1xBet:14.5000; Bet365:15.0000; Betano:11.7500; Betfair:17.0000; Superbet:16.0000,API-FOOTBALL
The New Saints vs Bala Town,2026-01-06 14:45:00,Over 4.0,2.25,2.092,0.000204,5,0.01667,0.013935,0.000313,5,0.020783,0.019329,Pinnacle,5,0.158,4.34,139.47,Premier League,Over/Under,,188Bet:2.0200; 1xBet:2.0200; Betano:2.1500; Marathonbet:2.0200; Pinnacle:2.2500,API-FOOTBALL
The New Saints vs Bala Town,2026-01-06 14:45:00,Under 4.0,1.76,1.658,0.000204,5,0.01667,0.013935,0.000269,5,0.018943,0.014228,188Bet,5,0.102,3.14,201.88,Premier League,Over/Under,,188Bet:1.7600; 1xBet:1.6400; Betano:1.6500; Marathonbet:1.6400; Pinnacle:1.6000,API-FOOTBALL
Maidenhead vs Ebbsfleet United,2026-01-06 14:45:00,Over 1.5,1.26,1.2312,0.000195,8,0.014307,0.010113,0.000253,8,0.014571,0.014031,Unibet,8,0.0288,1.79,549.95,National League - South,Over/Under,,10Bet:1.2500; 1xBet:1.2100; Bet365:1.2200; Betano:1.2500; Betfair:1.2000; Marathonbet:1.2100; Superbet:1.2500; Unibet:1.2600,API-FOOTBALL
Maidenhead vs Ebbsfleet United,2026-01-06 14:45:00,Under 1.5,4.0,3.6575,0.000195,8,0.014307,0.010113,0.000275,8,0.017426,0.013316,Bet365,8,0.3425,6.35,119.61,National League - South,Over/Under,,10Bet:3.7000; 1xBet:3.5800; Bet365:4.0000; Betano:3.5500; Betfair:4.0000; Marathonbet:3.5800; Superbet:3.6000; Unibet:3.2500,API-FOOTBALL
FC Copenhagen vs Napoli,2026-01-20 15:00:00,Over 2.5,2.0,1.9018,0.000195,22,0.016435,0.01555,0.000224,22,0.017583,0.016584,toa_leovegas_se,22,0.0982,3.34,1058.08,Champions League,Over/Under,,toa_betmgm:1.8300; toa_betonlineag:1.8400; toa_betrivers:1.9700; toa_betsson:1.8500; toa_bovada:1.8500; toa_casumo:1.9700; toa_codere_it:1.8600; toa_coolbet:1.8900; toa_grosvenor:1.9700; toa_gtbets:1.8800; toa_leovegas:1.9500; toa_leovegas_se:2.0000; toa_lowvig:1.8400; toa_nordicbet:1.8500; toa_onexbet:1.9400; toa_pinnacle:1.8500; toa_playup:1.8200; toa_tabtouch:1.9700; toa_unibet:1.9700; toa_unibet_nl:1.9700; toa_unibet_se:1.9700; toa_williamhill:1.8000,THE_ODDS_API
FC Copenhagen vs Napoli,2026-01-20 15:00:00,Under 2.5,2.0,1.8927,0.000195,22,0.016435,0.01555,0.000275,22,0.019478,0.017761,toa_onexbet,22,0.1073,3.68,1063.93,Champions League,Over/Under,,toa_betmgm:1.8700; toa_betonlineag:1.9900; toa_betrivers:1.8100; toa_betsson:1.9500; toa_bovada:1.9800; toa_casumo:1.8200; toa_codere_it:1.9100; toa_coolbet:1.9200; toa_grosvenor:1.8200; toa_gtbets:1.9000; toa_leovegas:1.8000; toa_leovegas_se:1.8300; toa_lowvig:1.9900; toa_nordicbet:1.9500; toa_onexbet:2.0000; toa_pinnacle:1.9900; toa_playup:1.9200; toa_tabtouch:1.8200; toa_unibet:1.8200; toa_unibet_nl:1.8200; toa_unibet_se:1.8200; toa_williamhill:1.9100,THE_ODDS_API
Livingston vs ST Mirren,2026-01-06 14:45:00,Over 5.5,15.0,13.7,0.000188,5,0.008355,0.008051,0.000214,5,0.009125,0.00887,Bet365,5,1.3,12.32,-62.97,Premiership,Over/Under,,1xBet:12.0000; Bet365:15.0000; Betano:11.5000; Betfair:15.0000; Superbet:15.0000,API-FOOTBALL
Livingston vs ST Mirren,2026-01-06 14:45:00,Under 5.5,1.04,1.026,0.000188,5,0.008355,0.008051,0.000808,5,0.009716,0.008392,Betano,5,0.014,1.0,387.38,Premiership,Over/Under,,1xBet:1.0200; Bet365:1.0300; Betano:1.0400; Betfair:1.0100; Superbet:1.0300,API-FOOTBALL
Pisa vs Como,2026-01-06 09:00:00,Over 2.25,2.01,1.9117,0.000188,12,0.016161,0.015777,0.000259,12,0.018918,0.017289,toa_pinnacle,12,0.0983,3.61,528.55,Serie A,Over/Under,,188Bet:1.9000; 1xBet:1.8200; Betano:1.8500; Marathonbet:1.8200; Pinnacle:1.8800; SBO:1.8900; Unibet:1.8400; toa_betanysports:1.9900; toa_betonlineag:1.9900; toa_bovada:1.9800; toa_lowvig:1.9700; toa_pinnacle:2.0100,"API-FOOTBALL, THE_ODDS_API"
Pisa vs Como,2026-01-06 09:00:00,Under 2.25,2.01,1.9208,0.000188,12,0.016161,0.015777,0.000216,12,0.017294,0.015675,Pinnacle,12,0.0892,3.32,525.42,Serie A,Over/Under,,188Bet:2.0000; 1xBet:1.9300; Betano:2.0000; Marathonbet:1.9300; Pinnacle:2.0100; SBO:1.9700; Unibet:1.9500; toa_betanysports:1.8400; toa_betonlineag:1.8400; toa_bovada:1.8500; toa_lowvig:1.8500; toa_pinnacle:1.8800,"API-FOOTBALL, THE_ODDS_API"
Crystal Palace vs Aston Villa,2026-01-07 14:30:00,Over 0.5,1.07,1.0412,0.000187,8,0.009464,0.007902,0.003868,8,0.022082,0.019694,Betano,8,0.0288,2.3,668.71,Premier League,Over/Under,,10Bet:1.0600; 1xBet:1.0200; Bet365:1.0600; Betano:1.0700; Betfair:1.0200; Marathonbet:1.0000; Superbet:1.0600; Unibet:1.0400,API-FOOTBALL
Crystal Palace vs Aston Villa,2026-01-07 14:30:00,Under 0.5,11.3,9.9875,0.000187,8,0.009464,0.007902,0.000193,8,0.0099,0.008502,1xBet,8,1.3125,9.79,-19.14,Premier League,Over/Under,,10Bet:8.5000; 1xBet:11.3000; Bet365:10.0000; Betano:9.0000; Betfair:11.0000; Marathonbet:9.3000; Superbet:9.8000; Unibet:11.0000,API-FOOTBALL
Lazio vs Fiorentina,2026-01-07 14:45:00,Under 0.5,8.5,7.4375,0.000186,8,0.01059,0.009474,0.000256,8,0.012827,0.011489,Unibet,8,1.0625,9.45,8.56,Serie A,Over/Under,,10Bet:7.0000; 1xBet:6.6000; Bet365:7.5000; Betano:7.0000; Betfair:8.5000; Marathonbet:6.6000; Superbet:7.8000; Unibet:8.5000,API-FOOTBALL
Lazio vs Fiorentina,2026-01-07 14:45:00,Over 0.5,1.1,1.0712,0.000186,8,0.01059,0.009474,0.000685,8,0.015318,0.014148,Betano,8,0.0288,1.64,646.99,Serie A,Over/Under,,10Bet:1.0900; 1xBet:1.0500; Bet365:1.0800; Betano:1.1000; Betfair:1.0600; Marathonbet:1.0500; Superbet:1.0800; Unibet:1.0600,API-FOOTBALL
Enfield Town vs Hampton & Richmond,2026-01-06 14:45:00,Under 3.5,1.42,1.3689,0.000183,9,0.014801,0.010262,0.000436,9,0.021458,0.016334,10Bet,9,0.0511,2.93,558.02,National League - South,Over/Under,,10Bet:1.4200; 1xBet:1.3500; Bet365:1.4000; Betano:1.4000; Betfair:1.3600; Marathonbet:1.3500; Pinnacle:1.3900; Superbet:1.3700; Unibet:1.2800,API-FOOTBALL
Enfield Town vs Hampton & Richmond,2026-01-06 14:45:00,Over 3.5,3.15,2.8233,0.000183,9,0.014801,0.010262,0.000178,9,0.014896,0.01123,Unibet,9,0.3267,4.2,219.38,National League - South,Over/Under,,10Bet:2.7500; 1xBet:2.7400; Bet365:2.7500; Betano:2.7200; Betfair:2.8800; Marathonbet:2.7400; Pinnacle:2.8300; Superbet:2.8500; Unibet:3.1500,API-FOOTBALL
The New Saints vs Bala Town,2026-01-06 14:45:00,Over 2.5,1.3,1.27,0.000183,8,0.014037,0.011486,0.000335,8,0.017463,0.015572,10Bet,8,0.03,2.22,530.23,Premier League,Over/Under,,10Bet:1.3000; 1xBet:1.2600; Bet365:1.3000; Betano:1.2900; Betfair:1.2200; Marathonbet:1.2600; Superbet:1.2900; Unibet:1.2400,API-FOOTBALL
The New Saints vs Bala Town,2026-01-06 14:45:00,Under 2.5,3.8,3.375,0.000183,8,0.014037,0.011486,0.000231,8,0.016198,0.013183,Betfair,8,0.425,5.45,137.79,Premier League,Over/Under,,10Bet:3.3500; 1xBet:3.2000; Bet365:3.4000; Betano:3.2500; Betfair:3.8000; Marathonbet:3.2000; Superbet:3.2500; Unibet:3.5500,API-FOOTBALL
The New Saints vs Bala Town,2026-01-06 14:45:00,Under 1.5,8.0,6.775,0.000177,6,0.010573,0.007976,0.000211,6,0.011942,0.009818,Betfair,6,1.225,8.03,-10.81,Premier League,Over/Under,,1xBet:6.5500; Bet365:7.0000; Betano:6.3000; Betfair:8.0000; Marathonbet:6.5500; Unibet:6.2500,API-FOOTBALL
The New Saints vs Bala Town,2026-01-06 14:45:00,Over 1.5,1.09,1.0667,0.000177,6,0.010573,0.007976,0.000691,6,0.014915,0.014643,Betano,6,0.0233,1.59,462.64,Premier League,Over/Under,,1xBet:1.0500; Bet365:1.0800; Betano:1.0900; Betfair:1.0500; Marathonbet:1.0500; Unibet:1.0800,API-FOOTBALL
Brentford vs Sunderland,2026-01-07 14:30:00,Over 2.0,1.55,1.502,0.000176,5,0.01499,0.01182,0.000256,5,0.017737,0.015193,Betano,5,0.048,2.66,233.12,Premier League,Over/Under,,1xBet:1.4900; Betano:1.5500; Marathonbet:1.4900; Pinnacle:1.5400; Unibet:1.4400,API-FOOTBALL
Brentford vs Sunderland,2026-01-07 14:30:00,Under 2.0,2.8,2.57,0.000176,5,0.01499,0.01182,0.000242,5,0.017793,0.014668,Unibet,5,0.23,4.56,94.98,Premier League,Over/Under,,1xBet:2.4700; Betano:2.5200; Marathonbet:2.4700; Pinnacle:2.5900; Unibet:2.8000,API-FOOTBALL
Villarreal vs Alavés,2026-01-10 10:15:00,Over 2.5,2.06,1.9809,0.000175,23,0.015565,0.014706,0.000154,23,0.014623,0.012953,toa_leovegas_se,23,0.0791,2.89,1062.07,La Liga,Over/Under,,toa_betonlineag:1.9400; toa_betrivers:2.0200; toa_betsson:1.9000; toa_betus:1.9100; toa_bovada:2.0000; toa_casumo:2.0400; toa_codere_it:1.9800; toa_coolbet:1.9400; toa_grosvenor:2.0500; toa_leovegas:2.0200; toa_leovegas_se:2.0600; toa_lowvig:1.9400; toa_matchbook:1.9800; toa_nordicbet:1.9000; toa_onexbet:2.0200; toa_pinnacle:1.9800; toa_playup:1.8800; toa_tabtouch:2.0400; toa_tipico_de:1.9300; toa_unibet:2.0400; toa_unibet_nl:2.0400; toa_unibet_se:2.0400; toa_williamhill:1.9100,THE_ODDS_API
Villarreal vs Alavés,2026-01-10 10:15:00,Under 2.5,1.94,1.8235,0.000175,23,0.015565,0.014706,0.000345,23,0.021757,0.019641,toa_coolbet,23,0.1165,3.96,1163.3,La Liga,Over/Under,,toa_betonlineag:1.8800; toa_betrivers:1.7300; toa_betsson:1.8500; toa_betus:1.9100; toa_bovada:1.8300; toa_casumo:1.7400; toa_codere_it:1.8700; toa_coolbet:1.9400; toa_grosvenor:1.7500; toa_leovegas:1.7300; toa_leovegas_se:1.7600; toa_lowvig:1.8800; toa_matchbook:1.9200; toa_nordicbet:1.8500; toa_onexbet:1.9200; toa_pinnacle:1.9100; toa_playup:1.8500; toa_tabtouch:1.7400; toa_tipico_de:1.8300; toa_unibet:1.7400; toa_unibet_nl:1.7400; toa_unibet_se:1.7400; toa_williamhill:1.8300,THE_ODDS_API
Bologna vs Atalanta,2026-01-07 12:30:00,Under 0.5,11.0,9.6625,0.000173,8,0.009242,0.007815,0.000181,8,0.009654,0.007842,Unibet,8,1.3375,9.25,-16.48,Serie A,Over/Under,,10Bet:8.5000; 1xBet:9.5000; Bet365:10.0000; Betano:8.5000; Betfair:11.0000; Marathonbet:9.5000; Superbet:9.3000; Unibet:11.0000,API-FOOTBALL
Bologna vs Atalanta,2026-01-07 12:30:00,Over 0.5,1.07,1.04,0.000173,8,0.009242,0.007815,0.005737,8,0.024385,0.021108,Betano,8,0.03,2.53,669.72,Serie A,Over/Under,,10Bet:1.0600; 1xBet:1.0000; Bet365:1.0600; Betano:1.0700; Betfair:1.0400; Marathonbet:1.0000; Superbet:1.0600; Unibet:1.0300,API-FOOTBALL
Brentford vs Sunderland,2026-01-07 14:30:00,Over 0.5,1.08,1.0462,0.00017,8,0.009233,0.007883,0.001647,8,0.018784,0.017135,Betano,8,0.0338,1.96,664.93,Premier League,Over/Under,,10Bet:1.0600; 1xBet:1.0200; Bet365:1.0600; Betano:1.0800; Betfair:1.0300; Marathonbet:1.0200; Superbet:1.0600; Unibet:1.0400,API-FOOTBALL
Brentford vs Sunderland,2026-01-07 14:30:00,Under 0.5,11.0,9.1438,0.00017,8,0.009233,0.007883,0.000211,8,0.010579,0.009515,Unibet,8,1.8562,9.58,-11.65,Premier League,Over/Under,,10Bet:8.5000; 1xBet:8.3000; Bet365:9.5000; Betano:8.2500; Betfair:10.0000; Marathonbet:8.3000; Superbet:9.3000; Unibet:11.0000,API-FOOTBALL
Napoli vs Verona,2026-01-07 12:30:00,Over 0.5,1.07,1.045,0.000164,8,0.008974,0.007316,0.003646,8,0.020901,0.017444,Betano,8,0.025,2.18,665.91,Serie A,Over/Under,,10Bet:1.0600; 1xBet:1.0200; Bet365:1.0600; Betano:1.0700; Betfair:1.0500; Marathonbet:1.0000; Superbet:1.0600; Unibet:1.0400,API-FOOTBALL
Napoli vs Verona,2026-01-07 12:30:00,Under 0.5,11.3,9.55,0.000164,8,0.008974,0.007316,0.000164,8,0.009206,0.007445,1xBet,8,1.75,8.72,-15.57,Serie A,Over/Under,,10Bet:8.5000; 1xBet:11.3000; Bet365:10.0000; Betano:8.5000; Betfair:9.0000; Marathonbet:9.5000; Superbet:9.6000; Unibet:10.0000,API-FOOTBALL
Bologna vs Atalanta,2026-01-07 12:30:00,Over 5.5,15.0,13.3,0.000158,5,0.007805,0.006211,0.000166,5,0.008184,0.006333,Betfair,5,1.7,10.77,-62.0,Serie A,Over/Under,,1xBet:13.5000; Bet365:13.0000; Betano:11.0000; Betfair:15.0000; Superbet:14.0000,API-FOOTBALL
Bologna vs Atalanta,2026-01-07 12:30:00,Under 5.5,1.04,1.028,0.000158,5,0.007805,0.006211,0.001,5,0.011083,0.009886,Bet365,5,0.012,1.14,386.44,Serie A,Over/Under,,1xBet:1.0200; Bet365:1.0400; Betano:1.0400; Betfair:1.0100; Superbet:1.0300,API-FOOTBALL
Burnley vs Manchester United,2026-01-07 15:15:00,Under 5.5,1.07,1.0343,0.000149,7,0.008409,0.006613,0.0062,7,0.025455,0.023196,Betano,7,0.0357,2.63,577.26,Premier League,Over/Under,,1xBet:1.0000; Bet365:1.0600; Betano:1.0700; Betfair:1.0200; Marathonbet:1.0000; Superbet:1.0600; Unibet:1.0300,API-FOOTBALL
Burnley vs Manchester United,2026-01-07 15:15:00,Over 5.5,11.5,9.9214,0.000149,7,0.008409,0.006613,0.000181,7,0.009503,0.008272,Unibet,7,1.5786,9.34,-28.81,Premier League,Over/Under,,1xBet:9.1000; Bet365:10.0000; Betano:8.7500; Betfair:11.0000; Marathonbet:9.1000; Superbet:10.0000; Unibet:11.5000,API-FOOTBALL
Enfield Town vs Hampton & Richmond,2026-01-06 14:45:00,Under 2.5,2.08,1.9922,0.000149,9,0.014347,0.009839,0.000312,9,0.020781,0.013969,Bet365,9,0.0878,4.13,352.48,National League - South,Over/Under,,10Bet:2.0500; 1xBet:1.9900; Bet365:2.0800; Betano:2.0200; Betfair:2.0000; Marathonbet:1.9900; Pinnacle:2.0500; Superbet:1.9500; Unibet:1.8000,API-FOOTBALL
Enfield Town vs Hampton & Richmond,2026-01-06 14:45:00,Over 2.5,1.84,1.75,0.000149,9,0.014347,0.009839,8.2e-05,9,0.010591,0.007114,Unibet,9,0.09,1.85,414.47,National League - South,Over/Under,,10Bet:1.7300; 1xBet:1.7300; Bet365:1.7300; Betano:1.7500; Betfair:1.7300; Marathonbet:1.7300; Pinnacle:1.7500; Superbet:1.7600; Unibet:1.8400,API-FOOTBALL
The New Saints vs Bala Town,2026-01-06 14:45:00,Over 4.25,2.5,2.3375,0.000147,4,0.013913,0.011636,0.000277,4,0.019352,0.017729,Pinnacle,4,0.1625,4.51,71.48,Premier League,Over/Under,,1xBet:2.2400; Betano:2.3700; Marathonbet:2.2400; Pinnacle:2.5000,API-FOOTBALL
The New Saints vs Bala Town,2026-01-06 14:45:00,Under 4.25,1.55,1.515,0.000147,4,0.013913,0.011636,0.000129,4,0.012646,0.009983,Betano,4,0.035,1.92,164.12,Premier League,Over/Under,,1xBet:1.5200; Betano:1.5500; Marathonbet:1.5200; Pinnacle:1.4700,API-FOOTBALL
Maidenhead vs Ebbsfleet United,2026-01-06 14:45:00,Over 6.5,13.0,12.1667,0.000147,3,0.007755,0.007311,0.000171,3,0.008634,0.00814,Bet365,3,0.8333,10.4,-75.09,National League - South,Over/Under,,1xBet:13.0000; Bet365:13.0000; Betano:10.5000,API-FOOTBALL
Maidenhead vs Ebbsfleet United,2026-01-06 14:45:00,Under 6.5,1.02,1.0133,0.000147,3,0.007755,0.007311,0.000268,3,0.004576,0.004314,Betano,3,0.0067,0.46,196.06,National League - South,Over/Under,,1xBet:1.0100; Bet365:1.0100; Betano:1.0200,API-FOOTBALL
Eintracht Frankfurt vs Borussia Dortmund,2026-01-09 14:30:00,Under 2.5,2.43,2.33,0.000145,18,0.013935,0.013403,0.000176,18,0.015469,0.014159,toa_grosvenor,18,0.1,3.6,673.52,Bundesliga,Over/Under,,sgo_betparx:2.4000; sgo_betrivers:2.3800; toa_betmgm:2.2500; toa_betsson:2.2200; toa_casumo:2.4000; toa_codere_it:2.3300; toa_grosvenor:2.4300; toa_gtbets:2.2900; toa_leovegas:2.3800; toa_leovegas_se:2.4300; toa_nordicbet:2.2200; toa_onexbet:2.3600; toa_playup:2.2000; toa_tabtouch:2.4000; toa_tipico_de:2.2500; toa_unibet_nl:2.4000; toa_unibet_se:2.4000; toa_williamhill:2.2000,"SportsGameOdds, THE_ODDS_API"
Eintracht Frankfurt vs Borussia Dortmund,2026-01-09 14:30:00,Over 2.5,1.69,1.5822,0.000145,18,0.013935,0.013403,0.000241,18,0.017677,0.015931,toa_onexbet,18,0.1078,2.79,1038.55,Bundesliga,Over/Under,,sgo_betparx:1.5405; sgo_betrivers:1.5495; toa_betmgm:1.5700; toa_betsson:1.6200; toa_casumo:1.5400; toa_codere_it:1.6400; toa_grosvenor:1.5500; toa_gtbets:1.6000; toa_leovegas:1.5300; toa_leovegas_se:1.5600; toa_nordicbet:1.6200; toa_onexbet:1.6900; toa_playup:1.6300; toa_tabtouch:1.5400; toa_tipico_de:1.6000; toa_unibet_nl:1.5400; toa_unibet_se:1.5400; toa_williamhill:1.6200,"SportsGameOdds, THE_ODDS_API"
Lazio vs Fiorentina,2026-01-07 14:45:00,Over 4.5,9.5,8.2,0.000144,8,0.008923,0.007761,0.000217,8,0.011381,0.009739,Unibet,8,1.3,9.25,-1.59,Serie A,Over/Under,,10Bet:8.5000; 1xBet:7.2000; Bet365:9.0000; Betano:7.8000; Betfair:8.0000; Marathonbet:7.2000; Superbet:8.4000; Unibet:9.5000,API-FOOTBALL
Lazio vs Fiorentina,2026-01-07 14:45:00,Under 4.5,1.09,1.0575,0.000144,8,0.008923,0.007761,0.001286,8,0.018348,0.016335,Betano,8,0.0325,1.94,656.79,Serie A,Over/Under,,10Bet:1.0600; 1xBet:1.0300; Bet365:1.0700; Betano:1.0900; Betfair:1.0700; Marathonbet:1.0300; Superbet:1.0700; Unibet:1.0400,API-FOOTBALL
West Ham vs Nottingham Forest,2026-01-06 15:00:00,Under 0.5,11.0,9.675,0.000143,8,0.008328,0.006668,0.000172,8,0.009389,0.008519,Unibet,8,1.325,9.01,-16.62,Premier League,Over/Under,,10Bet:8.5000; 1xBet:9.0000; Bet365:10.0000; Betano:9.0000; Betfair:11.0000; Marathonbet:9.0000; Superbet:9.9000; Unibet:11.0000,API-FOOTBALL
West Ham vs Nottingham Forest,2026-01-06 15:00:00,Over 0.5,1.07,1.0388,0.000143,8,0.008328,0.006668,0.005889,8,0.025006,0.022595,Betano,8,0.0312,2.6,670.67,Premier League,Over/Under,,10Bet:1.0600; 1xBet:1.0000; Bet365:1.0600; Betano:1.0700; Betfair:1.0200; Marathonbet:1.0000; Superbet:1.0600; Unibet:1.0400,API-FOOTBALL
Penrhyncoch vs Caersws,2026-01-06 14:45:00,Under 0.5,17.0,15.0,0.000139,3,0.006816,0.005724,0.000157,3,0.007411,0.006301,Betfair,3,2.0,10.98,-79.76,FAW Championship,Over/Under,,1xBet:15.0000; Betfair:17.0000; Superbet:13.0000,API-FOOTBALL
Penrhyncoch vs Caersws,2026-01-06 14:45:00,Over 0.5,1.02,1.0167,0.000139,3,0.006816,0.005724,0.000268,3,0.004576,0.004314,1xBet,3,0.0033,0.47,195.09,FAW Championship,Over/Under,,1xBet:1.0200; Betfair:1.0100; Superbet:1.0200,API-FOOTBALL
Sassuolo vs Juventus,2026-01-06 14:45:00,Under 0.5,11.0,9.6062,0.000137,8,0.008108,0.006899,0.000183,8,0.009663,0.008796,Unibet,8,1.3938,9.2,-15.98,Serie A,Over/Under,,10Bet:9.0000; 1xBet:8.7000; Bet365:10.0000; Betano:8.7500; Betfair:11.0000; Marathonbet:8.7000; Superbet:9.7000; Unibet:11.0000,API-FOOTBALL
Sassuolo vs Juventus,2026-01-06 14:45:00,Over 0.5,1.07,1.0412,0.000137,8,0.008108,0.006899,0.002452,8,0.019947,0.017357,Betano,8,0.0288,2.08,668.64,Serie A,Over/Under,,10Bet:1.0500; 1xBet:1.0100; Bet365:1.0600; Betano:1.0700; Betfair:1.0400; Marathonbet:1.0100; Superbet:1.0600; Unibet:1.0300,API-FOOTBALL
Bologna vs Celtic,2026-01-22 12:45:00,Over 2.5,1.83,1.7443,0.000135,7,0.013617,0.010008,0.000227,7,0.017559,0.015357,toa_onexbet,7,0.0857,3.06,301.69,Europa League,Over/Under,,toa_betmgm:1.7100; toa_betsson:1.6800; toa_codere_it:1.7500; toa_coolbet:1.7600; toa_nordicbet:1.6800; toa_onexbet:1.8300; toa_williamhill:1.8000,THE_ODDS_API
Bologna vs Celtic,2026-01-22 12:45:00,Under 2.5,2.13,2.0514,0.000135,7,0.013617,0.010008,0.000238,7,0.018143,0.014801,toa_onexbet,7,0.0786,3.72,241.69,Europa League,Over/Under,,toa_betmgm:2.0000; toa_betsson:2.1200; toa_codere_it:2.0500; toa_coolbet:2.0300; toa_nordicbet:2.1200; toa_onexbet:2.1300; toa_williamhill:1.9100,THE_ODDS_API
Atalanta BC vs Torino,2026-01-10 14:45:00,Over 2.5,1.95,1.8697,0.000134,22,0.013612,0.013135,0.000215,22,0.01717,0.014424,toa_onexbet,22,0.0803,3.21,1077.82,Serie A,Over/Under,,sgo_betparx:1.9174; sgo_betrivers:1.9091; sgo_bovada:1.8475; toa_betonlineag:1.8400; toa_betrivers:1.9100; toa_betus:1.8300; toa_bovada:1.8500; toa_casumo:1.9200; toa_grosvenor:1.9300; toa_gtbets:1.8500; toa_leovegas:1.8900; toa_leovegas_se:1.9300; toa_lowvig:1.8400; toa_matchbook:1.7100; toa_onexbet:1.9500; toa_pinnacle:1.8500; toa_playup:1.8000; toa_tabtouch:1.9200; toa_tipico_de:1.8000; toa_unibet_nl:1.9200; toa_unibet_se:1.9200; toa_williamhill:1.8000,"SportsGameOdds, THE_ODDS_API"
Atalanta BC vs Torino,2026-01-10 14:45:00,Under 2.5,2.0,1.909,0.000134,22,0.013612,0.013135,0.00024,22,0.018227,0.017483,toa_onexbet,22,0.091,3.48,1053.83,Serie A,Over/Under,,sgo_betparx:1.8475; sgo_betrivers:1.8403; sgo_bovada:1.9804; toa_betonlineag:1.9900; toa_betrivers:1.8300; toa_betus:2.0000; toa_bovada:1.9800; toa_casumo:1.8500; toa_grosvenor:1.8500; toa_gtbets:1.9200; toa_leovegas:1.8300; toa_leovegas_se:1.8700; toa_lowvig:1.9900; toa_matchbook:1.8300; toa_onexbet:2.0000; toa_pinnacle:1.9900; toa_playup:1.9500; toa_tabtouch:1.8500; toa_tipico_de:1.9500; toa_unibet_nl:1.8500; toa_unibet_se:1.8500; toa_williamhill:1.9500,"SportsGameOdds, THE_ODDS_API"
Villarreal vs Deportivo Alavés,2026-01-10 10:15:00,Over 2.5,2.04,1.9783,0.000132,4,0.01349,0.01345,0.000146,4,0.014236,0.013253,sgo_betparx,4,0.0617,2.81,102.35,LA_LIGA,Over/Under,,sgo_betmgm:1.9009; sgo_betparx:2.0400; sgo_betrivers:2.0200; sgo_bovada:1.9524,SportsGameOdds
Villarreal vs Deportivo Alavés,2026-01-10 10:15:00,Under 2.5,1.8696,1.785,0.000132,4,0.01349,0.01345,0.000217,4,0.017212,0.01553,sgo_bovada,4,0.0846,3.07,124.3,LA_LIGA,Over/Under,,sgo_betmgm:1.8000; sgo_betparx:1.7407; sgo_betrivers:1.7299; sgo_bovada:1.8696,SportsGameOdds
Brentford vs Sunderland,2026-01-07 14:30:00,Under 1.75,3.2,2.958,0.000131,5,0.012487,0.009676,0.000175,5,0.014687,0.012203,Unibet,5,0.242,4.34,69.36,Premier League,Over/Under,,1xBet:2.8400; Betano:2.9200; Marathonbet:2.8400; Pinnacle:2.9900; Unibet:3.2000,API-FOOTBALL
Brentford vs Sunderland,2026-01-07 14:30:00,Over 1.75,1.44,1.386,0.000131,5,0.012487,0.009676,0.000293,5,0.018096,0.0161,Betano,5,0.054,2.51,260.98,Premier League,Over/Under,,1xBet:1.3700; Betano:1.4400; Marathonbet:1.3700; Pinnacle:1.4100; Unibet:1.3400,API-FOOTBALL
Crystal Palace vs Aston Villa,2026-01-07 14:30:00,Under 5.5,1.05,1.03,0.000131,6,0.007309,0.005172,0.001649,6,0.014464,0.012674,Betano,6,0.02,1.49,482.65,Premier League,Over/Under,,1xBet:1.0300; Bet365:1.0400; Betano:1.0500; Betfair:1.0100; Superbet:1.0400; Unibet:1.0100,API-FOOTBALL
Crystal Palace vs Aston Villa,2026-01-07 14:30:00,Over 5.5,14.0,12.6667,0.000131,6,0.007309,0.005172,0.00013,6,0.00745,0.005364,Unibet,6,1.3333,9.36,-52.26,Premier League,Over/Under,,1xBet:12.5000; Bet365:13.0000; Betano:10.5000; Betfair:13.0000; Superbet:13.0000; Unibet:14.0000,API-FOOTBALL
Pisa vs Como,2026-01-06 09:00:00,Under 2.5,1.8,1.6803,0.00013,33,0.013296,0.011759,0.000289,33,0.019662,0.017485,1xBet,33,0.1197,3.3,1866.13,Serie A,Over/Under,,10Bet:1.7300; 188Bet:1.7700; 1xBet:1.8000; Bet365:1.7300; Betano:1.7800; Betfair:1.6700; Marathonbet:1.7500; Pinnacle:1.7600; SBO:1.7000; Superbet:1.7400; Unibet:1.7100; sgo_betmgm:1.6494; sgo_betparx:1.6410; sgo_betrivers:1.6289; toa_betmgm:1.6500; toa_betrivers:1.6300; toa_betsson:1.6200; toa_betus:1.6700; toa_casumo:1.6400; toa_codere_it:1.6200; toa_coolbet:1.7600; toa_grosvenor:1.6500; toa_gtbets:1.6700; toa_leovegas:1.6200; toa_leovegas_se:1.6600; toa_nordicbet:1.6200; toa_onexbet:1.7400; toa_playup:1.6000; toa_tabtouch:1.6400; toa_tipico_de:1.6200; toa_unibet_nl:1.6400; toa_unibet_se:1.6400; toa_williamhill:1.7000,"API-FOOTBALL, SportsGameOdds, THE_ODDS_API"
Pisa vs Como,2026-01-06 09:00:00,Over 2.5,2.3,2.1733,0.00013,33,0.013296,0.011759,0.000135,33,0.013654,0.011732,toa_betus,33,0.1267,2.96,1419.74,Serie A,Over/Under,,10Bet:2.1000; 188Bet:2.1300; 1xBet:2.1700; Bet365:2.1000; Betano:2.1000; Betfair:2.1500; Marathonbet:2.1100; Pinnacle:2.1400; SBO:2.1900; Superbet:2.1000; Unibet:2.1000; sgo_betmgm:2.1000; sgo_betparx:2.2000; sgo_betrivers:2.2000; toa_betmgm:2.1000; toa_betrivers:2.2000; toa_betsson:2.2800; toa_betus:2.3000; toa_casumo:2.2000; toa_codere_it:2.1100; toa_coolbet:2.1700; toa_grosvenor:2.2300; toa_gtbets:2.1300; toa_leovegas:2.1800; toa_leovegas_se:2.2300; toa_nordicbet:2.2800; toa_onexbet:2.2700; toa_playup:2.2500; toa_tabtouch:2.2000; toa_tipico_de:2.2500; toa_unibet_nl:2.2000; toa_unibet_se:2.2000; toa_williamhill:2.0500,"API-FOOTBALL, SportsGameOdds, THE_ODDS_API"
Feyenoord vs SK Sturm Graz,2026-01-22 12:45:00,Under 3.25,1.91,1.866,0.00013,5,0.01344,0.01293,9.8e-05,5,0.0116,0.010635,toa_pinnacle,5,0.044,2.16,168.08,Europa League,Over/Under,,toa_betonlineag:1.8200; toa_betus:1.9100; toa_bovada:1.8700; toa_lowvig:1.8200; toa_pinnacle:1.9100,THE_ODDS_API
Feyenoord vs SK Sturm Graz,2026-01-22 12:45:00,Over 3.25,2.02,1.942,0.00013,5,0.01344,0.01293,0.000229,5,0.017806,0.016401,toa_lowvig,5,0.078,3.45,157.78,Europa League,Over/Under,,toa_betonlineag:2.0200; toa_betus:1.8700; toa_bovada:1.8700; toa_lowvig:2.0200; toa_pinnacle:1.9300,THE_ODDS_API
Torino vs Udinese,2026-01-07 14:45:00,Under 4.5,1.08,1.0488,0.000126,8,0.008077,0.005298,0.003263,8,0.02413,0.022179,Betano,8,0.0312,2.53,663.29,Serie A,Over/Under,,10Bet:1.0600; 1xBet:1.0100; Bet365:1.0700; Betano:1.0800; Betfair:1.0600; Marathonbet:1.0100; Superbet:1.0700; Unibet:1.0300,API-FOOTBALL
Torino vs Udinese,2026-01-07 14:45:00,Over 4.5,10.5,8.95,0.000126,8,0.008077,0.005298,0.000124,8,0.008184,0.005519,Unibet,8,1.55,7.28,-10.11,Serie A,Over/Under,,10Bet:8.5000; 1xBet:8.8000; Bet365:9.0000; Betano:7.9000; Betfair:9.0000; Marathonbet:8.8000; Superbet:9.1000; Unibet:10.5000,API-FOOTBALL
Levante UD vs Espanyol,2026-01-11 10:15:00,Over 2.5,2.12,2.0676,0.000126,4,0.013172,0.013156,0.000136,4,0.013748,0.012339,sgo_betparx,4,0.0524,2.84,93.61,LA_LIGA,Over/Under,,sgo_betmgm:1.9804; sgo_betparx:2.1200; sgo_betrivers:2.1200; sgo_bovada:2.0500,SportsGameOdds
Levante UD vs Espanyol,2026-01-11 10:15:00,Under 2.5,1.8,1.7281,0.000126,4,0.013172,0.013156,0.00021,4,0.016861,0.015975,sgo_bovada,4,0.0719,2.91,131.66,LA_LIGA,Over/Under,,sgo_betmgm:1.7519; sgo_betparx:1.6803; sgo_betrivers:1.6803; sgo_bovada:1.8000,SportsGameOdds
Malmo FF vs Red Star Belgrade,2026-01-22 12:45:00,Over 2.5,1.87,1.79,0.000125,7,0.013125,0.011288,0.00018,7,0.015664,0.012743,toa_onexbet,7,0.08,2.8,291.37,Europa League,Over/Under,,toa_betmgm:1.8000; toa_betsson:1.7200; toa_codere_it:1.8000; toa_coolbet:1.8200; toa_nordicbet:1.7200; toa_onexbet:1.8700; toa_williamhill:1.8000,THE_ODDS_API
Malmo FF vs Red Star Belgrade,2026-01-22 12:45:00,Under 2.5,2.08,2.0,0.000125,7,0.013125,0.011288,0.000242,7,0.018307,0.017057,toa_betsson,7,0.08,3.66,250.47,Europa League,Over/Under,,toa_betmgm:1.9100; toa_betsson:2.0800; toa_codere_it:1.9800; toa_coolbet:1.9600; toa_nordicbet:2.0800; toa_onexbet:2.0800; toa_williamhill:1.9100,THE_ODDS_API
Lecce vs AS Roma,2026-01-06 12:00:00,Over 4.5,10.5,9.1812,0.000123,8,0.007925,0.006481,0.000119,8,0.00795,0.006153,Unibet,8,1.3187,7.26,-12.39,Serie A,Over/Under,,10Bet:8.5000; 1xBet:9.0000; Bet365:9.0000; Betano:8.2500; Betfair:10.0000; Marathonbet:9.0000; Superbet:9.2000; Unibet:10.5000,API-FOOTBALL
Lecce vs AS Roma,2026-01-06 12:00:00,Under 4.5,1.08,1.0438,0.000123,8,0.007925,0.006481,0.006296,8,0.026748,0.023604,Betano,8,0.0363,2.79,667.06,Serie A,Over/Under,,10Bet:1.0600; 1xBet:1.0000; Bet365:1.0700; Betano:1.0800; Betfair:1.0500; Marathonbet:1.0000; Superbet:1.0600; Unibet:1.0300,API-FOOTBALL
The New Saints vs Bala Town,2026-01-06 14:45:00,Under 4.5,1.47,1.4375,0.000122,8,0.012439,0.011044,7.5e-05,8,0.009347,0.006739,Unibet,8,0.0325,1.34,456.62,Premier League,Over/Under,,10Bet:1.4400; 1xBet:1.4400; Bet365:1.4400; Betano:1.4500; Marathonbet:1.4400; Pinnacle:1.4000; Superbet:1.4200; Unibet:1.4700,API-FOOTBALL
The New Saints vs Bala Town,2026-01-06 14:45:00,Over 4.5,2.76,2.5738,0.000122,8,0.012439,0.011044,0.000222,8,0.01709,0.015317,Pinnacle,8,0.1862,4.39,211.43,Premier League,Over/Under,,10Bet:2.6500; 1xBet:2.4300; Bet365:2.6200; Betano:2.5500; Marathonbet:2.4300; Pinnacle:2.7600; Superbet:2.6700; Unibet:2.4800,API-FOOTBALL
Augsburg vs Union Berlin,2026-01-15 14:30:00,Under 2.5,1.72,1.6181,0.000122,16,0.012819,0.012582,0.000239,16,0.017686,0.015472,toa_onexbet,16,0.1019,2.86,889.62,Bundesliga,Over/Under,,toa_betmgm:1.6200; toa_betrivers:1.5700; toa_betsson:1.6500; toa_casumo:1.5700; toa_coolbet:1.6600; toa_grosvenor:1.6000; toa_leovegas:1.5600; toa_leovegas_se:1.6100; toa_nordicbet:1.6500; toa_onexbet:1.7200; toa_playup:1.6300; toa_tabtouch:1.5700; toa_tipico_de:1.6700; toa_unibet_nl:1.5700; toa_unibet_se:1.5700; toa_williamhill:1.6700,THE_ODDS_API
Augsburg vs Union Berlin,2026-01-15 14:30:00,Over 2.5,2.32,2.2406,0.000122,16,0.012819,0.012582,0.00014,16,0.013866,0.013425,toa_grosvenor,16,0.0794,3.1,614.77,Bundesliga,Over/Under,,toa_betmgm:2.1500; toa_betrivers:2.2800; toa_betsson:2.1800; toa_casumo:2.3000; toa_coolbet:2.1900; toa_grosvenor:2.3200; toa_leovegas:2.2800; toa_leovegas_se:2.3200; toa_nordicbet:2.1800; toa_onexbet:2.3000; toa_playup:2.1500; toa_tabtouch:2.3000; toa_tipico_de:2.1500; toa_unibet_nl:2.3000; toa_unibet_se:2.3000; toa_williamhill:2.1500,THE_ODDS_API
Levante vs Espanyol,2026-01-11 10:15:00,Under 2.5,1.84,1.7414,0.000119,22,0.012785,0.012149,0.000233,22,0.017764,0.016035,toa_onexbet,22,0.0986,3.09,1164.59,La Liga,Over/Under,,toa_betmgm:1.7400; toa_betonlineag:1.8000; toa_betrivers:1.6800; toa_betsson:1.7800; toa_betus:1.8000; toa_casumo:1.6800; toa_codere_it:1.7200; toa_coolbet:1.7900; toa_grosvenor:1.7000; toa_leovegas:1.6800; toa_leovegas_se:1.7000; toa_lowvig:1.8000; toa_matchbook:1.8300; toa_nordicbet:1.7800; toa_onexbet:1.8400; toa_playup:1.7700; toa_tabtouch:1.6800; toa_tipico_de:1.7500; toa_unibet:1.6800; toa_unibet_nl:1.6800; toa_unibet_se:1.6800; toa_williamhill:1.7500,THE_ODDS_API
Levante vs Espanyol,2026-01-11 10:15:00,Over 2.5,2.15,2.0695,0.000119,22,0.012785,0.012149,0.000151,22,0.014459,0.012981,toa_leovegas_se,22,0.0805,2.99,963.97,La Liga,Over/Under,,toa_betmgm:1.9800; toa_betonlineag:2.0500; toa_betrivers:2.1200; toa_betsson:1.9800; toa_betus:2.0500; toa_casumo:2.1200; toa_codere_it:1.9700; toa_coolbet:2.1200; toa_grosvenor:2.1400; toa_leovegas:2.1200; toa_leovegas_se:2.1500; toa_lowvig:2.0500; toa_matchbook:2.0800; toa_nordicbet:1.9800; toa_onexbet:2.1100; toa_playup:1.9800; toa_tabtouch:2.1200; toa_tipico_de:2.0500; toa_unibet:2.1200; toa_unibet_nl:2.1200; toa_unibet_se:2.1200; toa_williamhill:2.0000,THE_ODDS_API
Maidenhead vs Ebbsfleet United,2026-01-06 14:45:00,Over 2.0,1.44,1.375,0.000118,4,0.012081,0.010415,0.000405,4,0.021241,0.018364,Betano,4,0.065,2.92,191.16,National League - South,Over/Under,,1xBet:1.3400; Betano:1.4400; Marathonbet:1.3400; Pinnacle:1.3800,API-FOOTBALL
Maidenhead vs Ebbsfleet United,2026-01-06 14:45:00,Under 2.0,2.9,2.7775,0.000118,4,0.012081,0.010415,0.000104,4,0.011522,0.008478,Pinnacle,4,0.1225,3.2,44.16,National League - South,Over/Under,,1xBet:2.7800; Betano:2.6500; Marathonbet:2.7800; Pinnacle:2.9000,API-FOOTBALL
Crystal Palace vs Aston Villa,2026-01-07 14:30:00,Over 4.5,7.0,6.3188,0.000117,8,0.009015,0.00693,0.00014,8,0.0101,0.008708,Unibet,8,0.6813,6.36,27.15,Premier League,Over/Under,,10Bet:6.2500; 1xBet:6.0000; Bet365:6.0000; Betano:5.9000; Betfair:7.0000; Marathonbet:6.0000; Superbet:6.4000; Unibet:7.0000,API-FOOTBALL
Crystal Palace vs Aston Villa,2026-01-07 14:30:00,Under 4.5,1.14,1.0988,0.000117,8,0.009015,0.00693,0.001244,8,0.022989,0.020153,Betano,8,0.0412,2.52,628.56,Premier League,Over/Under,,10Bet:1.1100; 1xBet:1.0600; Bet365:1.1200; Betano:1.1400; Betfair:1.0800; Marathonbet:1.0600; Superbet:1.1200; Unibet:1.1000,API-FOOTBALL
Torino vs Udinese,2026-01-07 14:45:00,Under 0.5,8.0,7.55,0.000115,8,0.00838,0.007542,8.1e-05,8,0.007227,0.00623,Unibet,8,0.45,5.44,6.27,Serie A,Over/Under,,10Bet:7.0000; 1xBet:7.8000; Bet365:7.5000; Betano:6.9000; Betfair:8.0000; Marathonbet:7.8000; Superbet:7.4000; Unibet:8.0000,API-FOOTBALL
Torino vs Udinese,2026-01-07 14:45:00,Over 0.5,1.11,1.0688,0.000115,8,0.00838,0.007542,0.002962,8,0.02731,0.021969,Betano,8,0.0413,2.92,649.16,Serie A,Over/Under,,10Bet:1.0900; 1xBet:1.0200; Bet365:1.0800; Betano:1.1100; Betfair:1.0700; Marathonbet:1.0200; Superbet:1.0900; Unibet:1.0700,API-FOOTBALL
Brentford vs Sunderland,2026-01-07 14:30:00,Over 1.5,1.35,1.3156,0.000111,9,0.011098,0.008572,0.000171,9,0.013119,0.01188,Betano,9,0.0344,1.73,584.32,Premier League,Over/Under,,10Bet:1.3300; 1xBet:1.3000; Bet365:1.3300; Betano:1.3500; Betfair:1.2900; Marathonbet:1.3000; Pinnacle:1.3400; Superbet:1.3200; Unibet:1.2800,API-FOOTBALL
Brentford vs Sunderland,2026-01-07 14:30:00,Under 1.5,3.7,3.3433,0.000111,9,0.011098,0.008572,0.000176,9,0.014273,0.011806,Unibet,9,0.3567,4.76,169.82,Premier League,Over/Under,,10Bet:3.2500; 1xBet:3.1400; Bet365:3.4000; Betano:3.2500; Betfair:3.4000; Marathonbet:3.1400; Pinnacle:3.4100; Superbet:3.4000; Unibet:3.7000,API-FOOTBALL
The New Saints vs Bala Town,2026-01-06 14:45:00,Over 6.5,7.5,7.0375,0.000108,4,0.008317,0.007876,0.000142,4,0.009858,0.009433,Bet365,4,0.4625,6.91,-42.89,Premier League,Over/Under,,1xBet:7.5000; Bet365:7.5000; Betano:6.4000; Unibet:6.7500,API-FOOTBALL
The New Saints vs Bala Town,2026-01-06 14:45:00,Under 6.5,1.08,1.0725,0.000108,4,0.008317,0.007876,3.9e-05,4,0.003747,0.003245,Betano,4,0.0075,0.4,272.97,Premier League,Over/Under,,1xBet:1.0700; Bet365:1.0700; Betano:1.0800; Unibet:1.0700,API-FOOTBALL
Pisa vs Como,2026-01-06 09:00:00,Under 4.5,1.1,1.07,0.000107,8,0.008016,0.006667,0.001054,8,0.01811,0.015422,Betano,8,0.03,1.94,647.94,Serie A,Over/Under,,10Bet:1.0800; 1xBet:1.0400; Bet365:1.0800; Betano:1.1000; Betfair:1.0700; Marathonbet:1.0400; Superbet:1.0900; Unibet:1.0600,API-FOOTBALL
Pisa vs Como,2026-01-06 09:00:00,Over 4.5,8.5,7.5375,0.000107,8,0.008016,0.006667,0.000155,8,0.009945,0.008632,Unibet,8,0.9625,7.45,6.73,Serie A,Over/Under,,10Bet:7.5000; 1xBet:6.9000; Bet365:8.0000; Betano:6.9000; Betfair:8.0000; Marathonbet:6.9000; Superbet:7.6000; Unibet:8.5000,API-FOOTBALL
FC Kairat vs Club Brugge,2026-01-20 10:30:00,Under 2.5,2.5,2.4031,0.000107,16,0.011924,0.011653,0.000179,16,0.015573,0.014321,toa_leovegas_se,16,0.0969,3.74,566.71,Champions League,Over/Under,,toa_betmgm:2.2500; toa_betsson:2.3500; toa_casumo:2.4800; toa_codere_it:2.3500; toa_grosvenor:2.4800; toa_gtbets:2.3400; toa_leovegas:2.4500; toa_leovegas_se:2.5000; toa_nordicbet:2.3500; toa_onexbet:2.4500; toa_playup:2.2800; toa_tabtouch:2.4800; toa_unibet:2.4800; toa_unibet_nl:2.4800; toa_unibet_se:2.4800; toa_williamhill:2.2500,THE_ODDS_API
FC Kairat vs Club Brugge,2026-01-20 10:30:00,Over 2.5,1.65,1.5644,0.000107,16,0.011924,0.011653,0.000137,16,0.013262,0.010927,toa_onexbet,16,0.0856,2.07,923.22,Champions League,Over/Under,,toa_betmgm:1.5700; toa_betsson:1.6000; toa_casumo:1.5400; toa_codere_it:1.5800; toa_grosvenor:1.5400; toa_gtbets:1.5800; toa_leovegas:1.5100; toa_leovegas_se:1.5500; toa_nordicbet:1.6000; toa_onexbet:1.6500; toa_playup:1.5800; toa_tabtouch:1.5400; toa_unibet:1.5400; toa_unibet_nl:1.5400; toa_unibet_se:1.5400; toa_williamhill:1.5700,THE_ODDS_API
West Ham vs Nottingham Forest,2026-01-06 15:00:00,Over 4.5,7.0,6.3188,0.000105,8,0.008478,0.006999,0.000143,8,0.010204,0.008717,Unibet,8,0.6813,6.42,27.15,Premier League,Over/Under,,10Bet:6.2500; 1xBet:5.9000; Bet365:6.0000; Betano:6.1000; Betfair:7.0000; Marathonbet:5.9000; Superbet:6.4000; Unibet:7.0000,API-FOOTBALL
West Ham vs Nottingham Forest,2026-01-06 15:00:00,Under 4.5,1.13,1.1,0.000105,8,0.008478,0.006999,0.000784,8,0.018568,0.01667,Betano,8,0.03,2.04,627.57,Premier League,Over/Under,,10Bet:1.1100; 1xBet:1.0700; Bet365:1.1200; Betano:1.1300; Betfair:1.0800; Marathonbet:1.0700; Superbet:1.1200; Unibet:1.1000,API-FOOTBALL
Rangers vs Aberdeen,2026-01-06 15:00:00,Over 5.5,10.0,8.7714,0.000105,7,0.007377,0.005285,0.00012,7,0.008158,0.007168,Unibet,7,1.2286,7.12,-19.78,Premiership,Over/Under,,1xBet:8.2000; Bet365:9.0000; Betano:8.0000; Betfair:9.0000; Marathonbet:8.2000; Superbet:9.0000; Unibet:10.0000,API-FOOTBALL
Rangers vs Aberdeen,2026-01-06 15:00:00,Under 5.5,1.08,1.0486,0.000105,7,0.007377,0.005285,0.002532,7,0.023127,0.022419,Betano,7,0.0314,2.42,567.97,Premiership,Over/Under,,1xBet:1.0200; Bet365:1.0700; Betano:1.0800; Betfair:1.0600; Marathonbet:1.0200; Superbet:1.0700; Unibet:1.0200,API-FOOTBALL
Penrhyncoch vs Caersws,2026-01-06 14:45:00,Over 1.5,1.16,1.1425,0.000104,4,0.009426,0.008366,0.000314,4,0.013706,0.013419,1xBet,4,0.0175,1.57,250.2,FAW Championship,Over/Under,,1xBet:1.1600; Betfair:1.1300; Marathonbet:1.1200; Superbet:1.1600,API-FOOTBALL
Penrhyncoch vs Caersws,2026-01-06 14:45:00,Under 1.5,5.2,4.7875,0.000104,4,0.009426,0.008366,0.000117,4,0.010261,0.008548,Betfair,4,0.4125,4.9,-16.24,FAW Championship,Over/Under,,1xBet:4.6000; Betfair:5.2000; Marathonbet:4.7500; Superbet:4.6000,API-FOOTBALL
Livingston vs ST Mirren,2026-01-06 14:45:00,Under 1.75,2.92,2.7975,0.000104,4,0.011349,0.009615,0.000122,4,0.012501,0.009733,Betano,4,0.1225,3.49,43.16,Premiership,Over/Under,,1xBet:2.8100; Betano:2.9200; Marathonbet:2.8100; Unibet:2.6500,API-FOOTBALL
Livingston vs ST Mirren,2026-01-06 14:45:00,Over 1.75,1.44,1.395,0.000104,4,0.011349,0.009615,0.000478,4,0.023148,0.023148,Unibet,4,0.045,3.23,187.04,Premiership,Over/Under,,1xBet:1.3500; Betano:1.4400; Marathonbet:1.3500; Unibet:1.4400,API-FOOTBALL
Parma vs Inter,2026-01-07 14:45:00,Over 1.5,1.22,1.1862,0.000103,8,0.009609,0.008072,0.000271,8,0.014135,0.013312,Betano,8,0.0337,1.68,574.58,Serie A,Over/Under,,10Bet:1.2000; 1xBet:1.1700; Bet365:1.2000; Betano:1.2200; Betfair:1.1700; Marathonbet:1.1700; Superbet:1.2000; Unibet:1.1600,API-FOOTBALL
Parma vs Inter,2026-01-07 14:45:00,Under 1.5,5.0,4.5638,0.000103,8,0.009609,0.008072,0.000127,8,0.010926,0.008822,Betfair,8,0.4362,4.97,75.75,Serie A,Over/Under,,10Bet:4.5000; 1xBet:4.3300; Bet365:4.5000; Betano:4.4000; Betfair:5.0000; Marathonbet:4.3300; Superbet:4.5500; Unibet:4.9000,API-FOOTBALL
West Ham vs Nottingham Forest,2026-01-06 15:00:00,Over 5.5,14.0,12.7917,0.000103,6,0.00644,0.004487,0.000107,6,0.006716,0.004778,Unibet,6,1.2083,8.54,-52.79,Premier League,Over/Under,,1xBet:13.0000; Bet365:13.0000; Betano:10.7500; Betfair:13.0000; Superbet:13.0000; Unibet:14.0000,API-FOOTBALL
West Ham vs Nottingham Forest,2026-01-06 15:00:00,Under 5.5,1.04,1.0267,0.000103,6,0.00644,0.004487,0.001417,6,0.013069,0.012662,Bet365,6,0.0133,1.34,484.52,Premier League,Over/Under,,1xBet:1.0200; Bet365:1.0400; Betano:1.0400; Betfair:1.0100; Superbet:1.0400; Unibet:1.0100,API-FOOTBALL
Pisa vs Como,2026-01-06 09:00:00,Under 3.5,1.29,1.2513,0.000103,8,0.010274,0.009084,0.000205,8,0.013584,0.010606,Betano,8,0.0387,1.7,539.55,Serie A,Over/Under,,10Bet:1.2500; 1xBet:1.2400; Bet365:1.2500; Betano:1.2900; Betfair:1.2200; Marathonbet:1.2400; Superbet:1.2800; Unibet:1.2400,API-FOOTBALL
Pisa vs Como,2026-01-06 09:00:00,Over 3.5,4.1,3.7938,0.000103,8,0.010274,0.009084,0.000134,8,0.011993,0.010532,Betfair,8,0.3062,4.54,111.32,Serie A,Over/Under,,10Bet:3.7500; 1xBet:3.6000; Bet365:4.0000; Betano:3.6500; Betfair:4.1000; Marathonbet:3.6000; Superbet:3.7500; Unibet:3.9000,API-FOOTBALL
Sassuolo vs Juventus,2026-01-06 14:45:00,Under 5.5,1.04,1.03,0.0001,5,0.006293,0.004793,0.000469,5,0.008432,0.007556,Bet365,5,0.01,0.87,385.47,Serie A,Over/Under,,1xBet:1.0200; Bet365:1.0400; Betano:1.0400; Betfair:1.0200; Superbet:1.0300,API-FOOTBALL
Sassuolo vs Juventus,2026-01-06 14:45:00,Over 5.5,14.0,12.9,0.0001,5,0.006293,0.004793,0.000109,5,0.006746,0.005143,Superbet,5,1.1,8.64,-60.97,Serie A,Over/Under,,1xBet:13.5000; Bet365:13.0000; Betano:11.0000; Betfair:13.0000; Superbet:14.0000,API-FOOTBALL
Lecce vs Parma,2026-01-11 06:30:00,Under 2.5,1.58,1.5181,9.8e-05,10,0.011363,0.00841,0.000119,10,0.012208,0.008816,toa_onexbet,10,0.0619,1.85,558.96,Serie A,Over/Under,,sgo_betrivers:1.4808; toa_betrivers:1.4800; toa_betsson:1.5200; toa_gtbets:1.5100; toa_matchbook:1.5500; toa_nordicbet:1.5200; toa_onexbet:1.5800; toa_playup:1.5200; toa_tipico_de:1.5200; toa_williamhill:1.5000,"SportsGameOdds, THE_ODDS_API"
Lecce vs Parma,2026-01-11 06:30:00,Over 2.5,2.61,2.46,9.8e-05,10,0.011363,0.00841,0.000209,10,0.016768,0.012566,toa_onexbet,10,0.15,4.12,307.17,Serie A,Over/Under,,sgo_betrivers:2.5500; toa_betrivers:2.5500; toa_betsson:2.4200; toa_gtbets:2.5100; toa_matchbook:2.2400; toa_nordicbet:2.4200; toa_onexbet:2.6100; toa_playup:2.4000; toa_tipico_de:2.4500; toa_williamhill:2.4500,"SportsGameOdds, THE_ODDS_API"
Oviedo vs Real Betis,2026-01-10 08:00:00,Over 2.5,2.14,2.0723,9.6e-05,22,0.01149,0.010671,0.000127,22,0.01324,0.011809,toa_leovegas_se,22,0.0677,2.74,962.42,La Liga,Over/Under,,toa_betmgm:1.9800; toa_betonlineag:2.0400; toa_betrivers:2.1000; toa_betsson:2.0200; toa_bovada:2.0000; toa_casumo:2.1200; toa_codere_it:2.1000; toa_coolbet:2.1400; toa_grosvenor:2.1200; toa_leovegas:2.1000; toa_leovegas_se:2.1400; toa_lowvig:2.0400; toa_matchbook:2.0800; toa_nordicbet:2.0200; toa_onexbet:2.1100; toa_playup:2.0000; toa_tabtouch:2.1200; toa_tipico_de:2.0500; toa_unibet:2.1200; toa_unibet_nl:2.1200; toa_unibet_se:2.1200; toa_williamhill:1.9500,THE_ODDS_API
Oviedo vs Real Betis,2026-01-10 08:00:00,Under 2.5,1.84,1.7473,9.6e-05,22,0.01149,0.010671,0.000198,22,0.016389,0.013768,toa_onexbet,22,0.0927,2.86,1160.15,La Liga,Over/Under,,toa_betmgm:1.7400; toa_betonlineag:1.8100; toa_betrivers:1.6800; toa_betsson:1.7500; toa_bovada:1.8300; toa_casumo:1.7000; toa_codere_it:1.7800; toa_coolbet:1.7800; toa_grosvenor:1.7000; toa_leovegas:1.6800; toa_leovegas_se:1.7100; toa_lowvig:1.8100; toa_matchbook:1.8300; toa_nordicbet:1.7500; toa_onexbet:1.8400; toa_playup:1.7500; toa_tabtouch:1.7000; toa_tipico_de:1.7500; toa_unibet:1.7000; toa_unibet_nl:1.7000; toa_unibet_se:1.7000; toa_williamhill:1.7500,THE_ODDS_API
Sevilla vs Celta Vigo,2026-01-12 15:00:00,Under 2.5,1.86,1.7545,9.6e-05,27,0.011484,0.011059,0.000197,27,0.016359,0.014745,toa_onexbet,27,0.1055,2.87,1440.21,La Liga,Over/Under,,sgo_betmgm:1.7519; sgo_betparx:1.6993; sgo_betrivers:1.6993; sgo_bovada:1.8000; toa_betmgm:1.7400; toa_betonlineag:1.8000; toa_betrivers:1.7000; toa_betsson:1.7800; toa_betus:1.8000; toa_bovada:1.8200; toa_casumo:1.7000; toa_codere_it:1.7300; toa_grosvenor:1.7100; toa_leovegas:1.7000; toa_leovegas_se:1.7200; toa_lowvig:1.8000; toa_matchbook:1.8300; toa_nordicbet:1.7800; toa_onexbet:1.8600; toa_pinnacle:1.8300; toa_playup:1.7700; toa_tabtouch:1.7000; toa_tipico_de:1.8000; toa_unibet:1.7000; toa_unibet_nl:1.7000; toa_unibet_se:1.7000; toa_williamhill:1.7500,"SportsGameOdds, THE_ODDS_API"
Sevilla vs Celta Vigo,2026-01-12 15:00:00,Over 2.5,2.12,2.0522,9.6e-05,27,0.011484,0.011059,0.000119,27,0.012848,0.011136,toa_leovegas_se,27,0.0678,2.63,1216.54,La Liga,Over/Under,,sgo_betmgm:1.9804; sgo_betparx:2.1000; sgo_betrivers:2.1000; sgo_bovada:2.0500; toa_betmgm:1.9800; toa_betonlineag:2.0500; toa_betrivers:2.1000; toa_betsson:1.9800; toa_betus:2.0500; toa_bovada:2.0200; toa_casumo:2.1000; toa_codere_it:1.9600; toa_grosvenor:2.1200; toa_leovegas:2.1000; toa_leovegas_se:2.1200; toa_lowvig:2.0500; toa_matchbook:2.0600; toa_nordicbet:1.9800; toa_onexbet:2.1000; toa_pinnacle:2.0600; toa_playup:1.9800; toa_tabtouch:2.1000; toa_tipico_de:1.9700; toa_unibet:2.1000; toa_unibet_nl:2.1000; toa_unibet_se:2.1000; toa_williamhill:2.0000,"SportsGameOdds, THE_ODDS_API"
Enfield Town vs Hampton & Richmond,2026-01-06 14:45:00,Under 1.5,4.0,3.7688,9.6e-05,8,0.009922,0.008399,0.000138,8,0.012262,0.009487,Bet365,8,0.2313,4.61,112.72,National League - South,Over/Under,,10Bet:3.8500; 1xBet:3.7500; Bet365:4.0000; Betano:3.6500; Betfair:4.0000; Marathonbet:3.7500; Superbet:3.7000; Unibet:3.4500,API-FOOTBALL
Enfield Town vs Hampton & Richmond,2026-01-06 14:45:00,Over 1.5,1.24,1.215,9.6e-05,8,0.009922,0.008399,0.000188,8,0.012263,0.011081,Betano,8,0.025,1.49,558.58,National League - South,Over/Under,,10Bet:1.2200; 1xBet:1.1900; Bet365:1.2200; Betano:1.2400; Betfair:1.2000; Marathonbet:1.1900; Superbet:1.2300; Unibet:1.2300,API-FOOTBALL
Bologna vs Atalanta,2026-01-07 12:30:00,Over 1.5,1.33,1.2922,9.4e-05,9,0.010103,0.00841,0.000284,9,0.01661,0.014735,Pinnacle,9,0.0378,2.15,596.8,Serie A,Over/Under,,10Bet:1.3000; 1xBet:1.2600; Bet365:1.2800; Betano:1.3300; Betfair:1.2900; Marathonbet:1.2600; Pinnacle:1.3300; Superbet:1.3200; Unibet:1.2600,API-FOOTBALL
Bologna vs Atalanta,2026-01-07 12:30:00,Under 1.5,3.75,3.4911,9.4e-05,9,0.010103,0.00841,0.0001,9,0.010587,0.008419,Bet365,9,0.2589,3.69,158.16,Serie A,Over/Under,,10Bet:3.3500; 1xBet:3.4400; Bet365:3.7500; Betano:3.3500; Betfair:3.5000; Marathonbet:3.4400; Pinnacle:3.4400; Superbet:3.4500; Unibet:3.7000,API-FOOTBALL
Parma vs Inter,2026-01-07 14:45:00,Over 4.0,4.13,3.7767,9.4e-05,3,0.009791,0.009231,0.000265,3,0.016804,0.015843,Pinnacle,3,0.3533,6.32,-20.23,Serie A,Over/Under,,1xBet:3.6000; Marathonbet:3.6000; Pinnacle:4.1300,API-FOOTBALL
Parma vs Inter,2026-01-07 14:45:00,Under 4.0,1.25,1.23,9.4e-05,3,0.009791,0.009231,0.000101,3,0.009274,0.008743,Pinnacle,3,0.02,1.14,143.93,Serie A,Over/Under,,1xBet:1.2200; Marathonbet:1.2200; Pinnacle:1.2500,API-FOOTBALL
The New Saints vs Bala Town,2026-01-06 14:45:00,Under 7.5,1.03,1.0233,9.3e-05,3,0.00667,0.006289,0.000154,3,0.004487,0.00423,Betano,3,0.0067,0.46,193.17,Premier League,Over/Under,,1xBet:1.0200; Bet365:1.0200; Betano:1.0300,API-FOOTBALL
The New Saints vs Bala Town,2026-01-06 14:45:00,Over 7.5,10.5,10.0,9.3e-05,3,0.00667,0.006289,0.000109,3,0.007483,0.007055,Bet365,3,0.5,7.44,-69.84,Premier League,Over/Under,,1xBet:10.5000; Bet365:10.5000; Betano:9.0000,API-FOOTBALL
Brentford vs Sunderland,2026-01-07 14:30:00,Under 5.5,1.04,1.0233,9.3e-05,6,0.005898,0.004789,0.000998,6,0.010553,0.009551,Betano,6,0.0167,1.08,486.39,Premier League,Over/Under,,1xBet:1.0200; Bet365:1.0300; Betano:1.0400; Betfair:1.0100; Superbet:1.0300; Unibet:1.0100,API-FOOTBALL
Brentford vs Sunderland,2026-01-07 14:30:00,Over 5.5,15.0,13.7917,9.3e-05,6,0.005898,0.004789,0.000107,6,0.006418,0.005319,Bet365,6,1.2083,8.79,-56.18,Premier League,Over/Under,,1xBet:14.0000; Bet365:15.0000; Betano:11.7500; Betfair:13.0000; Superbet:15.0000; Unibet:14.0000,API-FOOTBALL
Penrhyncoch vs Caersws,2026-01-06 14:45:00,Over 5.5,8.0,7.4667,9.1e-05,3,0.007444,0.00614,0.000103,3,0.008172,0.007005,Betfair,3,0.5333,6.08,-59.67,FAW Championship,Over/Under,,1xBet:7.5000; Betfair:8.0000; Superbet:6.9000,API-FOOTBALL
Penrhyncoch vs Caersws,2026-01-06 14:45:00,Under 5.5,1.07,1.0633,9.1e-05,3,0.007444,0.00614,0.00024,3,0.008392,0.007912,1xBet,3,0.0067,0.89,182.15,FAW Championship,Over/Under,,1xBet:1.0700; Betfair:1.0500; Superbet:1.0700,API-FOOTBALL
Real Oviedo vs Real Betis,2026-01-10 08:00:00,Under 2.5,1.8,1.7274,9e-05,4,0.011101,0.011091,0.000166,4,0.015002,0.012496,sgo_bovada,4,0.0726,2.59,131.72,LA_LIGA,Over/Under,,sgo_betmgm:1.7299; sgo_betparx:1.6993; sgo_betrivers:1.6803; sgo_bovada:1.8000,SportsGameOdds
Real Oviedo vs Real Betis,2026-01-10 08:00:00,Over 2.5,2.12,2.0626,9e-05,4,0.011101,0.011091,0.000119,4,0.012848,0.011216,sgo_betparx,4,0.0574,2.65,94.06,LA_LIGA,Over/Under,,sgo_betmgm:1.9804; sgo_betparx:2.1200; sgo_betrivers:2.1000; sgo_bovada:2.0500,SportsGameOdds
West Ham vs Nottingham Forest,2026-01-06 15:00:00,Under 1.5,3.75,3.5744,8.7e-05,9,0.00966,0.009098,0.000143,9,0.01268,0.011915,Bet365,9,0.1756,4.52,152.3,Premier League,Over/Under,,10Bet:3.4500; 1xBet:3.3600; Bet365:3.7500; Betano:3.4500; Betfair:3.7000; Marathonbet:3.3600; Pinnacle:3.7500; Superbet:3.6000; Unibet:3.7500,API-FOOTBALL
West Ham vs Nottingham Forest,2026-01-06 15:00:00,Over 1.5,1.31,1.2811,8.7e-05,9,0.00966,0.009098,0.000117,9,0.010543,0.008863,Betano,9,0.0289,1.35,602.64,Premier League,Over/Under,,10Bet:1.3000; 1xBet:1.2700; Bet365:1.2800; Betano:1.3100; Betfair:1.2500; Marathonbet:1.2700; Pinnacle:1.2900; Superbet:1.2900; Unibet:1.2700,API-FOOTBALL
Everton vs Wolves,2026-01-07 14:30:00,Under 4.5,1.1,1.0712,8.7e-05,8,0.007213,0.005533,0.001029,8,0.017827,0.014233,Betano,8,0.0288,1.91,647.06,Premier League,Over/Under,,10Bet:1.0800; 1xBet:1.0400; Bet365:1.0800; Betano:1.1000; Betfair:1.0700; Marathonbet:1.0400; Superbet:1.0900; Unibet:1.0700,API-FOOTBALL
Everton vs Wolves,2026-01-07 14:30:00,Over 4.5,8.5,7.475,8.7e-05,8,0.007213,0.005533,0.000141,8,0.009481,0.007858,Unibet,8,1.025,7.05,7.57,Premier League,Over/Under,,10Bet:7.5000; 1xBet:6.8500; Bet365:8.0000; Betano:7.0000; Betfair:7.5000; Marathonbet:6.8500; Superbet:7.6000; Unibet:8.5000,API-FOOTBALL
The New Saints vs Bala Town,2026-01-06 14:45:00,Under 3.5,2.1,2.0211,8.6e-05,9,0.010871,0.008699,7.6e-05,9,0.010268,0.007339,Betfair,9,0.0789,2.07,345.49,Premier League,Over/Under,,10Bet:2.0000; 1xBet:2.0200; Bet365:2.0000; Betano:2.0200; Betfair:2.1000; Marathonbet:2.0200; Pinnacle:2.0000; Superbet:1.9500; Unibet:2.0800,API-FOOTBALL
The New Saints vs Bala Town,2026-01-06 14:45:00,Over 3.5,1.76,1.7189,8.6e-05,9,0.010871,0.008699,0.000148,9,0.01412,0.01184,Pinnacle,9,0.0411,2.43,423.9,Premier League,Over/Under,,10Bet:1.7500; 1xBet:1.7100; Bet365:1.7300; Betano:1.7500; Betfair:1.6500; Marathonbet:1.7100; Pinnacle:1.7600; Superbet:1.7600; Unibet:1.6500,API-FOOTBALL
Enfield Town vs Hampton & Richmond,2026-01-06 14:45:00,Under 6.5,1.02,1.0133,8.6e-05,3,0.006068,0.005721,0.000268,3,0.004576,0.004314,Betano,3,0.0067,0.46,196.06,National League - South,Over/Under,,1xBet:1.0100; Bet365:1.0100; Betano:1.0200,API-FOOTBALL
Enfield Town vs Hampton & Richmond,2026-01-06 14:45:00,Over 6.5,12.0,11.4167,8.6e-05,3,0.006068,0.005721,9.9e-05,3,0.006707,0.006323,Bet365,3,0.5833,7.61,-73.58,National League - South,Over/Under,,1xBet:12.0000; Bet365:12.0000; Betano:10.2500,API-FOOTBALL
FC Augsburg vs 1. FC Union Berlin,2026-01-15 14:30:00,Over 2.5,2.3,2.2433,8.4e-05,3,0.010673,0.010029,0.000133,3,0.013491,0.012634,sgo_betparx,3,0.0567,3.02,33.85,BUNDESLIGA,Over/Under,,sgo_betmgm:2.1500; sgo_betparx:2.3000; sgo_betrivers:2.2800,SportsGameOdds
FC Augsburg vs 1. FC Union Berlin,2026-01-15 14:30:00,Under 2.5,1.6289,1.5972,8.4e-05,3,0.010673,0.010029,5.8e-05,3,0.008693,0.008195,sgo_betmgm,3,0.0317,1.39,87.86,BUNDESLIGA,Over/Under,,sgo_betmgm:1.6289; sgo_betparx:1.5814; sgo_betrivers:1.5814,SportsGameOdds
Getafe vs Real Sociedad,2026-01-09 15:00:00,Over 1.5,1.78,1.7287,8.2e-05,21,0.010594,0.009191,0.000139,21,0.013653,0.011159,toa_onexbet,21,0.0513,2.36,1115.44,La Liga,Over/Under,,sgo_betmgm:1.6803; sgo_betparx:1.7519; sgo_betrivers:1.7407; toa_betmgm:1.6900; toa_betrivers:1.7400; toa_betsson:1.6800; toa_casumo:1.7500; toa_codere_it:1.7300; toa_coolbet:1.7700; toa_grosvenor:1.7600; toa_leovegas:1.7400; toa_leovegas_se:1.7700; toa_matchbook:1.7400; toa_nordicbet:1.6800; toa_onexbet:1.7800; toa_playup:1.6800; toa_tabtouch:1.7500; toa_tipico_de:1.6200; toa_unibet:1.7500; toa_unibet_nl:1.7500; toa_unibet_se:1.7500,"SportsGameOdds, THE_ODDS_API"
Getafe vs Real Sociedad,2026-01-09 15:00:00,Under 1.5,2.21,2.0833,8.2e-05,21,0.010594,0.009191,0.000148,21,0.014314,0.012786,toa_onexbet,21,0.1267,2.98,908.92,La Liga,Over/Under,,sgo_betmgm:2.0500; sgo_betparx:2.0400; sgo_betrivers:2.0200; toa_betmgm:2.0500; toa_betrivers:2.0200; toa_betsson:2.1200; toa_casumo:2.0400; toa_codere_it:2.1600; toa_coolbet:2.1500; toa_grosvenor:2.0400; toa_leovegas:2.0200; toa_leovegas_se:2.0500; toa_matchbook:2.2000; toa_nordicbet:2.1200; toa_onexbet:2.2100; toa_playup:2.1000; toa_tabtouch:2.0400; toa_tipico_de:2.2000; toa_unibet:2.0400; toa_unibet_nl:2.0400; toa_unibet_se:2.0400,"SportsGameOdds, THE_ODDS_API"
Marseille vs Liverpool,2026-01-21 15:00:00,Under 2.5,2.43,2.34,8.1e-05,17,0.010422,0.010107,0.00014,17,0.013783,0.012449,toa_leovegas_se,17,0.09,3.22,627.23,Champions League,Over/Under,,toa_betmgm:2.2000; toa_betrivers:2.3800; toa_betsson:2.3000; toa_casumo:2.4000; toa_codere_it:2.2900; toa_grosvenor:2.4000; toa_gtbets:2.2700; toa_leovegas:2.3800; toa_leovegas_se:2.4300; toa_nordicbet:2.3000; toa_onexbet:2.3800; toa_playup:2.2500; toa_tabtouch:2.4000; toa_unibet:2.4000; toa_unibet_nl:2.4000; toa_unibet_se:2.4000; toa_williamhill:2.2000,THE_ODDS_API
Marseille vs Liverpool,2026-01-21 15:00:00,Over 2.5,1.68,1.5906,8.1e-05,17,0.010422,0.010107,0.000112,17,0.012092,0.01038,toa_onexbet,17,0.0894,1.92,969.19,Champions League,Over/Under,,toa_betmgm:1.5700; toa_betrivers:1.5600; toa_betsson:1.6200; toa_casumo:1.5700; toa_codere_it:1.6100; toa_grosvenor:1.5700; toa_gtbets:1.6100; toa_leovegas:1.5600; toa_leovegas_se:1.5700; toa_nordicbet:1.6200; toa_onexbet:1.6800; toa_playup:1.6000; toa_tabtouch:1.5700; toa_unibet:1.5700; toa_unibet_nl:1.5700; toa_unibet_se:1.5700; toa_williamhill:1.6200,THE_ODDS_API
Bournemouth vs Tottenham,2026-01-07 14:30:00,Under 5.5,1.07,1.0471,8.1e-05,7,0.006335,0.00565,0.00169,7,0.016946,0.013528,Betano,7,0.0229,1.77,568.69,Premier League,Over/Under,,1xBet:1.0500; Bet365:1.0600; Betano:1.0700; Betfair:1.0400; Marathonbet:1.0100; Superbet:1.0600; Unibet:1.0400,API-FOOTBALL
Bournemouth vs Tottenham,2026-01-07 14:30:00,Over 5.5,10.5,9.4643,8.1e-05,7,0.006335,0.00565,0.000121,7,0.008015,0.007337,Unibet,7,1.0357,7.54,-25.62,Premier League,Over/Under,,1xBet:9.9000; Bet365:10.0000; Betano:8.7500; Betfair:9.0000; Marathonbet:8.4000; Superbet:9.7000; Unibet:10.5000,API-FOOTBALL
Lazio vs Fiorentina,2026-01-07 14:45:00,Over 1.5,1.44,1.3967,8e-05,9,0.009804,0.0084,0.000139,9,0.012531,0.011035,Betano,9,0.0433,1.75,544.59,Serie A,Over/Under,,10Bet:1.4200; 1xBet:1.3800; Bet365:1.4000; Betano:1.4400; Betfair:1.3600; Marathonbet:1.3800; Pinnacle:1.4100; Superbet:1.4100; Unibet:1.3700,API-FOOTBALL
Lazio vs Fiorentina,2026-01-07 14:45:00,Under 1.5,3.1,2.9233,8e-05,9,0.009804,0.0084,0.000139,9,0.013169,0.01143,Betfair,9,0.1767,3.84,208.32,Serie A,Over/Under,,10Bet:2.8000; 1xBet:2.7700; Bet365:3.0000; Betano:2.9200; Betfair:3.1000; Marathonbet:2.7700; Pinnacle:3.0000; Superbet:2.9500; Unibet:3.0000,API-FOOTBALL
Everton vs Wolves,2026-01-07 14:30:00,Over 0.5,1.08,1.0525,7.9e-05,8,0.006526,0.005379,0.001867,8,0.020238,0.01813,Betano,8,0.0275,2.13,660.44,Premier League,Over/Under,,10Bet:1.0700; 1xBet:1.0200; Bet365:1.0700; Betano:1.0800; Betfair:1.0400; Marathonbet:1.0200; Superbet:1.0700; Unibet:1.0500,API-FOOTBALL
Everton vs Wolves,2026-01-07 14:30:00,Under 0.5,9.5,8.5375,7.9e-05,8,0.006526,0.005379,9.8e-05,8,0.007479,0.007008,Unibet,8,0.9625,6.36,-5.91,Premier League,Over/Under,,10Bet:8.0000; 1xBet:8.1000; Bet365:9.0000; Betano:7.9000; Betfair:9.0000; Marathonbet:8.1000; Superbet:8.7000; Unibet:9.5000,API-FOOTBALL
Bologna vs Atalanta,2026-01-07 12:30:00,Under 2.0,2.8,2.668,7.9e-05,5,0.009985,0.008527,6.3e-05,5,0.009017,0.007158,Unibet,5,0.132,2.4,87.52,Serie A,Over/Under,,1xBet:2.6400; Betano:2.6200; Marathonbet:2.6400; Pinnacle:2.6400; Unibet:2.8000,API-FOOTBALL
Bologna vs Atalanta,2026-01-07 12:30:00,Over 2.0,1.52,1.472,7.9e-05,5,0.009985,0.008527,0.000264,5,0.017906,0.017544,Pinnacle,5,0.048,2.63,239.91,Serie A,Over/Under,,1xBet:1.4400; Betano:1.5200; Marathonbet:1.4400; Pinnacle:1.5200; Unibet:1.4400,API-FOOTBALL
Napoli vs Verona,2026-01-07 12:30:00,Over 4.5,8.0,7.1875,7.7e-05,8,0.006957,0.005929,7.1e-05,8,0.006813,0.005156,Betfair,8,0.8125,4.88,11.58,Serie A,Over/Under,,10Bet:7.0000; 1xBet:7.1000; Bet365:7.0000; Betano:6.7000; Betfair:8.0000; Marathonbet:7.1000; Superbet:7.1000; Unibet:7.5000,API-FOOTBALL
Napoli vs Verona,2026-01-07 12:30:00,Under 4.5,1.11,1.0788,7.7e-05,8,0.006957,0.005929,0.001471,8,0.021956,0.01878,Betano,8,0.0312,2.37,642.01,Serie A,Over/Under,,10Bet:1.0900; 1xBet:1.0400; Bet365:1.1000; Betano:1.1100; Betfair:1.0700; Marathonbet:1.0400; Superbet:1.1000; Unibet:1.0800,API-FOOTBALL
Brentford vs Sunderland,2026-01-07 14:30:00,Over 2.25,1.81,1.7583,7.6e-05,6,0.010184,0.007515,0.000155,6,0.014486,0.012471,Pinnacle,6,0.0517,2.55,241.45,Premier League,Over/Under,,1xBet:1.7400; Betano:1.8000; Marathonbet:1.7400; Pinnacle:1.8100; SBO:1.7800; Unibet:1.6800,API-FOOTBALL
Brentford vs Sunderland,2026-01-07 14:30:00,Under 2.25,2.17,2.0733,7.6e-05,6,0.010184,0.007515,9.5e-05,6,0.011481,0.00847,Unibet,6,0.0967,2.38,189.56,Premier League,Over/Under,,1xBet:2.0200; Betano:2.0700; Marathonbet:2.0200; Pinnacle:2.0800; SBO:2.0800; Unibet:2.1700,API-FOOTBALL
Burnley vs Manchester United,2026-01-07 15:15:00,Under 4.5,1.18,1.1488,7.6e-05,8,0.00789,0.006499,0.000697,8,0.020421,0.01845,Betano,8,0.0312,2.34,596.79,Premier League,Over/Under,,10Bet:1.1700; 1xBet:1.1100; Bet365:1.1700; Betano:1.1800; Betfair:1.1300; Marathonbet:1.1100; Superbet:1.1700; Unibet:1.1500,API-FOOTBALL
Burnley vs Manchester United,2026-01-07 15:15:00,Over 4.5,5.5,5.0813,7.6e-05,8,0.00789,0.006499,0.000114,8,0.009957,0.008537,Unibet,8,0.4187,5.05,57.86,Premier League,Over/Under,,10Bet:5.0000; 1xBet:4.8000; Bet365:5.0000; Betano:4.9000; Betfair:5.5000; Marathonbet:4.8000; Superbet:5.1500; Unibet:5.5000,API-FOOTBALL
Valencia vs Elche CF,2026-01-10 15:00:00,Over 2.25,2.02,1.942,7.4e-05,5,0.010142,0.008025,9.2e-05,5,0.01132,0.010048,toa_bovada,5,0.078,2.2,157.59,La Liga,Over/Under,,toa_betonlineag:1.9100; toa_betus:1.9100; toa_bovada:2.0200; toa_lowvig:1.9100; toa_pinnacle:1.9600,THE_ODDS_API
Valencia vs Elche CF,2026-01-10 15:00:00,Under 2.25,1.93,1.896,7.4e-05,5,0.010142,0.008025,8.9e-05,5,0.011099,0.008719,toa_pinnacle,5,0.034,2.1,163.83,La Liga,Over/Under,,toa_betonlineag:1.9100; toa_betus:1.9100; toa_bovada:1.8200; toa_lowvig:1.9100; toa_pinnacle:1.9300,THE_ODDS_API
Sassuolo vs Juventus,2026-01-06 14:45:00,Over 4.5,7.0,6.375,7.3e-05,8,0.007092,0.005911,0.000132,8,0.009885,0.008426,Unibet,8,0.625,6.28,25.98,Serie A,Over/Under,,10Bet:6.5000; 1xBet:5.8000; Bet365:6.5000; Betano:6.2000; Betfair:6.5000; Marathonbet:5.8000; Superbet:6.7000; Unibet:7.0000,API-FOOTBALL
Sassuolo vs Juventus,2026-01-06 14:45:00,Under 4.5,1.12,1.095,7.3e-05,8,0.007092,0.005911,0.000539,8,0.015106,0.013653,Betano,8,0.025,1.65,630.79,Serie A,Over/Under,,10Bet:1.1000; 1xBet:1.0700; Bet365:1.1100; Betano:1.1200; Betfair:1.1000; Marathonbet:1.0700; Superbet:1.1100; Unibet:1.0800,API-FOOTBALL
Bournemouth vs Tottenham,2026-01-07 14:30:00,Under 1.5,4.5,4.2412,7.3e-05,8,0.008335,0.006551,0.0001,8,0.01,0.00922,Unibet,8,0.2588,4.23,88.97,Premier League,Over/Under,,10Bet:4.0000; 1xBet:4.1000; Bet365:4.3300; Betano:4.1000; Betfair:4.5000; Marathonbet:4.1000; Superbet:4.3000; Unibet:4.5000,API-FOOTBALL
Bournemouth vs Tottenham,2026-01-07 14:30:00,Over 1.5,1.24,1.2062,7.3e-05,8,0.008335,0.006551,0.000288,8,0.014989,0.013629,Betano,8,0.0337,1.81,563.43,Premier League,Over/Under,,10Bet:1.2200; 1xBet:1.1800; Bet365:1.2200; Betano:1.2400; Betfair:1.1800; Marathonbet:1.1800; Superbet:1.2200; Unibet:1.2100,API-FOOTBALL
Chelsea vs Pafos FC,2026-01-21 15:00:00,Over 3.5,2.0,1.9371,7e-05,21,0.009877,0.008942,7.6e-05,21,0.010281,0.009441,toa_onexbet,21,0.0629,1.99,984.5,Champions League,Over/Under,,toa_betmgm:1.8700; toa_betonlineag:1.9000; toa_betrivers:1.9700; toa_betsson:1.9000; toa_betus:1.9000; toa_bovada:1.8900; toa_casumo:1.9700; toa_codere_it:1.9200; toa_coolbet:1.9400; toa_grosvenor:1.9700; toa_gtbets:1.9200; toa_leovegas:1.9500; toa_leovegas_se:2.0000; toa_lowvig:1.9000; toa_nordicbet:1.9000; toa_onexbet:2.0000; toa_pinnacle:1.9000; toa_tabtouch:1.9700; toa_unibet:1.9700; toa_unibet_nl:1.9700; toa_unibet_se:1.9700,THE_ODDS_API
Chelsea vs Pafos FC,2026-01-21 15:00:00,Under 3.5,1.94,1.8629,7e-05,21,0.009877,0.008942,0.000131,21,0.013458,0.012383,toa_onexbet,21,0.0771,2.51,1028.01,Champions League,Over/Under,,toa_betmgm:1.8300; toa_betonlineag:1.9200; toa_betrivers:1.8100; toa_betsson:1.9000; toa_betus:1.9200; toa_bovada:1.9300; toa_casumo:1.8200; toa_codere_it:1.8500; toa_coolbet:1.8700; toa_grosvenor:1.8200; toa_gtbets:1.8600; toa_leovegas:1.8000; toa_leovegas_se:1.8300; toa_lowvig:1.9200; toa_nordicbet:1.9000; toa_onexbet:1.9400; toa_pinnacle:1.9200; toa_tabtouch:1.8200; toa_unibet:1.8200; toa_unibet_nl:1.8200; toa_unibet_se:1.8200,THE_ODDS_API
Bayer Leverkusen vs VfB Stuttgart,2026-01-10 12:30:00,Under 3.5,1.73,1.6256,7e-05,16,0.009768,0.0085,0.000162,16,0.014615,0.011393,toa_onexbet,16,0.1044,2.37,884.81,Bundesliga,Over/Under,,toa_betmgm:1.6200; toa_betrivers:1.6000; toa_betsson:1.6200; toa_casumo:1.6000; toa_codere_it:1.6800; toa_grosvenor:1.6100; toa_gtbets:1.6700; toa_leovegas:1.5700; toa_leovegas_se:1.6200; toa_nordicbet:1.6200; toa_onexbet:1.7300; toa_playup:1.6000; toa_tabtouch:1.6000; toa_tipico_de:1.6700; toa_unibet_nl:1.6000; toa_unibet_se:1.6000,THE_ODDS_API
Bayer Leverkusen vs VfB Stuttgart,2026-01-10 12:30:00,Over 3.5,2.3,2.2437,7e-05,16,0.009768,0.0085,9.7e-05,16,0.011549,0.009147,toa_leovegas_se,16,0.0563,2.59,613.55,Bundesliga,Over/Under,,toa_betmgm:2.1500; toa_betrivers:2.2800; toa_betsson:2.2200; toa_casumo:2.2800; toa_codere_it:2.2600; toa_grosvenor:2.3000; toa_gtbets:2.1700; toa_leovegas:2.2500; toa_leovegas_se:2.3000; toa_nordicbet:2.2200; toa_onexbet:2.2800; toa_playup:2.2500; toa_tabtouch:2.2800; toa_tipico_de:2.1000; toa_unibet_nl:2.2800; toa_unibet_se:2.2800,THE_ODDS_API
Brentford vs Sunderland,2026-01-07 14:30:00,Under 2.75,1.68,1.6217,6.9e-05,6,0.009641,0.007431,0.000101,6,0.011521,0.009581,Unibet,6,0.0583,1.87,270.12,Premier League,Over/Under,,1xBet:1.6000; Betano:1.6200; Marathonbet:1.6000; Pinnacle:1.6400; SBO:1.5900; Unibet:1.6800,API-FOOTBALL
Brentford vs Sunderland,2026-01-07 14:30:00,Over 2.75,2.37,2.2967,6.9e-05,6,0.009641,0.007431,0.000115,6,0.012544,0.012039,Pinnacle,6,0.0733,2.88,161.46,Premier League,Over/Under,,1xBet:2.2500; Betano:2.3500; Marathonbet:2.2500; Pinnacle:2.3700; SBO:2.3600; Unibet:2.2000,API-FOOTBALL
Brentford vs Sunderland,2026-01-07 14:30:00,Under 3.0,1.48,1.438,6.9e-05,5,0.009314,0.006908,0.000137,5,0.012686,0.010861,Unibet,5,0.042,1.82,247.82,Premier League,Over/Under,,1xBet:1.4100; Betano:1.4400; Marathonbet:1.4100; Pinnacle:1.4500; Unibet:1.4800,API-FOOTBALL
Brentford vs Sunderland,2026-01-07 14:30:00,Over 3.0,2.9,2.78,6.9e-05,5,0.009314,0.006908,0.000126,5,0.012698,0.01179,Betano,5,0.12,3.53,80.08,Premier League,Over/Under,,1xBet:2.7300; Betano:2.9000; Marathonbet:2.7300; Pinnacle:2.8900; Unibet:2.6500,API-FOOTBALL
Crystal Palace vs Aston Villa,2026-01-07 14:30:00,Over 1.5,1.3,1.2822,6.7e-05,9,0.008478,0.008102,8.6e-05,9,0.009008,0.00799,10Bet,9,0.0178,1.15,602.0,Premier League,Over/Under,,10Bet:1.3000; 1xBet:1.2600; Bet365:1.2800; Betano:1.3000; Betfair:1.2900; Marathonbet:1.2600; Pinnacle:1.2900; Superbet:1.2900; Unibet:1.2700,API-FOOTBALL
Crystal Palace vs Aston Villa,2026-01-07 14:30:00,Under 1.5,3.78,3.5756,6.7e-05,9,0.008478,0.008102,0.000138,9,0.012411,0.011724,Pinnacle,9,0.2044,4.43,152.21,Premier League,Over/Under,,10Bet:3.4500; 1xBet:3.4000; Bet365:3.7500; Betano:3.5500; Betfair:3.4000; Marathonbet:3.4000; Pinnacle:3.7800; Superbet:3.7000; Unibet:3.7500,API-FOOTBALL
Livingston vs ST Mirren,2026-01-06 14:45:00,Under 3.25,1.37,1.3175,6.6e-05,4,0.008731,0.007198,0.000335,4,0.018557,0.014773,Betano,4,0.0525,2.44,203.79,Premiership,Over/Under,,1xBet:1.3100; Betano:1.3700; Marathonbet:1.3100; Unibet:1.2800,API-FOOTBALL
Livingston vs ST Mirren,2026-01-06 14:45:00,Over 3.25,3.25,3.125,6.6e-05,4,0.008731,0.007198,0.000136,4,0.012821,0.012821,Unibet,4,0.125,4.0,28.21,Premiership,Over/Under,,1xBet:3.0000; Betano:3.2500; Marathonbet:3.0000; Unibet:3.2500,API-FOOTBALL
Bologna vs Atalanta,2026-01-07 12:30:00,Over 1.75,1.42,1.366,6.5e-05,5,0.008753,0.007916,0.000357,5,0.01975,0.018677,Betano,5,0.054,2.7,266.3,Serie A,Over/Under,,1xBet:1.3300; Betano:1.4200; Marathonbet:1.3300; Pinnacle:1.4000; Unibet:1.3500,API-FOOTBALL
Bologna vs Atalanta,2026-01-07 12:30:00,Under 1.75,3.2,3.064,6.5e-05,5,0.008753,0.007916,4.3e-05,5,0.00722,0.005614,Unibet,5,0.136,2.21,63.27,Serie A,Over/Under,,1xBet:3.0400; Betano:3.0000; Marathonbet:3.0400; Pinnacle:3.0400; Unibet:3.2000,API-FOOTBALL
Rayo Vallecano vs Mallorca,2026-01-11 08:00:00,Under 2.0,2.1,2.0201,6.3e-05,7,0.009355,0.008315,9.1e-05,7,0.011223,0.009678,toa_coolbet,7,0.0799,2.27,246.71,La Liga,Over/Under,,sgo_bovada:1.9804; toa_betonlineag:1.9800; toa_betus:2.0000; toa_bovada:2.0800; toa_coolbet:2.1000; toa_lowvig:1.9800; toa_pinnacle:2.0200,"SportsGameOdds, THE_ODDS_API"
Rayo Vallecano vs Mallorca,2026-01-11 08:00:00,Over 2.0,1.88,1.8339,6.3e-05,7,0.009355,0.008315,6.4e-05,7,0.009405,0.007853,toa_pinnacle,7,0.0461,1.72,281.81,La Liga,Over/Under,,sgo_bovada:1.8475; toa_betonlineag:1.8500; toa_betus:1.8300; toa_bovada:1.7800; toa_coolbet:1.8000; toa_lowvig:1.8500; toa_pinnacle:1.8800,"SportsGameOdds, THE_ODDS_API"
Qarabağ FK vs Eintracht Frankfurt,2026-01-21 12:45:00,Under 2.5,2.48,2.4317,6.1e-05,12,0.008967,0.008045,0.000141,12,0.01382,0.011317,toa_casumo,12,0.0483,3.36,394.02,Champions League,Over/Under,,toa_betmgm:2.3000; toa_casumo:2.4800; toa_grosvenor:2.4800; toa_gtbets:2.3600; toa_leovegas:2.4500; toa_leovegas_se:2.4800; toa_onexbet:2.4600; toa_tabtouch:2.4800; toa_unibet:2.4800; toa_unibet_nl:2.4800; toa_unibet_se:2.4800; toa_williamhill:2.2500,THE_ODDS_API
Qarabağ FK vs Eintracht Frankfurt,2026-01-21 12:45:00,Over 2.5,1.64,1.5592,6.1e-05,12,0.008967,0.008045,8.6e-05,12,0.010558,0.006921,toa_onexbet,12,0.0808,1.65,669.86,Champions League,Over/Under,,toa_betmgm:1.5400; toa_casumo:1.5500; toa_grosvenor:1.5500; toa_gtbets:1.5700; toa_leovegas:1.5300; toa_leovegas_se:1.5600; toa_onexbet:1.6400; toa_tabtouch:1.5500; toa_unibet:1.5500; toa_unibet_nl:1.5500; toa_unibet_se:1.5500; toa_williamhill:1.5700,THE_ODDS_API
Chelsea vs Brentford,2026-01-17 10:00:00,Under 2.5,2.32,2.2333,6.1e-05,18,0.009081,0.007024,0.0001,18,0.011705,0.008204,toa_onexbet,18,0.0867,2.61,706.52,Premier League,Over/Under,,sgo_betmgm:2.1000; sgo_betparx:2.2300; sgo_betrivers:2.2000; toa_betrivers:2.2000; toa_betsson:2.3200; toa_casumo:2.2300; toa_grosvenor:2.2300; toa_leovegas:2.2300; toa_leovegas_se:2.2300; toa_mybookieag:2.1700; toa_nordicbet:2.3200; toa_onexbet:2.3200; toa_playup:2.2800; toa_tabtouch:2.2300; toa_tipico_de:2.3000; toa_unibet_nl:2.2300; toa_unibet_se:2.2300; toa_williamhill:2.1500,"SportsGameOdds, THE_ODDS_API"
Chelsea vs Brentford,2026-01-17 10:00:00,Over 2.5,1.71,1.6482,6.1e-05,18,0.009081,0.007024,0.000122,18,0.012686,0.010465,toa_onexbet,18,0.0618,2.09,992.54,Premier League,Over/Under,,sgo_betmgm:1.6579; sgo_betparx:1.6711; sgo_betrivers:1.6494; toa_betrivers:1.6500; toa_betsson:1.6000; toa_casumo:1.6700; toa_grosvenor:1.6700; toa_leovegas:1.6700; toa_leovegas_se:1.6700; toa_mybookieag:1.6100; toa_nordicbet:1.6000; toa_onexbet:1.7100; toa_playup:1.5800; toa_tabtouch:1.6700; toa_tipico_de:1.6000; toa_unibet_nl:1.6700; toa_unibet_se:1.6700; toa_williamhill:1.6500,"SportsGameOdds, THE_ODDS_API"
Livingston vs ST Mirren,2026-01-06 14:45:00,Under 1.5,3.5,3.2933,6.1e-05,9,0.008276,0.007459,0.000151,9,0.013318,0.012091,Bet365,9,0.2067,4.38,173.8,Premiership,Over/Under,,10Bet:3.3500; 1xBet:3.1200; Bet365:3.5000; Betano:3.2500; Betfair:3.4000; Marathonbet:3.1200; Pinnacle:3.4500; Superbet:3.3500; Unibet:3.1000,API-FOOTBALL
Livingston vs ST Mirren,2026-01-06 14:45:00,Over 1.5,1.35,1.3067,6.1e-05,9,0.008276,0.007459,0.000156,9,0.012531,0.010299,Betano,9,0.0433,1.64,588.96,Premiership,Over/Under,,10Bet:1.3000; 1xBet:1.2800; Bet365:1.3000; Betano:1.3500; Betfair:1.3000; Marathonbet:1.2800; Pinnacle:1.3200; Superbet:1.3300; Unibet:1.3000,API-FOOTBALL
Parma vs Inter,2026-01-07 14:45:00,Over 4.5,4.8,4.525,6.1e-05,8,0.007454,0.006905,0.000126,8,0.010992,0.008801,Superbet,8,0.275,4.96,77.22,Serie A,Over/Under,,10Bet:4.7500; 1xBet:4.2000; Bet365:4.5000; Betano:4.5000; Betfair:4.5000; Marathonbet:4.2000; Superbet:4.8000; Unibet:4.7500,API-FOOTBALL
Parma vs Inter,2026-01-07 14:45:00,Under 4.5,1.21,1.1837,6.1e-05,8,0.007454,0.006905,0.000229,8,0.01285,0.011606,Betano,8,0.0263,1.52,575.97,Serie A,Over/Under,,10Bet:1.1800; 1xBet:1.1600; Bet365:1.2000; Betano:1.2100; Betfair:1.2000; Marathonbet:1.1600; Superbet:1.1900; Unibet:1.1700,API-FOOTBALL
Lecce vs AS Roma,2026-01-06 12:00:00,Under 0.5,8.0,7.6,6e-05,8,0.006031,0.005062,6.2e-05,8,0.006284,0.005229,Bet365,8,0.4,4.77,5.5,Serie A,Over/Under,,10Bet:7.0000; 1xBet:7.5000; Bet365:8.0000; Betano:7.2000; Betfair:8.0000; Marathonbet:7.5000; Superbet:7.6000; Unibet:8.0000,API-FOOTBALL
Lecce vs AS Roma,2026-01-06 12:00:00,Over 0.5,1.1,1.075,6e-05,8,0.006031,0.005062,0.000663,8,0.015049,0.013005,Betano,8,0.025,1.62,644.38,Serie A,Over/Under,,10Bet:1.0900; 1xBet:1.0500; Bet365:1.0800; Betano:1.1000; Betfair:1.0700; Marathonbet:1.0500; Superbet:1.0900; Unibet:1.0700,API-FOOTBALL
AS Roma vs VfB Stuttgart,2026-01-22 15:00:00,Under 2.5,2.12,2.03,6e-05,8,0.009084,0.00713,0.00019,8,0.016244,0.013006,toa_onexbet,8,0.09,3.29,294.51,Europa League,Over/Under,,toa_betmgm:1.9100; toa_betsson:2.0800; toa_betus:2.0500; toa_codere_it:2.0200; toa_coolbet:2.0300; toa_nordicbet:2.0800; toa_onexbet:2.1200; toa_williamhill:1.9500,THE_ODDS_API
AS Roma vs VfB Stuttgart,2026-01-22 15:00:00,Over 2.5,1.84,1.7588,6e-05,8,0.009084,0.00713,9.4e-05,8,0.011347,0.008416,toa_onexbet,8,0.0813,1.99,355.05,Europa League,Over/Under,,toa_betmgm:1.7700; toa_betsson:1.7200; toa_betus:1.7400; toa_codere_it:1.7700; toa_coolbet:1.7600; toa_nordicbet:1.7200; toa_onexbet:1.8400; toa_williamhill:1.7500,THE_ODDS_API
Livingston vs ST Mirren,2026-01-06 14:45:00,Under 3.0,1.44,1.4,6e-05,5,0.008559,0.007163,0.000244,5,0.016554,0.014236,Betano,5,0.04,2.32,257.33,Premiership,Over/Under,,1xBet:1.3900; Betano:1.4400; Marathonbet:1.3900; Pinnacle:1.4300; Unibet:1.3500,API-FOOTBALL
Livingston vs ST Mirren,2026-01-06 14:45:00,Over 3.0,2.91,2.812,6e-05,5,0.008559,0.007163,0.00013,5,0.01289,0.012534,Pinnacle,5,0.098,3.62,78.04,Premiership,Over/Under,,1xBet:2.6900; Betano:2.8700; Marathonbet:2.6900; Pinnacle:2.9100; Unibet:2.9000,API-FOOTBALL
Burnley vs Manchester United,2026-01-07 15:15:00,Over 2.0,1.35,1.328,5.9e-05,5,0.00817,0.006177,0.000118,5,0.011007,0.009946,Pinnacle,5,0.022,1.46,276.59,Premier League,Over/Under,,1xBet:1.3200; Betano:1.3500; Marathonbet:1.3200; Pinnacle:1.3500; Unibet:1.3000,API-FOOTBALL
Burnley vs Manchester United,2026-01-07 15:15:00,Under 2.0,3.45,3.268,5.9e-05,5,0.00817,0.006177,0.000101,5,0.010908,0.009666,Unibet,5,0.182,3.56,53.19,Premier League,Over/Under,,1xBet:3.1400; Betano:3.3000; Marathonbet:3.1400; Pinnacle:3.3100; Unibet:3.4500,API-FOOTBALL
Pisa vs Como,2026-01-06 09:00:00,Over 0.5,1.08,1.055,5.9e-05,8,0.005722,0.005327,0.001841,8,0.019893,0.017083,Betano,8,0.025,2.1,658.62,Serie A,Over/Under,,10Bet:1.0700; 1xBet:1.0200; Bet365:1.0700; Betano:1.0800; Betfair:1.0600; Marathonbet:1.0200; Superbet:1.0700; Unibet:1.0500,API-FOOTBALL
Pisa vs Como,2026-01-06 09:00:00,Under 0.5,9.0,8.4125,5.9e-05,8,0.005722,0.005327,9.4e-05,8,0.007399,0.007262,Bet365,8,0.5875,6.2,-4.54,Serie A,Over/Under,,10Bet:8.0000; 1xBet:7.8000; Bet365:9.0000; Betano:7.9000; Betfair:9.0000; Marathonbet:7.9000; Superbet:8.7000; Unibet:9.0000,API-FOOTBALL
Bournemouth vs Tottenham,2026-01-07 14:30:00,Over 4.5,5.4,5.0812,5.8e-05,8,0.006994,0.005982,3.9e-05,8,0.00586,0.004567,Unibet,8,0.3188,2.97,57.58,Premier League,Over/Under,,10Bet:5.0000; 1xBet:5.1000; Bet365:5.0000; Betano:4.8500; Betfair:5.0000; Marathonbet:5.1000; Superbet:5.2000; Unibet:5.4000,API-FOOTBALL
Bournemouth vs Tottenham,2026-01-07 14:30:00,Under 4.5,1.19,1.1488,5.8e-05,8,0.006994,0.005982,0.001003,8,0.024185,0.020464,Betano,8,0.0413,2.78,596.94,Premier League,Over/Under,,10Bet:1.1700; 1xBet:1.1000; Bet365:1.1700; Betano:1.1900; Betfair:1.1400; Marathonbet:1.1000; Superbet:1.1700; Unibet:1.1500,API-FOOTBALL
Lazio vs Fiorentina,2026-01-07 14:45:00,Over 3.25,3.86,3.665,5.8e-05,4,0.007843,0.007843,0.000139,4,0.012386,0.012301,Pinnacle,4,0.195,4.53,9.37,Serie A,Over/Under,,1xBet:3.5000; Marathonbet:3.5000; Pinnacle:3.8600; Unibet:3.8000,API-FOOTBALL
Lazio vs Fiorentina,2026-01-07 14:45:00,Under 3.25,1.28,1.265,5.8e-05,4,0.007843,0.007843,3.1e-05,4,0.00537,0.00465,Pinnacle,4,0.015,0.68,216.22,Serie A,Over/Under,,1xBet:1.2600; Marathonbet:1.2600; Pinnacle:1.2800; Unibet:1.2600,API-FOOTBALL
Salzburg vs FC Basel,2026-01-22 15:00:00,Over 3.0,1.96,1.9075,5.7e-05,4,0.008875,0.00728,8.2e-05,4,0.01067,0.010295,toa_coolbet,4,0.0525,2.03,109.79,Europa League,Over/Under,,toa_betus:1.8700; toa_bovada:1.8700; toa_coolbet:1.9600; toa_pinnacle:1.9300,THE_ODDS_API
Salzburg vs FC Basel,2026-01-22 15:00:00,Under 3.0,1.91,1.8775,5.7e-05,4,0.008875,0.00728,8.2e-05,4,0.010628,0.009272,toa_pinnacle,4,0.0325,1.99,113.13,Europa League,Over/Under,,toa_betus:1.9100; toa_bovada:1.8700; toa_coolbet:1.8200; toa_pinnacle:1.9100,THE_ODDS_API
Parma vs Inter,2026-01-07 14:45:00,Under 3.75,1.39,1.368,5.6e-05,5,0.008129,0.006946,6.7e-05,5,0.008548,0.007717,Betano,5,0.022,1.17,265.55,Serie A,Over/Under,,1xBet:1.3500; Betano:1.3900; Marathonbet:1.3500; Pinnacle:1.3700; Unibet:1.3800,API-FOOTBALL
Parma vs Inter,2026-01-07 14:45:00,Over 3.75,3.2,3.01,5.6e-05,5,0.008129,0.006946,0.000194,5,0.015455,0.014349,Pinnacle,5,0.19,4.64,66.47,Serie A,Over/Under,,1xBet:2.8500; Betano:3.1000; Marathonbet:2.8500; Pinnacle:3.2000; Unibet:3.0500,API-FOOTBALL
Borussia Dortmund vs Werder Bremen,2026-01-13 14:30:00,Over 3.5,2.21,2.1247,5.5e-05,15,0.008709,0.006916,0.000101,15,0.011804,0.009247,toa_onexbet,15,0.0853,2.51,606.43,Bundesliga,Over/Under,,toa_betmgm:2.0500; toa_betrivers:2.1400; toa_betsson:2.1200; toa_casumo:2.1500; toa_coolbet:2.0700; toa_grosvenor:2.1600; toa_leovegas:2.1400; toa_leovegas_se:2.1800; toa_nordicbet:2.1200; toa_onexbet:2.2100; toa_playup:2.0800; toa_tabtouch:2.1500; toa_tipico_de:2.0000; toa_unibet_nl:2.1500; toa_unibet_se:2.1500,THE_ODDS_API
Borussia Dortmund vs Werder Bremen,2026-01-13 14:30:00,Under 3.5,1.78,1.6893,5.5e-05,15,0.008709,0.006916,0.000103,15,0.011757,0.008771,toa_onexbet,15,0.0907,1.99,788.28,Bundesliga,Over/Under,,toa_betmgm:1.6900; toa_betrivers:1.6600; toa_betsson:1.6800; toa_casumo:1.6700; toa_coolbet:1.7300; toa_grosvenor:1.6800; toa_leovegas:1.6500; toa_leovegas_se:1.6800; toa_nordicbet:1.6800; toa_onexbet:1.7800; toa_playup:1.6800; toa_tabtouch:1.6700; toa_tipico_de:1.7500; toa_unibet_nl:1.6700; toa_unibet_se:1.6700,THE_ODDS_API
FC Utrecht vs KRC Genk,2026-01-22 15:00:00,Over 2.5,1.86,1.8027,5.5e-05,11,0.008679,0.00832,0.000166,11,0.015063,0.013191,toa_onexbet,11,0.0573,2.71,510.63,Europa League,Over/Under,,toa_betmgm:1.7100; toa_betonlineag:1.8500; toa_betsson:1.8200; toa_bovada:1.8000; toa_codere_it:1.7600; toa_coolbet:1.7600; toa_lowvig:1.8500; toa_nordicbet:1.8200; toa_onexbet:1.8600; toa_pinnacle:1.8500; toa_williamhill:1.7500,THE_ODDS_API
FC Utrecht vs KRC Genk,2026-01-22 15:00:00,Under 2.5,2.09,1.9955,5.5e-05,11,0.008679,0.00832,7.2e-05,11,0.010015,0.007822,toa_onexbet,11,0.0945,2.0,451.48,Europa League,Over/Under,,toa_betmgm:2.0000; toa_betonlineag:1.9800; toa_betsson:1.9500; toa_bovada:1.9500; toa_codere_it:2.0300; toa_coolbet:2.0300; toa_lowvig:1.9800; toa_nordicbet:1.9500; toa_onexbet:2.0900; toa_pinnacle:1.9900; toa_williamhill:2.0000,THE_ODDS_API
Livingston vs ST Mirren,2026-01-06 14:45:00,Under 4.5,1.11,1.0867,5.4e-05,9,0.005945,0.004846,0.001109,9,0.020201,0.018341,Bet365,9,0.0233,2.19,728.62,Premiership,Over/Under,,10Bet:1.1000; 1xBet:1.0500; Bet365:1.1100; Betano:1.1100; Betfair:1.0800; Marathonbet:1.0500; Pinnacle:1.1100; Superbet:1.1000; Unibet:1.0700,API-FOOTBALL
Livingston vs ST Mirren,2026-01-06 14:45:00,Over 4.5,7.5,6.77,5.4e-05,9,0.005945,0.004846,8e-05,9,0.007434,0.006407,Betfair,9,0.73,5.02,33.29,Premiership,Over/Under,,10Bet:6.5000; 1xBet:6.4500; Bet365:6.5000; Betano:6.6000; Betfair:7.5000; Marathonbet:6.4500; Pinnacle:7.1800; Superbet:7.0000; Unibet:6.7500,API-FOOTBALL
Feyenoord vs SK Sturm Graz,2026-01-22 12:45:00,Over 3.5,2.29,2.18,5.4e-05,5,0.008616,0.008267,0.000135,5,0.013646,0.01245,toa_onexbet,5,0.11,2.97,129.56,Europa League,Over/Under,,toa_betmgm:2.1500; toa_betsson:2.1200; toa_codere_it:2.2200; toa_nordicbet:2.1200; toa_onexbet:2.2900,THE_ODDS_API
Feyenoord vs SK Sturm Graz,2026-01-22 12:45:00,Under 3.5,1.73,1.676,5.4e-05,5,0.008616,0.008267,0.000189,5,0.01586,0.014689,toa_onexbet,5,0.054,2.66,198.54,Europa League,Over/Under,,toa_betmgm:1.6100; toa_betsson:1.7000; toa_codere_it:1.6400; toa_nordicbet:1.7000; toa_onexbet:1.7300,THE_ODDS_API
Rangers vs Aberdeen,2026-01-06 15:00:00,Under 4.5,1.21,1.1778,5.4e-05,9,0.006943,0.005532,0.000474,9,0.018077,0.016312,Betano,9,0.0322,2.13,664.49,Premiership,Over/Under,,10Bet:1.2000; 1xBet:1.1400; Bet365:1.2000; Betano:1.2100; Betfair:1.1700; Marathonbet:1.1400; Pinnacle:1.1900; Superbet:1.1900; Unibet:1.1600,API-FOOTBALL
Rangers vs Aberdeen,2026-01-06 15:00:00,Over 4.5,5.0,4.5989,5.4e-05,9,0.006943,0.005532,9.3e-05,9,0.00929,0.008067,Betfair,9,0.4011,4.26,96.07,Premiership,Over/Under,,10Bet:4.5000; 1xBet:4.4000; Bet365:4.5000; Betano:4.5000; Betfair:5.0000; Marathonbet:4.4000; Pinnacle:4.8900; Superbet:4.7000; Unibet:4.5000,API-FOOTBALL
Real Sociedad vs Barcelona,2026-01-18 15:00:00,Under 3.5,1.81,1.7468,5.3e-05,3,0.008584,0.00792,0.000225,3,0.017446,0.014744,toa_onexbet,3,0.0632,3.04,71.9,La Liga,Over/Under,,sgo_betmgm:1.6803; toa_onexbet:1.8100; toa_tipico_de:1.7500,"SportsGameOdds, THE_ODDS_API"
Real Sociedad vs Barcelona,2026-01-18 15:00:00,Over 3.5,2.17,2.0633,5.3e-05,3,0.008584,0.00792,0.000266,3,0.019174,0.016391,toa_onexbet,3,0.1067,3.95,45.62,La Liga,Over/Under,,sgo_betmgm:2.0500; toa_onexbet:2.1700; toa_tipico_de:1.9700,"SportsGameOdds, THE_ODDS_API"
Torino vs Udinese,2026-01-07 14:45:00,Over 3.5,4.5,4.2988,5.2e-05,8,0.007011,0.005486,3.4e-05,8,0.005848,0.004113,Unibet,8,0.2012,2.51,86.22,Serie A,Over/Under,,10Bet:4.3300; 1xBet:4.3000; Bet365:4.3300; Betano:4.1000; Betfair:4.3300; Marathonbet:4.3000; Superbet:4.2000; Unibet:4.5000,API-FOOTBALL
Torino vs Udinese,2026-01-07 14:45:00,Under 3.5,1.24,1.2037,5.2e-05,8,0.007011,0.005486,0.000299,8,0.015322,0.013483,Betano,8,0.0363,1.84,564.82,Serie A,Over/Under,,10Bet:1.2000; 1xBet:1.1800; Bet365:1.2200; Betano:1.2400; Betfair:1.2000; Marathonbet:1.1800; Superbet:1.2300; Unibet:1.1800,API-FOOTBALL
Maidenhead vs Ebbsfleet United,2026-01-06 14:45:00,Under 3.25,1.47,1.415,5.2e-05,4,0.00811,0.007022,0.000302,4,0.018679,0.017426,Betano,4,0.055,2.64,182.88,National League - South,Over/Under,,1xBet:1.3800; Betano:1.4700; Marathonbet:1.3800; Pinnacle:1.4300,API-FOOTBALL
Maidenhead vs Ebbsfleet United,2026-01-06 14:45:00,Over 3.25,2.71,2.63,5.2e-05,4,0.00811,0.007022,4e-05,4,0.007227,0.005682,Pinnacle,4,0.08,1.9,52.15,National League - South,Over/Under,,1xBet:2.6200; Betano:2.5700; Marathonbet:2.6200; Pinnacle:2.7100,API-FOOTBALL
Girona FC vs Osasuna,2026-01-10 12:30:00,Under 2.5,1.8,1.7346,5.1e-05,4,0.008359,0.008247,0.000121,4,0.012823,0.010619,sgo_bovada,4,0.0654,2.22,130.72,LA_LIGA,Over/Under,,sgo_betmgm:1.7299; sgo_betparx:1.7092; sgo_betrivers:1.6993; sgo_bovada:1.8000,SportsGameOdds
Girona FC vs Osasuna,2026-01-10 12:30:00,Over 2.5,2.1,2.0575,5.1e-05,4,0.008359,0.008247,5.8e-05,4,0.008982,0.007711,sgo_betparx,4,0.0425,1.85,94.48,LA_LIGA,Over/Under,,sgo_betmgm:2.0000; sgo_betparx:2.1000; sgo_betrivers:2.0800; sgo_bovada:2.0500,SportsGameOdds
Bayer 04 Leverkusen vs VfB Stuttgart,2026-01-10 12:30:00,Under 3.5,1.6211,1.6062,5.1e-05,3,0.008337,0.00786,1.3e-05,3,0.004056,0.003824,sgo_betmgm,3,0.0149,0.65,86.78,BUNDESLIGA,Over/Under,,sgo_betmgm:1.6211; sgo_betparx:1.5988; sgo_betrivers:1.5988,SportsGameOdds
Bayer 04 Leverkusen vs VfB Stuttgart,2026-01-10 12:30:00,Over 3.5,2.28,2.2367,5.1e-05,3,0.008337,0.00786,0.000114,3,0.012502,0.011787,sgo_betparx,3,0.0433,2.79,34.23,BUNDESLIGA,Over/Under,,sgo_betmgm:2.1500; sgo_betparx:2.2800; sgo_betrivers:2.2800,SportsGameOdds
Brentford vs Sunderland,2026-01-07 14:30:00,Under 2.5,1.88,1.8172,5e-05,39,0.008306,0.007162,8.5e-05,39,0.01082,0.008959,toa_onexbet,39,0.0628,1.97,2047.02,Premier League,Over/Under,,10Bet:1.8000; 188Bet:1.8400; 1xBet:1.8800; Bet365:1.8000; Betano:1.8200; Betfair:1.8000; Marathonbet:1.8200; Pinnacle:1.8300; SBO:1.7800; Superbet:1.8000; Unibet:1.8800; sgo_betmgm:1.7519; sgo_betparx:1.8475; sgo_betrivers:1.8403; sgo_bovada:1.8000; toa_betmgm:1.7400; toa_betonlineag:1.8200; toa_betrivers:1.8300; toa_betsson:1.7800; toa_betus:1.8000; toa_bovada:1.8000; toa_casumo:1.8500; toa_codere_it:1.8200; toa_coolbet:1.8200; toa_grosvenor:1.8500; toa_gtbets:1.8400; toa_leovegas:1.8500; toa_leovegas_se:1.8500; toa_lowvig:1.8200; toa_mybookieag:1.7800; toa_nordicbet:1.7800; toa_onexbet:1.8800; toa_pinnacle:1.8300; toa_playup:1.7700; toa_tabtouch:1.8500; toa_tipico_de:1.7700; toa_unibet_nl:1.8500; toa_unibet_se:1.8500; toa_williamhill:1.7500,"API-FOOTBALL, SportsGameOdds, THE_ODDS_API"
Brentford vs Sunderland,2026-01-07 14:30:00,Over 2.5,2.08,2.0075,5e-05,39,0.008306,0.007162,0.000108,39,0.012225,0.011031,toa_pinnacle,39,0.0725,2.45,1843.84,Premier League,Over/Under,,10Bet:2.0000; 188Bet:2.0600; 1xBet:2.0700; Bet365:2.0000; Betano:2.0500; Betfair:1.9500; Marathonbet:2.0100; Pinnacle:2.0800; SBO:2.0800; Superbet:2.0200; Unibet:1.9200; sgo_betmgm:1.9804; sgo_betparx:1.9615; sgo_betrivers:1.9524; sgo_bovada:2.0500; toa_betmgm:1.9800; toa_betonlineag:2.0600; toa_betrivers:1.9400; toa_betsson:2.0500; toa_betus:2.0500; toa_bovada:2.0500; toa_casumo:1.9500; toa_codere_it:2.0400; toa_coolbet:2.0600; toa_grosvenor:1.9500; toa_gtbets:2.0000; toa_leovegas:1.9600; toa_leovegas_se:1.9600; toa_lowvig:2.0600; toa_mybookieag:1.9800; toa_nordicbet:2.0500; toa_onexbet:2.0700; toa_pinnacle:2.0800; toa_playup:2.0200; toa_tabtouch:1.9500; toa_tipico_de:2.0000; toa_unibet_nl:1.9500; toa_unibet_se:1.9500; toa_williamhill:1.9500,"API-FOOTBALL, SportsGameOdds, THE_ODDS_API"
Villarreal vs Ajax,2026-01-20 15:00:00,Over 3.5,2.25,2.1931,4.9e-05,16,0.008193,0.006797,7.9e-05,16,0.010436,0.008686,toa_onexbet,16,0.0569,2.29,629.93,Champions League,Over/Under,,toa_betmgm:2.1500; toa_betrivers:2.2000; toa_betsson:2.1200; toa_casumo:2.2300; toa_codere_it:2.1800; toa_grosvenor:2.2300; toa_gtbets:2.1800; toa_leovegas:2.2000; toa_leovegas_se:2.2300; toa_nordicbet:2.1200; toa_onexbet:2.2500; toa_playup:2.0800; toa_tabtouch:2.2300; toa_unibet:2.2300; toa_unibet_nl:2.2300; toa_unibet_se:2.2300,THE_ODDS_API
Villarreal vs Ajax,2026-01-20 15:00:00,Under 3.5,1.75,1.6731,4.9e-05,16,0.008193,0.006797,9.7e-05,16,0.01138,0.008978,toa_onexbet,16,0.0769,1.9,856.65,Champions League,Over/Under,,toa_betmgm:1.6200; toa_betrivers:1.6500; toa_betsson:1.7200; toa_casumo:1.6600; toa_codere_it:1.6600; toa_grosvenor:1.6600; toa_gtbets:1.6800; toa_leovegas:1.6400; toa_leovegas_se:1.6700; toa_nordicbet:1.7200; toa_onexbet:1.7500; toa_playup:1.7000; toa_tabtouch:1.6600; toa_unibet:1.6600; toa_unibet_nl:1.6600; toa_unibet_se:1.6600,THE_ODDS_API
Liverpool vs Burnley,2026-01-17 10:00:00,Under 3.5,1.72,1.6458,4.8e-05,17,0.008091,0.004187,9.1e-05,17,0.010954,0.007871,toa_onexbet,17,0.0742,1.8,933.25,Premier League,Over/Under,,sgo_betmgm:1.5988; sgo_betparx:1.6494; sgo_betrivers:1.6410; toa_betrivers:1.6400; toa_betsson:1.6200; toa_casumo:1.6500; toa_grosvenor:1.6500; toa_leovegas:1.6600; toa_leovegas_se:1.6600; toa_mybookieag:1.6200; toa_nordicbet:1.6200; toa_onexbet:1.7200; toa_playup:1.6000; toa_tabtouch:1.6500; toa_tipico_de:1.7000; toa_unibet_nl:1.6500; toa_unibet_se:1.6500,"SportsGameOdds, THE_ODDS_API"
Liverpool vs Burnley,2026-01-17 10:00:00,Over 3.5,2.31,2.2276,4.8e-05,17,0.008091,0.004187,9.7e-05,17,0.011559,0.006794,toa_onexbet,17,0.0824,2.57,663.62,Premier League,Over/Under,,sgo_betmgm:2.2000; sgo_betparx:2.2300; sgo_betrivers:2.2300; toa_betrivers:2.2300; toa_betsson:2.2800; toa_casumo:2.2300; toa_grosvenor:2.2300; toa_leovegas:2.2500; toa_leovegas_se:2.2500; toa_mybookieag:2.1600; toa_nordicbet:2.2800; toa_onexbet:2.3100; toa_playup:2.2500; toa_tabtouch:2.2300; toa_tipico_de:2.0500; toa_unibet_nl:2.2300; toa_unibet_se:2.2300,"SportsGameOdds, THE_ODDS_API"
West Ham United vs Nottingham Forest,2026-01-06 15:00:00,Under 2.5,1.96,1.8606,4.7e-05,40,0.008107,0.006712,0.000148,40,0.014255,0.01111,1xBet,40,0.0994,2.65,2051.38,Premier League,Over/Under,,10Bet:1.8500; 188Bet:1.9400; 1xBet:1.9600; Bet365:1.9100; Betano:1.9000; Betfair:1.8700; Marathonbet:1.9000; Pinnacle:1.9100; SBO:1.9400; Superbet:1.8800; Unibet:1.8700; sgo_betmgm:1.7812; sgo_betparx:1.8696; sgo_betrivers:1.8621; sgo_bovada:1.8696; toa_betmgm:1.7700; toa_betonlineag:1.8900; toa_betrivers:1.8500; toa_betsson:1.7800; toa_betus:1.8200; toa_bovada:1.8500; toa_casumo:1.8700; toa_codere_it:1.7600; toa_coolbet:1.8700; toa_grosvenor:1.8700; toa_gtbets:1.8100; toa_leovegas:1.8700; toa_leovegas_se:1.8700; toa_lowvig:1.8900; toa_matchbook:1.9200; toa_mybookieag:1.7900; toa_nordicbet:1.7800; toa_onexbet:1.9200; toa_pinnacle:1.8700; toa_playup:1.8000; toa_tabtouch:1.8700; toa_tipico_de:1.8500; toa_unibet_nl:1.8700; toa_unibet_se:1.8700; toa_williamhill:1.8000,"API-FOOTBALL, SportsGameOdds, THE_ODDS_API"
West Ham United vs Nottingham Forest,2026-01-06 15:00:00,Over 2.5,2.06,1.9517,4.7e-05,40,0.008107,0.006712,8.3e-05,40,0.010739,0.00864,toa_matchbook,40,0.1083,2.09,1950.42,Premier League,Over/Under,,10Bet:1.9000; 188Bet:1.9600; 1xBet:1.9800; Bet365:1.9100; Betano:1.9500; Betfair:1.8700; Marathonbet:1.9300; Pinnacle:1.9800; SBO:1.9200; Superbet:1.9200; Unibet:1.9400; sgo_betmgm:1.9259; sgo_betparx:1.9434; sgo_betrivers:1.9259; sgo_bovada:1.9524; toa_betmgm:1.9100; toa_betonlineag:1.9600; toa_betrivers:1.9300; toa_betsson:2.0200; toa_betus:2.0200; toa_bovada:1.9800; toa_casumo:1.9300; toa_codere_it:1.9100; toa_coolbet:2.0000; toa_grosvenor:1.9300; toa_gtbets:1.9700; toa_leovegas:1.9400; toa_leovegas_se:1.9400; toa_lowvig:1.9600; toa_matchbook:2.0600; toa_mybookieag:1.9500; toa_nordicbet:2.0200; toa_onexbet:2.0300; toa_pinnacle:2.0200; toa_playup:1.9800; toa_tabtouch:1.9300; toa_tipico_de:1.9000; toa_unibet_nl:1.9300; toa_unibet_se:1.9300; toa_williamhill:1.9100,"API-FOOTBALL, SportsGameOdds, THE_ODDS_API"
Livingston vs ST Mirren,2026-01-06 14:45:00,Over 2.5,2.06,2.0082,4.7e-05,11,0.00803,0.005074,4.9e-05,11,0.008214,0.005941,Pinnacle,11,0.0518,1.65,447.91,Premiership,Over/Under,,10Bet:1.9300; 188Bet:2.0200; 1xBet:1.9900; Bet365:2.0000; Betano:2.0500; Betfair:2.0000; Marathonbet:1.9900; Pinnacle:2.0600; SBO:2.0100; Superbet:2.0200; Unibet:2.0200,API-FOOTBALL
Livingston vs ST Mirren,2026-01-06 14:45:00,Under 2.5,1.86,1.8036,4.7e-05,11,0.00803,0.005074,0.000153,11,0.014434,0.009173,188Bet,11,0.0564,2.6,510.27,Premiership,Over/Under,,10Bet:1.8500; 188Bet:1.8600; 1xBet:1.7900; Bet365:1.8000; Betano:1.8200; Betfair:1.8000; Marathonbet:1.7900; Pinnacle:1.8200; SBO:1.8300; Superbet:1.8000; Unibet:1.6800,API-FOOTBALL
Maidenhead vs Ebbsfleet United,2026-01-06 14:45:00,Over 2.75,2.04,1.974,4.7e-05,5,0.00807,0.00753,6.2e-05,5,0.009278,0.007308,Pinnacle,5,0.066,1.83,153.38,National League - South,Over/Under,,188Bet:1.9300; 1xBet:1.9600; Betano:1.9800; Marathonbet:1.9600; Pinnacle:2.0400,API-FOOTBALL
Maidenhead vs Ebbsfleet United,2026-01-06 14:45:00,Under 2.75,1.79,1.736,4.7e-05,5,0.00807,0.00753,0.000187,5,0.01589,0.015013,188Bet,5,0.054,2.76,188.24,National League - South,Over/Under,,188Bet:1.7900; 1xBet:1.6800; Betano:1.7800; Marathonbet:1.6800; Pinnacle:1.7500,API-FOOTBALL
Sassuolo vs Juventus,2026-01-06 14:45:00,Over 1.75,1.4,1.366,4.7e-05,5,0.007408,0.00616,0.000152,5,0.012868,0.01235,Betano,5,0.034,1.76,266.15,Serie A,Over/Under,,1xBet:1.3500; Betano:1.4000; Marathonbet:1.3500; Pinnacle:1.3900; Unibet:1.3400,API-FOOTBALL
Sassuolo vs Juventus,2026-01-06 14:45:00,Under 1.75,3.2,3.056,4.7e-05,5,0.007408,0.00616,9.1e-05,5,0.010517,0.009256,Unibet,5,0.144,3.21,63.78,Serie A,Over/Under,,1xBet:2.9500; Betano:3.0500; Marathonbet:2.9500; Pinnacle:3.1300; Unibet:3.2000,API-FOOTBALL
Union Berlin vs FSV Mainz 05,2026-01-10 09:30:00,Over 2.5,2.3,2.1468,4.7e-05,19,0.008005,0.007527,0.00011,19,0.012304,0.009883,toa_matchbook,19,0.1532,2.64,785.66,Bundesliga,Over/Under,,toa_betmgm:2.1500; toa_betrivers:2.1000; toa_betsson:2.1800; toa_casumo:2.1000; toa_codere_it:2.1100; toa_coolbet:2.1900; toa_grosvenor:2.1200; toa_gtbets:2.1900; toa_leovegas:2.0800; toa_leovegas_se:2.1200; toa_matchbook:2.3000; toa_nordicbet:2.1800; toa_onexbet:2.2700; toa_playup:2.1500; toa_tabtouch:2.1000; toa_tipico_de:2.1500; toa_unibet_nl:2.1000; toa_unibet_se:2.1000; toa_williamhill:2.1000,THE_ODDS_API
Union Berlin vs FSV Mainz 05,2026-01-10 09:30:00,Under 2.5,1.74,1.6784,4.7e-05,19,0.008005,0.007527,9.6e-05,19,0.011286,0.009587,toa_onexbet,19,0.0616,1.89,1032.42,Bundesliga,Over/Under,,toa_betmgm:1.6200; toa_betrivers:1.7000; toa_betsson:1.6500; toa_casumo:1.7000; toa_codere_it:1.6200; toa_coolbet:1.6600; toa_grosvenor:1.7100; toa_gtbets:1.6600; toa_leovegas:1.6800; toa_leovegas_se:1.7200; toa_matchbook:1.6900; toa_nordicbet:1.6500; toa_onexbet:1.7400; toa_playup:1.6500; toa_tabtouch:1.7000; toa_tipico_de:1.6700; toa_unibet_nl:1.7000; toa_unibet_se:1.7000; toa_williamhill:1.6700,THE_ODDS_API
Livingston vs ST Mirren,2026-01-06 14:45:00,Over 0.5,1.07,1.045,4.5e-05,8,0.004838,0.00351,0.002566,8,0.020279,0.017414,Betano,8,0.025,2.12,665.89,Premiership,Over/Under,,10Bet:1.0600; 1xBet:1.0100; Bet365:1.0600; Betano:1.0700; Betfair:1.0500; Marathonbet:1.0100; Superbet:1.0600; Unibet:1.0400,API-FOOTBALL
Livingston vs ST Mirren,2026-01-06 14:45:00,Under 0.5,10.0,8.9875,4.5e-05,8,0.004838,0.00351,6.3e-05,8,0.005817,0.004712,Bet365,8,1.0125,5.21,-10.73,Premiership,Over/Under,,10Bet:8.5000; 1xBet:8.7000; Bet365:10.0000; Betano:8.5000; Betfair:9.0000; Marathonbet:8.7000; Superbet:9.5000; Unibet:9.0000,API-FOOTBALL
Parma vs Inter,2026-01-07 14:45:00,Under 2.25,2.85,2.74,4.5e-05,5,0.007498,0.005616,6.3e-05,5,0.008986,0.00843,Unibet,5,0.11,2.46,82.59,Serie A,Over/Under,,1xBet:2.6800; Betano:2.7000; Marathonbet:2.6800; Pinnacle:2.7900; Unibet:2.8500,API-FOOTBALL
Parma vs Inter,2026-01-07 14:45:00,Over 2.25,1.5,1.458,4.5e-05,5,0.007498,0.005616,0.000133,5,0.012648,0.011948,Betano,5,0.042,1.84,243.05,Serie A,Over/Under,,1xBet:1.4400; Betano:1.5000; Marathonbet:1.4400; Pinnacle:1.4800; Unibet:1.4300,API-FOOTBALL
Parma vs Inter Milan,2026-01-07 14:45:00,Over 2.5,1.69,1.6097,4.4e-05,30,0.007715,0.006828,0.000147,30,0.013886,0.011385,toa_onexbet,30,0.0803,2.23,1764.62,Serie A,Over/Under,,10Bet:1.6200; 1xBet:1.6900; Bet365:1.6200; Betano:1.6700; Betfair:1.5700; Marathonbet:1.6400; Pinnacle:1.6500; SBO:1.6200; Superbet:1.6500; Unibet:1.5800; sgo_betmgm:1.5988; sgo_betparx:1.5814; sgo_betrivers:1.5714; toa_betmgm:1.6100; toa_betrivers:1.5600; toa_betsson:1.6200; toa_casumo:1.5700; toa_codere_it:1.6500; toa_grosvenor:1.6000; toa_gtbets:1.6100; toa_leovegas:1.5600; toa_leovegas_se:1.6000; toa_nordicbet:1.6200; toa_onexbet:1.6900; toa_playup:1.6300; toa_tabtouch:1.5700; toa_tipico_de:1.6000; toa_unibet_nl:1.5700; toa_unibet_se:1.5700; toa_williamhill:1.6000,"API-FOOTBALL, SportsGameOdds, THE_ODDS_API"
Parma vs Inter Milan,2026-01-07 14:45:00,Under 2.5,2.38,2.2907,4.4e-05,30,0.007715,0.006828,6.5e-05,30,0.009442,0.007808,Betfair,30,0.0893,2.16,1210.27,Serie A,Over/Under,,10Bet:2.2500; 1xBet:2.3700; Bet365:2.3000; Betano:2.2700; Betfair:2.3800; Marathonbet:2.3000; Pinnacle:2.3200; SBO:2.3100; Superbet:2.2500; Unibet:2.3200; sgo_betmgm:2.2000; sgo_betparx:2.3200; sgo_betrivers:2.3000; toa_betmgm:2.2000; toa_betrivers:2.3000; toa_betsson:2.2200; toa_casumo:2.3200; toa_codere_it:2.3000; toa_grosvenor:2.3300; toa_gtbets:2.2800; toa_leovegas:2.3000; toa_leovegas_se:2.3300; toa_nordicbet:2.2200; toa_onexbet:2.3700; toa_playup:2.2000; toa_tabtouch:2.3200; toa_tipico_de:2.2500; toa_unibet_nl:2.3200; toa_unibet_se:2.3200; toa_williamhill:2.2500,"API-FOOTBALL, SportsGameOdds, THE_ODDS_API"
Livingston vs ST Mirren,2026-01-06 14:45:00,Under 4.0,1.08,1.08,4.4e-05,3,0.005634,0.005312,0.0,3,0.0,0.0,Marathonbet,3,0.0,0.0,177.78,Premiership,Over/Under,,1xBet:1.0800; Marathonbet:1.0800; Unibet:1.0800,API-FOOTBALL
Livingston vs ST Mirren,2026-01-06 14:45:00,Over 4.0,6.25,5.8833,4.4e-05,3,0.005634,0.005312,6.8e-05,3,0.007278,0.006862,Unibet,3,0.3667,4.27,-48.91,Premiership,Over/Under,,1xBet:5.7000; Marathonbet:5.7000; Unibet:6.2500,API-FOOTBALL
1. FC Union Berlin vs 1. FSV Mainz 05,2026-01-10 09:30:00,Under 2.5,1.6993,1.6758,4.3e-05,3,0.007644,0.007207,0.000108,3,0.01199,0.011304,sgo_betparx,3,0.0235,2.01,79.09,BUNDESLIGA,Over/Under,,sgo_betmgm:1.6289; sgo_betparx:1.6993; sgo_betrivers:1.6993,SportsGameOdds
1. FC Union Berlin vs 1. FSV Mainz 05,2026-01-10 09:30:00,Over 2.5,2.15,2.1167,4.3e-05,3,0.007644,0.007207,2e-05,3,0.00522,0.004922,sgo_betmgm,3,0.0333,1.1,41.75,BUNDESLIGA,Over/Under,,sgo_betmgm:2.1500; sgo_betparx:2.1000; sgo_betrivers:2.1000,SportsGameOdds
West Ham vs Nottingham Forest,2026-01-06 15:00:00,Under 2.0,2.84,2.724,4.3e-05,5,0.007393,0.007086,9.4e-05,5,0.011019,0.01025,Pinnacle,5,0.116,3.0,83.72,Premier League,Over/Under,,1xBet:2.6400; Betano:2.7000; Marathonbet:2.6400; Pinnacle:2.8400; Unibet:2.8000,API-FOOTBALL
West Ham vs Nottingham Forest,2026-01-06 15:00:00,Over 2.0,1.5,1.456,4.3e-05,5,0.007393,0.007086,9.7e-05,5,0.010807,0.00895,Betano,5,0.044,1.57,243.49,Premier League,Over/Under,,1xBet:1.4400; Betano:1.5000; Marathonbet:1.4400; Pinnacle:1.4600; Unibet:1.4400,API-FOOTBALL
Napoli vs Verona,2026-01-07 12:30:00,Over 1.75,1.44,1.404,4.3e-05,5,0.00726,0.006683,0.000112,5,0.011293,0.010477,Betano,5,0.036,1.59,256.22,Serie A,Over/Under,,1xBet:1.3900; Betano:1.4400; Marathonbet:1.3900; Pinnacle:1.4200; Unibet:1.3800,API-FOOTBALL
Napoli vs Verona,2026-01-07 12:30:00,Under 1.75,3.0,2.888,4.3e-05,5,0.00726,0.006683,0.000103,5,0.011355,0.010465,Unibet,5,0.112,3.28,73.32,Serie A,Over/Under,,1xBet:2.7800; Betano:2.9000; Marathonbet:2.7800; Pinnacle:2.9800; Unibet:3.0000,API-FOOTBALL
Penrhyncoch vs Caersws,2026-01-06 14:45:00,Under 3.5,1.53,1.5217,4.3e-05,6,0.007543,0.004951,1.7e-05,6,0.004647,0.003612,Pinnacle,6,0.0083,0.71,294.32,FAW Championship,Over/Under,,1xBet:1.5200; Betano:1.5300; Betfair:1.5000; Marathonbet:1.5200; Pinnacle:1.5300; Superbet:1.5300,API-FOOTBALL
Penrhyncoch vs Caersws,2026-01-06 14:45:00,Over 3.5,2.4,2.3283,4.3e-05,6,0.007543,0.004951,0.0001,6,0.011698,0.008249,Betfair,6,0.0717,2.72,157.88,FAW Championship,Over/Under,,1xBet:2.3400; Betano:2.2000; Betfair:2.4000; Marathonbet:2.3400; Pinnacle:2.3400; Superbet:2.3500,API-FOOTBALL
The New Saints vs Bala Town,2026-01-06 14:45:00,Under 4.75,1.4,1.3533,4.2e-05,3,0.007204,0.006792,0.00029,3,0.017722,0.016708,Pinnacle,3,0.0467,2.4,121.8,Premier League,Over/Under,,1xBet:1.3300; Marathonbet:1.3300; Pinnacle:1.4000,API-FOOTBALL
The New Saints vs Bala Town,2026-01-06 14:45:00,Over 4.75,2.81,2.7933,4.2e-05,3,0.007204,0.006792,7e-06,3,0.003039,0.002865,Marathonbet,3,0.0167,0.85,7.41,Premier League,Over/Under,,1xBet:2.8100; Marathonbet:2.8100; Pinnacle:2.7600,API-FOOTBALL
Torino vs Udinese,2026-01-07 14:45:00,Over 2.75,2.85,2.742,4.2e-05,5,0.007249,0.006553,6.6e-05,5,0.009191,0.008737,Pinnacle,5,0.108,2.52,82.47,Serie A,Over/Under,,1xBet:2.6800; Betano:2.7000; Marathonbet:2.6800; Pinnacle:2.8500; Unibet:2.8000,API-FOOTBALL
Torino vs Udinese,2026-01-07 14:45:00,Under 2.75,1.5,1.454,4.2e-05,5,0.007249,0.006553,0.000112,5,0.011621,0.009727,Betano,5,0.046,1.69,243.98,Serie A,Over/Under,,1xBet:1.4400; Betano:1.5000; Marathonbet:1.4400; Pinnacle:1.4600; Unibet:1.4300,API-FOOTBALL
Livingston vs ST Mirren,2026-01-06 14:45:00,Under 2.0,2.6,2.472,4.2e-05,5,0.007439,0.005414,0.000181,5,0.01557,0.013392,Pinnacle,5,0.128,3.84,102.56,Premiership,Over/Under,,1xBet:2.4400; Betano:2.5500; Marathonbet:2.4400; Pinnacle:2.6000; Unibet:2.3300,API-FOOTBALL
Livingston vs ST Mirren,2026-01-06 14:45:00,Over 2.0,1.55,1.502,4.2e-05,5,0.007439,0.005414,0.000147,5,0.013474,0.01162,Betano,5,0.048,2.02,233.03,Premiership,Over/Under,,1xBet:1.4700; Betano:1.5500; Marathonbet:1.4700; Pinnacle:1.5200; Unibet:1.5000,API-FOOTBALL
Penrhyncoch vs Caersws,2026-01-06 14:45:00,Over 2.25,1.39,1.35,4.2e-05,3,0.007179,0.006768,0.000217,3,0.0153,0.014425,Pinnacle,3,0.04,2.06,122.32,FAW Championship,Over/Under,,1xBet:1.3300; Marathonbet:1.3300; Pinnacle:1.3900,API-FOOTBALL
Penrhyncoch vs Caersws,2026-01-06 14:45:00,Under 2.25,2.83,2.8067,4.2e-05,3,0.007179,0.006768,1.4e-05,3,0.004225,0.003983,Marathonbet,3,0.0233,1.19,6.9,FAW Championship,Over/Under,,1xBet:2.8300; Marathonbet:2.8300; Pinnacle:2.7600,API-FOOTBALL
Napoli vs Verona,2026-01-07 12:30:00,Over 2.0,1.55,1.5267,4.2e-05,6,0.007403,0.00628,6.2e-05,6,0.008819,0.008583,SBO,6,0.0233,1.35,293.08,Serie A,Over/Under,,1xBet:1.5100; Betano:1.5500; Marathonbet:1.5100; Pinnacle:1.5400; SBO:1.5500; Unibet:1.5000,API-FOOTBALL
Napoli vs Verona,2026-01-07 12:30:00,Under 2.0,2.6,2.5,4.2e-05,6,0.007403,0.00628,9.6e-05,6,0.011271,0.010641,Unibet,6,0.1,2.82,140.19,Serie A,Over/Under,,1xBet:2.4300; Betano:2.5200; Marathonbet:2.4300; Pinnacle:2.5800; SBO:2.4400; Unibet:2.6000,API-FOOTBALL
Maidenhead vs Ebbsfleet United,2026-01-06 14:45:00,Over 3.0,2.4,2.34,4.1e-05,4,0.007346,0.006355,3.2e-05,4,0.006634,0.005394,Pinnacle,4,0.06,1.55,70.98,National League - South,Over/Under,,1xBet:2.3300; Betano:2.3000; Marathonbet:2.3300; Pinnacle:2.4000,API-FOOTBALL
Maidenhead vs Ebbsfleet United,2026-01-06 14:45:00,Under 3.0,1.57,1.515,4.1e-05,4,0.007346,0.006355,0.000213,4,0.016304,0.015203,Betano,4,0.055,2.47,164.19,National League - South,Over/Under,,1xBet:1.4800; Betano:1.5700; Marathonbet:1.4800; Pinnacle:1.5300,API-FOOTBALL
Brentford vs Sunderland,2026-01-07 14:30:00,Over 4.5,7.0,6.7125,4.1e-05,8,0.00521,0.004791,9.2e-05,8,0.008138,0.007129,10Bet,8,0.2875,5.45,19.52,Premier League,Over/Under,,10Bet:7.0000; 1xBet:6.1500; Bet365:7.0000; Betano:6.6000; Betfair:7.0000; Marathonbet:6.1500; Superbet:6.8000; Unibet:7.0000,API-FOOTBALL
Brentford vs Sunderland,2026-01-07 14:30:00,Under 4.5,1.11,1.0888,4.1e-05,8,0.00521,0.004791,0.000674,8,0.016171,0.014105,Betano,8,0.0212,1.76,635.01,Premier League,Over/Under,,10Bet:1.0900; 1xBet:1.0600; Bet365:1.1000; Betano:1.1100; Betfair:1.0800; Marathonbet:1.0600; Superbet:1.1100; Unibet:1.1000,API-FOOTBALL
Sassuolo vs Juventus,2026-01-06 14:45:00,Under 1.5,3.65,3.4489,4.1e-05,9,0.006728,0.005392,7e-05,9,0.008964,0.00742,Unibet,9,0.2011,3.09,161.2,Serie A,Over/Under,,10Bet:3.4000; 1xBet:3.3000; Bet365:3.5000; Betano:3.4000; Betfair:3.5000; Marathonbet:3.3000; Pinnacle:3.5400; Superbet:3.4500; Unibet:3.6500,API-FOOTBALL
Sassuolo vs Juventus,2026-01-06 14:45:00,Over 1.5,1.33,1.2978,4.1e-05,9,0.006728,0.005392,0.000125,9,0.011088,0.009392,Betano,9,0.0322,1.44,593.64,Serie A,Over/Under,,10Bet:1.3000; 1xBet:1.2800; Bet365:1.3000; Betano:1.3300; Betfair:1.2900; Marathonbet:1.2800; Pinnacle:1.3200; Superbet:1.3100; Unibet:1.2700,API-FOOTBALL
The New Saints vs Bala Town,2026-01-06 14:45:00,Under 3.75,1.85,1.826,4e-05,5,0.007433,0.006248,2.5e-05,5,0.005852,0.005734,SBO,5,0.024,1.07,173.85,Premier League,Over/Under,,1xBet:1.8100; Betano:1.8500; Marathonbet:1.8100; Pinnacle:1.8100; SBO:1.8500,API-FOOTBALL
The New Saints vs Bala Town,2026-01-06 14:45:00,Over 3.75,1.96,1.882,4e-05,5,0.007433,0.006248,0.000223,5,0.017544,0.016449,Pinnacle,5,0.078,3.3,165.96,Premier League,Over/Under,,1xBet:1.8100; Betano:1.9000; Marathonbet:1.8100; Pinnacle:1.9600; SBO:1.9300,API-FOOTBALL
Penrhyncoch vs Caersws,2026-01-06 14:45:00,Under 2.5,2.4,2.31,4e-05,7,0.007284,0.006249,8.4e-05,7,0.01069,0.0075,Betfair,7,0.09,2.47,203.21,FAW Championship,Over/Under,,1xBet:2.3000; Bet365:2.3500; Betano:2.2000; Betfair:2.4000; Marathonbet:2.3000; Pinnacle:2.3000; Superbet:2.3200,API-FOOTBALL
Penrhyncoch vs Caersws,2026-01-06 14:45:00,Over 2.5,1.57,1.5243,4e-05,7,0.007284,0.006249,0.000134,7,0.012947,0.011897,Bet365,7,0.0457,1.97,359.41,FAW Championship,Over/Under,,1xBet:1.4900; Bet365:1.5700; Betano:1.5200; Betfair:1.5000; Marathonbet:1.4900; Pinnacle:1.5500; Superbet:1.5500,API-FOOTBALL
Pisa vs Como,2026-01-06 09:00:00,Under 3.25,1.36,1.316,4e-05,5,0.006656,0.00448,0.000264,5,0.016405,0.015564,Betano,5,0.044,2.16,280.12,Serie A,Over/Under,,1xBet:1.2900; Betano:1.3600; Marathonbet:1.2900; Pinnacle:1.3400; Unibet:1.3000,API-FOOTBALL
Pisa vs Como,2026-01-06 09:00:00,Over 3.25,3.5,3.362,4e-05,5,0.006656,0.00448,4.3e-05,5,0.007051,0.006502,Unibet,5,0.138,2.37,48.81,Serie A,Over/Under,,1xBet:3.3000; Betano:3.3000; Marathonbet:3.3000; Pinnacle:3.4100; Unibet:3.5000,API-FOOTBALL
Everton vs Wolverhampton Wanderers,2026-01-07 14:30:00,Under 2.5,1.81,1.7393,4e-05,32,0.007378,0.006314,6.7e-05,32,0.00955,0.00789,toa_onexbet,32,0.0707,1.66,1740.3,Premier League,Over/Under,,10Bet:1.7500; 1xBet:1.8100; Bet365:1.7300; Betano:1.7500; Betfair:1.7500; Marathonbet:1.7600; Pinnacle:1.7700; SBO:1.7600; Superbet:1.7400; Unibet:1.7100; sgo_betparx:1.7092; sgo_betrivers:1.6993; toa_betmgm:1.7400; toa_betrivers:1.7000; toa_betsson:1.7500; toa_betus:1.7400; toa_casumo:1.7100; toa_codere_it:1.7600; toa_coolbet:1.7900; toa_grosvenor:1.7100; toa_gtbets:1.7600; toa_leovegas:1.7200; toa_leovegas_se:1.7200; toa_mybookieag:1.7100; toa_nordicbet:1.7500; toa_onexbet:1.8100; toa_playup:1.7200; toa_tabtouch:1.7100; toa_tipico_de:1.7500; toa_unibet_nl:1.7100; toa_unibet_se:1.7100; toa_williamhill:1.7500,"API-FOOTBALL, SportsGameOdds, THE_ODDS_API"
Everton vs Wolverhampton Wanderers,2026-01-07 14:30:00,Over 2.5,2.15,2.1019,4e-05,32,0.007378,0.006314,8.2e-05,32,0.010669,0.008685,toa_onexbet,32,0.0481,2.24,1423.2,Premier League,Over/Under,,10Bet:2.0500; 1xBet:2.1500; Bet365:2.1000; Betano:2.1200; Betfair:2.0000; Marathonbet:2.0900; Pinnacle:2.1200; SBO:2.1100; Superbet:2.1000; Unibet:2.1400; sgo_betparx:2.1400; sgo_betrivers:2.1200; toa_betmgm:2.0000; toa_betrivers:2.1200; toa_betsson:2.0800; toa_betus:2.1500; toa_casumo:2.1400; toa_codere_it:2.1200; toa_coolbet:2.1000; toa_grosvenor:2.1400; toa_gtbets:2.0400; toa_leovegas:2.1500; toa_leovegas_se:2.1500; toa_mybookieag:2.0500; toa_nordicbet:2.0800; toa_onexbet:2.1500; toa_playup:2.0800; toa_tabtouch:2.1400; toa_tipico_de:2.0500; toa_unibet_nl:2.1400; toa_unibet_se:2.1400; toa_williamhill:2.0000,"API-FOOTBALL, SportsGameOdds, THE_ODDS_API"
SC Freiburg vs Maccabi Tel Aviv,2026-01-22 12:45:00,Under 3.5,1.66,1.586,3.9e-05,5,0.007191,0.006858,0.000198,5,0.016061,0.013784,toa_onexbet,5,0.074,2.55,215.47,Europa League,Over/Under,,toa_betmgm:1.5700; toa_betsson:1.5500; toa_codere_it:1.6000; toa_nordicbet:1.5500; toa_onexbet:1.6600,THE_ODDS_API
SC Freiburg vs Maccabi Tel Aviv,2026-01-22 12:45:00,Over 3.5,2.43,2.35,3.9e-05,5,0.007191,0.006858,9.8e-05,5,0.011535,0.010265,toa_onexbet,5,0.08,2.71,112.92,Europa League,Over/Under,,toa_betmgm:2.2500; toa_betsson:2.3800; toa_codere_it:2.3100; toa_nordicbet:2.3800; toa_onexbet:2.4300,THE_ODDS_API
Torino vs Udinese,2026-01-07 14:45:00,Under 2.25,1.85,1.7938,3.9e-05,13,0.007365,0.005824,5.1e-05,13,0.008384,0.006691,188Bet,13,0.0562,1.5,624.86,Serie A,Over/Under,,188Bet:1.8500; 1xBet:1.7800; Betano:1.8300; Marathonbet:1.7800; Pinnacle:1.8100; SBO:1.8100; Unibet:1.7700; toa_betanysports:1.7800; toa_betonlineag:1.7900; toa_betus:1.7400; toa_bovada:1.7800; toa_lowvig:1.7900; toa_pinnacle:1.8100,"API-FOOTBALL, THE_ODDS_API"
Torino vs Udinese,2026-01-07 14:45:00,Over 2.25,2.15,2.06,3.9e-05,13,0.007365,0.005824,8.4e-05,13,0.0108,0.008386,toa_betus,13,0.09,2.22,531.38,Serie A,Over/Under,,188Bet:2.0500; 1xBet:1.9800; Betano:2.0200; Marathonbet:1.9800; Pinnacle:2.1000; SBO:2.0500; Unibet:2.0500; toa_betanysports:2.0800; toa_betonlineag:2.0700; toa_betus:2.1500; toa_bovada:2.0800; toa_lowvig:2.0700; toa_pinnacle:2.1000,"API-FOOTBALL, THE_ODDS_API"
Bologna vs Atalanta,2026-01-07 12:30:00,Over 3.25,3.19,3.032,3.8e-05,5,0.006691,0.005436,0.000115,5,0.01187,0.01072,Pinnacle,5,0.158,3.59,65.12,Serie A,Over/Under,,1xBet:2.9100; Betano:3.1000; Marathonbet:2.9100; Pinnacle:3.1900; Unibet:3.0500,API-FOOTBALL
Bologna vs Atalanta,2026-01-07 12:30:00,Under 3.25,1.39,1.372,3.8e-05,5,0.006691,0.005436,3.5e-05,5,0.006177,0.005508,Betano,5,0.018,0.85,264.46,Serie A,Over/Under,,1xBet:1.3600; Betano:1.3900; Marathonbet:1.3600; Pinnacle:1.3700; Unibet:1.3800,API-FOOTBALL
Newcastle United vs PSV Eindhoven,2026-01-21 15:00:00,Under 3.5,1.89,1.82,3.8e-05,21,0.007243,0.006169,9.2e-05,21,0.011207,0.008782,toa_onexbet,21,0.07,2.04,1054.32,Champions League,Over/Under,,toa_betmgm:1.7400; toa_betonlineag:1.8500; toa_betrivers:1.8300; toa_betsson:1.7800; toa_bovada:1.8500; toa_casumo:1.8300; toa_codere_it:1.8000; toa_coolbet:1.8200; toa_grosvenor:1.8300; toa_gtbets:1.7700; toa_leovegas:1.8200; toa_leovegas_se:1.8500; toa_lowvig:1.8500; toa_nordicbet:1.7800; toa_onexbet:1.8900; toa_pinnacle:1.8600; toa_playup:1.7500; toa_tabtouch:1.8300; toa_unibet:1.8300; toa_unibet_nl:1.8300; toa_unibet_se:1.8300,THE_ODDS_API
Newcastle United vs PSV Eindhoven,2026-01-21 15:00:00,Over 3.5,2.06,1.9833,3.8e-05,21,0.007243,0.006169,5.7e-05,21,0.008863,0.007135,toa_onexbet,21,0.0767,1.76,959.16,Champions League,Over/Under,,toa_betmgm:1.9500; toa_betonlineag:1.9700; toa_betrivers:1.9500; toa_betsson:2.0500; toa_bovada:1.9800; toa_casumo:1.9600; toa_codere_it:1.9800; toa_coolbet:2.0000; toa_grosvenor:1.9600; toa_gtbets:2.0400; toa_leovegas:1.9400; toa_leovegas_se:1.9700; toa_lowvig:1.9700; toa_nordicbet:2.0500; toa_onexbet:2.0600; toa_pinnacle:1.9800; toa_playup:2.0000; toa_tabtouch:1.9600; toa_unibet:1.9600; toa_unibet_nl:1.9600; toa_unibet_se:1.9600,THE_ODDS_API
Nice vs Go Ahead Eagles,2026-01-22 15:00:00,Over 2.5,1.7,1.6267,3.8e-05,6,0.00714,0.006193,0.000117,6,0.012463,0.008926,toa_onexbet,6,0.0733,2.03,269.01,Europa League,Over/Under,,toa_betmgm:1.6200; toa_betsson:1.6000; toa_codere_it:1.6200; toa_nordicbet:1.6000; toa_onexbet:1.7000; toa_williamhill:1.6200,THE_ODDS_API
Nice vs Go Ahead Eagles,2026-01-22 15:00:00,Under 2.5,2.35,2.2433,3.8e-05,6,0.00714,0.006193,0.000153,6,0.0145,0.012588,toa_onexbet,6,0.1067,3.25,167.74,Europa League,Over/Under,,toa_betmgm:2.1500; toa_betsson:2.2800; toa_codere_it:2.2500; toa_nordicbet:2.2800; toa_onexbet:2.3500; toa_williamhill:2.1500,THE_ODDS_API
Burnley vs Manchester United,2026-01-07 15:15:00,Under 1.5,4.4,4.1738,3.8e-05,8,0.006079,0.005213,7.1e-05,8,0.008474,0.007438,Unibet,8,0.2263,3.53,91.91,Premier League,Over/Under,,10Bet:4.2000; 1xBet:3.9800; Bet365:4.3300; Betano:4.0500; Betfair:4.2000; Marathonbet:3.9800; Superbet:4.2500; Unibet:4.4000,API-FOOTBALL
Burnley vs Manchester United,2026-01-07 15:15:00,Over 1.5,1.24,1.215,3.8e-05,8,0.006079,0.005213,0.000112,8,0.009538,0.008455,Betano,8,0.025,1.16,558.53,Premier League,Over/Under,,10Bet:1.2200; 1xBet:1.2000; Bet365:1.2200; Betano:1.2400; Betfair:1.2000; Marathonbet:1.2000; Superbet:1.2300; Unibet:1.2100,API-FOOTBALL
Everton vs Wolves,2026-01-07 14:30:00,Over 1.5,1.38,1.3433,3.8e-05,9,0.006622,0.005065,0.000178,9,0.013648,0.011553,Betano,9,0.0367,1.83,570.2,Premier League,Over/Under,,10Bet:1.3500; 1xBet:1.3200; Bet365:1.3600; Betano:1.3800; Betfair:1.3000; Marathonbet:1.3200; Pinnacle:1.3700; Superbet:1.3500; Unibet:1.3400,API-FOOTBALL
Everton vs Wolves,2026-01-07 14:30:00,Under 1.5,3.3,3.1656,3.8e-05,9,0.006622,0.005065,6.1e-05,9,0.008578,0.007424,Betfair,9,0.1344,2.71,184.52,Premier League,Over/Under,,10Bet:3.1000; 1xBet:3.0400; Bet365:3.2000; Betano:3.1500; Betfair:3.3000; Marathonbet:3.0400; Pinnacle:3.2100; Superbet:3.2000; Unibet:3.2500,API-FOOTBALL
Lecce vs AS Roma,2026-01-06 12:00:00,Under 2.5,1.67,1.5869,3.8e-05,29,0.007164,0.005984,0.000142,29,0.013561,0.011804,toa_onexbet,29,0.0831,2.15,1728.29,Serie A,Over/Under,,10Bet:1.6000; 1xBet:1.6600; Bet365:1.6200; Betano:1.6200; Betfair:1.5300; Marathonbet:1.5500; Pinnacle:1.6200; SBO:1.6000; Superbet:1.6000; Unibet:1.5600; sgo_betmgm:1.5714; sgo_betrivers:1.5495; toa_betmgm:1.5700; toa_betrivers:1.5500; toa_betsson:1.6200; toa_casumo:1.5600; toa_codere_it:1.6300; toa_grosvenor:1.5600; toa_gtbets:1.5900; toa_leovegas:1.5500; toa_leovegas_se:1.5700; toa_nordicbet:1.6200; toa_onexbet:1.6700; toa_playup:1.6000; toa_tabtouch:1.5600; toa_tipico_de:1.6000; toa_unibet_nl:1.5600; toa_unibet_se:1.5600; toa_williamhill:1.5700,"API-FOOTBALL, SportsGameOdds, THE_ODDS_API"
Lecce vs AS Roma,2026-01-06 12:00:00,Over 2.5,2.45,2.3345,3.8e-05,29,0.007164,0.005984,6.6e-05,29,0.009455,0.007682,Betfair,29,0.1155,2.21,1142.85,Serie A,Over/Under,,10Bet:2.3000; 1xBet:2.4300; Bet365:2.3000; Betano:2.3500; Betfair:2.4500; Marathonbet:2.2700; Pinnacle:2.3800; SBO:2.3500; Superbet:2.3500; Unibet:2.3500; sgo_betmgm:2.2500; sgo_betrivers:2.3500; toa_betmgm:2.2500; toa_betrivers:2.3500; toa_betsson:2.2800; toa_casumo:2.3500; toa_codere_it:2.3400; toa_grosvenor:2.3800; toa_gtbets:2.3200; toa_leovegas:2.3300; toa_leovegas_se:2.4000; toa_nordicbet:2.2800; toa_onexbet:2.4100; toa_playup:2.2800; toa_tabtouch:2.3500; toa_tipico_de:2.3000; toa_unibet_nl:2.3500; toa_unibet_se:2.3500; toa_williamhill:2.2500,"API-FOOTBALL, SportsGameOdds, THE_ODDS_API"
Bayer Leverkusen vs VfB Stuttgart,2026-01-10 12:30:00,Over 3.25,2.06,2.014,3.8e-05,5,0.007216,0.006057,6.2e-05,5,0.009285,0.007772,toa_pinnacle,5,0.046,1.87,148.35,Bundesliga,Over/Under,,toa_betonlineag:2.0300; toa_betus:2.0000; toa_bovada:1.9500; toa_lowvig:2.0300; toa_pinnacle:2.0600,THE_ODDS_API
Bayer Leverkusen vs VfB Stuttgart,2026-01-10 12:30:00,Under 3.25,1.87,1.83,3.8e-05,5,0.007216,0.006057,3e-05,5,0.006473,0.004768,toa_bovada,5,0.04,1.18,173.26,Bundesliga,Over/Under,,toa_betonlineag:1.8100; toa_betus:1.8300; toa_bovada:1.8700; toa_lowvig:1.8100; toa_pinnacle:1.8300,THE_ODDS_API
Crystal Palace vs Aston Villa,2026-01-07 14:30:00,Over 3.5,3.35,3.223,3.7e-05,10,0.006507,0.005631,3.8e-05,10,0.006704,0.00551,Unibet,10,0.127,2.16,210.41,Premier League,Over/Under,,10Bet:3.2000; 1xBet:3.2000; Bet365:3.2000; Betano:3.1500; Betfair:3.3000; Marathonbet:3.2000; Pinnacle:3.2800; Superbet:3.2500; Unibet:3.3500; sgo_betmgm:3.1000,"API-FOOTBALL, SportsGameOdds"
Crystal Palace vs Aston Villa,2026-01-07 14:30:00,Under 3.5,1.36,1.329,3.7e-05,10,0.006507,0.005631,0.00023,10,0.015369,0.013233,Bet365,10,0.031,2.04,652.76,Premier League,Over/Under,,10Bet:1.3300; 1xBet:1.2900; Bet365:1.3600; Betano:1.3600; Betfair:1.3000; Marathonbet:1.2900; Pinnacle:1.3600; Superbet:1.3500; Unibet:1.3200; sgo_betmgm:1.3300,"API-FOOTBALL, SportsGameOdds"
Lecce vs AS Roma,2026-01-06 12:00:00,Over 3.5,4.6,4.3825,3.7e-05,8,0.005906,0.004841,3.5e-05,8,0.005787,0.005164,Unibet,8,0.2175,2.53,82.66,Serie A,Over/Under,,10Bet:4.3300; 1xBet:4.3000; Bet365:4.3300; Betano:4.2500; Betfair:4.5000; Marathonbet:4.3000; Superbet:4.4500; Unibet:4.6000,API-FOOTBALL
Lecce vs AS Roma,2026-01-06 12:00:00,Under 3.5,1.23,1.1925,3.7e-05,8,0.005906,0.004841,0.000553,8,0.020034,0.017361,Betano,8,0.0375,2.39,571.24,Serie A,Over/Under,,10Bet:1.2000; 1xBet:1.1500; Bet365:1.2200; Betano:1.2300; Betfair:1.2000; Marathonbet:1.1500; Superbet:1.2100; Unibet:1.1800,API-FOOTBALL
Napoli vs Verona,2026-01-07 12:30:00,Over 1.5,1.36,1.3244,3.7e-05,9,0.006488,0.005501,0.000151,9,0.012393,0.010655,Betano,9,0.0356,1.64,579.71,Serie A,Over/Under,,10Bet:1.3300; 1xBet:1.3000; Bet365:1.3300; Betano:1.3600; Betfair:1.3300; Marathonbet:1.3000; Pinnacle:1.3400; Superbet:1.3400; Unibet:1.2900,API-FOOTBALL
Napoli vs Verona,2026-01-07 12:30:00,Under 1.5,3.45,3.29,3.7e-05,9,0.006488,0.005501,6.9e-05,9,0.00901,0.007753,Unibet,9,0.16,2.96,173.8,Serie A,Over/Under,,10Bet:3.2500; 1xBet:3.1600; Bet365:3.4000; Betano:3.3000; Betfair:3.2500; Marathonbet:3.1600; Pinnacle:3.3900; Superbet:3.2500; Unibet:3.4500,API-FOOTBALL
Lazio vs Fiorentina,2026-01-07 14:45:00,Under 2.5,1.71,1.6496,3.7e-05,31,0.007113,0.006229,6.4e-05,31,0.009245,0.007447,toa_onexbet,31,0.0604,1.52,1779.66,Serie A,Over/Under,,10Bet:1.6200; 1xBet:1.7100; Bet365:1.6200; Betano:1.6500; Betfair:1.6500; Marathonbet:1.6600; Pinnacle:1.6400; SBO:1.6700; Superbet:1.6300; Unibet:1.6300; sgo_betmgm:1.6211; sgo_betparx:1.6579; sgo_betrivers:1.6494; toa_betmgm:1.6200; toa_betrivers:1.6500; toa_betsson:1.6200; toa_casumo:1.6600; toa_codere_it:1.6700; toa_grosvenor:1.6700; toa_gtbets:1.6200; toa_leovegas:1.6400; toa_leovegas_se:1.6800; toa_matchbook:1.6900; toa_nordicbet:1.6200; toa_onexbet:1.7100; toa_playup:1.6300; toa_tabtouch:1.6600; toa_tipico_de:1.6200; toa_unibet_nl:1.6600; toa_unibet_se:1.6600; toa_williamhill:1.6500,"API-FOOTBALL, SportsGameOdds, THE_ODDS_API"
Lazio vs Fiorentina,2026-01-07 14:45:00,Over 2.5,2.38,2.2258,3.7e-05,31,0.007113,0.006229,0.000125,31,0.013086,0.011252,toa_matchbook,31,0.1542,2.91,1293.96,Serie A,Over/Under,,10Bet:2.2500; 1xBet:2.3300; Bet365:2.3000; Betano:2.3000; Betfair:2.2000; Marathonbet:2.2600; Pinnacle:2.3500; SBO:2.2300; Superbet:2.3000; Unibet:2.2000; sgo_betmgm:2.1500; sgo_betparx:2.1700; sgo_betrivers:2.1600; toa_betmgm:2.1500; toa_betrivers:2.1600; toa_betsson:2.2200; toa_casumo:2.1700; toa_codere_it:2.2700; toa_grosvenor:2.1800; toa_gtbets:2.2600; toa_leovegas:2.1500; toa_leovegas_se:2.2000; toa_matchbook:2.3800; toa_nordicbet:2.2200; toa_onexbet:2.3300; toa_playup:2.2000; toa_tabtouch:2.1700; toa_tipico_de:2.2500; toa_unibet_nl:2.1700; toa_unibet_se:2.1700; toa_williamhill:2.1500,"API-FOOTBALL, SportsGameOdds, THE_ODDS_API"
Sassuolo vs Juventus,2026-01-06 14:45:00,Over 3.5,3.47,3.3378,3.7e-05,9,0.006472,0.005799,9e-05,9,0.01027,0.00906,Pinnacle,9,0.1322,3.42,169.95,Serie A,Over/Under,,10Bet:3.4000; 1xBet:3.1600; Bet365:3.4000; Betano:3.3500; Betfair:3.2500; Marathonbet:3.1600; Pinnacle:3.4700; Superbet:3.4000; Unibet:3.4500,API-FOOTBALL
Sassuolo vs Juventus,2026-01-06 14:45:00,Under 3.5,1.33,1.3156,3.7e-05,9,0.006472,0.005799,6.7e-05,9,0.008233,0.008006,Bet365,9,0.0144,1.08,584.2,Serie A,Over/Under,,10Bet:1.3000; 1xBet:1.3000; Bet365:1.3300; Betano:1.3300; Betfair:1.3300; Marathonbet:1.3000; Pinnacle:1.3300; Superbet:1.3200; Unibet:1.3000,API-FOOTBALL
Strasbourg vs Metz,2026-01-18 09:00:00,Under 3.0,1.91,1.8533,3.7e-05,3,0.007136,0.006191,0.000124,3,0.01307,0.010883,toa_pinnacle,3,0.0567,2.42,61.97,Ligue 1,Over/Under,,toa_bovada:1.8500; toa_coolbet:1.8000; toa_pinnacle:1.9100,THE_ODDS_API
Strasbourg vs Metz,2026-01-18 09:00:00,Over 3.0,1.98,1.9733,3.7e-05,3,0.007136,0.006191,4e-06,3,0.002429,0.00229,toa_coolbet,3,0.0067,0.48,52.03,Ligue 1,Over/Under,,toa_bovada:1.9800; toa_coolbet:1.9800; toa_pinnacle:1.9600,THE_ODDS_API
Borussia Monchengladbach vs Augsburg,2026-01-11 09:30:00,Over 2.5,1.86,1.787,3.7e-05,23,0.007199,0.006197,0.000119,23,0.012784,0.011795,toa_onexbet,23,0.073,2.28,1187.78,Bundesliga,Over/Under,,toa_betmgm:1.7400; toa_betonlineag:1.8300; toa_betrivers:1.7500; toa_betsson:1.8200; toa_betus:1.8300; toa_casumo:1.7600; toa_codere_it:1.7700; toa_coolbet:1.7600; toa_grosvenor:1.7600; toa_gtbets:1.7500; toa_leovegas:1.7400; toa_leovegas_se:1.7700; toa_lowvig:1.8300; toa_matchbook:1.8600; toa_nordicbet:1.8200; toa_onexbet:1.8600; toa_pinnacle:1.8500; toa_playup:1.8200; toa_tabtouch:1.7600; toa_tipico_de:1.7700; toa_unibet_nl:1.7600; toa_unibet_se:1.7600; toa_williamhill:1.7300,THE_ODDS_API
Borussia Monchengladbach vs Augsburg,2026-01-11 09:30:00,Under 2.5,2.1,2.013,3.7e-05,23,0.007199,0.006197,6.4e-05,23,0.009411,0.006761,toa_onexbet,23,0.087,1.89,1042.95,Bundesliga,Over/Under,,toa_betmgm:1.9800; toa_betonlineag:2.0100; toa_betrivers:2.0200; toa_betsson:1.9500; toa_betus:2.0000; toa_casumo:2.0200; toa_codere_it:2.0100; toa_coolbet:2.0300; toa_grosvenor:2.0400; toa_gtbets:2.0500; toa_leovegas:2.0000; toa_leovegas_se:2.0500; toa_lowvig:2.0100; toa_matchbook:2.0600; toa_nordicbet:1.9500; toa_onexbet:2.1000; toa_pinnacle:2.0400; toa_playup:1.9200; toa_tabtouch:2.0200; toa_tipico_de:2.0000; toa_unibet_nl:2.0200; toa_unibet_se:2.0200; toa_williamhill:2.0000,THE_ODDS_API
Pisa vs Como,2026-01-06 09:00:00,Over 1.5,1.38,1.3533,3.7e-05,9,0.006621,0.005732,9.9e-05,9,0.010298,0.00892,10Bet,9,0.0267,1.39,565.15,Serie A,Over/Under,,10Bet:1.3800; 1xBet:1.3300; Bet365:1.3600; Betano:1.3800; Betfair:1.3600; Marathonbet:1.3300; Pinnacle:1.3600; Superbet:1.3500; Unibet:1.3300,API-FOOTBALL
Pisa vs Como,2026-01-06 09:00:00,Under 1.5,3.25,3.1278,3.7e-05,9,0.006621,0.005732,8.4e-05,9,0.010091,0.009435,Pinnacle,9,0.1222,3.15,188.03,Serie A,Over/Under,,10Bet:3.0000; 1xBet:3.0000; Bet365:3.2000; Betano:3.2000; Betfair:3.1000; Marathonbet:3.0000; Pinnacle:3.2500; Superbet:3.2000; Unibet:3.2000,API-FOOTBALL
Bologna vs Atalanta BC,2026-01-07 12:30:00,Over 2.5,2.06,1.9509,3.7e-05,40,0.007198,0.006571,0.000151,40,0.014458,0.012776,toa_matchbook,40,0.1091,2.82,1951.93,Serie A,Over/Under,,10Bet:1.9300; 188Bet:2.0000; 1xBet:2.0100; Bet365:1.9100; Betano:2.0000; Betfair:1.9000; Marathonbet:1.9500; Pinnacle:2.0300; SBO:1.9600; Superbet:2.0200; Unibet:1.9300; sgo_betmgm:1.8772; sgo_betparx:1.9091; sgo_betrivers:1.9009; sgo_bovada:2.0000; toa_betanysports:2.0000; toa_betmgm:1.8700; toa_betonlineag:1.9900; toa_betrivers:1.8900; toa_betsson:1.9800; toa_betus:2.0000; toa_bovada:2.0000; toa_casumo:1.9100; toa_codere_it:1.8600; toa_coolbet:2.0300; toa_grosvenor:1.9200; toa_gtbets:1.9500; toa_leovegas:1.8800; toa_leovegas_se:1.9300; toa_lowvig:1.9900; toa_matchbook:2.0600; toa_nordicbet:1.9800; toa_onexbet:2.0100; toa_pinnacle:2.0300; toa_playup:1.9500; toa_tabtouch:1.9100; toa_tipico_de:1.9000; toa_unibet_nl:1.9100; toa_unibet_se:1.9100; toa_williamhill:1.8500,"API-FOOTBALL, SportsGameOdds, THE_ODDS_API"
Bologna vs Atalanta BC,2026-01-07 12:30:00,Under 2.5,1.94,1.8528,3.7e-05,40,0.007198,0.006571,6.6e-05,40,0.009546,0.007236,toa_onexbet,40,0.0872,1.77,2059.62,Serie A,Over/Under,,10Bet:1.8500; 188Bet:1.9000; 1xBet:1.9400; Bet365:1.9100; Betano:1.8500; Betfair:1.8700; Marathonbet:1.8800; Pinnacle:1.8700; SBO:1.9000; Superbet:1.8000; Unibet:1.8700; sgo_betmgm:1.8197; sgo_betparx:1.8475; sgo_betrivers:1.8403; sgo_bovada:1.8333; toa_betanysports:1.8300; toa_betmgm:1.8300; toa_betonlineag:1.8400; toa_betrivers:1.8300; toa_betsson:1.8200; toa_betus:1.8300; toa_bovada:1.8300; toa_casumo:1.8500; toa_codere_it:1.8100; toa_coolbet:1.8600; toa_grosvenor:1.8500; toa_gtbets:1.8200; toa_leovegas:1.8300; toa_leovegas_se:1.8700; toa_lowvig:1.8400; toa_matchbook:1.9100; toa_nordicbet:1.8200; toa_onexbet:1.9400; toa_pinnacle:1.8700; toa_playup:1.8000; toa_tabtouch:1.8500; toa_tipico_de:1.8500; toa_unibet_nl:1.8500; toa_unibet_se:1.8500; toa_williamhill:1.8500,"API-FOOTBALL, SportsGameOdds, THE_ODDS_API"
Nice vs Go Ahead Eagles,2026-01-22 15:00:00,Over 3.0,2.03,1.986,3.7e-05,5,0.007118,0.005625,3e-05,5,0.006499,0.004838,toa_coolbet,5,0.044,1.29,151.8,Europa League,Over/Under,,toa_betonlineag:1.9800; toa_bovada:1.9500; toa_coolbet:2.0300; toa_lowvig:1.9800; toa_pinnacle:1.9900,THE_ODDS_API
Nice vs Go Ahead Eagles,2026-01-22 15:00:00,Under 3.0,1.85,1.822,3.7e-05,5,0.007118,0.005625,9.1e-05,5,0.011186,0.010238,toa_lowvig,5,0.028,2.04,174.54,Europa League,Over/Under,,toa_betonlineag:1.8500; toa_bovada:1.8000; toa_coolbet:1.7600; toa_lowvig:1.8500; toa_pinnacle:1.8500,THE_ODDS_API
Bologna vs Atalanta,2026-01-07 12:30:00,Under 3.0,1.47,1.46,3.6e-05,5,0.006737,0.005993,1.5e-05,5,0.004196,0.003758,Unibet,5,0.01,0.61,242.48,Serie A,Over/Under,,1xBet:1.4500; Betano:1.4700; Marathonbet:1.4500; Pinnacle:1.4600; Unibet:1.4700,API-FOOTBALL
Bologna vs Atalanta,2026-01-07 12:30:00,Over 3.0,2.84,2.706,3.6e-05,5,0.006737,0.005993,0.000116,5,0.012217,0.010715,Pinnacle,5,0.134,3.3,84.98,Serie A,Over/Under,,1xBet:2.6100; Betano:2.7700; Marathonbet:2.6100; Pinnacle:2.8400; Unibet:2.7000,API-FOOTBALL
Everton vs Wolves,2026-01-07 14:30:00,Over 3.25,3.55,3.3775,3.6e-05,4,0.006321,0.005217,0.0001,4,0.010759,0.010277,Unibet,4,0.1725,3.63,18.59,Premier League,Over/Under,,1xBet:3.2600; Marathonbet:3.2600; Pinnacle:3.4400; Unibet:3.5500,API-FOOTBALL
Everton vs Wolves,2026-01-07 14:30:00,Under 3.25,1.33,1.3025,3.6e-05,4,0.006321,0.005217,9.1e-05,4,0.00955,0.007997,Pinnacle,4,0.0275,1.24,207.15,Premier League,Over/Under,,1xBet:1.2900; Marathonbet:1.2900; Pinnacle:1.3300; Unibet:1.3000,API-FOOTBALL
West Ham vs Nottingham Forest,2026-01-06 15:00:00,Under 3.5,1.36,1.3256,3.6e-05,9,0.006399,0.004761,0.000171,9,0.013217,0.011712,Bet365,9,0.0344,1.75,579.17,Premier League,Over/Under,,10Bet:1.3300; 1xBet:1.3000; Bet365:1.3600; Betano:1.3400; Betfair:1.2900; Marathonbet:1.3000; Pinnacle:1.3500; Superbet:1.3400; Unibet:1.3200,API-FOOTBALL
West Ham vs Nottingham Forest,2026-01-06 15:00:00,Over 3.5,3.4,3.2533,3.6e-05,9,0.006399,0.004761,4.7e-05,9,0.007449,0.006209,Betfair,9,0.1467,2.42,176.8,Premier League,Over/Under,,10Bet:3.2000; 1xBet:3.1600; Bet365:3.2000; Betano:3.2500; Betfair:3.4000; Marathonbet:3.1600; Pinnacle:3.3100; Superbet:3.2500; Unibet:3.3500,API-FOOTBALL
Crystal Palace vs Aston Villa,2026-01-07 14:30:00,Under 1.75,3.33,3.1525,3.6e-05,4,0.006493,0.005387,0.000122,4,0.012071,0.011274,Pinnacle,4,0.1775,3.8,27.07,Premier League,Over/Under,,1xBet:3.0400; Betano:3.2000; Marathonbet:3.0400; Pinnacle:3.3300,API-FOOTBALL
Crystal Palace vs Aston Villa,2026-01-07 14:30:00,Over 1.75,1.37,1.345,3.6e-05,4,0.006493,0.005387,7.8e-05,4,0.009114,0.008273,Betano,4,0.025,1.23,197.44,Premier League,Over/Under,,1xBet:1.3300; Betano:1.3700; Marathonbet:1.3300; Pinnacle:1.3500,API-FOOTBALL
Lazio vs Fiorentina,2026-01-07 14:45:00,Under 3.5,1.25,1.225,3.5e-05,8,0.005874,0.00557,0.00013,8,0.01045,0.009094,Bet365,8,0.025,1.28,553.17,Serie A,Over/Under,,10Bet:1.2200; 1xBet:1.2100; Bet365:1.2500; Betano:1.2500; Betfair:1.2200; Marathonbet:1.2100; Superbet:1.2300; Unibet:1.2100,API-FOOTBALL
Lazio vs Fiorentina,2026-01-07 14:45:00,Over 3.5,4.2,4.0525,3.5e-05,8,0.005874,0.00557,6.1e-05,8,0.007944,0.006774,10Bet,8,0.1475,3.22,97.61,Serie A,Over/Under,,10Bet:4.2000; 1xBet:3.8600; Bet365:4.0000; Betano:4.0500; Betfair:4.1000; Marathonbet:3.8600; Superbet:4.1500; Unibet:4.2000,API-FOOTBALL
AS Monaco vs Lorient,2026-01-16 13:00:00,Over 2.5,1.64,1.5511,3.5e-05,20,0.006867,0.005479,7.1e-05,20,0.009581,0.005944,toa_onexbet,20,0.0889,1.49,1189.73,Ligue 1,Over/Under,,sgo_betmgm:1.5714; sgo_betparx:1.5405; sgo_betrivers:1.5495; toa_betmgm:1.5700; toa_betrivers:1.5500; toa_betsson:1.5500; toa_casumo:1.5400; toa_codere_it:1.5300; toa_grosvenor:1.5500; toa_leovegas:1.5400; toa_leovegas_se:1.5400; toa_nordicbet:1.5500; toa_onexbet:1.6400; toa_playup:1.5200; toa_tabtouch:1.5400; toa_tipico_de:1.5500; toa_unibet:1.5400; toa_unibet_nl:1.5400; toa_unibet_se:1.5400; toa_williamhill:1.5700,"SportsGameOdds, THE_ODDS_API"
AS Monaco vs Lorient,2026-01-16 13:00:00,Under 2.5,2.46,2.377,3.5e-05,20,0.006867,0.005479,8.4e-05,20,0.010652,0.0083,toa_onexbet,20,0.083,2.53,741.92,Ligue 1,Over/Under,,sgo_betmgm:2.2500; sgo_betparx:2.4000; sgo_betrivers:2.4300; toa_betmgm:2.2500; toa_betrivers:2.4300; toa_betsson:2.3800; toa_casumo:2.4000; toa_codere_it:2.2800; toa_grosvenor:2.4300; toa_leovegas:2.4000; toa_leovegas_se:2.4000; toa_nordicbet:2.3800; toa_onexbet:2.4600; toa_playup:2.3500; toa_tabtouch:2.4000; toa_tipico_de:2.4000; toa_unibet:2.4000; toa_unibet_nl:2.4000; toa_unibet_se:2.4000; toa_williamhill:2.3000,"SportsGameOdds, THE_ODDS_API"
Torino vs Udinese,2026-01-07 14:45:00,Over 1.5,1.45,1.4133,3.5e-05,9,0.006572,0.004986,0.000127,9,0.012043,0.010735,Betano,9,0.0367,1.7,536.98,Serie A,Over/Under,,10Bet:1.4400; 1xBet:1.3800; Bet365:1.4000; Betano:1.4500; Betfair:1.4000; Marathonbet:1.3800; Pinnacle:1.4300; Superbet:1.4300; Unibet:1.4100,API-FOOTBALL
Torino vs Udinese,2026-01-07 14:45:00,Under 1.5,3.0,2.8589,3.5e-05,9,0.006572,0.004986,7.1e-05,9,0.009442,0.007897,Bet365,9,0.1411,2.7,215.04,Serie A,Over/Under,,10Bet:2.7500; 1xBet:2.7700; Bet365:3.0000; Betano:2.8700; Betfair:2.8800; Marathonbet:2.7700; Pinnacle:2.9200; Superbet:2.8700; Unibet:2.9000,API-FOOTBALL
Brentford vs Sunderland,2026-01-07 14:30:00,Over 3.25,3.25,3.11,3.5e-05,5,0.00646,0.004999,9.3e-05,5,0.010588,0.010216,Betano,5,0.14,3.29,60.95,Premier League,Over/Under,,1xBet:3.0400; Betano:3.2500; Marathonbet:3.0400; Pinnacle:3.2200; Unibet:3.0000,API-FOOTBALL
Brentford vs Sunderland,2026-01-07 14:30:00,Under 3.25,1.38,1.356,3.5e-05,5,0.00646,0.004999,0.00013,5,0.011778,0.011384,Unibet,5,0.024,1.6,268.83,Premier League,Over/Under,,1xBet:1.3300; Betano:1.3700; Marathonbet:1.3300; Pinnacle:1.3700; Unibet:1.3800,API-FOOTBALL
Torino vs Udinese,2026-01-07 14:45:00,Over 2.5,2.44,2.3313,3.5e-05,31,0.006884,0.005941,7.2e-05,31,0.009911,0.007276,toa_matchbook,31,0.1087,2.31,1230.44,Serie A,Over/Under,,10Bet:2.3000; 1xBet:2.3900; Bet365:2.3000; Betano:2.3200; Betfair:2.3000; Marathonbet:2.3200; Pinnacle:2.4200; SBO:2.3100; Superbet:2.3500; Unibet:2.3800; sgo_betmgm:2.2000; sgo_betparx:2.3500; sgo_betrivers:2.3300; toa_betmgm:2.2000; toa_betrivers:2.3300; toa_betsson:2.3200; toa_casumo:2.3500; toa_codere_it:2.3500; toa_grosvenor:2.3800; toa_gtbets:2.2900; toa_leovegas:2.3300; toa_leovegas_se:2.3800; toa_matchbook:2.4400; toa_nordicbet:2.3200; toa_onexbet:2.4100; toa_playup:2.3000; toa_tabtouch:2.3500; toa_tipico_de:2.3000; toa_unibet_nl:2.3500; toa_unibet_se:2.3500; toa_williamhill:2.2500,"API-FOOTBALL, SportsGameOdds, THE_ODDS_API"
Torino vs Udinese,2026-01-07 14:45:00,Under 2.5,1.68,1.5971,3.5e-05,31,0.006884,0.005941,0.000142,31,0.013623,0.011221,1xBet,31,0.0829,2.17,1842.0,Serie A,Over/Under,,10Bet:1.6000; 1xBet:1.6800; Bet365:1.6200; Betano:1.6500; Betfair:1.6000; Marathonbet:1.6300; Pinnacle:1.6100; SBO:1.6200; Superbet:1.6000; Unibet:1.5800; sgo_betmgm:1.5988; sgo_betparx:1.5714; sgo_betrivers:1.5587; toa_betmgm:1.6100; toa_betrivers:1.5600; toa_betsson:1.5800; toa_casumo:1.5600; toa_codere_it:1.6300; toa_grosvenor:1.5700; toa_gtbets:1.6100; toa_leovegas:1.5500; toa_leovegas_se:1.5700; toa_matchbook:1.6700; toa_nordicbet:1.5800; toa_onexbet:1.6700; toa_playup:1.5800; toa_tabtouch:1.5600; toa_tipico_de:1.6000; toa_unibet_nl:1.5600; toa_unibet_se:1.5600; toa_williamhill:1.5700,"API-FOOTBALL, SportsGameOdds, THE_ODDS_API"
Paris Saint Germain vs Lille,2026-01-16 15:00:00,Under 3.5,1.65,1.5706,3.5e-05,18,0.00682,0.005291,8.3e-05,18,0.010347,0.007874,toa_onexbet,18,0.0794,1.62,1046.36,Ligue 1,Over/Under,,sgo_betmgm:1.5495; sgo_betrivers:1.5714; toa_betmgm:1.5400; toa_betrivers:1.5600; toa_betsson:1.6000; toa_casumo:1.5600; toa_codere_it:1.5400; toa_grosvenor:1.5600; toa_leovegas:1.5600; toa_leovegas_se:1.5600; toa_nordicbet:1.6000; toa_onexbet:1.6500; toa_playup:1.5800; toa_tabtouch:1.5600; toa_tipico_de:1.6000; toa_unibet:1.5600; toa_unibet_nl:1.5600; toa_unibet_se:1.5600,"SportsGameOdds, THE_ODDS_API"
Paris Saint Germain vs Lille,2026-01-16 15:00:00,Over 3.5,2.45,2.3294,3.5e-05,18,0.00682,0.005291,8.1e-05,18,0.010492,0.008618,toa_onexbet,18,0.1206,2.44,673.17,Ligue 1,Over/Under,,sgo_betmgm:2.3000; sgo_betrivers:2.3800; toa_betmgm:2.3000; toa_betrivers:2.3800; toa_betsson:2.2800; toa_casumo:2.3500; toa_codere_it:2.2800; toa_grosvenor:2.3800; toa_leovegas:2.3500; toa_leovegas_se:2.3500; toa_nordicbet:2.2800; toa_onexbet:2.4500; toa_playup:2.2500; toa_tabtouch:2.3500; toa_tipico_de:2.2000; toa_unibet:2.3500; toa_unibet_nl:2.3500; toa_unibet_se:2.3500,"SportsGameOdds, THE_ODDS_API"
Bologna vs Atalanta,2026-01-07 12:30:00,Under 4.5,1.12,1.0925,3.5e-05,8,0.004856,0.003849,0.000765,8,0.017353,0.014313,Betano,8,0.0275,1.9,632.53,Serie A,Over/Under,,10Bet:1.1000; 1xBet:1.0600; Bet365:1.1100; Betano:1.1200; Betfair:1.1000; Marathonbet:1.0600; Superbet:1.1000; Unibet:1.0900,API-FOOTBALL
Bologna vs Atalanta,2026-01-07 12:30:00,Over 4.5,7.0,6.5125,3.5e-05,8,0.004856,0.003849,5.9e-05,8,0.006471,0.004968,Unibet,8,0.4875,4.21,23.06,Serie A,Over/Under,,10Bet:6.5000; 1xBet:6.2000; Bet365:6.5000; Betano:6.3000; Betfair:6.5000; Marathonbet:6.2000; Superbet:6.9000; Unibet:7.0000,API-FOOTBALL
1. FC Heidenheim vs 1. FC Köln,2026-01-10 09:30:00,Under 2.75,1.93,1.884,3.5e-05,5,0.006986,0.005533,4.2e-05,5,0.00761,0.006936,toa_bovada,5,0.046,1.43,165.45,Bundesliga,Over/Under,,toa_betonlineag:1.8600; toa_betus:1.8700; toa_bovada:1.9300; toa_lowvig:1.8600; toa_pinnacle:1.9000,THE_ODDS_API
1. FC Heidenheim vs 1. FC Köln,2026-01-10 09:30:00,Over 2.75,1.99,1.95,3.5e-05,5,0.006986,0.005533,5.6e-05,5,0.008774,0.006453,toa_pinnacle,5,0.04,1.71,156.48,Bundesliga,Over/Under,,toa_betonlineag:1.9600; toa_betus:1.9500; toa_bovada:1.8900; toa_lowvig:1.9600; toa_pinnacle:1.9900,THE_ODDS_API
Livingston vs ST Mirren,2026-01-06 14:45:00,Under 2.75,1.62,1.58,3.4e-05,5,0.006714,0.005059,0.000178,5,0.015129,0.012789,Pinnacle,5,0.04,2.39,216.63,Premiership,Over/Under,,1xBet:1.5700; Betano:1.6200; Marathonbet:1.5700; Pinnacle:1.6200; Unibet:1.5200,API-FOOTBALL
Livingston vs ST Mirren,2026-01-06 14:45:00,Over 2.75,2.36,2.3,3.4e-05,5,0.006714,0.005059,9e-05,5,0.011057,0.010695,Pinnacle,5,0.06,2.54,117.53,Premiership,Over/Under,,1xBet:2.2300; Betano:2.3500; Marathonbet:2.2300; Pinnacle:2.3600; Unibet:2.3300,API-FOOTBALL
Bologna vs Atalanta,2026-01-07 12:30:00,Over 2.25,1.77,1.71,3.4e-05,6,0.006811,0.006055,0.000112,6,0.012317,0.011239,Pinnacle,6,0.06,2.11,251.03,Serie A,Over/Under,,1xBet:1.6800; Betano:1.7500; Marathonbet:1.6800; Pinnacle:1.7700; SBO:1.7000; Unibet:1.6800,API-FOOTBALL
Bologna vs Atalanta,2026-01-07 12:30:00,Under 2.25,2.19,2.1417,3.4e-05,6,0.006811,0.006055,2.6e-05,6,0.00603,0.00552,SBO,6,0.0483,1.29,180.2,Serie A,Over/Under,,1xBet:2.1200; Betano:2.1200; Marathonbet:2.1200; Pinnacle:2.1300; SBO:2.1900; Unibet:2.1700,API-FOOTBALL
Napoli vs Verona,2026-01-07 12:30:00,Over 3.5,3.8,3.6356,3.3e-05,9,0.005943,0.005058,3.4e-05,9,0.006111,0.005177,Betfair,9,0.1644,2.22,147.68,Serie A,Over/Under,,10Bet:3.5500; 1xBet:3.6000; Bet365:3.7500; Betano:3.5500; Betfair:3.8000; Marathonbet:3.6000; Pinnacle:3.6700; Superbet:3.6000; Unibet:3.6000,API-FOOTBALL
Napoli vs Verona,2026-01-07 12:30:00,Under 3.5,1.3,1.2722,3.3e-05,9,0.005943,0.005058,0.000212,9,0.013977,0.012269,Pinnacle,9,0.0278,1.78,607.65,Serie A,Over/Under,,10Bet:1.2800; 1xBet:1.2400; Bet365:1.2800; Betano:1.3000; Betfair:1.2500; Marathonbet:1.2400; Pinnacle:1.3000; Superbet:1.2900; Unibet:1.2700,API-FOOTBALL
Torino vs Udinese,2026-01-07 14:45:00,Over 6.5,50.0,44.0,3.3e-05,3,0.001981,0.001867,3.6e-05,3,0.00207,0.001951,Superbet,3,6.0,9.03,-93.12,Serie A,Over/Under,,1xBet:41.0000; Bet365:41.0000; Superbet:50.0000,API-FOOTBALL
Torino vs Udinese,2026-01-07 14:45:00,Under 6.5,1.0,1.0,3.3e-05,3,0.001981,0.001867,,3,,,Bet365,3,0.0,0.0,200.0,Serie A,Over/Under,,1xBet:1.0000; Bet365:1.0000; Superbet:1.0000,API-FOOTBALL
Lazio vs Fiorentina,2026-01-07 14:45:00,Over 6.5,50.0,44.0,3.3e-05,3,0.001981,0.001867,3.6e-05,3,0.00207,0.001951,Superbet,3,6.0,9.03,-93.12,Serie A,Over/Under,,1xBet:41.0000; Bet365:41.0000; Superbet:50.0000,API-FOOTBALL
Lazio vs Fiorentina,2026-01-07 14:45:00,Under 6.5,1.0,1.0,3.3e-05,3,0.001981,0.001867,,3,,,Bet365,3,0.0,0.0,200.0,Serie A,Over/Under,,1xBet:1.0000; Bet365:1.0000; Superbet:1.0000,API-FOOTBALL
Livingston vs ST Mirren,2026-01-06 14:45:00,Over 2.25,1.8,1.7617,3.3e-05,6,0.006759,0.004949,7.6e-05,6,0.010158,0.009047,Betano,6,0.0383,1.79,240.69,Premiership,Over/Under,,1xBet:1.7200; Betano:1.8000; Marathonbet:1.7200; Pinnacle:1.7900; SBO:1.7700; Unibet:1.7700,API-FOOTBALL
Livingston vs ST Mirren,2026-01-06 14:45:00,Under 2.25,2.08,2.0183,3.3e-05,6,0.006759,0.004949,0.00017,6,0.015327,0.013605,Pinnacle,6,0.0617,3.09,197.55,Premiership,Over/Under,,1xBet:1.9900; Betano:2.0700; Marathonbet:1.9900; Pinnacle:2.0800; SBO:2.0700; Unibet:1.9100,API-FOOTBALL
Getafe vs Real Sociedad,2026-01-09 15:00:00,Under 1.75,1.9,1.87,3.3e-05,5,0.0068,0.005314,4.4e-05,5,0.007788,0.005832,toa_pinnacle,5,0.03,1.46,167.44,La Liga,Over/Under,,toa_betonlineag:1.8800; toa_betus:1.8700; toa_bovada:1.8200; toa_lowvig:1.8800; toa_pinnacle:1.9000,THE_ODDS_API
Getafe vs Real Sociedad,2026-01-09 15:00:00,Over 1.75,2.02,1.968,3.3e-05,5,0.0068,0.005314,4.8e-05,5,0.00815,0.007585,toa_bovada,5,0.052,1.6,154.13,La Liga,Over/Under,,toa_betonlineag:1.9400; toa_betus:1.9500; toa_bovada:2.0200; toa_lowvig:1.9400; toa_pinnacle:1.9900,THE_ODDS_API
Lecce vs AS Roma,2026-01-06 12:00:00,Over 6.5,50.0,44.0,3.3e-05,3,0.001981,0.001867,3.6e-05,3,0.00207,0.001951,Superbet,3,6.0,9.03,-93.12,Serie A,Over/Under,,1xBet:41.0000; Bet365:41.0000; Superbet:50.0000,API-FOOTBALL
Lecce vs AS Roma,2026-01-06 12:00:00,Under 6.5,1.0,1.0,3.3e-05,3,0.001981,0.001867,,3,,,Bet365,3,0.0,0.0,200.0,Serie A,Over/Under,,1xBet:1.0000; Bet365:1.0000; Superbet:1.0000,API-FOOTBALL
Getafe vs Valencia,2026-01-18 08:00:00,Under 1.5,2.25,2.182,3.2e-05,5,0.006565,0.005351,7.6e-05,5,0.010259,0.007222,toa_onexbet,5,0.068,2.24,129.26,La Liga,Over/Under,,sgo_betmgm:2.1000; toa_betsson:2.1800; toa_nordicbet:2.1800; toa_onexbet:2.2500; toa_tipico_de:2.2000,"SportsGameOdds, THE_ODDS_API"
Getafe vs Valencia,2026-01-18 08:00:00,Over 1.5,1.75,1.6599,3.2e-05,5,0.006565,0.005351,0.000226,5,0.01738,0.012615,toa_onexbet,5,0.0901,2.88,201.48,La Liga,Over/Under,,sgo_betmgm:1.6494; toa_betsson:1.6500; toa_nordicbet:1.6500; toa_onexbet:1.7500; toa_tipico_de:1.6000,"SportsGameOdds, THE_ODDS_API"
Bayern Munich vs VfL Wolfsburg,2026-01-11 11:30:00,Over 4.0,1.89,1.8433,3.2e-05,6,0.006633,0.005934,4.4e-05,6,0.007823,0.00712,toa_coolbet,6,0.0467,1.44,225.57,Bundesliga,Over/Under,,toa_betonlineag:1.8200; toa_betus:1.8300; toa_bovada:1.8700; toa_coolbet:1.8900; toa_lowvig:1.8200; toa_pinnacle:1.8300,THE_ODDS_API
Bayern Munich vs VfL Wolfsburg,2026-01-11 11:30:00,Under 4.0,2.05,2.0067,3.2e-05,6,0.006633,0.005934,4.2e-05,6,0.007613,0.005819,toa_pinnacle,6,0.0433,1.53,199.07,Bundesliga,Over/Under,,toa_betonlineag:2.0200; toa_betus:2.0000; toa_bovada:1.9500; toa_coolbet:2.0000; toa_lowvig:2.0200; toa_pinnacle:2.0500,THE_ODDS_API
West Ham vs Nottingham Forest,2026-01-06 15:00:00,Over 1.75,1.39,1.35,3.2e-05,5,0.00609,0.005897,0.000142,5,0.012349,0.010872,Betano,5,0.04,1.67,270.47,Premier League,Over/Under,,1xBet:1.3300; Betano:1.3900; Marathonbet:1.3300; Pinnacle:1.3600; Unibet:1.3400,API-FOOTBALL
West Ham vs Nottingham Forest,2026-01-06 15:00:00,Under 1.75,3.29,3.158,3.2e-05,5,0.00609,0.005897,8.2e-05,5,0.009933,0.008917,Pinnacle,5,0.132,3.13,58.48,Premier League,Over/Under,,1xBet:3.0500; Betano:3.1500; Marathonbet:3.0500; Pinnacle:3.2900; Unibet:3.2500,API-FOOTBALL
Mallorca vs Athletic Club,2026-01-17 10:15:00,Over 2.5,2.6,2.464,3.2e-05,15,0.006451,0.004702,0.00015,15,0.014194,0.011668,toa_onexbet,15,0.136,3.49,509.5,La Liga,Over/Under,,sgo_1xbet:2.6000; sgo_bet365:2.5000; sgo_betmgm:2.3000; sgo_betsson:2.4800; sgo_draftkings:2.3500; sgo_fanduel:2.5400; sgo_fliff:2.3500; sgo_nordicbet:2.4800; sgo_tipico:2.5000; sgo_williamhill:2.4000; toa_betsson:2.4800; toa_nordicbet:2.4800; toa_onexbet:2.6000; toa_tipico_de:2.5000; toa_williamhill:2.4000,"SportsGameOdds, THE_ODDS_API"
Mallorca vs Athletic Club,2026-01-17 10:15:00,Under 2.5,1.5848,1.5181,3.2e-05,15,0.006451,0.004702,0.000137,15,0.013114,0.010029,sgo_1xbet,15,0.0667,1.99,888.49,La Liga,Over/Under,,sgo_1xbet:1.5848; sgo_bet365:1.5000; sgo_betmgm:1.5405; sgo_betsson:1.5208; sgo_draftkings:1.4762; sgo_fanduel:1.5319; sgo_fliff:1.4762; sgo_nordicbet:1.5208; sgo_tipico:1.5000; sgo_williamhill:1.5000; toa_betsson:1.5200; toa_nordicbet:1.5200; toa_onexbet:1.5800; toa_tipico_de:1.5000; toa_williamhill:1.5000,"SportsGameOdds, THE_ODDS_API"
Crystal Palace vs Aston Villa,2026-01-07 14:30:00,Over 2.0,1.47,1.442,3.1e-05,5,0.006214,0.005646,4.9e-05,5,0.007625,0.006882,Betano,5,0.028,1.1,246.78,Premier League,Over/Under,,1xBet:1.4300; Betano:1.4700; Marathonbet:1.4300; Pinnacle:1.4500; Unibet:1.4300,API-FOOTBALL
Crystal Palace vs Aston Villa,2026-01-07 14:30:00,Under 2.0,2.89,2.762,3.1e-05,5,0.006214,0.005646,0.000108,5,0.011749,0.010802,Pinnacle,5,0.128,3.24,81.22,Premier League,Over/Under,,1xBet:2.6600; Betano:2.8000; Marathonbet:2.6600; Pinnacle:2.8900; Unibet:2.8000,API-FOOTBALL
Torino vs Udinese,2026-01-07 14:45:00,Under 3.0,1.33,1.292,3.1e-05,5,0.005813,0.003927,0.000207,5,0.014241,0.013311,Betano,5,0.038,1.84,287.13,Serie A,Over/Under,,1xBet:1.2700; Betano:1.3300; Marathonbet:1.2700; Pinnacle:1.3100; Unibet:1.2800,API-FOOTBALL
Torino vs Udinese,2026-01-07 14:45:00,Over 3.0,3.7,3.566,3.1e-05,5,0.005813,0.003927,3.8e-05,5,0.006502,0.006162,Unibet,5,0.134,2.32,40.29,Serie A,Over/Under,,1xBet:3.5000; Betano:3.5000; Marathonbet:3.5000; Pinnacle:3.6300; Unibet:3.7000,API-FOOTBALL
Sassuolo vs Juventus,2026-01-06 14:45:00,Under 3.0,1.48,1.468,3e-05,5,0.006194,0.005909,1e-05,5,0.003467,0.002972,Pinnacle,5,0.012,0.51,240.61,Serie A,Over/Under,,1xBet:1.4600; Betano:1.4700; Marathonbet:1.4600; Pinnacle:1.4800; Unibet:1.4700,API-FOOTBALL
Sassuolo vs Juventus,2026-01-06 14:45:00,Over 3.0,2.76,2.67,3e-05,5,0.006194,0.005909,0.000109,5,0.01191,0.011358,Pinnacle,5,0.09,3.18,87.45,Serie A,Over/Under,,1xBet:2.5700; Betano:2.7500; Marathonbet:2.5700; Pinnacle:2.7600; Unibet:2.7000,API-FOOTBALL
Everton vs Wolves,2026-01-07 14:30:00,Under 3.0,1.4,1.376,3e-05,5,0.005994,0.004625,9.6e-05,5,0.010292,0.010084,Pinnacle,5,0.024,1.42,263.45,Premier League,Over/Under,,1xBet:1.3600; Betano:1.4000; Marathonbet:1.3600; Pinnacle:1.4000; Unibet:1.3600,API-FOOTBALL
Everton vs Wolves,2026-01-07 14:30:00,Over 3.0,3.15,3.02,3e-05,5,0.005994,0.004625,7.7e-05,5,0.009725,0.008843,Unibet,5,0.13,2.93,65.71,Premier League,Over/Under,,1xBet:2.9200; Betano:3.0500; Marathonbet:2.9200; Pinnacle:3.0600; Unibet:3.1500,API-FOOTBALL
Livingston vs ST Mirren,2026-01-06 14:45:00,Under 3.5,1.31,1.2822,3e-05,9,0.005743,0.00454,0.000269,9,0.015858,0.014624,Betano,9,0.0278,2.03,602.19,Premiership,Over/Under,,10Bet:1.3000; 1xBet:1.2500; Bet365:1.3000; Betano:1.3100; Betfair:1.2900; Marathonbet:1.2500; Pinnacle:1.3000; Superbet:1.3000; Unibet:1.2400,API-FOOTBALL
Livingston vs ST Mirren,2026-01-06 14:45:00,Over 3.5,3.61,3.4622,3e-05,9,0.005743,0.00454,7.4e-05,9,0.009232,0.008267,Pinnacle,9,0.1478,3.19,160.21,Premiership,Over/Under,,10Bet:3.3500; 1xBet:3.3000; Bet365:3.5000; Betano:3.5000; Betfair:3.5000; Marathonbet:3.3000; Pinnacle:3.6100; Superbet:3.5500; Unibet:3.5500,API-FOOTBALL
The New Saints vs Bala Town,2026-01-06 14:45:00,Under 5.5,1.2,1.19,3e-05,5,0.005378,0.004209,5.4e-05,5,0.006317,0.005659,Bet365,5,0.01,0.75,320.19,Premier League,Over/Under,,1xBet:1.1800; Bet365:1.2000; Betano:1.2000; Marathonbet:1.1800; Unibet:1.1900,API-FOOTBALL
The New Saints vs Bala Town,2026-01-06 14:45:00,Over 5.5,4.33,4.044,3e-05,5,0.005378,0.004209,7.8e-05,5,0.008901,0.006946,Bet365,5,0.286,3.59,23.81,Premier League,Over/Under,,1xBet:3.9200; Bet365:4.3300; Betano:4.0500; Marathonbet:3.9200; Unibet:4.0000,API-FOOTBALL
Cremonese vs Cagliari,2026-01-08 12:30:00,Under 2.5,1.7,1.6225,3e-05,21,0.006372,0.004632,8e-05,21,0.010266,0.006995,toa_onexbet,21,0.0775,1.67,1194.68,Serie A,Over/Under,,sgo_betmgm:1.6211; sgo_betparx:1.6211; sgo_betrivers:1.6098; toa_betmgm:1.6200; toa_betrivers:1.6100; toa_betsson:1.6000; toa_casumo:1.6200; toa_codere_it:1.5900; toa_grosvenor:1.6300; toa_gtbets:1.6600; toa_leovegas:1.6100; toa_leovegas_se:1.6400; toa_matchbook:1.6800; toa_nordicbet:1.6000; toa_onexbet:1.7000; toa_playup:1.5800; toa_tabtouch:1.6200; toa_tipico_de:1.6000; toa_unibet_nl:1.6200; toa_unibet_se:1.6200; toa_williamhill:1.6200,"SportsGameOdds, THE_ODDS_API"
Cremonese vs Cagliari,2026-01-08 12:30:00,Over 2.5,2.4,2.239,3e-05,21,0.006372,0.004632,0.00011,21,0.012244,0.008953,toa_matchbook,21,0.161,2.74,838.61,Serie A,Over/Under,,sgo_betmgm:2.1500; sgo_betparx:2.2300; sgo_betrivers:2.2300; toa_betmgm:2.1500; toa_betrivers:2.2300; toa_betsson:2.2800; toa_casumo:2.2300; toa_codere_it:2.1600; toa_grosvenor:2.2500; toa_gtbets:2.1800; toa_leovegas:2.2300; toa_leovegas_se:2.2500; toa_matchbook:2.4000; toa_nordicbet:2.2800; toa_onexbet:2.3500; toa_playup:2.2800; toa_tabtouch:2.2300; toa_tipico_de:2.3000; toa_unibet_nl:2.2300; toa_unibet_se:2.2300; toa_williamhill:2.1500,"SportsGameOdds, THE_ODDS_API"
Borussia Dortmund vs SV Werder Bremen,2026-01-13 14:30:00,Over 3.5,2.15,2.1133,3e-05,3,0.006379,0.006006,7.6e-05,3,0.010222,0.009601,sgo_betparx,3,0.0367,2.16,42.02,BUNDESLIGA,Over/Under,,sgo_betmgm:2.0500; sgo_betparx:2.1500; sgo_betrivers:2.1400,SportsGameOdds
Borussia Dortmund vs SV Werder Bremen,2026-01-13 14:30:00,Under 3.5,1.6803,1.6698,3e-05,3,0.006379,0.006006,8e-06,3,0.003301,0.002846,sgo_betmgm,3,0.0105,0.55,79.67,BUNDESLIGA,Over/Under,,sgo_betmgm:1.6803; sgo_betparx:1.6711; sgo_betrivers:1.6579,SportsGameOdds
Qarabağ FK vs Eintracht Frankfurt,2026-01-21 12:45:00,Under 3.0,1.96,1.944,3e-05,5,0.006488,0.005132,3.9e-05,5,0.007367,0.005838,toa_pinnacle,5,0.016,1.43,157.25,Champions League,Over/Under,,toa_betonlineag:1.9600; toa_bovada:1.9500; toa_coolbet:1.8900; toa_lowvig:1.9600; toa_pinnacle:1.9600,THE_ODDS_API
Qarabağ FK vs Eintracht Frankfurt,2026-01-21 12:45:00,Over 3.0,1.92,1.876,3e-05,5,0.006488,0.005132,2.9e-05,5,0.006278,0.004916,toa_coolbet,5,0.044,1.18,166.56,Champions League,Over/Under,,toa_betonlineag:1.8600; toa_bovada:1.8700; toa_coolbet:1.9200; toa_lowvig:1.8600; toa_pinnacle:1.8700,THE_ODDS_API
Udinese vs Pisa,2026-01-10 09:00:00,Under 1.5,2.85,2.7833,2.9e-05,3,0.005984,0.005642,2.8e-05,3,0.006015,0.005671,sgo_betparx,3,0.0667,1.67,7.81,Serie A,Over/Under,,sgo_betparx:2.8500; toa_betsson:2.7500; toa_nordicbet:2.7500,"SportsGameOdds, THE_ODDS_API"
Udinese vs Pisa,2026-01-10 09:00:00,Over 1.5,1.43,1.42,2.9e-05,3,0.005984,0.005642,4.3e-05,3,0.007064,0.00666,toa_betsson,3,0.01,1.0,111.29,Serie A,Over/Under,,sgo_betparx:1.4000; toa_betsson:1.4300; toa_nordicbet:1.4300,"SportsGameOdds, THE_ODDS_API"
1. FC Köln vs FC Bayern München,2026-01-14 14:30:00,Under 3.5,2.2,2.0944,2.9e-05,18,0.0063,0.005473,0.000102,18,0.011872,0.009449,sgo_1xbet,18,0.1056,2.49,759.95,BUNDESLIGA,Over/Under,,sgo_1xbet:2.2000; sgo_ballybet:2.0800; sgo_betmgm:2.0500; sgo_betparx:2.0800; sgo_betrivers:2.0800; sgo_betsson:2.1200; sgo_bovada:2.1800; sgo_casumo:2.0800; sgo_coolbet:2.0600; sgo_draftkings:2.0000; sgo_fanduel:2.1400; sgo_fliff:2.0000; sgo_grosvenor:2.1000; sgo_leovegas:2.0600; sgo_nordicbet:2.1200; sgo_playup:2.1200; sgo_tabtouch:2.0800; sgo_tipico:2.1500,SportsGameOdds
1. FC Köln vs FC Bayern München,2026-01-14 14:30:00,Over 3.5,1.7874,1.6948,2.9e-05,18,0.0063,0.005473,0.000107,18,0.011973,0.009062,sgo_1xbet,18,0.0926,2.03,962.51,BUNDESLIGA,Over/Under,,sgo_1xbet:1.7874; sgo_ballybet:1.7092; sgo_betmgm:1.6897; sgo_betparx:1.7092; sgo_betrivers:1.6993; sgo_betsson:1.6803; sgo_bovada:1.6993; sgo_casumo:1.7092; sgo_coolbet:1.7407; sgo_draftkings:1.6452; sgo_fanduel:1.6849; sgo_fliff:1.6452; sgo_grosvenor:1.7194; sgo_leovegas:1.6993; sgo_nordicbet:1.6803; sgo_playup:1.6494; sgo_tabtouch:1.7092; sgo_tipico:1.6494,SportsGameOdds
Manchester City vs Brighton and Hove Albion,2026-01-07 14:30:00,Under 3.5,1.81,1.747,2.9e-05,20,0.006344,0.004896,6.9e-05,20,0.009695,0.007717,toa_onexbet,20,0.063,1.69,1045.15,Premier League,Over/Under,,toa_betmgm:1.6900; toa_betrivers:1.7200; toa_betsson:1.7500; toa_betus:1.7600; toa_casumo:1.7300; toa_codere_it:1.7700; toa_coolbet:1.8000; toa_grosvenor:1.7300; toa_gtbets:1.7200; toa_leovegas:1.7400; toa_leovegas_se:1.7400; toa_matchbook:1.8000; toa_mybookieag:1.7200; toa_nordicbet:1.7500; toa_onexbet:1.8100; toa_playup:1.7500; toa_tabtouch:1.7300; toa_tipico_de:1.7700; toa_unibet_nl:1.7300; toa_unibet_se:1.7300,THE_ODDS_API
Manchester City vs Brighton and Hove Albion,2026-01-07 14:30:00,Over 3.5,2.22,2.091,2.9e-05,20,0.006344,0.004896,0.000104,20,0.011968,0.008525,toa_matchbook,20,0.129,2.5,857.07,Premier League,Over/Under,,toa_betmgm:2.0500; toa_betrivers:2.0800; toa_betsson:2.0500; toa_betus:2.1200; toa_casumo:2.1000; toa_codere_it:2.1100; toa_coolbet:2.0900; toa_grosvenor:2.1000; toa_gtbets:2.1200; toa_leovegas:2.1200; toa_leovegas_se:2.1200; toa_matchbook:2.2200; toa_mybookieag:2.0400; toa_nordicbet:2.0500; toa_onexbet:2.1500; toa_playup:2.0500; toa_tabtouch:2.1000; toa_tipico_de:1.9500; toa_unibet_nl:2.1000; toa_unibet_se:2.1000,THE_ODDS_API
Napoli vs Verona,2026-01-07 12:30:00,Under 2.5,1.84,1.791,2.9e-05,10,0.006359,0.004756,6.4e-05,10,0.009344,0.007184,1xBet,10,0.049,1.67,458.5,Serie A,Over/Under,,10Bet:1.8000; 1xBet:1.8400; Bet365:1.8000; Betano:1.8000; Betfair:1.7300; Marathonbet:1.7900; Pinnacle:1.8300; SBO:1.7700; Superbet:1.7800; Unibet:1.7700,API-FOOTBALL
Napoli vs Verona,2026-01-07 12:30:00,Over 2.5,2.12,2.056,2.9e-05,10,0.006359,0.004756,6.9e-05,10,0.009811,0.008298,1xBet,10,0.064,2.02,386.58,Serie A,Over/Under,,10Bet:2.0000; 1xBet:2.1200; Bet365:2.0000; Betano:2.0700; Betfair:2.1000; Marathonbet:2.0600; Pinnacle:2.0700; SBO:2.0900; Superbet:2.0500; Unibet:2.0000,API-FOOTBALL
Napoli vs Verona,2026-01-07 12:30:00,Under 2.25,2.08,2.0314,2.9e-05,7,0.006382,0.004619,4.3e-05,7,0.007713,0.006613,Pinnacle,7,0.0486,1.57,244.67,Serie A,Over/Under,,188Bet:2.0200; 1xBet:1.9900; Betano:2.0500; Marathonbet:1.9900; Pinnacle:2.0800; SBO:2.0300; Unibet:2.0600,API-FOOTBALL
Napoli vs Verona,2026-01-07 12:30:00,Over 2.25,1.88,1.8043,2.9e-05,7,0.006382,0.004619,0.000105,7,0.012,0.010195,188Bet,7,0.0757,2.16,288.15,Serie A,Over/Under,,188Bet:1.8800; 1xBet:1.7700; Betano:1.8200; Marathonbet:1.7700; Pinnacle:1.8000; SBO:1.8300; Unibet:1.7600,API-FOOTBALL
Lazio vs Fiorentina,2026-01-07 14:45:00,Over 2.0,1.75,1.6875,2.9e-05,8,0.006229,0.004477,0.000121,8,0.01271,0.01082,toa_coolbet,8,0.0625,2.14,374.29,Serie A,Over/Under,,1xBet:1.6500; Betano:1.7200; Marathonbet:1.6500; Pinnacle:1.7100; SBO:1.6900; Unibet:1.6400; toa_betus:1.6900; toa_coolbet:1.7500,"API-FOOTBALL, THE_ODDS_API"
Lazio vs Fiorentina,2026-01-07 14:45:00,Under 2.0,2.25,2.1988,2.9e-05,8,0.006229,0.004477,5e-05,8,0.008281,0.006585,toa_betus,8,0.0513,1.82,263.96,Serie A,Over/Under,,1xBet:2.1400; Betano:2.2000; Marathonbet:2.1400; Pinnacle:2.2200; SBO:2.2000; Unibet:2.2500; toa_betus:2.2500; toa_coolbet:2.1900,"API-FOOTBALL, THE_ODDS_API"
Lazio vs Fiorentina,2026-01-07 14:45:00,Over 1.75,1.55,1.504,2.9e-05,5,0.006146,0.005178,0.000139,5,0.013156,0.012623,Betano,5,0.046,1.98,232.58,Serie A,Over/Under,,1xBet:1.4800; Betano:1.5500; Marathonbet:1.4800; Pinnacle:1.5300; Unibet:1.4800,API-FOOTBALL
Lazio vs Fiorentina,2026-01-07 14:45:00,Under 1.75,2.63,2.552,2.9e-05,5,0.006146,0.005178,7.5e-05,5,0.009971,0.00892,Unibet,5,0.078,2.54,96.05,Serie A,Over/Under,,1xBet:2.4800; Betano:2.5500; Marathonbet:2.4800; Pinnacle:2.6200; Unibet:2.6300,API-FOOTBALL
Rangers vs Aberdeen,2026-01-06 15:00:00,Over 1.5,1.22,1.19,2.9e-05,9,0.005149,0.004705,0.000278,9,0.014231,0.012692,Betano,9,0.03,1.69,656.52,Premiership,Over/Under,,10Bet:1.2000; 1xBet:1.1600; Bet365:1.2000; Betano:1.2200; Betfair:1.2000; Marathonbet:1.1600; Pinnacle:1.2000; Superbet:1.2000; Unibet:1.1700,API-FOOTBALL
Rangers vs Aberdeen,2026-01-06 15:00:00,Under 1.5,4.66,4.3767,2.9e-05,9,0.005149,0.004705,8.3e-05,9,0.008985,0.008119,Pinnacle,9,0.2833,3.93,105.95,Premiership,Over/Under,,10Bet:4.3300; 1xBet:4.1500; Bet365:4.5000; Betano:4.3000; Betfair:4.5000; Marathonbet:4.1500; Pinnacle:4.6600; Superbet:4.5500; Unibet:4.2500,API-FOOTBALL
Rangers vs Aberdeen,2026-01-06 15:00:00,Over 2.5,1.71,1.657,2.9e-05,10,0.006288,0.004293,9.1e-05,10,0.01098,0.008394,SBO,10,0.053,1.82,503.7,Premiership,Over/Under,,10Bet:1.6500; 1xBet:1.6500; Bet365:1.6700; Betano:1.6700; Betfair:1.6200; Marathonbet:1.6500; Pinnacle:1.6900; SBO:1.7100; Superbet:1.6600; Unibet:1.6000,API-FOOTBALL
Rangers vs Aberdeen,2026-01-06 15:00:00,Under 2.5,2.25,2.208,2.9e-05,10,0.006288,0.004293,4.1e-05,10,0.007478,0.006465,Betfair,10,0.042,1.65,353.02,Premiership,Over/Under,,10Bet:2.2000; 1xBet:2.1900; Bet365:2.2000; Betano:2.2500; Betfair:2.2500; Marathonbet:2.1900; Pinnacle:2.2400; SBO:2.1400; Superbet:2.2500; Unibet:2.1700,API-FOOTBALL
Pisa vs Como,2026-01-06 09:00:00,Under 3.0,1.42,1.382,2.9e-05,5,0.005882,0.004249,0.000139,5,0.012454,0.01164,Betano,5,0.038,1.72,261.9,Serie A,Over/Under,,1xBet:1.3600; Betano:1.4200; Marathonbet:1.3600; Pinnacle:1.4000; Unibet:1.3700,API-FOOTBALL
Pisa vs Como,2026-01-06 09:00:00,Over 3.0,3.15,3.024,2.9e-05,5,0.005882,0.004249,4.8e-05,5,0.007642,0.006562,Unibet,5,0.126,2.31,65.43,Serie A,Over/Under,,1xBet:2.9600; Betano:3.0000; Marathonbet:2.9600; Pinnacle:3.0500; Unibet:3.1500,API-FOOTBALL
Everton vs Wolves,2026-01-07 14:30:00,Over 3.5,3.95,3.7088,2.8e-05,8,0.00542,0.003773,6.2e-05,8,0.008241,0.005792,Unibet,8,0.2412,3.05,115.91,Premier League,Over/Under,,10Bet:3.7000; 1xBet:3.5600; Bet365:3.7500; Betano:3.7000; Betfair:3.7000; Marathonbet:3.5600; Superbet:3.7500; Unibet:3.9500,API-FOOTBALL
Everton vs Wolves,2026-01-07 14:30:00,Under 3.5,1.28,1.2588,2.8e-05,8,0.00542,0.003773,0.000124,8,0.010625,0.009999,Bet365,8,0.0212,1.34,535.67,Premier League,Over/Under,,10Bet:1.2500; 1xBet:1.2400; Bet365:1.2800; Betano:1.2800; Betfair:1.2500; Marathonbet:1.2400; Superbet:1.2800; Unibet:1.2500,API-FOOTBALL
Olympiakos Piraeus vs Bayer Leverkusen,2026-01-20 15:00:00,Under 2.5,2.15,2.0839,2.8e-05,18,0.006196,0.00444,0.0001,18,0.011757,0.008299,toa_onexbet,18,0.0661,2.45,764.27,Champions League,Over/Under,,toa_betmgm:1.9800; toa_betrivers:2.0800; toa_betsson:2.1200; toa_casumo:2.1000; toa_codere_it:2.0600; toa_coolbet:2.1500; toa_grosvenor:2.1000; toa_gtbets:2.0500; toa_leovegas:2.0700; toa_leovegas_se:2.1000; toa_nordicbet:2.1200; toa_onexbet:2.1500; toa_playup:2.0800; toa_tabtouch:2.1000; toa_unibet:2.1000; toa_unibet_nl:2.1000; toa_unibet_se:2.1000; toa_williamhill:1.9500,THE_ODDS_API
Olympiakos Piraeus vs Bayer Leverkusen,2026-01-20 15:00:00,Over 2.5,1.81,1.7411,2.8e-05,18,0.006196,0.00444,3.9e-05,18,0.007256,0.004495,toa_onexbet,18,0.0689,1.26,933.99,Champions League,Over/Under,,toa_betmgm:1.7400; toa_betrivers:1.7300; toa_betsson:1.7200; toa_casumo:1.7400; toa_codere_it:1.7400; toa_coolbet:1.7700; toa_grosvenor:1.7400; toa_gtbets:1.7500; toa_leovegas:1.7200; toa_leovegas_se:1.7500; toa_nordicbet:1.7200; toa_onexbet:1.8100; toa_playup:1.7000; toa_tabtouch:1.7400; toa_unibet:1.7400; toa_unibet_nl:1.7400; toa_unibet_se:1.7400; toa_williamhill:1.7500,THE_ODDS_API
Marseille vs Liverpool,2026-01-21 15:00:00,Under 3.0,1.9,1.838,2.8e-05,5,0.006179,0.004925,5.9e-05,5,0.009029,0.007163,toa_coolbet,5,0.062,1.66,172.11,Champions League,Over/Under,,toa_betonlineag:1.8200; toa_bovada:1.8200; toa_coolbet:1.9000; toa_lowvig:1.8200; toa_pinnacle:1.8300,THE_ODDS_API
Marseille vs Liverpool,2026-01-21 15:00:00,Over 3.0,2.02,2.012,2.8e-05,5,0.006179,0.004925,1.2e-05,5,0.004,0.0032,toa_pinnacle,5,0.008,0.8,148.52,Champions League,Over/Under,,toa_betonlineag:2.0200; toa_bovada:2.0200; toa_coolbet:1.9800; toa_lowvig:2.0200; toa_pinnacle:2.0200,THE_ODDS_API
Real Madrid vs AS Monaco,2026-01-20 15:00:00,Under 3.5,1.95,1.8829,2.8e-05,21,0.006192,0.00443,8.1e-05,21,0.010599,0.007736,toa_onexbet,21,0.0671,1.99,1015.77,Champions League,Over/Under,,toa_betmgm:1.8000; toa_betonlineag:1.9300; toa_betrivers:1.8700; toa_betsson:1.9000; toa_bovada:1.9300; toa_casumo:1.8800; toa_codere_it:1.8600; toa_coolbet:1.8700; toa_grosvenor:1.8800; toa_gtbets:1.8100; toa_leovegas:1.8500; toa_leovegas_se:1.8800; toa_lowvig:1.9300; toa_nordicbet:1.9000; toa_onexbet:1.9500; toa_pinnacle:1.9300; toa_playup:1.8500; toa_tabtouch:1.8800; toa_unibet:1.8800; toa_unibet_nl:1.8800; toa_unibet_se:1.8800,THE_ODDS_API
Real Madrid vs AS Monaco,2026-01-20 15:00:00,Over 3.5,1.99,1.9148,2.8e-05,21,0.006192,0.00443,3.4e-05,21,0.006818,0.005113,toa_onexbet,21,0.0752,1.31,996.93,Champions League,Over/Under,,toa_betmgm:1.9100; toa_betonlineag:1.8900; toa_betrivers:1.9100; toa_betsson:1.9000; toa_bovada:1.8900; toa_casumo:1.9200; toa_codere_it:1.9200; toa_coolbet:1.9400; toa_grosvenor:1.9200; toa_gtbets:1.9600; toa_leovegas:1.8900; toa_leovegas_se:1.9300; toa_lowvig:1.8900; toa_nordicbet:1.9000; toa_onexbet:1.9900; toa_pinnacle:1.8900; toa_playup:1.8800; toa_tabtouch:1.9200; toa_unibet:1.9200; toa_unibet_nl:1.9200; toa_unibet_se:1.9200,THE_ODDS_API
Burnley vs Manchester United,2026-01-07 15:15:00,Over 3.75,3.45,3.306,2.7e-05,5,0.005517,0.004073,6.9e-05,5,0.008989,0.007914,Unibet,5,0.144,2.97,51.37,Premier League,Over/Under,,1xBet:3.2000; Betano:3.3000; Marathonbet:3.2000; Pinnacle:3.3800; Unibet:3.4500,API-FOOTBALL
Burnley vs Manchester United,2026-01-07 15:15:00,Under 3.75,1.35,1.31,2.7e-05,5,0.005517,0.004073,0.000294,5,0.01719,0.016195,Betano,5,0.04,2.25,281.87,Premier League,Over/Under,,1xBet:1.2800; Betano:1.3500; Marathonbet:1.2800; Pinnacle:1.3400; Unibet:1.3000,API-FOOTBALL
Atlético Madrid vs Alavés,2026-01-18 10:15:00,Over 2.5,1.99,1.9556,2.7e-05,9,0.006144,0.004954,9.5e-05,9,0.011436,0.008417,toa_onexbet,9,0.0344,2.24,360.45,La Liga,Over/Under,,toa_betonlineag:1.9800; toa_betsson:1.9500; toa_bovada:1.9800; toa_lowvig:1.9800; toa_nordicbet:1.9500; toa_onexbet:1.9900; toa_pinnacle:1.9900; toa_tipico_de:1.9300; toa_williamhill:1.8500,THE_ODDS_API
Atlético Madrid vs Alavés,2026-01-18 10:15:00,Under 2.5,1.95,1.8522,2.7e-05,9,0.006144,0.004954,7.7e-05,9,0.01033,0.006061,toa_onexbet,9,0.0978,1.91,386.09,La Liga,Over/Under,,toa_betonlineag:1.8500; toa_betsson:1.8200; toa_bovada:1.8500; toa_lowvig:1.8500; toa_nordicbet:1.8200; toa_onexbet:1.9500; toa_pinnacle:1.8500; toa_tipico_de:1.8300; toa_williamhill:1.8500,THE_ODDS_API
Lazio vs Fiorentina,2026-01-07 14:45:00,Over 2.75,2.75,2.63,2.7e-05,5,0.005847,0.004712,9.1e-05,5,0.01088,0.009292,Pinnacle,5,0.12,2.86,90.27,Serie A,Over/Under,,1xBet:2.5500; Betano:2.6700; Marathonbet:2.5500; Pinnacle:2.7500; Unibet:2.6300,API-FOOTBALL
Lazio vs Fiorentina,2026-01-07 14:45:00,Under 2.75,1.5,1.488,2.7e-05,5,0.005847,0.004712,9e-06,5,0.003374,0.002893,Betano,5,0.012,0.5,236.03,Serie A,Over/Under,,1xBet:1.4800; Betano:1.5000; Marathonbet:1.4800; Pinnacle:1.4900; Unibet:1.4900,API-FOOTBALL
Elche vs Sevilla,2026-01-19 15:00:00,Under 2.5,1.84,1.764,2.7e-05,16,0.006109,0.00473,0.000123,16,0.012904,0.009919,toa_onexbet,16,0.076,2.28,807.51,La Liga,Over/Under,,sgo_1xbet:1.8333; sgo_bet365:1.7246; sgo_betsson:1.7812; sgo_bovada:1.7812; sgo_draftkings:1.6897; sgo_fanduel:1.7576; sgo_fliff:1.6897; sgo_nordicbet:1.7812; sgo_pinnacle:1.7812; sgo_tipico:1.7519; sgo_williamhill:1.7519; toa_betsson:1.7800; toa_nordicbet:1.7800; toa_onexbet:1.8400; toa_tipico_de:1.7500; toa_williamhill:1.7500,"SportsGameOdds, THE_ODDS_API"
Elche vs Sevilla,2026-01-19 15:00:00,Over 2.5,2.12,2.0304,2.7e-05,16,0.006109,0.00473,0.000136,16,0.013718,0.012638,toa_onexbet,16,0.0897,2.78,688.66,La Liga,Over/Under,,sgo_1xbet:2.1200; sgo_bet365:2.1000; sgo_betsson:1.9804; sgo_bovada:2.0800; sgo_draftkings:1.9524; sgo_fanduel:2.0800; sgo_fliff:1.9524; sgo_nordicbet:1.9804; sgo_pinnacle:2.0600; sgo_tipico:2.0500; sgo_williamhill:2.0000; toa_betsson:1.9800; toa_nordicbet:1.9800; toa_onexbet:2.1200; toa_tipico_de:2.0500; toa_williamhill:2.0000,"SportsGameOdds, THE_ODDS_API"
Sassuolo vs Juventus,2026-01-06 14:45:00,Under 2.0,2.75,2.6633,2.6e-05,6,0.005701,0.004528,4.7e-05,6,0.00783,0.007111,Unibet,6,0.0867,2.08,125.38,Serie A,Over/Under,,1xBet:2.6100; Betano:2.6500; Marathonbet:2.6100; Pinnacle:2.7300; SBO:2.6300; Unibet:2.7500,API-FOOTBALL
Sassuolo vs Juventus,2026-01-06 14:45:00,Over 2.0,1.5,1.4667,2.6e-05,6,0.005701,0.004528,8.7e-05,6,0.010231,0.009279,Betano,6,0.0333,1.5,309.18,Serie A,Over/Under,,1xBet:1.4500; Betano:1.5000; Marathonbet:1.4500; Pinnacle:1.4900; SBO:1.4700; Unibet:1.4400,API-FOOTBALL
FC Bayern München vs VfL Wolfsburg,2026-01-11 11:30:00,Over 3.5,1.5988,1.5872,2.6e-05,3,0.005901,0.005504,8e-06,3,0.003244,0.003059,sgo_betmgm,3,0.0116,0.51,89.02,BUNDESLIGA,Over/Under,,sgo_betmgm:1.5988; sgo_betparx:1.5814; sgo_betrivers:1.5814,SportsGameOdds
FC Bayern München vs VfL Wolfsburg,2026-01-11 11:30:00,Under 3.5,2.3,2.26,2.6e-05,3,0.005901,0.005504,5.4e-05,3,0.00856,0.007936,sgo_betparx,3,0.04,1.93,32.79,BUNDESLIGA,Over/Under,,sgo_betmgm:2.2000; sgo_betparx:2.3000; sgo_betrivers:2.2800,SportsGameOdds
Nantes vs Nice,2026-01-25 09:00:00,Over 2.5,1.86,1.7656,2.6e-05,16,0.005954,0.004424,5.6e-05,16,0.008739,0.006163,toa_onexbet,16,0.0944,1.54,806.43,Ligue 1,Over/Under,,sgo_betparx:1.7519; sgo_betrivers:1.7576; toa_betrivers:1.7600; toa_betsson:1.7800; toa_casumo:1.7500; toa_grosvenor:1.7600; toa_leovegas:1.7500; toa_leovegas_se:1.7500; toa_nordicbet:1.7800; toa_onexbet:1.8600; toa_tabtouch:1.7500; toa_tipico_de:1.7500; toa_unibet:1.7500; toa_unibet_nl:1.7500; toa_unibet_se:1.7500; toa_williamhill:1.8000,"SportsGameOdds, THE_ODDS_API"
Nantes vs Nice,2026-01-25 09:00:00,Under 2.5,2.1,2.0188,2.6e-05,16,0.005954,0.004424,6.7e-05,16,0.009643,0.00588,toa_onexbet,16,0.0813,1.95,692.86,Ligue 1,Over/Under,,sgo_betparx:2.0200; sgo_betrivers:2.0400; toa_betrivers:2.0400; toa_betsson:1.9800; toa_casumo:2.0200; toa_grosvenor:2.0400; toa_leovegas:2.0200; toa_leovegas_se:2.0200; toa_nordicbet:1.9800; toa_onexbet:2.1000; toa_tabtouch:2.0200; toa_tipico_de:2.0500; toa_unibet:2.0200; toa_unibet_nl:2.0200; toa_unibet_se:2.0200; toa_williamhill:1.9100,"SportsGameOdds, THE_ODDS_API"
Ferencváros TC vs Panathinaikos FC,2026-01-22 15:00:00,Under 2.5,1.99,1.9227,2.6e-05,11,0.005972,0.004674,0.000117,11,0.012728,0.011073,toa_onexbet,11,0.0673,2.45,472.45,Europa League,Over/Under,,toa_betmgm:1.8700; toa_betonlineag:1.9900; toa_betsson:1.9000; toa_bovada:1.8900; toa_codere_it:1.9300; toa_coolbet:1.9000; toa_lowvig:1.9900; toa_nordicbet:1.9000; toa_onexbet:1.9900; toa_pinnacle:1.9400; toa_williamhill:1.8500,THE_ODDS_API
Ferencváros TC vs Panathinaikos FC,2026-01-22 15:00:00,Over 2.5,1.96,1.8618,2.6e-05,11,0.005972,0.004674,6.7e-05,11,0.009631,0.006873,toa_onexbet,11,0.0982,1.79,491.02,Europa League,Over/Under,,toa_betmgm:1.8300; toa_betonlineag:1.8400; toa_betsson:1.8500; toa_bovada:1.8500; toa_codere_it:1.8500; toa_coolbet:1.8700; toa_lowvig:1.8400; toa_nordicbet:1.8500; toa_onexbet:1.9600; toa_pinnacle:1.8900; toa_williamhill:1.8500,THE_ODDS_API
FC St. Pauli vs RB Leipzig,2026-01-10 09:30:00,Under 2.5,2.1,2.04,2.5e-05,22,0.005881,0.005648,4.7e-05,22,0.008095,0.006819,toa_onexbet,22,0.06,1.65,978.71,Bundesliga,Over/Under,,sgo_betmgm:1.9804; sgo_betparx:2.0600; sgo_betrivers:2.0400; toa_betmgm:1.9800; toa_betrivers:2.0400; toa_betsson:2.0200; toa_casumo:2.0600; toa_codere_it:2.0500; toa_coolbet:2.0900; toa_grosvenor:2.0700; toa_gtbets:2.0100; toa_leovegas:2.0400; toa_leovegas_se:2.0800; toa_matchbook:2.0600; toa_nordicbet:2.0200; toa_onexbet:2.1000; toa_playup:2.0000; toa_tabtouch:2.0600; toa_tipico_de:2.0000; toa_unibet_nl:2.0600; toa_unibet_se:2.0600; toa_williamhill:2.0000,"SportsGameOdds, THE_ODDS_API"
FC St. Pauli vs RB Leipzig,2026-01-10 09:30:00,Over 2.5,1.86,1.7582,2.5e-05,22,0.005881,0.005648,0.000111,22,0.012325,0.010252,toa_onexbet,22,0.1018,2.17,1151.85,Bundesliga,Over/Under,,sgo_betmgm:1.7519; sgo_betparx:1.7299; sgo_betrivers:1.7194; toa_betmgm:1.7400; toa_betrivers:1.7200; toa_betsson:1.7800; toa_casumo:1.7300; toa_codere_it:1.8100; toa_coolbet:1.8100; toa_grosvenor:1.7400; toa_gtbets:1.7800; toa_leovegas:1.7100; toa_leovegas_se:1.7500; toa_matchbook:1.8300; toa_nordicbet:1.7800; toa_onexbet:1.8600; toa_playup:1.7500; toa_tabtouch:1.7300; toa_tipico_de:1.7700; toa_unibet_nl:1.7300; toa_unibet_se:1.7300; toa_williamhill:1.7300,"SportsGameOdds, THE_ODDS_API"
Viktoria Plzeň vs Porto,2026-01-22 12:45:00,Under 2.5,1.96,1.8617,2.5e-05,12,0.005897,0.004942,8e-05,12,0.010479,0.008118,toa_onexbet,12,0.0983,1.95,544.83,Europa League,Over/Under,,toa_betmgm:1.8500; toa_betonlineag:1.8700; toa_betsson:1.8200; toa_betus:1.8800; toa_bovada:1.8300; toa_codere_it:1.8800; toa_coolbet:1.8500; toa_lowvig:1.8700; toa_nordicbet:1.8200; toa_onexbet:1.9600; toa_pinnacle:1.8800; toa_williamhill:1.8300,THE_ODDS_API
Viktoria Plzeň vs Porto,2026-01-22 12:45:00,Over 2.5,1.99,1.925,2.5e-05,12,0.005897,0.004942,7.9e-05,12,0.010463,0.008846,toa_onexbet,12,0.065,2.01,523.63,Europa League,Over/Under,,toa_betmgm:1.8500; toa_betonlineag:1.9500; toa_betsson:1.9500; toa_betus:1.8700; toa_bovada:1.9100; toa_codere_it:1.8900; toa_coolbet:1.9300; toa_lowvig:1.9500; toa_nordicbet:1.9500; toa_onexbet:1.9900; toa_pinnacle:1.9500; toa_williamhill:1.9100,THE_ODDS_API
Manchester United vs Manchester City,2026-01-17 07:30:00,Over 3.5,2.34,2.2943,2.5e-05,14,0.005792,0.005128,7.1e-05,14,0.009821,0.007914,toa_onexbet,14,0.0457,2.25,510.51,Premier League,Over/Under,,sgo_betparx:2.3200; sgo_betrivers:2.3000; toa_betrivers:2.3000; toa_casumo:2.3200; toa_grosvenor:2.3200; toa_leovegas:2.3300; toa_leovegas_se:2.3300; toa_mybookieag:2.2000; toa_onexbet:2.3400; toa_playup:2.2000; toa_tabtouch:2.3200; toa_tipico_de:2.2000; toa_unibet_nl:2.3200; toa_unibet_se:2.3200,"SportsGameOdds, THE_ODDS_API"
Manchester United vs Manchester City,2026-01-17 07:30:00,Under 3.5,1.7,1.6149,2.5e-05,14,0.005792,0.005128,6.3e-05,14,0.009106,0.005288,toa_onexbet,14,0.0851,1.47,767.12,Premier League,Over/Under,,sgo_betparx:1.6098; sgo_betrivers:1.5988; toa_betrivers:1.6000; toa_casumo:1.6100; toa_grosvenor:1.6100; toa_leovegas:1.6100; toa_leovegas_se:1.6100; toa_mybookieag:1.6000; toa_onexbet:1.7000; toa_playup:1.6300; toa_tabtouch:1.6100; toa_tipico_de:1.6000; toa_unibet_nl:1.6100; toa_unibet_se:1.6100,"SportsGameOdds, THE_ODDS_API"
Lazio vs Fiorentina,2026-01-07 14:45:00,Under 1.25,3.94,3.7133,2.5e-05,3,0.005137,0.004843,0.000118,3,0.0113,0.010654,Pinnacle,3,0.2267,4.19,-19.06,Serie A,Over/Under,,1xBet:3.6000; Marathonbet:3.6000; Pinnacle:3.9400,API-FOOTBALL
Lazio vs Fiorentina,2026-01-07 14:45:00,Over 1.25,1.27,1.2433,2.5e-05,3,0.005137,0.004843,0.000165,3,0.012071,0.011381,Pinnacle,3,0.0267,1.5,141.34,Serie A,Over/Under,,1xBet:1.2300; Marathonbet:1.2300; Pinnacle:1.2700,API-FOOTBALL
Arsenal vs Liverpool,2026-01-08 15:00:00,Under 2.5,2.17,2.07,2.4e-05,23,0.005705,0.005359,5.5e-05,23,0.008742,0.007002,toa_onexbet,23,0.1,1.81,1011.48,Premier League,Over/Under,,sgo_betmgm:2.0500; sgo_betparx:2.0500; sgo_betrivers:2.0400; toa_betmgm:2.0500; toa_betrivers:2.0400; toa_betsson:2.1000; toa_betus:2.1500; toa_casumo:2.0500; toa_codere_it:2.1200; toa_coolbet:2.1100; toa_grosvenor:2.0500; toa_gtbets:2.0800; toa_leovegas:2.0600; toa_leovegas_se:2.0600; toa_mybookieag:2.0500; toa_nordicbet:2.1000; toa_onexbet:2.1700; toa_playup:2.0800; toa_tabtouch:2.0500; toa_tipico_de:2.0500; toa_unibet_nl:2.0500; toa_unibet_se:2.0500; toa_williamhill:2.0000,"SportsGameOdds, THE_ODDS_API"
Arsenal vs Liverpool,2026-01-08 15:00:00,Over 2.5,1.81,1.749,2.4e-05,23,0.005705,0.005359,8.1e-05,23,0.010444,0.008912,toa_onexbet,23,0.061,1.83,1215.47,Premier League,Over/Under,,sgo_betmgm:1.6803; sgo_betparx:1.7692; sgo_betrivers:1.7576; toa_betmgm:1.6900; toa_betrivers:1.7600; toa_betsson:1.7200; toa_betus:1.7400; toa_casumo:1.7700; toa_codere_it:1.7600; toa_coolbet:1.7800; toa_grosvenor:1.7700; toa_gtbets:1.7200; toa_leovegas:1.7800; toa_leovegas_se:1.7800; toa_mybookieag:1.7100; toa_nordicbet:1.7200; toa_onexbet:1.8100; toa_playup:1.7200; toa_tabtouch:1.7700; toa_tipico_de:1.7500; toa_unibet_nl:1.7700; toa_unibet_se:1.7700; toa_williamhill:1.7300,"SportsGameOdds, THE_ODDS_API"
Pisa vs Como,2026-01-06 09:00:00,Over 2.75,2.49,2.4417,2.4e-05,6,0.005577,0.004558,3.9e-05,6,0.007228,0.006998,SBO,6,0.0483,1.76,145.81,Serie A,Over/Under,,1xBet:2.3900; Betano:2.4200; Marathonbet:2.3900; Pinnacle:2.4800; SBO:2.4900; Unibet:2.4800,API-FOOTBALL
Pisa vs Como,2026-01-06 09:00:00,Under 2.75,1.6,1.5567,2.4e-05,6,0.005577,0.004558,8.1e-05,6,0.010183,0.009071,Betano,6,0.0433,1.58,285.54,Serie A,Over/Under,,1xBet:1.5400; Betano:1.6000; Marathonbet:1.5400; Pinnacle:1.5800; SBO:1.5300; Unibet:1.5500,API-FOOTBALL
Inter Milan vs Napoli,2026-01-11 14:45:00,Over 2.5,2.12,2.0296,2.4e-05,24,0.005804,0.005013,2.5e-05,24,0.005921,0.004293,toa_onexbet,24,0.0904,1.2,1082.68,Serie A,Over/Under,,sgo_betparx:2.0400; sgo_betrivers:2.0200; sgo_bovada:2.0200; toa_betonlineag:2.0200; toa_betrivers:2.0200; toa_betsson:2.0200; toa_betus:2.0000; toa_bovada:2.0200; toa_casumo:2.0400; toa_grosvenor:2.0500; toa_gtbets:2.0200; toa_leovegas:2.0200; toa_leovegas_se:2.0600; toa_lowvig:2.0200; toa_matchbook:2.0000; toa_nordicbet:2.0200; toa_onexbet:2.1200; toa_pinnacle:2.0300; toa_playup:2.0000; toa_tabtouch:2.0400; toa_tipico_de:2.0000; toa_unibet_nl:2.0400; toa_unibet_se:2.0400; toa_williamhill:2.0500,"SportsGameOdds, THE_ODDS_API"
Inter Milan vs Napoli,2026-01-11 14:45:00,Under 2.5,1.84,1.7688,2.4e-05,24,0.005804,0.005013,0.000117,24,0.012628,0.010548,toa_onexbet,24,0.0712,2.23,1257.5,Serie A,Over/Under,,sgo_betparx:1.7519; sgo_betrivers:1.7407; sgo_bovada:1.8197; toa_betonlineag:1.8200; toa_betrivers:1.7400; toa_betsson:1.7500; toa_betus:1.8300; toa_bovada:1.8200; toa_casumo:1.7500; toa_grosvenor:1.7500; toa_gtbets:1.7800; toa_leovegas:1.7300; toa_leovegas_se:1.7600; toa_lowvig:1.8200; toa_matchbook:1.6800; toa_nordicbet:1.7500; toa_onexbet:1.8400; toa_pinnacle:1.8200; toa_playup:1.7500; toa_tabtouch:1.7500; toa_tipico_de:1.7700; toa_unibet_nl:1.7500; toa_unibet_se:1.7500; toa_williamhill:1.7300,"SportsGameOdds, THE_ODDS_API"
SC Braga vs Nottingham Forest,2026-01-22 15:00:00,Under 2.5,1.96,1.8617,2.4e-05,12,0.005791,0.004939,8e-05,12,0.010479,0.008118,toa_onexbet,12,0.0983,1.95,544.83,Europa League,Over/Under,,toa_betmgm:1.8300; toa_betonlineag:1.8700; toa_betsson:1.8200; toa_betus:1.8800; toa_bovada:1.8300; toa_codere_it:1.8800; toa_coolbet:1.8500; toa_lowvig:1.8700; toa_nordicbet:1.8200; toa_onexbet:1.9600; toa_pinnacle:1.8800; toa_williamhill:1.8500,THE_ODDS_API
SC Braga vs Nottingham Forest,2026-01-22 15:00:00,Over 2.5,1.99,1.9225,2.4e-05,12,0.005791,0.004939,8.9e-05,12,0.011088,0.009664,toa_onexbet,12,0.0675,2.13,524.47,Europa League,Over/Under,,toa_betmgm:1.8700; toa_betonlineag:1.9500; toa_betsson:1.9500; toa_betus:1.8700; toa_bovada:1.9100; toa_codere_it:1.9000; toa_coolbet:1.9300; toa_lowvig:1.9500; toa_nordicbet:1.9500; toa_onexbet:1.9900; toa_pinnacle:1.9500; toa_williamhill:1.8500,THE_ODDS_API
1. FC Köln vs Bayern Munich,2026-01-14 14:30:00,Under 3.5,2.2,2.1014,2.4e-05,14,0.005711,0.004819,5e-05,14,0.008352,0.006475,toa_onexbet,14,0.0986,1.75,566.42,Bundesliga,Over/Under,,toa_betmgm:2.0500; toa_betrivers:2.0800; toa_betsson:2.1200; toa_casumo:2.0800; toa_grosvenor:2.1000; toa_leovegas:2.0600; toa_leovegas_se:2.1000; toa_nordicbet:2.1200; toa_onexbet:2.2000; toa_playup:2.1200; toa_tabtouch:2.0800; toa_tipico_de:2.1500; toa_unibet_nl:2.0800; toa_unibet_se:2.0800,THE_ODDS_API
1. FC Köln vs Bayern Munich,2026-01-14 14:30:00,Over 3.5,1.78,1.7014,2.4e-05,14,0.005711,0.004819,8.7e-05,14,0.010829,0.007884,toa_onexbet,14,0.0786,1.84,723.12,Bundesliga,Over/Under,,toa_betmgm:1.6900; toa_betrivers:1.7000; toa_betsson:1.6800; toa_casumo:1.7100; toa_grosvenor:1.7200; toa_leovegas:1.7000; toa_leovegas_se:1.7300; toa_nordicbet:1.6800; toa_onexbet:1.7800; toa_playup:1.6500; toa_tabtouch:1.7100; toa_tipico_de:1.6500; toa_unibet_nl:1.7100; toa_unibet_se:1.7100,THE_ODDS_API
AS Monaco vs Lorient,2026-01-16 13:00:00,Over 3.0,1.95,1.9182,2.3e-05,4,0.005619,0.005016,2.8e-05,4,0.006243,0.005913,toa_bovada,4,0.0318,1.2,108.56,Ligue 1,Over/Under,,sgo_bovada:1.8929; toa_bovada:1.9500; toa_coolbet:1.9000; toa_pinnacle:1.9300,"SportsGameOdds, THE_ODDS_API"
AS Monaco vs Lorient,2026-01-16 13:00:00,Under 3.0,1.94,1.9015,2.3e-05,4,0.005619,0.005016,5.6e-05,4,0.008806,0.008704,toa_pinnacle,4,0.0385,1.67,110.42,Ligue 1,Over/Under,,sgo_bovada:1.9259; toa_bovada:1.8700; toa_coolbet:1.8700; toa_pinnacle:1.9400,"SportsGameOdds, THE_ODDS_API"
Parma vs Inter,2026-01-07 14:45:00,Under 3.25,1.63,1.61,2.3e-05,5,0.005614,0.005352,3.2e-05,5,0.006474,0.006196,Unibet,5,0.02,1.04,210.59,Serie A,Over/Under,,1xBet:1.5900; Betano:1.6200; Marathonbet:1.5900; Pinnacle:1.6200; Unibet:1.6300,API-FOOTBALL
Parma vs Inter,2026-01-07 14:45:00,Over 3.25,2.39,2.292,2.3e-05,5,0.005614,0.005352,0.000123,5,0.012969,0.011774,Pinnacle,5,0.098,2.97,118.34,Serie A,Over/Under,,1xBet:2.2200; Betano:2.3500; Marathonbet:2.2200; Pinnacle:2.3900; Unibet:2.2800,API-FOOTBALL
Livingston vs ST Mirren,2026-01-06 14:45:00,Under 3.75,1.16,1.16,2.3e-05,3,0.00463,0.004366,,3,,,Marathonbet,3,0.0,0.0,158.62,Premiership,Over/Under,,1xBet:1.1600; Marathonbet:1.1600; Unibet:1.1600,API-FOOTBALL
Livingston vs ST Mirren,2026-01-06 14:45:00,Over 3.75,4.4,4.2333,2.3e-05,3,0.00463,0.004366,4.2e-05,3,0.006454,0.006085,Unibet,3,0.1667,2.73,-29.08,Premiership,Over/Under,,1xBet:4.1500; Marathonbet:4.1500; Unibet:4.4000,API-FOOTBALL
Lazio vs Fiorentina,2026-01-07 14:45:00,Over 3.0,3.48,3.344,2.3e-05,5,0.005077,0.004589,7.7e-05,5,0.009486,0.008974,Pinnacle,5,0.136,3.17,49.67,Serie A,Over/Under,,1xBet:3.2200; Betano:3.4000; Marathonbet:3.2200; Pinnacle:3.4800; Unibet:3.4000,API-FOOTBALL
Lazio vs Fiorentina,2026-01-07 14:45:00,Under 3.0,1.34,1.322,2.3e-05,5,0.005077,0.004589,4.3e-05,5,0.006652,0.005931,Betano,5,0.018,0.88,278.24,Serie A,Over/Under,,1xBet:1.3100; Betano:1.3400; Marathonbet:1.3100; Pinnacle:1.3300; Unibet:1.3200,API-FOOTBALL
Lecce vs AS Roma,2026-01-06 12:00:00,Over 1.25,1.31,1.2825,2.3e-05,4,0.004943,0.004261,0.0001,4,0.009849,0.008247,Betano,4,0.0275,1.26,211.94,Serie A,Over/Under,,1xBet:1.2700; Betano:1.3100; Marathonbet:1.2700; Pinnacle:1.2800,API-FOOTBALL
Lecce vs AS Roma,2026-01-06 12:00:00,Under 1.25,3.8,3.6425,2.3e-05,4,0.004943,0.004261,4.8e-05,4,0.007256,0.006167,Pinnacle,4,0.1575,2.64,9.89,Serie A,Over/Under,,1xBet:3.5600; Betano:3.6500; Marathonbet:3.5600; Pinnacle:3.8000,API-FOOTBALL
Borussia M'gladbach vs FC Augsburg,2026-01-11 09:30:00,Over 2.5,1.8333,1.7682,2.3e-05,4,0.005635,0.00485,0.00011,4,0.012238,0.01018,sgo_bovada,4,0.0651,2.16,126.33,BUNDESLIGA,Over/Under,,sgo_betmgm:1.7299; sgo_betparx:1.7576; sgo_betrivers:1.7519; sgo_bovada:1.8333,SportsGameOdds
Borussia M'gladbach vs FC Augsburg,2026-01-11 09:30:00,Under 2.5,2.02,2.0051,2.3e-05,4,0.005635,0.00485,1.2e-05,4,0.004104,0.003712,sgo_betparx,4,0.0149,0.82,99.5,BUNDESLIGA,Over/Under,,sgo_betmgm:1.9804; sgo_betparx:2.0200; sgo_betrivers:2.0200; sgo_bovada:2.0000,SportsGameOdds
Bayern Munich vs VfL Wolfsburg,2026-01-11 11:30:00,Over 4.5,2.34,2.2175,2.3e-05,8,0.005574,0.005063,9e-05,8,0.011077,0.008863,toa_onexbet,8,0.1225,2.45,260.99,Bundesliga,Over/Under,,toa_betmgm:2.2000; toa_betsson:2.1800; toa_codere_it:2.2300; toa_gtbets:2.2600; toa_nordicbet:2.1800; toa_onexbet:2.3400; toa_playup:2.1500; toa_tipico_de:2.2000,THE_ODDS_API
Bayern Munich vs VfL Wolfsburg,2026-01-11 11:30:00,Under 4.5,1.7,1.64,2.3e-05,8,0.005574,0.005063,8.7e-05,8,0.010735,0.00839,toa_onexbet,8,0.06,1.76,387.96,Bundesliga,Over/Under,,toa_betmgm:1.6100; toa_betsson:1.6500; toa_codere_it:1.6400; toa_gtbets:1.6200; toa_nordicbet:1.6500; toa_onexbet:1.7000; toa_playup:1.6500; toa_tipico_de:1.6000,THE_ODDS_API
AS Roma vs Sassuolo,2026-01-10 12:00:00,Over 2.5,2.04,1.9589,2.3e-05,22,0.005698,0.004008,3.4e-05,22,0.006837,0.005358,toa_onexbet,22,0.0811,1.34,1023.28,Serie A,Over/Under,,sgo_betparx:1.9524; sgo_betrivers:1.9434; toa_betonlineag:1.9700; toa_betrivers:1.9300; toa_betsson:1.9500; toa_betus:1.9500; toa_casumo:1.9400; toa_grosvenor:1.9500; toa_gtbets:2.0000; toa_leovegas:1.9300; toa_leovegas_se:1.9600; toa_lowvig:1.9700; toa_matchbook:2.0000; toa_nordicbet:1.9500; toa_onexbet:2.0400; toa_pinnacle:1.9800; toa_playup:1.9800; toa_tabtouch:1.9400; toa_tipico_de:1.9300; toa_unibet_nl:1.9400; toa_unibet_se:1.9400; toa_williamhill:1.9500,"SportsGameOdds, THE_ODDS_API"
AS Roma vs Sassuolo,2026-01-10 12:00:00,Under 2.5,1.91,1.8151,2.3e-05,22,0.005698,0.004008,0.000101,22,0.011739,0.008495,toa_onexbet,22,0.0949,2.13,1112.58,Serie A,Over/Under,,sgo_betparx:1.8130; sgo_betrivers:1.8000; toa_betonlineag:1.8500; toa_betrivers:1.8000; toa_betsson:1.8200; toa_betus:1.8700; toa_casumo:1.8100; toa_grosvenor:1.8200; toa_gtbets:1.7800; toa_leovegas:1.7900; toa_leovegas_se:1.8300; toa_lowvig:1.8500; toa_matchbook:1.7300; toa_nordicbet:1.8200; toa_onexbet:1.9100; toa_pinnacle:1.8600; toa_playup:1.7700; toa_tabtouch:1.8100; toa_tipico_de:1.8300; toa_unibet_nl:1.8100; toa_unibet_se:1.8100; toa_williamhill:1.7500,"SportsGameOdds, THE_ODDS_API"
Newcastle United vs Leeds United,2026-01-07 15:15:00,Over 2.5,1.88,1.7958,2.2e-05,24,0.005541,0.005259,4.7e-05,24,0.008004,0.006442,toa_onexbet,24,0.0842,1.44,1236.73,Premier League,Over/Under,,sgo_betmgm:1.7692; sgo_betparx:1.7812; sgo_betrivers:1.7692; sgo_bovada:1.8197; toa_betmgm:1.7700; toa_betrivers:1.7700; toa_betsson:1.8200; toa_betus:1.8300; toa_casumo:1.7800; toa_codere_it:1.8300; toa_coolbet:1.8000; toa_grosvenor:1.7800; toa_gtbets:1.8100; toa_leovegas:1.7900; toa_leovegas_se:1.7900; toa_mybookieag:1.7800; toa_nordicbet:1.8200; toa_onexbet:1.8800; toa_playup:1.8000; toa_tabtouch:1.7800; toa_tipico_de:1.7700; toa_unibet_nl:1.7800; toa_unibet_se:1.7800; toa_williamhill:1.8000,"SportsGameOdds, THE_ODDS_API"
Newcastle United vs Leeds United,2026-01-07 15:15:00,Under 2.5,2.08,2.0126,2.2e-05,24,0.005541,0.005259,6.5e-05,24,0.009498,0.008358,toa_coolbet,24,0.0674,1.91,1092.92,Premier League,Over/Under,,sgo_betmgm:1.9524; sgo_betparx:2.0400; sgo_betrivers:2.0200; sgo_bovada:2.0200; toa_betmgm:1.9500; toa_betrivers:2.0200; toa_betsson:1.9800; toa_betus:2.0000; toa_casumo:2.0400; toa_codere_it:2.0300; toa_coolbet:2.0800; toa_grosvenor:2.0400; toa_gtbets:1.9600; toa_leovegas:2.0500; toa_leovegas_se:2.0500; toa_mybookieag:1.9700; toa_nordicbet:1.9800; toa_onexbet:2.0700; toa_playup:1.9800; toa_tabtouch:2.0400; toa_tipico_de:2.0000; toa_unibet_nl:2.0400; toa_unibet_se:2.0400; toa_williamhill:1.9500,"SportsGameOdds, THE_ODDS_API"
Rangers FC vs PFC Ludogorets Razgrad,2026-01-22 15:00:00,Over 2.5,1.84,1.7825,2.2e-05,12,0.005517,0.005203,0.000137,12,0.013666,0.010869,toa_onexbet,12,0.0575,2.43,573.61,Europa League,Over/Under,,toa_betmgm:1.7100; toa_betonlineag:1.8300; toa_betsson:1.7800; toa_betus:1.7900; toa_bovada:1.7800; toa_codere_it:1.7100; toa_coolbet:1.7600; toa_lowvig:1.8300; toa_nordicbet:1.7800; toa_onexbet:1.8400; toa_pinnacle:1.8300; toa_williamhill:1.7500,THE_ODDS_API
Rangers FC vs PFC Ludogorets Razgrad,2026-01-22 15:00:00,Under 2.5,2.12,2.0058,2.2e-05,12,0.005517,0.005203,6.4e-05,12,0.009423,0.006545,toa_onexbet,12,0.1142,1.89,498.48,Europa League,Over/Under,,toa_betmgm:2.0000; toa_betonlineag:2.0100; toa_betsson:1.9800; toa_betus:1.9700; toa_bovada:1.9800; toa_codere_it:1.9700; toa_coolbet:2.0300; toa_lowvig:2.0100; toa_nordicbet:1.9800; toa_onexbet:2.1200; toa_pinnacle:2.0200; toa_williamhill:2.0000,THE_ODDS_API
Rangers vs Aberdeen,2026-01-06 15:00:00,Under 1.25,6.25,5.8833,2.2e-05,3,0.003996,0.003767,6.8e-05,3,0.007278,0.006862,Unibet,3,0.3667,4.27,-48.91,Premiership,Over/Under,,1xBet:5.7000; Marathonbet:5.7000; Unibet:6.2500,API-FOOTBALL
Rangers vs Aberdeen,2026-01-06 15:00:00,Over 1.25,1.11,1.09,2.2e-05,3,0.003996,0.003767,0.000319,3,0.011797,0.011122,Unibet,3,0.02,1.29,175.28,Premiership,Over/Under,,1xBet:1.0800; Marathonbet:1.0800; Unibet:1.1100,API-FOOTBALL
Lecce vs AS Roma,2026-01-06 12:00:00,Under 2.25,1.84,1.7992,2.2e-05,12,0.005563,0.004993,0.000124,12,0.012999,0.010982,toa_pinnacle,12,0.0408,2.34,567.33,Serie A,Over/Under,,188Bet:1.8200; 1xBet:1.7200; Betano:1.8200; Marathonbet:1.7200; Pinnacle:1.8200; SBO:1.8200; Unibet:1.7500; toa_betanysports:1.8200; toa_betonlineag:1.8200; toa_bovada:1.8200; toa_lowvig:1.8200; toa_pinnacle:1.8400,"API-FOOTBALL, THE_ODDS_API"
Lecce vs AS Roma,2026-01-06 12:00:00,Over 2.25,2.09,2.0408,2.2e-05,12,0.005563,0.004993,3e-05,12,0.006496,0.005807,Pinnacle,12,0.0492,1.33,488.1,Serie A,Over/Under,,188Bet:2.0800; 1xBet:2.0100; Betano:2.0500; Marathonbet:2.0100; Pinnacle:2.0900; SBO:2.0400; Unibet:2.0700; toa_betanysports:2.0200; toa_betonlineag:2.0200; toa_bovada:2.0200; toa_lowvig:2.0200; toa_pinnacle:2.0600,"API-FOOTBALL, THE_ODDS_API"
Parma vs Inter,2026-01-07 14:45:00,Under 3.0,1.84,1.799,2.2e-05,10,0.005502,0.004753,3.9e-05,10,0.007349,0.005945,188Bet,10,0.041,1.32,455.96,Serie A,Over/Under,,188Bet:1.8400; 1xBet:1.7700; Betano:1.8000; Marathonbet:1.7700; Pinnacle:1.8000; SBO:1.7900; Unibet:1.8200; sgo_bovada:1.8000; toa_betus:1.7700; toa_coolbet:1.8300,"API-FOOTBALL, SportsGameOdds, THE_ODDS_API"
Parma vs Inter,2026-01-07 14:45:00,Over 3.0,2.1,2.043,2.2e-05,10,0.005502,0.004753,8.2e-05,10,0.010665,0.009223,toa_betus,10,0.057,2.18,389.71,Serie A,Over/Under,,188Bet:2.0600; 1xBet:1.9700; Betano:2.0700; Marathonbet:1.9700; Pinnacle:2.0800; SBO:2.0700; Unibet:2.0000; sgo_bovada:2.0500; toa_betus:2.1000; toa_coolbet:2.0600,"API-FOOTBALL, SportsGameOdds, THE_ODDS_API"
Qarabağ FK vs Eintracht Frankfurt,2026-01-21 12:45:00,Over 3.5,2.4,2.346,2.2e-05,5,0.005392,0.004267,2.6e-05,5,0.005903,0.004515,toa_betrivers,5,0.054,1.38,113.17,Champions League,Over/Under,,toa_betrivers:2.4000; toa_betsson:2.3500; toa_codere_it:2.3300; toa_nordicbet:2.3500; toa_playup:2.3000,THE_ODDS_API
Qarabağ FK vs Eintracht Frankfurt,2026-01-21 12:45:00,Under 3.5,1.6,1.584,2.2e-05,5,0.005392,0.004267,4.4e-05,5,0.007479,0.006109,toa_nordicbet,5,0.016,1.18,215.7,Champions League,Over/Under,,toa_betrivers:1.5500; toa_betsson:1.6000; toa_codere_it:1.5900; toa_nordicbet:1.6000; toa_playup:1.5800,THE_ODDS_API
Girona vs CA Osasuna,2026-01-10 12:30:00,Under 2.5,1.81,1.729,2.2e-05,20,0.005536,0.004066,7.5e-05,20,0.010067,0.007852,toa_onexbet,20,0.081,1.74,1057.1,La Liga,Over/Under,,toa_betmgm:1.7400; toa_betrivers:1.7000; toa_betsson:1.7200; toa_bovada:1.8000; toa_casumo:1.7100; toa_codere_it:1.7600; toa_coolbet:1.7500; toa_grosvenor:1.7200; toa_leovegas:1.7000; toa_leovegas_se:1.7300; toa_matchbook:1.7500; toa_nordicbet:1.7200; toa_onexbet:1.8100; toa_playup:1.7000; toa_tabtouch:1.7100; toa_tipico_de:1.7000; toa_unibet:1.7100; toa_unibet_nl:1.7100; toa_unibet_se:1.7100; toa_williamhill:1.7300,THE_ODDS_API
Girona vs CA Osasuna,2026-01-10 12:30:00,Over 2.5,2.18,2.097,2.2e-05,20,0.005536,0.004066,5.9e-05,20,0.009031,0.006312,toa_matchbook,20,0.083,1.89,854.08,La Liga,Over/Under,,toa_betmgm:2.0000; toa_betrivers:2.0800; toa_betsson:2.0800; toa_bovada:2.0500; toa_casumo:2.1000; toa_codere_it:2.1200; toa_coolbet:2.1500; toa_grosvenor:2.1000; toa_leovegas:2.0800; toa_leovegas_se:2.1200; toa_matchbook:2.1800; toa_nordicbet:2.0800; toa_onexbet:2.1700; toa_playup:2.0800; toa_tabtouch:2.1000; toa_tipico_de:2.1000; toa_unibet:2.1000; toa_unibet_nl:2.1000; toa_unibet_se:2.1000; toa_williamhill:2.0500,THE_ODDS_API
Aston Villa vs Everton,2026-01-18 11:30:00,Under 2.5,1.95,1.8754,2.2e-05,22,0.005518,0.004812,6.3e-05,22,0.009303,0.008227,toa_onexbet,22,0.0746,1.74,1073.45,Premier League,Over/Under,,sgo_betparx:1.8621; sgo_betrivers:1.8475; sgo_bovada:1.9091; toa_betonlineag:1.9000; toa_betrivers:1.8500; toa_betsson:1.9200; toa_bovada:1.9100; toa_casumo:1.8500; toa_grosvenor:1.8500; toa_leovegas:1.8700; toa_leovegas_se:1.8700; toa_lowvig:1.9000; toa_mybookieag:1.8300; toa_nordicbet:1.9200; toa_onexbet:1.9500; toa_pinnacle:1.9100; toa_playup:1.8800; toa_tabtouch:1.8500; toa_tipico_de:1.8500; toa_unibet_nl:1.8500; toa_unibet_se:1.8500; toa_williamhill:1.8300,"SportsGameOdds, THE_ODDS_API"
Aston Villa vs Everton,2026-01-18 11:30:00,Over 2.5,1.99,1.9186,2.2e-05,22,0.005518,0.004812,4.2e-05,22,0.007661,0.005713,toa_onexbet,22,0.0714,1.47,1046.94,Premier League,Over/Under,,sgo_betparx:1.9434; sgo_betrivers:1.9259; sgo_bovada:1.9091; toa_betonlineag:1.9200; toa_betrivers:1.9300; toa_betsson:1.8800; toa_bovada:1.9100; toa_casumo:1.9300; toa_grosvenor:1.9300; toa_leovegas:1.9400; toa_leovegas_se:1.9400; toa_lowvig:1.9200; toa_mybookieag:1.8800; toa_nordicbet:1.8800; toa_onexbet:1.9900; toa_pinnacle:1.9300; toa_playup:1.8500; toa_tabtouch:1.9300; toa_tipico_de:1.9000; toa_unibet_nl:1.9300; toa_unibet_se:1.9300; toa_williamhill:1.9100,"SportsGameOdds, THE_ODDS_API"
Bologna vs Atalanta,2026-01-07 12:30:00,Under 3.5,1.33,1.3078,2.2e-05,9,0.004907,0.004225,7.4e-05,9,0.008583,0.007626,Bet365,9,0.0222,1.12,588.28,Serie A,Over/Under,,10Bet:1.3000; 1xBet:1.2900; Bet365:1.3300; Betano:1.3300; Betfair:1.3000; Marathonbet:1.2900; Pinnacle:1.3200; Superbet:1.3100; Unibet:1.3000,API-FOOTBALL
Bologna vs Atalanta,2026-01-07 12:30:00,Over 3.5,3.55,3.3711,2.2e-05,9,0.004907,0.004225,6.5e-05,9,0.008708,0.006792,Pinnacle,9,0.1789,2.93,167.2,Serie A,Over/Under,,10Bet:3.3500; 1xBet:3.2200; Bet365:3.4000; Betano:3.3500; Betfair:3.4000; Marathonbet:3.2200; Pinnacle:3.5500; Superbet:3.4500; Unibet:3.4000,API-FOOTBALL
AS Roma vs VfB Stuttgart,2026-01-22 15:00:00,Under 2.75,1.93,1.91,2.2e-05,4,0.005515,0.004757,2.2e-05,4,0.005483,0.005483,toa_lowvig,4,0.02,1.05,109.45,Europa League,Over/Under,,toa_betonlineag:1.9300; toa_bovada:1.8900; toa_lowvig:1.9300; toa_pinnacle:1.8900,THE_ODDS_API
AS Roma vs VfB Stuttgart,2026-01-22 15:00:00,Over 2.75,1.94,1.8875,2.2e-05,4,0.005515,0.004757,6e-05,4,0.009079,0.007247,toa_pinnacle,4,0.0525,1.71,111.98,Europa League,Over/Under,,toa_betonlineag:1.8800; toa_bovada:1.8500; toa_lowvig:1.8800; toa_pinnacle:1.9400,THE_ODDS_API
Crystal Palace vs Aston Villa,2026-01-07 14:30:00,Over 3.25,3.0,2.93,2.2e-05,5,0.005161,0.004441,1.8e-05,5,0.004791,0.004165,Unibet,5,0.07,1.4,70.68,Premier League,Over/Under,,1xBet:2.8900; Betano:2.9200; Marathonbet:2.8900; Pinnacle:2.9500; Unibet:3.0000,API-FOOTBALL
Crystal Palace vs Aston Villa,2026-01-07 14:30:00,Under 3.25,1.44,1.392,2.2e-05,5,0.005161,0.004441,0.000246,5,0.016636,0.015555,Betano,5,0.048,2.31,259.39,Premier League,Over/Under,,1xBet:1.3600; Betano:1.4400; Marathonbet:1.3600; Pinnacle:1.4200; Unibet:1.3800,API-FOOTBALL
Salzburg vs FC Basel,2026-01-22 15:00:00,Under 2.5,2.41,2.2725,2.1e-05,4,0.005355,0.004333,0.000193,4,0.016213,0.013889,toa_onexbet,4,0.1375,3.68,76.26,Europa League,Over/Under,,toa_betmgm:2.2000; toa_codere_it:2.2800; toa_onexbet:2.4100; toa_williamhill:2.2000,THE_ODDS_API
Salzburg vs FC Basel,2026-01-22 15:00:00,Over 2.5,1.67,1.6175,2.1e-05,4,0.005355,0.004333,0.000141,4,0.013569,0.010494,toa_onexbet,4,0.0525,2.19,147.41,Europa League,Over/Under,,toa_betmgm:1.5700; toa_codere_it:1.6100; toa_onexbet:1.6700; toa_williamhill:1.6200,THE_ODDS_API
Bayern Munich vs Union Saint-Gilloise,2026-01-21 15:00:00,Under 3.5,2.3,2.2312,2.1e-05,16,0.00533,0.004374,4.3e-05,16,0.007673,0.006287,toa_onexbet,16,0.0687,1.71,617.3,Champions League,Over/Under,,toa_betmgm:2.2000; toa_betrivers:2.2500; toa_betsson:2.1800; toa_casumo:2.2500; toa_codere_it:2.2200; toa_grosvenor:2.2500; toa_gtbets:2.2100; toa_leovegas:2.2300; toa_leovegas_se:2.2800; toa_nordicbet:2.1800; toa_onexbet:2.3000; toa_playup:2.1500; toa_tabtouch:2.2500; toa_unibet:2.2500; toa_unibet_nl:2.2500; toa_unibet_se:2.2500,THE_ODDS_API
Bayern Munich vs Union Saint-Gilloise,2026-01-21 15:00:00,Over 3.5,1.72,1.6456,2.1e-05,16,0.00533,0.004374,7.2e-05,16,0.009756,0.006896,toa_onexbet,16,0.0744,1.6,872.53,Champions League,Over/Under,,toa_betmgm:1.6100; toa_betrivers:1.6300; toa_betsson:1.6800; toa_casumo:1.6400; toa_codere_it:1.6400; toa_grosvenor:1.6400; toa_gtbets:1.6100; toa_leovegas:1.6200; toa_leovegas_se:1.6500; toa_nordicbet:1.6800; toa_onexbet:1.7200; toa_playup:1.6500; toa_tabtouch:1.6400; toa_unibet:1.6400; toa_unibet_nl:1.6400; toa_unibet_se:1.6400,THE_ODDS_API
VfB Stuttgart vs Eintracht Frankfurt,2026-01-13 12:30:00,Under 2.5,2.4,2.2911,2.1e-05,18,0.005313,0.004105,5.7e-05,18,0.008844,0.006359,toa_onexbet,18,0.1089,2.03,685.97,Bundesliga,Over/Under,,sgo_betmgm:2.2000; sgo_betparx:2.3000; sgo_betrivers:2.3000; toa_betmgm:2.2000; toa_betrivers:2.3000; toa_betsson:2.2800; toa_casumo:2.3000; toa_grosvenor:2.3200; toa_leovegas:2.2800; toa_leovegas_se:2.3300; toa_nordicbet:2.2800; toa_onexbet:2.4000; toa_playup:2.2500; toa_tabtouch:2.3000; toa_tipico_de:2.3500; toa_unibet_nl:2.3000; toa_unibet_se:2.3000; toa_williamhill:2.2500,"SportsGameOdds, THE_ODDS_API"
VfB Stuttgart vs Eintracht Frankfurt,2026-01-13 12:30:00,Over 2.5,1.67,1.5873,2.1e-05,18,0.005313,0.004105,7e-05,18,0.009577,0.007292,toa_onexbet,18,0.0827,1.52,1034.26,Bundesliga,Over/Under,,sgo_betmgm:1.5988; sgo_betparx:1.5814; sgo_betrivers:1.5814; toa_betmgm:1.6100; toa_betrivers:1.5700; toa_betsson:1.6000; toa_casumo:1.5700; toa_grosvenor:1.6000; toa_leovegas:1.5600; toa_leovegas_se:1.6000; toa_nordicbet:1.6000; toa_onexbet:1.6700; toa_playup:1.5800; toa_tabtouch:1.5700; toa_tipico_de:1.5700; toa_unibet_nl:1.5700; toa_unibet_se:1.5700; toa_williamhill:1.5700,"SportsGameOdds, THE_ODDS_API"
Parma vs Inter,2026-01-07 14:45:00,Under 3.5,1.52,1.4922,2e-05,9,0.005017,0.004547,3.9e-05,9,0.006953,0.00589,Betano,9,0.0278,1.04,503.19,Serie A,Over/Under,,10Bet:1.4800; 1xBet:1.4700; Bet365:1.5000; Betano:1.5200; Betfair:1.5000; Marathonbet:1.4700; Pinnacle:1.5000; Superbet:1.4900; Unibet:1.5000,API-FOOTBALL
Parma vs Inter,2026-01-07 14:45:00,Over 3.5,2.67,2.5778,2e-05,9,0.005017,0.004547,8.3e-05,9,0.01048,0.009153,Pinnacle,9,0.0922,2.7,249.39,Serie A,Over/Under,,10Bet:2.6000; 1xBet:2.4700; Bet365:2.6200; Betano:2.6200; Betfair:2.5500; Marathonbet:2.4700; Pinnacle:2.6700; Superbet:2.6500; Unibet:2.5500,API-FOOTBALL
TSG Hoffenheim vs Borussia Monchengladbach,2026-01-14 14:30:00,Over 2.5,1.67,1.588,2e-05,15,0.005166,0.004136,0.000108,15,0.011873,0.01003,toa_onexbet,15,0.082,1.88,844.93,Bundesliga,Over/Under,,toa_betmgm:1.5700; toa_betrivers:1.5700; toa_betsson:1.6200; toa_casumo:1.5700; toa_grosvenor:1.6000; toa_leovegas:1.5600; toa_leovegas_se:1.6100; toa_nordicbet:1.6200; toa_onexbet:1.6700; toa_playup:1.6000; toa_tabtouch:1.5700; toa_tipico_de:1.5700; toa_unibet_nl:1.5700; toa_unibet_se:1.5700; toa_williamhill:1.5500,THE_ODDS_API
TSG Hoffenheim vs Borussia Monchengladbach,2026-01-14 14:30:00,Under 2.5,2.4,2.296,2e-05,15,0.005166,0.004136,4.7e-05,15,0.00799,0.005234,toa_onexbet,15,0.104,1.83,553.53,Bundesliga,Over/Under,,toa_betmgm:2.2500; toa_betrivers:2.2800; toa_betsson:2.2800; toa_casumo:2.3000; toa_grosvenor:2.3000; toa_leovegas:2.2800; toa_leovegas_se:2.3200; toa_nordicbet:2.2800; toa_onexbet:2.4000; toa_playup:2.2000; toa_tabtouch:2.3000; toa_tipico_de:2.3500; toa_unibet_nl:2.3000; toa_unibet_se:2.3000; toa_williamhill:2.3000,THE_ODDS_API
Bournemouth vs Tottenham,2026-01-07 14:30:00,Under 3.5,1.47,1.4278,2e-05,9,0.004943,0.004423,0.000203,9,0.015309,0.013645,Betano,9,0.0422,2.18,530.65,Premier League,Over/Under,,10Bet:1.4400; 1xBet:1.3800; Bet365:1.4400; Betano:1.4700; Betfair:1.4000; Marathonbet:1.3800; Pinnacle:1.4500; Superbet:1.4500; Unibet:1.4400,API-FOOTBALL
Bournemouth vs Tottenham,2026-01-07 14:30:00,Over 3.5,2.84,2.7778,2e-05,9,0.004943,0.004423,1e-05,9,0.003617,0.003047,Pinnacle,9,0.0622,1.0,224.03,Premier League,Over/Under,,10Bet:2.7500; 1xBet:2.7600; Bet365:2.7500; Betano:2.7700; Betfair:2.8000; Marathonbet:2.7600; Pinnacle:2.8400; Superbet:2.7700; Unibet:2.8000,API-FOOTBALL
Everton vs Wolves,2026-01-07 14:30:00,Over 2.75,2.48,2.426,2e-05,5,0.005074,0.004461,6.4e-05,5,0.0093,0.009056,Unibet,5,0.054,2.26,106.2,Premier League,Over/Under,,1xBet:2.3600; Betano:2.4700; Marathonbet:2.3600; Pinnacle:2.4600; Unibet:2.4800,API-FOOTBALL
Everton vs Wolves,2026-01-07 14:30:00,Under 2.75,1.59,1.56,2e-05,5,0.005074,0.004461,4.2e-05,5,0.0073,0.006538,Pinnacle,5,0.03,1.14,220.55,Premier League,Over/Under,,1xBet:1.5500; Betano:1.5700; Marathonbet:1.5500; Pinnacle:1.5900; Unibet:1.5400,API-FOOTBALL
West Ham vs Nottingham Forest,2026-01-06 15:00:00,Under 3.0,1.51,1.485,2e-05,6,0.005108,0.004441,4.3e-05,6,0.007261,0.006793,Pinnacle,6,0.025,1.08,304.09,Premier League,Over/Under,,1xBet:1.4700; Betano:1.5000; Marathonbet:1.4700; Pinnacle:1.5100; SBO:1.4900; Unibet:1.4700,API-FOOTBALL
West Ham vs Nottingham Forest,2026-01-06 15:00:00,Over 3.0,2.7,2.6183,2e-05,6,0.005108,0.004441,7.3e-05,6,0.009786,0.009494,Unibet,6,0.0817,2.56,129.3,Premier League,Over/Under,,1xBet:2.5400; Betano:2.6700; Marathonbet:2.5400; Pinnacle:2.6800; SBO:2.5800; Unibet:2.7000,API-FOOTBALL
Enfield Town vs Hampton & Richmond,2026-01-06 14:45:00,Under 2.75,1.85,1.8067,2e-05,6,0.005211,0.003746,0.000123,6,0.012981,0.011748,188Bet,6,0.0433,2.34,232.28,National League - South,Over/Under,,188Bet:1.8500; 1xBet:1.7500; Betano:1.8200; Marathonbet:1.7500; Pinnacle:1.8500; SBO:1.8200,API-FOOTBALL
Enfield Town vs Hampton & Richmond,2026-01-06 14:45:00,Over 2.75,1.96,1.91,2e-05,6,0.005211,0.003746,6.5e-05,6,0.009471,0.009131,Pinnacle,6,0.05,1.81,214.24,National League - South,Over/Under,,188Bet:1.8700; 1xBet:1.8800; Betano:1.9300; Marathonbet:1.8800; Pinnacle:1.9600; SBO:1.9400,API-FOOTBALL
SC Freiburg vs Hamburger SV,2026-01-10 09:30:00,Under 2.5,2.08,2.0192,2e-05,23,0.005253,0.004899,5.2e-05,23,0.008526,0.006923,toa_onexbet,23,0.0608,1.72,1039.38,Bundesliga,Over/Under,,sgo_betmgm:1.9524; sgo_betparx:2.0400; sgo_betrivers:2.0200; sgo_bovada:2.0200; toa_betmgm:1.9500; toa_betrivers:2.0200; toa_betsson:1.9800; toa_casumo:2.0400; toa_codere_it:2.0500; toa_coolbet:2.0300; toa_grosvenor:2.0400; toa_gtbets:1.9900; toa_leovegas:2.0200; toa_leovegas_se:2.0500; toa_matchbook:2.0800; toa_nordicbet:1.9800; toa_onexbet:2.0800; toa_playup:1.9800; toa_tabtouch:2.0400; toa_tipico_de:2.0000; toa_unibet_nl:2.0400; toa_unibet_se:2.0400; toa_williamhill:2.0000,"SportsGameOdds, THE_ODDS_API"
SC Freiburg vs Hamburger SV,2026-01-10 09:30:00,Over 2.5,1.87,1.7727,2e-05,23,0.005253,0.004899,7.8e-05,23,0.010295,0.007623,toa_onexbet,23,0.0973,1.82,1197.92,Bundesliga,Over/Under,,sgo_betmgm:1.7692; sgo_betparx:1.7519; sgo_betrivers:1.7407; sgo_bovada:1.8197; toa_betmgm:1.7700; toa_betrivers:1.7400; toa_betsson:1.7800; toa_casumo:1.7500; toa_codere_it:1.8100; toa_coolbet:1.7600; toa_grosvenor:1.7600; toa_gtbets:1.7900; toa_leovegas:1.7300; toa_leovegas_se:1.7700; toa_matchbook:1.8400; toa_nordicbet:1.7800; toa_onexbet:1.8700; toa_playup:1.7700; toa_tabtouch:1.7500; toa_tipico_de:1.7700; toa_unibet_nl:1.7500; toa_unibet_se:1.7500; toa_williamhill:1.7500,"SportsGameOdds, THE_ODDS_API"
Dinamo Zagreb vs FCSB,2026-01-22 15:00:00,Under 2.5,2.04,1.9791,1.9e-05,11,0.005084,0.004955,8.5e-05,11,0.010831,0.008744,toa_onexbet,11,0.0609,2.14,456.06,Europa League,Over/Under,,toa_betmgm:1.9100; toa_betonlineag:2.0200; toa_betsson:1.9800; toa_bovada:1.9800; toa_codere_it:1.9500; toa_coolbet:1.9600; toa_lowvig:2.0200; toa_nordicbet:1.9800; toa_onexbet:2.0400; toa_pinnacle:2.0200; toa_williamhill:1.9100,THE_ODDS_API
Dinamo Zagreb vs FCSB,2026-01-22 15:00:00,Over 2.5,1.91,1.8155,1.9e-05,11,0.005084,0.004955,7.9e-05,11,0.010414,0.00752,toa_onexbet,11,0.0945,1.89,506.13,Europa League,Over/Under,,toa_betmgm:1.8000; toa_betonlineag:1.8200; toa_betsson:1.7800; toa_bovada:1.7800; toa_codere_it:1.8300; toa_coolbet:1.8200; toa_lowvig:1.8200; toa_nordicbet:1.7800; toa_onexbet:1.9100; toa_pinnacle:1.8300; toa_williamhill:1.8000,THE_ODDS_API
Bologna vs Atalanta,2026-01-07 12:30:00,Under 2.75,1.67,1.6617,1.9e-05,6,0.005115,0.004402,8e-06,6,0.003257,0.003021,Unibet,6,0.0083,0.54,261.09,Serie A,Over/Under,,1xBet:1.6500; Betano:1.6700; Marathonbet:1.6500; Pinnacle:1.6600; SBO:1.6700; Unibet:1.6700,API-FOOTBALL
Bologna vs Atalanta,2026-01-07 12:30:00,Over 2.75,2.31,2.225,1.9e-05,6,0.005115,0.004402,7.8e-05,6,0.010321,0.009057,Pinnacle,6,0.085,2.3,169.81,Serie A,Over/Under,,1xBet:2.1700; Betano:2.2700; Marathonbet:2.1700; Pinnacle:2.3100; SBO:2.2300; Unibet:2.2000,API-FOOTBALL
Livingston vs ST Mirren,2026-01-06 14:45:00,Under 4.25,1.07,1.0633,1.9e-05,3,0.003648,0.003439,5.4e-05,3,0.004156,0.003919,Unibet,3,0.0067,0.44,182.14,Premiership,Over/Under,,1xBet:1.0600; Marathonbet:1.0600; Unibet:1.0700,API-FOOTBALL
Livingston vs ST Mirren,2026-01-06 14:45:00,Over 4.25,6.5,6.2,1.9e-05,3,0.003648,0.003439,3.9e-05,3,0.005394,0.005086,Unibet,3,0.3,3.34,-51.56,Premiership,Over/Under,,1xBet:6.0500; Marathonbet:6.0500; Unibet:6.5000,API-FOOTBALL
Pisa vs Como,2026-01-06 09:00:00,Under 1.25,4.38,4.1433,1.9e-05,3,0.004309,0.003974,9.1e-05,3,0.00958,0.008954,Pinnacle,3,0.2367,3.96,-27.48,Serie A,Over/Under,,1xBet:4.0000; Marathonbet:4.0500; Pinnacle:4.3800,API-FOOTBALL
Pisa vs Como,2026-01-06 09:00:00,Over 1.25,1.23,1.2033,1.9e-05,3,0.004309,0.003974,0.000209,3,0.012883,0.012146,Pinnacle,3,0.0267,1.55,149.37,Serie A,Over/Under,,1xBet:1.1900; Marathonbet:1.1900; Pinnacle:1.2300,API-FOOTBALL
Lecce vs AS Roma,2026-01-06 12:00:00,Under 2.0,2.16,2.0988,1.9e-05,8,0.005055,0.004475,0.000105,8,0.012033,0.010717,toa_coolbet,8,0.0613,2.52,281.42,Serie A,Over/Under,,1xBet:2.0200; Betano:2.1200; Marathonbet:2.0200; Pinnacle:2.1400; SBO:2.1100; Unibet:2.0700; toa_betus:2.1500; toa_coolbet:2.1600,"API-FOOTBALL, THE_ODDS_API"
Lecce vs AS Roma,2026-01-06 12:00:00,Over 2.0,1.76,1.7475,1.9e-05,8,0.005055,0.004475,1.1e-05,8,0.003937,0.003491,toa_coolbet,8,0.0125,0.69,357.82,Serie A,Over/Under,,1xBet:1.7300; Betano:1.7500; Marathonbet:1.7300; Pinnacle:1.7600; SBO:1.7600; Unibet:1.7500; toa_betus:1.7400; toa_coolbet:1.7600,"API-FOOTBALL, THE_ODDS_API"
Lecce vs AS Roma,2026-01-06 12:00:00,Over 1.5,1.45,1.437,1.9e-05,10,0.004921,0.004074,4.2e-05,10,0.006965,0.005319,Marathonbet,10,0.013,1.0,595.97,Serie A,Over/Under,,10Bet:1.4400; 1xBet:1.4500; Bet365:1.4400; Betano:1.4500; Betfair:1.4400; Marathonbet:1.4500; Pinnacle:1.4400; Superbet:1.4400; Unibet:1.4100; sgo_betparx:1.4098,"API-FOOTBALL, SportsGameOdds"
Lecce vs AS Roma,2026-01-06 12:00:00,Under 1.5,2.88,2.8,1.9e-05,10,0.004921,0.004074,3.4e-05,10,0.006628,0.00517,Pinnacle,10,0.08,1.86,257.26,Serie A,Over/Under,,10Bet:2.7500; 1xBet:2.8100; Bet365:2.7500; Betano:2.8500; Betfair:2.7000; Marathonbet:2.8100; Pinnacle:2.8800; Superbet:2.8000; Unibet:2.8000; sgo_betparx:2.8500,"API-FOOTBALL, SportsGameOdds"
Hamburger SV vs Bayer Leverkusen,2026-01-13 14:30:00,Over 2.5,1.7,1.6113,1.8e-05,15,0.004909,0.0047,7.6e-05,15,0.009981,0.006197,toa_onexbet,15,0.0887,1.61,831.15,Bundesliga,Over/Under,,toa_betmgm:1.6100; toa_betrivers:1.6000; toa_betsson:1.6200; toa_casumo:1.6000; toa_grosvenor:1.6100; toa_leovegas:1.5700; toa_leovegas_se:1.6200; toa_nordicbet:1.6200; toa_onexbet:1.7000; toa_playup:1.6000; toa_tabtouch:1.6000; toa_tipico_de:1.6000; toa_unibet_nl:1.6000; toa_unibet_se:1.6000; toa_williamhill:1.6200,THE_ODDS_API
Hamburger SV vs Bayer Leverkusen,2026-01-13 14:30:00,Under 2.5,2.34,2.2607,1.8e-05,15,0.004909,0.0047,4.9e-05,15,0.008188,0.007199,toa_onexbet,15,0.0793,1.85,563.75,Bundesliga,Over/Under,,toa_betmgm:2.2000; toa_betrivers:2.2800; toa_betsson:2.2200; toa_casumo:2.2800; toa_grosvenor:2.2800; toa_leovegas:2.2500; toa_leovegas_se:2.3000; toa_nordicbet:2.2200; toa_onexbet:2.3400; toa_playup:2.2000; toa_tabtouch:2.2800; toa_tipico_de:2.3000; toa_unibet_nl:2.2800; toa_unibet_se:2.2800; toa_williamhill:2.2000,THE_ODDS_API
Sassuolo vs Juventus,2026-01-06 14:45:00,Over 2.5,2.04,1.9455,1.8e-05,40,0.005035,0.004245,9.5e-05,40,0.011498,0.009895,toa_matchbook,40,0.0945,2.24,1957.02,Serie A,Over/Under,,10Bet:1.9300; 188Bet:2.0200; 1xBet:2.0000; Bet365:1.9100; Betano:1.9800; Betfair:1.9000; Marathonbet:1.9400; Pinnacle:1.9800; SBO:1.9800; Superbet:1.9500; Unibet:1.9200; sgo_betmgm:1.9009; sgo_betparx:1.9091; sgo_betrivers:1.9009; sgo_bovada:1.9804; toa_betanysports:1.9600; toa_betmgm:1.9100; toa_betonlineag:1.9600; toa_betrivers:1.8900; toa_betsson:1.9500; toa_betus:2.0000; toa_bovada:1.9800; toa_casumo:1.9100; toa_codere_it:1.9900; toa_coolbet:1.9800; toa_grosvenor:1.9200; toa_gtbets:1.9700; toa_leovegas:1.8800; toa_leovegas_se:1.9300; toa_lowvig:1.9600; toa_matchbook:2.0400; toa_nordicbet:1.9500; toa_onexbet:2.0100; toa_pinnacle:2.0200; toa_playup:1.9300; toa_tabtouch:1.9100; toa_tipico_de:1.9000; toa_unibet_nl:1.9100; toa_unibet_se:1.9100; toa_williamhill:1.8500,"API-FOOTBALL, SportsGameOdds, THE_ODDS_API"
Sassuolo vs Juventus,2026-01-06 14:45:00,Under 2.5,1.95,1.8596,1.8e-05,40,0.005035,0.004245,7.2e-05,40,0.009987,0.007555,toa_matchbook,40,0.0904,1.86,2051.71,Serie A,Over/Under,,10Bet:1.8500; 188Bet:1.8800; 1xBet:1.9400; Bet365:1.9100; Betano:1.8700; Betfair:1.8700; Marathonbet:1.8900; Pinnacle:1.9000; SBO:1.8800; Superbet:1.8500; Unibet:1.8800; sgo_betmgm:1.8000; sgo_betparx:1.8475; sgo_betrivers:1.8403; sgo_bovada:1.8475; toa_betanysports:1.8600; toa_betmgm:1.8000; toa_betonlineag:1.8600; toa_betrivers:1.8300; toa_betsson:1.8200; toa_betus:1.8300; toa_bovada:1.8500; toa_casumo:1.8500; toa_codere_it:1.8600; toa_coolbet:1.9100; toa_grosvenor:1.8500; toa_gtbets:1.8100; toa_leovegas:1.8300; toa_leovegas_se:1.8700; toa_lowvig:1.8600; toa_matchbook:1.9500; toa_nordicbet:1.8200; toa_onexbet:1.9400; toa_pinnacle:1.8700; toa_playup:1.8300; toa_tabtouch:1.8500; toa_tipico_de:1.8500; toa_unibet_nl:1.8500; toa_unibet_se:1.8500; toa_williamhill:1.8300,"API-FOOTBALL, SportsGameOdds, THE_ODDS_API"
Lecce vs AS Roma,2026-01-06 12:00:00,Under 3.0,1.31,1.268,1.8e-05,5,0.004437,0.003342,0.00048,5,0.020993,0.019045,Betano,5,0.042,2.66,294.6,Serie A,Over/Under,,1xBet:1.2300; Betano:1.3100; Marathonbet:1.2300; Pinnacle:1.3000; Unibet:1.2700,API-FOOTBALL
Lecce vs AS Roma,2026-01-06 12:00:00,Over 3.0,3.75,3.614,1.8e-05,5,0.004437,0.003342,4.3e-05,5,0.006864,0.006136,Unibet,5,0.136,2.48,38.44,Serie A,Over/Under,,1xBet:3.5200; Betano:3.6000; Marathonbet:3.5200; Pinnacle:3.6800; Unibet:3.7500,API-FOOTBALL
Wolverhampton Wanderers vs Newcastle United,2026-01-18 09:00:00,Over 2.5,1.79,1.7233,1.8e-05,18,0.004938,0.003746,5.2e-05,18,0.008408,0.005941,toa_onexbet,18,0.0667,1.45,944.75,Premier League,Over/Under,,sgo_betmgm:1.6803; sgo_betparx:1.7194; sgo_betrivers:1.7092; toa_betrivers:1.7100; toa_betsson:1.7500; toa_casumo:1.7200; toa_grosvenor:1.7200; toa_leovegas:1.7300; toa_leovegas_se:1.7300; toa_mybookieag:1.6800; toa_nordicbet:1.7500; toa_onexbet:1.7900; toa_playup:1.7500; toa_tabtouch:1.7200; toa_tipico_de:1.7200; toa_unibet_nl:1.7200; toa_unibet_se:1.7200; toa_williamhill:1.7000,"SportsGameOdds, THE_ODDS_API"
Wolverhampton Wanderers vs Newcastle United,2026-01-18 09:00:00,Under 2.5,2.19,2.0961,1.8e-05,18,0.004938,0.003746,6e-05,18,0.009144,0.007579,toa_onexbet,18,0.0939,1.92,759.05,Premier League,Over/Under,,sgo_betmgm:2.0500; sgo_betparx:2.1200; sgo_betrivers:2.1000; toa_betrivers:2.1000; toa_betsson:2.0500; toa_casumo:2.1200; toa_grosvenor:2.1200; toa_leovegas:2.1200; toa_leovegas_se:2.1200; toa_mybookieag:2.0600; toa_nordicbet:2.0500; toa_onexbet:2.1900; toa_playup:2.0200; toa_tabtouch:2.1200; toa_tipico_de:2.1000; toa_unibet_nl:2.1200; toa_unibet_se:2.1200; toa_williamhill:2.0500,"SportsGameOdds, THE_ODDS_API"
Pisa vs Como,2026-01-06 09:00:00,Under 1.75,2.87,2.766,1.8e-05,5,0.004785,0.004524,9e-05,5,0.010736,0.010146,Pinnacle,5,0.104,2.97,80.92,Serie A,Over/Under,,1xBet:2.6700; Betano:2.8200; Marathonbet:2.6700; Pinnacle:2.8700; Unibet:2.8000,API-FOOTBALL
Pisa vs Como,2026-01-06 09:00:00,Over 1.75,1.45,1.434,1.8e-05,5,0.004785,0.004524,3.7e-05,5,0.006584,0.006206,Pinnacle,5,0.016,0.94,248.71,Serie A,Over/Under,,1xBet:1.4200; Betano:1.4500; Marathonbet:1.4200; Pinnacle:1.4500; Unibet:1.4300,API-FOOTBALL
Bournemouth vs Tottenham,2026-01-07 14:30:00,Under 1.75,3.91,3.73,1.7e-05,3,0.004207,0.003966,7.4e-05,3,0.008943,0.008431,Pinnacle,3,0.18,3.33,-19.48,Premier League,Over/Under,,1xBet:3.6400; Marathonbet:3.6400; Pinnacle:3.9100,API-FOOTBALL
Bournemouth vs Tottenham,2026-01-07 14:30:00,Over 1.75,1.27,1.25,1.7e-05,3,0.004207,0.003966,9e-05,3,0.00898,0.008467,Pinnacle,3,0.02,1.12,140.03,Premier League,Over/Under,,1xBet:1.2400; Marathonbet:1.2400; Pinnacle:1.2700,API-FOOTBALL
Paris FC vs Angers,2026-01-25 11:15:00,Over 2.5,2.08,2.0242,1.7e-05,19,0.004909,0.003029,4.8e-05,19,0.008124,0.00466,toa_onexbet,19,0.0558,1.64,838.88,Ligue 1,Over/Under,,sgo_betparx:2.0200; sgo_betrivers:2.0400; sgo_bovada:2.0500; toa_betrivers:2.0400; toa_betsson:2.0200; toa_bovada:2.0500; toa_casumo:2.0200; toa_grosvenor:2.0400; toa_leovegas:2.0200; toa_leovegas_se:2.0200; toa_nordicbet:2.0200; toa_onexbet:2.0800; toa_pinnacle:2.0500; toa_tabtouch:2.0200; toa_tipico_de:2.0000; toa_unibet:2.0200; toa_unibet_nl:2.0200; toa_unibet_se:2.0200; toa_williamhill:1.9100,"SportsGameOdds, THE_ODDS_API"
Paris FC vs Angers,2026-01-25 11:15:00,Under 2.5,1.87,1.7734,1.7e-05,19,0.004909,0.003029,5.6e-05,19,0.00876,0.006644,toa_onexbet,19,0.0966,1.55,971.64,Ligue 1,Over/Under,,sgo_betparx:1.7576; sgo_betrivers:1.7576; sgo_bovada:1.8000; toa_betrivers:1.7600; toa_betsson:1.7500; toa_bovada:1.8000; toa_casumo:1.7600; toa_grosvenor:1.7600; toa_leovegas:1.7600; toa_leovegas_se:1.7600; toa_nordicbet:1.7500; toa_onexbet:1.8700; toa_pinnacle:1.8000; toa_tabtouch:1.7600; toa_tipico_de:1.7700; toa_unibet:1.7600; toa_unibet_nl:1.7600; toa_unibet_se:1.7600; toa_williamhill:1.8000,"SportsGameOdds, THE_ODDS_API"
West Ham vs Nottingham Forest,2026-01-06 15:00:00,Over 3.25,3.05,2.952,1.7e-05,5,0.004555,0.003474,6.5e-05,5,0.008984,0.008528,Unibet,5,0.098,2.65,69.5,Premier League,Over/Under,,1xBet:2.8600; Betano:3.0000; Marathonbet:2.8600; Pinnacle:2.9900; Unibet:3.0500,API-FOOTBALL
West Ham vs Nottingham Forest,2026-01-06 15:00:00,Under 3.25,1.42,1.39,1.7e-05,5,0.004555,0.003474,0.000104,5,0.010796,0.010292,Betano,5,0.03,1.5,259.79,Premier League,Over/Under,,1xBet:1.3700; Betano:1.4200; Marathonbet:1.3700; Pinnacle:1.4100; Unibet:1.3800,API-FOOTBALL
Brentford vs Sunderland,2026-01-07 14:30:00,Over 3.5,3.57,3.4611,1.7e-05,9,0.004351,0.003717,4.6e-05,9,0.007273,0.006803,Pinnacle,9,0.1089,2.52,160.2,Premier League,Over/Under,,10Bet:3.5500; 1xBet:3.3400; Bet365:3.5000; Betano:3.5000; Betfair:3.4000; Marathonbet:3.3400; Pinnacle:3.5700; Superbet:3.5500; Unibet:3.4000,API-FOOTBALL
Brentford vs Sunderland,2026-01-07 14:30:00,Under 3.5,1.32,1.2944,1.7e-05,9,0.004351,0.003717,0.000108,9,0.010214,0.009018,Unibet,9,0.0256,1.32,595.4,Premier League,Over/Under,,10Bet:1.2800; 1xBet:1.2700; Bet365:1.3000; Betano:1.3100; Betfair:1.2900; Marathonbet:1.2700; Pinnacle:1.3100; Superbet:1.3000; Unibet:1.3200,API-FOOTBALL
Sunderland vs Crystal Palace,2026-01-17 10:00:00,Over 2.5,2.27,2.2006,1.7e-05,18,0.004802,0.004174,5.4e-05,18,0.008635,0.007056,toa_onexbet,18,0.0694,1.9,718.27,Premier League,Over/Under,,sgo_betmgm:2.1500; sgo_betparx:2.2300; sgo_betrivers:2.2000; toa_betrivers:2.2000; toa_betsson:2.1800; toa_casumo:2.2300; toa_grosvenor:2.2300; toa_leovegas:2.2300; toa_leovegas_se:2.2300; toa_mybookieag:2.1200; toa_nordicbet:2.1800; toa_onexbet:2.2700; toa_playup:2.1200; toa_tabtouch:2.2300; toa_tipico_de:2.1500; toa_unibet_nl:2.2300; toa_unibet_se:2.2300; toa_williamhill:2.2000,"SportsGameOdds, THE_ODDS_API"
Sunderland vs Crystal Palace,2026-01-17 10:00:00,Under 2.5,1.74,1.6631,1.7e-05,18,0.004802,0.004174,5.7e-05,18,0.008752,0.005891,toa_onexbet,18,0.0769,1.46,982.53,Premier League,Over/Under,,sgo_betmgm:1.6289; sgo_betparx:1.6579; sgo_betrivers:1.6494; toa_betrivers:1.6500; toa_betsson:1.6800; toa_casumo:1.6600; toa_grosvenor:1.6600; toa_leovegas:1.6700; toa_leovegas_se:1.6700; toa_mybookieag:1.6400; toa_nordicbet:1.6800; toa_onexbet:1.7400; toa_playup:1.6800; toa_tabtouch:1.6600; toa_tipico_de:1.6700; toa_unibet_nl:1.6600; toa_unibet_se:1.6600; toa_williamhill:1.6200,"SportsGameOdds, THE_ODDS_API"
Inter Milan vs Arsenal,2026-01-20 15:00:00,Over 2.5,1.97,1.8933,1.7e-05,21,0.00487,0.003765,4.4e-05,21,0.007766,0.005285,toa_onexbet,21,0.0767,1.47,1009.4,Champions League,Over/Under,,toa_betmgm:1.8700; toa_betonlineag:1.8800; toa_betrivers:1.8800; toa_betsson:1.8800; toa_bovada:1.8700; toa_casumo:1.8900; toa_codere_it:1.9200; toa_coolbet:1.9700; toa_grosvenor:1.8900; toa_gtbets:1.9000; toa_leovegas:1.8800; toa_leovegas_se:1.9100; toa_lowvig:1.8800; toa_nordicbet:1.8800; toa_onexbet:1.9700; toa_pinnacle:1.8800; toa_tabtouch:1.8900; toa_unibet:1.8900; toa_unibet_nl:1.8900; toa_unibet_se:1.8900; toa_williamhill:1.8500,THE_ODDS_API
Inter Milan vs Arsenal,2026-01-20 15:00:00,Under 2.5,1.97,1.9014,1.7e-05,21,0.00487,0.003765,6.8e-05,21,0.009667,0.008061,toa_onexbet,21,0.0686,1.84,1004.81,Champions League,Over/Under,,toa_betmgm:1.8300; toa_betonlineag:1.9400; toa_betrivers:1.8800; toa_betsson:1.9200; toa_bovada:1.9500; toa_casumo:1.8900; toa_codere_it:1.8600; toa_coolbet:1.9200; toa_grosvenor:1.8900; toa_gtbets:1.8700; toa_leovegas:1.8800; toa_leovegas_se:1.9100; toa_lowvig:1.9400; toa_nordicbet:1.9200; toa_onexbet:1.9700; toa_pinnacle:1.9500; toa_tabtouch:1.8900; toa_unibet:1.8900; toa_unibet_nl:1.8900; toa_unibet_se:1.8900; toa_williamhill:1.8500,THE_ODDS_API
Crystal Palace vs Aston Villa,2026-01-07 14:30:00,Over 3.0,2.65,2.6,1.7e-05,5,0.004667,0.003873,2.2e-05,5,0.005369,0.004748,Unibet,5,0.05,1.4,92.35,Premier League,Over/Under,,1xBet:2.5600; Betano:2.6000; Marathonbet:2.5600; Pinnacle:2.6300; Unibet:2.6500,API-FOOTBALL
Crystal Palace vs Aston Villa,2026-01-07 14:30:00,Under 3.0,1.53,1.49,1.7e-05,5,0.004667,0.003873,0.000176,5,0.01469,0.014296,Pinnacle,5,0.04,2.19,235.73,Premier League,Over/Under,,1xBet:1.4600; Betano:1.5300; Marathonbet:1.4600; Pinnacle:1.5300; Unibet:1.4700,API-FOOTBALL
Penrhyncoch vs Caersws,2026-01-06 14:45:00,Under 4.5,1.2,1.18,1.7e-05,4,0.00406,0.00406,0.000289,4,0.014368,0.014368,Betfair,4,0.02,1.69,239.08,FAW Championship,Over/Under,,1xBet:1.1600; Betfair:1.2000; Marathonbet:1.1600; Superbet:1.2000,API-FOOTBALL
Penrhyncoch vs Caersws,2026-01-06 14:45:00,Over 4.5,4.05,4.025,1.7e-05,4,0.00406,0.00406,2e-06,4,0.001543,0.001543,Marathonbet,4,0.025,0.62,-0.62,FAW Championship,Over/Under,,1xBet:4.0500; Betfair:4.0000; Marathonbet:4.0500; Superbet:4.0000,API-FOOTBALL
Real Betis vs Villarreal,2026-01-17 15:00:00,Under 2.5,2.28,2.1817,1.6e-05,6,0.004726,0.003455,9.3e-05,6,0.011317,0.00805,toa_onexbet,6,0.0983,2.47,175.19,La Liga,Over/Under,,sgo_betmgm:2.1500; toa_betsson:2.1800; toa_nordicbet:2.1800; toa_onexbet:2.2800; toa_tipico_de:2.2000; toa_williamhill:2.1000,"SportsGameOdds, THE_ODDS_API"
Real Betis vs Villarreal,2026-01-17 15:00:00,Over 2.5,1.73,1.6632,1.6e-05,6,0.004726,0.003455,9.7e-05,6,0.01136,0.008713,toa_onexbet,6,0.0669,1.89,260.89,La Liga,Over/Under,,sgo_betmgm:1.6289; toa_betsson:1.6500; toa_nordicbet:1.6500; toa_onexbet:1.7300; toa_tipico_de:1.6500; toa_williamhill:1.6700,"SportsGameOdds, THE_ODDS_API"
Lecce vs AS Roma,2026-01-06 12:00:00,Over 2.75,2.85,2.766,1.6e-05,5,0.004499,0.003055,6.1e-05,5,0.008822,0.007999,Unibet,5,0.084,2.44,80.87,Serie A,Over/Under,,1xBet:2.6900; Betano:2.7700; Marathonbet:2.6900; Pinnacle:2.8300; Unibet:2.8500,API-FOOTBALL
Lecce vs AS Roma,2026-01-06 12:00:00,Under 2.75,1.47,1.426,1.6e-05,5,0.004499,0.003055,0.000237,5,0.016583,0.015243,Betano,5,0.044,2.36,250.83,Serie A,Over/Under,,1xBet:1.3900; Betano:1.4700; Marathonbet:1.3900; Pinnacle:1.4600; Unibet:1.4200,API-FOOTBALL
Tottenham Hotspur vs West Ham United,2026-01-17 10:00:00,Under 2.5,2.19,2.1028,1.6e-05,18,0.004711,0.004026,3.8e-05,18,0.007208,0.004463,toa_onexbet,18,0.0872,1.52,756.21,Premier League,Over/Under,,sgo_betmgm:2.0500; sgo_betparx:2.1000; sgo_betrivers:2.0800; toa_betrivers:2.0800; toa_betsson:2.1500; toa_casumo:2.1000; toa_grosvenor:2.1000; toa_leovegas:2.1000; toa_leovegas_se:2.1000; toa_mybookieag:2.0500; toa_nordicbet:2.1500; toa_onexbet:2.1900; toa_playup:2.1000; toa_tabtouch:2.1000; toa_tipico_de:2.1000; toa_unibet_nl:2.1000; toa_unibet_se:2.1000; toa_williamhill:2.1000,"SportsGameOdds, THE_ODDS_API"
Tottenham Hotspur vs West Ham United,2026-01-17 10:00:00,Over 2.5,1.79,1.725,1.6e-05,18,0.004711,0.004026,7.9e-05,18,0.010303,0.008853,toa_onexbet,18,0.065,1.78,943.81,Premier League,Over/Under,,sgo_betmgm:1.6993; sgo_betparx:1.7407; sgo_betrivers:1.7299; toa_betrivers:1.7300; toa_betsson:1.7000; toa_casumo:1.7400; toa_grosvenor:1.7400; toa_leovegas:1.7600; toa_leovegas_se:1.7600; toa_mybookieag:1.6900; toa_nordicbet:1.7000; toa_onexbet:1.7900; toa_playup:1.6800; toa_tabtouch:1.7400; toa_tipico_de:1.7000; toa_unibet_nl:1.7400; toa_unibet_se:1.7400; toa_williamhill:1.6700,"SportsGameOdds, THE_ODDS_API"
Rennes vs Le Havre,2026-01-18 11:15:00,Over 2.5,1.89,1.814,1.6e-05,20,0.004728,0.003807,5.7e-05,20,0.008822,0.006373,toa_onexbet,20,0.076,1.6,1002.82,Ligue 1,Over/Under,,toa_betmgm:1.7700; toa_betrivers:1.8300; toa_betsson:1.7800; toa_bovada:1.8500; toa_casumo:1.8200; toa_codere_it:1.8100; toa_coolbet:1.8200; toa_grosvenor:1.8300; toa_leovegas:1.8200; toa_leovegas_se:1.8200; toa_nordicbet:1.7800; toa_onexbet:1.8900; toa_pinnacle:1.8300; toa_playup:1.7500; toa_tabtouch:1.8200; toa_tipico_de:1.8000; toa_unibet:1.8200; toa_unibet_nl:1.8200; toa_unibet_se:1.8200; toa_williamhill:1.8000,THE_ODDS_API
Rennes vs Le Havre,2026-01-18 11:15:00,Under 2.5,2.05,1.9605,1.6e-05,20,0.004728,0.003807,6e-05,20,0.009128,0.00683,toa_onexbet,20,0.0895,1.79,920.48,Ligue 1,Over/Under,,toa_betmgm:1.9100; toa_betrivers:1.9500; toa_betsson:1.9800; toa_bovada:1.9800; toa_casumo:1.9400; toa_codere_it:1.9700; toa_coolbet:1.9600; toa_grosvenor:1.9500; toa_leovegas:1.9400; toa_leovegas_se:1.9400; toa_nordicbet:1.9800; toa_onexbet:2.0500; toa_pinnacle:2.0500; toa_playup:1.9800; toa_tabtouch:1.9400; toa_tipico_de:1.9500; toa_unibet:1.9500; toa_unibet_nl:1.9400; toa_unibet_se:1.9400; toa_williamhill:1.9100,THE_ODDS_API
Angers vs Olympique de Marseille,2026-01-17 15:05:00,Over 2.5,1.8696,1.8206,1.5e-05,4,0.00458,0.004467,5.3e-05,4,0.008537,0.007258,sgo_bovada,4,0.049,1.55,119.76,FR_LIGUE_1,Over/Under,,sgo_betmgm:1.8000; sgo_betparx:1.8000; sgo_betrivers:1.8130; sgo_bovada:1.8696,SportsGameOdds
1. FC Heidenheim vs 1. FC Köln,2026-01-10 09:30:00,Over 2.5,1.81,1.7206,1.5e-05,43,0.00448,0.003748,0.000107,43,0.012054,0.008905,toa_onexbet,43,0.0894,2.07,2400.26,Bundesliga,Over/Under,,sgo_1xbet:1.8065; sgo_ballybet:1.6993; sgo_bet365:1.7246; sgo_betmgm:1.6897; sgo_betparx:1.6993; sgo_betrivers:1.6993; sgo_betsson:1.7194; sgo_betus:1.7874; sgo_bovada:1.7692; sgo_casumo:1.6993; sgo_coolbet:1.7092; sgo_draftkings:1.6897; sgo_fanduel:1.7042; sgo_fliff:1.6667; sgo_grosvenor:1.7092; sgo_gtbets:1.7194; sgo_leovegas:1.6757; sgo_matchbook:1.8000; sgo_nordicbet:1.7194; sgo_pinnacle:1.7874; sgo_playup:1.7194; sgo_tabtouch:1.6993; sgo_tipico:1.7519; sgo_williamhill:1.6993; toa_betmgm:1.6900; toa_betrivers:1.7000; toa_betsson:1.7200; toa_casumo:1.7000; toa_codere_it:1.6900; toa_coolbet:1.7100; toa_grosvenor:1.7100; toa_gtbets:1.7200; toa_leovegas:1.6800; toa_leovegas_se:1.7200; toa_matchbook:1.8000; toa_nordicbet:1.7200; toa_onexbet:1.8100; toa_playup:1.7200; toa_tabtouch:1.7000; toa_tipico_de:1.7500; toa_unibet_nl:1.7000; toa_unibet_se:1.7000; toa_williamhill:1.7000,"SportsGameOdds, THE_ODDS_API"
Brentford vs Sunderland,2026-01-07 14:30:00,Over 1.25,1.21,1.1833,1.5e-05,3,0.003754,0.003539,0.000239,3,0.013319,0.012558,Pinnacle,3,0.0267,1.58,153.58,Premier League,Over/Under,,1xBet:1.1700; Marathonbet:1.1700; Pinnacle:1.2100,API-FOOTBALL
Brentford vs Sunderland,2026-01-07 14:30:00,Under 1.25,4.61,4.37,1.5e-05,3,0.003754,0.003539,7.7e-05,3,0.008662,0.008166,Pinnacle,3,0.24,3.78,-31.25,Premier League,Over/Under,,1xBet:4.2500; Marathonbet:4.2500; Pinnacle:4.6100,API-FOOTBALL
Everton vs Wolves,2026-01-07 14:30:00,Under 2.25,2.05,1.9936,1.5e-05,11,0.004547,0.003071,4.8e-05,11,0.008133,0.007259,SBO,11,0.0564,1.62,451.9,Premier League,Over/Under,,188Bet:2.0100; 1xBet:1.9500; Betano:1.9800; Marathonbet:1.9500; Pinnacle:2.0200; SBO:2.0500; Unibet:1.9500; toa_betonlineag:2.0100; toa_bovada:1.9800; toa_lowvig:2.0100; toa_pinnacle:2.0200,"API-FOOTBALL, THE_ODDS_API"
Everton vs Wolves,2026-01-07 14:30:00,Over 2.25,1.89,1.8464,1.5e-05,11,0.004547,0.003071,5.3e-05,11,0.008575,0.006978,188Bet,11,0.0436,1.58,495.91,Premier League,Over/Under,,188Bet:1.8900; 1xBet:1.8000; Betano:1.8700; Marathonbet:1.8000; Pinnacle:1.8700; SBO:1.8100; Unibet:1.8500; toa_betonlineag:1.8500; toa_bovada:1.8500; toa_lowvig:1.8500; toa_pinnacle:1.8700,"API-FOOTBALL, THE_ODDS_API"
Angers vs Olympique de Marseille,2026-01-17 15:05:00,Under 2.5,1.9709,1.9464,1.5e-05,4,0.00458,0.004467,3.8e-05,4,0.007248,0.006102,sgo_betrivers,4,0.0245,1.41,105.55,FR_LIGUE_1,Over/Under,,sgo_betmgm:1.9009; sgo_betparx:1.9615; sgo_betrivers:1.9709; sgo_bovada:1.9524,SportsGameOdds
1. FC Heidenheim vs 1. FC Köln,2026-01-10 09:30:00,Under 2.5,2.17,2.0853,1.5e-05,43,0.00448,0.003748,5.1e-05,43,0.008415,0.006304,toa_onexbet,43,0.0847,1.75,1962.64,Bundesliga,Over/Under,,sgo_1xbet:2.1700; sgo_ballybet:2.1000; sgo_bet365:2.1000; sgo_betmgm:2.0500; sgo_betparx:2.1000; sgo_betrivers:2.0800; sgo_betsson:2.0800; sgo_betus:2.0700; sgo_bovada:2.1000; sgo_casumo:2.1000; sgo_coolbet:2.1000; sgo_draftkings:2.0000; sgo_fanduel:2.1200; sgo_fliff:2.0000; sgo_grosvenor:2.1000; sgo_gtbets:2.0900; sgo_leovegas:2.0800; sgo_matchbook:2.1400; sgo_nordicbet:2.0800; sgo_pinnacle:2.1100; sgo_playup:2.0500; sgo_tabtouch:2.1000; sgo_tipico:2.0500; sgo_williamhill:2.0500; toa_betmgm:2.0500; toa_betrivers:2.0800; toa_betsson:2.0800; toa_casumo:2.1000; toa_codere_it:2.0100; toa_coolbet:2.1000; toa_grosvenor:2.1000; toa_gtbets:2.0900; toa_leovegas:2.0800; toa_leovegas_se:2.1200; toa_matchbook:2.1400; toa_nordicbet:2.0800; toa_onexbet:2.1700; toa_playup:2.0500; toa_tabtouch:2.1000; toa_tipico_de:2.0500; toa_unibet_nl:2.1000; toa_unibet_se:2.1000; toa_williamhill:2.0500,"SportsGameOdds, THE_ODDS_API"
Burnley vs Manchester United,2026-01-07 15:15:00,Over 3.5,2.85,2.7667,1.5e-05,9,0.004359,0.003556,4.1e-05,9,0.00729,0.006039,Unibet,9,0.0833,2.02,225.43,Premier League,Over/Under,,10Bet:2.7500; 1xBet:2.6800; Bet365:2.7500; Betano:2.8000; Betfair:2.8000; Marathonbet:2.6800; Pinnacle:2.8200; Superbet:2.7700; Unibet:2.8500,API-FOOTBALL
Burnley vs Manchester United,2026-01-07 15:15:00,Under 3.5,1.47,1.4311,1.5e-05,9,0.004359,0.003556,0.000134,9,0.012498,0.011368,Betano,9,0.0389,1.79,529.08,Premier League,Over/Under,,10Bet:1.4400; 1xBet:1.4000; Bet365:1.4400; Betano:1.4700; Betfair:1.4000; Marathonbet:1.4000; Pinnacle:1.4600; Superbet:1.4500; Unibet:1.4200,API-FOOTBALL
Sporting Lisbon vs Paris Saint Germain,2026-01-20 15:00:00,Under 2.5,2.44,2.3681,1.5e-05,16,0.004458,0.003344,3.3e-05,16,0.006639,0.004929,toa_onexbet,16,0.0719,1.57,575.8,Champions League,Over/Under,,toa_betmgm:2.3000; toa_betrivers:2.3800; toa_betsson:2.3500; toa_casumo:2.3800; toa_codere_it:2.3600; toa_grosvenor:2.3800; toa_leovegas:2.3500; toa_leovegas_se:2.4000; toa_nordicbet:2.3500; toa_onexbet:2.4400; toa_playup:2.2800; toa_tabtouch:2.3800; toa_unibet:2.3800; toa_unibet_nl:2.3800; toa_unibet_se:2.3800; toa_williamhill:2.4000,THE_ODDS_API
Sporting Lisbon vs Paris Saint Germain,2026-01-20 15:00:00,Over 2.5,1.65,1.5756,1.5e-05,16,0.004458,0.003344,8.7e-05,16,0.010584,0.007533,toa_onexbet,16,0.0744,1.67,915.76,Champions League,Over/Under,,toa_betmgm:1.5400; toa_betrivers:1.5600; toa_betsson:1.6000; toa_casumo:1.5700; toa_codere_it:1.5700; toa_grosvenor:1.5700; toa_leovegas:1.5600; toa_leovegas_se:1.6000; toa_nordicbet:1.6000; toa_onexbet:1.6500; toa_playup:1.5800; toa_tabtouch:1.5700; toa_unibet:1.5700; toa_unibet_nl:1.5700; toa_unibet_se:1.5700; toa_williamhill:1.5300,THE_ODDS_API
Lazio vs Fiorentina,2026-01-07 14:45:00,Over 2.25,2.04,1.9917,1.5e-05,12,0.004589,0.0042,6.3e-05,12,0.009365,0.007531,toa_pinnacle,12,0.0483,1.86,502.72,Serie A,Over/Under,,188Bet:2.0100; 1xBet:1.9300; Betano:2.0000; Marathonbet:1.9300; Pinnacle:2.0400; SBO:1.9900; Unibet:1.9400; toa_betanysports:2.0000; toa_betonlineag:2.0100; toa_bovada:2.0000; toa_lowvig:2.0100; toa_pinnacle:2.0400,"API-FOOTBALL, THE_ODDS_API"
Lazio vs Fiorentina,2026-01-07 14:45:00,Under 2.25,1.89,1.8442,1.5e-05,12,0.004589,0.0042,2.6e-05,12,0.006009,0.005131,188Bet,12,0.0458,1.11,550.78,Serie A,Over/Under,,188Bet:1.8900; 1xBet:1.8200; Betano:1.8500; Marathonbet:1.8200; Pinnacle:1.8500; SBO:1.8700; Unibet:1.8600; toa_betanysports:1.8300; toa_betonlineag:1.8300; toa_bovada:1.8300; toa_lowvig:1.8300; toa_pinnacle:1.8500,"API-FOOTBALL, THE_ODDS_API"
Slavia Praha vs Barcelona,2026-01-21 15:00:00,Under 3.5,1.92,1.8348,1.5e-05,21,0.004558,0.003562,8.2e-05,21,0.010644,0.007929,toa_onexbet,21,0.0852,1.95,1045.0,Champions League,Over/Under,,toa_betmgm:1.7700; toa_betonlineag:1.8700; toa_betrivers:1.8200; toa_betsson:1.8500; toa_bovada:1.8700; toa_casumo:1.8300; toa_codere_it:1.7600; toa_coolbet:1.8200; toa_grosvenor:1.8300; toa_gtbets:1.7900; toa_leovegas:1.8100; toa_leovegas_se:1.8500; toa_lowvig:1.8700; toa_nordicbet:1.8500; toa_onexbet:1.9200; toa_pinnacle:1.8800; toa_playup:1.8200; toa_tabtouch:1.8300; toa_unibet:1.8300; toa_unibet_nl:1.8300; toa_unibet_se:1.8300,THE_ODDS_API
Slavia Praha vs Barcelona,2026-01-21 15:00:00,Over 3.5,2.02,1.9576,1.5e-05,21,0.004558,0.003562,2.6e-05,21,0.006029,0.004054,toa_onexbet,21,0.0624,1.18,972.88,Champions League,Over/Under,,toa_betmgm:1.9500; toa_betonlineag:1.9500; toa_betrivers:1.9500; toa_betsson:1.9500; toa_bovada:1.9500; toa_casumo:1.9600; toa_codere_it:1.9100; toa_coolbet:2.0000; toa_grosvenor:1.9600; toa_gtbets:1.9900; toa_leovegas:1.9400; toa_leovegas_se:1.9700; toa_lowvig:1.9500; toa_nordicbet:1.9500; toa_onexbet:2.0200; toa_pinnacle:1.9500; toa_playup:1.9200; toa_tabtouch:1.9600; toa_unibet:1.9600; toa_unibet_nl:1.9600; toa_unibet_se:1.9600,THE_ODDS_API
Bournemouth vs Tottenham,2026-01-07 14:30:00,Under 3.75,1.35,1.312,1.5e-05,5,0.004127,0.003332,0.000421,5,0.020443,0.019731,Betano,5,0.038,2.68,281.37,Premier League,Over/Under,,1xBet:1.2700; Betano:1.3500; Marathonbet:1.2700; Pinnacle:1.3400; Unibet:1.3300,API-FOOTBALL
Bournemouth vs Tottenham,2026-01-07 14:30:00,Over 3.75,3.4,3.322,1.5e-05,5,0.004127,0.003332,1.5e-05,5,0.004189,0.003816,Pinnacle,5,0.078,1.39,50.54,Premier League,Over/Under,,1xBet:3.2800; Betano:3.3000; Marathonbet:3.2800; Pinnacle:3.4000; Unibet:3.3500,API-FOOTBALL
Bournemouth vs Tottenham,2026-01-07 14:30:00,Under 2.0,3.42,3.28,1.5e-05,4,0.004115,0.00353,5.9e-05,4,0.008294,0.007393,Pinnacle,4,0.14,2.72,22.04,Premier League,Over/Under,,1xBet:3.2000; Betano:3.3000; Marathonbet:3.2000; Pinnacle:3.4200,API-FOOTBALL
Bournemouth vs Tottenham,2026-01-07 14:30:00,Over 2.0,1.36,1.33,1.5e-05,4,0.004115,0.00353,0.000137,4,0.011937,0.011289,Betano,4,0.03,1.59,200.83,Premier League,Over/Under,,1xBet:1.3100; Betano:1.3600; Marathonbet:1.3100; Pinnacle:1.3400,API-FOOTBALL
Juventus vs Cremonese,2026-01-12 14:45:00,Over 2.5,1.77,1.6723,1.5e-05,17,0.004535,0.002952,7.2e-05,17,0.009865,0.00616,toa_onexbet,17,0.0977,1.65,916.85,Serie A,Over/Under,,sgo_betparx:1.6711; sgo_betrivers:1.6579; toa_betrivers:1.6600; toa_betsson:1.6500; toa_casumo:1.6700; toa_grosvenor:1.6800; toa_gtbets:1.7100; toa_leovegas:1.6500; toa_leovegas_se:1.6800; toa_nordicbet:1.6500; toa_onexbet:1.7700; toa_playup:1.6500; toa_tabtouch:1.6700; toa_tipico_de:1.6500; toa_unibet_nl:1.6700; toa_unibet_se:1.6700; toa_williamhill:1.6700,"SportsGameOdds, THE_ODDS_API"
Juventus vs Cremonese,2026-01-12 14:45:00,Under 2.5,2.22,2.1541,1.5e-05,17,0.004535,0.002952,2.9e-05,17,0.006296,0.004666,toa_onexbet,17,0.0659,1.36,689.33,Serie A,Over/Under,,sgo_betparx:2.1500; sgo_betrivers:2.1400; toa_betrivers:2.1400; toa_betsson:2.1800; toa_casumo:2.1500; toa_grosvenor:2.1600; toa_gtbets:2.1100; toa_leovegas:2.1200; toa_leovegas_se:2.1700; toa_nordicbet:2.1800; toa_onexbet:2.2200; toa_playup:2.1500; toa_tabtouch:2.1500; toa_tipico_de:2.2000; toa_unibet_nl:2.1500; toa_unibet_se:2.1500; toa_williamhill:2.1000,"SportsGameOdds, THE_ODDS_API"
Real Madrid vs Levante,2026-01-17 08:00:00,Under 3.5,2.17,2.1275,1.5e-05,4,0.004595,0.003912,2.3e-05,4,0.00566,0.004637,toa_onexbet,4,0.0425,1.2,88.04,La Liga,Over/Under,,toa_betsson:2.1200; toa_nordicbet:2.1200; toa_onexbet:2.1700; toa_tipico_de:2.1000,THE_ODDS_API
Real Madrid vs Levante,2026-01-17 08:00:00,Over 3.5,1.81,1.72,1.5e-05,4,0.004595,0.003912,0.000227,4,0.017544,0.014727,toa_onexbet,4,0.09,3.01,132.78,La Liga,Over/Under,,toa_betsson:1.7000; toa_nordicbet:1.7000; toa_onexbet:1.8100; toa_tipico_de:1.6700,THE_ODDS_API
Bournemouth vs Tottenham,2026-01-07 14:30:00,Over 3.0,2.25,2.2067,1.5e-05,6,0.004451,0.004016,3e-05,6,0.006408,0.005879,Pinnacle,6,0.0433,1.41,171.96,Premier League,Over/Under,,1xBet:2.1800; Betano:2.2000; Marathonbet:2.1800; Pinnacle:2.2500; SBO:2.2500; Unibet:2.1800,API-FOOTBALL
Bournemouth vs Tottenham,2026-01-07 14:30:00,Under 3.0,1.7,1.6617,1.5e-05,6,0.004451,0.004016,0.000102,6,0.011607,0.010298,Betano,6,0.0383,1.93,261.22,Premier League,Over/Under,,1xBet:1.6200; Betano:1.7000; Marathonbet:1.6200; Pinnacle:1.6900; SBO:1.6600; Unibet:1.6800,API-FOOTBALL
Maidenhead vs Ebbsfleet United,2026-01-06 14:45:00,Over 2.25,1.61,1.57,1.5e-05,4,0.004499,0.00377,7.5e-05,4,0.009816,0.008065,Pinnacle,4,0.04,1.54,154.84,National League - South,Over/Under,,1xBet:1.5500; Betano:1.5700; Marathonbet:1.5500; Pinnacle:1.6100,API-FOOTBALL
Maidenhead vs Ebbsfleet United,2026-01-06 14:45:00,Under 2.25,2.3,2.23,1.5e-05,4,0.004499,0.00377,0.000108,4,0.012145,0.01207,Betano,4,0.07,2.71,79.5,National League - South,Over/Under,,1xBet:2.1700; Betano:2.3000; Marathonbet:2.1700; Pinnacle:2.2800,API-FOOTBALL
Girona vs CA Osasuna,2026-01-10 12:30:00,Over 2.25,1.9,1.88,1.4e-05,4,0.004359,0.003737,2.3e-05,4,0.005659,0.005659,toa_pinnacle,4,0.02,1.06,112.79,La Liga,Over/Under,,toa_betonlineag:1.8600; toa_betus:1.9000; toa_lowvig:1.8600; toa_pinnacle:1.9000,THE_ODDS_API
Girona vs CA Osasuna,2026-01-10 12:30:00,Under 2.25,1.99,1.9575,1.4e-05,4,0.004359,0.003737,3.1e-05,4,0.006519,0.004947,toa_pinnacle,4,0.0325,1.28,104.38,La Liga,Over/Under,,toa_betonlineag:1.9600; toa_betus:1.9200; toa_lowvig:1.9600; toa_pinnacle:1.9900,THE_ODDS_API
Rayo Vallecano vs Mallorca,2026-01-11 08:00:00,Over 2.5,2.49,2.3868,1.4e-05,19,0.004336,0.003618,4.9e-05,19,0.008131,0.005842,toa_onexbet,19,0.1032,1.94,696.33,La Liga,Over/Under,,sgo_betmgm:2.3000; sgo_betrivers:2.4000; toa_betmgm:2.3000; toa_betrivers:2.4000; toa_betsson:2.3800; toa_casumo:2.4000; toa_codere_it:2.3900; toa_grosvenor:2.4300; toa_leovegas:2.4000; toa_leovegas_se:2.4300; toa_nordicbet:2.3800; toa_onexbet:2.4900; toa_playup:2.3500; toa_tabtouch:2.4000; toa_tipico_de:2.4000; toa_unibet:2.4000; toa_unibet_nl:2.4000; toa_unibet_se:2.4000; toa_williamhill:2.3000,"SportsGameOdds, THE_ODDS_API"
Rayo Vallecano vs Mallorca,2026-01-11 08:00:00,Under 2.5,1.63,1.5489,1.4e-05,19,0.004336,0.003618,5.5e-05,19,0.008447,0.004796,toa_onexbet,19,0.0811,1.31,1126.92,La Liga,Over/Under,,sgo_betmgm:1.5495; sgo_betrivers:1.5291; toa_betmgm:1.5400; toa_betrivers:1.5300; toa_betsson:1.5500; toa_casumo:1.5400; toa_codere_it:1.5600; toa_grosvenor:1.5500; toa_leovegas:1.5300; toa_leovegas_se:1.5600; toa_nordicbet:1.5500; toa_onexbet:1.6300; toa_playup:1.5500; toa_tabtouch:1.5400; toa_tipico_de:1.5500; toa_unibet:1.5400; toa_unibet_nl:1.5400; toa_unibet_se:1.5400; toa_williamhill:1.5500,"SportsGameOdds, THE_ODDS_API"
Sassuolo vs Juventus,2026-01-06 14:45:00,Over 3.25,3.11,3.016,1.4e-05,5,0.004018,0.003839,7.9e-05,5,0.00986,0.00943,Pinnacle,5,0.094,2.97,65.93,Serie A,Over/Under,,1xBet:2.9100; Betano:3.1000; Marathonbet:2.9100; Pinnacle:3.1100; Unibet:3.0500,API-FOOTBALL
Sassuolo vs Juventus,2026-01-06 14:45:00,Under 3.25,1.4,1.378,1.4e-05,5,0.004018,0.003839,6.4e-05,5,0.008424,0.007606,Betano,5,0.022,1.16,262.89,Serie A,Over/Under,,1xBet:1.3600; Betano:1.4000; Marathonbet:1.3600; Pinnacle:1.3900; Unibet:1.3800,API-FOOTBALL
Sassuolo vs Juventus,2026-01-06 14:45:00,Over 2.75,2.25,2.2083,1.4e-05,6,0.004434,0.004146,6.3e-05,6,0.00927,0.008574,Pinnacle,6,0.0417,2.05,171.81,Serie A,Over/Under,,1xBet:2.1500; Betano:2.2500; Marathonbet:2.1500; Pinnacle:2.2500; SBO:2.2500; Unibet:2.2000,API-FOOTBALL
Sassuolo vs Juventus,2026-01-06 14:45:00,Under 2.75,1.69,1.67,1.4e-05,6,0.004434,0.004146,1.3e-05,6,0.004122,0.003579,Pinnacle,6,0.02,0.69,259.3,Serie A,Over/Under,,1xBet:1.6600; Betano:1.6700; Marathonbet:1.6600; Pinnacle:1.6900; SBO:1.6600; Unibet:1.6800,API-FOOTBALL
Werder Bremen vs TSG Hoffenheim,2026-01-10 09:30:00,Under 3.5,1.63,1.5736,1.3e-05,14,0.004177,0.003583,8e-05,14,0.010185,0.008291,toa_onexbet,14,0.0564,1.6,789.93,Bundesliga,Over/Under,,toa_betmgm:1.5400; toa_betrivers:1.5600; toa_betsson:1.5500; toa_casumo:1.5700; toa_codere_it:1.6100; toa_grosvenor:1.6000; toa_leovegas:1.5600; toa_leovegas_se:1.6000; toa_nordicbet:1.5500; toa_onexbet:1.6300; toa_playup:1.5500; toa_tabtouch:1.5700; toa_unibet_nl:1.5700; toa_unibet_se:1.5700,THE_ODDS_API
Werder Bremen vs TSG Hoffenheim,2026-01-10 09:30:00,Over 3.5,2.49,2.345,1.3e-05,14,0.004177,0.003583,6e-05,14,0.009023,0.006914,toa_onexbet,14,0.145,2.12,497.29,Bundesliga,Over/Under,,toa_betmgm:2.3000; toa_betrivers:2.3000; toa_betsson:2.3800; toa_casumo:2.3200; toa_codere_it:2.3900; toa_grosvenor:2.3300; toa_leovegas:2.2800; toa_leovegas_se:2.3500; toa_nordicbet:2.3800; toa_onexbet:2.4900; toa_playup:2.3500; toa_tabtouch:2.3200; toa_unibet_nl:2.3200; toa_unibet_se:2.3200,THE_ODDS_API
Metz vs Lyon,2026-01-25 11:15:00,Under 2.5,2.22,2.1463,1.3e-05,16,0.00419,0.003006,3.7e-05,16,0.007145,0.004136,toa_onexbet,16,0.0737,1.53,645.66,Ligue 1,Over/Under,,sgo_betparx:2.1500; sgo_betrivers:2.1600; toa_betrivers:2.1600; toa_betsson:2.1200; toa_casumo:2.1500; toa_grosvenor:2.1600; toa_leovegas:2.1500; toa_leovegas_se:2.1500; toa_nordicbet:2.1200; toa_onexbet:2.2200; toa_tabtouch:2.1500; toa_tipico_de:2.1500; toa_unibet:2.1500; toa_unibet_nl:2.1500; toa_unibet_se:2.1500; toa_williamhill:2.0500,"SportsGameOdds, THE_ODDS_API"
Metz vs Lyon,2026-01-25 11:15:00,Over 2.5,1.77,1.6813,1.3e-05,16,0.00419,0.003006,5e-05,16,0.008196,0.00457,toa_onexbet,16,0.0887,1.38,851.81,Ligue 1,Over/Under,,sgo_betparx:1.6711; sgo_betrivers:1.6803; toa_betrivers:1.6800; toa_betsson:1.6800; toa_casumo:1.6700; toa_grosvenor:1.6800; toa_leovegas:1.6700; toa_leovegas_se:1.6700; toa_nordicbet:1.6800; toa_onexbet:1.7700; toa_tabtouch:1.6700; toa_tipico_de:1.6700; toa_unibet:1.6700; toa_unibet_nl:1.6700; toa_unibet_se:1.6700; toa_williamhill:1.7000,"SportsGameOdds, THE_ODDS_API"
Lyon vs Brest,2026-01-18 14:45:00,Over 2.5,1.81,1.7261,1.3e-05,18,0.004165,0.00338,5.6e-05,18,0.008696,0.005998,toa_onexbet,18,0.0839,1.5,943.05,Ligue 1,Over/Under,,toa_betmgm:1.6900; toa_betrivers:1.7300; toa_betsson:1.7500; toa_casumo:1.7200; toa_codere_it:1.6900; toa_coolbet:1.7100; toa_grosvenor:1.7300; toa_leovegas:1.7200; toa_leovegas_se:1.7200; toa_nordicbet:1.7500; toa_onexbet:1.8100; toa_playup:1.7200; toa_tabtouch:1.7200; toa_tipico_de:1.7500; toa_unibet:1.7200; toa_unibet_nl:1.7200; toa_unibet_se:1.7200; toa_williamhill:1.7000,THE_ODDS_API
Lyon vs Brest,2026-01-18 14:45:00,Under 2.5,2.15,2.0611,1.3e-05,18,0.004165,0.00338,4.6e-05,18,0.007957,0.005987,toa_onexbet,18,0.0889,1.64,773.55,Ligue 1,Over/Under,,toa_betmgm:2.0500; toa_betrivers:2.0800; toa_betsson:2.0200; toa_casumo:2.0700; toa_codere_it:2.0100; toa_coolbet:2.1000; toa_grosvenor:2.0800; toa_leovegas:2.0700; toa_leovegas_se:2.0700; toa_nordicbet:2.0200; toa_onexbet:2.1500; toa_playup:2.0000; toa_tabtouch:2.0700; toa_tipico_de:2.0500; toa_unibet:2.0700; toa_unibet_nl:2.0700; toa_unibet_se:2.0700; toa_williamhill:2.0500,THE_ODDS_API
Bournemouth vs Tottenham,2026-01-07 14:30:00,Over 3.25,2.55,2.49,1.3e-05,5,0.004094,0.003829,2.1e-05,5,0.005338,0.00448,Pinnacle,5,0.06,1.33,100.84,Premier League,Over/Under,,1xBet:2.4600; Betano:2.5000; Marathonbet:2.4600; Pinnacle:2.5500; Unibet:2.4800,API-FOOTBALL
Bournemouth vs Tottenham,2026-01-07 14:30:00,Under 3.25,1.57,1.524,1.3e-05,5,0.004094,0.003829,0.000208,5,0.016109,0.015292,Betano,5,0.046,2.45,228.28,Premier League,Over/Under,,1xBet:1.4800; Betano:1.5700; Marathonbet:1.4800; Pinnacle:1.5500; Unibet:1.5400,API-FOOTBALL
Lille vs Strasbourg,2026-01-25 14:45:00,Over 2.5,1.83,1.73,1.3e-05,14,0.004169,0.002786,6.2e-05,14,0.009167,0.0055,toa_onexbet,14,0.1,1.59,709.46,Ligue 1,Over/Under,,toa_betrivers:1.7200; toa_betsson:1.7200; toa_casumo:1.7200; toa_grosvenor:1.7200; toa_leovegas:1.7200; toa_leovegas_se:1.7200; toa_nordicbet:1.7200; toa_onexbet:1.8300; toa_tabtouch:1.7200; toa_tipico_de:1.7200; toa_unibet:1.7200; toa_unibet_nl:1.7200; toa_unibet_se:1.7200; toa_williamhill:1.7500,THE_ODDS_API
Lille vs Strasbourg,2026-01-25 14:45:00,Under 2.5,2.14,2.08,1.3e-05,14,0.004169,0.002786,3e-05,14,0.006394,0.002735,toa_onexbet,14,0.06,1.33,573.19,Ligue 1,Over/Under,,toa_betrivers:2.0800; toa_betsson:2.0800; toa_casumo:2.0800; toa_grosvenor:2.0800; toa_leovegas:2.0800; toa_leovegas_se:2.0800; toa_nordicbet:2.0800; toa_onexbet:2.1400; toa_tabtouch:2.0800; toa_tipico_de:2.1000; toa_unibet:2.0800; toa_unibet_nl:2.0800; toa_unibet_se:2.0800; toa_williamhill:2.0000,THE_ODDS_API
FC St. Pauli vs RB Leipzig,2026-01-10 09:30:00,Over 2.75,2.03,1.998,1.3e-05,5,0.004196,0.003134,2.8e-05,5,0.006232,0.005398,toa_pinnacle,5,0.032,1.24,150.29,Bundesliga,Over/Under,,toa_betonlineag:1.9900; toa_betus:1.9600; toa_bovada:2.0200; toa_lowvig:1.9900; toa_pinnacle:2.0300,THE_ODDS_API
FC St. Pauli vs RB Leipzig,2026-01-10 09:30:00,Under 2.75,1.86,1.844,1.3e-05,5,0.004196,0.003134,1.4e-05,5,0.004414,0.003761,toa_pinnacle,5,0.016,0.81,171.17,Bundesliga,Over/Under,,toa_betonlineag:1.8400; toa_betus:1.8600; toa_bovada:1.8200; toa_lowvig:1.8400; toa_pinnacle:1.8600,THE_ODDS_API
Brighton and Hove Albion vs Bournemouth,2026-01-19 15:00:00,Under 2.5,2.4,2.322,1.3e-05,15,0.00413,0.002777,3.9e-05,15,0.00731,0.005142,toa_onexbet,15,0.078,1.7,546.18,Premier League,Over/Under,,toa_betrivers:2.3000; toa_betsson:2.3800; toa_casumo:2.3200; toa_grosvenor:2.3200; toa_leovegas:2.3300; toa_leovegas_se:2.3300; toa_mybookieag:2.2600; toa_nordicbet:2.3800; toa_onexbet:2.4000; toa_playup:2.3000; toa_tabtouch:2.3200; toa_tipico_de:2.3000; toa_unibet_nl:2.3200; toa_unibet_se:2.3200; toa_williamhill:2.2500,THE_ODDS_API
Brighton and Hove Albion vs Bournemouth,2026-01-19 15:00:00,Over 2.5,1.67,1.6047,1.3e-05,15,0.00413,0.002777,6e-05,15,0.008825,0.006335,toa_onexbet,15,0.0653,1.42,834.96,Premier League,Over/Under,,toa_betrivers:1.6000; toa_betsson:1.5800; toa_casumo:1.6100; toa_grosvenor:1.6100; toa_leovegas:1.6200; toa_leovegas_se:1.6200; toa_mybookieag:1.5700; toa_nordicbet:1.5800; toa_onexbet:1.6700; toa_playup:1.5800; toa_tabtouch:1.6100; toa_tipico_de:1.6000; toa_unibet_nl:1.6100; toa_unibet_se:1.6100; toa_williamhill:1.6000,THE_ODDS_API
Galatasaray vs Atlético Madrid,2026-01-21 12:45:00,Over 3.5,2.38,2.2925,1.2e-05,16,0.004023,0.003274,3.2e-05,16,0.006554,0.004901,toa_onexbet,16,0.0875,1.5,598.09,Champions League,Over/Under,,toa_betmgm:2.2500; toa_betrivers:2.2800; toa_betsson:2.3500; toa_casumo:2.2800; toa_codere_it:2.2900; toa_grosvenor:2.2800; toa_gtbets:2.2700; toa_leovegas:2.2500; toa_leovegas_se:2.3000; toa_nordicbet:2.3500; toa_onexbet:2.3800; toa_playup:2.2800; toa_tabtouch:2.2800; toa_unibet:2.2800; toa_unibet_nl:2.2800; toa_unibet_se:2.2800,THE_ODDS_API
Galatasaray vs Atlético Madrid,2026-01-21 12:45:00,Under 3.5,1.68,1.6188,1.2e-05,16,0.004023,0.003274,6.8e-05,16,0.009409,0.007235,toa_onexbet,16,0.0613,1.52,888.65,Champions League,Over/Under,,toa_betmgm:1.5700; toa_betrivers:1.6200; toa_betsson:1.6000; toa_casumo:1.6300; toa_codere_it:1.6100; toa_grosvenor:1.6300; toa_gtbets:1.6100; toa_leovegas:1.6100; toa_leovegas_se:1.6400; toa_nordicbet:1.6000; toa_onexbet:1.6800; toa_playup:1.5800; toa_tabtouch:1.6300; toa_unibet:1.6300; toa_unibet_nl:1.6300; toa_unibet_se:1.6300,THE_ODDS_API
Crystal Palace vs Aston Villa,2026-01-07 14:30:00,Over 2.25,1.7,1.6833,1.2e-05,6,0.004012,0.003215,1.1e-05,6,0.0039,0.003529,Betano,6,0.0167,0.66,256.45,Premier League,Over/Under,,1xBet:1.6700; Betano:1.7000; Marathonbet:1.6700; Pinnacle:1.6900; SBO:1.6900; Unibet:1.6800,API-FOOTBALL
Crystal Palace vs Aston Villa,2026-01-07 14:30:00,Under 2.25,2.26,2.19,1.2e-05,6,0.004012,0.003215,7e-05,6,0.009809,0.008435,Pinnacle,6,0.07,2.15,174.1,Premier League,Over/Under,,1xBet:2.1300; Betano:2.2200; Marathonbet:2.1300; Pinnacle:2.2600; SBO:2.2000; Unibet:2.2000,API-FOOTBALL
VfL Wolfsburg vs FC St. Pauli,2026-01-14 12:30:00,Under 2.5,2.06,1.9733,1.2e-05,24,0.004152,0.003858,6.3e-05,24,0.009319,0.00779,toa_onexbet,24,0.0867,1.84,1116.64,Bundesliga,Over/Under,,sgo_betmgm:1.9259; sgo_betparx:1.9615; sgo_betrivers:1.9524; sgo_bovada:2.0200; toa_betmgm:1.9100; toa_betonlineag:2.0200; toa_betrivers:1.9400; toa_betsson:1.9800; toa_bovada:2.0200; toa_casumo:1.9500; toa_coolbet:1.9600; toa_grosvenor:1.9600; toa_leovegas:1.9300; toa_leovegas_se:1.9700; toa_lowvig:2.0200; toa_nordicbet:1.9800; toa_onexbet:2.0600; toa_pinnacle:2.0200; toa_playup:1.9800; toa_tabtouch:1.9500; toa_tipico_de:2.0000; toa_unibet_nl:1.9500; toa_unibet_se:1.9500; toa_williamhill:1.9500,"SportsGameOdds, THE_ODDS_API"
VfL Wolfsburg vs FC St. Pauli,2026-01-14 12:30:00,Over 2.5,1.89,1.8039,1.2e-05,24,0.004152,0.003858,5.8e-05,24,0.00894,0.006886,toa_onexbet,24,0.0861,1.61,1230.79,Bundesliga,Over/Under,,sgo_betmgm:1.7812; sgo_betparx:1.8130; sgo_betrivers:1.8000; sgo_bovada:1.8197; toa_betmgm:1.7700; toa_betonlineag:1.8200; toa_betrivers:1.8000; toa_betsson:1.7800; toa_bovada:1.8200; toa_casumo:1.8100; toa_coolbet:1.8200; toa_grosvenor:1.8200; toa_leovegas:1.7900; toa_leovegas_se:1.8300; toa_lowvig:1.8200; toa_nordicbet:1.7800; toa_onexbet:1.8900; toa_pinnacle:1.8300; toa_playup:1.7500; toa_tabtouch:1.8100; toa_tipico_de:1.7700; toa_unibet_nl:1.8100; toa_unibet_se:1.8100; toa_williamhill:1.7500,"SportsGameOdds, THE_ODDS_API"
Udinese vs Pisa,2026-01-10 09:00:00,Over 2.5,2.36,2.3143,1.2e-05,14,0.004041,0.003224,1.1e-05,14,0.003888,0.003193,toa_onexbet,14,0.0457,0.9,504.99,Serie A,Over/Under,,sgo_betrivers:2.3000; toa_betrivers:2.3000; toa_casumo:2.3200; toa_grosvenor:2.3300; toa_gtbets:2.3000; toa_leovegas:2.3000; toa_leovegas_se:2.3500; toa_onexbet:2.3600; toa_playup:2.2800; toa_tabtouch:2.3200; toa_tipico_de:2.3000; toa_unibet_nl:2.3200; toa_unibet_se:2.3200; toa_williamhill:2.3000,"SportsGameOdds, THE_ODDS_API"
Udinese vs Pisa,2026-01-10 09:00:00,Under 2.5,1.69,1.583,1.2e-05,14,0.004041,0.003224,0.000123,14,0.012672,0.008752,toa_onexbet,14,0.107,2.01,784.79,Serie A,Over/Under,,sgo_betrivers:1.5714; toa_betrivers:1.5600; toa_casumo:1.5700; toa_grosvenor:1.5700; toa_gtbets:1.6000; toa_leovegas:1.5600; toa_leovegas_se:1.6000; toa_onexbet:1.6900; toa_playup:1.5800; toa_tabtouch:1.5700; toa_tipico_de:1.6000; toa_unibet_nl:1.5700; toa_unibet_se:1.5700; toa_williamhill:1.5500,"SportsGameOdds, THE_ODDS_API"
Juventus vs Benfica,2026-01-21 15:00:00,Under 2.5,1.89,1.815,1.2e-05,22,0.004072,0.003635,5.2e-05,22,0.008448,0.006697,toa_onexbet,22,0.075,1.53,1112.41,Champions League,Over/Under,,toa_betmgm:1.7700; toa_betonlineag:1.8300; toa_betrivers:1.7900; toa_betsson:1.8200; toa_bovada:1.8500; toa_casumo:1.8000; toa_codere_it:1.8100; toa_coolbet:1.8700; toa_grosvenor:1.8000; toa_gtbets:1.8000; toa_leovegas:1.7800; toa_leovegas_se:1.8200; toa_lowvig:1.8300; toa_nordicbet:1.8200; toa_onexbet:1.8900; toa_pinnacle:1.8500; toa_playup:1.8000; toa_tabtouch:1.8000; toa_unibet:1.8000; toa_unibet_nl:1.8000; toa_unibet_se:1.8000; toa_williamhill:1.8000,THE_ODDS_API
Juventus vs Benfica,2026-01-21 15:00:00,Over 2.5,2.06,1.9977,1.2e-05,22,0.004072,0.003635,4.6e-05,22,0.007968,0.00587,toa_onexbet,22,0.0623,1.59,1001.53,Champions League,Over/Under,,toa_betmgm:1.9100; toa_betonlineag:2.0000; toa_betrivers:2.0000; toa_betsson:2.0000; toa_bovada:1.9800; toa_casumo:2.0200; toa_codere_it:1.9700; toa_coolbet:2.0200; toa_grosvenor:2.0200; toa_gtbets:1.9800; toa_leovegas:2.0000; toa_leovegas_se:2.0200; toa_lowvig:2.0000; toa_nordicbet:2.0000; toa_onexbet:2.0600; toa_pinnacle:1.9900; toa_playup:1.9500; toa_tabtouch:2.0200; toa_unibet:2.0200; toa_unibet_nl:2.0200; toa_unibet_se:2.0200; toa_williamhill:1.9500,THE_ODDS_API
Hamburger SV vs Bayer 04 Leverkusen,2026-01-13 14:30:00,Over 2.5,1.5988,1.5988,1.2e-05,3,0.004092,0.003858,,3,,,sgo_betparx,3,0.0,0.0,87.64,BUNDESLIGA,Over/Under,,sgo_betmgm:1.5988; sgo_betparx:1.5988; sgo_betrivers:1.5988,SportsGameOdds
Hamburger SV vs Bayer 04 Leverkusen,2026-01-13 14:30:00,Under 2.5,2.28,2.2533,1.2e-05,3,0.004092,0.003858,4.1e-05,3,0.007518,0.007088,sgo_betparx,3,0.0267,1.69,33.17,BUNDESLIGA,Over/Under,,sgo_betmgm:2.2000; sgo_betparx:2.2800; sgo_betrivers:2.2800,SportsGameOdds
Enfield Town vs Hampton & Richmond,2026-01-06 14:45:00,Over 2.0,1.34,1.32,1.2e-05,3,0.00372,0.003507,6.3e-05,3,0.008056,0.007596,Pinnacle,3,0.02,1.06,127.3,National League - South,Over/Under,,1xBet:1.3100; Marathonbet:1.3100; Pinnacle:1.3400,API-FOOTBALL
Enfield Town vs Hampton & Richmond,2026-01-06 14:45:00,Under 2.0,3.1,2.98,1.2e-05,3,0.00372,0.003507,7.1e-05,3,0.009374,0.008838,Pinnacle,3,0.12,2.79,0.75,National League - South,Over/Under,,1xBet:2.9200; Marathonbet:2.9200; Pinnacle:3.1000,API-FOOTBALL
Bournemouth vs Tottenham Hotspur,2026-01-07 14:30:00,Under 2.5,2.21,2.1358,1.2e-05,33,0.004109,0.003796,5.5e-05,33,0.008745,0.007114,toa_onexbet,33,0.0742,1.87,1445.65,Premier League,Over/Under,,10Bet:2.1000; 1xBet:2.2000; Bet365:2.1000; Betano:2.1500; Betfair:2.1500; Marathonbet:2.1400; Pinnacle:2.1700; SBO:2.1400; Superbet:2.1200; Unibet:2.1500; sgo_betmgm:2.0500; sgo_betparx:2.1600; sgo_betrivers:2.1500; toa_betmgm:2.0500; toa_betrivers:2.1500; toa_betsson:2.1200; toa_betus:2.1500; toa_casumo:2.1600; toa_codere_it:2.0500; toa_coolbet:2.1800; toa_grosvenor:2.1600; toa_gtbets:2.1400; toa_leovegas:2.1700; toa_leovegas_se:2.1700; toa_mybookieag:2.0900; toa_nordicbet:2.1200; toa_onexbet:2.2100; toa_playup:2.1000; toa_tabtouch:2.1600; toa_tipico_de:2.1000; toa_unibet_nl:2.1600; toa_unibet_se:2.1600; toa_williamhill:2.1000,"API-FOOTBALL, SportsGameOdds, THE_ODDS_API"
Bournemouth vs Tottenham Hotspur,2026-01-07 14:30:00,Over 2.5,1.78,1.7097,1.2e-05,33,0.004109,0.003796,6.9e-05,33,0.009622,0.007704,toa_onexbet,33,0.0703,1.64,1830.7,Premier League,Over/Under,,10Bet:1.7000; 1xBet:1.7800; Bet365:1.7300; Betano:1.7500; Betfair:1.6700; Marathonbet:1.7300; Pinnacle:1.7500; SBO:1.7300; Superbet:1.7300; Unibet:1.7000; sgo_betmgm:1.6803; sgo_betparx:1.6993; sgo_betrivers:1.6803; toa_betmgm:1.6900; toa_betrivers:1.6800; toa_betsson:1.7200; toa_betus:1.7400; toa_casumo:1.7000; toa_codere_it:1.6600; toa_coolbet:1.7300; toa_grosvenor:1.7000; toa_gtbets:1.6900; toa_leovegas:1.7100; toa_leovegas_se:1.7100; toa_mybookieag:1.6900; toa_nordicbet:1.7200; toa_onexbet:1.7800; toa_playup:1.7000; toa_tabtouch:1.7000; toa_tipico_de:1.7000; toa_unibet_nl:1.7000; toa_unibet_se:1.7000; toa_williamhill:1.6700,"API-FOOTBALL, SportsGameOdds, THE_ODDS_API"
West Ham vs Nottingham Forest,2026-01-06 15:00:00,Over 2.75,2.23,2.1817,1.1e-05,6,0.003911,0.003455,4.3e-05,6,0.007706,0.007353,Pinnacle,6,0.0483,1.68,175.1,Premier League,Over/Under,,1xBet:2.1400; Betano:2.2200; Marathonbet:2.1400; Pinnacle:2.2300; SBO:2.1600; Unibet:2.2000,API-FOOTBALL
West Ham vs Nottingham Forest,2026-01-06 15:00:00,Under 2.75,1.72,1.69,1.1e-05,6,0.003911,0.003455,3.9e-05,6,0.00727,0.006997,SBO,6,0.03,1.23,255.08,Premier League,Over/Under,,1xBet:1.6700; Betano:1.7000; Marathonbet:1.6700; Pinnacle:1.7100; SBO:1.7200; Unibet:1.6700,API-FOOTBALL
Penrhyncoch vs Caersws,2026-01-06 14:45:00,Over 2.75,1.68,1.6333,1.1e-05,3,0.003829,0.00361,0.000113,3,0.0122,0.011502,Pinnacle,3,0.0467,1.99,83.75,FAW Championship,Over/Under,,1xBet:1.6100; Marathonbet:1.6100; Pinnacle:1.6800,API-FOOTBALL
Penrhyncoch vs Caersws,2026-01-06 14:45:00,Under 2.75,2.09,2.0767,1.1e-05,3,0.003829,0.00361,3e-06,3,0.002179,0.002055,Pinnacle,3,0.0133,0.45,44.47,FAW Championship,Over/Under,,1xBet:2.0700; Marathonbet:2.0700; Pinnacle:2.0900,API-FOOTBALL
Lecce vs AS Roma,2026-01-06 12:00:00,Under 1.75,2.53,2.455,1.1e-05,6,0.003849,0.003335,5.6e-05,6,0.008676,0.007478,Pinnacle,6,0.075,2.13,144.51,Serie A,Over/Under,,1xBet:2.3900; Betano:2.5000; Marathonbet:2.3900; Pinnacle:2.5300; SBO:2.4700; Unibet:2.4500,API-FOOTBALL
Lecce vs AS Roma,2026-01-06 12:00:00,Over 1.75,1.57,1.55,1.1e-05,6,0.003849,0.003335,1.8e-05,6,0.004784,0.004154,Betano,6,0.02,0.74,287.12,Serie A,Over/Under,,1xBet:1.5400; Betano:1.5700; Marathonbet:1.5400; Pinnacle:1.5600; SBO:1.5400; Unibet:1.5500,API-FOOTBALL
Strasbourg vs Metz,2026-01-18 09:00:00,Under 2.5,2.44,2.3306,1.1e-05,17,0.003803,0.002446,3.8e-05,17,0.007167,0.004837,toa_onexbet,17,0.1094,1.67,629.64,Ligue 1,Over/Under,,toa_betmgm:2.2500; toa_betrivers:2.3300; toa_betsson:2.3800; toa_casumo:2.3200; toa_codere_it:2.3200; toa_grosvenor:2.3300; toa_leovegas:2.3200; toa_leovegas_se:2.3200; toa_nordicbet:2.3800; toa_onexbet:2.4400; toa_playup:2.3000; toa_tabtouch:2.3200; toa_tipico_de:2.3500; toa_unibet:2.3200; toa_unibet_nl:2.3200; toa_unibet_se:2.3200; toa_williamhill:2.3000,THE_ODDS_API
Strasbourg vs Metz,2026-01-18 09:00:00,Over 2.5,1.65,1.5729,1.1e-05,17,0.003803,0.002446,5.5e-05,17,0.008461,0.004671,toa_onexbet,17,0.0771,1.33,980.98,Ligue 1,Over/Under,,toa_betmgm:1.5700; toa_betrivers:1.5700; toa_betsson:1.5500; toa_casumo:1.5700; toa_codere_it:1.5900; toa_grosvenor:1.5700; toa_leovegas:1.5700; toa_leovegas_se:1.5700; toa_nordicbet:1.5500; toa_onexbet:1.6500; toa_playup:1.5500; toa_tabtouch:1.5700; toa_tipico_de:1.5700; toa_unibet:1.5800; toa_unibet_nl:1.5700; toa_unibet_se:1.5700; toa_williamhill:1.5700,THE_ODDS_API
Bodø/Glimt vs Manchester City,2026-01-20 12:45:00,Under 3.5,1.97,1.88,1.1e-05,22,0.003963,0.003343,6.5e-05,22,0.009467,0.007135,toa_onexbet,22,0.09,1.78,1070.59,Champions League,Over/Under,,toa_betmgm:1.8300; toa_betonlineag:1.9200; toa_betrivers:1.8500; toa_betsson:1.8800; toa_betus:1.9100; toa_bovada:1.9100; toa_casumo:1.8700; toa_codere_it:1.8200; toa_coolbet:1.8700; toa_grosvenor:1.8700; toa_gtbets:1.8700; toa_leovegas:1.8500; toa_leovegas_se:1.8800; toa_lowvig:1.9200; toa_nordicbet:1.8800; toa_onexbet:1.9700; toa_pinnacle:1.9300; toa_playup:1.8500; toa_tabtouch:1.8700; toa_unibet:1.8700; toa_unibet_nl:1.8700; toa_unibet_se:1.8700,THE_ODDS_API
Bodø/Glimt vs Manchester City,2026-01-20 12:45:00,Over 3.5,1.97,1.915,1.1e-05,22,0.003963,0.003343,3.3e-05,22,0.006779,0.004986,toa_onexbet,22,0.055,1.3,1049.02,Champions League,Over/Under,,toa_betmgm:1.8700; toa_betonlineag:1.9000; toa_betrivers:1.9200; toa_betsson:1.9200; toa_betus:1.9100; toa_bovada:1.9100; toa_casumo:1.9300; toa_codere_it:1.8500; toa_coolbet:1.9400; toa_grosvenor:1.9300; toa_gtbets:1.9100; toa_leovegas:1.9100; toa_leovegas_se:1.9300; toa_lowvig:1.9000; toa_nordicbet:1.9200; toa_onexbet:1.9700; toa_pinnacle:1.9100; toa_playup:1.8800; toa_tabtouch:1.9300; toa_unibet:1.9300; toa_unibet_nl:1.9300; toa_unibet_se:1.9300,THE_ODDS_API
Paris Saint Germain vs Lille,2026-01-16 15:00:00,Over 3.0,1.87,1.8569,1.1e-05,4,0.003986,0.003922,5e-06,4,0.002578,0.002355,toa_bovada,4,0.0131,0.48,115.42,Ligue 1,Over/Under,,sgo_bovada:1.8475; toa_bovada:1.8700; toa_coolbet:1.8500; toa_pinnacle:1.8600,"SportsGameOdds, THE_ODDS_API"
Paris Saint Germain vs Lille,2026-01-16 15:00:00,Under 3.0,2.01,1.9676,1.1e-05,4,0.003986,0.003922,4.4e-05,4,0.007822,0.007124,toa_pinnacle,4,0.0424,1.54,103.34,Ligue 1,Over/Under,,sgo_bovada:1.9804; toa_bovada:1.9500; toa_coolbet:1.9300; toa_pinnacle:2.0100,"SportsGameOdds, THE_ODDS_API"
Bournemouth vs Tottenham,2026-01-07 14:30:00,Over 2.75,1.97,1.9173,1.1e-05,11,0.003878,0.002723,4.2e-05,11,0.007607,0.006262,SBO,11,0.0527,1.46,473.85,Premier League,Over/Under,,188Bet:1.9400; 1xBet:1.8800; Betano:1.9100; Marathonbet:1.8800; Pinnacle:1.9400; SBO:1.9700; Unibet:1.8800; toa_betonlineag:1.9200; toa_bovada:1.9100; toa_lowvig:1.9200; toa_pinnacle:1.9400,"API-FOOTBALL, THE_ODDS_API"
Bournemouth vs Tottenham,2026-01-07 14:30:00,Under 2.75,1.96,1.9155,1.1e-05,11,0.003878,0.002723,5.3e-05,11,0.008592,0.007108,188Bet,11,0.0445,1.65,474.43,Premier League,Over/Under,,188Bet:1.9600; 1xBet:1.8600; Betano:1.9300; Marathonbet:1.8600; Pinnacle:1.9400; SBO:1.8900; Unibet:1.9200; toa_betonlineag:1.9300; toa_bovada:1.9100; toa_lowvig:1.9300; toa_pinnacle:1.9400,"API-FOOTBALL, THE_ODDS_API"
Nottingham Forest vs Arsenal,2026-01-17 12:30:00,Over 2.5,1.92,1.8442,1e-05,23,0.00376,0.00215,7.2e-05,23,0.009931,0.007001,toa_onexbet,23,0.0758,1.83,1147.54,Premier League,Over/Under,,sgo_betmgm:1.8000; sgo_betparx:1.8475; sgo_betrivers:1.8403; sgo_bovada:1.8696; toa_betonlineag:1.8700; toa_betrivers:1.8300; toa_betsson:1.8500; toa_bovada:1.8700; toa_casumo:1.8500; toa_grosvenor:1.8500; toa_leovegas:1.8500; toa_leovegas_se:1.8500; toa_lowvig:1.8700; toa_mybookieag:1.8000; toa_nordicbet:1.8500; toa_onexbet:1.9200; toa_pinnacle:1.8800; toa_playup:1.8200; toa_tabtouch:1.8500; toa_tipico_de:1.8000; toa_unibet_nl:1.8500; toa_unibet_se:1.8500; toa_williamhill:1.7500,"SportsGameOdds, THE_ODDS_API"
Nottingham Forest vs Arsenal,2026-01-17 12:30:00,Under 2.5,2.02,1.946,1e-05,23,0.00376,0.00215,2.3e-05,23,0.005686,0.003584,toa_onexbet,23,0.074,1.11,1082.03,Premier League,Over/Under,,sgo_betmgm:1.9009; sgo_betparx:1.9524; sgo_betrivers:1.9434; sgo_bovada:1.9524; toa_betonlineag:1.9500; toa_betrivers:1.9300; toa_betsson:1.9500; toa_bovada:1.9500; toa_casumo:1.9400; toa_grosvenor:1.9400; toa_leovegas:1.9500; toa_leovegas_se:1.9500; toa_lowvig:1.9500; toa_mybookieag:1.9100; toa_nordicbet:1.9500; toa_onexbet:2.0200; toa_pinnacle:1.9600; toa_playup:1.9200; toa_tabtouch:1.9400; toa_tipico_de:1.9700; toa_unibet_nl:1.9400; toa_unibet_se:1.9400; toa_williamhill:1.9500,"SportsGameOdds, THE_ODDS_API"
Werder Bremen vs TSG Hoffenheim,2026-01-10 09:30:00,Over 2.5,1.57,1.55,1e-05,3,0.003628,0.003394,3.6e-05,3,0.006798,0.005575,toa_gtbets,3,0.02,1.05,93.57,Bundesliga,Over/Under,,toa_gtbets:1.5700; toa_tipico_de:1.5500; toa_williamhill:1.5300,THE_ODDS_API
Werder Bremen vs TSG Hoffenheim,2026-01-10 09:30:00,Under 2.5,2.4,2.38,1e-05,3,0.003628,0.003394,6e-06,3,0.002883,0.002361,toa_tipico_de,3,0.02,0.69,26.06,Bundesliga,Over/Under,,toa_gtbets:2.3600; toa_tipico_de:2.4000; toa_williamhill:2.3800,THE_ODDS_API
Fulham vs Chelsea,2026-01-07 14:30:00,Over 2.75,2.02,2.0075,1e-05,4,0.003676,0.003143,3e-06,4,0.002053,0.00186,toa_bovada,4,0.0125,0.41,99.26,Premier League,Over/Under,,toa_betonlineag:2.0000; toa_bovada:2.0200; toa_lowvig:2.0000; toa_pinnacle:2.0100,THE_ODDS_API
Fulham vs Chelsea,2026-01-07 14:30:00,Under 2.75,1.88,1.855,1e-05,4,0.003676,0.003143,3e-05,4,0.006384,0.005146,toa_pinnacle,4,0.025,1.18,115.66,Premier League,Over/Under,,toa_betonlineag:1.8600; toa_bovada:1.8200; toa_lowvig:1.8600; toa_pinnacle:1.8800,THE_ODDS_API
Enfield Town vs Hampton & Richmond,2026-01-06 14:45:00,Over 3.0,2.27,2.2175,1e-05,4,0.003698,0.003117,3.2e-05,4,0.006579,0.005566,Pinnacle,4,0.0525,1.46,80.42,National League - South,Over/Under,,1xBet:2.1900; Betano:2.2200; Marathonbet:2.1900; Pinnacle:2.2700,API-FOOTBALL
Enfield Town vs Hampton & Richmond,2026-01-06 14:45:00,Under 3.0,1.62,1.5775,1e-05,4,0.003698,0.003117,0.000178,4,0.015136,0.015075,Betano,4,0.0425,2.39,153.71,National League - South,Over/Under,,1xBet:1.5400; Betano:1.6200; Marathonbet:1.5400; Pinnacle:1.6100,API-FOOTBALL
PAOK vs Real Betis,2026-01-22 12:45:00,Over 2.5,1.88,1.8118,1e-05,11,0.003784,0.002906,4.9e-05,11,0.008188,0.005628,toa_onexbet,11,0.0682,1.48,507.26,Europa League,Over/Under,,toa_betmgm:1.7700; toa_betonlineag:1.8100; toa_betsson:1.8200; toa_bovada:1.7800; toa_codere_it:1.8100; toa_coolbet:1.8000; toa_lowvig:1.8100; toa_nordicbet:1.8200; toa_onexbet:1.8800; toa_pinnacle:1.8300; toa_williamhill:1.8000,THE_ODDS_API
PAOK vs Real Betis,2026-01-22 12:45:00,Under 2.5,2.07,1.9909,1e-05,11,0.003784,0.002906,8.1e-05,11,0.010574,0.008483,toa_onexbet,11,0.0791,2.1,452.76,Europa League,Over/Under,,toa_betmgm:1.9500; toa_betonlineag:2.0300; toa_betsson:1.9800; toa_bovada:1.9800; toa_codere_it:1.9700; toa_coolbet:1.9800; toa_lowvig:2.0300; toa_nordicbet:1.9800; toa_onexbet:2.0700; toa_pinnacle:2.0200; toa_williamhill:1.9100,THE_ODDS_API
Leeds United vs Fulham,2026-01-17 10:00:00,Over 2.5,2.17,2.0833,1e-05,18,0.003632,0.002667,2.5e-05,18,0.005926,0.003865,toa_onexbet,18,0.0867,1.23,764.13,Premier League,Over/Under,,sgo_betmgm:2.0500; sgo_betparx:2.0800; sgo_betrivers:2.0700; toa_betrivers:2.0700; toa_betsson:2.0800; toa_casumo:2.0800; toa_grosvenor:2.0800; toa_leovegas:2.1000; toa_leovegas_se:2.1000; toa_mybookieag:2.0500; toa_nordicbet:2.0800; toa_onexbet:2.1700; toa_playup:2.0500; toa_tabtouch:2.0800; toa_tipico_de:2.1000; toa_unibet_nl:2.0800; toa_unibet_se:2.0800; toa_williamhill:2.1000,"SportsGameOdds, THE_ODDS_API"
Leeds United vs Fulham,2026-01-17 10:00:00,Under 2.5,1.81,1.7385,1e-05,18,0.003632,0.002667,8.4e-05,18,0.010638,0.007935,toa_onexbet,18,0.0715,1.85,935.73,Premier League,Over/Under,,sgo_betmgm:1.6803; sgo_betparx:1.7519; sgo_betrivers:1.7407; toa_betrivers:1.7400; toa_betsson:1.7500; toa_casumo:1.7500; toa_grosvenor:1.7500; toa_leovegas:1.7600; toa_leovegas_se:1.7600; toa_mybookieag:1.6900; toa_nordicbet:1.7500; toa_onexbet:1.8100; toa_playup:1.7200; toa_tabtouch:1.7500; toa_tipico_de:1.7200; toa_unibet_nl:1.7500; toa_unibet_se:1.7500; toa_williamhill:1.6700,"SportsGameOdds, THE_ODDS_API"
Stade Rennais vs Le Havre,2026-01-18 11:15:00,Under 2.5,2.02,1.965,1e-05,4,0.00363,0.003031,5.6e-05,4,0.008807,0.007012,sgo_bovada,4,0.0551,1.73,103.63,FR_LIGUE_1,Over/Under,,sgo_betmgm:1.9259; sgo_betparx:1.9524; sgo_betrivers:1.9615; sgo_bovada:2.0200,SportsGameOdds
Stade Rennais vs Le Havre,2026-01-18 11:15:00,Over 2.5,1.8333,1.8135,1e-05,4,0.00363,0.003031,2.6e-05,4,0.005969,0.004964,sgo_betrivers,4,0.0198,1.08,120.6,FR_LIGUE_1,Over/Under,,sgo_betmgm:1.7812; sgo_betparx:1.8197; sgo_betrivers:1.8333; sgo_bovada:1.8197,SportsGameOdds
Burnley vs Manchester United,2026-01-07 15:15:00,Under 2.5,2.19,2.1176,9e-06,34,0.003603,0.002964,5e-05,34,0.008327,0.006164,toa_onexbet,34,0.0724,1.76,1506.05,Premier League,Over/Under,,10Bet:2.1000; 1xBet:2.1800; Bet365:2.1000; Betano:2.1500; Betfair:2.0500; Marathonbet:2.1200; Pinnacle:2.1500; SBO:2.1400; Superbet:2.1000; Unibet:2.1200; sgo_betmgm:2.0500; sgo_betparx:2.1200; sgo_betrivers:2.1200; toa_betmgm:2.0500; toa_betrivers:2.1200; toa_betsson:2.1500; toa_betus:2.1500; toa_casumo:2.1200; toa_codere_it:2.0300; toa_coolbet:2.1300; toa_grosvenor:2.1200; toa_gtbets:2.0700; toa_leovegas:2.1400; toa_leovegas_se:2.1400; toa_matchbook:2.1800; toa_mybookieag:2.0800; toa_nordicbet:2.1500; toa_onexbet:2.1900; toa_playup:2.1200; toa_tabtouch:2.1200; toa_tipico_de:2.1000; toa_unibet_nl:2.1200; toa_unibet_se:2.1200; toa_williamhill:2.1000,"API-FOOTBALL, SportsGameOdds, THE_ODDS_API"
Burnley vs Manchester United,2026-01-07 15:15:00,Over 2.5,1.82,1.7208,9e-06,34,0.003603,0.002964,8.9e-05,34,0.010997,0.008413,toa_matchbook,34,0.0992,1.89,1876.49,Premier League,Over/Under,,10Bet:1.7000; 1xBet:1.7900; Bet365:1.7300; Betano:1.7500; Betfair:1.7300; Marathonbet:1.7400; Pinnacle:1.7500; SBO:1.7300; Superbet:1.7400; Unibet:1.7100; sgo_betmgm:1.6803; sgo_betparx:1.7092; sgo_betrivers:1.6993; toa_betmgm:1.6900; toa_betrivers:1.7000; toa_betsson:1.7000; toa_betus:1.7400; toa_casumo:1.7100; toa_codere_it:1.6700; toa_coolbet:1.7700; toa_grosvenor:1.7100; toa_gtbets:1.6900; toa_leovegas:1.7200; toa_leovegas_se:1.7200; toa_matchbook:1.8200; toa_mybookieag:1.7000; toa_nordicbet:1.7000; toa_onexbet:1.7900; toa_playup:1.7000; toa_tabtouch:1.7100; toa_tipico_de:1.7200; toa_unibet_nl:1.7100; toa_unibet_se:1.7100; toa_williamhill:1.6700,"API-FOOTBALL, SportsGameOdds, THE_ODDS_API"
Pisa vs Como,2026-01-06 09:00:00,Under 2.0,2.45,2.38,9e-06,6,0.003445,0.002863,5.3e-05,6,0.008474,0.007654,Pinnacle,6,0.07,2.02,152.2,Serie A,Over/Under,,1xBet:2.3100; Betano:2.4200; Marathonbet:2.3400; Pinnacle:2.4500; SBO:2.3600; Unibet:2.4000,API-FOOTBALL
Pisa vs Como,2026-01-06 09:00:00,Over 2.0,1.6,1.5767,9e-06,6,0.003445,0.002863,4.1e-05,6,0.007238,0.006711,Betano,6,0.0233,1.14,280.6,Serie A,Over/Under,,1xBet:1.5600; Betano:1.6000; Marathonbet:1.5500; Pinnacle:1.5900; SBO:1.5900; Unibet:1.5700,API-FOOTBALL
Parma vs Inter,2026-01-07 14:45:00,Under 2.0,3.71,3.57,9e-06,3,0.00319,0.003007,5.2e-05,3,0.007624,0.007188,Pinnacle,3,0.14,2.72,-15.9,Serie A,Over/Under,,1xBet:3.5000; Marathonbet:3.5000; Pinnacle:3.7100,API-FOOTBALL
Parma vs Inter,2026-01-07 14:45:00,Over 2.0,1.3,1.28,9e-06,3,0.00319,0.003007,7.7e-05,3,0.008566,0.008076,Pinnacle,3,0.02,1.1,134.4,Serie A,Over/Under,,1xBet:1.2700; Marathonbet:1.2700; Pinnacle:1.3000,API-FOOTBALL
SK Brann vs FC Midtjylland,2026-01-22 12:45:00,Over 2.5,1.78,1.7,9e-06,7,0.003593,0.003202,0.0001,7,0.011615,0.008672,toa_onexbet,7,0.08,1.97,311.93,Europa League,Over/Under,,toa_betmgm:1.6900; toa_betsson:1.6800; toa_codere_it:1.6900; toa_coolbet:1.7100; toa_nordicbet:1.6800; toa_onexbet:1.7800; toa_williamhill:1.6700,THE_ODDS_API
SK Brann vs FC Midtjylland,2026-01-22 12:45:00,Under 2.5,2.21,2.1186,9e-06,7,0.003593,0.003202,7e-05,7,0.009796,0.00672,toa_onexbet,7,0.0914,2.07,230.56,Europa League,Over/Under,,toa_betmgm:2.0500; toa_betsson:2.1200; toa_codere_it:2.1300; toa_coolbet:2.1000; toa_nordicbet:2.1200; toa_onexbet:2.2100; toa_williamhill:2.1000,THE_ODDS_API
Sassuolo vs Juventus,2026-01-06 14:45:00,Under 2.25,2.18,2.1417,9e-06,6,0.003466,0.002644,3.3e-05,6,0.006754,0.006112,Pinnacle,6,0.0383,1.45,180.21,Serie A,Over/Under,,1xBet:2.1000; Betano:2.1500; Marathonbet:2.1000; Pinnacle:2.1800; SBO:2.1600; Unibet:2.1600,API-FOOTBALL
Sassuolo vs Juventus,2026-01-06 14:45:00,Over 2.25,1.75,1.7117,9e-06,6,0.003466,0.002644,6.1e-05,6,0.009089,0.008522,Betano,6,0.0383,1.56,250.62,Serie A,Over/Under,,1xBet:1.6900; Betano:1.7500; Marathonbet:1.6900; Pinnacle:1.7400; SBO:1.7200; Unibet:1.6800,API-FOOTBALL
RB Leipzig vs SC Freiburg,2026-01-14 14:30:00,Under 2.5,2.42,2.3344,9e-06,18,0.00352,0.00263,3.1e-05,18,0.006486,0.004897,toa_onexbet,18,0.0856,1.51,671.24,Bundesliga,Over/Under,,sgo_betmgm:2.3000; sgo_betparx:2.3500; sgo_betrivers:2.3300; toa_betmgm:2.3000; toa_betrivers:2.3300; toa_betsson:2.3200; toa_casumo:2.3500; toa_grosvenor:2.3500; toa_leovegas:2.3200; toa_leovegas_se:2.3800; toa_nordicbet:2.3200; toa_onexbet:2.4200; toa_playup:2.2500; toa_tabtouch:2.3500; toa_tipico_de:2.3500; toa_unibet_nl:2.3500; toa_unibet_se:2.3500; toa_williamhill:2.3000,"SportsGameOdds, THE_ODDS_API"
RB Leipzig vs SC Freiburg,2026-01-14 14:30:00,Over 2.5,1.66,1.5683,9e-06,18,0.00352,0.00263,7.2e-05,18,0.0097,0.00599,toa_onexbet,18,0.0917,1.52,1048.01,Bundesliga,Over/Under,,sgo_betmgm:1.5495; sgo_betparx:1.5714; sgo_betrivers:1.5587; toa_betmgm:1.5400; toa_betrivers:1.5600; toa_betsson:1.5800; toa_casumo:1.5600; toa_grosvenor:1.5700; toa_leovegas:1.5500; toa_leovegas_se:1.5700; toa_nordicbet:1.5800; toa_onexbet:1.6600; toa_playup:1.5800; toa_tabtouch:1.5600; toa_tipico_de:1.5700; toa_unibet_nl:1.5600; toa_unibet_se:1.5600; toa_williamhill:1.5500,"SportsGameOdds, THE_ODDS_API"
FSV Mainz 05 vs 1. FC Heidenheim,2026-01-13 14:30:00,Under 2.5,1.9,1.814,9e-06,20,0.003554,0.002894,5e-05,20,0.008315,0.006459,toa_onexbet,20,0.086,1.51,1002.79,Bundesliga,Over/Under,,toa_betmgm:1.7700; toa_betonlineag:1.8400; toa_betrivers:1.7800; toa_betsson:1.8200; toa_bovada:1.8300; toa_casumo:1.8000; toa_coolbet:1.8000; toa_grosvenor:1.8000; toa_leovegas:1.7800; toa_leovegas_se:1.8100; toa_lowvig:1.8400; toa_nordicbet:1.8200; toa_onexbet:1.9000; toa_pinnacle:1.8300; toa_playup:1.8000; toa_tabtouch:1.8000; toa_tipico_de:1.8300; toa_unibet_nl:1.8000; toa_unibet_se:1.8000; toa_williamhill:1.8300,THE_ODDS_API
FSV Mainz 05 vs 1. FC Heidenheim,2026-01-13 14:30:00,Over 2.5,2.05,1.967,9e-06,20,0.003554,0.002894,5.5e-05,20,0.008731,0.0069,toa_onexbet,20,0.083,1.72,917.08,Bundesliga,Over/Under,,toa_betmgm:1.9100; toa_betonlineag:1.9900; toa_betrivers:1.9500; toa_betsson:1.9500; toa_bovada:2.0000; toa_casumo:1.9700; toa_coolbet:1.9800; toa_grosvenor:1.9700; toa_leovegas:1.9400; toa_leovegas_se:2.0000; toa_lowvig:1.9900; toa_nordicbet:1.9500; toa_onexbet:2.0500; toa_pinnacle:2.0100; toa_playup:1.9300; toa_tabtouch:1.9700; toa_tipico_de:1.9300; toa_unibet_nl:1.9700; toa_unibet_se:1.9700; toa_williamhill:1.9100,THE_ODDS_API
SC Freiburg vs Hamburger SV,2026-01-10 09:30:00,Over 2.75,2.05,2.014,9e-06,5,0.003515,0.003036,2.4e-05,5,0.005747,0.004747,toa_pinnacle,5,0.036,1.16,148.3,Bundesliga,Over/Under,,toa_betonlineag:2.0200; toa_betus:2.0000; toa_bovada:1.9800; toa_lowvig:2.0200; toa_pinnacle:2.0500,THE_ODDS_API
SC Freiburg vs Hamburger SV,2026-01-10 09:30:00,Under 2.75,1.85,1.834,9e-06,5,0.003515,0.003036,1.2e-05,5,0.004027,0.003796,toa_pinnacle,5,0.016,0.74,172.64,Bundesliga,Over/Under,,toa_betonlineag:1.8200; toa_betus:1.8300; toa_bovada:1.8500; toa_lowvig:1.8200; toa_pinnacle:1.8500,THE_ODDS_API
RC Lens vs Auxerre,2026-01-17 11:00:00,Over 2.5,1.79,1.7147,9e-06,21,0.003453,0.002874,4.5e-05,21,0.0078,0.005461,toa_onexbet,21,0.0753,1.34,1124.93,Ligue 1,Over/Under,,sgo_betmgm:1.6993; sgo_betparx:1.7194; sgo_betrivers:1.7299; toa_betmgm:1.6900; toa_betrivers:1.7300; toa_betsson:1.7000; toa_casumo:1.7200; toa_codere_it:1.7200; toa_coolbet:1.7100; toa_grosvenor:1.7300; toa_leovegas:1.7200; toa_leovegas_se:1.7200; toa_nordicbet:1.7000; toa_onexbet:1.7900; toa_playup:1.6800; toa_tabtouch:1.7200; toa_tipico_de:1.7000; toa_unibet:1.7200; toa_unibet_nl:1.7200; toa_unibet_se:1.7200; toa_williamhill:1.6700,"SportsGameOdds, THE_ODDS_API"
RC Lens vs Auxerre,2026-01-17 11:00:00,Under 2.5,2.19,2.0843,9e-06,21,0.003453,0.002874,3.4e-05,21,0.00687,0.004963,toa_onexbet,21,0.1057,1.43,907.75,Ligue 1,Over/Under,,sgo_betmgm:2.0500; sgo_betparx:2.0700; sgo_betrivers:2.0800; toa_betmgm:2.0500; toa_betrivers:2.0800; toa_betsson:2.1200; toa_casumo:2.0700; toa_codere_it:2.0900; toa_coolbet:2.1000; toa_grosvenor:2.0800; toa_leovegas:2.0700; toa_leovegas_se:2.0700; toa_nordicbet:2.1200; toa_onexbet:2.1900; toa_playup:2.0500; toa_tabtouch:2.0700; toa_tipico_de:2.1000; toa_unibet:2.0700; toa_unibet_nl:2.0700; toa_unibet_se:2.0700; toa_williamhill:2.1000,"SportsGameOdds, THE_ODDS_API"
Fiorentina vs AC Milan,2026-01-11 09:00:00,Under 2.5,1.94,1.8347,9e-06,24,0.00359,0.003293,9e-05,24,0.011128,0.00852,toa_onexbet,24,0.1053,2.04,1208.68,Serie A,Over/Under,,sgo_betparx:1.8197; sgo_betrivers:1.8130; sgo_bovada:1.8696; toa_betonlineag:1.8700; toa_betrivers:1.8100; toa_betsson:1.8200; toa_betus:1.8700; toa_bovada:1.8700; toa_casumo:1.8200; toa_grosvenor:1.8200; toa_gtbets:1.8400; toa_leovegas:1.8000; toa_leovegas_se:1.8300; toa_lowvig:1.8700; toa_matchbook:1.7400; toa_nordicbet:1.8200; toa_onexbet:1.9400; toa_pinnacle:1.8800; toa_playup:1.8200; toa_tabtouch:1.8200; toa_tipico_de:1.8500; toa_unibet_nl:1.8200; toa_unibet_se:1.8200; toa_williamhill:1.8000,"SportsGameOdds, THE_ODDS_API"
Fiorentina vs AC Milan,2026-01-11 09:00:00,Over 2.5,2.01,1.937,9e-06,24,0.00359,0.003293,7.6e-05,24,0.010214,0.005717,toa_onexbet,24,0.073,1.98,1139.49,Serie A,Over/Under,,sgo_betparx:1.9524; sgo_betrivers:1.9434; sgo_bovada:1.9524; toa_betonlineag:1.9500; toa_betrivers:1.9300; toa_betsson:1.9500; toa_betus:1.9500; toa_bovada:1.9500; toa_casumo:1.9400; toa_grosvenor:1.9500; toa_gtbets:1.9300; toa_leovegas:1.9300; toa_leovegas_se:1.9600; toa_lowvig:1.9500; toa_matchbook:1.7900; toa_nordicbet:1.9500; toa_onexbet:2.0100; toa_pinnacle:1.9500; toa_playup:1.9200; toa_tabtouch:1.9400; toa_tipico_de:1.9000; toa_unibet_nl:1.9400; toa_unibet_se:1.9400; toa_williamhill:1.9100,"SportsGameOdds, THE_ODDS_API"
Angers vs Marseille,2026-01-17 15:05:00,Under 2.5,2.01,1.9495,8e-06,20,0.003398,0.003013,2.7e-05,20,0.006117,0.003915,toa_onexbet,20,0.0605,1.19,926.05,Ligue 1,Over/Under,,toa_betmgm:1.9100; toa_betrivers:1.9600; toa_betsson:1.9500; toa_bovada:1.9500; toa_casumo:1.9500; toa_codere_it:1.9400; toa_coolbet:1.9600; toa_grosvenor:1.9600; toa_leovegas:1.9500; toa_leovegas_se:1.9500; toa_nordicbet:1.9500; toa_onexbet:2.0100; toa_pinnacle:1.9900; toa_playup:1.9100; toa_tabtouch:1.9500; toa_tipico_de:1.9300; toa_unibet:1.9600; toa_unibet_nl:1.9500; toa_unibet_se:1.9500; toa_williamhill:1.9100,THE_ODDS_API
Angers vs Marseille,2026-01-17 15:05:00,Over 2.5,1.93,1.8215,8e-06,20,0.003398,0.003013,7e-05,20,0.009845,0.007117,toa_onexbet,20,0.1085,1.79,998.36,Ligue 1,Over/Under,,toa_betmgm:1.8000; toa_betrivers:1.8100; toa_betsson:1.8200; toa_bovada:1.8700; toa_casumo:1.8000; toa_codere_it:1.8400; toa_coolbet:1.8200; toa_grosvenor:1.8100; toa_leovegas:1.8000; toa_leovegas_se:1.8000; toa_nordicbet:1.8200; toa_onexbet:1.9300; toa_pinnacle:1.8800; toa_playup:1.8000; toa_tabtouch:1.8000; toa_tipico_de:1.8300; toa_unibet:1.8000; toa_unibet_nl:1.8000; toa_unibet_se:1.8000; toa_williamhill:1.8000,THE_ODDS_API
Le Havre vs AS Monaco,2026-01-24 13:00:00,Under 2.5,2.23,2.1569,8e-06,16,0.003209,0.002774,2.5e-05,16,0.005853,0.003734,toa_onexbet,16,0.0731,1.26,641.93,Ligue 1,Over/Under,,sgo_betparx:2.1600; sgo_betrivers:2.1700; toa_betrivers:2.1700; toa_betsson:2.1200; toa_casumo:2.1600; toa_grosvenor:2.1700; toa_leovegas:2.1600; toa_leovegas_se:2.1600; toa_nordicbet:2.1200; toa_onexbet:2.2300; toa_tabtouch:2.1600; toa_tipico_de:2.1500; toa_unibet:2.1600; toa_unibet_nl:2.1600; toa_unibet_se:2.1600; toa_williamhill:2.1000,"SportsGameOdds, THE_ODDS_API"
Le Havre vs AS Monaco,2026-01-24 13:00:00,Over 2.5,1.76,1.6718,8e-06,16,0.003209,0.002774,5e-05,16,0.008173,0.004519,toa_onexbet,16,0.0882,1.37,857.23,Ligue 1,Over/Under,,sgo_betparx:1.6579; sgo_betrivers:1.6711; toa_betrivers:1.6700; toa_betsson:1.6800; toa_casumo:1.6600; toa_grosvenor:1.6700; toa_leovegas:1.6600; toa_leovegas_se:1.6600; toa_nordicbet:1.6800; toa_onexbet:1.7600; toa_tabtouch:1.6600; toa_tipico_de:1.6700; toa_unibet:1.6600; toa_unibet_nl:1.6600; toa_unibet_se:1.6600; toa_williamhill:1.6700,"SportsGameOdds, THE_ODDS_API"
Borussia Dortmund vs Werder Bremen,2026-01-13 14:30:00,Under 3.25,1.93,1.92,8e-06,4,0.003396,0.003269,5e-06,4,0.002713,0.002713,toa_lowvig,4,0.01,0.52,108.34,Bundesliga,Over/Under,,toa_betonlineag:1.9300; toa_bovada:1.9100; toa_lowvig:1.9300; toa_pinnacle:1.9100,THE_ODDS_API
Borussia Dortmund vs Werder Bremen,2026-01-13 14:30:00,Over 3.25,1.93,1.905,8e-06,4,0.003396,0.003269,1.5e-05,4,0.004551,0.004127,toa_pinnacle,4,0.025,0.87,109.99,Bundesliga,Over/Under,,toa_betonlineag:1.8900; toa_bovada:1.9100; toa_lowvig:1.8900; toa_pinnacle:1.9300,THE_ODDS_API
Hellas Verona vs Lazio,2026-01-11 12:00:00,Under 2.5,1.6,1.5211,8e-06,9,0.003304,0.002916,0.000123,9,0.012507,0.008161,toa_onexbet,9,0.0789,1.9,491.89,Serie A,Over/Under,,sgo_betrivers:1.5000; toa_betrivers:1.5000; toa_betsson:1.5200; toa_gtbets:1.5300; toa_nordicbet:1.5200; toa_onexbet:1.6000; toa_playup:1.5200; toa_tipico_de:1.5000; toa_williamhill:1.5000,"SportsGameOdds, THE_ODDS_API"
Hellas Verona vs Lazio,2026-01-11 12:00:00,Over 2.5,2.57,2.4778,8e-06,9,0.003304,0.002916,3.5e-05,9,0.00686,0.004493,toa_onexbet,9,0.0922,1.7,263.33,Serie A,Over/Under,,sgo_betrivers:2.4800; toa_betrivers:2.4800; toa_betsson:2.4800; toa_gtbets:2.4600; toa_nordicbet:2.4800; toa_onexbet:2.5700; toa_playup:2.4500; toa_tipico_de:2.5000; toa_williamhill:2.4000,"SportsGameOdds, THE_ODDS_API"
Espanyol vs Girona,2026-01-16 15:00:00,Under 2.5,1.89,1.8257,8e-06,11,0.003262,0.001933,4.9e-05,11,0.008166,0.005133,toa_onexbet,11,0.0643,1.49,502.65,La Liga,Over/Under,,sgo_betmgm:1.7692; sgo_bovada:1.8333; toa_betonlineag:1.8300; toa_betsson:1.8200; toa_bovada:1.8300; toa_lowvig:1.8300; toa_nordicbet:1.8200; toa_onexbet:1.8900; toa_pinnacle:1.8300; toa_tipico_de:1.8000; toa_williamhill:1.8300,"SportsGameOdds, THE_ODDS_API"
Espanyol vs Girona,2026-01-16 15:00:00,Over 2.5,2.06,1.9833,8e-06,11,0.003262,0.001933,7.5e-05,11,0.010196,0.007927,toa_onexbet,11,0.0767,2.02,454.87,La Liga,Over/Under,,sgo_betmgm:1.9259; sgo_bovada:2.0000; toa_betonlineag:2.0000; toa_betsson:1.9800; toa_bovada:2.0000; toa_lowvig:2.0000; toa_nordicbet:1.9800; toa_onexbet:2.0600; toa_pinnacle:2.0100; toa_tipico_de:1.9500; toa_williamhill:1.9100,"SportsGameOdds, THE_ODDS_API"
Enfield Town vs Hampton & Richmond,2026-01-06 14:45:00,Under 3.25,1.5,1.46,8e-06,4,0.003256,0.002817,0.000174,4,0.014421,0.014065,Betano,4,0.04,2.1,174.09,National League - South,Over/Under,,1xBet:1.4300; Betano:1.5000; Marathonbet:1.4300; Pinnacle:1.4800,API-FOOTBALL
Enfield Town vs Hampton & Richmond,2026-01-06 14:45:00,Over 3.25,2.55,2.4925,8e-06,4,0.003256,0.002817,2.6e-05,4,0.005904,0.005213,Pinnacle,4,0.0575,1.47,60.52,National League - South,Over/Under,,1xBet:2.4600; Betano:2.5000; Marathonbet:2.4600; Pinnacle:2.5500,API-FOOTBALL
Crystal Palace vs Aston Villa,2026-01-07 14:30:00,Under 2.5,1.99,1.894,8e-06,39,0.00334,0.002847,7e-05,39,0.009866,0.007789,toa_matchbook,39,0.096,1.87,1959.86,Premier League,Over/Under,,10Bet:1.9000; 188Bet:1.9200; 1xBet:1.9600; Bet365:1.9100; Betano:1.9300; Betfair:1.8300; Marathonbet:1.9000; Pinnacle:1.9400; SBO:1.9000; Superbet:1.9000; Unibet:1.8800; sgo_betparx:1.8772; sgo_betrivers:1.8696; sgo_bovada:1.9091; toa_betmgm:1.8300; toa_betonlineag:1.9300; toa_betrivers:1.8700; toa_betsson:1.8800; toa_betus:1.9100; toa_bovada:1.9100; toa_casumo:1.8800; toa_codere_it:1.8200; toa_coolbet:1.9000; toa_grosvenor:1.8800; toa_gtbets:1.8800; toa_leovegas:1.8800; toa_leovegas_se:1.8800; toa_lowvig:1.9300; toa_matchbook:1.9900; toa_mybookieag:1.8600; toa_nordicbet:1.8800; toa_onexbet:1.9600; toa_pinnacle:1.9400; toa_playup:1.8700; toa_tabtouch:1.8800; toa_tipico_de:1.8700; toa_unibet_nl:1.8800; toa_unibet_se:1.8800; toa_williamhill:1.8500,"API-FOOTBALL, SportsGameOdds, THE_ODDS_API"
Crystal Palace vs Aston Villa,2026-01-07 14:30:00,Over 2.5,1.99,1.9176,8e-06,39,0.00334,0.002847,6.3e-05,39,0.009357,0.006637,toa_matchbook,39,0.0724,1.79,1934.47,Premier League,Over/Under,,10Bet:1.8500; 188Bet:1.9800; 1xBet:1.9800; Bet365:1.9100; Betano:1.9300; Betfair:1.9100; Marathonbet:1.9200; Pinnacle:1.9400; SBO:1.9600; Superbet:1.9000; Unibet:1.9200; sgo_betparx:1.9174; sgo_betrivers:1.9091; sgo_bovada:1.9091; toa_betmgm:1.8700; toa_betonlineag:1.9300; toa_betrivers:1.9100; toa_betsson:1.9200; toa_betus:1.9100; toa_bovada:1.9100; toa_casumo:1.9200; toa_codere_it:1.8400; toa_coolbet:1.9600; toa_grosvenor:1.9200; toa_gtbets:1.8800; toa_leovegas:1.9300; toa_leovegas_se:1.9300; toa_lowvig:1.9300; toa_matchbook:1.9900; toa_mybookieag:1.8800; toa_nordicbet:1.9200; toa_onexbet:1.9800; toa_pinnacle:1.9400; toa_playup:1.9000; toa_tabtouch:1.9200; toa_tipico_de:1.8700; toa_unibet_nl:1.9200; toa_unibet_se:1.9200; toa_williamhill:1.8500,"API-FOOTBALL, SportsGameOdds, THE_ODDS_API"
Rangers vs Aberdeen,2026-01-06 15:00:00,Over 5.0,7.6,7.5667,8e-06,3,0.002112,0.001991,1e-06,3,0.000827,0.00078,Marathonbet,3,0.0333,0.63,-60.35,Premiership,Over/Under,,1xBet:7.6000; Marathonbet:7.6000; Unibet:7.5000,API-FOOTBALL
Rangers vs Aberdeen,2026-01-06 15:00:00,Under 5.0,1.06,1.04,8e-06,3,0.002112,0.001991,0.00076,3,0.012953,0.012212,Unibet,3,0.02,1.35,188.51,Premiership,Over/Under,,1xBet:1.0300; Marathonbet:1.0300; Unibet:1.0600,API-FOOTBALL
Marseille vs RC Lens,2026-01-24 15:05:00,Under 2.5,2.25,2.1586,8e-06,14,0.003247,0.002751,3.7e-05,14,0.007115,0.004455,toa_onexbet,14,0.0914,1.54,548.73,Ligue 1,Over/Under,,toa_betrivers:2.1800; toa_betsson:2.1200; toa_casumo:2.1600; toa_grosvenor:2.1800; toa_leovegas:2.1600; toa_leovegas_se:2.1600; toa_nordicbet:2.1200; toa_onexbet:2.2500; toa_tabtouch:2.1600; toa_tipico_de:2.1500; toa_unibet:2.1600; toa_unibet_nl:2.1600; toa_unibet_se:2.1600; toa_williamhill:2.1000,THE_ODDS_API
Marseille vs RC Lens,2026-01-24 15:05:00,Over 2.5,1.75,1.6721,8e-06,14,0.003247,0.002751,4.6e-05,14,0.007836,0.004646,toa_onexbet,14,0.0779,1.31,737.4,Ligue 1,Over/Under,,toa_betrivers:1.6700; toa_betsson:1.6800; toa_casumo:1.6600; toa_grosvenor:1.6700; toa_leovegas:1.6600; toa_leovegas_se:1.6600; toa_nordicbet:1.6800; toa_onexbet:1.7500; toa_tabtouch:1.6600; toa_tipico_de:1.6700; toa_unibet:1.6600; toa_unibet_nl:1.6600; toa_unibet_se:1.6600; toa_williamhill:1.6700,THE_ODDS_API
Burnley vs Manchester United,2026-01-07 15:15:00,Over 2.75,1.98,1.9273,8e-06,11,0.003256,0.002367,4.8e-05,11,0.008128,0.006358,188Bet,11,0.0527,1.57,470.89,Premier League,Over/Under,,188Bet:1.9800; 1xBet:1.8800; Betano:1.9300; Marathonbet:1.8800; Pinnacle:1.9400; SBO:1.9700; Unibet:1.9100; toa_betonlineag:1.9300; toa_bovada:1.9100; toa_lowvig:1.9300; toa_pinnacle:1.9400,"API-FOOTBALL, THE_ODDS_API"
Burnley vs Manchester United,2026-01-07 15:15:00,Under 2.75,1.94,1.9073,8e-06,11,0.003256,0.002367,4.2e-05,11,0.007582,0.006509,toa_pinnacle,11,0.0327,1.45,476.86,Premier League,Over/Under,,188Bet:1.9200; 1xBet:1.8600; Betano:1.9300; Marathonbet:1.8600; Pinnacle:1.9400; SBO:1.8900; Unibet:1.8900; toa_betonlineag:1.9200; toa_bovada:1.9100; toa_lowvig:1.9200; toa_pinnacle:1.9400,"API-FOOTBALL, THE_ODDS_API"
Toulouse vs Nice,2026-01-17 13:00:00,Over 2.5,1.91,1.8348,8e-06,24,0.003252,0.002315,3.5e-05,24,0.00692,0.004719,toa_onexbet,24,0.0752,1.27,1208.26,Ligue 1,Over/Under,,sgo_betmgm:1.8197; sgo_betparx:1.8403; sgo_betrivers:1.8475; sgo_bovada:1.8475; toa_betmgm:1.8300; toa_betrivers:1.8500; toa_betsson:1.8200; toa_bovada:1.8500; toa_casumo:1.8300; toa_codere_it:1.7800; toa_coolbet:1.8200; toa_grosvenor:1.8500; toa_leovegas:1.8300; toa_leovegas_se:1.8300; toa_nordicbet:1.8200; toa_onexbet:1.9100; toa_pinnacle:1.8700; toa_playup:1.8000; toa_tabtouch:1.8300; toa_tipico_de:1.8300; toa_unibet:1.8400; toa_unibet_nl:1.8300; toa_unibet_se:1.8300; toa_williamhill:1.8300,"SportsGameOdds, THE_ODDS_API"
Toulouse vs Nice,2026-01-17 13:00:00,Under 2.5,2.03,1.9367,8e-06,24,0.003252,0.002315,6.4e-05,24,0.009443,0.006594,toa_onexbet,24,0.0933,1.83,1139.64,Ligue 1,Over/Under,,sgo_betmgm:1.9009; sgo_betparx:1.9259; sgo_betrivers:1.9434; sgo_bovada:1.9804; toa_betmgm:1.9100; toa_betrivers:1.9300; toa_betsson:1.9500; toa_bovada:1.9800; toa_casumo:1.9300; toa_codere_it:1.8900; toa_coolbet:1.9600; toa_grosvenor:1.9300; toa_leovegas:1.9300; toa_leovegas_se:1.9300; toa_nordicbet:1.9500; toa_onexbet:2.0300; toa_pinnacle:2.0000; toa_playup:1.9100; toa_tabtouch:1.9300; toa_tipico_de:1.9300; toa_unibet:1.9300; toa_unibet_nl:1.9300; toa_unibet_se:1.9300; toa_williamhill:1.8500,"SportsGameOdds, THE_ODDS_API"
Como vs Bologna,2026-01-10 09:00:00,Under 2.5,1.78,1.6978,8e-06,18,0.003266,0.002665,7.4e-05,18,0.009982,0.005525,toa_onexbet,18,0.0822,1.69,960.53,Serie A,Over/Under,,sgo_betparx:1.6993; sgo_betrivers:1.6803; toa_betrivers:1.6800; toa_betsson:1.7000; toa_casumo:1.7000; toa_grosvenor:1.7000; toa_gtbets:1.7200; toa_leovegas:1.6700; toa_leovegas_se:1.7100; toa_matchbook:1.6200; toa_nordicbet:1.7000; toa_onexbet:1.7800; toa_playup:1.7000; toa_tabtouch:1.7000; toa_tipico_de:1.7000; toa_unibet_nl:1.7000; toa_unibet_se:1.7000; toa_williamhill:1.7000,"SportsGameOdds, THE_ODDS_API"
Como vs Bologna,2026-01-10 09:00:00,Over 2.5,2.2,2.105,8e-06,18,0.003266,0.002665,9.1e-05,18,0.011198,0.006902,toa_onexbet,18,0.095,2.36,755.56,Serie A,Over/Under,,sgo_betparx:2.1200; sgo_betrivers:2.1000; toa_betrivers:2.1000; toa_betsson:2.1200; toa_casumo:2.1200; toa_grosvenor:2.1400; toa_gtbets:2.0900; toa_leovegas:2.1000; toa_leovegas_se:2.1400; toa_matchbook:1.9500; toa_nordicbet:2.1200; toa_onexbet:2.2000; toa_playup:2.0800; toa_tabtouch:2.1200; toa_tipico_de:2.1000; toa_unibet_nl:2.1200; toa_unibet_se:2.1200; toa_williamhill:2.0500,"SportsGameOdds, THE_ODDS_API"
AC Milan vs Genoa,2026-01-08 14:45:00,Over 2.5,2.09,2.016,8e-06,22,0.003398,0.002946,6.1e-05,22,0.009195,0.006679,toa_onexbet,22,0.074,1.85,991.63,Serie A,Over/Under,,sgo_betmgm:1.9524; sgo_betparx:2.0200; sgo_betrivers:2.0200; sgo_bovada:2.0500; toa_betmgm:1.9500; toa_betrivers:2.0200; toa_betsson:2.0200; toa_casumo:2.0200; toa_codere_it:1.9500; toa_coolbet:2.0700; toa_grosvenor:2.0400; toa_gtbets:2.0000; toa_leovegas:2.0000; toa_leovegas_se:2.0500; toa_nordicbet:2.0200; toa_onexbet:2.0900; toa_playup:2.0200; toa_tabtouch:2.0200; toa_tipico_de:2.0500; toa_unibet_nl:2.0200; toa_unibet_se:2.0200; toa_williamhill:1.9500,"SportsGameOdds, THE_ODDS_API"
AC Milan vs Genoa,2026-01-08 14:45:00,Under 2.5,1.86,1.7655,8e-06,22,0.003398,0.002946,6.3e-05,22,0.009315,0.006756,toa_onexbet,22,0.0945,1.64,1146.44,Serie A,Over/Under,,sgo_betmgm:1.7519; sgo_betparx:1.7576; sgo_betrivers:1.7519; sgo_bovada:1.8000; toa_betmgm:1.7400; toa_betrivers:1.7500; toa_betsson:1.7500; toa_casumo:1.7600; toa_codere_it:1.7300; toa_coolbet:1.8300; toa_grosvenor:1.7700; toa_gtbets:1.7900; toa_leovegas:1.7400; toa_leovegas_se:1.7800; toa_nordicbet:1.7500; toa_onexbet:1.8600; toa_playup:1.7500; toa_tabtouch:1.7600; toa_tipico_de:1.7500; toa_unibet_nl:1.7600; toa_unibet_se:1.7600; toa_williamhill:1.7500,"SportsGameOdds, THE_ODDS_API"
Sporting Lisbon vs Paris Saint Germain,2026-01-20 15:00:00,Under 3.0,1.84,1.836,7e-06,5,0.003178,0.002577,2e-06,5,0.001455,0.001426,toa_lowvig,5,0.004,0.27,172.33,Champions League,Over/Under,,toa_betonlineag:1.8400; toa_bovada:1.8300; toa_coolbet:1.8400; toa_lowvig:1.8400; toa_pinnacle:1.8300,THE_ODDS_API
Sporting Lisbon vs Paris Saint Germain,2026-01-20 15:00:00,Over 3.0,2.06,2.01,7e-06,5,0.003178,0.002577,2.9e-05,5,0.006356,0.004896,toa_coolbet,5,0.05,1.28,148.8,Champions League,Over/Under,,toa_betonlineag:1.9900; toa_bovada:2.0000; toa_coolbet:2.0600; toa_lowvig:1.9900; toa_pinnacle:2.0100,THE_ODDS_API
Parma vs Inter,2026-01-07 14:45:00,Under 2.75,2.08,2.0483,7e-06,12,0.003187,0.00182,2.9e-05,12,0.006341,0.004862,toa_pinnacle,12,0.0317,1.3,485.94,Serie A,Over/Under,,188Bet:2.0700; 1xBet:2.0000; Betano:2.0500; Marathonbet:2.0000; Pinnacle:2.0800; SBO:2.0400; Unibet:2.0800; toa_betanysports:2.0500; toa_betonlineag:2.0400; toa_bovada:2.0500; toa_lowvig:2.0400; toa_pinnacle:2.0800,"API-FOOTBALL, THE_ODDS_API"
Parma vs Inter,2026-01-07 14:45:00,Over 2.75,1.83,1.8025,7e-06,12,0.003187,0.00182,5e-05,12,0.008243,0.006854,toa_pinnacle,12,0.0275,1.49,565.89,Serie A,Over/Under,,188Bet:1.8300; 1xBet:1.7600; Betano:1.8200; Marathonbet:1.7600; Pinnacle:1.8300; SBO:1.8200; Unibet:1.7600; toa_betanysports:1.8000; toa_betonlineag:1.8100; toa_bovada:1.8000; toa_lowvig:1.8100; toa_pinnacle:1.8300,"API-FOOTBALL, THE_ODDS_API"
Fenerbahce vs Aston Villa,2026-01-22 12:45:00,Under 2.5,2.16,2.0812,7e-06,8,0.003128,0.002606,4.4e-05,8,0.007797,0.005516,toa_onexbet,8,0.0788,1.62,284.49,Europa League,Over/Under,,toa_betmgm:2.0500; toa_betsson:2.0800; toa_betus:2.0500; toa_codere_it:2.0800; toa_coolbet:2.1000; toa_nordicbet:2.0800; toa_onexbet:2.1600; toa_williamhill:2.0500,THE_ODDS_API
Fenerbahce vs Aston Villa,2026-01-22 12:45:00,Over 2.5,1.81,1.7312,7e-06,8,0.003128,0.002606,8.5e-05,8,0.010717,0.007111,toa_onexbet,8,0.0788,1.85,362.26,Europa League,Over/Under,,toa_betmgm:1.6900; toa_betsson:1.7200; toa_betus:1.7400; toa_codere_it:1.7300; toa_coolbet:1.7100; toa_nordicbet:1.7200; toa_onexbet:1.8100; toa_williamhill:1.7300,THE_ODDS_API
Torino vs Udinese,2026-01-07 14:45:00,Over 2.0,1.76,1.7286,7e-06,7,0.00309,0.00209,6.1e-05,7,0.00909,0.008247,Pinnacle,7,0.0314,1.57,305.06,Serie A,Over/Under,,1xBet:1.6900; Betano:1.7500; Marathonbet:1.6900; Pinnacle:1.7600; SBO:1.7500; Unibet:1.7200; toa_coolbet:1.7400,"API-FOOTBALL, THE_ODDS_API"
Torino vs Udinese,2026-01-07 14:45:00,Under 2.0,2.2,2.1257,7e-06,7,0.00309,0.00209,5.8e-05,7,0.008922,0.007721,toa_coolbet,7,0.0743,1.9,229.42,Serie A,Over/Under,,1xBet:2.0800; Betano:2.1500; Marathonbet:2.0800; Pinnacle:2.1500; SBO:2.1200; Unibet:2.1000; toa_coolbet:2.2000,"API-FOOTBALL, THE_ODDS_API"
Atalanta BC vs Athletic Bilbao,2026-01-21 15:00:00,Over 2.5,2.06,1.9959,7e-06,22,0.003163,0.002303,2.1e-05,22,0.005375,0.003349,toa_onexbet,22,0.0641,1.07,1002.38,Champions League,Over/Under,,toa_betmgm:1.9500; toa_betonlineag:1.9900; toa_betrivers:2.0000; toa_betsson:2.0000; toa_bovada:2.0000; toa_casumo:2.0000; toa_codere_it:1.9800; toa_coolbet:2.0000; toa_grosvenor:2.0000; toa_gtbets:2.0000; toa_leovegas:1.9700; toa_leovegas_se:2.0200; toa_lowvig:1.9900; toa_nordicbet:2.0000; toa_onexbet:2.0600; toa_pinnacle:2.0000; toa_playup:1.9500; toa_tabtouch:2.0000; toa_unibet:2.0000; toa_unibet_nl:2.0000; toa_unibet_se:2.0000; toa_williamhill:2.0000,THE_ODDS_API
Atalanta BC vs Athletic Bilbao,2026-01-21 15:00:00,Under 2.5,1.89,1.8118,7e-06,22,0.003163,0.002303,6.2e-05,22,0.009242,0.006175,toa_onexbet,22,0.0782,1.67,1114.59,Champions League,Over/Under,,toa_betmgm:1.7400; toa_betonlineag:1.8400; toa_betrivers:1.8000; toa_betsson:1.8200; toa_bovada:1.8300; toa_casumo:1.8100; toa_codere_it:1.8000; toa_coolbet:1.8200; toa_grosvenor:1.8100; toa_gtbets:1.7900; toa_leovegas:1.7900; toa_leovegas_se:1.8200; toa_lowvig:1.8400; toa_nordicbet:1.8200; toa_onexbet:1.8900; toa_pinnacle:1.8500; toa_playup:1.8000; toa_tabtouch:1.8100; toa_unibet:1.8100; toa_unibet_nl:1.8100; toa_unibet_se:1.8100; toa_williamhill:1.7500,THE_ODDS_API
Bologna vs Celtic,2026-01-22 12:45:00,Under 2.75,1.93,1.902,7e-06,5,0.003072,0.002524,3.9e-05,5,0.00733,0.007116,toa_pinnacle,5,0.028,1.39,162.93,Europa League,Over/Under,,toa_betonlineag:1.9200; toa_betus:1.8700; toa_bovada:1.8700; toa_lowvig:1.9200; toa_pinnacle:1.9300,THE_ODDS_API
Bologna vs Celtic,2026-01-22 12:45:00,Over 2.75,1.91,1.898,7e-06,5,0.003072,0.002524,1.2e-05,5,0.004117,0.003143,toa_pinnacle,5,0.012,0.78,163.45,Europa League,Over/Under,,toa_betonlineag:1.9000; toa_betus:1.9100; toa_bovada:1.8700; toa_lowvig:1.9000; toa_pinnacle:1.9100,THE_ODDS_API
Burnley vs Manchester United,2026-01-07 15:15:00,Over 2.25,1.55,1.528,7e-06,5,0.003021,0.002591,4.9e-05,5,0.007824,0.007506,Pinnacle,5,0.022,1.2,227.27,Premier League,Over/Under,,1xBet:1.5100; Betano:1.5500; Marathonbet:1.5100; Pinnacle:1.5500; Unibet:1.5200,API-FOOTBALL
Burnley vs Manchester United,2026-01-07 15:15:00,Under 2.25,2.55,2.504,7e-06,5,0.003021,0.002591,4e-05,5,0.007281,0.006936,Unibet,5,0.046,1.82,99.75,Premier League,Over/Under,,1xBet:2.4500; Betano:2.5200; Marathonbet:2.4500; Pinnacle:2.5500; Unibet:2.5500,API-FOOTBALL
Crystal Palace vs Aston Villa,2026-01-07 14:30:00,Under 2.75,1.74,1.6917,7e-06,6,0.003015,0.002687,7.9e-05,6,0.010294,0.00884,Pinnacle,6,0.0483,1.74,254.79,Premier League,Over/Under,,1xBet:1.6600; Betano:1.7200; Marathonbet:1.6600; Pinnacle:1.7400; SBO:1.6900; Unibet:1.6800,API-FOOTBALL
Crystal Palace vs Aston Villa,2026-01-07 14:30:00,Over 2.75,2.2,2.1717,7e-06,6,0.003015,0.002687,1.8e-05,6,0.004984,0.004507,SBO,6,0.0283,1.08,176.32,Premier League,Over/Under,,1xBet:2.1400; Betano:2.1800; Marathonbet:2.1400; Pinnacle:2.1900; SBO:2.2000; Unibet:2.1800,API-FOOTBALL
Tottenham Hotspur vs Borussia Dortmund,2026-01-20 15:00:00,Over 2.5,1.84,1.7658,7e-06,19,0.003039,0.002742,3.3e-05,19,0.00669,0.004651,toa_onexbet,19,0.0742,1.18,976.16,Champions League,Over/Under,,toa_betmgm:1.7400; toa_betrivers:1.7500; toa_betsson:1.7800; toa_betus:1.7700; toa_casumo:1.7600; toa_codere_it:1.7600; toa_coolbet:1.7800; toa_grosvenor:1.7600; toa_gtbets:1.7800; toa_leovegas:1.7400; toa_leovegas_se:1.7700; toa_nordicbet:1.7800; toa_onexbet:1.8400; toa_playup:1.7500; toa_tabtouch:1.7600; toa_unibet:1.7600; toa_unibet_nl:1.7600; toa_unibet_se:1.7600; toa_williamhill:1.7500,THE_ODDS_API
Tottenham Hotspur vs Borussia Dortmund,2026-01-20 15:00:00,Under 2.5,2.11,2.0484,7e-06,19,0.003039,0.002742,3.6e-05,19,0.007064,0.005329,toa_onexbet,19,0.0616,1.45,827.74,Champions League,Over/Under,,toa_betmgm:2.0000; toa_betrivers:2.0500; toa_betsson:2.0500; toa_betus:2.1000; toa_casumo:2.0600; toa_codere_it:2.0300; toa_coolbet:2.0500; toa_grosvenor:2.0600; toa_gtbets:2.0100; toa_leovegas:2.0400; toa_leovegas_se:2.0700; toa_nordicbet:2.0500; toa_onexbet:2.1100; toa_playup:2.0000; toa_tabtouch:2.0600; toa_unibet:2.0600; toa_unibet_nl:2.0600; toa_unibet_se:2.0600; toa_williamhill:2.0000,THE_ODDS_API
Rangers vs Aberdeen,2026-01-06 15:00:00,Over 3.5,2.63,2.5756,7e-06,9,0.003092,0.002354,6.2e-05,9,0.009048,0.008194,Betfair,9,0.0544,2.33,249.63,Premiership,Over/Under,,10Bet:2.5500; 1xBet:2.4800; Bet365:2.6200; Betano:2.6200; Betfair:2.6300; Marathonbet:2.4800; Pinnacle:2.6300; Superbet:2.6200; Unibet:2.5500,API-FOOTBALL
Rangers vs Aberdeen,2026-01-06 15:00:00,Under 3.5,1.52,1.4778,7e-06,9,0.003092,0.002354,0.00018,9,0.014748,0.013442,Betano,9,0.0422,2.18,509.31,Premiership,Over/Under,,10Bet:1.5000; 1xBet:1.4300; Bet365:1.5000; Betano:1.5200; Betfair:1.4700; Marathonbet:1.4300; Pinnacle:1.5000; Superbet:1.5000; Unibet:1.4500,API-FOOTBALL
Young Boys vs Lyon,2026-01-22 12:45:00,Under 2.5,2.31,2.2083,7e-06,6,0.002972,0.002401,8.7e-05,6,0.010901,0.008496,toa_onexbet,6,0.1017,2.41,171.86,Europa League,Over/Under,,toa_betmgm:2.1500; toa_betsson:2.2200; toa_codere_it:2.2000; toa_nordicbet:2.2200; toa_onexbet:2.3100; toa_williamhill:2.1500,THE_ODDS_API
Young Boys vs Lyon,2026-01-22 12:45:00,Over 2.5,1.71,1.655,7e-06,6,0.002972,0.002401,7e-05,6,0.009673,0.006531,toa_onexbet,6,0.055,1.6,262.63,Europa League,Over/Under,,toa_betmgm:1.6200; toa_betsson:1.6500; toa_codere_it:1.6500; toa_nordicbet:1.6500; toa_onexbet:1.7100; toa_williamhill:1.6500,THE_ODDS_API
Eintracht Frankfurt vs Borussia Dortmund,2026-01-09 14:30:00,Under 3.0,1.85,1.8325,7e-06,3,0.003136,0.002953,3.5e-05,3,0.006912,0.006511,toa_bovada,3,0.0175,1.27,63.74,Bundesliga,Over/Under,,sgo_bovada:1.8475; toa_bovada:1.8500; toa_coolbet:1.8000,"SportsGameOdds, THE_ODDS_API"
Eintracht Frankfurt vs Borussia Dortmund,2026-01-09 14:30:00,Over 3.0,1.9804,1.9801,7e-06,3,0.003136,0.002953,0.0,3,4.8e-05,4.5e-05,sgo_bovada,3,0.0003,0.01,51.5,Bundesliga,Over/Under,,sgo_bovada:1.9804; toa_bovada:1.9800; toa_coolbet:1.9800,"SportsGameOdds, THE_ODDS_API"
Nantes vs Paris FC,2026-01-18 11:15:00,Under 2.5,1.87,1.7842,7e-06,24,0.003069,0.002105,6e-05,24,0.009034,0.006465,toa_onexbet,24,0.0858,1.61,1245.51,Ligue 1,Over/Under,,sgo_betmgm:1.7519; sgo_betparx:1.7812; sgo_betrivers:1.7874; sgo_bovada:1.8197; toa_betmgm:1.7400; toa_betrivers:1.7900; toa_betsson:1.7500; toa_bovada:1.8200; toa_casumo:1.7800; toa_codere_it:1.7800; toa_coolbet:1.8000; toa_grosvenor:1.7900; toa_leovegas:1.7800; toa_leovegas_se:1.7800; toa_nordicbet:1.7500; toa_onexbet:1.8700; toa_pinnacle:1.8300; toa_playup:1.7500; toa_tabtouch:1.7800; toa_tipico_de:1.8000; toa_unibet:1.7800; toa_unibet_nl:1.7800; toa_unibet_se:1.7800; toa_williamhill:1.7500,"SportsGameOdds, THE_ODDS_API"
Nantes vs Paris FC,2026-01-18 11:15:00,Over 2.5,2.08,2.0046,7e-06,24,0.003069,0.002105,2.3e-05,24,0.005603,0.003844,toa_onexbet,24,0.0754,1.12,1097.4,Ligue 1,Over/Under,,sgo_betmgm:1.9804; sgo_betparx:2.0000; sgo_betrivers:2.0000; sgo_bovada:2.0200; toa_betmgm:1.9800; toa_betrivers:2.0000; toa_betsson:2.0200; toa_bovada:2.0200; toa_casumo:2.0000; toa_codere_it:2.0100; toa_coolbet:1.9800; toa_grosvenor:2.0000; toa_leovegas:2.0000; toa_leovegas_se:2.0000; toa_nordicbet:2.0200; toa_onexbet:2.0800; toa_pinnacle:2.0500; toa_playup:1.9800; toa_tabtouch:2.0000; toa_tipico_de:1.9700; toa_unibet:2.0000; toa_unibet_nl:2.0000; toa_unibet_se:2.0000; toa_williamhill:2.0000,"SportsGameOdds, THE_ODDS_API"
Rangers vs Aberdeen,2026-01-06 15:00:00,Under 3.0,1.78,1.735,7e-06,6,0.003123,0.002228,9.6e-05,6,0.0114,0.010493,Pinnacle,6,0.045,1.98,245.96,Premiership,Over/Under,,1xBet:1.7000; Betano:1.7800; Marathonbet:1.7000; Pinnacle:1.7800; SBO:1.7400; Unibet:1.7100,API-FOOTBALL
Rangers vs Aberdeen,2026-01-06 15:00:00,Over 3.0,2.11,2.0483,7e-06,6,0.003123,0.002228,0.000125,6,0.013167,0.013118,SBO,6,0.0617,2.7,193.13,Premiership,Over/Under,,1xBet:1.9900; Betano:2.1000; Marathonbet:1.9900; Pinnacle:2.1000; SBO:2.1100; Unibet:2.0000,API-FOOTBALL
AC Milan vs Genoa,2026-01-08 14:45:00,Over 2.25,1.83,1.815,7e-06,6,0.003181,0.002123,8e-06,6,0.003387,0.003025,toa_pinnacle,6,0.015,0.61,230.59,Serie A,Over/Under,,toa_betanysports:1.8100; toa_betonlineag:1.8100; toa_betus:1.8300; toa_bovada:1.8000; toa_lowvig:1.8100; toa_pinnacle:1.8300,THE_ODDS_API
AC Milan vs Genoa,2026-01-08 14:45:00,Under 2.25,2.07,2.035,7e-06,6,0.003181,0.002123,1.9e-05,6,0.005169,0.004004,toa_pinnacle,6,0.035,1.05,194.87,Serie A,Over/Under,,toa_betanysports:2.0300; toa_betonlineag:2.0300; toa_betus:2.0000; toa_bovada:2.0500; toa_lowvig:2.0300; toa_pinnacle:2.0700,THE_ODDS_API
Galatasaray vs Atlético Madrid,2026-01-21 12:45:00,Under 3.0,2.02,2.004,6e-06,5,0.002827,0.002222,3e-06,5,0.00198,0.001584,toa_coolbet,5,0.016,0.4,149.5,Champions League,Over/Under,,toa_betonlineag:2.0000; toa_bovada:2.0000; toa_coolbet:2.0200; toa_lowvig:2.0000; toa_pinnacle:2.0000,THE_ODDS_API
Galatasaray vs Atlético Madrid,2026-01-21 12:45:00,Over 3.0,1.84,1.826,6e-06,5,0.002827,0.002222,1.2e-05,5,0.004104,0.003152,toa_pinnacle,5,0.014,0.75,173.84,Champions League,Over/Under,,toa_betonlineag:1.8300; toa_bovada:1.8300; toa_coolbet:1.8000; toa_lowvig:1.8300; toa_pinnacle:1.8400,THE_ODDS_API
Bournemouth vs Tottenham,2026-01-07 14:30:00,Over 2.25,1.55,1.518,6e-06,5,0.002797,0.002493,7.4e-05,5,0.009601,0.009317,Betano,5,0.032,1.46,229.45,Premier League,Over/Under,,1xBet:1.5000; Betano:1.5500; Marathonbet:1.5000; Pinnacle:1.5400; Unibet:1.5000,API-FOOTBALL
Bournemouth vs Tottenham,2026-01-07 14:30:00,Under 2.25,2.58,2.528,6e-06,5,0.002797,0.002493,3.1e-05,5,0.006388,0.006043,Pinnacle,5,0.052,1.61,97.84,Premier League,Over/Under,,1xBet:2.4800; Betano:2.5500; Marathonbet:2.4800; Pinnacle:2.5800; Unibet:2.5500,API-FOOTBALL
Everton vs Wolves,2026-01-07 14:30:00,Under 1.75,2.85,2.766,6e-06,5,0.002764,0.002697,5.6e-05,5,0.008492,0.008013,Pinnacle,5,0.084,2.35,80.87,Premier League,Over/Under,,1xBet:2.6900; Betano:2.8000; Marathonbet:2.6900; Pinnacle:2.8500; Unibet:2.8000,API-FOOTBALL
Everton vs Wolves,2026-01-07 14:30:00,Over 1.75,1.47,1.436,6e-06,5,0.002764,0.002697,0.000124,5,0.012071,0.01119,Betano,5,0.034,1.73,248.29,Premier League,Over/Under,,1xBet:1.4100; Betano:1.4700; Marathonbet:1.4100; Pinnacle:1.4600; Unibet:1.4300,API-FOOTBALL
Penrhyncoch vs Caersws,2026-01-06 14:45:00,Over 3.75,2.7,2.6933,6e-06,3,0.002669,0.002516,0.0,3,0.000649,0.000612,Pinnacle,3,0.0067,0.17,11.39,FAW Championship,Over/Under,,1xBet:2.6900; Marathonbet:2.6900; Pinnacle:2.7000,API-FOOTBALL
Penrhyncoch vs Caersws,2026-01-06 14:45:00,Under 3.75,1.4,1.3733,6e-06,3,0.002669,0.002516,8.9e-05,3,0.009903,0.009337,Pinnacle,3,0.0267,1.36,118.49,FAW Championship,Over/Under,,1xBet:1.3600; Marathonbet:1.3600; Pinnacle:1.4000,API-FOOTBALL
West Ham vs Nottingham Forest,2026-01-06 15:00:00,Over 2.25,1.72,1.69,6e-06,6,0.002973,0.00235,4.2e-05,6,0.007508,0.006944,Pinnacle,6,0.03,1.27,255.09,Premier League,Over/Under,,1xBet:1.6700; Betano:1.7200; Marathonbet:1.6700; Pinnacle:1.7200; SBO:1.6800; Unibet:1.6800,API-FOOTBALL
West Ham vs Nottingham Forest,2026-01-06 15:00:00,Under 2.25,2.21,2.1717,6e-06,6,0.002973,0.00235,3.5e-05,6,0.006988,0.006017,Pinnacle,6,0.0383,1.52,176.35,Premier League,Over/Under,,1xBet:2.1300; Betano:2.1800; Marathonbet:2.1300; Pinnacle:2.2100; SBO:2.2100; Unibet:2.1700,API-FOOTBALL
Napoli vs Hellas Verona,2026-01-07 12:30:00,Under 2.5,1.87,1.7785,6e-06,29,0.00296,0.001926,8.2e-05,29,0.0106,0.008055,toa_matchbook,29,0.0915,1.88,1531.17,Serie A,Over/Under,,sgo_betmgm:1.7299; sgo_betparx:1.7692; sgo_betrivers:1.7576; sgo_bovada:1.8000; toa_betanysports:1.8000; toa_betmgm:1.7400; toa_betonlineag:1.8000; toa_betrivers:1.7600; toa_betsson:1.7800; toa_betus:1.8000; toa_bovada:1.8000; toa_casumo:1.7700; toa_codere_it:1.7200; toa_coolbet:1.7900; toa_grosvenor:1.7800; toa_gtbets:1.7300; toa_leovegas:1.7500; toa_leovegas_se:1.7900; toa_lowvig:1.8000; toa_matchbook:1.8700; toa_nordicbet:1.7800; toa_onexbet:1.8500; toa_pinnacle:1.8300; toa_playup:1.7700; toa_tabtouch:1.7700; toa_tipico_de:1.7700; toa_unibet_nl:1.7700; toa_unibet_se:1.7700; toa_williamhill:1.7300,"SportsGameOdds, THE_ODDS_API"
Napoli vs Hellas Verona,2026-01-07 12:30:00,Over 2.5,2.12,2.0204,6e-06,29,0.00296,0.001926,7.5e-05,29,0.010198,0.008448,toa_matchbook,29,0.0996,2.06,1336.01,Serie A,Over/Under,,sgo_betmgm:1.9804; sgo_betparx:2.0000; sgo_betrivers:2.0000; sgo_bovada:2.0500; toa_betanysports:2.0500; toa_betmgm:1.9800; toa_betonlineag:2.0500; toa_betrivers:2.0000; toa_betsson:1.9800; toa_betus:2.0500; toa_bovada:2.0500; toa_casumo:2.0000; toa_codere_it:1.9600; toa_coolbet:2.1200; toa_grosvenor:2.0200; toa_gtbets:2.0100; toa_leovegas:1.9700; toa_leovegas_se:2.0200; toa_lowvig:2.0500; toa_matchbook:2.1200; toa_nordicbet:1.9800; toa_onexbet:2.1000; toa_pinnacle:2.0700; toa_playup:1.9800; toa_tabtouch:2.0000; toa_tipico_de:2.0000; toa_unibet_nl:2.0000; toa_unibet_se:2.0000; toa_williamhill:2.0000,"SportsGameOdds, THE_ODDS_API"
Burnley vs Manchester United,2026-01-07 15:15:00,Under 1.75,3.77,3.6233,6e-06,3,0.002581,0.002434,5.5e-05,3,0.007749,0.007306,Pinnacle,3,0.1467,2.81,-17.14,Premier League,Over/Under,,1xBet:3.5500; Marathonbet:3.5500; Pinnacle:3.7700,API-FOOTBALL
Burnley vs Manchester United,2026-01-07 15:15:00,Over 1.75,1.29,1.2633,6e-06,3,0.002581,0.002434,0.000148,3,0.011694,0.011025,Pinnacle,3,0.0267,1.48,137.52,Premier League,Over/Under,,1xBet:1.2500; Marathonbet:1.2500; Pinnacle:1.2900,API-FOOTBALL
Rangers vs Aberdeen,2026-01-06 15:00:00,Over 1.75,1.24,1.22,6e-06,3,0.002447,0.002307,0.000107,3,0.009426,0.008887,Unibet,3,0.02,1.15,145.93,Premiership,Over/Under,,1xBet:1.2100; Marathonbet:1.2100; Unibet:1.2400,API-FOOTBALL
Rangers vs Aberdeen,2026-01-06 15:00:00,Under 1.75,3.9,3.7667,6e-06,3,0.002447,0.002307,4e-05,3,0.006534,0.00616,Unibet,3,0.1333,2.46,-20.3,Premiership,Over/Under,,1xBet:3.7000; Marathonbet:3.7000; Unibet:3.9000,API-FOOTBALL
Augsburg vs Union Berlin,2026-01-15 14:30:00,Over 2.25,1.98,1.9625,5e-06,4,0.002659,0.002262,8e-06,4,0.003368,0.003244,toa_bovada,4,0.0175,0.66,103.83,Bundesliga,Over/Under,,toa_betonlineag:1.9500; toa_bovada:1.9800; toa_lowvig:1.9500; toa_pinnacle:1.9700,THE_ODDS_API
Augsburg vs Union Berlin,2026-01-15 14:30:00,Under 2.25,1.87,1.865,5e-06,4,0.002659,0.002262,5e-06,4,0.002503,0.002168,toa_pinnacle,4,0.005,0.47,114.48,Bundesliga,Over/Under,,toa_betonlineag:1.8700; toa_bovada:1.8500; toa_lowvig:1.8700; toa_pinnacle:1.8700,THE_ODDS_API
Rangers vs Aberdeen,2026-01-06 15:00:00,Over 2.25,1.5,1.46,5e-06,5,0.002635,0.002535,0.000152,5,0.013497,0.013037,Betano,5,0.04,1.97,242.6,Premiership,Over/Under,,1xBet:1.4400; Betano:1.5000; Marathonbet:1.4400; Pinnacle:1.4900; Unibet:1.4300,API-FOOTBALL
Rangers vs Aberdeen,2026-01-06 15:00:00,Under 2.25,2.7,2.614,5e-06,5,0.002635,0.002535,6.1e-05,5,0.008958,0.008252,Pinnacle,5,0.086,2.34,91.38,Premiership,Over/Under,,1xBet:2.5500; Betano:2.6700; Marathonbet:2.5500; Pinnacle:2.7000; Unibet:2.6000,API-FOOTBALL
Celta Vigo vs Lille,2026-01-22 15:00:00,Under 2.5,1.98,1.95,5e-06,10,0.002554,0.001778,3.1e-05,10,0.006586,0.005308,toa_coolbet,10,0.03,1.28,412.9,Europa League,Over/Under,,toa_betmgm:1.9100; toa_betonlineag:1.9700; toa_betsson:1.9500; toa_bovada:1.9300; toa_codere_it:1.9500; toa_coolbet:1.9800; toa_lowvig:1.9700; toa_nordicbet:1.9500; toa_pinnacle:1.9800; toa_williamhill:1.9100,THE_ODDS_API
Celta Vigo vs Lille,2026-01-22 15:00:00,Over 2.5,1.85,1.821,5e-06,10,0.002554,0.001778,4.1e-05,10,0.007498,0.005786,toa_lowvig,10,0.029,1.37,449.25,Europa League,Over/Under,,toa_betmgm:1.7700; toa_betonlineag:1.8500; toa_betsson:1.8200; toa_bovada:1.8200; toa_codere_it:1.8300; toa_coolbet:1.8000; toa_lowvig:1.8500; toa_nordicbet:1.8200; toa_pinnacle:1.8500; toa_williamhill:1.8000,THE_ODDS_API
Burnley vs Manchester United,2026-01-07 15:15:00,Under 3.25,1.56,1.522,5e-06,5,0.002665,0.002059,0.000127,5,0.012615,0.011343,Pinnacle,5,0.038,1.92,228.64,Premier League,Over/Under,,1xBet:1.4900; Betano:1.5500; Marathonbet:1.4900; Pinnacle:1.5600; Unibet:1.5200,API-FOOTBALL
Burnley vs Manchester United,2026-01-07 15:15:00,Over 3.25,2.55,2.498,5e-06,5,0.002665,0.002059,4.6e-05,5,0.007793,0.007492,Unibet,5,0.052,1.95,100.24,Premier League,Over/Under,,1xBet:2.4400; Betano:2.5200; Marathonbet:2.4400; Pinnacle:2.5400; Unibet:2.5500,API-FOOTBALL
CA Osasuna vs Oviedo,2026-01-17 12:30:00,Under 2.5,1.66,1.594,5e-06,5,0.002528,0.002052,0.000155,5,0.014185,0.011179,toa_onexbet,5,0.066,2.26,213.84,La Liga,Over/Under,,toa_betsson:1.5800; toa_nordicbet:1.5800; toa_onexbet:1.6600; toa_tipico_de:1.6000; toa_williamhill:1.5500,THE_ODDS_API
CA Osasuna vs Oviedo,2026-01-17 12:30:00,Over 2.5,2.42,2.332,5e-06,5,0.002528,0.002052,4.8e-05,5,0.008051,0.006299,toa_onexbet,5,0.088,1.88,114.49,La Liga,Over/Under,,toa_betsson:2.3200; toa_nordicbet:2.3200; toa_onexbet:2.4200; toa_tipico_de:2.3000; toa_williamhill:2.3000,THE_ODDS_API
VfB Stuttgart vs Eintracht Frankfurt,2026-01-13 12:30:00,Over 3.0,1.9804,1.9801,5e-06,6,0.002524,0.001878,0.0,6,3.8e-05,2.8e-05,sgo_bovada,6,0.0003,0.01,203.02,Bundesliga,Over/Under,,sgo_bovada:1.9804; toa_betonlineag:1.9800; toa_bovada:1.9800; toa_coolbet:1.9800; toa_lowvig:1.9800; toa_pinnacle:1.9800,"SportsGameOdds, THE_ODDS_API"
VfB Stuttgart vs Eintracht Frankfurt,2026-01-13 12:30:00,Under 3.0,1.85,1.8412,5e-06,6,0.002524,0.001878,2.2e-05,6,0.005548,0.00413,toa_pinnacle,6,0.0088,1.02,225.9,Bundesliga,Over/Under,,sgo_bovada:1.8475; toa_betonlineag:1.8500; toa_bovada:1.8500; toa_coolbet:1.8000; toa_lowvig:1.8500; toa_pinnacle:1.8500,"SportsGameOdds, THE_ODDS_API"
Rennes vs Lorient,2026-01-24 11:00:00,Under 2.5,2.06,1.9781,5e-06,16,0.00254,0.001711,3.3e-05,16,0.00674,0.005085,toa_onexbet,16,0.0819,1.33,708.99,Ligue 1,Over/Under,,toa_betrivers:1.9700; toa_betsson:1.9800; toa_bovada:2.0000; toa_casumo:1.9600; toa_grosvenor:1.9700; toa_leovegas:1.9600; toa_leovegas_se:1.9600; toa_nordicbet:1.9800; toa_onexbet:2.0600; toa_pinnacle:2.0100; toa_tabtouch:1.9600; toa_tipico_de:2.0000; toa_unibet:1.9700; toa_unibet_nl:1.9600; toa_unibet_se:1.9600; toa_williamhill:1.9500,THE_ODDS_API
Rennes vs Lorient,2026-01-24 11:00:00,Over 2.5,1.89,1.8081,5e-06,16,0.00254,0.001711,5.5e-05,16,0.008699,0.005814,toa_onexbet,16,0.0819,1.57,785.12,Ligue 1,Over/Under,,toa_betrivers:1.8100; toa_betsson:1.8200; toa_bovada:1.8300; toa_casumo:1.8000; toa_grosvenor:1.8100; toa_leovegas:1.8000; toa_leovegas_se:1.8000; toa_nordicbet:1.8200; toa_onexbet:1.8900; toa_pinnacle:1.8300; toa_tabtouch:1.8000; toa_tipico_de:1.7700; toa_unibet:1.8000; toa_unibet_nl:1.8000; toa_unibet_se:1.8000; toa_williamhill:1.7500,THE_ODDS_API
Parma vs Inter,2026-01-07 14:45:00,Under 1.75,4.19,4.03,5e-06,3,0.002223,0.002096,4.5e-05,3,0.006836,0.006445,Pinnacle,3,0.16,2.75,-25.5,Serie A,Over/Under,,1xBet:3.9500; Marathonbet:3.9500; Pinnacle:4.1900,API-FOOTBALL
Parma vs Inter,2026-01-07 14:45:00,Over 1.75,1.25,1.2233,5e-06,3,0.002223,0.002096,0.000185,3,0.012467,0.011754,Pinnacle,3,0.0267,1.52,145.29,Serie A,Over/Under,,1xBet:1.2100; Marathonbet:1.2100; Pinnacle:1.2500,API-FOOTBALL
Enfield Town vs Hampton & Richmond,2026-01-06 14:45:00,Under 2.25,2.39,2.325,4e-06,4,0.002253,0.001939,5.6e-05,4,0.008686,0.008313,Pinnacle,4,0.065,2.02,72.11,National League - South,Over/Under,,1xBet:2.2800; Betano:2.3500; Marathonbet:2.2800; Pinnacle:2.3900,API-FOOTBALL
Enfield Town vs Hampton & Richmond,2026-01-06 14:45:00,Over 2.25,1.55,1.5225,4e-06,4,0.002253,0.001939,7.7e-05,4,0.009818,0.009705,Betano,4,0.0275,1.49,162.78,National League - South,Over/Under,,1xBet:1.5000; Betano:1.5500; Marathonbet:1.5000; Pinnacle:1.5400,API-FOOTBALL
Fulham vs Chelsea,2026-01-07 14:30:00,Over 2.5,1.84,1.7809,4e-06,23,0.002389,0.001777,4.5e-05,23,0.007849,0.005974,toa_onexbet,23,0.0591,1.4,1191.74,Premier League,Over/Under,,sgo_betmgm:1.7519; sgo_betparx:1.7874; sgo_betrivers:1.7812; toa_betmgm:1.7400; toa_betrivers:1.7800; toa_betsson:1.7800; toa_betus:1.8000; toa_casumo:1.7900; toa_codere_it:1.7300; toa_coolbet:1.8200; toa_grosvenor:1.7900; toa_gtbets:1.7900; toa_leovegas:1.8000; toa_leovegas_se:1.8000; toa_mybookieag:1.7600; toa_nordicbet:1.7800; toa_onexbet:1.8400; toa_playup:1.7700; toa_tabtouch:1.7900; toa_tipico_de:1.7500; toa_unibet_nl:1.7900; toa_unibet_se:1.7900; toa_williamhill:1.7500,"SportsGameOdds, THE_ODDS_API"
Fulham vs Chelsea,2026-01-07 14:30:00,Under 2.5,2.11,2.0235,4e-06,23,0.002389,0.001777,4.6e-05,23,0.007946,0.005734,toa_onexbet,23,0.0865,1.61,1036.94,Premier League,Over/Under,,sgo_betmgm:1.9804; sgo_betparx:2.0200; sgo_betrivers:2.0200; toa_betmgm:1.9800; toa_betrivers:2.0200; toa_betsson:2.0500; toa_betus:2.0500; toa_casumo:2.0200; toa_codere_it:1.9500; toa_coolbet:2.0700; toa_grosvenor:2.0200; toa_gtbets:2.0000; toa_leovegas:2.0400; toa_leovegas_se:2.0400; toa_mybookieag:1.9900; toa_nordicbet:2.0500; toa_onexbet:2.1100; toa_playup:2.0200; toa_tabtouch:2.0200; toa_tipico_de:2.0500; toa_unibet_nl:2.0200; toa_unibet_se:2.0200; toa_williamhill:2.0000,"SportsGameOdds, THE_ODDS_API"
Olympiakos Piraeus vs Bayer Leverkusen,2026-01-20 15:00:00,Under 2.75,1.91,1.902,4e-06,5,0.002341,0.002096,5e-06,5,0.002714,0.002659,toa_pinnacle,5,0.008,0.52,162.89,Champions League,Over/Under,,toa_betonlineag:1.8900; toa_betus:1.9100; toa_bovada:1.9100; toa_lowvig:1.8900; toa_pinnacle:1.9100,THE_ODDS_API
Olympiakos Piraeus vs Bayer Leverkusen,2026-01-20 15:00:00,Over 2.75,1.93,1.922,4e-06,5,0.002341,0.002096,5e-06,5,0.002658,0.002604,toa_pinnacle,5,0.008,0.51,160.15,Champions League,Over/Under,,toa_betonlineag:1.9300; toa_betus:1.9100; toa_bovada:1.9100; toa_lowvig:1.9300; toa_pinnacle:1.9300,THE_ODDS_API
Auxerre vs Paris Saint Germain,2026-01-23 14:00:00,Under 3.5,1.74,1.6728,4e-06,15,0.002305,0.001895,3.8e-05,15,0.007143,0.004172,toa_onexbet,15,0.0672,1.19,796.85,Ligue 1,Over/Under,,sgo_betparx:1.6711; sgo_betrivers:1.6803; toa_betrivers:1.6800; toa_betsson:1.6500; toa_casumo:1.6700; toa_grosvenor:1.6800; toa_leovegas:1.6700; toa_leovegas_se:1.6700; toa_nordicbet:1.6500; toa_onexbet:1.7400; toa_tabtouch:1.6700; toa_tipico_de:1.6500; toa_unibet:1.6700; toa_unibet_nl:1.6700; toa_unibet_se:1.6700,"SportsGameOdds, THE_ODDS_API"
Auxerre vs Paris Saint Germain,2026-01-23 14:00:00,Over 3.5,2.27,2.164,4e-06,15,0.002305,0.001895,2.8e-05,15,0.006176,0.003816,toa_onexbet,15,0.106,1.34,593.29,Ligue 1,Over/Under,,sgo_betparx:2.1500; sgo_betrivers:2.1600; toa_betrivers:2.1600; toa_betsson:2.1800; toa_casumo:2.1500; toa_grosvenor:2.1600; toa_leovegas:2.1500; toa_leovegas_se:2.1500; toa_nordicbet:2.1800; toa_onexbet:2.2700; toa_tabtouch:2.1500; toa_tipico_de:2.1500; toa_unibet:2.1500; toa_unibet_nl:2.1500; toa_unibet_se:2.1500,"SportsGameOdds, THE_ODDS_API"
Genoa vs Cagliari,2026-01-12 12:30:00,Under 1.5,2.61,2.5073,4e-06,15,0.002256,0.001696,2.2e-05,15,0.005387,0.003556,toa_onexbet,15,0.1027,1.35,498.36,Serie A,Over/Under,,sgo_betparx:2.5000; sgo_betrivers:2.4800; toa_betrivers:2.4800; toa_betsson:2.5200; toa_casumo:2.5000; toa_grosvenor:2.5000; toa_gtbets:2.5500; toa_leovegas:2.4500; toa_leovegas_se:2.5000; toa_nordicbet:2.5200; toa_onexbet:2.6100; toa_playup:2.5000; toa_tabtouch:2.5000; toa_unibet_nl:2.5000; toa_unibet_se:2.5000,"SportsGameOdds, THE_ODDS_API"
Genoa vs Cagliari,2026-01-12 12:30:00,Over 1.5,1.58,1.5114,4e-06,15,0.002256,0.001696,6.1e-05,15,0.008757,0.005498,toa_onexbet,15,0.0686,1.32,892.65,Serie A,Over/Under,,sgo_betparx:1.5208; sgo_betrivers:1.5000; toa_betrivers:1.5000; toa_betsson:1.5000; toa_casumo:1.5100; toa_grosvenor:1.5100; toa_gtbets:1.5000; toa_leovegas:1.4900; toa_leovegas_se:1.5300; toa_nordicbet:1.5000; toa_onexbet:1.5800; toa_playup:1.5000; toa_tabtouch:1.5100; toa_unibet_nl:1.5100; toa_unibet_se:1.5100,"SportsGameOdds, THE_ODDS_API"
Lecce vs Parma,2026-01-11 06:30:00,Over 2.0,1.87,1.8546,4e-06,6,0.002265,0.001612,4e-06,6,0.002304,0.002012,toa_betus,6,0.0154,0.43,223.53,Serie A,Over/Under,,sgo_bovada:1.8475; toa_betonlineag:1.8500; toa_betus:1.8700; toa_bovada:1.8500; toa_lowvig:1.8500; toa_pinnacle:1.8600,"SportsGameOdds, THE_ODDS_API"
Lecce vs Parma,2026-01-11 06:30:00,Under 2.0,1.9804,1.9717,4e-06,6,0.002265,0.001612,6e-06,6,0.002776,0.002167,sgo_bovada,6,0.0087,0.55,204.31,Serie A,Over/Under,,sgo_bovada:1.9804; toa_betonlineag:1.9700; toa_betus:1.9500; toa_bovada:1.9800; toa_lowvig:1.9700; toa_pinnacle:1.9800,"SportsGameOdds, THE_ODDS_API"
SC Freiburg vs Maccabi Tel Aviv,2026-01-22 12:45:00,Over 3.0,1.88,1.856,3e-06,5,0.001943,0.001622,1.6e-05,5,0.004725,0.003728,toa_pinnacle,5,0.024,0.88,169.42,Europa League,Over/Under,,toa_betonlineag:1.8600; toa_bovada:1.8300; toa_coolbet:1.8500; toa_lowvig:1.8600; toa_pinnacle:1.8800,THE_ODDS_API
SC Freiburg vs Maccabi Tel Aviv,2026-01-22 12:45:00,Under 3.0,1.96,1.94,3e-06,5,0.001943,0.001622,1.8e-05,5,0.00506,0.004267,toa_lowvig,5,0.02,0.98,157.76,Europa League,Over/Under,,toa_betonlineag:1.9600; toa_bovada:1.9100; toa_coolbet:1.9300; toa_lowvig:1.9600; toa_pinnacle:1.9400,THE_ODDS_API
Union Berlin vs FSV Mainz 05,2026-01-10 09:30:00,Over 2.25,1.99,1.95,3e-06,5,0.002132,0.002052,2.3e-05,5,0.005705,0.0042,toa_pinnacle,5,0.04,1.11,156.44,Bundesliga,Over/Under,,toa_betonlineag:1.9300; toa_betus:1.9500; toa_bovada:1.9500; toa_lowvig:1.9300; toa_pinnacle:1.9900,THE_ODDS_API
Union Berlin vs FSV Mainz 05,2026-01-10 09:30:00,Under 2.25,1.9,1.88,3e-06,5,0.002132,0.002052,7e-06,5,0.003083,0.002261,toa_pinnacle,5,0.02,0.58,165.97,Bundesliga,Over/Under,,toa_betonlineag:1.8800; toa_betus:1.8700; toa_bovada:1.8700; toa_lowvig:1.8800; toa_pinnacle:1.9000,THE_ODDS_API
Manchester City vs Brighton and Hove Albion,2026-01-07 14:30:00,Under 3.25,2.0,1.9825,3e-06,4,0.002075,0.001727,1.8e-05,4,0.004934,0.00418,toa_pinnacle,4,0.0175,0.98,101.78,Premier League,Over/Under,,toa_betonlineag:1.9900; toa_bovada:1.9500; toa_lowvig:1.9900; toa_pinnacle:2.0000,THE_ODDS_API
Manchester City vs Brighton and Hove Albion,2026-01-07 14:30:00,Over 3.25,1.89,1.875,3e-06,4,0.002075,0.001727,4e-06,4,0.00245,0.002122,toa_pinnacle,4,0.015,0.46,113.34,Premier League,Over/Under,,toa_betonlineag:1.8700; toa_bovada:1.8700; toa_lowvig:1.8700; toa_pinnacle:1.8900,THE_ODDS_API
Burnley vs Manchester United,2026-01-07 15:15:00,Over 3.0,2.24,2.21,3e-06,6,0.002144,0.001618,2.6e-05,6,0.005957,0.005509,Pinnacle,6,0.03,1.32,171.54,Premier League,Over/Under,,1xBet:2.1700; Betano:2.2200; Marathonbet:2.1700; Pinnacle:2.2400; SBO:2.2300; Unibet:2.2300,API-FOOTBALL
Burnley vs Manchester United,2026-01-07 15:15:00,Under 3.0,1.7,1.6633,3e-06,6,0.002144,0.001618,7.1e-05,6,0.009726,0.008442,Betano,6,0.0367,1.62,260.82,Premier League,Over/Under,,1xBet:1.6300; Betano:1.7000; Marathonbet:1.6300; Pinnacle:1.6900; SBO:1.6700; Unibet:1.6600,API-FOOTBALL
Penrhyncoch vs Caersws,2026-01-06 14:45:00,Under 3.0,1.86,1.828,3e-06,5,0.001992,0.001952,4.5e-05,5,0.007857,0.00762,188Bet,5,0.032,1.44,173.58,FAW Championship,Over/Under,,188Bet:1.8600; 1xBet:1.8100; Betano:1.8000; Marathonbet:1.8100; Pinnacle:1.8600,API-FOOTBALL
Penrhyncoch vs Caersws,2026-01-06 14:45:00,Over 3.0,1.89,1.84,3e-06,5,0.001992,0.001952,6e-05,5,0.009076,0.008211,Pinnacle,5,0.05,1.67,171.82,FAW Championship,Over/Under,,188Bet:1.8600; 1xBet:1.8100; Betano:1.8300; Marathonbet:1.8100; Pinnacle:1.8900,API-FOOTBALL
Brest vs Toulouse,2026-01-25 11:15:00,Over 2.5,2.15,2.0871,3e-06,14,0.002031,0.001345,1.7e-05,14,0.004794,0.003286,toa_onexbet,14,0.0629,1.0,570.84,Ligue 1,Over/Under,,toa_betrivers:2.1000; toa_betsson:2.0800; toa_casumo:2.0800; toa_grosvenor:2.1000; toa_leovegas:2.0800; toa_leovegas_se:2.0800; toa_nordicbet:2.0800; toa_onexbet:2.1500; toa_tabtouch:2.0800; toa_tipico_de:2.1000; toa_unibet:2.0800; toa_unibet_nl:2.0800; toa_unibet_se:2.0800; toa_williamhill:2.0500,THE_ODDS_API
Brest vs Toulouse,2026-01-25 11:15:00,Under 2.5,1.81,1.7186,3e-06,14,0.002031,0.001345,5.3e-05,14,0.008473,0.004567,toa_onexbet,14,0.0914,1.46,714.81,Ligue 1,Over/Under,,toa_betrivers:1.7200; toa_betsson:1.7200; toa_casumo:1.7100; toa_grosvenor:1.7200; toa_leovegas:1.7100; toa_leovegas_se:1.7100; toa_nordicbet:1.7200; toa_onexbet:1.8100; toa_tabtouch:1.7100; toa_tipico_de:1.7000; toa_unibet:1.7100; toa_unibet_nl:1.7100; toa_unibet_se:1.7100; toa_williamhill:1.7000,THE_ODDS_API
Villarreal vs Ajax,2026-01-20 15:00:00,Over 3.25,1.93,1.926,3e-06,5,0.002028,0.001573,3e-06,5,0.00217,0.001736,toa_pinnacle,5,0.004,0.42,159.61,Champions League,Over/Under,,toa_betonlineag:1.9300; toa_betus:1.9100; toa_bovada:1.9300; toa_lowvig:1.9300; toa_pinnacle:1.9300,THE_ODDS_API
Villarreal vs Ajax,2026-01-20 15:00:00,Under 3.25,1.91,1.896,3e-06,5,0.002028,0.001573,4e-06,5,0.002218,0.001998,toa_betus,5,0.014,0.42,163.72,Champions League,Over/Under,,toa_betonlineag:1.8900; toa_betus:1.9100; toa_bovada:1.8900; toa_lowvig:1.8900; toa_pinnacle:1.9000,THE_ODDS_API
Wolverhampton Wanderers vs Newcastle United,2026-01-18 09:00:00,Under 2.75,1.93,1.925,3e-06,4,0.002172,0.001967,4e-06,4,0.002349,0.002035,toa_pinnacle,4,0.005,0.45,107.8,Premier League,Over/Under,,toa_betonlineag:1.9300; toa_bovada:1.9100; toa_lowvig:1.9300; toa_pinnacle:1.9300,THE_ODDS_API
Wolverhampton Wanderers vs Newcastle United,2026-01-18 09:00:00,Over 2.75,1.91,1.9,3e-06,4,0.002172,0.001967,6e-06,4,0.00277,0.00277,toa_pinnacle,4,0.01,0.53,110.53,Premier League,Over/Under,,toa_betonlineag:1.8900; toa_bovada:1.9100; toa_lowvig:1.8900; toa_pinnacle:1.9100,THE_ODDS_API
Napoli vs Verona,2026-01-07 12:30:00,Under 3.25,1.35,1.3225,3e-06,4,0.001851,0.00176,0.000166,4,0.013011,0.012863,Pinnacle,4,0.0275,1.72,202.55,Serie A,Over/Under,,1xBet:1.3000; Marathonbet:1.3000; Pinnacle:1.3500; Unibet:1.3400,API-FOOTBALL
Napoli vs Verona,2026-01-07 12:30:00,Over 3.25,3.3,3.2475,3e-06,4,0.001851,0.00176,8e-06,4,0.003077,0.002599,Pinnacle,4,0.0525,1.0,23.18,Serie A,Over/Under,,1xBet:3.2200; Marathonbet:3.2200; Pinnacle:3.3000; Unibet:3.2500,API-FOOTBALL
The New Saints vs Bala Town,2026-01-06 14:45:00,Under 3.25,2.3,2.2625,3e-06,4,0.001878,0.001546,1.7e-05,4,0.004834,0.004386,Betano,4,0.0375,1.09,76.82,Premier League,Over/Under,,1xBet:2.2400; Betano:2.3000; Marathonbet:2.2400; Pinnacle:2.2700,API-FOOTBALL
The New Saints vs Bala Town,2026-01-06 14:45:00,Over 3.25,1.57,1.545,3e-06,4,0.001878,0.001546,8.7e-05,4,0.010476,0.010476,Pinnacle,4,0.025,1.62,158.97,Premier League,Over/Under,,1xBet:1.5200; Betano:1.5700; Marathonbet:1.5200; Pinnacle:1.5700,API-FOOTBALL
Tottenham Hotspur vs Borussia Dortmund,2026-01-20 15:00:00,Over 2.75,2.0,1.99,3e-06,4,0.002158,0.001933,5e-06,4,0.002525,0.002525,toa_pinnacle,4,0.01,0.5,101.01,Champions League,Over/Under,,toa_betonlineag:1.9800; toa_bovada:2.0000; toa_lowvig:1.9800; toa_pinnacle:2.0000,THE_ODDS_API
Tottenham Hotspur vs Borussia Dortmund,2026-01-20 15:00:00,Under 2.75,1.85,1.845,3e-06,4,0.002158,0.001933,5e-06,4,0.002558,0.002215,toa_pinnacle,4,0.005,0.47,116.81,Champions League,Over/Under,,toa_betonlineag:1.8500; toa_bovada:1.8300; toa_lowvig:1.8500; toa_pinnacle:1.8500,THE_ODDS_API
TSG Hoffenheim vs Borussia M'gladbach,2026-01-14 14:30:00,Over 2.5,1.5814,1.5781,2e-06,3,0.001547,0.001309,3e-06,3,0.001897,0.001789,sgo_betparx,3,0.0033,0.3,90.11,BUNDESLIGA,Over/Under,,sgo_betmgm:1.5714; sgo_betparx:1.5814; sgo_betrivers:1.5814,SportsGameOdds
TSG Hoffenheim vs Borussia M'gladbach,2026-01-14 14:30:00,Under 2.5,2.3,2.2767,2e-06,3,0.001547,0.001309,1.2e-05,3,0.003973,0.003447,sgo_betparx,3,0.0233,0.9,31.78,BUNDESLIGA,Over/Under,,sgo_betmgm:2.2500; sgo_betparx:2.3000; sgo_betrivers:2.2800,SportsGameOdds
Napoli vs Verona,2026-01-07 12:30:00,Over 2.75,2.37,2.342,2e-06,5,0.00168,0.001575,1.3e-05,5,0.004207,0.004069,Pinnacle,5,0.028,0.99,113.51,Serie A,Over/Under,,1xBet:2.3200; Betano:2.3700; Marathonbet:2.3200; Pinnacle:2.3700; Unibet:2.3300,API-FOOTBALL
Napoli vs Verona,2026-01-07 12:30:00,Under 2.75,1.63,1.598,2e-06,5,0.00168,0.001575,7.3e-05,5,0.009724,0.008808,Pinnacle,5,0.032,1.55,212.97,Serie A,Over/Under,,1xBet:1.5700; Betano:1.6200; Marathonbet:1.5700; Pinnacle:1.6300; Unibet:1.6000,API-FOOTBALL
Rangers vs Aberdeen,2026-01-06 15:00:00,Under 2.75,2.03,1.9843,2e-06,7,0.001788,0.001659,9.3e-05,7,0.011344,0.01117,188Bet,7,0.0457,2.25,252.95,Premiership,Over/Under,,188Bet:2.0300; 1xBet:1.9300; Betano:2.0200; Marathonbet:1.9300; Pinnacle:2.0200; SBO:2.0200; Unibet:1.9400,API-FOOTBALL
Rangers vs Aberdeen,2026-01-06 15:00:00,Over 2.75,1.85,1.8057,2e-06,7,0.001788,0.001659,0.000103,7,0.01186,0.011206,188Bet,7,0.0443,2.14,287.84,Premiership,Over/Under,,188Bet:1.8500; 1xBet:1.7700; Betano:1.8300; Marathonbet:1.7700; Pinnacle:1.8500; SBO:1.8200; Unibet:1.7500,API-FOOTBALL
1. FC Köln vs Bayern Munich,2026-01-14 14:30:00,Over 3.75,1.86,1.855,2e-06,4,0.001685,0.001625,2e-06,4,0.001453,0.001453,toa_lowvig,4,0.005,0.27,115.63,Bundesliga,Over/Under,,toa_betonlineag:1.8600; toa_bovada:1.8500; toa_lowvig:1.8600; toa_pinnacle:1.8500,THE_ODDS_API
1. FC Köln vs Bayern Munich,2026-01-14 14:30:00,Under 3.75,1.98,1.9675,2e-06,4,0.001685,0.001625,3e-06,4,0.002138,0.001936,toa_bovada,4,0.0125,0.42,103.31,Bundesliga,Over/Under,,toa_betonlineag:1.9600; toa_bovada:1.9800; toa_lowvig:1.9600; toa_pinnacle:1.9700,THE_ODDS_API
Cremonese vs Cagliari,2026-01-08 12:30:00,Under 2.25,1.83,1.816,2e-06,5,0.001505,0.001201,4e-06,5,0.002417,0.002178,toa_pinnacle,5,0.014,0.44,175.34,Serie A,Over/Under,,toa_betanysports:1.8100; toa_betonlineag:1.8100; toa_bovada:1.8200; toa_lowvig:1.8100; toa_pinnacle:1.8300,THE_ODDS_API
Cremonese vs Cagliari,2026-01-08 12:30:00,Over 2.25,2.06,2.04,2e-06,5,0.001505,0.001201,7e-06,5,0.00304,0.001934,toa_pinnacle,5,0.02,0.62,145.11,Serie A,Over/Under,,toa_betanysports:2.0400; toa_betonlineag:2.0400; toa_bovada:2.0200; toa_lowvig:2.0400; toa_pinnacle:2.0600,THE_ODDS_API
1. FSV Mainz 05 vs 1. FC Heidenheim,2026-01-13 14:30:00,Under 2.5,1.8333,1.7989,2e-06,4,0.00185,0.001672,3.1e-05,4,0.006518,0.005455,sgo_bovada,4,0.0344,1.17,122.39,BUNDESLIGA,Over/Under,,sgo_betmgm:1.7812; sgo_betparx:1.8000; sgo_betrivers:1.7812; sgo_bovada:1.8333,SportsGameOdds
1. FSV Mainz 05 vs 1. FC Heidenheim,2026-01-13 14:30:00,Over 2.5,2.0,1.967,2e-06,4,0.00185,0.001672,3.6e-05,4,0.007104,0.006026,sgo_bovada,4,0.033,1.4,103.4,BUNDESLIGA,Over/Under,,sgo_betmgm:1.9259; sgo_betparx:1.9804; sgo_betrivers:1.9615; sgo_bovada:2.0000,SportsGameOdds
Udinese vs Pisa,2026-01-10 09:00:00,Over 2.25,2.02,2.016,2e-06,5,0.001539,0.001232,3e-06,5,0.00198,0.001584,toa_pinnacle,5,0.004,0.4,148.02,Serie A,Over/Under,,toa_betonlineag:2.0200; toa_betus:2.0000; toa_bovada:2.0200; toa_lowvig:2.0200; toa_pinnacle:2.0200,THE_ODDS_API
Udinese vs Pisa,2026-01-10 09:00:00,Under 2.25,1.83,1.822,2e-06,5,0.001539,0.001232,1e-06,5,0.001201,0.000961,toa_betus,5,0.008,0.22,174.43,Serie A,Over/Under,,toa_betonlineag:1.8200; toa_betus:1.8300; toa_bovada:1.8200; toa_lowvig:1.8200; toa_pinnacle:1.8200,THE_ODDS_API
Bayern Munich vs VfL Wolfsburg,2026-01-11 11:30:00,Over 3.5,1.61,1.5775,2e-06,8,0.001429,0.001286,3.3e-05,8,0.006515,0.005462,toa_leovegas_se,8,0.0325,1.03,407.19,Bundesliga,Over/Under,,toa_betrivers:1.5700; toa_casumo:1.5700; toa_grosvenor:1.6000; toa_leovegas:1.5600; toa_leovegas_se:1.6100; toa_tabtouch:1.5700; toa_unibet_nl:1.5700; toa_unibet_se:1.5700,THE_ODDS_API
Bayern Munich vs VfL Wolfsburg,2026-01-11 11:30:00,Under 3.5,2.32,2.3,2e-06,8,0.001429,0.001286,5e-06,8,0.002674,0.001899,toa_leovegas_se,8,0.02,0.61,247.84,Bundesliga,Over/Under,,toa_betrivers:2.2800; toa_casumo:2.3000; toa_grosvenor:2.3200; toa_leovegas:2.2800; toa_leovegas_se:2.3200; toa_tabtouch:2.3000; toa_unibet_nl:2.3000; toa_unibet_se:2.3000,THE_ODDS_API
Rangers vs Aberdeen,2026-01-06 15:00:00,Under 4.75,1.1,1.0867,2e-06,3,0.001194,0.001126,0.00015,3,0.007936,0.007482,Unibet,3,0.0133,0.86,176.09,Premiership,Over/Under,,1xBet:1.0800; Marathonbet:1.0800; Unibet:1.1000,API-FOOTBALL
Rangers vs Aberdeen,2026-01-06 15:00:00,Over 4.75,5.5,5.5,2e-06,3,0.001194,0.001126,0.0,3,0.0,0.0,Marathonbet,3,0.0,0.0,-45.45,Premiership,Over/Under,,1xBet:5.5000; Marathonbet:5.5000; Unibet:5.5000,API-FOOTBALL
Celta Vigo vs Rayo Vallecano,2026-01-18 12:30:00,Under 2.5,1.73,1.6585,2e-06,6,0.001718,0.001244,0.000106,6,0.011922,0.008385,toa_onexbet,6,0.0715,1.98,261.91,La Liga,Over/Under,,sgo_betmgm:1.6211; toa_betsson:1.6500; toa_nordicbet:1.6500; toa_onexbet:1.7300; toa_tipico_de:1.6500; toa_williamhill:1.6500,"SportsGameOdds, THE_ODDS_API"
Celta Vigo vs Rayo Vallecano,2026-01-18 12:30:00,Over 2.5,2.28,2.19,2e-06,6,0.001718,0.001244,5.9e-05,6,0.008964,0.00682,toa_onexbet,6,0.09,1.96,174.08,La Liga,Over/Under,,sgo_betmgm:2.1500; toa_betsson:2.1800; toa_nordicbet:2.1800; toa_onexbet:2.2800; toa_tipico_de:2.2000; toa_williamhill:2.1500,"SportsGameOdds, THE_ODDS_API"
Olympique Lyonnais vs Stade Brestois,2026-01-18 14:45:00,Under 2.5,2.08,2.0667,2e-06,3,0.001632,0.001533,6e-06,3,0.002927,0.002611,sgo_betrivers,3,0.0133,0.6,45.17,FR_LIGUE_1,Over/Under,,sgo_betmgm:2.0500; sgo_betparx:2.0700; sgo_betrivers:2.0800,SportsGameOdds
Olympique Lyonnais vs Stade Brestois,2026-01-18 14:45:00,Over 2.5,1.7299,1.7099,2e-06,3,0.001632,0.001533,4e-05,3,0.007354,0.006799,sgo_betrivers,3,0.02,1.26,75.48,FR_LIGUE_1,Over/Under,,sgo_betmgm:1.6803; sgo_betparx:1.7194; sgo_betrivers:1.7299,SportsGameOdds
Genoa vs Cagliari,2026-01-12 12:30:00,Over 2.0,1.91,1.8955,2e-06,6,0.001857,0.001355,3e-06,6,0.002049,0.00176,toa_betus,6,0.0145,0.39,216.55,Serie A,Over/Under,,sgo_bovada:1.8929; toa_betonlineag:1.8900; toa_betus:1.9100; toa_bovada:1.8900; toa_lowvig:1.8900; toa_pinnacle:1.9000,"SportsGameOdds, THE_ODDS_API"
Genoa vs Cagliari,2026-01-12 12:30:00,Under 2.0,1.93,1.926,2e-06,6,0.001857,0.001355,3e-06,6,0.001981,0.001451,toa_pinnacle,6,0.004,0.38,211.53,Serie A,Over/Under,,sgo_bovada:1.9259; toa_betonlineag:1.9300; toa_betus:1.9100; toa_bovada:1.9300; toa_lowvig:1.9300; toa_pinnacle:1.9300,"SportsGameOdds, THE_ODDS_API"
FC Kairat vs Club Brugge,2026-01-20 10:30:00,Under 3.0,1.85,1.836,2e-06,5,0.001687,0.001598,7e-06,5,0.00303,0.002616,toa_pinnacle,5,0.014,0.56,172.34,Champions League,Over/Under,,toa_betonlineag:1.8400; toa_bovada:1.8300; toa_coolbet:1.8200; toa_lowvig:1.8400; toa_pinnacle:1.8500,THE_ODDS_API
FC Kairat vs Club Brugge,2026-01-20 10:30:00,Over 3.0,2.0,1.996,2e-06,5,0.001687,0.001598,1e-06,5,0.001231,0.001206,toa_pinnacle,5,0.004,0.25,150.5,Champions League,Over/Under,,toa_betonlineag:1.9900; toa_bovada:2.0000; toa_coolbet:2.0000; toa_lowvig:1.9900; toa_pinnacle:2.0000,THE_ODDS_API
Werder Bremen vs TSG Hoffenheim,2026-01-10 09:30:00,Over 3.0,1.96,1.9267,2e-06,6,0.001851,0.00133,1.9e-05,6,0.005064,0.003905,toa_pinnacle,6,0.0333,0.98,211.45,Bundesliga,Over/Under,,toa_betonlineag:1.9300; toa_betus:1.9100; toa_bovada:1.9300; toa_coolbet:1.9000; toa_lowvig:1.9300; toa_pinnacle:1.9600,THE_ODDS_API
Werder Bremen vs TSG Hoffenheim,2026-01-10 09:30:00,Under 3.0,1.93,1.8967,2e-06,6,0.001851,0.00133,2e-05,6,0.005218,0.004297,toa_pinnacle,6,0.0333,0.99,216.38,Bundesliga,Over/Under,,toa_betonlineag:1.8900; toa_betus:1.9100; toa_bovada:1.8900; toa_coolbet:1.8700; toa_lowvig:1.8900; toa_pinnacle:1.9300,THE_ODDS_API
Everton vs Wolves,2026-01-07 14:30:00,Over 2.0,1.6,1.57,1e-06,6,0.000958,0.000682,7.7e-05,6,0.009942,0.008169,Pinnacle,6,0.03,1.56,282.26,Premier League,Over/Under,,1xBet:1.5400; Betano:1.6000; Marathonbet:1.5400; Pinnacle:1.6000; SBO:1.5700; Unibet:1.5700,API-FOOTBALL
Everton vs Wolves,2026-01-07 14:30:00,Under 2.0,2.45,2.395,1e-06,6,0.000958,0.000682,2.9e-05,6,0.006269,0.005268,Pinnacle,6,0.055,1.5,150.58,Premier League,Over/Under,,1xBet:2.3500; Betano:2.4200; Marathonbet:2.3500; Pinnacle:2.4500; SBO:2.4000; Unibet:2.4000,API-FOOTBALL
Penrhyncoch vs Caersws,2026-01-06 14:45:00,Over 3.25,2.12,2.0733,1e-06,3,0.001067,0.001006,4.2e-05,3,0.007593,0.007159,Pinnacle,3,0.0467,1.57,44.73,FAW Championship,Over/Under,,1xBet:2.0500; Marathonbet:2.0500; Pinnacle:2.1200,API-FOOTBALL
Penrhyncoch vs Caersws,2026-01-06 14:45:00,Under 3.25,1.66,1.6333,1e-06,3,0.001067,0.001006,3.7e-05,3,0.007012,0.006611,Pinnacle,3,0.0267,1.15,83.7,FAW Championship,Over/Under,,1xBet:1.6200; Marathonbet:1.6200; Pinnacle:1.6600,API-FOOTBALL
Juventus vs Cremonese,2026-01-12 14:45:00,Under 2.75,1.95,1.948,1e-06,5,0.001047,0.000838,1e-06,5,0.001057,0.000846,toa_bovada,5,0.002,0.21,156.67,Serie A,Over/Under,,toa_betonlineag:1.9500; toa_betus:1.9500; toa_bovada:1.9500; toa_lowvig:1.9500; toa_pinnacle:1.9400,THE_ODDS_API
Juventus vs Cremonese,2026-01-12 14:45:00,Over 2.75,1.88,1.872,1e-06,5,0.001047,0.000838,1e-06,5,0.001138,0.00091,toa_pinnacle,5,0.008,0.21,167.1,Serie A,Over/Under,,toa_betonlineag:1.8700; toa_betus:1.8700; toa_bovada:1.8700; toa_lowvig:1.8700; toa_pinnacle:1.8800,THE_ODDS_API
Rangers vs Aberdeen,2026-01-06 15:00:00,Under 3.75,1.39,1.335,1e-06,4,0.001081,0.000936,0.000305,4,0.017988,0.01504,Betano,4,0.055,2.4,199.8,Premiership,Over/Under,,1xBet:1.3100; Betano:1.3900; Marathonbet:1.3100; Unibet:1.3300,API-FOOTBALL
Rangers vs Aberdeen,2026-01-06 15:00:00,Over 3.75,3.1,2.985,1e-06,4,0.001081,0.000936,5.4e-05,4,0.00819,0.007254,Betano,4,0.115,2.44,34.08,Premiership,Over/Under,,1xBet:2.9200; Betano:3.1000; Marathonbet:2.9200; Unibet:3.0000,API-FOOTBALL
Brighton and Hove Albion vs Bournemouth,2026-01-19 15:00:00,Over 3.0,1.95,1.945,1e-06,4,0.001084,0.000976,1e-06,4,0.001322,0.001322,toa_pinnacle,4,0.005,0.26,105.66,Premier League,Over/Under,,toa_betonlineag:1.9400; toa_bovada:1.9500; toa_lowvig:1.9400; toa_pinnacle:1.9500,THE_ODDS_API
Brighton and Hove Albion vs Bournemouth,2026-01-19 15:00:00,Under 3.0,1.88,1.8775,1e-06,4,0.001084,0.000976,1e-06,4,0.001232,0.001067,toa_pinnacle,4,0.0025,0.23,113.05,Premier League,Over/Under,,toa_betonlineag:1.8800; toa_bovada:1.8700; toa_lowvig:1.8800; toa_pinnacle:1.8800,THE_ODDS_API
Real Betis vs Villarreal,2026-01-17 15:00:00,Over 2.75,1.85,1.845,1e-06,4,0.001086,0.000991,2e-06,4,0.001469,0.001469,toa_pinnacle,4,0.005,0.27,116.8,La Liga,Over/Under,,toa_betonlineag:1.8400; toa_bovada:1.8500; toa_lowvig:1.8400; toa_pinnacle:1.8500,THE_ODDS_API
Real Betis vs Villarreal,2026-01-17 15:00:00,Under 2.75,1.99,1.9875,1e-06,4,0.001086,0.000991,1e-06,4,0.001099,0.000952,toa_pinnacle,4,0.0025,0.22,101.26,La Liga,Over/Under,,toa_betonlineag:1.9900; toa_bovada:1.9800; toa_lowvig:1.9900; toa_pinnacle:1.9900,THE_ODDS_API
Lecce vs Parma,2026-01-11 06:30:00,Under 1.5,2.65,2.6312,1e-06,8,0.00082,0.000704,3e-06,8,0.002106,0.00135,toa_grosvenor,8,0.0188,0.55,204.05,Serie A,Over/Under,,sgo_betparx:2.6300; toa_casumo:2.6300; toa_grosvenor:2.6500; toa_leovegas:2.6000; toa_leovegas_se:2.6500; toa_tabtouch:2.6300; toa_unibet_nl:2.6300; toa_unibet_se:2.6300,"SportsGameOdds, THE_ODDS_API"
Lecce vs Parma,2026-01-11 06:30:00,Over 1.5,1.48,1.4674,1e-06,8,0.00082,0.000704,2.2e-05,8,0.005124,0.003237,toa_leovegas_se,8,0.0126,0.75,445.2,Serie A,Over/Under,,sgo_betparx:1.4695; toa_casumo:1.4700; toa_grosvenor:1.4700; toa_leovegas:1.4400; toa_leovegas_se:1.4800; toa_tabtouch:1.4700; toa_unibet_nl:1.4700; toa_unibet_se:1.4700,"SportsGameOdds, THE_ODDS_API"
Hellas Verona vs Lazio,2026-01-11 12:00:00,Under 2.0,1.9524,1.9471,1e-06,6,0.001238,0.001155,1e-06,6,0.001339,0.001245,sgo_bovada,6,0.0053,0.26,208.16,Serie A,Over/Under,,sgo_bovada:1.9524; toa_betonlineag:1.9400; toa_betus:1.9500; toa_bovada:1.9500; toa_lowvig:1.9400; toa_pinnacle:1.9500,"SportsGameOdds, THE_ODDS_API"
Hellas Verona vs Lazio,2026-01-11 12:00:00,Over 2.0,1.88,1.8749,1e-06,6,0.001238,0.001155,2e-06,6,0.001442,0.001441,toa_pinnacle,6,0.0051,0.27,220.01,Serie A,Over/Under,,sgo_bovada:1.8696; toa_betonlineag:1.8800; toa_betus:1.8700; toa_bovada:1.8700; toa_lowvig:1.8800; toa_pinnacle:1.8800,"SportsGameOdds, THE_ODDS_API"
Eintracht Frankfurt vs Borussia Dortmund,2026-01-09 14:30:00,Under 2.75,2.05,2.03,1e-06,4,0.001197,0.001027,6e-06,4,0.002958,0.002421,toa_pinnacle,4,0.02,0.6,97.05,Bundesliga,Over/Under,,toa_betonlineag:2.0200; toa_betus:2.0300; toa_lowvig:2.0200; toa_pinnacle:2.0500,THE_ODDS_API
Eintracht Frankfurt vs Borussia Dortmund,2026-01-09 14:30:00,Over 2.75,1.85,1.825,1e-06,4,0.001197,0.001027,1.5e-05,4,0.004471,0.003721,toa_pinnacle,4,0.025,0.82,119.19,Bundesliga,Over/Under,,toa_betonlineag:1.8200; toa_betus:1.8100; toa_lowvig:1.8200; toa_pinnacle:1.8500,THE_ODDS_API
Hamburger SV vs Bayer Leverkusen,2026-01-13 14:30:00,Under 2.75,2.03,2.0275,1e-06,4,0.001128,0.000977,1e-06,4,0.001056,0.000915,toa_pinnacle,4,0.0025,0.21,97.29,Bundesliga,Over/Under,,toa_betonlineag:2.0300; toa_bovada:2.0200; toa_lowvig:2.0300; toa_pinnacle:2.0300,THE_ODDS_API
Hamburger SV vs Bayer Leverkusen,2026-01-13 14:30:00,Over 2.75,1.82,1.8125,1e-06,4,0.001128,0.000977,1e-06,4,0.001314,0.001138,toa_bovada,4,0.0075,0.24,120.69,Bundesliga,Over/Under,,toa_betonlineag:1.8100; toa_bovada:1.8200; toa_lowvig:1.8100; toa_pinnacle:1.8100,THE_ODDS_API
Elche CF vs Sevilla,2026-01-19 15:00:00,Under 2.25,2.05,2.0425,1e-06,4,0.001125,0.000974,1e-06,4,0.001035,0.000897,toa_bovada,4,0.0075,0.21,95.84,La Liga,Over/Under,,toa_betonlineag:2.0400; toa_bovada:2.0500; toa_lowvig:2.0400; toa_pinnacle:2.0400,THE_ODDS_API
Elche CF vs Sevilla,2026-01-19 15:00:00,Over 2.25,1.81,1.8075,1e-06,4,0.001125,0.000974,1e-06,4,0.001329,0.001151,toa_pinnacle,4,0.0025,0.24,121.3,La Liga,Over/Under,,toa_betonlineag:1.8100; toa_bovada:1.8000; toa_lowvig:1.8100; toa_pinnacle:1.8100,THE_ODDS_API
Rangers vs Aberdeen,2026-01-06 15:00:00,Under 4.0,1.21,1.1967,1e-06,3,0.00083,0.000782,5.6e-05,3,0.006548,0.006173,Unibet,3,0.0133,0.78,150.71,Premiership,Over/Under,,1xBet:1.1900; Marathonbet:1.1900; Unibet:1.2100,API-FOOTBALL
Rangers vs Aberdeen,2026-01-06 15:00:00,Over 4.0,3.85,3.7833,1e-06,3,0.00083,0.000782,1e-05,3,0.003265,0.003078,Unibet,3,0.0667,1.24,-20.69,Premiership,Over/Under,,1xBet:3.7500; Marathonbet:3.7500; Unibet:3.8500,API-FOOTBALL
Everton vs Wolves,2026-01-07 14:30:00,Under 1.25,4.31,4.1367,1e-06,3,0.001036,0.000977,4.9e-05,3,0.007022,0.00662,Pinnacle,3,0.1733,2.9,-27.42,Premier League,Over/Under,,1xBet:4.0500; Marathonbet:4.0500; Pinnacle:4.3100,API-FOOTBALL
Everton vs Wolves,2026-01-07 14:30:00,Over 1.25,1.24,1.2,1e-06,3,0.001036,0.000977,0.000472,3,0.01933,0.018225,Pinnacle,3,0.04,2.32,150.14,Premier League,Over/Under,,1xBet:1.1800; Marathonbet:1.1800; Pinnacle:1.2400,API-FOOTBALL
SK Brann vs FC Midtjylland,2026-01-22 12:45:00,Under 2.75,1.95,1.935,1e-06,4,0.001169,0.001032,1.2e-05,4,0.004034,0.003367,toa_pinnacle,4,0.015,0.78,106.73,Europa League,Over/Under,,toa_betonlineag:1.9400; toa_bovada:1.9100; toa_lowvig:1.9400; toa_pinnacle:1.9500,THE_ODDS_API
SK Brann vs FC Midtjylland,2026-01-22 12:45:00,Over 2.75,1.88,1.8675,1e-06,4,0.001169,0.001032,2.9e-05,4,0.006293,0.00545,toa_lowvig,4,0.0125,1.18,114.22,Europa League,Over/Under,,toa_betonlineag:1.8800; toa_bovada:1.8300; toa_lowvig:1.8800; toa_pinnacle:1.8800,THE_ODDS_API
TSG Hoffenheim vs Borussia Monchengladbach,2026-01-14 14:30:00,Over 3.0,2.02,2.012,1e-06,5,0.000923,0.000864,1.2e-05,5,0.004,0.0032,toa_pinnacle,5,0.008,0.8,148.52,Bundesliga,Over/Under,,toa_betonlineag:2.0200; toa_bovada:2.0200; toa_coolbet:1.9800; toa_lowvig:2.0200; toa_pinnacle:2.0200,THE_ODDS_API
TSG Hoffenheim vs Borussia Monchengladbach,2026-01-14 14:30:00,Under 3.0,1.83,1.818,1e-06,5,0.000923,0.000864,6e-06,5,0.002979,0.002194,toa_pinnacle,5,0.012,0.54,175.04,Bundesliga,Over/Under,,toa_betonlineag:1.8200; toa_bovada:1.8200; toa_coolbet:1.8000; toa_lowvig:1.8200; toa_pinnacle:1.8300,THE_ODDS_API
Torino vs Udinese,2026-01-07 14:45:00,Under 3.25,1.26,1.2333,1e-06,3,0.00094,0.000887,0.000174,3,0.012267,0.011565,Pinnacle,3,0.0267,1.51,143.3,Serie A,Over/Under,,1xBet:1.2200; Marathonbet:1.2200; Pinnacle:1.2600,API-FOOTBALL
Torino vs Udinese,2026-01-07 14:45:00,Over 3.25,4.02,3.9067,1e-06,3,0.00094,0.000887,2.6e-05,3,0.005178,0.004882,Pinnacle,3,0.1133,2.02,-23.18,Serie A,Over/Under,,1xBet:3.8500; Marathonbet:3.8500; Pinnacle:4.0200,API-FOOTBALL
Newcastle United vs Leeds United,2026-01-07 15:15:00,Under 2.75,1.86,1.8425,1e-06,4,0.001006,0.000956,7e-06,4,0.003198,0.002563,toa_pinnacle,4,0.0175,0.59,117.1,Premier League,Over/Under,,toa_betonlineag:1.8400; toa_bovada:1.8300; toa_lowvig:1.8400; toa_pinnacle:1.8600,THE_ODDS_API
Newcastle United vs Leeds United,2026-01-07 15:15:00,Over 2.75,2.04,2.025,1e-06,4,0.001006,0.000956,1e-05,4,0.003683,0.003073,toa_pinnacle,4,0.015,0.75,97.54,Premier League,Over/Under,,toa_betonlineag:2.0300; toa_bovada:2.0000; toa_lowvig:2.0300; toa_pinnacle:2.0400,THE_ODDS_API
Arsenal vs Liverpool,2026-01-08 15:00:00,Under 2.75,1.89,1.88,1e-06,4,0.001337,0.001079,3e-06,4,0.002001,0.001418,toa_pinnacle,4,0.01,0.38,112.77,Premier League,Over/Under,,toa_betonlineag:1.8800; toa_bovada:1.8700; toa_lowvig:1.8800; toa_pinnacle:1.8900,THE_ODDS_API
Arsenal vs Liverpool,2026-01-08 15:00:00,Over 2.75,2.0,1.9775,1e-06,4,0.001337,0.001079,1.5e-05,4,0.004583,0.003545,toa_pinnacle,4,0.0225,0.91,102.29,Premier League,Over/Under,,toa_betonlineag:1.9800; toa_bovada:1.9500; toa_lowvig:1.9800; toa_pinnacle:2.0000,THE_ODDS_API
CA Osasuna vs Oviedo,2026-01-17 12:30:00,Under 2.25,1.79,1.785,1e-06,4,0.001082,0.000996,2e-06,4,0.001569,0.001569,toa_lowvig,4,0.005,0.28,124.09,La Liga,Over/Under,,toa_betonlineag:1.7900; toa_bovada:1.7800; toa_lowvig:1.7900; toa_pinnacle:1.7800,THE_ODDS_API
CA Osasuna vs Oviedo,2026-01-17 12:30:00,Over 2.25,2.08,2.0725,1e-06,4,0.001082,0.000996,1e-06,4,0.001006,0.000871,toa_bovada,4,0.0075,0.21,93.0,La Liga,Over/Under,,toa_betonlineag:2.0700; toa_bovada:2.0800; toa_lowvig:2.0700; toa_pinnacle:2.0700,THE_ODDS_API
Leeds United vs Fulham,2026-01-17 10:00:00,Under 2.25,2.0,1.995,1e-06,4,0.001079,0.000966,1e-06,4,0.001256,0.001256,toa_pinnacle,4,0.005,0.25,100.5,Premier League,Over/Under,,toa_betonlineag:1.9900; toa_bovada:2.0000; toa_lowvig:1.9900; toa_pinnacle:2.0000,THE_ODDS_API
Leeds United vs Fulham,2026-01-17 10:00:00,Over 2.25,1.84,1.8375,1e-06,4,0.001079,0.000966,1e-06,4,0.001286,0.001114,toa_pinnacle,4,0.0025,0.24,117.69,Premier League,Over/Under,,toa_betonlineag:1.8400; toa_bovada:1.8300; toa_lowvig:1.8400; toa_pinnacle:1.8400,THE_ODDS_API
Torino vs Udinese,2026-01-07 14:45:00,Over 1.75,1.56,1.528,1e-06,5,0.001367,0.001265,9e-05,5,0.010635,0.009635,Pinnacle,5,0.032,1.62,227.31,Serie A,Over/Under,,1xBet:1.5000; Betano:1.5500; Marathonbet:1.5000; Pinnacle:1.5600; Unibet:1.5300,API-FOOTBALL
Torino vs Udinese,2026-01-07 14:45:00,Under 1.75,2.55,2.482,1e-06,5,0.001367,0.001265,5.6e-05,5,0.008645,0.00811,Pinnacle,5,0.068,2.14,101.54,Serie A,Over/Under,,1xBet:2.4200; Betano:2.5200; Marathonbet:2.4200; Pinnacle:2.5500; Unibet:2.5000,API-FOOTBALL
Torino vs Udinese,2026-01-07 14:45:00,Over 1.25,1.28,1.24,1e-06,3,0.000928,0.000875,0.000371,3,0.018112,0.017077,Pinnacle,3,0.04,2.24,142.06,Serie A,Over/Under,,1xBet:1.2200; Marathonbet:1.2200; Pinnacle:1.2800,API-FOOTBALL
Torino vs Udinese,2026-01-07 14:45:00,Under 1.25,3.8,3.7067,1e-06,3,0.000928,0.000875,2.1e-05,3,0.004745,0.004474,Pinnacle,3,0.0933,1.76,-19.04,Serie A,Over/Under,,1xBet:3.6600; Marathonbet:3.6600; Pinnacle:3.8000,API-FOOTBALL
RB Leipzig vs SC Freiburg,2026-01-14 14:30:00,Over 3.0,2.0,1.9967,1e-06,6,0.000881,0.000582,3e-06,6,0.001882,0.001403,toa_pinnacle,6,0.0033,0.38,200.51,Bundesliga,Over/Under,,sgo_bovada:2.0000; toa_betonlineag:2.0000; toa_bovada:2.0000; toa_coolbet:1.9800; toa_lowvig:2.0000; toa_pinnacle:2.0000,"SportsGameOdds, THE_ODDS_API"
RB Leipzig vs SC Freiburg,2026-01-14 14:30:00,Under 3.0,1.84,1.8272,1e-06,6,0.000881,0.000582,1.1e-05,6,0.003836,0.002749,toa_pinnacle,6,0.0128,0.7,228.38,Bundesliga,Over/Under,,sgo_bovada:1.8333; toa_betonlineag:1.8300; toa_bovada:1.8300; toa_coolbet:1.8000; toa_lowvig:1.8300; toa_pinnacle:1.8400,"SportsGameOdds, THE_ODDS_API"
Napoli vs Verona,2026-01-07 12:30:00,Under 3.0,1.43,1.404,1e-06,5,0.001313,0.001218,9.7e-05,5,0.010469,0.009787,Pinnacle,5,0.026,1.47,256.2,Serie A,Over/Under,,1xBet:1.3800; Betano:1.4200; Marathonbet:1.3800; Pinnacle:1.4300; Unibet:1.4100,API-FOOTBALL
Napoli vs Verona,2026-01-07 12:30:00,Over 3.0,2.95,2.912,1e-06,5,0.001313,0.001218,1.1e-05,5,0.003749,0.003572,Pinnacle,5,0.038,1.09,71.72,Serie A,Over/Under,,1xBet:2.8800; Betano:2.9500; Marathonbet:2.8800; Pinnacle:2.9500; Unibet:2.9000,API-FOOTBALL
Mallorca vs Athletic Bilbao,2026-01-17 10:15:00,Under 2.0,1.9709,1.9608,1e-06,8,0.00105,0.000905,2e-06,8,0.001784,0.001349,sgo_pinnacle,8,0.0101,0.35,308.0,La Liga,Over/Under,,sgo_betonline:1.9615; sgo_bovada:1.9524; sgo_lowvig:1.9615; sgo_pinnacle:1.9709; toa_betonlineag:1.9600; toa_bovada:1.9500; toa_lowvig:1.9600; toa_pinnacle:1.9700,"SportsGameOdds, THE_ODDS_API"
Mallorca vs Athletic Bilbao,2026-01-17 10:15:00,Over 2.0,1.87,1.8654,1e-06,8,0.00105,0.000905,1e-06,8,0.001276,0.001257,toa_pinnacle,8,0.0046,0.24,328.86,La Liga,Over/Under,,sgo_betonline:1.8621; sgo_bovada:1.8696; sgo_lowvig:1.8621; sgo_pinnacle:1.8696; toa_betonlineag:1.8600; toa_bovada:1.8700; toa_lowvig:1.8600; toa_pinnacle:1.8700,"SportsGameOdds, THE_ODDS_API"
Manchester City vs Brighton & Hove Albion,2026-01-07 14:30:00,Over 3.5,2.1,2.0767,1e-06,3,0.000861,0.000741,1.6e-05,3,0.004777,0.004144,sgo_betparx,3,0.0233,0.99,44.48,EPL,Over/Under,,sgo_betmgm:2.0500; sgo_betparx:2.1000; sgo_betrivers:2.0800,SportsGameOdds
Manchester City vs Brighton & Hove Albion,2026-01-07 14:30:00,Under 3.5,1.7299,1.7099,1e-06,3,0.000861,0.000741,4e-05,3,0.007354,0.006799,sgo_betparx,3,0.02,1.26,75.48,EPL,Over/Under,,sgo_betmgm:1.6803; sgo_betparx:1.7299; sgo_betrivers:1.7194,SportsGameOdds
Chelsea vs Brentford,2026-01-17 10:00:00,Under 3.0,1.84,1.8327,1e-06,5,0.001006,0.000887,1e-06,5,0.001154,0.000949,toa_pinnacle,5,0.0073,0.21,172.83,Premier League,Over/Under,,sgo_bovada:1.8333; toa_betonlineag:1.8300; toa_bovada:1.8300; toa_lowvig:1.8300; toa_pinnacle:1.8400,"SportsGameOdds, THE_ODDS_API"
Chelsea vs Brentford,2026-01-17 10:00:00,Over 3.0,2.01,2.004,1e-06,5,0.001006,0.000887,1e-06,5,0.001219,0.001194,toa_lowvig,5,0.006,0.24,149.5,Premier League,Over/Under,,sgo_bovada:2.0000; toa_betonlineag:2.0100; toa_bovada:2.0000; toa_lowvig:2.0100; toa_pinnacle:2.0000,"SportsGameOdds, THE_ODDS_API"
Getafe vs Valencia,2026-01-18 08:00:00,Under 1.75,1.93,1.92,1e-06,4,0.001132,0.00098,3e-06,4,0.001918,0.00136,toa_pinnacle,4,0.01,0.37,108.34,La Liga,Over/Under,,toa_betonlineag:1.9200; toa_bovada:1.9100; toa_lowvig:1.9200; toa_pinnacle:1.9300,THE_ODDS_API
Getafe vs Valencia,2026-01-18 08:00:00,Over 1.75,1.91,1.905,1e-06,4,0.001132,0.00098,1e-06,4,0.001378,0.001378,toa_pinnacle,4,0.005,0.26,109.98,La Liga,Over/Under,,toa_betonlineag:1.9000; toa_bovada:1.9100; toa_lowvig:1.9000; toa_pinnacle:1.9100,THE_ODDS_API
Sunderland vs Crystal Palace,2026-01-17 10:00:00,Under 2.25,1.93,1.92,1e-06,4,0.001132,0.00098,3e-06,4,0.001918,0.00136,toa_pinnacle,4,0.01,0.37,108.34,Premier League,Over/Under,,toa_betonlineag:1.9200; toa_bovada:1.9100; toa_lowvig:1.9200; toa_pinnacle:1.9300,THE_ODDS_API
Sunderland vs Crystal Palace,2026-01-17 10:00:00,Over 2.25,1.91,1.905,1e-06,4,0.001132,0.00098,1e-06,4,0.001378,0.001378,toa_pinnacle,4,0.005,0.26,109.98,Premier League,Over/Under,,toa_betonlineag:1.9000; toa_bovada:1.9100; toa_lowvig:1.9000; toa_pinnacle:1.9100,THE_ODDS_API
Celta Vigo vs Rayo Vallecano,2026-01-18 12:30:00,Under 2.25,1.88,1.8775,1e-06,4,0.001084,0.000976,1e-06,4,0.001232,0.001067,toa_pinnacle,4,0.0025,0.23,113.05,La Liga,Over/Under,,toa_betonlineag:1.8800; toa_bovada:1.8700; toa_lowvig:1.8800; toa_pinnacle:1.8800,THE_ODDS_API
Celta Vigo vs Rayo Vallecano,2026-01-18 12:30:00,Over 2.25,1.95,1.945,1e-06,4,0.001084,0.000976,1e-06,4,0.001322,0.001322,toa_pinnacle,4,0.005,0.26,105.66,La Liga,Over/Under,,toa_betonlineag:1.9400; toa_bovada:1.9500; toa_lowvig:1.9400; toa_pinnacle:1.9500,THE_ODDS_API
Liverpool vs Burnley,2026-01-17 10:00:00,Under 3.25,1.82,1.82,0.0,4,0.000536,0.000464,,4,,,toa_pinnacle,4,0.0,0.0,119.78,Premier League,Over/Under,,toa_betonlineag:1.8200; toa_bovada:1.8200; toa_lowvig:1.8200; toa_pinnacle:1.8200,THE_ODDS_API
Liverpool vs Burnley,2026-01-17 10:00:00,Over 3.25,2.02,2.0175,0.0,4,0.000536,0.000464,1e-06,4,0.001066,0.000924,toa_lowvig,4,0.0025,0.22,98.27,Premier League,Over/Under,,toa_betonlineag:2.0200; toa_bovada:2.0200; toa_lowvig:2.0200; toa_pinnacle:2.0100,THE_ODDS_API
Rangers vs Aberdeen,2026-01-06 15:00:00,Under 4.25,1.18,1.1667,0.0,3,0.000566,0.000534,6.9e-05,3,0.006888,0.006494,Unibet,3,0.0133,0.8,157.16,Premiership,Over/Under,,1xBet:1.1600; Marathonbet:1.1600; Unibet:1.1800,API-FOOTBALL
Rangers vs Aberdeen,2026-01-06 15:00:00,Over 4.25,4.2,4.1333,0.0,3,0.000566,0.000534,7e-06,3,0.002738,0.002581,Unibet,3,0.0667,1.13,-27.41,Premiership,Over/Under,,1xBet:4.1000; Marathonbet:4.1000; Unibet:4.2000,API-FOOTBALL
Fenerbahce vs Aston Villa,2026-01-22 12:45:00,Under 2.75,1.89,1.875,0.0,4,0.000521,0.000451,1.3e-05,4,0.004298,0.003586,toa_pinnacle,4,0.015,0.81,113.35,Europa League,Over/Under,,toa_betonlineag:1.8800; toa_bovada:1.8500; toa_lowvig:1.8800; toa_pinnacle:1.8900,THE_ODDS_API
Fenerbahce vs Aston Villa,2026-01-22 12:45:00,Over 2.75,1.94,1.9225,0.0,4,0.000521,0.000451,2e-05,4,0.005248,0.004446,toa_pinnacle,4,0.0175,1.01,108.08,Europa League,Over/Under,,toa_betonlineag:1.9300; toa_bovada:1.8900; toa_lowvig:1.9300; toa_pinnacle:1.9400,THE_ODDS_API
Real Sociedad vs Barcelona,2026-01-18 15:00:00,Under 3.25,2.0,2.0,0.0,4,0.000589,0.00051,,4,,,toa_pinnacle,4,0.0,0.0,100.0,La Liga,Over/Under,,toa_betonlineag:2.0000; toa_bovada:2.0000; toa_lowvig:2.0000; toa_pinnacle:2.0000,THE_ODDS_API
Real Sociedad vs Barcelona,2026-01-18 15:00:00,Over 3.25,1.84,1.8325,0.0,4,0.000589,0.00051,1e-06,4,0.001286,0.001114,toa_pinnacle,4,0.0075,0.24,118.28,La Liga,Over/Under,,toa_betonlineag:1.8300; toa_bovada:1.8300; toa_lowvig:1.8300; toa_pinnacle:1.8400,THE_ODDS_API
Hellas Verona vs Lazio,2026-01-11 12:00:00,Under 1.5,2.7,2.6537,0.0,8,0.000675,0.000571,5e-06,8,0.002621,0.001618,toa_leovegas_se,8,0.0463,0.7,201.47,Serie A,Over/Under,,sgo_betparx:2.6500; toa_casumo:2.6500; toa_grosvenor:2.6500; toa_leovegas:2.6300; toa_leovegas_se:2.7000; toa_tabtouch:2.6500; toa_unibet_nl:2.6500; toa_unibet_se:2.6500,"SportsGameOdds, THE_ODDS_API"
Hellas Verona vs Lazio,2026-01-11 12:00:00,Over 1.5,1.47,1.4451,0.0,8,0.000675,0.000571,2.4e-05,8,0.005326,0.004203,toa_leovegas_se,8,0.0249,0.77,453.64,Serie A,Over/Under,,sgo_betparx:1.4505; toa_casumo:1.4400; toa_grosvenor:1.4500; toa_leovegas:1.4300; toa_leovegas_se:1.4700; toa_tabtouch:1.4400; toa_unibet_nl:1.4400; toa_unibet_se:1.4400,"SportsGameOdds, THE_ODDS_API"
Bayern Munich vs Union Saint-Gilloise,2026-01-21 15:00:00,Over 3.75,1.83,1.83,0.0,4,0.000622,0.000622,,4,,,toa_pinnacle,4,0.0,0.0,118.58,Champions League,Over/Under,,toa_betonlineag:1.8300; toa_bovada:1.8300; toa_lowvig:1.8300; toa_pinnacle:1.8300,THE_ODDS_API
Bayern Munich vs Union Saint-Gilloise,2026-01-21 15:00:00,Under 3.75,2.01,2.005,0.0,4,0.000622,0.000622,1e-06,4,0.001244,0.001244,toa_lowvig,4,0.005,0.25,99.5,Champions League,Over/Under,,toa_betonlineag:2.0100; toa_bovada:2.0000; toa_lowvig:2.0100; toa_pinnacle:2.0000,THE_ODDS_API
Real Madrid vs Levante,2026-01-17 08:00:00,Under 3.75,1.93,1.93,0.0,4,0.000574,0.000497,,4,,,toa_pinnacle,4,0.0,0.0,107.25,La Liga,Over/Under,,toa_betonlineag:1.9300; toa_bovada:1.9300; toa_lowvig:1.9300; toa_pinnacle:1.9300,THE_ODDS_API
Real Madrid vs Levante,2026-01-17 08:00:00,Over 3.75,1.89,1.8825,0.0,4,0.000574,0.000497,1e-06,4,0.001219,0.001055,toa_bovada,4,0.0075,0.23,112.48,La Liga,Over/Under,,toa_betonlineag:1.8800; toa_bovada:1.8900; toa_lowvig:1.8800; toa_pinnacle:1.8800,THE_ODDS_API
Maidenhead vs Ebbsfleet United,2026-01-06 14:45:00,Over 1.75,1.3,1.2733,0.0,3,0.000243,0.000229,0.00014,3,0.011512,0.010853,Pinnacle,3,0.0267,1.47,135.65,National League - South,Over/Under,,1xBet:1.2600; Marathonbet:1.2600; Pinnacle:1.3000,API-FOOTBALL
Maidenhead vs Ebbsfleet United,2026-01-06 14:45:00,Under 1.75,3.31,3.2367,0.0,3,0.000243,0.000229,2e-05,3,0.004896,0.004616,Pinnacle,3,0.0733,1.58,-7.29,National League - South,Over/Under,,1xBet:3.2000; Marathonbet:3.2000; Pinnacle:3.3100,API-FOOTBALL
Stade Rennais vs Lorient,2026-01-24 11:00:00,Under 2.5,2.0,1.9838,0.0,3,0.00038,0.000336,7e-06,3,0.003072,0.00274,sgo_bovada,3,0.0162,0.61,51.23,FR_LIGUE_1,Over/Under,,sgo_betparx:1.9709; sgo_betrivers:1.9804; sgo_bovada:2.0000,SportsGameOdds
Stade Rennais vs Lorient,2026-01-24 11:00:00,Over 2.5,1.8333,1.8154,0.0,3,0.00038,0.000336,1.3e-05,3,0.00415,0.0036,sgo_bovada,3,0.0179,0.75,65.26,FR_LIGUE_1,Over/Under,,sgo_betparx:1.8000; sgo_betrivers:1.8130; sgo_bovada:1.8333,SportsGameOdds
Como vs Bologna,2026-01-10 09:00:00,Under 2.25,1.96,1.952,0.0,5,2.2e-05,1.7e-05,1e-06,5,0.001047,0.000837,toa_pinnacle,5,0.008,0.2,156.15,Serie A,Over/Under,,toa_betonlineag:1.9500; toa_betus:1.9500; toa_bovada:1.9500; toa_lowvig:1.9500; toa_pinnacle:1.9600,THE_ODDS_API
Como vs Bologna,2026-01-10 09:00:00,Over 2.25,1.88,1.872,0.0,5,2.2e-05,1.7e-05,1e-06,5,0.001138,0.00091,toa_pinnacle,5,0.008,0.21,167.1,Serie A,Over/Under,,toa_betonlineag:1.8700; toa_betus:1.8700; toa_bovada:1.8700; toa_lowvig:1.8700; toa_pinnacle:1.8800,THE_ODDS_API
Malmo FF vs Red Star Belgrade,2026-01-22 12:45:00,Over 2.75,1.96,1.9425,0.0,4,0.000107,9.1e-05,1.9e-05,4,0.00514,0.004354,toa_pinnacle,4,0.0175,1.0,105.94,Europa League,Over/Under,,toa_betonlineag:1.9500; toa_bovada:1.9100; toa_lowvig:1.9500; toa_pinnacle:1.9600,THE_ODDS_API
Malmo FF vs Red Star Belgrade,2026-01-22 12:45:00,Under 2.75,1.88,1.8625,0.0,4,0.000107,9.1e-05,2.3e-05,4,0.005594,0.004739,toa_pinnacle,4,0.0175,1.04,114.79,Europa League,Over/Under,,toa_betonlineag:1.8700; toa_bovada:1.8300; toa_lowvig:1.8700; toa_pinnacle:1.8800,THE_ODDS_API
Napoli vs Verona,2026-01-07 12:30:00,Under 1.25,4.56,4.42,0.0,3,0.000258,0.000243,2.6e-05,3,0.004991,0.004705,Pinnacle,3,0.14,2.2,-32.09,Serie A,Over/Under,,1xBet:4.3500; Marathonbet:4.3500; Pinnacle:4.5600,API-FOOTBALL
Napoli vs Verona,2026-01-07 12:30:00,Over 1.25,1.22,1.18,0.0,3,0.000258,0.000243,0.000541,3,0.019986,0.018843,Pinnacle,3,0.04,2.36,154.38,Serie A,Over/Under,,1xBet:1.1600; Marathonbet:1.1600; Pinnacle:1.2200,API-FOOTBALL
Rangers vs Aberdeen,2026-01-06 15:00:00,Over 3.25,2.37,2.304,0.0,5,0.000539,0.000425,7.8e-05,5,0.010293,0.009866,Pinnacle,5,0.066,2.37,117.14,Premiership,Over/Under,,1xBet:2.2500; Betano:2.3700; Marathonbet:2.2500; Pinnacle:2.3700; Unibet:2.2800,API-FOOTBALL
Rangers vs Aberdeen,2026-01-06 15:00:00,Under 3.25,1.62,1.568,0.0,5,0.000539,0.000425,0.000195,5,0.015822,0.01516,Betano,5,0.052,2.48,219.08,Premiership,Over/Under,,1xBet:1.5300; Betano:1.6200; Marathonbet:1.5300; Pinnacle:1.6100; Unibet:1.5500,API-FOOTBALL
Manchester United vs Manchester City,2026-01-17 07:30:00,Over 3.25,1.98,1.975,0.0,4,0.000632,0.000632,1e-06,4,0.001282,0.001282,toa_pinnacle,4,0.005,0.25,102.53,Premier League,Over/Under,,toa_betonlineag:1.9700; toa_bovada:1.9800; toa_lowvig:1.9700; toa_pinnacle:1.9800,THE_ODDS_API
Manchester United vs Manchester City,2026-01-17 07:30:00,Under 3.25,1.85,1.85,0.0,4,0.000632,0.000632,,4,,,toa_pinnacle,4,0.0,0.0,116.22,Premier League,Over/Under,,toa_betonlineag:1.8500; toa_bovada:1.8500; toa_lowvig:1.8500; toa_pinnacle:1.8500,THE_ODDS_API
Young Boys vs Lyon,2026-01-22 12:45:00,Over 2.75,1.81,1.8,0.0,4,0.000274,0.000238,2.1e-05,4,0.005406,0.004682,toa_lowvig,4,0.01,0.97,122.24,Europa League,Over/Under,,toa_betonlineag:1.8100; toa_bovada:1.7700; toa_lowvig:1.8100; toa_pinnacle:1.8100,THE_ODDS_API
Young Boys vs Lyon,2026-01-22 12:45:00,Under 2.75,2.04,2.03,0.0,4,0.000274,0.000238,1.3e-05,4,0.004245,0.003676,toa_lowvig,4,0.01,0.86,97.06,Europa League,Over/Under,,toa_betonlineag:2.0400; toa_bovada:2.0000; toa_lowvig:2.0400; toa_pinnacle:2.0400,THE_ODDS_API
Lecce vs AS Roma,2026-01-06 12:00:00,Under 3.25,1.25,1.2033,0.0,3,0.000436,0.000411,0.000624,3,0.022372,0.021092,Pinnacle,3,0.0467,2.69,149.49,Serie A,Over/Under,,1xBet:1.1800; Marathonbet:1.1800; Pinnacle:1.2500,API-FOOTBALL
Lecce vs AS Roma,2026-01-06 12:00:00,Over 3.25,4.11,3.97,0.0,3,0.000436,0.000411,3.7e-05,3,0.006176,0.005823,Pinnacle,3,0.14,2.45,-24.39,Serie A,Over/Under,,1xBet:3.9000; Marathonbet:3.9000; Pinnacle:4.1100,API-FOOTBALL
Tottenham Hotspur vs West Ham United,2026-01-17 10:00:00,Over 2.75,1.92,1.9125,,4,,,1e-06,4,0.001181,0.001023,toa_pinnacle,4,0.0075,0.23,109.15,Premier League,Over/Under,,toa_betonlineag:1.9100; toa_bovada:1.9100; toa_lowvig:1.9100; toa_pinnacle:1.9200,THE_ODDS_API
Tottenham Hotspur vs West Ham United,2026-01-17 10:00:00,Under 2.75,1.92,1.9125,,4,,,1e-06,4,0.001181,0.001023,toa_pinnacle,4,0.0075,0.23,109.15,Premier League,Over/Under,,toa_betonlineag:1.9100; toa_bovada:1.9100; toa_lowvig:1.9100; toa_pinnacle:1.9200,THE_ODDS_API
