Partido,Fecha_Hora_Colombia,Mercado,Mejor_Cuota,Cuota_Promedio_Mercado,BDI_jsd_fair,BDI_n_bookmakers_fair,BDI_std_p_fair,BDI_mad_p_fair,BDI_jsd,BDI_n_bookmakers,BDI_std_p,BDI_mad_p,Mejor_Casa,Num_Casas,Diferencia_Cuota_Promedio,Volatilidad_Pct,Margen_Casa_Pct,Liga,Tipo_Mercado,Score_Final,Todas_Las_Cuotas
Liverpool vs Leeds United,2026-01-01 12:30:00,1X,1.1825,1.1375,,,,,0.0004433608505282,38,0.016277617142421,0.0128749816545923,betfair_ex_au,38,0.045,1.87,0.19,EPL,Doble Chance,24.1053,betfair_ex_au:1.1825; betfair_ex_eu:1.1825; betfair_ex_uk:1.1825; smarkets:1.1769; coolbet:1.1659; nordicbet:1.1561; betsson:1.1561; marathonbet:1.1551; unibet_nl:1.1537; pinnacle:1.1489; unibet_se:1.1481; tipico_de:1.1425; coral:1.1418; betmgm:1.1418; unibet_uk:1.1407; codere_it:1.1407; bovada:1.1393; leovegas:1.1368; winamax_de:1.1362; ladbrokes_uk:1.1352; draftkings:1.1352; williamhill:1.1322; leovegas_se:1.1311; fanduel:1.1306; betway:1.1305; pointsbetau:1.1285; mybookieag:1.123; casumo:1.1194; unibet:1.1194; tabtouch:1.1194; grosvenor:1.1194; skybet:1.1141; paddypower:1.1141; betclic_fr:1.1137; winamax_fr:1.1131; tab:1.1087; sport888:1.1053; virginbet:1.1023
Liverpool vs Leeds United,2026-01-01 12:30:00,X2,2.7099,2.5537,,,,,0.0001591115151476,38,0.0144940942526058,0.0122539558573981,betfair_ex_au,38,0.1562,3.71,0.19,EPL,Doble Chance,24.1053,betfair_ex_au:2.7099; smarkets:2.7099; betfair_ex_eu:2.7099; betfair_ex_uk:2.7099; unibet_nl:2.6937; leovegas:2.6764; unibet_se:2.6764; leovegas_se:2.6764; casumo:2.6163; unibet:2.6163; tabtouch:2.6163; grosvenor:2.6163; coolbet:2.6086; virginbet:2.5896; fanduel:2.5714; nordicbet:2.5689; betsson:2.5689; marathonbet:2.555; tipico_de:2.5456; pinnacle:2.5408; draftkings:2.5385; coral:2.5244; betmgm:2.5244; betclic_fr:2.5244; winamax_de:2.5147; unibet_uk:2.4926; tab:2.4878; skybet:2.47; betway:2.47; codere_it:2.464; pointsbetau:2.4602; bovada:2.4602; winamax_fr:2.4444; ladbrokes_uk:2.4444; sport888:2.4271; paddypower:2.4227; mybookieag:2.4133; williamhill:2.3814
Brentford vs Tottenham Hotspur,2026-01-01 15:00:00,1X,1.4184,1.3707,,,,,0.0001842474401561,38,0.0142178465110094,0.011980053896961,betfair_ex_uk,38,0.0477,1.96,0.35,EPL,Doble Chance,13.0,betfair_ex_uk:1.4184; betfair_ex_eu:1.4184; betfair_ex_au:1.4184; unibet_nl:1.4184; smarkets:1.4108; marathonbet:1.4051; unibet_se:1.4034; bovada:1.3959; coolbet:1.3928; leovegas:1.3883; leovegas_se:1.3883; unibet_uk:1.3846; draftkings:1.3846; pinnacle:1.3843; codere_it:1.3734; nordicbet:1.3732; betsson:1.3732; unibet:1.3696; grosvenor:1.3696; casumo:1.3696; tabtouch:1.3696; winamax_de:1.3655; williamhill:1.354; betway:1.354; fanduel:1.3509; pointsbetau:1.3509; coral:1.3509; betmgm:1.3509; ladbrokes_uk:1.3509; tab:1.3509; mybookieag:1.3479; betclic_fr:1.3433; paddypower:1.3357; skybet:1.3357; sport888:1.3357; virginbet:1.3357; winamax_fr:1.3319; tipico_de:1.3319
Brentford vs Tottenham Hotspur,2026-01-01 15:00:00,X2,1.7468,1.6609,,,,,0.0001468059333512,38,0.0139856041934377,0.0111273013661409,betfair_ex_uk,38,0.0859,2.36,0.35,EPL,Doble Chance,13.0,betfair_ex_uk:1.7468; betfair_ex_eu:1.7468; betfair_ex_au:1.7468; coolbet:1.7313; smarkets:1.7217; pinnacle:1.7079; unibet_nl:1.7051; nordicbet:1.68; betsson:1.68; unibet_se:1.68; tipico_de:1.6716; fanduel:1.6716; leovegas:1.669; leovegas_se:1.669; winamax_de:1.6657; unibet_uk:1.6657; draftkings:1.6657; marathonbet:1.6584; codere_it:1.6549; pointsbetau:1.6439; coral:1.6439; betmgm:1.6439; ladbrokes_uk:1.6439; unibet:1.6439; grosvenor:1.6439; casumo:1.6439; tabtouch:1.6439; tab:1.6439; betclic_fr:1.6355; mybookieag:1.6226; paddypower:1.6215; skybet:1.6215; sport888:1.6215; betway:1.6215; bovada:1.6214; winamax_fr:1.6154; virginbet:1.6078; williamhill:1.5938
Blackburn Rovers vs Wrexham AFC,2026-01-01 07:30:00,1X,1.3583,1.2843,,,,,0.000501396337212,36,0.0215929803463807,0.0146897010009427,betfair_ex_uk,36,0.074,2.75,0.65,Championship,Doble Chance,8.8923,betfair_ex_uk:1.3583; betfair_ex_eu:1.3583; betfair_ex_au:1.3583; smarkets:1.3429; draftkings:1.3125; leovegas_se:1.3054; pinnacle:1.3001; fanduel:1.2982; tab:1.2982; nordicbet:1.2976; betsson:1.2976; ladbrokes_uk:1.2928; betmgm:1.2928; coral:1.2928; coolbet:1.2908; codere_it:1.2859; unibet_uk:1.2859; paddypower:1.2833; skybet:1.2833; betway:1.2833; grosvenor:1.2756; unibet_nl:1.2756; unibet:1.2756; unibet_se:1.2756; casumo:1.2756; marathonbet:1.2741; tabtouch:1.2718; leovegas:1.2679; sport888:1.2645; williamhill:1.2645; winamax_de:1.2593; bovada:1.2568; virginbet:1.2457; tipico_de:1.2453; betclic_fr:1.1949; winamax_fr:1.1922
Blackburn Rovers vs Wrexham AFC,2026-01-01 07:30:00,X2,1.8117,1.7241,,,,,0.0001872331642763,36,0.0158763021734634,0.0127252208400096,betfair_ex_uk,36,0.0876,2.71,0.65,Championship,Doble Chance,8.8923,betfair_ex_uk:1.8117; betfair_ex_eu:1.8117; betfair_ex_au:1.7997; smarkets:1.7874; leovegas_se:1.7736; draftkings:1.7624; unibet_uk:1.7617; ladbrokes_uk:1.75; betmgm:1.75; coral:1.75; codere_it:1.7496; nordicbet:1.7496; betsson:1.7496; pinnacle:1.7495; grosvenor:1.7353; unibet_nl:1.7353; unibet:1.7353; unibet_se:1.7353; casumo:1.7353; tabtouch:1.7236; leovegas:1.7236; coolbet:1.7217; winamax_de:1.7124; marathonbet:1.7043; fanduel:1.7; tab:1.7; tipico_de:1.6985; bovada:1.6867; paddypower:1.6746; skybet:1.6746; sport888:1.6746; williamhill:1.6746; virginbet:1.6735; betway:1.65; betclic_fr:1.6298; winamax_fr:1.6124
Queens Park Rangers vs Norwich City,2026-01-01 10:00:00,1X,1.3866,1.3083,,,,,0.0005097884095616,36,0.0224379487080854,0.0177105414082748,betfair_ex_uk,36,0.0783,2.93,0.69,Championship,Doble Chance,8.3913,betfair_ex_uk:1.3866; betfair_ex_eu:1.3866; betfair_ex_au:1.3797; smarkets:1.3648; draftkings:1.353; betsson:1.3439; nordicbet:1.3439; pinnacle:1.3328; codere_it:1.3313; leovegas_se:1.3273; ladbrokes_uk:1.3263; betmgm:1.3263; coral:1.3263; betway:1.3171; tab:1.3171; coolbet:1.3125; unibet_uk:1.3125; grosvenor:1.3007; unibet_nl:1.3007; casumo:1.3007; unibet:1.3007; unibet_se:1.3007; sport888:1.2928; bovada:1.2908; tabtouch:1.2898; winamax_de:1.2859; leovegas:1.2859; williamhill:1.2833; fanduel:1.2789; skybet:1.2789; tipico_de:1.2789; marathonbet:1.2778; paddypower:1.2593; virginbet:1.2523; winamax_fr:1.2304; betclic_fr:1.2226
Queens Park Rangers vs Norwich City,2026-01-01 10:00:00,X2,1.8103,1.7059,,,,,0.0002623260324165,36,0.0187281640531053,0.0137074491438862,betfair_ex_uk,36,0.1044,3.15,0.69,Championship,Doble Chance,8.3913,betfair_ex_uk:1.8103; betfair_ex_eu:1.8103; betfair_ex_au:1.7986; smarkets:1.7867; leovegas_se:1.7624; coolbet:1.75; fanduel:1.7246; paddypower:1.7246; grosvenor:1.7246; unibet_nl:1.7246; casumo:1.7246; unibet:1.7246; unibet_se:1.7246; codere_it:1.7236; ladbrokes_uk:1.7217; betmgm:1.7217; coral:1.7217; draftkings:1.7192; marathonbet:1.7175; tabtouch:1.7124; pinnacle:1.7017; skybet:1.7; leovegas:1.6996; unibet_uk:1.6985; sport888:1.6985; betsson:1.6894; nordicbet:1.6894; virginbet:1.675; tipico_de:1.6746; winamax_de:1.6602; tab:1.6485; williamhill:1.6374; bovada:1.6366; betway:1.6215; betclic_fr:1.5814; winamax_fr:1.5734
Charlton Athletic vs Coventry City,2026-01-01 10:00:00,1X,2.0118,1.835,,,,,0.0002990561030023,36,0.0202801339645521,0.0136861182196151,betfair_ex_uk,36,0.1768,3.84,0.73,Championship,Doble Chance,8.1507,betfair_ex_uk:2.0118; betfair_ex_eu:2.0118; betfair_ex_au:2.0118; smarkets:1.9747; pinnacle:1.8743; coolbet:1.8667; codere_it:1.8604; marathonbet:1.8501; draftkings:1.8497; unibet_uk:1.8486; leovegas_se:1.847; nordicbet:1.845; betsson:1.845; fanduel:1.8446; betmgm:1.8247; coral:1.8247; paddypower:1.8219; casumo:1.8219; unibet_nl:1.8219; unibet:1.8219; unibet_se:1.8219; grosvenor:1.8219; tipico_de:1.8219; tabtouch:1.8103; betway:1.8; bovada:1.7997; ladbrokes_uk:1.7986; tab:1.7986; leovegas:1.7969; skybet:1.7944; sport888:1.7944; winamax_de:1.7867; williamhill:1.7832; virginbet:1.7603; betclic_fr:1.7056; winamax_fr:1.6867
Charlton Athletic vs Coventry City,2026-01-01 10:00:00,X2,1.31,1.2471,,,,,0.0005589628458253,36,0.0217937550527295,0.0164685746420031,betfair_ex_uk,36,0.0629,2.68,0.73,Championship,Doble Chance,8.1507,betfair_ex_uk:1.31; betfair_ex_eu:1.31; betfair_ex_au:1.3055; smarkets:1.2866; nordicbet:1.2801; betsson:1.2801; betmgm:1.2774; draftkings:1.271; leovegas_se:1.2669; pinnacle:1.266; coral:1.2649; codere_it:1.2649; unibet_uk:1.2649; coolbet:1.2523; ladbrokes_uk:1.2523; unibet:1.2523; casumo:1.2482; unibet_nl:1.2482; unibet_se:1.2482; grosvenor:1.2482; betway:1.2479; tabtouch:1.244; tab:1.2399; leovegas:1.2376; paddypower:1.2357; bovada:1.2291; skybet:1.223; winamax_de:1.223; sport888:1.223; williamhill:1.223; marathonbet:1.2206; virginbet:1.2106; tipico_de:1.2103; fanduel:1.2017; winamax_fr:1.1647; betclic_fr:1.1647
Sheffield United vs Leicester City,2026-01-01 12:30:00,1X,1.265,1.2067,,,,,0.0005072564304948,36,0.0196296156237757,0.0140610659570242,betfair_ex_uk,36,0.0583,2.35,0.79,Championship,Doble Chance,7.2785,betfair_ex_uk:1.265; betfair_ex_eu:1.265; betfair_ex_au:1.265; smarkets:1.2459; draftkings:1.2316; pinnacle:1.2269; betsson:1.2251; nordicbet:1.2251; tab:1.2214; leovegas_se:1.2189; unibet_uk:1.2162; betmgm:1.2162; coral:1.2162; codere_it:1.2154; ladbrokes_uk:1.2109; williamhill:1.2109; coolbet:1.2071; betway:1.2024; sport888:1.2; casumo:1.2; unibet_nl:1.2; unibet_se:1.2; grosvenor:1.2; unibet:1.2; marathonbet:1.1999; paddypower:1.1982; fanduel:1.1935; skybet:1.1932; bovada:1.1932; winamax_de:1.1927; tabtouch:1.19; leovegas:1.1856; tipico_de:1.1742; virginbet:1.1655; winamax_fr:1.1388; betclic_fr:1.1322
Sheffield United vs Leicester City,2026-01-01 12:30:00,X2,2.1395,1.9821,,,,,0.0002446853328522,36,0.018403515280534,0.0136399058222055,betfair_ex_uk,36,0.1574,3.67,0.79,Championship,Doble Chance,7.2785,betfair_ex_uk:2.1395; betfair_ex_eu:2.1395; betfair_ex_au:2.1395; smarkets:2.1036; coolbet:2.0455; draftkings:2.0451; betsson:2.0419; nordicbet:2.0419; pinnacle:2.0245; betmgm:2.0096; coral:2.0096; paddypower:1.995; fanduel:1.995; leovegas_se:1.995; unibet_uk:1.9811; skybet:1.9811; ladbrokes_uk:1.9671; codere_it:1.9671; tipico_de:1.9671; casumo:1.9595; unibet_nl:1.9595; unibet_se:1.9595; grosvenor:1.9595; unibet:1.9595; marathonbet:1.95; tab:1.9487; bovada:1.9471; winamax_de:1.9449; tabtouch:1.9446; betway:1.9355; leovegas:1.9343; williamhill:1.9221; virginbet:1.9042; sport888:1.8947; betclic_fr:1.825; winamax_fr:1.8195
Crystal Palace vs Fulham,2026-01-01 12:30:00,1X,1.3728,1.318,,,,,0.0002080068018709,38,0.0146208979474238,0.0112527307843911,betfair_ex_uk,38,0.0548,1.96,0.62,EPL,Doble Chance,7.0968,betfair_ex_uk:1.3728; betfair_ex_au:1.3728; betfair_ex_eu:1.3728; smarkets:1.3728; coolbet:1.3571; unibet_se:1.3467; unibet_nl:1.3467; marathonbet:1.3404; leovegas:1.3279; draftkings:1.3279; pinnacle:1.3227; nordicbet:1.3206; betsson:1.3206; leovegas_se:1.3206; fanduel:1.32; betway:1.32; winamax_de:1.3171; betmgm:1.3171; ladbrokes_uk:1.3171; coral:1.3171; codere_it:1.3169; unibet_uk:1.3095; unibet:1.3055; tabtouch:1.3055; grosvenor:1.3055; casumo:1.3055; tipico_de:1.3018; pointsbetau:1.3018; mybookieag:1.2945; paddypower:1.294; sport888:1.294; williamhill:1.294; betclic_fr:1.2938; bovada:1.2908; skybet:1.286; tab:1.286; winamax_fr:1.2833; virginbet:1.2831
Crystal Palace vs Fulham,2026-01-01 12:30:00,X2,1.7617,1.6928,,,,,0.0001206892743983,38,0.0127188787633373,0.0105359375169791,betfair_ex_uk,38,0.0689,2.16,0.62,EPL,Doble Chance,7.0968,betfair_ex_uk:1.7617; betfair_ex_au:1.7617; betfair_ex_eu:1.7617; smarkets:1.7496; coolbet:1.7371; unibet_se:1.7367; unibet_nl:1.7367; pinnacle:1.7302; marathonbet:1.7143; nordicbet:1.7117; betsson:1.7117; leovegas_se:1.7117; leovegas:1.7117; bovada:1.7102; winamax_de:1.7; codere_it:1.6996; unibet_uk:1.6996; draftkings:1.6996; unibet:1.6867; tabtouch:1.6867; grosvenor:1.6867; casumo:1.6867; betclic_fr:1.6749; fanduel:1.6746; tipico_de:1.6746; pointsbetau:1.6746; betmgm:1.6746; ladbrokes_uk:1.6746; coral:1.6746; mybookieag:1.6649; virginbet:1.6617; winamax_fr:1.65; betway:1.65; tab:1.6485; paddypower:1.6374; sport888:1.6374; williamhill:1.6374; skybet:1.6246
Bristol City vs Portsmouth,2026-01-01 10:00:00,1X,1.2314,1.1746,,,,,0.000620421975676,36,0.0203627769149185,0.0148375335686272,betfair_ex_uk,36,0.0568,2.37,0.82,Championship,Doble Chance,7.0122,betfair_ex_uk:1.2314; betfair_ex_eu:1.2314; betfair_ex_au:1.2314; leovegas_se:1.1984; coral:1.1982; smarkets:1.1979; codere_it:1.1936; betmgm:1.1935; draftkings:1.1934; ladbrokes_uk:1.1932; coolbet:1.1932; unibet_uk:1.1888; pinnacle:1.1818; betsson:1.1778; nordicbet:1.1778; sport888:1.1776; williamhill:1.1776; unibet:1.1697; unibet_se:1.1697; tabtouch:1.1697; grosvenor:1.1697; unibet_nl:1.1697; casumo:1.1697; fanduel:1.1693; betway:1.1685; winamax_de:1.165; skybet:1.1601; paddypower:1.1601; marathonbet:1.1601; leovegas:1.1554; bovada:1.1553; tab:1.1505; tipico_de:1.1411; virginbet:1.1363; winamax_fr:1.1074; betclic_fr:1.1027
Bristol City vs Portsmouth,2026-01-01 10:00:00,X2,2.2728,2.0969,,,,,0.0002644860480134,36,0.0191169669040721,0.0134915736740283,betfair_ex_uk,36,0.1759,4.0,0.82,Championship,Doble Chance,7.0122,betfair_ex_uk:2.2728; betfair_ex_eu:2.2728; betfair_ex_au:2.2728; smarkets:2.2222; betsson:2.1859; nordicbet:2.1859; pinnacle:2.1628; leovegas_se:2.156; draftkings:2.1462; fanduel:2.1314; codere_it:2.1164; tab:2.1111; coolbet:2.0956; unibet:2.0956; unibet_se:2.0956; tabtouch:2.0956; grosvenor:2.0956; unibet_nl:2.0956; casumo:2.0956; bovada:2.0911; unibet_uk:2.081; marathonbet:2.0799; virginbet:2.0702; leovegas:2.0702; tipico_de:2.0702; winamax_de:2.0602; skybet:2.0602; coral:2.0602; betmgm:2.0602; paddypower:2.0602; ladbrokes_uk:2.0245; betway:2.0; williamhill:2.0; sport888:1.9657; betclic_fr:1.9194; winamax_fr:1.9091
Derby County vs Middlesbrough,2026-01-01 10:00:00,1X,1.6602,1.5669,,,,,0.0002903222761185,36,0.0192075092646816,0.0131535274023531,betfair_ex_uk,36,0.0933,2.99,0.89,Championship,Doble Chance,6.2921,betfair_ex_uk:1.6602; betfair_ex_eu:1.6602; betfair_ex_au:1.6602; smarkets:1.6485; pinnacle:1.6137; nordicbet:1.6042; betsson:1.6042; leovegas_se:1.5996; fanduel:1.5984; draftkings:1.5965; coolbet:1.5746; paddypower:1.5714; grosvenor:1.5616; unibet_nl:1.5616; casumo:1.5616; unibet:1.5616; unibet_se:1.5616; ladbrokes_uk:1.56; betmgm:1.56; unibet_uk:1.56; coral:1.56; codere_it:1.56; skybet:1.56; tab:1.56; marathonbet:1.5594; tipico_de:1.55; leovegas:1.5496; tabtouch:1.5496; betway:1.5484; bovada:1.5484; sport888:1.5246; williamhill:1.5246; virginbet:1.5246; winamax_de:1.5074; betclic_fr:1.4552; winamax_fr:1.4461
Derby County vs Middlesbrough,2026-01-01 10:00:00,X2,1.436,1.3601,,,,,0.0003775408135033,36,0.0200887431223006,0.0153245775249216,betfair_ex_uk,36,0.0759,2.72,0.89,Championship,Doble Chance,6.2921,betfair_ex_uk:1.436; betfair_ex_eu:1.436; betfair_ex_au:1.436; smarkets:1.4137; leovegas_se:1.3904; codere_it:1.3871; draftkings:1.3811; betmgm:1.3805; unibet_uk:1.3805; coral:1.3805; nordicbet:1.3759; betsson:1.3759; coolbet:1.3714; ladbrokes_uk:1.3706; pinnacle:1.3691; grosvenor:1.3649; unibet_nl:1.3649; casumo:1.3649; unibet:1.3649; unibet_se:1.3649; fanduel:1.3554; paddypower:1.3554; skybet:1.3468; tab:1.3468; leovegas:1.3459; tabtouch:1.3459; marathonbet:1.3414; winamax_de:1.3382; betway:1.3382; bovada:1.3245; williamhill:1.3204; tipico_de:1.3204; virginbet:1.3138; sport888:1.3019; betclic_fr:1.2813; winamax_fr:1.2781
Auckland FC vs Newcastle Jets FC,2025-12-31 23:00:00,1X,1.2625,1.1995,,,,,0.0007997819697529,32,0.0243565280899901,0.0200008802479789,betfair_ex_au,32,0.063,2.9,0.95,A-League,Doble Chance,5.8,betfair_ex_au:1.2625; betfair_ex_eu:1.2625; betfair_ex_uk:1.2625; smarkets:1.2444; pinnacle:1.2342; coolbet:1.2275; coral:1.2262; pointsbetau:1.2235; ladbrokes_uk:1.2207; betmgm:1.2156; bovada:1.2143; tab:1.2143; draftkings:1.2132; codere_it:1.2102; unibet_uk:1.2102; betsson:1.204; nordicbet:1.204; sport888:1.1984; paddypower:1.1949; marathonbet:1.1816; williamhill:1.1781; leovegas_se:1.1743; leovegas:1.1743; winamax_de:1.1714; grosvenor:1.1691; unibet_nl:1.1691; unibet:1.1691; casumo:1.1691; unibet_se:1.1691; tabtouch:1.1691; winamax_fr:1.1245; virginbet:1.1223
Auckland FC vs Newcastle Jets FC,2025-12-31 23:00:00,X2,2.3,2.1489,,,,,0.0002581508058827,32,0.0188726064074724,0.0147170953403612,betfair_ex_au,32,0.1511,3.99,0.95,A-League,Doble Chance,5.8,betfair_ex_au:2.3; betfair_ex_eu:2.3; betfair_ex_uk:2.3; smarkets:2.2747; leovegas_se:2.218; leovegas:2.218; unibet:2.218; pointsbetau:2.1989; grosvenor:2.1955; unibet_nl:2.1955; casumo:2.1955; unibet_se:2.1955; tabtouch:2.1955; pinnacle:2.1597; coolbet:2.1497; coral:2.1488; marathonbet:2.1339; paddypower:2.132; tab:2.125; codere_it:2.1247; draftkings:2.1247; virginbet:2.1176; unibet_uk:2.1; betsson:2.0997; nordicbet:2.0997; bovada:2.0997; ladbrokes_uk:2.0792; betmgm:2.0792; williamhill:2.0488; winamax_de:2.0247; sport888:1.9747; winamax_fr:1.9374
Central Coast Mariners vs Brisbane Roar,2025-12-31 03:00:00,1X,1.7874,1.692,,,,,0.0001946755496851,32,0.0161781391413476,0.0125338271512082,betfair_ex_eu,32,0.0954,2.79,0.99,A-League,Doble Chance,5.5354,betfair_ex_eu:1.7874; betfair_ex_au:1.7874; betfair_ex_uk:1.7874; coolbet:1.7874; smarkets:1.7624; pinnacle:1.7571; codere_it:1.7124; bovada:1.7117; unibet_uk:1.7; paddypower:1.6985; leovegas:1.6985; leovegas_se:1.6985; draftkings:1.6874; unibet:1.6867; marathonbet:1.6825; sport888:1.6746; coral:1.6746; pointsbetau:1.6746; tabtouch:1.6735; casumo:1.6735; unibet_nl:1.6735; grosvenor:1.6735; unibet_se:1.6735; tab:1.6617; ladbrokes_uk:1.6617; betmgm:1.6617; winamax_de:1.6496; betsson:1.6496; nordicbet:1.6496; williamhill:1.6374; virginbet:1.6235; winamax_fr:1.6124
Central Coast Mariners vs Brisbane Roar,2025-12-31 03:00:00,X2,1.3732,1.2988,,,,,0.0004081470019914,32,0.0200489299394036,0.0150525463614413,betfair_ex_eu,32,0.0744,2.63,0.99,A-League,Doble Chance,5.5354,betfair_ex_eu:1.3732; betfair_ex_au:1.3732; betfair_ex_uk:1.3732; smarkets:1.3506; pinnacle:1.326; draftkings:1.3171; tab:1.3171; coral:1.3171; ladbrokes_uk:1.3171; betmgm:1.3171; pointsbetau:1.3171; betsson:1.2984; nordicbet:1.2984; codere_it:1.2982; williamhill:1.294; marathonbet:1.2914; winamax_de:1.2908; leovegas:1.2908; leovegas_se:1.2908; unibet_uk:1.2905; coolbet:1.2857; unibet:1.2833; bovada:1.2832; tabtouch:1.2757; casumo:1.2757; unibet_nl:1.2757; grosvenor:1.2757; unibet_se:1.2757; paddypower:1.2645; sport888:1.2645; virginbet:1.2308; winamax_fr:1.2304
Sunderland vs Manchester City,2026-01-01 15:00:00,1X,3.2406,2.988,,,,,0.0001949242206968,38,0.0155311416960781,0.0120459433192054,betfair_ex_eu,38,0.2526,4.61,0.79,EPL,Doble Chance,5.3924,betfair_ex_eu:3.2406; betfair_ex_au:3.2406; betfair_ex_uk:3.2406; smarkets:3.2015; nordicbet:3.1633; betsson:3.1633; tipico_de:3.12; unibet_nl:3.1082; pinnacle:3.0944; marathonbet:3.0531; leovegas:3.0388; unibet_se:3.0388; winamax_de:3.0357; coolbet:3.0094; unibet_uk:3.0; betway:3.0; tabtouch:3.0; leovegas_se:3.0; grosvenor:3.0; casumo:3.0; unibet:3.0; draftkings:3.0; codere_it:2.9839; virginbet:2.9804; tab:2.9804; fanduel:2.9637; paddypower:2.9082; betclic_fr:2.906; mybookieag:2.88; coral:2.8512; winamax_fr:2.8475; skybet:2.8298; pointsbetau:2.8298; betmgm:2.8143; williamhill:2.7759; sport888:2.7759; ladbrokes_uk:2.7759; bovada:2.6937
Sunderland vs Manchester City,2026-01-01 15:00:00,X2,1.1216,1.0872,,,,,0.0006674880968054,38,0.0162342111688898,0.0131406132284867,betfair_ex_eu,38,0.0344,1.76,0.79,EPL,Doble Chance,5.3924,betfair_ex_eu:1.1216; betfair_ex_au:1.1216; betfair_ex_uk:1.1216; coolbet:1.1189; smarkets:1.1107; bovada:1.1083; unibet_se:1.107; unibet_nl:1.107; pinnacle:1.1012; marathonbet:1.1009; coral:1.0967; leovegas:1.0949; unibet_uk:1.0938; codere_it:1.0938; draftkings:1.0938; pointsbetau:1.0932; leovegas_se:1.0899; nordicbet:1.0884; betsson:1.0884; winamax_de:1.0861; tabtouch:1.0839; grosvenor:1.0839; casumo:1.0839; unibet:1.0839; betway:1.0815; fanduel:1.0768; williamhill:1.0733; sport888:1.0733; ladbrokes_uk:1.0733; betmgm:1.0733; tipico_de:1.0718; mybookieag:1.0718; betclic_fr:1.0682; winamax_fr:1.0597; paddypower:1.0573; skybet:1.0573; virginbet:1.0512; tab:1.0512
Southampton vs Millwall,2026-01-01 10:00:00,1X,1.2461,1.1974,,,,,0.0005593512600915,36,0.0202227434321982,0.0162411322425853,betfair_ex_uk,36,0.0487,2.39,1.08,Championship,Doble Chance,5.0648,betfair_ex_uk:1.2461; betfair_ex_eu:1.2461; betfair_ex_au:1.2461; coral:1.2316; smarkets:1.2271; draftkings:1.227; nordicbet:1.2251; betsson:1.2251; coolbet:1.222; betmgm:1.2175; leovegas_se:1.2172; codere_it:1.2168; pinnacle:1.2137; unibet_uk:1.2122; betway:1.2024; williamhill:1.2; ladbrokes_uk:1.1982; casumo:1.1885; grosvenor:1.1885; unibet_se:1.1885; unibet_nl:1.1885; unibet:1.1885; tab:1.1881; bovada:1.1841; paddypower:1.1839; skybet:1.1839; tabtouch:1.1839; fanduel:1.1793; marathonbet:1.1788; sport888:1.1776; winamax_de:1.1742; leovegas:1.1742; tipico_de:1.1648; virginbet:1.1645; winamax_fr:1.126; betclic_fr:1.126
Southampton vs Millwall,2026-01-01 10:00:00,X2,2.1818,2.0275,,,,,0.0002462705350206,36,0.0184631373835108,0.0131718686316344,betfair_ex_uk,36,0.1543,3.71,1.08,Championship,Doble Chance,5.0648,betfair_ex_uk:2.1818; betfair_ex_eu:2.1818; betfair_ex_au:2.1818; smarkets:2.1462; leovegas_se:2.0959; coolbet:2.0856; draftkings:2.0723; fanduel:2.0602; pinnacle:2.0524; paddypower:2.0455; skybet:2.0455; casumo:2.0455; grosvenor:2.0455; unibet_se:2.0455; unibet_nl:2.0455; unibet:2.0455; nordicbet:2.0419; betsson:2.0419; marathonbet:2.0305; tabtouch:2.0245; betmgm:2.0222; coral:2.0222; codere_it:2.0173; leovegas:2.0099; tipico_de:2.0099; unibet_uk:2.0062; ladbrokes_uk:1.995; bovada:1.9836; tab:1.978; virginbet:1.9742; winamax_de:1.9449; sport888:1.9385; williamhill:1.9385; betway:1.9355; betclic_fr:1.8557; winamax_fr:1.8446
Preston North End vs Sheffield Wednesday,2026-01-01 10:00:00,1X,1.1407,1.1031,,,,,0.0010879993402761,33,0.0212562950192207,0.0161139312800418,betfair_ex_uk,33,0.0376,2.31,1.18,Championship,Doble Chance,4.7542,betfair_ex_uk:1.1407; betfair_ex_eu:1.1407; betfair_ex_au:1.1407; codere_it:1.1339; leovegas_se:1.1285; unibet_uk:1.1268; smarkets:1.123; coolbet:1.1215; ladbrokes_uk:1.1215; betmgm:1.1215; coral:1.1215; pinnacle:1.1176; tab:1.1087; betway:1.1053; unibet_nl:1.1053; grosvenor:1.1053; unibet:1.1053; unibet_se:1.1053; casumo:1.1053; marathonbet:1.1036; winamax_de:1.0998; tabtouch:1.0998; sport888:1.0989; williamhill:1.0989; bovada:1.0964; leovegas:1.0944; tipico_de:1.082; virginbet:1.0713; fanduel:1.0668; paddypower:1.0588; skybet:1.0588; winamax_fr:1.048; betclic_fr:1.048
Preston North End vs Sheffield Wednesday,2026-01-01 10:00:00,X2,2.7593,2.4978,,,,,0.0002910733529317,33,0.0196722700281585,0.0142596221986806,betfair_ex_uk,33,0.2615,4.95,1.18,Championship,Doble Chance,4.7542,betfair_ex_uk:2.7593; betfair_ex_eu:2.7593; betfair_ex_au:2.7593; smarkets:2.7197; fanduel:2.625; leovegas_se:2.572; paddypower:2.5455; skybet:2.5455; pinnacle:2.5357; coolbet:2.512; unibet_nl:2.512; grosvenor:2.512; unibet:2.512; unibet_se:2.512; tabtouch:2.512; leovegas:2.512; casumo:2.512; codere_it:2.5049; tab:2.4878; unibet_uk:2.4706; tipico_de:2.468; winamax_de:2.436; marathonbet:2.4356; ladbrokes_uk:2.4271; betmgm:2.4271; coral:2.4271; betway:2.4271; bovada:2.4104; virginbet:2.3819; sport888:2.3636; williamhill:2.3636; betclic_fr:2.2476; winamax_fr:2.2301
Ipswich Town vs Oxford United,2026-01-01 10:00:00,1X,1.0813,1.0448,,,,,0.0012360630130148,34,0.0164332615354055,0.0141124839485654,betfair_ex_uk,34,0.0365,1.73,1.18,Championship,Doble Chance,4.5339,betfair_ex_uk:1.0813; betfair_ex_eu:1.0813; betfair_ex_au:1.0813; smarkets:1.071; coral:1.0612; ladbrokes_uk:1.0612; betmgm:1.0612; unibet_uk:1.0612; leovegas_se:1.0612; draftkings:1.0548; pinnacle:1.0544; nordicbet:1.0542; betsson:1.0542; codere_it:1.0528; coolbet:1.042; sport888:1.0414; betway:1.0391; fanduel:1.0375; unibet_se:1.0359; unibet:1.0359; tabtouch:1.0359; casumo:1.0359; grosvenor:1.0359; unibet_nl:1.0359; bovada:1.0339; tab:1.0317; marathonbet:1.0296; winamax_de:1.0296; leovegas:1.0296; skybet:1.0254; paddypower:1.0254; williamhill:1.023; tipico_de:1.0191; virginbet:1.0105
Ipswich Town vs Oxford United,2026-01-01 10:00:00,X2,3.7661,3.3682,,,,,0.0001736749171954,34,0.0141068302239306,0.0101564682523207,betfair_ex_uk,34,0.3979,4.94,1.18,Championship,Doble Chance,4.5339,betfair_ex_uk:3.7661; betfair_ex_eu:3.7661; betfair_ex_au:3.7661; smarkets:3.6667; coolbet:3.5538; nordicbet:3.474; betsson:3.474; leovegas_se:3.4426; fanduel:3.402; unibet_uk:3.3814; draftkings:3.3814; codere_it:3.373; pinnacle:3.3645; paddypower:3.3333; tab:3.3333; unibet_se:3.3185; unibet:3.3185; tabtouch:3.3185; casumo:3.3185; leovegas:3.3185; grosvenor:3.3185; unibet_nl:3.3185; coral:3.3158; ladbrokes_uk:3.3158; betmgm:3.3158; marathonbet:3.3; skybet:3.2759; tipico_de:3.2759; winamax_de:3.2553; bovada:3.202; williamhill:3.1888; virginbet:3.1888; sport888:3.1304; betway:3.0472
Reading vs Burton Albion,2026-01-01 10:00:00,1X,1.3115,1.2468,,,,,0.0003606728113611,33,0.0180053652298756,0.0139415677822009,betfair_ex_au,33,0.0647,2.29,1.25,League 1,Doble Chance,4.52,betfair_ex_au:1.3115; betfair_ex_eu:1.3115; betfair_ex_uk:1.3115; smarkets:1.2955; ladbrokes_uk:1.2727; coral:1.2727; draftkings:1.2661; codere_it:1.262; coolbet:1.2593; unibet_uk:1.258; pinnacle:1.2515; betmgm:1.2513; leovegas:1.2479; nordicbet:1.2461; betsson:1.2461; pointsbetau:1.2453; paddypower:1.2453; williamhill:1.2453; betway:1.2393; sport888:1.2381; tipico_de:1.2311; marathonbet:1.2271; unibet:1.223; unibet_se:1.223; grosvenor:1.223; casumo:1.223; tabtouch:1.223; unibet_nl:1.223; tab:1.2189; leovegas_se:1.2188; skybet:1.2187; bovada:1.2164; virginbet:1.2
Reading vs Burton Albion,2026-01-01 10:00:00,X2,1.8808,1.7986,,,,,0.0001927979239722,33,0.0162326944392288,0.0138470583916022,betfair_ex_au,33,0.0822,2.9,1.25,League 1,Doble Chance,4.52,betfair_ex_au:1.8808; betfair_ex_eu:1.8808; betfair_ex_uk:1.8808; leovegas:1.872; smarkets:1.8697; pinnacle:1.8497; unibet:1.8333; unibet_se:1.8333; grosvenor:1.8333; casumo:1.8333; leovegas_se:1.8333; tabtouch:1.8333; unibet_nl:1.8333; marathonbet:1.8121; nordicbet:1.8117; betsson:1.8117; virginbet:1.8083; coral:1.7986; codere_it:1.7969; unibet_uk:1.7969; ladbrokes_uk:1.7746; tipico_de:1.7718; paddypower:1.7662; draftkings:1.7617; coolbet:1.7486; betmgm:1.7486; tab:1.7486; bovada:1.7468; betway:1.7246; pointsbetau:1.7217; williamhill:1.7217; skybet:1.708; sport888:1.708
Swansea City vs West Bromwich Albion,2026-01-01 10:00:00,1X,1.5658,1.4651,,,,,0.0003584887532962,36,0.0207413740899006,0.0149612525334499,betfair_ex_uk,36,0.1007,3.06,1.18,Championship,Doble Chance,4.5,betfair_ex_uk:1.5658; betfair_ex_eu:1.5658; betfair_ex_au:1.5658; smarkets:1.5435; coolbet:1.4963; leovegas_se:1.4933; draftkings:1.4933; betsson:1.4925; nordicbet:1.4925; pinnacle:1.4876; codere_it:1.4748; unibet_uk:1.4748; fanduel:1.4712; skybet:1.4712; paddypower:1.4712; betway:1.4644; casumo:1.4573; tabtouch:1.4573; grosvenor:1.4573; unibet_se:1.4573; unibet_nl:1.4573; unibet:1.4573; marathonbet:1.456; coral:1.4506; ladbrokes_uk:1.4444; betmgm:1.4444; williamhill:1.4431; leovegas:1.4431; tab:1.4431; bovada:1.4431; winamax_de:1.4243; tipico_de:1.4211; sport888:1.414; virginbet:1.4071; betclic_fr:1.3767; winamax_fr:1.3636
Swansea City vs West Bromwich Albion,2026-01-01 10:00:00,X2,1.4889,1.4325,,,,,0.0002579993803006,36,0.0172513801299883,0.0134394163759163,betfair_ex_uk,36,0.0564,2.44,1.18,Championship,Doble Chance,4.5,betfair_ex_uk:1.4889; betfair_ex_eu:1.4889; betfair_ex_au:1.4889; coral:1.4748; ladbrokes_uk:1.4748; betmgm:1.4748; smarkets:1.4728; leovegas_se:1.4644; codere_it:1.4597; unibet_uk:1.4597; pinnacle:1.4496; draftkings:1.4496; betsson:1.4475; nordicbet:1.4475; sport888:1.4431; casumo:1.4287; grosvenor:1.4287; unibet_se:1.4287; unibet_nl:1.4287; unibet:1.4287; coolbet:1.4243; tabtouch:1.4229; leovegas:1.4229; williamhill:1.4199; marathonbet:1.4152; fanduel:1.414; skybet:1.414; paddypower:1.414; tab:1.414; winamax_de:1.4092; bovada:1.4051; betway:1.4035; tipico_de:1.3929; virginbet:1.3784; winamax_fr:1.3486; betclic_fr:1.3435
Watford vs Birmingham City,2026-01-01 10:00:00,X2,1.6602,1.5576,,,,,0.0003596295441951,34,0.0213544656033367,0.0167258185060034,betfair_ex_uk,34,0.1026,3.32,1.22,Championship,Doble Chance,4.3361,betfair_ex_uk:1.6602; betfair_ex_eu:1.6602; betfair_ex_au:1.6602; smarkets:1.6215; nordicbet:1.6116; betsson:1.6116; pinnacle:1.6053; draftkings:1.5902; codere_it:1.5795; betmgm:1.5795; coolbet:1.5714; fanduel:1.5714; paddypower:1.5714; coral:1.5651; ladbrokes_uk:1.5651; unibet_uk:1.5651; leovegas_se:1.5651; tab:1.5651; skybet:1.56; bovada:1.5435; marathonbet:1.5363; williamhill:1.5325; unibet_se:1.5293; unibet:1.5293; grosvenor:1.5293; casumo:1.5293; unibet_nl:1.5293; betway:1.5148; tabtouch:1.5148; leovegas:1.5148; sport888:1.4983; virginbet:1.4748; betclic_fr:1.4625; winamax_fr:1.4392
Hull City vs Stoke City,2026-01-01 10:00:00,1X,1.436,1.3645,,,,,0.0004183684562254,36,0.0210974217546226,0.015892447912088,betfair_ex_uk,36,0.0715,2.84,1.38,Championship,Doble Chance,3.7174,betfair_ex_uk:1.436; betfair_ex_eu:1.436; smarkets:1.4307; betfair_ex_au:1.4292; draftkings:1.4069; betsson:1.3999; nordicbet:1.3999; pinnacle:1.391; betmgm:1.3896; codere_it:1.3846; unibet_uk:1.3827; coolbet:1.3805; fanduel:1.3726; leovegas_se:1.3726; ladbrokes_uk:1.3719; coral:1.3719; tab:1.3714; williamhill:1.3649; marathonbet:1.3583; paddypower:1.3554; casumo:1.3537; unibet_nl:1.3537; unibet:1.3537; unibet_se:1.3537; grosvenor:1.3537; skybet:1.3468; tabtouch:1.3468; bovada:1.3426; betway:1.3382; leovegas:1.3382; tipico_de:1.3382; winamax_de:1.3295; sport888:1.3204; virginbet:1.3125; winamax_fr:1.2695; betclic_fr:1.2662
Hull City vs Stoke City,2026-01-01 10:00:00,X2,1.6466,1.5709,,,,,0.0002211807575039,36,0.0167896224744417,0.0131080469115788,betfair_ex_uk,36,0.0757,2.61,1.38,Championship,Doble Chance,3.7174,betfair_ex_uk:1.6466; betfair_ex_eu:1.6466; betfair_ex_au:1.6466; smarkets:1.6298; leovegas_se:1.6116; codere_it:1.5965; ladbrokes_uk:1.5938; coral:1.5938; betmgm:1.5938; draftkings:1.5938; coolbet:1.5866; casumo:1.5866; unibet_nl:1.5866; unibet:1.5866; unibet_se:1.5866; tabtouch:1.5866; grosvenor:1.5866; unibet_uk:1.585; pinnacle:1.5773; fanduel:1.5714; paddypower:1.5714; betsson:1.5665; nordicbet:1.5665; leovegas:1.5616; skybet:1.56; betway:1.5484; marathonbet:1.543; virginbet:1.5366; tipico_de:1.535; winamax_de:1.5325; sport888:1.5246; williamhill:1.5213; tab:1.5213; bovada:1.518; betclic_fr:1.4803; winamax_fr:1.4712
Western Sydney Wanderers vs Macarthur FC,2026-01-01 03:00:00,1X,1.2973,1.232,,,,,0.0005864579113588,32,0.0222034206467655,0.0178116377775007,betfair_ex_au,32,0.0653,2.74,1.47,A-League,Doble Chance,3.5646,betfair_ex_au:1.2973; betfair_ex_eu:1.2973; betfair_ex_uk:1.2973; smarkets:1.2875; coral:1.2711; coolbet:1.2533; pointsbetau:1.2533; codere_it:1.2496; betmgm:1.2478; pinnacle:1.2464; ladbrokes_uk:1.2442; tab:1.2442; unibet_uk:1.2397; paddypower:1.2388; bovada:1.2388; marathonbet:1.2376; draftkings:1.2298; sport888:1.222; williamhill:1.222; betsson:1.2199; nordicbet:1.2199; leovegas_se:1.2162; leovegas:1.2162; winamax_de:1.2071; unibet:1.2071; unibet_se:1.1973; unibet_nl:1.1973; casumo:1.1973; grosvenor:1.1973; tabtouch:1.1973; winamax_fr:1.1677; virginbet:1.1639
Western Sydney Wanderers vs Macarthur FC,2026-01-01 03:00:00,X2,2.0247,1.9224,,,,,0.0001821703323725,32,0.015862717089769,0.012273264265893,betfair_ex_au,32,0.1023,3.0,1.47,A-League,Doble Chance,3.5646,betfair_ex_au:2.0247; betfair_ex_eu:2.0247; betfair_ex_uk:2.0247; smarkets:1.9874; leovegas_se:1.9811; leovegas:1.9811; pinnacle:1.9587; unibet:1.9586; pointsbetau:1.9487; unibet_se:1.9449; unibet_nl:1.9449; casumo:1.9449; grosvenor:1.9449; tabtouch:1.9449; coolbet:1.9368; codere_it:1.925; tab:1.9247; betsson:1.9105; nordicbet:1.9105; coral:1.9; unibet_uk:1.9; draftkings:1.8997; bovada:1.8997; virginbet:1.8947; marathonbet:1.89; paddypower:1.8874; ladbrokes_uk:1.8874; betmgm:1.8624; winamax_de:1.8497; williamhill:1.8367; sport888:1.8247; winamax_fr:1.7624
Wigan Athletic vs Barnsley,2026-01-01 10:00:00,1X,1.369,1.3019,,,,,0.00026627123194,33,0.016388026538677,0.0122249956092494,betfair_ex_uk,33,0.0671,2.18,1.62,League 1,Doble Chance,3.5247,betfair_ex_uk:1.369; betfair_ex_eu:1.369; betfair_ex_au:1.369; smarkets:1.3558; pinnacle:1.337; sport888:1.3171; leovegas:1.3128; ladbrokes_uk:1.3125; coral:1.3125; codere_it:1.3093; unibet_uk:1.3054; williamhill:1.3018; betmgm:1.2982; nordicbet:1.2976; betsson:1.2976; marathonbet:1.2961; draftkings:1.2928; coolbet:1.2908; bovada:1.2908; unibet:1.2904; casumo:1.2904; tabtouch:1.2904; unibet_nl:1.2904; grosvenor:1.2904; unibet_se:1.2904; paddypower:1.2833; leovegas_se:1.2831; tipico_de:1.2789; pointsbetau:1.2757; betway:1.2757; virginbet:1.2679; tab:1.2645; skybet:1.2571
Wigan Athletic vs Barnsley,2026-01-01 10:00:00,X2,1.8219,1.6697,,,,,0.0003589576276917,33,0.0219350882773416,0.0168800783139792,betfair_ex_uk,33,0.1522,3.81,1.62,League 1,Doble Chance,3.5247,betfair_ex_uk:1.8219; betfair_ex_eu:1.8219; betfair_ex_au:1.8219; smarkets:1.7853; pinnacle:1.723; codere_it:1.6996; unibet_uk:1.6996; ladbrokes_uk:1.6985; coral:1.6985; draftkings:1.6852; betmgm:1.6746; coolbet:1.6746; paddypower:1.6746; tipico_de:1.6746; nordicbet:1.6735; betsson:1.6735; marathonbet:1.6699; pointsbetau:1.6617; leovegas:1.6374; skybet:1.6374; williamhill:1.6374; bovada:1.6366; betway:1.625; tab:1.6246; unibet:1.6124; casumo:1.6124; leovegas_se:1.6124; tabtouch:1.6124; unibet_nl:1.6124; grosvenor:1.6124; unibet_se:1.6124; sport888:1.5938; virginbet:1.5874
Leyton Orient vs Wimbledon,2026-01-01 10:00:00,1X,1.3058,1.2446,,,,,0.0003378241279127,33,0.0173636572452433,0.013624229313716,betfair_ex_au,33,0.0612,2.2,1.9,League 1,Doble Chance,2.6684,betfair_ex_au:1.3058; betfair_ex_eu:1.3058; betfair_ex_uk:1.3058; smarkets:1.2832; paddypower:1.2757; coral:1.2727; ladbrokes_uk:1.2727; pinnacle:1.2634; skybet:1.2519; codere_it:1.2513; unibet_uk:1.2513; leovegas:1.2458; draftkings:1.2458; nordicbet:1.2445; betsson:1.2445; betmgm:1.2393; betway:1.2381; williamhill:1.2381; marathonbet:1.2339; unibet:1.2311; grosvenor:1.2311; unibet_se:1.2311; casumo:1.2311; unibet_nl:1.2311; tabtouch:1.2311; leovegas_se:1.2271; tab:1.2187; coolbet:1.2178; sport888:1.2117; tipico_de:1.2117; pointsbetau:1.2098; bovada:1.2098; virginbet:1.2083
Leyton Orient vs Wimbledon,2026-01-01 10:00:00,X2,1.8272,1.7739,,,,,0.0001762867706374,33,0.0154403688221132,0.0115206697579081,betfair_ex_au,33,0.0533,2.63,1.9,League 1,Doble Chance,2.6684,betfair_ex_au:1.8272; betfair_ex_eu:1.8272; betfair_ex_uk:1.8272; smarkets:1.8231; leovegas:1.8195; coral:1.8103; coolbet:1.8082; ladbrokes_uk:1.7986; unibet:1.7944; grosvenor:1.7944; unibet_se:1.7944; casumo:1.7944; unibet_nl:1.7944; tabtouch:1.7944; codere_it:1.7944; unibet_uk:1.7944; pinnacle:1.7937; marathonbet:1.7876; pointsbetau:1.7875; draftkings:1.7853; leovegas_se:1.7832; betmgm:1.7718; virginbet:1.7582; nordicbet:1.7582; betsson:1.7582; sport888:1.7577; bovada:1.7443; williamhill:1.7411; tipico_de:1.7371; paddypower:1.6852; betway:1.6852; tab:1.6852; skybet:1.6215
Fleetwood Town vs Grimsby Town,2026-01-01 10:00:00,1X,1.5242,1.4669,,,,,0.0001591037535759,32,0.0138166166741128,0.0116281489049243,betfair_ex_uk,32,0.0573,2.02,2.1,League 2,Doble Chance,2.6048,betfair_ex_uk:1.5242; betfair_ex_eu:1.5242; smarkets:1.5083; betfair_ex_au:1.5049; coral:1.4984; unibet:1.485; unibet_nl:1.485; unibet_se:1.485; casumo:1.485; leovegas:1.485; tabtouch:1.485; grosvenor:1.485; leovegas_se:1.485; ladbrokes_uk:1.4797; unibet_uk:1.4733; betmgm:1.4733; virginbet:1.4697; draftkings:1.4662; williamhill:1.4605; coolbet:1.4542; paddypower:1.4542; marathonbet:1.4492; pinnacle:1.448; bovada:1.4479; betsson:1.4428; nordicbet:1.4428; codere_it:1.4385; pointsbetau:1.4289; sport888:1.4224; tipico_de:1.4224; betway:1.413; skybet:1.413
Fleetwood Town vs Grimsby Town,2026-01-01 10:00:00,X2,1.5369,1.4463,,,,,0.0004256123894811,32,0.0224627003332822,0.0180353950486432,betfair_ex_uk,32,0.0906,3.28,2.1,League 2,Doble Chance,2.6048,betfair_ex_uk:1.5369; betfair_ex_eu:1.5369; smarkets:1.5209; betfair_ex_au:1.5173; pinnacle:1.5134; betsson:1.5083; nordicbet:1.5083; draftkings:1.4662; paddypower:1.4605; coral:1.4583; unibet_uk:1.4571; coolbet:1.4542; sport888:1.4542; tipico_de:1.4542; marathonbet:1.4524; bovada:1.4479; betway:1.4444; skybet:1.4444; betmgm:1.4407; ladbrokes_uk:1.4407; pointsbetau:1.4289; williamhill:1.4224; codere_it:1.4159; unibet:1.3895; unibet_nl:1.3895; unibet_se:1.3895; casumo:1.3895; leovegas:1.3895; tabtouch:1.3895; grosvenor:1.3895; leovegas_se:1.3895; virginbet:1.3827
Shrewsbury Town vs Bristol Rovers,2026-01-01 10:00:00,1X,1.4806,1.4066,,,,,0.0002137585767508,32,0.015715810383873,0.0130268277627628,betfair_ex_uk,32,0.074,2.26,2.26,League 2,Doble Chance,2.3496,betfair_ex_uk:1.4806; betfair_ex_eu:1.4806; betfair_ex_au:1.4719; smarkets:1.4583; coral:1.4444; ladbrokes_uk:1.4444; unibet_uk:1.4289; paddypower:1.4239; draftkings:1.4224; betmgm:1.4191; pinnacle:1.4135; marathonbet:1.4098; betsson:1.405; nordicbet:1.405; coolbet:1.4035; bovada:1.3876; unibet:1.3839; unibet_nl:1.3839; unibet_se:1.3839; casumo:1.3839; leovegas:1.3839; virginbet:1.3839; tabtouch:1.3839; leovegas_se:1.3839; grosvenor:1.3839; pointsbetau:1.3839; sport888:1.3839; williamhill:1.3839; codere_it:1.3813; skybet:1.3805; betway:1.3714; tipico_de:1.3714
Shrewsbury Town vs Bristol Rovers,2026-01-01 10:00:00,X2,1.59,1.484,,,,,0.0003272964477831,32,0.0200970625136006,0.0164349520007059,betfair_ex_uk,32,0.106,3.07,2.26,League 2,Doble Chance,2.3496,betfair_ex_uk:1.59; betfair_ex_eu:1.59; smarkets:1.5739; betfair_ex_au:1.5739; pinnacle:1.5302; paddypower:1.5203; betsson:1.5192; nordicbet:1.5192; draftkings:1.5; coolbet:1.4933; tipico_de:1.4933; unibet_uk:1.4896; coral:1.4896; betway:1.479; skybet:1.4748; ladbrokes_uk:1.4748; marathonbet:1.4644; betmgm:1.4644; bovada:1.4644; pointsbetau:1.4573; williamhill:1.4573; unibet:1.4431; unibet_nl:1.4431; unibet_se:1.4431; casumo:1.4431; leovegas:1.4431; virginbet:1.4431; tabtouch:1.4431; leovegas_se:1.4431; grosvenor:1.4431; sport888:1.4431; codere_it:1.4392
Swindon Town vs Gillingham,2026-01-01 10:00:00,X2,1.8367,1.703,,,,,0.0002233231285378,32,0.0173812085152314,0.0128892499019162,betfair_ex_au,32,0.1337,3.09,2.52,League 2,Doble Chance,2.0675,betfair_ex_au:1.8367; betfair_ex_uk:1.8367; betfair_ex_eu:1.8367; smarkets:1.7874; paddypower:1.7486; coral:1.7246; betsson:1.7236; nordicbet:1.7236; pinnacle:1.7185; unibet_uk:1.7117; marathonbet:1.7; tipico_de:1.7; coolbet:1.6985; skybet:1.6985; draftkings:1.6967; bovada:1.675; unibet:1.6746; unibet_nl:1.6746; leovegas:1.6746; unibet_se:1.6746; grosvenor:1.6746; casumo:1.6746; tabtouch:1.6746; leovegas_se:1.6746; betmgm:1.6746; ladbrokes_uk:1.6746; williamhill:1.6746; virginbet:1.6617; pointsbetau:1.6617; sport888:1.6617; codere_it:1.6496; betway:1.6246
Northampton Town vs Stockport County FC,2026-01-01 10:00:00,X2,1.3134,1.2622,,,,,0.000251458070609,33,0.0151948430886541,0.0134771570763214,smarkets,33,0.0512,1.93,2.46,League 1,Doble Chance,1.9268,smarkets:1.3134; codere_it:1.3021; betfair_ex_eu:1.2976; betfair_ex_uk:1.2976; betfair_ex_au:1.2976; pinnacle:1.2912; unibet_uk:1.2908; paddypower:1.2833; ladbrokes_uk:1.2789; coral:1.2789; williamhill:1.2757; leovegas:1.274; draftkings:1.2718; coolbet:1.2683; pointsbetau:1.2679; nordicbet:1.2601; betsson:1.2601; marathonbet:1.2568; skybet:1.2495; betmgm:1.2453; unibet:1.2445; leovegas_se:1.2405; tabtouch:1.2405; casumo:1.2405; unibet_se:1.2405; grosvenor:1.2405; unibet_nl:1.2405; betway:1.2381; bovada:1.2381; tab:1.2381; sport888:1.234; tipico_de:1.2308; virginbet:1.2257
Wycombe Wanderers vs Cardiff City,2026-01-01 10:00:00,1X,1.5778,1.4951,,,,,0.0001890948875584,33,0.0153214302119509,0.0113594225467673,betfair_ex_uk,33,0.0827,2.35,2.44,League 1,Doble Chance,1.9098,betfair_ex_uk:1.5778; betfair_ex_eu:1.5778; betfair_ex_au:1.5778; smarkets:1.5617; pinnacle:1.5432; nordicbet:1.5209; betsson:1.5209; leovegas:1.4988; codere_it:1.4988; ladbrokes_uk:1.4984; coral:1.4984; draftkings:1.4918; tipico_de:1.4893; marathonbet:1.4854; coolbet:1.485; paddypower:1.485; betway:1.485; unibet:1.4829; unibet_se:1.4829; grosvenor:1.4829; casumo:1.4829; tabtouch:1.4829; unibet_nl:1.4829; unibet_uk:1.4826; pointsbetau:1.4748; betmgm:1.4733; tab:1.4733; leovegas_se:1.4639; bovada:1.4639; sport888:1.4605; williamhill:1.4605; skybet:1.4537; virginbet:1.4385
Wycombe Wanderers vs Cardiff City,2026-01-01 10:00:00,X2,1.4874,1.4384,,,,,0.0001287290806001,33,0.0123029617564533,0.0098849840945579,betfair_ex_uk,33,0.049,1.78,2.44,League 1,Doble Chance,1.9098,betfair_ex_uk:1.4874; betfair_ex_eu:1.4874; betfair_ex_au:1.4874; smarkets:1.4719; leovegas:1.4662; codere_it:1.4662; unibet_uk:1.4662; ladbrokes_uk:1.4583; coral:1.4583; pinnacle:1.4496; draftkings:1.4412; unibet:1.4407; unibet_se:1.4407; grosvenor:1.4407; casumo:1.4407; tabtouch:1.4407; unibet_nl:1.4407; betmgm:1.4407; marathonbet:1.4404; leovegas_se:1.4316; coolbet:1.4224; paddypower:1.4224; sport888:1.4224; williamhill:1.4224; nordicbet:1.4223; betsson:1.4223; bovada:1.4151; pointsbetau:1.413; tipico_de:1.4069; tab:1.4069; virginbet:1.4061; skybet:1.3969; betway:1.3895
Stevenage vs Plymouth Argyle,2026-01-01 10:00:00,1X,1.2905,1.241,,,,,0.0002509552253436,33,0.0148286358654124,0.0120567852620013,betfair_ex_au,33,0.0495,1.86,2.49,League 1,Doble Chance,1.8434,betfair_ex_au:1.2905; betfair_ex_eu:1.2905; betfair_ex_uk:1.2905; smarkets:1.2756; codere_it:1.2601; ladbrokes_uk:1.2593; coral:1.2593; pinnacle:1.2592; leovegas:1.253; unibet_uk:1.2523; williamhill:1.2495; nordicbet:1.2457; betsson:1.2457; paddypower:1.2453; draftkings:1.2453; marathonbet:1.2419; betmgm:1.2375; coolbet:1.2308; pointsbetau:1.2308; betway:1.2308; sport888:1.2308; unibet:1.2304; unibet_se:1.2265; grosvenor:1.2265; casumo:1.2265; tabtouch:1.2265; unibet_nl:1.2265; leovegas_se:1.2193; tab:1.2157; skybet:1.2117; tipico_de:1.2117; virginbet:1.2044; bovada:1.203
Stevenage vs Plymouth Argyle,2026-01-01 10:00:00,X2,1.8378,1.753,,,,,0.0001371333175366,33,0.0136401417944028,0.009623930537698,betfair_ex_au,33,0.0848,2.39,2.49,League 1,Doble Chance,1.8434,betfair_ex_au:1.8378; betfair_ex_eu:1.8378; betfair_ex_uk:1.8378; smarkets:1.8127; ladbrokes_uk:1.7944; coral:1.7944; leovegas:1.7875; codere_it:1.7694; unibet_uk:1.7694; paddypower:1.7662; pinnacle:1.7655; betmgm:1.7553; unibet:1.7518; unibet_se:1.7518; grosvenor:1.7518; casumo:1.7518; tabtouch:1.7518; unibet_nl:1.7518; bovada:1.7518; coolbet:1.7475; draftkings:1.7443; marathonbet:1.7389; leovegas_se:1.7371; tipico_de:1.7371; nordicbet:1.7302; betsson:1.7302; pointsbetau:1.7266; skybet:1.7266; virginbet:1.712; betway:1.6941; sport888:1.6941; williamhill:1.6941; tab:1.6439
Doncaster Rovers vs Bolton Wanderers,2026-01-01 10:00:00,X2,1.2879,1.2464,,,,,0.000179106176638,33,0.0126162222548762,0.0101157318007425,betfair_ex_uk,33,0.0415,1.59,2.96,League 1,Doble Chance,1.3885,betfair_ex_uk:1.2879; betfair_ex_eu:1.2879; betfair_ex_au:1.2816; smarkets:1.2794; coral:1.277; leovegas:1.2661; unibet_uk:1.2649; codere_it:1.2606; ladbrokes_uk:1.2597; paddypower:1.2523; pinnacle:1.2507; betmgm:1.2479; betway:1.2479; nordicbet:1.2466; betsson:1.2466; coolbet:1.244; draftkings:1.2418; unibet:1.2405; marathonbet:1.2376; unibet_se:1.2365; grosvenor:1.2365; tabtouch:1.2365; casumo:1.2365; unibet_nl:1.2365; pointsbetau:1.2357; bovada:1.2357; leovegas_se:1.2325; skybet:1.223; sport888:1.223; williamhill:1.223; tipico_de:1.2189; tab:1.2188; virginbet:1.2178
Northampton Town vs Stockport County FC,2026-01-01 10:00:00,1X,1.8195,1.7249,,,,,0.0001597824319955,33,0.0146983682807594,0.0112316917182177,betfair_ex_eu,33,0.0946,2.56,3.04,League 1,Doble Chance,1.3684,betfair_ex_eu:1.8195; betfair_ex_uk:1.8195; betfair_ex_au:1.8195; smarkets:1.7944; leovegas:1.7736; pinnacle:1.7546; ladbrokes_uk:1.7486; coral:1.7486; unibet:1.7353; leovegas_se:1.7353; tabtouch:1.7353; casumo:1.7353; unibet_se:1.7353; grosvenor:1.7353; unibet_nl:1.7353; marathonbet:1.7263; nordicbet:1.7236; betsson:1.7236; paddypower:1.7217; tipico_de:1.7159; draftkings:1.7117; virginbet:1.7102; coolbet:1.708; betmgm:1.6985; codere_it:1.6874; unibet_uk:1.6874; betway:1.6852; bovada:1.6852; pointsbetau:1.6716; skybet:1.6716; williamhill:1.6617; tab:1.6617; sport888:1.6439
Swindon Town vs Gillingham,2026-01-01 10:00:00,1X,1.3263,1.2802,,,,,0.0002244114594672,32,0.0145930660636126,0.0123429658336367,smarkets,32,0.0461,1.88,3.57,League 2,Doble Chance,1.1653,smarkets:1.3263; betfair_ex_au:1.3183; betfair_ex_uk:1.3183; betfair_ex_eu:1.3183; pinnacle:1.3156; coral:1.3125; unibet_uk:1.3047; draftkings:1.2996; betmgm:1.2982; ladbrokes_uk:1.2982; betsson:1.2874; nordicbet:1.2874; betway:1.2833; williamhill:1.2789; coolbet:1.2758; marathonbet:1.275; unibet:1.2672; unibet_nl:1.2672; leovegas:1.2672; unibet_se:1.2672; grosvenor:1.2672; casumo:1.2672; tabtouch:1.2672; leovegas_se:1.2672; codere_it:1.2601; virginbet:1.2593; paddypower:1.2593; tipico_de:1.2593; pointsbetau:1.2571; sport888:1.2571; bovada:1.2523; skybet:1.2257
Cambridge United vs Walsall,2026-01-01 10:00:00,X2,1.6763,1.5483,,,,,0.0004253502850456,32,0.0233145644360321,0.0182052216359591,betfair_ex_au,32,0.128,3.71,3.51,League 2,Doble Chance,1.1481,betfair_ex_au:1.6763; betfair_ex_uk:1.6763; betfair_ex_eu:1.6763; smarkets:1.6511; pinnacle:1.61; betsson:1.5771; nordicbet:1.5771; paddypower:1.5714; coral:1.5714; draftkings:1.5714; unibet_uk:1.56; ladbrokes_uk:1.56; marathonbet:1.5523; tipico_de:1.5504; betway:1.5484; betmgm:1.5484; coolbet:1.5464; bovada:1.535; williamhill:1.5325; sport888:1.5269; pointsbetau:1.5213; skybet:1.5213; codere_it:1.5099; unibet:1.4866; unibet_nl:1.4866; casumo:1.4866; unibet_se:1.4866; leovegas:1.4866; tabtouch:1.4866; leovegas_se:1.4866; grosvenor:1.4866; virginbet:1.4813
Rotherham United vs Peterborough United,2026-01-01 10:00:00,1X,1.6579,1.5743,,,,,0.000217324158847,33,0.0167375794670415,0.0135000938127222,betfair_ex_au,33,0.0836,2.67,3.42,League 1,Doble Chance,1.117,betfair_ex_au:1.6579; betfair_ex_eu:1.6579; betfair_ex_uk:1.6579; pinnacle:1.6499; smarkets:1.6328; nordicbet:1.6188; betsson:1.6188; codere_it:1.6047; draftkings:1.6047; unibet_uk:1.5902; coral:1.5859; leovegas:1.5714; coolbet:1.5714; tab:1.5714; marathonbet:1.5687; betmgm:1.5651; ladbrokes_uk:1.5651; betway:1.5592; pointsbetau:1.5576; tipico_de:1.5576; unibet:1.5464; unibet_se:1.5464; grosvenor:1.5464; tabtouch:1.5464; casumo:1.5464; leovegas_se:1.5464; unibet_nl:1.5464; paddypower:1.5435; williamhill:1.5435; bovada:1.5435; virginbet:1.5213; skybet:1.5158; sport888:1.4933
Bromley FC vs Newport County,2026-01-01 10:00:00,X2,2.88,2.6002,,,,,0.0003735916446394,32,0.0221319522393084,0.0186415585221521,betfair_ex_au,32,0.2798,5.79,3.69,League 2,Doble Chance,1.0813,betfair_ex_au:2.88; betfair_ex_uk:2.88; betfair_ex_eu:2.88; smarkets:2.7967; paddypower:2.7731; draftkings:2.7391; coolbet:2.7382; betsson:2.7053; nordicbet:2.7053; coral:2.6937; tipico_de:2.6637; pinnacle:2.6529; pointsbetau:2.6444; skybet:2.625; betmgm:2.6163; unibet_uk:2.606; ladbrokes_uk:2.6038; marathonbet:2.5964; bovada:2.588; betway:2.5714; williamhill:2.5514; codere_it:2.499; sport888:2.4706; unibet:2.4158; unibet_nl:2.4158; casumo:2.4158; unibet_se:2.4158; leovegas:2.4158; tabtouch:2.4158; leovegas_se:2.4158; grosvenor:2.4158; virginbet:2.4
Port Vale vs Blackpool,2026-01-01 10:00:00,1X,1.4987,1.4117,,,,,0.0003163063335537,33,0.0191267026727492,0.0151727849027512,betfair_ex_au,33,0.087,2.75,3.49,League 1,Doble Chance,1.0516,betfair_ex_au:1.4987; betfair_ex_eu:1.4987; betfair_ex_uk:1.4987; smarkets:1.4702; pinnacle:1.4593; coral:1.4407; nordicbet:1.4382; betsson:1.4382; codere_it:1.4224; unibet_uk:1.4224; betmgm:1.4224; ladbrokes_uk:1.4224; tipico_de:1.4191; draftkings:1.4151; marathonbet:1.4137; coolbet:1.4035; paddypower:1.4035; betway:1.4035; sport888:1.4035; williamhill:1.4035; leovegas:1.3995; bovada:1.3876; pointsbetau:1.3839; skybet:1.3839; tab:1.3805; unibet:1.3739; unibet_se:1.3739; grosvenor:1.3739; casumo:1.3739; tabtouch:1.3739; unibet_nl:1.3739; leovegas_se:1.3649; virginbet:1.3459
Doncaster Rovers vs Bolton Wanderers,2026-01-01 10:00:00,1X,1.897,1.8078,,,,,0.0001657992785737,33,0.0150755853217294,0.0131289142522296,smarkets,33,0.0892,2.74,3.48,League 1,Doble Chance,1.0316,smarkets:1.897; betfair_ex_uk:1.897; betfair_ex_eu:1.897; betfair_ex_au:1.8834; pinnacle:1.8763; coral:1.8624; ladbrokes_uk:1.85; nordicbet:1.85; betsson:1.85; codere_it:1.8367; unibet_uk:1.8367; marathonbet:1.8307; betmgm:1.8247; paddypower:1.8219; draftkings:1.8117; coolbet:1.8103; pointsbetau:1.7986; leovegas:1.7969; tipico_de:1.7944; williamhill:1.7832; betway:1.7746; tab:1.7746; sport888:1.7718; bovada:1.7624; unibet:1.7582; unibet_se:1.7582; grosvenor:1.7582; tabtouch:1.7582; casumo:1.7582; unibet_nl:1.7582; skybet:1.7486; leovegas_se:1.7468; virginbet:1.7217
Rotherham United vs Peterborough United,2026-01-01 10:00:00,X2,1.4014,1.3599,,,,,0.0001242696284728,33,0.0115518391902493,0.0089621591501255,smarkets,33,0.0415,1.57,3.62,League 1,Doble Chance,1.0,smarkets:1.4014; betfair_ex_au:1.3952; betfair_ex_eu:1.3952; betfair_ex_uk:1.3952; coral:1.3879; codere_it:1.38; unibet_uk:1.38; leovegas:1.3726; betmgm:1.3719; ladbrokes_uk:1.3719; sport888:1.3714; pinnacle:1.3644; marathonbet:1.3637; draftkings:1.3618; coolbet:1.3554; pointsbetau:1.3554; paddypower:1.3554; williamhill:1.3554; betway:1.354; unibet:1.3537; unibet_se:1.3537; grosvenor:1.3537; tabtouch:1.3537; casumo:1.3537; unibet_nl:1.3537; leovegas_se:1.3468; skybet:1.3382; bovada:1.3378; tipico_de:1.3378; nordicbet:1.3359; betsson:1.3359; virginbet:1.3314; tab:1.3018
Crewe Alexandra vs Cheltenham Town,2026-01-01 10:00:00,1X,1.2244,1.1858,,,,,0.0003438554387283,32,0.0159082293477145,0.0138395814927344,betfair_ex_uk,32,0.0386,1.9,4.4,League 2,Doble Chance,0.75,betfair_ex_uk:1.2244; betfair_ex_eu:1.2244; betsson:1.2199; nordicbet:1.2199; betfair_ex_au:1.2189; coral:1.2162; smarkets:1.2109; pinnacle:1.2085; draftkings:1.2024; unibet_uk:1.2; betway:1.1932; paddypower:1.1932; coolbet:1.1911; williamhill:1.1887; ladbrokes_uk:1.1881; betmgm:1.1835; bovada:1.1783; skybet:1.1776; tipico_de:1.1776; pointsbetau:1.173; marathonbet:1.173; codere_it:1.1667; unibet:1.1645; unibet_se:1.1645; casumo:1.1645; unibet_nl:1.1645; leovegas:1.1645; tabtouch:1.1645; leovegas_se:1.1645; grosvenor:1.1645; sport888:1.1553; virginbet:1.1455
Exeter City vs Luton,2026-01-01 10:00:00,X2,1.3283,1.2808,,,,,0.0001877873960319,33,0.0134352175151442,0.0107332329929237,betfair_ex_uk,33,0.0475,1.74,4.27,League 1,Doble Chance,0.7237,betfair_ex_uk:1.3283; betfair_ex_eu:1.3283; betfair_ex_au:1.3283; pinnacle:1.3208; smarkets:1.3134; draftkings:1.2982; unibet_uk:1.2976; coral:1.2928; leovegas:1.2904; marathonbet:1.2901; paddypower:1.286; tipico_de:1.2833; nordicbet:1.2832; betsson:1.2832; betmgm:1.2789; ladbrokes_uk:1.2789; williamhill:1.2757; coolbet:1.2683; unibet:1.2679; grosvenor:1.2679; unibet_se:1.2679; casumo:1.2679; tabtouch:1.2679; unibet_nl:1.2679; leovegas_se:1.2679; pointsbetau:1.2679; sport888:1.2679; betway:1.2645; bovada:1.2645; codere_it:1.253; skybet:1.2519; tab:1.2495; virginbet:1.2455
Mansfield Town vs Bradford City,2026-01-01 10:00:00,1X,1.6996,1.6205,,,,,0.0002212992655454,33,0.017012264444664,0.0144988336013546,betfair_ex_uk,33,0.0791,2.75,4.29,League 1,Doble Chance,0.683,betfair_ex_uk:1.6996; betfair_ex_eu:1.6996; betfair_ex_au:1.6996; ladbrokes_uk:1.6746; coral:1.6746; pinnacle:1.6622; draftkings:1.6617; paddypower:1.65; codere_it:1.6496; nordicbet:1.6496; betsson:1.6496; smarkets:1.6374; betmgm:1.6374; coolbet:1.6374; unibet_uk:1.6366; pointsbetau:1.625; marathonbet:1.625; tipico_de:1.6246; skybet:1.6124; williamhill:1.6124; betway:1.6; bovada:1.5996; leovegas:1.5965; tab:1.5874; unibet:1.5714; casumo:1.5714; tabtouch:1.5714; unibet_nl:1.5714; grosvenor:1.5714; unibet_se:1.5714; leovegas_se:1.56; sport888:1.55; virginbet:1.535
Bromley FC vs Newport County,2026-01-01 10:00:00,1X,1.1197,1.0805,,,,,0.0004637191024308,32,0.0132938464962156,0.0093081622681697,coral,32,0.0392,1.44,4.69,League 2,Doble Chance,0.6375,coral:1.1197; ladbrokes_uk:1.1197; betmgm:1.0966; betfair_ex_au:1.0966; betfair_ex_uk:1.0966; betfair_ex_eu:1.0966; betsson:1.0879; nordicbet:1.0879; unibet_uk:1.0875; betway:1.0852; draftkings:1.0852; pinnacle:1.0819; unibet:1.0803; unibet_nl:1.0803; casumo:1.0803; unibet_se:1.0803; leovegas:1.0803; tabtouch:1.0803; leovegas_se:1.0803; grosvenor:1.0803; smarkets:1.0787; virginbet:1.075; coolbet:1.0735; marathonbet:1.0723; sport888:1.0723; williamhill:1.0723; bovada:1.0675; paddypower:1.0621; codere_it:1.0602; tipico_de:1.0561; pointsbetau:1.0531; skybet:1.05
Barrow vs Salford City,2026-01-01 10:00:00,X2,1.2976,1.2634,,,,,0.0001485668652145,32,0.0116720344231745,0.0103512425283879,betfair_ex_uk,32,0.0342,1.48,4.84,League 2,Doble Chance,0.6302,betfair_ex_uk:1.2976; betfair_ex_eu:1.2976; coolbet:1.2905; pinnacle:1.2862; unibet_uk:1.2859; draftkings:1.2859; betfair_ex_au:1.282; coral:1.2789; betmgm:1.2789; ladbrokes_uk:1.2789; smarkets:1.274; betsson:1.274; nordicbet:1.274; betway:1.2645; pointsbetau:1.2645; williamhill:1.2645; marathonbet:1.2644; paddypower:1.2593; bovada:1.2523; unibet:1.2499; leovegas_se:1.2458; unibet_nl:1.2458; leovegas:1.2458; unibet_se:1.2458; casumo:1.2458; grosvenor:1.2458; tabtouch:1.2458; codere_it:1.2453; skybet:1.2453; sport888:1.2453; virginbet:1.2352; tipico_de:1.2336
Watford vs Birmingham City,2026-01-01 10:00:00,1X,1.434,1.3847,,,,,0.0002672596610115,34,0.0169631984885991,0.0119836086518468,leovegas_se,34,0.0493,2.28,4.22,Championship,Doble Chance,0.5427,leovegas_se:1.434; betfair_ex_uk:1.4292; betfair_ex_eu:1.4292; betfair_ex_au:1.4292; codere_it:1.4069; smarkets:1.4; unibet_uk:1.4; unibet_se:1.3995; unibet:1.3995; tabtouch:1.3995; grosvenor:1.3995; casumo:1.3995; unibet_nl:1.3995; draftkings:1.3978; coral:1.3965; ladbrokes_uk:1.3965; pinnacle:1.3927; betmgm:1.3896; coolbet:1.3895; leovegas:1.3895; betway:1.3827; nordicbet:1.3804; betsson:1.3804; marathonbet:1.3792; williamhill:1.3739; virginbet:1.3739; fanduel:1.3726; tab:1.3719; paddypower:1.3554; sport888:1.3527; bovada:1.3484; skybet:1.3468; winamax_fr:1.2953; betclic_fr:1.2884
Colchester United vs Milton Keynes Dons,2026-01-01 10:00:00,X2,1.5148,1.462,,,,,0.0001156624264088,32,0.0118060457698597,0.0099600530038795,betfair_ex_au,32,0.0528,1.75,5.08,League 2,Doble Chance,0.5256,betfair_ex_au:1.5148; betfair_ex_uk:1.5148; betfair_ex_eu:1.5148; smarkets:1.4983; unibet_uk:1.495; coral:1.4896; draftkings:1.4896; pinnacle:1.4807; paddypower:1.479; ladbrokes_uk:1.4748; coolbet:1.4682; marathonbet:1.466; betmgm:1.4644; williamhill:1.4573; betsson:1.4544; nordicbet:1.4544; bovada:1.4538; codere_it:1.4496; unibet:1.4436; unibet_se:1.4436; casumo:1.4436; unibet_nl:1.4436; leovegas:1.4436; tabtouch:1.4436; leovegas_se:1.4436; grosvenor:1.4436; betway:1.4431; pointsbetau:1.4431; skybet:1.4431; tipico_de:1.4431; virginbet:1.4243; sport888:1.4199
Harrogate Town vs Tranmere Rovers,2026-01-01 10:00:00,1X,1.7496,1.6644,,,,,0.0002966748404117,32,0.0198521077651829,0.0174449402338719,betfair_ex_au,32,0.0852,3.31,5.23,League 2,Doble Chance,0.499,betfair_ex_au:1.7496; betfair_ex_uk:1.7496; betfair_ex_eu:1.7496; smarkets:1.7374; pinnacle:1.7371; betsson:1.725; nordicbet:1.725; coral:1.7246; draftkings:1.7246; unibet_uk:1.7; ladbrokes_uk:1.7; marathonbet:1.685; coolbet:1.6746; paddypower:1.6746; betmgm:1.6746; tipico_de:1.6716; bovada:1.6624; betway:1.65; williamhill:1.6485; pointsbetau:1.6374; skybet:1.6374; codere_it:1.625; sport888:1.6246; unibet:1.5996; leovegas_se:1.5996; unibet_nl:1.5996; leovegas:1.5996; unibet_se:1.5996; casumo:1.5996; grosvenor:1.5996; tabtouch:1.5996; virginbet:1.5746
Oldham Athletic vs Chesterfield FC,2026-01-01 10:00:00,X2,1.5771,1.5217,,,,,0.0001735617150749,32,0.014716002071313,0.0126315070884848,betfair_ex_au,32,0.0554,2.24,5.42,League 2,Doble Chance,0.417,betfair_ex_au:1.5771; betfair_ex_uk:1.5771; betfair_ex_eu:1.5771; pinnacle:1.5652; smarkets:1.5604; betsson:1.5601; nordicbet:1.5601; unibet_uk:1.5576; coral:1.5435; ladbrokes_uk:1.5435; draftkings:1.5435; paddypower:1.5379; tipico_de:1.535; betway:1.5269; betmgm:1.5269; marathonbet:1.5221; coolbet:1.5213; williamhill:1.5213; bovada:1.5184; codere_it:1.5074; pointsbetau:1.5074; skybet:1.4933; unibet:1.485; unibet_se:1.485; casumo:1.485; unibet_nl:1.485; leovegas:1.485; tabtouch:1.485; leovegas_se:1.485; grosvenor:1.485; sport888:1.4712; virginbet:1.4597
Lincoln City vs Huddersfield Town,2026-01-01 10:00:00,X2,1.5437,1.5075,,,,,9.413881571375404e-05,33,0.0107645381499942,0.0080476222394038,pinnacle,33,0.0362,1.61,5.43,League 1,Doble Chance,0.3683,pinnacle:1.5437; betfair_ex_uk:1.543; betfair_ex_eu:1.543; betfair_ex_au:1.543; leovegas:1.5379; smarkets:1.5366; coral:1.535; ladbrokes_uk:1.5241; codere_it:1.5213; draftkings:1.5213; paddypower:1.5158; nordicbet:1.5153; betsson:1.5153; tipico_de:1.5116; marathonbet:1.5049; unibet_uk:1.5045; unibet:1.5041; unibet_se:1.5041; unibet_nl:1.5041; casumo:1.5041; tabtouch:1.5041; leovegas_se:1.5041; grosvenor:1.5041; betmgm:1.5041; coolbet:1.4983; betway:1.4933; williamhill:1.493; pointsbetau:1.4849; bovada:1.4824; virginbet:1.479; skybet:1.4712; sport888:1.4483; tab:1.4483
Barrow vs Salford City,2026-01-01 10:00:00,1X,1.7617,1.7214,,,,,7.733501698872392e-05,32,0.0101967790420744,0.0078335199095308,betfair_ex_au,32,0.0403,1.72,5.78,League 2,Doble Chance,0.3651,betfair_ex_au:1.7617; betfair_ex_uk:1.7617; betfair_ex_eu:1.7617; pinnacle:1.7575; coral:1.7486; unibet:1.7374; leovegas_se:1.7374; unibet_nl:1.7374; leovegas:1.7374; unibet_se:1.7374; casumo:1.7374; grosvenor:1.7374; tabtouch:1.7374; smarkets:1.7374; unibet_uk:1.7374; betsson:1.725; nordicbet:1.725; draftkings:1.725; paddypower:1.7246; betmgm:1.7246; ladbrokes_uk:1.7246; tipico_de:1.7217; marathonbet:1.7146; virginbet:1.7124; coolbet:1.7; sport888:1.6985; williamhill:1.6985; bovada:1.6874; skybet:1.6746; codere_it:1.6624; betway:1.65; pointsbetau:1.65
Barnet vs Crawley Town,2026-01-01 10:00:00,1X,1.1639,1.1345,,,,,0.0002085296547307,32,0.0110386846363514,0.0097256789819811,coral,32,0.0294,1.26,5.92,League 2,Doble Chance,0.3615,coral:1.1639; ladbrokes_uk:1.1639; betmgm:1.156; betsson:1.1518; nordicbet:1.1518; betfair_ex_au:1.1457; betfair_ex_uk:1.1457; betfair_ex_eu:1.1457; williamhill:1.1446; pinnacle:1.1443; unibet_uk:1.1429; coolbet:1.1429; paddypower:1.1429; smarkets:1.1405; draftkings:1.1353; skybet:1.1345; bovada:1.1337; marathonbet:1.1312; betway:1.1259; unibet:1.1215; leovegas_se:1.1215; unibet_nl:1.1215; grosvenor:1.1215; leovegas:1.1215; unibet_se:1.1215; casumo:1.1215; tabtouch:1.1215; pointsbetau:1.121; codere_it:1.1194; sport888:1.1194; tipico_de:1.1171; virginbet:1.1116
Mansfield Town vs Bradford City,2026-01-01 10:00:00,X2,1.3742,1.3187,,,,,0.0001788893558324,33,0.0134723682923628,0.0110705639328653,leovegas,33,0.0555,1.78,5.56,League 1,Doble Chance,0.2986,leovegas:1.3742; unibet:1.3484; casumo:1.3484; tabtouch:1.3484; unibet_nl:1.3484; grosvenor:1.3484; unibet_se:1.3484; leovegas_se:1.34; codere_it:1.3316; pinnacle:1.3311; unibet_uk:1.3279; betfair_ex_uk:1.3279; betfair_ex_eu:1.3279; betfair_ex_au:1.3279; smarkets:1.32; ladbrokes_uk:1.3171; coral:1.3171; draftkings:1.3171; virginbet:1.3142; pointsbetau:1.3119; marathonbet:1.3119; sport888:1.3037; williamhill:1.3037; betmgm:1.3018; paddypower:1.3018; coolbet:1.3012; nordicbet:1.2984; betsson:1.2984; bovada:1.294; betway:1.286; skybet:1.286; tipico_de:1.286; tab:1.2679
Notts County vs Accrington Stanley,2026-01-01 10:00:00,1X,1.2357,1.2055,,,,,0.0003506641393539,32,0.0164168599060448,0.0142578343477187,paddypower,32,0.0302,1.96,5.93,League 2,Doble Chance,0.2816,paddypower:1.2357; coral:1.2357; ladbrokes_uk:1.2357; unibet_uk:1.235; draftkings:1.2294; betfair_ex_uk:1.2291; betfair_ex_eu:1.2291; betsson:1.2291; nordicbet:1.2291; betfair_ex_au:1.2248; coolbet:1.223; skybet:1.223; pinnacle:1.2209; smarkets:1.2162; betway:1.2106; williamhill:1.2098; pointsbetau:1.2065; betmgm:1.2065; tipico_de:1.2017; codere_it:1.2; sport888:1.1981; bovada:1.1981; marathonbet:1.1969; unibet:1.1742; unibet_nl:1.1742; unibet_se:1.1742; casumo:1.1742; leovegas:1.1742; tabtouch:1.1742; grosvenor:1.1742; leovegas_se:1.1742; virginbet:1.1598
Lincoln City vs Huddersfield Town,2026-01-01 10:00:00,1X,1.4061,1.3792,,,,,9.29227927434064e-05,33,0.0100912725505468,0.0078348501473365,leovegas,33,0.0269,1.38,5.84,League 1,Doble Chance,0.2723,leovegas:1.4061; coral:1.4061; codere_it:1.4035; betfair_ex_uk:1.4035; betfair_ex_eu:1.4035; betfair_ex_au:1.4035; betmgm:1.3969; ladbrokes_uk:1.3969; unibet_uk:1.3938; smarkets:1.3876; paddypower:1.3876; pinnacle:1.387; coolbet:1.3839; williamhill:1.3839; unibet:1.3805; unibet_se:1.3805; unibet_nl:1.3805; casumo:1.3805; tabtouch:1.3805; leovegas_se:1.3805; grosvenor:1.3805; marathonbet:1.3762; draftkings:1.3714; nordicbet:1.3686; betsson:1.3686; pointsbetau:1.3685; betway:1.3649; bovada:1.3622; virginbet:1.355; skybet:1.3527; sport888:1.3486; tipico_de:1.3367; tab:1.3333
Colchester United vs Milton Keynes Dons,2026-01-01 10:00:00,1X,1.4479,1.4138,,,,,9.156154892685228e-05,32,0.0102476087514573,0.0086388017318899,unibet_uk,32,0.0341,1.45,6.1,League 2,Doble Chance,0.2705,unibet_uk:1.4479; coral:1.4444; ladbrokes_uk:1.4444; betfair_ex_au:1.4416; betfair_ex_uk:1.4416; betfair_ex_eu:1.4416; smarkets:1.4383; paddypower:1.4345; unibet:1.4191; unibet_se:1.4191; casumo:1.4191; unibet_nl:1.4191; leovegas:1.4191; tabtouch:1.4191; leovegas_se:1.4191; grosvenor:1.4191; betmgm:1.4191; pinnacle:1.4173; draftkings:1.413; coolbet:1.4092; marathonbet:1.4059; tipico_de:1.3991; betsson:1.3977; nordicbet:1.3977; virginbet:1.3938; bovada:1.3938; codere_it:1.3876; betway:1.3839; pointsbetau:1.3839; skybet:1.3839; sport888:1.3839; williamhill:1.3839
Exeter City vs Luton,2026-01-01 10:00:00,1X,1.75,1.6779,,,,,0.0001195977897677,33,0.0126336937507425,0.0102773625796522,coral,33,0.0721,2.12,5.92,League 1,Doble Chance,0.2432,coral:1.75; smarkets:1.7367; unibet_uk:1.725; betfair_ex_uk:1.725; betfair_ex_eu:1.725; betfair_ex_au:1.725; betmgm:1.7246; ladbrokes_uk:1.7246; coolbet:1.708; pinnacle:1.6996; draftkings:1.6874; leovegas:1.6852; nordicbet:1.675; betsson:1.675; pointsbetau:1.6716; paddypower:1.6716; marathonbet:1.6699; bovada:1.6624; williamhill:1.6617; unibet:1.6602; grosvenor:1.6602; unibet_se:1.6602; casumo:1.6602; tabtouch:1.6602; unibet_nl:1.6602; leovegas_se:1.6602; codere_it:1.65; betway:1.65; tipico_de:1.65; sport888:1.6485; virginbet:1.6351; tab:1.6124; skybet:1.5984
Cambridge United vs Walsall,2026-01-01 10:00:00,1X,1.3271,1.3035,,,,,9.284493644741872e-05,32,0.0095222239547792,0.007608876578812,unibet_uk,32,0.0236,1.23,6.12,League 2,Doble Chance,0.232,unibet_uk:1.3271; paddypower:1.3271; coral:1.324; ladbrokes_uk:1.324; betfair_ex_au:1.3138; betfair_ex_uk:1.3138; betfair_ex_eu:1.3138; unibet:1.3132; unibet_nl:1.3132; casumo:1.3132; unibet_se:1.3132; leovegas:1.3132; tabtouch:1.3132; leovegas_se:1.3132; grosvenor:1.3132; coolbet:1.308; williamhill:1.3072; smarkets:1.3047; virginbet:1.3031; sport888:1.3031; betmgm:1.3019; draftkings:1.3019; marathonbet:1.2981; betsson:1.2917; nordicbet:1.2917; betway:1.2857; pinnacle:1.2847; codere_it:1.2827; pointsbetau:1.2827; skybet:1.2827; bovada:1.2764; tipico_de:1.2574
Port Vale vs Blackpool,2026-01-01 10:00:00,X2,1.5435,1.4954,,,,,0.0001200288668901,33,0.0121041428376105,0.0099247897274452,leovegas,33,0.0481,1.79,5.94,League 1,Doble Chance,0.2054,leovegas:1.5435; smarkets:1.5428; coral:1.5203; unibet:1.5184; unibet_se:1.5184; grosvenor:1.5184; casumo:1.5184; tabtouch:1.5184; unibet_nl:1.5184; codere_it:1.5148; pinnacle:1.5139; betfair_ex_au:1.5111; betfair_ex_eu:1.5111; betfair_ex_uk:1.5111; leovegas_se:1.5074; unibet_uk:1.5; ladbrokes_uk:1.5; coolbet:1.4933; paddypower:1.4933; nordicbet:1.4889; betsson:1.4889; betmgm:1.485; virginbet:1.4824; marathonbet:1.4803; draftkings:1.4796; sport888:1.479; williamhill:1.479; pointsbetau:1.4712; bovada:1.4644; skybet:1.4573; tab:1.4444; betway:1.4405; tipico_de:1.4345
Barnet vs Crawley Town,2026-01-01 10:00:00,X2,2.3041,2.2111,,,,,7.479267938164023e-05,32,0.010132168720292,0.0091494966363827,pinnacle,32,0.093,2.26,6.69,League 2,Doble Chance,0.2048,pinnacle:2.3041; betsson:2.2867; nordicbet:2.2867; coral:2.2826; ladbrokes_uk:2.2826; smarkets:2.2728; coolbet:2.2703; tipico_de:2.2609; betfair_ex_uk:2.2527; betfair_ex_eu:2.2527; draftkings:2.2527; marathonbet:2.2258; unibet_uk:2.2222; paddypower:2.2222; betmgm:2.2112; skybet:2.191; sport888:2.191; williamhill:2.191; betfair_ex_au:2.1898; bovada:2.187; codere_it:2.1716; unibet:2.161; leovegas_se:2.161; unibet_nl:2.161; grosvenor:2.161; leovegas:2.161; unibet_se:2.161; casumo:2.161; tabtouch:2.161; betway:2.1591; pointsbetau:2.1591; virginbet:2.1429
Crewe Alexandra vs Cheltenham Town,2026-01-01 10:00:00,X2,2.0245,1.9704,,,,,6.327485700087226e-05,32,0.0093626440375401,0.0080454329565171,paddypower,32,0.0541,1.82,6.54,League 2,Doble Chance,0.1774,paddypower:2.0245; coral:2.0245; betfair_ex_uk:2.0099; betfair_ex_eu:2.0099; betmgm:1.9951; ladbrokes_uk:1.9951; unibet:1.995; unibet_se:1.995; casumo:1.995; unibet_nl:1.995; leovegas:1.995; tabtouch:1.995; leovegas_se:1.995; grosvenor:1.995; betfair_ex_au:1.995; smarkets:1.9888; coolbet:1.98; marathonbet:1.98; virginbet:1.9698; pinnacle:1.9616; draftkings:1.9586; bovada:1.9529; unibet_uk:1.949; pointsbetau:1.949; skybet:1.9385; tipico_de:1.9385; betway:1.9355; sport888:1.9179; betsson:1.9105; nordicbet:1.9105; williamhill:1.9091; codere_it:1.8882
Harrogate Town vs Tranmere Rovers,2026-01-01 10:00:00,X2,1.3012,1.2845,,,,,9.8221498183556e-05,32,0.009644111685543,0.0084228508488249,unibet,32,0.0167,1.23,8.6,League 2,Doble Chance,-0.0884,unibet:1.3012; leovegas_se:1.3012; unibet_nl:1.3012; leovegas:1.3012; unibet_se:1.3012; casumo:1.3012; grosvenor:1.3012; tabtouch:1.3012; unibet_uk:1.2982; coral:1.2982; ladbrokes_uk:1.2982; betfair_ex_au:1.2976; betfair_ex_uk:1.2976; betfair_ex_eu:1.2976; coolbet:1.2908; sport888:1.286; paddypower:1.2833; virginbet:1.2824; smarkets:1.282; draftkings:1.2789; pinnacle:1.2778; marathonbet:1.277; pointsbetau:1.2757; betsson:1.274; nordicbet:1.274; williamhill:1.2679; betway:1.2645; betmgm:1.2645; bovada:1.2645; codere_it:1.2571; skybet:1.2571; tipico_de:1.2495
Oldham Athletic vs Chesterfield FC,2026-01-01 10:00:00,1X,1.3995,1.3806,,,,,7.507567421819447e-05,32,0.0090735409376787,0.0073943664329981,unibet,32,0.0189,1.24,8.49,League 2,Doble Chance,-0.0954,unibet:1.3995; unibet_se:1.3995; casumo:1.3995; unibet_nl:1.3995; leovegas:1.3995; tabtouch:1.3995; leovegas_se:1.3995; grosvenor:1.3995; betfair_ex_au:1.3914; betfair_ex_uk:1.3914; betfair_ex_eu:1.3914; paddypower:1.3895; coral:1.3895; ladbrokes_uk:1.3895; pinnacle:1.3863; sport888:1.3839; smarkets:1.3827; unibet_uk:1.3827; virginbet:1.3805; marathonbet:1.3792; betmgm:1.3739; draftkings:1.3726; coolbet:1.3714; williamhill:1.3714; betsson:1.3707; nordicbet:1.3707; skybet:1.3649; bovada:1.3638; pointsbetau:1.355; betway:1.3468; codere_it:1.3449; tipico_de:1.3382
Notts County vs Accrington Stanley,2026-01-01 10:00:00,X2,1.9888,1.8932,,,,,0.0002510548384075,32,0.0186222732027916,0.0163381333063321,unibet,32,0.0956,3.55,8.42,League 2,Doble Chance,-0.0974,unibet:1.9888; unibet_nl:1.9888; unibet_se:1.9888; casumo:1.9888; leovegas:1.9888; tabtouch:1.9888; grosvenor:1.9888; leovegas_se:1.9888; virginbet:1.9636; betfair_ex_au:1.9239; betfair_ex_uk:1.9239; betfair_ex_eu:1.9239; smarkets:1.9026; pinnacle:1.9009; marathonbet:1.8765; unibet_uk:1.872; betsson:1.8697; nordicbet:1.8697; coolbet:1.8667; paddypower:1.8667; coral:1.8667; ladbrokes_uk:1.8667; tipico_de:1.8446; betmgm:1.8378; bovada:1.8272; pointsbetau:1.8164; skybet:1.8164; sport888:1.8164; codere_it:1.8083; draftkings:1.8083; williamhill:1.8082; betway:1.7944
Barnet vs Crawley Town,2026-01-01 10:00:00,Under 2.5,2.12,1.992,0.0002854219266567,15.0,0.0198293572308502,0.0195137272582918,0.0003997153494825,15,0.0235309858583419,0.0229164944476964,betsson,15,0.128,4.73,7.78,League 2,Goles (Over/Under),0.0746,betsson:2.12; nordicbet:2.12; williamhill:2.1; bovada:2.1; tipico_de:2.1; betmgm:2.05; codere_it:2.04; unibet:1.91; unibet_nl:1.91; grosvenor:1.91; leovegas:1.91; unibet_se:1.91; casumo:1.91; tabtouch:1.91; leovegas_se:1.88
Barnet vs Crawley Town,2026-01-01 10:00:00,Over 2.5,1.78,1.7247,0.0002854219266567,15.0,0.0198293572308502,0.0195137272582918,0.0002814890080949,15,0.019478036469479,0.019067353121975,unibet,15,0.0553,3.33,8.54,League 2,Goles (Over/Under),-0.0211,unibet:1.78; unibet_nl:1.78; grosvenor:1.78; leovegas:1.78; unibet_se:1.78; casumo:1.78; tabtouch:1.78; leovegas_se:1.76; bovada:1.69; codere_it:1.67; betmgm:1.67; williamhill:1.67; betsson:1.65; nordicbet:1.65; tipico_de:1.65
Notts County vs Accrington Stanley,2026-01-01 10:00:00,Over 2.5,1.92,1.8024,0.0002798653941141,17.0,0.0196848595187102,0.0189742200784482,0.0004918717280964,17,0.0259424991991718,0.0246621037460715,coolbet,17,0.1176,4.69,7.03,League 2,Goles (Over/Under),0.1607,coolbet:1.92; pinnacle:1.92; williamhill:1.91; bovada:1.89; betsson:1.88; nordicbet:1.88; codere_it:1.85; betmgm:1.85; tipico_de:1.8; unibet:1.72; unibet_nl:1.72; unibet_se:1.72; casumo:1.72; leovegas:1.72; tabtouch:1.72; grosvenor:1.72; leovegas_se:1.7
Notts County vs Accrington Stanley,2026-01-01 10:00:00,Under 2.5,1.98,1.9047,0.0002798653941141,17.0,0.0196848595187102,0.0189742200784481,0.0002232248573882,17,0.0175625949488724,0.0166172315175431,unibet,17,0.0753,3.33,8.64,League 2,Goles (Over/Under),-0.0556,unibet:1.98; unibet_nl:1.97; unibet_se:1.97; casumo:1.97; leovegas:1.97; tabtouch:1.97; grosvenor:1.97; leovegas_se:1.95; tipico_de:1.9; pinnacle:1.88; bovada:1.85; betsson:1.85; nordicbet:1.85; betmgm:1.83; williamhill:1.83; codere_it:1.82; coolbet:1.82
Wycombe Wanderers vs Cardiff City,2026-01-01 10:00:00,Under 2.5,2.02,1.8788,0.0002291854327425,17.0,0.0178190520049223,0.0171924953210404,0.0004403266053726,17,0.0246435652796934,0.0237818298583957,pinnacle,17,0.1412,4.64,4.15,League 1,Goles (Over/Under),0.9036,pinnacle:2.02; nordicbet:1.98; betsson:1.98; tipico_de:1.97; codere_it:1.96; bovada:1.95; coolbet:1.94; betmgm:1.91; williamhill:1.91; unibet:1.79; unibet_se:1.79; grosvenor:1.79; leovegas:1.79; casumo:1.79; leovegas_se:1.79; tabtouch:1.79; unibet_nl:1.79
Wycombe Wanderers vs Cardiff City,2026-01-01 10:00:00,Over 2.5,1.89,1.8341,0.0002291854327425,17.0,0.0178190520049224,0.0171924953210404,0.0001706950701674,17,0.0152989313551497,0.0132513527374686,unibet,17,0.0559,2.76,8.78,League 1,Goles (Over/Under),-0.1002,unibet:1.89; unibet_se:1.88; grosvenor:1.88; leovegas:1.88; casumo:1.88; leovegas_se:1.88; tabtouch:1.88; unibet_nl:1.88; williamhill:1.83; pinnacle:1.83; codere_it:1.82; coolbet:1.8; bovada:1.8; nordicbet:1.78; betsson:1.78; betmgm:1.77; tipico_de:1.72
Doncaster Rovers vs Bolton Wanderers,2026-01-01 10:00:00,Under 2.5,2.01,1.8856,0.000222217162954,16.0,0.0175455414015036,0.0172899244160577,0.0003422310788006,16,0.0217356169847168,0.0212634927398285,codere_it,16,0.1244,4.12,6.25,League 1,Goles (Over/Under),0.2656,codere_it:2.01; nordicbet:1.98; betsson:1.98; betmgm:1.95; williamhill:1.95; bovada:1.95; coolbet:1.94; tipico_de:1.93; unibet:1.81; unibet_se:1.81; grosvenor:1.81; leovegas:1.81; tabtouch:1.81; casumo:1.81; leovegas_se:1.81; unibet_nl:1.81
Doncaster Rovers vs Bolton Wanderers,2026-01-01 10:00:00,Over 2.5,1.88,1.8269,0.000222217162954,16.0,0.0175455414015035,0.0172899244160576,0.0002005781919175,16,0.0165889549567849,0.0159670116077818,unibet,16,0.0531,3.01,8.44,League 1,Goles (Over/Under),-0.0628,unibet:1.88; unibet_se:1.88; grosvenor:1.88; leovegas:1.88; tabtouch:1.88; casumo:1.88; leovegas_se:1.88; unibet_nl:1.88; coolbet:1.8; bovada:1.8; nordicbet:1.78; betsson:1.78; codere_it:1.77; tipico_de:1.77; williamhill:1.75; betmgm:1.74
Rotherham United vs Peterborough United,2026-01-01 10:00:00,Under 2.5,1.95,1.8394,0.0001124546239945,17.0,0.0124839314265632,0.012113917491076,0.0002242615807131,17,0.0175643976246239,0.0165405480514819,pinnacle,17,0.1106,3.25,4.47,League 1,Goles (Over/Under),0.7472,pinnacle:1.95; coolbet:1.93; tipico_de:1.9; bovada:1.89; codere_it:1.88; nordicbet:1.88; betsson:1.88; betmgm:1.87; williamhill:1.85; unibet:1.78; unibet_se:1.78; grosvenor:1.78; leovegas:1.78; tabtouch:1.78; casumo:1.78; leovegas_se:1.78; unibet_nl:1.78
Rotherham United vs Peterborough United,2026-01-01 10:00:00,Over 2.5,1.91,1.8741,0.0001124546239945,17.0,0.0124839314265631,0.012113917491076,9.72977582244732e-05,17,0.0115781624668322,0.0101181314316821,unibet,17,0.0359,2.13,8.54,League 1,Goles (Over/Under),-0.0855,unibet:1.91; unibet_se:1.91; grosvenor:1.91; leovegas:1.91; tabtouch:1.91; casumo:1.91; leovegas_se:1.91; unibet_nl:1.91; coolbet:1.88; pinnacle:1.88; williamhill:1.85; bovada:1.85; nordicbet:1.85; betsson:1.85; betmgm:1.83; tipico_de:1.8; codere_it:1.79
Barrow vs Salford City,2026-01-01 10:00:00,Under 2.5,1.95,1.9018,0.0001117104575948,17.0,0.0124400716875254,0.0106832704331749,0.0001096282769998,17,0.0122996563920416,0.0106230180821323,pinnacle,17,0.0482,2.28,5.34,League 2,Goles (Over/Under),0.5318,pinnacle:1.95; unibet:1.94; leovegas_se:1.93; unibet_nl:1.93; leovegas:1.93; unibet_se:1.93; casumo:1.93; grosvenor:1.93; tabtouch:1.93; betsson:1.92; nordicbet:1.92; coolbet:1.89; bovada:1.87; codere_it:1.85; tipico_de:1.85; williamhill:1.83; betmgm:1.8
Barrow vs Salford City,2026-01-01 10:00:00,Over 2.5,1.91,1.8012,0.0001117104575948,17.0,0.0124400716875255,0.0106832704331749,0.0002062681300358,17,0.0168084773904937,0.0155753231543249,williamhill,17,0.1088,3.05,7.0,League 2,Goles (Over/Under),0.1686,williamhill:1.91; betmgm:1.87; bovada:1.87; coolbet:1.85; pinnacle:1.85; tipico_de:1.83; codere_it:1.82; betsson:1.82; nordicbet:1.82; unibet:1.75; unibet_nl:1.75; leovegas:1.75; unibet_se:1.75; casumo:1.75; grosvenor:1.75; tabtouch:1.75; leovegas_se:1.73
Crewe Alexandra vs Cheltenham Town,2026-01-01 10:00:00,Under 2.5,2.01,1.8865,0.0001066379668876,17.0,0.0121544384798779,0.0112750659067583,0.0002301928750669,17,0.0178333673844664,0.0161532964382584,pinnacle,17,0.1235,3.42,5.0,League 2,Goles (Over/Under),0.624,pinnacle:2.01; betsson:1.98; nordicbet:1.98; bovada:1.95; coolbet:1.94; tipico_de:1.93; williamhill:1.91; codere_it:1.88; betmgm:1.87; unibet:1.83; unibet_se:1.83; casumo:1.83; unibet_nl:1.83; leovegas:1.83; tabtouch:1.83; grosvenor:1.83; leovegas_se:1.81
Crewe Alexandra vs Cheltenham Town,2026-01-01 10:00:00,Over 2.5,1.85,1.8171,0.0001066379668876,17.0,0.0121544384798779,0.0112750659067584,6.766569703119711e-05,17,0.009630798671192,0.0086854449757098,unibet,17,0.0329,1.74,8.7,League 2,Goles (Over/Under),-0.0667,unibet:1.85; unibet_se:1.85; casumo:1.85; unibet_nl:1.85; leovegas:1.85; tabtouch:1.85; grosvenor:1.85; leovegas_se:1.83; pinnacle:1.81; coolbet:1.8; betmgm:1.8; williamhill:1.8; bovada:1.8; codere_it:1.79; betsson:1.78; nordicbet:1.78; tipico_de:1.75
Western Sydney Wanderers vs Macarthur FC,2026-01-01 03:00:00,Over 2.5,1.65,1.6338,0.0001021071366538,13.0,0.0117664837939498,0.0093484841995683,7.659786225621066e-05,13,0.0100097192893533,0.0085188273664629,williamhill,13,0.0162,1.6,7.12,A-League,Goles (Over/Under),0.1685,williamhill:1.65; unibet_se:1.65; leovegas_se:1.65; leovegas:1.65; unibet_nl:1.65; casumo:1.65; unibet:1.65; grosvenor:1.65; tabtouch:1.65; betmgm:1.62; codere_it:1.61; betsson:1.58; nordicbet:1.58
Western Sydney Wanderers vs Macarthur FC,2026-01-01 03:00:00,Under 2.5,2.28,2.1254,0.0001021071366538,13.0,0.0117664837939498,0.0093484841995683,0.0001639561964729,13,0.0150256532558039,0.012017708418969,betsson,13,0.1546,3.34,7.15,A-League,Goles (Over/Under),0.1636,betsson:2.28; nordicbet:2.28; williamhill:2.15; betmgm:2.15; codere_it:2.13; unibet_se:2.08; leovegas_se:2.08; leovegas:2.08; unibet_nl:2.08; casumo:2.08; unibet:2.08; grosvenor:2.08; tabtouch:2.08
Wigan Athletic vs Barnsley,2026-01-01 10:00:00,Over 2.5,2.05,1.9614,9.100563641346392e-05,14.0,0.0112087508987783,0.0105855344390589,0.0001749758195779,14,0.0155704312972144,0.0151392989481288,betmgm,14,0.0886,3.09,7.95,League 1,Goles (Over/Under),0.0277,betmgm:2.05; williamhill:2.05; codere_it:2.04; coolbet:2.02; bovada:2.02; tipico_de:2.0; unibet:1.91; casumo:1.91; leovegas_se:1.91; tabtouch:1.91; unibet_nl:1.91; grosvenor:1.91; unibet_se:1.91; leovegas:1.91
Wigan Athletic vs Barnsley,2026-01-01 10:00:00,Under 2.5,1.77,1.7507,9.100563641346392e-05,14.0,0.0112087508987782,0.0105855344390588,7.084353558135424e-05,14,0.0097900698009891,0.0082085866509783,unibet,14,0.0193,1.68,8.85,League 1,Goles (Over/Under),-0.0768,unibet:1.77; casumo:1.77; leovegas_se:1.77; tabtouch:1.77; unibet_nl:1.77; grosvenor:1.77; unibet_se:1.77; leovegas:1.77; codere_it:1.76; bovada:1.76; coolbet:1.74; williamhill:1.7; tipico_de:1.7; betmgm:1.69
Swindon Town vs Gillingham,2026-01-01 10:00:00,Over 2.5,1.98,1.86,8.557567304658296e-05,17.0,0.0108905430834988,0.0102042656648722,0.0001875290172886,17,0.016080686741231,0.0145305133327776,pinnacle,17,0.12,3.03,5.15,League 2,Goles (Over/Under),0.5767,pinnacle:1.98; bovada:1.93; betsson:1.92; nordicbet:1.92; betmgm:1.91; tipico_de:1.9; coolbet:1.89; codere_it:1.86; williamhill:1.85; unibet:1.81; unibet_nl:1.81; leovegas:1.81; unibet_se:1.81; grosvenor:1.81; casumo:1.81; tabtouch:1.81; leovegas_se:1.79
Swindon Town vs Gillingham,2026-01-01 10:00:00,Under 2.5,1.87,1.8418,8.557567304658296e-05,17.0,0.0108905430834988,0.0102042656648722,5.824740372211436e-05,17,0.0089456841345848,0.0077755875326313,unibet,17,0.0282,1.63,8.72,League 2,Goles (Over/Under),-0.0688,unibet:1.87; unibet_nl:1.87; leovegas:1.87; unibet_se:1.87; grosvenor:1.87; casumo:1.87; tabtouch:1.87; leovegas_se:1.85; coolbet:1.85; williamhill:1.85; pinnacle:1.83; bovada:1.82; betsson:1.82; nordicbet:1.82; codere_it:1.81; tipico_de:1.8; betmgm:1.77
Lincoln City vs Huddersfield Town,2026-01-01 10:00:00,Under 2.5,1.76,1.7337,8.124196572069882e-05,16.0,0.0105830158339109,0.0096241988676944,5.0149592322779086e-05,16,0.0082298569177875,0.0075193020096549,codere_it,16,0.0263,1.41,6.08,League 1,Goles (Over/Under),0.3191,codere_it:1.76; unibet:1.75; unibet_se:1.75; unibet_nl:1.75; leovegas:1.75; casumo:1.75; tabtouch:1.75; leovegas_se:1.75; grosvenor:1.75; williamhill:1.75; bovada:1.74; coolbet:1.7; nordicbet:1.7; betsson:1.7; tipico_de:1.7; betmgm:1.69
Lincoln City vs Huddersfield Town,2026-01-01 10:00:00,Over 2.5,2.08,1.9888,8.124196572069882e-05,16.0,0.0105830158339109,0.0096241988676944,0.0001726266256985,16,0.0154668670621934,0.0144924148039652,coolbet,16,0.0912,3.1,6.9,League 1,Goles (Over/Under),0.1623,coolbet:2.08; nordicbet:2.08; betsson:2.08; betmgm:2.05; bovada:2.05; codere_it:2.03; williamhill:2.0; tipico_de:2.0; unibet:1.94; unibet_se:1.93; unibet_nl:1.93; leovegas:1.93; casumo:1.93; tabtouch:1.93; leovegas_se:1.93; grosvenor:1.93
Sheffield United vs Leicester City,2026-01-01 12:30:00,Under 2.5,2.03,1.9306,7.827825815806957e-05,17.0,0.0104122179855509,0.009970050162028,0.0001133040866288,17,0.012526496661302,0.0110922890014831,pinnacle,17,0.0994,2.46,4.21,Championship,Goles (Over/Under),0.5321,pinnacle:2.03; bovada:2.02; betsson:1.98; nordicbet:1.98; codere_it:1.97; coolbet:1.96; tipico_de:1.93; betmgm:1.91; williamhill:1.91; unibet:1.9; casumo:1.89; leovegas_se:1.89; tabtouch:1.89; unibet_nl:1.89; unibet_se:1.89; grosvenor:1.89; leovegas:1.89
Sheffield United vs Leicester City,2026-01-01 12:30:00,Over 2.5,1.87,1.8318,7.827825815806957e-05,17.0,0.0104122179855509,0.009970050162028,0.0001111993609395,17,0.0123522356261885,0.0107652610374363,casumo,17,0.0382,2.23,6.39,Championship,Goles (Over/Under),0.0094,casumo:1.87; leovegas_se:1.87; tabtouch:1.87; unibet_nl:1.87; unibet_se:1.87; grosvenor:1.87; leovegas:1.87; unibet:1.87; williamhill:1.83; coolbet:1.82; pinnacle:1.82; bovada:1.82; codere_it:1.81; betsson:1.78; nordicbet:1.78; betmgm:1.77; tipico_de:1.75
Oldham Athletic vs Chesterfield FC,2026-01-01 10:00:00,Over 2.5,1.97,1.8765,7.800140034057105e-05,17.0,0.010395471186059,0.0094903151103811,0.000160499467016,17,0.0148854483257993,0.0138998007689103,coolbet,17,0.0935,2.82,6.94,League 2,Goles (Over/Under),0.1729,coolbet:1.97; betmgm:1.95; pinnacle:1.95; bovada:1.93; betsson:1.92; nordicbet:1.92; williamhill:1.91; codere_it:1.88; tipico_de:1.85; unibet:1.83; unibet_se:1.83; casumo:1.83; unibet_nl:1.83; leovegas:1.83; tabtouch:1.83; grosvenor:1.83; leovegas_se:1.81
Oldham Athletic vs Chesterfield FC,2026-01-01 10:00:00,Under 2.5,1.85,1.8253,7.800140034057105e-05,17.0,0.010395471186059,0.0094903151103812,6.576151332433465e-05,17,0.0094896875615807,0.0074063992276851,unibet,17,0.0247,1.69,8.7,League 2,Goles (Over/Under),-0.0644,unibet:1.85; unibet_se:1.85; casumo:1.85; unibet_nl:1.85; leovegas:1.85; tabtouch:1.85; grosvenor:1.85; pinnacle:1.85; leovegas_se:1.83; tipico_de:1.83; bovada:1.82; betsson:1.82; nordicbet:1.82; williamhill:1.8; codere_it:1.79; coolbet:1.78; betmgm:1.74
Leyton Orient vs Wimbledon,2026-01-01 10:00:00,Under 2.5,1.77,1.7325,7.515662582435735e-05,16.0,0.0101779650674284,0.0093414040934233,4.938538246822346e-05,16,0.0081693983240567,0.0074298643849356,codere_it,16,0.0375,1.41,6.0,League 1,Goles (Over/Under),0.325,codere_it:1.77; unibet:1.75; grosvenor:1.75; unibet_se:1.75; leovegas:1.75; casumo:1.75; leovegas_se:1.75; unibet_nl:1.75; tabtouch:1.75; coolbet:1.73; tipico_de:1.72; bovada:1.71; williamhill:1.7; nordicbet:1.7; betsson:1.7; betmgm:1.69
Leyton Orient vs Wimbledon,2026-01-01 10:00:00,Over 2.5,2.08,1.9931,7.515662582435735e-05,16.0,0.0101779650674284,0.0093414040934233,0.0001492263577922,16,0.0143808219111889,0.0136763665917556,bovada,16,0.0869,2.9,6.56,League 1,Goles (Over/Under),0.2119,bovada:2.08; nordicbet:2.08; betsson:2.08; betmgm:2.05; williamhill:2.05; coolbet:2.03; codere_it:2.02; tipico_de:1.97; unibet:1.95; grosvenor:1.94; unibet_se:1.94; leovegas:1.94; casumo:1.94; leovegas_se:1.94; unibet_nl:1.94; tabtouch:1.94
Sunderland vs Manchester City,2026-01-01 15:00:00,Under 2.75,2.07,2.01,7.443618246967955e-05,2.0,0.0101490132903745,0.0101490132903745,0.0001594249817293,2,0.0148643626904496,0.0148643626904496,pinnacle,2,0.06,2.99,2.95,EPL,Goles (Over/Under),0.3085,pinnacle:2.07; bovada:1.95
Sunderland vs Manchester City,2026-01-01 15:00:00,Over 2.75,1.87,1.85,7.443618246967955e-05,2.0,0.0101490132903744,0.0101490132903744,2.4803360860834595e-05,2,0.0058443645714619,0.0058443645714619,bovada,2,0.02,1.08,4.76,EPL,Goles (Over/Under),-0.1891,bovada:1.87; pinnacle:1.83
Bromley FC vs Newport County,2026-01-01 10:00:00,Over 2.5,1.83,1.7624,7.010068231251097e-05,17.0,0.0098404470712342,0.0086557216778177,0.0001073901374128,17,0.0120849943438275,0.0093364753762684,pinnacle,17,0.0676,2.13,5.15,League 2,Goles (Over/Under),0.5922,pinnacle:1.83; betsson:1.82; nordicbet:1.82; unibet:1.77; unibet_nl:1.77; casumo:1.77; unibet_se:1.77; leovegas:1.77; tabtouch:1.77; grosvenor:1.77; bovada:1.77; leovegas_se:1.75; coolbet:1.74; codere_it:1.73; betmgm:1.71; williamhill:1.7; tipico_de:1.7
Bromley FC vs Newport County,2026-01-01 10:00:00,Under 2.5,2.05,1.9453,7.010068231251097e-05,17.0,0.0098404470712342,0.0086557216778178,0.0001125571030755,17,0.0124868877137295,0.0111540631457296,williamhill,17,0.1047,2.47,7.6,League 2,Goles (Over/Under),0.0789,williamhill:2.05; coolbet:2.02; bovada:2.0; tipico_de:2.0; betmgm:1.98; pinnacle:1.98; codere_it:1.95; betsson:1.92; nordicbet:1.92; unibet:1.91; unibet_nl:1.91; casumo:1.91; unibet_se:1.91; leovegas:1.91; tabtouch:1.91; grosvenor:1.91; leovegas_se:1.88
Cambridge United vs Walsall,2026-01-01 10:00:00,Over 2.0,1.97,1.9033,6.0425647932116826e-05,3.0,0.0091511554710752,0.0075823855351414,0.0001347200982387,3,0.0136490889605713,0.0120916984989179,pinnacle,3,0.0667,2.62,5.11,League 2,Goles (Over/Under),0.2427,pinnacle:1.97; bovada:1.89; coolbet:1.85
Cambridge United vs Walsall,2026-01-01 10:00:00,Under 2.0,1.89,1.86,6.0425647932116826e-05,3.0,0.0091511554710752,0.0075823855351414,2.789485163177171e-05,3,0.0062023582728355,0.0057372762686771,coolbet,3,0.03,1.16,6.96,League 2,Goles (Over/Under),-0.0876,coolbet:1.89; bovada:1.85; pinnacle:1.84
Preston North End vs Sheffield Wednesday,2026-01-01 10:00:00,Over 2.5,1.85,1.7727,5.9825808303900765e-05,15.0,0.009091300816038,0.0088821280998486,9.429268658525604e-05,15,0.0113565379452071,0.0095117405851869,pinnacle,15,0.0773,2.06,4.05,Championship,Goles (Over/Under),0.6049,pinnacle:1.85; bovada:1.85; coolbet:1.82; williamhill:1.8; betmgm:1.77; codere_it:1.75; unibet_nl:1.75; grosvenor:1.75; unibet:1.75; unibet_se:1.75; tabtouch:1.75; leovegas_se:1.75; leovegas:1.75; casumo:1.75; tipico_de:1.75
Preston North End vs Sheffield Wednesday,2026-01-01 10:00:00,Under 2.5,2.04,1.9987,5.9825808303900765e-05,15.0,0.0090913008160381,0.0088821280998487,0.0001091880457552,15,0.012301131994926,0.0112153856543132,unibet_nl,15,0.0413,2.42,6.16,Championship,Goles (Over/Under),0.0552,unibet_nl:2.04; grosvenor:2.04; unibet:2.04; unibet_se:2.04; tabtouch:2.04; leovegas_se:2.04; leovegas:2.04; casumo:2.04; pinnacle:2.0; bovada:1.98; coolbet:1.96; williamhill:1.95; codere_it:1.93; tipico_de:1.93; betmgm:1.91
Queens Park Rangers vs Norwich City,2026-01-01 10:00:00,Over 2.5,1.92,1.84,5.4920605761803446e-05,17.0,0.0087240671710425,0.0079117919145643,9.948398156025295e-05,17,0.0117078670611785,0.0102227405162035,pinnacle,17,0.08,2.2,3.9,Championship,Goles (Over/Under),0.7359,pinnacle:1.92; bovada:1.91; betsson:1.9; nordicbet:1.9; coolbet:1.87; betmgm:1.83; williamhill:1.83; tipico_de:1.83; codere_it:1.81; grosvenor:1.81; leovegas_se:1.81; leovegas:1.81; unibet_nl:1.81; casumo:1.81; unibet:1.81; unibet_se:1.81; tabtouch:1.81
Queens Park Rangers vs Norwich City,2026-01-01 10:00:00,Under 2.5,1.95,1.9094,5.4920605761803446e-05,17.0,0.0087240671710425,0.0079117919145643,7.65121326067377e-05,17,0.0102827895686767,0.0090360175889168,unibet,17,0.0406,1.94,6.53,Championship,Goles (Over/Under),0.0368,unibet:1.95; grosvenor:1.94; leovegas_se:1.94; leovegas:1.94; unibet_nl:1.94; casumo:1.94; unibet_se:1.94; tabtouch:1.94; pinnacle:1.93; williamhill:1.91; bovada:1.91; coolbet:1.9; betmgm:1.87; codere_it:1.86; betsson:1.85; nordicbet:1.85; tipico_de:1.85
Auckland FC vs Newcastle Jets FC,2025-12-31 23:00:00,Over 3.5,2.15,2.1062,4.9974497075129294e-05,13.0,0.0082684243442049,0.0073612332654545,4.221398951337762e-05,13,0.0076440862707196,0.0054718064016375,coolbet,13,0.0438,1.56,3.98,A-League,Goles (Over/Under),1.0503,coolbet:2.15; leovegas_se:2.12; grosvenor:2.12; leovegas:2.12; unibet_nl:2.12; unibet:2.12; casumo:2.12; unibet_se:2.12; tabtouch:2.12; betmgm:2.1; betsson:2.08; nordicbet:2.08; codere_it:2.01
Auckland FC vs Newcastle Jets FC,2025-12-31 23:00:00,Under 3.5,1.74,1.6492,4.9974497075129294e-05,13.0,0.0082684243442048,0.0073612332654545,0.0001633996647106,13,0.0147444128605458,0.0130139587011595,coolbet,13,0.0908,2.49,3.98,A-League,Goles (Over/Under),1.0503,coolbet:1.74; betsson:1.7; nordicbet:1.7; codere_it:1.69; betmgm:1.65; leovegas_se:1.62; grosvenor:1.62; leovegas:1.62; unibet_nl:1.62; unibet:1.62; casumo:1.62; unibet_se:1.62; tabtouch:1.62
Liverpool vs Leeds United,2026-01-01 12:30:00,Under 2.5,2.38,2.3043,4.857903518523492e-05,14.0,0.0080705927839544,0.0077679125346935,0.0001001675255712,14,0.0116887255642709,0.0102852679209771,leovegas,14,0.0757,2.66,4.52,EPL,Goles (Over/Under),0.3827,leovegas:2.38; leovegas_se:2.38; casumo:2.35; unibet_se:2.35; tabtouch:2.35; unibet_nl:2.35; grosvenor:2.35; nordicbet:2.3; betsson:2.3; tipico_de:2.25; mybookieag:2.25; williamhill:2.25; codere_it:2.2; betmgm:2.2
Liverpool vs Leeds United,2026-01-01 12:30:00,Over 2.5,1.62,1.5921,4.857903518523492e-05,14.0,0.0080705927839543,0.0077679125346934,5.00284089124094e-05,14,0.0080498402796397,0.0075043798163065,williamhill,14,0.0279,1.28,6.17,EPL,Goles (Over/Under),0.013,williamhill:1.62; nordicbet:1.62; betsson:1.62; betmgm:1.61; tipico_de:1.6; mybookieag:1.6; leovegas:1.6; leovegas_se:1.6; codere_it:1.57; casumo:1.57; unibet_se:1.57; tabtouch:1.57; unibet_nl:1.57; grosvenor:1.57
Reading vs Burton Albion,2026-01-01 10:00:00,Under 2.5,1.96,1.8418,4.5339305827012566e-05,17.0,0.007927420007406,0.006732891776998,0.000111481660821,17,0.0123975729840262,0.0105296479361619,pinnacle,17,0.1182,2.35,4.5,League 1,Goles (Over/Under),0.74,pinnacle:1.96; tipico_de:1.9; codere_it:1.89; nordicbet:1.88; betsson:1.88; williamhill:1.85; betmgm:1.83; coolbet:1.82; bovada:1.82; unibet:1.81; unibet_se:1.81; grosvenor:1.81; leovegas:1.81; casumo:1.81; leovegas_se:1.81; tabtouch:1.81; unibet_nl:1.81
Reading vs Burton Albion,2026-01-01 10:00:00,Over 2.5,1.93,1.8694,4.5339305827012566e-05,17.0,0.0079274200074059,0.006732891776998,4.30846033006262e-05,17,0.0077072454193706,0.0043556899920239,bovada,17,0.0606,1.44,6.76,League 1,Goles (Over/Under),0.1583,bovada:1.93; coolbet:1.92; codere_it:1.88; unibet:1.87; unibet_se:1.87; grosvenor:1.87; leovegas:1.87; casumo:1.87; leovegas_se:1.87; tabtouch:1.87; unibet_nl:1.87; betmgm:1.87; pinnacle:1.87; williamhill:1.85; nordicbet:1.85; betsson:1.85; tipico_de:1.8
Brentford vs Tottenham Hotspur,2026-01-01 15:00:00,Over 2.5,1.95,1.8788,4.1188025571363006e-05,17.0,0.0075558117937911,0.007150290265379,7.810364339741242e-05,17,0.0103878478165552,0.009443092209501,pinnacle,17,0.0712,1.98,3.1,EPL,Goles (Over/Under),0.7935,pinnacle:1.95; coolbet:1.95; codere_it:1.92; nordicbet:1.92; betsson:1.92; tipico_de:1.9; bovada:1.87; mybookieag:1.86; williamhill:1.85; betmgm:1.85; leovegas:1.85; unibet_nl:1.85; unibet_se:1.85; leovegas_se:1.85; grosvenor:1.85; casumo:1.85; tabtouch:1.85
Brentford vs Tottenham Hotspur,2026-01-01 15:00:00,Under 2.5,1.95,1.9124,4.1188025571363006e-05,17.0,0.0075558117937911,0.007150290265379,7.676390091736412e-05,17,0.0103004629994064,0.0093073441243748,leovegas,17,0.0376,1.94,5.34,EPL,Goles (Over/Under),0.0412,leovegas:1.95; leovegas_se:1.95; bovada:1.95; unibet_nl:1.94; unibet_se:1.94; grosvenor:1.94; casumo:1.94; tabtouch:1.94; codere_it:1.93; pinnacle:1.93; coolbet:1.91; mybookieag:1.88; nordicbet:1.88; betsson:1.88; tipico_de:1.85; williamhill:1.85; betmgm:1.85
Harrogate Town vs Tranmere Rovers,2026-01-01 10:00:00,Under 2.5,1.87,1.7847,4.107788288024975e-05,17.0,0.0075419830932613,0.0066854566057565,0.0001210426621074,17,0.0128660318576228,0.0116060719891648,pinnacle,17,0.0853,2.32,5.29,League 2,Goles (Over/Under),0.5539,pinnacle:1.87; coolbet:1.85; tipico_de:1.83; bovada:1.82; betsson:1.82; nordicbet:1.82; williamhill:1.8; codere_it:1.78; betmgm:1.77; unibet:1.75; unibet_nl:1.75; leovegas:1.75; unibet_se:1.75; casumo:1.75; grosvenor:1.75; tabtouch:1.75; leovegas_se:1.73
Harrogate Town vs Tranmere Rovers,2026-01-01 10:00:00,Over 2.5,1.94,1.9176,4.107788288024975e-05,17.0,0.0075419830932612,0.0066854566057565,2.663619803387601e-05,17,0.0060672089829892,0.0044887827954961,unibet,17,0.0224,1.14,8.69,League 2,Goles (Over/Under),-0.0541,unibet:1.94; leovegas_se:1.93; unibet_nl:1.93; leovegas:1.93; unibet_se:1.93; casumo:1.93; grosvenor:1.93; tabtouch:1.93; bovada:1.93; pinnacle:1.93; betsson:1.92; nordicbet:1.92; betmgm:1.91; williamhill:1.91; codere_it:1.89; coolbet:1.89; tipico_de:1.85
Swansea City vs West Bromwich Albion,2026-01-01 10:00:00,Over 2.5,2.2,2.1627,3.681899597294768e-05,15.0,0.0070851826275051,0.0061150777982486,8.091160010189413e-05,15,0.0105674450216737,0.0094228065381323,casumo,15,0.0373,2.24,6.43,Championship,Goles (Over/Under),0.0762,casumo:2.2; leovegas_se:2.2; tabtouch:2.2; grosvenor:2.2; unibet_se:2.2; leovegas:2.2; unibet_nl:2.2; unibet:2.2; coolbet:2.19; williamhill:2.15; betsson:2.12; nordicbet:2.12; codere_it:2.11; betmgm:2.1; tipico_de:2.05
Swansea City vs West Bromwich Albion,2026-01-01 10:00:00,Under 2.5,1.68,1.6487,3.681899597294768e-05,15.0,0.0070851826275051,0.0061150777982487,2.670816278411261e-05,15,0.0059495797535807,0.0047796574167087,betsson,15,0.0313,0.99,6.69,Championship,Goles (Over/Under),0.0344,betsson:1.68; nordicbet:1.68; tipico_de:1.67; coolbet:1.66; betmgm:1.65; williamhill:1.65; casumo:1.64; leovegas_se:1.64; tabtouch:1.64; grosvenor:1.64; unibet_se:1.64; leovegas:1.64; unibet_nl:1.64; unibet:1.64; codere_it:1.62
Stevenage vs Plymouth Argyle,2026-01-01 10:00:00,Under 2.5,1.68,1.6113,3.6557152549515686e-05,16.0,0.0070305136002029,0.0042000722659986,6.913426286351465e-05,16,0.0095260924058555,0.0072879241025448,codere_it,16,0.0687,1.57,6.04,League 1,Goles (Over/Under),0.3377,codere_it:1.68; bovada:1.65; coolbet:1.64; williamhill:1.62; tipico_de:1.62; betmgm:1.61; unibet:1.6; unibet_se:1.6; grosvenor:1.6; leovegas:1.6; casumo:1.6; leovegas_se:1.6; tabtouch:1.6; unibet_nl:1.6; nordicbet:1.58; betsson:1.58
Stevenage vs Plymouth Argyle,2026-01-01 10:00:00,Over 2.5,2.28,2.1744,3.6557152549515686e-05,16.0,0.0070305136002029,0.0042000722659985,4.977634857015923e-05,16,0.0082668206025837,0.0055326829295905,nordicbet,16,0.1056,1.87,7.15,League 1,Goles (Over/Under),0.1301,nordicbet:2.28; betsson:2.28; bovada:2.18; coolbet:2.17; unibet:2.16; unibet_se:2.16; grosvenor:2.16; leovegas:2.16; casumo:2.16; leovegas_se:2.16; tabtouch:2.16; unibet_nl:2.16; codere_it:2.15; betmgm:2.15; williamhill:2.15; tipico_de:2.15
Hull City vs Stoke City,2026-01-01 10:00:00,Over 2.5,2.03,1.9587,3.613980850745272e-05,15.0,0.0070684132226778,0.0063420790988395,3.658577998869114e-05,15,0.0071206584777008,0.0060665981407763,coolbet,15,0.0713,1.42,6.08,Championship,Goles (Over/Under),0.1776,coolbet:2.03; williamhill:2.0; betsson:1.98; nordicbet:1.98; codere_it:1.98; betmgm:1.95; unibet:1.95; casumo:1.94; unibet_nl:1.94; unibet_se:1.94; tabtouch:1.94; grosvenor:1.94; leovegas:1.94; leovegas_se:1.94; tipico_de:1.93
Hull City vs Stoke City,2026-01-01 10:00:00,Under 2.5,1.81,1.7833,3.613980850745272e-05,15.0,0.0070684132226778,0.0063420790988395,7.851660469983483e-05,15,0.0103422530317551,0.0090125594350506,casumo,15,0.0267,1.82,6.8,Championship,Goles (Over/Under),0.0529,casumo:1.81; unibet_nl:1.81; unibet:1.81; unibet_se:1.81; tabtouch:1.81; grosvenor:1.81; leovegas:1.81; leovegas_se:1.81; betsson:1.78; nordicbet:1.78; coolbet:1.76; williamhill:1.75; tipico_de:1.75; betmgm:1.74; codere_it:1.71
Mansfield Town vs Bradford City,2026-01-01 10:00:00,Over 2.5,2.0,1.9224,3.350517294127754e-05,17.0,0.0068120518964187,0.0051457502672162,7.701633763375638e-05,17,0.0103239487051265,0.0080978420463785,pinnacle,17,0.0776,2.0,4.35,League 1,Goles (Over/Under),0.7954,pinnacle:2.0; nordicbet:1.98; betsson:1.98; coolbet:1.97; codere_it:1.94; unibet:1.91; casumo:1.91; leovegas_se:1.91; tabtouch:1.91; unibet_nl:1.91; grosvenor:1.91; unibet_se:1.91; leovegas:1.91; bovada:1.91; tipico_de:1.9; betmgm:1.87; williamhill:1.85
Mansfield Town vs Bradford City,2026-01-01 10:00:00,Under 2.5,1.85,1.7935,3.350517294127754e-05,17.0,0.0068120518964187,0.0051457502672162,6.141168944247159e-05,17,0.0091721170454454,0.0082738193679837,williamhill,17,0.0565,1.67,8.11,League 1,Goles (Over/Under),-0.037,williamhill:1.85; codere_it:1.84; pinnacle:1.84; betmgm:1.83; bovada:1.83; tipico_de:1.8; coolbet:1.78; nordicbet:1.78; betsson:1.78; unibet:1.77; casumo:1.77; leovegas_se:1.77; tabtouch:1.77; unibet_nl:1.77; grosvenor:1.77; unibet_se:1.77; leovegas:1.77
Port Vale vs Blackpool,2026-01-01 10:00:00,Under 2.5,1.78,1.7363,3.337223891847662e-05,16.0,0.0067851031363407,0.0062509332213164,2.4205706996842827e-05,16,0.0057252316360558,0.0039722243521658,codere_it,16,0.0437,0.99,5.93,League 1,Goles (Over/Under),0.3845,codere_it:1.78; tipico_de:1.75; unibet:1.74; unibet_se:1.74; grosvenor:1.74; leovegas:1.74; casumo:1.74; leovegas_se:1.74; tabtouch:1.74; unibet_nl:1.74; coolbet:1.74; bovada:1.74; nordicbet:1.72; betsson:1.72; betmgm:1.71; williamhill:1.7
Port Vale vs Blackpool,2026-01-01 10:00:00,Over 2.5,2.05,1.9769,3.337223891847662e-05,16.0,0.0067851031363407,0.0062509332213165,8.795807310365837e-05,16,0.0110411130475295,0.0105467357409992,williamhill,16,0.0731,2.2,7.6,League 1,Goles (Over/Under),0.0803,williamhill:2.05; bovada:2.05; coolbet:2.02; nordicbet:2.02; betsson:2.02; codere_it:2.01; betmgm:2.0; unibet:1.95; unibet_se:1.94; grosvenor:1.94; leovegas:1.94; casumo:1.94; leovegas_se:1.94; tabtouch:1.94; unibet_nl:1.94; tipico_de:1.93
Central Coast Mariners vs Brisbane Roar,2025-12-31 03:00:00,Under 2.5,1.87,1.7844,3.0815215493182965e-05,16.0,0.0065321303360109,0.0040568306876846,9.116916861955026e-05,16,0.0111771961758302,0.0089001740350363,pinnacle,16,0.0856,2.05,2.98,A-League,Goles (Over/Under),1.5134,pinnacle:1.87; williamhill:1.85; coolbet:1.85; bovada:1.8; betsson:1.78; nordicbet:1.78; codere_it:1.77; betmgm:1.77; tabtouch:1.76; leovegas:1.76; leovegas_se:1.76; casumo:1.76; unibet_nl:1.76; grosvenor:1.76; unibet:1.76; unibet_se:1.76
Central Coast Mariners vs Brisbane Roar,2025-12-31 03:00:00,Over 2.5,2.05,1.9456,3.0815215493182965e-05,16.0,0.0065321303360109,0.0040568306876847,0.0001121427456773,16,0.0124611863570584,0.009804390422849,bovada,16,0.1044,2.44,4.34,A-League,Goles (Over/Under),0.7258,bovada:2.05; pinnacle:2.02; coolbet:2.0; betsson:1.98; nordicbet:1.98; tabtouch:1.93; leovegas:1.93; leovegas_se:1.93; casumo:1.93; unibet_nl:1.93; grosvenor:1.93; unibet:1.93; unibet_se:1.93; betmgm:1.91; codere_it:1.9; williamhill:1.85
Shrewsbury Town vs Bristol Rovers,2026-01-01 10:00:00,Over 2.5,2.08,2.0531,3.0221580807669386e-05,16.0,0.0064448316253335,0.0050056910325968,3.386452773380241e-05,16,0.0068504787090997,0.0051535047326544,coolbet,16,0.0269,1.37,6.9,League 2,Goles (Over/Under),0.2029,coolbet:2.08; bovada:2.08; unibet:2.07; unibet_nl:2.07; unibet_se:2.07; casumo:2.07; leovegas:2.07; tabtouch:2.07; grosvenor:2.07; leovegas_se:2.05; betmgm:2.05; williamhill:2.05; codere_it:2.04; betsson:2.02; nordicbet:2.02; tipico_de:1.97
Shrewsbury Town vs Bristol Rovers,2026-01-01 10:00:00,Under 2.5,1.72,1.6787,3.0221580807669386e-05,16.0,0.0064448316253335,0.0050056910325968,6.24328428282225e-05,16,0.0091381529061567,0.0082503418841977,betsson,16,0.0413,1.55,7.64,League 2,Goles (Over/Under),0.0864,betsson:1.72; nordicbet:1.72; tipico_de:1.72; bovada:1.71; coolbet:1.7; betmgm:1.69; codere_it:1.67; williamhill:1.67; unibet:1.66; unibet_nl:1.66; unibet_se:1.66; casumo:1.66; leovegas:1.66; tabtouch:1.66; grosvenor:1.66; leovegas_se:1.64
Fleetwood Town vs Grimsby Town,2026-01-01 10:00:00,Over 2.5,1.81,1.7847,2.983276381581398e-05,17.0,0.0064248949147707,0.0054022361476854,2.7777117629427403e-05,17,0.0061486915245771,0.004051549709824,pinnacle,17,0.0253,1.07,5.25,League 2,Goles (Over/Under),0.5619,pinnacle:1.81; coolbet:1.8; williamhill:1.8; bovada:1.8; unibet:1.79; unibet_nl:1.79; unibet_se:1.79; casumo:1.79; leovegas:1.79; tabtouch:1.79; grosvenor:1.79; codere_it:1.78; betsson:1.78; nordicbet:1.78; leovegas_se:1.77; betmgm:1.77; tipico_de:1.72
Fleetwood Town vs Grimsby Town,2026-01-01 10:00:00,Under 2.5,2.0,1.9182,2.983276381581398e-05,17.0,0.0064248949147706,0.0054022361476854,9.90125509756688e-05,17,0.0117063211630202,0.0108502992986469,pinnacle,17,0.0818,2.27,5.25,League 2,Goles (Over/Under),0.5619,pinnacle:2.0; betsson:1.98; nordicbet:1.98; tipico_de:1.97; williamhill:1.95; bovada:1.95; coolbet:1.94; betmgm:1.91; unibet:1.89; codere_it:1.89; unibet_nl:1.88; unibet_se:1.88; casumo:1.88; leovegas:1.88; tabtouch:1.88; grosvenor:1.88; leovegas_se:1.87
Exeter City vs Luton,2026-01-01 10:00:00,Under 2.5,1.74,1.6769,2.794244505073803e-05,16.0,0.006192408510717,0.0054324280927417,8.406093217952149e-05,16,0.0106041192287811,0.0095225995295002,codere_it,16,0.0631,1.8,6.01,League 1,Goles (Over/Under),0.3145,codere_it:1.74; williamhill:1.73; nordicbet:1.7; betsson:1.7; tipico_de:1.7; betmgm:1.69; bovada:1.69; coolbet:1.68; unibet:1.65; grosvenor:1.65; unibet_se:1.65; casumo:1.65; tabtouch:1.65; leovegas:1.65; unibet_nl:1.65; leovegas_se:1.65
Exeter City vs Luton,2026-01-01 10:00:00,Over 2.5,2.11,2.0731,2.794244505073803e-05,16.0,0.006192408510717,0.0054324280927417,2.3202197980082428e-05,16,0.0056691384601264,0.003916359835389,coolbet,16,0.0369,1.15,6.92,League 1,Goles (Over/Under),0.1416,coolbet:2.11; bovada:2.1; unibet:2.08; grosvenor:2.08; unibet_se:2.08; casumo:2.08; tabtouch:2.08; leovegas:2.08; unibet_nl:2.08; leovegas_se:2.08; nordicbet:2.08; betsson:2.08; codere_it:2.06; betmgm:2.05; williamhill:2.05; tipico_de:2.0
Crystal Palace vs Fulham,2026-01-01 12:30:00,Over 2.5,2.13,2.0319,2.3481634042420337e-05,16.0,0.0056939463540183,0.0031224877444305,6.572063806605527e-05,16,0.0095420693858723,0.0070331215172873,coolbet,16,0.0981,1.94,3.45,EPL,Goles (Over/Under),0.6493,coolbet:2.13; tipico_de:2.05; nordicbet:2.05; betsson:2.05; leovegas_se:2.05; leovegas:2.05; tabtouch:2.04; unibet_se:2.04; unibet_nl:2.04; grosvenor:2.04; casumo:2.04; mybookieag:2.02; williamhill:2.0; codere_it:1.98; bovada:1.98; betmgm:1.95
Crystal Palace vs Fulham,2026-01-01 12:30:00,Under 2.5,1.85,1.7719,2.3481634042420337e-05,16.0,0.0056939463540183,0.0031224877444306,6.464204099141192e-05,16,0.0093878711274795,0.006858090288182,bovada,16,0.0781,1.67,4.56,EPL,Goles (Over/Under),0.2478,bovada:1.85; leovegas_se:1.79; leovegas:1.79; nordicbet:1.78; betsson:1.78; tabtouch:1.78; unibet_se:1.78; unibet_nl:1.78; grosvenor:1.78; casumo:1.78; coolbet:1.77; tipico_de:1.75; williamhill:1.75; mybookieag:1.74; betmgm:1.74; codere_it:1.71
Colchester United vs Milton Keynes Dons,2026-01-01 10:00:00,Over 2.5,2.08,1.9919,2.277613321208129e-05,16.0,0.0055999774385841,0.0038639705173523,7.377538358226192e-05,16,0.0101117348339398,0.0083560318569956,betsson,16,0.0881,2.06,6.9,League 2,Goles (Over/Under),0.2246,betsson:2.08; nordicbet:2.08; bovada:2.05; coolbet:2.02; williamhill:2.0; unibet:1.98; unibet_se:1.97; casumo:1.97; unibet_nl:1.97; leovegas:1.97; tabtouch:1.97; grosvenor:1.97; tipico_de:1.97; leovegas_se:1.96; codere_it:1.96; betmgm:1.95
Colchester United vs Milton Keynes Dons,2026-01-01 10:00:00,Under 2.5,1.75,1.7175,2.277613321208129e-05,16.0,0.0055999774385841,0.0038639705173524,2.044532895431168e-05,16,0.0052547385439711,0.0044223968868347,williamhill,16,0.0325,0.91,7.14,League 2,Goles (Over/Under),0.1835,williamhill:1.75; coolbet:1.74; betmgm:1.74; bovada:1.74; codere_it:1.72; tipico_de:1.72; unibet:1.71; unibet_se:1.71; casumo:1.71; unibet_nl:1.71; leovegas:1.71; tabtouch:1.71; grosvenor:1.71; leovegas_se:1.7; betsson:1.7; nordicbet:1.7
Bristol City vs Portsmouth,2026-01-01 10:00:00,Over 2.5,1.88,1.8312,2.2486781515344065e-05,17.0,0.0055823083547636,0.0046310464265907,2.954559090531906e-05,17,0.006376277841564,0.0050253629075531,pinnacle,17,0.0488,1.18,3.95,Championship,Goles (Over/Under),0.7139,pinnacle:1.88; coolbet:1.87; bovada:1.87; williamhill:1.85; codere_it:1.83; betmgm:1.83; betsson:1.82; nordicbet:1.82; unibet:1.82; unibet_se:1.82; tabtouch:1.82; grosvenor:1.82; leovegas:1.82; leovegas_se:1.82; unibet_nl:1.82; casumo:1.82; tipico_de:1.8
Bristol City vs Portsmouth,2026-01-01 10:00:00,Under 2.5,1.97,1.9182,2.2486781515344065e-05,17.0,0.0055823083547636,0.0046310464265906,7.615263604837761e-05,17,0.0102585289146853,0.0081929251137925,pinnacle,17,0.0518,1.93,3.95,Championship,Goles (Over/Under),0.7139,pinnacle:1.97; betsson:1.95; nordicbet:1.95; bovada:1.95; unibet:1.94; unibet_se:1.93; tabtouch:1.93; grosvenor:1.93; leovegas:1.93; leovegas_se:1.93; unibet_nl:1.93; casumo:1.93; coolbet:1.9; tipico_de:1.9; betmgm:1.85; williamhill:1.85; codere_it:1.84
Blackburn Rovers vs Wrexham AFC,2026-01-01 07:30:00,Under 2.5,1.82,1.7847,2.000771376691653e-05,17.0,0.005256667283725,0.0037132791604929,3.40327975817203e-05,17,0.0068123549326398,0.0049950478596251,codere_it,17,0.0353,1.2,5.97,Championship,Goles (Over/Under),0.0871,codere_it:1.82; pinnacle:1.81; williamhill:1.8; bovada:1.8; leovegas_se:1.79; grosvenor:1.79; unibet_nl:1.79; unibet:1.79; unibet_se:1.79; tabtouch:1.79; casumo:1.79; leovegas:1.79; nordicbet:1.78; betsson:1.78; tipico_de:1.75; coolbet:1.74; betmgm:1.74
Blackburn Rovers vs Wrexham AFC,2026-01-01 07:30:00,Over 2.5,2.06,1.9829,2.000771376691653e-05,17.0,0.005256667283725,0.0037132791604929,5.578810455224447e-05,17,0.008793476018358,0.0064349382733758,coolbet,17,0.0771,1.79,6.01,Championship,Goles (Over/Under),0.0799,coolbet:2.06; pinnacle:2.06; bovada:2.05; nordicbet:1.98; betsson:1.98; unibet:1.98; leovegas_se:1.97; grosvenor:1.97; unibet_nl:1.97; unibet_se:1.97; tabtouch:1.97; casumo:1.97; leovegas:1.97; codere_it:1.96; betmgm:1.95; williamhill:1.95; tipico_de:1.95
Cambridge United vs Walsall,2026-01-01 10:00:00,Under 2.5,1.47,1.46,1.7292022848133385e-05,3.0,0.0047290122259559,0.0044432471730691,3.74603027836172e-05,3,0.0066809030724352,0.0062988158226253,codere_it,3,0.01,0.97,9.01,League 2,Goles (Over/Under),0.01,codere_it:1.47; tipico_de:1.47; williamhill:1.44
Cambridge United vs Walsall,2026-01-01 10:00:00,Over 2.5,2.5,2.4633,1.7292022848133385e-05,3.0,0.0047290122259559,0.0044432471730691,1.382277928111811e-05,3,0.0042970965283432,0.0039998513066428,williamhill,3,0.0367,1.07,9.44,League 2,Goles (Over/Under),-0.036,williamhill:2.5; tipico_de:2.45; codere_it:2.44
Sunderland vs Manchester City,2026-01-01 15:00:00,Under 2.5,2.28,2.23,1.574235127287678e-05,14.0,0.0046223808315265,0.0032171183691276,5.8520729141779874e-05,14,0.0089662343681154,0.0076164857595177,leovegas,14,0.05,1.96,4.47,EPL,Goles (Over/Under),0.3244,leovegas:2.28; leovegas_se:2.28; tipico_de:2.25; nordicbet:2.25; betsson:2.25; tabtouch:2.25; grosvenor:2.25; casumo:2.25; unibet_se:2.25; unibet_nl:2.25; mybookieag:2.2; codere_it:2.16; williamhill:2.15; betmgm:2.15
Sunderland vs Manchester City,2026-01-01 15:00:00,Over 2.5,1.67,1.6379,1.574235127287678e-05,14.0,0.0046223808315266,0.0032171183691276,3.074543287046206e-05,14,0.0063614285535895,0.00491038050501,williamhill,14,0.0321,1.04,6.39,EPL,Goles (Over/Under),-0.0736,williamhill:1.67; nordicbet:1.65; betsson:1.65; leovegas:1.65; leovegas_se:1.65; tabtouch:1.64; grosvenor:1.64; casumo:1.64; unibet_se:1.64; unibet_nl:1.64; tipico_de:1.62; mybookieag:1.62; betmgm:1.62; codere_it:1.6
Northampton Town vs Stockport County FC,2026-01-01 10:00:00,Under 2.5,1.73,1.6894,1.5614527777457713e-05,16.0,0.0046289224998667,0.0035892607131249,2.7155088741977573e-05,16,0.0060399933849695,0.0049014767678903,codere_it,16,0.0406,1.04,5.88,League 1,Goles (Over/Under),0.3759,codere_it:1.73; williamhill:1.73; nordicbet:1.7; betsson:1.7; tipico_de:1.7; unibet:1.68; leovegas_se:1.68; tabtouch:1.68; casumo:1.68; unibet_se:1.68; grosvenor:1.68; unibet_nl:1.68; leovegas:1.68; coolbet:1.68; bovada:1.68; betmgm:1.67
Northampton Town vs Stockport County FC,2026-01-01 10:00:00,Over 2.5,2.13,2.0463,1.5614527777457713e-05,16.0,0.0046289224998666,0.0035892607131249,5.539529708701284e-05,16,0.0087586727847554,0.0075840647289257,bovada,16,0.0837,1.82,6.47,League 1,Goles (Over/Under),0.2504,bovada:2.13; coolbet:2.11; codere_it:2.08; nordicbet:2.08; betsson:2.08; betmgm:2.05; williamhill:2.05; unibet:2.02; leovegas_se:2.02; tabtouch:2.02; casumo:2.02; unibet_se:2.02; grosvenor:2.02; unibet_nl:2.02; leovegas:2.02; tipico_de:2.0
Auckland FC vs Newcastle Jets FC,2025-12-31 23:00:00,Under 3.25,1.93,1.9,1.5197297689111965e-05,2.0,0.0045896072621994,0.0045896072621994,4.998520644886408e-05,2,0.0083123216314315,0.0083123216314315,pinnacle,2,0.03,1.58,3.36,A-League,Goles (Over/Under),0.2083,pinnacle:1.93; bovada:1.87
Auckland FC vs Newcastle Jets FC,2025-12-31 23:00:00,Over 3.25,1.95,1.945,1.5197297689111965e-05,2.0,0.0045896072621994,0.0045896072621994,1.2611313928953029e-06,2,0.0013217023526301,0.0013217023526301,bovada,2,0.005,0.26,4.76,A-League,Goles (Over/Under),-0.1471,bovada:1.95; pinnacle:1.94
Derby County vs Middlesbrough,2026-01-01 10:00:00,Under 2.5,1.71,1.6853,1.465055120870045e-05,15.0,0.0044790384161993,0.0041697282221547,1.206060657298118e-05,15,0.0040190754201475,0.0034255640746873,coolbet,15,0.0247,0.68,6.1,Championship,Goles (Over/Under),0.0934,coolbet:1.71; nordicbet:1.7; betsson:1.7; williamhill:1.7; betmgm:1.69; grosvenor:1.68; leovegas:1.68; leovegas_se:1.68; unibet_nl:1.68; casumo:1.68; unibet:1.68; unibet_se:1.68; tabtouch:1.68; codere_it:1.67; tipico_de:1.67
Derby County vs Middlesbrough,2026-01-01 10:00:00,Over 2.5,2.14,2.1133,1.465055120870045e-05,15.0,0.0044790384161994,0.0041697282221547,4.901377386551157e-05,15,0.0082343964853614,0.0068737595731258,grosvenor,15,0.0267,1.71,6.25,Championship,Goles (Over/Under),0.0672,grosvenor:2.14; leovegas:2.14; leovegas_se:2.14; unibet_nl:2.14; casumo:2.14; unibet:2.14; unibet_se:2.14; tabtouch:2.14; nordicbet:2.12; betsson:2.12; coolbet:2.1; williamhill:2.1; betmgm:2.05; tipico_de:2.05; codere_it:2.04
Watford vs Birmingham City,2026-01-01 10:00:00,Under 2.5,1.86,1.8119,1.4074271864716245e-05,16.0,0.0044119578518862,0.0029743412541981,5.583926534403562e-05,16,0.0087424020984064,0.0064916451902168,pinnacle,16,0.0481,1.56,3.76,Championship,Goles (Over/Under),0.7181,pinnacle:1.86; bovada:1.85; nordicbet:1.82; betsson:1.82; unibet_se:1.82; unibet:1.82; tabtouch:1.82; leovegas:1.82; grosvenor:1.82; casumo:1.82; leovegas_se:1.82; unibet_nl:1.82; coolbet:1.8; betmgm:1.77; codere_it:1.76; williamhill:1.75
Watford vs Birmingham City,2026-01-01 10:00:00,Over 2.5,2.0,1.9512,1.4074271864716245e-05,16.0,0.0044119578518862,0.0029743412541981,3.0537883034121074e-05,16,0.0065046806905861,0.0050249835498855,williamhill,16,0.0488,1.28,7.14,Championship,Goles (Over/Under),-0.0952,williamhill:2.0; pinnacle:2.0; coolbet:1.98; bovada:1.98; nordicbet:1.95; betsson:1.95; unibet:1.95; unibet_se:1.94; tabtouch:1.94; leovegas:1.94; grosvenor:1.94; casumo:1.94; leovegas_se:1.94; unibet_nl:1.94; codere_it:1.92; betmgm:1.91
Liverpool vs Leeds United,2026-01-01 12:30:00,Over 3.0,2.07,2.05,7.001652269307112e-06,2.0,0.0031107135758298,0.0031107135758298,1.6350827875342218e-05,2,0.004759524999405,0.004759524999405,pinnacle,2,0.02,0.98,2.95,EPL,Goles (Over/Under),0.1119,pinnacle:2.07; coolbet:2.03
Liverpool vs Leeds United,2026-01-01 12:30:00,Under 3.0,1.84,1.835,7.001652269307112e-06,2.0,0.0031107135758298,0.0031107135758298,1.6035193206995397e-06,2,0.0014849132810643,0.0014849132810643,coolbet,2,0.005,0.27,3.61,EPL,Goles (Over/Under),-0.0914,coolbet:1.84; pinnacle:1.83
Southampton vs Millwall,2026-01-01 10:00:00,Over 2.5,1.8,1.7453,6.384286272809481e-06,15.0,0.0029675289333232,0.0020378830003406,3.5806175105171434e-05,15,0.0069689881112382,0.0044817091314727,coolbet,15,0.0547,1.22,3.86,Championship,Goles (Over/Under),0.7202,coolbet:1.8; nordicbet:1.75; betsson:1.75; tabtouch:1.75; leovegas_se:1.75; casumo:1.75; grosvenor:1.75; leovegas:1.75; unibet_se:1.75; unibet_nl:1.75; unibet:1.75; betmgm:1.74; williamhill:1.73; codere_it:1.71; tipico_de:1.7
Southampton vs Millwall,2026-01-01 10:00:00,Under 2.5,2.07,2.0273,6.384286272809481e-06,15.0,0.0029675289333233,0.0020378830003407,3.759157277891794e-05,15,0.0072182943736783,0.0054877672268729,coolbet,15,0.0427,1.43,3.86,Championship,Goles (Over/Under),0.7202,coolbet:2.07; williamhill:2.05; tabtouch:2.04; leovegas_se:2.04; casumo:2.04; grosvenor:2.04; leovegas:2.04; unibet_se:2.04; unibet_nl:2.04; unibet:2.04; nordicbet:2.02; betsson:2.02; tipico_de:2.0; codere_it:1.98; betmgm:1.95
Ipswich Town vs Oxford United,2026-01-01 10:00:00,Under 2.5,2.1,2.058,4.470346780559428e-06,15.0,0.002479138698621,0.0017005927568015,3.8965527773497896e-05,15,0.0073478479643834,0.0058311174182506,coolbet,15,0.042,1.49,6.1,Championship,Goles (Over/Under),0.1459,coolbet:2.1; nordicbet:2.08; betsson:2.08; unibet_se:2.07; unibet:2.07; tabtouch:2.07; casumo:2.07; leovegas_se:2.07; leovegas:2.07; grosvenor:2.07; unibet_nl:2.07; williamhill:2.05; codere_it:2.0; betmgm:2.0; tipico_de:2.0
Ipswich Town vs Oxford United,2026-01-01 10:00:00,Over 2.5,1.72,1.7127,4.470346780559428e-06,15.0,0.002479138698621,0.0017005927568015,1.1066611339151431e-05,15,0.0038583361730597,0.0033529882977241,nordicbet,15,0.0073,0.66,6.22,Championship,Goles (Over/Under),0.1238,nordicbet:1.72; betsson:1.72; unibet_se:1.72; unibet:1.72; tabtouch:1.72; casumo:1.72; leovegas_se:1.72; leovegas:1.72; grosvenor:1.72; unibet_nl:1.72; coolbet:1.71; williamhill:1.7; tipico_de:1.7; codere_it:1.69; betmgm:1.69
Western Sydney Wanderers vs Macarthur FC,2026-01-01 03:00:00,Over 2.75,1.83,1.83,4.409082952046251e-06,2.0,0.0024692857287428,0.0024692857287428,0.0,2,0.0,0.0,pinnacle,2,0.0,0.0,3.66,A-League,Goles (Over/Under),0.1339,pinnacle:1.83; bovada:1.83
Western Sydney Wanderers vs Macarthur FC,2026-01-01 03:00:00,Under 2.75,2.04,2.02,4.409082952046251e-06,2.0,0.0024692857287428,0.0024692857287428,1.733557034861973e-05,2,0.0049019607843137,0.0049019607843137,pinnacle,2,0.02,0.99,3.66,A-League,Goles (Over/Under),0.1339,pinnacle:2.04; bovada:2.0
Charlton Athletic vs Coventry City,2026-01-01 10:00:00,Over 2.5,1.91,1.8524,4.222536785060949e-06,17.0,0.0024193109161696,0.0020751052260926,2.811353105522664e-05,17,0.0062247699414469,0.0038069451250971,pinnacle,17,0.0576,1.16,3.9,Championship,Goles (Over/Under),0.7179,pinnacle:1.91; bovada:1.89; coolbet:1.87; nordicbet:1.85; betsson:1.85; williamhill:1.85; leovegas_se:1.85; casumo:1.85; unibet_nl:1.85; unibet:1.85; unibet_se:1.85; tabtouch:1.85; leovegas:1.85; grosvenor:1.85; betmgm:1.83; tipico_de:1.83; codere_it:1.81
Charlton Athletic vs Coventry City,2026-01-01 10:00:00,Under 2.5,1.94,1.8976,4.222536785060949e-06,17.0,0.0024193109161695,0.0020751052260925,4.13470545745449e-05,17,0.0075567212294221,0.0059945860723005,pinnacle,17,0.0424,1.42,3.9,Championship,Goles (Over/Under),0.7179,pinnacle:1.94; bovada:1.93; leovegas_se:1.91; casumo:1.91; unibet_nl:1.91; unibet:1.91; unibet_se:1.91; tabtouch:1.91; leovegas:1.91; grosvenor:1.91; coolbet:1.9; nordicbet:1.9; betsson:1.9; codere_it:1.86; betmgm:1.85; williamhill:1.85; tipico_de:1.85
Hull City vs Stoke City,2026-01-01 10:00:00,Over 2.25,1.82,1.81,1.3708578484834875e-06,2.0,0.0013758850968154,0.0013758850968154,6.796369675870638e-06,2,0.003052503052503,0.003052503052503,pinnacle,2,0.01,0.55,3.73,Championship,Goles (Over/Under),0.0804,pinnacle:1.82; bovada:1.8
Hull City vs Stoke City,2026-01-01 10:00:00,Under 2.25,2.05,2.05,1.3708578484834875e-06,2.0,0.0013758850968153,0.0013758850968153,0.0,2,0.0,0.0,pinnacle,2,0.0,0.0,3.73,Championship,Goles (Over/Under),0.0804,pinnacle:2.05; bovada:2.05
Cambridge United vs Walsall,2026-01-01 10:00:00,Over 1.5,1.52,1.4945,1.3493135116815898e-06,11.0,0.0013290094919937,0.0010413636163067,3.035928976210509e-05,11,0.0061124065220459,0.0045475526490449,betsson,11,0.0255,0.92,6.11,League 2,Goles (Over/Under),0.3699,betsson:1.52; nordicbet:1.52; betmgm:1.5; unibet:1.49; unibet_nl:1.49; casumo:1.49; unibet_se:1.49; leovegas:1.49; tabtouch:1.49; grosvenor:1.49; leovegas_se:1.47
Cambridge United vs Walsall,2026-01-01 10:00:00,Under 1.5,2.48,2.4127,1.3493135116815898e-06,11.0,0.0013290094919937,0.0010413636163067,2.1944110099922498e-05,11,0.0054261887302946,0.0041146823965523,betsson,11,0.0673,1.34,6.11,League 2,Goles (Over/Under),0.3699,betsson:2.48; nordicbet:2.48; unibet:2.4; unibet_nl:2.4; casumo:2.4; unibet_se:2.4; leovegas:2.4; tabtouch:2.4; grosvenor:2.4; betmgm:2.4; leovegas_se:2.38
Southampton vs Millwall,2026-01-01 10:00:00,Over 2.75,1.99,1.985,3.6773669079761683e-07,2.0,0.0007136189612954,0.0007136189612954,1.16164566765767e-06,2,0.0012689711182173,0.0012689711182173,pinnacle,2,0.005,0.25,3.73,Championship,Goles (Over/Under),0.1099,pinnacle:1.99; bovada:1.98
Southampton vs Millwall,2026-01-01 10:00:00,Under 2.75,1.87,1.86,3.6773669079761683e-07,2.0,0.0007136189612954,0.0007136189612954,6.061662025826759e-06,2,0.0028905911258852,0.0028905911258852,pinnacle,2,0.01,0.54,3.73,Championship,Goles (Over/Under),0.1099,pinnacle:1.87; bovada:1.85
Swansea City vs West Bromwich Albion,2026-01-01 10:00:00,Over 2.25,1.93,1.92,3.041613644374938e-07,2.0,0.0006493506493506,0.0006493506493506,5.317685094798834e-06,2,0.0027127471990884,0.0027127471990884,pinnacle,2,0.01,0.52,3.9,Championship,Goles (Over/Under),0.1026,pinnacle:1.93; bovada:1.91
Swansea City vs West Bromwich Albion,2026-01-01 10:00:00,Under 2.25,1.92,1.915,3.041613644374938e-07,2.0,0.0006493506493506,0.0006493506493506,1.343609474200333e-06,2,0.0013634380453751,0.0013634380453751,pinnacle,2,0.005,0.26,3.9,Championship,Goles (Over/Under),0.1026,pinnacle:1.92; bovada:1.91
Derby County vs Middlesbrough,2026-01-01 10:00:00,Over 2.25,1.9,1.895,2.8539067287981724e-07,2.0,0.0006289521996328,0.0006289521996328,1.4027830055889264e-06,2,0.0013923698134225,0.0013923698134225,pinnacle,2,0.005,0.26,3.91,Championship,Goles (Over/Under),0.1049,pinnacle:1.9; bovada:1.89
Derby County vs Middlesbrough,2026-01-01 10:00:00,Under 2.25,1.95,1.94,2.8539067287981724e-07,2.0,0.0006289521996327,0.0006289521996327,5.097774831882814e-06,2,0.0026571011026969,0.0026571011026969,pinnacle,2,0.01,0.52,3.91,Championship,Goles (Over/Under),0.1049,pinnacle:1.95; bovada:1.93
Ipswich Town vs Oxford United,2026-01-01 10:00:00,Over 2.75,2.0,1.99,2.444021538726144e-07,2.0,0.0005817178262693,0.0005817178262693,4.60011279624495e-06,2,0.0025252525252525,0.0025252525252525,pinnacle,2,0.01,0.5,3.76,Championship,Goles (Over/Under),0.1064,pinnacle:2.0; bovada:1.98
Ipswich Town vs Oxford United,2026-01-01 10:00:00,Under 2.75,1.86,1.855,2.444021538726144e-07,2.0,0.0005817178262693,0.0005817178262693,1.5324226643855857e-06,2,0.0014530659691949,0.0014530659691949,pinnacle,2,0.005,0.27,3.76,Championship,Goles (Over/Under),0.1064,pinnacle:1.86; bovada:1.85
