fixture_id,bookmaker_id,bookmaker,line,over_odds,under_odds,prob_over,prob_under,margin
1347271,1,10Bet,1.5,1.4,2.88,71.43,34.72,6.15
1347271,1,10Bet,2.5,2.2,1.65,45.45,60.61,6.06
1347271,1,10Bet,3.5,4.2,1.22,23.81,81.97,5.78
1347271,1,10Bet,0.5,1.08,7.5,92.59,13.33,5.93
1347271,1,10Bet,4.5,8.0,1.07,12.5,93.46,5.96
1347271,1,10Bet,1.5,3.0,1.33,33.33,75.19,8.52
1347271,1,10Bet,2.5,7.5,1.06,13.33,94.34,7.67
1347271,1,10Bet,0.5,1.45,2.55,68.97,39.22,8.18
1347271,1,10Bet,1.5,2.35,1.53,42.55,65.36,7.91
1347271,1,10Bet,2.5,5.25,1.12,19.05,89.29,8.33
1347271,1,10Bet,0.5,1.28,3.3,78.12,30.3,8.43
1347271,7,William Hill,1.5,3.1,1.35,32.26,74.07,6.33
1347271,7,William Hill,2.5,9.0,1.07,11.11,93.46,4.57
1347271,7,William Hill,3.5,29.0,1.02,3.45,98.04,1.49
1347271,7,William Hill,0.5,1.44,2.7,69.44,37.04,6.48
1347271,7,William Hill,1.5,2.45,1.5,40.82,66.67,7.48
1347271,7,William Hill,2.5,6.0,1.12,16.67,89.29,5.95
1347271,7,William Hill,3.5,17.0,1.02,5.88,98.04,3.92
1347271,7,William Hill,0.5,1.33,3.1,75.19,32.26,7.45
1347271,8,Bet365,1.5,1.36,3.0,73.53,33.33,6.86
1347271,8,Bet365,2.5,2.2,1.65,45.45,60.61,6.06
1347271,8,Bet365,3.5,4.0,1.22,25.0,81.97,6.97
1347271,8,Bet365,0.5,1.08,7.5,92.59,13.33,5.93
1347271,8,Bet365,4.5,9.0,1.07,11.11,93.46,4.57
1347271,8,Bet365,5.5,19.0,1.02,5.26,98.04,3.3
1347271,8,Bet365,6.5,41.0,1.0,2.44,100.0,2.44
1347271,8,Bet365,1.5,3.25,1.33,30.77,75.19,5.96
1347271,8,Bet365,2.5,9.0,1.07,11.11,93.46,4.57
1347271,8,Bet365,3.5,26.0,1.01,3.85,99.01,2.86
1347271,8,Bet365,0.5,1.44,2.62,69.44,38.17,7.61
1347271,8,Bet365,1.5,2.38,1.53,42.02,65.36,7.38
1347271,8,Bet365,2.5,5.5,1.14,18.18,87.72,5.9
1347271,8,Bet365,3.5,15.0,1.03,6.67,97.09,3.75
1347271,8,Bet365,0.5,1.28,3.5,78.12,28.57,6.7
1347271,8,Bet365,2.5,1.8,1.91,55.56,52.36,7.91
1347271,8,Bet365,5.5,1.91,1.8,52.36,55.56,7.91
1347271,2,Marathonbet,1.5,1.36,2.72,73.53,36.76,10.29
1347271,2,Marathonbet,1.75,1.46,2.43,68.49,41.15,9.65
1347271,2,Marathonbet,2.0,1.62,2.12,61.73,47.17,8.9
1347271,2,Marathonbet,2.25,1.89,1.8,52.91,55.56,8.47
1347271,2,Marathonbet,2.5,2.19,1.65,45.66,60.61,6.27
1347271,2,Marathonbet,2.75,2.5,1.46,40.0,68.49,8.49
1347271,2,Marathonbet,3.5,3.74,1.2,26.74,83.33,10.07
1347271,2,Marathonbet,0.5,1.04,6.75,96.15,14.81,10.97
1347271,2,Marathonbet,0.75,1.06,6.25,94.34,16.0,10.34
1347271,2,Marathonbet,1.0,1.08,5.7,92.59,17.54,10.14
1347271,2,Marathonbet,1.25,1.22,3.5,81.97,28.57,10.54
1347271,2,Marathonbet,3.0,3.12,1.3,32.05,76.92,8.97
1347271,2,Marathonbet,4.5,7.2,1.03,13.89,97.09,10.98
1347271,2,Marathonbet,3.25,3.44,1.24,29.07,80.65,9.71
1347271,2,Marathonbet,3.75,4.7,1.12,21.28,89.29,10.56
1347271,2,Marathonbet,4.0,6.5,1.05,15.38,95.24,10.62
1347271,2,Marathonbet,4.25,6.8,1.04,14.71,96.15,10.86
1347271,2,Marathonbet,1.5,3.15,1.31,31.75,76.34,8.08
1347271,2,Marathonbet,2.0,6.75,1.06,14.81,94.34,9.15
1347271,2,Marathonbet,2.5,7.6,1.03,13.16,97.09,10.25
1347271,2,Marathonbet,0.5,1.49,2.44,67.11,40.98,8.1
1347271,2,Marathonbet,1.0,2.16,1.65,46.3,60.61,6.9
1347271,2,Marathonbet,1.5,2.32,1.54,43.1,64.94,8.04
1347271,2,Marathonbet,2.0,4.1,1.18,24.39,84.75,9.14
1347271,2,Marathonbet,2.5,5.0,1.11,20.0,90.09,10.09
1347271,2,Marathonbet,0.5,1.28,3.3,78.12,30.3,8.43
1347271,2,Marathonbet,1.0,1.58,2.29,63.29,43.67,6.96
1347271,16,Unibet,1.5,1.38,2.95,72.46,33.9,6.36
1347271,16,Unibet,1.75,1.47,2.6,68.03,38.46,6.49
1347271,16,Unibet,2.0,1.63,2.2,61.35,45.45,6.8
1347271,16,Unibet,2.25,1.92,1.83,52.08,54.64,6.73
1347271,16,Unibet,2.5,2.2,1.64,45.45,60.98,6.43
1347271,16,Unibet,2.75,2.6,1.48,38.46,67.57,6.03
1347271,16,Unibet,3.5,4.1,1.21,24.39,82.64,7.03
1347271,16,Unibet,0.5,1.06,8.0,94.34,12.5,6.84
1347271,16,Unibet,3.0,3.3,1.32,30.3,75.76,6.06
1347271,16,Unibet,4.5,8.5,1.05,11.76,95.24,7.0
1347271,16,Unibet,1.5,2.95,1.36,33.9,73.53,7.43
1347271,16,Unibet,2.5,7.5,1.06,13.33,94.34,7.67
1347271,16,Unibet,3.5,25.0,1.01,4.0,99.01,3.01
1347271,16,Unibet,0.5,1.41,2.75,70.92,36.36,7.29
1347271,16,Unibet,0.75,1.57,2.28,63.69,43.86,7.55
1347271,16,Unibet,1.0,1.94,1.79,51.55,55.87,7.41
1347271,16,Unibet,1.25,2.45,1.5,40.82,66.67,7.48
1347271,16,Unibet,1.5,2.5,1.48,40.0,67.57,7.57
1347271,16,Unibet,2.5,5.75,1.11,17.39,90.09,7.48
1347271,16,Unibet,0.5,1.3,3.25,76.92,30.77,7.69
1347271,16,Unibet,1.5,1.28,3.25,78.12,30.77,8.89
1347271,16,Unibet,2.5,1.75,1.93,57.14,51.81,8.96
1347271,16,Unibet,3.5,2.63,1.41,38.02,70.92,8.94
1347271,16,Unibet,4.5,4.0,1.19,25.0,84.03,9.03
1347271,16,Unibet,5.5,6.1,1.08,16.39,92.59,8.99
1347271,16,Unibet,6.5,9.0,1.04,11.11,96.15,7.26
1347271,16,Unibet,2.5,1.11,5.3,90.09,18.87,8.96
1347271,16,Unibet,3.5,1.28,3.25,78.12,30.77,8.89
1347271,16,Unibet,8.5,5.2,1.11,19.23,90.09,9.32
1347271,16,Unibet,4.5,1.57,2.23,63.69,44.84,8.54
1347271,16,Unibet,7.5,3.75,1.22,26.67,81.97,8.63
1347271,16,Unibet,5.5,2.0,1.7,50.0,58.82,8.82
1347271,16,Unibet,6.5,2.7,1.38,37.04,72.46,9.5
1347271,16,Unibet,1.5,1.11,5.5,90.09,18.18,8.27
1347271,16,Unibet,2.5,1.35,2.9,74.07,34.48,8.56
1347271,16,Unibet,3.5,1.82,1.86,54.95,53.76,8.71
1347271,16,Unibet,4.5,2.65,1.41,37.74,70.92,8.66
1347271,16,Unibet,5.5,4.0,1.19,25.0,84.03,9.03
1347271,16,Unibet,6.5,6.0,1.08,16.67,92.59,9.26
1347271,3,Betfair,1.5,1.36,3.1,73.53,32.26,5.79
1347271,3,Betfair,2.5,2.2,1.65,45.45,60.61,6.06
1347271,3,Betfair,3.5,4.1,1.22,24.39,81.97,6.36
1347271,3,Betfair,0.5,1.06,8.5,94.34,11.76,6.1
1347271,3,Betfair,4.5,8.0,1.07,12.5,93.46,5.96
1347271,3,Betfair,5.5,17.0,1.01,5.88,99.01,4.89
1347271,3,Betfair,1.5,3.2,1.3,31.25,76.92,8.17
1347271,3,Betfair,2.5,8.0,1.05,12.5,95.24,7.74
1347271,3,Betfair,0.5,1.4,2.75,71.43,36.36,7.79
1347271,13,188Bet,2.0,1.75,2.03,57.14,49.26,6.4
1347271,13,188Bet,2.25,1.97,1.85,50.76,54.05,4.82
1347271,13,188Bet,2.5,2.0,1.82,50.0,54.95,4.95
1347271,13,188Bet,0.75,1.7,2.08,58.82,48.08,6.9
1347271,13,188Bet,1.0,2.12,1.7,47.17,58.82,5.99
1347271,4,Pinnacle,1.5,1.39,2.92,71.94,34.25,6.19
1347271,4,Pinnacle,1.75,1.5,2.58,66.67,38.76,5.43
1347271,4,Pinnacle,2.0,1.66,2.21,60.24,45.25,5.49
1347271,4,Pinnacle,2.25,1.96,1.86,51.02,53.76,4.78
1347271,4,Pinnacle,2.5,2.23,1.65,44.84,60.61,5.45
1347271,4,Pinnacle,2.75,2.61,1.48,38.31,67.57,5.88
1347271,4,Pinnacle,3.5,4.03,1.23,24.81,81.3,6.11
1347271,4,Pinnacle,1.5,3.31,1.32,30.21,75.76,5.97
1347271,4,Pinnacle,0.5,1.46,2.66,68.49,37.59,6.09
1347271,4,Pinnacle,0.75,1.66,2.18,60.24,45.87,6.11
1347271,4,Pinnacle,1.0,2.14,1.71,46.73,58.48,5.21
1347271,4,Pinnacle,1.25,2.73,1.44,36.63,69.44,6.07
1347271,4,Pinnacle,2.5,1.72,2.05,58.14,48.78,6.92
1347271,4,Pinnacle,5.5,2.13,1.67,46.95,59.88,6.83
1347271,5,SBO,2.0,1.67,2.09,59.88,47.85,7.73
1347271,5,SBO,2.25,1.98,1.78,50.51,56.18,6.68
1347271,5,SBO,2.5,2.19,1.6,45.66,62.5,8.16
1347271,5,SBO,0.75,1.73,2.03,57.8,49.26,7.06
1347271,5,SBO,1.0,2.16,1.62,46.3,61.73,8.02
1347271,11,1xBet,1.5,1.36,2.72,73.53,36.76,10.29
1347271,11,1xBet,1.75,1.46,2.43,68.49,41.15,9.65
1347271,11,1xBet,2.0,1.62,2.12,61.73,47.17,8.9
1347271,11,1xBet,2.25,1.89,1.8,52.91,55.56,8.47
1347271,11,1xBet,2.5,2.28,1.72,43.86,58.14,2.0
1347271,11,1xBet,2.75,2.5,1.46,40.0,68.49,8.49
1347271,11,1xBet,3.5,3.74,1.2,26.74,83.33,10.07
1347271,11,1xBet,0.5,1.04,6.75,96.15,14.81,10.97
1347271,11,1xBet,0.75,1.06,6.25,94.34,16.0,10.34
1347271,11,1xBet,1.0,1.08,5.7,92.59,17.54,10.14
1347271,11,1xBet,1.25,1.22,3.5,81.97,28.57,10.54
1347271,11,1xBet,3.0,3.12,1.3,32.05,76.92,8.97
1347271,11,1xBet,4.5,7.2,1.03,13.89,97.09,10.98
1347271,11,1xBet,3.25,3.44,1.24,29.07,80.65,9.71
1347271,11,1xBet,3.75,4.7,1.12,21.28,89.29,10.56
1347271,11,1xBet,4.0,6.5,1.05,15.38,95.24,10.62
1347271,11,1xBet,4.25,6.8,1.04,14.71,96.15,10.86
1347271,11,1xBet,5.0,13.0,1.01,7.69,99.01,6.7
1347271,11,1xBet,5.5,17.0,1.02,5.88,98.04,3.92
1347271,11,1xBet,6.5,41.0,1.0,2.44,100.0,2.44
1347271,11,1xBet,1.5,3.15,1.31,31.75,76.34,8.08
1347271,11,1xBet,1.75,4.15,1.18,24.1,84.75,8.84
1347271,11,1xBet,2.0,6.75,1.06,14.81,94.34,9.15
1347271,11,1xBet,2.25,7.3,1.04,13.7,96.15,9.85
1347271,11,1xBet,2.5,7.6,1.03,13.16,97.09,10.25
1347271,11,1xBet,3.5,29.0,1.01,3.45,99.01,2.46
1347271,11,1xBet,0.5,1.49,2.44,67.11,40.98,8.1
1347271,11,1xBet,0.75,1.71,2.04,58.48,49.02,7.5
1347271,11,1xBet,1.0,2.16,1.65,46.3,60.61,6.9
1347271,11,1xBet,1.25,2.66,1.43,37.59,69.93,7.52
1347271,11,1xBet,1.5,2.32,1.54,43.1,64.94,8.04
1347271,11,1xBet,1.75,2.84,1.36,35.21,73.53,8.74
1347271,11,1xBet,2.0,4.1,1.18,24.39,84.75,9.14
1347271,11,1xBet,2.25,4.55,1.14,21.98,87.72,9.7
1347271,11,1xBet,2.5,5.0,1.11,20.0,90.09,10.09
1347271,11,1xBet,3.5,17.0,1.02,5.88,98.04,3.92
1347271,11,1xBet,0.5,1.28,3.3,78.12,30.3,8.43
1347271,11,1xBet,0.75,1.39,2.81,71.94,35.59,7.53
1347271,11,1xBet,1.0,1.58,2.29,63.29,43.67,6.96
1347271,11,1xBet,1.25,1.95,1.78,51.28,56.18,7.46
1347271,11,1xBet,1.5,1.18,3.48,84.75,28.74,13.48
1347271,11,1xBet,2.0,1.29,2.87,77.52,34.84,12.36
1347271,11,1xBet,2.5,1.52,2.22,65.79,45.05,10.83
1347271,11,1xBet,3.5,2.17,1.53,46.08,65.36,11.44
1347271,11,1xBet,3.0,1.86,1.71,53.76,58.48,12.24
1347271,11,1xBet,4.5,3.25,1.22,30.77,81.97,12.74
1347271,11,1xBet,4.0,2.87,1.28,34.84,78.12,12.97
1347271,11,1xBet,5.5,6.44,1.06,15.53,94.34,9.87
1347271,11,1xBet,3.5,1.2,3.33,83.33,30.03,13.36
1347271,11,1xBet,4.5,1.46,2.35,68.49,42.55,11.05
1347271,11,1xBet,4.0,1.28,2.92,78.12,34.25,12.37
1347271,11,1xBet,5.0,1.63,1.98,61.35,50.51,11.85
1347271,11,1xBet,7.5,4.23,1.15,23.64,86.96,10.6
1347271,11,1xBet,5.5,1.87,1.73,53.48,57.8,11.28
1347271,11,1xBet,6.5,2.67,1.36,37.45,73.53,10.98
1347271,11,1xBet,6.0,2.16,1.49,46.3,67.11,13.41
1347271,11,1xBet,7.0,3.0,1.26,33.33,79.37,12.7
1347271,32,Betano,1.5,1.42,3.0,70.42,33.33,3.76
1347271,32,Betano,1.75,1.52,2.62,65.79,38.17,3.96
1347271,32,Betano,2.0,1.67,2.25,59.88,44.44,4.32
1347271,32,Betano,2.25,1.98,1.88,50.51,53.19,3.7
1347271,32,Betano,2.5,2.25,1.67,44.44,59.88,4.32
1347271,32,Betano,2.75,2.62,1.52,38.17,65.79,3.96
1347271,32,Betano,3.5,4.0,1.25,25.0,80.0,5.0
1347271,32,Betano,0.5,1.09,7.4,91.74,13.51,5.26
1347271,32,Betano,3.0,3.35,1.35,29.85,74.07,3.92
1347271,32,Betano,4.5,7.6,1.09,13.16,91.74,4.9
1347271,32,Betano,5.5,13.0,1.03,7.69,97.09,4.78
1347271,32,Betano,1.5,3.0,1.4,33.33,71.43,4.76
1347271,32,Betano,2.5,6.9,1.09,14.49,91.74,6.24
1347271,32,Betano,3.5,13.0,1.02,7.69,98.04,5.73
1347271,32,Betano,0.5,1.47,2.72,68.03,36.76,4.79
1347271,32,Betano,0.75,1.65,2.27,60.61,44.05,4.66
1347271,32,Betano,1.0,2.0,1.82,50.0,54.95,4.95
1347271,32,Betano,1.25,2.52,1.53,39.68,65.36,5.04
1347271,32,Betano,1.5,2.47,1.52,40.49,65.79,6.28
1347271,32,Betano,2.5,5.5,1.14,18.18,87.72,5.9
1347271,32,Betano,0.5,1.34,3.2,74.63,31.25,5.88
1347271,32,Betano,3.5,1.83,1.91,54.64,52.36,7.0
1347271,34,Superbet,1.5,1.4,2.95,71.43,33.9,5.33
1347271,34,Superbet,2.5,2.25,1.66,44.44,60.24,4.69
1347271,34,Superbet,3.5,4.1,1.24,24.39,80.65,5.04
1347271,34,Superbet,0.5,1.08,8.0,92.59,12.5,5.09
1347271,34,Superbet,4.5,8.9,1.07,11.24,93.46,4.69
1347271,34,Superbet,5.5,19.0,1.02,5.26,98.04,3.3
1347271,34,Superbet,6.5,45.0,1.0,2.22,100.0,2.22
1347271,34,Superbet,1.5,3.3,1.34,30.3,74.63,4.93
1347271,34,Superbet,2.5,8.8,1.07,11.36,93.46,4.82
1347271,34,Superbet,3.5,27.0,1.01,3.7,99.01,2.71
1347271,34,Superbet,0.5,1.5,2.6,66.67,38.46,5.13
1347271,34,Superbet,1.5,2.45,1.56,40.82,64.1,4.92
1347271,34,Superbet,2.5,5.7,1.14,17.54,87.72,5.26
1347271,34,Superbet,3.5,15.0,1.03,6.67,97.09,3.75
1347271,34,Superbet,0.5,1.32,3.4,75.76,29.41,5.17
1347271,34,Superbet,4.5,45.0,1.0,2.22,100.0,2.22
1347271,34,Superbet,1.5,1.27,3.55,78.74,28.17,6.91
1347271,34,Superbet,2.5,1.71,2.07,58.48,48.31,6.79
1347271,34,Superbet,3.5,2.5,1.49,40.0,67.11,7.11
1347271,34,Superbet,0.5,1.05,8.7,95.24,11.49,6.73
1347271,34,Superbet,8.5,28.0,1.0,3.57,100.0,3.57
1347271,34,Superbet,4.5,3.85,1.23,25.97,81.3,7.27
1347271,34,Superbet,7.5,17.0,1.01,5.88,99.01,4.89
1347271,34,Superbet,5.5,6.2,1.1,16.13,90.91,7.04
1347271,34,Superbet,6.5,9.9,1.04,10.1,96.15,6.25
1347271,34,Superbet,1.5,1.03,11.0,97.09,9.09,6.18
1347271,34,Superbet,2.5,1.13,5.5,88.5,18.18,6.68
1347271,34,Superbet,3.5,1.31,3.25,76.34,30.77,7.11
1347271,34,Superbet,0.5,1.0,35.0,100.0,2.86,2.86
1347271,34,Superbet,8.5,6.1,1.1,16.39,90.91,7.3
1347271,34,Superbet,9.5,8.8,1.05,11.36,95.24,6.6
1347271,34,Superbet,10.5,14.0,1.02,7.14,98.04,5.18
1347271,34,Superbet,4.5,1.63,2.2,61.35,45.45,6.8
1347271,34,Superbet,7.5,4.2,1.2,23.81,83.33,7.14
1347271,34,Superbet,5.5,2.15,1.66,46.51,60.24,6.75
1347271,34,Superbet,6.5,2.95,1.37,33.9,72.99,6.89
1347272,1,10Bet,1.5,1.57,2.38,63.69,42.02,5.71
1347272,1,10Bet,2.5,2.7,1.45,37.04,68.97,6.0
1347272,1,10Bet,3.5,5.5,1.14,18.18,87.72,5.9
1347272,1,10Bet,0.5,1.12,6.0,89.29,16.67,5.95
1347272,1,10Bet,4.5,10.0,1.04,10.0,96.15,6.15
1347272,1,10Bet,1.5,3.7,1.22,27.03,81.97,8.99
1347272,1,10Bet,2.5,8.0,1.05,12.5,95.24,7.74
1347272,1,10Bet,0.5,1.6,2.2,62.5,45.45,7.95
1347272,1,10Bet,1.5,2.62,1.44,38.17,69.44,7.61
1347272,1,10Bet,2.5,6.2,1.09,16.13,91.74,7.87
1347272,1,10Bet,0.5,1.35,2.95,74.07,33.9,7.97
1347272,7,William Hill,1.5,3.8,1.25,26.32,80.0,6.32
1347272,7,William Hill,2.5,13.0,1.04,7.69,96.15,3.85
1347272,7,William Hill,0.5,1.57,2.3,63.69,43.48,7.17
1347272,7,William Hill,1.5,2.9,1.36,34.48,73.53,8.01
1347272,7,William Hill,2.5,8.0,1.08,12.5,92.59,5.09
1347272,7,William Hill,3.5,23.0,1.02,4.35,98.04,2.39
1347272,7,William Hill,0.5,1.44,2.7,69.44,37.04,6.48
1347272,8,Bet365,1.5,1.53,2.38,65.36,42.02,7.38
1347272,8,Bet365,2.5,2.7,1.44,37.04,69.44,6.48
1347272,8,Bet365,3.5,5.5,1.14,18.18,87.72,5.9
1347272,8,Bet365,0.5,1.12,6.0,89.29,16.67,5.95
1347272,8,Bet365,4.5,13.0,1.04,7.69,96.15,3.85
1347272,8,Bet365,5.5,29.0,1.01,3.45,99.01,2.46
1347272,8,Bet365,6.5,51.0,1.0,1.96,100.0,1.96
1347272,8,Bet365,1.5,3.75,1.25,26.67,80.0,6.67
1347272,8,Bet365,2.5,13.0,1.04,7.69,96.15,3.85
1347272,8,Bet365,3.5,26.0,1.01,3.85,99.01,2.86
1347272,8,Bet365,0.5,1.57,2.25,63.69,44.44,8.14
1347272,8,Bet365,1.5,2.75,1.4,36.36,71.43,7.79
1347272,8,Bet365,2.5,8.0,1.08,12.5,92.59,5.09
1347272,8,Bet365,3.5,21.0,1.01,4.76,99.01,3.77
1347272,8,Bet365,0.5,1.4,2.75,71.43,36.36,7.79
1347272,8,Bet365,2.5,1.62,2.2,61.73,45.45,7.18
1347272,8,Bet365,3.5,2.0,1.73,50.0,57.8,7.8
1347272,8,Bet365,4.5,1.83,1.83,54.64,54.64,9.29
1347272,8,Bet365,5.5,2.1,1.67,47.62,59.88,7.5
1347272,2,Marathonbet,1.5,1.52,2.25,65.79,44.44,10.23
1347272,2,Marathonbet,1.75,1.7,1.97,58.82,50.76,9.58
1347272,2,Marathonbet,2.0,1.99,1.7,50.25,58.82,9.07
1347272,2,Marathonbet,2.25,2.34,1.52,42.74,65.79,8.52
1347272,2,Marathonbet,2.5,2.72,1.44,36.76,69.44,6.21
1347272,2,Marathonbet,2.75,3.22,1.29,31.06,77.52,8.58
1347272,2,Marathonbet,3.5,5.0,1.11,20.0,90.09,10.09
1347272,2,Marathonbet,0.5,1.11,4.95,90.09,20.2,10.29
1347272,2,Marathonbet,0.75,1.14,4.45,87.72,22.47,10.19
1347272,2,Marathonbet,1.0,1.18,3.92,84.75,25.51,10.26
1347272,2,Marathonbet,1.25,1.35,2.74,74.07,36.5,10.57
1347272,2,Marathonbet,3.0,4.3,1.16,23.26,86.21,9.46
1347272,2,Marathonbet,4.5,9.2,1.0,10.87,100.0,10.87
1347272,2,Marathonbet,3.25,4.65,1.13,21.51,88.5,10.0
1347272,2,Marathonbet,3.75,6.4,1.05,15.62,95.24,10.86
1347272,2,Marathonbet,4.0,9.2,1.0,10.87,100.0,10.87
1347272,2,Marathonbet,4.25,8.1,1.02,12.35,98.04,10.38
1347272,2,Marathonbet,1.5,3.5,1.24,28.57,80.65,9.22
1347272,2,Marathonbet,2.0,8.2,1.02,12.2,98.04,10.23
1347272,2,Marathonbet,2.5,9.1,1.0,10.99,100.0,10.99
1347272,2,Marathonbet,0.5,1.66,2.14,60.24,46.73,6.97
1347272,2,Marathonbet,1.0,2.5,1.47,40.0,68.03,8.03
1347272,2,Marathonbet,1.5,2.85,1.37,35.09,72.99,8.08
1347272,2,Marathonbet,2.0,5.85,1.08,17.09,92.59,9.69
1347272,2,Marathonbet,2.5,6.9,1.04,14.49,96.15,10.65
1347272,2,Marathonbet,0.5,1.42,2.65,70.42,37.74,8.16
1347272,2,Marathonbet,1.0,1.94,1.81,51.55,55.25,6.8
1347272,16,Unibet,1.5,1.58,2.32,63.29,43.1,6.39
1347272,16,Unibet,1.75,1.77,2.0,56.5,50.0,6.5
1347272,16,Unibet,2.0,2.12,1.68,47.17,59.52,6.69
1347272,16,Unibet,2.25,2.5,1.5,40.0,66.67,6.67
1347272,16,Unibet,2.5,2.9,1.38,34.48,72.46,6.95
1347272,16,Unibet,2.75,3.55,1.28,28.17,78.12,6.29
1347272,16,Unibet,3.5,5.75,1.12,17.39,89.29,6.68
1347272,16,Unibet,0.5,1.13,5.3,88.5,18.87,7.36
1347272,16,Unibet,1.25,1.4,2.85,71.43,35.09,6.52
1347272,16,Unibet,4.5,12.0,1.01,8.33,99.01,7.34
1347272,16,Unibet,1.5,3.7,1.24,27.03,80.65,7.67
1347272,16,Unibet,2.5,10.0,1.04,10.0,96.15,6.15
1347272,16,Unibet,0.5,1.58,2.25,63.29,44.44,7.74
1347272,16,Unibet,0.75,1.84,1.88,54.35,53.19,7.54
1347272,16,Unibet,1.0,2.48,1.49,40.32,67.11,7.44
1347272,16,Unibet,1.25,3.1,1.33,32.26,75.19,7.45
1347272,16,Unibet,1.5,3.0,1.34,33.33,74.63,7.96
1347272,16,Unibet,2.5,7.5,1.06,13.33,94.34,7.67
1347272,16,Unibet,0.5,1.45,2.6,68.97,38.46,7.43
1347272,16,Unibet,1.5,1.23,3.6,81.3,27.78,9.08
1347272,16,Unibet,2.5,1.63,2.12,61.35,47.17,8.52
1347272,16,Unibet,3.5,2.33,1.52,42.92,65.79,8.71
1347272,16,Unibet,4.5,3.5,1.24,28.57,80.65,9.22
1347272,16,Unibet,5.5,5.3,1.11,18.87,90.09,8.96
1347272,16,Unibet,2.5,1.14,4.8,87.72,20.83,8.55
1347272,16,Unibet,3.5,1.34,2.95,74.63,33.9,8.53
1347272,16,Unibet,8.5,6.0,1.08,16.67,92.59,9.26
1347272,16,Unibet,4.5,1.68,2.02,59.52,49.5,9.03
1347272,16,Unibet,7.5,4.3,1.17,23.26,85.47,8.73
1347272,16,Unibet,5.5,2.2,1.57,45.45,63.69,9.15
1347272,16,Unibet,6.5,3.05,1.3,32.79,76.92,9.71
1347272,16,Unibet,2.5,1.22,3.7,81.97,27.03,8.99
1347272,16,Unibet,3.5,1.55,2.25,64.52,44.44,8.96
1347272,16,Unibet,4.5,2.12,1.63,47.17,61.35,8.52
1347272,16,Unibet,7.5,6.4,1.07,15.62,93.46,9.08
1347272,16,Unibet,5.5,3.05,1.32,32.79,75.76,8.54
1347272,16,Unibet,6.5,4.5,1.15,22.22,86.96,9.18
1347272,3,Betfair,1.5,1.53,2.45,65.36,40.82,6.18
1347272,3,Betfair,2.5,2.7,1.44,37.04,69.44,6.48
1347272,3,Betfair,3.5,6.0,1.13,16.67,88.5,5.16
1347272,3,Betfair,0.5,1.1,6.5,90.91,15.38,6.29
1347272,3,Betfair,4.5,12.0,1.03,8.33,97.09,5.42
1347272,3,Betfair,5.5,17.0,1.01,5.88,99.01,4.89
1347272,3,Betfair,1.5,3.8,1.22,26.32,81.97,8.28
1347272,3,Betfair,2.5,11.0,1.01,9.09,99.01,8.1
1347272,3,Betfair,0.5,1.5,2.4,66.67,41.67,8.33
1347272,13,188Bet,1.75,1.75,2.07,57.14,48.31,5.45
1347272,13,188Bet,2.0,2.04,1.78,49.02,56.18,5.2
1347272,13,188Bet,2.25,1.95,1.87,51.28,53.48,4.76
1347272,13,188Bet,0.75,1.92,1.9,52.08,52.63,4.71
1347272,4,Pinnacle,1.5,1.58,2.41,63.29,41.49,4.78
1347272,4,Pinnacle,1.75,1.76,2.09,56.82,47.85,4.67
1347272,4,Pinnacle,2.0,2.1,1.78,47.62,56.18,3.8
1347272,4,Pinnacle,2.25,2.46,1.56,40.65,64.1,4.75
1347272,4,Pinnacle,2.5,2.84,1.44,35.21,69.44,4.66
1347272,4,Pinnacle,2.75,2.65,1.45,37.74,68.97,6.7
1347272,4,Pinnacle,3.5,5.5,1.15,18.18,86.96,5.14
1347272,4,Pinnacle,0.5,1.14,5.87,87.72,17.04,4.76
1347272,4,Pinnacle,1.25,1.4,3.01,71.43,33.22,4.65
1347272,4,Pinnacle,0.5,1.62,2.3,61.73,43.48,5.21
1347272,4,Pinnacle,0.75,1.93,1.89,51.81,52.91,4.72
1347272,4,Pinnacle,1.0,2.71,1.46,36.9,68.49,5.39
1347272,4,Pinnacle,1.25,3.46,1.31,28.9,76.34,5.24
1347272,4,Pinnacle,3.5,2.24,1.6,44.64,62.5,7.14
1347272,4,Pinnacle,4.5,1.83,1.93,54.64,51.81,6.46
1347272,5,SBO,1.5,1.5,2.35,66.67,42.55,9.22
1347272,5,SBO,1.75,1.73,2.03,57.8,49.26,7.06
1347272,5,SBO,2.0,2.04,1.72,49.02,58.14,7.16
1347272,5,SBO,0.5,1.6,2.19,62.5,45.66,8.16
1347272,5,SBO,0.75,1.98,1.78,50.51,56.18,6.68
1347272,11,1xBet,1.5,1.64,2.43,60.98,41.15,2.13
1347272,11,1xBet,1.75,1.69,1.98,59.17,50.51,9.68
1347272,11,1xBet,2.0,1.99,1.7,50.25,58.82,9.07
1347272,11,1xBet,2.25,2.34,1.52,42.74,65.79,8.52
1347272,11,1xBet,2.5,2.72,1.44,36.76,69.44,6.21
1347272,11,1xBet,2.75,3.22,1.29,31.06,77.52,8.58
1347272,11,1xBet,3.5,4.95,1.11,20.2,90.09,10.29
1347272,11,1xBet,0.5,1.11,4.95,90.09,20.2,10.29
1347272,11,1xBet,0.75,1.14,4.45,87.72,22.47,10.19
1347272,11,1xBet,1.0,1.18,3.92,84.75,25.51,10.26
1347272,11,1xBet,1.25,1.35,2.74,74.07,36.5,10.57
1347272,11,1xBet,3.0,4.3,1.16,23.26,86.21,9.46
1347272,11,1xBet,4.5,12.0,1.01,8.33,99.01,7.34
1347272,11,1xBet,3.25,4.65,1.13,21.51,88.5,10.0
1347272,11,1xBet,3.75,6.4,1.05,15.62,95.24,10.86
1347272,11,1xBet,4.0,9.5,1.04,10.53,96.15,6.68
1347272,11,1xBet,4.25,8.1,1.02,12.35,98.04,10.38
1347272,11,1xBet,5.5,24.0,1.01,4.17,99.01,3.18
1347272,11,1xBet,6.5,50.0,1.0,2.0,100.0,2.0
1347272,11,1xBet,1.5,3.5,1.24,28.57,80.65,9.22
1347272,11,1xBet,1.75,4.75,1.13,21.05,88.5,9.55
1347272,11,1xBet,2.0,8.2,1.02,12.2,98.04,10.23
1347272,11,1xBet,2.25,8.8,1.01,11.36,99.01,10.37
1347272,11,1xBet,2.5,10.5,1.03,9.52,97.09,6.61
1347272,11,1xBet,3.5,41.0,1.01,2.44,99.01,1.45
1347272,11,1xBet,0.5,1.66,2.14,60.24,46.73,6.97
1347272,11,1xBet,0.75,1.9,1.82,52.63,54.95,7.58
1347272,11,1xBet,1.0,2.5,1.47,40.0,68.03,8.03
1347272,11,1xBet,1.25,3.04,1.32,32.89,75.76,8.65
1347272,11,1xBet,1.5,2.85,1.37,35.09,72.99,8.08
1347272,11,1xBet,1.75,3.65,1.23,27.4,81.3,8.7
1347272,11,1xBet,2.0,5.85,1.08,17.09,92.59,9.69
1347272,11,1xBet,2.25,6.4,1.06,15.62,94.34,9.96
1347272,11,1xBet,2.5,6.9,1.04,14.49,96.15,10.65
1347272,11,1xBet,3.5,23.0,1.01,4.35,99.01,3.36
1347272,11,1xBet,0.5,1.42,2.65,70.42,37.74,8.16
1347272,11,1xBet,0.75,1.59,2.24,62.89,44.64,7.54
1347272,11,1xBet,1.0,1.93,1.82,51.81,54.95,6.76
1347272,11,1xBet,1.25,2.4,1.52,41.67,65.79,7.46
1347272,11,1xBet,2.0,1.12,3.93,89.29,25.45,14.73
1347272,11,1xBet,2.5,1.36,2.7,73.53,37.04,10.57
1347272,11,1xBet,3.5,1.83,1.77,54.64,56.5,11.14
1347272,11,1xBet,3.0,1.52,2.12,65.79,47.17,12.96
1347272,11,1xBet,4.5,2.67,1.36,37.45,73.53,10.98
1347272,11,1xBet,4.0,2.16,1.49,46.3,67.11,13.41
1347272,11,1xBet,5.0,3.32,1.21,30.12,82.64,12.77
1347272,11,1xBet,3.5,1.3,3.0,76.92,33.33,10.26
1347272,11,1xBet,4.5,1.62,2.03,61.73,49.26,10.99
1347272,11,1xBet,4.0,1.42,2.38,70.42,42.02,12.44
1347272,11,1xBet,5.0,1.87,1.68,53.48,59.52,13.0
1347272,11,1xBet,5.5,2.14,1.55,46.73,64.52,11.25
1347272,11,1xBet,6.5,2.9,1.27,34.48,78.74,13.22
1347272,11,1xBet,6.0,2.62,1.34,38.17,74.63,12.79
1347272,32,Betano,1.5,1.6,2.4,62.5,41.67,4.17
1347272,32,Betano,1.75,1.78,2.1,56.18,47.62,3.8
1347272,32,Betano,2.0,2.1,1.78,47.62,56.18,3.8
1347272,32,Betano,2.25,2.47,1.57,40.49,63.69,4.18
1347272,32,Betano,2.5,2.8,1.47,35.71,68.03,3.74
1347272,32,Betano,2.75,3.45,1.34,28.99,74.63,3.61
1347272,32,Betano,3.5,5.3,1.16,18.87,86.21,5.07
1347272,32,Betano,0.5,1.15,5.6,86.96,17.86,4.81
1347272,32,Betano,1.25,1.42,3.0,70.42,33.33,3.76
1347272,32,Betano,4.5,10.25,1.05,9.76,95.24,4.99
1347272,32,Betano,5.5,16.0,1.02,6.25,98.04,4.29
1347272,32,Betano,1.5,3.65,1.29,27.4,77.52,4.92
1347272,32,Betano,2.5,8.5,1.06,11.76,94.34,6.1
1347272,32,Betano,3.5,14.0,1.01,7.14,99.01,6.15
1347272,32,Betano,0.5,1.62,2.3,61.73,43.48,5.21
1347272,32,Betano,0.75,1.88,1.93,53.19,51.81,5.0
1347272,32,Betano,1.0,2.47,1.55,40.49,64.52,5.0
1347272,32,Betano,1.25,3.05,1.38,32.79,72.46,5.25
1347272,32,Betano,1.5,2.92,1.39,34.25,71.94,6.19
1347272,32,Betano,2.5,6.8,1.09,14.71,91.74,6.45
1347272,32,Betano,0.5,1.44,2.72,69.44,36.76,6.21
1347272,32,Betano,3.5,1.7,2.07,58.82,48.31,7.13
1347272,32,Betano,4.5,2.0,1.75,50.0,57.14,7.14
1347272,34,Superbet,1.5,1.57,2.42,63.69,41.32,5.02
1347272,34,Superbet,2.5,2.77,1.45,36.1,68.97,5.07
1347272,34,Superbet,3.5,5.4,1.16,18.52,86.21,4.73
1347272,34,Superbet,0.5,1.14,5.85,87.72,17.09,4.81
1347272,34,Superbet,4.5,13.0,1.04,7.69,96.15,3.85
1347272,34,Superbet,5.5,30.0,1.01,3.33,99.01,2.34
1347272,34,Superbet,6.5,80.0,1.0,1.25,100.0,1.25
1347272,34,Superbet,1.5,4.1,1.24,24.39,80.65,5.04
1347272,34,Superbet,2.5,12.0,1.04,8.33,96.15,4.49
1347272,34,Superbet,3.5,40.0,1.01,2.5,99.01,1.51
1347272,34,Superbet,0.5,1.63,2.27,61.35,44.05,5.4
1347272,34,Superbet,1.5,2.85,1.43,35.09,69.93,5.02
1347272,34,Superbet,2.5,7.2,1.1,13.89,90.91,4.8
1347272,34,Superbet,3.5,21.0,1.02,4.76,98.04,2.8
1347272,34,Superbet,0.5,1.41,2.92,70.92,34.25,5.17
1347272,34,Superbet,4.5,50.0,1.0,2.0,100.0,2.0
1347272,34,Superbet,1.5,1.2,4.2,83.33,23.81,7.14
1347272,34,Superbet,2.5,1.54,2.37,64.94,42.19,7.13
1347272,34,Superbet,3.5,2.17,1.64,46.08,60.98,7.06
1347272,34,Superbet,0.5,1.03,11.0,97.09,9.09,6.18
1347272,34,Superbet,8.5,21.0,1.01,4.76,99.01,3.77
1347272,34,Superbet,9.5,36.0,1.0,2.78,100.0,2.78
1347272,34,Superbet,4.5,3.25,1.31,30.77,76.34,7.11
1347272,34,Superbet,7.5,13.0,1.02,7.69,98.04,5.73
1347272,34,Superbet,5.5,5.0,1.15,20.0,86.96,6.96
1347272,34,Superbet,6.5,7.9,1.06,12.66,94.34,7.0
1347272,34,Superbet,1.5,1.05,9.1,95.24,10.99,6.23
1347272,34,Superbet,2.5,1.17,4.65,85.47,21.51,6.98
1347272,34,Superbet,3.5,1.4,2.8,71.43,35.71,7.14
1347272,34,Superbet,0.5,1.0,28.0,100.0,3.57,3.57
1347272,34,Superbet,8.5,7.4,1.07,13.51,93.46,6.97
1347272,34,Superbet,9.5,11.0,1.03,9.09,97.09,6.18
1347272,34,Superbet,10.5,18.0,1.01,5.56,99.01,4.57
1347272,34,Superbet,4.5,1.8,1.95,55.56,51.28,6.84
1347272,34,Superbet,7.5,5.0,1.15,20.0,86.96,6.96
1347272,34,Superbet,5.5,2.42,1.52,41.32,65.79,7.11
1347272,34,Superbet,6.5,3.45,1.28,28.99,78.12,7.11
1347273,1,10Bet,1.5,1.38,2.95,72.46,33.9,6.36
1347273,1,10Bet,2.5,2.15,1.67,46.51,59.88,6.39
1347273,1,10Bet,3.5,4.0,1.22,25.0,81.97,6.97
1347273,1,10Bet,0.5,1.07,8.0,93.46,12.5,5.96
1347273,1,10Bet,4.5,8.0,1.07,12.5,93.46,5.96
1347273,1,10Bet,1.5,3.0,1.33,33.33,75.19,8.52
1347273,1,10Bet,2.5,7.5,1.06,13.33,94.34,7.67
1347273,1,10Bet,0.5,1.44,2.6,69.44,38.46,7.91
1347273,1,10Bet,1.5,2.3,1.55,43.48,64.52,7.99
1347273,1,10Bet,2.5,5.1,1.13,19.61,88.5,8.1
1347273,1,10Bet,0.5,1.28,3.4,78.12,29.41,7.54
1347273,7,William Hill,1.5,3.0,1.36,33.33,73.53,6.86
1347273,7,William Hill,2.5,9.0,1.07,11.11,93.46,4.57
1347273,7,William Hill,0.5,1.44,2.62,69.44,38.17,7.61
1347273,7,William Hill,1.5,2.5,1.5,40.0,66.67,6.67
1347273,7,William Hill,2.5,6.0,1.11,16.67,90.09,6.76
1347273,7,William Hill,3.5,17.0,1.02,5.88,98.04,3.92
1347273,7,William Hill,0.5,1.35,3.1,74.07,32.26,6.33
1347273,8,Bet365,1.5,1.36,3.0,73.53,33.33,6.86
1347273,8,Bet365,2.5,2.15,1.67,46.51,59.88,6.39
1347273,8,Bet365,3.5,4.0,1.22,25.0,81.97,6.97
1347273,8,Bet365,0.5,1.07,9.0,93.46,11.11,4.57
1347273,8,Bet365,4.5,9.0,1.07,11.11,93.46,4.57
1347273,8,Bet365,5.5,19.0,1.02,5.26,98.04,3.3
1347273,8,Bet365,6.5,41.0,1.0,2.44,100.0,2.44
1347273,8,Bet365,1.5,3.25,1.33,30.77,75.19,5.96
1347273,8,Bet365,2.5,9.0,1.07,11.11,93.46,4.57
1347273,8,Bet365,3.5,26.0,1.01,3.85,99.01,2.86
1347273,8,Bet365,0.5,1.44,2.62,69.44,38.17,7.61
1347273,8,Bet365,1.5,2.38,1.53,42.02,65.36,7.38
1347273,8,Bet365,2.5,5.5,1.14,18.18,87.72,5.9
1347273,8,Bet365,3.5,15.0,1.03,6.67,97.09,3.75
1347273,8,Bet365,0.5,1.28,3.5,78.12,28.57,6.7
1347273,8,Bet365,2.5,1.57,2.25,63.69,44.44,8.14
1347273,8,Bet365,3.5,2.25,1.57,44.44,63.69,8.14
1347273,8,Bet365,5.5,2.1,1.67,47.62,59.88,7.5
1347273,2,Marathonbet,1.5,1.33,2.83,75.19,35.34,10.52
1347273,2,Marathonbet,1.75,1.44,2.48,69.44,40.32,9.77
1347273,2,Marathonbet,2.0,1.6,2.15,62.5,46.51,9.01
1347273,2,Marathonbet,2.25,1.87,1.82,53.48,54.95,8.42
1347273,2,Marathonbet,2.5,2.18,1.66,45.87,60.24,6.11
1347273,2,Marathonbet,2.75,2.47,1.47,40.49,68.03,8.51
1347273,2,Marathonbet,3.5,3.84,1.19,26.04,84.03,10.08
1347273,2,Marathonbet,0.5,1.02,7.9,98.04,12.66,10.7
1347273,2,Marathonbet,0.75,1.03,7.2,97.09,13.89,10.98
1347273,2,Marathonbet,1.0,1.05,6.4,95.24,15.62,10.86
1347273,2,Marathonbet,1.25,1.19,3.76,84.03,26.6,10.63
1347273,2,Marathonbet,3.0,3.12,1.3,32.05,76.92,8.97
1347273,2,Marathonbet,4.5,7.9,1.02,12.66,98.04,10.7
1347273,2,Marathonbet,3.25,3.44,1.24,29.07,80.65,9.71
1347273,2,Marathonbet,3.75,4.9,1.11,20.41,90.09,10.5
1347273,2,Marathonbet,4.0,7.1,1.04,14.08,96.15,10.24
1347273,2,Marathonbet,4.25,7.5,1.03,13.33,97.09,10.42
1347273,2,Marathonbet,1.5,3.22,1.3,31.06,76.92,7.98
1347273,2,Marathonbet,2.0,7.3,1.05,13.7,95.24,8.94
1347273,2,Marathonbet,2.5,8.6,1.01,11.63,99.01,10.64
1347273,2,Marathonbet,0.5,1.47,2.5,68.03,40.0,8.03
1347273,2,Marathonbet,1.0,2.13,1.67,46.95,59.88,6.83
1347273,2,Marathonbet,1.5,2.32,1.54,43.1,64.94,8.04
1347273,2,Marathonbet,2.0,4.2,1.17,23.81,85.47,9.28
1347273,2,Marathonbet,2.5,5.25,1.09,19.05,91.74,10.79
1347273,2,Marathonbet,0.5,1.27,3.4,78.74,29.41,8.15
1347273,2,Marathonbet,1.0,1.56,2.34,64.1,42.74,6.84
1347273,16,Unibet,1.5,1.37,3.0,72.99,33.33,6.33
1347273,16,Unibet,1.75,1.46,2.63,68.49,38.02,6.52
1347273,16,Unibet,2.0,1.62,2.25,61.73,44.44,6.17
1347273,16,Unibet,2.25,1.9,1.87,52.63,53.48,6.11
1347273,16,Unibet,2.5,2.17,1.66,46.08,60.24,6.32
1347273,16,Unibet,2.75,2.55,1.49,39.22,67.11,6.33
1347273,16,Unibet,3.5,4.1,1.21,24.39,82.64,7.03
1347273,16,Unibet,0.5,1.05,8.0,95.24,12.5,7.74
1347273,16,Unibet,3.0,3.25,1.32,30.77,75.76,6.53
1347273,16,Unibet,4.5,8.5,1.05,11.76,95.24,7.0
1347273,16,Unibet,1.5,2.9,1.37,34.48,72.99,7.48
1347273,16,Unibet,2.5,7.0,1.07,14.29,93.46,7.74
1347273,16,Unibet,3.5,23.0,1.01,4.35,99.01,3.36
1347273,16,Unibet,0.5,1.4,2.75,71.43,36.36,7.79
1347273,16,Unibet,0.75,1.56,2.3,64.1,43.48,7.58
1347273,16,Unibet,1.0,1.9,1.82,52.63,54.95,7.58
1347273,16,Unibet,1.25,2.4,1.5,41.67,66.67,8.33
1347273,16,Unibet,1.5,2.48,1.49,40.32,67.11,7.44
1347273,16,Unibet,2.5,5.8,1.11,17.24,90.09,7.33
1347273,16,Unibet,0.5,1.3,3.25,76.92,30.77,7.69
1347273,16,Unibet,1.5,1.2,4.0,83.33,25.0,8.33
1347273,16,Unibet,2.5,1.55,2.28,64.52,43.86,8.38
1347273,16,Unibet,3.5,2.16,1.6,46.3,62.5,8.8
1347273,16,Unibet,4.5,3.15,1.3,31.75,76.92,8.67
1347273,16,Unibet,5.5,4.8,1.14,20.83,87.72,8.55
1347273,16,Unibet,6.5,7.0,1.06,14.29,94.34,8.63
1347273,16,Unibet,2.5,1.14,4.7,87.72,21.28,9.0
1347273,16,Unibet,3.5,1.35,2.9,74.07,34.48,8.56
1347273,16,Unibet,8.5,6.25,1.08,16.0,92.59,8.59
1347273,16,Unibet,9.5,9.5,1.04,10.53,96.15,6.68
1347273,16,Unibet,4.5,1.7,2.0,58.82,50.0,8.82
1347273,16,Unibet,7.5,4.4,1.16,22.73,86.21,8.93
1347273,16,Unibet,5.5,2.25,1.55,44.44,64.52,8.96
1347273,16,Unibet,6.5,3.15,1.3,31.75,76.92,8.67
1347273,16,Unibet,1.5,1.09,5.8,91.74,17.24,8.98
1347273,16,Unibet,2.5,1.3,3.1,76.92,32.26,9.18
1347273,16,Unibet,3.5,1.72,1.98,58.14,50.51,8.64
1347273,16,Unibet,4.5,2.45,1.47,40.82,68.03,8.84
1347273,16,Unibet,5.5,3.65,1.23,27.4,81.3,8.7
1347273,16,Unibet,6.5,5.5,1.1,18.18,90.91,9.09
1347273,3,Betfair,1.5,1.4,2.88,71.43,34.72,6.15
1347273,3,Betfair,2.5,2.2,1.65,45.45,60.61,6.06
1347273,3,Betfair,3.5,4.2,1.22,23.81,81.97,5.78
1347273,3,Betfair,0.5,1.06,8.5,94.34,11.76,6.1
1347273,3,Betfair,4.5,8.0,1.07,12.5,93.46,5.96
1347273,3,Betfair,5.5,17.0,1.01,5.88,99.01,4.89
1347273,3,Betfair,1.5,3.2,1.3,31.25,76.92,8.17
1347273,3,Betfair,2.5,8.0,1.05,12.5,95.24,7.74
1347273,3,Betfair,0.5,1.4,2.75,71.43,36.36,7.79
1347273,13,188Bet,2.25,1.9,1.92,52.63,52.08,4.71
1347273,13,188Bet,0.75,1.72,2.1,58.14,47.62,5.76
1347273,4,Pinnacle,1.5,1.38,2.97,72.46,33.67,6.13
1347273,4,Pinnacle,1.75,1.48,2.62,67.57,38.17,5.74
1347273,4,Pinnacle,2.0,1.63,2.25,61.35,44.44,5.79
1347273,4,Pinnacle,2.25,1.92,1.89,52.08,52.91,4.99
1347273,4,Pinnacle,2.5,2.18,1.68,45.87,59.52,5.4
1347273,4,Pinnacle,2.75,2.55,1.5,39.22,66.67,5.88
1347273,4,Pinnacle,3.5,3.96,1.24,25.25,80.65,5.9
1347273,4,Pinnacle,1.5,3.3,1.32,30.3,75.76,6.06
1347273,4,Pinnacle,0.5,1.46,2.66,68.49,37.59,6.09
1347273,4,Pinnacle,0.75,1.66,2.19,60.24,45.66,5.9
1347273,4,Pinnacle,1.0,2.14,1.71,46.73,58.48,5.21
1347273,4,Pinnacle,1.25,2.72,1.44,36.76,69.44,6.21
1347273,4,Pinnacle,3.5,2.26,1.59,44.25,62.89,7.14
1347273,4,Pinnacle,4.5,1.73,2.04,57.8,49.02,6.82
1347273,4,Pinnacle,5.5,1.93,1.83,51.81,54.64,6.46
1347273,5,SBO,2.0,1.57,2.23,63.69,44.84,8.54
1347273,5,SBO,2.25,1.93,1.83,51.81,54.64,6.46
1347273,5,SBO,2.5,2.14,1.63,46.73,61.35,8.08
1347273,5,SBO,0.75,1.68,2.08,59.52,48.08,7.6
1347273,5,SBO,1.0,2.05,1.71,48.78,58.48,7.26
1347273,11,1xBet,1.5,1.33,2.83,75.19,35.34,10.52
1347273,11,1xBet,1.75,1.44,2.48,69.44,40.32,9.77
1347273,11,1xBet,2.0,1.6,2.15,62.5,46.51,9.01
1347273,11,1xBet,2.25,1.87,1.82,53.48,54.95,8.42
1347273,11,1xBet,2.5,2.27,1.73,44.05,57.8,1.86
1347273,11,1xBet,2.75,2.47,1.47,40.49,68.03,8.51
1347273,11,1xBet,3.5,3.84,1.19,26.04,84.03,10.08
1347273,11,1xBet,0.5,1.02,7.9,98.04,12.66,10.7
1347273,11,1xBet,0.75,1.03,7.2,97.09,13.89,10.98
1347273,11,1xBet,1.0,1.05,6.4,95.24,15.62,10.86
1347273,11,1xBet,1.25,1.19,3.76,84.03,26.6,10.63
1347273,11,1xBet,3.0,3.12,1.3,32.05,76.92,8.97
1347273,11,1xBet,4.5,7.9,1.02,12.66,98.04,10.7
1347273,11,1xBet,3.25,3.44,1.24,29.07,80.65,9.71
1347273,11,1xBet,3.75,4.9,1.11,20.41,90.09,10.5
1347273,11,1xBet,4.0,7.1,1.04,14.08,96.15,10.24
1347273,11,1xBet,4.25,7.5,1.03,13.33,97.09,10.42
1347273,11,1xBet,5.0,13.0,1.01,7.69,99.01,6.7
1347273,11,1xBet,5.5,17.0,1.02,5.88,98.04,3.92
1347273,11,1xBet,6.5,41.0,1.0,2.44,100.0,2.44
1347273,11,1xBet,1.5,3.22,1.3,31.06,76.92,7.98
1347273,11,1xBet,1.75,4.3,1.17,23.26,85.47,8.73
1347273,11,1xBet,2.0,7.3,1.05,13.7,95.24,8.94
1347273,11,1xBet,2.25,8.0,1.03,12.5,97.09,9.59
1347273,11,1xBet,2.5,8.6,1.01,11.63,99.01,10.64
1347273,11,1xBet,3.5,29.0,1.01,3.45,99.01,2.46
1347273,11,1xBet,0.5,1.47,2.5,68.03,40.0,8.03
1347273,11,1xBet,0.75,1.68,2.09,59.52,47.85,7.37
1347273,11,1xBet,1.0,2.13,1.67,46.95,59.88,6.83
1347273,11,1xBet,1.25,2.66,1.43,37.59,69.93,7.52
1347273,11,1xBet,1.5,2.32,1.54,43.1,64.94,8.04
1347273,11,1xBet,1.75,2.84,1.36,35.21,73.53,8.74
1347273,11,1xBet,2.0,4.2,1.17,23.81,85.47,9.28
1347273,11,1xBet,2.25,4.75,1.13,21.05,88.5,9.55
1347273,11,1xBet,2.5,5.25,1.09,19.05,91.74,10.79
1347273,11,1xBet,3.5,17.0,1.02,5.88,98.04,3.92
1347273,11,1xBet,0.5,1.27,3.4,78.74,29.41,8.15
1347273,11,1xBet,0.75,1.37,2.9,72.99,34.48,7.48
1347273,11,1xBet,1.0,1.56,2.34,64.1,42.74,6.84
1347273,11,1xBet,1.25,1.94,1.79,51.55,55.87,7.41
1347273,11,1xBet,1.5,1.1,4.8,90.91,20.83,11.74
1347273,11,1xBet,2.5,1.46,2.35,68.49,42.55,11.05
1347273,11,1xBet,3.5,2.03,1.61,49.26,62.11,11.37
1347273,11,1xBet,4.5,2.94,1.3,34.01,76.92,10.94
1347273,11,1xBet,5.5,5.5,1.09,18.18,91.74,9.92
1347273,11,1xBet,3.5,1.18,3.7,84.75,27.03,11.77
1347273,11,1xBet,4.5,1.41,2.5,70.92,40.0,10.92
1347273,11,1xBet,7.5,4.06,1.16,24.63,86.21,10.84
1347273,11,1xBet,5.5,1.79,1.8,55.87,55.56,11.42
1347273,11,1xBet,6.5,2.54,1.4,39.37,71.43,10.8
1347273,32,Betano,1.5,1.42,3.0,70.42,33.33,3.76
1347273,32,Betano,1.75,1.52,2.62,65.79,38.17,3.96
1347273,32,Betano,2.0,1.67,2.25,59.88,44.44,4.32
1347273,32,Betano,2.25,1.95,1.88,51.28,53.19,4.47
1347273,32,Betano,2.5,2.25,1.67,44.44,59.88,4.32
1347273,32,Betano,2.75,2.62,1.52,38.17,65.79,3.96
1347273,32,Betano,3.5,4.0,1.25,25.0,80.0,5.0
1347273,32,Betano,0.5,1.09,7.5,91.74,13.33,5.08
1347273,32,Betano,3.0,3.35,1.35,29.85,74.07,3.92
1347273,32,Betano,4.5,7.7,1.09,12.99,91.74,4.73
1347273,32,Betano,5.5,13.0,1.03,7.69,97.09,4.78
1347273,32,Betano,1.5,3.0,1.39,33.33,71.94,5.28
1347273,32,Betano,2.5,7.0,1.09,14.29,91.74,6.03
1347273,32,Betano,3.5,13.0,1.02,7.69,98.04,5.73
1347273,32,Betano,0.5,1.47,2.7,68.03,37.04,5.06
1347273,32,Betano,0.75,1.65,2.27,60.61,44.05,4.66
1347273,32,Betano,1.0,2.02,1.8,49.5,55.56,5.06
1347273,32,Betano,1.25,2.52,1.53,39.68,65.36,5.04
1347273,32,Betano,1.5,2.47,1.53,40.49,65.36,5.85
1347273,32,Betano,2.5,5.4,1.14,18.52,87.72,6.24
1347273,32,Betano,0.5,1.33,3.2,75.19,31.25,6.44
1347273,32,Betano,3.5,1.67,2.1,59.88,47.62,7.5
1347273,34,Superbet,1.5,1.39,3.0,71.94,33.33,5.28
1347273,34,Superbet,2.5,2.2,1.68,45.45,59.52,4.98
1347273,34,Superbet,3.5,4.0,1.25,25.0,80.0,5.0
1347273,34,Superbet,0.5,1.08,8.4,92.59,11.9,4.5
1347273,34,Superbet,4.5,8.2,1.08,12.2,92.59,4.79
1347273,34,Superbet,5.5,19.0,1.02,5.26,98.04,3.3
1347273,34,Superbet,6.5,45.0,1.0,2.22,100.0,2.22
1347273,34,Superbet,1.5,3.3,1.34,30.3,74.63,4.93
1347273,34,Superbet,2.5,8.8,1.07,11.36,93.46,4.82
1347273,34,Superbet,3.5,27.0,1.01,3.7,99.01,2.71
1347273,34,Superbet,0.5,1.49,2.65,67.11,37.74,4.85
1347273,34,Superbet,1.5,2.42,1.57,41.32,63.69,5.02
1347273,34,Superbet,2.5,5.65,1.15,17.7,86.96,4.66
1347273,34,Superbet,3.5,15.0,1.03,6.67,97.09,3.75
1347273,34,Superbet,0.5,1.32,3.45,75.76,28.99,4.74
1347273,34,Superbet,4.5,45.0,1.0,2.22,100.0,2.22
1347273,34,Superbet,1.5,1.22,4.0,81.97,25.0,6.97
1347273,34,Superbet,2.5,1.59,2.27,62.89,44.05,6.95
1347273,34,Superbet,3.5,2.25,1.6,44.44,62.5,6.94
1347273,34,Superbet,0.5,1.04,10.0,96.15,10.0,6.15
1347273,34,Superbet,8.5,23.0,1.01,4.35,99.01,3.36
1347273,34,Superbet,9.5,39.0,1.0,2.56,100.0,2.56
1347273,34,Superbet,4.5,3.4,1.29,29.41,77.52,6.93
1347273,34,Superbet,7.5,14.0,1.02,7.14,98.04,5.18
1347273,34,Superbet,5.5,5.3,1.13,18.87,88.5,7.36
1347273,34,Superbet,6.5,8.3,1.06,12.05,94.34,6.39
1347273,34,Superbet,1.5,1.02,13.0,98.04,7.69,5.73
1347273,34,Superbet,2.5,1.11,6.0,90.09,16.67,6.76
1347273,34,Superbet,3.5,1.28,3.5,78.12,28.57,6.7
1347273,34,Superbet,0.5,1.0,40.0,100.0,2.5,2.5
1347273,34,Superbet,8.5,5.55,1.12,18.02,89.29,7.3
1347273,34,Superbet,9.5,8.1,1.06,12.35,94.34,6.69
1347273,34,Superbet,10.5,12.0,1.03,8.33,97.09,5.42
1347273,34,Superbet,4.5,1.56,2.32,64.1,43.1,7.21
1347273,34,Superbet,7.5,3.85,1.23,25.97,81.3,7.27
1347273,34,Superbet,5.5,2.02,1.74,49.5,57.47,6.98
1347273,34,Superbet,6.5,2.75,1.42,36.36,70.42,6.79
1347274,1,10Bet,1.5,1.42,2.8,70.42,35.71,6.14
1347274,1,10Bet,2.5,2.25,1.62,44.44,61.73,6.17
1347274,1,10Bet,3.5,4.2,1.22,23.81,81.97,5.78
1347274,1,10Bet,0.5,1.08,7.5,92.59,13.33,5.93
1347274,1,10Bet,4.5,8.5,1.06,11.76,94.34,6.1
1347274,1,10Bet,1.5,3.1,1.33,32.26,75.19,7.45
1347274,1,10Bet,2.5,7.5,1.06,13.33,94.34,7.67
1347274,1,10Bet,0.5,1.45,2.55,68.97,39.22,8.18
1347274,1,10Bet,1.5,2.35,1.53,42.55,65.36,7.91
1347274,1,10Bet,2.5,5.25,1.12,19.05,89.29,8.33
1347274,1,10Bet,0.5,1.28,3.3,78.12,30.3,8.43
1347274,7,William Hill,1.5,3.1,1.33,32.26,75.19,7.45
1347274,7,William Hill,2.5,9.0,1.06,11.11,94.34,5.45
1347274,7,William Hill,3.5,29.0,1.02,3.45,98.04,1.49
1347274,7,William Hill,0.5,1.4,2.75,71.43,36.36,7.79
1347274,7,William Hill,1.5,2.5,1.44,40.0,69.44,9.44
1347274,7,William Hill,2.5,6.0,1.11,16.67,90.09,6.76
1347274,7,William Hill,3.5,17.0,1.02,5.88,98.04,3.92
1347274,7,William Hill,0.5,1.35,3.1,74.07,32.26,6.33
1347274,8,Bet365,1.5,1.4,2.75,71.43,36.36,7.79
1347274,8,Bet365,2.5,2.25,1.62,44.44,61.73,6.17
1347274,8,Bet365,3.5,4.0,1.22,25.0,81.97,6.97
1347274,8,Bet365,0.5,1.08,7.5,92.59,13.33,5.93
1347274,8,Bet365,4.5,9.0,1.07,11.11,93.46,4.57
1347274,8,Bet365,5.5,19.0,1.02,5.26,98.04,3.3
1347274,8,Bet365,6.5,41.0,1.0,2.44,100.0,2.44
1347274,8,Bet365,1.5,3.25,1.33,30.77,75.19,5.96
1347274,8,Bet365,2.5,10.0,1.06,10.0,94.34,4.34
1347274,8,Bet365,3.5,26.0,1.01,3.85,99.01,2.86
1347274,8,Bet365,0.5,1.44,2.62,69.44,38.17,7.61
1347274,8,Bet365,1.5,2.38,1.53,42.02,65.36,7.38
1347274,8,Bet365,2.5,6.0,1.12,16.67,89.29,5.95
1347274,8,Bet365,3.5,17.0,1.02,5.88,98.04,3.92
1347274,8,Bet365,0.5,1.3,3.4,76.92,29.41,6.33
1347274,8,Bet365,2.5,1.67,2.1,59.88,47.62,7.5
1347274,8,Bet365,5.5,2.0,1.73,50.0,57.8,7.8
1347274,2,Marathonbet,1.5,1.35,2.76,74.07,36.23,10.31
1347274,2,Marathonbet,1.75,1.46,2.43,68.49,41.15,9.65
1347274,2,Marathonbet,2.0,1.63,2.1,61.35,47.62,8.97
1347274,2,Marathonbet,2.25,1.91,1.78,52.36,56.18,8.54
1347274,2,Marathonbet,2.5,2.23,1.63,44.84,61.35,6.19
1347274,2,Marathonbet,2.75,2.56,1.44,39.06,69.44,8.51
1347274,2,Marathonbet,3.5,4.0,1.17,25.0,85.47,10.47
1347274,2,Marathonbet,0.5,1.03,7.6,97.09,13.16,10.25
1347274,2,Marathonbet,0.75,1.04,6.85,96.15,14.6,10.75
1347274,2,Marathonbet,1.0,1.06,6.15,94.34,16.26,10.6
1347274,2,Marathonbet,1.25,1.21,3.58,82.64,27.93,10.58
1347274,2,Marathonbet,3.0,3.3,1.27,30.3,78.74,9.04
1347274,2,Marathonbet,4.5,8.3,1.01,12.05,99.01,11.06
1347274,2,Marathonbet,3.25,3.6,1.22,27.78,81.97,9.74
1347274,2,Marathonbet,3.75,5.1,1.1,19.61,90.91,10.52
1347274,2,Marathonbet,4.0,7.5,1.03,13.33,97.09,10.42
1347274,2,Marathonbet,4.25,7.9,1.02,12.66,98.04,10.7
1347274,2,Marathonbet,1.5,3.28,1.29,30.49,77.52,8.01
1347274,2,Marathonbet,2.0,7.6,1.04,13.16,96.15,9.31
1347274,2,Marathonbet,2.5,8.9,1.01,11.24,99.01,10.25
1347274,2,Marathonbet,0.5,1.49,2.44,67.11,40.98,8.1
1347274,2,Marathonbet,1.0,2.18,1.64,45.87,60.98,6.85
1347274,2,Marathonbet,1.5,2.36,1.52,42.37,65.79,8.16
1347274,2,Marathonbet,2.0,4.4,1.16,22.73,86.21,8.93
1347274,2,Marathonbet,2.5,5.45,1.08,18.35,92.59,10.94
1347274,2,Marathonbet,0.5,1.28,3.34,78.12,29.94,8.07
1347274,2,Marathonbet,1.0,1.59,2.27,62.89,44.05,6.95
1347274,16,Unibet,1.5,1.38,2.9,72.46,34.48,6.95
1347274,16,Unibet,1.75,1.5,2.55,66.67,39.22,5.88
1347274,16,Unibet,2.0,1.67,2.15,59.88,46.51,6.39
1347274,16,Unibet,2.25,1.96,1.81,51.02,55.25,6.27
1347274,16,Unibet,2.5,2.25,1.62,44.44,61.73,6.17
1347274,16,Unibet,2.75,2.65,1.46,37.74,68.49,6.23
1347274,16,Unibet,3.5,4.25,1.2,23.53,83.33,6.86
1347274,16,Unibet,0.5,1.06,8.0,94.34,12.5,6.84
1347274,16,Unibet,3.0,3.4,1.3,29.41,76.92,6.33
1347274,16,Unibet,4.5,9.0,1.04,11.11,96.15,7.26
1347274,16,Unibet,1.5,3.0,1.34,33.33,74.63,7.96
1347274,16,Unibet,2.5,7.5,1.06,13.33,94.34,7.67
1347274,16,Unibet,3.5,23.0,1.01,4.35,99.01,3.36
1347274,16,Unibet,0.5,1.43,2.65,69.93,37.74,7.67
1347274,16,Unibet,0.75,1.6,2.23,62.5,44.84,7.34
1347274,16,Unibet,1.0,1.98,1.74,50.51,57.47,7.98
1347274,16,Unibet,1.25,2.5,1.47,40.0,68.03,8.03
1347274,16,Unibet,1.5,2.48,1.49,40.32,67.11,7.44
1347274,16,Unibet,2.5,5.8,1.1,17.24,90.91,8.15
1347274,16,Unibet,0.5,1.3,3.2,76.92,31.25,8.17
1347274,16,Unibet,1.5,1.22,3.75,81.97,26.67,8.63
1347274,16,Unibet,2.5,1.58,2.18,63.29,45.87,9.16
1347274,16,Unibet,3.5,2.25,1.56,44.44,64.1,8.55
1347274,16,Unibet,4.5,3.35,1.26,29.85,79.37,9.22
1347274,16,Unibet,5.5,5.1,1.12,19.61,89.29,8.89
1347274,16,Unibet,6.5,7.5,1.05,13.33,95.24,8.57
1347274,16,Unibet,2.5,1.11,5.4,90.09,18.52,8.61
1347274,16,Unibet,3.5,1.27,3.3,78.74,30.3,9.04
1347274,16,Unibet,8.5,5.2,1.12,19.23,89.29,8.52
1347274,16,Unibet,9.5,7.0,1.06,14.29,94.34,8.63
1347274,16,Unibet,4.5,1.55,2.25,64.52,44.44,8.96
1347274,16,Unibet,7.5,3.7,1.22,27.03,81.97,8.99
1347274,16,Unibet,5.5,2.0,1.7,50.0,58.82,8.82
1347274,16,Unibet,6.5,2.7,1.4,37.04,71.43,8.47
1347274,16,Unibet,1.5,1.1,5.5,90.91,18.18,9.09
1347274,16,Unibet,2.5,1.34,2.9,74.63,34.48,9.11
1347274,16,Unibet,3.5,1.79,1.89,55.87,52.91,8.78
1347274,16,Unibet,4.5,2.6,1.43,38.46,69.93,8.39
1347274,16,Unibet,5.5,3.9,1.2,25.64,83.33,8.97
1347274,16,Unibet,6.5,5.8,1.09,17.24,91.74,8.98
1347274,3,Betfair,1.5,1.4,2.88,71.43,34.72,6.15
1347274,3,Betfair,2.5,2.3,1.6,43.48,62.5,5.98
1347274,3,Betfair,3.5,4.33,1.2,23.09,83.33,6.43
1347274,3,Betfair,0.5,1.06,8.5,94.34,11.76,6.1
1347274,3,Betfair,4.5,8.5,1.06,11.76,94.34,6.1
1347274,3,Betfair,5.5,17.0,1.01,5.88,99.01,4.89
1347274,3,Betfair,1.5,3.3,1.29,30.3,77.52,7.82
1347274,3,Betfair,2.5,9.0,1.03,11.11,97.09,8.2
1347274,3,Betfair,0.5,1.44,2.6,69.44,38.46,7.91
1347274,13,188Bet,2.25,1.96,1.86,51.02,53.76,4.78
1347274,13,188Bet,0.75,1.71,2.11,58.48,47.39,5.87
1347274,13,188Bet,1.0,2.02,1.8,49.5,55.56,5.06
1347274,4,Pinnacle,1.5,1.43,2.84,69.93,35.21,5.14
1347274,4,Pinnacle,1.75,1.54,2.5,64.94,40.0,4.94
1347274,4,Pinnacle,2.0,1.72,2.14,58.14,46.73,4.87
1347274,4,Pinnacle,2.25,2.03,1.83,49.26,54.64,3.91
1347274,4,Pinnacle,2.5,2.3,1.63,43.48,61.35,4.83
1347274,4,Pinnacle,2.75,2.73,1.47,36.63,68.03,4.66
1347274,4,Pinnacle,3.5,4.32,1.22,23.15,81.97,5.12
1347274,4,Pinnacle,1.5,3.37,1.31,29.67,76.34,6.01
1347274,4,Pinnacle,0.5,1.48,2.64,67.57,37.88,5.45
1347274,4,Pinnacle,0.75,1.71,2.17,58.48,46.08,4.56
1347274,4,Pinnacle,1.0,2.22,1.66,45.05,60.24,5.29
1347274,4,Pinnacle,1.25,2.86,1.42,34.97,70.42,5.39
1347274,4,Pinnacle,2.5,1.62,2.2,61.73,45.45,7.18
1347274,4,Pinnacle,4.5,1.67,2.13,59.88,46.95,6.83
1347274,4,Pinnacle,5.5,2.05,1.72,48.78,58.14,6.92
1347274,5,SBO,2.0,1.7,2.06,58.82,48.54,7.37
1347274,5,SBO,2.25,1.96,1.8,51.02,55.56,6.58
1347274,5,SBO,2.5,2.19,1.6,45.66,62.5,8.16
1347274,5,SBO,0.75,1.68,2.08,59.52,48.08,7.6
1347274,5,SBO,1.0,2.14,1.63,46.73,61.35,8.08
1347274,11,1xBet,1.5,1.35,2.76,74.07,36.23,10.31
1347274,11,1xBet,1.75,1.46,2.43,68.49,41.15,9.65
1347274,11,1xBet,2.0,1.63,2.1,61.35,47.62,8.97
1347274,11,1xBet,2.25,1.91,1.78,52.36,56.18,8.54
1347274,11,1xBet,2.5,2.32,1.7,43.1,58.82,1.93
1347274,11,1xBet,2.75,2.56,1.44,39.06,69.44,8.51
1347274,11,1xBet,3.5,4.0,1.17,25.0,85.47,10.47
1347274,11,1xBet,0.5,1.03,7.6,97.09,13.16,10.25
1347274,11,1xBet,0.75,1.04,6.85,96.15,14.6,10.75
1347274,11,1xBet,1.0,1.06,6.15,94.34,16.26,10.6
1347274,11,1xBet,1.25,1.21,3.58,82.64,27.93,10.58
1347274,11,1xBet,3.0,3.3,1.27,30.3,78.74,9.04
1347274,11,1xBet,4.5,8.3,1.01,12.05,99.01,11.06
1347274,11,1xBet,3.25,3.6,1.22,27.78,81.97,9.74
1347274,11,1xBet,3.75,5.1,1.1,19.61,90.91,10.52
1347274,11,1xBet,4.0,7.5,1.03,13.33,97.09,10.42
1347274,11,1xBet,4.25,7.9,1.02,12.66,98.04,10.7
1347274,11,1xBet,5.0,13.0,1.01,7.69,99.01,6.7
1347274,11,1xBet,5.5,18.0,1.01,5.56,99.01,4.57
1347274,11,1xBet,6.5,41.0,1.0,2.44,100.0,2.44
1347274,11,1xBet,1.5,3.28,1.29,30.49,77.52,8.01
1347274,11,1xBet,1.75,4.4,1.16,22.73,86.21,8.93
1347274,11,1xBet,2.0,7.6,1.04,13.16,96.15,9.31
1347274,11,1xBet,2.25,8.3,1.02,12.05,98.04,10.09
1347274,11,1xBet,2.5,8.9,1.01,11.24,99.01,10.25
1347274,11,1xBet,3.5,29.0,1.01,3.45,99.01,2.46
1347274,11,1xBet,0.5,1.49,2.44,67.11,40.98,8.1
1347274,11,1xBet,0.75,1.7,2.06,58.82,48.54,7.37
1347274,11,1xBet,1.0,2.18,1.64,45.87,60.98,6.85
1347274,11,1xBet,1.25,2.73,1.41,36.63,70.92,7.55
1347274,11,1xBet,1.5,2.36,1.52,42.37,65.79,8.16
1347274,11,1xBet,1.75,2.94,1.34,34.01,74.63,8.64
1347274,11,1xBet,2.0,4.4,1.16,22.73,86.21,8.93
1347274,11,1xBet,2.25,4.95,1.12,20.2,89.29,9.49
1347274,11,1xBet,2.5,5.45,1.08,18.35,92.59,10.94
1347274,11,1xBet,3.5,17.0,1.02,5.88,98.04,3.92
1347274,11,1xBet,0.5,1.28,3.34,78.12,29.94,8.07
1347274,11,1xBet,0.75,1.39,2.81,71.94,35.59,7.53
1347274,11,1xBet,1.0,1.59,2.27,62.89,44.05,6.95
1347274,11,1xBet,1.25,1.99,1.75,50.25,57.14,7.39
1347274,11,1xBet,1.5,1.1,4.7,90.91,21.28,12.19
1347274,11,1xBet,2.5,1.4,2.55,71.43,39.22,10.64
1347274,11,1xBet,3.5,1.91,1.7,52.36,58.82,11.18
1347274,11,1xBet,4.5,3.02,1.29,33.11,77.52,10.63
1347274,11,1xBet,5.5,5.5,1.08,18.18,92.59,10.77
1347274,11,1xBet,3.5,1.23,3.3,81.3,30.3,11.6
1347274,11,1xBet,4.5,1.52,2.22,65.79,45.05,10.83
1347274,11,1xBet,7.5,4.49,1.13,22.27,88.5,10.77
1347274,11,1xBet,5.5,1.94,1.67,51.55,59.88,11.43
1347274,11,1xBet,6.5,2.87,1.3,34.84,76.92,11.77
1347274,32,Betano,1.5,1.45,2.82,68.97,35.46,4.43
1347274,32,Betano,1.75,1.57,2.47,63.69,40.49,4.18
1347274,32,Betano,2.0,1.75,2.12,57.14,47.17,4.31
1347274,32,Betano,2.25,2.07,1.8,48.31,55.56,3.86
1347274,32,Betano,2.5,2.35,1.62,42.55,61.73,4.28
1347274,32,Betano,2.75,2.8,1.47,35.71,68.03,3.74
1347274,32,Betano,3.5,4.3,1.22,23.26,81.97,5.22
1347274,32,Betano,0.5,1.1,7.2,90.91,13.89,4.8
1347274,32,Betano,3.0,3.6,1.31,27.78,76.34,4.11
1347274,32,Betano,4.5,8.25,1.08,12.12,92.59,4.71
1347274,32,Betano,5.5,14.0,1.03,7.14,97.09,4.23
1347274,32,Betano,1.5,3.2,1.36,31.25,73.53,4.78
1347274,32,Betano,2.5,7.4,1.08,13.51,92.59,6.11
1347274,32,Betano,3.5,13.5,1.02,7.41,98.04,5.45
1347274,32,Betano,0.5,1.5,2.62,66.67,38.17,4.83
1347274,32,Betano,0.75,1.67,2.2,59.88,45.45,5.33
1347274,32,Betano,1.0,2.12,1.72,47.17,58.14,5.31
1347274,32,Betano,1.25,2.67,1.47,37.45,68.03,5.48
1347274,32,Betano,1.5,2.55,1.5,39.22,66.67,5.88
1347274,32,Betano,2.5,5.7,1.13,17.54,88.5,6.04
1347274,32,Betano,0.5,1.35,3.1,74.07,32.26,6.33
1347274,32,Betano,3.5,1.62,2.2,61.73,45.45,7.18
1347274,34,Superbet,1.5,1.43,2.85,69.93,35.09,5.02
1347274,34,Superbet,2.5,2.32,1.62,43.1,61.73,4.83
1347274,34,Superbet,3.5,4.35,1.22,22.99,81.97,4.96
1347274,34,Superbet,0.5,1.08,7.8,92.59,12.82,5.41
1347274,34,Superbet,4.5,9.1,1.07,10.99,93.46,4.45
1347274,34,Superbet,5.5,21.0,1.02,4.76,98.04,2.8
1347274,34,Superbet,6.5,50.0,1.0,2.0,100.0,2.0
1347274,34,Superbet,1.5,3.4,1.32,29.41,75.76,5.17
1347274,34,Superbet,2.5,9.3,1.06,10.75,94.34,5.09
1347274,34,Superbet,3.5,29.0,1.01,3.45,99.01,2.46
1347274,34,Superbet,0.5,1.5,2.6,66.67,38.46,5.13
1347274,34,Superbet,1.5,2.52,1.53,39.68,65.36,5.04
1347274,34,Superbet,2.5,6.0,1.13,16.67,88.5,5.16
1347274,34,Superbet,3.5,16.0,1.03,6.25,97.09,3.34
1347274,34,Superbet,0.5,1.33,3.35,75.19,29.85,5.04
1347274,34,Superbet,4.5,50.0,1.0,2.0,100.0,2.0
1347274,34,Superbet,1.5,1.23,3.9,81.3,25.64,6.94
1347274,34,Superbet,2.5,1.61,2.25,62.11,44.44,6.56
1347274,34,Superbet,3.5,2.3,1.58,43.48,63.29,6.77
1347274,34,Superbet,0.5,1.04,9.8,96.15,10.2,6.36
1347274,34,Superbet,8.5,23.0,1.0,4.35,100.0,4.35
1347274,34,Superbet,4.5,3.45,1.28,28.99,78.12,7.11
1347274,34,Superbet,7.5,14.0,1.02,7.14,98.04,5.18
1347274,34,Superbet,5.5,5.45,1.13,18.35,88.5,6.84
1347274,34,Superbet,6.5,8.5,1.05,11.76,95.24,7.0
1347274,34,Superbet,1.5,1.03,11.0,97.09,9.09,6.18
1347274,34,Superbet,2.5,1.13,5.3,88.5,18.87,7.36
1347274,34,Superbet,3.5,1.33,3.15,75.19,31.75,6.93
1347274,34,Superbet,0.5,1.0,33.0,100.0,3.03,3.03
1347274,34,Superbet,8.5,6.3,1.1,15.87,90.91,6.78
1347274,34,Superbet,9.5,9.2,1.04,10.87,96.15,7.02
1347274,34,Superbet,10.5,14.0,1.02,7.14,98.04,5.18
1347274,34,Superbet,4.5,1.66,2.12,60.24,47.17,7.41
1347274,34,Superbet,7.5,4.35,1.19,22.99,84.03,7.02
1347274,34,Superbet,5.5,2.2,1.63,45.45,61.35,6.8
1347274,34,Superbet,6.5,3.05,1.35,32.79,74.07,6.86
1385465,1,10Bet,2.5,1.8,1.77,55.56,56.5,12.05
1385465,1,10Bet,1.5,2.5,1.38,40.0,72.46,12.46
1385465,8,Bet365,1.5,1.28,3.5,78.12,28.57,6.7
1385465,8,Bet365,2.5,1.9,1.9,52.63,52.63,5.26
1385465,8,Bet365,3.5,3.25,1.33,30.77,75.19,5.96
1385465,8,Bet365,0.5,1.03,10.0,97.09,10.0,7.09
1385465,8,Bet365,4.5,5.5,1.12,18.18,89.29,7.47
1385465,8,Bet365,7.5,21.0,1.0,4.76,100.0,4.76
1385465,8,Bet365,5.5,9.0,1.04,11.11,96.15,7.26
1385465,8,Bet365,6.5,13.0,1.01,7.69,99.01,6.7
1385465,8,Bet365,1.5,2.75,1.4,36.36,71.43,7.79
1385465,8,Bet365,2.5,6.5,1.1,15.38,90.91,6.29
1385465,8,Bet365,3.5,11.0,1.02,9.09,98.04,7.13
1385465,8,Bet365,0.5,1.36,3.0,73.53,33.33,6.86
1385465,8,Bet365,1.5,2.1,1.67,47.62,59.88,7.5
1385465,8,Bet365,2.5,4.33,1.2,23.09,83.33,6.43
1385465,8,Bet365,3.5,11.0,1.05,9.09,95.24,4.33
1385465,8,Bet365,0.5,1.25,3.75,80.0,26.67,6.67
1385465,8,Bet365,4.5,23.0,1.01,4.35,99.01,3.36
1385465,2,Marathonbet,1.5,1.24,3.34,80.65,29.94,10.59
1385465,2,Marathonbet,1.75,1.3,2.97,76.92,33.67,10.59
1385465,2,Marathonbet,2.0,1.38,2.62,72.46,38.17,10.63
1385465,2,Marathonbet,2.25,1.6,2.08,62.5,48.08,10.58
1385465,2,Marathonbet,2.5,1.84,1.85,54.35,54.05,8.4
1385465,2,Marathonbet,2.75,2.03,1.63,49.26,61.35,10.61
1385465,2,Marathonbet,3.5,3.08,1.28,32.47,78.12,10.59
1385465,2,Marathonbet,1.0,1.01,8.6,99.01,11.63,10.64
1385465,2,Marathonbet,3.0,2.46,1.43,40.65,69.93,10.58
1385465,2,Marathonbet,3.25,2.74,1.35,36.5,74.07,10.57
1385465,2,Marathonbet,3.75,3.8,1.19,26.32,84.03,10.35
1385465,2,Marathonbet,4.0,5.15,1.1,19.42,90.91,10.33
1385465,2,Marathonbet,1.5,2.67,1.38,37.45,72.46,9.92
1385465,2,Marathonbet,0.5,1.33,2.88,75.19,34.72,9.91
1385465,2,Marathonbet,1.0,1.78,1.9,56.18,52.63,8.81
1385465,2,Marathonbet,1.5,2.06,1.66,48.54,60.24,8.78
1385465,2,Marathonbet,2.0,3.34,1.25,29.94,80.0,9.94
1385465,2,Marathonbet,1.0,1.39,2.63,71.94,38.02,9.97
1385465,16,Unibet,1.5,1.26,3.4,79.37,29.41,8.78
1385465,16,Unibet,2.5,1.83,1.85,54.64,54.05,8.7
1385465,16,Unibet,3.5,3.2,1.3,31.25,76.92,8.17
1385465,16,Unibet,4.5,6.0,1.09,16.67,91.74,8.41
1385465,16,Unibet,1.5,2.55,1.4,39.22,71.43,10.64
1385465,16,Unibet,1.5,2.06,1.6,48.54,62.5,11.04
1385465,3,Betfair,1.5,1.25,3.6,80.0,27.78,7.78
1385465,3,Betfair,2.5,1.85,1.85,54.05,54.05,8.11
1385465,3,Betfair,3.5,3.3,1.29,30.3,77.52,7.82
1385465,3,Betfair,0.5,1.02,10.0,98.04,10.0,8.04
1385465,3,Betfair,4.5,6.5,1.08,15.38,92.59,7.98
1385465,3,Betfair,5.5,11.0,1.01,9.09,99.01,8.1
1385465,3,Betfair,1.5,2.75,1.4,36.36,71.43,7.79
1385465,3,Betfair,2.5,7.5,1.06,13.33,94.34,7.67
1385465,3,Betfair,0.5,1.33,3.0,75.19,33.33,8.52
1385465,11,1xBet,1.5,1.24,3.34,80.65,29.94,10.59
1385465,11,1xBet,1.75,1.3,2.97,76.92,33.67,10.59
1385465,11,1xBet,2.0,1.38,2.62,72.46,38.17,10.63
1385465,11,1xBet,2.25,1.6,2.08,62.5,48.08,10.58
1385465,11,1xBet,2.5,1.84,1.85,54.35,54.05,8.4
1385465,11,1xBet,2.75,2.03,1.63,49.26,61.35,10.61
1385465,11,1xBet,3.5,3.08,1.28,32.47,78.12,10.59
1385465,11,1xBet,0.5,1.01,9.8,99.01,10.2,9.21
1385465,11,1xBet,1.0,1.01,8.6,99.01,11.63,10.64
1385465,11,1xBet,3.0,2.46,1.43,40.65,69.93,10.58
1385465,11,1xBet,4.5,5.5,1.11,18.18,90.09,8.27
1385465,11,1xBet,3.25,2.74,1.35,36.5,74.07,10.57
1385465,11,1xBet,3.75,3.8,1.19,26.32,84.03,10.35
1385465,11,1xBet,4.0,5.15,1.1,19.42,90.91,10.33
1385465,11,1xBet,4.25,5.0,1.13,20.0,88.5,8.5
1385465,11,1xBet,7.5,21.0,1.0,4.76,100.0,4.76
1385465,11,1xBet,5.5,9.0,1.04,11.11,96.15,7.26
1385465,11,1xBet,6.5,13.0,1.01,7.69,99.01,6.7
1385465,11,1xBet,1.5,2.67,1.38,37.45,72.46,9.92
1385465,11,1xBet,2.0,5.3,1.12,18.87,89.29,8.15
1385465,11,1xBet,2.5,6.0,1.09,16.67,91.74,8.41
1385465,11,1xBet,3.5,13.0,1.01,7.69,99.01,6.7
1385465,11,1xBet,0.5,1.33,2.88,75.19,34.72,9.91
1385465,11,1xBet,0.75,1.48,2.4,67.57,41.67,9.23
1385465,11,1xBet,1.0,1.78,1.9,56.18,52.63,8.81
1385465,11,1xBet,1.25,2.23,1.55,44.84,64.52,9.36
1385465,11,1xBet,1.5,2.06,1.66,48.54,60.24,8.78
1385465,11,1xBet,1.75,2.48,1.45,40.32,68.97,9.29
1385465,11,1xBet,2.0,3.34,1.25,29.94,80.0,9.94
1385465,11,1xBet,2.5,4.1,1.2,24.39,83.33,7.72
1385465,11,1xBet,0.5,1.21,3.9,82.64,25.64,8.29
1385465,11,1xBet,1.0,1.39,2.63,71.94,38.02,9.97
1385465,11,1xBet,1.25,1.73,1.94,57.8,51.55,9.35
1385465,32,Betano,1.5,1.27,3.1,78.74,32.26,11.0
1385465,32,Betano,2.5,1.83,1.87,54.64,53.48,8.12
1385465,32,Betano,3.5,2.85,1.32,35.09,75.76,10.85
1385465,32,Betano,1.5,2.57,1.38,38.91,72.46,11.37
1385465,32,Betano,0.5,1.38,2.6,72.46,38.46,10.93
1385465,32,Betano,1.0,1.82,1.85,54.95,54.05,9.0
1385465,32,Betano,1.5,1.98,1.7,50.51,58.82,9.33
1385465,34,Superbet,1.5,1.27,3.4,78.74,29.41,8.15
1385465,34,Superbet,2.5,1.85,1.85,54.05,54.05,8.11
1385465,34,Superbet,3.5,3.1,1.32,32.26,75.76,8.02
1385465,34,Superbet,0.5,1.04,9.2,96.15,10.87,7.02
1385465,34,Superbet,4.5,5.8,1.1,17.24,90.91,8.15
1385465,34,Superbet,1.5,2.82,1.38,35.46,72.46,7.92
1385465,34,Superbet,2.5,6.8,1.07,14.71,93.46,8.16
1385465,34,Superbet,0.5,1.39,2.77,71.94,36.1,8.04
1385465,34,Superbet,1.5,2.1,1.66,47.62,60.24,7.86
1385465,34,Superbet,2.5,4.35,1.18,22.99,84.75,7.73
1385465,34,Superbet,0.5,1.23,3.75,81.3,26.67,7.97
1389695,1,10Bet,1.5,1.2,4.33,83.33,23.09,6.43
1389695,1,10Bet,2.5,1.62,2.2,61.73,45.45,7.18
1389695,1,10Bet,3.5,2.5,1.5,40.0,66.67,6.67
1389695,1,10Bet,0.5,1.03,10.0,97.09,10.0,7.09
1389695,1,10Bet,1.5,2.3,1.55,43.48,64.52,7.99
1389695,1,10Bet,0.5,1.28,3.3,78.12,30.3,8.43
1389695,1,10Bet,1.5,1.77,1.93,56.5,51.81,8.31
1389695,1,10Bet,0.5,1.17,4.5,85.47,22.22,7.69
1389695,8,Bet365,1.5,1.18,4.5,84.75,22.22,6.97
1389695,8,Bet365,2.5,1.6,2.3,62.5,43.48,5.98
1389695,8,Bet365,3.5,2.5,1.5,40.0,66.67,6.67
1389695,8,Bet365,0.5,1.03,15.0,97.09,6.67,3.75
1389695,8,Bet365,4.5,4.33,1.2,23.09,83.33,6.43
1389695,8,Bet365,7.5,34.0,1.0,2.94,100.0,2.94
1389695,8,Bet365,5.5,9.0,1.07,11.11,93.46,4.57
1389695,8,Bet365,6.5,19.0,1.02,5.26,98.04,3.3
1389695,8,Bet365,1.5,2.25,1.57,44.44,63.69,8.14
1389695,8,Bet365,2.5,5.5,1.14,18.18,87.72,5.9
1389695,8,Bet365,3.5,15.0,1.03,6.67,97.09,3.75
1389695,8,Bet365,0.5,1.28,3.5,78.12,28.57,6.7
1389695,8,Bet365,1.5,1.8,1.91,55.56,52.36,7.91
1389695,8,Bet365,2.5,3.5,1.28,28.57,78.12,6.7
1389695,8,Bet365,3.5,9.0,1.07,11.11,93.46,4.57
1389695,8,Bet365,0.5,1.17,5.0,85.47,20.0,5.47
1389695,8,Bet365,4.5,21.0,1.01,4.76,99.01,3.77
1389695,2,Marathonbet,1.5,1.15,4.3,86.96,23.26,10.21
1389695,2,Marathonbet,1.75,1.18,3.9,84.75,25.64,10.39
1389695,2,Marathonbet,2.0,1.24,3.45,80.65,28.99,9.63
1389695,2,Marathonbet,2.25,1.4,2.66,71.43,37.59,9.02
1389695,2,Marathonbet,2.5,1.6,2.27,62.5,44.05,6.55
1389695,2,Marathonbet,2.75,1.7,2.0,58.82,50.0,8.82
1389695,2,Marathonbet,3.5,2.35,1.47,42.55,68.03,10.58
1389695,2,Marathonbet,1.25,1.07,5.85,93.46,17.09,10.55
1389695,2,Marathonbet,3.0,1.9,1.76,52.63,56.82,9.45
1389695,2,Marathonbet,4.5,4.05,1.16,24.69,86.21,10.9
1389695,2,Marathonbet,3.25,2.13,1.58,46.95,63.29,10.24
1389695,2,Marathonbet,3.75,2.74,1.35,36.5,74.07,10.57
1389695,2,Marathonbet,4.0,3.42,1.23,29.24,81.3,10.54
1389695,2,Marathonbet,4.25,3.76,1.19,26.6,84.03,10.63
1389695,2,Marathonbet,4.75,5.0,1.1,20.0,90.91,10.91
1389695,2,Marathonbet,5.0,6.7,1.05,14.93,95.24,10.16
1389695,2,Marathonbet,5.5,7.3,1.03,13.7,97.09,10.79
1389695,2,Marathonbet,1.5,2.32,1.53,43.1,65.36,8.46
1389695,2,Marathonbet,2.0,4.1,1.17,24.39,85.47,9.86
1389695,2,Marathonbet,2.5,5.05,1.1,19.8,90.91,10.71
1389695,2,Marathonbet,0.5,1.28,3.25,78.12,30.77,8.89
1389695,2,Marathonbet,1.0,1.59,2.25,62.89,44.44,7.34
1389695,2,Marathonbet,1.5,1.8,1.93,55.56,51.81,7.37
1389695,2,Marathonbet,2.0,2.56,1.44,39.06,69.44,8.51
1389695,2,Marathonbet,2.5,3.3,1.26,30.3,79.37,9.67
1389695,2,Marathonbet,0.5,1.14,4.6,87.72,21.74,9.46
1389695,2,Marathonbet,1.0,1.26,3.42,79.37,29.24,8.6
1389695,16,Unibet,1.5,1.17,4.3,85.47,23.26,8.73
1389695,16,Unibet,2.5,1.58,2.2,63.29,45.45,8.75
1389695,16,Unibet,3.5,2.48,1.46,40.32,68.49,8.82
1389695,16,Unibet,4.5,4.3,1.17,23.26,85.47,8.73
1389695,16,Unibet,1.5,2.15,1.55,46.51,64.52,11.03
1389695,16,Unibet,1.5,1.81,1.79,55.25,55.87,11.11
1389695,3,Betfair,1.5,1.17,5.0,85.47,20.0,5.47
1389695,3,Betfair,2.5,1.57,2.25,63.69,44.44,8.14
1389695,3,Betfair,3.5,2.55,1.5,39.22,66.67,5.88
1389695,3,Betfair,0.5,1.01,15.0,99.01,6.67,5.68
1389695,3,Betfair,4.5,4.5,1.2,22.22,83.33,5.56
1389695,3,Betfair,5.5,8.5,1.06,11.76,94.34,6.1
1389695,3,Betfair,1.5,2.25,1.57,44.44,63.69,8.14
1389695,3,Betfair,2.5,5.0,1.14,20.0,87.72,7.72
1389695,3,Betfair,0.5,1.25,3.5,80.0,28.57,8.57
1389695,13,188Bet,3.0,1.9,1.82,52.63,54.95,7.58
1389695,13,188Bet,1.25,1.94,1.78,51.55,56.18,7.73
1389695,4,Pinnacle,1.5,1.19,4.53,84.03,22.08,6.11
1389695,4,Pinnacle,2.5,1.63,2.27,61.35,44.05,5.4
1389695,4,Pinnacle,2.75,1.78,2.04,56.18,49.02,5.2
1389695,4,Pinnacle,3.5,2.54,1.51,39.37,66.23,5.6
1389695,4,Pinnacle,3.0,2.02,1.81,49.5,55.25,4.75
1389695,4,Pinnacle,4.5,4.46,1.2,22.42,83.33,5.75
1389695,4,Pinnacle,3.25,2.28,1.63,43.86,61.35,5.21
1389695,4,Pinnacle,1.5,2.42,1.55,41.32,64.52,5.84
1389695,4,Pinnacle,1.75,3.04,1.37,32.89,72.99,5.89
1389695,4,Pinnacle,0.75,1.38,2.98,72.46,33.56,6.02
1389695,4,Pinnacle,1.0,1.58,2.37,63.29,42.19,5.49
1389695,4,Pinnacle,1.25,2.01,1.8,49.75,55.56,5.31
1389695,4,Pinnacle,3.5,1.72,1.99,58.14,50.25,8.39
1389695,4,Pinnacle,5.5,1.96,1.76,51.02,56.82,7.84
1389695,5,SBO,3.0,1.96,1.8,51.02,55.56,6.58
1389695,5,SBO,1.25,1.98,1.78,50.51,56.18,6.68
1389695,11,1xBet,1.5,1.15,4.3,86.96,23.26,10.21
1389695,11,1xBet,1.75,1.18,3.9,84.75,25.64,10.39
1389695,11,1xBet,2.0,1.24,3.45,80.65,28.99,9.63
1389695,11,1xBet,2.25,1.4,2.66,71.43,37.59,9.02
1389695,11,1xBet,2.5,1.6,2.27,62.5,44.05,6.55
1389695,11,1xBet,2.75,1.7,2.0,58.82,50.0,8.82
1389695,11,1xBet,3.5,2.35,1.47,42.55,68.03,10.58
1389695,11,1xBet,0.5,1.01,14.6,99.01,6.85,5.86
1389695,11,1xBet,1.0,1.01,11.0,99.01,9.09,8.1
1389695,11,1xBet,1.25,1.07,5.85,93.46,17.09,10.55
1389695,11,1xBet,3.0,1.9,1.76,52.63,56.82,9.45
1389695,11,1xBet,4.5,4.05,1.16,24.69,86.21,10.9
1389695,11,1xBet,3.25,2.13,1.58,46.95,63.29,10.24
1389695,11,1xBet,3.75,2.74,1.35,36.5,74.07,10.57
1389695,11,1xBet,4.0,3.42,1.23,29.24,81.3,10.54
1389695,11,1xBet,4.25,3.76,1.19,26.6,84.03,10.63
1389695,11,1xBet,4.75,5.0,1.1,20.0,90.91,10.91
1389695,11,1xBet,5.0,6.7,1.05,14.93,95.24,10.16
1389695,11,1xBet,7.5,34.0,1.0,2.94,100.0,2.94
1389695,11,1xBet,5.5,7.3,1.03,13.7,97.09,10.79
1389695,11,1xBet,6.5,19.0,1.02,5.26,98.04,3.3
1389695,11,1xBet,1.5,2.32,1.53,43.1,65.36,8.46
1389695,11,1xBet,1.75,2.85,1.35,35.09,74.07,9.16
1389695,11,1xBet,2.0,4.1,1.17,24.39,85.47,9.86
1389695,11,1xBet,2.25,4.55,1.13,21.98,88.5,10.47
1389695,11,1xBet,2.5,5.05,1.1,19.8,90.91,10.71
1389695,11,1xBet,3.5,12.0,1.02,8.33,98.04,6.37
1389695,11,1xBet,0.5,1.28,3.25,78.12,30.77,8.89
1389695,11,1xBet,0.75,1.39,2.77,71.94,36.1,8.04
1389695,11,1xBet,1.0,1.59,2.25,62.89,44.44,7.34
1389695,11,1xBet,1.25,1.95,1.76,51.28,56.82,8.1
1389695,11,1xBet,3.0,9.1,1.03,10.99,97.09,8.08
1389695,11,1xBet,1.5,1.8,1.93,55.56,51.81,7.37
1389695,11,1xBet,1.75,2.05,1.69,48.78,59.17,7.95
1389695,11,1xBet,2.0,2.56,1.44,39.06,69.44,8.51
1389695,11,1xBet,2.25,2.94,1.33,34.01,75.19,9.2
1389695,11,1xBet,2.5,3.3,1.26,30.3,79.37,9.67
1389695,11,1xBet,3.5,7.1,1.06,14.08,94.34,8.42
1389695,11,1xBet,0.5,1.14,4.6,87.72,21.74,9.46
1389695,11,1xBet,0.75,1.19,4.05,84.03,24.69,8.72
1389695,11,1xBet,1.0,1.26,3.42,79.37,29.24,8.6
1389695,11,1xBet,1.25,1.53,2.35,65.36,42.55,7.91
1389695,11,1xBet,3.0,6.15,1.09,16.26,91.74,8.0
1389695,11,1xBet,2.0,1.01,7.11,99.01,14.06,13.07
1389695,11,1xBet,2.5,1.23,3.42,81.3,29.24,10.54
1389695,11,1xBet,3.5,1.65,2.1,60.61,47.62,8.23
1389695,11,1xBet,3.0,1.34,2.82,74.63,35.46,10.09
1389695,11,1xBet,4.5,2.41,1.48,41.49,67.57,9.06
1389695,11,1xBet,4.0,2.01,1.71,49.75,58.48,8.23
1389695,11,1xBet,5.0,3.36,1.24,29.76,80.65,10.41
1389695,11,1xBet,5.5,3.91,1.17,25.58,85.47,11.05
1389695,11,1xBet,6.5,7.31,1.01,13.68,99.01,12.69
1389695,11,1xBet,6.0,6.6,1.03,15.15,97.09,12.24
1389695,11,1xBet,3.5,1.13,4.39,88.5,22.78,11.27
1389695,11,1xBet,8.5,6.61,1.03,15.13,97.09,12.22
1389695,11,1xBet,4.5,1.41,2.59,70.92,38.61,9.53
1389695,11,1xBet,4.0,1.18,3.79,84.75,26.39,11.13
1389695,11,1xBet,5.0,1.57,2.22,63.69,45.05,8.74
1389695,11,1xBet,7.5,3.9,1.17,25.64,85.47,11.11
1389695,11,1xBet,5.5,1.86,1.84,53.76,54.35,8.11
1389695,11,1xBet,6.5,2.56,1.42,39.06,70.42,9.49
1389695,11,1xBet,6.0,2.22,1.58,45.05,63.29,8.34
1389695,11,1xBet,7.0,3.45,1.22,28.99,81.97,10.95
1389695,11,1xBet,8.0,6.04,1.04,16.56,96.15,12.71
1389695,32,Betano,1.5,1.19,4.2,84.03,23.81,7.84
1389695,32,Betano,2.5,1.57,2.3,63.69,43.48,7.17
1389695,32,Betano,2.75,1.72,2.05,58.14,48.78,6.92
1389695,32,Betano,3.5,2.4,1.53,41.67,65.36,7.03
1389695,32,Betano,0.5,1.03,9.0,97.09,11.11,8.2
1389695,32,Betano,3.0,1.91,1.83,52.36,54.64,7.0
1389695,32,Betano,4.5,3.9,1.21,25.64,82.64,8.29
1389695,32,Betano,3.25,2.15,1.65,46.51,60.61,7.12
1389695,32,Betano,5.5,6.4,1.08,15.62,92.59,8.22
1389695,32,Betano,6.5,9.25,1.03,10.81,97.09,7.9
1389695,32,Betano,1.5,2.35,1.55,42.55,64.52,7.07
1389695,32,Betano,1.75,2.9,1.38,34.48,72.46,6.95
1389695,32,Betano,2.5,4.85,1.15,20.62,86.96,7.58
1389695,32,Betano,3.5,9.0,1.03,11.11,97.09,8.2
1389695,32,Betano,0.5,1.31,3.15,76.34,31.75,8.08
1389695,32,Betano,0.75,1.42,2.72,70.42,36.76,7.19
1389695,32,Betano,1.0,1.6,2.25,62.5,44.44,6.94
1389695,32,Betano,1.25,2.0,1.75,50.0,57.14,7.14
1389695,32,Betano,1.5,1.75,1.98,57.14,50.51,7.65
1389695,32,Betano,2.5,3.15,1.31,31.75,76.34,8.08
1389695,32,Betano,0.5,1.17,4.5,85.47,22.22,7.69
1389695,34,Superbet,1.5,1.17,4.35,85.47,22.99,8.46
1389695,34,Superbet,2.5,1.6,2.2,62.5,45.45,7.95
1389695,34,Superbet,3.5,2.45,1.49,40.82,67.11,7.93
1389695,34,Superbet,0.5,1.02,12.0,98.04,8.33,6.37
1389695,34,Superbet,4.5,4.2,1.19,23.81,84.03,7.84
1389695,34,Superbet,1.5,2.32,1.54,43.1,64.94,8.04
1389695,34,Superbet,2.5,5.1,1.13,19.61,88.5,8.1
1389695,34,Superbet,0.5,1.28,3.35,78.12,29.85,7.98
1389695,34,Superbet,1.5,1.82,1.9,54.95,52.63,7.58
1389695,34,Superbet,2.5,3.5,1.26,28.57,79.37,7.94
1389695,34,Superbet,0.5,1.16,4.55,86.21,21.98,8.18
1389695,34,Superbet,2.5,1.35,2.95,74.07,33.9,7.97
1389695,34,Superbet,3.5,1.76,1.95,56.82,51.28,8.1
1389695,34,Superbet,4.5,2.45,1.49,40.82,67.11,7.93
1389695,34,Superbet,4.5,1.52,2.37,65.79,42.19,7.98
1389695,34,Superbet,5.5,1.95,1.76,51.28,56.82,8.1
1389695,34,Superbet,6.5,2.62,1.43,38.17,69.93,8.1
1389697,1,10Bet,1.5,1.18,4.5,84.75,22.22,6.97
1389697,1,10Bet,2.5,1.55,2.35,64.52,42.55,7.07
1389697,1,10Bet,3.5,2.35,1.55,42.55,64.52,7.07
1389697,1,10Bet,0.5,1.03,10.0,97.09,10.0,7.09
1389697,1,10Bet,4.5,4.0,1.22,25.0,81.97,6.97
1389697,1,10Bet,1.5,2.3,1.55,43.48,64.52,7.99
1389697,1,10Bet,0.5,1.3,3.2,76.92,31.25,8.17
1389697,1,10Bet,1.5,1.67,2.1,59.88,47.62,7.5
1389697,1,10Bet,0.5,1.13,5.0,88.5,20.0,8.5
1389697,8,Bet365,1.5,1.17,5.0,85.47,20.0,5.47
1389697,8,Bet365,2.5,1.57,2.35,63.69,42.55,6.25
1389697,8,Bet365,3.5,2.38,1.53,42.02,65.36,7.38
1389697,8,Bet365,0.5,1.02,17.0,98.04,5.88,3.92
1389697,8,Bet365,4.5,4.0,1.22,25.0,81.97,6.97
1389697,8,Bet365,7.5,29.0,1.01,3.45,99.01,2.46
1389697,8,Bet365,5.5,8.0,1.08,12.5,92.59,5.09
1389697,8,Bet365,6.5,17.0,1.02,5.88,98.04,3.92
1389697,8,Bet365,1.5,2.25,1.57,44.44,63.69,8.14
1389697,8,Bet365,2.5,5.5,1.14,18.18,87.72,5.9
1389697,8,Bet365,3.5,15.0,1.03,6.67,97.09,3.75
1389697,8,Bet365,0.5,1.28,3.5,78.12,28.57,6.7
1389697,8,Bet365,1.5,1.73,2.0,57.8,50.0,7.8
1389697,8,Bet365,2.5,3.5,1.28,28.57,78.12,6.7
1389697,8,Bet365,3.5,8.0,1.08,12.5,92.59,5.09
1389697,8,Bet365,0.5,1.17,5.0,85.47,20.0,5.47
1389697,8,Bet365,4.5,19.0,1.02,5.26,98.04,3.3
1389697,2,Marathonbet,1.5,1.12,4.7,89.29,21.28,10.56
1389697,2,Marathonbet,1.75,1.15,4.25,86.96,23.53,10.49
1389697,2,Marathonbet,2.0,1.19,3.76,84.03,26.6,10.63
1389697,2,Marathonbet,2.25,1.35,2.74,74.07,36.5,10.57
1389697,2,Marathonbet,2.5,1.51,2.26,66.23,44.25,10.47
1389697,2,Marathonbet,2.75,1.64,2.03,60.98,49.26,10.24
1389697,2,Marathonbet,3.5,2.4,1.54,41.67,64.94,6.6
1389697,2,Marathonbet,1.25,1.05,6.7,95.24,14.93,10.16
1389697,2,Marathonbet,3.0,1.84,1.81,54.35,55.25,9.6
1389697,2,Marathonbet,4.5,4.1,1.16,24.39,86.21,10.6
1389697,2,Marathonbet,3.25,2.1,1.63,47.62,61.35,8.97
1389697,2,Marathonbet,3.75,2.74,1.38,36.5,72.46,8.96
1389697,2,Marathonbet,4.0,3.45,1.24,28.99,80.65,9.63
1389697,2,Marathonbet,4.25,3.78,1.19,26.46,84.03,10.49
1389697,2,Marathonbet,4.75,5.1,1.1,19.61,90.91,10.52
1389697,2,Marathonbet,5.0,7.1,1.04,14.08,96.15,10.24
1389697,2,Marathonbet,5.5,7.8,1.02,12.82,98.04,10.86
1389697,2,Marathonbet,5.25,7.5,1.03,13.33,97.09,10.42
1389697,2,Marathonbet,1.5,2.31,1.56,43.29,64.1,7.39
1389697,2,Marathonbet,2.0,4.2,1.18,23.81,84.75,8.56
1389697,2,Marathonbet,2.5,5.3,1.1,18.87,90.91,9.78
1389697,2,Marathonbet,0.5,1.25,3.36,80.0,29.76,9.76
1389697,2,Marathonbet,1.0,1.53,2.31,65.36,43.29,8.65
1389697,2,Marathonbet,1.5,1.77,1.97,56.5,50.76,7.26
1389697,2,Marathonbet,2.0,2.53,1.45,39.53,68.97,8.49
1389697,2,Marathonbet,2.5,3.36,1.25,29.76,80.0,9.76
1389697,2,Marathonbet,0.5,1.12,5.0,89.29,20.0,9.29
1389697,2,Marathonbet,1.0,1.24,3.58,80.65,27.93,8.58
1389697,16,Unibet,1.5,1.17,4.25,85.47,23.53,9.0
1389697,16,Unibet,2.5,1.62,2.14,61.73,46.73,8.46
1389697,16,Unibet,3.5,2.55,1.44,39.22,69.44,8.66
1389697,16,Unibet,4.5,4.6,1.15,21.74,86.96,8.7
1389697,16,Unibet,1.5,2.23,1.5,44.84,66.67,11.51
1389697,16,Unibet,1.5,1.83,1.77,54.64,56.5,11.14
1389697,3,Betfair,1.5,1.17,5.0,85.47,20.0,5.47
1389697,3,Betfair,2.5,1.5,2.4,66.67,41.67,8.33
1389697,3,Betfair,3.5,2.45,1.53,40.82,65.36,6.18
1389697,3,Betfair,0.5,1.01,15.0,99.01,6.67,5.68
1389697,3,Betfair,4.5,4.5,1.2,22.22,83.33,5.56
1389697,3,Betfair,5.5,8.0,1.07,12.5,93.46,5.96
1389697,3,Betfair,1.5,2.25,1.57,44.44,63.69,8.14
1389697,3,Betfair,2.5,5.0,1.14,20.0,87.72,7.72
1389697,3,Betfair,0.5,1.25,3.5,80.0,28.57,8.57
1389697,13,188Bet,3.0,1.9,1.82,52.63,54.95,7.58
1389697,13,188Bet,1.25,1.94,1.78,51.55,56.18,7.73
1389697,4,Pinnacle,1.5,1.16,5.0,86.21,20.0,6.21
1389697,4,Pinnacle,2.5,1.56,2.41,64.1,41.49,5.6
1389697,4,Pinnacle,2.75,1.69,2.17,59.17,46.08,5.25
1389697,4,Pinnacle,3.5,2.39,1.57,41.84,63.69,5.54
1389697,4,Pinnacle,3.0,1.9,1.92,52.63,52.08,4.71
1389697,4,Pinnacle,4.5,4.07,1.23,24.57,81.3,5.87
1389697,4,Pinnacle,3.25,2.15,1.71,46.51,58.48,4.99
1389697,4,Pinnacle,1.5,2.26,1.62,44.25,61.73,5.98
1389697,4,Pinnacle,1.75,2.8,1.42,35.71,70.42,6.14
1389697,4,Pinnacle,0.75,1.33,3.25,75.19,30.77,5.96
1389697,4,Pinnacle,1.0,1.49,2.6,67.11,38.46,5.58
1389697,4,Pinnacle,1.25,1.88,1.92,53.19,52.08,5.27
1389697,4,Pinnacle,4.5,1.85,1.86,54.05,53.76,7.82
1389697,4,Pinnacle,4.5,1.94,1.79,51.55,55.87,7.41
1389697,5,SBO,3.0,1.88,1.88,53.19,53.19,6.38
1389697,5,SBO,1.25,1.92,1.84,52.08,54.35,6.43
1389697,11,1xBet,1.5,1.12,4.7,89.29,21.28,10.56
1389697,11,1xBet,1.75,1.15,4.25,86.96,23.53,10.49
1389697,11,1xBet,2.0,1.19,3.76,84.03,26.6,10.63
1389697,11,1xBet,2.25,1.35,2.74,74.07,36.5,10.57
1389697,11,1xBet,2.5,1.51,2.26,66.23,44.25,10.47
1389697,11,1xBet,2.75,1.64,2.03,60.98,49.26,10.24
1389697,11,1xBet,3.5,2.4,1.54,41.67,64.94,6.6
1389697,11,1xBet,0.5,1.02,17.0,98.04,5.88,3.92
1389697,11,1xBet,1.0,1.05,12.0,95.24,8.33,3.57
1389697,11,1xBet,1.25,1.05,6.55,95.24,15.27,10.51
1389697,11,1xBet,3.0,1.84,1.81,54.35,55.25,9.6
1389697,11,1xBet,4.5,4.1,1.16,24.39,86.21,10.6
1389697,11,1xBet,3.25,2.1,1.63,47.62,61.35,8.97
1389697,11,1xBet,3.75,2.74,1.38,36.5,72.46,8.96
1389697,11,1xBet,4.0,3.45,1.24,28.99,80.65,9.63
1389697,11,1xBet,4.25,3.78,1.19,26.46,84.03,10.49
1389697,11,1xBet,4.75,5.1,1.1,19.61,90.91,10.52
1389697,11,1xBet,5.0,7.1,1.04,14.08,96.15,10.24
1389697,11,1xBet,7.5,29.0,1.01,3.45,99.01,2.46
1389697,11,1xBet,5.5,7.8,1.02,12.82,98.04,10.86
1389697,11,1xBet,5.25,7.5,1.03,13.33,97.09,10.42
1389697,11,1xBet,6.5,17.0,1.02,5.88,98.04,3.92
1389697,11,1xBet,1.5,2.31,1.56,43.29,64.1,7.39
1389697,11,1xBet,1.75,2.86,1.37,34.97,72.99,7.96
1389697,11,1xBet,2.0,4.2,1.18,23.81,84.75,8.56
1389697,11,1xBet,2.25,4.8,1.13,20.83,88.5,9.33
1389697,11,1xBet,2.5,5.3,1.1,18.87,90.91,9.78
1389697,11,1xBet,3.5,11.0,1.01,9.09,99.01,8.1
1389697,11,1xBet,0.5,1.25,3.36,80.0,29.76,9.76
1389697,11,1xBet,0.75,1.35,2.85,74.07,35.09,9.16
1389697,11,1xBet,1.0,1.53,2.31,65.36,43.29,8.65
1389697,11,1xBet,1.25,1.92,1.79,52.08,55.87,7.95
1389697,11,1xBet,3.0,9.1,1.03,10.99,97.09,8.08
1389697,11,1xBet,1.5,1.77,1.97,56.5,50.76,7.26
1389697,11,1xBet,1.75,2.02,1.71,49.5,58.48,7.98
1389697,11,1xBet,2.0,2.53,1.45,39.53,68.97,8.49
1389697,11,1xBet,2.25,2.94,1.33,34.01,75.19,9.2
1389697,11,1xBet,2.5,3.36,1.25,29.76,80.0,9.76
1389697,11,1xBet,0.5,1.12,5.0,89.29,20.0,9.29
1389697,11,1xBet,0.75,1.16,4.33,86.21,23.09,9.3
1389697,11,1xBet,1.0,1.24,3.58,80.65,27.93,8.58
1389697,11,1xBet,1.25,1.5,2.42,66.67,41.32,7.99
1389697,11,1xBet,3.0,6.15,1.09,16.26,91.74,8.0
1389697,11,1xBet,2.5,1.07,5.39,93.46,18.55,12.01
1389697,11,1xBet,3.5,1.34,2.82,74.63,35.46,10.09
1389697,11,1xBet,3.0,1.11,4.62,90.09,21.65,11.74
1389697,11,1xBet,4.5,1.8,1.9,55.56,52.63,8.19
1389697,11,1xBet,4.0,1.5,2.37,66.67,42.19,8.86
1389697,11,1xBet,5.0,2.18,1.6,45.87,62.5,8.37
1389697,11,1xBet,7.5,7.26,1.01,13.77,99.01,12.78
1389697,11,1xBet,5.5,2.56,1.42,39.06,70.42,9.49
1389697,11,1xBet,6.5,4.06,1.16,24.63,86.21,10.84
1389697,11,1xBet,6.0,3.54,1.21,28.25,82.64,10.89
1389697,11,1xBet,7.0,6.62,1.03,15.11,97.09,12.19
1389697,11,1xBet,2.5,1.08,5.11,92.59,19.57,12.16
1389697,11,1xBet,3.5,1.37,2.71,72.99,36.9,9.89
1389697,11,1xBet,3.0,1.13,4.35,88.5,22.99,11.48
1389697,11,1xBet,4.5,1.86,1.84,53.76,54.35,8.11
1389697,11,1xBet,4.0,1.54,2.28,64.94,43.86,8.79
1389697,11,1xBet,5.0,2.27,1.55,44.05,64.52,8.57
1389697,11,1xBet,7.5,6.96,1.02,14.37,98.04,12.41
1389697,11,1xBet,5.5,2.66,1.39,37.59,71.94,9.54
1389697,11,1xBet,6.5,4.29,1.14,23.31,87.72,11.03
1389697,11,1xBet,6.0,3.76,1.18,26.6,84.75,11.34
1389697,11,1xBet,7.0,7.15,1.01,13.99,99.01,13.0
1389697,32,Betano,1.5,1.19,4.2,84.03,23.81,7.84
1389697,32,Betano,2.5,1.57,2.3,63.69,43.48,7.17
1389697,32,Betano,2.75,1.7,2.07,58.82,48.31,7.13
1389697,32,Betano,3.5,2.4,1.53,41.67,65.36,7.03
1389697,32,Betano,0.5,1.03,9.0,97.09,11.11,8.2
1389697,32,Betano,3.0,1.91,1.83,52.36,54.64,7.0
1389697,32,Betano,4.5,3.85,1.22,25.97,81.97,7.94
1389697,32,Betano,3.25,2.15,1.65,46.51,60.61,7.12
1389697,32,Betano,5.5,6.3,1.08,15.87,92.59,8.47
1389697,32,Betano,6.5,9.25,1.03,10.81,97.09,7.9
1389697,32,Betano,1.5,2.35,1.55,42.55,64.52,7.07
1389697,32,Betano,1.75,2.9,1.38,34.48,72.46,6.95
1389697,32,Betano,2.5,4.85,1.15,20.62,86.96,7.58
1389697,32,Betano,3.5,9.0,1.03,11.11,97.09,8.2
1389697,32,Betano,0.5,1.31,3.15,76.34,31.75,8.08
1389697,32,Betano,0.75,1.42,2.75,70.42,36.36,6.79
1389697,32,Betano,1.0,1.6,2.25,62.5,44.44,6.94
1389697,32,Betano,1.25,2.0,1.75,50.0,57.14,7.14
1389697,32,Betano,1.5,1.75,1.98,57.14,50.51,7.65
1389697,32,Betano,2.5,3.15,1.31,31.75,76.34,8.08
1389697,32,Betano,0.5,1.16,4.5,86.21,22.22,8.43
1389697,34,Superbet,1.5,1.15,4.7,86.96,21.28,8.23
1389697,34,Superbet,2.5,1.54,2.32,64.94,43.1,8.04
1389697,34,Superbet,3.5,2.32,1.54,43.1,64.94,8.04
1389697,34,Superbet,4.5,3.9,1.21,25.64,82.64,8.29
1389697,34,Superbet,5.5,7.0,1.07,14.29,93.46,7.74
1389697,34,Superbet,1.5,2.17,1.61,46.08,62.11,8.19
1389697,34,Superbet,2.5,4.65,1.15,21.51,86.96,8.46
1389697,34,Superbet,0.5,1.25,3.6,80.0,27.78,7.78
1389697,34,Superbet,1.5,1.76,1.95,56.82,51.28,8.1
1389697,34,Superbet,2.5,3.3,1.28,30.3,78.12,8.43
1389697,34,Superbet,0.5,1.15,4.7,86.96,21.28,8.23
1389697,34,Superbet,3.5,1.43,2.62,69.93,38.17,8.1
1389697,34,Superbet,4.5,1.85,1.85,54.05,54.05,8.11
1389697,34,Superbet,5.5,2.52,1.47,39.68,68.03,7.71
1389697,34,Superbet,3.5,1.46,2.52,68.49,39.68,8.18
1389697,34,Superbet,4.5,1.9,1.8,52.63,55.56,8.19
1389697,34,Superbet,5.5,2.62,1.43,38.17,69.93,8.1
1389700,1,10Bet,1.5,1.13,5.25,88.5,19.05,7.54
1389700,1,10Bet,2.5,1.45,2.62,68.97,38.17,7.13
1389700,1,10Bet,3.5,2.15,1.65,46.51,60.61,7.12
1389700,1,10Bet,4.5,3.65,1.25,27.4,80.0,7.4
1389700,1,10Bet,1.5,2.15,1.62,46.51,61.73,8.24
1389700,1,10Bet,0.5,1.22,3.7,81.97,27.03,8.99
1389700,1,10Bet,1.5,1.62,2.15,61.73,46.51,8.24
1389700,1,10Bet,0.5,1.11,5.5,90.09,18.18,8.27
1389700,8,Bet365,1.5,1.14,5.5,87.72,18.18,5.9
1389700,8,Bet365,2.5,1.48,2.6,67.57,38.46,6.03
1389700,8,Bet365,3.5,2.1,1.67,47.62,59.88,7.5
1389700,8,Bet365,0.5,1.02,19.0,98.04,5.26,3.3
1389700,8,Bet365,8.5,51.0,1.0,1.96,100.0,1.96
1389700,8,Bet365,4.5,3.75,1.25,26.67,80.0,6.67
1389700,8,Bet365,7.5,26.0,1.01,3.85,99.01,2.86
1389700,8,Bet365,5.5,7.0,1.1,14.29,90.91,5.19
1389700,8,Bet365,6.5,15.0,1.03,6.67,97.09,3.75
1389700,8,Bet365,1.5,2.1,1.67,47.62,59.88,7.5
1389700,8,Bet365,2.5,4.5,1.18,22.22,84.75,6.97
1389700,8,Bet365,3.5,13.0,1.04,7.69,96.15,3.85
1389700,8,Bet365,0.5,1.22,4.0,81.97,25.0,6.97
1389700,8,Bet365,1.5,1.67,2.1,59.88,47.62,7.5
1389700,8,Bet365,2.5,3.25,1.33,30.77,75.19,5.96
1389700,8,Bet365,3.5,7.0,1.1,14.29,90.91,5.19
1389700,8,Bet365,0.5,1.14,5.5,87.72,18.18,5.9
1389700,8,Bet365,4.5,17.0,1.02,5.88,98.04,3.92
1389700,2,Marathonbet,1.5,1.1,5.2,90.91,19.23,10.14
1389700,2,Marathonbet,1.75,1.12,4.75,89.29,21.05,10.34
1389700,2,Marathonbet,2.0,1.15,4.3,86.96,23.26,10.21
1389700,2,Marathonbet,2.25,1.28,3.08,78.12,32.47,10.59
1389700,2,Marathonbet,2.5,1.42,2.49,70.42,40.16,10.58
1389700,2,Marathonbet,2.75,1.51,2.28,66.23,43.86,10.08
1389700,2,Marathonbet,3.5,2.12,1.68,47.17,59.52,6.69
1389700,2,Marathonbet,3.0,1.66,2.03,60.24,49.26,9.5
1389700,2,Marathonbet,4.5,3.34,1.24,29.94,80.65,10.59
1389700,2,Marathonbet,3.25,1.87,1.8,53.48,55.56,9.03
1389700,2,Marathonbet,3.75,2.36,1.5,42.37,66.67,9.04
1389700,2,Marathonbet,4.0,2.82,1.35,35.46,74.07,9.54
1389700,2,Marathonbet,4.25,3.1,1.28,32.26,78.12,10.38
1389700,2,Marathonbet,4.75,4.1,1.16,24.39,86.21,10.6
1389700,2,Marathonbet,5.0,5.4,1.09,18.52,91.74,10.26
1389700,2,Marathonbet,5.5,6.0,1.06,16.67,94.34,11.01
1389700,2,Marathonbet,5.25,5.7,1.08,17.54,92.59,10.14
1389700,2,Marathonbet,1.5,2.16,1.64,46.3,60.98,7.27
1389700,2,Marathonbet,2.0,3.58,1.24,27.93,80.65,8.58
1389700,2,Marathonbet,2.5,4.55,1.14,21.98,87.72,9.7
1389700,2,Marathonbet,0.5,1.23,3.52,81.3,28.41,9.71
1389700,2,Marathonbet,1.0,1.47,2.47,68.03,40.49,8.51
1389700,2,Marathonbet,1.5,1.65,2.14,60.61,46.73,7.34
1389700,2,Marathonbet,2.0,2.21,1.58,45.25,63.29,8.54
1389700,2,Marathonbet,2.5,2.89,1.33,34.6,75.19,9.79
1389700,2,Marathonbet,0.5,1.1,5.4,90.91,18.52,9.43
1389700,2,Marathonbet,1.0,1.18,4.15,84.75,24.1,8.84
1389700,3,Betfair,1.5,1.13,6.0,88.5,16.67,5.16
1389700,3,Betfair,2.5,1.44,2.6,69.44,38.46,7.91
1389700,3,Betfair,3.5,2.2,1.65,45.45,60.61,6.06
1389700,3,Betfair,0.5,1.01,17.0,99.01,5.88,4.89
1389700,3,Betfair,4.5,3.8,1.25,26.32,80.0,6.32
1389700,3,Betfair,5.5,6.5,1.1,15.38,90.91,6.29
1389700,3,Betfair,1.5,2.1,1.67,47.62,59.88,7.5
1389700,3,Betfair,2.5,4.5,1.17,22.22,85.47,7.69
1389700,3,Betfair,0.5,1.2,4.0,83.33,25.0,8.33
1389700,13,188Bet,3.25,1.79,1.93,55.87,51.81,7.68
1389700,13,188Bet,1.5,1.99,1.73,50.25,57.8,8.05
1389700,13,188Bet,1.25,1.72,2.0,58.14,50.0,8.14
1389700,4,Pinnacle,1.5,1.15,5.18,86.96,19.31,6.26
1389700,4,Pinnacle,2.5,1.47,2.6,68.03,38.46,6.49
1389700,4,Pinnacle,2.75,1.58,2.34,63.29,42.74,6.03
1389700,4,Pinnacle,3.5,2.24,1.64,44.64,60.98,5.62
1389700,4,Pinnacle,3.0,1.75,2.06,57.14,48.54,5.69
1389700,4,Pinnacle,4.5,3.83,1.25,26.11,80.0,6.11
1389700,4,Pinnacle,3.25,2.0,1.81,50.0,55.25,5.25
1389700,4,Pinnacle,3.75,2.58,1.49,38.76,67.11,5.87
1389700,4,Pinnacle,1.5,2.22,1.64,45.05,60.98,6.02
1389700,4,Pinnacle,1.75,2.73,1.43,36.63,69.93,6.56
1389700,4,Pinnacle,0.75,1.32,3.3,75.76,30.3,6.06
1389700,4,Pinnacle,1.0,1.46,2.65,68.49,37.74,6.23
1389700,4,Pinnacle,1.25,1.85,1.93,54.05,51.81,5.87
1389700,4,Pinnacle,6.5,1.76,1.96,56.82,51.02,7.84
1389700,4,Pinnacle,2.5,1.9,1.82,52.63,54.95,7.58
1389700,5,SBO,3.25,1.98,1.78,50.51,56.18,6.68
1389700,5,SBO,1.25,1.85,1.91,54.05,52.36,6.41
1389700,11,1xBet,1.5,1.1,5.2,90.91,19.23,10.14
1389700,11,1xBet,1.75,1.12,4.75,89.29,21.05,10.34
1389700,11,1xBet,2.0,1.15,4.3,86.96,23.26,10.21
1389700,11,1xBet,2.25,1.28,3.08,78.12,32.47,10.59
1389700,11,1xBet,2.5,1.42,2.49,70.42,40.16,10.58
1389700,11,1xBet,2.75,1.51,2.28,66.23,43.86,10.08
1389700,11,1xBet,3.5,2.12,1.68,47.17,59.52,6.69
1389700,11,1xBet,0.5,1.02,17.5,98.04,5.71,3.75
1389700,11,1xBet,1.0,1.02,12.5,98.04,8.0,6.04
1389700,11,1xBet,8.5,50.0,1.0,2.0,100.0,2.0
1389700,11,1xBet,3.0,1.66,2.03,60.24,49.26,9.5
1389700,11,1xBet,4.5,3.34,1.24,29.94,80.65,10.59
1389700,11,1xBet,3.25,1.87,1.8,53.48,55.56,9.03
1389700,11,1xBet,3.75,2.36,1.5,42.37,66.67,9.04
1389700,11,1xBet,4.0,2.82,1.35,35.46,74.07,9.54
1389700,11,1xBet,4.25,3.1,1.28,32.26,78.12,10.38
1389700,11,1xBet,4.75,4.1,1.16,24.39,86.21,10.6
1389700,11,1xBet,5.0,5.4,1.09,18.52,91.74,10.26
1389700,11,1xBet,7.5,26.0,1.01,3.85,99.01,2.86
1389700,11,1xBet,5.5,6.0,1.06,16.67,94.34,11.01
1389700,11,1xBet,5.25,5.7,1.08,17.54,92.59,10.14
1389700,11,1xBet,6.5,15.0,1.03,6.67,97.09,3.75
1389700,11,1xBet,6.0,8.0,1.03,12.5,97.09,9.59
1389700,11,1xBet,1.5,2.16,1.64,46.3,60.98,7.27
1389700,11,1xBet,1.75,2.6,1.44,38.46,69.44,7.91
1389700,11,1xBet,2.0,3.58,1.24,27.93,80.65,8.58
1389700,11,1xBet,2.25,4.1,1.18,24.39,84.75,9.14
1389700,11,1xBet,2.5,4.55,1.14,21.98,87.72,9.7
1389700,11,1xBet,3.5,11.0,1.01,9.09,99.01,8.1
1389700,11,1xBet,0.5,1.23,3.52,81.3,28.41,9.71
1389700,11,1xBet,0.75,1.32,2.99,75.76,33.44,9.2
1389700,11,1xBet,1.0,1.47,2.47,68.03,40.49,8.51
1389700,11,1xBet,1.25,1.82,1.89,54.95,52.91,7.86
1389700,11,1xBet,3.0,7.85,1.05,12.74,95.24,7.98
1389700,11,1xBet,1.5,1.65,2.14,60.61,46.73,7.34
1389700,11,1xBet,1.75,1.85,1.86,54.05,53.76,7.82
1389700,11,1xBet,2.0,2.21,1.58,45.25,63.29,8.54
1389700,11,1xBet,2.25,2.55,1.43,39.22,69.93,9.15
1389700,11,1xBet,2.5,2.89,1.33,34.6,75.19,9.79
1389700,11,1xBet,3.5,7.0,1.07,14.29,93.46,7.74
1389700,11,1xBet,0.5,1.1,5.4,90.91,18.52,9.43
1389700,11,1xBet,0.75,1.13,4.8,88.5,20.83,9.33
1389700,11,1xBet,1.0,1.18,4.15,84.75,24.1,8.84
1389700,11,1xBet,1.25,1.42,2.66,70.42,37.59,8.02
1389700,11,1xBet,3.0,6.1,1.09,16.39,91.74,8.14
1389700,11,1xBet,8.5,3.7,1.23,27.03,81.3,8.33
1389700,11,1xBet,4.5,1.23,3.8,81.3,26.32,7.62
1389700,11,1xBet,7.5,2.6,1.44,38.46,69.44,7.91
1389700,11,1xBet,5.5,1.48,2.46,67.57,40.65,8.22
1389700,11,1xBet,6.5,1.9,1.8,52.63,55.56,8.19
1389700,11,1xBet,1.5,1.24,3.6,80.65,27.78,8.42
1389700,11,1xBet,2.5,1.74,1.98,57.47,50.51,7.98
1389700,11,1xBet,3.5,2.75,1.4,36.36,71.43,7.79
1389700,11,1xBet,4.5,4.9,1.14,20.41,87.72,8.13
1389700,11,1xBet,5.5,8.9,1.03,11.24,97.09,8.32
1389700,32,Betano,1.5,1.15,4.7,86.96,21.28,8.23
1389700,32,Betano,2.5,1.47,2.5,68.03,40.0,8.03
1389700,32,Betano,2.75,1.6,2.27,62.5,44.05,6.55
1389700,32,Betano,3.5,2.15,1.65,46.51,60.61,7.12
1389700,32,Betano,0.5,1.03,9.5,97.09,10.53,7.61
1389700,32,Betano,3.0,1.75,2.02,57.14,49.5,6.65
1389700,32,Betano,4.5,3.45,1.26,28.99,79.37,8.35
1389700,32,Betano,3.25,1.95,1.78,51.28,56.18,7.46
1389700,32,Betano,3.75,2.47,1.5,40.49,66.67,7.15
1389700,32,Betano,5.5,5.7,1.11,17.54,90.09,7.63
1389700,32,Betano,6.5,8.5,1.04,11.76,96.15,7.92
1389700,32,Betano,1.5,2.2,1.62,45.45,61.73,7.18
1389700,32,Betano,1.75,2.67,1.44,37.45,69.44,6.9
1389700,32,Betano,2.5,4.45,1.17,22.47,85.47,7.94
1389700,32,Betano,3.5,8.25,1.04,12.12,96.15,8.28
1389700,32,Betano,0.5,1.27,3.4,78.74,29.41,8.15
1389700,32,Betano,0.75,1.36,3.0,73.53,33.33,6.86
1389700,32,Betano,1.0,1.5,2.45,66.67,40.82,7.48
1389700,32,Betano,1.25,1.87,1.87,53.48,53.48,6.95
1389700,32,Betano,1.5,1.65,2.1,60.61,47.62,8.23
1389700,32,Betano,2.5,2.92,1.36,34.25,73.53,7.78
1389700,32,Betano,0.5,1.14,4.85,87.72,20.62,8.34
1389700,34,Superbet,1.5,1.14,5.0,87.72,20.0,7.72
1389700,34,Superbet,2.5,1.47,2.5,68.03,40.0,8.03
1389700,34,Superbet,3.5,2.17,1.61,46.08,62.11,8.19
1389700,34,Superbet,4.5,3.6,1.25,27.78,80.0,7.78
1389700,34,Superbet,5.5,6.4,1.08,15.62,92.59,8.22
1389700,34,Superbet,1.5,2.15,1.63,46.51,61.35,7.86
1389700,34,Superbet,2.5,4.55,1.16,21.98,86.21,8.18
1389700,34,Superbet,0.5,1.23,3.7,81.3,27.03,8.33
1389700,34,Superbet,1.5,1.7,2.05,58.82,48.78,7.6
1389700,34,Superbet,2.5,3.1,1.32,32.26,75.76,8.02
1389700,34,Superbet,0.5,1.13,5.0,88.5,20.0,8.5
1389700,34,Superbet,7.5,2.42,1.5,41.32,66.67,7.99
1389700,34,Superbet,5.5,1.5,2.42,66.67,41.32,7.99
1389700,34,Superbet,6.5,1.87,1.85,53.48,54.05,7.53
1389700,34,Superbet,1.5,1.33,3.05,75.19,32.79,7.97
1389700,34,Superbet,2.5,1.85,1.85,54.05,54.05,8.11
1389700,34,Superbet,3.5,2.8,1.38,35.71,72.46,8.18
1395602,1,10Bet,2.5,1.5,2.2,66.67,45.45,12.12
1395602,1,10Bet,3.5,2.2,1.5,45.45,66.67,12.12
1395602,1,10Bet,1.5,2.05,1.57,48.78,63.69,12.47
1395602,7,William Hill,1.5,2.25,1.57,44.44,63.69,8.14
1395602,7,William Hill,2.5,5.0,1.14,20.0,87.72,7.72
1395602,7,William Hill,3.5,13.0,1.03,7.69,97.09,4.78
1395602,7,William Hill,0.5,1.25,3.5,80.0,28.57,8.57
1395602,8,Bet365,2.5,1.62,2.25,61.73,44.44,6.17
1395602,2,Marathonbet,2.0,1.2,3.72,83.33,26.88,10.22
1395602,2,Marathonbet,2.25,1.35,2.74,74.07,36.5,10.57
1395602,2,Marathonbet,2.5,1.51,2.26,66.23,44.25,10.47
1395602,2,Marathonbet,2.75,1.63,2.03,61.35,49.26,10.61
1395602,2,Marathonbet,3.5,2.36,1.51,42.37,66.23,8.6
1395602,2,Marathonbet,3.0,1.82,1.8,54.95,55.56,10.5
1395602,2,Marathonbet,4.5,4.0,1.17,25.0,85.47,10.47
1395602,2,Marathonbet,3.25,2.07,1.61,48.31,62.11,10.42
1395602,2,Marathonbet,3.75,2.69,1.36,37.17,73.53,10.7
1395602,2,Marathonbet,4.0,3.34,1.24,29.94,80.65,10.59
1395602,2,Marathonbet,4.25,3.7,1.2,27.03,83.33,10.36
1395602,2,Marathonbet,5.0,6.8,1.04,14.71,96.15,10.86
1395602,2,Marathonbet,1.5,2.26,1.55,44.25,64.52,8.76
1395602,2,Marathonbet,2.0,4.0,1.18,25.0,84.75,9.75
1395602,2,Marathonbet,0.5,1.25,3.34,80.0,29.94,9.94
1395602,2,Marathonbet,1.0,1.5,2.31,66.67,43.29,9.96
1395602,2,Marathonbet,1.5,1.76,1.93,56.82,51.81,8.63
1395602,2,Marathonbet,2.0,2.5,1.43,40.0,69.93,9.93
1395602,2,Marathonbet,1.0,1.23,3.5,81.3,28.57,9.87
1395602,3,Betfair,1.5,1.13,5.2,88.5,19.23,7.73
1395602,3,Betfair,2.5,1.5,2.4,66.67,41.67,8.33
1395602,3,Betfair,3.5,2.25,1.57,44.44,63.69,8.14
1395602,3,Betfair,0.5,1.01,13.0,99.01,7.69,6.7
1395602,3,Betfair,4.5,4.0,1.2,25.0,83.33,8.33
1395602,3,Betfair,5.5,7.5,1.05,13.33,95.24,8.57
1395602,13,188Bet,3.0,1.71,2.01,58.48,49.75,8.23
1395602,13,188Bet,1.25,1.88,1.84,53.19,54.35,7.54
1395602,4,Pinnacle,2.25,1.4,2.73,71.43,36.63,8.06
1395602,4,Pinnacle,2.5,1.56,2.28,64.1,43.86,7.96
1395602,4,Pinnacle,2.75,1.7,2.06,58.82,48.54,7.37
1395602,4,Pinnacle,3.5,2.39,1.51,41.84,66.23,8.07
1395602,4,Pinnacle,3.0,1.92,1.83,52.08,54.64,6.73
1395602,4,Pinnacle,3.25,2.16,1.64,46.3,60.98,7.27
1395602,4,Pinnacle,3.75,2.78,1.38,35.97,72.46,8.43
1395602,4,Pinnacle,1.5,2.29,1.56,43.67,64.1,7.77
1395602,4,Pinnacle,1.75,2.78,1.37,35.97,72.99,8.96
1395602,4,Pinnacle,0.75,1.35,2.87,74.07,34.84,8.92
1395602,4,Pinnacle,1.0,1.53,2.35,65.36,42.55,7.91
1395602,4,Pinnacle,1.25,1.93,1.81,51.81,55.25,7.06
1395602,11,1xBet,1.5,1.17,4.5,85.47,22.22,7.69
1395602,11,1xBet,2.0,1.2,3.72,83.33,26.88,10.22
1395602,11,1xBet,2.25,1.35,2.74,74.07,36.5,10.57
1395602,11,1xBet,2.5,1.51,2.26,66.23,44.25,10.47
1395602,11,1xBet,2.75,1.63,2.03,61.35,49.26,10.61
1395602,11,1xBet,3.5,2.36,1.51,42.37,66.23,8.6
1395602,11,1xBet,0.5,1.03,13.0,97.09,7.69,4.78
1395602,11,1xBet,3.0,1.82,1.8,54.95,55.56,10.5
1395602,11,1xBet,4.5,4.0,1.17,25.0,85.47,10.47
1395602,11,1xBet,3.25,2.07,1.61,48.31,62.11,10.42
1395602,11,1xBet,3.75,2.69,1.36,37.17,73.53,10.7
1395602,11,1xBet,4.0,3.34,1.24,29.94,80.65,10.59
1395602,11,1xBet,4.25,3.7,1.2,27.03,83.33,10.36
1395602,11,1xBet,5.0,6.8,1.04,14.71,96.15,10.86
1395602,11,1xBet,5.5,8.0,1.07,12.5,93.46,5.96
1395602,11,1xBet,1.5,2.26,1.55,44.25,64.52,8.76
1395602,11,1xBet,1.75,2.78,1.36,35.97,73.53,9.5
1395602,11,1xBet,2.0,4.0,1.18,25.0,84.75,9.75
1395602,11,1xBet,2.5,5.1,1.13,19.61,88.5,8.1
1395602,11,1xBet,3.5,13.0,1.03,7.69,97.09,4.78
1395602,11,1xBet,0.5,1.27,3.4,78.74,29.41,8.15
1395602,11,1xBet,0.75,1.35,2.84,74.07,35.21,9.29
1395602,11,1xBet,1.0,1.5,2.31,66.67,43.29,9.96
1395602,11,1xBet,1.25,1.88,1.78,53.19,56.18,9.37
1395602,11,1xBet,1.5,1.76,1.93,56.82,51.81,8.63
1395602,11,1xBet,1.75,2.0,1.69,50.0,59.17,9.17
1395602,11,1xBet,2.0,2.5,1.43,40.0,69.93,9.93
1395602,11,1xBet,2.5,3.4,1.27,29.41,78.74,8.15
1395602,11,1xBet,0.5,1.15,4.7,86.96,21.28,8.23
1395602,11,1xBet,1.0,1.23,3.5,81.3,28.57,9.87
1395602,11,1xBet,1.25,1.49,2.38,67.11,42.02,9.13
1395602,32,Betano,2.5,1.53,2.18,65.36,45.87,11.23
1395602,32,Betano,3.0,1.85,1.78,54.05,56.18,10.23
1395602,32,Betano,1.5,2.15,1.5,46.51,66.67,13.18
1395602,32,Betano,1.25,1.85,1.7,54.05,58.82,12.88
1395602,34,Superbet,1.5,1.17,4.4,85.47,22.73,8.2
1395602,34,Superbet,2.5,1.56,2.27,64.1,44.05,8.16
1395602,34,Superbet,3.5,2.37,1.52,42.19,65.79,7.98
1395602,34,Superbet,0.5,1.02,13.0,98.04,7.69,5.73
1395602,34,Superbet,4.5,4.25,1.19,23.53,84.03,7.56
1395602,34,Superbet,1.5,2.27,1.56,44.05,64.1,8.16
1395602,34,Superbet,2.5,5.0,1.14,20.0,87.72,7.72
1395602,34,Superbet,0.5,1.27,3.4,78.74,29.41,8.15
1395602,34,Superbet,1.5,1.78,1.92,56.18,52.08,8.26
1395602,34,Superbet,2.5,3.4,1.27,29.41,78.74,8.15
1395602,34,Superbet,0.5,1.16,4.55,86.21,21.98,8.18
1401134,1,10Bet,1.5,1.28,3.4,78.12,29.41,7.54
1401134,1,10Bet,2.5,1.9,1.85,52.63,54.05,6.69
1401134,1,10Bet,3.5,3.1,1.33,32.26,75.19,7.45
1401134,1,10Bet,1.5,2.65,1.42,37.74,70.42,8.16
1401134,1,10Bet,0.5,1.36,2.85,73.53,35.09,8.62
1401134,1,10Bet,1.5,2.05,1.7,48.78,58.82,7.6
1401134,7,William Hill,1.5,2.7,1.4,37.04,71.43,8.47
1401134,7,William Hill,2.5,7.0,1.08,14.29,92.59,6.88
1401134,7,William Hill,3.5,21.0,1.02,4.76,98.04,2.8
1401134,7,William Hill,0.5,1.36,3.0,73.53,33.33,6.86
1401134,7,William Hill,1.5,2.1,1.67,47.62,59.88,7.5
1401134,7,William Hill,2.5,4.6,1.17,21.74,85.47,7.21
1401134,7,William Hill,3.5,12.0,1.04,8.33,96.15,4.49
1401134,7,William Hill,0.5,1.25,3.7,80.0,27.03,7.03
1401134,8,Bet365,1.5,1.28,3.5,78.12,28.57,6.7
1401134,8,Bet365,2.5,1.95,1.85,51.28,54.05,5.34
1401134,8,Bet365,3.5,3.25,1.33,30.77,75.19,5.96
1401134,8,Bet365,0.5,1.05,8.5,95.24,11.76,7.0
1401134,8,Bet365,4.5,6.0,1.11,16.67,90.09,6.76
1401134,8,Bet365,7.5,21.0,1.0,4.76,100.0,4.76
1401134,8,Bet365,5.5,9.0,1.04,11.11,96.15,7.26
1401134,8,Bet365,6.5,15.0,1.01,6.67,99.01,5.68
1401134,8,Bet365,1.5,2.75,1.4,36.36,71.43,7.79
1401134,8,Bet365,2.5,6.5,1.1,15.38,90.91,6.29
1401134,8,Bet365,3.5,12.0,1.01,8.33,99.01,7.34
1401134,8,Bet365,0.5,1.36,3.0,73.53,33.33,6.86
1401134,8,Bet365,1.5,2.1,1.67,47.62,59.88,7.5
1401134,8,Bet365,2.5,4.5,1.18,22.22,84.75,6.97
1401134,8,Bet365,3.5,11.0,1.05,9.09,95.24,4.33
1401134,8,Bet365,0.5,1.22,4.0,81.97,25.0,6.97
1401134,2,Marathonbet,1.5,1.24,3.34,80.65,29.94,10.59
1401134,2,Marathonbet,1.75,1.3,2.97,76.92,33.67,10.59
1401134,2,Marathonbet,2.0,1.39,2.59,71.94,38.61,10.55
1401134,2,Marathonbet,2.25,1.61,2.07,62.11,48.31,10.42
1401134,2,Marathonbet,2.5,1.85,1.85,54.05,54.05,8.11
1401134,2,Marathonbet,2.75,2.05,1.62,48.78,61.73,10.51
1401134,2,Marathonbet,3.5,3.05,1.28,32.79,78.12,10.91
1401134,2,Marathonbet,0.5,1.0,9.3,100.0,10.75,10.75
1401134,2,Marathonbet,0.75,1.01,8.7,99.01,11.49,10.5
1401134,2,Marathonbet,1.0,1.02,8.1,98.04,12.35,10.38
1401134,2,Marathonbet,1.25,1.13,4.6,88.5,21.74,10.23
1401134,2,Marathonbet,3.0,2.43,1.44,41.15,69.44,10.6
1401134,2,Marathonbet,4.5,5.85,1.07,17.09,93.46,10.55
1401134,2,Marathonbet,3.25,2.74,1.35,36.5,74.07,10.57
1401134,2,Marathonbet,3.75,3.78,1.19,26.46,84.03,10.49
1401134,2,Marathonbet,4.0,5.1,1.1,19.61,90.91,10.52
1401134,2,Marathonbet,4.25,5.5,1.08,18.18,92.59,10.77
1401134,2,Marathonbet,4.75,7.1,1.04,14.08,96.15,10.24
1401134,2,Marathonbet,5.0,9.3,1.0,10.75,100.0,10.75
1401134,2,Marathonbet,1.5,2.66,1.39,37.59,71.94,9.54
1401134,2,Marathonbet,2.0,5.35,1.09,18.69,91.74,10.43
1401134,2,Marathonbet,2.5,6.5,1.05,15.38,95.24,10.62
1401134,2,Marathonbet,0.5,1.35,2.82,74.07,35.46,9.54
1401134,2,Marathonbet,1.0,1.8,1.9,55.56,52.63,8.19
1401134,2,Marathonbet,1.5,2.08,1.66,48.08,60.24,8.32
1401134,2,Marathonbet,2.0,3.38,1.25,29.59,80.0,9.59
1401134,2,Marathonbet,2.5,4.4,1.14,22.73,87.72,10.45
1401134,2,Marathonbet,0.5,1.19,3.74,84.03,26.74,10.77
1401134,2,Marathonbet,1.0,1.41,2.59,70.92,38.61,9.53
1401134,16,Unibet,1.5,1.29,3.2,77.52,31.25,8.77
1401134,16,Unibet,2.5,1.94,1.75,51.55,57.14,8.69
1401134,16,Unibet,3.5,3.35,1.27,29.85,78.74,8.59
1401134,16,Unibet,4.5,6.4,1.08,15.62,92.59,8.22
1401134,16,Unibet,1.5,2.6,1.37,38.46,72.99,11.45
1401134,16,Unibet,1.5,2.15,1.55,46.51,64.52,11.03
1401134,3,Betfair,1.5,1.25,3.8,80.0,26.32,6.32
1401134,3,Betfair,2.5,1.8,1.91,55.56,52.36,7.91
1401134,3,Betfair,3.5,3.25,1.33,30.77,75.19,5.96
1401134,3,Betfair,0.5,1.04,11.0,96.15,9.09,5.24
1401134,3,Betfair,4.5,6.5,1.1,15.38,90.91,6.29
1401134,3,Betfair,5.5,12.0,1.03,8.33,97.09,5.42
1401134,3,Betfair,1.5,2.75,1.4,36.36,71.43,7.79
1401134,3,Betfair,2.5,6.0,1.1,16.67,90.91,7.58
1401134,3,Betfair,0.5,1.33,3.0,75.19,33.33,8.52
1401134,13,188Bet,2.5,1.91,1.87,52.36,53.48,5.83
1401134,13,188Bet,1.0,1.87,1.91,53.48,52.36,5.83
1401134,4,Pinnacle,1.75,1.33,2.99,75.19,33.44,8.63
1401134,4,Pinnacle,2.0,1.42,2.62,70.42,38.17,8.59
1401134,4,Pinnacle,2.25,1.65,2.12,60.61,47.17,7.78
1401134,4,Pinnacle,2.5,1.91,1.88,52.36,53.19,5.55
1401134,4,Pinnacle,2.75,2.11,1.65,47.39,60.61,8.0
1401134,4,Pinnacle,3.0,2.52,1.45,39.68,68.97,8.65
1401134,4,Pinnacle,3.25,2.82,1.36,35.46,73.53,8.99
1401134,4,Pinnacle,1.5,2.68,1.39,37.31,71.94,9.26
1401134,4,Pinnacle,0.5,1.36,2.82,73.53,35.46,8.99
1401134,4,Pinnacle,0.75,1.5,2.39,66.67,41.84,8.51
1401134,4,Pinnacle,1.0,1.83,1.94,54.64,51.55,6.19
1401134,4,Pinnacle,1.25,2.27,1.56,44.05,64.1,8.16
1401134,5,SBO,2.25,1.68,2.08,59.52,48.08,7.6
1401134,5,SBO,2.5,1.92,1.84,52.08,54.35,6.43
1401134,5,SBO,1.0,1.88,1.88,53.19,53.19,6.38
1401134,11,1xBet,1.5,1.24,3.34,80.65,29.94,10.59
1401134,11,1xBet,1.75,1.3,2.97,76.92,33.67,10.59
1401134,11,1xBet,2.0,1.39,2.59,71.94,38.61,10.55
1401134,11,1xBet,2.25,1.61,2.07,62.11,48.31,10.42
1401134,11,1xBet,2.5,1.85,1.85,54.05,54.05,8.11
1401134,11,1xBet,2.75,2.05,1.62,48.78,61.73,10.51
1401134,11,1xBet,3.5,3.05,1.28,32.79,78.12,10.91
1401134,11,1xBet,0.5,1.0,9.3,100.0,10.75,10.75
1401134,11,1xBet,0.75,1.01,8.7,99.01,11.49,10.5
1401134,11,1xBet,1.0,1.02,8.1,98.04,12.35,10.38
1401134,11,1xBet,1.25,1.13,4.6,88.5,21.74,10.23
1401134,11,1xBet,3.0,2.43,1.44,41.15,69.44,10.6
1401134,11,1xBet,4.5,5.85,1.07,17.09,93.46,10.55
1401134,11,1xBet,3.25,2.74,1.35,36.5,74.07,10.57
1401134,11,1xBet,3.75,3.78,1.19,26.46,84.03,10.49
1401134,11,1xBet,4.0,5.1,1.1,19.61,90.91,10.52
1401134,11,1xBet,4.25,5.5,1.08,18.18,92.59,10.77
1401134,11,1xBet,4.75,7.1,1.04,14.08,96.15,10.24
1401134,11,1xBet,5.0,8.6,1.04,11.63,96.15,7.78
1401134,11,1xBet,7.5,21.0,1.0,4.76,100.0,4.76
1401134,11,1xBet,5.5,11.0,1.01,9.09,99.01,8.1
1401134,11,1xBet,6.5,15.0,1.01,6.67,99.01,5.68
1401134,11,1xBet,1.5,2.66,1.39,37.59,71.94,9.54
1401134,11,1xBet,1.75,3.4,1.24,29.41,80.65,10.06
1401134,11,1xBet,2.0,5.35,1.09,18.69,91.74,10.43
1401134,11,1xBet,2.25,5.95,1.07,16.81,93.46,10.26
1401134,11,1xBet,2.5,6.5,1.05,15.38,95.24,10.62
1401134,11,1xBet,3.5,21.0,1.02,4.76,98.04,2.8
1401134,11,1xBet,0.5,1.35,2.82,74.07,35.46,9.54
1401134,11,1xBet,0.75,1.5,2.38,66.67,42.02,8.68
1401134,11,1xBet,1.0,1.8,1.9,55.56,52.63,8.19
1401134,11,1xBet,1.25,2.23,1.56,44.84,64.1,8.95
1401134,11,1xBet,1.5,2.08,1.66,48.08,60.24,8.32
1401134,11,1xBet,1.75,2.5,1.45,40.0,68.97,8.97
1401134,11,1xBet,2.0,3.38,1.25,29.59,80.0,9.59
1401134,11,1xBet,2.25,3.9,1.18,25.64,84.75,10.39
1401134,11,1xBet,2.5,4.4,1.14,22.73,87.72,10.45
1401134,11,1xBet,3.5,12.0,1.04,8.33,96.15,4.49
1401134,11,1xBet,0.5,1.19,3.74,84.03,26.74,10.77
1401134,11,1xBet,0.75,1.27,3.18,78.74,31.45,10.19
1401134,11,1xBet,1.0,1.41,2.59,70.92,38.61,9.53
1401134,11,1xBet,1.25,1.75,1.93,57.14,51.81,8.96
1401134,11,1xBet,1.5,1.02,6.77,98.04,14.77,12.81
1401134,11,1xBet,2.0,1.06,5.68,94.34,17.61,11.95
1401134,11,1xBet,2.5,1.31,2.97,76.34,33.67,10.01
1401134,11,1xBet,3.5,1.83,1.87,54.64,53.48,8.12
1401134,11,1xBet,3.0,1.47,2.43,68.03,41.15,9.18
1401134,11,1xBet,4.5,2.75,1.36,36.36,73.53,9.89
1401134,11,1xBet,4.0,2.29,1.54,43.67,64.94,8.6
1401134,11,1xBet,5.0,4.12,1.15,24.27,86.96,11.23
1401134,11,1xBet,5.5,4.75,1.1,21.05,90.91,11.96
1401134,11,1xBet,3.5,1.14,4.26,87.72,23.47,11.19
1401134,11,1xBet,8.5,6.89,1.02,14.51,98.04,12.55
1401134,11,1xBet,4.5,1.43,2.54,69.93,39.37,9.3
1401134,11,1xBet,4.0,1.2,3.67,83.33,27.25,10.58
1401134,11,1xBet,5.0,1.6,2.17,62.5,46.08,8.58
1401134,11,1xBet,7.5,4.03,1.16,24.81,86.21,11.02
1401134,11,1xBet,5.5,1.9,1.81,52.63,55.25,7.88
1401134,11,1xBet,6.5,2.62,1.4,38.17,71.43,9.6
1401134,11,1xBet,6.0,2.27,1.55,44.05,64.52,8.57
1401134,11,1xBet,7.0,3.56,1.21,28.09,82.64,10.73
1401134,11,1xBet,8.0,6.31,1.04,15.85,96.15,12.0
1401134,32,Betano,1.5,1.3,3.25,76.92,30.77,7.69
1401134,32,Betano,2.0,1.47,2.57,68.03,38.91,6.94
1401134,32,Betano,2.25,1.67,2.1,59.88,47.62,7.5
1401134,32,Betano,2.5,1.9,1.85,52.63,54.05,6.69
1401134,32,Betano,2.75,2.15,1.65,46.51,60.61,7.12
1401134,32,Betano,3.5,3.1,1.32,32.26,75.76,8.02
1401134,32,Betano,0.5,1.06,7.4,94.34,13.51,7.85
1401134,32,Betano,3.0,2.57,1.47,38.91,68.03,6.94
1401134,32,Betano,4.5,5.4,1.12,18.52,89.29,7.8
1401134,32,Betano,3.25,2.72,1.42,36.76,70.42,7.19
1401134,32,Betano,5.5,8.5,1.04,11.76,96.15,7.92
1401134,32,Betano,6.5,11.0,1.01,9.09,99.01,8.1
1401134,32,Betano,1.5,2.77,1.42,36.1,70.42,6.52
1401134,32,Betano,2.5,5.9,1.1,16.95,90.91,7.86
1401134,32,Betano,3.5,10.0,1.02,10.0,98.04,8.04
1401134,32,Betano,0.5,1.4,2.8,71.43,35.71,7.14
1401134,32,Betano,0.75,1.55,2.35,64.52,42.55,7.07
1401134,32,Betano,1.0,1.87,1.88,53.48,53.19,6.67
1401134,32,Betano,1.25,2.32,1.57,43.1,63.69,6.8
1401134,32,Betano,1.5,2.07,1.67,48.31,59.88,8.19
1401134,32,Betano,2.5,4.1,1.2,24.39,83.33,7.72
1401134,32,Betano,0.5,1.24,3.65,80.65,27.4,8.04
1401134,34,Superbet,1.5,1.28,3.4,78.12,29.41,7.54
1401134,34,Superbet,2.5,1.87,1.83,53.48,54.64,8.12
1401134,34,Superbet,3.5,3.15,1.31,31.75,76.34,8.08
1401134,34,Superbet,0.5,1.04,9.1,96.15,10.99,7.14
1401134,34,Superbet,4.5,5.85,1.1,17.09,90.91,8.0
1401134,34,Superbet,1.5,2.72,1.4,36.76,71.43,8.19
1401134,34,Superbet,2.5,6.5,1.08,15.38,92.59,7.98
1401134,34,Superbet,0.5,1.37,2.87,72.99,34.84,7.84
1401134,34,Superbet,1.5,2.1,1.66,47.62,60.24,7.86
1401134,34,Superbet,2.5,4.4,1.17,22.73,85.47,8.2
1401134,34,Superbet,0.5,1.23,3.75,81.3,26.67,7.97
1401134,34,Superbet,3.5,1.88,1.82,53.19,54.95,8.14
1401134,34,Superbet,5.5,1.92,1.8,52.08,55.56,7.64
1379150,1,10Bet,1.5,1.28,3.55,78.12,28.17,6.29
1379150,1,10Bet,2.5,1.9,1.85,52.63,54.05,6.69
1379150,1,10Bet,3.5,3.25,1.33,30.77,75.19,5.96
1379150,1,10Bet,0.5,1.05,9.5,95.24,10.53,5.76
1379150,1,10Bet,4.5,6.25,1.11,16.0,90.09,6.09
1379150,1,10Bet,1.5,2.65,1.42,37.74,70.42,8.16
1379150,1,10Bet,2.5,6.5,1.08,15.38,92.59,7.98
1379150,1,10Bet,0.5,1.36,2.88,73.53,34.72,8.25
1379150,1,10Bet,1.5,2.05,1.68,48.78,59.52,8.3
1379150,1,10Bet,2.5,4.33,1.18,23.09,84.75,7.84
1379150,1,10Bet,0.5,1.22,3.85,81.97,25.97,7.94
1379150,7,William Hill,1.5,2.7,1.44,37.04,69.44,6.48
1379150,7,William Hill,2.5,7.0,1.1,14.29,90.91,5.19
1379150,7,William Hill,3.5,23.0,1.02,4.35,98.04,2.39
1379150,7,William Hill,0.5,1.35,3.0,74.07,33.33,7.41
1379150,7,William Hill,1.5,2.1,1.67,47.62,59.88,7.5
1379150,7,William Hill,2.5,4.4,1.2,22.73,83.33,6.06
1379150,7,William Hill,3.5,11.0,1.04,9.09,96.15,5.24
1379150,7,William Hill,0.5,1.25,3.75,80.0,26.67,6.67
1379150,8,Bet365,1.5,1.28,3.75,78.12,26.67,4.79
1379150,8,Bet365,2.5,1.91,1.91,52.36,52.36,4.71
1379150,8,Bet365,3.5,3.4,1.33,29.41,75.19,4.6
1379150,8,Bet365,0.5,1.05,11.0,95.24,9.09,4.33
1379150,8,Bet365,4.5,6.0,1.12,16.67,89.29,5.95
1379150,8,Bet365,7.5,51.0,1.0,1.96,100.0,1.96
1379150,8,Bet365,5.5,13.0,1.04,7.69,96.15,3.85
1379150,8,Bet365,6.5,26.0,1.01,3.85,99.01,2.86
1379150,8,Bet365,1.5,2.75,1.4,36.36,71.43,7.79
1379150,8,Bet365,2.5,7.0,1.1,14.29,90.91,5.19
1379150,8,Bet365,3.5,21.0,1.01,4.76,99.01,3.77
1379150,8,Bet365,0.5,1.36,3.0,73.53,33.33,6.86
1379150,8,Bet365,1.5,2.1,1.67,47.62,59.88,7.5
1379150,8,Bet365,2.5,4.5,1.18,22.22,84.75,6.97
1379150,8,Bet365,3.5,13.0,1.04,7.69,96.15,3.85
1379150,8,Bet365,0.5,1.22,4.0,81.97,25.0,6.97
1379150,8,Bet365,5.5,2.1,1.67,47.62,59.88,7.5
1379150,8,Bet365,4.5,1.67,2.1,59.88,47.62,7.5
1379150,8,Bet365,3.5,1.85,1.95,54.05,51.28,5.34
1379150,2,Marathonbet,1.5,1.24,3.56,80.65,28.09,8.74
1379150,2,Marathonbet,1.75,1.3,3.2,76.92,31.25,8.17
1379150,2,Marathonbet,2.0,1.4,2.77,71.43,36.1,7.53
1379150,2,Marathonbet,2.25,1.62,2.21,61.73,45.25,6.98
1379150,2,Marathonbet,2.5,1.88,1.94,53.19,51.55,4.74
1379150,2,Marathonbet,2.75,2.08,1.7,48.08,58.82,6.9
1379150,2,Marathonbet,3.5,3.08,1.31,32.47,76.34,8.8
1379150,2,Marathonbet,0.5,1.01,9.0,99.01,11.11,10.12
1379150,2,Marathonbet,0.75,1.0,10.0,100.0,10.0,10.0
1379150,2,Marathonbet,1.0,1.01,9.2,99.01,10.87,9.88
1379150,2,Marathonbet,1.25,1.12,4.95,89.29,20.2,9.49
1379150,2,Marathonbet,3.0,2.47,1.49,40.49,67.11,7.6
1379150,2,Marathonbet,4.5,5.9,1.07,16.95,93.46,10.41
1379150,2,Marathonbet,3.25,2.76,1.39,36.23,71.94,8.17
1379150,2,Marathonbet,3.75,3.74,1.21,26.74,82.64,9.38
1379150,2,Marathonbet,4.0,5.15,1.1,19.42,90.91,10.33
1379150,2,Marathonbet,4.25,5.5,1.08,18.18,92.59,10.77
1379150,2,Marathonbet,4.75,7.7,1.03,12.99,97.09,10.07
1379150,2,Marathonbet,1.5,2.81,1.43,35.59,69.93,5.52
1379150,2,Marathonbet,2.0,5.9,1.12,16.95,89.29,6.23
1379150,2,Marathonbet,2.5,7.2,1.06,13.89,94.34,8.23
1379150,2,Marathonbet,0.5,1.39,2.98,71.94,33.56,5.5
1379150,2,Marathonbet,1.0,1.86,1.98,53.76,50.51,4.27
1379150,2,Marathonbet,1.5,2.12,1.75,47.17,57.14,4.31
1379150,2,Marathonbet,2.0,3.42,1.31,29.24,76.34,5.58
1379150,2,Marathonbet,2.5,4.55,1.18,21.98,84.75,6.72
1379150,2,Marathonbet,0.5,1.22,4.05,81.97,24.69,6.66
1379150,2,Marathonbet,1.0,1.42,2.85,70.42,35.09,5.51
1379150,16,Unibet,1.5,1.26,3.9,79.37,25.64,5.01
1379150,16,Unibet,2.0,1.4,2.95,71.43,33.9,5.33
1379150,16,Unibet,2.25,1.63,2.28,61.35,43.86,5.21
1379150,16,Unibet,2.5,1.85,1.95,54.05,51.28,5.34
1379150,16,Unibet,2.75,2.1,1.74,47.62,57.47,5.09
1379150,16,Unibet,3.5,3.25,1.35,30.77,74.07,4.84
1379150,16,Unibet,0.5,1.03,11.5,97.09,8.7,5.78
1379150,16,Unibet,3.0,2.5,1.52,40.0,65.79,5.79
1379150,16,Unibet,4.5,6.5,1.11,15.38,90.09,5.47
1379150,16,Unibet,3.25,2.85,1.42,35.09,70.42,5.51
1379150,16,Unibet,5.5,13.0,1.02,7.69,98.04,5.73
1379150,16,Unibet,1.5,2.55,1.46,39.22,68.49,7.71
1379150,16,Unibet,1.75,3.3,1.3,30.3,76.92,7.23
1379150,16,Unibet,2.5,6.25,1.09,16.0,91.74,7.74
1379150,16,Unibet,0.5,1.32,3.1,75.76,32.26,8.02
1379150,16,Unibet,0.75,1.44,2.6,69.44,38.46,7.91
1379150,16,Unibet,1.0,1.68,2.07,59.52,48.31,7.83
1379150,16,Unibet,1.25,2.14,1.65,46.73,60.61,7.34
1379150,16,Unibet,1.5,2.06,1.68,48.54,59.52,8.07
1379150,16,Unibet,2.5,4.6,1.17,21.74,85.47,7.21
1379150,16,Unibet,0.5,1.22,3.9,81.97,25.64,7.61
1379150,16,Unibet,2.5,1.08,6.0,92.59,16.67,9.26
1379150,16,Unibet,3.5,1.23,3.6,81.3,27.78,9.08
1379150,16,Unibet,8.5,4.7,1.14,21.28,87.72,9.0
1379150,16,Unibet,9.5,6.4,1.07,15.62,93.46,9.08
1379150,16,Unibet,4.5,1.49,2.4,67.11,41.67,8.78
1379150,16,Unibet,7.5,3.4,1.26,29.41,79.37,8.78
1379150,16,Unibet,5.5,1.88,1.8,53.19,55.56,8.75
1379150,16,Unibet,6.5,2.5,1.46,40.0,68.49,8.49
1379150,16,Unibet,2.5,1.15,4.5,86.96,22.22,9.18
1379150,16,Unibet,3.5,1.38,2.75,72.46,36.36,8.83
1379150,16,Unibet,8.5,6.5,1.06,15.38,94.34,9.72
1379150,16,Unibet,4.5,1.75,1.94,57.14,51.55,8.69
1379150,16,Unibet,7.5,4.7,1.14,21.28,87.72,9.0
1379150,16,Unibet,5.5,2.35,1.52,42.55,65.79,8.34
1379150,16,Unibet,6.5,3.3,1.27,30.3,78.74,9.04
1379150,16,Unibet,1.5,1.08,6.0,92.59,16.67,9.26
1379150,16,Unibet,2.5,1.29,3.15,77.52,31.75,9.27
1379150,16,Unibet,3.5,1.71,1.98,58.48,50.51,8.98
1379150,16,Unibet,4.5,2.48,1.47,40.32,68.03,8.35
1379150,16,Unibet,7.5,8.5,1.02,11.76,98.04,9.8
1379150,16,Unibet,5.5,3.75,1.22,26.67,81.97,8.63
1379150,16,Unibet,6.5,5.8,1.09,17.24,91.74,8.98
1379150,3,Betfair,1.5,1.29,3.4,77.52,29.41,6.93
1379150,3,Betfair,2.5,1.91,1.83,52.36,54.64,7.0
1379150,3,Betfair,3.5,3.4,1.29,29.41,77.52,6.93
1379150,3,Betfair,0.5,1.03,10.0,97.09,10.0,7.09
1379150,3,Betfair,4.5,7.0,1.08,14.29,92.59,6.88
1379150,3,Betfair,5.5,13.0,1.01,7.69,99.01,6.7
1379150,3,Betfair,1.5,2.88,1.36,34.72,73.53,8.25
1379150,3,Betfair,2.5,7.5,1.06,13.33,94.34,7.67
1379150,3,Betfair,0.5,1.36,2.88,73.53,34.72,8.25
1379150,13,188Bet,2.5,1.96,1.94,51.02,51.55,2.57
1379150,13,188Bet,1.0,1.88,2.02,53.19,49.5,2.7
1379150,4,Pinnacle,1.5,1.28,3.82,78.12,26.18,4.3
1379150,4,Pinnacle,1.75,1.35,3.35,74.07,29.85,3.92
1379150,4,Pinnacle,2.0,1.45,2.89,68.97,34.6,3.57
1379150,4,Pinnacle,2.25,1.7,2.24,58.82,44.64,3.47
1379150,4,Pinnacle,2.5,1.97,1.92,50.76,52.08,2.84
1379150,4,Pinnacle,2.75,2.21,1.72,45.25,58.14,3.39
1379150,4,Pinnacle,3.5,3.24,1.37,30.86,72.99,3.86
1379150,4,Pinnacle,3.0,2.62,1.53,38.17,65.36,3.53
1379150,4,Pinnacle,3.25,2.93,1.43,34.13,69.93,4.06
1379150,4,Pinnacle,1.5,2.92,1.41,34.25,70.92,5.17
1379150,4,Pinnacle,0.5,1.39,3.0,71.94,33.33,5.28
1379150,4,Pinnacle,0.75,1.55,2.48,64.52,40.32,4.84
1379150,4,Pinnacle,1.0,1.89,1.94,52.91,51.55,4.46
1379150,4,Pinnacle,1.25,2.41,1.58,41.49,63.29,4.78
1379150,4,Pinnacle,5.5,2.01,1.76,49.75,56.82,6.57
1379150,4,Pinnacle,4.5,1.76,2.0,56.82,50.0,6.82
1379150,4,Pinnacle,4.0,2.09,1.75,47.85,57.14,4.99
1379150,5,SBO,2.25,1.67,2.23,59.88,44.84,4.72
1379150,5,SBO,2.5,1.94,1.92,51.55,52.08,3.63
1379150,5,SBO,2.75,2.17,1.71,46.08,58.48,4.56
1379150,5,SBO,1.0,1.91,1.95,52.36,51.28,3.64
1379150,5,SBO,1.25,2.33,1.61,42.92,62.11,5.03
1379150,11,1xBet,1.5,1.24,3.56,80.65,28.09,8.74
1379150,11,1xBet,1.75,1.3,3.2,76.92,31.25,8.17
1379150,11,1xBet,2.0,1.4,2.77,71.43,36.1,7.53
1379150,11,1xBet,2.25,1.62,2.21,61.73,45.25,6.98
1379150,11,1xBet,2.5,1.94,2.0,51.55,50.0,1.55
1379150,11,1xBet,2.75,2.08,1.7,48.08,58.82,6.9
1379150,11,1xBet,3.5,3.08,1.31,32.47,76.34,8.8
1379150,11,1xBet,0.5,1.01,11.7,99.01,8.55,7.56
1379150,11,1xBet,0.75,1.0,10.0,100.0,10.0,10.0
1379150,11,1xBet,1.0,1.01,9.2,99.01,10.87,9.88
1379150,11,1xBet,1.25,1.12,4.95,89.29,20.2,9.49
1379150,11,1xBet,3.0,2.47,1.49,40.49,67.11,7.6
1379150,11,1xBet,4.5,5.9,1.07,16.95,93.46,10.41
1379150,11,1xBet,3.25,2.76,1.39,36.23,71.94,8.17
1379150,11,1xBet,3.75,3.74,1.21,26.74,82.64,9.38
1379150,11,1xBet,4.0,5.15,1.1,19.42,90.91,10.33
1379150,11,1xBet,4.25,5.5,1.08,18.18,92.59,10.77
1379150,11,1xBet,4.75,7.7,1.03,12.99,97.09,10.07
1379150,11,1xBet,5.0,10.5,1.04,9.52,96.15,5.68
1379150,11,1xBet,7.5,50.0,1.0,2.0,100.0,2.0
1379150,11,1xBet,5.5,13.0,1.03,7.69,97.09,4.78
1379150,11,1xBet,6.5,26.0,1.01,3.85,99.01,2.86
1379150,11,1xBet,1.5,2.81,1.43,35.59,69.93,5.52
1379150,11,1xBet,1.75,3.58,1.28,27.93,78.12,6.06
1379150,11,1xBet,2.0,5.9,1.12,16.95,89.29,6.23
1379150,11,1xBet,2.25,6.55,1.09,15.27,91.74,7.01
1379150,11,1xBet,2.5,7.2,1.06,13.89,94.34,8.23
1379150,11,1xBet,3.5,19.0,1.01,5.26,99.01,4.27
1379150,11,1xBet,0.5,1.39,2.98,71.94,33.56,5.5
1379150,11,1xBet,0.75,1.54,2.5,64.94,40.0,4.94
1379150,11,1xBet,1.0,1.86,1.98,53.76,50.51,4.27
1379150,11,1xBet,1.25,2.33,1.61,42.92,62.11,5.03
1379150,11,1xBet,1.5,2.12,1.75,47.17,57.14,4.31
1379150,11,1xBet,1.75,2.53,1.53,39.53,65.36,4.89
1379150,11,1xBet,2.0,3.42,1.31,29.24,76.34,5.58
1379150,11,1xBet,2.25,3.92,1.24,25.51,80.65,6.16
1379150,11,1xBet,2.5,4.55,1.18,21.98,84.75,6.72
1379150,11,1xBet,3.5,11.0,1.04,9.09,96.15,5.24
1379150,11,1xBet,0.5,1.22,4.05,81.97,24.69,6.66
1379150,11,1xBet,0.75,1.29,3.5,77.52,28.57,6.09
1379150,11,1xBet,1.0,1.42,2.85,70.42,35.09,5.51
1379150,11,1xBet,1.25,1.77,2.06,56.5,48.54,5.04
1379150,11,1xBet,3.5,1.28,3.23,78.12,30.96,9.08
1379150,11,1xBet,4.5,1.58,2.18,63.29,45.87,9.16
1379150,11,1xBet,4.0,1.36,2.82,73.53,35.46,8.99
1379150,11,1xBet,5.0,1.78,1.92,56.18,52.08,8.26
1379150,11,1xBet,5.5,2.03,1.67,49.26,59.88,9.14
1379150,11,1xBet,6.5,2.75,1.37,36.36,72.99,9.36
1379150,11,1xBet,6.0,2.44,1.46,40.98,68.49,9.48
1379150,11,1xBet,3.5,1.34,2.9,74.63,34.48,9.11
1379150,11,1xBet,4.5,1.68,2.01,59.52,49.75,9.28
1379150,11,1xBet,4.0,1.44,2.52,69.44,39.68,9.13
1379150,11,1xBet,5.0,1.94,1.77,51.55,56.5,8.04
1379150,11,1xBet,5.5,2.2,1.56,45.45,64.1,9.56
1379150,11,1xBet,6.5,3.05,1.31,32.79,76.34,9.12
1379150,11,1xBet,6.0,2.73,1.38,36.63,72.46,9.09
1379150,11,1xBet,3.5,1.83,1.83,54.64,54.64,9.29
1379150,32,Betano,1.5,1.31,3.45,76.34,28.99,5.32
1379150,32,Betano,1.75,1.39,3.15,71.94,31.75,3.69
1379150,32,Betano,2.0,1.47,2.75,68.03,36.36,4.39
1379150,32,Betano,2.25,1.72,2.18,58.14,45.87,4.01
1379150,32,Betano,2.5,1.95,1.9,51.28,52.63,3.91
1379150,32,Betano,2.75,2.2,1.7,45.45,58.82,4.28
1379150,32,Betano,3.5,3.25,1.34,30.77,74.63,5.4
1379150,32,Betano,0.5,1.07,9.0,93.46,11.11,4.57
1379150,32,Betano,3.0,2.67,1.5,37.45,66.67,4.12
1379150,32,Betano,4.5,6.1,1.13,16.39,88.5,4.89
1379150,32,Betano,3.25,3.0,1.42,33.33,70.42,3.76
1379150,32,Betano,5.5,10.75,1.04,9.3,96.15,5.46
1379150,32,Betano,6.5,16.0,1.02,6.25,98.04,4.29
1379150,32,Betano,1.5,2.95,1.4,33.9,71.43,5.33
1379150,32,Betano,2.5,6.7,1.1,14.93,90.91,5.83
1379150,32,Betano,3.5,12.5,1.02,8.0,98.04,6.04
1379150,32,Betano,0.5,1.44,2.8,69.44,35.71,5.16
1379150,32,Betano,0.75,1.6,2.35,62.5,42.55,5.05
1379150,32,Betano,1.0,1.95,1.87,51.28,53.48,4.76
1379150,32,Betano,1.25,2.45,1.55,40.82,64.52,5.33
1379150,32,Betano,1.5,2.05,1.75,48.78,57.14,5.92
1379150,32,Betano,2.5,4.2,1.22,23.81,81.97,5.78
1379150,32,Betano,0.5,1.24,3.95,80.65,25.32,5.96
1379150,32,Betano,1.5,1.13,5.4,88.5,18.52,7.01
1379150,32,Betano,2.5,1.33,3.15,75.19,31.75,6.93
1379150,32,Betano,3.5,1.75,2.05,57.14,48.78,5.92
1379150,32,Betano,4.5,2.42,1.52,41.32,65.79,7.11
1379150,32,Betano,5.5,3.6,1.26,27.78,79.37,7.14
1379150,32,Betano,6.5,5.4,1.13,18.52,88.5,7.01
1379150,34,Superbet,1.5,1.28,3.7,78.12,27.03,5.15
1379150,34,Superbet,2.5,1.9,1.92,52.63,52.08,4.71
1379150,34,Superbet,3.5,3.25,1.35,30.77,74.07,4.84
1379150,34,Superbet,0.5,1.05,11.0,95.24,9.09,4.33
1379150,34,Superbet,4.5,6.2,1.12,16.13,89.29,5.41
1379150,34,Superbet,5.5,13.0,1.04,7.69,96.15,3.85
1379150,34,Superbet,6.5,28.0,1.01,3.57,99.01,2.58
1379150,34,Superbet,1.5,2.87,1.42,34.84,70.42,5.27
1379150,34,Superbet,2.5,7.3,1.1,13.7,90.91,4.61
1379150,34,Superbet,3.5,21.0,1.02,4.76,98.04,2.8
1379150,34,Superbet,0.5,1.39,3.0,71.94,33.33,5.28
1379150,34,Superbet,4.5,50.0,1.0,2.0,100.0,2.0
1379150,34,Superbet,1.5,2.12,1.73,47.17,57.8,4.97
1379150,34,Superbet,2.5,4.45,1.21,22.47,82.64,5.12
1379150,34,Superbet,3.5,11.0,1.05,9.09,95.24,4.33
1379150,34,Superbet,0.5,1.25,4.0,80.0,25.0,5.0
1379150,34,Superbet,4.5,30.0,1.01,3.33,99.01,2.34
1379150,34,Superbet,1.5,1.02,13.0,98.04,7.69,5.73
1379150,34,Superbet,2.5,1.11,6.0,90.09,16.67,6.76
1379150,34,Superbet,3.5,1.27,3.6,78.74,27.78,6.52
1379150,34,Superbet,0.5,1.0,40.0,100.0,2.5,2.5
1379150,34,Superbet,8.5,5.5,1.13,18.18,88.5,6.68
1379150,34,Superbet,9.5,7.8,1.06,12.82,94.34,7.16
1379150,34,Superbet,10.5,12.0,1.03,8.33,97.09,5.42
1379150,34,Superbet,4.5,1.56,2.35,64.1,42.55,6.66
1379150,34,Superbet,7.5,3.85,1.24,25.97,80.65,6.62
1379150,34,Superbet,5.5,2.0,1.75,50.0,57.14,7.14
1379150,34,Superbet,6.5,2.72,1.42,36.76,70.42,7.19
1379150,34,Superbet,1.5,1.04,9.9,96.15,10.1,6.25
1379150,34,Superbet,2.5,1.16,4.8,86.21,20.83,7.04
1379150,34,Superbet,3.5,1.37,2.95,72.99,33.9,6.89
1379150,34,Superbet,0.5,1.0,30.0,100.0,3.33,3.33
1379150,34,Superbet,8.5,6.9,1.08,14.49,92.59,7.09
1379150,34,Superbet,9.5,10.0,1.04,10.0,96.15,6.15
1379150,34,Superbet,10.5,16.0,1.01,6.25,99.01,5.26
1379150,34,Superbet,4.5,1.73,2.02,57.8,49.5,7.31
1379150,34,Superbet,7.5,4.7,1.17,21.28,85.47,6.75
1379150,34,Superbet,5.5,2.32,1.57,43.1,63.69,6.8
1379150,34,Superbet,6.5,3.25,1.31,30.77,76.34,7.11
1379150,34,Superbet,1.5,1.08,5.45,92.59,18.35,10.94
1379150,34,Superbet,2.5,1.29,3.05,77.52,32.79,10.31
1379150,34,Superbet,3.5,1.7,2.02,58.82,49.5,8.33
1379150,34,Superbet,4.5,2.37,1.49,42.19,67.11,9.31
1379150,34,Superbet,5.5,3.4,1.22,29.41,81.97,11.38
1379153,1,10Bet,1.5,1.33,3.25,75.19,30.77,5.96
1379153,1,10Bet,2.5,2.0,1.8,50.0,55.56,5.56
1379153,1,10Bet,3.5,3.5,1.28,28.57,78.12,6.7
1379153,1,10Bet,0.5,1.06,8.5,94.34,11.76,6.1
1379153,1,10Bet,4.5,7.0,1.09,14.29,91.74,6.03
1379153,1,10Bet,1.5,2.8,1.38,35.71,72.46,8.18
1379153,1,10Bet,2.5,7.0,1.07,14.29,93.46,7.74
1379153,1,10Bet,0.5,1.4,2.7,71.43,37.04,8.47
1379153,1,10Bet,1.5,2.1,1.65,47.62,60.61,8.23
1379153,1,10Bet,2.5,4.5,1.17,22.22,85.47,7.69
1379153,1,10Bet,0.5,1.22,3.7,81.97,27.03,8.99
1379153,7,William Hill,1.5,2.9,1.36,34.48,73.53,8.01
1379153,7,William Hill,2.5,7.5,1.08,13.33,92.59,5.93
1379153,7,William Hill,3.5,23.0,1.02,4.35,98.04,2.39
1379153,7,William Hill,0.5,1.4,2.88,71.43,34.72,6.15
1379153,7,William Hill,1.5,2.2,1.62,45.45,61.73,7.18
1379153,7,William Hill,2.5,5.0,1.17,20.0,85.47,5.47
1379153,7,William Hill,3.5,13.0,1.04,7.69,96.15,3.85
1379153,7,William Hill,0.5,1.25,3.5,80.0,28.57,8.57
1379153,8,Bet365,1.5,1.33,3.4,75.19,29.41,4.6
1379153,8,Bet365,2.5,2.0,1.8,50.0,55.56,5.56
1379153,8,Bet365,3.5,3.5,1.3,28.57,76.92,5.49
1379153,8,Bet365,0.5,1.06,9.5,94.34,10.53,4.87
1379153,8,Bet365,4.5,7.0,1.1,14.29,90.91,5.19
1379153,8,Bet365,7.5,51.0,1.0,1.96,100.0,1.96
1379153,8,Bet365,5.5,15.0,1.03,6.67,97.09,3.75
1379153,8,Bet365,6.5,29.0,1.01,3.45,99.01,2.46
1379153,8,Bet365,1.5,3.0,1.36,33.33,73.53,6.86
1379153,8,Bet365,2.5,8.0,1.08,12.5,92.59,5.09
1379153,8,Bet365,3.5,23.0,1.01,4.35,99.01,3.36
1379153,8,Bet365,0.5,1.4,2.75,71.43,36.36,7.79
1379153,8,Bet365,1.5,2.2,1.62,45.45,61.73,7.18
1379153,8,Bet365,2.5,5.0,1.17,20.0,85.47,5.47
1379153,8,Bet365,3.5,13.0,1.04,7.69,96.15,3.85
1379153,8,Bet365,0.5,1.25,3.75,80.0,26.67,6.67
1379153,8,Bet365,4.5,1.62,2.2,61.73,45.45,7.18
1379153,8,Bet365,5.5,2.2,1.62,45.45,61.73,7.18
1379153,8,Bet365,4.5,1.83,1.83,54.64,54.64,9.29
1379153,8,Bet365,3.5,1.8,2.0,55.56,50.0,5.56
1379153,2,Marathonbet,1.5,1.3,3.14,76.92,31.85,8.77
1379153,2,Marathonbet,1.75,1.38,2.8,72.46,35.71,8.18
1379153,2,Marathonbet,2.0,1.5,2.45,66.67,40.82,7.48
1379153,2,Marathonbet,2.25,1.75,2.01,57.14,49.75,6.89
1379153,2,Marathonbet,2.5,2.02,1.81,49.5,55.25,4.75
1379153,2,Marathonbet,2.75,2.25,1.6,44.44,62.5,6.94
1379153,2,Marathonbet,3.5,3.34,1.27,29.94,78.74,8.68
1379153,2,Marathonbet,0.5,1.02,7.8,98.04,12.82,10.86
1379153,2,Marathonbet,0.75,1.03,7.3,97.09,13.7,10.79
1379153,2,Marathonbet,1.0,1.05,6.8,95.24,14.71,9.94
1379153,2,Marathonbet,1.25,1.17,4.15,85.47,24.1,9.57
1379153,2,Marathonbet,3.0,2.73,1.41,36.63,70.92,7.55
1379153,2,Marathonbet,4.5,6.1,1.06,16.39,94.34,10.73
1379153,2,Marathonbet,3.25,3.04,1.33,32.89,75.19,8.08
1379153,2,Marathonbet,3.75,4.1,1.18,24.39,84.75,9.14
1379153,2,Marathonbet,4.0,5.5,1.09,18.18,91.74,9.92
1379153,2,Marathonbet,4.25,5.8,1.07,17.24,93.46,10.7
1379153,2,Marathonbet,1.5,2.98,1.39,33.56,71.94,5.5
1379153,2,Marathonbet,2.0,6.3,1.1,15.87,90.91,6.78
1379153,2,Marathonbet,2.5,7.3,1.06,13.7,94.34,8.04
1379153,2,Marathonbet,0.5,1.46,2.7,68.49,37.04,5.53
1379153,2,Marathonbet,1.0,2.01,1.83,49.75,54.64,4.4
1379153,2,Marathonbet,1.5,2.21,1.69,45.25,59.17,4.42
1379153,2,Marathonbet,2.0,3.74,1.27,26.74,78.74,5.48
1379153,2,Marathonbet,2.5,4.75,1.17,21.05,85.47,6.52
1379153,2,Marathonbet,0.5,1.26,3.66,79.37,27.32,6.69
1379153,2,Marathonbet,1.0,1.49,2.6,67.11,38.46,5.58
1379153,16,Unibet,1.5,1.3,3.45,76.92,28.99,5.91
1379153,16,Unibet,1.75,1.38,3.0,72.46,33.33,5.8
1379153,16,Unibet,2.0,1.5,2.55,66.67,39.22,5.88
1379153,16,Unibet,2.25,1.77,2.05,56.5,48.78,5.28
1379153,16,Unibet,2.5,2.04,1.78,49.02,56.18,5.2
1379153,16,Unibet,2.75,2.35,1.58,42.55,63.29,5.84
1379153,16,Unibet,3.5,3.7,1.28,27.03,78.12,5.15
1379153,16,Unibet,0.5,1.05,10.0,95.24,10.0,5.24
1379153,16,Unibet,3.0,2.9,1.41,34.48,70.92,5.4
1379153,16,Unibet,4.5,8.0,1.08,12.5,92.59,5.09
1379153,16,Unibet,3.25,3.3,1.33,30.3,75.19,5.49
1379153,16,Unibet,5.5,15.0,1.01,6.67,99.01,5.68
1379153,16,Unibet,1.5,2.8,1.38,35.71,72.46,8.18
1379153,16,Unibet,1.75,3.6,1.25,27.78,80.0,7.78
1379153,16,Unibet,2.5,6.75,1.08,14.81,92.59,7.41
1379153,16,Unibet,0.5,1.37,2.9,72.99,34.48,7.48
1379153,16,Unibet,0.75,1.52,2.4,65.79,41.67,7.46
1379153,16,Unibet,1.0,1.83,1.9,54.64,52.63,7.28
1379153,16,Unibet,1.25,2.32,1.55,43.1,64.52,7.62
1379153,16,Unibet,1.5,2.25,1.58,44.44,63.29,7.74
1379153,16,Unibet,2.5,5.1,1.14,19.61,87.72,7.33
1379153,16,Unibet,0.5,1.25,3.6,80.0,27.78,7.78
1379153,16,Unibet,2.5,1.1,5.4,90.91,18.52,9.43
1379153,16,Unibet,3.5,1.28,3.3,78.12,30.3,8.43
1379153,16,Unibet,8.5,5.2,1.11,19.23,90.09,9.32
1379153,16,Unibet,9.5,7.0,1.05,14.29,95.24,9.52
1379153,16,Unibet,4.5,1.56,2.23,64.1,44.84,8.95
1379153,16,Unibet,7.5,3.75,1.22,26.67,81.97,8.63
1379153,16,Unibet,5.5,2.02,1.7,49.5,58.82,8.33
1379153,16,Unibet,6.5,2.7,1.4,37.04,71.43,8.47
1379153,16,Unibet,1.5,1.04,7.5,96.15,13.33,9.49
1379153,16,Unibet,2.5,1.2,4.0,83.33,25.0,8.33
1379153,16,Unibet,3.5,1.47,2.48,68.03,40.32,8.35
1379153,16,Unibet,8.5,7.5,1.04,13.33,96.15,9.49
1379153,16,Unibet,4.5,1.93,1.76,51.81,56.82,8.63
1379153,16,Unibet,7.5,5.5,1.1,18.18,90.91,9.09
1379153,16,Unibet,5.5,2.65,1.4,37.74,71.43,9.16
1379153,16,Unibet,6.5,3.85,1.21,25.97,82.64,8.62
1379153,16,Unibet,1.5,1.09,5.75,91.74,17.39,9.13
1379153,16,Unibet,2.5,1.32,3.05,75.76,32.79,8.54
1379153,16,Unibet,3.5,1.76,1.93,56.82,51.81,8.63
1379153,16,Unibet,4.5,2.55,1.44,39.22,69.44,8.66
1379153,16,Unibet,5.5,3.9,1.2,25.64,83.33,8.97
1379153,16,Unibet,6.5,6.0,1.08,16.67,92.59,9.26
1379153,3,Betfair,1.5,1.3,3.3,76.92,30.3,7.23
1379153,3,Betfair,2.5,2.0,1.75,50.0,57.14,7.14
1379153,3,Betfair,3.5,3.7,1.25,27.03,80.0,7.03
1379153,3,Betfair,0.5,1.04,9.0,96.15,11.11,7.26
1379153,3,Betfair,4.5,7.5,1.07,13.33,93.46,6.79
1379153,3,Betfair,5.5,13.0,1.01,7.69,99.01,6.7
1379153,3,Betfair,1.5,3.0,1.33,33.33,75.19,8.52
1379153,3,Betfair,2.5,8.0,1.05,12.5,95.24,7.74
1379153,3,Betfair,0.5,1.4,2.88,71.43,34.72,6.15
1379153,13,188Bet,2.5,2.04,1.86,49.02,53.76,2.78
1379153,13,188Bet,1.0,2.0,1.9,50.0,52.63,2.63
1379153,4,Pinnacle,1.5,1.33,3.45,75.19,28.99,4.17
1379153,4,Pinnacle,1.75,1.41,3.03,70.92,33.0,3.93
1379153,4,Pinnacle,2.0,1.54,2.59,64.94,38.61,3.55
1379153,4,Pinnacle,2.25,1.83,2.08,54.64,48.08,2.72
1379153,4,Pinnacle,2.5,2.09,1.8,47.85,55.56,3.4
1379153,4,Pinnacle,2.75,2.39,1.62,41.84,61.73,3.57
1379153,4,Pinnacle,3.5,3.54,1.32,28.25,75.76,4.01
1379153,4,Pinnacle,1.25,1.21,4.67,82.64,21.41,4.06
1379153,4,Pinnacle,3.0,2.89,1.44,34.6,69.44,4.05
1379153,4,Pinnacle,3.25,3.23,1.37,30.96,72.99,3.95
1379153,4,Pinnacle,1.5,3.08,1.38,32.47,72.46,4.93
1379153,4,Pinnacle,0.5,1.42,2.89,70.42,34.6,5.02
1379153,4,Pinnacle,0.75,1.6,2.38,62.5,42.02,4.52
1379153,4,Pinnacle,1.0,1.99,1.85,50.25,54.05,4.31
1379153,4,Pinnacle,1.25,2.54,1.53,39.37,65.36,4.73
1379153,4,Pinnacle,5.5,2.09,1.69,47.85,59.17,7.02
1379153,4,Pinnacle,4.5,1.99,1.78,50.25,56.18,6.43
1379153,4,Pinnacle,4.0,2.17,1.69,46.08,59.17,5.25
1379153,5,SBO,2.25,1.81,2.05,55.25,48.78,4.03
1379153,5,SBO,2.5,2.08,1.78,48.08,56.18,4.26
1379153,5,SBO,2.75,2.31,1.62,43.29,61.73,5.02
1379153,5,SBO,0.75,1.55,2.44,64.52,40.98,5.5
1379153,5,SBO,1.0,1.99,1.87,50.25,53.48,3.73
1379153,5,SBO,1.25,2.4,1.57,41.67,63.69,5.36
1379153,11,1xBet,1.5,1.3,3.14,76.92,31.85,8.77
1379153,11,1xBet,1.75,1.38,2.8,72.46,35.71,8.18
1379153,11,1xBet,2.0,1.5,2.45,66.67,40.82,7.48
1379153,11,1xBet,2.25,1.75,2.01,57.14,49.75,6.89
1379153,11,1xBet,2.5,2.08,1.87,48.08,53.48,1.55
1379153,11,1xBet,2.75,2.25,1.6,44.44,62.5,6.94
1379153,11,1xBet,3.5,3.34,1.27,29.94,78.74,8.68
1379153,11,1xBet,0.5,1.02,7.8,98.04,12.82,10.86
1379153,11,1xBet,0.75,1.03,7.3,97.09,13.7,10.79
1379153,11,1xBet,1.0,1.05,6.8,95.24,14.71,9.94
1379153,11,1xBet,1.25,1.17,4.15,85.47,24.1,9.57
1379153,11,1xBet,3.0,2.73,1.41,36.63,70.92,7.55
1379153,11,1xBet,4.5,6.1,1.06,16.39,94.34,10.73
1379153,11,1xBet,3.25,3.04,1.33,32.89,75.19,8.08
1379153,11,1xBet,3.75,4.1,1.18,24.39,84.75,9.14
1379153,11,1xBet,4.0,5.5,1.09,18.18,91.74,9.92
1379153,11,1xBet,4.25,5.8,1.07,17.24,93.46,10.7
1379153,11,1xBet,5.0,11.5,1.03,8.7,97.09,5.78
1379153,11,1xBet,7.5,50.0,1.0,2.0,100.0,2.0
1379153,11,1xBet,5.5,14.5,1.02,6.9,98.04,4.94
1379153,11,1xBet,6.5,29.0,1.01,3.45,99.01,2.46
1379153,11,1xBet,1.5,2.98,1.39,33.56,71.94,5.5
1379153,11,1xBet,1.75,3.84,1.25,26.04,80.0,6.04
1379153,11,1xBet,2.0,6.3,1.1,15.87,90.91,6.78
1379153,11,1xBet,2.25,6.85,1.08,14.6,92.59,7.19
1379153,11,1xBet,2.5,7.3,1.06,13.7,94.34,8.04
1379153,11,1xBet,3.5,23.0,1.01,4.35,99.01,3.36
1379153,11,1xBet,0.5,1.46,2.7,68.49,37.04,5.53
1379153,11,1xBet,0.75,1.64,2.27,60.98,44.05,5.03
1379153,11,1xBet,1.0,2.01,1.83,49.75,54.64,4.4
1379153,11,1xBet,1.25,2.5,1.54,40.0,64.94,4.94
1379153,11,1xBet,1.5,2.21,1.69,45.25,59.17,4.42
1379153,11,1xBet,1.75,2.67,1.48,37.45,67.57,5.02
1379153,11,1xBet,2.0,3.74,1.27,26.74,78.74,5.48
1379153,11,1xBet,2.25,4.3,1.21,23.26,82.64,5.9
1379153,11,1xBet,2.5,4.75,1.17,21.05,85.47,6.52
1379153,11,1xBet,3.5,13.0,1.04,7.69,96.15,3.85
1379153,11,1xBet,0.5,1.26,3.66,79.37,27.32,6.69
1379153,11,1xBet,0.75,1.34,3.18,74.63,31.45,6.07
1379153,11,1xBet,1.0,1.49,2.6,67.11,38.46,5.58
1379153,11,1xBet,1.25,1.86,1.95,53.76,51.28,5.05
1379153,11,1xBet,3.5,1.31,3.02,76.34,33.11,9.45
1379153,11,1xBet,3.0,1.23,3.56,81.3,28.09,9.39
1379153,11,1xBet,4.5,1.64,2.07,60.98,48.31,9.28
1379153,11,1xBet,4.0,1.4,2.62,71.43,38.17,9.6
1379153,11,1xBet,5.0,1.88,1.82,53.19,54.95,8.14
1379153,11,1xBet,5.5,2.14,1.6,46.73,62.5,9.23
1379153,11,1xBet,6.5,2.93,1.33,34.13,75.19,9.32
1379153,11,1xBet,6.0,2.62,1.41,38.17,70.92,9.09
1379153,11,1xBet,3.5,1.44,2.52,69.44,39.68,9.13
1379153,11,1xBet,3.0,1.23,3.55,81.3,28.17,9.47
1379153,11,1xBet,4.5,1.88,1.82,53.19,54.95,8.14
1379153,11,1xBet,4.0,1.59,2.15,62.89,46.51,9.4
1379153,11,1xBet,5.0,2.2,1.57,45.45,63.69,9.15
1379153,11,1xBet,5.5,2.55,1.43,39.22,69.93,9.15
1379153,11,1xBet,6.5,3.52,1.24,28.41,80.65,9.05
1379153,11,1xBet,6.0,3.25,1.27,30.77,78.74,9.51
1379153,11,1xBet,3.5,1.8,1.91,55.56,52.36,7.91
1379153,32,Betano,1.5,1.36,3.25,73.53,30.77,4.3
1379153,32,Betano,1.75,1.44,2.87,69.44,34.84,4.29
1379153,32,Betano,2.0,1.57,2.5,63.69,40.0,3.69
1379153,32,Betano,2.25,1.82,2.05,54.95,48.78,3.73
1379153,32,Betano,2.5,2.07,1.8,48.31,55.56,3.86
1379153,32,Betano,2.75,2.37,1.62,42.19,61.73,3.92
1379153,32,Betano,3.5,3.55,1.3,28.17,76.92,5.09
1379153,32,Betano,0.5,1.08,8.0,92.59,12.5,5.09
1379153,32,Betano,3.0,2.95,1.42,33.9,70.42,4.32
1379153,32,Betano,4.5,6.7,1.11,14.93,90.09,5.02
1379153,32,Betano,3.25,3.25,1.37,30.77,72.99,3.76
1379153,32,Betano,5.5,11.75,1.04,8.51,96.15,4.66
1379153,32,Betano,6.5,16.5,1.01,6.06,99.01,5.07
1379153,32,Betano,1.5,2.8,1.45,35.71,68.97,4.68
1379153,32,Betano,2.5,6.3,1.11,15.87,90.09,5.96
1379153,32,Betano,3.5,12.0,1.03,8.33,97.09,5.42
1379153,32,Betano,0.5,1.42,2.87,70.42,34.84,5.27
1379153,32,Betano,0.75,1.57,2.42,63.69,41.32,5.02
1379153,32,Betano,1.0,1.87,1.93,53.48,51.81,5.29
1379153,32,Betano,1.25,2.35,1.6,42.55,62.5,5.05
1379153,32,Betano,4.5,16.5,1.01,6.06,99.01,5.07
1379153,32,Betano,1.5,2.35,1.57,42.55,63.69,6.25
1379153,32,Betano,2.5,5.0,1.16,20.0,86.21,6.21
1379153,32,Betano,0.5,1.31,3.4,76.34,29.41,5.75
1379153,32,Betano,1.5,1.14,5.3,87.72,18.87,6.59
1379153,32,Betano,2.5,1.33,3.15,75.19,31.75,6.93
1379153,32,Betano,3.5,1.75,2.05,57.14,48.78,5.92
1379153,32,Betano,4.5,2.42,1.52,41.32,65.79,7.11
1379153,32,Betano,5.5,3.6,1.26,27.78,79.37,7.14
1379153,32,Betano,6.5,5.4,1.13,18.52,88.5,7.01
1379153,34,Superbet,1.5,1.32,3.4,75.76,29.41,5.17
1379153,34,Superbet,2.5,2.02,1.8,49.5,55.56,5.06
1379153,34,Superbet,3.5,3.55,1.3,28.17,76.92,5.09
1379153,34,Superbet,0.5,1.06,9.2,94.34,10.87,5.21
1379153,34,Superbet,4.5,6.9,1.11,14.49,90.09,4.58
1379153,34,Superbet,5.5,15.0,1.03,6.67,97.09,3.75
1379153,34,Superbet,6.5,35.0,1.01,2.86,99.01,1.87
1379153,34,Superbet,1.5,3.0,1.39,33.33,71.94,5.28
1379153,34,Superbet,2.5,7.9,1.08,12.66,92.59,5.25
1379153,34,Superbet,3.5,23.0,1.01,4.35,99.01,3.36
1379153,34,Superbet,0.5,1.43,2.82,69.93,35.46,5.39
1379153,34,Superbet,4.5,50.0,1.0,2.0,100.0,2.0
1379153,34,Superbet,1.5,2.25,1.65,44.44,60.61,5.05
1379153,34,Superbet,2.5,5.0,1.17,20.0,85.47,5.47
1379153,34,Superbet,3.5,13.0,1.04,7.69,96.15,3.85
1379153,34,Superbet,0.5,1.28,3.75,78.12,26.67,4.79
1379153,34,Superbet,4.5,36.0,1.01,2.78,99.01,1.79
1379153,34,Superbet,1.5,1.03,12.0,97.09,8.33,5.42
1379153,34,Superbet,2.5,1.12,5.7,89.29,17.54,6.83
1379153,34,Superbet,3.5,1.3,3.35,76.92,29.85,6.77
1379153,34,Superbet,0.5,1.0,37.0,100.0,2.7,2.7
1379153,34,Superbet,8.5,5.85,1.11,17.09,90.09,7.18
1379153,34,Superbet,9.5,8.5,1.05,11.76,95.24,7.0
1379153,34,Superbet,10.5,13.0,1.02,7.69,98.04,5.73
1379153,34,Superbet,4.5,1.6,2.25,62.5,44.44,6.94
1379153,34,Superbet,7.5,4.1,1.21,24.39,82.64,7.03
1379153,34,Superbet,5.5,2.1,1.69,47.62,59.17,6.79
1379153,34,Superbet,6.5,2.85,1.39,35.09,71.94,7.03
1379153,34,Superbet,1.5,1.06,8.0,94.34,12.5,6.84
1379153,34,Superbet,2.5,1.21,4.1,82.64,24.39,7.03
1379153,34,Superbet,3.5,1.49,2.5,67.11,40.0,7.11
1379153,34,Superbet,0.5,1.0,23.0,100.0,4.35,4.35
1379153,34,Superbet,8.5,8.7,1.05,11.49,95.24,6.73
1379153,34,Superbet,9.5,14.0,1.02,7.14,98.04,5.18
1379153,34,Superbet,10.5,22.0,1.01,4.55,99.01,3.56
1379153,34,Superbet,4.5,1.95,1.8,51.28,55.56,6.84
1379153,34,Superbet,7.5,5.85,1.11,17.09,90.09,7.18
1379153,34,Superbet,5.5,2.72,1.43,36.76,69.93,6.69
1379153,34,Superbet,6.5,3.9,1.23,25.64,81.3,6.94
1379153,34,Superbet,1.5,1.08,5.35,92.59,18.69,11.28
1379153,34,Superbet,2.5,1.31,2.95,76.34,33.9,10.23
1379153,34,Superbet,3.5,1.74,1.97,57.47,50.76,8.23
1379153,34,Superbet,4.5,2.45,1.46,40.82,68.49,9.31
1379153,34,Superbet,5.5,3.55,1.21,28.17,82.64,10.81
1379154,1,10Bet,1.5,1.2,4.33,83.33,23.09,6.43
1379154,1,10Bet,2.5,1.62,2.25,61.73,44.44,6.17
1379154,1,10Bet,3.5,2.55,1.5,39.22,66.67,5.88
1379154,1,10Bet,0.5,1.04,10.0,96.15,10.0,6.15
1379154,1,10Bet,4.5,4.5,1.2,22.22,83.33,5.56
1379154,1,10Bet,1.5,2.3,1.55,43.48,64.52,7.99
1379154,1,10Bet,2.5,5.0,1.13,20.0,88.5,8.5
1379154,1,10Bet,0.5,1.28,3.3,78.12,30.3,8.43
1379154,1,10Bet,1.5,1.8,1.91,55.56,52.36,7.91
1379154,1,10Bet,2.5,3.45,1.25,28.99,80.0,8.99
1379154,1,10Bet,0.5,1.15,4.75,86.96,21.05,8.01
1379154,7,William Hill,1.5,2.3,1.57,43.48,63.69,7.17
1379154,7,William Hill,2.5,5.0,1.15,20.0,86.96,6.96
1379154,7,William Hill,3.5,15.0,1.03,6.67,97.09,3.75
1379154,7,William Hill,0.5,1.25,3.5,80.0,28.57,8.57
1379154,7,William Hill,1.5,1.91,1.85,52.36,54.05,6.41
1379154,7,William Hill,2.5,3.8,1.25,26.32,80.0,6.32
1379154,7,William Hill,3.5,9.0,1.06,11.11,94.34,5.45
1379154,7,William Hill,0.5,1.2,4.33,83.33,23.09,6.43
1379154,8,Bet365,1.5,1.2,4.5,83.33,22.22,5.56
1379154,8,Bet365,2.5,1.62,2.3,61.73,43.48,5.21
1379154,8,Bet365,3.5,2.5,1.53,40.0,65.36,5.36
1379154,8,Bet365,0.5,1.03,15.0,97.09,6.67,3.75
1379154,8,Bet365,4.5,4.5,1.2,22.22,83.33,5.56
1379154,8,Bet365,7.5,34.0,1.0,2.94,100.0,2.94
1379154,8,Bet365,5.5,9.0,1.07,11.11,93.46,4.57
1379154,8,Bet365,6.5,17.0,1.02,5.88,98.04,3.92
1379154,8,Bet365,1.5,2.38,1.53,42.02,65.36,7.38
1379154,8,Bet365,2.5,5.5,1.14,18.18,87.72,5.9
1379154,8,Bet365,3.5,15.0,1.03,6.67,97.09,3.75
1379154,8,Bet365,0.5,1.28,3.5,78.12,28.57,6.7
1379154,8,Bet365,1.5,1.83,1.83,54.64,54.64,9.29
1379154,8,Bet365,2.5,3.75,1.25,26.67,80.0,6.67
1379154,8,Bet365,3.5,9.0,1.07,11.11,93.46,4.57
1379154,8,Bet365,0.5,1.18,4.5,84.75,22.22,6.97
1379154,8,Bet365,4.5,21.0,1.01,4.76,99.01,3.77
1379154,8,Bet365,5.5,1.67,2.1,59.88,47.62,7.5
1379154,8,Bet365,3.5,1.83,1.83,54.64,54.64,9.29
1379154,8,Bet365,3.5,2.0,1.8,50.0,55.56,5.56
1379154,2,Marathonbet,1.5,1.16,4.45,86.21,22.47,8.68
1379154,2,Marathonbet,1.75,1.2,4.05,83.33,24.69,8.02
1379154,2,Marathonbet,2.0,1.26,3.54,79.37,28.25,7.61
1379154,2,Marathonbet,2.25,1.43,2.7,69.93,37.04,6.97
1379154,2,Marathonbet,2.5,1.64,2.29,60.98,43.67,4.64
1379154,2,Marathonbet,2.75,1.75,2.01,57.14,49.75,6.89
1379154,2,Marathonbet,3.5,2.46,1.47,40.65,68.03,8.68
1379154,2,Marathonbet,1.25,1.08,6.15,92.59,16.26,8.85
1379154,2,Marathonbet,3.0,1.96,1.77,51.02,56.5,7.52
1379154,2,Marathonbet,4.5,4.25,1.15,23.53,86.96,10.49
1379154,2,Marathonbet,3.25,2.21,1.59,45.25,62.89,8.14
1379154,2,Marathonbet,3.75,2.84,1.35,35.21,74.07,9.29
1379154,2,Marathonbet,4.0,3.58,1.22,27.93,81.97,9.9
1379154,2,Marathonbet,4.25,3.92,1.18,25.51,84.75,10.26
1379154,2,Marathonbet,4.75,5.3,1.09,18.87,91.74,10.61
1379154,2,Marathonbet,5.0,7.3,1.03,13.7,97.09,10.79
1379154,2,Marathonbet,5.5,7.9,1.02,12.66,98.04,10.7
1379154,2,Marathonbet,1.5,2.42,1.56,41.32,64.1,5.42
1379154,2,Marathonbet,2.0,4.5,1.19,22.22,84.03,6.26
1379154,2,Marathonbet,2.5,5.55,1.11,18.02,90.09,8.11
1379154,2,Marathonbet,0.5,1.32,3.36,75.76,29.76,5.52
1379154,2,Marathonbet,1.0,1.64,2.3,60.98,43.48,4.45
1379154,2,Marathonbet,1.5,1.87,1.97,53.48,50.76,4.24
1379154,2,Marathonbet,2.0,2.7,1.46,37.04,68.49,5.53
1379154,2,Marathonbet,2.5,3.58,1.27,27.93,78.74,6.67
1379154,2,Marathonbet,0.5,1.16,4.9,86.21,20.41,6.62
1379154,2,Marathonbet,1.0,1.3,3.5,76.92,28.57,5.49
1379154,16,Unibet,1.5,1.17,5.0,85.47,20.0,5.47
1379154,16,Unibet,2.25,1.43,2.8,69.93,35.71,5.64
1379154,16,Unibet,2.5,1.6,2.33,62.5,42.92,5.42
1379154,16,Unibet,2.75,1.75,2.08,57.14,48.08,5.22
1379154,16,Unibet,3.5,2.55,1.52,39.22,65.79,5.01
1379154,16,Unibet,0.5,1.01,14.0,99.01,7.14,6.15
1379154,16,Unibet,3.0,1.98,1.82,50.51,54.95,5.45
1379154,16,Unibet,4.5,4.8,1.18,20.83,84.75,5.58
1379154,16,Unibet,3.25,2.25,1.64,44.44,60.98,5.42
1379154,16,Unibet,3.75,3.0,1.38,33.33,72.46,5.8
1379154,16,Unibet,5.5,9.5,1.05,10.53,95.24,5.76
1379154,16,Unibet,1.5,2.3,1.56,43.48,64.1,7.58
1379154,16,Unibet,1.75,2.85,1.38,35.09,72.46,7.55
1379154,16,Unibet,2.0,4.2,1.19,23.81,84.03,7.84
1379154,16,Unibet,2.5,5.3,1.13,18.87,88.5,7.36
1379154,16,Unibet,0.5,1.26,3.5,79.37,28.57,7.94
1379154,16,Unibet,0.75,1.35,3.0,74.07,33.33,7.41
1379154,16,Unibet,1.0,1.53,2.38,65.36,42.02,7.38
1379154,16,Unibet,1.25,1.92,1.81,52.08,55.25,7.33
1379154,16,Unibet,1.5,1.81,1.92,55.25,52.08,7.33
1379154,16,Unibet,2.5,3.6,1.25,27.78,80.0,7.78
1379154,16,Unibet,0.5,1.16,4.7,86.21,21.28,7.48
1379154,16,Unibet,3.5,1.14,4.7,87.72,21.28,9.0
1379154,16,Unibet,8.5,3.6,1.24,27.78,80.65,8.42
1379154,16,Unibet,9.5,4.9,1.13,20.41,88.5,8.9
1379154,16,Unibet,10.5,6.5,1.06,15.38,94.34,9.72
1379154,16,Unibet,4.5,1.32,3.05,75.76,32.79,8.54
1379154,16,Unibet,7.5,2.65,1.4,37.74,71.43,9.16
1379154,16,Unibet,5.5,1.6,2.16,62.5,46.3,8.8
1379154,16,Unibet,6.5,2.04,1.68,49.02,59.52,8.54
1379154,16,Unibet,1.5,1.13,5.0,88.5,20.0,8.5
1379154,16,Unibet,2.5,1.4,2.7,71.43,37.04,8.47
1379154,16,Unibet,3.5,1.88,1.81,53.19,55.25,8.44
1379154,16,Unibet,4.5,2.7,1.4,37.04,71.43,8.47
1379154,16,Unibet,5.5,4.1,1.19,24.39,84.03,8.42
1379154,16,Unibet,6.5,6.1,1.08,16.39,92.59,8.99
1379154,16,Unibet,1.5,1.1,5.5,90.91,18.18,9.09
1379154,16,Unibet,2.5,1.35,2.9,74.07,34.48,8.56
1379154,16,Unibet,3.5,1.83,1.85,54.64,54.05,8.7
1379154,16,Unibet,4.5,2.7,1.4,37.04,71.43,8.47
1379154,16,Unibet,5.5,4.1,1.18,24.39,84.75,9.14
1379154,16,Unibet,6.5,6.25,1.08,16.0,92.59,8.59
1379154,3,Betfair,1.5,1.14,5.0,87.72,20.0,7.72
1379154,3,Betfair,2.5,1.57,2.3,63.69,43.48,7.17
1379154,3,Betfair,3.5,2.5,1.5,40.0,66.67,6.67
1379154,3,Betfair,0.5,1.01,13.0,99.01,7.69,6.7
1379154,3,Betfair,4.5,4.5,1.18,22.22,84.75,6.97
1379154,3,Betfair,5.5,8.5,1.05,11.76,95.24,7.0
1379154,3,Betfair,6.5,17.0,1.01,5.88,99.01,4.89
1379154,3,Betfair,1.5,2.25,1.57,44.44,63.69,8.14
1379154,3,Betfair,2.5,5.5,1.11,18.18,90.09,8.27
1379154,3,Betfair,0.5,1.25,3.8,80.0,26.32,6.32
1379154,13,188Bet,2.75,1.83,2.07,54.64,48.31,2.95
1379154,13,188Bet,3.0,2.06,1.84,48.54,54.35,2.89
1379154,13,188Bet,1.25,2.07,1.83,48.31,54.64,2.95
1379154,4,Pinnacle,1.75,1.24,4.21,80.65,23.75,4.4
1379154,4,Pinnacle,2.0,1.29,3.79,77.52,26.39,3.9
1379154,4,Pinnacle,2.25,1.46,2.81,68.49,35.59,4.08
1379154,4,Pinnacle,2.5,1.64,2.35,60.98,42.55,3.53
1379154,4,Pinnacle,2.75,1.79,2.09,55.87,47.85,3.71
1379154,4,Pinnacle,3.5,2.64,1.52,37.88,65.79,3.67
1379154,4,Pinnacle,3.0,2.07,1.83,48.31,54.64,2.95
1379154,4,Pinnacle,3.25,2.35,1.64,42.55,60.98,3.53
1379154,4,Pinnacle,3.75,3.1,1.39,32.26,71.94,4.2
1379154,4,Pinnacle,4.0,3.95,1.27,25.32,78.74,4.06
1379154,4,Pinnacle,1.5,2.43,1.56,41.15,64.1,5.25
1379154,4,Pinnacle,1.75,3.06,1.38,32.68,72.46,5.14
1379154,4,Pinnacle,0.75,1.39,3.04,71.94,32.89,4.84
1379154,4,Pinnacle,1.0,1.58,2.4,63.29,41.67,4.96
1379154,4,Pinnacle,1.25,2.02,1.83,49.5,54.64,4.15
1379154,4,Pinnacle,6.5,2.13,1.66,46.95,60.24,7.19
1379154,4,Pinnacle,3.5,1.78,1.98,56.18,50.51,6.68
1379154,4,Pinnacle,3.5,2.11,1.73,47.39,57.8,5.2
1379154,5,SBO,2.5,1.64,2.28,60.98,43.86,4.84
1379154,5,SBO,2.75,1.8,2.06,55.56,48.54,4.1
1379154,5,SBO,3.0,2.03,1.83,49.26,54.64,3.91
1379154,5,SBO,1.0,1.62,2.31,61.73,43.29,5.02
1379154,5,SBO,1.25,2.04,1.82,49.02,54.95,3.96
1379154,11,1xBet,1.5,1.16,4.45,86.21,22.47,8.68
1379154,11,1xBet,1.75,1.2,4.05,83.33,24.69,8.02
1379154,11,1xBet,2.0,1.26,3.54,79.37,28.25,7.61
1379154,11,1xBet,2.25,1.43,2.7,69.93,37.04,6.97
1379154,11,1xBet,2.5,1.69,2.36,59.17,42.37,1.54
1379154,11,1xBet,2.75,1.75,2.01,57.14,49.75,6.89
1379154,11,1xBet,3.5,2.46,1.47,40.65,68.03,8.68
1379154,11,1xBet,0.5,1.01,17.0,99.01,5.88,4.89
1379154,11,1xBet,1.0,1.03,12.5,97.09,8.0,5.09
1379154,11,1xBet,1.25,1.08,6.15,92.59,16.26,8.85
1379154,11,1xBet,3.0,1.96,1.77,51.02,56.5,7.52
1379154,11,1xBet,4.5,4.25,1.15,23.53,86.96,10.49
1379154,11,1xBet,3.25,2.21,1.59,45.25,62.89,8.14
1379154,11,1xBet,3.75,2.84,1.35,35.21,74.07,9.29
1379154,11,1xBet,4.0,3.58,1.22,27.93,81.97,9.9
1379154,11,1xBet,4.25,3.92,1.18,25.51,84.75,10.26
1379154,11,1xBet,4.75,5.3,1.09,18.87,91.74,10.61
1379154,11,1xBet,5.0,7.3,1.03,13.7,97.09,10.79
1379154,11,1xBet,7.5,34.0,1.0,2.94,100.0,2.94
1379154,11,1xBet,5.5,7.9,1.02,12.66,98.04,10.7
1379154,11,1xBet,6.5,19.0,1.02,5.26,98.04,3.3
1379154,11,1xBet,1.5,2.42,1.56,41.32,64.1,5.42
1379154,11,1xBet,1.75,3.02,1.37,33.11,72.99,6.11
1379154,11,1xBet,2.0,4.5,1.19,22.22,84.03,6.26
1379154,11,1xBet,2.25,5.05,1.14,19.8,87.72,7.52
1379154,11,1xBet,2.5,5.55,1.11,18.02,90.09,8.11
1379154,11,1xBet,3.5,14.5,1.02,6.9,98.04,4.94
1379154,11,1xBet,0.5,1.32,3.36,75.76,29.76,5.52
1379154,11,1xBet,0.75,1.43,2.85,69.93,35.09,5.02
1379154,11,1xBet,1.0,1.64,2.3,60.98,43.48,4.45
1379154,11,1xBet,1.25,2.04,1.79,49.02,55.87,4.89
1379154,11,1xBet,1.5,1.87,1.97,53.48,50.76,4.24
1379154,11,1xBet,1.75,2.14,1.72,46.73,58.14,4.87
1379154,11,1xBet,2.0,2.7,1.46,37.04,68.49,5.53
1379154,11,1xBet,2.25,3.12,1.35,32.05,74.07,6.13
1379154,11,1xBet,2.5,3.58,1.27,27.93,78.74,6.67
1379154,11,1xBet,3.5,9.0,1.06,11.11,94.34,5.45
1379154,11,1xBet,0.5,1.16,4.9,86.21,20.41,6.62
1379154,11,1xBet,0.75,1.22,4.15,81.97,24.1,6.06
1379154,11,1xBet,1.0,1.3,3.5,76.92,28.57,5.49
1379154,11,1xBet,1.25,1.58,2.4,63.29,41.67,4.96
1379154,11,1xBet,4.5,1.35,2.85,74.07,35.09,9.16
1379154,11,1xBet,5.0,1.44,2.5,69.44,40.0,9.44
1379154,11,1xBet,7.5,2.83,1.35,35.34,74.07,9.41
1379154,11,1xBet,5.5,1.66,2.05,60.24,48.78,9.02
1379154,11,1xBet,6.5,2.11,1.61,47.39,62.11,9.51
1379154,11,1xBet,6.0,1.88,1.82,53.19,54.95,8.14
1379154,11,1xBet,7.0,2.53,1.43,39.53,69.93,9.46
1379154,11,1xBet,2.5,1.37,2.75,72.99,36.36,9.36
1379154,11,1xBet,3.5,1.84,1.86,54.35,53.76,8.11
1379154,11,1xBet,3.0,1.52,2.29,65.79,43.67,9.46
1379154,11,1xBet,4.5,2.57,1.42,38.91,70.42,9.33
1379154,11,1xBet,4.0,2.19,1.57,45.66,63.69,9.36
1379154,11,1xBet,5.0,3.38,1.25,29.59,80.0,9.59
1379154,11,1xBet,5.5,3.78,1.21,26.46,82.64,9.1
1379154,11,1xBet,3.5,1.91,1.8,52.36,55.56,7.91
1379154,32,Betano,1.5,1.21,4.45,82.64,22.47,5.12
1379154,32,Betano,2.25,1.47,2.75,68.03,36.36,4.39
1379154,32,Betano,2.5,1.65,2.3,60.61,43.48,4.08
1379154,32,Betano,2.75,1.8,2.05,55.56,48.78,4.34
1379154,32,Betano,3.5,2.6,1.53,38.46,65.36,3.82
1379154,32,Betano,0.5,1.04,11.0,96.15,9.09,5.24
1379154,32,Betano,3.0,2.05,1.82,48.78,54.95,3.73
1379154,32,Betano,4.5,4.45,1.21,22.47,82.64,5.12
1379154,32,Betano,3.25,2.32,1.65,43.1,60.61,3.71
1379154,32,Betano,3.75,3.05,1.4,32.79,71.43,4.22
1379154,32,Betano,5.5,7.9,1.08,12.66,92.59,5.25
1379154,32,Betano,6.5,13.0,1.03,7.69,97.09,4.78
1379154,32,Betano,1.5,2.45,1.57,40.82,63.69,4.51
1379154,32,Betano,1.75,3.05,1.39,32.79,71.94,4.73
1379154,32,Betano,2.5,5.3,1.15,18.87,86.96,5.82
1379154,32,Betano,3.5,10.5,1.04,9.52,96.15,5.68
1379154,32,Betano,0.5,1.33,3.25,75.19,30.77,5.96
1379154,32,Betano,0.75,1.45,2.8,68.97,35.71,4.68
1379154,32,Betano,1.0,1.65,2.25,60.61,44.44,5.05
1379154,32,Betano,1.25,2.05,1.78,48.78,56.18,4.96
1379154,32,Betano,4.5,15.0,1.01,6.67,99.01,5.68
1379154,32,Betano,1.5,1.83,1.95,54.64,51.28,5.93
1379154,32,Betano,2.5,3.45,1.3,28.99,76.92,5.91
1379154,32,Betano,0.5,1.19,4.6,84.03,21.74,5.77
1379154,32,Betano,1.5,1.15,4.9,86.96,20.41,7.36
1379154,32,Betano,2.5,1.42,2.72,70.42,36.76,7.19
1379154,32,Betano,3.5,1.95,1.82,51.28,54.95,6.23
1379154,32,Betano,4.5,2.82,1.4,35.46,71.43,6.89
1379154,32,Betano,5.5,4.35,1.19,22.99,84.03,7.02
1379154,34,Superbet,1.5,1.2,4.65,83.33,21.51,4.84
1379154,34,Superbet,2.5,1.64,2.27,60.98,44.05,5.03
1379154,34,Superbet,3.5,2.57,1.51,38.91,66.23,5.14
1379154,34,Superbet,0.5,1.03,14.0,97.09,7.14,4.23
1379154,34,Superbet,4.5,4.6,1.2,21.74,83.33,5.07
1379154,34,Superbet,5.5,8.8,1.07,11.36,93.46,4.82
1379154,34,Superbet,6.5,19.0,1.02,5.26,98.04,3.3
1379154,34,Superbet,1.5,2.42,1.57,41.32,63.69,5.02
1379154,34,Superbet,2.5,5.55,1.15,18.02,86.96,4.97
1379154,34,Superbet,3.5,15.0,1.03,6.67,97.09,3.75
1379154,34,Superbet,0.5,1.31,3.5,76.34,28.57,4.91
1379154,34,Superbet,4.5,40.0,1.0,2.5,100.0,2.5
1379154,34,Superbet,1.5,1.9,1.92,52.63,52.08,4.71
1379154,34,Superbet,2.5,3.75,1.27,26.67,78.74,5.41
1379154,34,Superbet,3.5,8.6,1.07,11.63,93.46,5.09
1379154,34,Superbet,0.5,1.19,4.75,84.03,21.05,5.09
1379154,34,Superbet,4.5,22.0,1.02,4.55,98.04,2.58
1379154,34,Superbet,1.5,1.01,19.0,99.01,5.26,4.27
1379154,34,Superbet,2.5,1.05,8.5,95.24,11.76,7.0
1379154,34,Superbet,3.5,1.16,4.8,86.21,20.83,7.04
1379154,34,Superbet,8.5,3.9,1.23,25.64,81.3,6.94
1379154,34,Superbet,9.5,5.5,1.13,18.18,88.5,6.68
1379154,34,Superbet,10.5,7.8,1.06,12.82,94.34,7.16
1379154,34,Superbet,4.5,1.35,3.05,74.07,32.79,6.86
1379154,34,Superbet,7.5,2.82,1.4,35.46,71.43,6.89
1379154,34,Superbet,5.5,1.64,2.17,60.98,46.08,7.06
1379154,34,Superbet,11.5,11.0,1.03,9.09,97.09,6.18
1379154,34,Superbet,6.5,2.1,1.68,47.62,59.52,7.14
1379154,34,Superbet,1.5,1.13,5.3,88.5,18.87,7.36
1379154,34,Superbet,2.5,1.39,2.85,71.94,35.09,7.03
1379154,34,Superbet,3.5,1.85,1.88,54.05,53.19,7.25
1379154,34,Superbet,0.5,1.02,14.0,98.04,7.14,5.18
1379154,34,Superbet,8.5,15.0,1.02,6.67,98.04,4.71
1379154,34,Superbet,9.5,24.0,1.0,4.17,100.0,4.17
1379154,34,Superbet,4.5,2.62,1.45,38.17,68.97,7.13
1379154,34,Superbet,7.5,9.2,1.04,10.87,96.15,7.02
1379154,34,Superbet,5.5,3.9,1.23,25.64,81.3,6.94
1379154,34,Superbet,6.5,6.0,1.11,16.67,90.09,6.76
1379154,34,Superbet,1.5,1.14,4.3,87.72,23.26,10.98
1379154,34,Superbet,2.5,1.45,2.45,68.97,40.82,9.78
1379154,34,Superbet,3.5,2.05,1.68,48.78,59.52,8.3
1379154,34,Superbet,4.5,2.95,1.3,33.9,76.92,10.82
1379154,34,Superbet,5.5,4.5,1.12,22.22,89.29,11.51
1379157,1,10Bet,1.5,1.2,4.5,83.33,22.22,5.56
1379157,1,10Bet,2.5,1.62,2.25,61.73,44.44,6.17
1379157,1,10Bet,3.5,2.55,1.5,39.22,66.67,5.88
1379157,1,10Bet,0.5,1.03,11.0,97.09,9.09,6.18
1379157,1,10Bet,4.5,4.75,1.18,21.05,84.75,5.8
1379157,1,10Bet,1.5,2.35,1.53,42.55,65.36,7.91
1379157,1,10Bet,2.5,5.25,1.12,19.05,89.29,8.33
1379157,1,10Bet,0.5,1.28,3.3,78.12,30.3,8.43
1379157,1,10Bet,1.5,1.8,1.91,55.56,52.36,7.91
1379157,1,10Bet,2.5,3.5,1.25,28.57,80.0,8.57
1379157,1,10Bet,0.5,1.15,4.75,86.96,21.05,8.01
1379157,7,William Hill,1.5,2.4,1.53,41.67,65.36,7.03
1379157,7,William Hill,2.5,5.5,1.12,18.18,89.29,7.47
1379157,7,William Hill,3.5,15.0,1.03,6.67,97.09,3.75
1379157,7,William Hill,0.5,1.3,3.3,76.92,30.3,7.23
1379157,7,William Hill,1.5,1.95,1.8,51.28,55.56,6.84
1379157,7,William Hill,2.5,4.0,1.22,25.0,81.97,6.97
1379157,7,William Hill,3.5,9.5,1.06,10.53,94.34,4.87
1379157,7,William Hill,0.5,1.2,4.2,83.33,23.81,7.14
1379157,8,Bet365,1.5,1.2,4.5,83.33,22.22,5.56
1379157,8,Bet365,2.5,1.62,2.3,61.73,43.48,5.21
1379157,8,Bet365,3.5,2.62,1.5,38.17,66.67,4.83
1379157,8,Bet365,0.5,1.03,15.0,97.09,6.67,3.75
1379157,8,Bet365,4.5,4.5,1.2,22.22,83.33,5.56
1379157,8,Bet365,7.5,34.0,1.0,2.94,100.0,2.94
1379157,8,Bet365,5.5,9.0,1.07,11.11,93.46,4.57
1379157,8,Bet365,6.5,19.0,1.02,5.26,98.04,3.3
1379157,8,Bet365,1.5,2.38,1.53,42.02,65.36,7.38
1379157,8,Bet365,2.5,5.5,1.14,18.18,87.72,5.9
1379157,8,Bet365,3.5,15.0,1.03,6.67,97.09,3.75
1379157,8,Bet365,0.5,1.28,3.5,78.12,28.57,6.7
1379157,8,Bet365,1.5,1.83,1.83,54.64,54.64,9.29
1379157,8,Bet365,2.5,3.75,1.25,26.67,80.0,6.67
1379157,8,Bet365,3.5,9.0,1.07,11.11,93.46,4.57
1379157,8,Bet365,0.5,1.18,4.5,84.75,22.22,6.97
1379157,8,Bet365,4.5,21.0,1.01,4.76,99.01,3.77
1379157,8,Bet365,3.5,1.91,1.8,52.36,55.56,7.91
1379157,8,Bet365,5.5,1.8,1.91,55.56,52.36,7.91
1379157,8,Bet365,3.5,1.98,1.82,50.51,54.95,5.45
1379157,8,Bet365,3.0,1.75,2.05,57.14,48.78,5.92
1379157,2,Marathonbet,1.5,1.16,4.4,86.21,22.73,8.93
1379157,2,Marathonbet,1.75,1.21,3.92,82.64,25.51,8.15
1379157,2,Marathonbet,2.0,1.27,3.48,78.74,28.74,7.48
1379157,2,Marathonbet,2.25,1.45,2.62,68.97,38.17,7.13
1379157,2,Marathonbet,2.5,1.66,2.25,60.24,44.44,4.69
1379157,2,Marathonbet,2.75,1.78,1.97,56.18,50.76,6.94
1379157,2,Marathonbet,3.5,2.53,1.44,39.53,69.44,8.97
1379157,2,Marathonbet,1.0,1.0,9.6,100.0,10.42,10.42
1379157,2,Marathonbet,1.25,1.07,6.15,93.46,16.26,9.72
1379157,2,Marathonbet,3.0,2.02,1.73,49.5,57.8,7.31
1379157,2,Marathonbet,4.5,4.5,1.13,22.22,88.5,10.72
1379157,2,Marathonbet,3.25,2.27,1.56,44.05,64.1,8.16
1379157,2,Marathonbet,3.75,2.98,1.32,33.56,75.76,9.31
1379157,2,Marathonbet,4.0,3.82,1.19,26.18,84.03,10.21
1379157,2,Marathonbet,4.25,4.15,1.16,24.1,86.21,10.3
1379157,2,Marathonbet,4.75,5.7,1.08,17.54,92.59,10.14
1379157,2,Marathonbet,5.0,8.1,1.02,12.35,98.04,10.38
1379157,2,Marathonbet,5.5,8.7,1.01,11.49,99.01,10.5
1379157,2,Marathonbet,1.5,2.48,1.53,40.32,65.36,5.68
1379157,2,Marathonbet,2.0,4.7,1.17,21.28,85.47,6.75
1379157,2,Marathonbet,2.5,5.85,1.1,17.09,90.91,8.0
1379157,2,Marathonbet,0.5,1.32,3.36,75.76,29.76,5.52
1379157,2,Marathonbet,1.0,1.66,2.26,60.24,44.25,4.49
1379157,2,Marathonbet,1.5,1.89,1.94,52.91,51.55,4.46
1379157,2,Marathonbet,2.0,2.81,1.43,35.59,69.93,5.52
1379157,2,Marathonbet,2.5,3.66,1.26,27.32,79.37,6.69
1379157,2,Marathonbet,0.5,1.16,4.9,86.21,20.41,6.62
1379157,2,Marathonbet,1.0,1.3,3.5,76.92,28.57,5.49
1379157,16,Unibet,1.5,1.18,4.8,84.75,20.83,5.58
1379157,16,Unibet,2.0,1.29,3.55,77.52,28.17,5.69
1379157,16,Unibet,2.25,1.45,2.75,68.97,36.36,5.33
1379157,16,Unibet,2.5,1.62,2.28,61.73,43.86,5.59
1379157,16,Unibet,2.75,1.78,2.04,56.18,49.02,5.2
1379157,16,Unibet,3.5,2.6,1.5,38.46,66.67,5.13
1379157,16,Unibet,0.5,1.01,14.0,99.01,7.14,6.15
1379157,16,Unibet,3.0,2.02,1.78,49.5,56.18,5.68
1379157,16,Unibet,4.5,4.9,1.18,20.41,84.75,5.15
1379157,16,Unibet,3.25,2.3,1.61,43.48,62.11,5.59
1379157,16,Unibet,3.75,3.1,1.37,32.26,72.99,5.25
1379157,16,Unibet,5.5,10.0,1.05,10.0,95.24,5.24
1379157,16,Unibet,1.5,2.25,1.58,44.44,63.29,7.74
1379157,16,Unibet,1.75,2.8,1.38,35.71,72.46,8.18
1379157,16,Unibet,2.5,5.2,1.13,19.23,88.5,7.73
1379157,16,Unibet,0.5,1.26,3.55,79.37,28.17,7.53
1379157,16,Unibet,0.75,1.34,3.0,74.63,33.33,7.96
1379157,16,Unibet,1.0,1.5,2.4,66.67,41.67,8.33
1379157,16,Unibet,1.25,1.89,1.83,52.91,54.64,7.55
1379157,16,Unibet,1.5,1.86,1.85,53.76,54.05,7.82
1379157,16,Unibet,2.5,3.8,1.23,26.32,81.3,7.62
1379157,16,Unibet,0.5,1.17,4.5,85.47,22.22,7.69
1379157,16,Unibet,1.5,1.15,4.5,86.96,22.22,9.18
1379157,16,Unibet,2.5,1.47,2.45,68.03,40.82,8.84
1379157,16,Unibet,3.5,2.04,1.68,49.02,59.52,8.54
1379157,16,Unibet,4.5,3.0,1.32,33.33,75.76,9.09
1379157,16,Unibet,5.5,4.6,1.15,21.74,86.96,8.7
1379157,16,Unibet,6.5,7.0,1.05,14.29,95.24,9.52
1379157,16,Unibet,2.5,1.04,7.5,96.15,13.33,9.49
1379157,16,Unibet,3.5,1.16,4.4,86.21,22.73,8.93
1379157,16,Unibet,8.5,3.9,1.2,25.64,83.33,8.97
1379157,16,Unibet,9.5,5.4,1.11,18.52,90.09,8.61
1379157,16,Unibet,10.5,7.5,1.04,13.33,96.15,9.49
1379157,16,Unibet,4.5,1.36,2.85,73.53,35.09,8.62
1379157,16,Unibet,7.5,2.85,1.36,35.09,73.53,8.62
1379157,16,Unibet,5.5,1.67,2.04,59.88,49.02,8.9
1379157,16,Unibet,6.5,2.14,1.62,46.73,61.73,8.46
1379157,16,Unibet,1.5,1.13,4.9,88.5,20.41,8.9
1379157,16,Unibet,2.5,1.43,2.6,69.93,38.46,8.39
1379157,16,Unibet,3.5,2.0,1.7,50.0,58.82,8.82
1379157,16,Unibet,4.5,3.05,1.32,32.79,75.76,8.54
1379157,16,Unibet,5.5,4.7,1.14,21.28,87.72,9.0
1379157,16,Unibet,6.5,6.5,1.07,15.38,93.46,8.84
1379157,3,Betfair,1.5,1.18,4.5,84.75,22.22,6.97
1379157,3,Betfair,2.5,1.6,2.25,62.5,44.44,6.94
1379157,3,Betfair,3.5,2.63,1.44,38.02,69.44,7.47
1379157,3,Betfair,0.5,1.01,13.0,99.01,7.69,6.7
1379157,3,Betfair,4.5,5.0,1.14,20.0,87.72,7.72
1379157,3,Betfair,5.5,9.0,1.04,11.11,96.15,7.26
1379157,3,Betfair,6.5,17.0,1.01,5.88,99.01,4.89
1379157,3,Betfair,1.5,2.4,1.5,41.67,66.67,8.33
1379157,3,Betfair,2.5,5.5,1.11,18.18,90.09,8.27
1379157,3,Betfair,0.5,1.29,3.5,77.52,28.57,6.09
1379157,13,188Bet,2.75,1.81,2.09,55.25,47.85,3.1
1379157,13,188Bet,1.25,2.1,1.8,47.62,55.56,3.17
1379157,4,Pinnacle,1.75,1.23,4.41,81.3,22.68,3.98
1379157,4,Pinnacle,2.0,1.28,3.86,78.12,25.91,4.03
1379157,4,Pinnacle,2.25,1.48,2.78,67.57,35.97,3.54
1379157,4,Pinnacle,2.5,1.67,2.28,59.88,43.86,3.74
1379157,4,Pinnacle,2.75,1.84,2.06,54.35,48.54,2.89
1379157,4,Pinnacle,3.5,2.62,1.52,38.17,65.79,3.96
1379157,4,Pinnacle,3.0,2.08,1.8,48.08,55.56,3.63
1379157,4,Pinnacle,3.25,2.36,1.63,42.37,61.35,3.72
1379157,4,Pinnacle,3.75,3.09,1.39,32.36,71.94,4.3
1379157,4,Pinnacle,4.0,3.91,1.27,25.58,78.74,4.32
1379157,4,Pinnacle,1.5,2.5,1.54,40.0,64.94,4.94
1379157,4,Pinnacle,1.75,3.15,1.36,31.75,73.53,5.28
1379157,4,Pinnacle,0.75,1.41,2.92,70.92,34.25,5.17
1379157,4,Pinnacle,1.0,1.62,2.31,61.73,43.29,5.02
1379157,4,Pinnacle,1.25,2.08,1.78,48.08,56.18,4.26
1379157,4,Pinnacle,3.5,1.93,1.83,51.81,54.64,6.46
1379157,4,Pinnacle,5.5,1.7,2.08,58.82,48.08,6.9
1379157,4,Pinnacle,3.5,2.11,1.72,47.39,58.14,5.53
1379157,5,SBO,2.5,1.67,2.23,59.88,44.84,4.72
1379157,5,SBO,2.75,1.86,2.0,53.76,50.0,3.76
1379157,5,SBO,3.0,2.09,1.77,47.85,56.5,4.34
1379157,5,SBO,1.0,1.62,2.31,61.73,43.29,5.02
1379157,5,SBO,1.25,2.09,1.77,47.85,56.5,4.34
1379157,11,1xBet,1.5,1.16,4.4,86.21,22.73,8.93
1379157,11,1xBet,1.75,1.21,3.92,82.64,25.51,8.15
1379157,11,1xBet,2.0,1.27,3.48,78.74,28.74,7.48
1379157,11,1xBet,2.25,1.45,2.62,68.97,38.17,7.13
1379157,11,1xBet,2.5,1.71,2.32,58.48,43.1,1.58
1379157,11,1xBet,2.75,1.78,1.97,56.18,50.76,6.94
1379157,11,1xBet,3.5,2.53,1.44,39.53,69.44,8.97
1379157,11,1xBet,0.5,1.01,16.5,99.01,6.06,5.07
1379157,11,1xBet,1.0,1.03,12.0,97.09,8.33,5.42
1379157,11,1xBet,1.25,1.07,6.15,93.46,16.26,9.72
1379157,11,1xBet,3.0,2.02,1.73,49.5,57.8,7.31
1379157,11,1xBet,4.5,4.5,1.13,22.22,88.5,10.72
1379157,11,1xBet,3.25,2.27,1.56,44.05,64.1,8.16
1379157,11,1xBet,3.75,2.98,1.32,33.56,75.76,9.31
1379157,11,1xBet,4.0,3.82,1.19,26.18,84.03,10.21
1379157,11,1xBet,4.25,4.15,1.16,24.1,86.21,10.3
1379157,11,1xBet,4.75,5.7,1.08,17.54,92.59,10.14
1379157,11,1xBet,5.0,8.1,1.02,12.35,98.04,10.38
1379157,11,1xBet,7.5,34.0,1.0,2.94,100.0,2.94
1379157,11,1xBet,5.5,8.7,1.01,11.49,99.01,10.5
1379157,11,1xBet,6.5,19.0,1.02,5.26,98.04,3.3
1379157,11,1xBet,1.5,2.48,1.53,40.32,65.36,5.68
1379157,11,1xBet,1.75,3.08,1.36,32.47,73.53,6.0
1379157,11,1xBet,2.0,4.7,1.17,21.28,85.47,6.75
1379157,11,1xBet,2.25,5.3,1.13,18.87,88.5,7.36
1379157,11,1xBet,2.5,5.85,1.1,17.09,90.91,8.0
1379157,11,1xBet,3.5,14.5,1.02,6.9,98.04,4.94
1379157,11,1xBet,0.5,1.32,3.36,75.76,29.76,5.52
1379157,11,1xBet,0.75,1.44,2.81,69.44,35.59,5.03
1379157,11,1xBet,1.0,1.66,2.26,60.24,44.25,4.49
1379157,11,1xBet,1.25,2.06,1.77,48.54,56.5,5.04
1379157,11,1xBet,1.5,1.89,1.94,52.91,51.55,4.46
1379157,11,1xBet,1.75,2.19,1.69,45.66,59.17,4.83
1379157,11,1xBet,2.0,2.81,1.43,35.59,69.93,5.52
1379157,11,1xBet,2.25,3.24,1.33,30.86,75.19,6.05
1379157,11,1xBet,2.5,3.66,1.26,27.32,79.37,6.69
1379157,11,1xBet,3.5,9.5,1.06,10.53,94.34,4.87
1379157,11,1xBet,0.5,1.16,4.9,86.21,20.41,6.62
1379157,11,1xBet,0.75,1.22,4.15,81.97,24.1,6.06
1379157,11,1xBet,1.0,1.3,3.5,76.92,28.57,5.49
1379157,11,1xBet,1.25,1.6,2.36,62.5,42.37,4.87
1379157,11,1xBet,2.0,1.19,4.01,84.03,24.94,8.97
1379157,11,1xBet,2.5,1.4,2.65,71.43,37.74,9.16
1379157,11,1xBet,3.5,1.89,1.81,52.91,55.25,8.16
1379157,11,1xBet,3.0,1.56,2.2,64.1,45.45,9.56
1379157,11,1xBet,4.5,2.67,1.39,37.45,71.94,9.4
1379157,11,1xBet,4.0,2.27,1.53,44.05,65.36,9.41
1379157,11,1xBet,5.0,3.55,1.23,28.17,81.3,9.47
1379157,11,1xBet,5.5,3.95,1.19,25.32,84.03,9.35
1379157,11,1xBet,4.5,1.39,2.68,71.94,37.31,9.26
1379157,11,1xBet,5.0,1.5,2.34,66.67,42.74,9.4
1379157,11,1xBet,7.5,3.02,1.31,33.11,76.34,9.45
1379157,11,1xBet,5.5,1.74,1.97,57.47,50.76,8.23
1379157,11,1xBet,6.5,2.23,1.55,44.84,64.52,9.36
1379157,11,1xBet,6.0,1.97,1.71,50.76,58.48,9.24
1379157,11,1xBet,7.0,2.72,1.38,36.76,72.46,9.23
1379157,11,1xBet,3.5,1.91,1.8,52.36,55.56,7.91
1379157,32,Betano,1.5,1.21,4.4,82.64,22.73,5.37
1379157,32,Betano,2.0,1.35,3.3,74.07,30.3,4.38
1379157,32,Betano,2.25,1.47,2.75,68.03,36.36,4.39
1379157,32,Betano,2.5,1.67,2.27,59.88,44.05,3.93
1379157,32,Betano,2.75,1.82,2.05,54.95,48.78,3.73
1379157,32,Betano,3.5,2.62,1.52,38.17,65.79,3.96
1379157,32,Betano,0.5,1.04,11.0,96.15,9.09,5.24
1379157,32,Betano,3.0,2.07,1.8,48.31,55.56,3.86
1379157,32,Betano,4.5,4.5,1.21,22.22,82.64,4.87
1379157,32,Betano,3.25,2.35,1.62,42.55,61.73,4.28
1379157,32,Betano,3.75,3.1,1.4,32.26,71.43,3.69
1379157,32,Betano,5.5,8.0,1.08,12.5,92.59,5.09
1379157,32,Betano,6.5,13.0,1.03,7.69,97.09,4.78
1379157,32,Betano,1.5,2.5,1.55,40.0,64.52,4.52
1379157,32,Betano,1.75,3.1,1.37,32.26,72.99,5.25
1379157,32,Betano,2.5,5.4,1.14,18.52,87.72,6.24
1379157,32,Betano,3.5,10.75,1.03,9.3,97.09,6.39
1379157,32,Betano,0.5,1.34,3.2,74.63,31.25,5.88
1379157,32,Betano,0.75,1.45,2.75,68.97,36.36,5.33
1379157,32,Betano,1.0,1.67,2.2,59.88,45.45,5.33
1379157,32,Betano,1.25,2.1,1.75,47.62,57.14,4.76
1379157,32,Betano,4.5,15.5,1.01,6.45,99.01,5.46
1379157,32,Betano,1.5,1.82,1.95,54.95,51.28,6.23
1379157,32,Betano,2.5,3.45,1.3,28.99,76.92,5.91
1379157,32,Betano,0.5,1.18,4.65,84.75,21.51,6.25
1379157,32,Betano,1.5,1.17,4.65,85.47,21.51,6.98
1379157,32,Betano,2.5,1.45,2.6,68.97,38.46,7.43
1379157,32,Betano,3.5,2.02,1.78,49.5,56.18,5.68
1379157,32,Betano,3.0,1.83,1.95,54.64,51.28,5.93
1379157,32,Betano,4.5,2.95,1.37,33.9,72.99,6.89
1379157,32,Betano,5.5,4.55,1.18,21.98,84.75,6.72
1379157,34,Superbet,1.5,1.2,4.6,83.33,21.74,5.07
1379157,34,Superbet,2.5,1.65,2.25,60.61,44.44,5.05
1379157,34,Superbet,3.5,2.6,1.5,38.46,66.67,5.13
1379157,34,Superbet,0.5,1.03,14.0,97.09,7.14,4.23
1379157,34,Superbet,4.5,4.65,1.2,21.51,83.33,4.84
1379157,34,Superbet,5.5,8.9,1.07,11.24,93.46,4.69
1379157,34,Superbet,6.5,19.0,1.02,5.26,98.04,3.3
1379157,34,Superbet,1.5,2.47,1.55,40.49,64.52,5.0
1379157,34,Superbet,2.5,5.85,1.14,17.09,87.72,4.81
1379157,34,Superbet,3.5,16.0,1.03,6.25,97.09,3.34
1379157,34,Superbet,0.5,1.32,3.45,75.76,28.99,4.74
1379157,34,Superbet,4.5,45.0,1.0,2.22,100.0,2.22
1379157,34,Superbet,1.5,1.87,1.95,53.48,51.28,4.76
1379157,34,Superbet,2.5,3.7,1.28,27.03,78.12,5.15
1379157,34,Superbet,3.5,8.4,1.07,11.9,93.46,5.36
1379157,34,Superbet,0.5,1.19,4.8,84.03,20.83,4.87
1379157,34,Superbet,4.5,21.0,1.02,4.76,98.04,2.8
1379157,34,Superbet,1.5,1.15,5.0,86.96,20.0,6.96
1379157,34,Superbet,2.5,1.43,2.7,69.93,37.04,6.97
1379157,34,Superbet,3.5,1.92,1.82,52.08,54.95,7.03
1379157,34,Superbet,0.5,1.02,13.0,98.04,7.69,5.73
1379157,34,Superbet,8.5,17.0,1.01,5.88,99.01,4.89
1379157,34,Superbet,9.5,27.0,1.0,3.7,100.0,3.7
1379157,34,Superbet,4.5,2.77,1.41,36.1,70.92,7.02
1379157,34,Superbet,7.5,10.0,1.04,10.0,96.15,6.15
1379157,34,Superbet,5.5,4.2,1.2,23.81,83.33,7.14
1379157,34,Superbet,6.5,6.5,1.09,15.38,91.74,7.13
1379157,34,Superbet,1.5,1.01,18.0,99.01,5.56,4.57
1379157,34,Superbet,2.5,1.06,8.2,94.34,12.2,6.53
1379157,34,Superbet,3.5,1.17,4.65,85.47,21.51,6.98
1379157,34,Superbet,8.5,4.0,1.22,25.0,81.97,6.97
1379157,34,Superbet,9.5,5.7,1.12,17.54,89.29,6.83
1379157,34,Superbet,10.5,8.1,1.06,12.35,94.34,6.69
1379157,34,Superbet,4.5,1.36,2.95,73.53,33.9,7.43
1379157,34,Superbet,7.5,2.9,1.38,34.48,72.46,6.95
1379157,34,Superbet,5.5,1.68,2.12,59.52,47.17,6.69
1379157,34,Superbet,6.5,2.15,1.65,46.51,60.61,7.12
1379157,34,Superbet,1.5,1.14,4.2,87.72,23.81,11.53
1379157,34,Superbet,2.5,1.45,2.45,68.97,40.82,9.78
1379157,34,Superbet,3.5,2.07,1.66,48.31,60.24,8.55
1379157,34,Superbet,4.5,2.95,1.3,33.9,76.92,10.82
1379157,34,Superbet,5.5,4.65,1.11,21.51,90.09,11.6
1386272,1,10Bet,1.5,1.22,4.2,81.97,23.81,5.78
1386272,1,10Bet,2.5,1.67,2.15,59.88,46.51,6.39
1386272,1,10Bet,3.5,2.7,1.44,37.04,69.44,6.48
1386272,1,10Bet,0.5,1.04,10.0,96.15,10.0,6.15
1386272,1,10Bet,4.5,5.0,1.17,20.0,85.47,5.47
1386272,1,10Bet,1.5,2.4,1.5,41.67,66.67,8.33
1386272,1,10Bet,0.5,1.3,3.2,76.92,31.25,8.17
1386272,7,William Hill,1.5,2.4,1.5,41.67,66.67,8.33
1386272,7,William Hill,2.5,5.8,1.12,17.24,89.29,6.53
1386272,7,William Hill,3.5,17.0,1.02,5.88,98.04,3.92
1386272,7,William Hill,0.5,1.3,3.3,76.92,30.3,7.23
1386272,7,William Hill,1.5,1.95,1.8,51.28,55.56,6.84
1386272,7,William Hill,2.5,4.0,1.22,25.0,81.97,6.97
1386272,7,William Hill,3.5,9.5,1.06,10.53,94.34,4.87
1386272,7,William Hill,0.5,1.2,4.0,83.33,25.0,8.33
1386272,8,Bet365,1.5,1.2,4.33,83.33,23.09,6.43
1386272,8,Bet365,2.5,1.7,2.1,58.82,47.62,6.44
1386272,8,Bet365,3.5,2.62,1.44,38.17,69.44,7.61
1386272,8,Bet365,0.5,1.04,13.0,96.15,7.69,3.85
1386272,8,Bet365,4.5,5.0,1.17,20.0,85.47,5.47
1386272,8,Bet365,7.5,41.0,1.0,2.44,100.0,2.44
1386272,8,Bet365,5.5,11.0,1.05,9.09,95.24,4.33
1386272,8,Bet365,6.5,21.0,1.01,4.76,99.01,3.77
1386272,8,Bet365,1.5,2.5,1.5,40.0,66.67,6.67
1386272,8,Bet365,2.5,6.0,1.12,16.67,89.29,5.95
1386272,8,Bet365,3.5,17.0,1.02,5.88,98.04,3.92
1386272,8,Bet365,0.5,1.3,3.4,76.92,29.41,6.33
1386272,8,Bet365,1.5,1.91,1.8,52.36,55.56,7.91
1386272,8,Bet365,2.5,4.0,1.22,25.0,81.97,6.97
1386272,8,Bet365,3.5,10.0,1.06,10.0,94.34,4.34
1386272,8,Bet365,0.5,1.18,4.5,84.75,22.22,6.97
1386272,8,Bet365,4.5,23.0,1.01,4.35,99.01,3.36
1386272,8,Bet365,7.5,2.1,1.67,47.62,59.88,7.5
1386272,8,Bet365,3.5,1.67,2.1,59.88,47.62,7.5
1386272,8,Bet365,4.5,2.2,1.62,45.45,61.73,7.18
1386272,2,Marathonbet,1.5,1.19,3.8,84.03,26.32,10.35
1386272,2,Marathonbet,1.75,1.24,3.38,80.65,29.59,10.23
1386272,2,Marathonbet,2.0,1.31,3.02,76.34,33.11,9.45
1386272,2,Marathonbet,2.25,1.5,2.36,66.67,42.37,9.04
1386272,2,Marathonbet,2.5,1.72,2.06,58.14,48.54,6.68
1386272,2,Marathonbet,2.75,1.85,1.82,54.05,54.95,9.0
1386272,2,Marathonbet,3.5,2.62,1.38,38.17,72.46,10.63
1386272,2,Marathonbet,0.75,1.0,9.7,100.0,10.31,10.31
1386272,2,Marathonbet,1.0,1.01,8.9,99.01,11.24,10.25
1386272,2,Marathonbet,1.25,1.1,5.15,90.91,19.42,10.33
1386272,2,Marathonbet,3.0,2.13,1.6,46.95,62.5,9.45
1386272,2,Marathonbet,4.5,4.7,1.12,21.28,89.29,10.56
1386272,2,Marathonbet,3.25,2.38,1.47,42.02,68.03,10.04
1386272,2,Marathonbet,3.75,3.14,1.27,31.85,78.74,10.59
1386272,2,Marathonbet,4.0,4.05,1.16,24.69,86.21,10.9
1386272,2,Marathonbet,4.25,4.4,1.14,22.73,87.72,10.45
1386272,2,Marathonbet,4.75,5.85,1.07,17.09,93.46,10.55
1386272,2,Marathonbet,5.0,8.0,1.02,12.5,98.04,10.54
1386272,2,Marathonbet,5.5,8.5,1.01,11.76,99.01,10.77
1386272,2,Marathonbet,1.5,2.44,1.48,40.98,67.57,8.55
1386272,2,Marathonbet,2.0,4.55,1.14,21.98,87.72,9.7
1386272,2,Marathonbet,2.5,5.45,1.08,18.35,92.59,10.94
1386272,2,Marathonbet,0.5,1.32,3.05,75.76,32.79,8.54
1386272,2,Marathonbet,1.0,1.67,2.11,59.88,47.39,7.27
1386272,2,Marathonbet,1.5,1.93,1.8,51.81,55.56,7.37
1386272,2,Marathonbet,2.0,2.95,1.34,33.9,74.63,8.53
1386272,2,Marathonbet,2.5,3.78,1.2,26.46,83.33,9.79
1386272,2,Marathonbet,0.5,1.17,4.15,85.47,24.1,9.57
1386272,2,Marathonbet,1.0,1.33,2.99,75.19,33.44,8.63
1386272,16,Unibet,1.5,1.23,3.65,81.3,27.4,8.7
1386272,16,Unibet,2.0,1.36,2.85,73.53,35.09,8.62
1386272,16,Unibet,2.25,1.57,2.23,63.69,44.84,8.54
1386272,16,Unibet,2.5,1.78,1.91,56.18,52.36,8.54
1386272,16,Unibet,2.75,1.98,1.71,50.51,58.48,8.98
1386272,16,Unibet,3.5,2.95,1.33,33.9,75.19,9.09
1386272,16,Unibet,3.0,2.38,1.5,42.02,66.67,8.68
1386272,16,Unibet,4.5,5.5,1.1,18.18,90.91,9.09
1386272,16,Unibet,3.25,2.65,1.4,37.74,71.43,9.16
1386272,16,Unibet,3.75,3.6,1.23,27.78,81.3,9.08
1386272,16,Unibet,4.0,4.9,1.13,20.41,88.5,8.9
1386272,16,Unibet,4.25,5.2,1.12,19.23,89.29,8.52
1386272,16,Unibet,1.5,2.5,1.46,40.0,68.49,8.49
1386272,16,Unibet,1.75,3.2,1.3,31.25,76.92,8.17
1386272,16,Unibet,2.0,4.9,1.14,20.41,87.72,8.13
1386272,16,Unibet,1.0,1.65,2.08,60.61,48.08,8.68
1386272,16,Unibet,1.25,2.08,1.65,48.08,60.61,8.68
1386272,16,Unibet,1.5,2.02,1.68,49.5,59.52,9.03
1386272,16,Unibet,7.5,1.93,1.73,51.81,57.8,9.62
1386272,16,Unibet,5.5,1.33,2.85,75.19,35.09,10.28
1386272,16,Unibet,6.5,1.58,2.15,63.29,46.51,9.8
1386272,16,Unibet,2.5,1.32,2.95,75.76,33.9,9.66
1386272,16,Unibet,3.5,1.7,1.95,58.82,51.28,10.11
1386272,16,Unibet,4.5,2.38,1.47,42.02,68.03,10.04
1386272,3,Betfair,1.5,1.22,4.2,81.97,23.81,5.78
1386272,3,Betfair,2.5,1.73,2.1,57.8,47.62,5.42
1386272,3,Betfair,3.5,2.88,1.4,34.72,71.43,6.15
1386272,3,Betfair,0.5,1.02,13.0,98.04,7.69,5.73
1386272,3,Betfair,4.5,5.5,1.14,18.18,87.72,5.9
1386272,3,Betfair,5.5,10.0,1.05,10.0,95.24,5.24
1386272,3,Betfair,1.5,2.55,1.45,39.22,68.97,8.18
1386272,3,Betfair,2.5,6.5,1.08,15.38,92.59,7.98
1386272,3,Betfair,0.5,1.29,3.3,77.52,30.3,7.82
1386272,13,188Bet,2.75,1.89,1.93,52.91,51.81,4.72
1386272,13,188Bet,1.25,2.1,1.72,47.62,58.14,5.76
1386272,4,Pinnacle,1.5,1.21,4.07,82.64,24.57,7.21
1386272,4,Pinnacle,2.25,1.49,2.5,67.11,40.0,7.11
1386272,4,Pinnacle,2.5,1.68,2.12,59.52,47.17,6.69
1386272,4,Pinnacle,2.75,1.87,1.92,53.48,52.08,5.56
1386272,4,Pinnacle,3.5,2.67,1.43,37.45,69.93,7.38
1386272,4,Pinnacle,3.0,2.13,1.68,46.95,59.52,6.47
1386272,4,Pinnacle,4.5,4.81,1.16,20.79,86.21,7.0
1386272,4,Pinnacle,3.25,2.41,1.53,41.49,65.36,6.85
1386272,4,Pinnacle,1.5,2.55,1.51,39.22,66.23,5.44
1386272,4,Pinnacle,1.75,3.24,1.34,30.86,74.63,5.49
1386272,4,Pinnacle,0.75,1.42,2.84,70.42,35.21,5.63
1386272,4,Pinnacle,1.0,1.64,2.23,60.98,44.84,5.82
1386272,4,Pinnacle,1.25,2.09,1.71,47.85,58.48,6.33
1386272,4,Pinnacle,6.5,1.68,2.04,59.52,49.02,8.54
1386272,4,Pinnacle,3.5,1.7,2.03,58.82,49.26,8.08
1386272,5,SBO,2.75,1.83,1.93,54.64,51.81,6.46
1386272,5,SBO,1.25,2.07,1.69,48.31,59.17,7.48
1386272,11,1xBet,1.5,1.19,3.8,84.03,26.32,10.35
1386272,11,1xBet,1.75,1.24,3.38,80.65,29.59,10.23
1386272,11,1xBet,2.0,1.31,3.02,76.34,33.11,9.45
1386272,11,1xBet,2.25,1.5,2.36,66.67,42.37,9.04
1386272,11,1xBet,2.5,1.72,2.06,58.14,48.54,6.68
1386272,11,1xBet,2.75,1.85,1.82,54.05,54.95,9.0
1386272,11,1xBet,3.5,2.62,1.38,38.17,72.46,10.63
1386272,11,1xBet,0.5,1.01,10.9,99.01,9.17,8.18
1386272,11,1xBet,0.75,1.0,9.2,100.0,10.87,10.87
1386272,11,1xBet,1.0,1.01,8.9,99.01,11.24,10.25
1386272,11,1xBet,1.25,1.1,5.15,90.91,19.42,10.33
1386272,11,1xBet,3.0,2.13,1.6,46.95,62.5,9.45
1386272,11,1xBet,4.5,4.7,1.12,21.28,89.29,10.56
1386272,11,1xBet,3.25,2.38,1.47,42.02,68.03,10.04
1386272,11,1xBet,3.75,3.14,1.27,31.85,78.74,10.59
1386272,11,1xBet,4.0,4.05,1.16,24.69,86.21,10.9
1386272,11,1xBet,4.25,4.4,1.14,22.73,87.72,10.45
1386272,11,1xBet,4.75,5.85,1.07,17.09,93.46,10.55
1386272,11,1xBet,5.0,8.0,1.02,12.5,98.04,10.54
1386272,11,1xBet,7.5,41.0,1.0,2.44,100.0,2.44
1386272,11,1xBet,5.5,8.5,1.01,11.76,99.01,10.77
1386272,11,1xBet,6.5,21.0,1.01,4.76,99.01,3.77
1386272,11,1xBet,1.5,2.44,1.48,40.98,67.57,8.55
1386272,11,1xBet,1.75,3.05,1.31,32.79,76.34,9.12
1386272,11,1xBet,2.0,4.55,1.14,21.98,87.72,9.7
1386272,11,1xBet,2.25,5.0,1.11,20.0,90.09,10.09
1386272,11,1xBet,2.5,5.45,1.08,18.35,92.59,10.94
1386272,11,1xBet,3.5,17.0,1.02,5.88,98.04,3.92
1386272,11,1xBet,0.5,1.32,3.05,75.76,32.79,8.54
1386272,11,1xBet,0.75,1.44,2.6,69.44,38.46,7.91
1386272,11,1xBet,1.0,1.67,2.11,59.88,47.39,7.27
1386272,11,1xBet,1.25,2.07,1.68,48.31,59.52,7.83
1386272,11,1xBet,1.5,1.93,1.8,51.81,55.56,7.37
1386272,11,1xBet,1.75,2.26,1.57,44.25,63.69,7.94
1386272,11,1xBet,2.0,2.95,1.34,33.9,74.63,8.53
1386272,11,1xBet,2.25,3.35,1.26,29.85,79.37,9.22
1386272,11,1xBet,2.5,3.78,1.2,26.46,83.33,9.79
1386272,11,1xBet,3.5,9.5,1.06,10.53,94.34,4.87
1386272,11,1xBet,0.5,1.17,4.15,85.47,24.1,9.57
1386272,11,1xBet,0.75,1.24,3.5,80.65,28.57,9.22
1386272,11,1xBet,1.0,1.33,2.99,75.19,33.44,8.63
1386272,11,1xBet,1.25,1.64,2.13,60.98,46.95,7.92
1386272,11,1xBet,8.5,3.0,1.3,33.33,76.92,10.26
1386272,11,1xBet,9.5,4.54,1.12,22.03,89.29,11.31
1386272,11,1xBet,10.5,7.26,1.01,13.77,99.01,12.78
1386272,11,1xBet,4.5,1.1,4.86,90.91,20.58,11.49
1386272,11,1xBet,5.0,1.13,4.3,88.5,23.26,11.75
1386272,11,1xBet,7.5,2.16,1.61,46.3,62.11,8.41
1386272,11,1xBet,5.5,1.32,2.93,75.76,34.13,9.89
1386272,11,1xBet,6.5,1.67,2.07,59.88,48.31,8.19
1386272,11,1xBet,6.0,1.42,2.55,70.42,39.22,9.64
1386272,11,1xBet,7.0,1.89,1.79,52.91,55.87,8.78
1386272,11,1xBet,8.0,2.65,1.39,37.74,71.94,9.68
1386272,11,1xBet,10.0,6.96,1.02,14.37,98.04,12.41
1386272,11,1xBet,9.0,4.11,1.15,24.33,86.96,11.29
1386272,11,1xBet,2.5,1.16,4.04,86.21,24.75,10.96
1386272,11,1xBet,3.5,1.53,2.3,65.36,43.48,8.84
1386272,11,1xBet,3.0,1.24,3.36,80.65,29.76,10.41
1386272,11,1xBet,4.5,2.13,1.63,46.95,61.35,8.3
1386272,11,1xBet,4.0,1.76,1.93,56.82,51.81,8.63
1386272,11,1xBet,5.0,2.78,1.35,35.97,74.07,10.05
1386272,11,1xBet,5.5,3.26,1.25,30.67,80.0,10.67
1386272,11,1xBet,6.5,5.7,1.06,17.54,94.34,11.88
1386272,11,1xBet,6.0,5.08,1.08,19.69,92.59,12.28
1386272,32,Betano,1.5,1.23,3.9,81.3,25.64,6.94
1386272,32,Betano,2.25,1.52,2.47,65.79,40.49,6.28
1386272,32,Betano,2.5,1.7,2.1,58.82,47.62,6.44
1386272,32,Betano,2.75,1.88,1.9,53.19,52.63,5.82
1386272,32,Betano,3.5,2.67,1.44,37.45,69.44,6.9
1386272,32,Betano,0.5,1.04,9.0,96.15,11.11,7.26
1386272,32,Betano,3.0,2.15,1.67,46.51,59.88,6.39
1386272,32,Betano,4.5,4.55,1.18,21.98,84.75,6.72
1386272,32,Betano,3.25,2.45,1.53,40.82,65.36,6.18
1386272,32,Betano,5.5,7.7,1.06,12.99,94.34,7.33
1386272,32,Betano,6.5,11.0,1.02,9.09,98.04,7.13
1386272,32,Betano,1.5,2.57,1.5,38.91,66.67,5.58
1386272,32,Betano,2.5,5.5,1.13,18.18,88.5,6.68
1386272,32,Betano,3.5,10.25,1.03,9.76,97.09,6.84
1386272,32,Betano,0.5,1.36,3.1,73.53,32.26,5.79
1386272,32,Betano,0.75,1.47,2.6,68.03,38.46,6.49
1386272,32,Betano,1.0,1.72,2.1,58.14,47.62,5.76
1386272,32,Betano,1.25,2.15,1.67,46.51,59.88,6.39
1386272,32,Betano,1.5,1.88,1.88,53.19,53.19,6.38
1386272,32,Betano,2.5,3.65,1.27,27.4,78.74,6.14
1386272,32,Betano,0.5,1.2,4.4,83.33,22.73,6.06
1386272,34,Superbet,1.5,1.21,4.1,82.64,24.39,7.03
1386272,34,Superbet,2.5,1.68,2.1,59.52,47.62,7.14
1386272,34,Superbet,3.5,2.67,1.44,37.45,69.44,6.9
1386272,34,Superbet,0.5,1.03,12.0,97.09,8.33,5.42
1386272,34,Superbet,4.5,4.8,1.16,20.83,86.21,7.04
1386272,34,Superbet,5.5,8.9,1.05,11.24,95.24,6.47
1386272,34,Superbet,6.5,19.0,1.01,5.26,99.01,4.27
1386272,34,Superbet,1.5,2.47,1.5,40.49,66.67,7.15
1386272,34,Superbet,2.5,5.65,1.12,17.7,89.29,6.98
1386272,34,Superbet,3.5,15.0,1.02,6.67,98.04,4.71
1386272,34,Superbet,0.5,1.31,3.25,76.34,30.77,7.11
1386272,34,Superbet,4.5,40.0,1.0,2.5,100.0,2.5
1386272,34,Superbet,1.5,1.92,1.82,52.08,54.95,7.03
1386272,34,Superbet,2.5,3.85,1.24,25.97,80.65,6.62
1386272,34,Superbet,3.5,8.4,1.05,11.9,95.24,7.14
1386272,34,Superbet,0.5,1.19,4.35,84.03,22.99,7.02
1386272,34,Superbet,4.5,21.0,1.01,4.76,99.01,3.77
1386272,34,Superbet,3.5,1.09,6.0,91.74,16.67,8.41
1386272,34,Superbet,8.5,2.95,1.35,33.9,74.07,7.97
1386272,34,Superbet,9.5,4.0,1.2,25.0,83.33,8.33
1386272,34,Superbet,4.5,1.22,3.85,81.97,25.97,7.94
1386272,34,Superbet,7.5,2.22,1.58,45.05,63.29,8.34
1386272,34,Superbet,5.5,1.44,2.6,69.44,38.46,7.91
1386272,34,Superbet,6.5,1.75,1.97,57.14,50.76,7.9
1386272,34,Superbet,1.5,1.09,6.0,91.74,16.67,8.41
1386272,34,Superbet,2.5,1.29,3.3,77.52,30.3,7.82
1386272,34,Superbet,3.5,1.65,2.12,60.61,47.17,7.78
1386272,34,Superbet,4.5,2.25,1.57,44.44,63.69,8.14
1386272,34,Superbet,5.5,3.25,1.3,30.77,76.92,7.69
1386272,34,Superbet,6.5,4.9,1.14,20.41,87.72,8.13
1386273,1,10Bet,1.5,1.3,3.45,76.92,28.99,5.91
1386273,1,10Bet,2.5,1.9,1.85,52.63,54.05,6.69
1386273,1,10Bet,3.5,3.2,1.33,31.25,75.19,6.44
1386273,1,10Bet,0.5,1.06,8.5,94.34,11.76,6.1
1386273,1,10Bet,4.5,6.25,1.11,16.0,90.09,6.09
1386273,1,10Bet,1.5,2.65,1.42,37.74,70.42,8.16
1386273,1,10Bet,0.5,1.36,2.85,73.53,35.09,8.62
1386273,7,William Hill,1.5,2.62,1.44,38.17,69.44,7.61
1386273,7,William Hill,2.5,6.5,1.1,15.38,90.91,6.29
1386273,7,William Hill,3.5,21.0,1.02,4.76,98.04,2.8
1386273,7,William Hill,0.5,1.35,3.0,74.07,33.33,7.41
1386273,7,William Hill,1.5,2.1,1.67,47.62,59.88,7.5
1386273,7,William Hill,2.5,4.6,1.18,21.74,84.75,6.48
1386273,7,William Hill,3.5,11.0,1.04,9.09,96.15,5.24
1386273,7,William Hill,0.5,1.25,3.7,80.0,27.03,7.03
1386273,8,Bet365,1.5,1.25,3.75,80.0,26.67,6.67
1386273,8,Bet365,2.5,1.9,1.9,52.63,52.63,5.26
1386273,8,Bet365,3.5,3.25,1.33,30.77,75.19,5.96
1386273,8,Bet365,0.5,1.05,11.0,95.24,9.09,4.33
1386273,8,Bet365,4.5,6.5,1.11,15.38,90.09,5.47
1386273,8,Bet365,7.5,51.0,1.0,1.96,100.0,1.96
1386273,8,Bet365,5.5,13.0,1.04,7.69,96.15,3.85
1386273,8,Bet365,6.5,26.0,1.01,3.85,99.01,2.86
1386273,8,Bet365,1.5,2.75,1.4,36.36,71.43,7.79
1386273,8,Bet365,2.5,8.0,1.08,12.5,92.59,5.09
1386273,8,Bet365,3.5,21.0,1.01,4.76,99.01,3.77
1386273,8,Bet365,0.5,1.4,2.75,71.43,36.36,7.79
1386273,8,Bet365,1.5,2.1,1.67,47.62,59.88,7.5
1386273,8,Bet365,2.5,4.5,1.18,22.22,84.75,6.97
1386273,8,Bet365,3.5,13.0,1.04,7.69,96.15,3.85
1386273,8,Bet365,0.5,1.25,3.75,80.0,26.67,6.67
1386273,8,Bet365,3.5,1.62,2.2,61.73,45.45,7.18
1386273,8,Bet365,4.5,1.62,2.2,61.73,45.45,7.18
1386273,2,Marathonbet,1.5,1.23,3.42,81.3,29.24,10.54
1386273,2,Marathonbet,1.75,1.29,3.06,77.52,32.68,10.2
1386273,2,Marathonbet,2.0,1.39,2.66,71.94,37.59,9.54
1386273,2,Marathonbet,2.25,1.62,2.13,61.73,46.95,8.68
1386273,2,Marathonbet,2.5,1.87,1.88,53.48,53.19,6.67
1386273,2,Marathonbet,2.75,2.05,1.66,48.78,60.24,9.02
1386273,2,Marathonbet,3.5,3.05,1.28,32.79,78.12,10.91
1386273,2,Marathonbet,0.75,1.0,9.3,100.0,10.75,10.75
1386273,2,Marathonbet,1.0,1.01,8.6,99.01,11.63,10.64
1386273,2,Marathonbet,1.25,1.12,4.75,89.29,21.05,10.34
1386273,2,Marathonbet,3.0,2.46,1.45,40.65,68.97,9.62
1386273,2,Marathonbet,4.5,5.95,1.07,16.81,93.46,10.26
1386273,2,Marathonbet,3.25,2.77,1.35,36.1,74.07,10.18
1386273,2,Marathonbet,3.75,3.78,1.19,26.46,84.03,10.49
1386273,2,Marathonbet,4.0,5.2,1.1,19.23,90.91,10.14
1386273,2,Marathonbet,4.25,5.55,1.08,18.02,92.59,10.61
1386273,2,Marathonbet,4.75,7.7,1.03,12.99,97.09,10.07
1386273,2,Marathonbet,5.0,9.1,1.0,10.99,100.0,10.99
1386273,2,Marathonbet,1.5,2.69,1.4,37.17,71.43,8.6
1386273,2,Marathonbet,2.0,5.55,1.09,18.02,91.74,9.76
1386273,2,Marathonbet,2.5,6.75,1.04,14.81,96.15,10.97
1386273,2,Marathonbet,0.5,1.36,2.85,73.53,35.09,8.62
1386273,2,Marathonbet,1.0,1.81,1.92,55.25,52.08,7.33
1386273,2,Marathonbet,1.5,2.08,1.69,48.08,59.17,7.25
1386273,2,Marathonbet,2.0,3.42,1.26,29.24,79.37,8.6
1386273,2,Marathonbet,2.5,4.45,1.15,22.47,86.96,9.43
1386273,2,Marathonbet,0.5,1.19,3.9,84.03,25.64,9.67
1386273,2,Marathonbet,1.0,1.4,2.69,71.43,37.17,8.6
1386273,16,Unibet,1.5,1.22,3.7,81.97,27.03,8.99
1386273,16,Unibet,2.0,1.34,2.95,74.63,33.9,8.53
1386273,16,Unibet,2.25,1.55,2.28,64.52,43.86,8.38
1386273,16,Unibet,2.5,1.75,1.94,57.14,51.55,8.69
1386273,16,Unibet,2.75,1.95,1.74,51.28,57.47,8.75
1386273,16,Unibet,3.5,2.88,1.35,34.72,74.07,8.8
1386273,16,Unibet,3.0,2.28,1.54,43.86,64.94,8.79
1386273,16,Unibet,4.5,5.2,1.12,19.23,89.29,8.52
1386273,16,Unibet,3.25,2.6,1.43,38.46,69.93,8.39
1386273,16,Unibet,3.75,3.45,1.25,28.99,80.0,8.99
1386273,16,Unibet,4.0,4.6,1.15,21.74,86.96,8.7
1386273,16,Unibet,4.25,4.9,1.13,20.41,88.5,8.9
1386273,16,Unibet,1.5,2.45,1.47,40.82,68.03,8.84
1386273,16,Unibet,1.75,3.1,1.3,32.26,76.92,9.18
1386273,16,Unibet,2.0,4.7,1.15,21.28,86.96,8.23
1386273,16,Unibet,1.0,1.63,2.12,61.35,47.17,8.52
1386273,16,Unibet,1.25,2.05,1.67,48.78,59.88,8.66
1386273,16,Unibet,1.5,2.0,1.7,50.0,58.82,8.82
1386273,16,Unibet,3.5,1.49,2.33,67.11,42.92,10.03
1386273,16,Unibet,4.5,1.96,1.7,51.02,58.82,9.84
1386273,16,Unibet,5.5,2.7,1.37,37.04,72.99,10.03
1386273,16,Unibet,4.5,1.64,2.04,60.98,49.02,10.0
1386273,16,Unibet,5.5,2.15,1.58,46.51,63.29,9.8
1386273,16,Unibet,6.5,2.95,1.32,33.9,75.76,9.66
1386273,3,Betfair,1.5,1.29,3.5,77.52,28.57,6.09
1386273,3,Betfair,2.5,1.87,1.9,53.48,52.63,6.11
1386273,3,Betfair,3.5,3.25,1.33,30.77,75.19,5.96
1386273,3,Betfair,0.5,1.04,11.0,96.15,9.09,5.24
1386273,3,Betfair,4.5,6.5,1.1,15.38,90.91,6.29
1386273,3,Betfair,5.5,13.0,1.02,7.69,98.04,5.73
1386273,3,Betfair,1.5,2.75,1.4,36.36,71.43,7.79
1386273,3,Betfair,2.5,7.5,1.06,13.33,94.34,7.67
1386273,3,Betfair,0.5,1.33,3.0,75.19,33.33,8.52
1386273,13,188Bet,2.5,1.96,1.86,51.02,53.76,4.78
1386273,13,188Bet,1.0,1.83,1.99,54.64,50.25,4.9
1386273,4,Pinnacle,1.5,1.25,3.79,80.0,26.39,6.39
1386273,4,Pinnacle,1.75,1.4,2.91,71.43,34.36,5.79
1386273,4,Pinnacle,2.0,1.39,2.93,71.94,34.13,6.07
1386273,4,Pinnacle,2.25,1.62,2.27,61.73,44.05,5.78
1386273,4,Pinnacle,2.5,1.84,1.94,54.35,51.55,5.89
1386273,4,Pinnacle,2.75,2.06,1.74,48.54,57.47,6.01
1386273,4,Pinnacle,3.5,3.02,1.36,33.11,73.53,6.64
1386273,4,Pinnacle,3.0,2.44,1.54,40.98,64.94,5.92
1386273,4,Pinnacle,4.5,5.56,1.13,17.99,88.5,6.48
1386273,4,Pinnacle,1.5,2.69,1.43,37.17,69.93,7.1
1386273,4,Pinnacle,0.5,1.33,3.14,75.19,31.85,7.04
1386273,4,Pinnacle,0.75,1.47,2.59,68.03,38.61,6.64
1386273,4,Pinnacle,1.0,1.75,2.04,57.14,49.02,6.16
1386273,4,Pinnacle,1.25,2.23,1.62,44.84,61.73,6.57
1386273,4,Pinnacle,4.5,2.06,1.67,48.54,59.88,8.42
1386273,4,Pinnacle,5.5,1.95,1.76,51.28,56.82,8.1
1386273,5,SBO,2.5,1.91,1.85,52.36,54.05,6.41
1386273,5,SBO,1.0,1.86,1.9,53.76,52.63,6.4
1386273,11,1xBet,1.5,1.23,3.42,81.3,29.24,10.54
1386273,11,1xBet,1.75,1.29,3.06,77.52,32.68,10.2
1386273,11,1xBet,2.0,1.39,2.66,71.94,37.59,9.54
1386273,11,1xBet,2.25,1.62,2.13,61.73,46.95,8.68
1386273,11,1xBet,2.5,1.87,1.88,53.48,53.19,6.67
1386273,11,1xBet,2.75,2.05,1.66,48.78,60.24,9.02
1386273,11,1xBet,3.5,3.05,1.28,32.79,78.12,10.91
1386273,11,1xBet,0.5,1.01,10.3,99.01,9.71,8.72
1386273,11,1xBet,0.75,1.0,9.3,100.0,10.75,10.75
1386273,11,1xBet,1.0,1.01,8.6,99.01,11.63,10.64
1386273,11,1xBet,1.25,1.12,4.75,89.29,21.05,10.34
1386273,11,1xBet,3.0,2.46,1.45,40.65,68.97,9.62
1386273,11,1xBet,4.5,5.95,1.07,16.81,93.46,10.26
1386273,11,1xBet,3.25,2.77,1.35,36.1,74.07,10.18
1386273,11,1xBet,3.75,3.78,1.19,26.46,84.03,10.49
1386273,11,1xBet,4.0,5.2,1.1,19.23,90.91,10.14
1386273,11,1xBet,4.25,5.55,1.08,18.02,92.59,10.61
1386273,11,1xBet,4.75,7.7,1.03,12.99,97.09,10.07
1386273,11,1xBet,7.5,50.0,1.0,2.0,100.0,2.0
1386273,11,1xBet,5.5,13.0,1.03,7.69,97.09,4.78
1386273,11,1xBet,6.5,26.0,1.01,3.85,99.01,2.86
1386273,11,1xBet,1.5,2.69,1.4,37.17,71.43,8.6
1386273,11,1xBet,1.75,3.44,1.25,29.07,80.0,9.07
1386273,11,1xBet,2.0,5.55,1.09,18.02,91.74,9.76
1386273,11,1xBet,2.25,6.15,1.06,16.26,94.34,10.6
1386273,11,1xBet,2.5,6.75,1.04,14.81,96.15,10.97
1386273,11,1xBet,3.5,13.0,1.01,7.69,99.01,6.7
1386273,11,1xBet,0.5,1.36,2.85,73.53,35.09,8.62
1386273,11,1xBet,0.75,1.51,2.4,66.23,41.67,7.89
1386273,11,1xBet,1.0,1.81,1.92,55.25,52.08,7.33
1386273,11,1xBet,1.25,2.26,1.57,44.25,63.69,7.94
1386273,11,1xBet,1.5,2.08,1.69,48.08,59.17,7.25
1386273,11,1xBet,1.75,2.5,1.47,40.0,68.03,8.03
1386273,11,1xBet,2.0,3.42,1.26,29.24,79.37,8.6
1386273,11,1xBet,2.25,3.96,1.19,25.25,84.03,9.29
1386273,11,1xBet,2.5,4.45,1.15,22.47,86.96,9.43
1386273,11,1xBet,3.5,11.0,1.04,9.09,96.15,5.24
1386273,11,1xBet,0.5,1.19,3.9,84.03,25.64,9.67
1386273,11,1xBet,0.75,1.27,3.28,78.74,30.49,9.23
1386273,11,1xBet,1.0,1.4,2.69,71.43,37.17,8.6
1386273,11,1xBet,1.25,1.75,1.97,57.14,50.76,7.9
1386273,11,1xBet,2.5,1.16,4.01,86.21,24.94,11.14
1386273,11,1xBet,3.5,1.54,2.29,64.94,43.67,8.6
1386273,11,1xBet,3.0,1.24,3.34,80.65,29.94,10.59
1386273,11,1xBet,4.5,2.14,1.62,46.73,61.73,8.46
1386273,11,1xBet,4.0,1.77,1.92,56.5,52.08,8.58
1386273,11,1xBet,5.0,2.8,1.35,35.71,74.07,9.79
1386273,11,1xBet,5.5,3.28,1.25,30.49,80.0,10.49
1386273,11,1xBet,6.5,5.76,1.05,17.36,95.24,12.6
1386273,11,1xBet,6.0,5.13,1.08,19.49,92.59,12.09
1386273,11,1xBet,3.5,1.17,3.9,85.47,25.64,11.11
1386273,11,1xBet,8.5,7.22,1.01,13.85,99.01,12.86
1386273,11,1xBet,3.0,1.02,6.9,98.04,14.49,12.53
1386273,11,1xBet,4.5,1.49,2.38,67.11,42.02,9.13
1386273,11,1xBet,4.0,1.24,3.34,80.65,29.94,10.59
1386273,11,1xBet,5.0,1.7,2.04,58.82,49.02,7.84
1386273,11,1xBet,7.5,4.46,1.12,22.42,89.29,11.71
1386273,11,1xBet,5.5,2.01,1.7,49.75,58.82,8.57
1386273,11,1xBet,6.5,2.83,1.34,35.34,74.63,9.96
1386273,11,1xBet,6.0,2.44,1.47,40.98,68.03,9.01
1386273,11,1xBet,7.0,3.97,1.16,25.19,86.21,11.4
1386273,11,1xBet,8.0,7.25,1.01,13.79,99.01,12.8
1386273,32,Betano,1.5,1.29,3.4,77.52,29.41,6.93
1386273,32,Betano,2.0,1.44,2.75,69.44,36.36,5.81
1386273,32,Betano,2.25,1.65,2.2,60.61,45.45,6.06
1386273,32,Betano,2.5,1.87,1.91,53.48,52.36,5.83
1386273,32,Betano,2.75,2.1,1.72,47.62,58.14,5.76
1386273,32,Betano,3.5,3.0,1.36,33.33,73.53,6.86
1386273,32,Betano,0.5,1.06,7.8,94.34,12.82,7.16
1386273,32,Betano,3.0,2.47,1.53,40.49,65.36,5.85
1386273,32,Betano,4.5,5.3,1.14,18.87,87.72,6.59
1386273,32,Betano,3.25,2.7,1.45,37.04,68.97,6.0
1386273,32,Betano,5.5,8.75,1.05,11.43,95.24,6.67
1386273,32,Betano,6.5,12.0,1.02,8.33,98.04,6.37
1386273,32,Betano,1.5,2.8,1.42,35.71,70.42,6.14
1386273,32,Betano,2.5,6.1,1.1,16.39,90.91,7.3
1386273,32,Betano,3.5,11.0,1.02,9.09,98.04,7.13
1386273,32,Betano,0.5,1.44,2.77,69.44,36.1,5.55
1386273,32,Betano,0.75,1.57,2.35,63.69,42.55,6.25
1386273,32,Betano,1.0,1.9,1.88,52.63,53.19,5.82
1386273,32,Betano,1.25,2.35,1.57,42.55,63.69,6.25
1386273,32,Betano,1.5,2.02,1.78,49.5,56.18,5.68
1386273,32,Betano,2.5,4.05,1.23,24.69,81.3,5.99
1386273,32,Betano,0.5,1.23,4.0,81.3,25.0,6.3
1386273,34,Superbet,1.5,1.25,3.7,80.0,27.03,7.03
1386273,34,Superbet,2.5,1.82,1.92,54.95,52.08,7.03
1386273,34,Superbet,3.5,3.0,1.36,33.33,73.53,6.86
1386273,34,Superbet,0.5,1.04,9.9,96.15,10.1,6.25
1386273,34,Superbet,4.5,5.55,1.12,18.02,89.29,7.3
1386273,34,Superbet,5.5,11.0,1.03,9.09,97.09,6.18
1386273,34,Superbet,6.5,23.0,1.01,4.35,99.01,3.36
1386273,34,Superbet,1.5,2.62,1.45,38.17,68.97,7.13
1386273,34,Superbet,2.5,6.3,1.1,15.87,90.91,6.78
1386273,34,Superbet,3.5,17.0,1.01,5.88,99.01,4.89
1386273,34,Superbet,0.5,1.35,3.05,74.07,32.79,6.86
1386273,34,Superbet,4.5,45.0,1.0,2.22,100.0,2.22
1386273,34,Superbet,1.5,2.05,1.72,48.78,58.14,6.92
1386273,34,Superbet,2.5,4.25,1.2,23.53,83.33,6.86
1386273,34,Superbet,3.5,9.6,1.04,10.42,96.15,6.57
1386273,34,Superbet,0.5,1.22,4.0,81.97,25.0,6.97
1386273,34,Superbet,4.5,24.0,1.0,4.17,100.0,4.17
1386273,34,Superbet,1.5,1.07,7.0,93.46,14.29,7.74
1386273,34,Superbet,2.5,1.25,3.6,80.0,27.78,7.78
1386273,34,Superbet,3.5,1.55,2.3,64.52,43.48,7.99
1386273,34,Superbet,4.5,2.07,1.68,48.31,59.52,7.83
1386273,34,Superbet,7.5,6.3,1.09,15.87,91.74,7.62
1386273,34,Superbet,5.5,2.95,1.35,33.9,74.07,7.97
1386273,34,Superbet,6.5,4.25,1.19,23.53,84.03,7.56
1386273,34,Superbet,2.5,1.09,6.1,91.74,16.39,8.14
1386273,34,Superbet,3.5,1.25,3.55,80.0,28.17,8.17
1386273,34,Superbet,8.5,5.0,1.14,20.0,87.72,7.72
1386273,34,Superbet,4.5,1.51,2.37,66.23,42.19,8.42
1386273,34,Superbet,7.5,3.6,1.25,27.78,80.0,7.78
1386273,34,Superbet,5.5,1.95,1.77,51.28,56.5,7.78
1386273,34,Superbet,6.5,2.6,1.44,38.46,69.44,7.91
1386274,1,10Bet,1.5,1.5,2.5,66.67,40.0,6.67
1386274,1,10Bet,2.5,2.55,1.5,39.22,66.67,5.88
1386274,1,10Bet,3.5,5.0,1.17,20.0,85.47,5.47
1386274,1,10Bet,0.5,1.11,6.25,90.09,16.0,6.09
1386274,1,10Bet,4.5,9.5,1.05,10.53,95.24,5.76
1386274,1,10Bet,1.5,3.45,1.25,28.99,80.0,8.99
1386274,1,10Bet,0.5,1.55,2.3,64.52,43.48,7.99
1386274,7,William Hill,1.5,3.4,1.29,29.41,77.52,6.93
1386274,7,William Hill,2.5,11.0,1.05,9.09,95.24,4.33
1386274,7,William Hill,0.5,1.5,2.45,66.67,40.82,7.48
1386274,7,William Hill,1.5,2.7,1.4,37.04,71.43,8.47
1386274,7,William Hill,2.5,6.5,1.1,15.38,90.91,6.29
1386274,7,William Hill,3.5,21.0,1.02,4.76,98.04,2.8
1386274,7,William Hill,0.5,1.36,2.88,73.53,34.72,8.25
1386274,8,Bet365,1.5,1.5,2.5,66.67,40.0,6.67
1386274,8,Bet365,2.5,2.6,1.48,38.46,67.57,6.03
1386274,8,Bet365,3.5,5.0,1.17,20.0,85.47,5.47
1386274,8,Bet365,0.5,1.11,6.5,90.09,15.38,5.47
1386274,8,Bet365,4.5,13.0,1.04,7.69,96.15,3.85
1386274,8,Bet365,5.5,26.0,1.01,3.85,99.01,2.86
1386274,8,Bet365,6.5,51.0,1.0,1.96,100.0,1.96
1386274,8,Bet365,1.5,3.75,1.25,26.67,80.0,6.67
1386274,8,Bet365,2.5,11.0,1.05,9.09,95.24,4.33
1386274,8,Bet365,0.5,1.53,2.38,65.36,42.02,7.38
1386274,8,Bet365,1.5,2.62,1.44,38.17,69.44,7.61
1386274,8,Bet365,2.5,7.0,1.1,14.29,90.91,5.19
1386274,8,Bet365,3.5,19.0,1.02,5.26,98.04,3.3
1386274,8,Bet365,0.5,1.36,3.0,73.53,33.33,6.86
1386274,8,Bet365,4.5,1.67,2.1,59.88,47.62,7.5
1386274,8,Bet365,4.5,2.1,1.67,47.62,59.88,7.5
1386274,2,Marathonbet,1.5,1.5,2.5,66.67,40.0,6.67
1386274,2,Marathonbet,1.75,1.61,2.14,62.11,46.73,8.84
1386274,2,Marathonbet,2.0,1.83,1.82,54.64,54.95,9.59
1386274,2,Marathonbet,2.25,2.13,1.58,46.95,63.29,10.24
1386274,2,Marathonbet,2.5,2.43,1.44,41.15,69.44,10.6
1386274,2,Marathonbet,2.75,2.92,1.31,34.25,76.34,10.58
1386274,2,Marathonbet,3.5,4.75,1.12,21.05,89.29,10.34
1386274,2,Marathonbet,0.5,1.06,6.3,94.34,15.87,10.21
1386274,2,Marathonbet,0.75,1.08,5.7,92.59,17.54,10.14
1386274,2,Marathonbet,1.0,1.11,5.1,90.09,19.61,9.7
1386274,2,Marathonbet,1.25,1.3,3.12,76.92,32.05,8.97
1386274,2,Marathonbet,3.0,3.95,1.17,25.32,85.47,10.79
1386274,2,Marathonbet,3.25,4.35,1.14,22.99,87.72,10.71
1386274,2,Marathonbet,3.75,6.15,1.06,16.26,94.34,10.6
1386274,2,Marathonbet,4.0,9.0,1.0,11.11,100.0,11.11
1386274,2,Marathonbet,1.5,3.44,1.24,29.07,80.65,9.71
1386274,2,Marathonbet,2.0,8.2,1.02,12.2,98.04,10.23
1386274,2,Marathonbet,0.5,1.55,2.33,64.52,42.92,7.43
1386274,2,Marathonbet,1.0,2.34,1.52,42.74,65.79,8.52
1386274,2,Marathonbet,1.5,2.66,1.41,37.59,70.92,8.52
1386274,2,Marathonbet,2.0,5.3,1.1,18.87,90.91,9.78
1386274,2,Marathonbet,2.5,6.4,1.05,15.62,95.24,10.86
1386274,2,Marathonbet,0.5,1.35,2.9,74.07,34.48,8.56
1386274,2,Marathonbet,1.0,1.78,1.95,56.18,51.28,7.46
1386274,16,Unibet,1.5,1.49,2.4,67.11,41.67,8.78
1386274,16,Unibet,1.75,1.64,2.08,60.98,48.08,9.05
1386274,16,Unibet,2.0,1.91,1.77,52.36,56.5,8.85
1386274,16,Unibet,2.25,2.25,1.56,44.44,64.1,8.55
1386274,16,Unibet,2.5,2.6,1.43,38.46,69.93,8.39
1386274,16,Unibet,2.75,3.1,1.3,32.26,76.92,9.18
1386274,16,Unibet,3.5,4.9,1.13,20.41,88.5,8.9
1386274,16,Unibet,0.5,1.09,5.8,91.74,17.24,8.98
1386274,16,Unibet,1.0,1.14,4.75,87.72,21.05,8.77
1386274,16,Unibet,1.25,1.32,3.05,75.76,32.79,8.54
1386274,16,Unibet,3.0,4.2,1.18,23.81,84.75,8.56
1386274,16,Unibet,3.25,4.6,1.15,21.74,86.96,8.7
1386274,16,Unibet,1.5,3.45,1.26,28.99,79.37,8.35
1386274,16,Unibet,0.5,1.49,2.33,67.11,42.92,10.03
1386274,16,Unibet,0.75,1.74,1.96,57.47,51.02,8.49
1386274,16,Unibet,1.0,2.28,1.54,43.86,64.94,8.79
1386274,16,Unibet,1.25,2.88,1.35,34.72,74.07,8.8
1386274,16,Unibet,0.5,1.37,2.8,72.99,35.71,8.71
1386274,16,Unibet,4.5,1.68,1.98,59.52,50.51,10.03
1386274,16,Unibet,5.5,2.23,1.54,44.84,64.94,9.78
1386274,16,Unibet,6.5,3.05,1.3,32.79,76.92,9.71
1386274,16,Unibet,3.5,1.48,2.38,67.57,42.02,9.58
1386274,16,Unibet,4.5,1.94,1.72,51.55,58.14,9.69
1386274,16,Unibet,5.5,2.65,1.38,37.74,72.46,10.2
1386274,3,Betfair,1.5,1.53,2.45,65.36,40.82,6.18
1386274,3,Betfair,2.5,2.7,1.44,37.04,69.44,6.48
1386274,3,Betfair,3.5,5.5,1.14,18.18,87.72,5.9
1386274,3,Betfair,0.5,1.1,6.5,90.91,15.38,6.29
1386274,3,Betfair,4.5,12.0,1.03,8.33,97.09,5.42
1386274,3,Betfair,1.5,3.8,1.22,26.32,81.97,8.28
1386274,3,Betfair,2.5,10.0,1.02,10.0,98.04,8.04
1386274,3,Betfair,0.5,1.5,2.4,66.67,41.67,8.33
1386274,13,188Bet,2.0,1.89,1.93,52.91,51.81,4.72
1386274,13,188Bet,0.75,1.81,2.01,55.25,49.75,5.0
1386274,4,Pinnacle,1.5,1.52,2.48,65.79,40.32,6.11
1386274,4,Pinnacle,1.75,1.68,2.15,59.52,46.51,6.04
1386274,4,Pinnacle,2.0,1.96,1.83,51.02,54.64,5.67
1386274,4,Pinnacle,2.25,2.31,1.6,43.29,62.5,5.79
1386274,4,Pinnacle,2.5,2.64,1.47,37.88,68.03,5.91
1386274,4,Pinnacle,3.5,5.16,1.15,19.38,86.96,6.34
1386274,4,Pinnacle,0.5,1.11,6.19,90.09,16.16,6.25
1386274,4,Pinnacle,0.5,1.55,2.36,64.52,42.37,6.89
1386274,4,Pinnacle,0.75,1.83,1.94,54.64,51.55,6.19
1386274,4,Pinnacle,1.0,2.5,1.5,40.0,66.67,6.67
1386274,4,Pinnacle,1.25,3.18,1.33,31.45,75.19,6.63
1386274,4,Pinnacle,5.5,1.96,1.75,51.02,57.14,8.16
1386274,4,Pinnacle,3.5,1.74,1.98,57.47,50.51,7.98
1386274,5,SBO,2.0,1.83,1.93,54.64,51.81,6.46
1386274,5,SBO,0.75,1.78,1.98,56.18,50.51,6.68
1386274,11,1xBet,1.5,1.5,2.5,66.67,40.0,6.67
1386274,11,1xBet,1.75,1.61,2.14,62.11,46.73,8.84
1386274,11,1xBet,2.0,1.83,1.82,54.64,54.95,9.59
1386274,11,1xBet,2.25,2.13,1.58,46.95,63.29,10.24
1386274,11,1xBet,2.5,2.43,1.44,41.15,69.44,10.6
1386274,11,1xBet,2.75,2.92,1.31,34.25,76.34,10.58
1386274,11,1xBet,3.5,4.75,1.12,21.05,89.29,10.34
1386274,11,1xBet,0.5,1.06,6.3,94.34,15.87,10.21
1386274,11,1xBet,0.75,1.08,5.7,92.59,17.54,10.14
1386274,11,1xBet,1.0,1.11,5.1,90.09,19.61,9.7
1386274,11,1xBet,1.25,1.3,3.12,76.92,32.05,8.97
1386274,11,1xBet,3.0,3.95,1.17,25.32,85.47,10.79
1386274,11,1xBet,4.5,10.5,1.02,9.52,98.04,7.56
1386274,11,1xBet,3.25,4.35,1.14,22.99,87.72,10.71
1386274,11,1xBet,3.75,6.15,1.06,16.26,94.34,10.6
1386274,11,1xBet,4.0,9.0,1.0,11.11,100.0,11.11
1386274,11,1xBet,5.5,29.0,1.01,3.45,99.01,2.46
1386274,11,1xBet,6.5,50.0,1.0,2.0,100.0,2.0
1386274,11,1xBet,1.5,3.44,1.24,29.07,80.65,9.71
1386274,11,1xBet,1.75,4.7,1.12,21.28,89.29,10.56
1386274,11,1xBet,2.0,8.2,1.02,12.2,98.04,10.23
1386274,11,1xBet,2.25,8.8,1.01,11.36,99.01,10.37
1386274,11,1xBet,2.5,9.6,1.02,10.42,98.04,8.46
1386274,11,1xBet,0.5,1.55,2.33,64.52,42.92,7.43
1386274,11,1xBet,0.75,1.79,1.92,55.87,52.08,7.95
1386274,11,1xBet,1.0,2.34,1.52,42.74,65.79,8.52
1386274,11,1xBet,1.25,2.94,1.33,34.01,75.19,9.2
1386274,11,1xBet,1.5,2.66,1.41,37.59,70.92,8.52
1386274,11,1xBet,1.75,3.35,1.26,29.85,79.37,9.22
1386274,11,1xBet,2.0,5.3,1.1,18.87,90.91,9.78
1386274,11,1xBet,2.25,5.85,1.07,17.09,93.46,10.55
1386274,11,1xBet,2.5,6.4,1.05,15.62,95.24,10.86
1386274,11,1xBet,3.5,21.0,1.02,4.76,98.04,2.8
1386274,11,1xBet,0.5,1.35,2.9,74.07,34.48,8.56
1386274,11,1xBet,0.75,1.49,2.45,67.11,40.82,7.93
1386274,11,1xBet,1.0,1.78,1.95,56.18,51.28,7.46
1386274,11,1xBet,1.25,2.22,1.59,45.05,62.89,7.94
1386274,11,1xBet,2.5,1.04,6.29,96.15,15.9,12.05
1386274,11,1xBet,3.5,1.2,3.66,83.33,27.32,10.66
1386274,11,1xBet,8.5,7.22,1.01,13.85,99.01,12.86
1386274,11,1xBet,3.0,1.02,6.79,98.04,14.73,12.77
1386274,11,1xBet,4.5,1.54,2.28,64.94,43.86,8.79
1386274,11,1xBet,4.0,1.28,3.12,78.12,32.05,10.18
1386274,11,1xBet,5.0,1.74,1.95,57.47,51.28,8.75
1386274,11,1xBet,7.5,4.84,1.1,20.66,90.91,11.57
1386274,11,1xBet,5.5,2.07,1.67,48.31,59.88,8.19
1386274,11,1xBet,6.5,2.99,1.3,33.44,76.92,10.37
1386274,11,1xBet,6.0,2.59,1.41,38.61,70.92,9.53
1386274,11,1xBet,7.0,4.31,1.13,23.2,88.5,11.7
1386274,11,1xBet,8.0,7.25,1.01,13.79,99.01,12.8
1386274,11,1xBet,2.5,1.14,4.16,87.72,24.04,11.76
1386274,11,1xBet,3.5,1.51,2.35,66.23,42.55,8.78
1386274,11,1xBet,3.0,1.22,3.48,81.97,28.74,10.7
1386274,11,1xBet,4.5,2.09,1.66,47.85,60.24,8.09
1386274,11,1xBet,4.0,1.72,1.98,58.14,50.51,8.64
1386274,11,1xBet,5.0,2.7,1.38,37.04,72.46,9.5
1386274,11,1xBet,5.5,3.16,1.27,31.65,78.74,10.39
1386274,11,1xBet,6.5,5.48,1.07,18.25,93.46,11.71
1386274,11,1xBet,6.0,4.86,1.1,20.58,90.91,11.49
1386274,32,Betano,1.5,1.53,2.45,65.36,40.82,6.18
1386274,32,Betano,1.75,1.67,2.15,59.88,46.51,6.39
1386274,32,Betano,2.0,1.93,1.83,51.81,54.64,6.46
1386274,32,Betano,2.25,2.27,1.62,44.05,61.73,5.78
1386274,32,Betano,2.5,2.57,1.5,38.91,66.67,5.58
1386274,32,Betano,3.5,4.65,1.17,21.51,85.47,6.98
1386274,32,Betano,0.5,1.12,5.6,89.29,17.86,7.14
1386274,32,Betano,4.5,8.25,1.05,12.12,95.24,7.36
1386274,32,Betano,5.5,12.0,1.02,8.33,98.04,6.37
1386274,32,Betano,1.5,3.7,1.27,27.03,78.74,5.77
1386274,32,Betano,2.5,8.25,1.05,12.12,95.24,7.36
1386274,32,Betano,0.5,1.62,2.25,61.73,44.44,6.17
1386274,32,Betano,0.75,1.9,1.88,52.63,53.19,5.82
1386274,32,Betano,1.0,2.55,1.5,39.22,66.67,5.88
1386274,32,Betano,1.25,3.15,1.35,31.75,74.07,5.82
1386274,32,Betano,1.5,2.65,1.47,37.74,68.03,5.76
1386274,32,Betano,2.5,6.0,1.12,16.67,89.29,5.95
1386274,32,Betano,0.5,1.38,3.0,72.46,33.33,5.8
1386274,34,Superbet,1.5,1.51,2.45,66.23,40.82,7.04
1386274,34,Superbet,2.5,2.6,1.46,38.46,68.49,6.95
1386274,34,Superbet,3.5,5.0,1.15,20.0,86.96,6.96
1386274,34,Superbet,0.5,1.11,6.0,90.09,16.67,6.76
1386274,34,Superbet,4.5,11.0,1.03,9.09,97.09,6.18
1386274,34,Superbet,5.5,23.0,1.0,4.35,100.0,4.35
1386274,34,Superbet,1.5,3.7,1.25,27.03,80.0,7.03
1386274,34,Superbet,2.5,10.0,1.04,10.0,96.15,6.15
1386274,34,Superbet,3.5,31.0,1.0,3.23,100.0,3.23
1386274,34,Superbet,0.5,1.58,2.3,63.29,43.48,6.77
1386274,34,Superbet,1.5,2.75,1.42,36.36,70.42,6.79
1386274,34,Superbet,2.5,6.6,1.09,15.15,91.74,6.89
1386274,34,Superbet,3.5,18.0,1.01,5.56,99.01,4.57
1386274,34,Superbet,0.5,1.38,2.87,72.46,34.84,7.31
1386274,34,Superbet,4.5,50.0,1.0,2.0,100.0,2.0
1386274,34,Superbet,2.5,1.09,6.1,91.74,16.39,8.14
1386274,34,Superbet,3.5,1.25,3.55,80.0,28.17,8.17
1386274,34,Superbet,8.5,5.0,1.14,20.0,87.72,7.72
1386274,34,Superbet,4.5,1.52,2.37,65.79,42.19,7.98
1386274,34,Superbet,7.5,3.65,1.24,27.4,80.65,8.04
1386274,34,Superbet,5.5,1.95,1.77,51.28,56.5,7.78
1386274,34,Superbet,6.5,2.6,1.44,38.46,69.44,7.91
1386274,34,Superbet,1.5,1.1,5.75,90.91,17.39,8.3
1386274,34,Superbet,2.5,1.33,3.05,75.19,32.79,7.97
1386274,34,Superbet,3.5,1.72,2.0,58.14,50.0,8.14
1386274,34,Superbet,0.5,1.01,16.0,99.01,6.25,5.26
1386274,34,Superbet,4.5,2.37,1.51,42.19,66.23,8.42
1386274,34,Superbet,5.5,3.45,1.26,28.99,79.37,8.35
1386274,34,Superbet,6.5,5.2,1.13,19.23,88.5,7.73
1386275,1,10Bet,1.5,1.38,3.0,72.46,33.33,5.8
1386275,1,10Bet,2.5,2.1,1.7,47.62,58.82,6.44
1386275,1,10Bet,3.5,3.8,1.25,26.32,80.0,6.32
1386275,1,10Bet,0.5,1.07,8.0,93.46,12.5,5.96
1386275,1,10Bet,4.5,7.5,1.08,13.33,92.59,5.93
1386275,1,10Bet,1.5,2.8,1.38,35.71,72.46,8.18
1386275,1,10Bet,0.5,1.4,2.7,71.43,37.04,8.47
1386275,7,William Hill,1.5,2.9,1.36,34.48,73.53,8.01
1386275,7,William Hill,2.5,7.5,1.08,13.33,92.59,5.93
1386275,7,William Hill,3.5,26.0,1.02,3.85,98.04,1.89
1386275,7,William Hill,0.5,1.36,2.9,73.53,34.48,8.01
1386275,7,William Hill,1.5,2.15,1.62,46.51,61.73,8.24
1386275,7,William Hill,2.5,5.0,1.15,20.0,86.96,6.96
1386275,7,William Hill,3.5,12.0,1.04,8.33,96.15,4.49
1386275,7,William Hill,0.5,1.25,3.5,80.0,28.57,8.57
1386275,8,Bet365,1.5,1.33,3.25,75.19,30.77,5.96
1386275,8,Bet365,2.5,2.05,1.75,48.78,57.14,5.92
1386275,8,Bet365,3.5,3.5,1.28,28.57,78.12,6.7
1386275,8,Bet365,0.5,1.07,9.0,93.46,11.11,4.57
1386275,8,Bet365,4.5,8.0,1.08,12.5,92.59,5.09
1386275,8,Bet365,7.5,51.0,1.0,1.96,100.0,1.96
1386275,8,Bet365,5.5,17.0,1.02,5.88,98.04,3.92
1386275,8,Bet365,6.5,34.0,1.0,2.94,100.0,2.94
1386275,8,Bet365,1.5,3.0,1.36,33.33,73.53,6.86
1386275,8,Bet365,2.5,9.0,1.07,11.11,93.46,4.57
1386275,8,Bet365,3.5,23.0,1.01,4.35,99.01,3.36
1386275,8,Bet365,0.5,1.4,2.75,71.43,36.36,7.79
1386275,8,Bet365,1.5,2.2,1.62,45.45,61.73,7.18
1386275,8,Bet365,2.5,5.0,1.17,20.0,85.47,5.47
1386275,8,Bet365,3.5,13.0,1.04,7.69,96.15,3.85
1386275,8,Bet365,0.5,1.25,3.75,80.0,26.67,6.67
1386275,8,Bet365,4.5,2.1,1.67,47.62,59.88,7.5
1386275,8,Bet365,3.5,1.83,1.83,54.64,54.64,9.29
1386275,2,Marathonbet,1.5,1.27,3.14,78.74,31.85,10.59
1386275,2,Marathonbet,1.75,1.35,2.77,74.07,36.1,10.18
1386275,2,Marathonbet,2.0,1.47,2.41,68.03,41.49,9.52
1386275,2,Marathonbet,2.25,1.72,1.97,58.14,50.76,8.9
1386275,2,Marathonbet,2.5,2.0,1.77,50.0,56.5,6.5
1386275,2,Marathonbet,2.75,2.23,1.56,44.84,64.1,8.95
1386275,2,Marathonbet,3.5,3.34,1.24,29.94,80.65,10.59
1386275,2,Marathonbet,0.5,1.01,9.0,99.01,11.11,10.12
1386275,2,Marathonbet,0.75,1.01,8.3,99.01,12.05,11.06
1386275,2,Marathonbet,1.0,1.03,7.5,97.09,13.33,10.42
1386275,2,Marathonbet,1.25,1.15,4.3,86.96,23.26,10.21
1386275,2,Marathonbet,3.0,2.73,1.37,36.63,72.99,9.62
1386275,2,Marathonbet,4.5,6.8,1.04,14.71,96.15,10.86
1386275,2,Marathonbet,3.25,3.06,1.29,32.68,77.52,10.2
1386275,2,Marathonbet,3.75,4.25,1.15,23.53,86.96,10.49
1386275,2,Marathonbet,4.0,6.0,1.06,16.67,94.34,11.01
1386275,2,Marathonbet,4.25,6.4,1.05,15.62,95.24,10.86
1386275,2,Marathonbet,1.5,2.85,1.36,35.09,73.53,8.62
1386275,2,Marathonbet,2.0,6.2,1.07,16.13,93.46,9.59
1386275,2,Marathonbet,2.5,7.5,1.03,13.33,97.09,10.42
1386275,2,Marathonbet,0.5,1.4,2.69,71.43,37.17,8.6
1386275,2,Marathonbet,1.0,1.92,1.81,52.08,55.25,7.33
1386275,2,Marathonbet,1.5,2.21,1.61,45.25,62.11,7.36
1386275,2,Marathonbet,2.0,3.75,1.22,26.67,81.97,8.63
1386275,2,Marathonbet,2.5,4.9,1.12,20.41,89.29,9.69
1386275,2,Marathonbet,0.5,1.22,3.6,81.97,27.78,9.74
1386275,2,Marathonbet,1.0,1.47,2.47,68.03,40.49,8.51
1386275,16,Unibet,1.5,1.3,3.15,76.92,31.75,8.67
1386275,16,Unibet,2.0,1.49,2.4,67.11,41.67,8.78
1386275,16,Unibet,2.25,1.74,1.95,57.47,51.28,8.75
1386275,16,Unibet,2.5,1.98,1.71,50.51,58.48,8.98
1386275,16,Unibet,2.75,2.28,1.54,43.86,64.94,8.79
1386275,16,Unibet,3.5,3.5,1.25,28.57,80.0,8.57
1386275,16,Unibet,3.0,2.85,1.36,35.09,73.53,8.62
1386275,16,Unibet,4.5,6.5,1.07,15.38,93.46,8.84
1386275,16,Unibet,3.25,3.15,1.3,31.75,76.92,8.67
1386275,16,Unibet,3.75,4.3,1.17,23.26,85.47,8.73
1386275,16,Unibet,4.0,6.0,1.09,16.67,91.74,8.41
1386275,16,Unibet,4.25,6.25,1.08,16.0,92.59,8.59
1386275,16,Unibet,1.5,2.8,1.37,35.71,72.99,8.71
1386275,16,Unibet,0.5,1.35,2.8,74.07,35.71,9.79
1386275,16,Unibet,1.0,1.84,1.84,54.35,54.35,8.7
1386275,16,Unibet,1.25,2.33,1.52,42.92,65.79,8.71
1386275,16,Unibet,1.5,2.23,1.57,44.84,63.69,8.54
1386275,16,Unibet,3.5,1.49,2.35,67.11,42.55,9.67
1386275,16,Unibet,4.5,1.96,1.7,51.02,58.82,9.84
1386275,16,Unibet,5.5,2.7,1.38,37.04,72.46,9.5
1386275,16,Unibet,3.5,1.61,2.1,62.11,47.62,9.73
1386275,16,Unibet,4.5,2.17,1.57,46.08,63.69,9.78
1386275,16,Unibet,5.5,3.05,1.29,32.79,77.52,10.31
1386275,3,Betfair,1.5,1.33,3.25,75.19,30.77,5.96
1386275,3,Betfair,2.5,2.05,1.75,48.78,57.14,5.92
1386275,3,Betfair,3.5,3.5,1.29,28.57,77.52,6.09
1386275,3,Betfair,0.5,1.05,9.0,95.24,11.11,6.35
1386275,3,Betfair,4.5,8.0,1.07,12.5,93.46,5.96
1386275,3,Betfair,5.5,15.0,1.01,6.67,99.01,5.68
1386275,3,Betfair,1.5,2.88,1.36,34.72,73.53,8.25
1386275,3,Betfair,2.5,8.0,1.05,12.5,95.24,7.74
1386275,3,Betfair,0.5,1.36,2.88,73.53,34.72,8.25
1386275,13,188Bet,2.25,1.71,2.11,58.48,47.39,5.87
1386275,13,188Bet,2.5,2.01,1.81,49.75,55.25,5.0
1386275,13,188Bet,1.0,1.99,1.83,50.25,54.64,4.9
1386275,4,Pinnacle,1.5,1.35,3.07,74.07,32.57,6.65
1386275,4,Pinnacle,1.75,1.44,2.71,69.44,36.9,6.34
1386275,4,Pinnacle,2.0,1.58,2.34,63.29,42.74,6.03
1386275,4,Pinnacle,2.25,1.85,1.93,54.05,51.81,5.87
1386275,4,Pinnacle,2.5,2.12,1.7,47.17,58.82,5.99
1386275,4,Pinnacle,2.75,2.44,1.54,40.98,64.94,5.92
1386275,4,Pinnacle,3.5,3.69,1.26,27.1,79.37,6.47
1386275,4,Pinnacle,3.0,2.56,1.49,39.06,67.11,6.18
1386275,4,Pinnacle,4.5,5.93,1.12,16.86,89.29,6.15
1386275,4,Pinnacle,1.5,3.12,1.34,32.05,74.63,6.68
1386275,4,Pinnacle,0.5,1.42,2.75,70.42,36.36,6.79
1386275,4,Pinnacle,0.75,1.6,2.27,62.5,44.05,6.55
1386275,4,Pinnacle,1.0,2.02,1.77,49.5,56.5,6.0
1386275,4,Pinnacle,1.25,2.58,1.47,38.76,68.03,6.79
1386275,4,Pinnacle,4.5,1.88,1.83,53.19,54.64,7.84
1386275,4,Pinnacle,3.5,1.74,1.98,57.47,50.51,7.98
1386275,5,SBO,2.25,1.7,2.06,58.82,48.54,7.37
1386275,5,SBO,1.0,1.91,1.85,52.36,54.05,6.41
1386275,11,1xBet,1.5,1.27,3.14,78.74,31.85,10.59
1386275,11,1xBet,1.75,1.35,2.77,74.07,36.1,10.18
1386275,11,1xBet,2.0,1.47,2.41,68.03,41.49,9.52
1386275,11,1xBet,2.25,1.72,1.97,58.14,50.76,8.9
1386275,11,1xBet,2.5,2.0,1.77,50.0,56.5,6.5
1386275,11,1xBet,2.75,2.23,1.56,44.84,64.1,8.95
1386275,11,1xBet,3.5,3.34,1.24,29.94,80.65,10.59
1386275,11,1xBet,0.5,1.01,9.0,99.01,11.11,10.12
1386275,11,1xBet,0.75,1.01,8.3,99.01,12.05,11.06
1386275,11,1xBet,1.0,1.03,7.5,97.09,13.33,10.42
1386275,11,1xBet,1.25,1.15,4.3,86.96,23.26,10.21
1386275,11,1xBet,3.0,2.73,1.37,36.63,72.99,9.62
1386275,11,1xBet,4.5,6.8,1.04,14.71,96.15,10.86
1386275,11,1xBet,3.25,3.06,1.29,32.68,77.52,10.2
1386275,11,1xBet,3.75,4.25,1.15,23.53,86.96,10.49
1386275,11,1xBet,4.0,6.0,1.06,16.67,94.34,11.01
1386275,11,1xBet,4.25,6.4,1.05,15.62,95.24,10.86
1386275,11,1xBet,7.5,50.0,1.0,2.0,100.0,2.0
1386275,11,1xBet,5.5,17.0,1.02,5.88,98.04,3.92
1386275,11,1xBet,6.5,34.0,1.0,2.94,100.0,2.94
1386275,11,1xBet,1.5,2.85,1.36,35.09,73.53,8.62
1386275,11,1xBet,1.75,3.78,1.21,26.46,82.64,9.1
1386275,11,1xBet,2.0,6.2,1.07,16.13,93.46,9.59
1386275,11,1xBet,2.25,6.8,1.04,14.71,96.15,10.86
1386275,11,1xBet,2.5,7.5,1.03,13.33,97.09,10.42
1386275,11,1xBet,3.5,26.0,1.01,3.85,99.01,2.86
1386275,11,1xBet,0.5,1.4,2.69,71.43,37.17,8.6
1386275,11,1xBet,0.75,1.57,2.26,63.69,44.25,7.94
1386275,11,1xBet,1.0,1.92,1.81,52.08,55.25,7.33
1386275,11,1xBet,1.25,2.4,1.51,41.67,66.23,7.89
1386275,11,1xBet,1.5,2.21,1.61,45.25,62.11,7.36
1386275,11,1xBet,1.75,2.7,1.41,37.04,70.92,7.96
1386275,11,1xBet,2.0,3.75,1.22,26.67,81.97,8.63
1386275,11,1xBet,2.25,4.4,1.16,22.73,86.21,8.93
1386275,11,1xBet,2.5,4.9,1.12,20.41,89.29,9.69
1386275,11,1xBet,3.5,12.0,1.04,8.33,96.15,4.49
1386275,11,1xBet,0.5,1.22,3.6,81.97,27.78,9.74
1386275,11,1xBet,0.75,1.31,3.05,76.34,32.79,9.12
1386275,11,1xBet,1.0,1.47,2.47,68.03,40.49,8.51
1386275,11,1xBet,1.25,1.84,1.87,54.35,53.48,7.82
1386275,11,1xBet,2.5,1.11,4.7,90.09,21.28,11.37
1386275,11,1xBet,3.5,1.42,2.56,70.42,39.06,9.49
1386275,11,1xBet,3.0,1.16,3.98,86.21,25.13,11.33
1386275,11,1xBet,4.5,1.95,1.74,51.28,57.47,8.75
1386275,11,1xBet,4.0,1.62,2.15,61.73,46.51,8.24
1386275,11,1xBet,5.0,2.42,1.48,41.32,67.57,8.89
1386275,11,1xBet,5.5,2.84,1.34,35.21,74.63,9.84
1386275,11,1xBet,6.5,4.7,1.11,21.28,90.09,11.37
1386275,11,1xBet,6.0,4.14,1.15,24.15,86.96,11.11
1386275,11,1xBet,7.0,7.24,1.01,13.81,99.01,12.82
1386275,11,1xBet,2.0,1.02,6.73,98.04,14.86,12.9
1386275,11,1xBet,2.5,1.25,3.3,80.0,30.3,10.3
1386275,11,1xBet,3.5,1.68,2.03,59.52,49.26,8.78
1386275,11,1xBet,3.0,1.37,2.72,72.99,36.76,9.76
1386275,11,1xBet,4.5,2.48,1.45,40.32,68.97,9.29
1386275,11,1xBet,4.0,2.07,1.67,48.31,59.88,8.19
1386275,11,1xBet,5.0,3.52,1.21,28.41,82.64,11.05
1386275,11,1xBet,5.5,4.09,1.15,24.45,86.96,11.41
1386275,11,1xBet,6.5,7.18,1.01,13.93,99.01,12.94
1386275,11,1xBet,6.0,7.03,1.02,14.22,98.04,12.26
1386275,32,Betano,1.5,1.36,3.0,73.53,33.33,6.86
1386275,32,Betano,1.75,1.45,2.72,68.97,36.76,5.73
1386275,32,Betano,2.0,1.57,2.35,63.69,42.55,6.25
1386275,32,Betano,2.25,1.83,1.95,54.64,51.28,5.93
1386275,32,Betano,2.5,2.07,1.72,48.31,58.14,6.45
1386275,32,Betano,2.75,2.37,1.57,42.19,63.69,5.89
1386275,32,Betano,3.5,3.5,1.28,28.57,78.12,6.7
1386275,32,Betano,0.5,1.08,7.0,92.59,14.29,6.88
1386275,32,Betano,3.0,2.8,1.42,35.71,70.42,6.14
1386275,32,Betano,4.5,6.3,1.1,15.87,90.91,6.78
1386275,32,Betano,3.25,2.72,1.44,36.76,69.44,6.21
1386275,32,Betano,5.5,10.0,1.03,10.0,97.09,7.09
1386275,32,Betano,6.5,12.5,1.01,8.0,99.01,7.01
1386275,32,Betano,1.5,3.05,1.36,32.79,73.53,6.32
1386275,32,Betano,2.5,6.9,1.08,14.49,92.59,7.09
1386275,32,Betano,3.5,11.75,1.02,8.51,98.04,6.55
1386275,32,Betano,0.5,1.5,2.57,66.67,38.91,5.58
1386275,32,Betano,0.75,1.67,2.15,59.88,46.51,6.39
1386275,32,Betano,1.0,2.07,1.72,48.31,58.14,6.45
1386275,32,Betano,1.25,2.6,1.47,38.46,68.03,6.49
1386275,32,Betano,1.5,2.22,1.65,45.05,60.61,5.65
1386275,32,Betano,2.5,4.65,1.18,21.51,84.75,6.25
1386275,32,Betano,0.5,1.28,3.6,78.12,27.78,5.9
1386275,34,Superbet,1.5,1.35,3.05,74.07,32.79,6.86
1386275,34,Superbet,2.5,2.1,1.68,47.62,59.52,7.14
1386275,34,Superbet,3.5,3.65,1.25,27.4,80.0,7.4
1386275,34,Superbet,0.5,1.06,8.2,94.34,12.2,6.53
1386275,34,Superbet,4.5,7.2,1.07,13.89,93.46,7.35
1386275,34,Superbet,5.5,15.0,1.02,6.67,98.04,4.71
1386275,34,Superbet,6.5,34.0,1.0,2.94,100.0,2.94
1386275,34,Superbet,1.5,3.05,1.35,32.79,74.07,6.86
1386275,34,Superbet,2.5,7.6,1.07,13.16,93.46,6.62
1386275,34,Superbet,3.5,21.0,1.01,4.76,99.01,3.77
1386275,34,Superbet,0.5,1.42,2.75,70.42,36.36,6.79
1386275,34,Superbet,4.5,50.0,1.0,2.0,100.0,2.0
1386275,34,Superbet,1.5,2.3,1.58,43.48,63.29,6.77
1386275,34,Superbet,2.5,5.1,1.14,19.61,87.72,7.33
1386275,34,Superbet,3.5,12.0,1.03,8.33,97.09,5.42
1386275,34,Superbet,0.5,1.28,3.45,78.12,28.99,7.11
1386275,34,Superbet,4.5,33.0,1.0,3.03,100.0,3.03
1386275,34,Superbet,1.5,1.05,8.1,95.24,12.35,7.58
1386275,34,Superbet,2.5,1.18,4.3,84.75,23.26,8.0
1386275,34,Superbet,3.5,1.43,2.62,69.93,38.17,8.1
1386275,34,Superbet,4.5,1.83,1.87,54.64,53.48,8.12
1386275,34,Superbet,7.5,5.1,1.13,19.61,88.5,8.1
1386275,34,Superbet,5.5,2.52,1.46,39.68,68.49,8.18
1386275,34,Superbet,6.5,3.65,1.24,27.4,80.65,8.04
1386275,34,Superbet,1.5,1.1,5.8,90.91,17.24,8.15
1386275,34,Superbet,2.5,1.34,3.0,74.63,33.33,7.96
1386275,34,Superbet,3.5,1.74,1.97,57.47,50.76,8.23
1386275,34,Superbet,0.5,1.01,15.0,99.01,6.67,5.68
1386275,34,Superbet,4.5,2.42,1.5,41.32,66.67,7.99
1386275,34,Superbet,5.5,3.55,1.25,28.17,80.0,8.17
1386275,34,Superbet,6.5,5.3,1.12,18.87,89.29,8.15
1386276,1,10Bet,1.5,1.3,3.45,76.92,28.99,5.91
1386276,1,10Bet,2.5,1.85,1.9,54.05,52.63,6.69
1386276,1,10Bet,3.5,3.25,1.33,30.77,75.19,5.96
1386276,1,10Bet,0.5,1.05,9.0,95.24,11.11,6.35
1386276,1,10Bet,4.5,6.25,1.11,16.0,90.09,6.09
1386276,1,10Bet,1.5,2.55,1.45,39.22,68.97,8.18
1386276,1,10Bet,0.5,1.35,2.95,74.07,33.9,7.97
1386276,7,William Hill,1.5,2.62,1.44,38.17,69.44,7.61
1386276,7,William Hill,2.5,6.5,1.1,15.38,90.91,6.29
1386276,7,William Hill,3.5,19.0,1.02,5.26,98.04,3.3
1386276,7,William Hill,0.5,1.33,3.1,75.19,32.26,7.45
1386276,7,William Hill,1.5,2.05,1.7,48.78,58.82,7.6
1386276,7,William Hill,2.5,4.5,1.18,22.22,84.75,6.97
1386276,7,William Hill,3.5,11.0,1.05,9.09,95.24,4.33
1386276,7,William Hill,0.5,1.25,3.8,80.0,26.32,6.32
1386276,8,Bet365,1.5,1.25,3.75,80.0,26.67,6.67
1386276,8,Bet365,2.5,1.85,1.95,54.05,51.28,5.34
1386276,8,Bet365,3.5,3.0,1.36,33.33,73.53,6.86
1386276,8,Bet365,0.5,1.05,11.0,95.24,9.09,4.33
1386276,8,Bet365,4.5,6.0,1.12,16.67,89.29,5.95
1386276,8,Bet365,7.5,51.0,1.0,1.96,100.0,1.96
1386276,8,Bet365,5.5,13.0,1.04,7.69,96.15,3.85
1386276,8,Bet365,6.5,26.0,1.01,3.85,99.01,2.86
1386276,8,Bet365,1.5,2.62,1.44,38.17,69.44,7.61
1386276,8,Bet365,2.5,7.0,1.1,14.29,90.91,5.19
1386276,8,Bet365,3.5,19.0,1.02,5.26,98.04,3.3
1386276,8,Bet365,0.5,1.36,3.0,73.53,33.33,6.86
1386276,8,Bet365,1.5,2.0,1.73,50.0,57.8,7.8
1386276,8,Bet365,2.5,4.33,1.2,23.09,83.33,6.43
1386276,8,Bet365,3.5,11.0,1.05,9.09,95.24,4.33
1386276,8,Bet365,0.5,1.22,4.0,81.97,25.0,6.97
1386276,8,Bet365,4.5,26.0,1.01,3.85,99.01,2.86
1386276,8,Bet365,5.5,1.73,2.0,57.8,50.0,7.8
1386276,8,Bet365,3.5,1.91,1.8,52.36,55.56,7.91
1386276,2,Marathonbet,1.5,1.23,3.42,81.3,29.24,10.54
1386276,2,Marathonbet,1.75,1.28,3.1,78.12,32.26,10.38
1386276,2,Marathonbet,2.0,1.38,2.69,72.46,37.17,9.64
1386276,2,Marathonbet,2.25,1.6,2.15,62.5,46.51,9.01
1386276,2,Marathonbet,2.5,1.85,1.9,54.05,52.63,6.69
1386276,2,Marathonbet,2.75,2.02,1.68,49.5,59.52,9.03
1386276,2,Marathonbet,3.5,2.97,1.3,33.67,76.92,10.59
1386276,2,Marathonbet,0.5,1.0,9.5,100.0,10.53,10.53
1386276,2,Marathonbet,0.75,1.01,8.8,99.01,11.36,10.37
1386276,2,Marathonbet,1.0,1.02,8.2,98.04,12.2,10.23
1386276,2,Marathonbet,1.25,1.12,4.7,89.29,21.28,10.56
1386276,2,Marathonbet,3.0,2.38,1.48,42.02,67.57,9.58
1386276,2,Marathonbet,4.5,5.6,1.08,17.86,92.59,10.45
1386276,2,Marathonbet,3.25,2.69,1.37,37.17,72.99,10.17
1386276,2,Marathonbet,3.75,3.58,1.21,27.93,82.64,10.58
1386276,2,Marathonbet,4.0,4.9,1.11,20.41,90.09,10.5
1386276,2,Marathonbet,4.25,5.25,1.09,19.05,91.74,10.79
1386276,2,Marathonbet,1.5,2.66,1.41,37.59,70.92,8.52
1386276,2,Marathonbet,2.0,5.25,1.1,19.05,90.91,9.96
1386276,2,Marathonbet,2.5,6.35,1.06,15.75,94.34,10.09
1386276,2,Marathonbet,0.5,1.36,2.85,73.53,35.09,8.62
1386276,2,Marathonbet,1.0,1.79,1.94,55.87,51.55,7.41
1386276,2,Marathonbet,1.5,2.06,1.7,48.54,58.82,7.37
1386276,2,Marathonbet,2.0,3.28,1.28,30.49,78.12,8.61
1386276,2,Marathonbet,2.5,4.25,1.16,23.53,86.21,9.74
1386276,2,Marathonbet,0.5,1.19,3.88,84.03,25.77,9.81
1386276,2,Marathonbet,1.0,1.39,2.73,71.94,36.63,8.57
1386276,16,Unibet,1.5,1.25,3.45,80.0,28.99,8.99
1386276,16,Unibet,2.0,1.4,2.7,71.43,37.04,8.47
1386276,16,Unibet,2.25,1.63,2.12,61.35,47.17,8.52
1386276,16,Unibet,2.5,1.85,1.83,54.05,54.64,8.7
1386276,16,Unibet,2.75,2.08,1.64,48.08,60.98,9.05
1386276,16,Unibet,3.5,3.15,1.3,31.75,76.92,8.67
1386276,16,Unibet,3.0,2.55,1.44,39.22,69.44,8.66
1386276,16,Unibet,4.5,5.8,1.09,17.24,91.74,8.98
1386276,16,Unibet,3.25,2.85,1.36,35.09,73.53,8.62
1386276,16,Unibet,3.75,3.85,1.21,25.97,82.64,8.62
1386276,16,Unibet,4.0,5.2,1.12,19.23,89.29,8.52
1386276,16,Unibet,4.25,5.5,1.1,18.18,90.91,9.09
1386276,16,Unibet,1.5,2.65,1.38,37.74,72.46,10.2
1386276,16,Unibet,1.0,1.75,1.94,57.14,51.55,8.69
1386276,16,Unibet,1.25,2.23,1.57,44.84,63.69,8.54
1386276,16,Unibet,1.5,2.06,1.66,48.54,60.24,8.78
1386276,16,Unibet,7.5,2.75,1.36,36.36,73.53,9.89
1386276,16,Unibet,5.5,1.66,2.02,60.24,49.5,9.75
1386276,16,Unibet,6.5,2.1,1.61,47.62,62.11,9.73
1386276,16,Unibet,2.5,1.35,2.8,74.07,35.71,9.79
1386276,16,Unibet,3.5,1.78,1.87,56.18,53.48,9.66
1386276,16,Unibet,4.5,2.5,1.44,40.0,69.44,9.44
1386276,3,Betfair,1.5,1.29,3.5,77.52,28.57,6.09
1386276,3,Betfair,2.5,1.9,1.9,52.63,52.63,5.26
1386276,3,Betfair,3.5,3.25,1.33,30.77,75.19,5.96
1386276,3,Betfair,0.5,1.04,11.0,96.15,9.09,5.24
1386276,3,Betfair,4.5,6.5,1.1,15.38,90.91,6.29
1386276,3,Betfair,5.5,13.0,1.02,7.69,98.04,5.73
1386276,3,Betfair,1.5,2.75,1.4,36.36,71.43,7.79
1386276,3,Betfair,2.5,7.0,1.07,14.29,93.46,7.74
1386276,3,Betfair,0.5,1.33,3.0,75.19,33.33,8.52
1386276,13,188Bet,2.5,1.86,1.96,53.76,51.02,4.78
1386276,13,188Bet,1.0,1.81,2.01,55.25,49.75,5.0
1386276,4,Pinnacle,1.5,1.25,3.82,80.0,26.18,6.18
1386276,4,Pinnacle,2.0,1.38,3.01,72.46,33.22,5.69
1386276,4,Pinnacle,2.25,1.59,2.33,62.89,42.92,5.81
1386276,4,Pinnacle,2.5,1.8,2.0,55.56,50.0,5.56
1386276,4,Pinnacle,2.75,2.0,1.79,50.0,55.87,5.87
1386276,4,Pinnacle,3.5,2.93,1.38,34.13,72.46,6.59
1386276,4,Pinnacle,3.0,2.34,1.58,42.74,63.29,6.03
1386276,4,Pinnacle,4.5,5.5,1.14,18.18,87.72,5.9
1386276,4,Pinnacle,1.5,2.66,1.44,37.59,69.44,7.04
1386276,4,Pinnacle,0.5,1.33,3.19,75.19,31.35,6.54
1386276,4,Pinnacle,0.75,1.45,2.63,68.97,38.02,6.99
1386276,4,Pinnacle,1.0,1.72,2.07,58.14,48.31,6.45
1386276,4,Pinnacle,1.25,2.2,1.64,45.45,60.98,6.43
1386276,4,Pinnacle,5.5,1.74,1.97,57.47,50.76,8.23
1386276,4,Pinnacle,3.5,1.71,2.01,58.48,49.75,8.23
1386276,5,SBO,2.5,1.83,1.93,54.64,51.81,6.46
1386276,5,SBO,1.0,1.78,1.98,56.18,50.51,6.68
1386276,11,1xBet,1.5,1.23,3.42,81.3,29.24,10.54
1386276,11,1xBet,1.75,1.28,3.1,78.12,32.26,10.38
1386276,11,1xBet,2.0,1.38,2.69,72.46,37.17,9.64
1386276,11,1xBet,2.25,1.6,2.15,62.5,46.51,9.01
1386276,11,1xBet,2.5,1.85,1.9,54.05,52.63,6.69
1386276,11,1xBet,2.75,2.02,1.68,49.5,59.52,9.03
1386276,11,1xBet,3.5,2.97,1.3,33.67,76.92,10.59
1386276,11,1xBet,0.5,1.01,9.95,99.01,10.05,9.06
1386276,11,1xBet,0.75,1.01,8.8,99.01,11.36,10.37
1386276,11,1xBet,1.0,1.02,8.2,98.04,12.2,10.23
1386276,11,1xBet,1.25,1.12,4.7,89.29,21.28,10.56
1386276,11,1xBet,3.0,2.38,1.48,42.02,67.57,9.58
1386276,11,1xBet,4.5,5.6,1.08,17.86,92.59,10.45
1386276,11,1xBet,3.25,2.69,1.37,37.17,72.99,10.17
1386276,11,1xBet,3.75,3.58,1.21,27.93,82.64,10.58
1386276,11,1xBet,4.0,4.9,1.11,20.41,90.09,10.5
1386276,11,1xBet,4.25,5.25,1.09,19.05,91.74,10.79
1386276,11,1xBet,7.5,50.0,1.0,2.0,100.0,2.0
1386276,11,1xBet,5.5,12.0,1.04,8.33,96.15,4.49
1386276,11,1xBet,6.5,26.0,1.01,3.85,99.01,2.86
1386276,11,1xBet,1.5,2.66,1.41,37.59,70.92,8.52
1386276,11,1xBet,1.75,3.35,1.26,29.85,79.37,9.22
1386276,11,1xBet,2.0,5.25,1.1,19.05,90.91,9.96
1386276,11,1xBet,2.25,5.8,1.07,17.24,93.46,10.7
1386276,11,1xBet,2.5,6.35,1.06,15.75,94.34,10.09
1386276,11,1xBet,3.5,19.0,1.02,5.26,98.04,3.3
1386276,11,1xBet,0.5,1.36,2.85,73.53,35.09,8.62
1386276,11,1xBet,0.75,1.5,2.42,66.67,41.32,7.99
1386276,11,1xBet,1.0,1.79,1.94,55.87,51.55,7.41
1386276,11,1xBet,1.25,2.22,1.59,45.05,62.89,7.94
1386276,11,1xBet,1.5,2.06,1.7,48.54,58.82,7.37
1386276,11,1xBet,1.75,2.45,1.49,40.82,67.11,7.93
1386276,11,1xBet,2.0,3.28,1.28,30.49,78.12,8.61
1386276,11,1xBet,2.25,3.78,1.21,26.46,82.64,9.1
1386276,11,1xBet,2.5,4.25,1.16,23.53,86.21,9.74
1386276,11,1xBet,3.5,11.0,1.05,9.09,95.24,4.33
1386276,11,1xBet,0.5,1.19,3.88,84.03,25.77,9.81
1386276,11,1xBet,0.75,1.27,3.28,78.74,30.49,9.23
1386276,11,1xBet,1.0,1.39,2.73,71.94,36.63,8.57
1386276,11,1xBet,1.25,1.73,2.0,57.8,50.0,7.8
1386276,11,1xBet,3.5,1.07,5.37,93.46,18.62,12.08
1386276,11,1xBet,8.5,5.15,1.08,19.42,92.59,12.01
1386276,11,1xBet,4.5,1.3,3.0,76.92,33.33,10.26
1386276,11,1xBet,4.0,1.11,4.7,90.09,21.28,11.37
1386276,11,1xBet,5.0,1.41,2.59,70.92,38.61,9.53
1386276,11,1xBet,7.5,3.22,1.26,31.06,79.37,10.42
1386276,11,1xBet,5.5,1.68,2.06,59.52,48.54,8.07
1386276,11,1xBet,6.5,2.24,1.56,44.64,64.1,8.75
1386276,11,1xBet,6.0,1.94,1.75,51.55,57.14,8.69
1386276,11,1xBet,7.0,2.83,1.34,35.34,74.63,9.96
1386276,11,1xBet,8.0,4.65,1.11,21.51,90.09,11.6
1386276,11,1xBet,1.5,1.01,7.14,99.01,14.01,13.02
1386276,11,1xBet,2.0,1.04,6.23,96.15,16.05,12.21
1386276,11,1xBet,2.5,1.27,3.14,78.74,31.85,10.59
1386276,11,1xBet,3.5,1.74,1.95,57.47,51.28,8.75
1386276,11,1xBet,3.0,1.42,2.58,70.42,38.76,9.18
1386276,11,1xBet,4.5,2.59,1.41,38.61,70.92,9.53
1386276,11,1xBet,4.0,2.16,1.61,46.3,62.11,8.41
1386276,11,1xBet,5.0,3.78,1.18,26.46,84.75,11.2
1386276,11,1xBet,5.5,4.37,1.13,22.88,88.5,11.38
1386276,11,1xBet,6.5,7.0,1.02,14.29,98.04,12.32
1386276,11,1xBet,6.0,7.22,1.01,13.85,99.01,12.86
1386276,32,Betano,1.5,1.26,3.6,79.37,27.78,7.14
1386276,32,Betano,2.0,1.44,2.77,69.44,36.1,5.55
1386276,32,Betano,2.25,1.6,2.3,62.5,43.48,5.98
1386276,32,Betano,2.5,1.8,1.98,55.56,50.51,6.06
1386276,32,Betano,2.75,2.0,1.78,50.0,56.18,6.18
1386276,32,Betano,3.5,2.87,1.38,34.84,72.46,7.31
1386276,32,Betano,0.5,1.05,8.25,95.24,12.12,7.36
1386276,32,Betano,3.0,2.35,1.57,42.55,63.69,6.25
1386276,32,Betano,4.5,5.0,1.15,20.0,86.96,6.96
1386276,32,Betano,3.25,2.65,1.47,37.74,68.03,5.76
1386276,32,Betano,5.5,8.25,1.05,12.12,95.24,7.36
1386276,32,Betano,6.5,11.75,1.02,8.51,98.04,6.55
1386276,32,Betano,1.5,2.72,1.44,36.76,69.44,6.21
1386276,32,Betano,2.5,6.0,1.11,16.67,90.09,6.76
1386276,32,Betano,3.5,10.75,1.03,9.3,97.09,6.39
1386276,32,Betano,0.5,1.4,2.9,71.43,34.48,5.91
1386276,32,Betano,0.75,1.55,2.42,64.52,41.32,5.84
1386276,32,Betano,1.0,1.83,1.95,54.64,51.28,5.93
1386276,32,Betano,1.25,2.3,1.6,43.48,62.5,5.98
1386276,32,Betano,1.5,1.95,1.82,51.28,54.95,6.23
1386276,32,Betano,2.5,3.85,1.25,25.97,80.0,5.97
1386276,32,Betano,0.5,1.22,4.2,81.97,23.81,5.78
1386276,34,Superbet,1.5,1.24,3.75,80.65,26.67,7.31
1386276,34,Superbet,2.5,1.78,1.97,56.18,50.76,6.94
1386276,34,Superbet,3.5,2.9,1.38,34.48,72.46,6.95
1386276,34,Superbet,0.5,1.04,9.8,96.15,10.2,6.36
1386276,34,Superbet,4.5,5.35,1.13,18.69,88.5,7.19
1386276,34,Superbet,5.5,10.0,1.04,10.0,96.15,6.15
1386276,34,Superbet,6.5,22.0,1.01,4.55,99.01,3.56
1386276,34,Superbet,1.5,2.6,1.46,38.46,68.49,6.95
1386276,34,Superbet,2.5,6.1,1.1,16.39,90.91,7.3
1386276,34,Superbet,3.5,16.0,1.01,6.25,99.01,5.26
1386276,34,Superbet,0.5,1.35,3.05,74.07,32.79,6.86
1386276,34,Superbet,4.5,45.0,1.0,2.22,100.0,2.22
1386276,34,Superbet,1.5,2.0,1.75,50.0,57.14,7.14
1386276,34,Superbet,2.5,4.15,1.21,24.1,82.64,6.74
1386276,34,Superbet,3.5,9.2,1.04,10.87,96.15,7.02
1386276,34,Superbet,0.5,1.21,4.1,82.64,24.39,7.03
1386276,34,Superbet,4.5,23.0,1.0,4.35,100.0,4.35
1386276,34,Superbet,2.5,1.07,7.0,93.46,14.29,7.74
1386276,34,Superbet,3.5,1.2,4.1,83.33,24.39,7.72
1386276,34,Superbet,8.5,4.4,1.17,22.73,85.47,8.2
1386276,34,Superbet,4.5,1.42,2.67,70.42,37.45,7.88
1386276,34,Superbet,7.5,3.15,1.31,31.75,76.34,8.08
1386276,34,Superbet,5.5,1.77,1.95,56.5,51.28,7.78
1386276,34,Superbet,6.5,2.32,1.54,43.1,64.94,8.04
1386276,34,Superbet,1.5,1.09,6.1,91.74,16.39,8.14
1386276,34,Superbet,2.5,1.3,3.2,76.92,31.25,8.17
1386276,34,Superbet,3.5,1.67,2.07,59.88,48.31,8.19
1386276,34,Superbet,4.5,2.3,1.56,43.48,64.1,7.58
1386276,34,Superbet,5.5,3.3,1.29,30.3,77.52,7.82
1386276,34,Superbet,6.5,4.9,1.14,20.41,87.72,8.13
1386277,1,10Bet,1.5,1.28,3.6,78.12,27.78,5.9
1386277,1,10Bet,2.5,1.83,1.95,54.64,51.28,5.93
1386277,1,10Bet,3.5,3.0,1.38,33.33,72.46,5.8
1386277,1,10Bet,0.5,1.05,9.0,95.24,11.11,6.35
1386277,1,10Bet,4.5,5.75,1.12,17.39,89.29,6.68
1386277,1,10Bet,1.5,2.55,1.45,39.22,68.97,8.18
1386277,1,10Bet,0.5,1.36,2.9,73.53,34.48,8.01
1386277,7,William Hill,1.5,2.5,1.44,40.0,69.44,9.44
1386277,7,William Hill,2.5,6.5,1.1,15.38,90.91,6.29
1386277,7,William Hill,3.5,19.0,1.02,5.26,98.04,3.3
1386277,7,William Hill,0.5,1.3,3.2,76.92,31.25,8.17
1386277,7,William Hill,1.5,2.0,1.75,50.0,57.14,7.14
1386277,7,William Hill,2.5,4.2,1.2,23.81,83.33,7.14
1386277,7,William Hill,3.5,10.0,1.05,10.0,95.24,5.24
1386277,7,William Hill,0.5,1.22,4.0,81.97,25.0,6.97
1386277,8,Bet365,1.5,1.25,3.75,80.0,26.67,6.67
1386277,8,Bet365,2.5,1.85,1.95,54.05,51.28,5.34
1386277,8,Bet365,3.5,3.0,1.36,33.33,73.53,6.86
1386277,8,Bet365,0.5,1.05,11.0,95.24,9.09,4.33
1386277,8,Bet365,4.5,6.0,1.12,16.67,89.29,5.95
1386277,8,Bet365,7.5,51.0,1.0,1.96,100.0,1.96
1386277,8,Bet365,5.5,13.0,1.04,7.69,96.15,3.85
1386277,8,Bet365,6.5,26.0,1.01,3.85,99.01,2.86
1386277,8,Bet365,1.5,2.62,1.44,38.17,69.44,7.61
1386277,8,Bet365,2.5,7.0,1.1,14.29,90.91,5.19
1386277,8,Bet365,3.5,19.0,1.02,5.26,98.04,3.3
1386277,8,Bet365,0.5,1.36,3.0,73.53,33.33,6.86
1386277,8,Bet365,1.5,2.0,1.73,50.0,57.8,7.8
1386277,8,Bet365,2.5,4.0,1.22,25.0,81.97,6.97
1386277,8,Bet365,3.5,11.0,1.05,9.09,95.24,4.33
1386277,8,Bet365,0.5,1.2,4.33,83.33,23.09,6.43
1386277,8,Bet365,4.5,26.0,1.01,3.85,99.01,2.86
1386277,8,Bet365,4.5,1.83,1.83,54.64,54.64,9.29
1386277,8,Bet365,4.5,1.73,2.0,57.8,50.0,7.8
1386277,2,Marathonbet,1.5,1.22,3.5,81.97,28.57,10.54
1386277,2,Marathonbet,1.75,1.28,3.12,78.12,32.05,10.18
1386277,2,Marathonbet,2.0,1.36,2.77,73.53,36.1,9.63
1386277,2,Marathonbet,2.25,1.57,2.21,63.69,45.25,8.94
1386277,2,Marathonbet,2.5,1.82,1.94,54.95,51.55,6.49
1386277,2,Marathonbet,2.75,1.98,1.71,50.51,58.48,8.98
1386277,2,Marathonbet,3.5,2.88,1.32,34.72,75.76,10.48
1386277,2,Marathonbet,0.5,1.0,9.3,100.0,10.75,10.75
1386277,2,Marathonbet,0.75,1.0,9.2,100.0,10.87,10.87
1386277,2,Marathonbet,1.0,1.01,8.6,99.01,11.63,10.64
1386277,2,Marathonbet,1.25,1.11,4.85,90.09,20.62,10.71
1386277,2,Marathonbet,3.0,2.33,1.5,42.92,66.67,9.59
1386277,2,Marathonbet,4.5,5.45,1.08,18.35,92.59,10.94
1386277,2,Marathonbet,3.25,2.62,1.39,38.17,71.94,10.11
1386277,2,Marathonbet,3.75,3.5,1.22,28.57,81.97,10.54
1386277,2,Marathonbet,4.0,4.75,1.12,21.05,89.29,10.34
1386277,2,Marathonbet,4.25,5.1,1.1,19.61,90.91,10.52
1386277,2,Marathonbet,4.75,7.0,1.04,14.29,96.15,10.44
1386277,2,Marathonbet,5.0,9.3,1.0,10.75,100.0,10.75
1386277,2,Marathonbet,1.5,2.59,1.43,38.61,69.93,8.54
1386277,2,Marathonbet,2.0,5.15,1.11,19.42,90.09,9.51
1386277,2,Marathonbet,2.5,6.2,1.06,16.13,94.34,10.47
1386277,2,Marathonbet,0.5,1.34,2.95,74.63,33.9,8.53
1386277,2,Marathonbet,1.0,1.76,1.98,56.82,50.51,7.32
1386277,2,Marathonbet,1.5,2.03,1.72,49.26,58.14,7.4
1386277,2,Marathonbet,2.0,3.28,1.28,30.49,78.12,8.61
1386277,2,Marathonbet,2.5,4.2,1.16,23.81,86.21,10.02
1386277,2,Marathonbet,0.5,1.18,3.94,84.75,25.38,10.13
1386277,2,Marathonbet,1.0,1.38,2.77,72.46,36.1,8.56
1386277,16,Unibet,1.5,1.24,3.6,80.65,27.78,8.42
1386277,16,Unibet,2.0,1.37,2.8,72.99,35.71,8.71
1386277,16,Unibet,2.25,1.58,2.18,63.29,45.87,9.16
1386277,16,Unibet,2.5,1.79,1.89,55.87,52.91,8.78
1386277,16,Unibet,2.75,2.02,1.68,49.5,59.52,9.03
1386277,16,Unibet,3.5,3.0,1.33,33.33,75.19,8.52
1386277,16,Unibet,3.0,2.4,1.49,41.67,67.11,8.78
1386277,16,Unibet,4.5,5.75,1.1,17.39,90.91,8.3
1386277,16,Unibet,3.25,2.7,1.38,37.04,72.46,9.5
1386277,16,Unibet,3.75,3.7,1.23,27.03,81.3,8.33
1386277,16,Unibet,4.0,5.0,1.13,20.0,88.5,8.5
1386277,16,Unibet,4.25,5.4,1.11,18.52,90.09,8.61
1386277,16,Unibet,1.5,2.55,1.44,39.22,69.44,8.66
1386277,16,Unibet,1.0,1.68,2.04,59.52,49.02,8.54
1386277,16,Unibet,1.25,2.12,1.62,47.17,61.73,8.9
1386277,16,Unibet,1.5,2.05,1.67,48.78,59.88,8.66
1386277,16,Unibet,3.5,1.48,2.38,67.57,42.02,9.58
1386277,16,Unibet,4.5,1.94,1.71,51.55,58.48,10.03
1386277,16,Unibet,5.5,2.7,1.38,37.04,72.46,9.5
1386277,16,Unibet,4.5,1.6,2.1,62.5,47.62,10.12
1386277,16,Unibet,5.5,2.08,1.62,48.08,61.73,9.81
1386277,16,Unibet,6.5,2.8,1.35,35.71,74.07,9.79
1386277,3,Betfair,1.5,1.25,3.8,80.0,26.32,6.32
1386277,3,Betfair,2.5,1.87,1.9,53.48,52.63,6.11
1386277,3,Betfair,3.5,3.1,1.36,32.26,73.53,5.79
1386277,3,Betfair,0.5,1.04,11.0,96.15,9.09,5.24
1386277,3,Betfair,4.5,6.5,1.1,15.38,90.91,6.29
1386277,3,Betfair,5.5,12.0,1.03,8.33,97.09,5.42
1386277,3,Betfair,1.5,2.75,1.4,36.36,71.43,7.79
1386277,3,Betfair,2.5,7.0,1.07,14.29,93.46,7.74
1386277,3,Betfair,0.5,1.3,3.2,76.92,31.25,8.17
1386277,13,188Bet,2.5,1.86,1.96,53.76,51.02,4.78
1386277,13,188Bet,1.0,1.78,2.04,56.18,49.02,5.2
1386277,4,Pinnacle,1.5,1.24,3.87,80.65,25.84,6.48
1386277,4,Pinnacle,2.0,1.37,3.03,72.99,33.0,6.0
1386277,4,Pinnacle,2.25,1.59,2.33,62.89,42.92,5.81
1386277,4,Pinnacle,2.5,1.8,1.99,55.56,50.25,5.81
1386277,4,Pinnacle,2.75,2.01,1.78,49.75,56.18,5.93
1386277,4,Pinnacle,3.5,2.95,1.38,33.9,72.46,6.36
1386277,4,Pinnacle,3.0,2.36,1.57,42.37,63.69,6.07
1386277,4,Pinnacle,4.5,5.38,1.14,18.59,87.72,6.31
1386277,4,Pinnacle,1.5,2.65,1.45,37.74,68.97,6.7
1386277,4,Pinnacle,0.5,1.33,3.19,75.19,31.35,6.54
1386277,4,Pinnacle,0.75,1.45,2.64,68.97,37.88,6.84
1386277,4,Pinnacle,1.0,1.71,2.07,58.48,48.31,6.79
1386277,4,Pinnacle,1.25,2.19,1.64,45.66,60.98,6.64
1386277,4,Pinnacle,4.5,1.83,1.88,54.64,53.19,7.84
1386277,4,Pinnacle,5.5,2.07,1.67,48.31,59.88,8.19
1386277,5,SBO,2.5,1.78,1.98,56.18,50.51,6.68
1386277,5,SBO,1.0,1.75,2.01,57.14,49.75,6.89
1386277,11,1xBet,1.5,1.22,3.5,81.97,28.57,10.54
1386277,11,1xBet,1.75,1.28,3.12,78.12,32.05,10.18
1386277,11,1xBet,2.0,1.36,2.77,73.53,36.1,9.63
1386277,11,1xBet,2.25,1.57,2.21,63.69,45.25,8.94
1386277,11,1xBet,2.5,1.82,1.94,54.95,51.55,6.49
1386277,11,1xBet,2.75,1.98,1.71,50.51,58.48,8.98
1386277,11,1xBet,3.5,2.88,1.32,34.72,75.76,10.48
1386277,11,1xBet,0.5,1.01,10.5,99.01,9.52,8.53
1386277,11,1xBet,0.75,1.0,9.2,100.0,10.87,10.87
1386277,11,1xBet,1.0,1.01,8.6,99.01,11.63,10.64
1386277,11,1xBet,1.25,1.11,4.85,90.09,20.62,10.71
1386277,11,1xBet,3.0,2.33,1.5,42.92,66.67,9.59
1386277,11,1xBet,4.5,5.45,1.08,18.35,92.59,10.94
1386277,11,1xBet,3.25,2.62,1.39,38.17,71.94,10.11
1386277,11,1xBet,3.75,3.5,1.22,28.57,81.97,10.54
1386277,11,1xBet,4.0,4.75,1.12,21.05,89.29,10.34
1386277,11,1xBet,4.25,5.1,1.1,19.61,90.91,10.52
1386277,11,1xBet,4.75,7.0,1.04,14.29,96.15,10.44
1386277,11,1xBet,7.5,50.0,1.0,2.0,100.0,2.0
1386277,11,1xBet,5.5,12.0,1.04,8.33,96.15,4.49
1386277,11,1xBet,6.5,26.0,1.01,3.85,99.01,2.86
1386277,11,1xBet,1.5,2.59,1.43,38.61,69.93,8.54
1386277,11,1xBet,1.75,3.28,1.27,30.49,78.74,9.23
1386277,11,1xBet,2.0,5.15,1.11,19.42,90.09,9.51
1386277,11,1xBet,2.25,5.65,1.08,17.7,92.59,10.29
1386277,11,1xBet,2.5,6.2,1.06,16.13,94.34,10.47
1386277,11,1xBet,3.5,13.0,1.01,7.69,99.01,6.7
1386277,11,1xBet,0.5,1.34,2.95,74.63,33.9,8.53
1386277,11,1xBet,0.75,1.48,2.48,67.57,40.32,7.89
1386277,11,1xBet,1.0,1.76,1.98,56.82,50.51,7.32
1386277,11,1xBet,1.25,2.18,1.61,45.87,62.11,7.98
1386277,11,1xBet,1.5,2.03,1.72,49.26,58.14,7.4
1386277,11,1xBet,1.75,2.42,1.5,41.32,66.67,7.99
1386277,11,1xBet,2.0,3.28,1.28,30.49,78.12,8.61
1386277,11,1xBet,2.25,3.68,1.22,27.17,81.97,9.14
1386277,11,1xBet,2.5,4.2,1.16,23.81,86.21,10.02
1386277,11,1xBet,3.5,10.0,1.05,10.0,95.24,5.24
1386277,11,1xBet,0.5,1.18,3.94,84.75,25.38,10.13
1386277,11,1xBet,0.75,1.26,3.35,79.37,29.85,9.22
1386277,11,1xBet,1.0,1.38,2.77,72.46,36.1,8.56
1386277,11,1xBet,1.25,1.71,2.02,58.48,49.5,7.98
1386277,11,1xBet,2.5,1.06,5.57,94.34,17.95,12.29
1386277,11,1xBet,3.5,1.33,2.89,75.19,34.6,9.79
1386277,11,1xBet,3.0,1.1,4.78,90.91,20.92,11.83
1386277,11,1xBet,4.5,1.76,1.93,56.82,51.81,8.63
1386277,11,1xBet,4.0,1.47,2.43,68.03,41.15,9.18
1386277,11,1xBet,5.0,2.13,1.63,46.95,61.35,8.3
1386277,11,1xBet,7.5,6.96,1.02,14.37,98.04,12.41
1386277,11,1xBet,5.5,2.5,1.44,40.0,69.44,9.44
1386277,11,1xBet,6.5,3.92,1.17,25.51,85.47,10.98
1386277,11,1xBet,6.0,3.43,1.23,29.15,81.3,10.46
1386277,11,1xBet,7.0,6.32,1.03,15.82,97.09,12.91
1386277,11,1xBet,2.5,1.02,6.86,98.04,14.58,12.62
1386277,11,1xBet,3.5,1.24,3.36,80.65,29.76,10.41
1386277,11,1xBet,3.0,1.05,5.99,95.24,16.69,11.93
1386277,11,1xBet,4.5,1.62,2.14,61.73,46.73,8.46
1386277,11,1xBet,4.0,1.34,2.85,74.63,35.09,9.71
1386277,11,1xBet,5.0,1.87,1.81,53.48,55.25,8.72
1386277,11,1xBet,7.5,5.44,1.07,18.38,93.46,11.84
1386277,11,1xBet,5.5,2.2,1.58,45.45,63.29,8.75
1386277,11,1xBet,6.5,3.26,1.25,30.67,80.0,10.67
1386277,11,1xBet,6.0,2.84,1.34,35.21,74.63,9.84
1386277,11,1xBet,7.0,4.88,1.1,20.49,90.91,11.4
1386277,32,Betano,1.5,1.27,3.5,78.74,28.57,7.31
1386277,32,Betano,2.25,1.62,2.25,61.73,44.44,6.17
1386277,32,Betano,2.5,1.83,1.95,54.64,51.28,5.93
1386277,32,Betano,2.75,2.05,1.75,48.78,57.14,5.92
1386277,32,Betano,3.5,2.92,1.37,34.25,72.99,7.24
1386277,32,Betano,0.5,1.06,8.0,94.34,12.5,6.84
1386277,32,Betano,3.0,2.4,1.55,41.67,64.52,6.18
1386277,32,Betano,4.5,5.1,1.14,19.61,87.72,7.33
1386277,32,Betano,3.25,2.7,1.45,37.04,68.97,6.0
1386277,32,Betano,5.5,8.5,1.05,11.76,95.24,7.0
1386277,32,Betano,6.5,11.75,1.02,8.51,98.04,6.55
1386277,32,Betano,1.5,2.72,1.44,36.76,69.44,6.21
1386277,32,Betano,2.5,6.0,1.11,16.67,90.09,6.76
1386277,32,Betano,3.5,10.75,1.03,9.3,97.09,6.39
1386277,32,Betano,0.5,1.42,2.85,70.42,35.09,5.51
1386277,32,Betano,0.75,1.55,2.4,64.52,41.67,6.18
1386277,32,Betano,1.0,1.85,1.93,54.05,51.81,5.87
1386277,32,Betano,1.25,2.3,1.6,43.48,62.5,5.98
1386277,32,Betano,1.5,2.0,1.8,50.0,55.56,5.56
1386277,32,Betano,2.5,3.95,1.24,25.32,80.65,5.96
1386277,32,Betano,0.5,1.23,4.1,81.3,24.39,5.69
1386277,34,Superbet,1.5,1.24,3.8,80.65,26.32,6.96
1386277,34,Superbet,2.5,1.78,1.97,56.18,50.76,6.94
1386277,34,Superbet,3.5,2.9,1.38,34.48,72.46,6.95
1386277,34,Superbet,0.5,1.04,10.0,96.15,10.0,6.15
1386277,34,Superbet,4.5,5.35,1.13,18.69,88.5,7.19
1386277,34,Superbet,5.5,10.0,1.04,10.0,96.15,6.15
1386277,34,Superbet,6.5,22.0,1.01,4.55,99.01,3.56
1386277,34,Superbet,1.5,2.6,1.46,38.46,68.49,6.95
1386277,34,Superbet,2.5,6.1,1.1,16.39,90.91,7.3
1386277,34,Superbet,3.5,16.0,1.01,6.25,99.01,5.26
1386277,34,Superbet,0.5,1.34,3.1,74.63,32.26,6.88
1386277,34,Superbet,4.5,45.0,1.0,2.22,100.0,2.22
1386277,34,Superbet,1.5,2.0,1.75,50.0,57.14,7.14
1386277,34,Superbet,2.5,4.15,1.21,24.1,82.64,6.74
1386277,34,Superbet,3.5,9.2,1.04,10.87,96.15,7.02
1386277,34,Superbet,0.5,1.21,4.1,82.64,24.39,7.03
1386277,34,Superbet,4.5,23.0,1.0,4.35,100.0,4.35
1386277,34,Superbet,1.5,1.04,8.4,96.15,11.9,8.06
1386277,34,Superbet,2.5,1.18,4.35,84.75,22.99,7.73
1386277,34,Superbet,3.5,1.42,2.65,70.42,37.74,8.16
1386277,34,Superbet,4.5,1.85,1.87,54.05,53.48,7.53
1386277,34,Superbet,7.5,5.2,1.13,19.23,88.5,7.73
1386277,34,Superbet,5.5,2.5,1.47,40.0,68.03,8.03
1386277,34,Superbet,6.5,3.55,1.25,28.17,80.0,8.17
1386277,34,Superbet,2.5,1.11,5.55,90.09,18.02,8.11
1386277,34,Superbet,3.5,1.29,3.3,77.52,30.3,7.82
1386277,34,Superbet,8.5,5.7,1.11,17.54,90.09,7.63
1386277,34,Superbet,4.5,1.59,2.22,62.89,45.05,7.94
1386277,34,Superbet,7.5,4.0,1.21,25.0,82.64,7.64
1386277,34,Superbet,5.5,2.07,1.68,48.31,59.52,7.83
1386277,34,Superbet,6.5,2.82,1.38,35.46,72.46,7.92
