fixture_id,home_team,away_team,league_name,match_date,bookmaker_id,bookmaker,line,over_odds,under_odds,prob_over,prob_under,margin
1378047,Lecce,AS Roma,Serie A,2026-01-06T17:00:00+00:00,1,10Bet,1.5,1.44,2.75,69.44,36.36,5.81
1378047,Lecce,AS Roma,Serie A,2026-01-06T17:00:00+00:00,1,10Bet,2.5,2.3,1.6,43.48,62.5,5.98
1378047,Lecce,AS Roma,Serie A,2026-01-06T17:00:00+00:00,1,10Bet,3.5,4.33,1.2,23.09,83.33,6.43
1378047,Lecce,AS Roma,Serie A,2026-01-06T17:00:00+00:00,1,10Bet,0.5,1.09,7.0,91.74,14.29,6.03
1378047,Lecce,AS Roma,Serie A,2026-01-06T17:00:00+00:00,1,10Bet,4.5,8.5,1.06,11.76,94.34,6.1
1378047,Lecce,AS Roma,Serie A,2026-01-06T17:00:00+00:00,8,Bet365,1.5,1.44,2.75,69.44,36.36,5.81
1378047,Lecce,AS Roma,Serie A,2026-01-06T17:00:00+00:00,8,Bet365,2.5,2.3,1.62,43.48,61.73,5.21
1378047,Lecce,AS Roma,Serie A,2026-01-06T17:00:00+00:00,8,Bet365,3.5,4.33,1.22,23.09,81.97,5.06
1378047,Lecce,AS Roma,Serie A,2026-01-06T17:00:00+00:00,8,Bet365,0.5,1.08,8.0,92.59,12.5,5.09
1378047,Lecce,AS Roma,Serie A,2026-01-06T17:00:00+00:00,8,Bet365,4.5,9.0,1.07,11.11,93.46,4.57
1378047,Lecce,AS Roma,Serie A,2026-01-06T17:00:00+00:00,8,Bet365,5.5,19.0,1.02,5.26,98.04,3.3
1378047,Lecce,AS Roma,Serie A,2026-01-06T17:00:00+00:00,8,Bet365,6.5,41.0,1.0,2.44,100.0,2.44
1378047,Lecce,AS Roma,Serie A,2026-01-06T17:00:00+00:00,2,Marathonbet,1.5,1.45,2.81,68.97,35.59,4.55
1378047,Lecce,AS Roma,Serie A,2026-01-06T17:00:00+00:00,2,Marathonbet,1.75,1.54,2.39,64.94,41.84,6.78
1378047,Lecce,AS Roma,Serie A,2026-01-06T17:00:00+00:00,2,Marathonbet,2.0,1.73,2.02,57.8,49.5,7.31
1378047,Lecce,AS Roma,Serie A,2026-01-06T17:00:00+00:00,2,Marathonbet,2.25,2.01,1.72,49.75,58.14,7.89
1378047,Lecce,AS Roma,Serie A,2026-01-06T17:00:00+00:00,2,Marathonbet,2.5,2.27,1.55,44.05,64.52,8.57
1378047,Lecce,AS Roma,Serie A,2026-01-06T17:00:00+00:00,2,Marathonbet,2.75,2.69,1.39,37.17,71.94,9.12
1378047,Lecce,AS Roma,Serie A,2026-01-06T17:00:00+00:00,2,Marathonbet,3.5,4.3,1.15,23.26,86.96,10.21
1378047,Lecce,AS Roma,Serie A,2026-01-06T17:00:00+00:00,2,Marathonbet,0.5,1.05,7.5,95.24,13.33,8.57
1378047,Lecce,AS Roma,Serie A,2026-01-06T17:00:00+00:00,2,Marathonbet,0.75,1.07,6.85,93.46,14.6,8.06
1378047,Lecce,AS Roma,Serie A,2026-01-06T17:00:00+00:00,2,Marathonbet,1.0,1.1,6.15,90.91,16.26,7.17
1378047,Lecce,AS Roma,Serie A,2026-01-06T17:00:00+00:00,2,Marathonbet,1.25,1.27,3.56,78.74,28.09,6.83
1378047,Lecce,AS Roma,Serie A,2026-01-06T17:00:00+00:00,2,Marathonbet,3.0,3.52,1.23,28.41,81.3,9.71
1378047,Lecce,AS Roma,Serie A,2026-01-06T17:00:00+00:00,2,Marathonbet,4.5,9.0,1.0,11.11,100.0,11.11
1378047,Lecce,AS Roma,Serie A,2026-01-06T17:00:00+00:00,2,Marathonbet,3.25,3.9,1.18,25.64,84.75,10.39
1378047,Lecce,AS Roma,Serie A,2026-01-06T17:00:00+00:00,2,Marathonbet,3.75,5.5,1.08,18.18,92.59,10.77
1378047,Lecce,AS Roma,Serie A,2026-01-06T17:00:00+00:00,2,Marathonbet,4.0,8.2,1.02,12.2,98.04,10.23
1378047,Lecce,AS Roma,Serie A,2026-01-06T17:00:00+00:00,2,Marathonbet,4.25,8.7,1.01,11.49,99.01,10.5
1378047,Lecce,AS Roma,Serie A,2026-01-06T17:00:00+00:00,16,Unibet,1.5,1.41,2.8,70.92,35.71,6.64
1378047,Lecce,AS Roma,Serie A,2026-01-06T17:00:00+00:00,16,Unibet,1.75,1.55,2.45,64.52,40.82,5.33
1378047,Lecce,AS Roma,Serie A,2026-01-06T17:00:00+00:00,16,Unibet,2.0,1.75,2.07,57.14,48.31,5.45
1378047,Lecce,AS Roma,Serie A,2026-01-06T17:00:00+00:00,16,Unibet,2.25,2.07,1.75,48.31,57.14,5.45
1378047,Lecce,AS Roma,Serie A,2026-01-06T17:00:00+00:00,16,Unibet,2.5,2.35,1.56,42.55,64.1,6.66
1378047,Lecce,AS Roma,Serie A,2026-01-06T17:00:00+00:00,16,Unibet,2.75,2.85,1.42,35.09,70.42,5.51
1378047,Lecce,AS Roma,Serie A,2026-01-06T17:00:00+00:00,16,Unibet,3.5,4.6,1.18,21.74,84.75,6.48
1378047,Lecce,AS Roma,Serie A,2026-01-06T17:00:00+00:00,16,Unibet,0.5,1.07,8.0,93.46,12.5,5.96
1378047,Lecce,AS Roma,Serie A,2026-01-06T17:00:00+00:00,16,Unibet,3.0,3.75,1.27,26.67,78.74,5.41
1378047,Lecce,AS Roma,Serie A,2026-01-06T17:00:00+00:00,16,Unibet,4.5,10.5,1.03,9.52,97.09,6.61
1378047,Lecce,AS Roma,Serie A,2026-01-06T17:00:00+00:00,3,Betfair,1.5,1.44,2.7,69.44,37.04,6.48
1378047,Lecce,AS Roma,Serie A,2026-01-06T17:00:00+00:00,3,Betfair,2.5,2.45,1.53,40.82,65.36,6.18
1378047,Lecce,AS Roma,Serie A,2026-01-06T17:00:00+00:00,3,Betfair,3.5,4.5,1.2,22.22,83.33,5.56
1378047,Lecce,AS Roma,Serie A,2026-01-06T17:00:00+00:00,3,Betfair,0.5,1.07,8.0,93.46,12.5,5.96
1378047,Lecce,AS Roma,Serie A,2026-01-06T17:00:00+00:00,3,Betfair,4.5,10.0,1.05,10.0,95.24,5.24
1378047,Lecce,AS Roma,Serie A,2026-01-06T17:00:00+00:00,13,188Bet,2.25,2.08,1.82,48.08,54.95,3.02
1378047,Lecce,AS Roma,Serie A,2026-01-06T17:00:00+00:00,4,Pinnacle,1.5,1.44,2.88,69.44,34.72,4.17
1378047,Lecce,AS Roma,Serie A,2026-01-06T17:00:00+00:00,4,Pinnacle,1.75,1.56,2.53,64.1,39.53,3.63
1378047,Lecce,AS Roma,Serie A,2026-01-06T17:00:00+00:00,4,Pinnacle,2.0,1.76,2.14,56.82,46.73,3.55
1378047,Lecce,AS Roma,Serie A,2026-01-06T17:00:00+00:00,4,Pinnacle,2.25,2.09,1.82,47.85,54.95,2.79
1378047,Lecce,AS Roma,Serie A,2026-01-06T17:00:00+00:00,4,Pinnacle,2.5,2.38,1.62,42.02,61.73,3.75
1378047,Lecce,AS Roma,Serie A,2026-01-06T17:00:00+00:00,4,Pinnacle,2.75,2.83,1.46,35.34,68.49,3.83
1378047,Lecce,AS Roma,Serie A,2026-01-06T17:00:00+00:00,4,Pinnacle,1.25,1.28,3.8,78.12,26.32,4.44
1378047,Lecce,AS Roma,Serie A,2026-01-06T17:00:00+00:00,4,Pinnacle,3.0,3.68,1.3,27.17,76.92,4.1
1378047,Lecce,AS Roma,Serie A,2026-01-06T17:00:00+00:00,4,Pinnacle,3.25,4.11,1.25,24.33,80.0,4.33
1378047,Lecce,AS Roma,Serie A,2026-01-06T17:00:00+00:00,5,SBO,1.75,1.54,2.47,64.94,40.49,5.42
1378047,Lecce,AS Roma,Serie A,2026-01-06T17:00:00+00:00,5,SBO,2.0,1.76,2.11,56.82,47.39,4.21
1378047,Lecce,AS Roma,Serie A,2026-01-06T17:00:00+00:00,5,SBO,2.25,2.04,1.82,49.02,54.95,3.96
1378047,Lecce,AS Roma,Serie A,2026-01-06T17:00:00+00:00,5,SBO,2.5,2.35,1.6,42.55,62.5,5.05
1378047,Lecce,AS Roma,Serie A,2026-01-06T17:00:00+00:00,11,1xBet,1.5,1.45,2.81,68.97,35.59,4.55
1378047,Lecce,AS Roma,Serie A,2026-01-06T17:00:00+00:00,11,1xBet,1.75,1.54,2.39,64.94,41.84,6.78
1378047,Lecce,AS Roma,Serie A,2026-01-06T17:00:00+00:00,11,1xBet,2.0,1.73,2.02,57.8,49.5,7.31
1378047,Lecce,AS Roma,Serie A,2026-01-06T17:00:00+00:00,11,1xBet,2.25,2.01,1.72,49.75,58.14,7.89
1378047,Lecce,AS Roma,Serie A,2026-01-06T17:00:00+00:00,11,1xBet,2.5,2.43,1.66,41.15,60.24,1.39
1378047,Lecce,AS Roma,Serie A,2026-01-06T17:00:00+00:00,11,1xBet,2.75,2.69,1.39,37.17,71.94,9.12
1378047,Lecce,AS Roma,Serie A,2026-01-06T17:00:00+00:00,11,1xBet,3.5,4.3,1.15,23.26,86.96,10.21
1378047,Lecce,AS Roma,Serie A,2026-01-06T17:00:00+00:00,11,1xBet,0.5,1.05,7.5,95.24,13.33,8.57
1378047,Lecce,AS Roma,Serie A,2026-01-06T17:00:00+00:00,11,1xBet,0.75,1.07,6.85,93.46,14.6,8.06
1378047,Lecce,AS Roma,Serie A,2026-01-06T17:00:00+00:00,11,1xBet,1.0,1.1,6.15,90.91,16.26,7.17
1378047,Lecce,AS Roma,Serie A,2026-01-06T17:00:00+00:00,11,1xBet,1.25,1.27,3.56,78.74,28.09,6.83
1378047,Lecce,AS Roma,Serie A,2026-01-06T17:00:00+00:00,11,1xBet,3.0,3.52,1.23,28.41,81.3,9.71
1378047,Lecce,AS Roma,Serie A,2026-01-06T17:00:00+00:00,11,1xBet,4.5,9.0,1.0,11.11,100.0,11.11
1378047,Lecce,AS Roma,Serie A,2026-01-06T17:00:00+00:00,11,1xBet,3.25,3.9,1.18,25.64,84.75,10.39
1378047,Lecce,AS Roma,Serie A,2026-01-06T17:00:00+00:00,11,1xBet,3.75,5.5,1.08,18.18,92.59,10.77
1378047,Lecce,AS Roma,Serie A,2026-01-06T17:00:00+00:00,11,1xBet,4.0,8.2,1.02,12.2,98.04,10.23
1378047,Lecce,AS Roma,Serie A,2026-01-06T17:00:00+00:00,11,1xBet,4.25,8.7,1.01,11.49,99.01,10.5
1378047,Lecce,AS Roma,Serie A,2026-01-06T17:00:00+00:00,11,1xBet,5.0,15.5,1.01,6.45,99.01,5.46
1378047,Lecce,AS Roma,Serie A,2026-01-06T17:00:00+00:00,11,1xBet,5.5,19.0,1.01,5.26,99.01,4.27
1378047,Lecce,AS Roma,Serie A,2026-01-06T17:00:00+00:00,11,1xBet,6.5,41.0,1.0,2.44,100.0,2.44
1378047,Lecce,AS Roma,Serie A,2026-01-06T17:00:00+00:00,32,Betano,1.5,1.45,2.85,68.97,35.09,4.05
1378047,Lecce,AS Roma,Serie A,2026-01-06T17:00:00+00:00,32,Betano,1.75,1.57,2.5,63.69,40.0,3.69
1378047,Lecce,AS Roma,Serie A,2026-01-06T17:00:00+00:00,32,Betano,2.0,1.75,2.12,57.14,47.17,4.31
1378047,Lecce,AS Roma,Serie A,2026-01-06T17:00:00+00:00,32,Betano,2.25,2.05,1.82,48.78,54.95,3.73
1378047,Lecce,AS Roma,Serie A,2026-01-06T17:00:00+00:00,32,Betano,2.5,2.35,1.62,42.55,61.73,4.28
1378047,Lecce,AS Roma,Serie A,2026-01-06T17:00:00+00:00,32,Betano,2.75,2.77,1.47,36.1,68.03,4.13
1378047,Lecce,AS Roma,Serie A,2026-01-06T17:00:00+00:00,32,Betano,3.5,4.25,1.23,23.53,81.3,4.83
1378047,Lecce,AS Roma,Serie A,2026-01-06T17:00:00+00:00,32,Betano,0.5,1.1,7.2,90.91,13.89,4.8
1378047,Lecce,AS Roma,Serie A,2026-01-06T17:00:00+00:00,32,Betano,1.25,1.31,3.65,76.34,27.4,3.73
1378047,Lecce,AS Roma,Serie A,2026-01-06T17:00:00+00:00,32,Betano,3.0,3.6,1.31,27.78,76.34,4.11
1378047,Lecce,AS Roma,Serie A,2026-01-06T17:00:00+00:00,32,Betano,4.5,8.25,1.08,12.12,92.59,4.71
1378047,Lecce,AS Roma,Serie A,2026-01-06T17:00:00+00:00,32,Betano,5.5,14.0,1.03,7.14,97.09,4.23
1378047,Lecce,AS Roma,Serie A,2026-01-06T17:00:00+00:00,34,Superbet,1.5,1.44,2.8,69.44,35.71,5.16
1378047,Lecce,AS Roma,Serie A,2026-01-06T17:00:00+00:00,34,Superbet,2.5,2.35,1.6,42.55,62.5,5.05
1378047,Lecce,AS Roma,Serie A,2026-01-06T17:00:00+00:00,34,Superbet,3.5,4.45,1.21,22.47,82.64,5.12
1378047,Lecce,AS Roma,Serie A,2026-01-06T17:00:00+00:00,34,Superbet,0.5,1.09,7.6,91.74,13.16,4.9
1378047,Lecce,AS Roma,Serie A,2026-01-06T17:00:00+00:00,34,Superbet,4.5,9.2,1.06,10.87,94.34,5.21
1378047,Lecce,AS Roma,Serie A,2026-01-06T17:00:00+00:00,34,Superbet,5.5,21.0,1.02,4.76,98.04,2.8
1378047,Lecce,AS Roma,Serie A,2026-01-06T17:00:00+00:00,34,Superbet,6.5,50.0,1.0,2.0,100.0,2.0
1378051,Pisa,Como,Serie A,2026-01-06T14:00:00+00:00,1,10Bet,1.5,1.38,3.0,72.46,33.33,5.8
1378051,Pisa,Como,Serie A,2026-01-06T14:00:00+00:00,1,10Bet,2.5,2.1,1.73,47.62,57.8,5.42
1378051,Pisa,Como,Serie A,2026-01-06T14:00:00+00:00,1,10Bet,3.5,3.75,1.25,26.67,80.0,6.67
1378051,Pisa,Como,Serie A,2026-01-06T14:00:00+00:00,1,10Bet,0.5,1.07,8.0,93.46,12.5,5.96
1378051,Pisa,Como,Serie A,2026-01-06T14:00:00+00:00,1,10Bet,4.5,7.5,1.08,13.33,92.59,5.93
1378051,Pisa,Como,Serie A,2026-01-06T14:00:00+00:00,8,Bet365,1.5,1.36,3.2,73.53,31.25,4.78
1378051,Pisa,Como,Serie A,2026-01-06T14:00:00+00:00,8,Bet365,2.5,2.1,1.73,47.62,57.8,5.42
1378051,Pisa,Como,Serie A,2026-01-06T14:00:00+00:00,8,Bet365,3.5,4.0,1.25,25.0,80.0,5.0
1378051,Pisa,Como,Serie A,2026-01-06T14:00:00+00:00,8,Bet365,0.5,1.07,9.0,93.46,11.11,4.57
1378051,Pisa,Como,Serie A,2026-01-06T14:00:00+00:00,8,Bet365,4.5,8.0,1.08,12.5,92.59,5.09
1378051,Pisa,Como,Serie A,2026-01-06T14:00:00+00:00,8,Bet365,5.5,17.0,1.02,5.88,98.04,3.92
1378051,Pisa,Como,Serie A,2026-01-06T14:00:00+00:00,8,Bet365,6.5,34.0,1.0,2.94,100.0,2.94
1378051,Pisa,Como,Serie A,2026-01-06T14:00:00+00:00,2,Marathonbet,1.5,1.33,3.0,75.19,33.33,8.52
1378051,Pisa,Como,Serie A,2026-01-06T14:00:00+00:00,2,Marathonbet,1.75,1.42,2.67,70.42,37.45,7.88
1378051,Pisa,Como,Serie A,2026-01-06T14:00:00+00:00,2,Marathonbet,2.0,1.55,2.34,64.52,42.74,7.25
1378051,Pisa,Como,Serie A,2026-01-06T14:00:00+00:00,2,Marathonbet,2.25,1.82,1.93,54.95,51.81,6.76
1378051,Pisa,Como,Serie A,2026-01-06T14:00:00+00:00,2,Marathonbet,2.5,2.11,1.75,47.39,57.14,4.54
1378051,Pisa,Como,Serie A,2026-01-06T14:00:00+00:00,2,Marathonbet,2.75,2.39,1.54,41.84,64.94,6.78
1378051,Pisa,Como,Serie A,2026-01-06T14:00:00+00:00,2,Marathonbet,3.5,3.6,1.24,27.78,80.65,8.42
1378051,Pisa,Como,Serie A,2026-01-06T14:00:00+00:00,2,Marathonbet,0.5,1.02,7.9,98.04,12.66,10.7
1378051,Pisa,Como,Serie A,2026-01-06T14:00:00+00:00,2,Marathonbet,0.75,1.04,7.3,96.15,13.7,9.85
1378051,Pisa,Como,Serie A,2026-01-06T14:00:00+00:00,2,Marathonbet,1.0,1.06,6.7,94.34,14.93,9.26
1378051,Pisa,Como,Serie A,2026-01-06T14:00:00+00:00,2,Marathonbet,1.25,1.19,4.05,84.03,24.69,8.72
1378051,Pisa,Como,Serie A,2026-01-06T14:00:00+00:00,2,Marathonbet,3.0,2.96,1.36,33.78,73.53,7.31
1378051,Pisa,Como,Serie A,2026-01-06T14:00:00+00:00,2,Marathonbet,4.5,6.9,1.04,14.49,96.15,10.65
1378051,Pisa,Como,Serie A,2026-01-06T14:00:00+00:00,2,Marathonbet,3.25,3.3,1.29,30.3,77.52,7.82
1378051,Pisa,Como,Serie A,2026-01-06T14:00:00+00:00,2,Marathonbet,3.75,4.5,1.15,22.22,86.96,9.18
1378051,Pisa,Como,Serie A,2026-01-06T14:00:00+00:00,2,Marathonbet,4.0,6.25,1.07,16.0,93.46,9.46
1378051,Pisa,Como,Serie A,2026-01-06T14:00:00+00:00,2,Marathonbet,4.25,6.55,1.05,15.27,95.24,10.51
1378051,Pisa,Como,Serie A,2026-01-06T14:00:00+00:00,16,Unibet,1.5,1.33,3.2,75.19,31.25,6.44
1378051,Pisa,Como,Serie A,2026-01-06T14:00:00+00:00,16,Unibet,1.75,1.43,2.8,69.93,35.71,5.64
1378051,Pisa,Como,Serie A,2026-01-06T14:00:00+00:00,16,Unibet,2.0,1.57,2.4,63.69,41.67,5.36
1378051,Pisa,Como,Serie A,2026-01-06T14:00:00+00:00,16,Unibet,2.25,1.84,1.95,54.35,51.28,5.63
1378051,Pisa,Como,Serie A,2026-01-06T14:00:00+00:00,16,Unibet,2.5,2.1,1.71,47.62,58.48,6.1
1378051,Pisa,Como,Serie A,2026-01-06T14:00:00+00:00,16,Unibet,2.75,2.48,1.55,40.32,64.52,4.84
1378051,Pisa,Como,Serie A,2026-01-06T14:00:00+00:00,16,Unibet,3.5,3.9,1.24,25.64,80.65,6.29
1378051,Pisa,Como,Serie A,2026-01-06T14:00:00+00:00,16,Unibet,0.5,1.05,9.0,95.24,11.11,6.35
1378051,Pisa,Como,Serie A,2026-01-06T14:00:00+00:00,16,Unibet,3.0,3.15,1.37,31.75,72.99,4.74
1378051,Pisa,Como,Serie A,2026-01-06T14:00:00+00:00,16,Unibet,4.5,8.5,1.06,11.76,94.34,6.1
1378051,Pisa,Como,Serie A,2026-01-06T14:00:00+00:00,16,Unibet,3.25,3.5,1.3,28.57,76.92,5.49
1378051,Pisa,Como,Serie A,2026-01-06T14:00:00+00:00,3,Betfair,1.5,1.36,3.1,73.53,32.26,5.79
1378051,Pisa,Como,Serie A,2026-01-06T14:00:00+00:00,3,Betfair,2.5,2.15,1.67,46.51,59.88,6.39
1378051,Pisa,Como,Serie A,2026-01-06T14:00:00+00:00,3,Betfair,3.5,4.1,1.22,24.39,81.97,6.36
1378051,Pisa,Como,Serie A,2026-01-06T14:00:00+00:00,3,Betfair,0.5,1.06,9.0,94.34,11.11,5.45
1378051,Pisa,Como,Serie A,2026-01-06T14:00:00+00:00,3,Betfair,4.5,8.0,1.07,12.5,93.46,5.96
1378051,Pisa,Como,Serie A,2026-01-06T14:00:00+00:00,3,Betfair,5.5,17.0,1.01,5.88,99.01,4.89
1378051,Pisa,Como,Serie A,2026-01-06T14:00:00+00:00,13,188Bet,2.25,1.9,2.0,52.63,50.0,2.63
1378051,Pisa,Como,Serie A,2026-01-06T14:00:00+00:00,13,188Bet,2.5,2.13,1.77,46.95,56.5,3.45
1378051,Pisa,Como,Serie A,2026-01-06T14:00:00+00:00,4,Pinnacle,1.5,1.36,3.25,73.53,30.77,4.3
1378051,Pisa,Como,Serie A,2026-01-06T14:00:00+00:00,4,Pinnacle,1.75,1.45,2.87,68.97,34.84,3.81
1378051,Pisa,Como,Serie A,2026-01-06T14:00:00+00:00,4,Pinnacle,2.0,1.59,2.45,62.89,40.82,3.71
1378051,Pisa,Como,Serie A,2026-01-06T14:00:00+00:00,4,Pinnacle,2.25,1.88,2.01,53.19,49.75,2.94
1378051,Pisa,Como,Serie A,2026-01-06T14:00:00+00:00,4,Pinnacle,2.5,2.14,1.76,46.73,56.82,3.55
1378051,Pisa,Como,Serie A,2026-01-06T14:00:00+00:00,4,Pinnacle,2.75,2.48,1.58,40.32,63.29,3.61
1378051,Pisa,Como,Serie A,2026-01-06T14:00:00+00:00,4,Pinnacle,1.25,1.23,4.38,81.3,22.83,4.13
1378051,Pisa,Como,Serie A,2026-01-06T14:00:00+00:00,4,Pinnacle,3.0,3.05,1.4,32.79,71.43,4.22
1378051,Pisa,Como,Serie A,2026-01-06T14:00:00+00:00,4,Pinnacle,3.25,3.41,1.34,29.33,74.63,3.95
1378051,Pisa,Como,Serie A,2026-01-06T14:00:00+00:00,5,SBO,2.0,1.59,2.36,62.89,42.37,5.27
1378051,Pisa,Como,Serie A,2026-01-06T14:00:00+00:00,5,SBO,2.25,1.89,1.97,52.91,50.76,3.67
1378051,Pisa,Como,Serie A,2026-01-06T14:00:00+00:00,5,SBO,2.5,2.19,1.7,45.66,58.82,4.49
1378051,Pisa,Como,Serie A,2026-01-06T14:00:00+00:00,5,SBO,2.75,2.49,1.53,40.16,65.36,5.52
1378051,Pisa,Como,Serie A,2026-01-06T14:00:00+00:00,11,1xBet,1.5,1.33,3.0,75.19,33.33,8.52
1378051,Pisa,Como,Serie A,2026-01-06T14:00:00+00:00,11,1xBet,1.75,1.42,2.67,70.42,37.45,7.88
1378051,Pisa,Como,Serie A,2026-01-06T14:00:00+00:00,11,1xBet,2.0,1.56,2.31,64.1,43.29,7.39
1378051,Pisa,Como,Serie A,2026-01-06T14:00:00+00:00,11,1xBet,2.25,1.82,1.93,54.95,51.81,6.76
1378051,Pisa,Como,Serie A,2026-01-06T14:00:00+00:00,11,1xBet,2.5,2.17,1.8,46.08,55.56,1.64
1378051,Pisa,Como,Serie A,2026-01-06T14:00:00+00:00,11,1xBet,2.75,2.39,1.54,41.84,64.94,6.78
1378051,Pisa,Como,Serie A,2026-01-06T14:00:00+00:00,11,1xBet,3.5,3.6,1.24,27.78,80.65,8.42
1378051,Pisa,Como,Serie A,2026-01-06T14:00:00+00:00,11,1xBet,0.5,1.02,7.8,98.04,12.82,10.86
1378051,Pisa,Como,Serie A,2026-01-06T14:00:00+00:00,11,1xBet,0.75,1.04,7.3,96.15,13.7,9.85
1378051,Pisa,Como,Serie A,2026-01-06T14:00:00+00:00,11,1xBet,1.0,1.06,6.7,94.34,14.93,9.26
1378051,Pisa,Como,Serie A,2026-01-06T14:00:00+00:00,11,1xBet,1.25,1.19,4.0,84.03,25.0,9.03
1378051,Pisa,Como,Serie A,2026-01-06T14:00:00+00:00,11,1xBet,3.0,2.96,1.36,33.78,73.53,7.31
1378051,Pisa,Como,Serie A,2026-01-06T14:00:00+00:00,11,1xBet,4.5,6.9,1.04,14.49,96.15,10.65
1378051,Pisa,Como,Serie A,2026-01-06T14:00:00+00:00,11,1xBet,3.25,3.3,1.29,30.3,77.52,7.82
1378051,Pisa,Como,Serie A,2026-01-06T14:00:00+00:00,11,1xBet,3.75,4.5,1.15,22.22,86.96,9.18
1378051,Pisa,Como,Serie A,2026-01-06T14:00:00+00:00,11,1xBet,4.0,6.25,1.07,16.0,93.46,9.46
1378051,Pisa,Como,Serie A,2026-01-06T14:00:00+00:00,11,1xBet,4.25,6.55,1.05,15.27,95.24,10.51
1378051,Pisa,Como,Serie A,2026-01-06T14:00:00+00:00,11,1xBet,5.0,12.5,1.03,8.0,97.09,5.09
1378051,Pisa,Como,Serie A,2026-01-06T14:00:00+00:00,11,1xBet,5.5,15.5,1.01,6.45,99.01,5.46
1378051,Pisa,Como,Serie A,2026-01-06T14:00:00+00:00,11,1xBet,6.5,34.0,1.0,2.94,100.0,2.94
1378051,Pisa,Como,Serie A,2026-01-06T14:00:00+00:00,32,Betano,1.5,1.38,3.2,72.46,31.25,3.71
1378051,Pisa,Como,Serie A,2026-01-06T14:00:00+00:00,32,Betano,1.75,1.45,2.82,68.97,35.46,4.43
1378051,Pisa,Como,Serie A,2026-01-06T14:00:00+00:00,32,Betano,2.0,1.6,2.42,62.5,41.32,3.82
1378051,Pisa,Como,Serie A,2026-01-06T14:00:00+00:00,32,Betano,2.25,1.85,2.0,54.05,50.0,4.05
1378051,Pisa,Como,Serie A,2026-01-06T14:00:00+00:00,32,Betano,2.5,2.1,1.78,47.62,56.18,3.8
1378051,Pisa,Como,Serie A,2026-01-06T14:00:00+00:00,32,Betano,2.75,2.42,1.6,41.32,62.5,3.82
1378051,Pisa,Como,Serie A,2026-01-06T14:00:00+00:00,32,Betano,3.5,3.65,1.29,27.4,77.52,4.92
1378051,Pisa,Como,Serie A,2026-01-06T14:00:00+00:00,32,Betano,0.5,1.08,7.9,92.59,12.66,5.25
1378051,Pisa,Como,Serie A,2026-01-06T14:00:00+00:00,32,Betano,3.0,3.0,1.42,33.33,70.42,3.76
1378051,Pisa,Como,Serie A,2026-01-06T14:00:00+00:00,32,Betano,4.5,6.9,1.1,14.49,90.91,5.4
1378051,Pisa,Como,Serie A,2026-01-06T14:00:00+00:00,32,Betano,3.25,3.3,1.36,30.3,73.53,3.83
1378051,Pisa,Como,Serie A,2026-01-06T14:00:00+00:00,32,Betano,5.5,12.0,1.03,8.33,97.09,5.42
1378051,Pisa,Como,Serie A,2026-01-06T14:00:00+00:00,32,Betano,6.5,16.5,1.01,6.06,99.01,5.07
1378051,Pisa,Como,Serie A,2026-01-06T14:00:00+00:00,34,Superbet,1.5,1.35,3.2,74.07,31.25,5.32
1378051,Pisa,Como,Serie A,2026-01-06T14:00:00+00:00,34,Superbet,2.5,2.1,1.74,47.62,57.47,5.09
1378051,Pisa,Como,Serie A,2026-01-06T14:00:00+00:00,34,Superbet,3.5,3.75,1.28,26.67,78.12,4.79
1378051,Pisa,Como,Serie A,2026-01-06T14:00:00+00:00,34,Superbet,0.5,1.07,8.7,93.46,11.49,4.95
1378051,Pisa,Como,Serie A,2026-01-06T14:00:00+00:00,34,Superbet,4.5,7.6,1.09,13.16,91.74,4.9
1378051,Pisa,Como,Serie A,2026-01-06T14:00:00+00:00,34,Superbet,5.5,17.0,1.02,5.88,98.04,3.92
1378051,Pisa,Como,Serie A,2026-01-06T14:00:00+00:00,34,Superbet,6.5,38.0,1.01,2.63,99.01,1.64
1378052,Sassuolo,Juventus,Serie A,2026-01-06T19:45:00+00:00,1,10Bet,1.5,1.3,3.4,76.92,29.41,6.33
1378052,Sassuolo,Juventus,Serie A,2026-01-06T19:45:00+00:00,1,10Bet,2.5,1.93,1.85,51.81,54.05,5.87
1378052,Sassuolo,Juventus,Serie A,2026-01-06T19:45:00+00:00,1,10Bet,3.5,3.4,1.3,29.41,76.92,6.33
1378052,Sassuolo,Juventus,Serie A,2026-01-06T19:45:00+00:00,1,10Bet,0.5,1.05,9.0,95.24,11.11,6.35
1378052,Sassuolo,Juventus,Serie A,2026-01-06T19:45:00+00:00,1,10Bet,4.5,6.5,1.1,15.38,90.91,6.29
1378052,Sassuolo,Juventus,Serie A,2026-01-06T19:45:00+00:00,8,Bet365,1.5,1.3,3.5,76.92,28.57,5.49
1378052,Sassuolo,Juventus,Serie A,2026-01-06T19:45:00+00:00,8,Bet365,2.5,1.91,1.91,52.36,52.36,4.71
1378052,Sassuolo,Juventus,Serie A,2026-01-06T19:45:00+00:00,8,Bet365,3.5,3.4,1.33,29.41,75.19,4.6
1378052,Sassuolo,Juventus,Serie A,2026-01-06T19:45:00+00:00,8,Bet365,0.5,1.06,10.0,94.34,10.0,4.34
1378052,Sassuolo,Juventus,Serie A,2026-01-06T19:45:00+00:00,8,Bet365,4.5,6.5,1.11,15.38,90.09,5.47
1378052,Sassuolo,Juventus,Serie A,2026-01-06T19:45:00+00:00,8,Bet365,7.5,51.0,1.0,1.96,100.0,1.96
1378052,Sassuolo,Juventus,Serie A,2026-01-06T19:45:00+00:00,8,Bet365,5.5,13.0,1.04,7.69,96.15,3.85
1378052,Sassuolo,Juventus,Serie A,2026-01-06T19:45:00+00:00,8,Bet365,6.5,26.0,1.01,3.85,99.01,2.86
1378052,Sassuolo,Juventus,Serie A,2026-01-06T19:45:00+00:00,2,Marathonbet,1.5,1.28,3.3,78.12,30.3,8.43
1378052,Sassuolo,Juventus,Serie A,2026-01-06T19:45:00+00:00,2,Marathonbet,1.75,1.35,2.95,74.07,33.9,7.97
1378052,Sassuolo,Juventus,Serie A,2026-01-06T19:45:00+00:00,2,Marathonbet,2.0,1.45,2.61,68.97,38.31,7.28
1378052,Sassuolo,Juventus,Serie A,2026-01-06T19:45:00+00:00,2,Marathonbet,2.25,1.69,2.1,59.17,47.62,6.79
1378052,Sassuolo,Juventus,Serie A,2026-01-06T19:45:00+00:00,2,Marathonbet,2.5,1.94,1.89,51.55,52.91,4.46
1378052,Sassuolo,Juventus,Serie A,2026-01-06T19:45:00+00:00,2,Marathonbet,2.75,2.15,1.66,46.51,60.24,6.75
1378052,Sassuolo,Juventus,Serie A,2026-01-06T19:45:00+00:00,2,Marathonbet,3.5,3.16,1.3,31.65,76.92,8.57
1378052,Sassuolo,Juventus,Serie A,2026-01-06T19:45:00+00:00,2,Marathonbet,0.5,1.01,8.7,99.01,11.49,10.5
1378052,Sassuolo,Juventus,Serie A,2026-01-06T19:45:00+00:00,2,Marathonbet,0.75,1.02,8.2,98.04,12.2,10.23
1378052,Sassuolo,Juventus,Serie A,2026-01-06T19:45:00+00:00,2,Marathonbet,1.0,1.03,7.7,97.09,12.99,10.07
1378052,Sassuolo,Juventus,Serie A,2026-01-06T19:45:00+00:00,2,Marathonbet,1.25,1.15,4.5,86.96,22.22,9.18
1378052,Sassuolo,Juventus,Serie A,2026-01-06T19:45:00+00:00,2,Marathonbet,3.0,2.57,1.46,38.91,68.49,7.4
1378052,Sassuolo,Juventus,Serie A,2026-01-06T19:45:00+00:00,2,Marathonbet,4.5,5.8,1.07,17.24,93.46,10.7
1378052,Sassuolo,Juventus,Serie A,2026-01-06T19:45:00+00:00,2,Marathonbet,3.25,2.91,1.36,34.36,73.53,7.89
1378052,Sassuolo,Juventus,Serie A,2026-01-06T19:45:00+00:00,2,Marathonbet,3.75,3.88,1.2,25.77,83.33,9.11
1378052,Sassuolo,Juventus,Serie A,2026-01-06T19:45:00+00:00,2,Marathonbet,4.0,5.2,1.1,19.23,90.91,10.14
1378052,Sassuolo,Juventus,Serie A,2026-01-06T19:45:00+00:00,2,Marathonbet,4.25,5.5,1.09,18.18,91.74,9.92
1378052,Sassuolo,Juventus,Serie A,2026-01-06T19:45:00+00:00,16,Unibet,1.5,1.27,3.65,78.74,27.4,6.14
1378052,Sassuolo,Juventus,Serie A,2026-01-06T19:45:00+00:00,16,Unibet,1.75,1.34,3.2,74.63,31.25,5.88
1378052,Sassuolo,Juventus,Serie A,2026-01-06T19:45:00+00:00,16,Unibet,2.0,1.44,2.75,69.44,36.36,5.81
1378052,Sassuolo,Juventus,Serie A,2026-01-06T19:45:00+00:00,16,Unibet,2.25,1.68,2.16,59.52,46.3,5.82
1378052,Sassuolo,Juventus,Serie A,2026-01-06T19:45:00+00:00,16,Unibet,2.5,1.92,1.88,52.08,53.19,5.27
1378052,Sassuolo,Juventus,Serie A,2026-01-06T19:45:00+00:00,16,Unibet,2.75,2.2,1.68,45.45,59.52,4.98
1378052,Sassuolo,Juventus,Serie A,2026-01-06T19:45:00+00:00,16,Unibet,3.5,3.45,1.3,28.99,76.92,5.91
1378052,Sassuolo,Juventus,Serie A,2026-01-06T19:45:00+00:00,16,Unibet,0.5,1.03,11.0,97.09,9.09,6.18
1378052,Sassuolo,Juventus,Serie A,2026-01-06T19:45:00+00:00,16,Unibet,3.0,2.7,1.47,37.04,68.03,5.06
1378052,Sassuolo,Juventus,Serie A,2026-01-06T19:45:00+00:00,16,Unibet,4.5,7.0,1.08,14.29,92.59,6.88
1378052,Sassuolo,Juventus,Serie A,2026-01-06T19:45:00+00:00,16,Unibet,3.25,3.05,1.38,32.79,72.46,5.25
1378052,Sassuolo,Juventus,Serie A,2026-01-06T19:45:00+00:00,3,Betfair,1.5,1.29,3.5,77.52,28.57,6.09
1378052,Sassuolo,Juventus,Serie A,2026-01-06T19:45:00+00:00,3,Betfair,2.5,1.9,1.87,52.63,53.48,6.11
1378052,Sassuolo,Juventus,Serie A,2026-01-06T19:45:00+00:00,3,Betfair,3.5,3.25,1.33,30.77,75.19,5.96
1378052,Sassuolo,Juventus,Serie A,2026-01-06T19:45:00+00:00,3,Betfair,0.5,1.04,11.0,96.15,9.09,5.24
1378052,Sassuolo,Juventus,Serie A,2026-01-06T19:45:00+00:00,3,Betfair,4.5,6.5,1.1,15.38,90.91,6.29
1378052,Sassuolo,Juventus,Serie A,2026-01-06T19:45:00+00:00,3,Betfair,5.5,13.0,1.02,7.69,98.04,5.73
1378052,Sassuolo,Juventus,Serie A,2026-01-06T19:45:00+00:00,13,188Bet,2.5,2.02,1.88,49.5,53.19,2.7
1378052,Sassuolo,Juventus,Serie A,2026-01-06T19:45:00+00:00,4,Pinnacle,1.5,1.32,3.54,75.76,28.25,4.01
1378052,Sassuolo,Juventus,Serie A,2026-01-06T19:45:00+00:00,4,Pinnacle,1.75,1.39,3.13,71.94,31.95,3.89
1378052,Sassuolo,Juventus,Serie A,2026-01-06T19:45:00+00:00,4,Pinnacle,2.0,1.49,2.73,67.11,36.63,3.74
1378052,Sassuolo,Juventus,Serie A,2026-01-06T19:45:00+00:00,4,Pinnacle,2.25,1.74,2.18,57.47,45.87,3.34
1378052,Sassuolo,Juventus,Serie A,2026-01-06T19:45:00+00:00,4,Pinnacle,2.5,1.98,1.9,50.51,52.63,3.14
1378052,Sassuolo,Juventus,Serie A,2026-01-06T19:45:00+00:00,4,Pinnacle,2.75,2.25,1.69,44.44,59.17,3.62
1378052,Sassuolo,Juventus,Serie A,2026-01-06T19:45:00+00:00,4,Pinnacle,3.5,3.47,1.33,28.82,75.19,4.01
1378052,Sassuolo,Juventus,Serie A,2026-01-06T19:45:00+00:00,4,Pinnacle,3.0,2.76,1.48,36.23,67.57,3.8
1378052,Sassuolo,Juventus,Serie A,2026-01-06T19:45:00+00:00,4,Pinnacle,3.25,3.11,1.39,32.15,71.94,4.1
1378052,Sassuolo,Juventus,Serie A,2026-01-06T19:45:00+00:00,5,SBO,2.0,1.47,2.63,68.03,38.02,6.05
1378052,Sassuolo,Juventus,Serie A,2026-01-06T19:45:00+00:00,5,SBO,2.25,1.72,2.16,58.14,46.3,4.44
1378052,Sassuolo,Juventus,Serie A,2026-01-06T19:45:00+00:00,5,SBO,2.5,1.98,1.88,50.51,53.19,3.7
1378052,Sassuolo,Juventus,Serie A,2026-01-06T19:45:00+00:00,5,SBO,2.75,2.25,1.66,44.44,60.24,4.69
1378052,Sassuolo,Juventus,Serie A,2026-01-06T19:45:00+00:00,11,1xBet,1.5,1.28,3.3,78.12,30.3,8.43
1378052,Sassuolo,Juventus,Serie A,2026-01-06T19:45:00+00:00,11,1xBet,1.75,1.35,2.95,74.07,33.9,7.97
1378052,Sassuolo,Juventus,Serie A,2026-01-06T19:45:00+00:00,11,1xBet,2.0,1.45,2.61,68.97,38.31,7.28
1378052,Sassuolo,Juventus,Serie A,2026-01-06T19:45:00+00:00,11,1xBet,2.25,1.69,2.1,59.17,47.62,6.79
1378052,Sassuolo,Juventus,Serie A,2026-01-06T19:45:00+00:00,11,1xBet,2.5,2.0,1.94,50.0,51.55,1.55
1378052,Sassuolo,Juventus,Serie A,2026-01-06T19:45:00+00:00,11,1xBet,2.75,2.15,1.66,46.51,60.24,6.75
1378052,Sassuolo,Juventus,Serie A,2026-01-06T19:45:00+00:00,11,1xBet,3.5,3.16,1.3,31.65,76.92,8.57
1378052,Sassuolo,Juventus,Serie A,2026-01-06T19:45:00+00:00,11,1xBet,0.5,1.01,8.7,99.01,11.49,10.5
1378052,Sassuolo,Juventus,Serie A,2026-01-06T19:45:00+00:00,11,1xBet,0.75,1.02,8.2,98.04,12.2,10.23
1378052,Sassuolo,Juventus,Serie A,2026-01-06T19:45:00+00:00,11,1xBet,1.0,1.03,7.7,97.09,12.99,10.07
1378052,Sassuolo,Juventus,Serie A,2026-01-06T19:45:00+00:00,11,1xBet,1.25,1.15,4.5,86.96,22.22,9.18
1378052,Sassuolo,Juventus,Serie A,2026-01-06T19:45:00+00:00,11,1xBet,3.0,2.57,1.46,38.91,68.49,7.4
1378052,Sassuolo,Juventus,Serie A,2026-01-06T19:45:00+00:00,11,1xBet,4.5,5.8,1.07,17.24,93.46,10.7
1378052,Sassuolo,Juventus,Serie A,2026-01-06T19:45:00+00:00,11,1xBet,3.25,2.91,1.36,34.36,73.53,7.89
1378052,Sassuolo,Juventus,Serie A,2026-01-06T19:45:00+00:00,11,1xBet,3.75,3.88,1.2,25.77,83.33,9.11
1378052,Sassuolo,Juventus,Serie A,2026-01-06T19:45:00+00:00,11,1xBet,4.0,5.2,1.1,19.23,90.91,10.14
1378052,Sassuolo,Juventus,Serie A,2026-01-06T19:45:00+00:00,11,1xBet,4.25,5.5,1.09,18.18,91.74,9.92
1378052,Sassuolo,Juventus,Serie A,2026-01-06T19:45:00+00:00,11,1xBet,5.0,11.0,1.04,9.09,96.15,5.24
1378052,Sassuolo,Juventus,Serie A,2026-01-06T19:45:00+00:00,11,1xBet,7.5,50.0,1.0,2.0,100.0,2.0
1378052,Sassuolo,Juventus,Serie A,2026-01-06T19:45:00+00:00,11,1xBet,5.5,13.5,1.02,7.41,98.04,5.45
1378052,Sassuolo,Juventus,Serie A,2026-01-06T19:45:00+00:00,11,1xBet,6.5,26.0,1.01,3.85,99.01,2.86
1378052,Sassuolo,Juventus,Serie A,2026-01-06T19:45:00+00:00,32,Betano,1.5,1.33,3.4,75.19,29.41,4.6
1378052,Sassuolo,Juventus,Serie A,2026-01-06T19:45:00+00:00,32,Betano,1.75,1.4,3.05,71.43,32.79,4.22
1378052,Sassuolo,Juventus,Serie A,2026-01-06T19:45:00+00:00,32,Betano,2.0,1.5,2.65,66.67,37.74,4.4
1378052,Sassuolo,Juventus,Serie A,2026-01-06T19:45:00+00:00,32,Betano,2.25,1.75,2.15,57.14,46.51,3.65
1378052,Sassuolo,Juventus,Serie A,2026-01-06T19:45:00+00:00,32,Betano,2.5,1.98,1.87,50.51,53.48,3.98
1378052,Sassuolo,Juventus,Serie A,2026-01-06T19:45:00+00:00,32,Betano,2.75,2.25,1.67,44.44,59.88,4.32
1378052,Sassuolo,Juventus,Serie A,2026-01-06T19:45:00+00:00,32,Betano,3.5,3.35,1.33,29.85,75.19,5.04
1378052,Sassuolo,Juventus,Serie A,2026-01-06T19:45:00+00:00,32,Betano,0.5,1.07,8.75,93.46,11.43,4.89
1378052,Sassuolo,Juventus,Serie A,2026-01-06T19:45:00+00:00,32,Betano,3.0,2.75,1.47,36.36,68.03,4.39
1378052,Sassuolo,Juventus,Serie A,2026-01-06T19:45:00+00:00,32,Betano,4.5,6.2,1.12,16.13,89.29,5.41
1378052,Sassuolo,Juventus,Serie A,2026-01-06T19:45:00+00:00,32,Betano,3.25,3.1,1.4,32.26,71.43,3.69
1378052,Sassuolo,Juventus,Serie A,2026-01-06T19:45:00+00:00,32,Betano,5.5,11.0,1.04,9.09,96.15,5.24
1378052,Sassuolo,Juventus,Serie A,2026-01-06T19:45:00+00:00,32,Betano,6.5,16.0,1.01,6.25,99.01,5.26
1378052,Sassuolo,Juventus,Serie A,2026-01-06T19:45:00+00:00,34,Superbet,1.5,1.31,3.45,76.34,28.99,5.32
1378052,Sassuolo,Juventus,Serie A,2026-01-06T19:45:00+00:00,34,Superbet,2.5,1.95,1.85,51.28,54.05,5.34
1378052,Sassuolo,Juventus,Serie A,2026-01-06T19:45:00+00:00,34,Superbet,3.5,3.4,1.32,29.41,75.76,5.17
1378052,Sassuolo,Juventus,Serie A,2026-01-06T19:45:00+00:00,34,Superbet,0.5,1.06,9.7,94.34,10.31,4.65
1378052,Sassuolo,Juventus,Serie A,2026-01-06T19:45:00+00:00,34,Superbet,4.5,6.7,1.11,14.93,90.09,5.02
1378052,Sassuolo,Juventus,Serie A,2026-01-06T19:45:00+00:00,34,Superbet,5.5,14.0,1.03,7.14,97.09,4.23
1378052,Sassuolo,Juventus,Serie A,2026-01-06T19:45:00+00:00,34,Superbet,6.5,31.0,1.01,3.23,99.01,2.24
1379178,West Ham,Nottingham Forest,Premier League,2026-01-06T20:00:00+00:00,1,10Bet,1.5,1.3,3.45,76.92,28.99,5.91
1379178,West Ham,Nottingham Forest,Premier League,2026-01-06T20:00:00+00:00,1,10Bet,2.5,1.9,1.85,52.63,54.05,6.69
1379178,West Ham,Nottingham Forest,Premier League,2026-01-06T20:00:00+00:00,1,10Bet,3.5,3.2,1.33,31.25,75.19,6.44
1379178,West Ham,Nottingham Forest,Premier League,2026-01-06T20:00:00+00:00,1,10Bet,0.5,1.06,8.5,94.34,11.76,6.1
1379178,West Ham,Nottingham Forest,Premier League,2026-01-06T20:00:00+00:00,1,10Bet,4.5,6.25,1.11,16.0,90.09,6.09
1379178,West Ham,Nottingham Forest,Premier League,2026-01-06T20:00:00+00:00,8,Bet365,1.5,1.28,3.75,78.12,26.67,4.79
1379178,West Ham,Nottingham Forest,Premier League,2026-01-06T20:00:00+00:00,8,Bet365,2.5,1.91,1.91,52.36,52.36,4.71
1379178,West Ham,Nottingham Forest,Premier League,2026-01-06T20:00:00+00:00,8,Bet365,3.5,3.2,1.36,31.25,73.53,4.78
1379178,West Ham,Nottingham Forest,Premier League,2026-01-06T20:00:00+00:00,8,Bet365,0.5,1.06,10.0,94.34,10.0,4.34
1379178,West Ham,Nottingham Forest,Premier League,2026-01-06T20:00:00+00:00,8,Bet365,4.5,6.0,1.12,16.67,89.29,5.95
1379178,West Ham,Nottingham Forest,Premier League,2026-01-06T20:00:00+00:00,8,Bet365,7.5,51.0,1.0,1.96,100.0,1.96
1379178,West Ham,Nottingham Forest,Premier League,2026-01-06T20:00:00+00:00,8,Bet365,5.5,13.0,1.04,7.69,96.15,3.85
1379178,West Ham,Nottingham Forest,Premier League,2026-01-06T20:00:00+00:00,8,Bet365,6.5,26.0,1.01,3.85,99.01,2.86
1379178,West Ham,Nottingham Forest,Premier League,2026-01-06T20:00:00+00:00,2,Marathonbet,1.5,1.27,3.36,78.74,29.76,8.5
1379178,West Ham,Nottingham Forest,Premier League,2026-01-06T20:00:00+00:00,2,Marathonbet,1.75,1.33,3.05,75.19,32.79,7.97
1379178,West Ham,Nottingham Forest,Premier League,2026-01-06T20:00:00+00:00,2,Marathonbet,2.0,1.44,2.64,69.44,37.88,7.32
1379178,West Ham,Nottingham Forest,Premier League,2026-01-06T20:00:00+00:00,2,Marathonbet,2.25,1.67,2.13,59.88,46.95,6.83
1379178,West Ham,Nottingham Forest,Premier League,2026-01-06T20:00:00+00:00,2,Marathonbet,2.5,1.93,1.9,51.81,52.63,4.45
1379178,West Ham,Nottingham Forest,Premier League,2026-01-06T20:00:00+00:00,2,Marathonbet,2.75,2.14,1.67,46.73,59.88,6.61
1379178,West Ham,Nottingham Forest,Premier League,2026-01-06T20:00:00+00:00,2,Marathonbet,3.5,3.16,1.3,31.65,76.92,8.57
1379178,West Ham,Nottingham Forest,Premier League,2026-01-06T20:00:00+00:00,2,Marathonbet,0.5,1.0,9.0,100.0,11.11,11.11
1379178,West Ham,Nottingham Forest,Premier League,2026-01-06T20:00:00+00:00,2,Marathonbet,0.75,1.01,8.5,99.01,11.76,10.77
1379178,West Ham,Nottingham Forest,Premier League,2026-01-06T20:00:00+00:00,2,Marathonbet,1.0,1.03,7.9,97.09,12.66,9.75
1379178,West Ham,Nottingham Forest,Premier League,2026-01-06T20:00:00+00:00,2,Marathonbet,1.25,1.14,4.6,87.72,21.74,9.46
1379178,West Ham,Nottingham Forest,Premier League,2026-01-06T20:00:00+00:00,2,Marathonbet,3.0,2.54,1.47,39.37,68.03,7.4
1379178,West Ham,Nottingham Forest,Premier League,2026-01-06T20:00:00+00:00,2,Marathonbet,4.5,5.9,1.07,16.95,93.46,10.41
1379178,West Ham,Nottingham Forest,Premier League,2026-01-06T20:00:00+00:00,2,Marathonbet,3.25,2.86,1.37,34.97,72.99,7.96
1379178,West Ham,Nottingham Forest,Premier League,2026-01-06T20:00:00+00:00,2,Marathonbet,3.75,3.78,1.21,26.46,82.64,9.1
1379178,West Ham,Nottingham Forest,Premier League,2026-01-06T20:00:00+00:00,2,Marathonbet,4.0,5.25,1.1,19.05,90.91,9.96
1379178,West Ham,Nottingham Forest,Premier League,2026-01-06T20:00:00+00:00,2,Marathonbet,4.25,5.55,1.08,18.02,92.59,10.61
1379178,West Ham,Nottingham Forest,Premier League,2026-01-06T20:00:00+00:00,2,Marathonbet,5.0,9.7,1.0,10.31,100.0,10.31
1379178,West Ham,Nottingham Forest,Premier League,2026-01-06T20:00:00+00:00,16,Unibet,1.5,1.27,3.75,78.74,26.67,5.41
1379178,West Ham,Nottingham Forest,Premier League,2026-01-06T20:00:00+00:00,16,Unibet,1.75,1.34,3.25,74.63,30.77,5.4
1379178,West Ham,Nottingham Forest,Premier League,2026-01-06T20:00:00+00:00,16,Unibet,2.0,1.44,2.8,69.44,35.71,5.16
1379178,West Ham,Nottingham Forest,Premier League,2026-01-06T20:00:00+00:00,16,Unibet,2.25,1.68,2.17,59.52,46.08,5.61
1379178,West Ham,Nottingham Forest,Premier League,2026-01-06T20:00:00+00:00,16,Unibet,2.5,1.94,1.87,51.55,53.48,5.02
1379178,West Ham,Nottingham Forest,Premier League,2026-01-06T20:00:00+00:00,16,Unibet,2.75,2.2,1.67,45.45,59.88,5.33
1379178,West Ham,Nottingham Forest,Premier League,2026-01-06T20:00:00+00:00,16,Unibet,3.5,3.35,1.32,29.85,75.76,5.61
1379178,West Ham,Nottingham Forest,Premier League,2026-01-06T20:00:00+00:00,16,Unibet,0.5,1.04,11.0,96.15,9.09,5.24
1379178,West Ham,Nottingham Forest,Premier League,2026-01-06T20:00:00+00:00,16,Unibet,3.0,2.7,1.47,37.04,68.03,5.06
1379178,West Ham,Nottingham Forest,Premier League,2026-01-06T20:00:00+00:00,16,Unibet,4.5,7.0,1.1,14.29,90.91,5.19
1379178,West Ham,Nottingham Forest,Premier League,2026-01-06T20:00:00+00:00,16,Unibet,3.25,3.05,1.38,32.79,72.46,5.25
1379178,West Ham,Nottingham Forest,Premier League,2026-01-06T20:00:00+00:00,16,Unibet,5.5,14.0,1.01,7.14,99.01,6.15
1379178,West Ham,Nottingham Forest,Premier League,2026-01-06T20:00:00+00:00,3,Betfair,1.5,1.25,3.7,80.0,27.03,7.03
1379178,West Ham,Nottingham Forest,Premier League,2026-01-06T20:00:00+00:00,3,Betfair,2.5,1.87,1.87,53.48,53.48,6.95
1379178,West Ham,Nottingham Forest,Premier League,2026-01-06T20:00:00+00:00,3,Betfair,3.5,3.4,1.29,29.41,77.52,6.93
1379178,West Ham,Nottingham Forest,Premier League,2026-01-06T20:00:00+00:00,3,Betfair,0.5,1.02,11.0,98.04,9.09,7.13
1379178,West Ham,Nottingham Forest,Premier League,2026-01-06T20:00:00+00:00,3,Betfair,4.5,7.0,1.08,14.29,92.59,6.88
1379178,West Ham,Nottingham Forest,Premier League,2026-01-06T20:00:00+00:00,3,Betfair,5.5,13.0,1.01,7.69,99.01,6.7
1379178,West Ham,Nottingham Forest,Premier League,2026-01-06T20:00:00+00:00,13,188Bet,2.5,1.96,1.94,51.02,51.55,2.57
1379178,West Ham,Nottingham Forest,Premier League,2026-01-06T20:00:00+00:00,4,Pinnacle,1.5,1.29,3.75,77.52,26.67,4.19
1379178,West Ham,Nottingham Forest,Premier League,2026-01-06T20:00:00+00:00,4,Pinnacle,1.75,1.36,3.29,73.53,30.4,3.92
1379178,West Ham,Nottingham Forest,Premier League,2026-01-06T20:00:00+00:00,4,Pinnacle,2.0,1.46,2.84,68.49,35.21,3.7
1379178,West Ham,Nottingham Forest,Premier League,2026-01-06T20:00:00+00:00,4,Pinnacle,2.25,1.72,2.21,58.14,45.25,3.39
1379178,West Ham,Nottingham Forest,Premier League,2026-01-06T20:00:00+00:00,4,Pinnacle,2.5,1.98,1.91,50.51,52.36,2.86
1379178,West Ham,Nottingham Forest,Premier League,2026-01-06T20:00:00+00:00,4,Pinnacle,2.75,2.23,1.71,44.84,58.48,3.32
1379178,West Ham,Nottingham Forest,Premier League,2026-01-06T20:00:00+00:00,4,Pinnacle,3.5,3.31,1.35,30.21,74.07,4.29
1379178,West Ham,Nottingham Forest,Premier League,2026-01-06T20:00:00+00:00,4,Pinnacle,3.0,2.68,1.51,37.31,66.23,3.54
1379178,West Ham,Nottingham Forest,Premier League,2026-01-06T20:00:00+00:00,4,Pinnacle,3.25,2.99,1.41,33.44,70.92,4.37
1379178,West Ham,Nottingham Forest,Premier League,2026-01-06T20:00:00+00:00,5,SBO,2.25,1.68,2.21,59.52,45.25,4.77
1379178,West Ham,Nottingham Forest,Premier League,2026-01-06T20:00:00+00:00,5,SBO,2.5,1.92,1.94,52.08,51.55,3.63
1379178,West Ham,Nottingham Forest,Premier League,2026-01-06T20:00:00+00:00,5,SBO,2.75,2.16,1.72,46.3,58.14,4.44
1379178,West Ham,Nottingham Forest,Premier League,2026-01-06T20:00:00+00:00,5,SBO,3.0,2.58,1.49,38.76,67.11,5.87
1379178,West Ham,Nottingham Forest,Premier League,2026-01-06T20:00:00+00:00,11,1xBet,1.5,1.27,3.36,78.74,29.76,8.5
1379178,West Ham,Nottingham Forest,Premier League,2026-01-06T20:00:00+00:00,11,1xBet,1.75,1.33,3.05,75.19,32.79,7.97
1379178,West Ham,Nottingham Forest,Premier League,2026-01-06T20:00:00+00:00,11,1xBet,2.0,1.44,2.64,69.44,37.88,7.32
1379178,West Ham,Nottingham Forest,Premier League,2026-01-06T20:00:00+00:00,11,1xBet,2.25,1.67,2.13,59.88,46.95,6.83
1379178,West Ham,Nottingham Forest,Premier League,2026-01-06T20:00:00+00:00,11,1xBet,2.5,1.98,1.96,50.51,51.02,1.53
1379178,West Ham,Nottingham Forest,Premier League,2026-01-06T20:00:00+00:00,11,1xBet,2.75,2.14,1.67,46.73,59.88,6.61
1379178,West Ham,Nottingham Forest,Premier League,2026-01-06T20:00:00+00:00,11,1xBet,3.5,3.16,1.3,31.65,76.92,8.57
1379178,West Ham,Nottingham Forest,Premier League,2026-01-06T20:00:00+00:00,11,1xBet,0.5,1.0,9.0,100.0,11.11,11.11
1379178,West Ham,Nottingham Forest,Premier League,2026-01-06T20:00:00+00:00,11,1xBet,0.75,1.01,8.5,99.01,11.76,10.77
1379178,West Ham,Nottingham Forest,Premier League,2026-01-06T20:00:00+00:00,11,1xBet,1.0,1.03,7.9,97.09,12.66,9.75
1379178,West Ham,Nottingham Forest,Premier League,2026-01-06T20:00:00+00:00,11,1xBet,1.25,1.14,4.6,87.72,21.74,9.46
1379178,West Ham,Nottingham Forest,Premier League,2026-01-06T20:00:00+00:00,11,1xBet,3.0,2.54,1.47,39.37,68.03,7.4
1379178,West Ham,Nottingham Forest,Premier League,2026-01-06T20:00:00+00:00,11,1xBet,4.5,5.9,1.07,16.95,93.46,10.41
1379178,West Ham,Nottingham Forest,Premier League,2026-01-06T20:00:00+00:00,11,1xBet,3.25,2.86,1.37,34.97,72.99,7.96
1379178,West Ham,Nottingham Forest,Premier League,2026-01-06T20:00:00+00:00,11,1xBet,3.75,3.78,1.21,26.46,82.64,9.1
1379178,West Ham,Nottingham Forest,Premier League,2026-01-06T20:00:00+00:00,11,1xBet,4.0,5.25,1.1,19.05,90.91,9.96
1379178,West Ham,Nottingham Forest,Premier League,2026-01-06T20:00:00+00:00,11,1xBet,4.25,5.55,1.08,18.02,92.59,10.61
1379178,West Ham,Nottingham Forest,Premier League,2026-01-06T20:00:00+00:00,11,1xBet,5.0,11.0,1.04,9.09,96.15,5.24
1379178,West Ham,Nottingham Forest,Premier League,2026-01-06T20:00:00+00:00,11,1xBet,7.5,50.0,1.0,2.0,100.0,2.0
1379178,West Ham,Nottingham Forest,Premier League,2026-01-06T20:00:00+00:00,11,1xBet,5.5,13.0,1.02,7.69,98.04,5.73
1379178,West Ham,Nottingham Forest,Premier League,2026-01-06T20:00:00+00:00,11,1xBet,6.5,26.0,1.01,3.85,99.01,2.86
1379178,West Ham,Nottingham Forest,Premier League,2026-01-06T20:00:00+00:00,32,Betano,1.5,1.31,3.45,76.34,28.99,5.32
1379178,West Ham,Nottingham Forest,Premier League,2026-01-06T20:00:00+00:00,32,Betano,1.75,1.39,3.15,71.94,31.75,3.69
1379178,West Ham,Nottingham Forest,Premier League,2026-01-06T20:00:00+00:00,32,Betano,2.0,1.5,2.7,66.67,37.04,3.7
1379178,West Ham,Nottingham Forest,Premier League,2026-01-06T20:00:00+00:00,32,Betano,2.25,1.72,2.18,58.14,45.87,4.01
1379178,West Ham,Nottingham Forest,Premier League,2026-01-06T20:00:00+00:00,32,Betano,2.5,1.95,1.9,51.28,52.63,3.91
1379178,West Ham,Nottingham Forest,Premier League,2026-01-06T20:00:00+00:00,32,Betano,2.75,2.22,1.7,45.05,58.82,3.87
1379178,West Ham,Nottingham Forest,Premier League,2026-01-06T20:00:00+00:00,32,Betano,3.5,3.25,1.34,30.77,74.63,5.4
1379178,West Ham,Nottingham Forest,Premier League,2026-01-06T20:00:00+00:00,32,Betano,0.5,1.07,9.0,93.46,11.11,4.57
1379178,West Ham,Nottingham Forest,Premier League,2026-01-06T20:00:00+00:00,32,Betano,3.0,2.67,1.5,37.45,66.67,4.12
1379178,West Ham,Nottingham Forest,Premier League,2026-01-06T20:00:00+00:00,32,Betano,4.5,6.1,1.13,16.39,88.5,4.89
1379178,West Ham,Nottingham Forest,Premier League,2026-01-06T20:00:00+00:00,32,Betano,3.25,3.0,1.42,33.33,70.42,3.76
1379178,West Ham,Nottingham Forest,Premier League,2026-01-06T20:00:00+00:00,32,Betano,5.5,10.75,1.04,9.3,96.15,5.46
1379178,West Ham,Nottingham Forest,Premier League,2026-01-06T20:00:00+00:00,32,Betano,6.5,16.0,1.02,6.25,98.04,4.29
1379178,West Ham,Nottingham Forest,Premier League,2026-01-06T20:00:00+00:00,34,Superbet,1.5,1.29,3.6,77.52,27.78,5.3
1379178,West Ham,Nottingham Forest,Premier League,2026-01-06T20:00:00+00:00,34,Superbet,2.5,1.92,1.88,52.08,53.19,5.27
1379178,West Ham,Nottingham Forest,Premier League,2026-01-06T20:00:00+00:00,34,Superbet,3.5,3.25,1.34,30.77,74.63,5.4
1379178,West Ham,Nottingham Forest,Premier League,2026-01-06T20:00:00+00:00,34,Superbet,0.5,1.06,9.9,94.34,10.1,4.44
1379178,West Ham,Nottingham Forest,Premier League,2026-01-06T20:00:00+00:00,34,Superbet,4.5,6.4,1.12,15.62,89.29,4.91
1379178,West Ham,Nottingham Forest,Premier League,2026-01-06T20:00:00+00:00,34,Superbet,5.5,13.0,1.04,7.69,96.15,3.85
1379178,West Ham,Nottingham Forest,Premier League,2026-01-06T20:00:00+00:00,34,Superbet,6.5,29.0,1.01,3.45,99.01,2.46
1382729,Livingston,ST Mirren,Premiership,2026-01-06T19:45:00+00:00,1,10Bet,1.5,1.3,3.35,76.92,29.85,6.77
1382729,Livingston,ST Mirren,Premiership,2026-01-06T19:45:00+00:00,1,10Bet,2.5,1.93,1.85,51.81,54.05,5.87
1382729,Livingston,ST Mirren,Premiership,2026-01-06T19:45:00+00:00,1,10Bet,3.5,3.35,1.3,29.85,76.92,6.77
1382729,Livingston,ST Mirren,Premiership,2026-01-06T19:45:00+00:00,1,10Bet,0.5,1.06,8.5,94.34,11.76,6.1
1382729,Livingston,ST Mirren,Premiership,2026-01-06T19:45:00+00:00,1,10Bet,4.5,6.5,1.1,15.38,90.91,6.29
1382729,Livingston,ST Mirren,Premiership,2026-01-06T19:45:00+00:00,8,Bet365,1.5,1.3,3.5,76.92,28.57,5.49
1382729,Livingston,ST Mirren,Premiership,2026-01-06T19:45:00+00:00,8,Bet365,2.5,2.0,1.8,50.0,55.56,5.56
1382729,Livingston,ST Mirren,Premiership,2026-01-06T19:45:00+00:00,8,Bet365,3.5,3.5,1.3,28.57,76.92,5.49
1382729,Livingston,ST Mirren,Premiership,2026-01-06T19:45:00+00:00,8,Bet365,0.5,1.06,10.0,94.34,10.0,4.34
1382729,Livingston,ST Mirren,Premiership,2026-01-06T19:45:00+00:00,8,Bet365,4.5,6.5,1.11,15.38,90.09,5.47
1382729,Livingston,ST Mirren,Premiership,2026-01-06T19:45:00+00:00,8,Bet365,7.5,51.0,1.0,1.96,100.0,1.96
1382729,Livingston,ST Mirren,Premiership,2026-01-06T19:45:00+00:00,8,Bet365,5.5,15.0,1.03,6.67,97.09,3.75
1382729,Livingston,ST Mirren,Premiership,2026-01-06T19:45:00+00:00,8,Bet365,6.5,29.0,1.01,3.45,99.01,2.46
1382729,Livingston,ST Mirren,Premiership,2026-01-06T19:45:00+00:00,2,Marathonbet,1.5,1.28,3.12,78.12,32.05,10.18
1382729,Livingston,ST Mirren,Premiership,2026-01-06T19:45:00+00:00,2,Marathonbet,1.75,1.35,2.81,74.07,35.59,9.66
1382729,Livingston,ST Mirren,Premiership,2026-01-06T19:45:00+00:00,2,Marathonbet,2.0,1.47,2.44,68.03,40.98,9.01
1382729,Livingston,ST Mirren,Premiership,2026-01-06T19:45:00+00:00,2,Marathonbet,2.25,1.72,1.99,58.14,50.25,8.39
1382729,Livingston,ST Mirren,Premiership,2026-01-06T19:45:00+00:00,2,Marathonbet,2.5,1.99,1.79,50.25,55.87,6.12
1382729,Livingston,ST Mirren,Premiership,2026-01-06T19:45:00+00:00,2,Marathonbet,2.75,2.23,1.57,44.84,63.69,8.54
1382729,Livingston,ST Mirren,Premiership,2026-01-06T19:45:00+00:00,2,Marathonbet,3.5,3.3,1.25,30.3,80.0,10.3
1382729,Livingston,ST Mirren,Premiership,2026-01-06T19:45:00+00:00,2,Marathonbet,0.5,1.01,8.7,99.01,11.49,10.5
1382729,Livingston,ST Mirren,Premiership,2026-01-06T19:45:00+00:00,2,Marathonbet,0.75,1.02,8.0,98.04,12.5,10.54
1382729,Livingston,ST Mirren,Premiership,2026-01-06T19:45:00+00:00,2,Marathonbet,1.0,1.03,7.3,97.09,13.7,10.79
1382729,Livingston,ST Mirren,Premiership,2026-01-06T19:45:00+00:00,2,Marathonbet,1.25,1.15,4.25,86.96,23.53,10.49
1382729,Livingston,ST Mirren,Premiership,2026-01-06T19:45:00+00:00,2,Marathonbet,3.0,2.69,1.39,37.17,71.94,9.12
1382729,Livingston,ST Mirren,Premiership,2026-01-06T19:45:00+00:00,2,Marathonbet,4.5,6.45,1.05,15.5,95.24,10.74
1382729,Livingston,ST Mirren,Premiership,2026-01-06T19:45:00+00:00,2,Marathonbet,3.25,3.0,1.31,33.33,76.34,9.67
1382729,Livingston,ST Mirren,Premiership,2026-01-06T19:45:00+00:00,2,Marathonbet,3.75,4.15,1.16,24.1,86.21,10.3
1382729,Livingston,ST Mirren,Premiership,2026-01-06T19:45:00+00:00,2,Marathonbet,4.0,5.7,1.08,17.54,92.59,10.14
1382729,Livingston,ST Mirren,Premiership,2026-01-06T19:45:00+00:00,2,Marathonbet,4.25,6.05,1.06,16.53,94.34,10.87
1382729,Livingston,ST Mirren,Premiership,2026-01-06T19:45:00+00:00,16,Unibet,1.5,1.3,3.1,76.92,32.26,9.18
1382729,Livingston,ST Mirren,Premiership,2026-01-06T19:45:00+00:00,16,Unibet,1.75,1.44,2.65,69.44,37.74,7.18
1382729,Livingston,ST Mirren,Premiership,2026-01-06T19:45:00+00:00,16,Unibet,2.0,1.5,2.33,66.67,42.92,9.59
1382729,Livingston,ST Mirren,Premiership,2026-01-06T19:45:00+00:00,16,Unibet,2.25,1.77,1.91,56.5,52.36,8.85
1382729,Livingston,ST Mirren,Premiership,2026-01-06T19:45:00+00:00,16,Unibet,2.5,2.02,1.68,49.5,59.52,9.03
1382729,Livingston,ST Mirren,Premiership,2026-01-06T19:45:00+00:00,16,Unibet,2.75,2.33,1.52,42.92,65.79,8.71
1382729,Livingston,ST Mirren,Premiership,2026-01-06T19:45:00+00:00,16,Unibet,3.5,3.55,1.24,28.17,80.65,8.81
1382729,Livingston,ST Mirren,Premiership,2026-01-06T19:45:00+00:00,16,Unibet,0.5,1.04,9.0,96.15,11.11,7.26
1382729,Livingston,ST Mirren,Premiership,2026-01-06T19:45:00+00:00,16,Unibet,3.0,2.9,1.35,34.48,74.07,8.56
1382729,Livingston,ST Mirren,Premiership,2026-01-06T19:45:00+00:00,16,Unibet,4.5,6.75,1.07,14.81,93.46,8.27
1382729,Livingston,ST Mirren,Premiership,2026-01-06T19:45:00+00:00,16,Unibet,3.25,3.25,1.28,30.77,78.12,8.89
1382729,Livingston,ST Mirren,Premiership,2026-01-06T19:45:00+00:00,16,Unibet,3.75,4.4,1.16,22.73,86.21,8.93
1382729,Livingston,ST Mirren,Premiership,2026-01-06T19:45:00+00:00,16,Unibet,4.0,6.25,1.08,16.0,92.59,8.59
1382729,Livingston,ST Mirren,Premiership,2026-01-06T19:45:00+00:00,16,Unibet,4.25,6.5,1.07,15.38,93.46,8.84
1382729,Livingston,ST Mirren,Premiership,2026-01-06T19:45:00+00:00,3,Betfair,1.5,1.3,3.4,76.92,29.41,6.33
1382729,Livingston,ST Mirren,Premiership,2026-01-06T19:45:00+00:00,3,Betfair,2.5,2.0,1.8,50.0,55.56,5.56
1382729,Livingston,ST Mirren,Premiership,2026-01-06T19:45:00+00:00,3,Betfair,3.5,3.5,1.29,28.57,77.52,6.09
1382729,Livingston,ST Mirren,Premiership,2026-01-06T19:45:00+00:00,3,Betfair,0.5,1.05,9.0,95.24,11.11,6.35
1382729,Livingston,ST Mirren,Premiership,2026-01-06T19:45:00+00:00,3,Betfair,4.5,7.5,1.08,13.33,92.59,5.93
1382729,Livingston,ST Mirren,Premiership,2026-01-06T19:45:00+00:00,3,Betfair,5.5,15.0,1.01,6.67,99.01,5.68
1382729,Livingston,ST Mirren,Premiership,2026-01-06T19:45:00+00:00,13,188Bet,2.5,2.02,1.86,49.5,53.76,3.27
1382729,Livingston,ST Mirren,Premiership,2026-01-06T19:45:00+00:00,4,Pinnacle,1.5,1.32,3.45,75.76,28.99,4.74
1382729,Livingston,ST Mirren,Premiership,2026-01-06T19:45:00+00:00,4,Pinnacle,2.0,1.52,2.6,65.79,38.46,4.25
1382729,Livingston,ST Mirren,Premiership,2026-01-06T19:45:00+00:00,4,Pinnacle,2.25,1.79,2.08,55.87,48.08,3.94
1382729,Livingston,ST Mirren,Premiership,2026-01-06T19:45:00+00:00,4,Pinnacle,2.5,2.06,1.82,48.54,54.95,3.49
1382729,Livingston,ST Mirren,Premiership,2026-01-06T19:45:00+00:00,4,Pinnacle,2.75,2.36,1.62,42.37,61.73,4.1
1382729,Livingston,ST Mirren,Premiership,2026-01-06T19:45:00+00:00,4,Pinnacle,3.5,3.61,1.3,27.7,76.92,4.62
1382729,Livingston,ST Mirren,Premiership,2026-01-06T19:45:00+00:00,4,Pinnacle,3.0,2.91,1.43,34.36,69.93,4.29
1382729,Livingston,ST Mirren,Premiership,2026-01-06T19:45:00+00:00,4,Pinnacle,4.5,7.18,1.11,13.93,90.09,4.02
1382729,Livingston,ST Mirren,Premiership,2026-01-06T19:45:00+00:00,5,SBO,2.25,1.77,2.07,56.5,48.31,4.81
1382729,Livingston,ST Mirren,Premiership,2026-01-06T19:45:00+00:00,5,SBO,2.5,2.01,1.83,49.75,54.64,4.4
1382729,Livingston,ST Mirren,Premiership,2026-01-06T19:45:00+00:00,11,1xBet,1.5,1.28,3.12,78.12,32.05,10.18
1382729,Livingston,ST Mirren,Premiership,2026-01-06T19:45:00+00:00,11,1xBet,1.75,1.35,2.81,74.07,35.59,9.66
1382729,Livingston,ST Mirren,Premiership,2026-01-06T19:45:00+00:00,11,1xBet,2.0,1.47,2.44,68.03,40.98,9.01
1382729,Livingston,ST Mirren,Premiership,2026-01-06T19:45:00+00:00,11,1xBet,2.25,1.72,1.99,58.14,50.25,8.39
1382729,Livingston,ST Mirren,Premiership,2026-01-06T19:45:00+00:00,11,1xBet,2.5,1.99,1.79,50.25,55.87,6.12
1382729,Livingston,ST Mirren,Premiership,2026-01-06T19:45:00+00:00,11,1xBet,2.75,2.23,1.57,44.84,63.69,8.54
1382729,Livingston,ST Mirren,Premiership,2026-01-06T19:45:00+00:00,11,1xBet,3.5,3.3,1.25,30.3,80.0,10.3
1382729,Livingston,ST Mirren,Premiership,2026-01-06T19:45:00+00:00,11,1xBet,0.5,1.01,8.7,99.01,11.49,10.5
1382729,Livingston,ST Mirren,Premiership,2026-01-06T19:45:00+00:00,11,1xBet,0.75,1.02,8.0,98.04,12.5,10.54
1382729,Livingston,ST Mirren,Premiership,2026-01-06T19:45:00+00:00,11,1xBet,1.0,1.03,7.3,97.09,13.7,10.79
1382729,Livingston,ST Mirren,Premiership,2026-01-06T19:45:00+00:00,11,1xBet,1.25,1.15,4.25,86.96,23.53,10.49
1382729,Livingston,ST Mirren,Premiership,2026-01-06T19:45:00+00:00,11,1xBet,3.0,2.69,1.39,37.17,71.94,9.12
1382729,Livingston,ST Mirren,Premiership,2026-01-06T19:45:00+00:00,11,1xBet,4.5,6.45,1.05,15.5,95.24,10.74
1382729,Livingston,ST Mirren,Premiership,2026-01-06T19:45:00+00:00,11,1xBet,3.25,3.0,1.31,33.33,76.34,9.67
1382729,Livingston,ST Mirren,Premiership,2026-01-06T19:45:00+00:00,11,1xBet,3.75,4.15,1.16,24.1,86.21,10.3
1382729,Livingston,ST Mirren,Premiership,2026-01-06T19:45:00+00:00,11,1xBet,4.0,5.7,1.08,17.54,92.59,10.14
1382729,Livingston,ST Mirren,Premiership,2026-01-06T19:45:00+00:00,11,1xBet,4.25,6.05,1.06,16.53,94.34,10.87
1382729,Livingston,ST Mirren,Premiership,2026-01-06T19:45:00+00:00,11,1xBet,5.0,9.6,1.02,10.42,98.04,8.46
1382729,Livingston,ST Mirren,Premiership,2026-01-06T19:45:00+00:00,11,1xBet,7.5,50.0,1.0,2.0,100.0,2.0
1382729,Livingston,ST Mirren,Premiership,2026-01-06T19:45:00+00:00,11,1xBet,5.5,12.0,1.02,8.33,98.04,6.37
1382729,Livingston,ST Mirren,Premiership,2026-01-06T19:45:00+00:00,11,1xBet,6.5,29.0,1.01,3.45,99.01,2.46
1382729,Livingston,ST Mirren,Premiership,2026-01-06T19:45:00+00:00,32,Betano,1.5,1.35,3.25,74.07,30.77,4.84
1382729,Livingston,ST Mirren,Premiership,2026-01-06T19:45:00+00:00,32,Betano,1.75,1.44,2.92,69.44,34.25,3.69
1382729,Livingston,ST Mirren,Premiership,2026-01-06T19:45:00+00:00,32,Betano,2.0,1.55,2.55,64.52,39.22,3.73
1382729,Livingston,ST Mirren,Premiership,2026-01-06T19:45:00+00:00,32,Betano,2.25,1.8,2.07,55.56,48.31,3.86
1382729,Livingston,ST Mirren,Premiership,2026-01-06T19:45:00+00:00,32,Betano,2.5,2.05,1.82,48.78,54.95,3.73
1382729,Livingston,ST Mirren,Premiership,2026-01-06T19:45:00+00:00,32,Betano,2.75,2.35,1.62,42.55,61.73,4.28
1382729,Livingston,ST Mirren,Premiership,2026-01-06T19:45:00+00:00,32,Betano,3.5,3.5,1.31,28.57,76.34,4.91
1382729,Livingston,ST Mirren,Premiership,2026-01-06T19:45:00+00:00,32,Betano,0.5,1.07,8.5,93.46,11.76,5.22
1382729,Livingston,ST Mirren,Premiership,2026-01-06T19:45:00+00:00,32,Betano,3.0,2.87,1.44,34.84,69.44,4.29
1382729,Livingston,ST Mirren,Premiership,2026-01-06T19:45:00+00:00,32,Betano,4.5,6.6,1.11,15.15,90.09,5.24
1382729,Livingston,ST Mirren,Premiership,2026-01-06T19:45:00+00:00,32,Betano,3.25,3.25,1.37,30.77,72.99,3.76
1382729,Livingston,ST Mirren,Premiership,2026-01-06T19:45:00+00:00,32,Betano,5.5,11.5,1.04,8.7,96.15,4.85
1382729,Livingston,ST Mirren,Premiership,2026-01-06T19:45:00+00:00,32,Betano,6.5,16.5,1.01,6.06,99.01,5.07
1382729,Livingston,ST Mirren,Premiership,2026-01-06T19:45:00+00:00,34,Superbet,1.5,1.33,3.35,75.19,29.85,5.04
1382729,Livingston,ST Mirren,Premiership,2026-01-06T19:45:00+00:00,34,Superbet,2.5,2.02,1.8,49.5,55.56,5.06
1382729,Livingston,ST Mirren,Premiership,2026-01-06T19:45:00+00:00,34,Superbet,3.5,3.55,1.3,28.17,76.92,5.09
1382729,Livingston,ST Mirren,Premiership,2026-01-06T19:45:00+00:00,34,Superbet,0.5,1.06,9.5,94.34,10.53,4.87
1382729,Livingston,ST Mirren,Premiership,2026-01-06T19:45:00+00:00,34,Superbet,4.5,7.0,1.1,14.29,90.91,5.19
1382729,Livingston,ST Mirren,Premiership,2026-01-06T19:45:00+00:00,34,Superbet,5.5,15.0,1.03,6.67,97.09,3.75
1382729,Livingston,ST Mirren,Premiership,2026-01-06T19:45:00+00:00,34,Superbet,6.5,34.0,1.01,2.94,99.01,1.95
1382731,Rangers,Aberdeen,Premiership,2026-01-06T20:00:00+00:00,1,10Bet,1.5,1.2,4.33,83.33,23.09,6.43
1382731,Rangers,Aberdeen,Premiership,2026-01-06T20:00:00+00:00,1,10Bet,2.5,1.65,2.2,60.61,45.45,6.06
1382731,Rangers,Aberdeen,Premiership,2026-01-06T20:00:00+00:00,1,10Bet,3.5,2.55,1.5,39.22,66.67,5.88
1382731,Rangers,Aberdeen,Premiership,2026-01-06T20:00:00+00:00,1,10Bet,0.5,1.04,10.0,96.15,10.0,6.15
1382731,Rangers,Aberdeen,Premiership,2026-01-06T20:00:00+00:00,1,10Bet,4.5,4.5,1.2,22.22,83.33,5.56
1382731,Rangers,Aberdeen,Premiership,2026-01-06T20:00:00+00:00,8,Bet365,1.5,1.2,4.5,83.33,22.22,5.56
1382731,Rangers,Aberdeen,Premiership,2026-01-06T20:00:00+00:00,8,Bet365,2.5,1.67,2.2,59.88,45.45,5.33
1382731,Rangers,Aberdeen,Premiership,2026-01-06T20:00:00+00:00,8,Bet365,3.5,2.62,1.5,38.17,66.67,4.83
1382731,Rangers,Aberdeen,Premiership,2026-01-06T20:00:00+00:00,8,Bet365,0.5,1.04,13.0,96.15,7.69,3.85
1382731,Rangers,Aberdeen,Premiership,2026-01-06T20:00:00+00:00,8,Bet365,4.5,4.5,1.2,22.22,83.33,5.56
1382731,Rangers,Aberdeen,Premiership,2026-01-06T20:00:00+00:00,8,Bet365,7.5,34.0,1.0,2.94,100.0,2.94
1382731,Rangers,Aberdeen,Premiership,2026-01-06T20:00:00+00:00,8,Bet365,5.5,9.0,1.07,11.11,93.46,4.57
1382731,Rangers,Aberdeen,Premiership,2026-01-06T20:00:00+00:00,8,Bet365,6.5,19.0,1.02,5.26,98.04,3.3
1382731,Rangers,Aberdeen,Premiership,2026-01-06T20:00:00+00:00,2,Marathonbet,1.5,1.16,4.15,86.21,24.1,10.3
1382731,Rangers,Aberdeen,Premiership,2026-01-06T20:00:00+00:00,2,Marathonbet,1.75,1.21,3.7,82.64,27.03,9.67
1382731,Rangers,Aberdeen,Premiership,2026-01-06T20:00:00+00:00,2,Marathonbet,2.0,1.26,3.36,79.37,29.76,9.13
1382731,Rangers,Aberdeen,Premiership,2026-01-06T20:00:00+00:00,2,Marathonbet,2.25,1.44,2.55,69.44,39.22,8.66
1382731,Rangers,Aberdeen,Premiership,2026-01-06T20:00:00+00:00,2,Marathonbet,2.5,1.65,2.19,60.61,45.66,6.27
1382731,Rangers,Aberdeen,Premiership,2026-01-06T20:00:00+00:00,2,Marathonbet,2.75,1.77,1.93,56.5,51.81,8.31
1382731,Rangers,Aberdeen,Premiership,2026-01-06T20:00:00+00:00,2,Marathonbet,3.5,2.48,1.43,40.32,69.93,10.25
1382731,Rangers,Aberdeen,Premiership,2026-01-06T20:00:00+00:00,2,Marathonbet,0.5,1.0,9.2,100.0,10.87,10.87
1382731,Rangers,Aberdeen,Premiership,2026-01-06T20:00:00+00:00,2,Marathonbet,0.75,1.0,9.2,100.0,10.87,10.87
1382731,Rangers,Aberdeen,Premiership,2026-01-06T20:00:00+00:00,2,Marathonbet,1.0,1.0,9.1,100.0,10.99,10.99
1382731,Rangers,Aberdeen,Premiership,2026-01-06T20:00:00+00:00,2,Marathonbet,1.25,1.08,5.7,92.59,17.54,10.14
1382731,Rangers,Aberdeen,Premiership,2026-01-06T20:00:00+00:00,2,Marathonbet,3.0,1.99,1.7,50.25,58.82,9.07
1382731,Rangers,Aberdeen,Premiership,2026-01-06T20:00:00+00:00,2,Marathonbet,4.5,4.4,1.14,22.73,87.72,10.45
1382731,Rangers,Aberdeen,Premiership,2026-01-06T20:00:00+00:00,2,Marathonbet,3.25,2.25,1.53,44.44,65.36,9.8
1382731,Rangers,Aberdeen,Premiership,2026-01-06T20:00:00+00:00,2,Marathonbet,3.75,2.92,1.31,34.25,76.34,10.58
1382731,Rangers,Aberdeen,Premiership,2026-01-06T20:00:00+00:00,2,Marathonbet,4.0,3.75,1.19,26.67,84.03,10.7
1382731,Rangers,Aberdeen,Premiership,2026-01-06T20:00:00+00:00,2,Marathonbet,4.25,4.1,1.16,24.39,86.21,10.6
1382731,Rangers,Aberdeen,Premiership,2026-01-06T20:00:00+00:00,2,Marathonbet,4.75,5.5,1.08,18.18,92.59,10.77
1382731,Rangers,Aberdeen,Premiership,2026-01-06T20:00:00+00:00,2,Marathonbet,5.0,7.6,1.03,13.16,97.09,10.25
1382731,Rangers,Aberdeen,Premiership,2026-01-06T20:00:00+00:00,2,Marathonbet,5.5,8.2,1.02,12.2,98.04,10.23
1382731,Rangers,Aberdeen,Premiership,2026-01-06T20:00:00+00:00,16,Unibet,1.5,1.17,4.25,85.47,23.53,9.0
1382731,Rangers,Aberdeen,Premiership,2026-01-06T20:00:00+00:00,16,Unibet,1.75,1.24,3.9,80.65,25.64,6.29
1382731,Rangers,Aberdeen,Premiership,2026-01-06T20:00:00+00:00,16,Unibet,2.0,1.25,3.45,80.0,28.99,8.99
1382731,Rangers,Aberdeen,Premiership,2026-01-06T20:00:00+00:00,16,Unibet,2.25,1.43,2.6,69.93,38.46,8.39
1382731,Rangers,Aberdeen,Premiership,2026-01-06T20:00:00+00:00,16,Unibet,2.5,1.6,2.17,62.5,46.08,8.58
1382731,Rangers,Aberdeen,Premiership,2026-01-06T20:00:00+00:00,16,Unibet,2.75,1.75,1.94,57.14,51.55,8.69
1382731,Rangers,Aberdeen,Premiership,2026-01-06T20:00:00+00:00,16,Unibet,3.5,2.55,1.45,39.22,68.97,8.18
1382731,Rangers,Aberdeen,Premiership,2026-01-06T20:00:00+00:00,16,Unibet,1.25,1.11,6.25,90.09,16.0,6.09
1382731,Rangers,Aberdeen,Premiership,2026-01-06T20:00:00+00:00,16,Unibet,3.0,2.0,1.71,50.0,58.48,8.48
1382731,Rangers,Aberdeen,Premiership,2026-01-06T20:00:00+00:00,16,Unibet,4.5,4.5,1.16,22.22,86.21,8.43
1382731,Rangers,Aberdeen,Premiership,2026-01-06T20:00:00+00:00,16,Unibet,3.25,2.28,1.55,43.86,64.52,8.38
1382731,Rangers,Aberdeen,Premiership,2026-01-06T20:00:00+00:00,16,Unibet,3.75,3.0,1.33,33.33,75.19,8.52
1382731,Rangers,Aberdeen,Premiership,2026-01-06T20:00:00+00:00,16,Unibet,4.0,3.85,1.21,25.97,82.64,8.62
1382731,Rangers,Aberdeen,Premiership,2026-01-06T20:00:00+00:00,16,Unibet,4.25,4.2,1.18,23.81,84.75,8.56
1382731,Rangers,Aberdeen,Premiership,2026-01-06T20:00:00+00:00,16,Unibet,4.75,5.5,1.1,18.18,90.91,9.09
1382731,Rangers,Aberdeen,Premiership,2026-01-06T20:00:00+00:00,16,Unibet,5.0,7.5,1.06,13.33,94.34,7.67
1382731,Rangers,Aberdeen,Premiership,2026-01-06T20:00:00+00:00,16,Unibet,5.5,10.0,1.02,10.0,98.04,8.04
1382731,Rangers,Aberdeen,Premiership,2026-01-06T20:00:00+00:00,3,Betfair,1.5,1.2,4.5,83.33,22.22,5.56
1382731,Rangers,Aberdeen,Premiership,2026-01-06T20:00:00+00:00,3,Betfair,2.5,1.62,2.25,61.73,44.44,6.17
1382731,Rangers,Aberdeen,Premiership,2026-01-06T20:00:00+00:00,3,Betfair,3.5,2.63,1.47,38.02,68.03,6.05
1382731,Rangers,Aberdeen,Premiership,2026-01-06T20:00:00+00:00,3,Betfair,0.5,1.01,15.0,99.01,6.67,5.68
1382731,Rangers,Aberdeen,Premiership,2026-01-06T20:00:00+00:00,3,Betfair,4.5,5.0,1.17,20.0,85.47,5.47
1382731,Rangers,Aberdeen,Premiership,2026-01-06T20:00:00+00:00,3,Betfair,5.5,9.0,1.06,11.11,94.34,5.45
1382731,Rangers,Aberdeen,Premiership,2026-01-06T20:00:00+00:00,3,Betfair,6.5,17.0,1.01,5.88,99.01,4.89
1382731,Rangers,Aberdeen,Premiership,2026-01-06T20:00:00+00:00,13,188Bet,2.75,1.85,2.03,54.05,49.26,3.32
1382731,Rangers,Aberdeen,Premiership,2026-01-06T20:00:00+00:00,4,Pinnacle,1.5,1.2,4.66,83.33,21.46,4.79
1382731,Rangers,Aberdeen,Premiership,2026-01-06T20:00:00+00:00,4,Pinnacle,2.25,1.49,2.7,67.11,37.04,4.15
1382731,Rangers,Aberdeen,Premiership,2026-01-06T20:00:00+00:00,4,Pinnacle,2.5,1.69,2.24,59.17,44.64,3.81
1382731,Rangers,Aberdeen,Premiership,2026-01-06T20:00:00+00:00,4,Pinnacle,2.75,1.85,2.02,54.05,49.5,3.56
1382731,Rangers,Aberdeen,Premiership,2026-01-06T20:00:00+00:00,4,Pinnacle,3.5,2.63,1.5,38.02,66.67,4.69
1382731,Rangers,Aberdeen,Premiership,2026-01-06T20:00:00+00:00,4,Pinnacle,3.0,2.1,1.78,47.62,56.18,3.8
1382731,Rangers,Aberdeen,Premiership,2026-01-06T20:00:00+00:00,4,Pinnacle,4.5,4.89,1.19,20.45,84.03,4.48
1382731,Rangers,Aberdeen,Premiership,2026-01-06T20:00:00+00:00,4,Pinnacle,3.25,2.37,1.61,42.19,62.11,4.31
1382731,Rangers,Aberdeen,Premiership,2026-01-06T20:00:00+00:00,5,SBO,2.5,1.71,2.14,58.48,46.73,5.21
1382731,Rangers,Aberdeen,Premiership,2026-01-06T20:00:00+00:00,5,SBO,2.75,1.82,2.02,54.95,49.5,4.45
1382731,Rangers,Aberdeen,Premiership,2026-01-06T20:00:00+00:00,5,SBO,3.0,2.11,1.74,47.39,57.47,4.86
1382731,Rangers,Aberdeen,Premiership,2026-01-06T20:00:00+00:00,11,1xBet,1.5,1.16,4.15,86.21,24.1,10.3
1382731,Rangers,Aberdeen,Premiership,2026-01-06T20:00:00+00:00,11,1xBet,1.75,1.21,3.7,82.64,27.03,9.67
1382731,Rangers,Aberdeen,Premiership,2026-01-06T20:00:00+00:00,11,1xBet,2.0,1.26,3.36,79.37,29.76,9.13
1382731,Rangers,Aberdeen,Premiership,2026-01-06T20:00:00+00:00,11,1xBet,2.25,1.44,2.55,69.44,39.22,8.66
1382731,Rangers,Aberdeen,Premiership,2026-01-06T20:00:00+00:00,11,1xBet,2.5,1.65,2.19,60.61,45.66,6.27
1382731,Rangers,Aberdeen,Premiership,2026-01-06T20:00:00+00:00,11,1xBet,2.75,1.77,1.93,56.5,51.81,8.31
1382731,Rangers,Aberdeen,Premiership,2026-01-06T20:00:00+00:00,11,1xBet,3.5,2.48,1.43,40.32,69.93,10.25
1382731,Rangers,Aberdeen,Premiership,2026-01-06T20:00:00+00:00,11,1xBet,0.5,1.03,11.9,97.09,8.4,5.49
1382731,Rangers,Aberdeen,Premiership,2026-01-06T20:00:00+00:00,11,1xBet,0.75,1.0,9.2,100.0,10.87,10.87
1382731,Rangers,Aberdeen,Premiership,2026-01-06T20:00:00+00:00,11,1xBet,1.0,1.03,8.9,97.09,11.24,8.32
1382731,Rangers,Aberdeen,Premiership,2026-01-06T20:00:00+00:00,11,1xBet,1.25,1.08,5.7,92.59,17.54,10.14
1382731,Rangers,Aberdeen,Premiership,2026-01-06T20:00:00+00:00,11,1xBet,3.0,1.99,1.7,50.25,58.82,9.07
1382731,Rangers,Aberdeen,Premiership,2026-01-06T20:00:00+00:00,11,1xBet,4.5,4.4,1.14,22.73,87.72,10.45
1382731,Rangers,Aberdeen,Premiership,2026-01-06T20:00:00+00:00,11,1xBet,3.25,2.25,1.53,44.44,65.36,9.8
1382731,Rangers,Aberdeen,Premiership,2026-01-06T20:00:00+00:00,11,1xBet,3.75,2.92,1.31,34.25,76.34,10.58
1382731,Rangers,Aberdeen,Premiership,2026-01-06T20:00:00+00:00,11,1xBet,4.0,3.75,1.19,26.67,84.03,10.7
1382731,Rangers,Aberdeen,Premiership,2026-01-06T20:00:00+00:00,11,1xBet,4.25,4.1,1.16,24.39,86.21,10.6
1382731,Rangers,Aberdeen,Premiership,2026-01-06T20:00:00+00:00,11,1xBet,4.75,5.5,1.08,18.18,92.59,10.77
1382731,Rangers,Aberdeen,Premiership,2026-01-06T20:00:00+00:00,11,1xBet,5.0,7.6,1.03,13.16,97.09,10.25
1382731,Rangers,Aberdeen,Premiership,2026-01-06T20:00:00+00:00,11,1xBet,7.5,34.0,1.0,2.94,100.0,2.94
1382731,Rangers,Aberdeen,Premiership,2026-01-06T20:00:00+00:00,11,1xBet,5.5,8.2,1.02,12.2,98.04,10.23
1382731,Rangers,Aberdeen,Premiership,2026-01-06T20:00:00+00:00,11,1xBet,6.5,19.0,1.02,5.26,98.04,3.3
1382731,Rangers,Aberdeen,Premiership,2026-01-06T20:00:00+00:00,32,Betano,1.5,1.22,4.3,81.97,23.26,5.22
1382731,Rangers,Aberdeen,Premiership,2026-01-06T20:00:00+00:00,32,Betano,2.0,1.4,3.05,71.43,32.79,4.22
1382731,Rangers,Aberdeen,Premiership,2026-01-06T20:00:00+00:00,32,Betano,2.25,1.5,2.67,66.67,37.45,4.12
1382731,Rangers,Aberdeen,Premiership,2026-01-06T20:00:00+00:00,32,Betano,2.5,1.67,2.25,59.88,44.44,4.32
1382731,Rangers,Aberdeen,Premiership,2026-01-06T20:00:00+00:00,32,Betano,2.75,1.83,2.02,54.64,49.5,4.15
1382731,Rangers,Aberdeen,Premiership,2026-01-06T20:00:00+00:00,32,Betano,3.5,2.62,1.52,38.17,65.79,3.96
1382731,Rangers,Aberdeen,Premiership,2026-01-06T20:00:00+00:00,32,Betano,0.5,1.05,10.5,95.24,9.52,4.76
1382731,Rangers,Aberdeen,Premiership,2026-01-06T20:00:00+00:00,32,Betano,3.0,2.1,1.78,47.62,56.18,3.8
1382731,Rangers,Aberdeen,Premiership,2026-01-06T20:00:00+00:00,32,Betano,4.5,4.5,1.21,22.22,82.64,4.87
1382731,Rangers,Aberdeen,Premiership,2026-01-06T20:00:00+00:00,32,Betano,3.25,2.37,1.62,42.19,61.73,3.92
1382731,Rangers,Aberdeen,Premiership,2026-01-06T20:00:00+00:00,32,Betano,3.75,3.1,1.39,32.26,71.94,4.2
1382731,Rangers,Aberdeen,Premiership,2026-01-06T20:00:00+00:00,32,Betano,5.5,8.0,1.08,12.5,92.59,5.09
1382731,Rangers,Aberdeen,Premiership,2026-01-06T20:00:00+00:00,32,Betano,6.5,13.0,1.03,7.69,97.09,4.78
1382731,Rangers,Aberdeen,Premiership,2026-01-06T20:00:00+00:00,34,Superbet,1.5,1.2,4.55,83.33,21.98,5.31
1382731,Rangers,Aberdeen,Premiership,2026-01-06T20:00:00+00:00,34,Superbet,2.5,1.66,2.25,60.24,44.44,4.69
1382731,Rangers,Aberdeen,Premiership,2026-01-06T20:00:00+00:00,34,Superbet,3.5,2.62,1.5,38.17,66.67,4.83
1382731,Rangers,Aberdeen,Premiership,2026-01-06T20:00:00+00:00,34,Superbet,0.5,1.04,13.0,96.15,7.69,3.85
1382731,Rangers,Aberdeen,Premiership,2026-01-06T20:00:00+00:00,34,Superbet,4.5,4.7,1.19,21.28,84.03,5.31
1382731,Rangers,Aberdeen,Premiership,2026-01-06T20:00:00+00:00,34,Superbet,5.5,9.0,1.07,11.11,93.46,4.57
1382731,Rangers,Aberdeen,Premiership,2026-01-06T20:00:00+00:00,34,Superbet,6.5,19.0,1.02,5.26,98.04,3.3
1395546,Penrhyncoch,Caersws,FAW Championship,2026-01-06T19:45:00+00:00,8,Bet365,2.5,1.57,2.35,63.69,42.55,6.25
1395546,Penrhyncoch,Caersws,FAW Championship,2026-01-06T19:45:00+00:00,2,Marathonbet,1.5,1.12,4.75,89.29,21.05,10.34
1395546,Penrhyncoch,Caersws,FAW Championship,2026-01-06T19:45:00+00:00,2,Marathonbet,1.75,1.15,4.3,86.96,23.26,10.21
1395546,Penrhyncoch,Caersws,FAW Championship,2026-01-06T19:45:00+00:00,2,Marathonbet,2.0,1.18,3.9,84.75,25.64,10.39
1395546,Penrhyncoch,Caersws,FAW Championship,2026-01-06T19:45:00+00:00,2,Marathonbet,2.25,1.33,2.83,75.19,35.34,10.52
1395546,Penrhyncoch,Caersws,FAW Championship,2026-01-06T19:45:00+00:00,2,Marathonbet,2.5,1.49,2.3,67.11,43.48,10.59
1395546,Penrhyncoch,Caersws,FAW Championship,2026-01-06T19:45:00+00:00,2,Marathonbet,2.75,1.61,2.07,62.11,48.31,10.42
1395546,Penrhyncoch,Caersws,FAW Championship,2026-01-06T19:45:00+00:00,2,Marathonbet,3.5,2.34,1.52,42.74,65.79,8.52
1395546,Penrhyncoch,Caersws,FAW Championship,2026-01-06T19:45:00+00:00,2,Marathonbet,3.0,1.81,1.81,55.25,55.25,10.5
1395546,Penrhyncoch,Caersws,FAW Championship,2026-01-06T19:45:00+00:00,2,Marathonbet,4.5,4.05,1.16,24.69,86.21,10.9
1395546,Penrhyncoch,Caersws,FAW Championship,2026-01-06T19:45:00+00:00,2,Marathonbet,3.25,2.05,1.62,48.78,61.73,10.51
1395546,Penrhyncoch,Caersws,FAW Championship,2026-01-06T19:45:00+00:00,2,Marathonbet,3.75,2.69,1.36,37.17,73.53,10.7
1395546,Penrhyncoch,Caersws,FAW Championship,2026-01-06T19:45:00+00:00,2,Marathonbet,4.0,3.34,1.24,29.94,80.65,10.59
1395546,Penrhyncoch,Caersws,FAW Championship,2026-01-06T19:45:00+00:00,2,Marathonbet,4.25,3.72,1.2,26.88,83.33,10.22
1395546,Penrhyncoch,Caersws,FAW Championship,2026-01-06T19:45:00+00:00,2,Marathonbet,5.0,7.1,1.04,14.08,96.15,10.24
1395546,Penrhyncoch,Caersws,FAW Championship,2026-01-06T19:45:00+00:00,3,Betfair,1.5,1.13,5.2,88.5,19.23,7.73
1395546,Penrhyncoch,Caersws,FAW Championship,2026-01-06T19:45:00+00:00,3,Betfair,2.5,1.5,2.4,66.67,41.67,8.33
1395546,Penrhyncoch,Caersws,FAW Championship,2026-01-06T19:45:00+00:00,3,Betfair,3.5,2.4,1.5,41.67,66.67,8.33
1395546,Penrhyncoch,Caersws,FAW Championship,2026-01-06T19:45:00+00:00,3,Betfair,0.5,1.01,17.0,99.01,5.88,4.89
1395546,Penrhyncoch,Caersws,FAW Championship,2026-01-06T19:45:00+00:00,3,Betfair,4.5,4.0,1.2,25.0,83.33,8.33
1395546,Penrhyncoch,Caersws,FAW Championship,2026-01-06T19:45:00+00:00,3,Betfair,5.5,8.0,1.05,12.5,95.24,7.74
1395546,Penrhyncoch,Caersws,FAW Championship,2026-01-06T19:45:00+00:00,13,188Bet,3.0,1.86,1.86,53.76,53.76,7.53
1395546,Penrhyncoch,Caersws,FAW Championship,2026-01-06T19:45:00+00:00,4,Pinnacle,2.25,1.39,2.76,71.94,36.23,8.17
1395546,Penrhyncoch,Caersws,FAW Championship,2026-01-06T19:45:00+00:00,4,Pinnacle,2.5,1.55,2.3,64.52,43.48,7.99
1395546,Penrhyncoch,Caersws,FAW Championship,2026-01-06T19:45:00+00:00,4,Pinnacle,2.75,1.68,2.09,59.52,47.85,7.37
1395546,Penrhyncoch,Caersws,FAW Championship,2026-01-06T19:45:00+00:00,4,Pinnacle,3.5,2.34,1.53,42.74,65.36,8.09
1395546,Penrhyncoch,Caersws,FAW Championship,2026-01-06T19:45:00+00:00,4,Pinnacle,3.0,1.89,1.86,52.91,53.76,6.67
1395546,Penrhyncoch,Caersws,FAW Championship,2026-01-06T19:45:00+00:00,4,Pinnacle,3.25,2.12,1.66,47.17,60.24,7.41
1395546,Penrhyncoch,Caersws,FAW Championship,2026-01-06T19:45:00+00:00,4,Pinnacle,3.75,2.7,1.4,37.04,71.43,8.47
1395546,Penrhyncoch,Caersws,FAW Championship,2026-01-06T19:45:00+00:00,11,1xBet,1.5,1.16,4.6,86.21,21.74,7.95
1395546,Penrhyncoch,Caersws,FAW Championship,2026-01-06T19:45:00+00:00,11,1xBet,1.75,1.15,4.3,86.96,23.26,10.21
1395546,Penrhyncoch,Caersws,FAW Championship,2026-01-06T19:45:00+00:00,11,1xBet,2.0,1.18,3.9,84.75,25.64,10.39
1395546,Penrhyncoch,Caersws,FAW Championship,2026-01-06T19:45:00+00:00,11,1xBet,2.25,1.33,2.83,75.19,35.34,10.52
1395546,Penrhyncoch,Caersws,FAW Championship,2026-01-06T19:45:00+00:00,11,1xBet,2.5,1.49,2.3,67.11,43.48,10.59
1395546,Penrhyncoch,Caersws,FAW Championship,2026-01-06T19:45:00+00:00,11,1xBet,2.75,1.61,2.07,62.11,48.31,10.42
1395546,Penrhyncoch,Caersws,FAW Championship,2026-01-06T19:45:00+00:00,11,1xBet,3.5,2.34,1.52,42.74,65.79,8.52
1395546,Penrhyncoch,Caersws,FAW Championship,2026-01-06T19:45:00+00:00,11,1xBet,0.5,1.02,15.0,98.04,6.67,4.71
1395546,Penrhyncoch,Caersws,FAW Championship,2026-01-06T19:45:00+00:00,11,1xBet,3.0,1.81,1.81,55.25,55.25,10.5
1395546,Penrhyncoch,Caersws,FAW Championship,2026-01-06T19:45:00+00:00,11,1xBet,4.5,4.05,1.16,24.69,86.21,10.9
1395546,Penrhyncoch,Caersws,FAW Championship,2026-01-06T19:45:00+00:00,11,1xBet,3.25,2.05,1.62,48.78,61.73,10.51
1395546,Penrhyncoch,Caersws,FAW Championship,2026-01-06T19:45:00+00:00,11,1xBet,3.75,2.69,1.36,37.17,73.53,10.7
1395546,Penrhyncoch,Caersws,FAW Championship,2026-01-06T19:45:00+00:00,11,1xBet,4.0,3.34,1.24,29.94,80.65,10.59
1395546,Penrhyncoch,Caersws,FAW Championship,2026-01-06T19:45:00+00:00,11,1xBet,4.25,3.72,1.2,26.88,83.33,10.22
1395546,Penrhyncoch,Caersws,FAW Championship,2026-01-06T19:45:00+00:00,11,1xBet,5.0,7.1,1.04,14.08,96.15,10.24
1395546,Penrhyncoch,Caersws,FAW Championship,2026-01-06T19:45:00+00:00,11,1xBet,5.5,7.5,1.07,13.33,93.46,6.79
1395546,Penrhyncoch,Caersws,FAW Championship,2026-01-06T19:45:00+00:00,32,Betano,2.5,1.52,2.2,65.79,45.45,11.24
1395546,Penrhyncoch,Caersws,FAW Championship,2026-01-06T19:45:00+00:00,32,Betano,3.5,2.2,1.53,45.45,65.36,10.81
1395546,Penrhyncoch,Caersws,FAW Championship,2026-01-06T19:45:00+00:00,32,Betano,3.0,1.83,1.8,54.64,55.56,10.2
1395546,Penrhyncoch,Caersws,FAW Championship,2026-01-06T19:45:00+00:00,34,Superbet,1.5,1.16,4.6,86.21,21.74,7.95
1395546,Penrhyncoch,Caersws,FAW Championship,2026-01-06T19:45:00+00:00,34,Superbet,2.5,1.55,2.32,64.52,43.1,7.62
1395546,Penrhyncoch,Caersws,FAW Championship,2026-01-06T19:45:00+00:00,34,Superbet,3.5,2.35,1.53,42.55,65.36,7.91
1395546,Penrhyncoch,Caersws,FAW Championship,2026-01-06T19:45:00+00:00,34,Superbet,0.5,1.02,13.0,98.04,7.69,5.73
1395546,Penrhyncoch,Caersws,FAW Championship,2026-01-06T19:45:00+00:00,34,Superbet,4.5,4.0,1.2,25.0,83.33,8.33
1395546,Penrhyncoch,Caersws,FAW Championship,2026-01-06T19:45:00+00:00,34,Superbet,5.5,6.9,1.07,14.49,93.46,7.95
1401131,The New Saints,Bala Town,Premier League,2026-01-06T19:45:00+00:00,1,10Bet,2.5,1.3,3.35,76.92,29.85,6.77
1401131,The New Saints,Bala Town,Premier League,2026-01-06T19:45:00+00:00,1,10Bet,3.5,1.75,2.0,57.14,50.0,7.14
1401131,The New Saints,Bala Town,Premier League,2026-01-06T19:45:00+00:00,1,10Bet,4.5,2.65,1.44,37.74,69.44,7.18
1401131,The New Saints,Bala Town,Premier League,2026-01-06T19:45:00+00:00,8,Bet365,1.5,1.08,7.0,92.59,14.29,6.88
1401131,The New Saints,Bala Town,Premier League,2026-01-06T19:45:00+00:00,8,Bet365,2.5,1.3,3.4,76.92,29.41,6.33
1401131,The New Saints,Bala Town,Premier League,2026-01-06T19:45:00+00:00,8,Bet365,3.5,1.73,2.0,57.8,50.0,7.8
1401131,The New Saints,Bala Town,Premier League,2026-01-06T19:45:00+00:00,8,Bet365,0.5,1.01,15.0,99.01,6.67,5.68
1401131,The New Saints,Bala Town,Premier League,2026-01-06T19:45:00+00:00,8,Bet365,8.5,15.0,1.01,6.67,99.01,5.68
1401131,The New Saints,Bala Town,Premier League,2026-01-06T19:45:00+00:00,8,Bet365,9.5,21.0,1.0,4.76,100.0,4.76
1401131,The New Saints,Bala Town,Premier League,2026-01-06T19:45:00+00:00,8,Bet365,4.5,2.62,1.44,38.17,69.44,7.61
1401131,The New Saints,Bala Town,Premier League,2026-01-06T19:45:00+00:00,8,Bet365,7.5,10.5,1.02,9.52,98.04,7.56
1401131,The New Saints,Bala Town,Premier League,2026-01-06T19:45:00+00:00,8,Bet365,5.5,4.33,1.2,23.09,83.33,6.43
1401131,The New Saints,Bala Town,Premier League,2026-01-06T19:45:00+00:00,8,Bet365,6.5,7.5,1.07,13.33,93.46,6.79
1401131,The New Saints,Bala Town,Premier League,2026-01-06T19:45:00+00:00,2,Marathonbet,1.5,1.05,6.55,95.24,15.27,10.51
1401131,The New Saints,Bala Town,Premier League,2026-01-06T19:45:00+00:00,2,Marathonbet,1.75,1.06,6.15,94.34,16.26,10.6
1401131,The New Saints,Bala Town,Premier League,2026-01-06T19:45:00+00:00,2,Marathonbet,2.0,1.07,5.75,93.46,17.39,10.85
1401131,The New Saints,Bala Town,Premier League,2026-01-06T19:45:00+00:00,2,Marathonbet,2.25,1.17,4.0,85.47,25.0,10.47
1401131,The New Saints,Bala Town,Premier League,2026-01-06T19:45:00+00:00,2,Marathonbet,2.5,1.26,3.2,79.37,31.25,10.62
1401131,The New Saints,Bala Town,Premier League,2026-01-06T19:45:00+00:00,2,Marathonbet,2.75,1.31,2.92,76.34,34.25,10.58
1401131,The New Saints,Bala Town,Premier League,2026-01-06T19:45:00+00:00,2,Marathonbet,3.5,1.71,2.02,58.48,49.5,7.98
1401131,The New Saints,Bala Town,Premier League,2026-01-06T19:45:00+00:00,2,Marathonbet,3.0,1.37,2.66,72.99,37.59,10.59
1401131,The New Saints,Bala Town,Premier League,2026-01-06T19:45:00+00:00,2,Marathonbet,4.5,2.43,1.44,41.15,69.44,10.6
1401131,The New Saints,Bala Town,Premier League,2026-01-06T19:45:00+00:00,2,Marathonbet,3.25,1.52,2.24,65.79,44.64,10.43
1401131,The New Saints,Bala Town,Premier League,2026-01-06T19:45:00+00:00,2,Marathonbet,3.75,1.81,1.81,55.25,55.25,10.5
1401131,The New Saints,Bala Town,Premier League,2026-01-06T19:45:00+00:00,2,Marathonbet,4.0,2.02,1.64,49.5,60.98,10.48
1401131,The New Saints,Bala Town,Premier League,2026-01-06T19:45:00+00:00,2,Marathonbet,4.25,2.24,1.52,44.64,65.79,10.43
1401131,The New Saints,Bala Town,Premier League,2026-01-06T19:45:00+00:00,2,Marathonbet,4.75,2.81,1.33,35.59,75.19,10.78
1401131,The New Saints,Bala Town,Premier League,2026-01-06T19:45:00+00:00,2,Marathonbet,5.0,3.34,1.24,29.94,80.65,10.59
1401131,The New Saints,Bala Town,Premier League,2026-01-06T19:45:00+00:00,2,Marathonbet,5.5,3.92,1.18,25.51,84.75,10.26
1401131,The New Saints,Bala Town,Premier League,2026-01-06T19:45:00+00:00,2,Marathonbet,5.25,3.68,1.2,27.17,83.33,10.51
1401131,The New Saints,Bala Town,Premier League,2026-01-06T19:45:00+00:00,2,Marathonbet,6.0,6.15,1.06,16.26,94.34,10.6
1401131,The New Saints,Bala Town,Premier League,2026-01-06T19:45:00+00:00,16,Unibet,1.5,1.08,6.25,92.59,16.0,8.59
1401131,The New Saints,Bala Town,Premier League,2026-01-06T19:45:00+00:00,16,Unibet,2.5,1.24,3.55,80.65,28.17,8.81
1401131,The New Saints,Bala Town,Premier League,2026-01-06T19:45:00+00:00,16,Unibet,3.5,1.65,2.08,60.61,48.08,8.68
1401131,The New Saints,Bala Town,Premier League,2026-01-06T19:45:00+00:00,16,Unibet,4.5,2.48,1.47,40.32,68.03,8.35
1401131,The New Saints,Bala Town,Premier League,2026-01-06T19:45:00+00:00,16,Unibet,5.5,4.0,1.19,25.0,84.03,9.03
1401131,The New Saints,Bala Town,Premier League,2026-01-06T19:45:00+00:00,16,Unibet,6.5,6.75,1.07,14.81,93.46,8.27
1401131,The New Saints,Bala Town,Premier League,2026-01-06T19:45:00+00:00,3,Betfair,1.5,1.05,8.0,95.24,12.5,7.74
1401131,The New Saints,Bala Town,Premier League,2026-01-06T19:45:00+00:00,3,Betfair,2.5,1.22,3.8,81.97,26.32,8.28
1401131,The New Saints,Bala Town,Premier League,2026-01-06T19:45:00+00:00,3,Betfair,3.5,1.65,2.1,60.61,47.62,8.23
1401131,The New Saints,Bala Town,Premier League,2026-01-06T19:45:00+00:00,13,188Bet,4.0,2.02,1.76,49.5,56.82,6.32
1401131,The New Saints,Bala Town,Premier League,2026-01-06T19:45:00+00:00,4,Pinnacle,2.75,1.37,2.88,72.99,34.72,7.71
1401131,The New Saints,Bala Town,Premier League,2026-01-06T19:45:00+00:00,4,Pinnacle,3.5,1.76,2.0,56.82,50.0,6.82
1401131,The New Saints,Bala Town,Premier League,2026-01-06T19:45:00+00:00,4,Pinnacle,3.0,1.39,2.79,71.94,35.84,7.78
1401131,The New Saints,Bala Town,Premier League,2026-01-06T19:45:00+00:00,4,Pinnacle,4.5,2.76,1.4,36.23,71.43,7.66
1401131,The New Saints,Bala Town,Premier League,2026-01-06T19:45:00+00:00,4,Pinnacle,3.25,1.57,2.27,63.69,44.05,7.75
1401131,The New Saints,Bala Town,Premier League,2026-01-06T19:45:00+00:00,4,Pinnacle,3.75,1.96,1.81,51.02,55.25,6.27
1401131,The New Saints,Bala Town,Premier League,2026-01-06T19:45:00+00:00,4,Pinnacle,4.0,2.25,1.6,44.44,62.5,6.94
1401131,The New Saints,Bala Town,Premier League,2026-01-06T19:45:00+00:00,4,Pinnacle,4.25,2.5,1.47,40.0,68.03,8.03
1401131,The New Saints,Bala Town,Premier League,2026-01-06T19:45:00+00:00,4,Pinnacle,4.75,2.76,1.4,36.23,71.43,7.66
1401131,The New Saints,Bala Town,Premier League,2026-01-06T19:45:00+00:00,5,SBO,3.75,1.93,1.85,51.81,54.05,5.87
1401131,The New Saints,Bala Town,Premier League,2026-01-06T19:45:00+00:00,11,1xBet,1.5,1.05,6.55,95.24,15.27,10.51
1401131,The New Saints,Bala Town,Premier League,2026-01-06T19:45:00+00:00,11,1xBet,1.75,1.06,6.15,94.34,16.26,10.6
1401131,The New Saints,Bala Town,Premier League,2026-01-06T19:45:00+00:00,11,1xBet,2.0,1.07,5.75,93.46,17.39,10.85
1401131,The New Saints,Bala Town,Premier League,2026-01-06T19:45:00+00:00,11,1xBet,2.25,1.17,4.0,85.47,25.0,10.47
1401131,The New Saints,Bala Town,Premier League,2026-01-06T19:45:00+00:00,11,1xBet,2.5,1.26,3.2,79.37,31.25,10.62
1401131,The New Saints,Bala Town,Premier League,2026-01-06T19:45:00+00:00,11,1xBet,2.75,1.31,2.92,76.34,34.25,10.58
1401131,The New Saints,Bala Town,Premier League,2026-01-06T19:45:00+00:00,11,1xBet,3.5,1.71,2.02,58.48,49.5,7.98
1401131,The New Saints,Bala Town,Premier League,2026-01-06T19:45:00+00:00,11,1xBet,0.5,1.01,16.5,99.01,6.06,5.07
1401131,The New Saints,Bala Town,Premier League,2026-01-06T19:45:00+00:00,11,1xBet,1.0,1.01,12.5,99.01,8.0,7.01
1401131,The New Saints,Bala Town,Premier League,2026-01-06T19:45:00+00:00,11,1xBet,8.5,15.0,1.01,6.67,99.01,5.68
1401131,The New Saints,Bala Town,Premier League,2026-01-06T19:45:00+00:00,11,1xBet,9.5,21.0,1.0,4.76,100.0,4.76
1401131,The New Saints,Bala Town,Premier League,2026-01-06T19:45:00+00:00,11,1xBet,3.0,1.37,2.66,72.99,37.59,10.59
1401131,The New Saints,Bala Town,Premier League,2026-01-06T19:45:00+00:00,11,1xBet,4.5,2.43,1.44,41.15,69.44,10.6
1401131,The New Saints,Bala Town,Premier League,2026-01-06T19:45:00+00:00,11,1xBet,3.25,1.52,2.24,65.79,44.64,10.43
1401131,The New Saints,Bala Town,Premier League,2026-01-06T19:45:00+00:00,11,1xBet,3.75,1.81,1.81,55.25,55.25,10.5
1401131,The New Saints,Bala Town,Premier League,2026-01-06T19:45:00+00:00,11,1xBet,4.0,2.02,1.64,49.5,60.98,10.48
1401131,The New Saints,Bala Town,Premier League,2026-01-06T19:45:00+00:00,11,1xBet,4.25,2.24,1.52,44.64,65.79,10.43
1401131,The New Saints,Bala Town,Premier League,2026-01-06T19:45:00+00:00,11,1xBet,4.75,2.81,1.33,35.59,75.19,10.78
1401131,The New Saints,Bala Town,Premier League,2026-01-06T19:45:00+00:00,11,1xBet,5.0,3.34,1.24,29.94,80.65,10.59
1401131,The New Saints,Bala Town,Premier League,2026-01-06T19:45:00+00:00,11,1xBet,7.5,10.5,1.02,9.52,98.04,7.56
1401131,The New Saints,Bala Town,Premier League,2026-01-06T19:45:00+00:00,11,1xBet,5.5,3.92,1.18,25.51,84.75,10.26
1401131,The New Saints,Bala Town,Premier League,2026-01-06T19:45:00+00:00,11,1xBet,5.25,3.68,1.2,27.17,83.33,10.51
1401131,The New Saints,Bala Town,Premier League,2026-01-06T19:45:00+00:00,11,1xBet,6.5,7.5,1.07,13.33,93.46,6.79
1401131,The New Saints,Bala Town,Premier League,2026-01-06T19:45:00+00:00,11,1xBet,6.0,6.15,1.06,16.26,94.34,10.6
1401131,The New Saints,Bala Town,Premier League,2026-01-06T19:45:00+00:00,32,Betano,1.5,1.09,6.3,91.74,15.87,7.62
1401131,The New Saints,Bala Town,Premier League,2026-01-06T19:45:00+00:00,32,Betano,2.5,1.29,3.25,77.52,30.77,8.29
1401131,The New Saints,Bala Town,Premier League,2026-01-06T19:45:00+00:00,32,Betano,2.75,1.5,2.47,66.67,40.49,7.15
1401131,The New Saints,Bala Town,Premier League,2026-01-06T19:45:00+00:00,32,Betano,3.5,1.75,2.02,57.14,49.5,6.65
1401131,The New Saints,Bala Town,Premier League,2026-01-06T19:45:00+00:00,32,Betano,0.5,1.02,10.0,98.04,10.0,8.04
1401131,The New Saints,Bala Town,Premier League,2026-01-06T19:45:00+00:00,32,Betano,3.0,1.5,2.5,66.67,40.0,6.67
1401131,The New Saints,Bala Town,Premier League,2026-01-06T19:45:00+00:00,32,Betano,4.5,2.55,1.45,39.22,68.97,8.18
1401131,The New Saints,Bala Town,Premier League,2026-01-06T19:45:00+00:00,32,Betano,3.25,1.57,2.3,63.69,43.48,7.17
1401131,The New Saints,Bala Town,Premier League,2026-01-06T19:45:00+00:00,32,Betano,3.75,1.9,1.85,52.63,54.05,6.69
1401131,The New Saints,Bala Town,Premier League,2026-01-06T19:45:00+00:00,32,Betano,4.0,2.15,1.65,46.51,60.61,7.12
1401131,The New Saints,Bala Town,Premier League,2026-01-06T19:45:00+00:00,32,Betano,4.25,2.37,1.55,42.19,64.52,6.71
1401131,The New Saints,Bala Town,Premier League,2026-01-06T19:45:00+00:00,32,Betano,7.5,9.0,1.03,11.11,97.09,8.2
1401131,The New Saints,Bala Town,Premier League,2026-01-06T19:45:00+00:00,32,Betano,5.5,4.05,1.2,24.69,83.33,8.02
1401131,The New Saints,Bala Town,Premier League,2026-01-06T19:45:00+00:00,32,Betano,6.5,6.4,1.08,15.62,92.59,8.22
1401131,The New Saints,Bala Town,Premier League,2026-01-06T19:45:00+00:00,34,Superbet,2.5,1.29,3.25,77.52,30.77,8.29
1401131,The New Saints,Bala Town,Premier League,2026-01-06T19:45:00+00:00,34,Superbet,3.5,1.76,1.95,56.82,51.28,8.1
1401131,The New Saints,Bala Town,Premier League,2026-01-06T19:45:00+00:00,34,Superbet,4.5,2.67,1.42,37.45,70.42,7.88
1401666,Maidenhead,Ebbsfleet United,National League - South,2026-01-06T19:45:00+00:00,1,10Bet,1.5,1.25,3.7,80.0,27.03,7.03
1401666,Maidenhead,Ebbsfleet United,National League - South,2026-01-06T19:45:00+00:00,1,10Bet,2.5,1.75,2.0,57.14,50.0,7.14
1401666,Maidenhead,Ebbsfleet United,National League - South,2026-01-06T19:45:00+00:00,1,10Bet,3.5,2.85,1.4,35.09,71.43,6.52
1401666,Maidenhead,Ebbsfleet United,National League - South,2026-01-06T19:45:00+00:00,8,Bet365,1.5,1.22,4.0,81.97,25.0,6.97
1401666,Maidenhead,Ebbsfleet United,National League - South,2026-01-06T19:45:00+00:00,8,Bet365,2.5,1.75,2.05,57.14,48.78,5.92
1401666,Maidenhead,Ebbsfleet United,National League - South,2026-01-06T19:45:00+00:00,8,Bet365,3.5,2.75,1.4,36.36,71.43,7.79
1401666,Maidenhead,Ebbsfleet United,National League - South,2026-01-06T19:45:00+00:00,8,Bet365,0.5,1.04,9.0,96.15,11.11,7.26
1401666,Maidenhead,Ebbsfleet United,National League - South,2026-01-06T19:45:00+00:00,8,Bet365,4.5,5.0,1.14,20.0,87.72,7.72
1401666,Maidenhead,Ebbsfleet United,National League - South,2026-01-06T19:45:00+00:00,8,Bet365,7.5,21.0,1.0,4.76,100.0,4.76
1401666,Maidenhead,Ebbsfleet United,National League - South,2026-01-06T19:45:00+00:00,8,Bet365,5.5,8.5,1.05,11.76,95.24,7.0
1401666,Maidenhead,Ebbsfleet United,National League - South,2026-01-06T19:45:00+00:00,8,Bet365,6.5,13.0,1.01,7.69,99.01,6.7
1401666,Maidenhead,Ebbsfleet United,National League - South,2026-01-06T19:45:00+00:00,2,Marathonbet,1.5,1.21,3.58,82.64,27.93,10.58
1401666,Maidenhead,Ebbsfleet United,National League - South,2026-01-06T19:45:00+00:00,2,Marathonbet,1.75,1.26,3.2,79.37,31.25,10.62
1401666,Maidenhead,Ebbsfleet United,National League - South,2026-01-06T19:45:00+00:00,2,Marathonbet,2.0,1.34,2.78,74.63,35.97,10.6
1401666,Maidenhead,Ebbsfleet United,National League - South,2026-01-06T19:45:00+00:00,2,Marathonbet,2.25,1.55,2.17,64.52,46.08,10.6
1401666,Maidenhead,Ebbsfleet United,National League - South,2026-01-06T19:45:00+00:00,2,Marathonbet,2.5,1.79,1.92,55.87,52.08,7.95
1401666,Maidenhead,Ebbsfleet United,National League - South,2026-01-06T19:45:00+00:00,2,Marathonbet,2.75,1.96,1.68,51.02,59.52,10.54
1401666,Maidenhead,Ebbsfleet United,National League - South,2026-01-06T19:45:00+00:00,2,Marathonbet,3.5,2.92,1.31,34.25,76.34,10.58
1401666,Maidenhead,Ebbsfleet United,National League - South,2026-01-06T19:45:00+00:00,2,Marathonbet,0.5,1.0,9.2,100.0,10.87,10.87
1401666,Maidenhead,Ebbsfleet United,National League - South,2026-01-06T19:45:00+00:00,2,Marathonbet,0.75,1.0,9.3,100.0,10.75,10.75
1401666,Maidenhead,Ebbsfleet United,National League - South,2026-01-06T19:45:00+00:00,2,Marathonbet,1.0,1.0,9.3,100.0,10.75,10.75
1401666,Maidenhead,Ebbsfleet United,National League - South,2026-01-06T19:45:00+00:00,2,Marathonbet,1.25,1.1,5.0,90.91,20.0,10.91
1401666,Maidenhead,Ebbsfleet United,National League - South,2026-01-06T19:45:00+00:00,2,Marathonbet,3.0,2.33,1.48,42.92,67.57,10.49
1401666,Maidenhead,Ebbsfleet United,National League - South,2026-01-06T19:45:00+00:00,2,Marathonbet,4.5,5.65,1.08,17.7,92.59,10.29
1401666,Maidenhead,Ebbsfleet United,National League - South,2026-01-06T19:45:00+00:00,2,Marathonbet,3.25,2.62,1.38,38.17,72.46,10.63
1401666,Maidenhead,Ebbsfleet United,National League - South,2026-01-06T19:45:00+00:00,2,Marathonbet,3.75,3.58,1.21,27.93,82.64,10.58
1401666,Maidenhead,Ebbsfleet United,National League - South,2026-01-06T19:45:00+00:00,2,Marathonbet,4.0,4.9,1.11,20.41,90.09,10.5
1401666,Maidenhead,Ebbsfleet United,National League - South,2026-01-06T19:45:00+00:00,2,Marathonbet,4.25,5.3,1.09,18.87,91.74,10.61
1401666,Maidenhead,Ebbsfleet United,National League - South,2026-01-06T19:45:00+00:00,2,Marathonbet,4.75,7.3,1.03,13.7,97.09,10.79
1401666,Maidenhead,Ebbsfleet United,National League - South,2026-01-06T19:45:00+00:00,16,Unibet,1.5,1.26,3.25,79.37,30.77,10.13
1401666,Maidenhead,Ebbsfleet United,National League - South,2026-01-06T19:45:00+00:00,16,Unibet,2.5,1.92,1.73,52.08,57.8,9.89
1401666,Maidenhead,Ebbsfleet United,National League - South,2026-01-06T19:45:00+00:00,16,Unibet,3.5,3.35,1.25,29.85,80.0,9.85
1401666,Maidenhead,Ebbsfleet United,National League - South,2026-01-06T19:45:00+00:00,16,Unibet,4.5,6.25,1.05,16.0,95.24,11.24
1401666,Maidenhead,Ebbsfleet United,National League - South,2026-01-06T19:45:00+00:00,3,Betfair,1.5,1.2,4.0,83.33,25.0,8.33
1401666,Maidenhead,Ebbsfleet United,National League - South,2026-01-06T19:45:00+00:00,3,Betfair,2.5,1.73,2.0,57.8,50.0,7.8
1401666,Maidenhead,Ebbsfleet United,National League - South,2026-01-06T19:45:00+00:00,3,Betfair,3.5,2.88,1.36,34.72,73.53,8.25
1401666,Maidenhead,Ebbsfleet United,National League - South,2026-01-06T19:45:00+00:00,3,Betfair,0.5,1.01,11.0,99.01,9.09,8.1
1401666,Maidenhead,Ebbsfleet United,National League - South,2026-01-06T19:45:00+00:00,3,Betfair,4.5,5.5,1.11,18.18,90.09,8.27
1401666,Maidenhead,Ebbsfleet United,National League - South,2026-01-06T19:45:00+00:00,3,Betfair,5.5,10.0,1.02,10.0,98.04,8.04
1401666,Maidenhead,Ebbsfleet United,National League - South,2026-01-06T19:45:00+00:00,13,188Bet,2.75,1.93,1.79,51.81,55.87,7.68
1401666,Maidenhead,Ebbsfleet United,National League - South,2026-01-06T19:45:00+00:00,4,Pinnacle,1.75,1.3,3.31,76.92,30.21,7.13
1401666,Maidenhead,Ebbsfleet United,National League - South,2026-01-06T19:45:00+00:00,4,Pinnacle,2.0,1.38,2.9,72.46,34.48,6.95
1401666,Maidenhead,Ebbsfleet United,National League - South,2026-01-06T19:45:00+00:00,4,Pinnacle,2.25,1.61,2.28,62.11,43.86,5.97
1401666,Maidenhead,Ebbsfleet United,National League - South,2026-01-06T19:45:00+00:00,4,Pinnacle,2.5,1.83,1.97,54.64,50.76,5.41
1401666,Maidenhead,Ebbsfleet United,National League - South,2026-01-06T19:45:00+00:00,4,Pinnacle,2.75,2.04,1.75,49.02,57.14,6.16
1401666,Maidenhead,Ebbsfleet United,National League - South,2026-01-06T19:45:00+00:00,4,Pinnacle,3.5,2.9,1.38,34.48,72.46,6.95
1401666,Maidenhead,Ebbsfleet United,National League - South,2026-01-06T19:45:00+00:00,4,Pinnacle,3.0,2.4,1.53,41.67,65.36,7.03
1401666,Maidenhead,Ebbsfleet United,National League - South,2026-01-06T19:45:00+00:00,4,Pinnacle,3.25,2.71,1.43,36.9,69.93,6.83
1401666,Maidenhead,Ebbsfleet United,National League - South,2026-01-06T19:45:00+00:00,11,1xBet,1.5,1.21,3.58,82.64,27.93,10.58
1401666,Maidenhead,Ebbsfleet United,National League - South,2026-01-06T19:45:00+00:00,11,1xBet,1.75,1.26,3.2,79.37,31.25,10.62
1401666,Maidenhead,Ebbsfleet United,National League - South,2026-01-06T19:45:00+00:00,11,1xBet,2.0,1.34,2.78,74.63,35.97,10.6
1401666,Maidenhead,Ebbsfleet United,National League - South,2026-01-06T19:45:00+00:00,11,1xBet,2.25,1.55,2.17,64.52,46.08,10.6
1401666,Maidenhead,Ebbsfleet United,National League - South,2026-01-06T19:45:00+00:00,11,1xBet,2.5,1.79,1.92,55.87,52.08,7.95
1401666,Maidenhead,Ebbsfleet United,National League - South,2026-01-06T19:45:00+00:00,11,1xBet,2.75,1.96,1.68,51.02,59.52,10.54
1401666,Maidenhead,Ebbsfleet United,National League - South,2026-01-06T19:45:00+00:00,11,1xBet,3.5,2.92,1.31,34.25,76.34,10.58
1401666,Maidenhead,Ebbsfleet United,National League - South,2026-01-06T19:45:00+00:00,11,1xBet,0.5,1.0,10.9,100.0,9.17,9.17
1401666,Maidenhead,Ebbsfleet United,National League - South,2026-01-06T19:45:00+00:00,11,1xBet,0.75,1.0,9.3,100.0,10.75,10.75
1401666,Maidenhead,Ebbsfleet United,National League - South,2026-01-06T19:45:00+00:00,11,1xBet,1.0,1.0,9.3,100.0,10.75,10.75
1401666,Maidenhead,Ebbsfleet United,National League - South,2026-01-06T19:45:00+00:00,11,1xBet,1.25,1.1,5.0,90.91,20.0,10.91
1401666,Maidenhead,Ebbsfleet United,National League - South,2026-01-06T19:45:00+00:00,11,1xBet,3.0,2.33,1.48,42.92,67.57,10.49
1401666,Maidenhead,Ebbsfleet United,National League - South,2026-01-06T19:45:00+00:00,11,1xBet,4.5,5.65,1.08,17.7,92.59,10.29
1401666,Maidenhead,Ebbsfleet United,National League - South,2026-01-06T19:45:00+00:00,11,1xBet,3.25,2.62,1.38,38.17,72.46,10.63
1401666,Maidenhead,Ebbsfleet United,National League - South,2026-01-06T19:45:00+00:00,11,1xBet,3.75,3.58,1.21,27.93,82.64,10.58
1401666,Maidenhead,Ebbsfleet United,National League - South,2026-01-06T19:45:00+00:00,11,1xBet,4.0,4.9,1.11,20.41,90.09,10.5
1401666,Maidenhead,Ebbsfleet United,National League - South,2026-01-06T19:45:00+00:00,11,1xBet,4.25,5.3,1.09,18.87,91.74,10.61
1401666,Maidenhead,Ebbsfleet United,National League - South,2026-01-06T19:45:00+00:00,11,1xBet,4.75,7.3,1.03,13.7,97.09,10.79
1401666,Maidenhead,Ebbsfleet United,National League - South,2026-01-06T19:45:00+00:00,11,1xBet,7.5,21.0,1.0,4.76,100.0,4.76
1401666,Maidenhead,Ebbsfleet United,National League - South,2026-01-06T19:45:00+00:00,11,1xBet,5.5,11.0,1.04,9.09,96.15,5.24
1401666,Maidenhead,Ebbsfleet United,National League - South,2026-01-06T19:45:00+00:00,11,1xBet,6.5,13.0,1.01,7.69,99.01,6.7
1401666,Maidenhead,Ebbsfleet United,National League - South,2026-01-06T19:45:00+00:00,32,Betano,1.5,1.25,3.55,80.0,28.17,8.17
1401666,Maidenhead,Ebbsfleet United,National League - South,2026-01-06T19:45:00+00:00,32,Betano,2.0,1.44,2.65,69.44,37.74,7.18
1401666,Maidenhead,Ebbsfleet United,National League - South,2026-01-06T19:45:00+00:00,32,Betano,2.25,1.57,2.3,63.69,43.48,7.17
1401666,Maidenhead,Ebbsfleet United,National League - South,2026-01-06T19:45:00+00:00,32,Betano,2.5,1.75,1.95,57.14,51.28,8.42
1401666,Maidenhead,Ebbsfleet United,National League - South,2026-01-06T19:45:00+00:00,32,Betano,2.75,1.98,1.78,50.51,56.18,6.68
1401666,Maidenhead,Ebbsfleet United,National League - South,2026-01-06T19:45:00+00:00,32,Betano,3.5,2.8,1.38,35.71,72.46,8.18
1401666,Maidenhead,Ebbsfleet United,National League - South,2026-01-06T19:45:00+00:00,32,Betano,0.5,1.05,7.9,95.24,12.66,7.9
1401666,Maidenhead,Ebbsfleet United,National League - South,2026-01-06T19:45:00+00:00,32,Betano,3.0,2.3,1.57,43.48,63.69,7.17
1401666,Maidenhead,Ebbsfleet United,National League - South,2026-01-06T19:45:00+00:00,32,Betano,4.5,4.8,1.15,20.83,86.96,7.79
1401666,Maidenhead,Ebbsfleet United,National League - South,2026-01-06T19:45:00+00:00,32,Betano,3.25,2.57,1.47,38.91,68.03,6.94
1401666,Maidenhead,Ebbsfleet United,National League - South,2026-01-06T19:45:00+00:00,32,Betano,5.5,7.8,1.05,12.82,95.24,8.06
1401666,Maidenhead,Ebbsfleet United,National League - South,2026-01-06T19:45:00+00:00,32,Betano,6.5,10.5,1.02,9.52,98.04,7.56
1401666,Maidenhead,Ebbsfleet United,National League - South,2026-01-06T19:45:00+00:00,34,Superbet,1.5,1.25,3.6,80.0,27.78,7.78
1401666,Maidenhead,Ebbsfleet United,National League - South,2026-01-06T19:45:00+00:00,34,Superbet,2.5,1.8,1.9,55.56,52.63,8.19
1401666,Maidenhead,Ebbsfleet United,National League - South,2026-01-06T19:45:00+00:00,34,Superbet,3.5,2.95,1.35,33.9,74.07,7.97
1401666,Maidenhead,Ebbsfleet United,National League - South,2026-01-06T19:45:00+00:00,34,Superbet,0.5,1.03,9.4,97.09,10.64,7.73
1401666,Maidenhead,Ebbsfleet United,National League - South,2026-01-06T19:45:00+00:00,34,Superbet,4.5,5.45,1.12,18.35,89.29,7.63
1401737,Enfield Town,Hampton & Richmond,National League - South,2026-01-06T19:45:00+00:00,1,10Bet,1.5,1.22,3.85,81.97,25.97,7.94
1401737,Enfield Town,Hampton & Richmond,National League - South,2026-01-06T19:45:00+00:00,1,10Bet,2.5,1.73,2.05,57.8,48.78,6.58
1401737,Enfield Town,Hampton & Richmond,National League - South,2026-01-06T19:45:00+00:00,1,10Bet,3.5,2.75,1.42,36.36,70.42,6.79
1401737,Enfield Town,Hampton & Richmond,National League - South,2026-01-06T19:45:00+00:00,8,Bet365,1.5,1.22,4.0,81.97,25.0,6.97
1401737,Enfield Town,Hampton & Richmond,National League - South,2026-01-06T19:45:00+00:00,8,Bet365,2.5,1.73,2.08,57.8,48.08,5.88
1401737,Enfield Town,Hampton & Richmond,National League - South,2026-01-06T19:45:00+00:00,8,Bet365,3.5,2.75,1.4,36.36,71.43,7.79
1401737,Enfield Town,Hampton & Richmond,National League - South,2026-01-06T19:45:00+00:00,8,Bet365,0.5,1.01,13.0,99.01,7.69,6.7
1401737,Enfield Town,Hampton & Richmond,National League - South,2026-01-06T19:45:00+00:00,8,Bet365,4.5,4.5,1.17,22.22,85.47,7.69
1401737,Enfield Town,Hampton & Richmond,National League - South,2026-01-06T19:45:00+00:00,8,Bet365,7.5,21.0,1.0,4.76,100.0,4.76
1401737,Enfield Town,Hampton & Richmond,National League - South,2026-01-06T19:45:00+00:00,8,Bet365,5.5,8.5,1.05,11.76,95.24,7.0
1401737,Enfield Town,Hampton & Richmond,National League - South,2026-01-06T19:45:00+00:00,8,Bet365,6.5,12.0,1.01,8.33,99.01,7.34
1401737,Enfield Town,Hampton & Richmond,National League - South,2026-01-06T19:45:00+00:00,2,Marathonbet,1.5,1.19,3.75,84.03,26.67,10.7
1401737,Enfield Town,Hampton & Richmond,National League - South,2026-01-06T19:45:00+00:00,2,Marathonbet,1.75,1.24,3.34,80.65,29.94,10.59
1401737,Enfield Town,Hampton & Richmond,National League - South,2026-01-06T19:45:00+00:00,2,Marathonbet,2.0,1.31,2.92,76.34,34.25,10.58
1401737,Enfield Town,Hampton & Richmond,National League - South,2026-01-06T19:45:00+00:00,2,Marathonbet,2.25,1.5,2.28,66.67,43.86,10.53
1401737,Enfield Town,Hampton & Richmond,National League - South,2026-01-06T19:45:00+00:00,2,Marathonbet,2.5,1.73,1.99,57.8,50.25,8.05
1401737,Enfield Town,Hampton & Richmond,National League - South,2026-01-06T19:45:00+00:00,2,Marathonbet,2.75,1.88,1.75,53.19,57.14,10.33
1401737,Enfield Town,Hampton & Richmond,National League - South,2026-01-06T19:45:00+00:00,2,Marathonbet,3.5,2.74,1.35,36.5,74.07,10.57
1401737,Enfield Town,Hampton & Richmond,National League - South,2026-01-06T19:45:00+00:00,2,Marathonbet,0.5,1.0,9.0,100.0,11.11,11.11
1401737,Enfield Town,Hampton & Richmond,National League - South,2026-01-06T19:45:00+00:00,2,Marathonbet,0.75,1.0,9.3,100.0,10.75,10.75
1401737,Enfield Town,Hampton & Richmond,National League - South,2026-01-06T19:45:00+00:00,2,Marathonbet,1.0,1.0,9.5,100.0,10.53,10.53
1401737,Enfield Town,Hampton & Richmond,National League - South,2026-01-06T19:45:00+00:00,2,Marathonbet,1.25,1.1,5.15,90.91,19.42,10.33
1401737,Enfield Town,Hampton & Richmond,National League - South,2026-01-06T19:45:00+00:00,2,Marathonbet,3.0,2.19,1.54,45.66,64.94,10.6
1401737,Enfield Town,Hampton & Richmond,National League - South,2026-01-06T19:45:00+00:00,2,Marathonbet,4.5,5.1,1.1,19.61,90.91,10.52
1401737,Enfield Town,Hampton & Richmond,National League - South,2026-01-06T19:45:00+00:00,2,Marathonbet,3.25,2.46,1.43,40.65,69.93,10.58
1401737,Enfield Town,Hampton & Richmond,National League - South,2026-01-06T19:45:00+00:00,2,Marathonbet,3.75,3.28,1.25,30.49,80.0,10.49
1401737,Enfield Town,Hampton & Richmond,National League - South,2026-01-06T19:45:00+00:00,2,Marathonbet,4.0,4.4,1.14,22.73,87.72,10.45
1401737,Enfield Town,Hampton & Richmond,National League - South,2026-01-06T19:45:00+00:00,2,Marathonbet,4.25,4.75,1.12,21.05,89.29,10.34
1401737,Enfield Town,Hampton & Richmond,National League - South,2026-01-06T19:45:00+00:00,2,Marathonbet,4.75,6.45,1.05,15.5,95.24,10.74
1401737,Enfield Town,Hampton & Richmond,National League - South,2026-01-06T19:45:00+00:00,2,Marathonbet,5.0,9.1,1.0,10.99,100.0,10.99
1401737,Enfield Town,Hampton & Richmond,National League - South,2026-01-06T19:45:00+00:00,16,Unibet,1.5,1.23,3.45,81.3,28.99,10.29
1401737,Enfield Town,Hampton & Richmond,National League - South,2026-01-06T19:45:00+00:00,16,Unibet,2.5,1.84,1.8,54.35,55.56,9.9
1401737,Enfield Town,Hampton & Richmond,National League - South,2026-01-06T19:45:00+00:00,16,Unibet,3.5,3.15,1.28,31.75,78.12,9.87
1401737,Enfield Town,Hampton & Richmond,National League - South,2026-01-06T19:45:00+00:00,16,Unibet,4.5,5.8,1.07,17.24,93.46,10.7
1401737,Enfield Town,Hampton & Richmond,National League - South,2026-01-06T19:45:00+00:00,3,Betfair,1.5,1.2,4.0,83.33,25.0,8.33
1401737,Enfield Town,Hampton & Richmond,National League - South,2026-01-06T19:45:00+00:00,3,Betfair,2.5,1.73,2.0,57.8,50.0,7.8
1401737,Enfield Town,Hampton & Richmond,National League - South,2026-01-06T19:45:00+00:00,3,Betfair,3.5,2.88,1.36,34.72,73.53,8.25
1401737,Enfield Town,Hampton & Richmond,National League - South,2026-01-06T19:45:00+00:00,3,Betfair,0.5,1.01,11.0,99.01,9.09,8.1
1401737,Enfield Town,Hampton & Richmond,National League - South,2026-01-06T19:45:00+00:00,3,Betfair,4.5,5.5,1.11,18.18,90.09,8.27
1401737,Enfield Town,Hampton & Richmond,National League - South,2026-01-06T19:45:00+00:00,3,Betfair,5.5,11.0,1.01,9.09,99.01,8.1
1401737,Enfield Town,Hampton & Richmond,National League - South,2026-01-06T19:45:00+00:00,13,188Bet,2.75,1.87,1.85,53.48,54.05,7.53
1401737,Enfield Town,Hampton & Richmond,National League - South,2026-01-06T19:45:00+00:00,4,Pinnacle,2.0,1.34,3.1,74.63,32.26,6.88
1401737,Enfield Town,Hampton & Richmond,National League - South,2026-01-06T19:45:00+00:00,4,Pinnacle,2.25,1.54,2.39,64.94,41.84,6.78
1401737,Enfield Town,Hampton & Richmond,National League - South,2026-01-06T19:45:00+00:00,4,Pinnacle,2.5,1.75,2.05,57.14,48.78,5.92
1401737,Enfield Town,Hampton & Richmond,National League - South,2026-01-06T19:45:00+00:00,4,Pinnacle,2.75,1.96,1.85,51.02,54.05,5.07
1401737,Enfield Town,Hampton & Richmond,National League - South,2026-01-06T19:45:00+00:00,4,Pinnacle,3.5,2.83,1.39,35.34,71.94,7.28
1401737,Enfield Town,Hampton & Richmond,National League - South,2026-01-06T19:45:00+00:00,4,Pinnacle,3.0,2.27,1.61,44.05,62.11,6.16
1401737,Enfield Town,Hampton & Richmond,National League - South,2026-01-06T19:45:00+00:00,4,Pinnacle,3.25,2.55,1.48,39.22,67.57,6.78
1401737,Enfield Town,Hampton & Richmond,National League - South,2026-01-06T19:45:00+00:00,5,SBO,2.75,1.94,1.82,51.55,54.95,6.49
1401737,Enfield Town,Hampton & Richmond,National League - South,2026-01-06T19:45:00+00:00,11,1xBet,1.5,1.19,3.75,84.03,26.67,10.7
1401737,Enfield Town,Hampton & Richmond,National League - South,2026-01-06T19:45:00+00:00,11,1xBet,1.75,1.24,3.34,80.65,29.94,10.59
1401737,Enfield Town,Hampton & Richmond,National League - South,2026-01-06T19:45:00+00:00,11,1xBet,2.0,1.31,2.92,76.34,34.25,10.58
1401737,Enfield Town,Hampton & Richmond,National League - South,2026-01-06T19:45:00+00:00,11,1xBet,2.25,1.5,2.28,66.67,43.86,10.53
1401737,Enfield Town,Hampton & Richmond,National League - South,2026-01-06T19:45:00+00:00,11,1xBet,2.5,1.73,1.99,57.8,50.25,8.05
1401737,Enfield Town,Hampton & Richmond,National League - South,2026-01-06T19:45:00+00:00,11,1xBet,2.75,1.88,1.75,53.19,57.14,10.33
1401737,Enfield Town,Hampton & Richmond,National League - South,2026-01-06T19:45:00+00:00,11,1xBet,3.5,2.74,1.35,36.5,74.07,10.57
1401737,Enfield Town,Hampton & Richmond,National League - South,2026-01-06T19:45:00+00:00,11,1xBet,0.5,1.01,11.5,99.01,8.7,7.71
1401737,Enfield Town,Hampton & Richmond,National League - South,2026-01-06T19:45:00+00:00,11,1xBet,0.75,1.0,9.5,100.0,10.53,10.53
1401737,Enfield Town,Hampton & Richmond,National League - South,2026-01-06T19:45:00+00:00,11,1xBet,1.0,1.04,8.3,96.15,12.05,8.2
1401737,Enfield Town,Hampton & Richmond,National League - South,2026-01-06T19:45:00+00:00,11,1xBet,1.25,1.1,5.15,90.91,19.42,10.33
1401737,Enfield Town,Hampton & Richmond,National League - South,2026-01-06T19:45:00+00:00,11,1xBet,3.0,2.19,1.54,45.66,64.94,10.6
1401737,Enfield Town,Hampton & Richmond,National League - South,2026-01-06T19:45:00+00:00,11,1xBet,4.5,5.1,1.1,19.61,90.91,10.52
1401737,Enfield Town,Hampton & Richmond,National League - South,2026-01-06T19:45:00+00:00,11,1xBet,3.25,2.46,1.43,40.65,69.93,10.58
1401737,Enfield Town,Hampton & Richmond,National League - South,2026-01-06T19:45:00+00:00,11,1xBet,3.75,3.28,1.25,30.49,80.0,10.49
1401737,Enfield Town,Hampton & Richmond,National League - South,2026-01-06T19:45:00+00:00,11,1xBet,4.0,4.4,1.14,22.73,87.72,10.45
1401737,Enfield Town,Hampton & Richmond,National League - South,2026-01-06T19:45:00+00:00,11,1xBet,4.25,4.75,1.12,21.05,89.29,10.34
1401737,Enfield Town,Hampton & Richmond,National League - South,2026-01-06T19:45:00+00:00,11,1xBet,4.75,6.45,1.05,15.5,95.24,10.74
1401737,Enfield Town,Hampton & Richmond,National League - South,2026-01-06T19:45:00+00:00,11,1xBet,5.0,9.1,1.0,10.99,100.0,10.99
1401737,Enfield Town,Hampton & Richmond,National League - South,2026-01-06T19:45:00+00:00,11,1xBet,7.5,21.0,1.0,4.76,100.0,4.76
1401737,Enfield Town,Hampton & Richmond,National League - South,2026-01-06T19:45:00+00:00,11,1xBet,5.5,10.0,1.05,10.0,95.24,5.24
1401737,Enfield Town,Hampton & Richmond,National League - South,2026-01-06T19:45:00+00:00,11,1xBet,6.5,12.0,1.01,8.33,99.01,7.34
1401737,Enfield Town,Hampton & Richmond,National League - South,2026-01-06T19:45:00+00:00,32,Betano,1.5,1.24,3.65,80.65,27.4,8.04
1401737,Enfield Town,Hampton & Richmond,National League - South,2026-01-06T19:45:00+00:00,32,Betano,2.25,1.55,2.35,64.52,42.55,7.07
1401737,Enfield Town,Hampton & Richmond,National League - South,2026-01-06T19:45:00+00:00,32,Betano,2.5,1.75,2.02,57.14,49.5,6.65
1401737,Enfield Town,Hampton & Richmond,National League - South,2026-01-06T19:45:00+00:00,32,Betano,2.75,1.93,1.82,51.81,54.95,6.76
1401737,Enfield Town,Hampton & Richmond,National League - South,2026-01-06T19:45:00+00:00,32,Betano,3.5,2.72,1.4,36.76,71.43,8.19
1401737,Enfield Town,Hampton & Richmond,National League - South,2026-01-06T19:45:00+00:00,32,Betano,0.5,1.05,8.0,95.24,12.5,7.74
1401737,Enfield Town,Hampton & Richmond,National League - South,2026-01-06T19:45:00+00:00,32,Betano,3.0,2.22,1.62,45.05,61.73,6.77
1401737,Enfield Town,Hampton & Richmond,National League - South,2026-01-06T19:45:00+00:00,32,Betano,4.5,4.6,1.16,21.74,86.21,7.95
1401737,Enfield Town,Hampton & Richmond,National League - South,2026-01-06T19:45:00+00:00,32,Betano,3.25,2.5,1.5,40.0,66.67,6.67
1401737,Enfield Town,Hampton & Richmond,National League - South,2026-01-06T19:45:00+00:00,32,Betano,5.5,7.5,1.06,13.33,94.34,7.67
1401737,Enfield Town,Hampton & Richmond,National League - South,2026-01-06T19:45:00+00:00,32,Betano,6.5,10.25,1.02,9.76,98.04,7.8
1401737,Enfield Town,Hampton & Richmond,National League - South,2026-01-06T19:45:00+00:00,34,Superbet,1.5,1.23,3.7,81.3,27.03,8.33
1401737,Enfield Town,Hampton & Richmond,National League - South,2026-01-06T19:45:00+00:00,34,Superbet,2.5,1.76,1.95,56.82,51.28,8.1
1401737,Enfield Town,Hampton & Richmond,National League - South,2026-01-06T19:45:00+00:00,34,Superbet,3.5,2.85,1.37,35.09,72.99,8.08
1401737,Enfield Town,Hampton & Richmond,National League - South,2026-01-06T19:45:00+00:00,34,Superbet,0.5,1.03,9.8,97.09,10.2,7.29
1401737,Enfield Town,Hampton & Richmond,National League - South,2026-01-06T19:45:00+00:00,34,Superbet,4.5,5.2,1.13,19.23,88.5,7.73
1378044,Bologna,Atalanta,Serie A,2026-01-07T17:30:00+00:00,1,10Bet,1.5,1.3,3.35,76.92,29.85,6.77
1378044,Bologna,Atalanta,Serie A,2026-01-07T17:30:00+00:00,1,10Bet,2.5,1.93,1.85,51.81,54.05,5.87
1378044,Bologna,Atalanta,Serie A,2026-01-07T17:30:00+00:00,1,10Bet,3.5,3.35,1.3,29.85,76.92,6.77
1378044,Bologna,Atalanta,Serie A,2026-01-07T17:30:00+00:00,1,10Bet,0.5,1.06,8.5,94.34,11.76,6.1
1378044,Bologna,Atalanta,Serie A,2026-01-07T17:30:00+00:00,1,10Bet,4.5,6.5,1.1,15.38,90.91,6.29
1378044,Bologna,Atalanta,Serie A,2026-01-07T17:30:00+00:00,8,Bet365,1.5,1.28,3.75,78.12,26.67,4.79
1378044,Bologna,Atalanta,Serie A,2026-01-07T17:30:00+00:00,8,Bet365,2.5,1.91,1.91,52.36,52.36,4.71
1378044,Bologna,Atalanta,Serie A,2026-01-07T17:30:00+00:00,8,Bet365,3.5,3.4,1.33,29.41,75.19,4.6
1378044,Bologna,Atalanta,Serie A,2026-01-07T17:30:00+00:00,8,Bet365,0.5,1.06,10.0,94.34,10.0,4.34
1378044,Bologna,Atalanta,Serie A,2026-01-07T17:30:00+00:00,8,Bet365,4.5,6.5,1.11,15.38,90.09,5.47
1378044,Bologna,Atalanta,Serie A,2026-01-07T17:30:00+00:00,8,Bet365,7.5,51.0,1.0,1.96,100.0,1.96
1378044,Bologna,Atalanta,Serie A,2026-01-07T17:30:00+00:00,8,Bet365,5.5,13.0,1.04,7.69,96.15,3.85
1378044,Bologna,Atalanta,Serie A,2026-01-07T17:30:00+00:00,8,Bet365,6.5,26.0,1.01,3.85,99.01,2.86
1378044,Bologna,Atalanta,Serie A,2026-01-07T17:30:00+00:00,2,Marathonbet,1.5,1.26,3.44,79.37,29.07,8.43
1378044,Bologna,Atalanta,Serie A,2026-01-07T17:30:00+00:00,2,Marathonbet,1.75,1.33,3.04,75.19,32.89,8.08
1378044,Bologna,Atalanta,Serie A,2026-01-07T17:30:00+00:00,2,Marathonbet,2.0,1.44,2.64,69.44,37.88,7.32
1378044,Bologna,Atalanta,Serie A,2026-01-07T17:30:00+00:00,2,Marathonbet,2.25,1.68,2.12,59.52,47.17,6.69
1378044,Bologna,Atalanta,Serie A,2026-01-07T17:30:00+00:00,2,Marathonbet,2.5,1.95,1.88,51.28,53.19,4.47
1378044,Bologna,Atalanta,Serie A,2026-01-07T17:30:00+00:00,2,Marathonbet,2.75,2.17,1.65,46.08,60.61,6.69
1378044,Bologna,Atalanta,Serie A,2026-01-07T17:30:00+00:00,2,Marathonbet,3.5,3.22,1.29,31.06,77.52,8.58
1378044,Bologna,Atalanta,Serie A,2026-01-07T17:30:00+00:00,2,Marathonbet,0.5,1.0,9.5,100.0,10.53,10.53
1378044,Bologna,Atalanta,Serie A,2026-01-07T17:30:00+00:00,2,Marathonbet,0.75,1.01,8.8,99.01,11.36,10.37
1378044,Bologna,Atalanta,Serie A,2026-01-07T17:30:00+00:00,2,Marathonbet,1.0,1.03,8.2,97.09,12.2,9.28
1378044,Bologna,Atalanta,Serie A,2026-01-07T17:30:00+00:00,2,Marathonbet,1.25,1.14,4.65,87.72,21.51,9.22
1378044,Bologna,Atalanta,Serie A,2026-01-07T17:30:00+00:00,2,Marathonbet,3.0,2.61,1.45,38.31,68.97,7.28
1378044,Bologna,Atalanta,Serie A,2026-01-07T17:30:00+00:00,2,Marathonbet,4.5,6.2,1.06,16.13,94.34,10.47
1378044,Bologna,Atalanta,Serie A,2026-01-07T17:30:00+00:00,2,Marathonbet,3.25,2.91,1.36,34.36,73.53,7.89
1378044,Bologna,Atalanta,Serie A,2026-01-07T17:30:00+00:00,2,Marathonbet,3.75,3.96,1.19,25.25,84.03,9.29
1378044,Bologna,Atalanta,Serie A,2026-01-07T17:30:00+00:00,2,Marathonbet,4.0,5.45,1.09,18.35,91.74,10.09
1378044,Bologna,Atalanta,Serie A,2026-01-07T17:30:00+00:00,2,Marathonbet,4.25,5.8,1.07,17.24,93.46,10.7
1378044,Bologna,Atalanta,Serie A,2026-01-07T17:30:00+00:00,16,Unibet,1.5,1.26,3.7,79.37,27.03,6.39
1378044,Bologna,Atalanta,Serie A,2026-01-07T17:30:00+00:00,16,Unibet,1.75,1.35,3.2,74.07,31.25,5.32
1378044,Bologna,Atalanta,Serie A,2026-01-07T17:30:00+00:00,16,Unibet,2.0,1.44,2.8,69.44,35.71,5.16
1378044,Bologna,Atalanta,Serie A,2026-01-07T17:30:00+00:00,16,Unibet,2.25,1.68,2.17,59.52,46.08,5.61
1378044,Bologna,Atalanta,Serie A,2026-01-07T17:30:00+00:00,16,Unibet,2.5,1.93,1.87,51.81,53.48,5.29
1378044,Bologna,Atalanta,Serie A,2026-01-07T17:30:00+00:00,16,Unibet,2.75,2.2,1.67,45.45,59.88,5.33
1378044,Bologna,Atalanta,Serie A,2026-01-07T17:30:00+00:00,16,Unibet,3.5,3.4,1.3,29.41,76.92,6.33
1378044,Bologna,Atalanta,Serie A,2026-01-07T17:30:00+00:00,16,Unibet,0.5,1.03,11.0,97.09,9.09,6.18
1378044,Bologna,Atalanta,Serie A,2026-01-07T17:30:00+00:00,16,Unibet,3.0,2.7,1.47,37.04,68.03,5.06
1378044,Bologna,Atalanta,Serie A,2026-01-07T17:30:00+00:00,16,Unibet,4.5,7.0,1.09,14.29,91.74,6.03
1378044,Bologna,Atalanta,Serie A,2026-01-07T17:30:00+00:00,16,Unibet,3.25,3.05,1.38,32.79,72.46,5.25
1378044,Bologna,Atalanta,Serie A,2026-01-07T17:30:00+00:00,3,Betfair,1.5,1.29,3.5,77.52,28.57,6.09
1378044,Bologna,Atalanta,Serie A,2026-01-07T17:30:00+00:00,3,Betfair,2.5,1.9,1.87,52.63,53.48,6.11
1378044,Bologna,Atalanta,Serie A,2026-01-07T17:30:00+00:00,3,Betfair,3.5,3.25,1.33,30.77,75.19,5.96
1378044,Bologna,Atalanta,Serie A,2026-01-07T17:30:00+00:00,3,Betfair,0.5,1.04,11.0,96.15,9.09,5.24
1378044,Bologna,Atalanta,Serie A,2026-01-07T17:30:00+00:00,3,Betfair,4.5,6.5,1.1,15.38,90.91,6.29
1378044,Bologna,Atalanta,Serie A,2026-01-07T17:30:00+00:00,3,Betfair,5.5,13.0,1.02,7.69,98.04,5.73
1378044,Bologna,Atalanta,Serie A,2026-01-07T17:30:00+00:00,13,188Bet,2.5,2.0,1.9,50.0,52.63,2.63
1378044,Bologna,Atalanta,Serie A,2026-01-07T17:30:00+00:00,4,Pinnacle,1.5,1.33,3.44,75.19,29.07,4.26
1378044,Bologna,Atalanta,Serie A,2026-01-07T17:30:00+00:00,4,Pinnacle,1.75,1.4,3.04,71.43,32.89,4.32
1378044,Bologna,Atalanta,Serie A,2026-01-07T17:30:00+00:00,4,Pinnacle,2.0,1.52,2.64,65.79,37.88,3.67
1378044,Bologna,Atalanta,Serie A,2026-01-07T17:30:00+00:00,4,Pinnacle,2.25,1.77,2.13,56.5,46.95,3.45
1378044,Bologna,Atalanta,Serie A,2026-01-07T17:30:00+00:00,4,Pinnacle,2.5,2.03,1.87,49.26,53.48,2.74
1378044,Bologna,Atalanta,Serie A,2026-01-07T17:30:00+00:00,4,Pinnacle,2.75,2.31,1.66,43.29,60.24,3.53
1378044,Bologna,Atalanta,Serie A,2026-01-07T17:30:00+00:00,4,Pinnacle,3.5,3.55,1.32,28.17,75.76,3.93
1378044,Bologna,Atalanta,Serie A,2026-01-07T17:30:00+00:00,4,Pinnacle,3.0,2.84,1.46,35.21,68.49,3.7
1378044,Bologna,Atalanta,Serie A,2026-01-07T17:30:00+00:00,4,Pinnacle,3.25,3.19,1.37,31.35,72.99,4.34
1378044,Bologna,Atalanta,Serie A,2026-01-07T17:30:00+00:00,5,SBO,2.25,1.7,2.19,58.82,45.66,4.49
1378044,Bologna,Atalanta,Serie A,2026-01-07T17:30:00+00:00,5,SBO,2.5,1.96,1.9,51.02,52.63,3.65
1378044,Bologna,Atalanta,Serie A,2026-01-07T17:30:00+00:00,5,SBO,2.75,2.23,1.67,44.84,59.88,4.72
1378044,Bologna,Atalanta,Serie A,2026-01-07T17:30:00+00:00,11,1xBet,1.5,1.26,3.44,79.37,29.07,8.43
1378044,Bologna,Atalanta,Serie A,2026-01-07T17:30:00+00:00,11,1xBet,1.75,1.33,3.04,75.19,32.89,8.08
1378044,Bologna,Atalanta,Serie A,2026-01-07T17:30:00+00:00,11,1xBet,2.0,1.44,2.64,69.44,37.88,7.32
1378044,Bologna,Atalanta,Serie A,2026-01-07T17:30:00+00:00,11,1xBet,2.25,1.68,2.12,59.52,47.17,6.69
1378044,Bologna,Atalanta,Serie A,2026-01-07T17:30:00+00:00,11,1xBet,2.5,2.01,1.94,49.75,51.55,1.3
1378044,Bologna,Atalanta,Serie A,2026-01-07T17:30:00+00:00,11,1xBet,2.75,2.17,1.65,46.08,60.61,6.69
1378044,Bologna,Atalanta,Serie A,2026-01-07T17:30:00+00:00,11,1xBet,3.5,3.22,1.29,31.06,77.52,8.58
1378044,Bologna,Atalanta,Serie A,2026-01-07T17:30:00+00:00,11,1xBet,0.5,1.0,9.5,100.0,10.53,10.53
1378044,Bologna,Atalanta,Serie A,2026-01-07T17:30:00+00:00,11,1xBet,0.75,1.01,8.8,99.01,11.36,10.37
1378044,Bologna,Atalanta,Serie A,2026-01-07T17:30:00+00:00,11,1xBet,1.0,1.03,8.2,97.09,12.2,9.28
1378044,Bologna,Atalanta,Serie A,2026-01-07T17:30:00+00:00,11,1xBet,1.25,1.14,4.65,87.72,21.51,9.22
1378044,Bologna,Atalanta,Serie A,2026-01-07T17:30:00+00:00,11,1xBet,3.0,2.61,1.45,38.31,68.97,7.28
1378044,Bologna,Atalanta,Serie A,2026-01-07T17:30:00+00:00,11,1xBet,4.5,6.2,1.06,16.13,94.34,10.47
1378044,Bologna,Atalanta,Serie A,2026-01-07T17:30:00+00:00,11,1xBet,3.25,2.91,1.36,34.36,73.53,7.89
1378044,Bologna,Atalanta,Serie A,2026-01-07T17:30:00+00:00,11,1xBet,3.75,3.96,1.19,25.25,84.03,9.29
1378044,Bologna,Atalanta,Serie A,2026-01-07T17:30:00+00:00,11,1xBet,4.0,5.45,1.09,18.35,91.74,10.09
1378044,Bologna,Atalanta,Serie A,2026-01-07T17:30:00+00:00,11,1xBet,4.25,5.8,1.07,17.24,93.46,10.7
1378044,Bologna,Atalanta,Serie A,2026-01-07T17:30:00+00:00,11,1xBet,5.0,11.0,1.04,9.09,96.15,5.24
1378044,Bologna,Atalanta,Serie A,2026-01-07T17:30:00+00:00,11,1xBet,7.5,50.0,1.0,2.0,100.0,2.0
1378044,Bologna,Atalanta,Serie A,2026-01-07T17:30:00+00:00,11,1xBet,5.5,13.5,1.02,7.41,98.04,5.45
1378044,Bologna,Atalanta,Serie A,2026-01-07T17:30:00+00:00,11,1xBet,6.5,26.0,1.01,3.85,99.01,2.86
1378044,Bologna,Atalanta,Serie A,2026-01-07T17:30:00+00:00,32,Betano,1.5,1.32,3.4,75.76,29.41,5.17
1378044,Bologna,Atalanta,Serie A,2026-01-07T17:30:00+00:00,32,Betano,1.75,1.4,3.05,71.43,32.79,4.22
1378044,Bologna,Atalanta,Serie A,2026-01-07T17:30:00+00:00,32,Betano,2.0,1.5,2.67,66.67,37.45,4.12
1378044,Bologna,Atalanta,Serie A,2026-01-07T17:30:00+00:00,32,Betano,2.25,1.75,2.15,57.14,46.51,3.65
1378044,Bologna,Atalanta,Serie A,2026-01-07T17:30:00+00:00,32,Betano,2.5,1.98,1.87,50.51,53.48,3.98
1378044,Bologna,Atalanta,Serie A,2026-01-07T17:30:00+00:00,32,Betano,2.75,2.25,1.67,44.44,59.88,4.32
1378044,Bologna,Atalanta,Serie A,2026-01-07T17:30:00+00:00,32,Betano,3.5,3.3,1.34,30.3,74.63,4.93
1378044,Bologna,Atalanta,Serie A,2026-01-07T17:30:00+00:00,32,Betano,0.5,1.07,8.5,93.46,11.76,5.22
1378044,Bologna,Atalanta,Serie A,2026-01-07T17:30:00+00:00,32,Betano,3.0,2.7,1.5,37.04,66.67,3.7
1378044,Bologna,Atalanta,Serie A,2026-01-07T17:30:00+00:00,32,Betano,4.5,6.2,1.13,16.13,88.5,4.62
1378044,Bologna,Atalanta,Serie A,2026-01-07T17:30:00+00:00,32,Betano,3.25,3.05,1.4,32.79,71.43,4.22
1378044,Bologna,Atalanta,Serie A,2026-01-07T17:30:00+00:00,32,Betano,5.5,10.75,1.04,9.3,96.15,5.46
1378044,Bologna,Atalanta,Serie A,2026-01-07T17:30:00+00:00,32,Betano,6.5,16.0,1.02,6.25,98.04,4.29
1378044,Bologna,Atalanta,Serie A,2026-01-07T17:30:00+00:00,34,Superbet,1.5,1.32,3.45,75.76,28.99,4.74
1378044,Bologna,Atalanta,Serie A,2026-01-07T17:30:00+00:00,34,Superbet,2.5,2.0,1.82,50.0,54.95,4.95
1378044,Bologna,Atalanta,Serie A,2026-01-07T17:30:00+00:00,34,Superbet,3.5,3.45,1.32,28.99,75.76,4.74
1378044,Bologna,Atalanta,Serie A,2026-01-07T17:30:00+00:00,34,Superbet,0.5,1.06,9.3,94.34,10.75,5.09
1378044,Bologna,Atalanta,Serie A,2026-01-07T17:30:00+00:00,34,Superbet,4.5,6.9,1.11,14.49,90.09,4.58
1378044,Bologna,Atalanta,Serie A,2026-01-07T17:30:00+00:00,34,Superbet,5.5,14.0,1.03,7.14,97.09,4.23
1378044,Bologna,Atalanta,Serie A,2026-01-07T17:30:00+00:00,34,Superbet,6.5,33.0,1.01,3.03,99.01,2.04
1378046,Lazio,Fiorentina,Serie A,2026-01-07T19:45:00+00:00,1,10Bet,1.5,1.42,2.8,70.42,35.71,6.14
1378046,Lazio,Fiorentina,Serie A,2026-01-07T19:45:00+00:00,1,10Bet,2.5,2.25,1.62,44.44,61.73,6.17
1378046,Lazio,Fiorentina,Serie A,2026-01-07T19:45:00+00:00,1,10Bet,3.5,4.2,1.22,23.81,81.97,5.78
1378046,Lazio,Fiorentina,Serie A,2026-01-07T19:45:00+00:00,1,10Bet,0.5,1.09,7.0,91.74,14.29,6.03
1378046,Lazio,Fiorentina,Serie A,2026-01-07T19:45:00+00:00,1,10Bet,4.5,8.5,1.06,11.76,94.34,6.1
1378046,Lazio,Fiorentina,Serie A,2026-01-07T19:45:00+00:00,8,Bet365,1.5,1.4,3.0,71.43,33.33,4.76
1378046,Lazio,Fiorentina,Serie A,2026-01-07T19:45:00+00:00,8,Bet365,2.5,2.3,1.62,43.48,61.73,5.21
1378046,Lazio,Fiorentina,Serie A,2026-01-07T19:45:00+00:00,8,Bet365,3.5,4.0,1.25,25.0,80.0,5.0
1378046,Lazio,Fiorentina,Serie A,2026-01-07T19:45:00+00:00,8,Bet365,0.5,1.08,7.5,92.59,13.33,5.93
1378046,Lazio,Fiorentina,Serie A,2026-01-07T19:45:00+00:00,8,Bet365,4.5,9.0,1.07,11.11,93.46,4.57
1378046,Lazio,Fiorentina,Serie A,2026-01-07T19:45:00+00:00,8,Bet365,5.5,19.0,1.02,5.26,98.04,3.3
1378046,Lazio,Fiorentina,Serie A,2026-01-07T19:45:00+00:00,8,Bet365,6.5,41.0,1.0,2.44,100.0,2.44
1378046,Lazio,Fiorentina,Serie A,2026-01-07T19:45:00+00:00,2,Marathonbet,1.5,1.38,2.77,72.46,36.1,8.56
1378046,Lazio,Fiorentina,Serie A,2026-01-07T19:45:00+00:00,2,Marathonbet,1.75,1.48,2.48,67.57,40.32,7.89
1378046,Lazio,Fiorentina,Serie A,2026-01-07T19:45:00+00:00,2,Marathonbet,2.0,1.65,2.14,60.61,46.73,7.34
1378046,Lazio,Fiorentina,Serie A,2026-01-07T19:45:00+00:00,2,Marathonbet,2.25,1.93,1.82,51.81,54.95,6.76
1378046,Lazio,Fiorentina,Serie A,2026-01-07T19:45:00+00:00,2,Marathonbet,2.5,2.26,1.66,44.25,60.24,4.49
1378046,Lazio,Fiorentina,Serie A,2026-01-07T19:45:00+00:00,2,Marathonbet,2.75,2.58,1.47,38.76,68.03,6.79
1378046,Lazio,Fiorentina,Serie A,2026-01-07T19:45:00+00:00,2,Marathonbet,3.5,3.86,1.21,25.91,82.64,8.55
1378046,Lazio,Fiorentina,Serie A,2026-01-07T19:45:00+00:00,2,Marathonbet,0.5,1.05,6.6,95.24,15.15,10.39
1378046,Lazio,Fiorentina,Serie A,2026-01-07T19:45:00+00:00,2,Marathonbet,0.75,1.06,6.1,94.34,16.39,10.73
1378046,Lazio,Fiorentina,Serie A,2026-01-07T19:45:00+00:00,2,Marathonbet,1.0,1.09,5.65,91.74,17.7,9.44
1378046,Lazio,Fiorentina,Serie A,2026-01-07T19:45:00+00:00,2,Marathonbet,1.25,1.24,3.52,80.65,28.41,9.05
1378046,Lazio,Fiorentina,Serie A,2026-01-07T19:45:00+00:00,2,Marathonbet,3.0,3.22,1.31,31.06,76.34,7.39
1378046,Lazio,Fiorentina,Serie A,2026-01-07T19:45:00+00:00,2,Marathonbet,4.5,7.2,1.03,13.89,97.09,10.98
1378046,Lazio,Fiorentina,Serie A,2026-01-07T19:45:00+00:00,2,Marathonbet,3.25,3.5,1.26,28.57,79.37,7.94
1378046,Lazio,Fiorentina,Serie A,2026-01-07T19:45:00+00:00,2,Marathonbet,3.75,4.85,1.13,20.62,88.5,9.11
1378046,Lazio,Fiorentina,Serie A,2026-01-07T19:45:00+00:00,2,Marathonbet,4.0,6.7,1.06,14.93,94.34,9.26
1378046,Lazio,Fiorentina,Serie A,2026-01-07T19:45:00+00:00,2,Marathonbet,4.25,6.9,1.04,14.49,96.15,10.65
1378046,Lazio,Fiorentina,Serie A,2026-01-07T19:45:00+00:00,16,Unibet,1.5,1.35,3.1,74.07,32.26,6.33
1378046,Lazio,Fiorentina,Serie A,2026-01-07T19:45:00+00:00,16,Unibet,1.75,1.46,2.7,68.49,37.04,5.53
1378046,Lazio,Fiorentina,Serie A,2026-01-07T19:45:00+00:00,16,Unibet,2.0,1.61,2.3,62.11,43.48,5.59
1378046,Lazio,Fiorentina,Serie A,2026-01-07T19:45:00+00:00,16,Unibet,2.25,1.9,1.9,52.63,52.63,5.26
1378046,Lazio,Fiorentina,Serie A,2026-01-07T19:45:00+00:00,16,Unibet,2.5,2.17,1.66,46.08,60.24,6.32
1378046,Lazio,Fiorentina,Serie A,2026-01-07T19:45:00+00:00,16,Unibet,2.75,2.55,1.5,39.22,66.67,5.88
1378046,Lazio,Fiorentina,Serie A,2026-01-07T19:45:00+00:00,16,Unibet,3.5,4.1,1.22,24.39,81.97,6.36
1378046,Lazio,Fiorentina,Serie A,2026-01-07T19:45:00+00:00,16,Unibet,0.5,1.05,9.0,95.24,11.11,6.35
1378046,Lazio,Fiorentina,Serie A,2026-01-07T19:45:00+00:00,16,Unibet,3.0,3.3,1.33,30.3,75.19,5.49
1378046,Lazio,Fiorentina,Serie A,2026-01-07T19:45:00+00:00,16,Unibet,4.5,9.0,1.05,11.11,95.24,6.35
1378046,Lazio,Fiorentina,Serie A,2026-01-07T19:45:00+00:00,16,Unibet,3.25,3.7,1.28,27.03,78.12,5.15
1378046,Lazio,Fiorentina,Serie A,2026-01-07T19:45:00+00:00,3,Betfair,1.5,1.4,2.88,71.43,34.72,6.15
1378046,Lazio,Fiorentina,Serie A,2026-01-07T19:45:00+00:00,3,Betfair,2.5,2.2,1.65,45.45,60.61,6.06
1378046,Lazio,Fiorentina,Serie A,2026-01-07T19:45:00+00:00,3,Betfair,3.5,4.2,1.22,23.81,81.97,5.78
1378046,Lazio,Fiorentina,Serie A,2026-01-07T19:45:00+00:00,3,Betfair,0.5,1.06,8.5,94.34,11.76,6.1
1378046,Lazio,Fiorentina,Serie A,2026-01-07T19:45:00+00:00,3,Betfair,4.5,8.5,1.06,11.76,94.34,6.1
1378046,Lazio,Fiorentina,Serie A,2026-01-07T19:45:00+00:00,3,Betfair,5.5,17.0,1.01,5.88,99.01,4.89
1378046,Lazio,Fiorentina,Serie A,2026-01-07T19:45:00+00:00,13,188Bet,2.25,2.01,1.89,49.75,52.91,2.66
1378046,Lazio,Fiorentina,Serie A,2026-01-07T19:45:00+00:00,4,Pinnacle,1.5,1.41,3.0,70.92,33.33,4.26
1378046,Lazio,Fiorentina,Serie A,2026-01-07T19:45:00+00:00,4,Pinnacle,1.75,1.53,2.62,65.36,38.17,3.53
1378046,Lazio,Fiorentina,Serie A,2026-01-07T19:45:00+00:00,4,Pinnacle,2.0,1.71,2.22,58.48,45.05,3.52
1378046,Lazio,Fiorentina,Serie A,2026-01-07T19:45:00+00:00,4,Pinnacle,2.25,2.04,1.85,49.02,54.05,3.07
1378046,Lazio,Fiorentina,Serie A,2026-01-07T19:45:00+00:00,4,Pinnacle,2.5,2.35,1.64,42.55,60.98,3.53
1378046,Lazio,Fiorentina,Serie A,2026-01-07T19:45:00+00:00,4,Pinnacle,2.75,2.75,1.49,36.36,67.11,3.48
1378046,Lazio,Fiorentina,Serie A,2026-01-07T19:45:00+00:00,4,Pinnacle,1.25,1.27,3.94,78.74,25.38,4.12
1378046,Lazio,Fiorentina,Serie A,2026-01-07T19:45:00+00:00,4,Pinnacle,3.0,3.48,1.33,28.74,75.19,3.92
1378046,Lazio,Fiorentina,Serie A,2026-01-07T19:45:00+00:00,4,Pinnacle,3.25,3.86,1.28,25.91,78.12,4.03
1378046,Lazio,Fiorentina,Serie A,2026-01-07T19:45:00+00:00,5,SBO,2.0,1.69,2.2,59.17,45.45,4.63
1378046,Lazio,Fiorentina,Serie A,2026-01-07T19:45:00+00:00,5,SBO,2.25,1.99,1.87,50.25,53.48,3.73
1378046,Lazio,Fiorentina,Serie A,2026-01-07T19:45:00+00:00,5,SBO,2.5,2.23,1.67,44.84,59.88,4.72
1378046,Lazio,Fiorentina,Serie A,2026-01-07T19:45:00+00:00,11,1xBet,1.5,1.38,2.77,72.46,36.1,8.56
1378046,Lazio,Fiorentina,Serie A,2026-01-07T19:45:00+00:00,11,1xBet,1.75,1.48,2.48,67.57,40.32,7.89
1378046,Lazio,Fiorentina,Serie A,2026-01-07T19:45:00+00:00,11,1xBet,2.0,1.65,2.14,60.61,46.73,7.34
1378046,Lazio,Fiorentina,Serie A,2026-01-07T19:45:00+00:00,11,1xBet,2.25,1.93,1.82,51.81,54.95,6.76
1378046,Lazio,Fiorentina,Serie A,2026-01-07T19:45:00+00:00,11,1xBet,2.5,2.33,1.71,42.92,58.48,1.4
1378046,Lazio,Fiorentina,Serie A,2026-01-07T19:45:00+00:00,11,1xBet,2.75,2.58,1.47,38.76,68.03,6.79
1378046,Lazio,Fiorentina,Serie A,2026-01-07T19:45:00+00:00,11,1xBet,3.5,3.86,1.21,25.91,82.64,8.55
1378046,Lazio,Fiorentina,Serie A,2026-01-07T19:45:00+00:00,11,1xBet,0.5,1.05,6.6,95.24,15.15,10.39
1378046,Lazio,Fiorentina,Serie A,2026-01-07T19:45:00+00:00,11,1xBet,0.75,1.06,6.1,94.34,16.39,10.73
1378046,Lazio,Fiorentina,Serie A,2026-01-07T19:45:00+00:00,11,1xBet,1.0,1.09,5.65,91.74,17.7,9.44
1378046,Lazio,Fiorentina,Serie A,2026-01-07T19:45:00+00:00,11,1xBet,1.25,1.24,3.52,80.65,28.41,9.05
1378046,Lazio,Fiorentina,Serie A,2026-01-07T19:45:00+00:00,11,1xBet,3.0,3.22,1.31,31.06,76.34,7.39
1378046,Lazio,Fiorentina,Serie A,2026-01-07T19:45:00+00:00,11,1xBet,4.5,7.2,1.03,13.89,97.09,10.98
1378046,Lazio,Fiorentina,Serie A,2026-01-07T19:45:00+00:00,11,1xBet,3.25,3.5,1.26,28.57,79.37,7.94
1378046,Lazio,Fiorentina,Serie A,2026-01-07T19:45:00+00:00,11,1xBet,3.75,4.85,1.13,20.62,88.5,9.11
1378046,Lazio,Fiorentina,Serie A,2026-01-07T19:45:00+00:00,11,1xBet,4.0,6.7,1.06,14.93,94.34,9.26
1378046,Lazio,Fiorentina,Serie A,2026-01-07T19:45:00+00:00,11,1xBet,4.25,6.9,1.04,14.49,96.15,10.65
1378046,Lazio,Fiorentina,Serie A,2026-01-07T19:45:00+00:00,11,1xBet,5.0,14.5,1.02,6.9,98.04,4.94
1378046,Lazio,Fiorentina,Serie A,2026-01-07T19:45:00+00:00,11,1xBet,5.5,18.0,1.02,5.56,98.04,3.59
1378046,Lazio,Fiorentina,Serie A,2026-01-07T19:45:00+00:00,11,1xBet,6.5,41.0,1.0,2.44,100.0,2.44
1378046,Lazio,Fiorentina,Serie A,2026-01-07T19:45:00+00:00,32,Betano,1.5,1.44,2.92,69.44,34.25,3.69
1378046,Lazio,Fiorentina,Serie A,2026-01-07T19:45:00+00:00,32,Betano,1.75,1.55,2.55,64.52,39.22,3.73
1378046,Lazio,Fiorentina,Serie A,2026-01-07T19:45:00+00:00,32,Betano,2.0,1.72,2.2,58.14,45.45,3.59
1378046,Lazio,Fiorentina,Serie A,2026-01-07T19:45:00+00:00,32,Betano,2.25,2.0,1.85,50.0,54.05,4.05
1378046,Lazio,Fiorentina,Serie A,2026-01-07T19:45:00+00:00,32,Betano,2.5,2.3,1.65,43.48,60.61,4.08
1378046,Lazio,Fiorentina,Serie A,2026-01-07T19:45:00+00:00,32,Betano,2.75,2.67,1.5,37.45,66.67,4.12
1378046,Lazio,Fiorentina,Serie A,2026-01-07T19:45:00+00:00,32,Betano,3.5,4.05,1.25,24.69,80.0,4.69
1378046,Lazio,Fiorentina,Serie A,2026-01-07T19:45:00+00:00,32,Betano,0.5,1.1,7.0,90.91,14.29,5.19
1378046,Lazio,Fiorentina,Serie A,2026-01-07T19:45:00+00:00,32,Betano,3.0,3.4,1.34,29.41,74.63,4.04
1378046,Lazio,Fiorentina,Serie A,2026-01-07T19:45:00+00:00,32,Betano,4.5,7.8,1.09,12.82,91.74,4.56
1378046,Lazio,Fiorentina,Serie A,2026-01-07T19:45:00+00:00,32,Betano,5.5,13.0,1.03,7.69,97.09,4.78
1378046,Lazio,Fiorentina,Serie A,2026-01-07T19:45:00+00:00,34,Superbet,1.5,1.41,2.95,70.92,33.9,4.82
1378046,Lazio,Fiorentina,Serie A,2026-01-07T19:45:00+00:00,34,Superbet,2.5,2.3,1.63,43.48,61.35,4.83
1378046,Lazio,Fiorentina,Serie A,2026-01-07T19:45:00+00:00,34,Superbet,3.5,4.15,1.23,24.1,81.3,5.4
1378046,Lazio,Fiorentina,Serie A,2026-01-07T19:45:00+00:00,34,Superbet,0.5,1.09,7.7,91.74,12.99,4.73
1378046,Lazio,Fiorentina,Serie A,2026-01-07T19:45:00+00:00,34,Superbet,4.5,8.7,1.07,11.49,93.46,4.95
1378046,Lazio,Fiorentina,Serie A,2026-01-07T19:45:00+00:00,34,Superbet,5.5,19.0,1.02,5.26,98.04,3.3
1378046,Lazio,Fiorentina,Serie A,2026-01-07T19:45:00+00:00,34,Superbet,6.5,50.0,1.0,2.0,100.0,2.0
1378049,Napoli,Verona,Serie A,2026-01-07T17:30:00+00:00,1,10Bet,1.5,1.33,3.25,75.19,30.77,5.96
1378049,Napoli,Verona,Serie A,2026-01-07T17:30:00+00:00,1,10Bet,2.5,2.0,1.8,50.0,55.56,5.56
1378049,Napoli,Verona,Serie A,2026-01-07T17:30:00+00:00,1,10Bet,3.5,3.55,1.28,28.17,78.12,6.29
1378049,Napoli,Verona,Serie A,2026-01-07T17:30:00+00:00,1,10Bet,0.5,1.06,8.5,94.34,11.76,6.1
1378049,Napoli,Verona,Serie A,2026-01-07T17:30:00+00:00,1,10Bet,4.5,7.0,1.09,14.29,91.74,6.03
1378049,Napoli,Verona,Serie A,2026-01-07T17:30:00+00:00,8,Bet365,1.5,1.33,3.4,75.19,29.41,4.6
1378049,Napoli,Verona,Serie A,2026-01-07T17:30:00+00:00,8,Bet365,2.5,2.0,1.8,50.0,55.56,5.56
1378049,Napoli,Verona,Serie A,2026-01-07T17:30:00+00:00,8,Bet365,3.5,3.75,1.28,26.67,78.12,4.79
1378049,Napoli,Verona,Serie A,2026-01-07T17:30:00+00:00,8,Bet365,0.5,1.06,9.5,94.34,10.53,4.87
1378049,Napoli,Verona,Serie A,2026-01-07T17:30:00+00:00,8,Bet365,4.5,7.0,1.1,14.29,90.91,5.19
1378049,Napoli,Verona,Serie A,2026-01-07T17:30:00+00:00,8,Bet365,5.5,15.0,1.03,6.67,97.09,3.75
1378049,Napoli,Verona,Serie A,2026-01-07T17:30:00+00:00,8,Bet365,6.5,29.0,1.01,3.45,99.01,2.46
1378049,Napoli,Verona,Serie A,2026-01-07T17:30:00+00:00,2,Marathonbet,1.5,1.3,3.16,76.92,31.65,8.57
1378049,Napoli,Verona,Serie A,2026-01-07T17:30:00+00:00,2,Marathonbet,1.75,1.38,2.82,72.46,35.46,7.92
1378049,Napoli,Verona,Serie A,2026-01-07T17:30:00+00:00,2,Marathonbet,2.0,1.5,2.46,66.67,40.65,7.32
1378049,Napoli,Verona,Serie A,2026-01-07T17:30:00+00:00,2,Marathonbet,2.25,1.76,2.0,56.82,50.0,6.82
1378049,Napoli,Verona,Serie A,2026-01-07T17:30:00+00:00,2,Marathonbet,2.5,2.04,1.8,49.02,55.56,4.58
1378049,Napoli,Verona,Serie A,2026-01-07T17:30:00+00:00,2,Marathonbet,2.75,2.3,1.58,43.48,63.29,6.77
1378049,Napoli,Verona,Serie A,2026-01-07T17:30:00+00:00,2,Marathonbet,3.5,3.5,1.25,28.57,80.0,8.57
1378049,Napoli,Verona,Serie A,2026-01-07T17:30:00+00:00,2,Marathonbet,0.5,1.0,9.5,100.0,10.53,10.53
1378049,Napoli,Verona,Serie A,2026-01-07T17:30:00+00:00,2,Marathonbet,0.75,1.01,9.1,99.01,10.99,10.0
1378049,Napoli,Verona,Serie A,2026-01-07T17:30:00+00:00,2,Marathonbet,1.0,1.02,8.3,98.04,12.05,10.09
1378049,Napoli,Verona,Serie A,2026-01-07T17:30:00+00:00,2,Marathonbet,1.25,1.16,4.4,86.21,22.73,8.93
1378049,Napoli,Verona,Serie A,2026-01-07T17:30:00+00:00,2,Marathonbet,3.0,2.88,1.38,34.72,72.46,7.19
1378049,Napoli,Verona,Serie A,2026-01-07T17:30:00+00:00,2,Marathonbet,4.5,7.1,1.04,14.08,96.15,10.24
1378049,Napoli,Verona,Serie A,2026-01-07T17:30:00+00:00,2,Marathonbet,3.25,3.22,1.3,31.06,76.92,7.98
1378049,Napoli,Verona,Serie A,2026-01-07T17:30:00+00:00,2,Marathonbet,3.75,4.5,1.15,22.22,86.96,9.18
1378049,Napoli,Verona,Serie A,2026-01-07T17:30:00+00:00,2,Marathonbet,4.0,6.3,1.07,15.87,93.46,9.33
1378049,Napoli,Verona,Serie A,2026-01-07T17:30:00+00:00,2,Marathonbet,4.25,6.65,1.05,15.04,95.24,10.28
1378049,Napoli,Verona,Serie A,2026-01-07T17:30:00+00:00,16,Unibet,1.5,1.29,3.45,77.52,28.99,6.5
1378049,Napoli,Verona,Serie A,2026-01-07T17:30:00+00:00,16,Unibet,1.75,1.38,3.0,72.46,33.33,5.8
1378049,Napoli,Verona,Serie A,2026-01-07T17:30:00+00:00,16,Unibet,2.0,1.5,2.6,66.67,38.46,5.13
1378049,Napoli,Verona,Serie A,2026-01-07T17:30:00+00:00,16,Unibet,2.25,1.76,2.06,56.82,48.54,5.36
1378049,Napoli,Verona,Serie A,2026-01-07T17:30:00+00:00,16,Unibet,2.5,2.0,1.77,50.0,56.5,6.5
1378049,Napoli,Verona,Serie A,2026-01-07T17:30:00+00:00,16,Unibet,2.75,2.33,1.6,42.92,62.5,5.42
1378049,Napoli,Verona,Serie A,2026-01-07T17:30:00+00:00,16,Unibet,3.5,3.6,1.27,27.78,78.74,6.52
1378049,Napoli,Verona,Serie A,2026-01-07T17:30:00+00:00,16,Unibet,0.5,1.04,10.0,96.15,10.0,6.15
1378049,Napoli,Verona,Serie A,2026-01-07T17:30:00+00:00,16,Unibet,3.0,2.9,1.41,34.48,70.92,5.4
1378049,Napoli,Verona,Serie A,2026-01-07T17:30:00+00:00,16,Unibet,4.5,7.5,1.08,13.33,92.59,5.93
1378049,Napoli,Verona,Serie A,2026-01-07T17:30:00+00:00,16,Unibet,3.25,3.25,1.34,30.77,74.63,5.4
1378049,Napoli,Verona,Serie A,2026-01-07T17:30:00+00:00,3,Betfair,1.5,1.33,3.25,75.19,30.77,5.96
1378049,Napoli,Verona,Serie A,2026-01-07T17:30:00+00:00,3,Betfair,2.5,2.1,1.73,47.62,57.8,5.42
1378049,Napoli,Verona,Serie A,2026-01-07T17:30:00+00:00,3,Betfair,3.5,3.8,1.25,26.32,80.0,6.32
1378049,Napoli,Verona,Serie A,2026-01-07T17:30:00+00:00,3,Betfair,0.5,1.05,9.0,95.24,11.11,6.35
1378049,Napoli,Verona,Serie A,2026-01-07T17:30:00+00:00,3,Betfair,4.5,8.0,1.07,12.5,93.46,5.96
1378049,Napoli,Verona,Serie A,2026-01-07T17:30:00+00:00,3,Betfair,5.5,17.0,1.01,5.88,99.01,4.89
1378049,Napoli,Verona,Serie A,2026-01-07T17:30:00+00:00,13,188Bet,2.25,1.88,2.02,53.19,49.5,2.7
1378049,Napoli,Verona,Serie A,2026-01-07T17:30:00+00:00,4,Pinnacle,1.5,1.34,3.39,74.63,29.5,4.13
1378049,Napoli,Verona,Serie A,2026-01-07T17:30:00+00:00,4,Pinnacle,1.75,1.42,2.98,70.42,33.56,3.98
1378049,Napoli,Verona,Serie A,2026-01-07T17:30:00+00:00,4,Pinnacle,2.0,1.54,2.58,64.94,38.76,3.69
1378049,Napoli,Verona,Serie A,2026-01-07T17:30:00+00:00,4,Pinnacle,2.25,1.8,2.08,55.56,48.08,3.63
1378049,Napoli,Verona,Serie A,2026-01-07T17:30:00+00:00,4,Pinnacle,2.5,2.07,1.83,48.31,54.64,2.95
1378049,Napoli,Verona,Serie A,2026-01-07T17:30:00+00:00,4,Pinnacle,2.75,2.37,1.63,42.19,61.35,3.54
1378049,Napoli,Verona,Serie A,2026-01-07T17:30:00+00:00,4,Pinnacle,3.5,3.67,1.3,27.25,76.92,4.17
1378049,Napoli,Verona,Serie A,2026-01-07T17:30:00+00:00,4,Pinnacle,1.25,1.22,4.56,81.97,21.93,3.9
1378049,Napoli,Verona,Serie A,2026-01-07T17:30:00+00:00,4,Pinnacle,3.0,2.95,1.43,33.9,69.93,3.83
1378049,Napoli,Verona,Serie A,2026-01-07T17:30:00+00:00,4,Pinnacle,3.25,3.3,1.35,30.3,74.07,4.38
1378049,Napoli,Verona,Serie A,2026-01-07T17:30:00+00:00,5,SBO,2.0,1.55,2.44,64.52,40.98,5.5
1378049,Napoli,Verona,Serie A,2026-01-07T17:30:00+00:00,5,SBO,2.25,1.83,2.03,54.64,49.26,3.91
1378049,Napoli,Verona,Serie A,2026-01-07T17:30:00+00:00,5,SBO,2.5,2.09,1.77,47.85,56.5,4.34
1378049,Napoli,Verona,Serie A,2026-01-07T17:30:00+00:00,11,1xBet,1.5,1.3,3.16,76.92,31.65,8.57
1378049,Napoli,Verona,Serie A,2026-01-07T17:30:00+00:00,11,1xBet,1.75,1.38,2.82,72.46,35.46,7.92
1378049,Napoli,Verona,Serie A,2026-01-07T17:30:00+00:00,11,1xBet,2.0,1.5,2.46,66.67,40.65,7.32
1378049,Napoli,Verona,Serie A,2026-01-07T17:30:00+00:00,11,1xBet,2.25,1.76,2.0,56.82,50.0,6.82
1378049,Napoli,Verona,Serie A,2026-01-07T17:30:00+00:00,11,1xBet,2.5,2.1,1.85,47.62,54.05,1.67
1378049,Napoli,Verona,Serie A,2026-01-07T17:30:00+00:00,11,1xBet,2.75,2.3,1.58,43.48,63.29,6.77
1378049,Napoli,Verona,Serie A,2026-01-07T17:30:00+00:00,11,1xBet,3.5,3.5,1.25,28.57,80.0,8.57
1378049,Napoli,Verona,Serie A,2026-01-07T17:30:00+00:00,11,1xBet,0.5,1.02,11.3,98.04,8.85,6.89
1378049,Napoli,Verona,Serie A,2026-01-07T17:30:00+00:00,11,1xBet,0.75,1.01,9.1,99.01,10.99,10.0
1378049,Napoli,Verona,Serie A,2026-01-07T17:30:00+00:00,11,1xBet,1.0,1.02,8.3,98.04,12.05,10.09
1378049,Napoli,Verona,Serie A,2026-01-07T17:30:00+00:00,11,1xBet,1.25,1.16,4.4,86.21,22.73,8.93
1378049,Napoli,Verona,Serie A,2026-01-07T17:30:00+00:00,11,1xBet,3.0,2.88,1.38,34.72,72.46,7.19
1378049,Napoli,Verona,Serie A,2026-01-07T17:30:00+00:00,11,1xBet,4.5,7.1,1.04,14.08,96.15,10.24
1378049,Napoli,Verona,Serie A,2026-01-07T17:30:00+00:00,11,1xBet,3.25,3.22,1.3,31.06,76.92,7.98
1378049,Napoli,Verona,Serie A,2026-01-07T17:30:00+00:00,11,1xBet,3.75,4.5,1.15,22.22,86.96,9.18
1378049,Napoli,Verona,Serie A,2026-01-07T17:30:00+00:00,11,1xBet,4.0,6.3,1.07,15.87,93.46,9.33
1378049,Napoli,Verona,Serie A,2026-01-07T17:30:00+00:00,11,1xBet,4.25,6.65,1.05,15.04,95.24,10.28
1378049,Napoli,Verona,Serie A,2026-01-07T17:30:00+00:00,11,1xBet,5.0,12.0,1.03,8.33,97.09,5.42
1378049,Napoli,Verona,Serie A,2026-01-07T17:30:00+00:00,11,1xBet,5.5,14.5,1.02,6.9,98.04,4.94
1378049,Napoli,Verona,Serie A,2026-01-07T17:30:00+00:00,11,1xBet,6.5,29.0,1.01,3.45,99.01,2.46
1378049,Napoli,Verona,Serie A,2026-01-07T17:30:00+00:00,32,Betano,1.5,1.36,3.3,73.53,30.3,3.83
1378049,Napoli,Verona,Serie A,2026-01-07T17:30:00+00:00,32,Betano,1.75,1.44,2.9,69.44,34.48,3.93
1378049,Napoli,Verona,Serie A,2026-01-07T17:30:00+00:00,32,Betano,2.0,1.55,2.52,64.52,39.68,4.2
1378049,Napoli,Verona,Serie A,2026-01-07T17:30:00+00:00,32,Betano,2.25,1.82,2.05,54.95,48.78,3.73
1378049,Napoli,Verona,Serie A,2026-01-07T17:30:00+00:00,32,Betano,2.5,2.07,1.8,48.31,55.56,3.86
1378049,Napoli,Verona,Serie A,2026-01-07T17:30:00+00:00,32,Betano,2.75,2.37,1.62,42.19,61.73,3.92
1378049,Napoli,Verona,Serie A,2026-01-07T17:30:00+00:00,32,Betano,3.5,3.55,1.3,28.17,76.92,5.09
1378049,Napoli,Verona,Serie A,2026-01-07T17:30:00+00:00,32,Betano,0.5,1.07,8.5,93.46,11.76,5.22
1378049,Napoli,Verona,Serie A,2026-01-07T17:30:00+00:00,32,Betano,3.0,2.95,1.42,33.9,70.42,4.32
1378049,Napoli,Verona,Serie A,2026-01-07T17:30:00+00:00,32,Betano,4.5,6.7,1.11,14.93,90.09,5.02
1378049,Napoli,Verona,Serie A,2026-01-07T17:30:00+00:00,32,Betano,5.5,11.75,1.04,8.51,96.15,4.66
1378049,Napoli,Verona,Serie A,2026-01-07T17:30:00+00:00,32,Betano,6.5,16.5,1.01,6.06,99.01,5.07
1378049,Napoli,Verona,Serie A,2026-01-07T17:30:00+00:00,34,Superbet,1.5,1.34,3.3,74.63,30.3,4.93
1378049,Napoli,Verona,Serie A,2026-01-07T17:30:00+00:00,34,Superbet,2.5,2.02,1.8,49.5,55.56,5.06
1378049,Napoli,Verona,Serie A,2026-01-07T17:30:00+00:00,34,Superbet,3.5,3.6,1.29,27.78,77.52,5.3
1378049,Napoli,Verona,Serie A,2026-01-07T17:30:00+00:00,34,Superbet,0.5,1.06,10.0,94.34,10.0,4.34
1378049,Napoli,Verona,Serie A,2026-01-07T17:30:00+00:00,34,Superbet,4.5,7.1,1.1,14.08,90.91,4.99
1378049,Napoli,Verona,Serie A,2026-01-07T17:30:00+00:00,34,Superbet,5.5,16.0,1.03,6.25,97.09,3.34
1378049,Napoli,Verona,Serie A,2026-01-07T17:30:00+00:00,34,Superbet,6.5,36.0,1.01,2.78,99.01,1.79
1378050,Parma,Inter,Serie A,2026-01-07T19:45:00+00:00,1,10Bet,1.5,1.2,4.5,83.33,22.22,5.56
1378050,Parma,Inter,Serie A,2026-01-07T19:45:00+00:00,1,10Bet,2.5,1.62,2.25,61.73,44.44,6.17
1378050,Parma,Inter,Serie A,2026-01-07T19:45:00+00:00,1,10Bet,3.5,2.6,1.48,38.46,67.57,6.03
1378050,Parma,Inter,Serie A,2026-01-07T19:45:00+00:00,1,10Bet,0.5,1.03,11.0,97.09,9.09,6.18
1378050,Parma,Inter,Serie A,2026-01-07T19:45:00+00:00,1,10Bet,4.5,4.75,1.18,21.05,84.75,5.8
1378050,Parma,Inter,Serie A,2026-01-07T19:45:00+00:00,1,10Bet,5.5,7.0,1.09,14.29,91.74,6.03
1378050,Parma,Inter,Serie A,2026-01-07T19:45:00+00:00,8,Bet365,1.5,1.2,4.5,83.33,22.22,5.56
1378050,Parma,Inter,Serie A,2026-01-07T19:45:00+00:00,8,Bet365,2.5,1.62,2.3,61.73,43.48,5.21
1378050,Parma,Inter,Serie A,2026-01-07T19:45:00+00:00,8,Bet365,3.5,2.62,1.5,38.17,66.67,4.83
1378050,Parma,Inter,Serie A,2026-01-07T19:45:00+00:00,8,Bet365,0.5,1.03,15.0,97.09,6.67,3.75
1378050,Parma,Inter,Serie A,2026-01-07T19:45:00+00:00,8,Bet365,4.5,4.5,1.2,22.22,83.33,5.56
1378050,Parma,Inter,Serie A,2026-01-07T19:45:00+00:00,8,Bet365,7.5,34.0,1.0,2.94,100.0,2.94
1378050,Parma,Inter,Serie A,2026-01-07T19:45:00+00:00,8,Bet365,5.5,9.0,1.07,11.11,93.46,4.57
1378050,Parma,Inter,Serie A,2026-01-07T19:45:00+00:00,8,Bet365,6.5,19.0,1.02,5.26,98.04,3.3
1378050,Parma,Inter,Serie A,2026-01-07T19:45:00+00:00,2,Marathonbet,1.5,1.17,4.33,85.47,23.09,8.56
1378050,Parma,Inter,Serie A,2026-01-07T19:45:00+00:00,2,Marathonbet,1.75,1.21,3.95,82.64,25.32,7.96
1378050,Parma,Inter,Serie A,2026-01-07T19:45:00+00:00,2,Marathonbet,2.0,1.27,3.5,78.74,28.57,7.31
1378050,Parma,Inter,Serie A,2026-01-07T19:45:00+00:00,2,Marathonbet,2.25,1.44,2.68,69.44,37.31,6.76
1378050,Parma,Inter,Serie A,2026-01-07T19:45:00+00:00,2,Marathonbet,2.5,1.64,2.3,60.98,43.48,4.45
1378050,Parma,Inter,Serie A,2026-01-07T19:45:00+00:00,2,Marathonbet,2.75,1.76,2.0,56.82,50.0,6.82
1378050,Parma,Inter,Serie A,2026-01-07T19:45:00+00:00,2,Marathonbet,3.5,2.47,1.47,40.49,68.03,8.51
1378050,Parma,Inter,Serie A,2026-01-07T19:45:00+00:00,2,Marathonbet,1.0,1.0,10.75,100.0,9.3,9.3
1378050,Parma,Inter,Serie A,2026-01-07T19:45:00+00:00,2,Marathonbet,1.25,1.08,5.9,92.59,16.95,9.54
1378050,Parma,Inter,Serie A,2026-01-07T19:45:00+00:00,2,Marathonbet,3.0,1.98,1.76,50.51,56.82,7.32
1378050,Parma,Inter,Serie A,2026-01-07T19:45:00+00:00,2,Marathonbet,4.5,4.2,1.16,23.81,86.21,10.02
1378050,Parma,Inter,Serie A,2026-01-07T19:45:00+00:00,2,Marathonbet,3.25,2.22,1.59,45.05,62.89,7.94
1378050,Parma,Inter,Serie A,2026-01-07T19:45:00+00:00,2,Marathonbet,3.75,2.85,1.35,35.09,74.07,9.16
1378050,Parma,Inter,Serie A,2026-01-07T19:45:00+00:00,2,Marathonbet,4.0,3.6,1.22,27.78,81.97,9.74
1378050,Parma,Inter,Serie A,2026-01-07T19:45:00+00:00,2,Marathonbet,4.25,3.9,1.18,25.64,84.75,10.39
1378050,Parma,Inter,Serie A,2026-01-07T19:45:00+00:00,2,Marathonbet,4.75,5.15,1.1,19.42,90.91,10.33
1378050,Parma,Inter,Serie A,2026-01-07T19:45:00+00:00,2,Marathonbet,5.0,6.95,1.04,14.39,96.15,10.54
1378050,Parma,Inter,Serie A,2026-01-07T19:45:00+00:00,2,Marathonbet,5.5,7.5,1.03,13.33,97.09,10.42
1378050,Parma,Inter,Serie A,2026-01-07T19:45:00+00:00,16,Unibet,1.5,1.16,4.9,86.21,20.41,6.62
1378050,Parma,Inter,Serie A,2026-01-07T19:45:00+00:00,16,Unibet,2.25,1.43,2.85,69.93,35.09,5.02
1378050,Parma,Inter,Serie A,2026-01-07T19:45:00+00:00,16,Unibet,2.5,1.58,2.32,63.29,43.1,6.39
1378050,Parma,Inter,Serie A,2026-01-07T19:45:00+00:00,16,Unibet,2.75,1.76,2.08,56.82,48.08,4.9
1378050,Parma,Inter,Serie A,2026-01-07T19:45:00+00:00,16,Unibet,3.5,2.55,1.5,39.22,66.67,5.88
1378050,Parma,Inter,Serie A,2026-01-07T19:45:00+00:00,16,Unibet,0.5,1.01,14.0,99.01,7.14,6.15
1378050,Parma,Inter,Serie A,2026-01-07T19:45:00+00:00,16,Unibet,3.0,2.0,1.82,50.0,54.95,4.95
1378050,Parma,Inter,Serie A,2026-01-07T19:45:00+00:00,16,Unibet,4.5,4.75,1.17,21.05,85.47,6.52
1378050,Parma,Inter,Serie A,2026-01-07T19:45:00+00:00,16,Unibet,3.25,2.28,1.63,43.86,61.35,5.21
1378050,Parma,Inter,Serie A,2026-01-07T19:45:00+00:00,16,Unibet,3.75,3.05,1.38,32.79,72.46,5.25
1378050,Parma,Inter,Serie A,2026-01-07T19:45:00+00:00,16,Unibet,5.5,9.5,1.04,10.53,96.15,6.68
1378050,Parma,Inter,Serie A,2026-01-07T19:45:00+00:00,3,Betfair,1.5,1.17,4.5,85.47,22.22,7.69
1378050,Parma,Inter,Serie A,2026-01-07T19:45:00+00:00,3,Betfair,2.5,1.6,2.3,62.5,43.48,5.98
1378050,Parma,Inter,Serie A,2026-01-07T19:45:00+00:00,3,Betfair,3.5,2.55,1.5,39.22,66.67,5.88
1378050,Parma,Inter,Serie A,2026-01-07T19:45:00+00:00,3,Betfair,0.5,1.01,15.0,99.01,6.67,5.68
1378050,Parma,Inter,Serie A,2026-01-07T19:45:00+00:00,3,Betfair,4.5,4.5,1.2,22.22,83.33,5.56
1378050,Parma,Inter,Serie A,2026-01-07T19:45:00+00:00,3,Betfair,5.5,8.5,1.06,11.76,94.34,6.1
1378050,Parma,Inter,Serie A,2026-01-07T19:45:00+00:00,3,Betfair,6.5,17.0,1.01,5.88,99.01,4.89
1378050,Parma,Inter,Serie A,2026-01-07T19:45:00+00:00,13,188Bet,2.75,1.83,2.07,54.64,48.31,2.95
1378050,Parma,Inter,Serie A,2026-01-07T19:45:00+00:00,13,188Bet,3.0,2.06,1.84,48.54,54.35,2.89
1378050,Parma,Inter,Serie A,2026-01-07T19:45:00+00:00,4,Pinnacle,1.75,1.25,4.19,80.0,23.87,3.87
1378050,Parma,Inter,Serie A,2026-01-07T19:45:00+00:00,4,Pinnacle,2.0,1.3,3.71,76.92,26.95,3.88
1378050,Parma,Inter,Serie A,2026-01-07T19:45:00+00:00,4,Pinnacle,2.25,1.48,2.79,67.57,35.84,3.41
1378050,Parma,Inter,Serie A,2026-01-07T19:45:00+00:00,4,Pinnacle,2.5,1.65,2.32,60.61,43.1,3.71
1378050,Parma,Inter,Serie A,2026-01-07T19:45:00+00:00,4,Pinnacle,2.75,1.83,2.08,54.64,48.08,2.72
1378050,Parma,Inter,Serie A,2026-01-07T19:45:00+00:00,4,Pinnacle,3.5,2.67,1.5,37.45,66.67,4.12
1378050,Parma,Inter,Serie A,2026-01-07T19:45:00+00:00,4,Pinnacle,3.0,2.08,1.8,48.08,55.56,3.63
1378050,Parma,Inter,Serie A,2026-01-07T19:45:00+00:00,4,Pinnacle,3.25,2.39,1.62,41.84,61.73,3.57
1378050,Parma,Inter,Serie A,2026-01-07T19:45:00+00:00,4,Pinnacle,3.75,3.2,1.37,31.25,72.99,4.24
1378050,Parma,Inter,Serie A,2026-01-07T19:45:00+00:00,4,Pinnacle,4.0,4.13,1.25,24.21,80.0,4.21
1378050,Parma,Inter,Serie A,2026-01-07T19:45:00+00:00,5,SBO,2.5,1.62,2.31,61.73,43.29,5.02
1378050,Parma,Inter,Serie A,2026-01-07T19:45:00+00:00,5,SBO,2.75,1.82,2.04,54.95,49.02,3.96
1378050,Parma,Inter,Serie A,2026-01-07T19:45:00+00:00,5,SBO,3.0,2.07,1.79,48.31,55.87,4.18
1378050,Parma,Inter,Serie A,2026-01-07T19:45:00+00:00,11,1xBet,1.5,1.17,4.33,85.47,23.09,8.56
1378050,Parma,Inter,Serie A,2026-01-07T19:45:00+00:00,11,1xBet,1.75,1.21,3.95,82.64,25.32,7.96
1378050,Parma,Inter,Serie A,2026-01-07T19:45:00+00:00,11,1xBet,2.0,1.27,3.5,78.74,28.57,7.31
1378050,Parma,Inter,Serie A,2026-01-07T19:45:00+00:00,11,1xBet,2.25,1.44,2.68,69.44,37.31,6.76
1378050,Parma,Inter,Serie A,2026-01-07T19:45:00+00:00,11,1xBet,2.5,1.69,2.37,59.17,42.19,1.37
1378050,Parma,Inter,Serie A,2026-01-07T19:45:00+00:00,11,1xBet,2.75,1.76,2.0,56.82,50.0,6.82
1378050,Parma,Inter,Serie A,2026-01-07T19:45:00+00:00,11,1xBet,3.5,2.47,1.47,40.49,68.03,8.51
1378050,Parma,Inter,Serie A,2026-01-07T19:45:00+00:00,11,1xBet,0.5,1.0,16.5,100.0,6.06,6.06
1378050,Parma,Inter,Serie A,2026-01-07T19:45:00+00:00,11,1xBet,0.75,1.0,9.2,100.0,10.87,10.87
1378050,Parma,Inter,Serie A,2026-01-07T19:45:00+00:00,11,1xBet,1.0,1.0,10.7,100.0,9.35,9.35
1378050,Parma,Inter,Serie A,2026-01-07T19:45:00+00:00,11,1xBet,1.25,1.08,5.9,92.59,16.95,9.54
1378050,Parma,Inter,Serie A,2026-01-07T19:45:00+00:00,11,1xBet,3.0,1.98,1.76,50.51,56.82,7.32
1378050,Parma,Inter,Serie A,2026-01-07T19:45:00+00:00,11,1xBet,4.5,4.2,1.16,23.81,86.21,10.02
1378050,Parma,Inter,Serie A,2026-01-07T19:45:00+00:00,11,1xBet,3.25,2.22,1.59,45.05,62.89,7.94
1378050,Parma,Inter,Serie A,2026-01-07T19:45:00+00:00,11,1xBet,3.75,2.85,1.35,35.09,74.07,9.16
1378050,Parma,Inter,Serie A,2026-01-07T19:45:00+00:00,11,1xBet,4.0,3.6,1.22,27.78,81.97,9.74
1378050,Parma,Inter,Serie A,2026-01-07T19:45:00+00:00,11,1xBet,4.25,3.9,1.18,25.64,84.75,10.39
1378050,Parma,Inter,Serie A,2026-01-07T19:45:00+00:00,11,1xBet,4.75,5.15,1.1,19.42,90.91,10.33
1378050,Parma,Inter,Serie A,2026-01-07T19:45:00+00:00,11,1xBet,5.0,6.95,1.04,14.39,96.15,10.54
1378050,Parma,Inter,Serie A,2026-01-07T19:45:00+00:00,11,1xBet,7.5,34.0,1.0,2.94,100.0,2.94
1378050,Parma,Inter,Serie A,2026-01-07T19:45:00+00:00,11,1xBet,5.5,7.5,1.03,13.33,97.09,10.42
1378050,Parma,Inter,Serie A,2026-01-07T19:45:00+00:00,11,1xBet,6.5,19.0,1.02,5.26,98.04,3.3
1378050,Parma,Inter,Serie A,2026-01-07T19:45:00+00:00,32,Betano,1.5,1.22,4.4,81.97,22.73,4.69
1378050,Parma,Inter,Serie A,2026-01-07T19:45:00+00:00,32,Betano,2.25,1.5,2.7,66.67,37.04,3.7
1378050,Parma,Inter,Serie A,2026-01-07T19:45:00+00:00,32,Betano,2.5,1.67,2.27,59.88,44.05,3.93
1378050,Parma,Inter,Serie A,2026-01-07T19:45:00+00:00,32,Betano,2.75,1.82,2.05,54.95,48.78,3.73
1378050,Parma,Inter,Serie A,2026-01-07T19:45:00+00:00,32,Betano,3.5,2.62,1.52,38.17,65.79,3.96
1378050,Parma,Inter,Serie A,2026-01-07T19:45:00+00:00,32,Betano,0.5,1.04,11.25,96.15,8.89,5.04
1378050,Parma,Inter,Serie A,2026-01-07T19:45:00+00:00,32,Betano,3.0,2.07,1.8,48.31,55.56,3.86
1378050,Parma,Inter,Serie A,2026-01-07T19:45:00+00:00,32,Betano,4.5,4.5,1.21,22.22,82.64,4.87
1378050,Parma,Inter,Serie A,2026-01-07T19:45:00+00:00,32,Betano,3.25,2.35,1.62,42.55,61.73,4.28
1378050,Parma,Inter,Serie A,2026-01-07T19:45:00+00:00,32,Betano,3.75,3.1,1.39,32.26,71.94,4.2
1378050,Parma,Inter,Serie A,2026-01-07T19:45:00+00:00,32,Betano,5.5,8.0,1.08,12.5,92.59,5.09
1378050,Parma,Inter,Serie A,2026-01-07T19:45:00+00:00,32,Betano,6.5,13.0,1.03,7.69,97.09,4.78
1378050,Parma,Inter,Serie A,2026-01-07T19:45:00+00:00,34,Superbet,1.5,1.21,4.55,82.64,21.98,4.62
1378050,Parma,Inter,Serie A,2026-01-07T19:45:00+00:00,34,Superbet,2.5,1.65,2.27,60.61,44.05,4.66
1378050,Parma,Inter,Serie A,2026-01-07T19:45:00+00:00,34,Superbet,3.5,2.6,1.5,38.46,66.67,5.13
1378050,Parma,Inter,Serie A,2026-01-07T19:45:00+00:00,34,Superbet,0.5,1.03,15.0,97.09,6.67,3.75
1378050,Parma,Inter,Serie A,2026-01-07T19:45:00+00:00,34,Superbet,4.5,4.65,1.2,21.51,83.33,4.84
1378050,Parma,Inter,Serie A,2026-01-07T19:45:00+00:00,34,Superbet,5.5,9.0,1.07,11.11,93.46,4.57
1378050,Parma,Inter,Serie A,2026-01-07T19:45:00+00:00,34,Superbet,6.5,19.0,1.02,5.26,98.04,3.3
1378053,Torino,Udinese,Serie A,2026-01-07T19:45:00+00:00,1,10Bet,1.5,1.44,2.75,69.44,36.36,5.81
1378053,Torino,Udinese,Serie A,2026-01-07T19:45:00+00:00,1,10Bet,2.5,2.3,1.6,43.48,62.5,5.98
1378053,Torino,Udinese,Serie A,2026-01-07T19:45:00+00:00,1,10Bet,3.5,4.33,1.2,23.09,83.33,6.43
1378053,Torino,Udinese,Serie A,2026-01-07T19:45:00+00:00,1,10Bet,0.5,1.09,7.0,91.74,14.29,6.03
1378053,Torino,Udinese,Serie A,2026-01-07T19:45:00+00:00,1,10Bet,4.5,8.5,1.06,11.76,94.34,6.1
1378053,Torino,Udinese,Serie A,2026-01-07T19:45:00+00:00,8,Bet365,1.5,1.4,3.0,71.43,33.33,4.76
1378053,Torino,Udinese,Serie A,2026-01-07T19:45:00+00:00,8,Bet365,2.5,2.3,1.62,43.48,61.73,5.21
1378053,Torino,Udinese,Serie A,2026-01-07T19:45:00+00:00,8,Bet365,3.5,4.33,1.22,23.09,81.97,5.06
1378053,Torino,Udinese,Serie A,2026-01-07T19:45:00+00:00,8,Bet365,0.5,1.08,7.5,92.59,13.33,5.93
1378053,Torino,Udinese,Serie A,2026-01-07T19:45:00+00:00,8,Bet365,4.5,9.0,1.07,11.11,93.46,4.57
1378053,Torino,Udinese,Serie A,2026-01-07T19:45:00+00:00,8,Bet365,5.5,19.0,1.02,5.26,98.04,3.3
1378053,Torino,Udinese,Serie A,2026-01-07T19:45:00+00:00,8,Bet365,6.5,41.0,1.0,2.44,100.0,2.44
1378053,Torino,Udinese,Serie A,2026-01-07T19:45:00+00:00,2,Marathonbet,1.5,1.39,2.73,71.94,36.63,8.57
1378053,Torino,Udinese,Serie A,2026-01-07T19:45:00+00:00,2,Marathonbet,1.75,1.5,2.42,66.67,41.32,7.99
1378053,Torino,Udinese,Serie A,2026-01-07T19:45:00+00:00,2,Marathonbet,2.0,1.69,2.08,59.17,48.08,7.25
1378053,Torino,Udinese,Serie A,2026-01-07T19:45:00+00:00,2,Marathonbet,2.25,1.99,1.77,50.25,56.5,6.75
1378053,Torino,Udinese,Serie A,2026-01-07T19:45:00+00:00,2,Marathonbet,2.5,2.34,1.62,42.74,61.73,4.46
1378053,Torino,Udinese,Serie A,2026-01-07T19:45:00+00:00,2,Marathonbet,2.75,2.71,1.43,36.9,69.93,6.83
1378053,Torino,Udinese,Serie A,2026-01-07T19:45:00+00:00,2,Marathonbet,3.5,4.3,1.17,23.26,85.47,8.73
1378053,Torino,Udinese,Serie A,2026-01-07T19:45:00+00:00,2,Marathonbet,0.5,1.02,7.7,98.04,12.99,11.03
1378053,Torino,Udinese,Serie A,2026-01-07T19:45:00+00:00,2,Marathonbet,0.75,1.04,7.0,96.15,14.29,10.44
1378053,Torino,Udinese,Serie A,2026-01-07T19:45:00+00:00,2,Marathonbet,1.0,1.07,6.3,93.46,15.87,9.33
1378053,Torino,Udinese,Serie A,2026-01-07T19:45:00+00:00,2,Marathonbet,1.25,1.23,3.6,81.3,27.78,9.08
1378053,Torino,Udinese,Serie A,2026-01-07T19:45:00+00:00,2,Marathonbet,3.0,3.5,1.27,28.57,78.74,7.31
1378053,Torino,Udinese,Serie A,2026-01-07T19:45:00+00:00,2,Marathonbet,4.5,8.9,1.01,11.24,99.01,10.25
1378053,Torino,Udinese,Serie A,2026-01-07T19:45:00+00:00,2,Marathonbet,3.25,3.85,1.22,25.97,81.97,7.94
1378053,Torino,Udinese,Serie A,2026-01-07T19:45:00+00:00,2,Marathonbet,3.75,5.55,1.1,18.02,90.91,8.93
1378053,Torino,Udinese,Serie A,2026-01-07T19:45:00+00:00,2,Marathonbet,4.0,8.2,1.03,12.2,97.09,9.28
1378053,Torino,Udinese,Serie A,2026-01-07T19:45:00+00:00,2,Marathonbet,4.25,8.5,1.01,11.76,99.01,10.77
1378053,Torino,Udinese,Serie A,2026-01-07T19:45:00+00:00,16,Unibet,1.5,1.41,2.9,70.92,34.48,5.4
1378053,Torino,Udinese,Serie A,2026-01-07T19:45:00+00:00,16,Unibet,1.75,1.53,2.5,65.36,40.0,5.36
1378053,Torino,Udinese,Serie A,2026-01-07T19:45:00+00:00,16,Unibet,2.0,1.72,2.1,58.14,47.62,5.76
1378053,Torino,Udinese,Serie A,2026-01-07T19:45:00+00:00,16,Unibet,2.25,2.05,1.77,48.78,56.5,5.28
1378053,Torino,Udinese,Serie A,2026-01-07T19:45:00+00:00,16,Unibet,2.5,2.38,1.58,42.02,63.29,5.31
1378053,Torino,Udinese,Serie A,2026-01-07T19:45:00+00:00,16,Unibet,2.75,2.8,1.43,35.71,69.93,5.64
1378053,Torino,Udinese,Serie A,2026-01-07T19:45:00+00:00,16,Unibet,3.5,4.5,1.18,22.22,84.75,6.97
1378053,Torino,Udinese,Serie A,2026-01-07T19:45:00+00:00,16,Unibet,0.5,1.07,8.0,93.46,12.5,5.96
1378053,Torino,Udinese,Serie A,2026-01-07T19:45:00+00:00,16,Unibet,3.0,3.7,1.28,27.03,78.12,5.15
1378053,Torino,Udinese,Serie A,2026-01-07T19:45:00+00:00,16,Unibet,4.5,10.5,1.03,9.52,97.09,6.61
1378053,Torino,Udinese,Serie A,2026-01-07T19:45:00+00:00,3,Betfair,1.5,1.4,2.88,71.43,34.72,6.15
1378053,Torino,Udinese,Serie A,2026-01-07T19:45:00+00:00,3,Betfair,2.5,2.3,1.6,43.48,62.5,5.98
1378053,Torino,Udinese,Serie A,2026-01-07T19:45:00+00:00,3,Betfair,3.5,4.33,1.2,23.09,83.33,6.43
1378053,Torino,Udinese,Serie A,2026-01-07T19:45:00+00:00,3,Betfair,0.5,1.07,8.0,93.46,12.5,5.96
1378053,Torino,Udinese,Serie A,2026-01-07T19:45:00+00:00,3,Betfair,4.5,9.0,1.06,11.11,94.34,5.45
1378053,Torino,Udinese,Serie A,2026-01-07T19:45:00+00:00,3,Betfair,5.5,17.0,1.01,5.88,99.01,4.89
1378053,Torino,Udinese,Serie A,2026-01-07T19:45:00+00:00,13,188Bet,2.25,2.05,1.85,48.78,54.05,2.83
1378053,Torino,Udinese,Serie A,2026-01-07T19:45:00+00:00,4,Pinnacle,1.5,1.43,2.92,69.93,34.25,4.18
1378053,Torino,Udinese,Serie A,2026-01-07T19:45:00+00:00,4,Pinnacle,1.75,1.56,2.55,64.1,39.22,3.32
1378053,Torino,Udinese,Serie A,2026-01-07T19:45:00+00:00,4,Pinnacle,2.0,1.76,2.15,56.82,46.51,3.33
1378053,Torino,Udinese,Serie A,2026-01-07T19:45:00+00:00,4,Pinnacle,2.25,2.1,1.81,47.62,55.25,2.87
1378053,Torino,Udinese,Serie A,2026-01-07T19:45:00+00:00,4,Pinnacle,2.5,2.42,1.61,41.32,62.11,3.43
1378053,Torino,Udinese,Serie A,2026-01-07T19:45:00+00:00,4,Pinnacle,2.75,2.85,1.46,35.09,68.49,3.58
1378053,Torino,Udinese,Serie A,2026-01-07T19:45:00+00:00,4,Pinnacle,1.25,1.28,3.8,78.12,26.32,4.44
1378053,Torino,Udinese,Serie A,2026-01-07T19:45:00+00:00,4,Pinnacle,3.0,3.63,1.31,27.55,76.34,3.88
1378053,Torino,Udinese,Serie A,2026-01-07T19:45:00+00:00,4,Pinnacle,3.25,4.02,1.26,24.88,79.37,4.24
1378053,Torino,Udinese,Serie A,2026-01-07T19:45:00+00:00,5,SBO,2.0,1.75,2.12,57.14,47.17,4.31
1378053,Torino,Udinese,Serie A,2026-01-07T19:45:00+00:00,5,SBO,2.25,2.05,1.81,48.78,55.25,4.03
1378053,Torino,Udinese,Serie A,2026-01-07T19:45:00+00:00,5,SBO,2.5,2.31,1.62,43.29,61.73,5.02
1378053,Torino,Udinese,Serie A,2026-01-07T19:45:00+00:00,11,1xBet,1.5,1.39,2.73,71.94,36.63,8.57
1378053,Torino,Udinese,Serie A,2026-01-07T19:45:00+00:00,11,1xBet,1.75,1.5,2.42,66.67,41.32,7.99
1378053,Torino,Udinese,Serie A,2026-01-07T19:45:00+00:00,11,1xBet,2.0,1.69,2.08,59.17,48.08,7.25
1378053,Torino,Udinese,Serie A,2026-01-07T19:45:00+00:00,11,1xBet,2.25,1.99,1.77,50.25,56.5,6.75
1378053,Torino,Udinese,Serie A,2026-01-07T19:45:00+00:00,11,1xBet,2.5,2.41,1.67,41.49,59.88,1.37
1378053,Torino,Udinese,Serie A,2026-01-07T19:45:00+00:00,11,1xBet,2.75,2.71,1.43,36.9,69.93,6.83
1378053,Torino,Udinese,Serie A,2026-01-07T19:45:00+00:00,11,1xBet,3.5,4.3,1.17,23.26,85.47,8.73
1378053,Torino,Udinese,Serie A,2026-01-07T19:45:00+00:00,11,1xBet,0.5,1.02,7.7,98.04,12.99,11.03
1378053,Torino,Udinese,Serie A,2026-01-07T19:45:00+00:00,11,1xBet,0.75,1.04,7.0,96.15,14.29,10.44
1378053,Torino,Udinese,Serie A,2026-01-07T19:45:00+00:00,11,1xBet,1.0,1.07,6.3,93.46,15.87,9.33
1378053,Torino,Udinese,Serie A,2026-01-07T19:45:00+00:00,11,1xBet,1.25,1.23,3.6,81.3,27.78,9.08
1378053,Torino,Udinese,Serie A,2026-01-07T19:45:00+00:00,11,1xBet,3.0,3.5,1.27,28.57,78.74,7.31
1378053,Torino,Udinese,Serie A,2026-01-07T19:45:00+00:00,11,1xBet,4.5,8.9,1.01,11.24,99.01,10.25
1378053,Torino,Udinese,Serie A,2026-01-07T19:45:00+00:00,11,1xBet,3.25,3.85,1.22,25.97,81.97,7.94
1378053,Torino,Udinese,Serie A,2026-01-07T19:45:00+00:00,11,1xBet,3.75,5.55,1.1,18.02,90.91,8.93
1378053,Torino,Udinese,Serie A,2026-01-07T19:45:00+00:00,11,1xBet,4.0,8.2,1.03,12.2,97.09,9.28
1378053,Torino,Udinese,Serie A,2026-01-07T19:45:00+00:00,11,1xBet,4.25,8.5,1.01,11.76,99.01,10.77
1378053,Torino,Udinese,Serie A,2026-01-07T19:45:00+00:00,11,1xBet,5.0,15.0,1.01,6.67,99.01,5.68
1378053,Torino,Udinese,Serie A,2026-01-07T19:45:00+00:00,11,1xBet,5.5,19.0,1.01,5.26,99.01,4.27
1378053,Torino,Udinese,Serie A,2026-01-07T19:45:00+00:00,11,1xBet,6.5,41.0,1.0,2.44,100.0,2.44
1378053,Torino,Udinese,Serie A,2026-01-07T19:45:00+00:00,32,Betano,1.5,1.45,2.85,68.97,35.09,4.05
1378053,Torino,Udinese,Serie A,2026-01-07T19:45:00+00:00,32,Betano,1.75,1.57,2.5,63.69,40.0,3.69
1378053,Torino,Udinese,Serie A,2026-01-07T19:45:00+00:00,32,Betano,2.0,1.75,2.12,57.14,47.17,4.31
1378053,Torino,Udinese,Serie A,2026-01-07T19:45:00+00:00,32,Betano,2.25,2.05,1.82,48.78,54.95,3.73
1378053,Torino,Udinese,Serie A,2026-01-07T19:45:00+00:00,32,Betano,2.5,2.35,1.62,42.55,61.73,4.28
1378053,Torino,Udinese,Serie A,2026-01-07T19:45:00+00:00,32,Betano,2.75,2.75,1.47,36.36,68.03,4.39
1378053,Torino,Udinese,Serie A,2026-01-07T19:45:00+00:00,32,Betano,3.5,4.2,1.23,23.81,81.3,5.11
1378053,Torino,Udinese,Serie A,2026-01-07T19:45:00+00:00,32,Betano,0.5,1.11,6.8,90.09,14.71,4.8
1378053,Torino,Udinese,Serie A,2026-01-07T19:45:00+00:00,32,Betano,3.0,3.55,1.32,28.17,75.76,3.93
1378053,Torino,Udinese,Serie A,2026-01-07T19:45:00+00:00,32,Betano,4.5,8.0,1.08,12.5,92.59,5.09
1378053,Torino,Udinese,Serie A,2026-01-07T19:45:00+00:00,32,Betano,5.5,13.5,1.03,7.41,97.09,4.49
1378053,Torino,Udinese,Serie A,2026-01-07T19:45:00+00:00,34,Superbet,1.5,1.43,2.87,69.93,34.84,4.77
1378053,Torino,Udinese,Serie A,2026-01-07T19:45:00+00:00,34,Superbet,2.5,2.37,1.6,42.19,62.5,4.69
1378053,Torino,Udinese,Serie A,2026-01-07T19:45:00+00:00,34,Superbet,3.5,4.3,1.22,23.26,81.97,5.22
1378053,Torino,Udinese,Serie A,2026-01-07T19:45:00+00:00,34,Superbet,0.5,1.1,7.2,90.91,13.89,4.8
1378053,Torino,Udinese,Serie A,2026-01-07T19:45:00+00:00,34,Superbet,4.5,9.2,1.06,10.87,94.34,5.21
1378053,Torino,Udinese,Serie A,2026-01-07T19:45:00+00:00,34,Superbet,5.5,21.0,1.02,4.76,98.04,2.8
1378053,Torino,Udinese,Serie A,2026-01-07T19:45:00+00:00,34,Superbet,6.5,50.0,1.0,2.0,100.0,2.0
1379170,Bournemouth,Tottenham,Premier League,2026-01-07T19:30:00+00:00,1,10Bet,1.5,1.22,4.0,81.97,25.0,6.97
1379170,Bournemouth,Tottenham,Premier League,2026-01-07T19:30:00+00:00,1,10Bet,2.5,1.7,2.1,58.82,47.62,6.44
1379170,Bournemouth,Tottenham,Premier League,2026-01-07T19:30:00+00:00,1,10Bet,3.5,2.75,1.44,36.36,69.44,5.81
1379170,Bournemouth,Tottenham,Premier League,2026-01-07T19:30:00+00:00,1,10Bet,0.5,1.05,9.5,95.24,10.53,5.76
1379170,Bournemouth,Tottenham,Premier League,2026-01-07T19:30:00+00:00,1,10Bet,4.5,5.0,1.17,20.0,85.47,5.47
1379170,Bournemouth,Tottenham,Premier League,2026-01-07T19:30:00+00:00,8,Bet365,1.5,1.22,4.33,81.97,23.09,5.06
1379170,Bournemouth,Tottenham,Premier League,2026-01-07T19:30:00+00:00,8,Bet365,2.5,1.73,2.1,57.8,47.62,5.42
1379170,Bournemouth,Tottenham,Premier League,2026-01-07T19:30:00+00:00,8,Bet365,3.5,2.75,1.44,36.36,69.44,5.81
1379170,Bournemouth,Tottenham,Premier League,2026-01-07T19:30:00+00:00,8,Bet365,0.5,1.04,13.0,96.15,7.69,3.85
1379170,Bournemouth,Tottenham,Premier League,2026-01-07T19:30:00+00:00,8,Bet365,4.5,5.0,1.17,20.0,85.47,5.47
1379170,Bournemouth,Tottenham,Premier League,2026-01-07T19:30:00+00:00,8,Bet365,7.5,41.0,1.0,2.44,100.0,2.44
1379170,Bournemouth,Tottenham,Premier League,2026-01-07T19:30:00+00:00,8,Bet365,5.5,10.0,1.06,10.0,94.34,4.34
1379170,Bournemouth,Tottenham,Premier League,2026-01-07T19:30:00+00:00,8,Bet365,6.5,21.0,1.01,4.76,99.01,3.77
1379170,Bournemouth,Tottenham,Premier League,2026-01-07T19:30:00+00:00,2,Marathonbet,1.5,1.18,4.15,84.75,24.1,8.84
1379170,Bournemouth,Tottenham,Premier League,2026-01-07T19:30:00+00:00,2,Marathonbet,1.75,1.24,3.64,80.65,27.47,8.12
1379170,Bournemouth,Tottenham,Premier League,2026-01-07T19:30:00+00:00,2,Marathonbet,2.0,1.3,3.26,76.92,30.67,7.6
1379170,Bournemouth,Tottenham,Premier League,2026-01-07T19:30:00+00:00,2,Marathonbet,2.25,1.5,2.48,66.67,40.32,6.99
1379170,Bournemouth,Tottenham,Premier League,2026-01-07T19:30:00+00:00,2,Marathonbet,2.5,1.73,2.14,57.8,46.73,4.53
1379170,Bournemouth,Tottenham,Premier League,2026-01-07T19:30:00+00:00,2,Marathonbet,2.75,1.87,1.87,53.48,53.48,6.95
1379170,Bournemouth,Tottenham,Premier League,2026-01-07T19:30:00+00:00,2,Marathonbet,3.5,2.76,1.38,36.23,72.46,8.7
1379170,Bournemouth,Tottenham,Premier League,2026-01-07T19:30:00+00:00,2,Marathonbet,1.0,1.0,9.7,100.0,10.31,10.31
1379170,Bournemouth,Tottenham,Premier League,2026-01-07T19:30:00+00:00,2,Marathonbet,1.25,1.08,5.85,92.59,17.09,9.69
1379170,Bournemouth,Tottenham,Premier League,2026-01-07T19:30:00+00:00,2,Marathonbet,3.0,2.17,1.63,46.08,61.35,7.43
1379170,Bournemouth,Tottenham,Premier League,2026-01-07T19:30:00+00:00,2,Marathonbet,4.5,5.05,1.1,19.8,90.91,10.71
1379170,Bournemouth,Tottenham,Premier League,2026-01-07T19:30:00+00:00,2,Marathonbet,3.25,2.46,1.48,40.65,67.57,8.22
1379170,Bournemouth,Tottenham,Premier League,2026-01-07T19:30:00+00:00,2,Marathonbet,3.75,3.28,1.27,30.49,78.74,9.23
1379170,Bournemouth,Tottenham,Premier League,2026-01-07T19:30:00+00:00,2,Marathonbet,4.0,4.35,1.15,22.99,86.96,9.95
1379170,Bournemouth,Tottenham,Premier League,2026-01-07T19:30:00+00:00,2,Marathonbet,4.25,4.7,1.12,21.28,89.29,10.56
1379170,Bournemouth,Tottenham,Premier League,2026-01-07T19:30:00+00:00,2,Marathonbet,4.75,6.5,1.05,15.38,95.24,10.62
1379170,Bournemouth,Tottenham,Premier League,2026-01-07T19:30:00+00:00,2,Marathonbet,5.0,9.5,1.0,10.53,100.0,10.53
1379170,Bournemouth,Tottenham,Premier League,2026-01-07T19:30:00+00:00,2,Marathonbet,5.5,8.4,1.01,11.9,99.01,10.91
1379170,Bournemouth,Tottenham,Premier League,2026-01-07T19:30:00+00:00,16,Unibet,1.5,1.21,4.5,82.64,22.22,4.87
1379170,Bournemouth,Tottenham,Premier League,2026-01-07T19:30:00+00:00,16,Unibet,2.25,1.5,2.55,66.67,39.22,5.88
1379170,Bournemouth,Tottenham,Premier League,2026-01-07T19:30:00+00:00,16,Unibet,2.5,1.7,2.15,58.82,46.51,5.34
1379170,Bournemouth,Tottenham,Premier League,2026-01-07T19:30:00+00:00,16,Unibet,2.75,1.88,1.92,53.19,52.08,5.27
1379170,Bournemouth,Tottenham,Premier League,2026-01-07T19:30:00+00:00,16,Unibet,3.5,2.8,1.44,35.71,69.44,5.16
1379170,Bournemouth,Tottenham,Premier League,2026-01-07T19:30:00+00:00,16,Unibet,0.5,1.02,13.0,98.04,7.69,5.73
1379170,Bournemouth,Tottenham,Premier League,2026-01-07T19:30:00+00:00,16,Unibet,3.0,2.18,1.68,45.87,59.52,5.4
1379170,Bournemouth,Tottenham,Premier League,2026-01-07T19:30:00+00:00,16,Unibet,4.5,5.4,1.15,18.52,86.96,5.48
1379170,Bournemouth,Tottenham,Premier League,2026-01-07T19:30:00+00:00,16,Unibet,3.25,2.48,1.54,40.32,64.94,5.26
1379170,Bournemouth,Tottenham,Premier League,2026-01-07T19:30:00+00:00,16,Unibet,3.75,3.35,1.33,29.85,75.19,5.04
1379170,Bournemouth,Tottenham,Premier League,2026-01-07T19:30:00+00:00,16,Unibet,5.5,10.5,1.04,9.52,96.15,5.68
1379170,Bournemouth,Tottenham,Premier League,2026-01-07T19:30:00+00:00,3,Betfair,1.5,1.18,4.5,84.75,22.22,6.97
1379170,Bournemouth,Tottenham,Premier League,2026-01-07T19:30:00+00:00,3,Betfair,2.5,1.62,2.15,61.73,46.51,8.24
1379170,Bournemouth,Tottenham,Premier League,2026-01-07T19:30:00+00:00,3,Betfair,3.5,2.8,1.4,35.71,71.43,7.14
1379170,Bournemouth,Tottenham,Premier League,2026-01-07T19:30:00+00:00,3,Betfair,0.5,1.01,13.0,99.01,7.69,6.7
1379170,Bournemouth,Tottenham,Premier League,2026-01-07T19:30:00+00:00,3,Betfair,4.5,5.0,1.14,20.0,87.72,7.72
1379170,Bournemouth,Tottenham,Premier League,2026-01-07T19:30:00+00:00,3,Betfair,5.5,9.0,1.04,11.11,96.15,7.26
1379170,Bournemouth,Tottenham,Premier League,2026-01-07T19:30:00+00:00,13,188Bet,2.75,1.94,1.96,51.55,51.02,2.57
1379170,Bournemouth,Tottenham,Premier League,2026-01-07T19:30:00+00:00,4,Pinnacle,1.75,1.27,3.91,78.74,25.58,4.32
1379170,Bournemouth,Tottenham,Premier League,2026-01-07T19:30:00+00:00,4,Pinnacle,2.0,1.34,3.42,74.63,29.24,3.87
1379170,Bournemouth,Tottenham,Premier League,2026-01-07T19:30:00+00:00,4,Pinnacle,2.25,1.54,2.58,64.94,38.76,3.69
1379170,Bournemouth,Tottenham,Premier League,2026-01-07T19:30:00+00:00,4,Pinnacle,2.5,1.75,2.17,57.14,46.08,3.23
1379170,Bournemouth,Tottenham,Premier League,2026-01-07T19:30:00+00:00,4,Pinnacle,2.75,1.94,1.94,51.55,51.55,3.09
1379170,Bournemouth,Tottenham,Premier League,2026-01-07T19:30:00+00:00,4,Pinnacle,3.5,2.84,1.45,35.21,68.97,4.18
1379170,Bournemouth,Tottenham,Premier League,2026-01-07T19:30:00+00:00,4,Pinnacle,3.0,2.25,1.69,44.44,59.17,3.62
1379170,Bournemouth,Tottenham,Premier League,2026-01-07T19:30:00+00:00,4,Pinnacle,3.25,2.55,1.55,39.22,64.52,3.73
1379170,Bournemouth,Tottenham,Premier League,2026-01-07T19:30:00+00:00,4,Pinnacle,3.75,3.4,1.34,29.41,74.63,4.04
1379170,Bournemouth,Tottenham,Premier League,2026-01-07T19:30:00+00:00,5,SBO,2.5,1.73,2.14,57.8,46.73,4.53
1379170,Bournemouth,Tottenham,Premier League,2026-01-07T19:30:00+00:00,5,SBO,2.75,1.97,1.89,50.76,52.91,3.67
1379170,Bournemouth,Tottenham,Premier League,2026-01-07T19:30:00+00:00,5,SBO,3.0,2.25,1.66,44.44,60.24,4.69
1379170,Bournemouth,Tottenham,Premier League,2026-01-07T19:30:00+00:00,11,1xBet,1.5,1.18,4.15,84.75,24.1,8.84
1379170,Bournemouth,Tottenham,Premier League,2026-01-07T19:30:00+00:00,11,1xBet,1.75,1.24,3.64,80.65,27.47,8.12
1379170,Bournemouth,Tottenham,Premier League,2026-01-07T19:30:00+00:00,11,1xBet,2.0,1.3,3.26,76.92,30.67,7.6
1379170,Bournemouth,Tottenham,Premier League,2026-01-07T19:30:00+00:00,11,1xBet,2.25,1.5,2.48,66.67,40.32,6.99
1379170,Bournemouth,Tottenham,Premier League,2026-01-07T19:30:00+00:00,11,1xBet,2.5,1.78,2.2,56.18,45.45,1.63
1379170,Bournemouth,Tottenham,Premier League,2026-01-07T19:30:00+00:00,11,1xBet,2.75,1.87,1.87,53.48,53.48,6.95
1379170,Bournemouth,Tottenham,Premier League,2026-01-07T19:30:00+00:00,11,1xBet,3.5,2.76,1.38,36.23,72.46,8.7
1379170,Bournemouth,Tottenham,Premier League,2026-01-07T19:30:00+00:00,11,1xBet,0.5,1.02,15.0,98.04,6.67,4.71
1379170,Bournemouth,Tottenham,Premier League,2026-01-07T19:30:00+00:00,11,1xBet,1.0,1.04,11.0,96.15,9.09,5.24
1379170,Bournemouth,Tottenham,Premier League,2026-01-07T19:30:00+00:00,11,1xBet,1.25,1.08,5.85,92.59,17.09,9.69
1379170,Bournemouth,Tottenham,Premier League,2026-01-07T19:30:00+00:00,11,1xBet,3.0,2.17,1.63,46.08,61.35,7.43
1379170,Bournemouth,Tottenham,Premier League,2026-01-07T19:30:00+00:00,11,1xBet,4.5,5.05,1.1,19.8,90.91,10.71
1379170,Bournemouth,Tottenham,Premier League,2026-01-07T19:30:00+00:00,11,1xBet,3.25,2.46,1.48,40.65,67.57,8.22
1379170,Bournemouth,Tottenham,Premier League,2026-01-07T19:30:00+00:00,11,1xBet,3.75,3.28,1.27,30.49,78.74,9.23
1379170,Bournemouth,Tottenham,Premier League,2026-01-07T19:30:00+00:00,11,1xBet,4.0,4.35,1.15,22.99,86.96,9.95
1379170,Bournemouth,Tottenham,Premier League,2026-01-07T19:30:00+00:00,11,1xBet,4.25,4.7,1.12,21.28,89.29,10.56
1379170,Bournemouth,Tottenham,Premier League,2026-01-07T19:30:00+00:00,11,1xBet,4.75,6.5,1.05,15.38,95.24,10.62
1379170,Bournemouth,Tottenham,Premier League,2026-01-07T19:30:00+00:00,11,1xBet,5.0,8.3,1.07,12.05,93.46,5.51
1379170,Bournemouth,Tottenham,Premier League,2026-01-07T19:30:00+00:00,11,1xBet,7.5,41.0,1.0,2.44,100.0,2.44
1379170,Bournemouth,Tottenham,Premier League,2026-01-07T19:30:00+00:00,11,1xBet,5.5,9.9,1.05,10.1,95.24,5.34
1379170,Bournemouth,Tottenham,Premier League,2026-01-07T19:30:00+00:00,11,1xBet,6.5,21.0,1.01,4.76,99.01,3.77
1379170,Bournemouth,Tottenham,Premier League,2026-01-07T19:30:00+00:00,32,Betano,1.5,1.24,4.1,80.65,24.39,5.04
1379170,Bournemouth,Tottenham,Premier League,2026-01-07T19:30:00+00:00,32,Betano,2.0,1.36,3.3,73.53,30.3,3.83
1379170,Bournemouth,Tottenham,Premier League,2026-01-07T19:30:00+00:00,32,Betano,2.25,1.55,2.55,64.52,39.22,3.73
1379170,Bournemouth,Tottenham,Premier League,2026-01-07T19:30:00+00:00,32,Betano,2.5,1.75,2.15,57.14,46.51,3.65
1379170,Bournemouth,Tottenham,Premier League,2026-01-07T19:30:00+00:00,32,Betano,2.75,1.91,1.93,52.36,51.81,4.17
1379170,Bournemouth,Tottenham,Premier League,2026-01-07T19:30:00+00:00,32,Betano,3.5,2.77,1.47,36.1,68.03,4.13
1379170,Bournemouth,Tottenham,Premier League,2026-01-07T19:30:00+00:00,32,Betano,0.5,1.05,10.25,95.24,9.76,4.99
1379170,Bournemouth,Tottenham,Premier League,2026-01-07T19:30:00+00:00,32,Betano,3.0,2.2,1.7,45.45,58.82,4.28
1379170,Bournemouth,Tottenham,Premier League,2026-01-07T19:30:00+00:00,32,Betano,4.5,4.85,1.19,20.62,84.03,4.65
1379170,Bournemouth,Tottenham,Premier League,2026-01-07T19:30:00+00:00,32,Betano,3.25,2.5,1.57,40.0,63.69,3.69
1379170,Bournemouth,Tottenham,Premier League,2026-01-07T19:30:00+00:00,32,Betano,3.75,3.3,1.35,30.3,74.07,4.38
1379170,Bournemouth,Tottenham,Premier League,2026-01-07T19:30:00+00:00,32,Betano,5.5,8.75,1.07,11.43,93.46,4.89
1379170,Bournemouth,Tottenham,Premier League,2026-01-07T19:30:00+00:00,32,Betano,6.5,14.0,1.03,7.14,97.09,4.23
1379170,Bournemouth,Tottenham,Premier League,2026-01-07T19:30:00+00:00,34,Superbet,1.5,1.23,4.25,81.3,23.53,4.83
1379170,Bournemouth,Tottenham,Premier League,2026-01-07T19:30:00+00:00,34,Superbet,2.5,1.73,2.12,57.8,47.17,4.97
1379170,Bournemouth,Tottenham,Premier League,2026-01-07T19:30:00+00:00,34,Superbet,3.5,2.77,1.45,36.1,68.97,5.07
1379170,Bournemouth,Tottenham,Premier League,2026-01-07T19:30:00+00:00,34,Superbet,0.5,1.04,13.0,96.15,7.69,3.85
1379170,Bournemouth,Tottenham,Premier League,2026-01-07T19:30:00+00:00,34,Superbet,4.5,5.15,1.17,19.42,85.47,4.89
1379170,Bournemouth,Tottenham,Premier League,2026-01-07T19:30:00+00:00,34,Superbet,5.5,9.9,1.06,10.1,94.34,4.44
1379170,Bournemouth,Tottenham,Premier League,2026-01-07T19:30:00+00:00,34,Superbet,6.5,21.0,1.02,4.76,98.04,2.8
1379171,Brentford,Sunderland,Premier League,2026-01-07T19:30:00+00:00,1,10Bet,1.5,1.33,3.25,75.19,30.77,5.96
1379171,Brentford,Sunderland,Premier League,2026-01-07T19:30:00+00:00,1,10Bet,2.5,2.0,1.8,50.0,55.56,5.56
1379171,Brentford,Sunderland,Premier League,2026-01-07T19:30:00+00:00,1,10Bet,3.5,3.5,1.28,28.57,78.12,6.7
1379171,Brentford,Sunderland,Premier League,2026-01-07T19:30:00+00:00,1,10Bet,0.5,1.06,8.5,94.34,11.76,6.1
1379171,Brentford,Sunderland,Premier League,2026-01-07T19:30:00+00:00,1,10Bet,4.5,7.0,1.09,14.29,91.74,6.03
1379171,Brentford,Sunderland,Premier League,2026-01-07T19:30:00+00:00,8,Bet365,1.5,1.33,3.4,75.19,29.41,4.6
1379171,Brentford,Sunderland,Premier League,2026-01-07T19:30:00+00:00,8,Bet365,2.5,2.0,1.8,50.0,55.56,5.56
1379171,Brentford,Sunderland,Premier League,2026-01-07T19:30:00+00:00,8,Bet365,3.5,3.5,1.3,28.57,76.92,5.49
1379171,Brentford,Sunderland,Premier League,2026-01-07T19:30:00+00:00,8,Bet365,0.5,1.06,9.5,94.34,10.53,4.87
1379171,Brentford,Sunderland,Premier League,2026-01-07T19:30:00+00:00,8,Bet365,4.5,7.0,1.1,14.29,90.91,5.19
1379171,Brentford,Sunderland,Premier League,2026-01-07T19:30:00+00:00,8,Bet365,7.5,51.0,1.0,1.96,100.0,1.96
1379171,Brentford,Sunderland,Premier League,2026-01-07T19:30:00+00:00,8,Bet365,5.5,15.0,1.03,6.67,97.09,3.75
1379171,Brentford,Sunderland,Premier League,2026-01-07T19:30:00+00:00,8,Bet365,6.5,29.0,1.01,3.45,99.01,2.46
1379171,Brentford,Sunderland,Premier League,2026-01-07T19:30:00+00:00,2,Marathonbet,1.5,1.3,3.14,76.92,31.85,8.77
1379171,Brentford,Sunderland,Premier League,2026-01-07T19:30:00+00:00,2,Marathonbet,1.75,1.38,2.8,72.46,35.71,8.18
1379171,Brentford,Sunderland,Premier League,2026-01-07T19:30:00+00:00,2,Marathonbet,2.0,1.49,2.47,67.11,40.49,7.6
1379171,Brentford,Sunderland,Premier League,2026-01-07T19:30:00+00:00,2,Marathonbet,2.25,1.74,2.02,57.47,49.5,6.98
1379171,Brentford,Sunderland,Premier League,2026-01-07T19:30:00+00:00,2,Marathonbet,2.5,2.01,1.82,49.75,54.95,4.7
1379171,Brentford,Sunderland,Premier League,2026-01-07T19:30:00+00:00,2,Marathonbet,2.75,2.25,1.6,44.44,62.5,6.94
1379171,Brentford,Sunderland,Premier League,2026-01-07T19:30:00+00:00,2,Marathonbet,3.5,3.34,1.27,29.94,78.74,8.68
1379171,Brentford,Sunderland,Premier League,2026-01-07T19:30:00+00:00,2,Marathonbet,0.5,1.02,8.3,98.04,12.05,10.09
1379171,Brentford,Sunderland,Premier League,2026-01-07T19:30:00+00:00,2,Marathonbet,0.75,1.02,7.7,98.04,12.99,11.03
1379171,Brentford,Sunderland,Premier League,2026-01-07T19:30:00+00:00,2,Marathonbet,1.0,1.04,7.2,96.15,13.89,10.04
1379171,Brentford,Sunderland,Premier League,2026-01-07T19:30:00+00:00,2,Marathonbet,1.25,1.17,4.25,85.47,23.53,9.0
1379171,Brentford,Sunderland,Premier League,2026-01-07T19:30:00+00:00,2,Marathonbet,3.0,2.73,1.41,36.63,70.92,7.55
1379171,Brentford,Sunderland,Premier League,2026-01-07T19:30:00+00:00,2,Marathonbet,4.5,6.15,1.06,16.26,94.34,10.6
1379171,Brentford,Sunderland,Premier League,2026-01-07T19:30:00+00:00,2,Marathonbet,3.25,3.04,1.33,32.89,75.19,8.08
1379171,Brentford,Sunderland,Premier League,2026-01-07T19:30:00+00:00,2,Marathonbet,3.75,4.15,1.18,24.1,84.75,8.84
1379171,Brentford,Sunderland,Premier League,2026-01-07T19:30:00+00:00,2,Marathonbet,4.0,5.6,1.09,17.86,91.74,9.6
1379171,Brentford,Sunderland,Premier League,2026-01-07T19:30:00+00:00,2,Marathonbet,4.25,5.85,1.07,17.09,93.46,10.55
1379171,Brentford,Sunderland,Premier League,2026-01-07T19:30:00+00:00,16,Unibet,1.5,1.29,3.6,77.52,27.78,5.3
1379171,Brentford,Sunderland,Premier League,2026-01-07T19:30:00+00:00,16,Unibet,1.75,1.34,3.2,74.63,31.25,5.88
1379171,Brentford,Sunderland,Premier League,2026-01-07T19:30:00+00:00,16,Unibet,2.0,1.46,2.7,68.49,37.04,5.53
1379171,Brentford,Sunderland,Premier League,2026-01-07T19:30:00+00:00,16,Unibet,2.25,1.71,2.12,58.48,47.17,5.65
1379171,Brentford,Sunderland,Premier League,2026-01-07T19:30:00+00:00,16,Unibet,2.5,1.96,1.85,51.02,54.05,5.07
1379171,Brentford,Sunderland,Premier League,2026-01-07T19:30:00+00:00,16,Unibet,2.75,2.23,1.65,44.84,60.61,5.45
1379171,Brentford,Sunderland,Premier League,2026-01-07T19:30:00+00:00,16,Unibet,3.5,3.4,1.3,29.41,76.92,6.33
1379171,Brentford,Sunderland,Premier League,2026-01-07T19:30:00+00:00,16,Unibet,0.5,1.04,10.5,96.15,9.52,5.68
1379171,Brentford,Sunderland,Premier League,2026-01-07T19:30:00+00:00,16,Unibet,3.0,2.7,1.45,37.04,68.97,6.0
1379171,Brentford,Sunderland,Premier League,2026-01-07T19:30:00+00:00,16,Unibet,4.5,7.5,1.09,13.33,91.74,5.08
1379171,Brentford,Sunderland,Premier League,2026-01-07T19:30:00+00:00,16,Unibet,3.25,3.05,1.37,32.79,72.99,5.78
1379171,Brentford,Sunderland,Premier League,2026-01-07T19:30:00+00:00,16,Unibet,5.5,15.0,1.01,6.67,99.01,5.68
1379171,Brentford,Sunderland,Premier League,2026-01-07T19:30:00+00:00,3,Betfair,1.5,1.29,3.4,77.52,29.41,6.93
1379171,Brentford,Sunderland,Premier League,2026-01-07T19:30:00+00:00,3,Betfair,2.5,1.95,1.8,51.28,55.56,6.84
1379171,Brentford,Sunderland,Premier League,2026-01-07T19:30:00+00:00,3,Betfair,3.5,3.4,1.29,29.41,77.52,6.93
1379171,Brentford,Sunderland,Premier League,2026-01-07T19:30:00+00:00,3,Betfair,0.5,1.03,10.0,97.09,10.0,7.09
1379171,Brentford,Sunderland,Premier League,2026-01-07T19:30:00+00:00,3,Betfair,4.5,7.0,1.08,14.29,92.59,6.88
1379171,Brentford,Sunderland,Premier League,2026-01-07T19:30:00+00:00,3,Betfair,5.5,13.0,1.01,7.69,99.01,6.7
1379171,Brentford,Sunderland,Premier League,2026-01-07T19:30:00+00:00,13,188Bet,2.5,2.06,1.84,48.54,54.35,2.89
1379171,Brentford,Sunderland,Premier League,2026-01-07T19:30:00+00:00,4,Pinnacle,1.5,1.34,3.41,74.63,29.33,3.95
1379171,Brentford,Sunderland,Premier League,2026-01-07T19:30:00+00:00,4,Pinnacle,1.75,1.41,2.99,70.92,33.44,4.37
1379171,Brentford,Sunderland,Premier League,2026-01-07T19:30:00+00:00,4,Pinnacle,2.0,1.54,2.59,64.94,38.61,3.55
1379171,Brentford,Sunderland,Premier League,2026-01-07T19:30:00+00:00,4,Pinnacle,2.25,1.81,2.08,55.25,48.08,3.33
1379171,Brentford,Sunderland,Premier League,2026-01-07T19:30:00+00:00,4,Pinnacle,2.5,2.08,1.83,48.08,54.64,2.72
1379171,Brentford,Sunderland,Premier League,2026-01-07T19:30:00+00:00,4,Pinnacle,2.75,2.37,1.64,42.19,60.98,3.17
1379171,Brentford,Sunderland,Premier League,2026-01-07T19:30:00+00:00,4,Pinnacle,3.5,3.57,1.31,28.01,76.34,4.35
1379171,Brentford,Sunderland,Premier League,2026-01-07T19:30:00+00:00,4,Pinnacle,1.25,1.21,4.61,82.64,21.69,4.34
1379171,Brentford,Sunderland,Premier League,2026-01-07T19:30:00+00:00,4,Pinnacle,3.0,2.89,1.45,34.6,68.97,3.57
1379171,Brentford,Sunderland,Premier League,2026-01-07T19:30:00+00:00,4,Pinnacle,3.25,3.22,1.37,31.06,72.99,4.05
1379171,Brentford,Sunderland,Premier League,2026-01-07T19:30:00+00:00,5,SBO,2.25,1.78,2.08,56.18,48.08,4.26
1379171,Brentford,Sunderland,Premier League,2026-01-07T19:30:00+00:00,5,SBO,2.5,2.08,1.78,48.08,56.18,4.26
1379171,Brentford,Sunderland,Premier League,2026-01-07T19:30:00+00:00,5,SBO,2.75,2.36,1.59,42.37,62.89,5.27
1379171,Brentford,Sunderland,Premier League,2026-01-07T19:30:00+00:00,11,1xBet,1.5,1.3,3.14,76.92,31.85,8.77
1379171,Brentford,Sunderland,Premier League,2026-01-07T19:30:00+00:00,11,1xBet,1.75,1.38,2.8,72.46,35.71,8.18
1379171,Brentford,Sunderland,Premier League,2026-01-07T19:30:00+00:00,11,1xBet,2.0,1.49,2.47,67.11,40.49,7.6
1379171,Brentford,Sunderland,Premier League,2026-01-07T19:30:00+00:00,11,1xBet,2.25,1.74,2.02,57.47,49.5,6.98
1379171,Brentford,Sunderland,Premier League,2026-01-07T19:30:00+00:00,11,1xBet,2.5,2.07,1.88,48.31,53.19,1.5
1379171,Brentford,Sunderland,Premier League,2026-01-07T19:30:00+00:00,11,1xBet,2.75,2.25,1.6,44.44,62.5,6.94
1379171,Brentford,Sunderland,Premier League,2026-01-07T19:30:00+00:00,11,1xBet,3.5,3.34,1.27,29.94,78.74,8.68
1379171,Brentford,Sunderland,Premier League,2026-01-07T19:30:00+00:00,11,1xBet,0.5,1.02,8.3,98.04,12.05,10.09
1379171,Brentford,Sunderland,Premier League,2026-01-07T19:30:00+00:00,11,1xBet,0.75,1.02,7.7,98.04,12.99,11.03
1379171,Brentford,Sunderland,Premier League,2026-01-07T19:30:00+00:00,11,1xBet,1.0,1.04,7.2,96.15,13.89,10.04
1379171,Brentford,Sunderland,Premier League,2026-01-07T19:30:00+00:00,11,1xBet,1.25,1.17,4.25,85.47,23.53,9.0
1379171,Brentford,Sunderland,Premier League,2026-01-07T19:30:00+00:00,11,1xBet,3.0,2.73,1.41,36.63,70.92,7.55
1379171,Brentford,Sunderland,Premier League,2026-01-07T19:30:00+00:00,11,1xBet,4.5,6.15,1.06,16.26,94.34,10.6
1379171,Brentford,Sunderland,Premier League,2026-01-07T19:30:00+00:00,11,1xBet,3.25,3.04,1.33,32.89,75.19,8.08
1379171,Brentford,Sunderland,Premier League,2026-01-07T19:30:00+00:00,11,1xBet,3.75,4.15,1.18,24.1,84.75,8.84
1379171,Brentford,Sunderland,Premier League,2026-01-07T19:30:00+00:00,11,1xBet,4.0,5.6,1.09,17.86,91.74,9.6
1379171,Brentford,Sunderland,Premier League,2026-01-07T19:30:00+00:00,11,1xBet,4.25,5.85,1.07,17.09,93.46,10.55
1379171,Brentford,Sunderland,Premier League,2026-01-07T19:30:00+00:00,11,1xBet,5.0,11.5,1.03,8.7,97.09,5.78
1379171,Brentford,Sunderland,Premier League,2026-01-07T19:30:00+00:00,11,1xBet,7.5,50.0,1.0,2.0,100.0,2.0
1379171,Brentford,Sunderland,Premier League,2026-01-07T19:30:00+00:00,11,1xBet,5.5,14.0,1.02,7.14,98.04,5.18
1379171,Brentford,Sunderland,Premier League,2026-01-07T19:30:00+00:00,11,1xBet,6.5,29.0,1.01,3.45,99.01,2.46
1379171,Brentford,Sunderland,Premier League,2026-01-07T19:30:00+00:00,32,Betano,1.5,1.35,3.25,74.07,30.77,4.84
1379171,Brentford,Sunderland,Premier League,2026-01-07T19:30:00+00:00,32,Betano,1.75,1.44,2.92,69.44,34.25,3.69
1379171,Brentford,Sunderland,Premier League,2026-01-07T19:30:00+00:00,32,Betano,2.0,1.55,2.52,64.52,39.68,4.2
1379171,Brentford,Sunderland,Premier League,2026-01-07T19:30:00+00:00,32,Betano,2.25,1.8,2.07,55.56,48.31,3.86
1379171,Brentford,Sunderland,Premier League,2026-01-07T19:30:00+00:00,32,Betano,2.5,2.05,1.82,48.78,54.95,3.73
1379171,Brentford,Sunderland,Premier League,2026-01-07T19:30:00+00:00,32,Betano,2.75,2.35,1.62,42.55,61.73,4.28
1379171,Brentford,Sunderland,Premier League,2026-01-07T19:30:00+00:00,32,Betano,3.5,3.5,1.31,28.57,76.34,4.91
1379171,Brentford,Sunderland,Premier League,2026-01-07T19:30:00+00:00,32,Betano,0.5,1.08,8.25,92.59,12.12,4.71
1379171,Brentford,Sunderland,Premier League,2026-01-07T19:30:00+00:00,32,Betano,3.0,2.9,1.44,34.48,69.44,3.93
1379171,Brentford,Sunderland,Premier League,2026-01-07T19:30:00+00:00,32,Betano,4.5,6.6,1.11,15.15,90.09,5.24
1379171,Brentford,Sunderland,Premier League,2026-01-07T19:30:00+00:00,32,Betano,3.25,3.25,1.37,30.77,72.99,3.76
1379171,Brentford,Sunderland,Premier League,2026-01-07T19:30:00+00:00,32,Betano,5.5,11.75,1.04,8.51,96.15,4.66
1379171,Brentford,Sunderland,Premier League,2026-01-07T19:30:00+00:00,32,Betano,6.5,16.5,1.01,6.06,99.01,5.07
1379171,Brentford,Sunderland,Premier League,2026-01-07T19:30:00+00:00,34,Superbet,1.5,1.33,3.35,75.19,29.85,5.04
1379171,Brentford,Sunderland,Premier League,2026-01-07T19:30:00+00:00,34,Superbet,2.5,2.02,1.8,49.5,55.56,5.06
1379171,Brentford,Sunderland,Premier League,2026-01-07T19:30:00+00:00,34,Superbet,3.5,3.55,1.3,28.17,76.92,5.09
1379171,Brentford,Sunderland,Premier League,2026-01-07T19:30:00+00:00,34,Superbet,0.5,1.06,9.4,94.34,10.64,4.98
1379171,Brentford,Sunderland,Premier League,2026-01-07T19:30:00+00:00,34,Superbet,4.5,7.0,1.1,14.29,90.91,5.19
1379171,Brentford,Sunderland,Premier League,2026-01-07T19:30:00+00:00,34,Superbet,5.5,15.0,1.03,6.67,97.09,3.75
1379171,Brentford,Sunderland,Premier League,2026-01-07T19:30:00+00:00,34,Superbet,6.5,34.0,1.01,2.94,99.01,1.95
1379172,Burnley,Manchester United,Premier League,2026-01-07T20:15:00+00:00,1,10Bet,1.5,1.22,4.2,81.97,23.81,5.78
1379172,Burnley,Manchester United,Premier League,2026-01-07T20:15:00+00:00,1,10Bet,2.5,1.7,2.1,58.82,47.62,6.44
1379172,Burnley,Manchester United,Premier League,2026-01-07T20:15:00+00:00,1,10Bet,3.5,2.75,1.44,36.36,69.44,5.81
1379172,Burnley,Manchester United,Premier League,2026-01-07T20:15:00+00:00,1,10Bet,0.5,1.04,10.0,96.15,10.0,6.15
1379172,Burnley,Manchester United,Premier League,2026-01-07T20:15:00+00:00,1,10Bet,4.5,5.0,1.17,20.0,85.47,5.47
1379172,Burnley,Manchester United,Premier League,2026-01-07T20:15:00+00:00,8,Bet365,1.5,1.22,4.33,81.97,23.09,5.06
1379172,Burnley,Manchester United,Premier League,2026-01-07T20:15:00+00:00,8,Bet365,2.5,1.73,2.1,57.8,47.62,5.42
1379172,Burnley,Manchester United,Premier League,2026-01-07T20:15:00+00:00,8,Bet365,3.5,2.75,1.44,36.36,69.44,5.81
1379172,Burnley,Manchester United,Premier League,2026-01-07T20:15:00+00:00,8,Bet365,0.5,1.04,13.0,96.15,7.69,3.85
1379172,Burnley,Manchester United,Premier League,2026-01-07T20:15:00+00:00,8,Bet365,4.5,5.0,1.17,20.0,85.47,5.47
1379172,Burnley,Manchester United,Premier League,2026-01-07T20:15:00+00:00,8,Bet365,7.5,41.0,1.0,2.44,100.0,2.44
1379172,Burnley,Manchester United,Premier League,2026-01-07T20:15:00+00:00,8,Bet365,5.5,10.0,1.06,10.0,94.34,4.34
1379172,Burnley,Manchester United,Premier League,2026-01-07T20:15:00+00:00,8,Bet365,6.5,21.0,1.01,4.76,99.01,3.77
1379172,Burnley,Manchester United,Premier League,2026-01-07T20:15:00+00:00,2,Marathonbet,1.5,1.2,3.98,83.33,25.13,8.46
1379172,Burnley,Manchester United,Premier League,2026-01-07T20:15:00+00:00,2,Marathonbet,1.75,1.25,3.55,80.0,28.17,8.17
1379172,Burnley,Manchester United,Premier League,2026-01-07T20:15:00+00:00,2,Marathonbet,2.0,1.32,3.14,75.76,31.85,7.6
1379172,Burnley,Manchester United,Premier League,2026-01-07T20:15:00+00:00,2,Marathonbet,2.25,1.51,2.45,66.23,40.82,7.04
1379172,Burnley,Manchester United,Premier League,2026-01-07T20:15:00+00:00,2,Marathonbet,2.5,1.74,2.12,57.47,47.17,4.64
1379172,Burnley,Manchester United,Premier League,2026-01-07T20:15:00+00:00,2,Marathonbet,2.75,1.88,1.86,53.19,53.76,6.95
1379172,Burnley,Manchester United,Premier League,2026-01-07T20:15:00+00:00,2,Marathonbet,3.5,2.68,1.4,37.31,71.43,8.74
1379172,Burnley,Manchester United,Premier League,2026-01-07T20:15:00+00:00,2,Marathonbet,1.0,1.0,9.8,100.0,10.2,10.2
1379172,Burnley,Manchester United,Premier League,2026-01-07T20:15:00+00:00,2,Marathonbet,1.25,1.1,5.5,90.91,18.18,9.09
1379172,Burnley,Manchester United,Premier League,2026-01-07T20:15:00+00:00,2,Marathonbet,3.0,2.17,1.63,46.08,61.35,7.43
1379172,Burnley,Manchester United,Premier League,2026-01-07T20:15:00+00:00,2,Marathonbet,4.5,4.8,1.11,20.83,90.09,10.92
1379172,Burnley,Manchester United,Premier League,2026-01-07T20:15:00+00:00,2,Marathonbet,3.25,2.44,1.49,40.98,67.11,8.1
1379172,Burnley,Manchester United,Premier League,2026-01-07T20:15:00+00:00,2,Marathonbet,3.75,3.2,1.28,31.25,78.12,9.38
1379172,Burnley,Manchester United,Premier League,2026-01-07T20:15:00+00:00,2,Marathonbet,4.0,4.15,1.16,24.1,86.21,10.3
1379172,Burnley,Manchester United,Premier League,2026-01-07T20:15:00+00:00,2,Marathonbet,4.25,4.5,1.13,22.22,88.5,10.72
1379172,Burnley,Manchester United,Premier League,2026-01-07T20:15:00+00:00,2,Marathonbet,4.75,6.05,1.06,16.53,94.34,10.87
1379172,Burnley,Manchester United,Premier League,2026-01-07T20:15:00+00:00,2,Marathonbet,5.0,8.5,1.01,11.76,99.01,10.77
1379172,Burnley,Manchester United,Premier League,2026-01-07T20:15:00+00:00,2,Marathonbet,5.5,9.1,1.0,10.99,100.0,10.99
1379172,Burnley,Manchester United,Premier League,2026-01-07T20:15:00+00:00,16,Unibet,1.5,1.21,4.4,82.64,22.73,5.37
1379172,Burnley,Manchester United,Premier League,2026-01-07T20:15:00+00:00,16,Unibet,2.0,1.3,3.45,76.92,28.99,5.91
1379172,Burnley,Manchester United,Premier League,2026-01-07T20:15:00+00:00,16,Unibet,2.25,1.52,2.55,65.79,39.22,5.01
1379172,Burnley,Manchester United,Premier League,2026-01-07T20:15:00+00:00,16,Unibet,2.5,1.71,2.12,58.48,47.17,5.65
1379172,Burnley,Manchester United,Premier League,2026-01-07T20:15:00+00:00,16,Unibet,2.75,1.91,1.89,52.36,52.91,5.27
1379172,Burnley,Manchester United,Premier League,2026-01-07T20:15:00+00:00,16,Unibet,3.5,2.85,1.42,35.09,70.42,5.51
1379172,Burnley,Manchester United,Premier League,2026-01-07T20:15:00+00:00,16,Unibet,0.5,1.02,13.0,98.04,7.69,5.73
1379172,Burnley,Manchester United,Premier League,2026-01-07T20:15:00+00:00,16,Unibet,3.0,2.23,1.66,44.84,60.24,5.08
1379172,Burnley,Manchester United,Premier League,2026-01-07T20:15:00+00:00,16,Unibet,4.5,5.5,1.15,18.18,86.96,5.14
1379172,Burnley,Manchester United,Premier League,2026-01-07T20:15:00+00:00,16,Unibet,3.25,2.55,1.52,39.22,65.79,5.01
1379172,Burnley,Manchester United,Premier League,2026-01-07T20:15:00+00:00,16,Unibet,3.75,3.45,1.3,28.99,76.92,5.91
1379172,Burnley,Manchester United,Premier League,2026-01-07T20:15:00+00:00,16,Unibet,5.5,11.5,1.03,8.7,97.09,5.78
1379172,Burnley,Manchester United,Premier League,2026-01-07T20:15:00+00:00,3,Betfair,1.5,1.2,4.2,83.33,23.81,7.14
1379172,Burnley,Manchester United,Premier League,2026-01-07T20:15:00+00:00,3,Betfair,2.5,1.73,2.05,57.8,48.78,6.58
1379172,Burnley,Manchester United,Premier League,2026-01-07T20:15:00+00:00,3,Betfair,3.5,2.8,1.4,35.71,71.43,7.14
1379172,Burnley,Manchester United,Premier League,2026-01-07T20:15:00+00:00,3,Betfair,0.5,1.01,13.0,99.01,7.69,6.7
1379172,Burnley,Manchester United,Premier League,2026-01-07T20:15:00+00:00,3,Betfair,4.5,5.5,1.13,18.18,88.5,6.68
1379172,Burnley,Manchester United,Premier League,2026-01-07T20:15:00+00:00,3,Betfair,5.5,11.0,1.02,9.09,98.04,7.13
1379172,Burnley,Manchester United,Premier League,2026-01-07T20:15:00+00:00,13,188Bet,2.75,1.98,1.92,50.51,52.08,2.59
1379172,Burnley,Manchester United,Premier League,2026-01-07T20:15:00+00:00,4,Pinnacle,1.75,1.29,3.77,77.52,26.53,4.04
1379172,Burnley,Manchester United,Premier League,2026-01-07T20:15:00+00:00,4,Pinnacle,2.0,1.35,3.31,74.07,30.21,4.29
1379172,Burnley,Manchester United,Premier League,2026-01-07T20:15:00+00:00,4,Pinnacle,2.25,1.55,2.55,64.52,39.22,3.73
1379172,Burnley,Manchester United,Premier League,2026-01-07T20:15:00+00:00,4,Pinnacle,2.5,1.75,2.15,57.14,46.51,3.65
1379172,Burnley,Manchester United,Premier League,2026-01-07T20:15:00+00:00,4,Pinnacle,2.75,1.94,1.94,51.55,51.55,3.09
1379172,Burnley,Manchester United,Premier League,2026-01-07T20:15:00+00:00,4,Pinnacle,3.5,2.82,1.46,35.46,68.49,3.95
1379172,Burnley,Manchester United,Premier League,2026-01-07T20:15:00+00:00,4,Pinnacle,3.0,2.24,1.69,44.64,59.17,3.81
1379172,Burnley,Manchester United,Premier League,2026-01-07T20:15:00+00:00,4,Pinnacle,3.25,2.54,1.56,39.37,64.1,3.47
1379172,Burnley,Manchester United,Premier League,2026-01-07T20:15:00+00:00,4,Pinnacle,3.75,3.38,1.34,29.59,74.63,4.21
1379172,Burnley,Manchester United,Premier League,2026-01-07T20:15:00+00:00,5,SBO,2.5,1.73,2.14,57.8,46.73,4.53
1379172,Burnley,Manchester United,Premier League,2026-01-07T20:15:00+00:00,5,SBO,2.75,1.97,1.89,50.76,52.91,3.67
1379172,Burnley,Manchester United,Premier League,2026-01-07T20:15:00+00:00,5,SBO,3.0,2.23,1.67,44.84,59.88,4.72
1379172,Burnley,Manchester United,Premier League,2026-01-07T20:15:00+00:00,11,1xBet,1.5,1.2,3.98,83.33,25.13,8.46
1379172,Burnley,Manchester United,Premier League,2026-01-07T20:15:00+00:00,11,1xBet,1.75,1.25,3.55,80.0,28.17,8.17
1379172,Burnley,Manchester United,Premier League,2026-01-07T20:15:00+00:00,11,1xBet,2.0,1.32,3.14,75.76,31.85,7.6
1379172,Burnley,Manchester United,Premier League,2026-01-07T20:15:00+00:00,11,1xBet,2.25,1.51,2.45,66.23,40.82,7.04
1379172,Burnley,Manchester United,Premier League,2026-01-07T20:15:00+00:00,11,1xBet,2.5,1.79,2.18,55.87,45.87,1.74
1379172,Burnley,Manchester United,Premier League,2026-01-07T20:15:00+00:00,11,1xBet,2.75,1.88,1.86,53.19,53.76,6.95
1379172,Burnley,Manchester United,Premier League,2026-01-07T20:15:00+00:00,11,1xBet,3.5,2.68,1.4,37.31,71.43,8.74
1379172,Burnley,Manchester United,Premier League,2026-01-07T20:15:00+00:00,11,1xBet,0.5,1.0,14.8,100.0,6.76,6.76
1379172,Burnley,Manchester United,Premier League,2026-01-07T20:15:00+00:00,11,1xBet,1.0,1.0,9.8,100.0,10.2,10.2
1379172,Burnley,Manchester United,Premier League,2026-01-07T20:15:00+00:00,11,1xBet,1.25,1.1,5.5,90.91,18.18,9.09
1379172,Burnley,Manchester United,Premier League,2026-01-07T20:15:00+00:00,11,1xBet,3.0,2.17,1.63,46.08,61.35,7.43
1379172,Burnley,Manchester United,Premier League,2026-01-07T20:15:00+00:00,11,1xBet,4.5,4.8,1.11,20.83,90.09,10.92
1379172,Burnley,Manchester United,Premier League,2026-01-07T20:15:00+00:00,11,1xBet,3.25,2.44,1.49,40.98,67.11,8.1
1379172,Burnley,Manchester United,Premier League,2026-01-07T20:15:00+00:00,11,1xBet,3.75,3.2,1.28,31.25,78.12,9.38
1379172,Burnley,Manchester United,Premier League,2026-01-07T20:15:00+00:00,11,1xBet,4.0,4.15,1.16,24.1,86.21,10.3
1379172,Burnley,Manchester United,Premier League,2026-01-07T20:15:00+00:00,11,1xBet,4.25,4.5,1.13,22.22,88.5,10.72
1379172,Burnley,Manchester United,Premier League,2026-01-07T20:15:00+00:00,11,1xBet,4.75,6.05,1.06,16.53,94.34,10.87
1379172,Burnley,Manchester United,Premier League,2026-01-07T20:15:00+00:00,11,1xBet,5.0,8.5,1.01,11.76,99.01,10.77
1379172,Burnley,Manchester United,Premier League,2026-01-07T20:15:00+00:00,11,1xBet,7.5,41.0,1.0,2.44,100.0,2.44
1379172,Burnley,Manchester United,Premier League,2026-01-07T20:15:00+00:00,11,1xBet,5.5,9.1,1.0,10.99,100.0,10.99
1379172,Burnley,Manchester United,Premier League,2026-01-07T20:15:00+00:00,11,1xBet,6.5,21.0,1.01,4.76,99.01,3.77
1379172,Burnley,Manchester United,Premier League,2026-01-07T20:15:00+00:00,32,Betano,1.5,1.24,4.05,80.65,24.69,5.34
1379172,Burnley,Manchester United,Premier League,2026-01-07T20:15:00+00:00,32,Betano,2.0,1.35,3.3,74.07,30.3,4.38
1379172,Burnley,Manchester United,Premier League,2026-01-07T20:15:00+00:00,32,Betano,2.25,1.55,2.52,64.52,39.68,4.2
1379172,Burnley,Manchester United,Premier League,2026-01-07T20:15:00+00:00,32,Betano,2.5,1.75,2.15,57.14,46.51,3.65
1379172,Burnley,Manchester United,Premier League,2026-01-07T20:15:00+00:00,32,Betano,2.75,1.93,1.93,51.81,51.81,3.63
1379172,Burnley,Manchester United,Premier League,2026-01-07T20:15:00+00:00,32,Betano,3.5,2.8,1.47,35.71,68.03,3.74
1379172,Burnley,Manchester United,Premier League,2026-01-07T20:15:00+00:00,32,Betano,0.5,1.05,10.5,95.24,9.52,4.76
1379172,Burnley,Manchester United,Premier League,2026-01-07T20:15:00+00:00,32,Betano,3.0,2.22,1.7,45.05,58.82,3.87
1379172,Burnley,Manchester United,Premier League,2026-01-07T20:15:00+00:00,32,Betano,4.5,4.9,1.18,20.41,84.75,5.15
1379172,Burnley,Manchester United,Premier League,2026-01-07T20:15:00+00:00,32,Betano,3.25,2.52,1.55,39.68,64.52,4.2
1379172,Burnley,Manchester United,Premier League,2026-01-07T20:15:00+00:00,32,Betano,3.75,3.3,1.35,30.3,74.07,4.38
1379172,Burnley,Manchester United,Premier League,2026-01-07T20:15:00+00:00,32,Betano,5.5,8.75,1.07,11.43,93.46,4.89
1379172,Burnley,Manchester United,Premier League,2026-01-07T20:15:00+00:00,32,Betano,6.5,14.0,1.02,7.14,98.04,5.18
1379172,Burnley,Manchester United,Premier League,2026-01-07T20:15:00+00:00,34,Superbet,1.5,1.23,4.2,81.3,23.81,5.11
1379172,Burnley,Manchester United,Premier League,2026-01-07T20:15:00+00:00,34,Superbet,2.5,1.73,2.12,57.8,47.17,4.97
1379172,Burnley,Manchester United,Premier League,2026-01-07T20:15:00+00:00,34,Superbet,3.5,2.8,1.45,35.71,68.97,4.68
1379172,Burnley,Manchester United,Premier League,2026-01-07T20:15:00+00:00,34,Superbet,0.5,1.04,13.0,96.15,7.69,3.85
1379172,Burnley,Manchester United,Premier League,2026-01-07T20:15:00+00:00,34,Superbet,4.5,5.15,1.17,19.42,85.47,4.89
1379172,Burnley,Manchester United,Premier League,2026-01-07T20:15:00+00:00,34,Superbet,5.5,10.0,1.06,10.0,94.34,4.34
1379172,Burnley,Manchester United,Premier League,2026-01-07T20:15:00+00:00,34,Superbet,6.5,22.0,1.02,4.55,98.04,2.58
1379173,Crystal Palace,Aston Villa,Premier League,2026-01-07T19:30:00+00:00,1,10Bet,1.5,1.3,3.45,76.92,28.99,5.91
1379173,Crystal Palace,Aston Villa,Premier League,2026-01-07T19:30:00+00:00,1,10Bet,2.5,1.85,1.9,54.05,52.63,6.69
1379173,Crystal Palace,Aston Villa,Premier League,2026-01-07T19:30:00+00:00,1,10Bet,3.5,3.2,1.33,31.25,75.19,6.44
1379173,Crystal Palace,Aston Villa,Premier League,2026-01-07T19:30:00+00:00,1,10Bet,0.5,1.06,8.5,94.34,11.76,6.1
1379173,Crystal Palace,Aston Villa,Premier League,2026-01-07T19:30:00+00:00,1,10Bet,4.5,6.25,1.11,16.0,90.09,6.09
1379173,Crystal Palace,Aston Villa,Premier League,2026-01-07T19:30:00+00:00,8,Bet365,1.5,1.28,3.75,78.12,26.67,4.79
1379173,Crystal Palace,Aston Villa,Premier League,2026-01-07T19:30:00+00:00,8,Bet365,2.5,1.91,1.91,52.36,52.36,4.71
1379173,Crystal Palace,Aston Villa,Premier League,2026-01-07T19:30:00+00:00,8,Bet365,3.5,3.2,1.36,31.25,73.53,4.78
1379173,Crystal Palace,Aston Villa,Premier League,2026-01-07T19:30:00+00:00,8,Bet365,0.5,1.06,10.0,94.34,10.0,4.34
1379173,Crystal Palace,Aston Villa,Premier League,2026-01-07T19:30:00+00:00,8,Bet365,4.5,6.0,1.12,16.67,89.29,5.95
1379173,Crystal Palace,Aston Villa,Premier League,2026-01-07T19:30:00+00:00,8,Bet365,7.5,51.0,1.0,1.96,100.0,1.96
1379173,Crystal Palace,Aston Villa,Premier League,2026-01-07T19:30:00+00:00,8,Bet365,5.5,13.0,1.04,7.69,96.15,3.85
1379173,Crystal Palace,Aston Villa,Premier League,2026-01-07T19:30:00+00:00,8,Bet365,6.5,26.0,1.01,3.85,99.01,2.86
1379173,Crystal Palace,Aston Villa,Premier League,2026-01-07T19:30:00+00:00,2,Marathonbet,1.5,1.26,3.4,79.37,29.41,8.78
1379173,Crystal Palace,Aston Villa,Premier League,2026-01-07T19:30:00+00:00,2,Marathonbet,1.75,1.33,3.04,75.19,32.89,8.08
1379173,Crystal Palace,Aston Villa,Premier League,2026-01-07T19:30:00+00:00,2,Marathonbet,2.0,1.43,2.66,69.93,37.59,7.52
1379173,Crystal Palace,Aston Villa,Premier League,2026-01-07T19:30:00+00:00,2,Marathonbet,2.25,1.67,2.13,59.88,46.95,6.83
1379173,Crystal Palace,Aston Villa,Premier League,2026-01-07T19:30:00+00:00,2,Marathonbet,2.5,1.92,1.9,52.08,52.63,4.71
1379173,Crystal Palace,Aston Villa,Premier League,2026-01-07T19:30:00+00:00,2,Marathonbet,2.75,2.14,1.66,46.73,60.24,6.97
1379173,Crystal Palace,Aston Villa,Premier League,2026-01-07T19:30:00+00:00,2,Marathonbet,3.5,3.2,1.29,31.25,77.52,8.77
1379173,Crystal Palace,Aston Villa,Premier League,2026-01-07T19:30:00+00:00,2,Marathonbet,0.5,1.0,9.3,100.0,10.75,10.75
1379173,Crystal Palace,Aston Villa,Premier League,2026-01-07T19:30:00+00:00,2,Marathonbet,0.75,1.0,9.1,100.0,10.99,10.99
1379173,Crystal Palace,Aston Villa,Premier League,2026-01-07T19:30:00+00:00,2,Marathonbet,1.0,1.02,8.5,98.04,11.76,9.8
1379173,Crystal Palace,Aston Villa,Premier League,2026-01-07T19:30:00+00:00,2,Marathonbet,1.25,1.14,4.7,87.72,21.28,9.0
1379173,Crystal Palace,Aston Villa,Premier League,2026-01-07T19:30:00+00:00,2,Marathonbet,3.0,2.59,1.45,38.61,68.97,7.58
1379173,Crystal Palace,Aston Villa,Premier League,2026-01-07T19:30:00+00:00,2,Marathonbet,4.5,6.05,1.06,16.53,94.34,10.87
1379173,Crystal Palace,Aston Villa,Premier League,2026-01-07T19:30:00+00:00,2,Marathonbet,3.25,2.89,1.36,34.6,73.53,8.13
1379173,Crystal Palace,Aston Villa,Premier League,2026-01-07T19:30:00+00:00,2,Marathonbet,3.75,3.94,1.19,25.38,84.03,9.41
1379173,Crystal Palace,Aston Villa,Premier League,2026-01-07T19:30:00+00:00,2,Marathonbet,4.0,5.35,1.1,18.69,90.91,9.6
1379173,Crystal Palace,Aston Villa,Premier League,2026-01-07T19:30:00+00:00,2,Marathonbet,4.25,5.7,1.08,17.54,92.59,10.14
1379173,Crystal Palace,Aston Villa,Premier League,2026-01-07T19:30:00+00:00,16,Unibet,1.5,1.27,3.75,78.74,26.67,5.41
1379173,Crystal Palace,Aston Villa,Premier League,2026-01-07T19:30:00+00:00,16,Unibet,2.0,1.43,2.8,69.93,35.71,5.64
1379173,Crystal Palace,Aston Villa,Premier League,2026-01-07T19:30:00+00:00,16,Unibet,2.25,1.68,2.2,59.52,45.45,4.98
1379173,Crystal Palace,Aston Villa,Premier League,2026-01-07T19:30:00+00:00,16,Unibet,2.5,1.92,1.88,52.08,53.19,5.27
1379173,Crystal Palace,Aston Villa,Premier League,2026-01-07T19:30:00+00:00,16,Unibet,2.75,2.18,1.68,45.87,59.52,5.4
1379173,Crystal Palace,Aston Villa,Premier League,2026-01-07T19:30:00+00:00,16,Unibet,3.5,3.35,1.32,29.85,75.76,5.61
1379173,Crystal Palace,Aston Villa,Premier League,2026-01-07T19:30:00+00:00,16,Unibet,0.5,1.04,11.0,96.15,9.09,5.24
1379173,Crystal Palace,Aston Villa,Premier League,2026-01-07T19:30:00+00:00,16,Unibet,3.0,2.65,1.47,37.74,68.03,5.76
1379173,Crystal Palace,Aston Villa,Premier League,2026-01-07T19:30:00+00:00,16,Unibet,4.5,7.0,1.1,14.29,90.91,5.19
1379173,Crystal Palace,Aston Villa,Premier League,2026-01-07T19:30:00+00:00,16,Unibet,3.25,3.0,1.38,33.33,72.46,5.8
1379173,Crystal Palace,Aston Villa,Premier League,2026-01-07T19:30:00+00:00,16,Unibet,5.5,14.0,1.01,7.14,99.01,6.15
1379173,Crystal Palace,Aston Villa,Premier League,2026-01-07T19:30:00+00:00,3,Betfair,1.5,1.29,3.4,77.52,29.41,6.93
1379173,Crystal Palace,Aston Villa,Premier League,2026-01-07T19:30:00+00:00,3,Betfair,2.5,1.91,1.83,52.36,54.64,7.0
1379173,Crystal Palace,Aston Villa,Premier League,2026-01-07T19:30:00+00:00,3,Betfair,3.5,3.3,1.3,30.3,76.92,7.23
1379173,Crystal Palace,Aston Villa,Premier League,2026-01-07T19:30:00+00:00,3,Betfair,0.5,1.02,11.0,98.04,9.09,7.13
1379173,Crystal Palace,Aston Villa,Premier League,2026-01-07T19:30:00+00:00,3,Betfair,4.5,7.0,1.08,14.29,92.59,6.88
1379173,Crystal Palace,Aston Villa,Premier League,2026-01-07T19:30:00+00:00,3,Betfair,5.5,13.0,1.01,7.69,99.01,6.7
1379173,Crystal Palace,Aston Villa,Premier League,2026-01-07T19:30:00+00:00,13,188Bet,2.5,1.98,1.92,50.51,52.08,2.59
1379173,Crystal Palace,Aston Villa,Premier League,2026-01-07T19:30:00+00:00,4,Pinnacle,1.5,1.29,3.78,77.52,26.46,3.97
1379173,Crystal Palace,Aston Villa,Premier League,2026-01-07T19:30:00+00:00,4,Pinnacle,1.75,1.35,3.33,74.07,30.03,4.1
1379173,Crystal Palace,Aston Villa,Premier League,2026-01-07T19:30:00+00:00,4,Pinnacle,2.0,1.45,2.89,68.97,34.6,3.57
1379173,Crystal Palace,Aston Villa,Premier League,2026-01-07T19:30:00+00:00,4,Pinnacle,2.25,1.69,2.26,59.17,44.25,3.42
1379173,Crystal Palace,Aston Villa,Premier League,2026-01-07T19:30:00+00:00,4,Pinnacle,2.5,1.94,1.94,51.55,51.55,3.09
1379173,Crystal Palace,Aston Villa,Premier League,2026-01-07T19:30:00+00:00,4,Pinnacle,2.75,2.19,1.74,45.66,57.47,3.13
1379173,Crystal Palace,Aston Villa,Premier League,2026-01-07T19:30:00+00:00,4,Pinnacle,3.5,3.28,1.36,30.49,73.53,4.02
1379173,Crystal Palace,Aston Villa,Premier League,2026-01-07T19:30:00+00:00,4,Pinnacle,3.0,2.63,1.53,38.02,65.36,3.38
1379173,Crystal Palace,Aston Villa,Premier League,2026-01-07T19:30:00+00:00,4,Pinnacle,3.25,2.95,1.42,33.9,70.42,4.32
1379173,Crystal Palace,Aston Villa,Premier League,2026-01-07T19:30:00+00:00,5,SBO,2.25,1.69,2.2,59.17,45.45,4.63
1379173,Crystal Palace,Aston Villa,Premier League,2026-01-07T19:30:00+00:00,5,SBO,2.5,1.96,1.9,51.02,52.63,3.65
1379173,Crystal Palace,Aston Villa,Premier League,2026-01-07T19:30:00+00:00,5,SBO,2.75,2.2,1.69,45.45,59.17,4.63
1379173,Crystal Palace,Aston Villa,Premier League,2026-01-07T19:30:00+00:00,11,1xBet,1.5,1.26,3.4,79.37,29.41,8.78
1379173,Crystal Palace,Aston Villa,Premier League,2026-01-07T19:30:00+00:00,11,1xBet,1.75,1.33,3.04,75.19,32.89,8.08
1379173,Crystal Palace,Aston Villa,Premier League,2026-01-07T19:30:00+00:00,11,1xBet,2.0,1.43,2.66,69.93,37.59,7.52
1379173,Crystal Palace,Aston Villa,Premier League,2026-01-07T19:30:00+00:00,11,1xBet,2.25,1.67,2.13,59.88,46.95,6.83
1379173,Crystal Palace,Aston Villa,Premier League,2026-01-07T19:30:00+00:00,11,1xBet,2.5,1.98,1.96,50.51,51.02,1.53
1379173,Crystal Palace,Aston Villa,Premier League,2026-01-07T19:30:00+00:00,11,1xBet,2.75,2.14,1.66,46.73,60.24,6.97
1379173,Crystal Palace,Aston Villa,Premier League,2026-01-07T19:30:00+00:00,11,1xBet,3.5,3.2,1.29,31.25,77.52,8.77
1379173,Crystal Palace,Aston Villa,Premier League,2026-01-07T19:30:00+00:00,11,1xBet,0.5,1.02,11.3,98.04,8.85,6.89
1379173,Crystal Palace,Aston Villa,Premier League,2026-01-07T19:30:00+00:00,11,1xBet,0.75,1.0,9.1,100.0,10.99,10.99
1379173,Crystal Palace,Aston Villa,Premier League,2026-01-07T19:30:00+00:00,11,1xBet,1.0,1.02,8.5,98.04,11.76,9.8
1379173,Crystal Palace,Aston Villa,Premier League,2026-01-07T19:30:00+00:00,11,1xBet,1.25,1.14,4.7,87.72,21.28,9.0
1379173,Crystal Palace,Aston Villa,Premier League,2026-01-07T19:30:00+00:00,11,1xBet,3.0,2.59,1.45,38.61,68.97,7.58
1379173,Crystal Palace,Aston Villa,Premier League,2026-01-07T19:30:00+00:00,11,1xBet,4.5,6.05,1.06,16.53,94.34,10.87
1379173,Crystal Palace,Aston Villa,Premier League,2026-01-07T19:30:00+00:00,11,1xBet,3.25,2.89,1.36,34.6,73.53,8.13
1379173,Crystal Palace,Aston Villa,Premier League,2026-01-07T19:30:00+00:00,11,1xBet,3.75,3.94,1.19,25.38,84.03,9.41
1379173,Crystal Palace,Aston Villa,Premier League,2026-01-07T19:30:00+00:00,11,1xBet,4.0,5.35,1.1,18.69,90.91,9.6
1379173,Crystal Palace,Aston Villa,Premier League,2026-01-07T19:30:00+00:00,11,1xBet,4.25,5.7,1.08,17.54,92.59,10.14
1379173,Crystal Palace,Aston Villa,Premier League,2026-01-07T19:30:00+00:00,11,1xBet,5.0,10.5,1.04,9.52,96.15,5.68
1379173,Crystal Palace,Aston Villa,Premier League,2026-01-07T19:30:00+00:00,11,1xBet,7.5,50.0,1.0,2.0,100.0,2.0
1379173,Crystal Palace,Aston Villa,Premier League,2026-01-07T19:30:00+00:00,11,1xBet,5.5,12.5,1.03,8.0,97.09,5.09
1379173,Crystal Palace,Aston Villa,Premier League,2026-01-07T19:30:00+00:00,11,1xBet,6.5,26.0,1.01,3.85,99.01,2.86
1379173,Crystal Palace,Aston Villa,Premier League,2026-01-07T19:30:00+00:00,32,Betano,1.5,1.3,3.55,76.92,28.17,5.09
1379173,Crystal Palace,Aston Villa,Premier League,2026-01-07T19:30:00+00:00,32,Betano,1.75,1.37,3.2,72.99,31.25,4.24
1379173,Crystal Palace,Aston Villa,Premier League,2026-01-07T19:30:00+00:00,32,Betano,2.0,1.47,2.8,68.03,35.71,3.74
1379173,Crystal Palace,Aston Villa,Premier League,2026-01-07T19:30:00+00:00,32,Betano,2.25,1.7,2.22,58.82,45.05,3.87
1379173,Crystal Palace,Aston Villa,Premier League,2026-01-07T19:30:00+00:00,32,Betano,2.5,1.93,1.93,51.81,51.81,3.63
1379173,Crystal Palace,Aston Villa,Premier League,2026-01-07T19:30:00+00:00,32,Betano,2.75,2.18,1.72,45.87,58.14,4.01
1379173,Crystal Palace,Aston Villa,Premier League,2026-01-07T19:30:00+00:00,32,Betano,3.5,3.15,1.36,31.75,73.53,5.28
1379173,Crystal Palace,Aston Villa,Premier League,2026-01-07T19:30:00+00:00,32,Betano,0.5,1.07,9.0,93.46,11.11,4.57
1379173,Crystal Palace,Aston Villa,Premier League,2026-01-07T19:30:00+00:00,32,Betano,3.0,2.6,1.53,38.46,65.36,3.82
1379173,Crystal Palace,Aston Villa,Premier League,2026-01-07T19:30:00+00:00,32,Betano,4.5,5.9,1.14,16.95,87.72,4.67
1379173,Crystal Palace,Aston Villa,Premier League,2026-01-07T19:30:00+00:00,32,Betano,3.25,2.92,1.44,34.25,69.44,3.69
1379173,Crystal Palace,Aston Villa,Premier League,2026-01-07T19:30:00+00:00,32,Betano,5.5,10.5,1.05,9.52,95.24,4.76
1379173,Crystal Palace,Aston Villa,Premier League,2026-01-07T19:30:00+00:00,32,Betano,6.5,15.5,1.02,6.45,98.04,4.49
1379173,Crystal Palace,Aston Villa,Premier League,2026-01-07T19:30:00+00:00,34,Superbet,1.5,1.29,3.7,77.52,27.03,4.55
1379173,Crystal Palace,Aston Villa,Premier League,2026-01-07T19:30:00+00:00,34,Superbet,2.5,1.92,1.9,52.08,52.63,4.71
1379173,Crystal Palace,Aston Villa,Premier League,2026-01-07T19:30:00+00:00,34,Superbet,3.5,3.2,1.36,31.25,73.53,4.78
1379173,Crystal Palace,Aston Villa,Premier League,2026-01-07T19:30:00+00:00,34,Superbet,0.5,1.06,10.0,94.34,10.0,4.34
1379173,Crystal Palace,Aston Villa,Premier League,2026-01-07T19:30:00+00:00,34,Superbet,4.5,6.3,1.12,15.87,89.29,5.16
1379173,Crystal Palace,Aston Villa,Premier League,2026-01-07T19:30:00+00:00,34,Superbet,5.5,13.0,1.04,7.69,96.15,3.85
1379173,Crystal Palace,Aston Villa,Premier League,2026-01-07T19:30:00+00:00,34,Superbet,6.5,28.0,1.01,3.57,99.01,2.58
1379174,Everton,Wolves,Premier League,2026-01-07T19:30:00+00:00,1,10Bet,1.5,1.35,3.1,74.07,32.26,6.33
1379174,Everton,Wolves,Premier League,2026-01-07T19:30:00+00:00,1,10Bet,2.5,2.05,1.75,48.78,57.14,5.92
1379174,Everton,Wolves,Premier League,2026-01-07T19:30:00+00:00,1,10Bet,3.5,3.7,1.25,27.03,80.0,7.03
1379174,Everton,Wolves,Premier League,2026-01-07T19:30:00+00:00,1,10Bet,0.5,1.07,8.0,93.46,12.5,5.96
1379174,Everton,Wolves,Premier League,2026-01-07T19:30:00+00:00,1,10Bet,4.5,7.5,1.08,13.33,92.59,5.93
1379174,Everton,Wolves,Premier League,2026-01-07T19:30:00+00:00,8,Bet365,1.5,1.36,3.2,73.53,31.25,4.78
1379174,Everton,Wolves,Premier League,2026-01-07T19:30:00+00:00,8,Bet365,2.5,2.1,1.73,47.62,57.8,5.42
1379174,Everton,Wolves,Premier League,2026-01-07T19:30:00+00:00,8,Bet365,3.5,3.75,1.28,26.67,78.12,4.79
1379174,Everton,Wolves,Premier League,2026-01-07T19:30:00+00:00,8,Bet365,0.5,1.07,9.0,93.46,11.11,4.57
1379174,Everton,Wolves,Premier League,2026-01-07T19:30:00+00:00,8,Bet365,4.5,8.0,1.08,12.5,92.59,5.09
1379174,Everton,Wolves,Premier League,2026-01-07T19:30:00+00:00,8,Bet365,5.5,17.0,1.02,5.88,98.04,3.92
1379174,Everton,Wolves,Premier League,2026-01-07T19:30:00+00:00,8,Bet365,6.5,29.0,1.01,3.45,99.01,2.46
1379174,Everton,Wolves,Premier League,2026-01-07T19:30:00+00:00,2,Marathonbet,1.5,1.32,3.04,75.76,32.89,8.65
1379174,Everton,Wolves,Premier League,2026-01-07T19:30:00+00:00,2,Marathonbet,1.75,1.41,2.69,70.92,37.17,8.1
1379174,Everton,Wolves,Premier League,2026-01-07T19:30:00+00:00,2,Marathonbet,2.0,1.54,2.35,64.94,42.55,7.49
1379174,Everton,Wolves,Premier League,2026-01-07T19:30:00+00:00,2,Marathonbet,2.25,1.8,1.95,55.56,51.28,6.84
1379174,Everton,Wolves,Premier League,2026-01-07T19:30:00+00:00,2,Marathonbet,2.5,2.09,1.76,47.85,56.82,4.67
1379174,Everton,Wolves,Premier League,2026-01-07T19:30:00+00:00,2,Marathonbet,2.75,2.36,1.55,42.37,64.52,6.89
1379174,Everton,Wolves,Premier League,2026-01-07T19:30:00+00:00,2,Marathonbet,3.5,3.56,1.24,28.09,80.65,8.74
1379174,Everton,Wolves,Premier League,2026-01-07T19:30:00+00:00,2,Marathonbet,0.5,1.02,8.1,98.04,12.35,10.38
1379174,Everton,Wolves,Premier League,2026-01-07T19:30:00+00:00,2,Marathonbet,0.75,1.03,7.4,97.09,13.51,10.6
1379174,Everton,Wolves,Premier League,2026-01-07T19:30:00+00:00,2,Marathonbet,1.0,1.05,6.9,95.24,14.49,9.73
1379174,Everton,Wolves,Premier League,2026-01-07T19:30:00+00:00,2,Marathonbet,1.25,1.18,4.05,84.75,24.69,9.44
1379174,Everton,Wolves,Premier League,2026-01-07T19:30:00+00:00,2,Marathonbet,3.0,2.92,1.36,34.25,73.53,7.78
1379174,Everton,Wolves,Premier League,2026-01-07T19:30:00+00:00,2,Marathonbet,4.5,6.85,1.04,14.6,96.15,10.75
1379174,Everton,Wolves,Premier League,2026-01-07T19:30:00+00:00,2,Marathonbet,3.25,3.26,1.29,30.67,77.52,8.19
1379174,Everton,Wolves,Premier League,2026-01-07T19:30:00+00:00,2,Marathonbet,3.75,4.45,1.15,22.47,86.96,9.43
1379174,Everton,Wolves,Premier League,2026-01-07T19:30:00+00:00,2,Marathonbet,4.0,6.15,1.07,16.26,93.46,9.72
1379174,Everton,Wolves,Premier League,2026-01-07T19:30:00+00:00,2,Marathonbet,4.25,6.5,1.05,15.38,95.24,10.62
1379174,Everton,Wolves,Premier League,2026-01-07T19:30:00+00:00,16,Unibet,1.5,1.34,3.25,74.63,30.77,5.4
1379174,Everton,Wolves,Premier League,2026-01-07T19:30:00+00:00,16,Unibet,1.75,1.43,2.8,69.93,35.71,5.64
1379174,Everton,Wolves,Premier League,2026-01-07T19:30:00+00:00,16,Unibet,2.0,1.57,2.4,63.69,41.67,5.36
1379174,Everton,Wolves,Premier League,2026-01-07T19:30:00+00:00,16,Unibet,2.25,1.85,1.95,54.05,51.28,5.34
1379174,Everton,Wolves,Premier League,2026-01-07T19:30:00+00:00,16,Unibet,2.5,2.14,1.71,46.73,58.48,5.21
1379174,Everton,Wolves,Premier League,2026-01-07T19:30:00+00:00,16,Unibet,2.75,2.48,1.54,40.32,64.94,5.26
1379174,Everton,Wolves,Premier League,2026-01-07T19:30:00+00:00,16,Unibet,3.5,3.95,1.25,25.32,80.0,5.32
1379174,Everton,Wolves,Premier League,2026-01-07T19:30:00+00:00,16,Unibet,0.5,1.05,9.5,95.24,10.53,5.76
1379174,Everton,Wolves,Premier League,2026-01-07T19:30:00+00:00,16,Unibet,3.0,3.15,1.36,31.75,73.53,5.28
1379174,Everton,Wolves,Premier League,2026-01-07T19:30:00+00:00,16,Unibet,4.5,8.5,1.07,11.76,93.46,5.22
1379174,Everton,Wolves,Premier League,2026-01-07T19:30:00+00:00,16,Unibet,3.25,3.55,1.3,28.17,76.92,5.09
1379174,Everton,Wolves,Premier League,2026-01-07T19:30:00+00:00,3,Betfair,1.5,1.3,3.3,76.92,30.3,7.23
1379174,Everton,Wolves,Premier League,2026-01-07T19:30:00+00:00,3,Betfair,2.5,2.0,1.75,50.0,57.14,7.14
1379174,Everton,Wolves,Premier League,2026-01-07T19:30:00+00:00,3,Betfair,3.5,3.7,1.25,27.03,80.0,7.03
1379174,Everton,Wolves,Premier League,2026-01-07T19:30:00+00:00,3,Betfair,0.5,1.04,9.0,96.15,11.11,7.26
1379174,Everton,Wolves,Premier League,2026-01-07T19:30:00+00:00,3,Betfair,4.5,7.5,1.07,13.33,93.46,6.79
1379174,Everton,Wolves,Premier League,2026-01-07T19:30:00+00:00,3,Betfair,5.5,13.0,1.01,7.69,99.01,6.7
1379174,Everton,Wolves,Premier League,2026-01-07T19:30:00+00:00,13,188Bet,2.25,1.89,2.01,52.91,49.75,2.66
1379174,Everton,Wolves,Premier League,2026-01-07T19:30:00+00:00,4,Pinnacle,1.5,1.37,3.21,72.99,31.15,4.15
1379174,Everton,Wolves,Premier League,2026-01-07T19:30:00+00:00,4,Pinnacle,1.75,1.46,2.85,68.49,35.09,3.58
1379174,Everton,Wolves,Premier League,2026-01-07T19:30:00+00:00,4,Pinnacle,2.0,1.6,2.45,62.5,40.82,3.32
1379174,Everton,Wolves,Premier League,2026-01-07T19:30:00+00:00,4,Pinnacle,2.25,1.87,2.02,53.48,49.5,2.98
1379174,Everton,Wolves,Premier League,2026-01-07T19:30:00+00:00,4,Pinnacle,2.5,2.12,1.77,47.17,56.5,3.67
1379174,Everton,Wolves,Premier League,2026-01-07T19:30:00+00:00,4,Pinnacle,2.75,2.46,1.59,40.65,62.89,3.54
1379174,Everton,Wolves,Premier League,2026-01-07T19:30:00+00:00,4,Pinnacle,1.25,1.24,4.31,80.65,23.2,3.85
1379174,Everton,Wolves,Premier League,2026-01-07T19:30:00+00:00,4,Pinnacle,3.0,3.06,1.4,32.68,71.43,4.11
1379174,Everton,Wolves,Premier League,2026-01-07T19:30:00+00:00,4,Pinnacle,3.25,3.44,1.33,29.07,75.19,4.26
1379174,Everton,Wolves,Premier League,2026-01-07T19:30:00+00:00,5,SBO,2.0,1.57,2.4,63.69,41.67,5.36
1379174,Everton,Wolves,Premier League,2026-01-07T19:30:00+00:00,5,SBO,2.25,1.81,2.05,55.25,48.78,4.03
1379174,Everton,Wolves,Premier League,2026-01-07T19:30:00+00:00,5,SBO,2.5,2.11,1.76,47.39,56.82,4.21
1379174,Everton,Wolves,Premier League,2026-01-07T19:30:00+00:00,11,1xBet,1.5,1.32,3.04,75.76,32.89,8.65
1379174,Everton,Wolves,Premier League,2026-01-07T19:30:00+00:00,11,1xBet,1.75,1.41,2.69,70.92,37.17,8.1
1379174,Everton,Wolves,Premier League,2026-01-07T19:30:00+00:00,11,1xBet,2.0,1.54,2.35,64.94,42.55,7.49
1379174,Everton,Wolves,Premier League,2026-01-07T19:30:00+00:00,11,1xBet,2.25,1.8,1.95,55.56,51.28,6.84
1379174,Everton,Wolves,Premier League,2026-01-07T19:30:00+00:00,11,1xBet,2.5,2.15,1.81,46.51,55.25,1.76
1379174,Everton,Wolves,Premier League,2026-01-07T19:30:00+00:00,11,1xBet,2.75,2.36,1.55,42.37,64.52,6.89
1379174,Everton,Wolves,Premier League,2026-01-07T19:30:00+00:00,11,1xBet,3.5,3.56,1.24,28.09,80.65,8.74
1379174,Everton,Wolves,Premier League,2026-01-07T19:30:00+00:00,11,1xBet,0.5,1.02,8.1,98.04,12.35,10.38
1379174,Everton,Wolves,Premier League,2026-01-07T19:30:00+00:00,11,1xBet,0.75,1.03,7.4,97.09,13.51,10.6
1379174,Everton,Wolves,Premier League,2026-01-07T19:30:00+00:00,11,1xBet,1.0,1.05,6.9,95.24,14.49,9.73
1379174,Everton,Wolves,Premier League,2026-01-07T19:30:00+00:00,11,1xBet,1.25,1.18,4.05,84.75,24.69,9.44
1379174,Everton,Wolves,Premier League,2026-01-07T19:30:00+00:00,11,1xBet,3.0,2.92,1.36,34.25,73.53,7.78
1379174,Everton,Wolves,Premier League,2026-01-07T19:30:00+00:00,11,1xBet,4.5,6.85,1.04,14.6,96.15,10.75
1379174,Everton,Wolves,Premier League,2026-01-07T19:30:00+00:00,11,1xBet,3.25,3.26,1.29,30.67,77.52,8.19
1379174,Everton,Wolves,Premier League,2026-01-07T19:30:00+00:00,11,1xBet,3.75,4.45,1.15,22.47,86.96,9.43
1379174,Everton,Wolves,Premier League,2026-01-07T19:30:00+00:00,11,1xBet,4.0,6.15,1.07,16.26,93.46,9.72
1379174,Everton,Wolves,Premier League,2026-01-07T19:30:00+00:00,11,1xBet,4.25,6.5,1.05,15.38,95.24,10.62
1379174,Everton,Wolves,Premier League,2026-01-07T19:30:00+00:00,11,1xBet,5.0,12.5,1.03,8.0,97.09,5.09
1379174,Everton,Wolves,Premier League,2026-01-07T19:30:00+00:00,11,1xBet,5.5,15.5,1.01,6.45,99.01,5.46
1379174,Everton,Wolves,Premier League,2026-01-07T19:30:00+00:00,11,1xBet,6.5,29.0,1.01,3.45,99.01,2.46
1379174,Everton,Wolves,Premier League,2026-01-07T19:30:00+00:00,32,Betano,1.5,1.38,3.15,72.46,31.75,4.21
1379174,Everton,Wolves,Premier League,2026-01-07T19:30:00+00:00,32,Betano,1.75,1.47,2.8,68.03,35.71,3.74
1379174,Everton,Wolves,Premier League,2026-01-07T19:30:00+00:00,32,Betano,2.0,1.6,2.42,62.5,41.32,3.82
1379174,Everton,Wolves,Premier League,2026-01-07T19:30:00+00:00,32,Betano,2.25,1.87,1.98,53.48,50.51,3.98
1379174,Everton,Wolves,Premier League,2026-01-07T19:30:00+00:00,32,Betano,2.5,2.12,1.75,47.17,57.14,4.31
1379174,Everton,Wolves,Premier League,2026-01-07T19:30:00+00:00,32,Betano,2.75,2.47,1.57,40.49,63.69,4.18
1379174,Everton,Wolves,Premier League,2026-01-07T19:30:00+00:00,32,Betano,3.5,3.7,1.28,27.03,78.12,5.15
1379174,Everton,Wolves,Premier League,2026-01-07T19:30:00+00:00,32,Betano,0.5,1.08,7.9,92.59,12.66,5.25
1379174,Everton,Wolves,Premier League,2026-01-07T19:30:00+00:00,32,Betano,3.0,3.05,1.4,32.79,71.43,4.22
1379174,Everton,Wolves,Premier League,2026-01-07T19:30:00+00:00,32,Betano,4.5,7.0,1.1,14.29,90.91,5.19
1379174,Everton,Wolves,Premier League,2026-01-07T19:30:00+00:00,32,Betano,5.5,12.0,1.03,8.33,97.09,5.42
1379174,Everton,Wolves,Premier League,2026-01-07T19:30:00+00:00,32,Betano,6.5,16.5,1.01,6.06,99.01,5.07
1379174,Everton,Wolves,Premier League,2026-01-07T19:30:00+00:00,34,Superbet,1.5,1.36,3.2,73.53,31.25,4.78
1379174,Everton,Wolves,Premier League,2026-01-07T19:30:00+00:00,34,Superbet,2.5,2.1,1.74,47.62,57.47,5.09
1379174,Everton,Wolves,Premier League,2026-01-07T19:30:00+00:00,34,Superbet,3.5,3.75,1.28,26.67,78.12,4.79
1379174,Everton,Wolves,Premier League,2026-01-07T19:30:00+00:00,34,Superbet,0.5,1.07,8.7,93.46,11.49,4.95
1379174,Everton,Wolves,Premier League,2026-01-07T19:30:00+00:00,34,Superbet,4.5,7.6,1.09,13.16,91.74,4.9
1379174,Everton,Wolves,Premier League,2026-01-07T19:30:00+00:00,34,Superbet,5.5,17.0,1.02,5.88,98.04,3.92
1379174,Everton,Wolves,Premier League,2026-01-07T19:30:00+00:00,34,Superbet,6.5,39.0,1.01,2.56,99.01,1.57
