fixture_id,bookmaker_id,bookmaker,line,over_odds,under_odds,source,event_id,match,league,starts_at,side,odds_american,odds_decimal
1378047.0,1,10Bet,1.5,1.44,2.75,API-FOOTBALL,,,,,,,
1378047.0,1,10Bet,2.5,2.3,1.6,API-FOOTBALL,,,,,,,
1378047.0,1,10Bet,3.5,4.33,1.2,API-FOOTBALL,,,,,,,
1378047.0,1,10Bet,0.5,1.09,7.0,API-FOOTBALL,,,,,,,
1378047.0,1,10Bet,4.5,8.5,1.06,API-FOOTBALL,,,,,,,
1378047.0,1,10Bet,1.5,3.2,1.3,API-FOOTBALL,,,,,,,
1378047.0,1,10Bet,2.5,8.0,1.05,API-FOOTBALL,,,,,,,
1378047.0,1,10Bet,0.5,1.48,2.45,API-FOOTBALL,,,,,,,
1378047.0,1,10Bet,1.5,2.4,1.5,API-FOOTBALL,,,,,,,
1378047.0,1,10Bet,2.5,5.5,1.11,API-FOOTBALL,,,,,,,
1378047.0,1,10Bet,0.5,1.3,3.2,API-FOOTBALL,,,,,,,
1378047.0,7,William Hill,1.5,3.1,1.33,API-FOOTBALL,,,,,,,
1378047.0,7,William Hill,2.5,9.0,1.06,API-FOOTBALL,,,,,,,
1378047.0,7,William Hill,0.5,1.44,2.62,API-FOOTBALL,,,,,,,
1378047.0,7,William Hill,1.5,2.5,1.44,API-FOOTBALL,,,,,,,
1378047.0,7,William Hill,2.5,6.0,1.11,API-FOOTBALL,,,,,,,
1378047.0,7,William Hill,3.5,17.0,1.02,API-FOOTBALL,,,,,,,
1378047.0,7,William Hill,0.5,1.35,3.0,API-FOOTBALL,,,,,,,
1378047.0,8,Bet365,1.5,1.44,2.75,API-FOOTBALL,,,,,,,
1378047.0,8,Bet365,2.5,2.3,1.62,API-FOOTBALL,,,,,,,
1378047.0,8,Bet365,3.5,4.33,1.22,API-FOOTBALL,,,,,,,
1378047.0,8,Bet365,0.5,1.08,8.0,API-FOOTBALL,,,,,,,
1378047.0,8,Bet365,4.5,9.0,1.07,API-FOOTBALL,,,,,,,
1378047.0,8,Bet365,5.5,19.0,1.02,API-FOOTBALL,,,,,,,
1378047.0,8,Bet365,6.5,41.0,1.0,API-FOOTBALL,,,,,,,
1378047.0,8,Bet365,1.5,3.4,1.3,API-FOOTBALL,,,,,,,
1378047.0,8,Bet365,2.5,10.0,1.06,API-FOOTBALL,,,,,,,
1378047.0,8,Bet365,3.5,26.0,1.01,API-FOOTBALL,,,,,,,
1378047.0,8,Bet365,0.5,1.5,2.5,API-FOOTBALL,,,,,,,
1378047.0,8,Bet365,1.5,2.5,1.5,API-FOOTBALL,,,,,,,
1378047.0,8,Bet365,2.5,6.0,1.12,API-FOOTBALL,,,,,,,
1378047.0,8,Bet365,3.5,17.0,1.02,API-FOOTBALL,,,,,,,
1378047.0,8,Bet365,0.5,1.3,3.4,API-FOOTBALL,,,,,,,
1378047.0,8,Bet365,3.5,1.8,1.91,API-FOOTBALL,,,,,,,
1378047.0,8,Bet365,5.5,1.83,1.83,API-FOOTBALL,,,,,,,
1378047.0,8,Bet365,3.5,1.62,2.2,API-FOOTBALL,,,,,,,
1378047.0,8,Bet365,4.5,1.95,1.85,API-FOOTBALL,,,,,,,
1378047.0,8,Bet365,4.0,1.92,1.88,API-FOOTBALL,,,,,,,
1378047.0,2,Marathonbet,1.5,1.45,2.81,API-FOOTBALL,,,,,,,
1378047.0,2,Marathonbet,1.75,1.54,2.39,API-FOOTBALL,,,,,,,
1378047.0,2,Marathonbet,2.0,1.73,2.02,API-FOOTBALL,,,,,,,
1378047.0,2,Marathonbet,2.25,2.01,1.72,API-FOOTBALL,,,,,,,
1378047.0,2,Marathonbet,2.5,2.27,1.55,API-FOOTBALL,,,,,,,
1378047.0,2,Marathonbet,2.75,2.69,1.39,API-FOOTBALL,,,,,,,
1378047.0,2,Marathonbet,3.5,4.3,1.15,API-FOOTBALL,,,,,,,
1378047.0,2,Marathonbet,0.5,1.05,7.5,API-FOOTBALL,,,,,,,
1378047.0,2,Marathonbet,0.75,1.07,6.85,API-FOOTBALL,,,,,,,
1378047.0,2,Marathonbet,1.0,1.1,6.15,API-FOOTBALL,,,,,,,
1378047.0,2,Marathonbet,1.25,1.27,3.56,API-FOOTBALL,,,,,,,
1378047.0,2,Marathonbet,3.0,3.52,1.23,API-FOOTBALL,,,,,,,
1378047.0,2,Marathonbet,4.5,9.0,1.0,API-FOOTBALL,,,,,,,
1378047.0,2,Marathonbet,3.25,3.9,1.18,API-FOOTBALL,,,,,,,
1378047.0,2,Marathonbet,3.75,5.5,1.08,API-FOOTBALL,,,,,,,
1378047.0,2,Marathonbet,4.0,8.2,1.02,API-FOOTBALL,,,,,,,
1378047.0,2,Marathonbet,4.25,8.7,1.01,API-FOOTBALL,,,,,,,
1378047.0,2,Marathonbet,1.5,3.44,1.28,API-FOOTBALL,,,,,,,
1378047.0,2,Marathonbet,2.0,8.3,1.04,API-FOOTBALL,,,,,,,
1378047.0,2,Marathonbet,2.5,9.6,1.01,API-FOOTBALL,,,,,,,
1378047.0,2,Marathonbet,0.5,1.52,2.42,API-FOOTBALL,,,,,,,
1378047.0,2,Marathonbet,1.0,2.28,1.61,API-FOOTBALL,,,,,,,
1378047.0,2,Marathonbet,1.5,2.47,1.5,API-FOOTBALL,,,,,,,
1378047.0,2,Marathonbet,2.0,4.75,1.15,API-FOOTBALL,,,,,,,
1378047.0,2,Marathonbet,2.5,5.9,1.08,API-FOOTBALL,,,,,,,
1378047.0,2,Marathonbet,0.5,1.31,3.24,API-FOOTBALL,,,,,,,
1378047.0,2,Marathonbet,1.0,1.66,2.19,API-FOOTBALL,,,,,,,
1378047.0,16,Unibet,1.5,1.41,2.8,API-FOOTBALL,,,,,,,
1378047.0,16,Unibet,1.75,1.55,2.45,API-FOOTBALL,,,,,,,
1378047.0,16,Unibet,2.0,1.75,2.07,API-FOOTBALL,,,,,,,
1378047.0,16,Unibet,2.25,2.07,1.75,API-FOOTBALL,,,,,,,
1378047.0,16,Unibet,2.5,2.35,1.56,API-FOOTBALL,,,,,,,
1378047.0,16,Unibet,2.75,2.85,1.42,API-FOOTBALL,,,,,,,
1378047.0,16,Unibet,3.5,4.6,1.18,API-FOOTBALL,,,,,,,
1378047.0,16,Unibet,0.5,1.07,8.0,API-FOOTBALL,,,,,,,
1378047.0,16,Unibet,3.0,3.75,1.27,API-FOOTBALL,,,,,,,
1378047.0,16,Unibet,4.5,10.5,1.03,API-FOOTBALL,,,,,,,
1378047.0,16,Unibet,1.5,3.15,1.3,API-FOOTBALL,,,,,,,
1378047.0,16,Unibet,2.5,8.5,1.03,API-FOOTBALL,,,,,,,
1378047.0,16,Unibet,0.5,1.43,2.55,API-FOOTBALL,,,,,,,
1378047.0,16,Unibet,0.75,1.64,2.15,API-FOOTBALL,,,,,,,
1378047.0,16,Unibet,1.0,2.08,1.68,API-FOOTBALL,,,,,,,
1378047.0,16,Unibet,1.25,2.65,1.44,API-FOOTBALL,,,,,,,
1378047.0,16,Unibet,1.5,2.55,1.46,API-FOOTBALL,,,,,,,
1378047.0,16,Unibet,2.5,6.1,1.1,API-FOOTBALL,,,,,,,
1378047.0,16,Unibet,0.5,1.33,3.1,API-FOOTBALL,,,,,,,
1378047.0,16,Unibet,1.5,1.11,5.3,API-FOOTBALL,,,,,,,
1378047.0,16,Unibet,2.5,1.36,2.85,API-FOOTBALL,,,,,,,
1378047.0,16,Unibet,3.5,1.81,1.87,API-FOOTBALL,,,,,,,
1378047.0,16,Unibet,4.5,2.55,1.43,API-FOOTBALL,,,,,,,
1378047.0,16,Unibet,5.5,3.8,1.21,API-FOOTBALL,,,,,,,
1378047.0,16,Unibet,6.5,5.75,1.09,API-FOOTBALL,,,,,,,
1378047.0,16,Unibet,2.5,1.09,5.8,API-FOOTBALL,,,,,,,
1378047.0,16,Unibet,3.5,1.26,3.4,API-FOOTBALL,,,,,,,
1378047.0,16,Unibet,8.5,5.2,1.11,API-FOOTBALL,,,,,,,
1378047.0,16,Unibet,9.5,7.0,1.05,API-FOOTBALL,,,,,,,
1378047.0,16,Unibet,4.5,1.53,2.3,API-FOOTBALL,,,,,,,
1378047.0,16,Unibet,7.5,3.7,1.22,API-FOOTBALL,,,,,,,
1378047.0,16,Unibet,5.5,1.98,1.72,API-FOOTBALL,,,,,,,
1378047.0,16,Unibet,6.5,2.65,1.4,API-FOOTBALL,,,,,,,
1378047.0,16,Unibet,2.5,1.18,4.1,API-FOOTBALL,,,,,,,
1378047.0,16,Unibet,3.5,1.47,2.45,API-FOOTBALL,,,,,,,
1378047.0,16,Unibet,4.5,1.97,1.72,API-FOOTBALL,,,,,,,
1378047.0,16,Unibet,7.5,6.25,1.08,API-FOOTBALL,,,,,,,
1378047.0,16,Unibet,5.5,2.8,1.36,API-FOOTBALL,,,,,,,
1378047.0,16,Unibet,6.5,4.2,1.18,API-FOOTBALL,,,,,,,
1378047.0,3,Betfair,1.5,1.44,2.7,API-FOOTBALL,,,,,,,
1378047.0,3,Betfair,2.5,2.45,1.53,API-FOOTBALL,,,,,,,
1378047.0,3,Betfair,3.5,4.5,1.2,API-FOOTBALL,,,,,,,
1378047.0,3,Betfair,0.5,1.07,8.0,API-FOOTBALL,,,,,,,
1378047.0,3,Betfair,4.5,10.0,1.05,API-FOOTBALL,,,,,,,
1378047.0,3,Betfair,1.5,3.3,1.29,API-FOOTBALL,,,,,,,
1378047.0,3,Betfair,2.5,9.0,1.03,API-FOOTBALL,,,,,,,
1378047.0,3,Betfair,0.5,1.45,2.55,API-FOOTBALL,,,,,,,
1378047.0,13,188Bet,2.25,2.08,1.82,API-FOOTBALL,,,,,,,
1378047.0,13,188Bet,0.75,1.75,2.15,API-FOOTBALL,,,,,,,
1378047.0,4,Pinnacle,1.5,1.44,2.88,API-FOOTBALL,,,,,,,
1378047.0,4,Pinnacle,1.75,1.56,2.53,API-FOOTBALL,,,,,,,
1378047.0,4,Pinnacle,2.0,1.76,2.14,API-FOOTBALL,,,,,,,
1378047.0,4,Pinnacle,2.25,2.09,1.82,API-FOOTBALL,,,,,,,
1378047.0,4,Pinnacle,2.5,2.38,1.62,API-FOOTBALL,,,,,,,
1378047.0,4,Pinnacle,2.75,2.83,1.46,API-FOOTBALL,,,,,,,
1378047.0,4,Pinnacle,1.25,1.28,3.8,API-FOOTBALL,,,,,,,
1378047.0,4,Pinnacle,3.0,3.68,1.3,API-FOOTBALL,,,,,,,
1378047.0,4,Pinnacle,3.25,4.11,1.25,API-FOOTBALL,,,,,,,
1378047.0,4,Pinnacle,0.5,1.5,2.61,API-FOOTBALL,,,,,,,
1378047.0,4,Pinnacle,0.75,1.73,2.15,API-FOOTBALL,,,,,,,
1378047.0,4,Pinnacle,1.0,2.25,1.65,API-FOOTBALL,,,,,,,
1378047.0,4,Pinnacle,1.25,2.88,1.42,API-FOOTBALL,,,,,,,
1378047.0,4,Pinnacle,3.5,1.81,1.95,API-FOOTBALL,,,,,,,
1378047.0,4,Pinnacle,5.5,1.89,1.88,API-FOOTBALL,,,,,,,
1378047.0,4,Pinnacle,4.0,1.74,2.11,API-FOOTBALL,,,,,,,
1378047.0,5,SBO,1.75,1.54,2.47,API-FOOTBALL,,,,,,,
1378047.0,5,SBO,2.0,1.76,2.11,API-FOOTBALL,,,,,,,
1378047.0,5,SBO,2.25,2.04,1.82,API-FOOTBALL,,,,,,,
1378047.0,5,SBO,2.5,2.35,1.6,API-FOOTBALL,,,,,,,
1378047.0,5,SBO,0.5,1.5,2.56,API-FOOTBALL,,,,,,,
1378047.0,5,SBO,0.75,1.75,2.12,API-FOOTBALL,,,,,,,
1378047.0,5,SBO,1.0,2.28,1.64,API-FOOTBALL,,,,,,,
1378047.0,11,1xBet,1.5,1.45,2.81,API-FOOTBALL,,,,,,,
1378047.0,11,1xBet,1.75,1.54,2.39,API-FOOTBALL,,,,,,,
1378047.0,11,1xBet,2.0,1.73,2.02,API-FOOTBALL,,,,,,,
1378047.0,11,1xBet,2.25,2.01,1.72,API-FOOTBALL,,,,,,,
1378047.0,11,1xBet,2.5,2.43,1.66,API-FOOTBALL,,,,,,,
1378047.0,11,1xBet,2.75,2.69,1.39,API-FOOTBALL,,,,,,,
1378047.0,11,1xBet,3.5,4.3,1.15,API-FOOTBALL,,,,,,,
1378047.0,11,1xBet,0.5,1.05,7.5,API-FOOTBALL,,,,,,,
1378047.0,11,1xBet,0.75,1.07,6.85,API-FOOTBALL,,,,,,,
1378047.0,11,1xBet,1.0,1.1,6.15,API-FOOTBALL,,,,,,,
1378047.0,11,1xBet,1.25,1.27,3.56,API-FOOTBALL,,,,,,,
1378047.0,11,1xBet,3.0,3.52,1.23,API-FOOTBALL,,,,,,,
1378047.0,11,1xBet,4.5,9.0,1.0,API-FOOTBALL,,,,,,,
1378047.0,11,1xBet,3.25,3.9,1.18,API-FOOTBALL,,,,,,,
1378047.0,11,1xBet,3.75,5.5,1.08,API-FOOTBALL,,,,,,,
1378047.0,11,1xBet,4.0,8.2,1.02,API-FOOTBALL,,,,,,,
1378047.0,11,1xBet,4.25,8.7,1.01,API-FOOTBALL,,,,,,,
1378047.0,11,1xBet,5.0,15.5,1.01,API-FOOTBALL,,,,,,,
1378047.0,11,1xBet,5.5,19.0,1.01,API-FOOTBALL,,,,,,,
1378047.0,11,1xBet,6.5,41.0,1.0,API-FOOTBALL,,,,,,,
1378047.0,11,1xBet,1.5,3.44,1.28,API-FOOTBALL,,,,,,,
1378047.0,11,1xBet,1.75,4.7,1.16,API-FOOTBALL,,,,,,,
1378047.0,11,1xBet,2.0,8.3,1.04,API-FOOTBALL,,,,,,,
1378047.0,11,1xBet,2.25,8.9,1.02,API-FOOTBALL,,,,,,,
1378047.0,11,1xBet,2.5,9.6,1.01,API-FOOTBALL,,,,,,,
1378047.0,11,1xBet,3.5,29.0,1.01,API-FOOTBALL,,,,,,,
1378047.0,11,1xBet,0.5,1.52,2.42,API-FOOTBALL,,,,,,,
1378047.0,11,1xBet,0.75,1.75,2.02,API-FOOTBALL,,,,,,,
1378047.0,11,1xBet,1.0,2.28,1.61,API-FOOTBALL,,,,,,,
1378047.0,11,1xBet,1.25,2.84,1.4,API-FOOTBALL,,,,,,,
1378047.0,11,1xBet,1.5,2.47,1.5,API-FOOTBALL,,,,,,,
1378047.0,11,1xBet,1.75,3.12,1.32,API-FOOTBALL,,,,,,,
1378047.0,11,1xBet,2.0,4.75,1.15,API-FOOTBALL,,,,,,,
1378047.0,11,1xBet,2.25,5.35,1.11,API-FOOTBALL,,,,,,,
1378047.0,11,1xBet,2.5,5.9,1.08,API-FOOTBALL,,,,,,,
1378047.0,11,1xBet,3.5,17.0,1.02,API-FOOTBALL,,,,,,,
1378047.0,11,1xBet,0.5,1.31,3.24,API-FOOTBALL,,,,,,,
1378047.0,11,1xBet,0.75,1.43,2.73,API-FOOTBALL,,,,,,,
1378047.0,11,1xBet,1.0,1.66,2.19,API-FOOTBALL,,,,,,,
1378047.0,11,1xBet,1.25,2.07,1.72,API-FOOTBALL,,,,,,,
1378047.0,11,1xBet,2.5,1.32,3.0,API-FOOTBALL,,,,,,,
1378047.0,11,1xBet,3.5,1.72,2.0,API-FOOTBALL,,,,,,,
1378047.0,11,1xBet,3.0,1.43,2.55,API-FOOTBALL,,,,,,,
1378047.0,11,1xBet,4.5,2.34,1.5,API-FOOTBALL,,,,,,,
1378047.0,11,1xBet,4.0,2.01,1.68,API-FOOTBALL,,,,,,,
1378047.0,11,1xBet,5.0,3.02,1.31,API-FOOTBALL,,,,,,,
1378047.0,11,1xBet,5.5,3.41,1.25,API-FOOTBALL,,,,,,,
1378047.0,11,1xBet,4.5,1.43,2.55,API-FOOTBALL,,,,,,,
1378047.0,11,1xBet,4.0,1.28,3.2,API-FOOTBALL,,,,,,,
1378047.0,11,1xBet,5.0,1.56,2.22,API-FOOTBALL,,,,,,,
1378047.0,11,1xBet,7.5,3.18,1.28,API-FOOTBALL,,,,,,,
1378047.0,11,1xBet,5.5,1.81,1.9,API-FOOTBALL,,,,,,,
1378047.0,11,1xBet,6.5,2.34,1.5,API-FOOTBALL,,,,,,,
1378047.0,11,1xBet,6.0,2.06,1.65,API-FOOTBALL,,,,,,,
1378047.0,11,1xBet,7.0,2.87,1.34,API-FOOTBALL,,,,,,,
1378047.0,11,1xBet,3.5,1.62,2.2,API-FOOTBALL,,,,,,,
1378047.0,11,1xBet,4.5,1.83,1.83,API-FOOTBALL,,,,,,,
1378047.0,32,Betano,1.5,1.45,2.85,API-FOOTBALL,,,,,,,
1378047.0,32,Betano,1.75,1.57,2.5,API-FOOTBALL,,,,,,,
1378047.0,32,Betano,2.0,1.75,2.12,API-FOOTBALL,,,,,,,
1378047.0,32,Betano,2.25,2.05,1.82,API-FOOTBALL,,,,,,,
1378047.0,32,Betano,2.5,2.35,1.62,API-FOOTBALL,,,,,,,
1378047.0,32,Betano,2.75,2.77,1.47,API-FOOTBALL,,,,,,,
1378047.0,32,Betano,3.5,4.25,1.23,API-FOOTBALL,,,,,,,
1378047.0,32,Betano,0.5,1.1,7.2,API-FOOTBALL,,,,,,,
1378047.0,32,Betano,1.25,1.31,3.65,API-FOOTBALL,,,,,,,
1378047.0,32,Betano,3.0,3.6,1.31,API-FOOTBALL,,,,,,,
1378047.0,32,Betano,4.5,8.25,1.08,API-FOOTBALL,,,,,,,
1378047.0,32,Betano,5.5,14.0,1.03,API-FOOTBALL,,,,,,,
1378047.0,32,Betano,1.5,3.15,1.36,API-FOOTBALL,,,,,,,
1378047.0,32,Betano,2.5,7.4,1.08,API-FOOTBALL,,,,,,,
1378047.0,32,Betano,3.5,13.5,1.02,API-FOOTBALL,,,,,,,
1378047.0,32,Betano,0.5,1.5,2.62,API-FOOTBALL,,,,,,,
1378047.0,32,Betano,0.75,1.7,2.18,API-FOOTBALL,,,,,,,
1378047.0,32,Betano,1.0,2.1,1.75,API-FOOTBALL,,,,,,,
1378047.0,32,Betano,1.25,2.62,1.5,API-FOOTBALL,,,,,,,
1378047.0,32,Betano,1.5,2.55,1.5,API-FOOTBALL,,,,,,,
1378047.0,32,Betano,2.5,5.7,1.13,API-FOOTBALL,,,,,,,
1378047.0,32,Betano,0.5,1.35,3.15,API-FOOTBALL,,,,,,,
1378047.0,32,Betano,2.5,1.22,4.0,API-FOOTBALL,,,,,,,
1378047.0,32,Betano,3.5,1.5,2.5,API-FOOTBALL,,,,,,,
1378047.0,32,Betano,4.5,1.98,1.8,API-FOOTBALL,,,,,,,
1378047.0,32,Betano,4.0,1.91,1.87,API-FOOTBALL,,,,,,,
1378047.0,32,Betano,5.5,2.72,1.42,API-FOOTBALL,,,,,,,
1378047.0,32,Betano,6.5,3.95,1.22,API-FOOTBALL,,,,,,,
1378047.0,34,Superbet,1.5,1.44,2.8,API-FOOTBALL,,,,,,,
1378047.0,34,Superbet,2.5,2.35,1.6,API-FOOTBALL,,,,,,,
1378047.0,34,Superbet,3.5,4.45,1.21,API-FOOTBALL,,,,,,,
1378047.0,34,Superbet,0.5,1.09,7.6,API-FOOTBALL,,,,,,,
1378047.0,34,Superbet,4.5,9.2,1.06,API-FOOTBALL,,,,,,,
1378047.0,34,Superbet,5.5,21.0,1.02,API-FOOTBALL,,,,,,,
1378047.0,34,Superbet,6.5,50.0,1.0,API-FOOTBALL,,,,,,,
1378047.0,34,Superbet,1.5,3.4,1.32,API-FOOTBALL,,,,,,,
1378047.0,34,Superbet,2.5,9.5,1.06,API-FOOTBALL,,,,,,,
1378047.0,34,Superbet,3.5,29.0,1.01,API-FOOTBALL,,,,,,,
1378047.0,34,Superbet,0.5,1.52,2.55,API-FOOTBALL,,,,,,,
1378047.0,34,Superbet,1.5,2.57,1.52,API-FOOTBALL,,,,,,,
1378047.0,34,Superbet,2.5,6.1,1.13,API-FOOTBALL,,,,,,,
1378047.0,34,Superbet,3.5,17.0,1.02,API-FOOTBALL,,,,,,,
1378047.0,34,Superbet,0.5,1.34,3.25,API-FOOTBALL,,,,,,,
1378047.0,34,Superbet,4.5,50.0,1.0,API-FOOTBALL,,,,,,,
1378047.0,34,Superbet,1.5,1.12,5.55,API-FOOTBALL,,,,,,,
1378047.0,34,Superbet,2.5,1.37,2.95,API-FOOTBALL,,,,,,,
1378047.0,34,Superbet,3.5,1.8,1.95,API-FOOTBALL,,,,,,,
1378047.0,34,Superbet,0.5,1.02,15.0,API-FOOTBALL,,,,,,,
1378047.0,34,Superbet,8.5,14.0,1.02,API-FOOTBALL,,,,,,,
1378047.0,34,Superbet,9.5,23.0,1.01,API-FOOTBALL,,,,,,,
1378047.0,34,Superbet,4.5,2.55,1.48,API-FOOTBALL,,,,,,,
1378047.0,34,Superbet,7.5,8.7,1.05,API-FOOTBALL,,,,,,,
1378047.0,34,Superbet,5.5,3.75,1.24,API-FOOTBALL,,,,,,,
1378047.0,34,Superbet,6.5,5.75,1.12,API-FOOTBALL,,,,,,,
1378047.0,34,Superbet,1.5,1.02,15.0,API-FOOTBALL,,,,,,,
1378047.0,34,Superbet,2.5,1.08,6.8,API-FOOTBALL,,,,,,,
1378047.0,34,Superbet,3.5,1.23,3.9,API-FOOTBALL,,,,,,,
1378047.0,34,Superbet,8.5,4.85,1.16,API-FOOTBALL,,,,,,,
1378047.0,34,Superbet,9.5,7.0,1.08,API-FOOTBALL,,,,,,,
1378047.0,34,Superbet,10.5,10.0,1.04,API-FOOTBALL,,,,,,,
1378047.0,34,Superbet,4.5,1.47,2.57,API-FOOTBALL,,,,,,,
1378047.0,34,Superbet,7.5,3.4,1.29,API-FOOTBALL,,,,,,,
1378047.0,34,Superbet,5.5,1.85,1.88,API-FOOTBALL,,,,,,,
1378047.0,34,Superbet,6.5,2.47,1.5,API-FOOTBALL,,,,,,,
1378047.0,34,Superbet,2.5,1.16,4.2,API-FOOTBALL,,,,,,,
1378047.0,34,Superbet,3.5,1.42,2.62,API-FOOTBALL,,,,,,,
1378047.0,34,Superbet,4.5,1.88,1.85,API-FOOTBALL,,,,,,,
1378047.0,34,Superbet,5.5,2.55,1.44,API-FOOTBALL,,,,,,,
1378047.0,34,Superbet,6.5,3.7,1.21,API-FOOTBALL,,,,,,,
1378051.0,1,10Bet,1.5,1.38,3.0,API-FOOTBALL,,,,,,,
1378051.0,1,10Bet,2.5,2.1,1.73,API-FOOTBALL,,,,,,,
1378051.0,1,10Bet,3.5,3.75,1.25,API-FOOTBALL,,,,,,,
1378051.0,1,10Bet,0.5,1.07,8.0,API-FOOTBALL,,,,,,,
1378051.0,1,10Bet,4.5,7.5,1.08,API-FOOTBALL,,,,,,,
1378051.0,1,10Bet,1.5,2.95,1.35,API-FOOTBALL,,,,,,,
1378051.0,1,10Bet,2.5,7.0,1.07,API-FOOTBALL,,,,,,,
1378051.0,1,10Bet,0.5,1.44,2.6,API-FOOTBALL,,,,,,,
1378051.0,1,10Bet,1.5,2.2,1.6,API-FOOTBALL,,,,,,,
1378051.0,1,10Bet,2.5,4.75,1.15,API-FOOTBALL,,,,,,,
1378051.0,1,10Bet,0.5,1.25,3.55,API-FOOTBALL,,,,,,,
1378051.0,7,William Hill,1.5,2.88,1.36,API-FOOTBALL,,,,,,,
1378051.0,7,William Hill,2.5,7.5,1.08,API-FOOTBALL,,,,,,,
1378051.0,7,William Hill,3.5,23.0,1.02,API-FOOTBALL,,,,,,,
1378051.0,7,William Hill,0.5,1.36,2.8,API-FOOTBALL,,,,,,,
1378051.0,7,William Hill,1.5,2.25,1.57,API-FOOTBALL,,,,,,,
1378051.0,7,William Hill,2.5,5.5,1.12,API-FOOTBALL,,,,,,,
1378051.0,7,William Hill,3.5,15.0,1.03,API-FOOTBALL,,,,,,,
1378051.0,7,William Hill,0.5,1.29,3.4,API-FOOTBALL,,,,,,,
1378051.0,8,Bet365,1.5,1.36,3.2,API-FOOTBALL,,,,,,,
1378051.0,8,Bet365,2.5,2.1,1.73,API-FOOTBALL,,,,,,,
1378051.0,8,Bet365,3.5,4.0,1.25,API-FOOTBALL,,,,,,,
1378051.0,8,Bet365,0.5,1.07,9.0,API-FOOTBALL,,,,,,,
1378051.0,8,Bet365,4.5,8.0,1.08,API-FOOTBALL,,,,,,,
1378051.0,8,Bet365,5.5,17.0,1.02,API-FOOTBALL,,,,,,,
1378051.0,8,Bet365,6.5,34.0,1.0,API-FOOTBALL,,,,,,,
1378051.0,8,Bet365,1.5,3.0,1.36,API-FOOTBALL,,,,,,,
1378051.0,8,Bet365,2.5,9.0,1.07,API-FOOTBALL,,,,,,,
1378051.0,8,Bet365,3.5,23.0,1.01,API-FOOTBALL,,,,,,,
1378051.0,8,Bet365,0.5,1.44,2.62,API-FOOTBALL,,,,,,,
1378051.0,8,Bet365,1.5,2.25,1.57,API-FOOTBALL,,,,,,,
1378051.0,8,Bet365,2.5,5.5,1.14,API-FOOTBALL,,,,,,,
1378051.0,8,Bet365,3.5,15.0,1.03,API-FOOTBALL,,,,,,,
1378051.0,8,Bet365,0.5,1.28,3.5,API-FOOTBALL,,,,,,,
1378051.0,8,Bet365,3.5,2.1,1.67,API-FOOTBALL,,,,,,,
1378051.0,8,Bet365,4.5,1.67,2.1,API-FOOTBALL,,,,,,,
1378051.0,8,Bet365,4.5,1.9,1.9,API-FOOTBALL,,,,,,,
1378051.0,8,Bet365,5.0,1.95,1.85,API-FOOTBALL,,,,,,,
1378051.0,2,Marathonbet,1.5,1.33,3.0,API-FOOTBALL,,,,,,,
1378051.0,2,Marathonbet,1.75,1.42,2.67,API-FOOTBALL,,,,,,,
1378051.0,2,Marathonbet,2.0,1.55,2.34,API-FOOTBALL,,,,,,,
1378051.0,2,Marathonbet,2.25,1.82,1.93,API-FOOTBALL,,,,,,,
1378051.0,2,Marathonbet,2.5,2.11,1.75,API-FOOTBALL,,,,,,,
1378051.0,2,Marathonbet,2.75,2.39,1.54,API-FOOTBALL,,,,,,,
1378051.0,2,Marathonbet,3.5,3.6,1.24,API-FOOTBALL,,,,,,,
1378051.0,2,Marathonbet,0.5,1.02,7.9,API-FOOTBALL,,,,,,,
1378051.0,2,Marathonbet,0.75,1.04,7.3,API-FOOTBALL,,,,,,,
1378051.0,2,Marathonbet,1.0,1.06,6.7,API-FOOTBALL,,,,,,,
1378051.0,2,Marathonbet,1.25,1.19,4.05,API-FOOTBALL,,,,,,,
1378051.0,2,Marathonbet,3.0,2.96,1.36,API-FOOTBALL,,,,,,,
1378051.0,2,Marathonbet,4.5,6.9,1.04,API-FOOTBALL,,,,,,,
1378051.0,2,Marathonbet,3.25,3.3,1.29,API-FOOTBALL,,,,,,,
1378051.0,2,Marathonbet,3.75,4.5,1.15,API-FOOTBALL,,,,,,,
1378051.0,2,Marathonbet,4.0,6.25,1.07,API-FOOTBALL,,,,,,,
1378051.0,2,Marathonbet,4.25,6.55,1.05,API-FOOTBALL,,,,,,,
1378051.0,2,Marathonbet,1.5,3.1,1.36,API-FOOTBALL,,,,,,,
1378051.0,2,Marathonbet,2.0,6.85,1.08,API-FOOTBALL,,,,,,,
1378051.0,2,Marathonbet,2.5,8.0,1.05,API-FOOTBALL,,,,,,,
1378051.0,2,Marathonbet,0.5,1.48,2.62,API-FOOTBALL,,,,,,,
1378051.0,2,Marathonbet,1.0,2.08,1.77,API-FOOTBALL,,,,,,,
1378051.0,2,Marathonbet,1.5,2.29,1.64,API-FOOTBALL,,,,,,,
1378051.0,2,Marathonbet,2.0,3.98,1.24,API-FOOTBALL,,,,,,,
1378051.0,2,Marathonbet,2.5,5.1,1.15,API-FOOTBALL,,,,,,,
1378051.0,2,Marathonbet,0.5,1.27,3.55,API-FOOTBALL,,,,,,,
1378051.0,2,Marathonbet,1.0,1.53,2.48,API-FOOTBALL,,,,,,,
1378051.0,16,Unibet,1.5,1.33,3.2,API-FOOTBALL,,,,,,,
1378051.0,16,Unibet,1.75,1.43,2.8,API-FOOTBALL,,,,,,,
1378051.0,16,Unibet,2.0,1.57,2.4,API-FOOTBALL,,,,,,,
1378051.0,16,Unibet,2.25,1.84,1.95,API-FOOTBALL,,,,,,,
1378051.0,16,Unibet,2.5,2.1,1.71,API-FOOTBALL,,,,,,,
1378051.0,16,Unibet,2.75,2.48,1.55,API-FOOTBALL,,,,,,,
1378051.0,16,Unibet,3.5,3.9,1.24,API-FOOTBALL,,,,,,,
1378051.0,16,Unibet,0.5,1.05,9.0,API-FOOTBALL,,,,,,,
1378051.0,16,Unibet,3.0,3.15,1.37,API-FOOTBALL,,,,,,,
1378051.0,16,Unibet,4.5,8.5,1.06,API-FOOTBALL,,,,,,,
1378051.0,16,Unibet,3.25,3.5,1.3,API-FOOTBALL,,,,,,,
1378051.0,16,Unibet,1.5,2.88,1.35,API-FOOTBALL,,,,,,,
1378051.0,16,Unibet,2.5,7.0,1.05,API-FOOTBALL,,,,,,,
1378051.0,16,Unibet,0.5,1.37,2.8,API-FOOTBALL,,,,,,,
1378051.0,16,Unibet,0.75,1.55,2.33,API-FOOTBALL,,,,,,,
1378051.0,16,Unibet,1.0,1.89,1.84,API-FOOTBALL,,,,,,,
1378051.0,16,Unibet,1.25,2.4,1.52,API-FOOTBALL,,,,,,,
1378051.0,16,Unibet,1.5,2.32,1.55,API-FOOTBALL,,,,,,,
1378051.0,16,Unibet,2.5,5.4,1.12,API-FOOTBALL,,,,,,,
1378051.0,16,Unibet,0.5,1.27,3.4,API-FOOTBALL,,,,,,,
1378051.0,16,Unibet,1.5,1.18,4.1,API-FOOTBALL,,,,,,,
1378051.0,16,Unibet,2.5,1.54,2.28,API-FOOTBALL,,,,,,,
1378051.0,16,Unibet,3.5,2.2,1.58,API-FOOTBALL,,,,,,,
1378051.0,16,Unibet,4.5,3.35,1.27,API-FOOTBALL,,,,,,,
1378051.0,16,Unibet,5.5,5.2,1.11,API-FOOTBALL,,,,,,,
1378051.0,16,Unibet,6.5,8.0,1.03,API-FOOTBALL,,,,,,,
1378051.0,16,Unibet,2.5,1.15,4.5,API-FOOTBALL,,,,,,,
1378051.0,16,Unibet,3.5,1.38,2.75,API-FOOTBALL,,,,,,,
1378051.0,16,Unibet,8.5,7.0,1.05,API-FOOTBALL,,,,,,,
1378051.0,16,Unibet,4.5,1.76,1.93,API-FOOTBALL,,,,,,,
1378051.0,16,Unibet,7.5,4.8,1.13,API-FOOTBALL,,,,,,,
1378051.0,16,Unibet,5.5,2.38,1.5,API-FOOTBALL,,,,,,,
1378051.0,16,Unibet,6.5,3.35,1.27,API-FOOTBALL,,,,,,,
1378051.0,16,Unibet,1.5,1.09,5.8,API-FOOTBALL,,,,,,,
1378051.0,16,Unibet,2.5,1.15,4.5,API-FOOTBALL,,,,,,,
1378051.0,16,Unibet,3.5,1.4,2.7,API-FOOTBALL,,,,,,,
1378051.0,16,Unibet,4.5,1.85,1.83,API-FOOTBALL,,,,,,,
1378051.0,16,Unibet,7.5,5.6,1.1,API-FOOTBALL,,,,,,,
1378051.0,16,Unibet,5.5,2.6,1.43,API-FOOTBALL,,,,,,,
1378051.0,16,Unibet,6.5,3.8,1.21,API-FOOTBALL,,,,,,,
1378051.0,3,Betfair,1.5,1.36,3.1,API-FOOTBALL,,,,,,,
1378051.0,3,Betfair,2.5,2.15,1.67,API-FOOTBALL,,,,,,,
1378051.0,3,Betfair,3.5,4.1,1.22,API-FOOTBALL,,,,,,,
1378051.0,3,Betfair,0.5,1.06,9.0,API-FOOTBALL,,,,,,,
1378051.0,3,Betfair,4.5,8.0,1.07,API-FOOTBALL,,,,,,,
1378051.0,3,Betfair,5.5,17.0,1.01,API-FOOTBALL,,,,,,,
1378051.0,3,Betfair,1.5,3.0,1.33,API-FOOTBALL,,,,,,,
1378051.0,3,Betfair,2.5,8.0,1.05,API-FOOTBALL,,,,,,,
1378051.0,3,Betfair,0.5,1.36,2.88,API-FOOTBALL,,,,,,,
1378051.0,13,188Bet,2.25,1.9,2.0,API-FOOTBALL,,,,,,,
1378051.0,13,188Bet,2.5,2.13,1.77,API-FOOTBALL,,,,,,,
1378051.0,13,188Bet,1.0,2.07,1.83,API-FOOTBALL,,,,,,,
1378051.0,4,Pinnacle,1.5,1.36,3.25,API-FOOTBALL,,,,,,,
1378051.0,4,Pinnacle,1.75,1.45,2.87,API-FOOTBALL,,,,,,,
1378051.0,4,Pinnacle,2.0,1.59,2.45,API-FOOTBALL,,,,,,,
1378051.0,4,Pinnacle,2.25,1.88,2.01,API-FOOTBALL,,,,,,,
1378051.0,4,Pinnacle,2.5,2.14,1.76,API-FOOTBALL,,,,,,,
1378051.0,4,Pinnacle,2.75,2.48,1.58,API-FOOTBALL,,,,,,,
1378051.0,4,Pinnacle,1.25,1.23,4.38,API-FOOTBALL,,,,,,,
1378051.0,4,Pinnacle,3.0,3.05,1.4,API-FOOTBALL,,,,,,,
1378051.0,4,Pinnacle,3.25,3.41,1.34,API-FOOTBALL,,,,,,,
1378051.0,4,Pinnacle,1.5,3.14,1.37,API-FOOTBALL,,,,,,,
1378051.0,4,Pinnacle,0.5,1.43,2.84,API-FOOTBALL,,,,,,,
1378051.0,4,Pinnacle,0.75,1.61,2.33,API-FOOTBALL,,,,,,,
1378051.0,4,Pinnacle,1.0,2.02,1.82,API-FOOTBALL,,,,,,,
1378051.0,4,Pinnacle,1.25,2.58,1.51,API-FOOTBALL,,,,,,,
1378051.0,4,Pinnacle,3.5,2.12,1.67,API-FOOTBALL,,,,,,,
1378051.0,4,Pinnacle,4.5,1.74,2.03,API-FOOTBALL,,,,,,,
1378051.0,4,Pinnacle,4.5,1.98,1.84,API-FOOTBALL,,,,,,,
1378051.0,5,SBO,2.0,1.59,2.36,API-FOOTBALL,,,,,,,
1378051.0,5,SBO,2.25,1.89,1.97,API-FOOTBALL,,,,,,,
1378051.0,5,SBO,2.5,2.19,1.7,API-FOOTBALL,,,,,,,
1378051.0,5,SBO,2.75,2.49,1.53,API-FOOTBALL,,,,,,,
1378051.0,5,SBO,0.75,1.63,2.29,API-FOOTBALL,,,,,,,
1378051.0,5,SBO,1.0,2.07,1.79,API-FOOTBALL,,,,,,,
1378051.0,5,SBO,1.25,2.58,1.49,API-FOOTBALL,,,,,,,
1378051.0,11,1xBet,1.5,1.33,3.0,API-FOOTBALL,,,,,,,
1378051.0,11,1xBet,1.75,1.42,2.67,API-FOOTBALL,,,,,,,
1378051.0,11,1xBet,2.0,1.56,2.31,API-FOOTBALL,,,,,,,
1378051.0,11,1xBet,2.25,1.82,1.93,API-FOOTBALL,,,,,,,
1378051.0,11,1xBet,2.5,2.17,1.8,API-FOOTBALL,,,,,,,
1378051.0,11,1xBet,2.75,2.39,1.54,API-FOOTBALL,,,,,,,
1378051.0,11,1xBet,3.5,3.6,1.24,API-FOOTBALL,,,,,,,
1378051.0,11,1xBet,0.5,1.02,7.8,API-FOOTBALL,,,,,,,
1378051.0,11,1xBet,0.75,1.04,7.3,API-FOOTBALL,,,,,,,
1378051.0,11,1xBet,1.0,1.06,6.7,API-FOOTBALL,,,,,,,
1378051.0,11,1xBet,1.25,1.19,4.0,API-FOOTBALL,,,,,,,
1378051.0,11,1xBet,3.0,2.96,1.36,API-FOOTBALL,,,,,,,
1378051.0,11,1xBet,4.5,6.9,1.04,API-FOOTBALL,,,,,,,
1378051.0,11,1xBet,3.25,3.3,1.29,API-FOOTBALL,,,,,,,
1378051.0,11,1xBet,3.75,4.5,1.15,API-FOOTBALL,,,,,,,
1378051.0,11,1xBet,4.0,6.25,1.07,API-FOOTBALL,,,,,,,
1378051.0,11,1xBet,4.25,6.55,1.05,API-FOOTBALL,,,,,,,
1378051.0,11,1xBet,5.0,12.5,1.03,API-FOOTBALL,,,,,,,
1378051.0,11,1xBet,5.5,15.5,1.01,API-FOOTBALL,,,,,,,
1378051.0,11,1xBet,6.5,34.0,1.0,API-FOOTBALL,,,,,,,
1378051.0,11,1xBet,1.5,3.1,1.36,API-FOOTBALL,,,,,,,
1378051.0,11,1xBet,1.75,4.1,1.22,API-FOOTBALL,,,,,,,
1378051.0,11,1xBet,2.0,6.85,1.08,API-FOOTBALL,,,,,,,
1378051.0,11,1xBet,2.25,7.5,1.06,API-FOOTBALL,,,,,,,
1378051.0,11,1xBet,2.5,8.0,1.05,API-FOOTBALL,,,,,,,
1378051.0,11,1xBet,3.5,23.0,1.01,API-FOOTBALL,,,,,,,
1378051.0,11,1xBet,0.5,1.48,2.62,API-FOOTBALL,,,,,,,
1378051.0,11,1xBet,0.75,1.67,2.21,API-FOOTBALL,,,,,,,
1378051.0,11,1xBet,1.0,2.09,1.76,API-FOOTBALL,,,,,,,
1378051.0,11,1xBet,1.25,2.6,1.5,API-FOOTBALL,,,,,,,
1378051.0,11,1xBet,1.5,2.29,1.64,API-FOOTBALL,,,,,,,
1378051.0,11,1xBet,1.75,2.8,1.44,API-FOOTBALL,,,,,,,
1378051.0,11,1xBet,2.0,3.98,1.24,API-FOOTBALL,,,,,,,
1378051.0,11,1xBet,2.25,4.6,1.18,API-FOOTBALL,,,,,,,
1378051.0,11,1xBet,2.5,5.1,1.15,API-FOOTBALL,,,,,,,
1378051.0,11,1xBet,3.5,15.0,1.03,API-FOOTBALL,,,,,,,
1378051.0,11,1xBet,0.5,1.27,3.55,API-FOOTBALL,,,,,,,
1378051.0,11,1xBet,0.75,1.36,3.05,API-FOOTBALL,,,,,,,
1378051.0,11,1xBet,1.0,1.53,2.48,API-FOOTBALL,,,,,,,
1378051.0,11,1xBet,1.25,1.92,1.89,API-FOOTBALL,,,,,,,
1378051.0,11,1xBet,2.0,1.23,3.58,API-FOOTBALL,,,,,,,
1378051.0,11,1xBet,2.5,1.49,2.36,API-FOOTBALL,,,,,,,
1378051.0,11,1xBet,3.5,2.04,1.66,API-FOOTBALL,,,,,,,
1378051.0,11,1xBet,3.0,1.72,2.0,API-FOOTBALL,,,,,,,
1378051.0,11,1xBet,4.5,3.0,1.32,API-FOOTBALL,,,,,,,
1378051.0,11,1xBet,4.0,2.58,1.42,API-FOOTBALL,,,,,,,
1378051.0,11,1xBet,5.0,4.11,1.18,API-FOOTBALL,,,,,,,
1378051.0,11,1xBet,3.5,1.35,2.85,API-FOOTBALL,,,,,,,
1378051.0,11,1xBet,4.5,1.7,1.98,API-FOOTBALL,,,,,,,
1378051.0,11,1xBet,4.0,1.45,2.47,API-FOOTBALL,,,,,,,
1378051.0,11,1xBet,5.0,1.98,1.74,API-FOOTBALL,,,,,,,
1378051.0,11,1xBet,5.5,2.24,1.55,API-FOOTBALL,,,,,,,
1378051.0,11,1xBet,6.5,3.12,1.29,API-FOOTBALL,,,,,,,
1378051.0,11,1xBet,6.0,2.78,1.36,API-FOOTBALL,,,,,,,
1378051.0,11,1xBet,4.5,1.73,2.0,API-FOOTBALL,,,,,,,
1378051.0,32,Betano,1.5,1.38,3.2,API-FOOTBALL,,,,,,,
1378051.0,32,Betano,1.75,1.45,2.82,API-FOOTBALL,,,,,,,
1378051.0,32,Betano,2.0,1.6,2.42,API-FOOTBALL,,,,,,,
1378051.0,32,Betano,2.25,1.85,2.0,API-FOOTBALL,,,,,,,
1378051.0,32,Betano,2.5,2.1,1.78,API-FOOTBALL,,,,,,,
1378051.0,32,Betano,2.75,2.42,1.6,API-FOOTBALL,,,,,,,
1378051.0,32,Betano,3.5,3.65,1.29,API-FOOTBALL,,,,,,,
1378051.0,32,Betano,0.5,1.08,7.9,API-FOOTBALL,,,,,,,
1378051.0,32,Betano,3.0,3.0,1.42,API-FOOTBALL,,,,,,,
1378051.0,32,Betano,4.5,6.9,1.1,API-FOOTBALL,,,,,,,
1378051.0,32,Betano,3.25,3.3,1.36,API-FOOTBALL,,,,,,,
1378051.0,32,Betano,5.5,12.0,1.03,API-FOOTBALL,,,,,,,
1378051.0,32,Betano,6.5,16.5,1.01,API-FOOTBALL,,,,,,,
1378051.0,32,Betano,1.5,2.85,1.44,API-FOOTBALL,,,,,,,
1378051.0,32,Betano,2.5,6.4,1.11,API-FOOTBALL,,,,,,,
1378051.0,32,Betano,3.5,12.0,1.02,API-FOOTBALL,,,,,,,
1378051.0,32,Betano,0.5,1.44,2.82,API-FOOTBALL,,,,,,,
1378051.0,32,Betano,0.75,1.6,2.37,API-FOOTBALL,,,,,,,
1378051.0,32,Betano,1.0,1.91,1.9,API-FOOTBALL,,,,,,,
1378051.0,32,Betano,1.25,2.37,1.6,API-FOOTBALL,,,,,,,
1378051.0,32,Betano,1.5,2.37,1.57,API-FOOTBALL,,,,,,,
1378051.0,32,Betano,2.5,5.1,1.16,API-FOOTBALL,,,,,,,
1378051.0,32,Betano,0.5,1.31,3.35,API-FOOTBALL,,,,,,,
1378051.0,32,Betano,2.5,1.19,4.3,API-FOOTBALL,,,,,,,
1378051.0,32,Betano,3.5,1.44,2.65,API-FOOTBALL,,,,,,,
1378051.0,32,Betano,4.5,1.88,1.88,API-FOOTBALL,,,,,,,
1378051.0,32,Betano,4.0,1.78,2.0,API-FOOTBALL,,,,,,,
1378051.0,32,Betano,5.5,2.57,1.47,API-FOOTBALL,,,,,,,
1378051.0,32,Betano,6.5,3.7,1.25,API-FOOTBALL,,,,,,,
1378051.0,34,Superbet,1.5,1.35,3.2,API-FOOTBALL,,,,,,,
1378051.0,34,Superbet,2.5,2.1,1.74,API-FOOTBALL,,,,,,,
1378051.0,34,Superbet,3.5,3.75,1.28,API-FOOTBALL,,,,,,,
1378051.0,34,Superbet,0.5,1.07,8.7,API-FOOTBALL,,,,,,,
1378051.0,34,Superbet,4.5,7.6,1.09,API-FOOTBALL,,,,,,,
1378051.0,34,Superbet,5.5,17.0,1.02,API-FOOTBALL,,,,,,,
1378051.0,34,Superbet,6.5,38.0,1.01,API-FOOTBALL,,,,,,,
1378051.0,34,Superbet,1.5,3.05,1.38,API-FOOTBALL,,,,,,,
1378051.0,34,Superbet,2.5,8.1,1.08,API-FOOTBALL,,,,,,,
1378051.0,34,Superbet,3.5,24.0,1.01,API-FOOTBALL,,,,,,,
1378051.0,34,Superbet,0.5,1.45,2.77,API-FOOTBALL,,,,,,,
1378051.0,34,Superbet,4.5,50.0,1.0,API-FOOTBALL,,,,,,,
1378051.0,34,Superbet,1.5,2.32,1.61,API-FOOTBALL,,,,,,,
1378051.0,34,Superbet,2.5,5.3,1.16,API-FOOTBALL,,,,,,,
1378051.0,34,Superbet,3.5,14.0,1.03,API-FOOTBALL,,,,,,,
1378051.0,34,Superbet,0.5,1.29,3.6,API-FOOTBALL,,,,,,,
1378051.0,34,Superbet,4.5,39.0,1.01,API-FOOTBALL,,,,,,,
1378051.0,34,Superbet,1.5,1.17,4.7,API-FOOTBALL,,,,,,,
1378051.0,34,Superbet,2.5,1.48,2.52,API-FOOTBALL,,,,,,,
1378051.0,34,Superbet,3.5,2.05,1.73,API-FOOTBALL,,,,,,,
1378051.0,34,Superbet,0.5,1.03,12.0,API-FOOTBALL,,,,,,,
1378051.0,34,Superbet,8.5,19.0,1.01,API-FOOTBALL,,,,,,,
1378051.0,34,Superbet,9.5,31.0,1.0,API-FOOTBALL,,,,,,,
1378051.0,34,Superbet,4.5,2.95,1.36,API-FOOTBALL,,,,,,,
1378051.0,34,Superbet,7.5,11.0,1.03,API-FOOTBALL,,,,,,,
1378051.0,34,Superbet,5.5,4.5,1.18,API-FOOTBALL,,,,,,,
1378051.0,34,Superbet,6.5,7.0,1.08,API-FOOTBALL,,,,,,,
1378051.0,34,Superbet,1.5,1.03,11.0,API-FOOTBALL,,,,,,,
1378051.0,34,Superbet,2.5,1.13,5.4,API-FOOTBALL,,,,,,,
1378051.0,34,Superbet,3.5,1.34,3.1,API-FOOTBALL,,,,,,,
1378051.0,34,Superbet,0.5,1.0,33.0,API-FOOTBALL,,,,,,,
1378051.0,34,Superbet,8.5,6.5,1.09,API-FOOTBALL,,,,,,,
1378051.0,34,Superbet,9.5,9.4,1.04,API-FOOTBALL,,,,,,,
1378051.0,34,Superbet,10.5,15.0,1.02,API-FOOTBALL,,,,,,,
1378051.0,34,Superbet,4.5,1.68,2.1,API-FOOTBALL,,,,,,,
1378051.0,34,Superbet,7.5,4.45,1.18,API-FOOTBALL,,,,,,,
1378051.0,34,Superbet,5.5,2.2,1.62,API-FOOTBALL,,,,,,,
1378051.0,34,Superbet,6.5,3.1,1.34,API-FOOTBALL,,,,,,,
1378051.0,34,Superbet,1.5,1.06,5.5,API-FOOTBALL,,,,,,,
1378051.0,34,Superbet,2.5,1.17,4.1,API-FOOTBALL,,,,,,,
1378051.0,34,Superbet,3.5,1.45,2.52,API-FOOTBALL,,,,,,,
1378051.0,34,Superbet,4.5,1.95,1.8,API-FOOTBALL,,,,,,,
1378051.0,34,Superbet,5.5,2.67,1.4,API-FOOTBALL,,,,,,,
1378051.0,34,Superbet,6.5,3.85,1.19,API-FOOTBALL,,,,,,,
1378052.0,1,10Bet,1.5,1.3,3.4,API-FOOTBALL,,,,,,,
1378052.0,1,10Bet,2.5,1.93,1.85,API-FOOTBALL,,,,,,,
1378052.0,1,10Bet,3.5,3.4,1.3,API-FOOTBALL,,,,,,,
1378052.0,1,10Bet,0.5,1.05,9.0,API-FOOTBALL,,,,,,,
1378052.0,1,10Bet,4.5,6.5,1.1,API-FOOTBALL,,,,,,,
1378052.0,1,10Bet,1.5,2.7,1.4,API-FOOTBALL,,,,,,,
1378052.0,1,10Bet,2.5,6.5,1.08,API-FOOTBALL,,,,,,,
1378052.0,1,10Bet,0.5,1.36,2.85,API-FOOTBALL,,,,,,,
1378052.0,1,10Bet,1.5,2.1,1.65,API-FOOTBALL,,,,,,,
1378052.0,1,10Bet,2.5,4.5,1.17,API-FOOTBALL,,,,,,,
1378052.0,1,10Bet,0.5,1.22,3.75,API-FOOTBALL,,,,,,,
1378052.0,7,William Hill,1.5,2.75,1.4,API-FOOTBALL,,,,,,,
1378052.0,7,William Hill,2.5,7.0,1.08,API-FOOTBALL,,,,,,,
1378052.0,7,William Hill,3.5,23.0,1.02,API-FOOTBALL,,,,,,,
1378052.0,7,William Hill,0.5,1.36,2.9,API-FOOTBALL,,,,,,,
1378052.0,7,William Hill,1.5,2.15,1.62,API-FOOTBALL,,,,,,,
1378052.0,7,William Hill,2.5,4.8,1.17,API-FOOTBALL,,,,,,,
1378052.0,7,William Hill,3.5,12.0,1.04,API-FOOTBALL,,,,,,,
1378052.0,7,William Hill,0.5,1.25,3.6,API-FOOTBALL,,,,,,,
1378052.0,8,Bet365,1.5,1.3,3.5,API-FOOTBALL,,,,,,,
1378052.0,8,Bet365,2.5,1.91,1.91,API-FOOTBALL,,,,,,,
1378052.0,8,Bet365,3.5,3.4,1.33,API-FOOTBALL,,,,,,,
1378052.0,8,Bet365,0.5,1.06,10.0,API-FOOTBALL,,,,,,,
1378052.0,8,Bet365,4.5,6.5,1.11,API-FOOTBALL,,,,,,,
1378052.0,8,Bet365,7.5,51.0,1.0,API-FOOTBALL,,,,,,,
1378052.0,8,Bet365,5.5,13.0,1.04,API-FOOTBALL,,,,,,,
1378052.0,8,Bet365,6.5,26.0,1.01,API-FOOTBALL,,,,,,,
1378052.0,8,Bet365,1.5,2.75,1.4,API-FOOTBALL,,,,,,,
1378052.0,8,Bet365,2.5,8.0,1.08,API-FOOTBALL,,,,,,,
1378052.0,8,Bet365,3.5,21.0,1.01,API-FOOTBALL,,,,,,,
1378052.0,8,Bet365,0.5,1.4,2.75,API-FOOTBALL,,,,,,,
1378052.0,8,Bet365,1.5,2.1,1.67,API-FOOTBALL,,,,,,,
1378052.0,8,Bet365,2.5,5.0,1.17,API-FOOTBALL,,,,,,,
1378052.0,8,Bet365,3.5,13.0,1.04,API-FOOTBALL,,,,,,,
1378052.0,8,Bet365,0.5,1.25,3.75,API-FOOTBALL,,,,,,,
1378052.0,8,Bet365,3.5,1.73,2.0,API-FOOTBALL,,,,,,,
1378052.0,8,Bet365,4.5,1.67,2.1,API-FOOTBALL,,,,,,,
1378052.0,8,Bet365,3.5,1.73,2.0,API-FOOTBALL,,,,,,,
1378052.0,8,Bet365,4.5,2.2,1.62,API-FOOTBALL,,,,,,,
1378052.0,8,Bet365,4.0,1.85,1.95,API-FOOTBALL,,,,,,,
1378052.0,2,Marathonbet,1.5,1.28,3.3,API-FOOTBALL,,,,,,,
1378052.0,2,Marathonbet,1.75,1.35,2.95,API-FOOTBALL,,,,,,,
1378052.0,2,Marathonbet,2.0,1.45,2.61,API-FOOTBALL,,,,,,,
1378052.0,2,Marathonbet,2.25,1.69,2.1,API-FOOTBALL,,,,,,,
1378052.0,2,Marathonbet,2.5,1.94,1.89,API-FOOTBALL,,,,,,,
1378052.0,2,Marathonbet,2.75,2.15,1.66,API-FOOTBALL,,,,,,,
1378052.0,2,Marathonbet,3.5,3.16,1.3,API-FOOTBALL,,,,,,,
1378052.0,2,Marathonbet,0.5,1.01,8.7,API-FOOTBALL,,,,,,,
1378052.0,2,Marathonbet,0.75,1.02,8.2,API-FOOTBALL,,,,,,,
1378052.0,2,Marathonbet,1.0,1.03,7.7,API-FOOTBALL,,,,,,,
1378052.0,2,Marathonbet,1.25,1.15,4.5,API-FOOTBALL,,,,,,,
1378052.0,2,Marathonbet,3.0,2.57,1.46,API-FOOTBALL,,,,,,,
1378052.0,2,Marathonbet,4.5,5.8,1.07,API-FOOTBALL,,,,,,,
1378052.0,2,Marathonbet,3.25,2.91,1.36,API-FOOTBALL,,,,,,,
1378052.0,2,Marathonbet,3.75,3.88,1.2,API-FOOTBALL,,,,,,,
1378052.0,2,Marathonbet,4.0,5.2,1.1,API-FOOTBALL,,,,,,,
1378052.0,2,Marathonbet,4.25,5.5,1.09,API-FOOTBALL,,,,,,,
1378052.0,2,Marathonbet,1.5,2.8,1.4,API-FOOTBALL,,,,,,,
1378052.0,2,Marathonbet,2.0,5.65,1.1,API-FOOTBALL,,,,,,,
1378052.0,2,Marathonbet,2.5,6.6,1.06,API-FOOTBALL,,,,,,,
1378052.0,2,Marathonbet,0.5,1.39,2.84,API-FOOTBALL,,,,,,,
1378052.0,2,Marathonbet,1.0,1.88,1.9,API-FOOTBALL,,,,,,,
1378052.0,2,Marathonbet,1.5,2.14,1.69,API-FOOTBALL,,,,,,,
1378052.0,2,Marathonbet,2.0,3.52,1.27,API-FOOTBALL,,,,,,,
1378052.0,2,Marathonbet,2.5,4.45,1.16,API-FOOTBALL,,,,,,,
1378052.0,2,Marathonbet,0.5,1.22,3.78,API-FOOTBALL,,,,,,,
1378052.0,2,Marathonbet,1.0,1.44,2.65,API-FOOTBALL,,,,,,,
1378052.0,16,Unibet,1.5,1.27,3.65,API-FOOTBALL,,,,,,,
1378052.0,16,Unibet,1.75,1.34,3.2,API-FOOTBALL,,,,,,,
1378052.0,16,Unibet,2.0,1.44,2.75,API-FOOTBALL,,,,,,,
1378052.0,16,Unibet,2.25,1.68,2.16,API-FOOTBALL,,,,,,,
1378052.0,16,Unibet,2.5,1.92,1.88,API-FOOTBALL,,,,,,,
1378052.0,16,Unibet,2.75,2.2,1.68,API-FOOTBALL,,,,,,,
1378052.0,16,Unibet,3.5,3.45,1.3,API-FOOTBALL,,,,,,,
1378052.0,16,Unibet,0.5,1.03,11.0,API-FOOTBALL,,,,,,,
1378052.0,16,Unibet,3.0,2.7,1.47,API-FOOTBALL,,,,,,,
1378052.0,16,Unibet,4.5,7.0,1.08,API-FOOTBALL,,,,,,,
1378052.0,16,Unibet,3.25,3.05,1.38,API-FOOTBALL,,,,,,,
1378052.0,16,Unibet,1.5,2.63,1.44,API-FOOTBALL,,,,,,,
1378052.0,16,Unibet,1.75,3.4,1.29,API-FOOTBALL,,,,,,,
1378052.0,16,Unibet,2.5,6.25,1.07,API-FOOTBALL,,,,,,,
1378052.0,16,Unibet,0.5,1.33,3.0,API-FOOTBALL,,,,,,,
1378052.0,16,Unibet,0.75,1.46,2.5,API-FOOTBALL,,,,,,,
1378052.0,16,Unibet,1.0,1.72,1.98,API-FOOTBALL,,,,,,,
1378052.0,16,Unibet,1.25,2.18,1.61,API-FOOTBALL,,,,,,,
1378052.0,16,Unibet,1.5,2.18,1.62,API-FOOTBALL,,,,,,,
1378052.0,16,Unibet,2.5,4.9,1.15,API-FOOTBALL,,,,,,,
1378052.0,16,Unibet,0.5,1.24,3.7,API-FOOTBALL,,,,,,,
1378052.0,16,Unibet,1.5,1.12,5.1,API-FOOTBALL,,,,,,,
1378052.0,16,Unibet,2.5,1.38,2.75,API-FOOTBALL,,,,,,,
1378052.0,16,Unibet,3.5,1.86,1.83,API-FOOTBALL,,,,,,,
1378052.0,16,Unibet,4.5,2.65,1.4,API-FOOTBALL,,,,,,,
1378052.0,16,Unibet,5.5,4.0,1.19,API-FOOTBALL,,,,,,,
1378052.0,16,Unibet,6.5,6.0,1.08,API-FOOTBALL,,,,,,,
1378052.0,16,Unibet,2.5,1.08,6.1,API-FOOTBALL,,,,,,,
1378052.0,16,Unibet,3.5,1.24,3.6,API-FOOTBALL,,,,,,,
1378052.0,16,Unibet,8.5,4.9,1.13,API-FOOTBALL,,,,,,,
1378052.0,16,Unibet,9.5,6.75,1.06,API-FOOTBALL,,,,,,,
1378052.0,16,Unibet,4.5,1.49,2.4,API-FOOTBALL,,,,,,,
1378052.0,16,Unibet,7.5,3.5,1.25,API-FOOTBALL,,,,,,,
1378052.0,16,Unibet,5.5,1.91,1.78,API-FOOTBALL,,,,,,,
1378052.0,16,Unibet,6.5,2.55,1.44,API-FOOTBALL,,,,,,,
1378052.0,16,Unibet,1.5,1.09,5.8,API-FOOTBALL,,,,,,,
1378052.0,16,Unibet,2.5,1.3,3.1,API-FOOTBALL,,,,,,,
1378052.0,16,Unibet,3.5,1.75,1.95,API-FOOTBALL,,,,,,,
1378052.0,16,Unibet,4.5,2.5,1.45,API-FOOTBALL,,,,,,,
1378052.0,16,Unibet,7.5,6.0,1.08,API-FOOTBALL,,,,,,,
1378052.0,16,Unibet,5.5,3.85,1.21,API-FOOTBALL,,,,,,,
1378052.0,16,Unibet,6.5,5.8,1.09,API-FOOTBALL,,,,,,,
1378052.0,3,Betfair,1.5,1.29,3.5,API-FOOTBALL,,,,,,,
1378052.0,3,Betfair,2.5,1.9,1.87,API-FOOTBALL,,,,,,,
1378052.0,3,Betfair,3.5,3.25,1.33,API-FOOTBALL,,,,,,,
1378052.0,3,Betfair,0.5,1.04,11.0,API-FOOTBALL,,,,,,,
1378052.0,3,Betfair,4.5,6.5,1.1,API-FOOTBALL,,,,,,,
1378052.0,3,Betfair,5.5,13.0,1.02,API-FOOTBALL,,,,,,,
1378052.0,3,Betfair,1.5,2.75,1.4,API-FOOTBALL,,,,,,,
1378052.0,3,Betfair,2.5,7.5,1.06,API-FOOTBALL,,,,,,,
1378052.0,3,Betfair,0.5,1.33,3.0,API-FOOTBALL,,,,,,,
1378052.0,13,188Bet,2.5,2.02,1.88,API-FOOTBALL,,,,,,,
1378052.0,13,188Bet,1.0,1.98,1.92,API-FOOTBALL,,,,,,,
1378052.0,4,Pinnacle,1.5,1.32,3.54,API-FOOTBALL,,,,,,,
1378052.0,4,Pinnacle,1.75,1.39,3.13,API-FOOTBALL,,,,,,,
1378052.0,4,Pinnacle,2.0,1.49,2.73,API-FOOTBALL,,,,,,,
1378052.0,4,Pinnacle,2.25,1.74,2.18,API-FOOTBALL,,,,,,,
1378052.0,4,Pinnacle,2.5,1.98,1.9,API-FOOTBALL,,,,,,,
1378052.0,4,Pinnacle,2.75,2.25,1.69,API-FOOTBALL,,,,,,,
1378052.0,4,Pinnacle,3.5,3.47,1.33,API-FOOTBALL,,,,,,,
1378052.0,4,Pinnacle,3.0,2.76,1.48,API-FOOTBALL,,,,,,,
1378052.0,4,Pinnacle,3.25,3.11,1.39,API-FOOTBALL,,,,,,,
1378052.0,4,Pinnacle,1.5,2.95,1.41,API-FOOTBALL,,,,,,,
1378052.0,4,Pinnacle,0.5,1.4,3.0,API-FOOTBALL,,,,,,,
1378052.0,4,Pinnacle,0.75,1.55,2.46,API-FOOTBALL,,,,,,,
1378052.0,4,Pinnacle,1.0,1.9,1.93,API-FOOTBALL,,,,,,,
1378052.0,4,Pinnacle,1.25,2.42,1.57,API-FOOTBALL,,,,,,,
1378052.0,4,Pinnacle,3.5,1.78,1.98,API-FOOTBALL,,,,,,,
1378052.0,4,Pinnacle,5.5,2.05,1.72,API-FOOTBALL,,,,,,,
1378052.0,4,Pinnacle,4.0,1.83,1.99,API-FOOTBALL,,,,,,,
1378052.0,5,SBO,2.0,1.47,2.63,API-FOOTBALL,,,,,,,
1378052.0,5,SBO,2.25,1.72,2.16,API-FOOTBALL,,,,,,,
1378052.0,5,SBO,2.5,1.98,1.88,API-FOOTBALL,,,,,,,
1378052.0,5,SBO,2.75,2.25,1.66,API-FOOTBALL,,,,,,,
1378052.0,5,SBO,0.75,1.57,2.4,API-FOOTBALL,,,,,,,
1378052.0,5,SBO,1.0,1.93,1.93,API-FOOTBALL,,,,,,,
1378052.0,5,SBO,1.25,2.47,1.54,API-FOOTBALL,,,,,,,
1378052.0,11,1xBet,1.5,1.28,3.3,API-FOOTBALL,,,,,,,
1378052.0,11,1xBet,1.75,1.35,2.95,API-FOOTBALL,,,,,,,
1378052.0,11,1xBet,2.0,1.45,2.61,API-FOOTBALL,,,,,,,
1378052.0,11,1xBet,2.25,1.69,2.1,API-FOOTBALL,,,,,,,
1378052.0,11,1xBet,2.5,2.0,1.94,API-FOOTBALL,,,,,,,
1378052.0,11,1xBet,2.75,2.15,1.66,API-FOOTBALL,,,,,,,
1378052.0,11,1xBet,3.5,3.16,1.3,API-FOOTBALL,,,,,,,
1378052.0,11,1xBet,0.5,1.01,8.7,API-FOOTBALL,,,,,,,
1378052.0,11,1xBet,0.75,1.02,8.2,API-FOOTBALL,,,,,,,
1378052.0,11,1xBet,1.0,1.03,7.7,API-FOOTBALL,,,,,,,
1378052.0,11,1xBet,1.25,1.15,4.5,API-FOOTBALL,,,,,,,
1378052.0,11,1xBet,3.0,2.57,1.46,API-FOOTBALL,,,,,,,
1378052.0,11,1xBet,4.5,5.8,1.07,API-FOOTBALL,,,,,,,
1378052.0,11,1xBet,3.25,2.91,1.36,API-FOOTBALL,,,,,,,
1378052.0,11,1xBet,3.75,3.88,1.2,API-FOOTBALL,,,,,,,
1378052.0,11,1xBet,4.0,5.2,1.1,API-FOOTBALL,,,,,,,
1378052.0,11,1xBet,4.25,5.5,1.09,API-FOOTBALL,,,,,,,
1378052.0,11,1xBet,5.0,11.0,1.04,API-FOOTBALL,,,,,,,
1378052.0,11,1xBet,7.5,50.0,1.0,API-FOOTBALL,,,,,,,
1378052.0,11,1xBet,5.5,13.5,1.02,API-FOOTBALL,,,,,,,
1378052.0,11,1xBet,6.5,26.0,1.01,API-FOOTBALL,,,,,,,
1378052.0,11,1xBet,1.5,2.8,1.4,API-FOOTBALL,,,,,,,
1378052.0,11,1xBet,1.75,3.6,1.25,API-FOOTBALL,,,,,,,
1378052.0,11,1xBet,2.0,5.65,1.1,API-FOOTBALL,,,,,,,
1378052.0,11,1xBet,2.25,6.2,1.08,API-FOOTBALL,,,,,,,
1378052.0,11,1xBet,2.5,6.6,1.06,API-FOOTBALL,,,,,,,
1378052.0,11,1xBet,3.5,13.0,1.01,API-FOOTBALL,,,,,,,
1378052.0,11,1xBet,0.5,1.39,2.84,API-FOOTBALL,,,,,,,
1378052.0,11,1xBet,0.75,1.55,2.38,API-FOOTBALL,,,,,,,
1378052.0,11,1xBet,1.0,1.88,1.9,API-FOOTBALL,,,,,,,
1378052.0,11,1xBet,1.25,2.35,1.56,API-FOOTBALL,,,,,,,
1378052.0,11,1xBet,1.5,2.14,1.69,API-FOOTBALL,,,,,,,
1378052.0,11,1xBet,1.75,2.56,1.48,API-FOOTBALL,,,,,,,
1378052.0,11,1xBet,2.0,3.52,1.27,API-FOOTBALL,,,,,,,
1378052.0,11,1xBet,2.25,3.98,1.21,API-FOOTBALL,,,,,,,
1378052.0,11,1xBet,2.5,4.45,1.16,API-FOOTBALL,,,,,,,
1378052.0,11,1xBet,3.5,12.0,1.04,API-FOOTBALL,,,,,,,
1378052.0,11,1xBet,0.5,1.22,3.78,API-FOOTBALL,,,,,,,
1378052.0,11,1xBet,0.75,1.3,3.24,API-FOOTBALL,,,,,,,
1378052.0,11,1xBet,1.0,1.44,2.65,API-FOOTBALL,,,,,,,
1378052.0,11,1xBet,1.25,1.79,1.97,API-FOOTBALL,,,,,,,
1378052.0,11,1xBet,2.5,1.35,2.85,API-FOOTBALL,,,,,,,
1378052.0,11,1xBet,3.5,1.79,1.92,API-FOOTBALL,,,,,,,
1378052.0,11,1xBet,3.0,1.49,2.38,API-FOOTBALL,,,,,,,
1378052.0,11,1xBet,4.5,2.48,1.45,API-FOOTBALL,,,,,,,
1378052.0,11,1xBet,4.0,2.11,1.62,API-FOOTBALL,,,,,,,
1378052.0,11,1xBet,5.0,3.22,1.28,API-FOOTBALL,,,,,,,
1378052.0,11,1xBet,5.5,3.62,1.22,API-FOOTBALL,,,,,,,
1378052.0,11,1xBet,3.5,1.29,3.17,API-FOOTBALL,,,,,,,
1378052.0,11,1xBet,4.5,1.59,2.15,API-FOOTBALL,,,,,,,
1378052.0,11,1xBet,4.0,1.37,2.77,API-FOOTBALL,,,,,,,
1378052.0,11,1xBet,5.0,1.81,1.9,API-FOOTBALL,,,,,,,
1378052.0,11,1xBet,5.5,2.06,1.65,API-FOOTBALL,,,,,,,
1378052.0,11,1xBet,6.5,2.8,1.36,API-FOOTBALL,,,,,,,
1378052.0,11,1xBet,6.0,2.48,1.45,API-FOOTBALL,,,,,,,
1378052.0,11,1xBet,3.5,1.73,2.0,API-FOOTBALL,,,,,,,
1378052.0,11,1xBet,4.5,2.2,1.62,API-FOOTBALL,,,,,,,
1378052.0,32,Betano,1.5,1.33,3.4,API-FOOTBALL,,,,,,,
1378052.0,32,Betano,1.75,1.4,3.05,API-FOOTBALL,,,,,,,
1378052.0,32,Betano,2.0,1.5,2.65,API-FOOTBALL,,,,,,,
1378052.0,32,Betano,2.25,1.75,2.15,API-FOOTBALL,,,,,,,
1378052.0,32,Betano,2.5,1.98,1.87,API-FOOTBALL,,,,,,,
1378052.0,32,Betano,2.75,2.25,1.67,API-FOOTBALL,,,,,,,
1378052.0,32,Betano,3.5,3.35,1.33,API-FOOTBALL,,,,,,,
1378052.0,32,Betano,0.5,1.07,8.75,API-FOOTBALL,,,,,,,
1378052.0,32,Betano,3.0,2.75,1.47,API-FOOTBALL,,,,,,,
1378052.0,32,Betano,4.5,6.2,1.12,API-FOOTBALL,,,,,,,
1378052.0,32,Betano,3.25,3.1,1.4,API-FOOTBALL,,,,,,,
1378052.0,32,Betano,5.5,11.0,1.04,API-FOOTBALL,,,,,,,
1378052.0,32,Betano,6.5,16.0,1.01,API-FOOTBALL,,,,,,,
1378052.0,32,Betano,1.5,3.0,1.4,API-FOOTBALL,,,,,,,
1378052.0,32,Betano,2.5,6.9,1.09,API-FOOTBALL,,,,,,,
1378052.0,32,Betano,3.5,13.0,1.02,API-FOOTBALL,,,,,,,
1378052.0,32,Betano,0.5,1.45,2.75,API-FOOTBALL,,,,,,,
1378052.0,32,Betano,0.75,1.62,2.3,API-FOOTBALL,,,,,,,
1378052.0,32,Betano,1.0,2.0,1.83,API-FOOTBALL,,,,,,,
1378052.0,32,Betano,1.25,2.5,1.53,API-FOOTBALL,,,,,,,
1378052.0,32,Betano,4.5,16.5,1.01,API-FOOTBALL,,,,,,,
1378052.0,32,Betano,1.5,2.1,1.72,API-FOOTBALL,,,,,,,
1378052.0,32,Betano,2.5,4.25,1.21,API-FOOTBALL,,,,,,,
1378052.0,32,Betano,0.5,1.25,3.85,API-FOOTBALL,,,,,,,
1378052.0,32,Betano,2.5,1.27,3.55,API-FOOTBALL,,,,,,,
1378052.0,32,Betano,3.5,1.6,2.25,API-FOOTBALL,,,,,,,
1378052.0,32,Betano,4.5,2.2,1.62,API-FOOTBALL,,,,,,,
1378052.0,32,Betano,4.0,1.87,1.9,API-FOOTBALL,,,,,,,
1378052.0,32,Betano,5.5,3.2,1.32,API-FOOTBALL,,,,,,,
1378052.0,32,Betano,6.5,4.75,1.16,API-FOOTBALL,,,,,,,
1378052.0,34,Superbet,1.5,1.31,3.45,API-FOOTBALL,,,,,,,
1378052.0,34,Superbet,2.5,1.95,1.85,API-FOOTBALL,,,,,,,
1378052.0,34,Superbet,3.5,3.4,1.32,API-FOOTBALL,,,,,,,
1378052.0,34,Superbet,0.5,1.06,9.7,API-FOOTBALL,,,,,,,
1378052.0,34,Superbet,4.5,6.7,1.11,API-FOOTBALL,,,,,,,
1378052.0,34,Superbet,5.5,14.0,1.03,API-FOOTBALL,,,,,,,
1378052.0,34,Superbet,6.5,31.0,1.01,API-FOOTBALL,,,,,,,
1378052.0,34,Superbet,1.5,2.92,1.42,API-FOOTBALL,,,,,,,
1378052.0,34,Superbet,2.5,7.4,1.09,API-FOOTBALL,,,,,,,
1378052.0,34,Superbet,3.5,21.0,1.02,API-FOOTBALL,,,,,,,
1378052.0,34,Superbet,0.5,1.4,2.95,API-FOOTBALL,,,,,,,
1378052.0,34,Superbet,4.5,50.0,1.0,API-FOOTBALL,,,,,,,
1378052.0,34,Superbet,1.5,2.2,1.68,API-FOOTBALL,,,,,,,
1378052.0,34,Superbet,2.5,4.9,1.18,API-FOOTBALL,,,,,,,
1378052.0,34,Superbet,3.5,12.0,1.04,API-FOOTBALL,,,,,,,
1378052.0,34,Superbet,0.5,1.27,3.85,API-FOOTBALL,,,,,,,
1378052.0,34,Superbet,4.5,33.0,1.01,API-FOOTBALL,,,,,,,
1378052.0,34,Superbet,1.5,1.12,5.5,API-FOOTBALL,,,,,,,
1378052.0,34,Superbet,2.5,1.37,2.95,API-FOOTBALL,,,,,,,
1378052.0,34,Superbet,3.5,1.8,1.95,API-FOOTBALL,,,,,,,
1378052.0,34,Superbet,0.5,1.02,15.0,API-FOOTBALL,,,,,,,
1378052.0,34,Superbet,8.5,14.0,1.02,API-FOOTBALL,,,,,,,
1378052.0,34,Superbet,9.5,23.0,1.01,API-FOOTBALL,,,,,,,
1378052.0,34,Superbet,4.5,2.55,1.48,API-FOOTBALL,,,,,,,
1378052.0,34,Superbet,7.5,8.7,1.05,API-FOOTBALL,,,,,,,
1378052.0,34,Superbet,5.5,3.8,1.24,API-FOOTBALL,,,,,,,
1378052.0,34,Superbet,6.5,5.75,1.12,API-FOOTBALL,,,,,,,
1378052.0,34,Superbet,1.5,1.03,12.0,API-FOOTBALL,,,,,,,
1378052.0,34,Superbet,2.5,1.11,5.9,API-FOOTBALL,,,,,,,
1378052.0,34,Superbet,3.5,1.28,3.45,API-FOOTBALL,,,,,,,
1378052.0,34,Superbet,0.5,1.0,39.0,API-FOOTBALL,,,,,,,
1378052.0,34,Superbet,8.5,5.6,1.12,API-FOOTBALL,,,,,,,
1378052.0,34,Superbet,9.5,8.1,1.06,API-FOOTBALL,,,,,,,
1378052.0,34,Superbet,10.5,12.0,1.03,API-FOOTBALL,,,,,,,
1378052.0,34,Superbet,4.5,1.57,2.32,API-FOOTBALL,,,,,,,
1378052.0,34,Superbet,7.5,3.9,1.23,API-FOOTBALL,,,,,,,
1378052.0,34,Superbet,5.5,2.02,1.73,API-FOOTBALL,,,,,,,
1378052.0,34,Superbet,6.5,2.75,1.41,API-FOOTBALL,,,,,,,
1378052.0,34,Superbet,2.5,1.24,3.45,API-FOOTBALL,,,,,,,
1378052.0,34,Superbet,3.5,1.62,2.17,API-FOOTBALL,,,,,,,
1378052.0,34,Superbet,4.5,2.22,1.59,API-FOOTBALL,,,,,,,
1378052.0,34,Superbet,5.5,3.1,1.3,API-FOOTBALL,,,,,,,
1378052.0,34,Superbet,6.5,4.3,1.16,API-FOOTBALL,,,,,,,
1379178.0,1,10Bet,1.5,1.3,3.45,API-FOOTBALL,,,,,,,
1379178.0,1,10Bet,2.5,1.9,1.85,API-FOOTBALL,,,,,,,
1379178.0,1,10Bet,3.5,3.2,1.33,API-FOOTBALL,,,,,,,
1379178.0,1,10Bet,0.5,1.06,8.5,API-FOOTBALL,,,,,,,
1379178.0,1,10Bet,4.5,6.25,1.11,API-FOOTBALL,,,,,,,
1379178.0,1,10Bet,1.5,2.65,1.42,API-FOOTBALL,,,,,,,
1379178.0,1,10Bet,2.5,6.25,1.09,API-FOOTBALL,,,,,,,
1379178.0,1,10Bet,0.5,1.36,2.85,API-FOOTBALL,,,,,,,
1379178.0,1,10Bet,1.5,2.05,1.7,API-FOOTBALL,,,,,,,
1379178.0,1,10Bet,2.5,4.33,1.18,API-FOOTBALL,,,,,,,
1379178.0,1,10Bet,0.5,1.22,3.8,API-FOOTBALL,,,,,,,
1379178.0,7,William Hill,1.5,2.7,1.4,API-FOOTBALL,,,,,,,
1379178.0,7,William Hill,2.5,7.0,1.08,API-FOOTBALL,,,,,,,
1379178.0,7,William Hill,3.5,21.0,1.02,API-FOOTBALL,,,,,,,
1379178.0,7,William Hill,0.5,1.36,3.0,API-FOOTBALL,,,,,,,
1379178.0,7,William Hill,1.5,2.15,1.65,API-FOOTBALL,,,,,,,
1379178.0,7,William Hill,2.5,4.75,1.17,API-FOOTBALL,,,,,,,
1379178.0,7,William Hill,3.5,11.0,1.04,API-FOOTBALL,,,,,,,
1379178.0,7,William Hill,0.5,1.25,3.6,API-FOOTBALL,,,,,,,
1379178.0,8,Bet365,1.5,1.28,3.75,API-FOOTBALL,,,,,,,
1379178.0,8,Bet365,2.5,1.91,1.91,API-FOOTBALL,,,,,,,
1379178.0,8,Bet365,3.5,3.2,1.36,API-FOOTBALL,,,,,,,
1379178.0,8,Bet365,0.5,1.06,10.0,API-FOOTBALL,,,,,,,
1379178.0,8,Bet365,4.5,6.0,1.12,API-FOOTBALL,,,,,,,
1379178.0,8,Bet365,7.5,51.0,1.0,API-FOOTBALL,,,,,,,
1379178.0,8,Bet365,5.5,13.0,1.04,API-FOOTBALL,,,,,,,
1379178.0,8,Bet365,6.5,26.0,1.01,API-FOOTBALL,,,,,,,
1379178.0,8,Bet365,1.5,2.75,1.4,API-FOOTBALL,,,,,,,
1379178.0,8,Bet365,2.5,7.0,1.1,API-FOOTBALL,,,,,,,
1379178.0,8,Bet365,3.5,21.0,1.01,API-FOOTBALL,,,,,,,
1379178.0,8,Bet365,0.5,1.36,3.0,API-FOOTBALL,,,,,,,
1379178.0,8,Bet365,1.5,2.0,1.73,API-FOOTBALL,,,,,,,
1379178.0,8,Bet365,2.5,4.33,1.2,API-FOOTBALL,,,,,,,
1379178.0,8,Bet365,3.5,11.0,1.05,API-FOOTBALL,,,,,,,
1379178.0,8,Bet365,0.5,1.22,4.0,API-FOOTBALL,,,,,,,
1379178.0,8,Bet365,4.5,26.0,1.01,API-FOOTBALL,,,,,,,
1379178.0,8,Bet365,4.5,1.73,2.0,API-FOOTBALL,,,,,,,
1379178.0,8,Bet365,5.5,2.1,1.67,API-FOOTBALL,,,,,,,
1379178.0,8,Bet365,3.5,1.8,2.0,API-FOOTBALL,,,,,,,
1379178.0,8,Bet365,4.0,1.98,1.82,API-FOOTBALL,,,,,,,
1379178.0,2,Marathonbet,1.5,1.27,3.36,API-FOOTBALL,,,,,,,
1379178.0,2,Marathonbet,1.75,1.33,3.05,API-FOOTBALL,,,,,,,
1379178.0,2,Marathonbet,2.0,1.44,2.64,API-FOOTBALL,,,,,,,
1379178.0,2,Marathonbet,2.25,1.67,2.13,API-FOOTBALL,,,,,,,
1379178.0,2,Marathonbet,2.5,1.93,1.9,API-FOOTBALL,,,,,,,
1379178.0,2,Marathonbet,2.75,2.14,1.67,API-FOOTBALL,,,,,,,
1379178.0,2,Marathonbet,3.5,3.16,1.3,API-FOOTBALL,,,,,,,
1379178.0,2,Marathonbet,0.5,1.0,9.0,API-FOOTBALL,,,,,,,
1379178.0,2,Marathonbet,0.75,1.01,8.5,API-FOOTBALL,,,,,,,
1379178.0,2,Marathonbet,1.0,1.03,7.9,API-FOOTBALL,,,,,,,
1379178.0,2,Marathonbet,1.25,1.14,4.6,API-FOOTBALL,,,,,,,
1379178.0,2,Marathonbet,3.0,2.54,1.47,API-FOOTBALL,,,,,,,
1379178.0,2,Marathonbet,4.5,5.9,1.07,API-FOOTBALL,,,,,,,
1379178.0,2,Marathonbet,3.25,2.86,1.37,API-FOOTBALL,,,,,,,
1379178.0,2,Marathonbet,3.75,3.78,1.21,API-FOOTBALL,,,,,,,
1379178.0,2,Marathonbet,4.0,5.25,1.1,API-FOOTBALL,,,,,,,
1379178.0,2,Marathonbet,4.25,5.55,1.08,API-FOOTBALL,,,,,,,
1379178.0,2,Marathonbet,5.0,9.7,1.0,API-FOOTBALL,,,,,,,
1379178.0,2,Marathonbet,1.5,2.8,1.4,API-FOOTBALL,,,,,,,
1379178.0,2,Marathonbet,2.0,5.8,1.1,API-FOOTBALL,,,,,,,
1379178.0,2,Marathonbet,2.5,6.85,1.05,API-FOOTBALL,,,,,,,
1379178.0,2,Marathonbet,0.5,1.4,2.8,API-FOOTBALL,,,,,,,
1379178.0,2,Marathonbet,1.0,1.89,1.89,API-FOOTBALL,,,,,,,
1379178.0,2,Marathonbet,1.5,2.1,1.71,API-FOOTBALL,,,,,,,
1379178.0,2,Marathonbet,2.0,3.44,1.28,API-FOOTBALL,,,,,,,
1379178.0,2,Marathonbet,2.5,4.45,1.17,API-FOOTBALL,,,,,,,
1379178.0,2,Marathonbet,0.5,1.21,3.9,API-FOOTBALL,,,,,,,
1379178.0,2,Marathonbet,1.0,1.42,2.72,API-FOOTBALL,,,,,,,
1379178.0,16,Unibet,1.5,1.27,3.75,API-FOOTBALL,,,,,,,
1379178.0,16,Unibet,1.75,1.34,3.25,API-FOOTBALL,,,,,,,
1379178.0,16,Unibet,2.0,1.44,2.8,API-FOOTBALL,,,,,,,
1379178.0,16,Unibet,2.25,1.68,2.17,API-FOOTBALL,,,,,,,
1379178.0,16,Unibet,2.5,1.94,1.87,API-FOOTBALL,,,,,,,
1379178.0,16,Unibet,2.75,2.2,1.67,API-FOOTBALL,,,,,,,
1379178.0,16,Unibet,3.5,3.35,1.32,API-FOOTBALL,,,,,,,
1379178.0,16,Unibet,0.5,1.04,11.0,API-FOOTBALL,,,,,,,
1379178.0,16,Unibet,3.0,2.7,1.47,API-FOOTBALL,,,,,,,
1379178.0,16,Unibet,4.5,7.0,1.1,API-FOOTBALL,,,,,,,
1379178.0,16,Unibet,3.25,3.05,1.38,API-FOOTBALL,,,,,,,
1379178.0,16,Unibet,5.5,14.0,1.01,API-FOOTBALL,,,,,,,
1379178.0,16,Unibet,1.5,2.7,1.42,API-FOOTBALL,,,,,,,
1379178.0,16,Unibet,1.75,3.5,1.27,API-FOOTBALL,,,,,,,
1379178.0,16,Unibet,2.5,6.5,1.08,API-FOOTBALL,,,,,,,
1379178.0,16,Unibet,0.5,1.34,3.0,API-FOOTBALL,,,,,,,
1379178.0,16,Unibet,0.75,1.48,2.5,API-FOOTBALL,,,,,,,
1379178.0,16,Unibet,1.0,1.76,1.97,API-FOOTBALL,,,,,,,
1379178.0,16,Unibet,1.25,2.25,1.58,API-FOOTBALL,,,,,,,
1379178.0,16,Unibet,1.5,2.12,1.66,API-FOOTBALL,,,,,,,
1379178.0,16,Unibet,2.5,4.7,1.16,API-FOOTBALL,,,,,,,
1379178.0,16,Unibet,0.5,1.22,3.85,API-FOOTBALL,,,,,,,
1379178.0,16,Unibet,2.5,1.15,4.6,API-FOOTBALL,,,,,,,
1379178.0,16,Unibet,3.5,1.37,2.85,API-FOOTBALL,,,,,,,
1379178.0,16,Unibet,8.5,6.4,1.07,API-FOOTBALL,,,,,,,
1379178.0,16,Unibet,4.5,1.72,1.97,API-FOOTBALL,,,,,,,
1379178.0,16,Unibet,7.5,4.5,1.15,API-FOOTBALL,,,,,,,
1379178.0,16,Unibet,5.5,2.3,1.53,API-FOOTBALL,,,,,,,
1379178.0,16,Unibet,6.5,3.2,1.29,API-FOOTBALL,,,,,,,
1379178.0,16,Unibet,2.5,1.12,5.2,API-FOOTBALL,,,,,,,
1379178.0,16,Unibet,3.5,1.3,3.15,API-FOOTBALL,,,,,,,
1379178.0,16,Unibet,8.5,5.5,1.1,API-FOOTBALL,,,,,,,
1379178.0,16,Unibet,9.5,7.5,1.04,API-FOOTBALL,,,,,,,
1379178.0,16,Unibet,4.5,1.6,2.16,API-FOOTBALL,,,,,,,
1379178.0,16,Unibet,7.5,3.95,1.2,API-FOOTBALL,,,,,,,
1379178.0,16,Unibet,5.5,2.08,1.66,API-FOOTBALL,,,,,,,
1379178.0,16,Unibet,6.5,2.8,1.37,API-FOOTBALL,,,,,,,
1379178.0,16,Unibet,1.5,1.09,5.8,API-FOOTBALL,,,,,,,
1379178.0,16,Unibet,2.5,1.32,3.05,API-FOOTBALL,,,,,,,
1379178.0,16,Unibet,3.5,1.76,1.93,API-FOOTBALL,,,,,,,
1379178.0,16,Unibet,4.5,2.55,1.44,API-FOOTBALL,,,,,,,
1379178.0,16,Unibet,5.5,3.9,1.2,API-FOOTBALL,,,,,,,
1379178.0,16,Unibet,6.5,6.0,1.09,API-FOOTBALL,,,,,,,
1379178.0,3,Betfair,1.5,1.25,3.7,API-FOOTBALL,,,,,,,
1379178.0,3,Betfair,2.5,1.87,1.87,API-FOOTBALL,,,,,,,
1379178.0,3,Betfair,3.5,3.4,1.29,API-FOOTBALL,,,,,,,
1379178.0,3,Betfair,0.5,1.02,11.0,API-FOOTBALL,,,,,,,
1379178.0,3,Betfair,4.5,7.0,1.08,API-FOOTBALL,,,,,,,
1379178.0,3,Betfair,5.5,13.0,1.01,API-FOOTBALL,,,,,,,
1379178.0,3,Betfair,1.5,2.88,1.36,API-FOOTBALL,,,,,,,
1379178.0,3,Betfair,2.5,7.5,1.06,API-FOOTBALL,,,,,,,
1379178.0,3,Betfair,0.5,1.36,3.1,API-FOOTBALL,,,,,,,
1379178.0,13,188Bet,2.5,1.96,1.94,API-FOOTBALL,,,,,,,
1379178.0,13,188Bet,1.0,1.95,1.95,API-FOOTBALL,,,,,,,
1379178.0,4,Pinnacle,1.5,1.29,3.75,API-FOOTBALL,,,,,,,
1379178.0,4,Pinnacle,1.75,1.36,3.29,API-FOOTBALL,,,,,,,
1379178.0,4,Pinnacle,2.0,1.46,2.84,API-FOOTBALL,,,,,,,
1379178.0,4,Pinnacle,2.25,1.72,2.21,API-FOOTBALL,,,,,,,
1379178.0,4,Pinnacle,2.5,1.98,1.91,API-FOOTBALL,,,,,,,
1379178.0,4,Pinnacle,2.75,2.23,1.71,API-FOOTBALL,,,,,,,
1379178.0,4,Pinnacle,3.5,3.31,1.35,API-FOOTBALL,,,,,,,
1379178.0,4,Pinnacle,3.0,2.68,1.51,API-FOOTBALL,,,,,,,
1379178.0,4,Pinnacle,3.25,2.99,1.41,API-FOOTBALL,,,,,,,
1379178.0,4,Pinnacle,1.5,3.03,1.39,API-FOOTBALL,,,,,,,
1379178.0,4,Pinnacle,0.5,1.41,2.92,API-FOOTBALL,,,,,,,
1379178.0,4,Pinnacle,0.75,1.58,2.4,API-FOOTBALL,,,,,,,
1379178.0,4,Pinnacle,1.0,1.95,1.88,API-FOOTBALL,,,,,,,
1379178.0,4,Pinnacle,1.25,2.5,1.54,API-FOOTBALL,,,,,,,
1379178.0,4,Pinnacle,4.5,1.73,2.04,API-FOOTBALL,,,,,,,
1379178.0,4,Pinnacle,5.5,2.06,1.71,API-FOOTBALL,,,,,,,
1379178.0,4,Pinnacle,4.0,2.26,1.64,API-FOOTBALL,,,,,,,
1379178.0,5,SBO,2.25,1.68,2.21,API-FOOTBALL,,,,,,,
1379178.0,5,SBO,2.5,1.92,1.94,API-FOOTBALL,,,,,,,
1379178.0,5,SBO,2.75,2.16,1.72,API-FOOTBALL,,,,,,,
1379178.0,5,SBO,3.0,2.58,1.49,API-FOOTBALL,,,,,,,
1379178.0,5,SBO,0.75,1.57,2.4,API-FOOTBALL,,,,,,,
1379178.0,5,SBO,1.0,1.92,1.94,API-FOOTBALL,,,,,,,
1379178.0,5,SBO,1.25,2.42,1.56,API-FOOTBALL,,,,,,,
1379178.0,11,1xBet,1.5,1.27,3.36,API-FOOTBALL,,,,,,,
1379178.0,11,1xBet,1.75,1.33,3.05,API-FOOTBALL,,,,,,,
1379178.0,11,1xBet,2.0,1.44,2.64,API-FOOTBALL,,,,,,,
1379178.0,11,1xBet,2.25,1.67,2.13,API-FOOTBALL,,,,,,,
1379178.0,11,1xBet,2.5,1.98,1.96,API-FOOTBALL,,,,,,,
1379178.0,11,1xBet,2.75,2.14,1.67,API-FOOTBALL,,,,,,,
1379178.0,11,1xBet,3.5,3.16,1.3,API-FOOTBALL,,,,,,,
1379178.0,11,1xBet,0.5,1.0,9.0,API-FOOTBALL,,,,,,,
1379178.0,11,1xBet,0.75,1.01,8.5,API-FOOTBALL,,,,,,,
1379178.0,11,1xBet,1.0,1.03,7.9,API-FOOTBALL,,,,,,,
1379178.0,11,1xBet,1.25,1.14,4.6,API-FOOTBALL,,,,,,,
1379178.0,11,1xBet,3.0,2.54,1.47,API-FOOTBALL,,,,,,,
1379178.0,11,1xBet,4.5,5.9,1.07,API-FOOTBALL,,,,,,,
1379178.0,11,1xBet,3.25,2.86,1.37,API-FOOTBALL,,,,,,,
1379178.0,11,1xBet,3.75,3.78,1.21,API-FOOTBALL,,,,,,,
1379178.0,11,1xBet,4.0,5.25,1.1,API-FOOTBALL,,,,,,,
1379178.0,11,1xBet,4.25,5.55,1.08,API-FOOTBALL,,,,,,,
1379178.0,11,1xBet,5.0,11.0,1.04,API-FOOTBALL,,,,,,,
1379178.0,11,1xBet,7.5,50.0,1.0,API-FOOTBALL,,,,,,,
1379178.0,11,1xBet,5.5,13.0,1.02,API-FOOTBALL,,,,,,,
1379178.0,11,1xBet,6.5,26.0,1.01,API-FOOTBALL,,,,,,,
1379178.0,11,1xBet,1.5,2.8,1.4,API-FOOTBALL,,,,,,,
1379178.0,11,1xBet,1.75,3.6,1.25,API-FOOTBALL,,,,,,,
1379178.0,11,1xBet,2.0,5.8,1.1,API-FOOTBALL,,,,,,,
1379178.0,11,1xBet,2.25,6.35,1.07,API-FOOTBALL,,,,,,,
1379178.0,11,1xBet,2.5,6.85,1.05,API-FOOTBALL,,,,,,,
1379178.0,11,1xBet,3.5,19.0,1.01,API-FOOTBALL,,,,,,,
1379178.0,11,1xBet,0.5,1.4,2.8,API-FOOTBALL,,,,,,,
1379178.0,11,1xBet,0.75,1.56,2.35,API-FOOTBALL,,,,,,,
1379178.0,11,1xBet,1.0,1.89,1.89,API-FOOTBALL,,,,,,,
1379178.0,11,1xBet,1.25,2.35,1.56,API-FOOTBALL,,,,,,,
1379178.0,11,1xBet,1.5,2.1,1.71,API-FOOTBALL,,,,,,,
1379178.0,11,1xBet,1.75,2.53,1.49,API-FOOTBALL,,,,,,,
1379178.0,11,1xBet,2.0,3.44,1.28,API-FOOTBALL,,,,,,,
1379178.0,11,1xBet,2.25,3.88,1.22,API-FOOTBALL,,,,,,,
1379178.0,11,1xBet,2.5,4.45,1.17,API-FOOTBALL,,,,,,,
1379178.0,11,1xBet,3.5,11.0,1.04,API-FOOTBALL,,,,,,,
1379178.0,11,1xBet,0.5,1.21,3.9,API-FOOTBALL,,,,,,,
1379178.0,11,1xBet,0.75,1.29,3.32,API-FOOTBALL,,,,,,,
1379178.0,11,1xBet,1.0,1.42,2.72,API-FOOTBALL,,,,,,,
1379178.0,11,1xBet,1.25,1.77,2.0,API-FOOTBALL,,,,,,,
1379178.0,11,1xBet,3.5,1.36,2.78,API-FOOTBALL,,,,,,,
1379178.0,11,1xBet,4.5,1.74,1.97,API-FOOTBALL,,,,,,,
1379178.0,11,1xBet,4.0,1.48,2.41,API-FOOTBALL,,,,,,,
1379178.0,11,1xBet,5.0,2.0,1.69,API-FOOTBALL,,,,,,,
1379178.0,11,1xBet,5.5,2.29,1.53,API-FOOTBALL,,,,,,,
1379178.0,11,1xBet,6.5,3.2,1.28,API-FOOTBALL,,,,,,,
1379178.0,11,1xBet,6.0,2.87,1.34,API-FOOTBALL,,,,,,,
1379178.0,11,1xBet,3.5,1.29,3.17,API-FOOTBALL,,,,,,,
1379178.0,11,1xBet,4.5,1.59,2.15,API-FOOTBALL,,,,,,,
1379178.0,11,1xBet,4.0,1.37,2.77,API-FOOTBALL,,,,,,,
1379178.0,11,1xBet,5.0,1.81,1.9,API-FOOTBALL,,,,,,,
1379178.0,11,1xBet,5.5,2.06,1.65,API-FOOTBALL,,,,,,,
1379178.0,11,1xBet,6.5,2.8,1.36,API-FOOTBALL,,,,,,,
1379178.0,11,1xBet,6.0,2.48,1.45,API-FOOTBALL,,,,,,,
1379178.0,11,1xBet,3.5,1.67,2.1,API-FOOTBALL,,,,,,,
1379178.0,32,Betano,1.5,1.31,3.45,API-FOOTBALL,,,,,,,
1379178.0,32,Betano,1.75,1.39,3.15,API-FOOTBALL,,,,,,,
1379178.0,32,Betano,2.0,1.5,2.7,API-FOOTBALL,,,,,,,
1379178.0,32,Betano,2.25,1.72,2.18,API-FOOTBALL,,,,,,,
1379178.0,32,Betano,2.5,1.95,1.9,API-FOOTBALL,,,,,,,
1379178.0,32,Betano,2.75,2.22,1.7,API-FOOTBALL,,,,,,,
1379178.0,32,Betano,3.5,3.25,1.34,API-FOOTBALL,,,,,,,
1379178.0,32,Betano,0.5,1.07,9.0,API-FOOTBALL,,,,,,,
1379178.0,32,Betano,3.0,2.67,1.5,API-FOOTBALL,,,,,,,
1379178.0,32,Betano,4.5,6.1,1.13,API-FOOTBALL,,,,,,,
1379178.0,32,Betano,3.25,3.0,1.42,API-FOOTBALL,,,,,,,
1379178.0,32,Betano,5.5,10.75,1.04,API-FOOTBALL,,,,,,,
1379178.0,32,Betano,6.5,16.0,1.02,API-FOOTBALL,,,,,,,
1379178.0,32,Betano,1.5,2.95,1.4,API-FOOTBALL,,,,,,,
1379178.0,32,Betano,2.5,6.8,1.1,API-FOOTBALL,,,,,,,
1379178.0,32,Betano,3.5,12.5,1.02,API-FOOTBALL,,,,,,,
1379178.0,32,Betano,0.5,1.45,2.77,API-FOOTBALL,,,,,,,
1379178.0,32,Betano,0.75,1.62,2.32,API-FOOTBALL,,,,,,,
1379178.0,32,Betano,1.0,1.98,1.85,API-FOOTBALL,,,,,,,
1379178.0,32,Betano,1.25,2.47,1.55,API-FOOTBALL,,,,,,,
1379178.0,32,Betano,4.5,16.5,1.01,API-FOOTBALL,,,,,,,
1379178.0,32,Betano,1.5,2.05,1.75,API-FOOTBALL,,,,,,,
1379178.0,32,Betano,2.5,4.15,1.22,API-FOOTBALL,,,,,,,
1379178.0,32,Betano,0.5,1.24,3.95,API-FOOTBALL,,,,,,,
1379178.0,32,Betano,1.5,1.13,5.4,API-FOOTBALL,,,,,,,
1379178.0,32,Betano,2.5,1.3,3.35,API-FOOTBALL,,,,,,,
1379178.0,32,Betano,3.5,1.65,2.15,API-FOOTBALL,,,,,,,
1379178.0,32,Betano,4.5,2.3,1.57,API-FOOTBALL,,,,,,,
1379178.0,32,Betano,4.0,1.95,1.83,API-FOOTBALL,,,,,,,
1379178.0,32,Betano,5.5,3.3,1.3,API-FOOTBALL,,,,,,,
1379178.0,32,Betano,6.5,4.9,1.15,API-FOOTBALL,,,,,,,
1379178.0,34,Superbet,1.5,1.29,3.6,API-FOOTBALL,,,,,,,
1379178.0,34,Superbet,2.5,1.92,1.88,API-FOOTBALL,,,,,,,
1379178.0,34,Superbet,3.5,3.25,1.34,API-FOOTBALL,,,,,,,
1379178.0,34,Superbet,0.5,1.06,9.9,API-FOOTBALL,,,,,,,
1379178.0,34,Superbet,4.5,6.4,1.12,API-FOOTBALL,,,,,,,
1379178.0,34,Superbet,5.5,13.0,1.04,API-FOOTBALL,,,,,,,
1379178.0,34,Superbet,6.5,29.0,1.01,API-FOOTBALL,,,,,,,
1379178.0,34,Superbet,1.5,3.0,1.39,API-FOOTBALL,,,,,,,
1379178.0,34,Superbet,2.5,7.8,1.09,API-FOOTBALL,,,,,,,
1379178.0,34,Superbet,3.5,23.0,1.01,API-FOOTBALL,,,,,,,
1379178.0,34,Superbet,0.5,1.43,2.87,API-FOOTBALL,,,,,,,
1379178.0,34,Superbet,4.5,50.0,1.0,API-FOOTBALL,,,,,,,
1379178.0,34,Superbet,1.5,2.07,1.77,API-FOOTBALL,,,,,,,
1379178.0,34,Superbet,2.5,4.35,1.22,API-FOOTBALL,,,,,,,
1379178.0,34,Superbet,3.5,10.0,1.06,API-FOOTBALL,,,,,,,
1379178.0,34,Superbet,0.5,1.23,4.2,API-FOOTBALL,,,,,,,
1379178.0,34,Superbet,4.5,28.0,1.01,API-FOOTBALL,,,,,,,
1379178.0,34,Superbet,1.5,1.04,9.7,API-FOOTBALL,,,,,,,
1379178.0,34,Superbet,2.5,1.16,4.85,API-FOOTBALL,,,,,,,
1379178.0,34,Superbet,3.5,1.38,2.92,API-FOOTBALL,,,,,,,
1379178.0,34,Superbet,0.5,1.0,30.0,API-FOOTBALL,,,,,,,
1379178.0,34,Superbet,8.5,7.0,1.08,API-FOOTBALL,,,,,,,
1379178.0,34,Superbet,9.5,10.0,1.04,API-FOOTBALL,,,,,,,
1379178.0,34,Superbet,10.5,17.0,1.01,API-FOOTBALL,,,,,,,
1379178.0,34,Superbet,4.5,1.74,2.02,API-FOOTBALL,,,,,,,
1379178.0,34,Superbet,7.5,4.75,1.16,API-FOOTBALL,,,,,,,
1379178.0,34,Superbet,5.5,2.35,1.56,API-FOOTBALL,,,,,,,
1379178.0,34,Superbet,6.5,3.3,1.31,API-FOOTBALL,,,,,,,
1379178.0,34,Superbet,1.5,1.03,12.0,API-FOOTBALL,,,,,,,
1379178.0,34,Superbet,2.5,1.11,5.85,API-FOOTBALL,,,,,,,
1379178.0,34,Superbet,3.5,1.29,3.4,API-FOOTBALL,,,,,,,
1379178.0,34,Superbet,0.5,1.0,38.0,API-FOOTBALL,,,,,,,
1379178.0,34,Superbet,8.5,5.7,1.12,API-FOOTBALL,,,,,,,
1379178.0,34,Superbet,9.5,8.2,1.06,API-FOOTBALL,,,,,,,
1379178.0,34,Superbet,10.5,13.0,1.02,API-FOOTBALL,,,,,,,
1379178.0,34,Superbet,4.5,1.58,2.3,API-FOOTBALL,,,,,,,
1379178.0,34,Superbet,7.5,3.9,1.23,API-FOOTBALL,,,,,,,
1379178.0,34,Superbet,5.5,2.05,1.72,API-FOOTBALL,,,,,,,
1379178.0,34,Superbet,6.5,2.8,1.41,API-FOOTBALL,,,,,,,
1379178.0,34,Superbet,1.5,1.1,5.2,API-FOOTBALL,,,,,,,
1379178.0,34,Superbet,2.5,1.35,2.87,API-FOOTBALL,,,,,,,
1379178.0,34,Superbet,3.5,1.85,1.9,API-FOOTBALL,,,,,,,
1379178.0,34,Superbet,4.5,2.62,1.42,API-FOOTBALL,,,,,,,
1379178.0,34,Superbet,5.5,3.9,1.19,API-FOOTBALL,,,,,,,
1382729.0,1,10Bet,1.5,1.3,3.35,API-FOOTBALL,,,,,,,
1382729.0,1,10Bet,2.5,1.93,1.85,API-FOOTBALL,,,,,,,
1382729.0,1,10Bet,3.5,3.35,1.3,API-FOOTBALL,,,,,,,
1382729.0,1,10Bet,0.5,1.06,8.5,API-FOOTBALL,,,,,,,
1382729.0,1,10Bet,4.5,6.5,1.1,API-FOOTBALL,,,,,,,
1382729.0,1,10Bet,1.5,2.65,1.42,API-FOOTBALL,,,,,,,
1382729.0,1,10Bet,2.5,6.25,1.08,API-FOOTBALL,,,,,,,
1382729.0,1,10Bet,0.5,1.38,2.8,API-FOOTBALL,,,,,,,
1382729.0,1,10Bet,1.5,2.1,1.65,API-FOOTBALL,,,,,,,
1382729.0,1,10Bet,2.5,4.5,1.17,API-FOOTBALL,,,,,,,
1382729.0,1,10Bet,0.5,1.22,3.7,API-FOOTBALL,,,,,,,
1382729.0,7,William Hill,1.5,2.8,1.4,API-FOOTBALL,,,,,,,
1382729.0,7,William Hill,2.5,7.0,1.08,API-FOOTBALL,,,,,,,
1382729.0,7,William Hill,3.5,23.0,1.02,API-FOOTBALL,,,,,,,
1382729.0,7,William Hill,0.5,1.36,2.9,API-FOOTBALL,,,,,,,
1382729.0,7,William Hill,1.5,2.15,1.62,API-FOOTBALL,,,,,,,
1382729.0,7,William Hill,2.5,4.8,1.17,API-FOOTBALL,,,,,,,
1382729.0,7,William Hill,3.5,13.0,1.04,API-FOOTBALL,,,,,,,
1382729.0,7,William Hill,0.5,1.25,3.5,API-FOOTBALL,,,,,,,
1382729.0,8,Bet365,1.5,1.3,3.5,API-FOOTBALL,,,,,,,
1382729.0,8,Bet365,2.5,2.0,1.8,API-FOOTBALL,,,,,,,
1382729.0,8,Bet365,3.5,3.5,1.3,API-FOOTBALL,,,,,,,
1382729.0,8,Bet365,0.5,1.06,10.0,API-FOOTBALL,,,,,,,
1382729.0,8,Bet365,4.5,6.5,1.11,API-FOOTBALL,,,,,,,
1382729.0,8,Bet365,7.5,51.0,1.0,API-FOOTBALL,,,,,,,
1382729.0,8,Bet365,5.5,15.0,1.03,API-FOOTBALL,,,,,,,
1382729.0,8,Bet365,6.5,29.0,1.01,API-FOOTBALL,,,,,,,
1382729.0,8,Bet365,1.5,3.0,1.36,API-FOOTBALL,,,,,,,
1382729.0,8,Bet365,2.5,8.0,1.08,API-FOOTBALL,,,,,,,
1382729.0,8,Bet365,3.5,23.0,1.01,API-FOOTBALL,,,,,,,
1382729.0,8,Bet365,0.5,1.4,2.75,API-FOOTBALL,,,,,,,
1382729.0,8,Bet365,1.5,2.1,1.67,API-FOOTBALL,,,,,,,
1382729.0,8,Bet365,2.5,4.5,1.18,API-FOOTBALL,,,,,,,
1382729.0,8,Bet365,3.5,13.0,1.04,API-FOOTBALL,,,,,,,
1382729.0,8,Bet365,0.5,1.25,3.75,API-FOOTBALL,,,,,,,
1382729.0,8,Bet365,4.5,1.73,2.0,API-FOOTBALL,,,,,,,
1382729.0,8,Bet365,5.5,2.1,1.67,API-FOOTBALL,,,,,,,
1382729.0,8,Bet365,4.5,1.95,1.85,API-FOOTBALL,,,,,,,
1382729.0,8,Bet365,4.0,1.9,1.9,API-FOOTBALL,,,,,,,
1382729.0,2,Marathonbet,1.5,1.28,3.12,API-FOOTBALL,,,,,,,
1382729.0,2,Marathonbet,1.75,1.35,2.81,API-FOOTBALL,,,,,,,
1382729.0,2,Marathonbet,2.0,1.47,2.44,API-FOOTBALL,,,,,,,
1382729.0,2,Marathonbet,2.25,1.72,1.99,API-FOOTBALL,,,,,,,
1382729.0,2,Marathonbet,2.5,1.99,1.79,API-FOOTBALL,,,,,,,
1382729.0,2,Marathonbet,2.75,2.23,1.57,API-FOOTBALL,,,,,,,
1382729.0,2,Marathonbet,3.5,3.3,1.25,API-FOOTBALL,,,,,,,
1382729.0,2,Marathonbet,0.5,1.01,8.7,API-FOOTBALL,,,,,,,
1382729.0,2,Marathonbet,0.75,1.02,8.0,API-FOOTBALL,,,,,,,
1382729.0,2,Marathonbet,1.0,1.03,7.3,API-FOOTBALL,,,,,,,
1382729.0,2,Marathonbet,1.25,1.15,4.25,API-FOOTBALL,,,,,,,
1382729.0,2,Marathonbet,3.0,2.69,1.39,API-FOOTBALL,,,,,,,
1382729.0,2,Marathonbet,4.5,6.45,1.05,API-FOOTBALL,,,,,,,
1382729.0,2,Marathonbet,3.25,3.0,1.31,API-FOOTBALL,,,,,,,
1382729.0,2,Marathonbet,3.75,4.15,1.16,API-FOOTBALL,,,,,,,
1382729.0,2,Marathonbet,4.0,5.7,1.08,API-FOOTBALL,,,,,,,
1382729.0,2,Marathonbet,4.25,6.05,1.06,API-FOOTBALL,,,,,,,
1382729.0,2,Marathonbet,1.5,2.89,1.36,API-FOOTBALL,,,,,,,
1382729.0,2,Marathonbet,2.0,6.1,1.08,API-FOOTBALL,,,,,,,
1382729.0,2,Marathonbet,2.5,7.2,1.04,API-FOOTBALL,,,,,,,
1382729.0,2,Marathonbet,0.5,1.41,2.69,API-FOOTBALL,,,,,,,
1382729.0,2,Marathonbet,1.0,1.94,1.81,API-FOOTBALL,,,,,,,
1382729.0,2,Marathonbet,1.5,2.18,1.64,API-FOOTBALL,,,,,,,
1382729.0,2,Marathonbet,2.0,3.64,1.24,API-FOOTBALL,,,,,,,
1382729.0,2,Marathonbet,2.5,4.7,1.14,API-FOOTBALL,,,,,,,
1382729.0,2,Marathonbet,0.5,1.22,3.66,API-FOOTBALL,,,,,,,
1382729.0,2,Marathonbet,1.0,1.46,2.53,API-FOOTBALL,,,,,,,
1382729.0,16,Unibet,1.5,1.3,3.1,API-FOOTBALL,,,,,,,
1382729.0,16,Unibet,1.75,1.44,2.65,API-FOOTBALL,,,,,,,
1382729.0,16,Unibet,2.0,1.5,2.33,API-FOOTBALL,,,,,,,
1382729.0,16,Unibet,2.25,1.77,1.91,API-FOOTBALL,,,,,,,
1382729.0,16,Unibet,2.5,2.02,1.68,API-FOOTBALL,,,,,,,
1382729.0,16,Unibet,2.75,2.33,1.52,API-FOOTBALL,,,,,,,
1382729.0,16,Unibet,3.5,3.55,1.24,API-FOOTBALL,,,,,,,
1382729.0,16,Unibet,0.5,1.04,9.0,API-FOOTBALL,,,,,,,
1382729.0,16,Unibet,3.0,2.9,1.35,API-FOOTBALL,,,,,,,
1382729.0,16,Unibet,4.5,6.75,1.07,API-FOOTBALL,,,,,,,
1382729.0,16,Unibet,3.25,3.25,1.28,API-FOOTBALL,,,,,,,
1382729.0,16,Unibet,3.75,4.4,1.16,API-FOOTBALL,,,,,,,
1382729.0,16,Unibet,4.0,6.25,1.08,API-FOOTBALL,,,,,,,
1382729.0,16,Unibet,4.25,6.5,1.07,API-FOOTBALL,,,,,,,
1382729.0,16,Unibet,1.5,2.8,1.36,API-FOOTBALL,,,,,,,
1382729.0,16,Unibet,1.75,3.65,1.23,API-FOOTBALL,,,,,,,
1382729.0,16,Unibet,2.0,5.8,1.09,API-FOOTBALL,,,,,,,
1382729.0,16,Unibet,2.25,6.25,1.08,API-FOOTBALL,,,,,,,
1382729.0,16,Unibet,2.5,6.75,1.07,API-FOOTBALL,,,,,,,
1382729.0,16,Unibet,0.5,1.38,2.8,API-FOOTBALL,,,,,,,
1382729.0,16,Unibet,0.75,1.62,2.16,API-FOOTBALL,,,,,,,
1382729.0,16,Unibet,1.0,1.86,1.83,API-FOOTBALL,,,,,,,
1382729.0,16,Unibet,1.25,2.35,1.5,API-FOOTBALL,,,,,,,
1382729.0,16,Unibet,1.5,2.28,1.55,API-FOOTBALL,,,,,,,
1382729.0,16,Unibet,0.5,1.25,3.5,API-FOOTBALL,,,,,,,
1382729.0,16,Unibet,3.5,1.4,2.7,API-FOOTBALL,,,,,,,
1382729.0,16,Unibet,4.5,1.76,1.92,API-FOOTBALL,,,,,,,
1382729.0,16,Unibet,5.5,2.35,1.5,API-FOOTBALL,,,,,,,
1382729.0,16,Unibet,6.5,3.25,1.29,API-FOOTBALL,,,,,,,
1382729.0,16,Unibet,3.5,1.35,2.88,API-FOOTBALL,,,,,,,
1382729.0,16,Unibet,4.5,1.7,2.0,API-FOOTBALL,,,,,,,
1382729.0,16,Unibet,5.5,2.23,1.56,API-FOOTBALL,,,,,,,
1382729.0,16,Unibet,6.5,3.05,1.32,API-FOOTBALL,,,,,,,
1382729.0,16,Unibet,3.5,2.0,1.63,API-FOOTBALL,,,,,,,
1382729.0,16,Unibet,4.5,1.83,1.77,API-FOOTBALL,,,,,,,
1382729.0,3,Betfair,1.5,1.3,3.4,API-FOOTBALL,,,,,,,
1382729.0,3,Betfair,2.5,2.0,1.8,API-FOOTBALL,,,,,,,
1382729.0,3,Betfair,3.5,3.5,1.29,API-FOOTBALL,,,,,,,
1382729.0,3,Betfair,0.5,1.05,9.0,API-FOOTBALL,,,,,,,
1382729.0,3,Betfair,4.5,7.5,1.08,API-FOOTBALL,,,,,,,
1382729.0,3,Betfair,5.5,15.0,1.01,API-FOOTBALL,,,,,,,
1382729.0,3,Betfair,1.5,2.88,1.36,API-FOOTBALL,,,,,,,
1382729.0,3,Betfair,2.5,7.5,1.06,API-FOOTBALL,,,,,,,
1382729.0,3,Betfair,0.5,1.36,2.88,API-FOOTBALL,,,,,,,
1382729.0,13,188Bet,2.5,2.02,1.86,API-FOOTBALL,,,,,,,
1382729.0,13,188Bet,1.0,2.01,1.87,API-FOOTBALL,,,,,,,
1382729.0,4,Pinnacle,1.5,1.32,3.45,API-FOOTBALL,,,,,,,
1382729.0,4,Pinnacle,2.0,1.52,2.6,API-FOOTBALL,,,,,,,
1382729.0,4,Pinnacle,2.25,1.79,2.08,API-FOOTBALL,,,,,,,
1382729.0,4,Pinnacle,2.5,2.06,1.82,API-FOOTBALL,,,,,,,
1382729.0,4,Pinnacle,2.75,2.36,1.62,API-FOOTBALL,,,,,,,
1382729.0,4,Pinnacle,3.5,3.61,1.3,API-FOOTBALL,,,,,,,
1382729.0,4,Pinnacle,3.0,2.91,1.43,API-FOOTBALL,,,,,,,
1382729.0,4,Pinnacle,4.5,7.18,1.11,API-FOOTBALL,,,,,,,
1382729.0,4,Pinnacle,1.5,3.01,1.38,API-FOOTBALL,,,,,,,
1382729.0,4,Pinnacle,0.5,1.4,2.94,API-FOOTBALL,,,,,,,
1382729.0,4,Pinnacle,0.75,1.56,2.42,API-FOOTBALL,,,,,,,
1382729.0,4,Pinnacle,1.0,1.93,1.88,API-FOOTBALL,,,,,,,
1382729.0,4,Pinnacle,1.25,2.48,1.54,API-FOOTBALL,,,,,,,
1382729.0,4,Pinnacle,4.5,1.69,2.04,API-FOOTBALL,,,,,,,
1382729.0,4,Pinnacle,4.5,1.71,2.01,API-FOOTBALL,,,,,,,
1382729.0,5,SBO,2.25,1.77,2.07,API-FOOTBALL,,,,,,,
1382729.0,5,SBO,2.5,2.01,1.83,API-FOOTBALL,,,,,,,
1382729.0,5,SBO,1.0,1.95,1.87,API-FOOTBALL,,,,,,,
1382729.0,11,1xBet,1.5,1.28,3.12,API-FOOTBALL,,,,,,,
1382729.0,11,1xBet,1.75,1.35,2.81,API-FOOTBALL,,,,,,,
1382729.0,11,1xBet,2.0,1.47,2.44,API-FOOTBALL,,,,,,,
1382729.0,11,1xBet,2.25,1.72,1.99,API-FOOTBALL,,,,,,,
1382729.0,11,1xBet,2.5,1.99,1.79,API-FOOTBALL,,,,,,,
1382729.0,11,1xBet,2.75,2.23,1.57,API-FOOTBALL,,,,,,,
1382729.0,11,1xBet,3.5,3.3,1.25,API-FOOTBALL,,,,,,,
1382729.0,11,1xBet,0.5,1.01,8.7,API-FOOTBALL,,,,,,,
1382729.0,11,1xBet,0.75,1.02,8.0,API-FOOTBALL,,,,,,,
1382729.0,11,1xBet,1.0,1.03,7.3,API-FOOTBALL,,,,,,,
1382729.0,11,1xBet,1.25,1.15,4.25,API-FOOTBALL,,,,,,,
1382729.0,11,1xBet,3.0,2.69,1.39,API-FOOTBALL,,,,,,,
1382729.0,11,1xBet,4.5,6.45,1.05,API-FOOTBALL,,,,,,,
1382729.0,11,1xBet,3.25,3.0,1.31,API-FOOTBALL,,,,,,,
1382729.0,11,1xBet,3.75,4.15,1.16,API-FOOTBALL,,,,,,,
1382729.0,11,1xBet,4.0,5.7,1.08,API-FOOTBALL,,,,,,,
1382729.0,11,1xBet,4.25,6.05,1.06,API-FOOTBALL,,,,,,,
1382729.0,11,1xBet,5.0,9.6,1.02,API-FOOTBALL,,,,,,,
1382729.0,11,1xBet,7.5,50.0,1.0,API-FOOTBALL,,,,,,,
1382729.0,11,1xBet,5.5,12.0,1.02,API-FOOTBALL,,,,,,,
1382729.0,11,1xBet,6.5,29.0,1.01,API-FOOTBALL,,,,,,,
1382729.0,11,1xBet,1.5,2.89,1.36,API-FOOTBALL,,,,,,,
1382729.0,11,1xBet,1.75,3.74,1.22,API-FOOTBALL,,,,,,,
1382729.0,11,1xBet,2.0,6.1,1.08,API-FOOTBALL,,,,,,,
1382729.0,11,1xBet,2.25,6.65,1.05,API-FOOTBALL,,,,,,,
1382729.0,11,1xBet,2.5,7.2,1.04,API-FOOTBALL,,,,,,,
1382729.0,11,1xBet,3.5,15.0,1.01,API-FOOTBALL,,,,,,,
1382729.0,11,1xBet,0.5,1.41,2.69,API-FOOTBALL,,,,,,,
1382729.0,11,1xBet,0.75,1.58,2.26,API-FOOTBALL,,,,,,,
1382729.0,11,1xBet,1.0,1.94,1.81,API-FOOTBALL,,,,,,,
1382729.0,11,1xBet,1.25,2.42,1.51,API-FOOTBALL,,,,,,,
1382729.0,11,1xBet,3.0,11.0,1.01,API-FOOTBALL,,,,,,,
1382729.0,11,1xBet,1.5,2.18,1.64,API-FOOTBALL,,,,,,,
1382729.0,11,1xBet,1.75,2.62,1.44,API-FOOTBALL,,,,,,,
1382729.0,11,1xBet,2.0,3.64,1.24,API-FOOTBALL,,,,,,,
1382729.0,11,1xBet,2.25,4.25,1.18,API-FOOTBALL,,,,,,,
1382729.0,11,1xBet,2.5,4.7,1.14,API-FOOTBALL,,,,,,,
1382729.0,11,1xBet,3.5,13.0,1.04,API-FOOTBALL,,,,,,,
1382729.0,11,1xBet,0.5,1.22,3.66,API-FOOTBALL,,,,,,,
1382729.0,11,1xBet,0.75,1.31,3.1,API-FOOTBALL,,,,,,,
1382729.0,11,1xBet,1.0,1.46,2.53,API-FOOTBALL,,,,,,,
1382729.0,11,1xBet,1.25,1.83,1.89,API-FOOTBALL,,,,,,,
1382729.0,11,1xBet,3.0,8.45,1.04,API-FOOTBALL,,,,,,,
1382729.0,11,1xBet,3.5,1.38,2.72,API-FOOTBALL,,,,,,,
1382729.0,11,1xBet,4.5,1.78,1.93,API-FOOTBALL,,,,,,,
1382729.0,11,1xBet,4.0,1.51,2.32,API-FOOTBALL,,,,,,,
1382729.0,11,1xBet,5.0,2.04,1.66,API-FOOTBALL,,,,,,,
1382729.0,11,1xBet,5.5,2.36,1.5,API-FOOTBALL,,,,,,,
1382729.0,11,1xBet,6.5,3.29,1.27,API-FOOTBALL,,,,,,,
1382729.0,11,1xBet,6.0,2.95,1.33,API-FOOTBALL,,,,,,,
1382729.0,11,1xBet,3.5,1.33,2.92,API-FOOTBALL,,,,,,,
1382729.0,11,1xBet,4.5,1.68,2.02,API-FOOTBALL,,,,,,,
1382729.0,11,1xBet,4.0,1.44,2.52,API-FOOTBALL,,,,,,,
1382729.0,11,1xBet,5.0,1.94,1.77,API-FOOTBALL,,,,,,,
1382729.0,11,1xBet,5.5,2.2,1.57,API-FOOTBALL,,,,,,,
1382729.0,11,1xBet,6.5,3.05,1.31,API-FOOTBALL,,,,,,,
1382729.0,11,1xBet,6.0,2.72,1.38,API-FOOTBALL,,,,,,,
1382729.0,11,1xBet,4.5,1.83,1.83,API-FOOTBALL,,,,,,,
1382729.0,32,Betano,1.5,1.35,3.25,API-FOOTBALL,,,,,,,
1382729.0,32,Betano,1.75,1.44,2.92,API-FOOTBALL,,,,,,,
1382729.0,32,Betano,2.0,1.55,2.55,API-FOOTBALL,,,,,,,
1382729.0,32,Betano,2.25,1.8,2.07,API-FOOTBALL,,,,,,,
1382729.0,32,Betano,2.5,2.05,1.82,API-FOOTBALL,,,,,,,
1382729.0,32,Betano,2.75,2.35,1.62,API-FOOTBALL,,,,,,,
1382729.0,32,Betano,3.5,3.5,1.31,API-FOOTBALL,,,,,,,
1382729.0,32,Betano,0.5,1.07,8.5,API-FOOTBALL,,,,,,,
1382729.0,32,Betano,3.0,2.87,1.44,API-FOOTBALL,,,,,,,
1382729.0,32,Betano,4.5,6.6,1.11,API-FOOTBALL,,,,,,,
1382729.0,32,Betano,3.25,3.25,1.37,API-FOOTBALL,,,,,,,
1382729.0,32,Betano,5.5,11.5,1.04,API-FOOTBALL,,,,,,,
1382729.0,32,Betano,6.5,16.5,1.01,API-FOOTBALL,,,,,,,
1382729.0,32,Betano,1.5,2.72,1.47,API-FOOTBALL,,,,,,,
1382729.0,32,Betano,2.5,6.1,1.12,API-FOOTBALL,,,,,,,
1382729.0,32,Betano,3.5,11.75,1.03,API-FOOTBALL,,,,,,,
1382729.0,32,Betano,0.5,1.4,2.95,API-FOOTBALL,,,,,,,
1382729.0,32,Betano,0.75,1.55,2.5,API-FOOTBALL,,,,,,,
1382729.0,32,Betano,1.0,1.82,2.0,API-FOOTBALL,,,,,,,
1382729.0,32,Betano,1.25,2.27,1.65,API-FOOTBALL,,,,,,,
1382729.0,32,Betano,1.5,2.35,1.57,API-FOOTBALL,,,,,,,
1382729.0,32,Betano,2.5,5.0,1.16,API-FOOTBALL,,,,,,,
1382729.0,32,Betano,0.5,1.31,3.4,API-FOOTBALL,,,,,,,
1382729.0,32,Betano,4.5,1.87,1.87,API-FOOTBALL,,,,,,,
1382729.0,34,Superbet,1.5,1.33,3.35,API-FOOTBALL,,,,,,,
1382729.0,34,Superbet,2.5,2.02,1.8,API-FOOTBALL,,,,,,,
1382729.0,34,Superbet,3.5,3.55,1.3,API-FOOTBALL,,,,,,,
1382729.0,34,Superbet,0.5,1.06,9.5,API-FOOTBALL,,,,,,,
1382729.0,34,Superbet,4.5,7.0,1.1,API-FOOTBALL,,,,,,,
1382729.0,34,Superbet,5.5,15.0,1.03,API-FOOTBALL,,,,,,,
1382729.0,34,Superbet,6.5,34.0,1.01,API-FOOTBALL,,,,,,,
1382729.0,34,Superbet,1.5,2.92,1.39,API-FOOTBALL,,,,,,,
1382729.0,34,Superbet,2.5,7.4,1.08,API-FOOTBALL,,,,,,,
1382729.0,34,Superbet,3.5,21.0,1.01,API-FOOTBALL,,,,,,,
1382729.0,34,Superbet,0.5,1.41,2.85,API-FOOTBALL,,,,,,,
1382729.0,34,Superbet,4.5,50.0,1.0,API-FOOTBALL,,,,,,,
1382729.0,34,Superbet,1.5,2.22,1.64,API-FOOTBALL,,,,,,,
1382729.0,34,Superbet,2.5,4.9,1.17,API-FOOTBALL,,,,,,,
1382729.0,34,Superbet,3.5,12.0,1.03,API-FOOTBALL,,,,,,,
1382729.0,34,Superbet,0.5,1.27,3.7,API-FOOTBALL,,,,,,,
1382729.0,34,Superbet,4.5,32.0,1.0,API-FOOTBALL,,,,,,,
1382729.0,34,Superbet,1.5,1.03,9.8,API-FOOTBALL,,,,,,,
1382729.0,34,Superbet,2.5,1.14,5.0,API-FOOTBALL,,,,,,,
1382729.0,34,Superbet,3.5,1.36,2.9,API-FOOTBALL,,,,,,,
1382729.0,34,Superbet,4.5,1.72,2.0,API-FOOTBALL,,,,,,,
1382729.0,34,Superbet,7.5,4.45,1.17,API-FOOTBALL,,,,,,,
1382729.0,34,Superbet,5.5,2.27,1.56,API-FOOTBALL,,,,,,,
1382729.0,34,Superbet,6.5,3.15,1.31,API-FOOTBALL,,,,,,,
1382729.0,34,Superbet,1.5,1.03,9.8,API-FOOTBALL,,,,,,,
1382729.0,34,Superbet,2.5,1.14,4.9,API-FOOTBALL,,,,,,,
1382729.0,34,Superbet,3.5,1.35,2.95,API-FOOTBALL,,,,,,,
1382729.0,34,Superbet,4.5,1.71,2.02,API-FOOTBALL,,,,,,,
1382729.0,34,Superbet,7.5,4.45,1.17,API-FOOTBALL,,,,,,,
1382729.0,34,Superbet,5.5,2.27,1.56,API-FOOTBALL,,,,,,,
1382729.0,34,Superbet,6.5,3.15,1.31,API-FOOTBALL,,,,,,,
1382729.0,34,Superbet,3.5,1.39,2.55,API-FOOTBALL,,,,,,,
1382729.0,34,Superbet,4.5,1.83,1.83,API-FOOTBALL,,,,,,,
1382729.0,34,Superbet,5.5,2.47,1.42,API-FOOTBALL,,,,,,,
1382731.0,1,10Bet,1.5,1.2,4.33,API-FOOTBALL,,,,,,,
1382731.0,1,10Bet,2.5,1.65,2.2,API-FOOTBALL,,,,,,,
1382731.0,1,10Bet,3.5,2.55,1.5,API-FOOTBALL,,,,,,,
1382731.0,1,10Bet,0.5,1.04,10.0,API-FOOTBALL,,,,,,,
1382731.0,1,10Bet,4.5,4.5,1.2,API-FOOTBALL,,,,,,,
1382731.0,1,10Bet,1.5,2.35,1.53,API-FOOTBALL,,,,,,,
1382731.0,1,10Bet,2.5,5.25,1.12,API-FOOTBALL,,,,,,,
1382731.0,1,10Bet,0.5,1.3,3.2,API-FOOTBALL,,,,,,,
1382731.0,1,10Bet,1.5,1.77,1.95,API-FOOTBALL,,,,,,,
1382731.0,1,10Bet,2.5,3.35,1.28,API-FOOTBALL,,,,,,,
1382731.0,1,10Bet,0.5,1.15,4.75,API-FOOTBALL,,,,,,,
1382731.0,7,William Hill,1.5,2.38,1.53,API-FOOTBALL,,,,,,,
1382731.0,7,William Hill,2.5,5.5,1.12,API-FOOTBALL,,,,,,,
1382731.0,7,William Hill,3.5,15.0,1.03,API-FOOTBALL,,,,,,,
1382731.0,7,William Hill,0.5,1.29,3.4,API-FOOTBALL,,,,,,,
1382731.0,7,William Hill,1.5,1.91,1.8,API-FOOTBALL,,,,,,,
1382731.0,7,William Hill,2.5,3.8,1.22,API-FOOTBALL,,,,,,,
1382731.0,7,William Hill,3.5,9.0,1.06,API-FOOTBALL,,,,,,,
1382731.0,7,William Hill,0.5,1.2,4.2,API-FOOTBALL,,,,,,,
1382731.0,8,Bet365,1.5,1.2,4.5,API-FOOTBALL,,,,,,,
1382731.0,8,Bet365,2.5,1.67,2.2,API-FOOTBALL,,,,,,,
1382731.0,8,Bet365,3.5,2.62,1.5,API-FOOTBALL,,,,,,,
1382731.0,8,Bet365,0.5,1.04,13.0,API-FOOTBALL,,,,,,,
1382731.0,8,Bet365,4.5,4.5,1.2,API-FOOTBALL,,,,,,,
1382731.0,8,Bet365,7.5,34.0,1.0,API-FOOTBALL,,,,,,,
1382731.0,8,Bet365,5.5,9.0,1.07,API-FOOTBALL,,,,,,,
1382731.0,8,Bet365,6.5,19.0,1.02,API-FOOTBALL,,,,,,,
1382731.0,8,Bet365,1.5,2.38,1.53,API-FOOTBALL,,,,,,,
1382731.0,8,Bet365,2.5,6.0,1.12,API-FOOTBALL,,,,,,,
1382731.0,8,Bet365,3.5,17.0,1.02,API-FOOTBALL,,,,,,,
1382731.0,8,Bet365,0.5,1.3,3.4,API-FOOTBALL,,,,,,,
1382731.0,8,Bet365,1.5,1.83,1.83,API-FOOTBALL,,,,,,,
1382731.0,8,Bet365,2.5,3.75,1.25,API-FOOTBALL,,,,,,,
1382731.0,8,Bet365,3.5,10.0,1.06,API-FOOTBALL,,,,,,,
1382731.0,8,Bet365,0.5,1.18,4.5,API-FOOTBALL,,,,,,,
1382731.0,8,Bet365,4.5,23.0,1.01,API-FOOTBALL,,,,,,,
1382731.0,8,Bet365,6.5,1.83,1.83,API-FOOTBALL,,,,,,,
1382731.0,8,Bet365,3.5,1.73,2.0,API-FOOTBALL,,,,,,,
1382731.0,8,Bet365,4.5,1.8,2.0,API-FOOTBALL,,,,,,,
1382731.0,2,Marathonbet,1.5,1.16,4.15,API-FOOTBALL,,,,,,,
1382731.0,2,Marathonbet,1.75,1.21,3.7,API-FOOTBALL,,,,,,,
1382731.0,2,Marathonbet,2.0,1.26,3.36,API-FOOTBALL,,,,,,,
1382731.0,2,Marathonbet,2.25,1.44,2.55,API-FOOTBALL,,,,,,,
1382731.0,2,Marathonbet,2.5,1.65,2.19,API-FOOTBALL,,,,,,,
1382731.0,2,Marathonbet,2.75,1.77,1.93,API-FOOTBALL,,,,,,,
1382731.0,2,Marathonbet,3.5,2.48,1.43,API-FOOTBALL,,,,,,,
1382731.0,2,Marathonbet,0.5,1.0,9.2,API-FOOTBALL,,,,,,,
1382731.0,2,Marathonbet,0.75,1.0,9.2,API-FOOTBALL,,,,,,,
1382731.0,2,Marathonbet,1.0,1.0,9.1,API-FOOTBALL,,,,,,,
1382731.0,2,Marathonbet,1.25,1.08,5.7,API-FOOTBALL,,,,,,,
1382731.0,2,Marathonbet,3.0,1.99,1.7,API-FOOTBALL,,,,,,,
1382731.0,2,Marathonbet,4.5,4.4,1.14,API-FOOTBALL,,,,,,,
1382731.0,2,Marathonbet,3.25,2.25,1.53,API-FOOTBALL,,,,,,,
1382731.0,2,Marathonbet,3.75,2.92,1.31,API-FOOTBALL,,,,,,,
1382731.0,2,Marathonbet,4.0,3.75,1.19,API-FOOTBALL,,,,,,,
1382731.0,2,Marathonbet,4.25,4.1,1.16,API-FOOTBALL,,,,,,,
1382731.0,2,Marathonbet,4.75,5.5,1.08,API-FOOTBALL,,,,,,,
1382731.0,2,Marathonbet,5.0,7.6,1.03,API-FOOTBALL,,,,,,,
1382731.0,2,Marathonbet,5.5,8.2,1.02,API-FOOTBALL,,,,,,,
1382731.0,2,Marathonbet,1.5,2.41,1.5,API-FOOTBALL,,,,,,,
1382731.0,2,Marathonbet,2.0,4.5,1.15,API-FOOTBALL,,,,,,,
1382731.0,2,Marathonbet,2.5,5.5,1.08,API-FOOTBALL,,,,,,,
1382731.0,2,Marathonbet,0.5,1.31,3.15,API-FOOTBALL,,,,,,,
1382731.0,2,Marathonbet,1.0,1.65,2.16,API-FOOTBALL,,,,,,,
1382731.0,2,Marathonbet,1.5,1.85,1.89,API-FOOTBALL,,,,,,,
1382731.0,2,Marathonbet,2.0,2.69,1.41,API-FOOTBALL,,,,,,,
1382731.0,2,Marathonbet,2.5,3.5,1.24,API-FOOTBALL,,,,,,,
1382731.0,2,Marathonbet,0.5,1.14,4.55,API-FOOTBALL,,,,,,,
1382731.0,2,Marathonbet,1.0,1.28,3.3,API-FOOTBALL,,,,,,,
1382731.0,16,Unibet,1.5,1.17,4.25,API-FOOTBALL,,,,,,,
1382731.0,16,Unibet,1.75,1.24,3.9,API-FOOTBALL,,,,,,,
1382731.0,16,Unibet,2.0,1.25,3.45,API-FOOTBALL,,,,,,,
1382731.0,16,Unibet,2.25,1.43,2.6,API-FOOTBALL,,,,,,,
1382731.0,16,Unibet,2.5,1.6,2.17,API-FOOTBALL,,,,,,,
1382731.0,16,Unibet,2.75,1.75,1.94,API-FOOTBALL,,,,,,,
1382731.0,16,Unibet,3.5,2.55,1.45,API-FOOTBALL,,,,,,,
1382731.0,16,Unibet,1.25,1.11,6.25,API-FOOTBALL,,,,,,,
1382731.0,16,Unibet,3.0,2.0,1.71,API-FOOTBALL,,,,,,,
1382731.0,16,Unibet,4.5,4.5,1.16,API-FOOTBALL,,,,,,,
1382731.0,16,Unibet,3.25,2.28,1.55,API-FOOTBALL,,,,,,,
1382731.0,16,Unibet,3.75,3.0,1.33,API-FOOTBALL,,,,,,,
1382731.0,16,Unibet,4.0,3.85,1.21,API-FOOTBALL,,,,,,,
1382731.0,16,Unibet,4.25,4.2,1.18,API-FOOTBALL,,,,,,,
1382731.0,16,Unibet,4.75,5.5,1.1,API-FOOTBALL,,,,,,,
1382731.0,16,Unibet,5.0,7.5,1.06,API-FOOTBALL,,,,,,,
1382731.0,16,Unibet,5.5,10.0,1.02,API-FOOTBALL,,,,,,,
1382731.0,16,Unibet,1.5,2.28,1.54,API-FOOTBALL,,,,,,,
1382731.0,16,Unibet,1.75,2.85,1.36,API-FOOTBALL,,,,,,,
1382731.0,16,Unibet,2.0,4.2,1.18,API-FOOTBALL,,,,,,,
1382731.0,16,Unibet,2.25,4.7,1.14,API-FOOTBALL,,,,,,,
1382731.0,16,Unibet,2.5,5.2,1.12,API-FOOTBALL,,,,,,,
1382731.0,16,Unibet,0.5,1.26,3.45,API-FOOTBALL,,,,,,,
1382731.0,16,Unibet,1.0,1.52,2.33,API-FOOTBALL,,,,,,,
1382731.0,16,Unibet,1.25,1.91,1.78,API-FOOTBALL,,,,,,,
1382731.0,16,Unibet,1.5,1.85,1.83,API-FOOTBALL,,,,,,,
1382731.0,16,Unibet,2.5,4.1,1.19,API-FOOTBALL,,,,,,,
1382731.0,16,Unibet,8.5,2.63,1.41,API-FOOTBALL,,,,,,,
1382731.0,16,Unibet,9.5,3.4,1.26,API-FOOTBALL,,,,,,,
1382731.0,16,Unibet,7.5,2.08,1.65,API-FOOTBALL,,,,,,,
1382731.0,16,Unibet,5.5,1.41,2.65,API-FOOTBALL,,,,,,,
1382731.0,16,Unibet,6.5,1.68,2.02,API-FOOTBALL,,,,,,,
1382731.0,16,Unibet,2.5,1.38,2.75,API-FOOTBALL,,,,,,,
1382731.0,16,Unibet,3.5,1.83,1.85,API-FOOTBALL,,,,,,,
1382731.0,16,Unibet,4.5,2.6,1.43,API-FOOTBALL,,,,,,,
1382731.0,16,Unibet,3.5,1.53,2.2,API-FOOTBALL,,,,,,,
1382731.0,16,Unibet,4.5,1.62,2.02,API-FOOTBALL,,,,,,,
1382731.0,16,Unibet,5.5,2.15,1.54,API-FOOTBALL,,,,,,,
1382731.0,3,Betfair,1.5,1.2,4.5,API-FOOTBALL,,,,,,,
1382731.0,3,Betfair,2.5,1.62,2.25,API-FOOTBALL,,,,,,,
1382731.0,3,Betfair,3.5,2.63,1.47,API-FOOTBALL,,,,,,,
1382731.0,3,Betfair,0.5,1.01,15.0,API-FOOTBALL,,,,,,,
1382731.0,3,Betfair,4.5,5.0,1.17,API-FOOTBALL,,,,,,,
1382731.0,3,Betfair,5.5,9.0,1.06,API-FOOTBALL,,,,,,,
1382731.0,3,Betfair,6.5,17.0,1.01,API-FOOTBALL,,,,,,,
1382731.0,3,Betfair,1.5,2.4,1.5,API-FOOTBALL,,,,,,,
1382731.0,3,Betfair,2.5,5.5,1.11,API-FOOTBALL,,,,,,,
1382731.0,3,Betfair,0.5,1.25,3.6,API-FOOTBALL,,,,,,,
1382731.0,13,188Bet,2.75,1.85,2.03,API-FOOTBALL,,,,,,,
1382731.0,13,188Bet,1.0,1.69,2.19,API-FOOTBALL,,,,,,,
1382731.0,13,188Bet,1.25,2.11,1.77,API-FOOTBALL,,,,,,,
1382731.0,4,Pinnacle,1.5,1.2,4.66,API-FOOTBALL,,,,,,,
1382731.0,4,Pinnacle,2.25,1.49,2.7,API-FOOTBALL,,,,,,,
1382731.0,4,Pinnacle,2.5,1.69,2.24,API-FOOTBALL,,,,,,,
1382731.0,4,Pinnacle,2.75,1.85,2.02,API-FOOTBALL,,,,,,,
1382731.0,4,Pinnacle,3.5,2.63,1.5,API-FOOTBALL,,,,,,,
1382731.0,4,Pinnacle,3.0,2.1,1.78,API-FOOTBALL,,,,,,,
1382731.0,4,Pinnacle,4.5,4.89,1.19,API-FOOTBALL,,,,,,,
1382731.0,4,Pinnacle,3.25,2.37,1.61,API-FOOTBALL,,,,,,,
1382731.0,4,Pinnacle,1.5,2.5,1.53,API-FOOTBALL,,,,,,,
1382731.0,4,Pinnacle,1.75,3.16,1.35,API-FOOTBALL,,,,,,,
1382731.0,4,Pinnacle,0.5,1.32,3.29,API-FOOTBALL,,,,,,,
1382731.0,4,Pinnacle,0.75,1.41,2.91,API-FOOTBALL,,,,,,,
1382731.0,4,Pinnacle,1.0,1.62,2.3,API-FOOTBALL,,,,,,,
1382731.0,4,Pinnacle,1.25,2.07,1.77,API-FOOTBALL,,,,,,,
1382731.0,4,Pinnacle,6.5,1.72,1.99,API-FOOTBALL,,,,,,,
1382731.0,4,Pinnacle,3.5,1.86,1.86,API-FOOTBALL,,,,,,,
1382731.0,5,SBO,2.5,1.71,2.14,API-FOOTBALL,,,,,,,
1382731.0,5,SBO,2.75,1.82,2.02,API-FOOTBALL,,,,,,,
1382731.0,5,SBO,3.0,2.11,1.74,API-FOOTBALL,,,,,,,
1382731.0,5,SBO,1.25,2.09,1.73,API-FOOTBALL,,,,,,,
1382731.0,11,1xBet,1.5,1.16,4.15,API-FOOTBALL,,,,,,,
1382731.0,11,1xBet,1.75,1.21,3.7,API-FOOTBALL,,,,,,,
1382731.0,11,1xBet,2.0,1.26,3.36,API-FOOTBALL,,,,,,,
1382731.0,11,1xBet,2.25,1.44,2.55,API-FOOTBALL,,,,,,,
1382731.0,11,1xBet,2.5,1.65,2.19,API-FOOTBALL,,,,,,,
1382731.0,11,1xBet,2.75,1.77,1.93,API-FOOTBALL,,,,,,,
1382731.0,11,1xBet,3.5,2.48,1.43,API-FOOTBALL,,,,,,,
1382731.0,11,1xBet,0.5,1.03,11.9,API-FOOTBALL,,,,,,,
1382731.0,11,1xBet,0.75,1.0,9.2,API-FOOTBALL,,,,,,,
1382731.0,11,1xBet,1.0,1.03,8.9,API-FOOTBALL,,,,,,,
1382731.0,11,1xBet,1.25,1.08,5.7,API-FOOTBALL,,,,,,,
1382731.0,11,1xBet,3.0,1.99,1.7,API-FOOTBALL,,,,,,,
1382731.0,11,1xBet,4.5,4.4,1.14,API-FOOTBALL,,,,,,,
1382731.0,11,1xBet,3.25,2.25,1.53,API-FOOTBALL,,,,,,,
1382731.0,11,1xBet,3.75,2.92,1.31,API-FOOTBALL,,,,,,,
1382731.0,11,1xBet,4.0,3.75,1.19,API-FOOTBALL,,,,,,,
1382731.0,11,1xBet,4.25,4.1,1.16,API-FOOTBALL,,,,,,,
1382731.0,11,1xBet,4.75,5.5,1.08,API-FOOTBALL,,,,,,,
1382731.0,11,1xBet,5.0,7.6,1.03,API-FOOTBALL,,,,,,,
1382731.0,11,1xBet,7.5,34.0,1.0,API-FOOTBALL,,,,,,,
1382731.0,11,1xBet,5.5,8.2,1.02,API-FOOTBALL,,,,,,,
1382731.0,11,1xBet,6.5,19.0,1.02,API-FOOTBALL,,,,,,,
1382731.0,11,1xBet,1.5,2.41,1.5,API-FOOTBALL,,,,,,,
1382731.0,11,1xBet,1.75,2.98,1.33,API-FOOTBALL,,,,,,,
1382731.0,11,1xBet,2.0,4.5,1.15,API-FOOTBALL,,,,,,,
1382731.0,11,1xBet,2.25,5.0,1.11,API-FOOTBALL,,,,,,,
1382731.0,11,1xBet,2.5,5.5,1.08,API-FOOTBALL,,,,,,,
1382731.0,11,1xBet,3.5,12.5,1.03,API-FOOTBALL,,,,,,,
1382731.0,11,1xBet,0.5,1.31,3.15,API-FOOTBALL,,,,,,,
1382731.0,11,1xBet,0.75,1.43,2.66,API-FOOTBALL,,,,,,,
1382731.0,11,1xBet,1.0,1.65,2.16,API-FOOTBALL,,,,,,,
1382731.0,11,1xBet,1.25,2.04,1.71,API-FOOTBALL,,,,,,,
1382731.0,11,1xBet,3.0,9.1,1.03,API-FOOTBALL,,,,,,,
1382731.0,11,1xBet,1.5,1.85,1.89,API-FOOTBALL,,,,,,,
1382731.0,11,1xBet,1.75,2.13,1.65,API-FOOTBALL,,,,,,,
1382731.0,11,1xBet,2.0,2.69,1.41,API-FOOTBALL,,,,,,,
1382731.0,11,1xBet,2.25,3.15,1.3,API-FOOTBALL,,,,,,,
1382731.0,11,1xBet,2.5,3.5,1.24,API-FOOTBALL,,,,,,,
1382731.0,11,1xBet,3.5,9.0,1.06,API-FOOTBALL,,,,,,,
1382731.0,11,1xBet,0.5,1.14,4.55,API-FOOTBALL,,,,,,,
1382731.0,11,1xBet,0.75,1.2,3.96,API-FOOTBALL,,,,,,,
1382731.0,11,1xBet,1.0,1.28,3.3,API-FOOTBALL,,,,,,,
1382731.0,11,1xBet,1.25,1.57,2.28,API-FOOTBALL,,,,,,,
1382731.0,11,1xBet,3.0,6.85,1.07,API-FOOTBALL,,,,,,,
1382731.0,11,1xBet,8.5,3.07,1.3,API-FOOTBALL,,,,,,,
1382731.0,11,1xBet,7.5,2.31,1.52,API-FOOTBALL,,,,,,,
1382731.0,11,1xBet,5.5,1.46,2.46,API-FOOTBALL,,,,,,,
1382731.0,11,1xBet,6.5,1.82,1.88,API-FOOTBALL,,,,,,,
1382731.0,11,1xBet,6.0,1.59,2.16,API-FOOTBALL,,,,,,,
1382731.0,11,1xBet,7.0,2.05,1.65,API-FOOTBALL,,,,,,,
1382731.0,11,1xBet,8.0,2.78,1.36,API-FOOTBALL,,,,,,,
1382731.0,11,1xBet,2.5,1.36,2.82,API-FOOTBALL,,,,,,,
1382731.0,11,1xBet,3.5,1.81,1.89,API-FOOTBALL,,,,,,,
1382731.0,11,1xBet,3.0,1.5,2.34,API-FOOTBALL,,,,,,,
1382731.0,11,1xBet,4.5,2.52,1.44,API-FOOTBALL,,,,,,,
1382731.0,11,1xBet,4.0,2.14,1.6,API-FOOTBALL,,,,,,,
1382731.0,11,1xBet,5.0,3.28,1.27,API-FOOTBALL,,,,,,,
1382731.0,11,1xBet,5.5,3.68,1.22,API-FOOTBALL,,,,,,,
1382731.0,11,1xBet,4.5,1.8,1.91,API-FOOTBALL,,,,,,,
1382731.0,32,Betano,1.5,1.22,4.3,API-FOOTBALL,,,,,,,
1382731.0,32,Betano,2.0,1.4,3.05,API-FOOTBALL,,,,,,,
1382731.0,32,Betano,2.25,1.5,2.67,API-FOOTBALL,,,,,,,
1382731.0,32,Betano,2.5,1.67,2.25,API-FOOTBALL,,,,,,,
1382731.0,32,Betano,2.75,1.83,2.02,API-FOOTBALL,,,,,,,
1382731.0,32,Betano,3.5,2.62,1.52,API-FOOTBALL,,,,,,,
1382731.0,32,Betano,0.5,1.05,10.5,API-FOOTBALL,,,,,,,
1382731.0,32,Betano,3.0,2.1,1.78,API-FOOTBALL,,,,,,,
1382731.0,32,Betano,4.5,4.5,1.21,API-FOOTBALL,,,,,,,
1382731.0,32,Betano,3.25,2.37,1.62,API-FOOTBALL,,,,,,,
1382731.0,32,Betano,3.75,3.1,1.39,API-FOOTBALL,,,,,,,
1382731.0,32,Betano,5.5,8.0,1.08,API-FOOTBALL,,,,,,,
1382731.0,32,Betano,6.5,13.0,1.03,API-FOOTBALL,,,,,,,
1382731.0,32,Betano,1.5,2.5,1.53,API-FOOTBALL,,,,,,,
1382731.0,32,Betano,1.75,3.15,1.37,API-FOOTBALL,,,,,,,
1382731.0,32,Betano,2.5,5.4,1.14,API-FOOTBALL,,,,,,,
1382731.0,32,Betano,3.5,10.75,1.03,API-FOOTBALL,,,,,,,
1382731.0,32,Betano,0.5,1.36,3.1,API-FOOTBALL,,,,,,,
1382731.0,32,Betano,0.75,1.47,2.67,API-FOOTBALL,,,,,,,
1382731.0,32,Betano,1.0,1.7,2.18,API-FOOTBALL,,,,,,,
1382731.0,32,Betano,1.25,2.1,1.75,API-FOOTBALL,,,,,,,
1382731.0,32,Betano,1.5,1.83,1.95,API-FOOTBALL,,,,,,,
1382731.0,32,Betano,2.5,3.45,1.3,API-FOOTBALL,,,,,,,
1382731.0,32,Betano,0.5,1.19,4.55,API-FOOTBALL,,,,,,,
1382731.0,32,Betano,4.5,1.82,1.93,API-FOOTBALL,,,,,,,
1382731.0,34,Superbet,1.5,1.2,4.55,API-FOOTBALL,,,,,,,
1382731.0,34,Superbet,2.5,1.66,2.25,API-FOOTBALL,,,,,,,
1382731.0,34,Superbet,3.5,2.62,1.5,API-FOOTBALL,,,,,,,
1382731.0,34,Superbet,0.5,1.04,13.0,API-FOOTBALL,,,,,,,
1382731.0,34,Superbet,4.5,4.7,1.19,API-FOOTBALL,,,,,,,
1382731.0,34,Superbet,5.5,9.0,1.07,API-FOOTBALL,,,,,,,
1382731.0,34,Superbet,6.5,19.0,1.02,API-FOOTBALL,,,,,,,
1382731.0,34,Superbet,1.5,2.45,1.53,API-FOOTBALL,,,,,,,
1382731.0,34,Superbet,2.5,5.6,1.13,API-FOOTBALL,,,,,,,
1382731.0,34,Superbet,3.5,15.0,1.02,API-FOOTBALL,,,,,,,
1382731.0,34,Superbet,0.5,1.31,3.35,API-FOOTBALL,,,,,,,
1382731.0,34,Superbet,4.5,40.0,1.0,API-FOOTBALL,,,,,,,
1382731.0,34,Superbet,1.5,1.87,1.9,API-FOOTBALL,,,,,,,
1382731.0,34,Superbet,2.5,3.7,1.27,API-FOOTBALL,,,,,,,
1382731.0,34,Superbet,3.5,8.0,1.07,API-FOOTBALL,,,,,,,
1382731.0,34,Superbet,0.5,1.18,4.7,API-FOOTBALL,,,,,,,
1382731.0,34,Superbet,4.5,21.0,1.01,API-FOOTBALL,,,,,,,
1382731.0,34,Superbet,3.5,1.09,6.2,API-FOOTBALL,,,,,,,
1382731.0,34,Superbet,8.5,2.92,1.35,API-FOOTBALL,,,,,,,
1382731.0,34,Superbet,9.5,4.0,1.21,API-FOOTBALL,,,,,,,
1382731.0,34,Superbet,4.5,1.22,3.9,API-FOOTBALL,,,,,,,
1382731.0,34,Superbet,7.5,2.22,1.59,API-FOOTBALL,,,,,,,
1382731.0,34,Superbet,5.5,1.43,2.62,API-FOOTBALL,,,,,,,
1382731.0,34,Superbet,6.5,1.74,1.97,API-FOOTBALL,,,,,,,
1382731.0,34,Superbet,1.5,1.13,5.2,API-FOOTBALL,,,,,,,
1382731.0,34,Superbet,2.5,1.39,2.8,API-FOOTBALL,,,,,,,
1382731.0,34,Superbet,3.5,1.83,1.87,API-FOOTBALL,,,,,,,
1382731.0,34,Superbet,0.5,1.01,14.0,API-FOOTBALL,,,,,,,
1382731.0,34,Superbet,4.5,2.57,1.45,API-FOOTBALL,,,,,,,
1382731.0,34,Superbet,5.5,3.85,1.22,API-FOOTBALL,,,,,,,
1382731.0,34,Superbet,6.5,5.9,1.1,API-FOOTBALL,,,,,,,
1382731.0,34,Superbet,3.5,1.39,2.55,API-FOOTBALL,,,,,,,
1382731.0,34,Superbet,4.5,1.83,1.83,API-FOOTBALL,,,,,,,
1382731.0,34,Superbet,5.5,2.47,1.42,API-FOOTBALL,,,,,,,
1395546.0,7,William Hill,1.5,2.25,1.55,API-FOOTBALL,,,,,,,
1395546.0,7,William Hill,2.5,5.0,1.14,API-FOOTBALL,,,,,,,
1395546.0,7,William Hill,3.5,13.0,1.03,API-FOOTBALL,,,,,,,
1395546.0,7,William Hill,0.5,1.25,3.5,API-FOOTBALL,,,,,,,
1395546.0,8,Bet365,2.5,1.57,2.35,API-FOOTBALL,,,,,,,
1395546.0,2,Marathonbet,1.5,1.12,4.75,API-FOOTBALL,,,,,,,
1395546.0,2,Marathonbet,1.75,1.15,4.3,API-FOOTBALL,,,,,,,
1395546.0,2,Marathonbet,2.0,1.18,3.9,API-FOOTBALL,,,,,,,
1395546.0,2,Marathonbet,2.25,1.33,2.83,API-FOOTBALL,,,,,,,
1395546.0,2,Marathonbet,2.5,1.49,2.3,API-FOOTBALL,,,,,,,
1395546.0,2,Marathonbet,2.75,1.61,2.07,API-FOOTBALL,,,,,,,
1395546.0,2,Marathonbet,3.5,2.34,1.52,API-FOOTBALL,,,,,,,
1395546.0,2,Marathonbet,3.0,1.81,1.81,API-FOOTBALL,,,,,,,
1395546.0,2,Marathonbet,4.5,4.05,1.16,API-FOOTBALL,,,,,,,
1395546.0,2,Marathonbet,3.25,2.05,1.62,API-FOOTBALL,,,,,,,
1395546.0,2,Marathonbet,3.75,2.69,1.36,API-FOOTBALL,,,,,,,
1395546.0,2,Marathonbet,4.0,3.34,1.24,API-FOOTBALL,,,,,,,
1395546.0,2,Marathonbet,4.25,3.72,1.2,API-FOOTBALL,,,,,,,
1395546.0,2,Marathonbet,5.0,7.1,1.04,API-FOOTBALL,,,,,,,
1395546.0,2,Marathonbet,1.5,2.24,1.56,API-FOOTBALL,,,,,,,
1395546.0,2,Marathonbet,2.0,4.0,1.18,API-FOOTBALL,,,,,,,
1395546.0,2,Marathonbet,1.0,1.47,2.39,API-FOOTBALL,,,,,,,
1395546.0,2,Marathonbet,1.5,1.75,1.94,API-FOOTBALL,,,,,,,
1395546.0,2,Marathonbet,2.0,2.5,1.43,API-FOOTBALL,,,,,,,
1395546.0,2,Marathonbet,1.0,1.22,3.58,API-FOOTBALL,,,,,,,
1395546.0,3,Betfair,1.5,1.13,5.2,API-FOOTBALL,,,,,,,
1395546.0,3,Betfair,2.5,1.5,2.4,API-FOOTBALL,,,,,,,
1395546.0,3,Betfair,3.5,2.4,1.5,API-FOOTBALL,,,,,,,
1395546.0,3,Betfair,0.5,1.01,17.0,API-FOOTBALL,,,,,,,
1395546.0,3,Betfair,4.5,4.0,1.2,API-FOOTBALL,,,,,,,
1395546.0,3,Betfair,5.5,8.0,1.05,API-FOOTBALL,,,,,,,
1395546.0,13,188Bet,3.0,1.86,1.86,API-FOOTBALL,,,,,,,
1395546.0,13,188Bet,1.25,1.89,1.83,API-FOOTBALL,,,,,,,
1395546.0,4,Pinnacle,2.25,1.39,2.76,API-FOOTBALL,,,,,,,
1395546.0,4,Pinnacle,2.5,1.55,2.3,API-FOOTBALL,,,,,,,
1395546.0,4,Pinnacle,2.75,1.68,2.09,API-FOOTBALL,,,,,,,
1395546.0,4,Pinnacle,3.5,2.34,1.53,API-FOOTBALL,,,,,,,
1395546.0,4,Pinnacle,3.0,1.89,1.86,API-FOOTBALL,,,,,,,
1395546.0,4,Pinnacle,3.25,2.12,1.66,API-FOOTBALL,,,,,,,
1395546.0,4,Pinnacle,3.75,2.7,1.4,API-FOOTBALL,,,,,,,
1395546.0,4,Pinnacle,1.5,2.25,1.58,API-FOOTBALL,,,,,,,
1395546.0,4,Pinnacle,1.75,2.72,1.39,API-FOOTBALL,,,,,,,
1395546.0,4,Pinnacle,0.75,1.34,2.92,API-FOOTBALL,,,,,,,
1395546.0,4,Pinnacle,1.0,1.51,2.4,API-FOOTBALL,,,,,,,
1395546.0,4,Pinnacle,1.25,1.9,1.84,API-FOOTBALL,,,,,,,
1395546.0,11,1xBet,1.5,1.16,4.6,API-FOOTBALL,,,,,,,
1395546.0,11,1xBet,1.75,1.15,4.3,API-FOOTBALL,,,,,,,
1395546.0,11,1xBet,2.0,1.18,3.9,API-FOOTBALL,,,,,,,
1395546.0,11,1xBet,2.25,1.33,2.83,API-FOOTBALL,,,,,,,
1395546.0,11,1xBet,2.5,1.49,2.3,API-FOOTBALL,,,,,,,
1395546.0,11,1xBet,2.75,1.61,2.07,API-FOOTBALL,,,,,,,
1395546.0,11,1xBet,3.5,2.34,1.52,API-FOOTBALL,,,,,,,
1395546.0,11,1xBet,0.5,1.02,15.0,API-FOOTBALL,,,,,,,
1395546.0,11,1xBet,3.0,1.81,1.81,API-FOOTBALL,,,,,,,
1395546.0,11,1xBet,4.5,4.05,1.16,API-FOOTBALL,,,,,,,
1395546.0,11,1xBet,3.25,2.05,1.62,API-FOOTBALL,,,,,,,
1395546.0,11,1xBet,3.75,2.69,1.36,API-FOOTBALL,,,,,,,
1395546.0,11,1xBet,4.0,3.34,1.24,API-FOOTBALL,,,,,,,
1395546.0,11,1xBet,4.25,3.72,1.2,API-FOOTBALL,,,,,,,
1395546.0,11,1xBet,5.0,7.1,1.04,API-FOOTBALL,,,,,,,
1395546.0,11,1xBet,5.5,7.5,1.07,API-FOOTBALL,,,,,,,
1395546.0,11,1xBet,1.5,2.24,1.56,API-FOOTBALL,,,,,,,
1395546.0,11,1xBet,1.75,2.75,1.37,API-FOOTBALL,,,,,,,
1395546.0,11,1xBet,2.0,4.0,1.18,API-FOOTBALL,,,,,,,
1395546.0,11,1xBet,2.5,4.9,1.14,API-FOOTBALL,,,,,,,
1395546.0,11,1xBet,3.5,12.0,1.03,API-FOOTBALL,,,,,,,
1395546.0,11,1xBet,0.5,1.25,3.6,API-FOOTBALL,,,,,,,
1395546.0,11,1xBet,1.0,1.47,2.39,API-FOOTBALL,,,,,,,
1395546.0,11,1xBet,1.25,1.85,1.81,API-FOOTBALL,,,,,,,
1395546.0,11,1xBet,1.5,1.75,1.94,API-FOOTBALL,,,,,,,
1395546.0,11,1xBet,1.75,2.0,1.69,API-FOOTBALL,,,,,,,
1395546.0,11,1xBet,2.0,2.5,1.43,API-FOOTBALL,,,,,,,
1395546.0,11,1xBet,2.5,3.3,1.29,API-FOOTBALL,,,,,,,
1395546.0,11,1xBet,0.5,1.14,4.9,API-FOOTBALL,,,,,,,
1395546.0,11,1xBet,1.0,1.22,3.58,API-FOOTBALL,,,,,,,
1395546.0,11,1xBet,1.25,1.49,2.38,API-FOOTBALL,,,,,,,
1395546.0,32,Betano,2.5,1.52,2.2,API-FOOTBALL,,,,,,,
1395546.0,32,Betano,3.5,2.2,1.53,API-FOOTBALL,,,,,,,
1395546.0,32,Betano,3.0,1.83,1.8,API-FOOTBALL,,,,,,,
1395546.0,32,Betano,1.5,2.15,1.5,API-FOOTBALL,,,,,,,
1395546.0,32,Betano,1.25,1.85,1.7,API-FOOTBALL,,,,,,,
1395546.0,34,Superbet,1.5,1.16,4.6,API-FOOTBALL,,,,,,,
1395546.0,34,Superbet,2.5,1.55,2.32,API-FOOTBALL,,,,,,,
1395546.0,34,Superbet,3.5,2.35,1.53,API-FOOTBALL,,,,,,,
1395546.0,34,Superbet,0.5,1.02,13.0,API-FOOTBALL,,,,,,,
1395546.0,34,Superbet,4.5,4.0,1.2,API-FOOTBALL,,,,,,,
1395546.0,34,Superbet,5.5,6.9,1.07,API-FOOTBALL,,,,,,,
1395546.0,34,Superbet,1.5,2.22,1.59,API-FOOTBALL,,,,,,,
1395546.0,34,Superbet,2.5,4.7,1.15,API-FOOTBALL,,,,,,,
1395546.0,34,Superbet,0.5,1.26,3.5,API-FOOTBALL,,,,,,,
1395546.0,34,Superbet,1.5,1.77,1.95,API-FOOTBALL,,,,,,,
1395546.0,34,Superbet,2.5,3.35,1.28,API-FOOTBALL,,,,,,,
1395546.0,34,Superbet,0.5,1.14,4.9,API-FOOTBALL,,,,,,,
1401131.0,1,10Bet,2.5,1.3,3.35,API-FOOTBALL,,,,,,,
1401131.0,1,10Bet,3.5,1.75,2.0,API-FOOTBALL,,,,,,,
1401131.0,1,10Bet,4.5,2.65,1.44,API-FOOTBALL,,,,,,,
1401131.0,1,10Bet,1.5,1.8,1.91,API-FOOTBALL,,,,,,,
1401131.0,1,10Bet,0.5,1.17,4.5,API-FOOTBALL,,,,,,,
1401131.0,1,10Bet,2.5,2.4,1.5,API-FOOTBALL,,,,,,,
1401131.0,7,William Hill,1.5,1.75,1.95,API-FOOTBALL,,,,,,,
1401131.0,7,William Hill,2.5,3.4,1.29,API-FOOTBALL,,,,,,,
1401131.0,7,William Hill,3.5,7.5,1.08,API-FOOTBALL,,,,,,,
1401131.0,7,William Hill,0.5,1.17,4.8,API-FOOTBALL,,,,,,,
1401131.0,7,William Hill,4.5,21.0,1.02,API-FOOTBALL,,,,,,,
1401131.0,7,William Hill,1.5,1.57,2.25,API-FOOTBALL,,,,,,,
1401131.0,7,William Hill,2.5,2.8,1.4,API-FOOTBALL,,,,,,,
1401131.0,7,William Hill,3.5,5.8,1.12,API-FOOTBALL,,,,,,,
1401131.0,7,William Hill,0.5,1.12,5.8,API-FOOTBALL,,,,,,,
1401131.0,7,William Hill,4.5,13.0,1.03,API-FOOTBALL,,,,,,,
1401131.0,8,Bet365,1.5,1.08,7.0,API-FOOTBALL,,,,,,,
1401131.0,8,Bet365,2.5,1.3,3.4,API-FOOTBALL,,,,,,,
1401131.0,8,Bet365,3.5,1.73,2.0,API-FOOTBALL,,,,,,,
1401131.0,8,Bet365,0.5,1.01,15.0,API-FOOTBALL,,,,,,,
1401131.0,8,Bet365,8.5,15.0,1.01,API-FOOTBALL,,,,,,,
1401131.0,8,Bet365,9.5,21.0,1.0,API-FOOTBALL,,,,,,,
1401131.0,8,Bet365,4.5,2.62,1.44,API-FOOTBALL,,,,,,,
1401131.0,8,Bet365,7.5,10.5,1.02,API-FOOTBALL,,,,,,,
1401131.0,8,Bet365,5.5,4.33,1.2,API-FOOTBALL,,,,,,,
1401131.0,8,Bet365,6.5,7.5,1.07,API-FOOTBALL,,,,,,,
1401131.0,8,Bet365,1.5,1.8,1.91,API-FOOTBALL,,,,,,,
1401131.0,8,Bet365,2.5,3.5,1.28,API-FOOTBALL,,,,,,,
1401131.0,8,Bet365,3.5,7.0,1.08,API-FOOTBALL,,,,,,,
1401131.0,8,Bet365,0.5,1.17,4.5,API-FOOTBALL,,,,,,,
1401131.0,8,Bet365,4.5,11.0,1.02,API-FOOTBALL,,,,,,,
1401131.0,8,Bet365,1.5,1.5,2.5,API-FOOTBALL,,,,,,,
1401131.0,8,Bet365,2.5,2.62,1.44,API-FOOTBALL,,,,,,,
1401131.0,8,Bet365,3.5,5.0,1.17,API-FOOTBALL,,,,,,,
1401131.0,8,Bet365,0.5,1.1,7.0,API-FOOTBALL,,,,,,,
1401131.0,8,Bet365,4.5,11.0,1.05,API-FOOTBALL,,,,,,,
1401131.0,8,Bet365,5.5,26.0,1.01,API-FOOTBALL,,,,,,,
1401131.0,2,Marathonbet,1.5,1.05,6.55,API-FOOTBALL,,,,,,,
1401131.0,2,Marathonbet,1.75,1.06,6.15,API-FOOTBALL,,,,,,,
1401131.0,2,Marathonbet,2.0,1.07,5.75,API-FOOTBALL,,,,,,,
1401131.0,2,Marathonbet,2.25,1.17,4.0,API-FOOTBALL,,,,,,,
1401131.0,2,Marathonbet,2.5,1.26,3.2,API-FOOTBALL,,,,,,,
1401131.0,2,Marathonbet,2.75,1.31,2.92,API-FOOTBALL,,,,,,,
1401131.0,2,Marathonbet,3.5,1.71,2.02,API-FOOTBALL,,,,,,,
1401131.0,2,Marathonbet,3.0,1.37,2.66,API-FOOTBALL,,,,,,,
1401131.0,2,Marathonbet,4.5,2.43,1.44,API-FOOTBALL,,,,,,,
1401131.0,2,Marathonbet,3.25,1.52,2.24,API-FOOTBALL,,,,,,,
1401131.0,2,Marathonbet,3.75,1.81,1.81,API-FOOTBALL,,,,,,,
1401131.0,2,Marathonbet,4.0,2.02,1.64,API-FOOTBALL,,,,,,,
1401131.0,2,Marathonbet,4.25,2.24,1.52,API-FOOTBALL,,,,,,,
1401131.0,2,Marathonbet,4.75,2.81,1.33,API-FOOTBALL,,,,,,,
1401131.0,2,Marathonbet,5.0,3.34,1.24,API-FOOTBALL,,,,,,,
1401131.0,2,Marathonbet,5.5,3.92,1.18,API-FOOTBALL,,,,,,,
1401131.0,2,Marathonbet,5.25,3.68,1.2,API-FOOTBALL,,,,,,,
1401131.0,2,Marathonbet,6.0,6.15,1.06,API-FOOTBALL,,,,,,,
1401131.0,2,Marathonbet,1.5,1.88,1.82,API-FOOTBALL,,,,,,,
1401131.0,2,Marathonbet,2.0,2.74,1.37,API-FOOTBALL,,,,,,,
1401131.0,2,Marathonbet,2.5,3.5,1.22,API-FOOTBALL,,,,,,,
1401131.0,2,Marathonbet,0.5,1.18,3.84,API-FOOTBALL,,,,,,,
1401131.0,2,Marathonbet,1.0,1.34,2.88,API-FOOTBALL,,,,,,,
1401131.0,2,Marathonbet,1.5,1.42,2.56,API-FOOTBALL,,,,,,,
1401131.0,2,Marathonbet,2.0,1.75,1.95,API-FOOTBALL,,,,,,,
1401131.0,2,Marathonbet,2.5,2.29,1.52,API-FOOTBALL,,,,,,,
1401131.0,2,Marathonbet,1.0,1.09,5.35,API-FOOTBALL,,,,,,,
1401131.0,2,Marathonbet,3.0,3.5,1.22,API-FOOTBALL,,,,,,,
1401131.0,16,Unibet,1.5,1.08,6.25,API-FOOTBALL,,,,,,,
1401131.0,16,Unibet,2.5,1.24,3.55,API-FOOTBALL,,,,,,,
1401131.0,16,Unibet,3.5,1.65,2.08,API-FOOTBALL,,,,,,,
1401131.0,16,Unibet,4.5,2.48,1.47,API-FOOTBALL,,,,,,,
1401131.0,16,Unibet,5.5,4.0,1.19,API-FOOTBALL,,,,,,,
1401131.0,16,Unibet,6.5,6.75,1.07,API-FOOTBALL,,,,,,,
1401131.0,16,Unibet,1.5,1.68,1.92,API-FOOTBALL,,,,,,,
1401131.0,16,Unibet,1.5,1.42,2.45,API-FOOTBALL,,,,,,,
1401131.0,16,Unibet,2.5,2.32,1.47,API-FOOTBALL,,,,,,,
1401131.0,3,Betfair,1.5,1.05,8.0,API-FOOTBALL,,,,,,,
1401131.0,3,Betfair,2.5,1.22,3.8,API-FOOTBALL,,,,,,,
1401131.0,3,Betfair,3.5,1.65,2.1,API-FOOTBALL,,,,,,,
1401131.0,3,Betfair,1.5,1.73,2.0,API-FOOTBALL,,,,,,,
1401131.0,3,Betfair,2.5,3.5,1.25,API-FOOTBALL,,,,,,,
1401131.0,3,Betfair,0.5,1.13,5.5,API-FOOTBALL,,,,,,,
1401131.0,13,188Bet,4.0,2.02,1.76,API-FOOTBALL,,,,,,,
1401131.0,13,188Bet,1.75,1.99,1.79,API-FOOTBALL,,,,,,,
1401131.0,4,Pinnacle,2.75,1.37,2.88,API-FOOTBALL,,,,,,,
1401131.0,4,Pinnacle,3.5,1.76,2.0,API-FOOTBALL,,,,,,,
1401131.0,4,Pinnacle,3.0,1.39,2.79,API-FOOTBALL,,,,,,,
1401131.0,4,Pinnacle,4.5,2.76,1.4,API-FOOTBALL,,,,,,,
1401131.0,4,Pinnacle,3.25,1.57,2.27,API-FOOTBALL,,,,,,,
1401131.0,4,Pinnacle,3.75,1.96,1.81,API-FOOTBALL,,,,,,,
1401131.0,4,Pinnacle,4.0,2.25,1.6,API-FOOTBALL,,,,,,,
1401131.0,4,Pinnacle,4.25,2.5,1.47,API-FOOTBALL,,,,,,,
1401131.0,4,Pinnacle,4.75,2.76,1.4,API-FOOTBALL,,,,,,,
1401131.0,4,Pinnacle,1.5,1.86,1.89,API-FOOTBALL,,,,,,,
1401131.0,4,Pinnacle,1.75,2.16,1.64,API-FOOTBALL,,,,,,,
1401131.0,4,Pinnacle,2.0,2.76,1.39,API-FOOTBALL,,,,,,,
1401131.0,4,Pinnacle,2.25,2.84,1.37,API-FOOTBALL,,,,,,,
1401131.0,4,Pinnacle,1.0,1.28,3.27,API-FOOTBALL,,,,,,,
1401131.0,4,Pinnacle,1.25,1.57,2.28,API-FOOTBALL,,,,,,,
1401131.0,5,SBO,3.75,1.93,1.85,API-FOOTBALL,,,,,,,
1401131.0,5,SBO,1.5,1.74,2.04,API-FOOTBALL,,,,,,,
1401131.0,5,SBO,1.75,2.11,1.68,API-FOOTBALL,,,,,,,
1401131.0,11,1xBet,1.5,1.05,6.55,API-FOOTBALL,,,,,,,
1401131.0,11,1xBet,1.75,1.06,6.15,API-FOOTBALL,,,,,,,
1401131.0,11,1xBet,2.0,1.07,5.75,API-FOOTBALL,,,,,,,
1401131.0,11,1xBet,2.25,1.17,4.0,API-FOOTBALL,,,,,,,
1401131.0,11,1xBet,2.5,1.26,3.2,API-FOOTBALL,,,,,,,
1401131.0,11,1xBet,2.75,1.31,2.92,API-FOOTBALL,,,,,,,
1401131.0,11,1xBet,3.5,1.71,2.02,API-FOOTBALL,,,,,,,
1401131.0,11,1xBet,0.5,1.01,16.5,API-FOOTBALL,,,,,,,
1401131.0,11,1xBet,1.0,1.01,12.5,API-FOOTBALL,,,,,,,
1401131.0,11,1xBet,8.5,15.0,1.01,API-FOOTBALL,,,,,,,
1401131.0,11,1xBet,9.5,21.0,1.0,API-FOOTBALL,,,,,,,
1401131.0,11,1xBet,3.0,1.37,2.66,API-FOOTBALL,,,,,,,
1401131.0,11,1xBet,4.5,2.43,1.44,API-FOOTBALL,,,,,,,
1401131.0,11,1xBet,3.25,1.52,2.24,API-FOOTBALL,,,,,,,
1401131.0,11,1xBet,3.75,1.81,1.81,API-FOOTBALL,,,,,,,
1401131.0,11,1xBet,4.0,2.02,1.64,API-FOOTBALL,,,,,,,
1401131.0,11,1xBet,4.25,2.24,1.52,API-FOOTBALL,,,,,,,
1401131.0,11,1xBet,4.75,2.81,1.33,API-FOOTBALL,,,,,,,
1401131.0,11,1xBet,5.0,3.34,1.24,API-FOOTBALL,,,,,,,
1401131.0,11,1xBet,7.5,10.5,1.02,API-FOOTBALL,,,,,,,
1401131.0,11,1xBet,5.5,3.92,1.18,API-FOOTBALL,,,,,,,
1401131.0,11,1xBet,5.25,3.68,1.2,API-FOOTBALL,,,,,,,
1401131.0,11,1xBet,6.5,7.5,1.07,API-FOOTBALL,,,,,,,
1401131.0,11,1xBet,6.0,6.15,1.06,API-FOOTBALL,,,,,,,
1401131.0,11,1xBet,1.5,1.88,1.82,API-FOOTBALL,,,,,,,
1401131.0,11,1xBet,1.75,2.16,1.6,API-FOOTBALL,,,,,,,
1401131.0,11,1xBet,2.0,2.74,1.37,API-FOOTBALL,,,,,,,
1401131.0,11,1xBet,2.25,3.12,1.28,API-FOOTBALL,,,,,,,
1401131.0,11,1xBet,2.5,3.5,1.22,API-FOOTBALL,,,,,,,
1401131.0,11,1xBet,3.5,7.0,1.07,API-FOOTBALL,,,,,,,
1401131.0,11,1xBet,0.5,1.18,3.84,API-FOOTBALL,,,,,,,
1401131.0,11,1xBet,0.75,1.25,3.32,API-FOOTBALL,,,,,,,
1401131.0,11,1xBet,1.0,1.34,2.88,API-FOOTBALL,,,,,,,
1401131.0,11,1xBet,1.25,1.61,2.14,API-FOOTBALL,,,,,,,
1401131.0,11,1xBet,3.0,5.9,1.1,API-FOOTBALL,,,,,,,
1401131.0,11,1xBet,4.5,21.0,1.02,API-FOOTBALL,,,,,,,
1401131.0,11,1xBet,1.5,1.42,2.56,API-FOOTBALL,,,,,,,
1401131.0,11,1xBet,1.75,1.55,2.25,API-FOOTBALL,,,,,,,
1401131.0,11,1xBet,2.0,1.75,1.95,API-FOOTBALL,,,,,,,
1401131.0,11,1xBet,2.25,2.03,1.68,API-FOOTBALL,,,,,,,
1401131.0,11,1xBet,2.5,2.29,1.52,API-FOOTBALL,,,,,,,
1401131.0,11,1xBet,2.75,2.69,1.37,API-FOOTBALL,,,,,,,
1401131.0,11,1xBet,3.5,5.8,1.12,API-FOOTBALL,,,,,,,
1401131.0,11,1xBet,0.5,1.07,6.8,API-FOOTBALL,,,,,,,
1401131.0,11,1xBet,0.75,1.09,6.0,API-FOOTBALL,,,,,,,
1401131.0,11,1xBet,1.0,1.09,5.35,API-FOOTBALL,,,,,,,
1401131.0,11,1xBet,1.25,1.26,3.25,API-FOOTBALL,,,,,,,
1401131.0,11,1xBet,3.0,3.5,1.22,API-FOOTBALL,,,,,,,
1401131.0,11,1xBet,4.5,13.0,1.03,API-FOOTBALL,,,,,,,
1401131.0,11,1xBet,8.5,2.28,1.55,API-FOOTBALL,,,,,,,
1401131.0,11,1xBet,7.5,1.75,1.96,API-FOOTBALL,,,,,,,
1401131.0,11,1xBet,6.5,1.47,2.5,API-FOOTBALL,,,,,,,
1401131.0,11,1xBet,1.5,1.61,2.17,API-FOOTBALL,,,,,,,
1401131.0,11,1xBet,2.5,2.75,1.39,API-FOOTBALL,,,,,,,
1401131.0,32,Betano,1.5,1.09,6.3,API-FOOTBALL,,,,,,,
1401131.0,32,Betano,2.5,1.29,3.25,API-FOOTBALL,,,,,,,
1401131.0,32,Betano,2.75,1.5,2.47,API-FOOTBALL,,,,,,,
1401131.0,32,Betano,3.5,1.75,2.02,API-FOOTBALL,,,,,,,
1401131.0,32,Betano,0.5,1.02,10.0,API-FOOTBALL,,,,,,,
1401131.0,32,Betano,3.0,1.5,2.5,API-FOOTBALL,,,,,,,
1401131.0,32,Betano,4.5,2.55,1.45,API-FOOTBALL,,,,,,,
1401131.0,32,Betano,3.25,1.57,2.3,API-FOOTBALL,,,,,,,
1401131.0,32,Betano,3.75,1.9,1.85,API-FOOTBALL,,,,,,,
1401131.0,32,Betano,4.0,2.15,1.65,API-FOOTBALL,,,,,,,
1401131.0,32,Betano,4.25,2.37,1.55,API-FOOTBALL,,,,,,,
1401131.0,32,Betano,7.5,9.0,1.03,API-FOOTBALL,,,,,,,
1401131.0,32,Betano,5.5,4.05,1.2,API-FOOTBALL,,,,,,,
1401131.0,32,Betano,6.5,6.4,1.08,API-FOOTBALL,,,,,,,
1401131.0,32,Betano,1.5,1.87,1.87,API-FOOTBALL,,,,,,,
1401131.0,32,Betano,1.75,2.15,1.65,API-FOOTBALL,,,,,,,
1401131.0,32,Betano,2.0,2.8,1.4,API-FOOTBALL,,,,,,,
1401131.0,32,Betano,2.25,3.15,1.33,API-FOOTBALL,,,,,,,
1401131.0,32,Betano,2.5,3.5,1.26,API-FOOTBALL,,,,,,,
1401131.0,32,Betano,3.5,6.7,1.07,API-FOOTBALL,,,,,,,
1401131.0,32,Betano,0.5,1.2,4.05,API-FOOTBALL,,,,,,,
1401131.0,32,Betano,0.75,1.32,3.2,API-FOOTBALL,,,,,,,
1401131.0,32,Betano,1.0,1.33,3.1,API-FOOTBALL,,,,,,,
1401131.0,32,Betano,1.25,1.6,2.25,API-FOOTBALL,,,,,,,
1401131.0,32,Betano,4.5,10.25,1.02,API-FOOTBALL,,,,,,,
1401131.0,32,Betano,1.5,1.47,2.52,API-FOOTBALL,,,,,,,
1401131.0,32,Betano,2.5,2.35,1.53,API-FOOTBALL,,,,,,,
1401131.0,32,Betano,0.5,1.1,6.0,API-FOOTBALL,,,,,,,
1401131.0,34,Superbet,2.5,1.29,3.25,API-FOOTBALL,,,,,,,
1401131.0,34,Superbet,3.5,1.76,1.95,API-FOOTBALL,,,,,,,
1401131.0,34,Superbet,4.5,2.67,1.42,API-FOOTBALL,,,,,,,
1401131.0,34,Superbet,1.5,1.85,1.87,API-FOOTBALL,,,,,,,
1401131.0,34,Superbet,1.5,1.5,2.42,API-FOOTBALL,,,,,,,
1401131.0,34,Superbet,2.5,2.4,1.5,API-FOOTBALL,,,,,,,
1401131.0,34,Superbet,7.5,1.8,1.9,API-FOOTBALL,,,,,,,
1401131.0,34,Superbet,1.5,1.77,1.95,API-FOOTBALL,,,,,,,
1401666.0,1,10Bet,1.5,1.25,3.7,API-FOOTBALL,,,,,,,
1401666.0,1,10Bet,2.5,1.75,2.0,API-FOOTBALL,,,,,,,
1401666.0,1,10Bet,3.5,2.85,1.4,API-FOOTBALL,,,,,,,
1401666.0,1,10Bet,1.5,2.45,1.48,API-FOOTBALL,,,,,,,
1401666.0,1,10Bet,0.5,1.33,3.0,API-FOOTBALL,,,,,,,
1401666.0,1,10Bet,1.5,1.95,1.77,API-FOOTBALL,,,,,,,
1401666.0,8,Bet365,1.5,1.22,4.0,API-FOOTBALL,,,,,,,
1401666.0,8,Bet365,2.5,1.75,2.05,API-FOOTBALL,,,,,,,
1401666.0,8,Bet365,3.5,2.75,1.4,API-FOOTBALL,,,,,,,
1401666.0,8,Bet365,0.5,1.04,9.0,API-FOOTBALL,,,,,,,
1401666.0,8,Bet365,4.5,5.0,1.14,API-FOOTBALL,,,,,,,
1401666.0,8,Bet365,7.5,21.0,1.0,API-FOOTBALL,,,,,,,
1401666.0,8,Bet365,5.5,8.5,1.05,API-FOOTBALL,,,,,,,
1401666.0,8,Bet365,6.5,13.0,1.01,API-FOOTBALL,,,,,,,
1401666.0,8,Bet365,1.5,2.62,1.44,API-FOOTBALL,,,,,,,
1401666.0,8,Bet365,2.5,6.0,1.11,API-FOOTBALL,,,,,,,
1401666.0,8,Bet365,3.5,11.0,1.02,API-FOOTBALL,,,,,,,
1401666.0,8,Bet365,0.5,1.33,3.25,API-FOOTBALL,,,,,,,
1401666.0,8,Bet365,1.5,1.91,1.8,API-FOOTBALL,,,,,,,
1401666.0,8,Bet365,2.5,4.0,1.22,API-FOOTBALL,,,,,,,
1401666.0,8,Bet365,3.5,10.0,1.06,API-FOOTBALL,,,,,,,
1401666.0,8,Bet365,0.5,1.2,4.33,API-FOOTBALL,,,,,,,
1401666.0,8,Bet365,4.5,26.0,1.01,API-FOOTBALL,,,,,,,
1401666.0,2,Marathonbet,1.5,1.21,3.58,API-FOOTBALL,,,,,,,
1401666.0,2,Marathonbet,1.75,1.26,3.2,API-FOOTBALL,,,,,,,
1401666.0,2,Marathonbet,2.0,1.34,2.78,API-FOOTBALL,,,,,,,
1401666.0,2,Marathonbet,2.25,1.55,2.17,API-FOOTBALL,,,,,,,
1401666.0,2,Marathonbet,2.5,1.79,1.92,API-FOOTBALL,,,,,,,
1401666.0,2,Marathonbet,2.75,1.96,1.68,API-FOOTBALL,,,,,,,
1401666.0,2,Marathonbet,3.5,2.92,1.31,API-FOOTBALL,,,,,,,
1401666.0,2,Marathonbet,0.5,1.0,9.2,API-FOOTBALL,,,,,,,
1401666.0,2,Marathonbet,0.75,1.0,9.3,API-FOOTBALL,,,,,,,
1401666.0,2,Marathonbet,1.0,1.0,9.3,API-FOOTBALL,,,,,,,
1401666.0,2,Marathonbet,1.25,1.1,5.0,API-FOOTBALL,,,,,,,
1401666.0,2,Marathonbet,3.0,2.33,1.48,API-FOOTBALL,,,,,,,
1401666.0,2,Marathonbet,4.5,5.65,1.08,API-FOOTBALL,,,,,,,
1401666.0,2,Marathonbet,3.25,2.62,1.38,API-FOOTBALL,,,,,,,
1401666.0,2,Marathonbet,3.75,3.58,1.21,API-FOOTBALL,,,,,,,
1401666.0,2,Marathonbet,4.0,4.9,1.11,API-FOOTBALL,,,,,,,
1401666.0,2,Marathonbet,4.25,5.3,1.09,API-FOOTBALL,,,,,,,
1401666.0,2,Marathonbet,4.75,7.3,1.03,API-FOOTBALL,,,,,,,
1401666.0,2,Marathonbet,1.5,2.62,1.4,API-FOOTBALL,,,,,,,
1401666.0,2,Marathonbet,2.0,5.35,1.09,API-FOOTBALL,,,,,,,
1401666.0,2,Marathonbet,2.5,6.65,1.05,API-FOOTBALL,,,,,,,
1401666.0,2,Marathonbet,0.5,1.33,2.9,API-FOOTBALL,,,,,,,
1401666.0,2,Marathonbet,1.0,1.77,1.93,API-FOOTBALL,,,,,,,
1401666.0,2,Marathonbet,1.5,1.99,1.72,API-FOOTBALL,,,,,,,
1401666.0,2,Marathonbet,2.0,3.18,1.28,API-FOOTBALL,,,,,,,
1401666.0,2,Marathonbet,2.5,4.2,1.16,API-FOOTBALL,,,,,,,
1401666.0,2,Marathonbet,0.5,1.16,4.05,API-FOOTBALL,,,,,,,
1401666.0,2,Marathonbet,1.0,1.35,2.82,API-FOOTBALL,,,,,,,
1401666.0,16,Unibet,1.5,1.26,3.25,API-FOOTBALL,,,,,,,
1401666.0,16,Unibet,2.5,1.92,1.73,API-FOOTBALL,,,,,,,
1401666.0,16,Unibet,3.5,3.35,1.25,API-FOOTBALL,,,,,,,
1401666.0,16,Unibet,4.5,6.25,1.05,API-FOOTBALL,,,,,,,
1401666.0,16,Unibet,0.5,1.33,2.75,API-FOOTBALL,,,,,,,
1401666.0,16,Unibet,1.5,2.1,1.57,API-FOOTBALL,,,,,,,
1401666.0,3,Betfair,1.5,1.2,4.0,API-FOOTBALL,,,,,,,
1401666.0,3,Betfair,2.5,1.73,2.0,API-FOOTBALL,,,,,,,
1401666.0,3,Betfair,3.5,2.88,1.36,API-FOOTBALL,,,,,,,
1401666.0,3,Betfair,0.5,1.01,11.0,API-FOOTBALL,,,,,,,
1401666.0,3,Betfair,4.5,5.5,1.11,API-FOOTBALL,,,,,,,
1401666.0,3,Betfair,5.5,10.0,1.02,API-FOOTBALL,,,,,,,
1401666.0,3,Betfair,1.5,2.6,1.44,API-FOOTBALL,,,,,,,
1401666.0,3,Betfair,2.5,6.5,1.08,API-FOOTBALL,,,,,,,
1401666.0,3,Betfair,0.5,1.29,3.3,API-FOOTBALL,,,,,,,
1401666.0,13,188Bet,2.75,1.93,1.79,API-FOOTBALL,,,,,,,
1401666.0,13,188Bet,1.0,1.71,2.01,API-FOOTBALL,,,,,,,
1401666.0,4,Pinnacle,1.75,1.3,3.31,API-FOOTBALL,,,,,,,
1401666.0,4,Pinnacle,2.0,1.38,2.9,API-FOOTBALL,,,,,,,
1401666.0,4,Pinnacle,2.25,1.61,2.28,API-FOOTBALL,,,,,,,
1401666.0,4,Pinnacle,2.5,1.83,1.97,API-FOOTBALL,,,,,,,
1401666.0,4,Pinnacle,2.75,2.04,1.75,API-FOOTBALL,,,,,,,
1401666.0,4,Pinnacle,3.5,2.9,1.38,API-FOOTBALL,,,,,,,
1401666.0,4,Pinnacle,3.0,2.4,1.53,API-FOOTBALL,,,,,,,
1401666.0,4,Pinnacle,3.25,2.71,1.43,API-FOOTBALL,,,,,,,
1401666.0,4,Pinnacle,1.5,2.63,1.44,API-FOOTBALL,,,,,,,
1401666.0,4,Pinnacle,1.75,3.14,1.32,API-FOOTBALL,,,,,,,
1401666.0,4,Pinnacle,0.5,1.34,3.02,API-FOOTBALL,,,,,,,
1401666.0,4,Pinnacle,0.75,1.48,2.55,API-FOOTBALL,,,,,,,
1401666.0,4,Pinnacle,1.0,1.76,2.04,API-FOOTBALL,,,,,,,
1401666.0,4,Pinnacle,1.25,2.21,1.63,API-FOOTBALL,,,,,,,
1401666.0,11,1xBet,1.5,1.21,3.58,API-FOOTBALL,,,,,,,
1401666.0,11,1xBet,1.75,1.26,3.2,API-FOOTBALL,,,,,,,
1401666.0,11,1xBet,2.0,1.34,2.78,API-FOOTBALL,,,,,,,
1401666.0,11,1xBet,2.25,1.55,2.17,API-FOOTBALL,,,,,,,
1401666.0,11,1xBet,2.5,1.79,1.92,API-FOOTBALL,,,,,,,
1401666.0,11,1xBet,2.75,1.96,1.68,API-FOOTBALL,,,,,,,
1401666.0,11,1xBet,3.5,2.92,1.31,API-FOOTBALL,,,,,,,
1401666.0,11,1xBet,0.5,1.0,10.9,API-FOOTBALL,,,,,,,
1401666.0,11,1xBet,0.75,1.0,9.3,API-FOOTBALL,,,,,,,
1401666.0,11,1xBet,1.0,1.0,9.3,API-FOOTBALL,,,,,,,
1401666.0,11,1xBet,1.25,1.1,5.0,API-FOOTBALL,,,,,,,
1401666.0,11,1xBet,3.0,2.33,1.48,API-FOOTBALL,,,,,,,
1401666.0,11,1xBet,4.5,5.65,1.08,API-FOOTBALL,,,,,,,
1401666.0,11,1xBet,3.25,2.62,1.38,API-FOOTBALL,,,,,,,
1401666.0,11,1xBet,3.75,3.58,1.21,API-FOOTBALL,,,,,,,
1401666.0,11,1xBet,4.0,4.9,1.11,API-FOOTBALL,,,,,,,
1401666.0,11,1xBet,4.25,5.3,1.09,API-FOOTBALL,,,,,,,
1401666.0,11,1xBet,4.75,7.3,1.03,API-FOOTBALL,,,,,,,
1401666.0,11,1xBet,7.5,21.0,1.0,API-FOOTBALL,,,,,,,
1401666.0,11,1xBet,5.5,11.0,1.04,API-FOOTBALL,,,,,,,
1401666.0,11,1xBet,6.5,13.0,1.01,API-FOOTBALL,,,,,,,
1401666.0,11,1xBet,1.5,2.62,1.4,API-FOOTBALL,,,,,,,
1401666.0,11,1xBet,1.75,3.4,1.24,API-FOOTBALL,,,,,,,
1401666.0,11,1xBet,2.0,5.35,1.09,API-FOOTBALL,,,,,,,
1401666.0,11,1xBet,2.25,6.0,1.06,API-FOOTBALL,,,,,,,
1401666.0,11,1xBet,2.5,6.65,1.05,API-FOOTBALL,,,,,,,
1401666.0,11,1xBet,3.5,12.0,1.02,API-FOOTBALL,,,,,,,
1401666.0,11,1xBet,0.5,1.33,2.9,API-FOOTBALL,,,,,,,
1401666.0,11,1xBet,0.75,1.48,2.42,API-FOOTBALL,,,,,,,
1401666.0,11,1xBet,1.0,1.77,1.93,API-FOOTBALL,,,,,,,
1401666.0,11,1xBet,1.25,2.21,1.57,API-FOOTBALL,,,,,,,
1401666.0,11,1xBet,1.5,1.99,1.72,API-FOOTBALL,,,,,,,
1401666.0,11,1xBet,1.75,2.38,1.5,API-FOOTBALL,,,,,,,
1401666.0,11,1xBet,2.0,3.18,1.28,API-FOOTBALL,,,,,,,
1401666.0,11,1xBet,2.25,3.64,1.21,API-FOOTBALL,,,,,,,
1401666.0,11,1xBet,2.5,4.2,1.16,API-FOOTBALL,,,,,,,
1401666.0,11,1xBet,0.5,1.16,4.05,API-FOOTBALL,,,,,,,
1401666.0,11,1xBet,0.75,1.24,3.4,API-FOOTBALL,,,,,,,
1401666.0,11,1xBet,1.0,1.35,2.82,API-FOOTBALL,,,,,,,
1401666.0,11,1xBet,1.25,1.68,2.03,API-FOOTBALL,,,,,,,
1401666.0,11,1xBet,2.5,1.04,6.28,API-FOOTBALL,,,,,,,
1401666.0,11,1xBet,3.5,1.27,3.14,API-FOOTBALL,,,,,,,
1401666.0,11,1xBet,3.0,1.07,5.44,API-FOOTBALL,,,,,,,
1401666.0,11,1xBet,4.5,1.64,2.06,API-FOOTBALL,,,,,,,
1401666.0,11,1xBet,4.0,1.39,2.66,API-FOOTBALL,,,,,,,
1401666.0,11,1xBet,5.0,1.98,1.74,API-FOOTBALL,,,,,,,
1401666.0,11,1xBet,7.5,6.02,1.04,API-FOOTBALL,,,,,,,
1401666.0,11,1xBet,5.5,2.32,1.52,API-FOOTBALL,,,,,,,
1401666.0,11,1xBet,6.5,3.52,1.21,API-FOOTBALL,,,,,,,
1401666.0,11,1xBet,6.0,3.06,1.29,API-FOOTBALL,,,,,,,
1401666.0,11,1xBet,7.0,5.43,1.07,API-FOOTBALL,,,,,,,
1401666.0,11,1xBet,2.5,1.04,6.07,API-FOOTBALL,,,,,,,
1401666.0,11,1xBet,3.5,1.29,3.07,API-FOOTBALL,,,,,,,
1401666.0,11,1xBet,3.0,1.08,5.24,API-FOOTBALL,,,,,,,
1401666.0,11,1xBet,4.5,1.67,2.02,API-FOOTBALL,,,,,,,
1401666.0,11,1xBet,4.0,1.41,2.59,API-FOOTBALL,,,,,,,
1401666.0,11,1xBet,5.0,2.02,1.71,API-FOOTBALL,,,,,,,
1401666.0,11,1xBet,7.5,6.26,1.04,API-FOOTBALL,,,,,,,
1401666.0,11,1xBet,5.5,2.37,1.5,API-FOOTBALL,,,,,,,
1401666.0,11,1xBet,6.5,3.62,1.2,API-FOOTBALL,,,,,,,
1401666.0,11,1xBet,6.0,3.16,1.27,API-FOOTBALL,,,,,,,
1401666.0,11,1xBet,7.0,5.66,1.06,API-FOOTBALL,,,,,,,
1401666.0,32,Betano,1.5,1.25,3.55,API-FOOTBALL,,,,,,,
1401666.0,32,Betano,2.0,1.44,2.65,API-FOOTBALL,,,,,,,
1401666.0,32,Betano,2.25,1.57,2.3,API-FOOTBALL,,,,,,,
1401666.0,32,Betano,2.5,1.75,1.95,API-FOOTBALL,,,,,,,
1401666.0,32,Betano,2.75,1.98,1.78,API-FOOTBALL,,,,,,,
1401666.0,32,Betano,3.5,2.8,1.38,API-FOOTBALL,,,,,,,
1401666.0,32,Betano,0.5,1.05,7.9,API-FOOTBALL,,,,,,,
1401666.0,32,Betano,3.0,2.3,1.57,API-FOOTBALL,,,,,,,
1401666.0,32,Betano,4.5,4.8,1.15,API-FOOTBALL,,,,,,,
1401666.0,32,Betano,3.25,2.57,1.47,API-FOOTBALL,,,,,,,
1401666.0,32,Betano,5.5,7.8,1.05,API-FOOTBALL,,,,,,,
1401666.0,32,Betano,6.5,10.5,1.02,API-FOOTBALL,,,,,,,
1401666.0,32,Betano,1.5,2.65,1.45,API-FOOTBALL,,,,,,,
1401666.0,32,Betano,2.5,5.6,1.11,API-FOOTBALL,,,,,,,
1401666.0,32,Betano,3.5,9.75,1.03,API-FOOTBALL,,,,,,,
1401666.0,32,Betano,0.5,1.38,2.9,API-FOOTBALL,,,,,,,
1401666.0,32,Betano,0.75,1.52,2.45,API-FOOTBALL,,,,,,,
1401666.0,32,Betano,1.0,1.78,1.98,API-FOOTBALL,,,,,,,
1401666.0,32,Betano,1.25,2.22,1.62,API-FOOTBALL,,,,,,,
1401666.0,32,Betano,1.5,1.93,1.78,API-FOOTBALL,,,,,,,
1401666.0,32,Betano,2.5,3.7,1.24,API-FOOTBALL,,,,,,,
1401666.0,32,Betano,0.5,1.21,3.95,API-FOOTBALL,,,,,,,
1401666.0,34,Superbet,1.5,1.25,3.6,API-FOOTBALL,,,,,,,
1401666.0,34,Superbet,2.5,1.8,1.9,API-FOOTBALL,,,,,,,
1401666.0,34,Superbet,3.5,2.95,1.35,API-FOOTBALL,,,,,,,
1401666.0,34,Superbet,0.5,1.03,9.4,API-FOOTBALL,,,,,,,
1401666.0,34,Superbet,4.5,5.45,1.12,API-FOOTBALL,,,,,,,
1401666.0,34,Superbet,1.5,2.62,1.43,API-FOOTBALL,,,,,,,
1401666.0,34,Superbet,2.5,6.1,1.09,API-FOOTBALL,,,,,,,
1401666.0,34,Superbet,0.5,1.35,2.92,API-FOOTBALL,,,,,,,
1401666.0,34,Superbet,1.5,2.02,1.71,API-FOOTBALL,,,,,,,
1401666.0,34,Superbet,2.5,4.15,1.19,API-FOOTBALL,,,,,,,
1401666.0,34,Superbet,0.5,1.22,3.9,API-FOOTBALL,,,,,,,
1401666.0,34,Superbet,4.5,1.71,2.02,API-FOOTBALL,,,,,,,
1401666.0,34,Superbet,4.5,1.75,1.97,API-FOOTBALL,,,,,,,
1401737.0,1,10Bet,1.5,1.22,3.85,API-FOOTBALL,,,,,,,
1401737.0,1,10Bet,2.5,1.73,2.05,API-FOOTBALL,,,,,,,
1401737.0,1,10Bet,3.5,2.75,1.42,API-FOOTBALL,,,,,,,
1401737.0,1,10Bet,1.5,2.4,1.5,API-FOOTBALL,,,,,,,
1401737.0,1,10Bet,0.5,1.33,3.1,API-FOOTBALL,,,,,,,
1401737.0,1,10Bet,1.5,1.9,1.8,API-FOOTBALL,,,,,,,
1401737.0,8,Bet365,1.5,1.22,4.0,API-FOOTBALL,,,,,,,
1401737.0,8,Bet365,2.5,1.73,2.08,API-FOOTBALL,,,,,,,
1401737.0,8,Bet365,3.5,2.75,1.4,API-FOOTBALL,,,,,,,
1401737.0,8,Bet365,0.5,1.01,13.0,API-FOOTBALL,,,,,,,
1401737.0,8,Bet365,4.5,4.5,1.17,API-FOOTBALL,,,,,,,
1401737.0,8,Bet365,7.5,21.0,1.0,API-FOOTBALL,,,,,,,
1401737.0,8,Bet365,5.5,8.5,1.05,API-FOOTBALL,,,,,,,
1401737.0,8,Bet365,6.5,12.0,1.01,API-FOOTBALL,,,,,,,
1401737.0,8,Bet365,1.5,2.5,1.5,API-FOOTBALL,,,,,,,
1401737.0,8,Bet365,2.5,5.5,1.12,API-FOOTBALL,,,,,,,
1401737.0,8,Bet365,3.5,10.5,1.02,API-FOOTBALL,,,,,,,
1401737.0,8,Bet365,0.5,1.33,3.25,API-FOOTBALL,,,,,,,
1401737.0,8,Bet365,1.5,1.83,1.83,API-FOOTBALL,,,,,,,
1401737.0,8,Bet365,2.5,3.75,1.25,API-FOOTBALL,,,,,,,
1401737.0,8,Bet365,3.5,10.0,1.06,API-FOOTBALL,,,,,,,
1401737.0,8,Bet365,0.5,1.2,4.33,API-FOOTBALL,,,,,,,
1401737.0,8,Bet365,4.5,23.0,1.01,API-FOOTBALL,,,,,,,
1401737.0,2,Marathonbet,1.5,1.19,3.75,API-FOOTBALL,,,,,,,
1401737.0,2,Marathonbet,1.75,1.24,3.34,API-FOOTBALL,,,,,,,
1401737.0,2,Marathonbet,2.0,1.31,2.92,API-FOOTBALL,,,,,,,
1401737.0,2,Marathonbet,2.25,1.5,2.28,API-FOOTBALL,,,,,,,
1401737.0,2,Marathonbet,2.5,1.73,1.99,API-FOOTBALL,,,,,,,
1401737.0,2,Marathonbet,2.75,1.88,1.75,API-FOOTBALL,,,,,,,
1401737.0,2,Marathonbet,3.5,2.74,1.35,API-FOOTBALL,,,,,,,
1401737.0,2,Marathonbet,0.5,1.0,9.0,API-FOOTBALL,,,,,,,
1401737.0,2,Marathonbet,0.75,1.0,9.3,API-FOOTBALL,,,,,,,
1401737.0,2,Marathonbet,1.0,1.0,9.5,API-FOOTBALL,,,,,,,
1401737.0,2,Marathonbet,1.25,1.1,5.15,API-FOOTBALL,,,,,,,
1401737.0,2,Marathonbet,3.0,2.19,1.54,API-FOOTBALL,,,,,,,
1401737.0,2,Marathonbet,4.5,5.1,1.1,API-FOOTBALL,,,,,,,
1401737.0,2,Marathonbet,3.25,2.46,1.43,API-FOOTBALL,,,,,,,
1401737.0,2,Marathonbet,3.75,3.28,1.25,API-FOOTBALL,,,,,,,
1401737.0,2,Marathonbet,4.0,4.4,1.14,API-FOOTBALL,,,,,,,
1401737.0,2,Marathonbet,4.25,4.75,1.12,API-FOOTBALL,,,,,,,
1401737.0,2,Marathonbet,4.75,6.45,1.05,API-FOOTBALL,,,,,,,
1401737.0,2,Marathonbet,5.0,9.1,1.0,API-FOOTBALL,,,,,,,
1401737.0,2,Marathonbet,1.5,2.53,1.43,API-FOOTBALL,,,,,,,
1401737.0,2,Marathonbet,2.0,4.9,1.11,API-FOOTBALL,,,,,,,
1401737.0,2,Marathonbet,2.5,6.0,1.06,API-FOOTBALL,,,,,,,
1401737.0,2,Marathonbet,0.5,1.32,2.96,API-FOOTBALL,,,,,,,
1401737.0,2,Marathonbet,1.0,1.7,2.02,API-FOOTBALL,,,,,,,
1401737.0,2,Marathonbet,1.5,1.94,1.76,API-FOOTBALL,,,,,,,
1401737.0,2,Marathonbet,2.0,3.02,1.31,API-FOOTBALL,,,,,,,
1401737.0,2,Marathonbet,2.5,3.9,1.18,API-FOOTBALL,,,,,,,
1401737.0,2,Marathonbet,0.5,1.16,4.1,API-FOOTBALL,,,,,,,
1401737.0,2,Marathonbet,1.0,1.33,2.91,API-FOOTBALL,,,,,,,
1401737.0,16,Unibet,1.5,1.23,3.45,API-FOOTBALL,,,,,,,
1401737.0,16,Unibet,2.5,1.84,1.8,API-FOOTBALL,,,,,,,
1401737.0,16,Unibet,3.5,3.15,1.28,API-FOOTBALL,,,,,,,
1401737.0,16,Unibet,4.5,5.8,1.07,API-FOOTBALL,,,,,,,
1401737.0,16,Unibet,1.5,2.5,1.4,API-FOOTBALL,,,,,,,
1401737.0,16,Unibet,1.5,2.05,1.6,API-FOOTBALL,,,,,,,
1401737.0,3,Betfair,1.5,1.2,4.0,API-FOOTBALL,,,,,,,
1401737.0,3,Betfair,2.5,1.73,2.0,API-FOOTBALL,,,,,,,
1401737.0,3,Betfair,3.5,2.88,1.36,API-FOOTBALL,,,,,,,
1401737.0,3,Betfair,0.5,1.01,11.0,API-FOOTBALL,,,,,,,
1401737.0,3,Betfair,4.5,5.5,1.11,API-FOOTBALL,,,,,,,
1401737.0,3,Betfair,5.5,11.0,1.01,API-FOOTBALL,,,,,,,
1401737.0,3,Betfair,1.5,2.6,1.44,API-FOOTBALL,,,,,,,
1401737.0,3,Betfair,2.5,7.0,1.07,API-FOOTBALL,,,,,,,
1401737.0,3,Betfair,0.5,1.29,3.3,API-FOOTBALL,,,,,,,
1401737.0,13,188Bet,2.75,1.87,1.85,API-FOOTBALL,,,,,,,
1401737.0,13,188Bet,1.0,1.66,2.06,API-FOOTBALL,,,,,,,
1401737.0,4,Pinnacle,2.0,1.34,3.1,API-FOOTBALL,,,,,,,
1401737.0,4,Pinnacle,2.25,1.54,2.39,API-FOOTBALL,,,,,,,
1401737.0,4,Pinnacle,2.5,1.75,2.05,API-FOOTBALL,,,,,,,
1401737.0,4,Pinnacle,2.75,1.96,1.85,API-FOOTBALL,,,,,,,
1401737.0,4,Pinnacle,3.5,2.83,1.39,API-FOOTBALL,,,,,,,
1401737.0,4,Pinnacle,3.0,2.27,1.61,API-FOOTBALL,,,,,,,
1401737.0,4,Pinnacle,3.25,2.55,1.48,API-FOOTBALL,,,,,,,
1401737.0,4,Pinnacle,1.5,2.53,1.47,API-FOOTBALL,,,,,,,
1401737.0,4,Pinnacle,1.75,3.16,1.32,API-FOOTBALL,,,,,,,
1401737.0,4,Pinnacle,0.5,1.32,3.14,API-FOOTBALL,,,,,,,
1401737.0,4,Pinnacle,0.75,1.45,2.66,API-FOOTBALL,,,,,,,
1401737.0,4,Pinnacle,1.0,1.7,2.14,API-FOOTBALL,,,,,,,
1401737.0,4,Pinnacle,1.25,2.13,1.68,API-FOOTBALL,,,,,,,
1401737.0,5,SBO,2.75,1.94,1.82,API-FOOTBALL,,,,,,,
1401737.0,5,SBO,1.0,1.7,2.06,API-FOOTBALL,,,,,,,
1401737.0,11,1xBet,1.5,1.19,3.75,API-FOOTBALL,,,,,,,
1401737.0,11,1xBet,1.75,1.24,3.34,API-FOOTBALL,,,,,,,
1401737.0,11,1xBet,2.0,1.31,2.92,API-FOOTBALL,,,,,,,
1401737.0,11,1xBet,2.25,1.5,2.28,API-FOOTBALL,,,,,,,
1401737.0,11,1xBet,2.5,1.73,1.99,API-FOOTBALL,,,,,,,
1401737.0,11,1xBet,2.75,1.88,1.75,API-FOOTBALL,,,,,,,
1401737.0,11,1xBet,3.5,2.74,1.35,API-FOOTBALL,,,,,,,
1401737.0,11,1xBet,0.5,1.01,11.5,API-FOOTBALL,,,,,,,
1401737.0,11,1xBet,0.75,1.0,9.5,API-FOOTBALL,,,,,,,
1401737.0,11,1xBet,1.0,1.04,8.3,API-FOOTBALL,,,,,,,
1401737.0,11,1xBet,1.25,1.1,5.15,API-FOOTBALL,,,,,,,
1401737.0,11,1xBet,3.0,2.19,1.54,API-FOOTBALL,,,,,,,
1401737.0,11,1xBet,4.5,5.1,1.1,API-FOOTBALL,,,,,,,
1401737.0,11,1xBet,3.25,2.46,1.43,API-FOOTBALL,,,,,,,
1401737.0,11,1xBet,3.75,3.28,1.25,API-FOOTBALL,,,,,,,
1401737.0,11,1xBet,4.0,4.4,1.14,API-FOOTBALL,,,,,,,
1401737.0,11,1xBet,4.25,4.75,1.12,API-FOOTBALL,,,,,,,
1401737.0,11,1xBet,4.75,6.45,1.05,API-FOOTBALL,,,,,,,
1401737.0,11,1xBet,5.0,9.1,1.0,API-FOOTBALL,,,,,,,
1401737.0,11,1xBet,7.5,21.0,1.0,API-FOOTBALL,,,,,,,
1401737.0,11,1xBet,5.5,10.0,1.05,API-FOOTBALL,,,,,,,
1401737.0,11,1xBet,6.5,12.0,1.01,API-FOOTBALL,,,,,,,
1401737.0,11,1xBet,1.5,2.53,1.43,API-FOOTBALL,,,,,,,
1401737.0,11,1xBet,1.75,3.18,1.27,API-FOOTBALL,,,,,,,
1401737.0,11,1xBet,2.0,4.9,1.11,API-FOOTBALL,,,,,,,
1401737.0,11,1xBet,2.25,5.45,1.08,API-FOOTBALL,,,,,,,
1401737.0,11,1xBet,2.5,6.0,1.06,API-FOOTBALL,,,,,,,
1401737.0,11,1xBet,3.5,12.0,1.02,API-FOOTBALL,,,,,,,
1401737.0,11,1xBet,0.5,1.32,2.96,API-FOOTBALL,,,,,,,
1401737.0,11,1xBet,0.75,1.44,2.52,API-FOOTBALL,,,,,,,
1401737.0,11,1xBet,1.0,1.7,2.02,API-FOOTBALL,,,,,,,
1401737.0,11,1xBet,1.25,2.12,1.62,API-FOOTBALL,,,,,,,
1401737.0,11,1xBet,1.5,1.94,1.76,API-FOOTBALL,,,,,,,
1401737.0,11,1xBet,1.75,2.29,1.53,API-FOOTBALL,,,,,,,
1401737.0,11,1xBet,2.0,3.02,1.31,API-FOOTBALL,,,,,,,
1401737.0,11,1xBet,2.25,3.48,1.23,API-FOOTBALL,,,,,,,
1401737.0,11,1xBet,2.5,3.9,1.18,API-FOOTBALL,,,,,,,
1401737.0,11,1xBet,0.5,1.16,4.1,API-FOOTBALL,,,,,,,
1401737.0,11,1xBet,0.75,1.22,3.54,API-FOOTBALL,,,,,,,
1401737.0,11,1xBet,1.0,1.33,2.91,API-FOOTBALL,,,,,,,
1401737.0,11,1xBet,1.25,1.64,2.09,API-FOOTBALL,,,,,,,
1401737.0,11,1xBet,2.5,1.04,6.3,API-FOOTBALL,,,,,,,
1401737.0,11,1xBet,3.5,1.27,3.16,API-FOOTBALL,,,,,,,
1401737.0,11,1xBet,3.0,1.07,5.46,API-FOOTBALL,,,,,,,
1401737.0,11,1xBet,4.5,1.64,2.07,API-FOOTBALL,,,,,,,
1401737.0,11,1xBet,4.0,1.39,2.67,API-FOOTBALL,,,,,,,
1401737.0,11,1xBet,5.0,1.97,1.74,API-FOOTBALL,,,,,,,
1401737.0,11,1xBet,7.5,5.99,1.05,API-FOOTBALL,,,,,,,
1401737.0,11,1xBet,5.5,2.31,1.52,API-FOOTBALL,,,,,,,
1401737.0,11,1xBet,6.5,3.51,1.22,API-FOOTBALL,,,,,,,
1401737.0,11,1xBet,6.0,3.05,1.29,API-FOOTBALL,,,,,,,
1401737.0,11,1xBet,7.0,5.4,1.07,API-FOOTBALL,,,,,,,
1401737.0,11,1xBet,2.5,1.05,5.87,API-FOOTBALL,,,,,,,
1401737.0,11,1xBet,3.5,1.3,3.0,API-FOOTBALL,,,,,,,
1401737.0,11,1xBet,3.0,1.08,5.06,API-FOOTBALL,,,,,,,
1401737.0,11,1xBet,4.5,1.7,1.98,API-FOOTBALL,,,,,,,
1401737.0,11,1xBet,4.0,1.43,2.53,API-FOOTBALL,,,,,,,
1401737.0,11,1xBet,5.0,2.06,1.68,API-FOOTBALL,,,,,,,
1401737.0,11,1xBet,7.5,6.52,1.03,API-FOOTBALL,,,,,,,
1401737.0,11,1xBet,5.5,2.42,1.48,API-FOOTBALL,,,,,,,
1401737.0,11,1xBet,6.5,3.74,1.19,API-FOOTBALL,,,,,,,
1401737.0,11,1xBet,6.0,3.26,1.25,API-FOOTBALL,,,,,,,
1401737.0,11,1xBet,7.0,5.9,1.05,API-FOOTBALL,,,,,,,
1401737.0,32,Betano,1.5,1.24,3.65,API-FOOTBALL,,,,,,,
1401737.0,32,Betano,2.25,1.55,2.35,API-FOOTBALL,,,,,,,
1401737.0,32,Betano,2.5,1.75,2.02,API-FOOTBALL,,,,,,,
1401737.0,32,Betano,2.75,1.93,1.82,API-FOOTBALL,,,,,,,
1401737.0,32,Betano,3.5,2.72,1.4,API-FOOTBALL,,,,,,,
1401737.0,32,Betano,0.5,1.05,8.0,API-FOOTBALL,,,,,,,
1401737.0,32,Betano,3.0,2.22,1.62,API-FOOTBALL,,,,,,,
1401737.0,32,Betano,4.5,4.6,1.16,API-FOOTBALL,,,,,,,
1401737.0,32,Betano,3.25,2.5,1.5,API-FOOTBALL,,,,,,,
1401737.0,32,Betano,5.5,7.5,1.06,API-FOOTBALL,,,,,,,
1401737.0,32,Betano,6.5,10.25,1.02,API-FOOTBALL,,,,,,,
1401737.0,32,Betano,1.5,2.57,1.47,API-FOOTBALL,,,,,,,
1401737.0,32,Betano,2.5,5.4,1.12,API-FOOTBALL,,,,,,,
1401737.0,32,Betano,3.5,9.5,1.03,API-FOOTBALL,,,,,,,
1401737.0,32,Betano,0.5,1.37,2.92,API-FOOTBALL,,,,,,,
1401737.0,32,Betano,0.75,1.5,2.47,API-FOOTBALL,,,,,,,
1401737.0,32,Betano,1.0,1.75,2.0,API-FOOTBALL,,,,,,,
1401737.0,32,Betano,1.25,2.2,1.62,API-FOOTBALL,,,,,,,
1401737.0,32,Betano,1.5,1.9,1.82,API-FOOTBALL,,,,,,,
1401737.0,32,Betano,2.5,3.6,1.25,API-FOOTBALL,,,,,,,
1401737.0,32,Betano,0.5,1.2,4.05,API-FOOTBALL,,,,,,,
1401737.0,34,Superbet,1.5,1.23,3.7,API-FOOTBALL,,,,,,,
1401737.0,34,Superbet,2.5,1.76,1.95,API-FOOTBALL,,,,,,,
1401737.0,34,Superbet,3.5,2.85,1.37,API-FOOTBALL,,,,,,,
1401737.0,34,Superbet,0.5,1.03,9.8,API-FOOTBALL,,,,,,,
1401737.0,34,Superbet,4.5,5.2,1.13,API-FOOTBALL,,,,,,,
1401737.0,34,Superbet,1.5,2.55,1.45,API-FOOTBALL,,,,,,,
1401737.0,34,Superbet,2.5,6.0,1.1,API-FOOTBALL,,,,,,,
1401737.0,34,Superbet,0.5,1.34,3.0,API-FOOTBALL,,,,,,,
1401737.0,34,Superbet,1.5,2.0,1.73,API-FOOTBALL,,,,,,,
1401737.0,34,Superbet,2.5,4.1,1.2,API-FOOTBALL,,,,,,,
1401737.0,34,Superbet,0.5,1.21,4.0,API-FOOTBALL,,,,,,,
1401737.0,34,Superbet,4.5,1.7,2.02,API-FOOTBALL,,,,,,,
1401737.0,34,Superbet,4.5,1.78,1.92,API-FOOTBALL,,,,,,,
1378044.0,1,10Bet,1.5,1.3,3.35,API-FOOTBALL,,,,,,,
1378044.0,1,10Bet,2.5,1.93,1.85,API-FOOTBALL,,,,,,,
1378044.0,1,10Bet,3.5,3.35,1.3,API-FOOTBALL,,,,,,,
1378044.0,1,10Bet,0.5,1.06,8.5,API-FOOTBALL,,,,,,,
1378044.0,1,10Bet,4.5,6.5,1.1,API-FOOTBALL,,,,,,,
1378044.0,1,10Bet,1.5,2.75,1.4,API-FOOTBALL,,,,,,,
1378044.0,1,10Bet,2.5,6.5,1.08,API-FOOTBALL,,,,,,,
1378044.0,1,10Bet,0.5,1.38,2.8,API-FOOTBALL,,,,,,,
1378044.0,1,10Bet,1.5,2.05,1.68,API-FOOTBALL,,,,,,,
1378044.0,1,10Bet,2.5,4.4,1.17,API-FOOTBALL,,,,,,,
1378044.0,1,10Bet,0.5,1.22,3.75,API-FOOTBALL,,,,,,,
1378044.0,7,William Hill,1.5,2.75,1.4,API-FOOTBALL,,,,,,,
1378044.0,7,William Hill,2.5,7.0,1.08,API-FOOTBALL,,,,,,,
1378044.0,7,William Hill,3.5,21.0,1.02,API-FOOTBALL,,,,,,,
1378044.0,7,William Hill,0.5,1.36,2.9,API-FOOTBALL,,,,,,,
1378044.0,7,William Hill,1.5,2.1,1.67,API-FOOTBALL,,,,,,,
1378044.0,7,William Hill,2.5,4.6,1.17,API-FOOTBALL,,,,,,,
1378044.0,7,William Hill,3.5,12.0,1.04,API-FOOTBALL,,,,,,,
1378044.0,7,William Hill,0.5,1.25,3.7,API-FOOTBALL,,,,,,,
1378044.0,8,Bet365,1.5,1.28,3.75,API-FOOTBALL,,,,,,,
1378044.0,8,Bet365,2.5,1.91,1.91,API-FOOTBALL,,,,,,,
1378044.0,8,Bet365,3.5,3.4,1.33,API-FOOTBALL,,,,,,,
1378044.0,8,Bet365,0.5,1.06,10.0,API-FOOTBALL,,,,,,,
1378044.0,8,Bet365,4.5,6.5,1.11,API-FOOTBALL,,,,,,,
1378044.0,8,Bet365,7.5,51.0,1.0,API-FOOTBALL,,,,,,,
1378044.0,8,Bet365,5.5,13.0,1.04,API-FOOTBALL,,,,,,,
1378044.0,8,Bet365,6.5,26.0,1.01,API-FOOTBALL,,,,,,,
1378044.0,8,Bet365,1.5,2.75,1.4,API-FOOTBALL,,,,,,,
1378044.0,8,Bet365,2.5,8.0,1.08,API-FOOTBALL,,,,,,,
1378044.0,8,Bet365,3.5,21.0,1.01,API-FOOTBALL,,,,,,,
1378044.0,8,Bet365,0.5,1.4,2.75,API-FOOTBALL,,,,,,,
1378044.0,8,Bet365,1.5,2.1,1.67,API-FOOTBALL,,,,,,,
1378044.0,8,Bet365,2.5,4.5,1.18,API-FOOTBALL,,,,,,,
1378044.0,8,Bet365,3.5,13.0,1.04,API-FOOTBALL,,,,,,,
1378044.0,8,Bet365,0.5,1.22,4.0,API-FOOTBALL,,,,,,,
1378044.0,8,Bet365,4.5,1.8,1.91,API-FOOTBALL,,,,,,,
1378044.0,8,Bet365,4.5,2.1,1.67,API-FOOTBALL,,,,,,,
1378044.0,8,Bet365,4.5,2.2,1.62,API-FOOTBALL,,,,,,,
1378044.0,8,Bet365,4.0,1.9,1.9,API-FOOTBALL,,,,,,,
1378044.0,2,Marathonbet,1.5,1.26,3.44,API-FOOTBALL,,,,,,,
1378044.0,2,Marathonbet,1.75,1.33,3.04,API-FOOTBALL,,,,,,,
1378044.0,2,Marathonbet,2.0,1.44,2.64,API-FOOTBALL,,,,,,,
1378044.0,2,Marathonbet,2.25,1.68,2.12,API-FOOTBALL,,,,,,,
1378044.0,2,Marathonbet,2.5,1.95,1.88,API-FOOTBALL,,,,,,,
1378044.0,2,Marathonbet,2.75,2.17,1.65,API-FOOTBALL,,,,,,,
1378044.0,2,Marathonbet,3.5,3.22,1.29,API-FOOTBALL,,,,,,,
1378044.0,2,Marathonbet,0.5,1.0,9.5,API-FOOTBALL,,,,,,,
1378044.0,2,Marathonbet,0.75,1.01,8.8,API-FOOTBALL,,,,,,,
1378044.0,2,Marathonbet,1.0,1.03,8.2,API-FOOTBALL,,,,,,,
1378044.0,2,Marathonbet,1.25,1.14,4.65,API-FOOTBALL,,,,,,,
1378044.0,2,Marathonbet,3.0,2.61,1.45,API-FOOTBALL,,,,,,,
1378044.0,2,Marathonbet,4.5,6.2,1.06,API-FOOTBALL,,,,,,,
1378044.0,2,Marathonbet,3.25,2.91,1.36,API-FOOTBALL,,,,,,,
1378044.0,2,Marathonbet,3.75,3.98,1.19,API-FOOTBALL,,,,,,,
1378044.0,2,Marathonbet,4.0,5.5,1.09,API-FOOTBALL,,,,,,,
1378044.0,2,Marathonbet,4.25,5.85,1.07,API-FOOTBALL,,,,,,,
1378044.0,2,Marathonbet,1.5,2.88,1.41,API-FOOTBALL,,,,,,,
1378044.0,2,Marathonbet,2.0,6.25,1.1,API-FOOTBALL,,,,,,,
1378044.0,2,Marathonbet,2.5,7.5,1.06,API-FOOTBALL,,,,,,,
1378044.0,2,Marathonbet,0.5,1.42,2.83,API-FOOTBALL,,,,,,,
1378044.0,2,Marathonbet,1.0,1.94,1.89,API-FOOTBALL,,,,,,,
1378044.0,2,Marathonbet,1.5,2.15,1.72,API-FOOTBALL,,,,,,,
1378044.0,2,Marathonbet,2.0,3.58,1.28,API-FOOTBALL,,,,,,,
1378044.0,2,Marathonbet,2.5,4.65,1.17,API-FOOTBALL,,,,,,,
1378044.0,2,Marathonbet,0.5,1.22,4.0,API-FOOTBALL,,,,,,,
1378044.0,2,Marathonbet,1.0,1.44,2.75,API-FOOTBALL,,,,,,,
1378044.0,16,Unibet,1.5,1.26,3.7,API-FOOTBALL,,,,,,,
1378044.0,16,Unibet,1.75,1.35,3.2,API-FOOTBALL,,,,,,,
1378044.0,16,Unibet,2.0,1.44,2.8,API-FOOTBALL,,,,,,,
1378044.0,16,Unibet,2.25,1.68,2.17,API-FOOTBALL,,,,,,,
1378044.0,16,Unibet,2.5,1.93,1.87,API-FOOTBALL,,,,,,,
1378044.0,16,Unibet,2.75,2.2,1.67,API-FOOTBALL,,,,,,,
1378044.0,16,Unibet,3.5,3.4,1.3,API-FOOTBALL,,,,,,,
1378044.0,16,Unibet,0.5,1.03,11.0,API-FOOTBALL,,,,,,,
1378044.0,16,Unibet,3.0,2.7,1.47,API-FOOTBALL,,,,,,,
1378044.0,16,Unibet,4.5,7.0,1.09,API-FOOTBALL,,,,,,,
1378044.0,16,Unibet,3.25,3.05,1.38,API-FOOTBALL,,,,,,,
1378044.0,16,Unibet,1.5,2.65,1.42,API-FOOTBALL,,,,,,,
1378044.0,16,Unibet,1.75,3.45,1.27,API-FOOTBALL,,,,,,,
1378044.0,16,Unibet,2.5,6.5,1.07,API-FOOTBALL,,,,,,,
1378044.0,16,Unibet,0.5,1.32,3.05,API-FOOTBALL,,,,,,,
1378044.0,16,Unibet,0.75,1.47,2.55,API-FOOTBALL,,,,,,,
1378044.0,16,Unibet,1.0,1.74,2.0,API-FOOTBALL,,,,,,,
1378044.0,16,Unibet,1.25,2.23,1.6,API-FOOTBALL,,,,,,,
1378044.0,16,Unibet,1.5,2.15,1.64,API-FOOTBALL,,,,,,,
1378044.0,16,Unibet,2.5,4.75,1.15,API-FOOTBALL,,,,,,,
1378044.0,16,Unibet,0.5,1.23,3.8,API-FOOTBALL,,,,,,,
1378044.0,16,Unibet,2.5,1.16,4.4,API-FOOTBALL,,,,,,,
1378044.0,16,Unibet,3.5,1.4,2.7,API-FOOTBALL,,,,,,,
1378044.0,16,Unibet,8.5,7.0,1.05,API-FOOTBALL,,,,,,,
1378044.0,16,Unibet,4.5,1.8,1.88,API-FOOTBALL,,,,,,,
1378044.0,16,Unibet,7.5,4.9,1.13,API-FOOTBALL,,,,,,,
1378044.0,16,Unibet,5.5,2.43,1.48,API-FOOTBALL,,,,,,,
1378044.0,16,Unibet,6.5,3.4,1.26,API-FOOTBALL,,,,,,,
1378044.0,16,Unibet,1.5,1.07,6.25,API-FOOTBALL,,,,,,,
1378044.0,16,Unibet,2.5,1.27,3.35,API-FOOTBALL,,,,,,,
1378044.0,16,Unibet,3.5,1.63,2.12,API-FOOTBALL,,,,,,,
1378044.0,16,Unibet,4.5,2.23,1.57,API-FOOTBALL,,,,,,,
1378044.0,16,Unibet,7.5,7.0,1.05,API-FOOTBALL,,,,,,,
1378044.0,16,Unibet,5.5,3.2,1.29,API-FOOTBALL,,,,,,,
1378044.0,16,Unibet,6.5,4.8,1.14,API-FOOTBALL,,,,,,,
1378044.0,3,Betfair,1.5,1.29,3.5,API-FOOTBALL,,,,,,,
1378044.0,3,Betfair,2.5,1.9,1.87,API-FOOTBALL,,,,,,,
1378044.0,3,Betfair,3.5,3.4,1.3,API-FOOTBALL,,,,,,,
1378044.0,3,Betfair,0.5,1.04,11.0,API-FOOTBALL,,,,,,,
1378044.0,3,Betfair,4.5,6.5,1.1,API-FOOTBALL,,,,,,,
1378044.0,3,Betfair,5.5,15.0,1.01,API-FOOTBALL,,,,,,,
1378044.0,3,Betfair,1.5,2.88,1.36,API-FOOTBALL,,,,,,,
1378044.0,3,Betfair,2.5,7.5,1.06,API-FOOTBALL,,,,,,,
1378044.0,3,Betfair,0.5,1.33,3.0,API-FOOTBALL,,,,,,,
1378044.0,13,188Bet,2.5,2.0,1.9,API-FOOTBALL,,,,,,,
1378044.0,13,188Bet,1.0,1.97,1.93,API-FOOTBALL,,,,,,,
1378044.0,4,Pinnacle,1.5,1.33,3.44,API-FOOTBALL,,,,,,,
1378044.0,4,Pinnacle,1.75,1.4,3.04,API-FOOTBALL,,,,,,,
1378044.0,4,Pinnacle,2.0,1.52,2.64,API-FOOTBALL,,,,,,,
1378044.0,4,Pinnacle,2.25,1.77,2.13,API-FOOTBALL,,,,,,,
1378044.0,4,Pinnacle,2.5,2.03,1.87,API-FOOTBALL,,,,,,,
1378044.0,4,Pinnacle,2.75,2.31,1.66,API-FOOTBALL,,,,,,,
1378044.0,4,Pinnacle,3.5,3.55,1.32,API-FOOTBALL,,,,,,,
1378044.0,4,Pinnacle,3.0,2.84,1.46,API-FOOTBALL,,,,,,,
1378044.0,4,Pinnacle,3.25,3.19,1.37,API-FOOTBALL,,,,,,,
1378044.0,4,Pinnacle,1.5,3.0,1.4,API-FOOTBALL,,,,,,,
1378044.0,4,Pinnacle,0.5,1.4,2.96,API-FOOTBALL,,,,,,,
1378044.0,4,Pinnacle,0.75,1.57,2.44,API-FOOTBALL,,,,,,,
1378044.0,4,Pinnacle,1.0,1.93,1.9,API-FOOTBALL,,,,,,,
1378044.0,4,Pinnacle,1.25,2.47,1.56,API-FOOTBALL,,,,,,,
1378044.0,4,Pinnacle,4.5,1.8,1.96,API-FOOTBALL,,,,,,,
1378044.0,4,Pinnacle,4.5,2.12,1.67,API-FOOTBALL,,,,,,,
1378044.0,4,Pinnacle,4.0,1.86,1.94,API-FOOTBALL,,,,,,,
1378044.0,5,SBO,2.25,1.7,2.19,API-FOOTBALL,,,,,,,
1378044.0,5,SBO,2.5,1.96,1.9,API-FOOTBALL,,,,,,,
1378044.0,5,SBO,2.75,2.23,1.67,API-FOOTBALL,,,,,,,
1378044.0,5,SBO,1.0,1.92,1.94,API-FOOTBALL,,,,,,,
1378044.0,5,SBO,1.25,2.4,1.57,API-FOOTBALL,,,,,,,
1378044.0,11,1xBet,1.5,1.26,3.44,API-FOOTBALL,,,,,,,
1378044.0,11,1xBet,1.75,1.33,3.04,API-FOOTBALL,,,,,,,
1378044.0,11,1xBet,2.0,1.44,2.64,API-FOOTBALL,,,,,,,
1378044.0,11,1xBet,2.25,1.68,2.12,API-FOOTBALL,,,,,,,
1378044.0,11,1xBet,2.5,2.01,1.94,API-FOOTBALL,,,,,,,
1378044.0,11,1xBet,2.75,2.17,1.65,API-FOOTBALL,,,,,,,
1378044.0,11,1xBet,3.5,3.22,1.29,API-FOOTBALL,,,,,,,
1378044.0,11,1xBet,0.5,1.0,9.5,API-FOOTBALL,,,,,,,
1378044.0,11,1xBet,0.75,1.01,8.8,API-FOOTBALL,,,,,,,
1378044.0,11,1xBet,1.0,1.03,8.2,API-FOOTBALL,,,,,,,
1378044.0,11,1xBet,1.25,1.14,4.65,API-FOOTBALL,,,,,,,
1378044.0,11,1xBet,3.0,2.61,1.45,API-FOOTBALL,,,,,,,
1378044.0,11,1xBet,4.5,6.2,1.06,API-FOOTBALL,,,,,,,
1378044.0,11,1xBet,3.25,2.91,1.36,API-FOOTBALL,,,,,,,
1378044.0,11,1xBet,3.75,3.98,1.19,API-FOOTBALL,,,,,,,
1378044.0,11,1xBet,4.0,5.5,1.09,API-FOOTBALL,,,,,,,
1378044.0,11,1xBet,4.25,5.85,1.07,API-FOOTBALL,,,,,,,
1378044.0,11,1xBet,5.0,11.0,1.04,API-FOOTBALL,,,,,,,
1378044.0,11,1xBet,7.5,50.0,1.0,API-FOOTBALL,,,,,,,
1378044.0,11,1xBet,5.5,13.5,1.02,API-FOOTBALL,,,,,,,
1378044.0,11,1xBet,6.5,26.0,1.01,API-FOOTBALL,,,,,,,
1378044.0,11,1xBet,1.5,2.88,1.41,API-FOOTBALL,,,,,,,
1378044.0,11,1xBet,1.75,3.72,1.26,API-FOOTBALL,,,,,,,
1378044.0,11,1xBet,2.0,6.25,1.1,API-FOOTBALL,,,,,,,
1378044.0,11,1xBet,2.25,6.9,1.08,API-FOOTBALL,,,,,,,
1378044.0,11,1xBet,2.5,7.5,1.06,API-FOOTBALL,,,,,,,
1378044.0,11,1xBet,3.5,21.0,1.01,API-FOOTBALL,,,,,,,
1378044.0,11,1xBet,0.5,1.42,2.83,API-FOOTBALL,,,,,,,
1378044.0,11,1xBet,0.75,1.59,2.38,API-FOOTBALL,,,,,,,
1378044.0,11,1xBet,1.0,1.94,1.89,API-FOOTBALL,,,,,,,
1378044.0,11,1xBet,1.25,2.41,1.57,API-FOOTBALL,,,,,,,
1378044.0,11,1xBet,1.5,2.15,1.72,API-FOOTBALL,,,,,,,
1378044.0,11,1xBet,1.75,2.6,1.5,API-FOOTBALL,,,,,,,
1378044.0,11,1xBet,2.0,3.58,1.28,API-FOOTBALL,,,,,,,
1378044.0,11,1xBet,2.25,4.1,1.22,API-FOOTBALL,,,,,,,
1378044.0,11,1xBet,2.5,4.65,1.17,API-FOOTBALL,,,,,,,
1378044.0,11,1xBet,3.5,12.0,1.04,API-FOOTBALL,,,,,,,
1378044.0,11,1xBet,0.5,1.22,4.0,API-FOOTBALL,,,,,,,
1378044.0,11,1xBet,0.75,1.31,3.34,API-FOOTBALL,,,,,,,
1378044.0,11,1xBet,1.0,1.44,2.75,API-FOOTBALL,,,,,,,
1378044.0,11,1xBet,1.25,1.8,2.02,API-FOOTBALL,,,,,,,
1378044.0,11,1xBet,3.5,1.4,2.65,API-FOOTBALL,,,,,,,
1378044.0,11,1xBet,4.5,1.81,1.89,API-FOOTBALL,,,,,,,
1378044.0,11,1xBet,4.0,1.54,2.26,API-FOOTBALL,,,,,,,
1378044.0,11,1xBet,5.0,2.1,1.62,API-FOOTBALL,,,,,,,
1378044.0,11,1xBet,5.5,2.42,1.47,API-FOOTBALL,,,,,,,
1378044.0,11,1xBet,6.5,3.4,1.25,API-FOOTBALL,,,,,,,
1378044.0,11,1xBet,6.0,3.05,1.31,API-FOOTBALL,,,,,,,
1378044.0,11,1xBet,2.5,1.24,3.47,API-FOOTBALL,,,,,,,
1378044.0,11,1xBet,3.5,1.57,2.2,API-FOOTBALL,,,,,,,
1378044.0,11,1xBet,3.0,1.32,2.98,API-FOOTBALL,,,,,,,
1378044.0,11,1xBet,4.5,2.08,1.63,API-FOOTBALL,,,,,,,
1378044.0,11,1xBet,4.0,1.8,1.91,API-FOOTBALL,,,,,,,
1378044.0,11,1xBet,5.0,2.58,1.42,API-FOOTBALL,,,,,,,
1378044.0,11,1xBet,5.5,2.93,1.33,API-FOOTBALL,,,,,,,
1378044.0,11,1xBet,4.5,2.2,1.62,API-FOOTBALL,,,,,,,
1378044.0,32,Betano,1.5,1.33,3.35,API-FOOTBALL,,,,,,,
1378044.0,32,Betano,1.75,1.42,3.0,API-FOOTBALL,,,,,,,
1378044.0,32,Betano,2.0,1.52,2.62,API-FOOTBALL,,,,,,,
1378044.0,32,Betano,2.25,1.75,2.12,API-FOOTBALL,,,,,,,
1378044.0,32,Betano,2.5,2.0,1.85,API-FOOTBALL,,,,,,,
1378044.0,32,Betano,2.75,2.27,1.67,API-FOOTBALL,,,,,,,
1378044.0,32,Betano,3.5,3.35,1.33,API-FOOTBALL,,,,,,,
1378044.0,32,Betano,0.5,1.07,8.5,API-FOOTBALL,,,,,,,
1378044.0,32,Betano,3.0,2.77,1.47,API-FOOTBALL,,,,,,,
1378044.0,32,Betano,4.5,6.3,1.12,API-FOOTBALL,,,,,,,
1378044.0,32,Betano,3.25,3.1,1.39,API-FOOTBALL,,,,,,,
1378044.0,32,Betano,5.5,11.0,1.04,API-FOOTBALL,,,,,,,
1378044.0,32,Betano,6.5,16.0,1.01,API-FOOTBALL,,,,,,,
1378044.0,32,Betano,1.5,2.7,1.47,API-FOOTBALL,,,,,,,
1378044.0,32,Betano,2.5,6.1,1.12,API-FOOTBALL,,,,,,,
1378044.0,32,Betano,3.5,11.75,1.03,API-FOOTBALL,,,,,,,
1378044.0,32,Betano,0.5,1.4,2.95,API-FOOTBALL,,,,,,,
1378044.0,32,Betano,0.75,1.55,2.47,API-FOOTBALL,,,,,,,
1378044.0,32,Betano,1.0,1.82,2.0,API-FOOTBALL,,,,,,,
1378044.0,32,Betano,1.25,2.27,1.65,API-FOOTBALL,,,,,,,
1378044.0,32,Betano,4.5,16.5,1.01,API-FOOTBALL,,,,,,,
1378044.0,32,Betano,1.5,2.27,1.62,API-FOOTBALL,,,,,,,
1378044.0,32,Betano,2.5,4.8,1.17,API-FOOTBALL,,,,,,,
1378044.0,32,Betano,0.5,1.29,3.5,API-FOOTBALL,,,,,,,
1378044.0,32,Betano,2.5,1.29,3.4,API-FOOTBALL,,,,,,,
1378044.0,32,Betano,3.5,1.62,2.2,API-FOOTBALL,,,,,,,
1378044.0,32,Betano,4.5,2.25,1.6,API-FOOTBALL,,,,,,,
1378044.0,32,Betano,4.0,1.91,1.87,API-FOOTBALL,,,,,,,
1378044.0,32,Betano,5.5,3.25,1.31,API-FOOTBALL,,,,,,,
1378044.0,32,Betano,6.5,4.85,1.16,API-FOOTBALL,,,,,,,
1378044.0,34,Superbet,1.5,1.32,3.45,API-FOOTBALL,,,,,,,
1378044.0,34,Superbet,2.5,2.02,1.8,API-FOOTBALL,,,,,,,
1378044.0,34,Superbet,3.5,3.45,1.31,API-FOOTBALL,,,,,,,
1378044.0,34,Superbet,0.5,1.06,9.3,API-FOOTBALL,,,,,,,
1378044.0,34,Superbet,4.5,6.9,1.1,API-FOOTBALL,,,,,,,
1378044.0,34,Superbet,5.5,14.0,1.03,API-FOOTBALL,,,,,,,
1378044.0,34,Superbet,6.5,33.0,1.01,API-FOOTBALL,,,,,,,
1378044.0,34,Superbet,1.5,2.95,1.41,API-FOOTBALL,,,,,,,
1378044.0,34,Superbet,2.5,7.6,1.09,API-FOOTBALL,,,,,,,
1378044.0,34,Superbet,3.5,23.0,1.01,API-FOOTBALL,,,,,,,
1378044.0,34,Superbet,0.5,1.42,2.87,API-FOOTBALL,,,,,,,
1378044.0,34,Superbet,4.5,50.0,1.0,API-FOOTBALL,,,,,,,
1378044.0,34,Superbet,1.5,2.22,1.67,API-FOOTBALL,,,,,,,
1378044.0,34,Superbet,2.5,4.7,1.19,API-FOOTBALL,,,,,,,
1378044.0,34,Superbet,3.5,12.0,1.04,API-FOOTBALL,,,,,,,
1378044.0,34,Superbet,0.5,1.27,3.85,API-FOOTBALL,,,,,,,
1378044.0,34,Superbet,4.5,33.0,1.01,API-FOOTBALL,,,,,,,
1378044.0,34,Superbet,1.5,1.04,9.2,API-FOOTBALL,,,,,,,
1378044.0,34,Superbet,2.5,1.17,4.65,API-FOOTBALL,,,,,,,
1378044.0,34,Superbet,3.5,1.4,2.8,API-FOOTBALL,,,,,,,
1378044.0,34,Superbet,0.5,1.0,28.0,API-FOOTBALL,,,,,,,
1378044.0,34,Superbet,8.5,7.4,1.07,API-FOOTBALL,,,,,,,
1378044.0,34,Superbet,9.5,11.0,1.03,API-FOOTBALL,,,,,,,
1378044.0,34,Superbet,10.5,18.0,1.01,API-FOOTBALL,,,,,,,
1378044.0,34,Superbet,4.5,1.8,1.95,API-FOOTBALL,,,,,,,
1378044.0,34,Superbet,7.5,5.0,1.15,API-FOOTBALL,,,,,,,
1378044.0,34,Superbet,5.5,2.42,1.52,API-FOOTBALL,,,,,,,
1378044.0,34,Superbet,6.5,3.45,1.28,API-FOOTBALL,,,,,,,
1378044.0,34,Superbet,1.5,1.08,7.1,API-FOOTBALL,,,,,,,
1378044.0,34,Superbet,2.5,1.25,3.7,API-FOOTBALL,,,,,,,
1378044.0,34,Superbet,3.5,1.57,2.3,API-FOOTBALL,,,,,,,
1378044.0,34,Superbet,0.5,1.01,20.0,API-FOOTBALL,,,,,,,
1378044.0,34,Superbet,8.5,10.0,1.04,API-FOOTBALL,,,,,,,
1378044.0,34,Superbet,9.5,16.0,1.01,API-FOOTBALL,,,,,,,
1378044.0,34,Superbet,10.5,25.0,1.0,API-FOOTBALL,,,,,,,
1378044.0,34,Superbet,4.5,2.1,1.68,API-FOOTBALL,,,,,,,
1378044.0,34,Superbet,7.5,6.6,1.09,API-FOOTBALL,,,,,,,
1378044.0,34,Superbet,5.5,3.0,1.36,API-FOOTBALL,,,,,,,
1378044.0,34,Superbet,6.5,4.4,1.19,API-FOOTBALL,,,,,,,
1378044.0,34,Superbet,2.5,1.23,3.4,API-FOOTBALL,,,,,,,
1378044.0,34,Superbet,3.5,1.57,2.2,API-FOOTBALL,,,,,,,
1378044.0,34,Superbet,4.5,2.15,1.61,API-FOOTBALL,,,,,,,
1378044.0,34,Superbet,5.5,3.0,1.3,API-FOOTBALL,,,,,,,
1378044.0,34,Superbet,6.5,4.35,1.13,API-FOOTBALL,,,,,,,
1378046.0,1,10Bet,1.5,1.42,2.8,API-FOOTBALL,,,,,,,
1378046.0,1,10Bet,2.5,2.25,1.62,API-FOOTBALL,,,,,,,
1378046.0,1,10Bet,3.5,4.2,1.22,API-FOOTBALL,,,,,,,
1378046.0,1,10Bet,0.5,1.09,7.0,API-FOOTBALL,,,,,,,
1378046.0,1,10Bet,4.5,8.5,1.06,API-FOOTBALL,,,,,,,
1378046.0,1,10Bet,1.5,3.0,1.33,API-FOOTBALL,,,,,,,
1378046.0,1,10Bet,2.5,7.5,1.06,API-FOOTBALL,,,,,,,
1378046.0,1,10Bet,0.5,1.48,2.5,API-FOOTBALL,,,,,,,
1378046.0,1,10Bet,1.5,2.33,1.53,API-FOOTBALL,,,,,,,
1378046.0,1,10Bet,2.5,5.25,1.12,API-FOOTBALL,,,,,,,
1378046.0,1,10Bet,0.5,1.28,3.3,API-FOOTBALL,,,,,,,
1378046.0,7,William Hill,1.5,3.1,1.33,API-FOOTBALL,,,,,,,
1378046.0,7,William Hill,2.5,8.0,1.07,API-FOOTBALL,,,,,,,
1378046.0,7,William Hill,0.5,1.4,2.62,API-FOOTBALL,,,,,,,
1378046.0,7,William Hill,1.5,2.4,1.53,API-FOOTBALL,,,,,,,
1378046.0,7,William Hill,2.5,5.5,1.12,API-FOOTBALL,,,,,,,
1378046.0,7,William Hill,3.5,15.0,1.03,API-FOOTBALL,,,,,,,
1378046.0,7,William Hill,0.5,1.3,3.2,API-FOOTBALL,,,,,,,
1378046.0,8,Bet365,1.5,1.4,3.0,API-FOOTBALL,,,,,,,
1378046.0,8,Bet365,2.5,2.3,1.62,API-FOOTBALL,,,,,,,
1378046.0,8,Bet365,3.5,4.0,1.25,API-FOOTBALL,,,,,,,
1378046.0,8,Bet365,0.5,1.08,7.5,API-FOOTBALL,,,,,,,
1378046.0,8,Bet365,4.5,9.0,1.07,API-FOOTBALL,,,,,,,
1378046.0,8,Bet365,5.5,19.0,1.02,API-FOOTBALL,,,,,,,
1378046.0,8,Bet365,6.5,41.0,1.0,API-FOOTBALL,,,,,,,
1378046.0,8,Bet365,1.5,3.25,1.33,API-FOOTBALL,,,,,,,
1378046.0,8,Bet365,2.5,10.0,1.06,API-FOOTBALL,,,,,,,
1378046.0,8,Bet365,3.5,26.0,1.01,API-FOOTBALL,,,,,,,
1378046.0,8,Bet365,0.5,1.44,2.62,API-FOOTBALL,,,,,,,
1378046.0,8,Bet365,1.5,2.38,1.53,API-FOOTBALL,,,,,,,
1378046.0,8,Bet365,2.5,5.5,1.14,API-FOOTBALL,,,,,,,
1378046.0,8,Bet365,3.5,15.0,1.03,API-FOOTBALL,,,,,,,
1378046.0,8,Bet365,0.5,1.28,3.5,API-FOOTBALL,,,,,,,
1378046.0,8,Bet365,4.5,1.73,2.0,API-FOOTBALL,,,,,,,
1378046.0,8,Bet365,3.5,1.67,2.1,API-FOOTBALL,,,,,,,
1378046.0,8,Bet365,5.0,1.8,2.0,API-FOOTBALL,,,,,,,
1378046.0,8,Bet365,5.5,2.1,1.67,API-FOOTBALL,,,,,,,
1378046.0,2,Marathonbet,1.5,1.38,2.77,API-FOOTBALL,,,,,,,
1378046.0,2,Marathonbet,1.75,1.48,2.48,API-FOOTBALL,,,,,,,
1378046.0,2,Marathonbet,2.0,1.65,2.14,API-FOOTBALL,,,,,,,
1378046.0,2,Marathonbet,2.25,1.93,1.82,API-FOOTBALL,,,,,,,
1378046.0,2,Marathonbet,2.5,2.26,1.66,API-FOOTBALL,,,,,,,
1378046.0,2,Marathonbet,2.75,2.55,1.48,API-FOOTBALL,,,,,,,
1378046.0,2,Marathonbet,3.5,3.86,1.21,API-FOOTBALL,,,,,,,
1378046.0,2,Marathonbet,0.5,1.05,6.6,API-FOOTBALL,,,,,,,
1378046.0,2,Marathonbet,0.75,1.06,6.15,API-FOOTBALL,,,,,,,
1378046.0,2,Marathonbet,1.0,1.09,5.65,API-FOOTBALL,,,,,,,
1378046.0,2,Marathonbet,1.25,1.23,3.6,API-FOOTBALL,,,,,,,
1378046.0,2,Marathonbet,3.0,3.22,1.31,API-FOOTBALL,,,,,,,
1378046.0,2,Marathonbet,4.5,7.2,1.03,API-FOOTBALL,,,,,,,
1378046.0,2,Marathonbet,3.25,3.5,1.26,API-FOOTBALL,,,,,,,
1378046.0,2,Marathonbet,3.75,4.8,1.13,API-FOOTBALL,,,,,,,
1378046.0,2,Marathonbet,4.0,6.65,1.06,API-FOOTBALL,,,,,,,
1378046.0,2,Marathonbet,4.25,6.9,1.04,API-FOOTBALL,,,,,,,
1378046.0,2,Marathonbet,1.5,3.28,1.33,API-FOOTBALL,,,,,,,
1378046.0,2,Marathonbet,2.0,7.3,1.07,API-FOOTBALL,,,,,,,
1378046.0,2,Marathonbet,2.5,8.3,1.04,API-FOOTBALL,,,,,,,
1378046.0,2,Marathonbet,0.5,1.53,2.47,API-FOOTBALL,,,,,,,
1378046.0,2,Marathonbet,1.0,2.24,1.67,API-FOOTBALL,,,,,,,
1378046.0,2,Marathonbet,1.5,2.38,1.57,API-FOOTBALL,,,,,,,
1378046.0,2,Marathonbet,2.0,4.25,1.2,API-FOOTBALL,,,,,,,
1378046.0,2,Marathonbet,2.5,5.25,1.12,API-FOOTBALL,,,,,,,
1378046.0,2,Marathonbet,0.5,1.31,3.4,API-FOOTBALL,,,,,,,
1378046.0,2,Marathonbet,1.0,1.62,2.34,API-FOOTBALL,,,,,,,
1378046.0,16,Unibet,1.5,1.37,3.0,API-FOOTBALL,,,,,,,
1378046.0,16,Unibet,1.75,1.48,2.63,API-FOOTBALL,,,,,,,
1378046.0,16,Unibet,2.0,1.64,2.25,API-FOOTBALL,,,,,,,
1378046.0,16,Unibet,2.25,1.94,1.86,API-FOOTBALL,,,,,,,
1378046.0,16,Unibet,2.5,2.2,1.63,API-FOOTBALL,,,,,,,
1378046.0,16,Unibet,2.75,2.63,1.49,API-FOOTBALL,,,,,,,
1378046.0,16,Unibet,3.5,4.2,1.21,API-FOOTBALL,,,,,,,
1378046.0,16,Unibet,0.5,1.06,8.5,API-FOOTBALL,,,,,,,
1378046.0,16,Unibet,3.0,3.4,1.32,API-FOOTBALL,,,,,,,
1378046.0,16,Unibet,4.5,9.5,1.04,API-FOOTBALL,,,,,,,
1378046.0,16,Unibet,3.25,3.8,1.26,API-FOOTBALL,,,,,,,
1378046.0,16,Unibet,1.5,3.05,1.34,API-FOOTBALL,,,,,,,
1378046.0,16,Unibet,2.5,7.5,1.04,API-FOOTBALL,,,,,,,
1378046.0,16,Unibet,0.5,1.4,2.7,API-FOOTBALL,,,,,,,
1378046.0,16,Unibet,0.75,1.58,2.23,API-FOOTBALL,,,,,,,
1378046.0,16,Unibet,1.0,1.98,1.75,API-FOOTBALL,,,,,,,
1378046.0,16,Unibet,1.25,2.5,1.47,API-FOOTBALL,,,,,,,
1378046.0,16,Unibet,1.5,2.4,1.52,API-FOOTBALL,,,,,,,
1378046.0,16,Unibet,2.5,5.75,1.11,API-FOOTBALL,,,,,,,
1378046.0,16,Unibet,0.5,1.29,3.35,API-FOOTBALL,,,,,,,
1378046.0,16,Unibet,2.5,1.16,4.4,API-FOOTBALL,,,,,,,
1378046.0,16,Unibet,3.5,1.38,2.75,API-FOOTBALL,,,,,,,
1378046.0,16,Unibet,8.5,6.75,1.06,API-FOOTBALL,,,,,,,
1378046.0,16,Unibet,4.5,1.78,1.91,API-FOOTBALL,,,,,,,
1378046.0,16,Unibet,7.5,4.8,1.14,API-FOOTBALL,,,,,,,
1378046.0,16,Unibet,5.5,2.38,1.5,API-FOOTBALL,,,,,,,
1378046.0,16,Unibet,6.5,3.35,1.27,API-FOOTBALL,,,,,,,
1378046.0,16,Unibet,1.5,1.09,5.75,API-FOOTBALL,,,,,,,
1378046.0,16,Unibet,2.5,1.32,3.05,API-FOOTBALL,,,,,,,
1378046.0,16,Unibet,3.5,1.73,1.96,API-FOOTBALL,,,,,,,
1378046.0,16,Unibet,4.5,2.43,1.49,API-FOOTBALL,,,,,,,
1378046.0,16,Unibet,7.5,8.0,1.03,API-FOOTBALL,,,,,,,
1378046.0,16,Unibet,5.5,3.55,1.24,API-FOOTBALL,,,,,,,
1378046.0,16,Unibet,6.5,5.3,1.11,API-FOOTBALL,,,,,,,
1378046.0,3,Betfair,1.5,1.36,3.1,API-FOOTBALL,,,,,,,
1378046.0,3,Betfair,2.5,2.2,1.65,API-FOOTBALL,,,,,,,
1378046.0,3,Betfair,3.5,4.1,1.22,API-FOOTBALL,,,,,,,
1378046.0,3,Betfair,0.5,1.06,8.5,API-FOOTBALL,,,,,,,
1378046.0,3,Betfair,4.5,8.0,1.07,API-FOOTBALL,,,,,,,
1378046.0,3,Betfair,5.5,17.0,1.01,API-FOOTBALL,,,,,,,
1378046.0,3,Betfair,1.5,3.2,1.3,API-FOOTBALL,,,,,,,
1378046.0,3,Betfair,2.5,8.0,1.05,API-FOOTBALL,,,,,,,
1378046.0,3,Betfair,0.5,1.4,2.75,API-FOOTBALL,,,,,,,
1378046.0,13,188Bet,2.25,2.01,1.89,API-FOOTBALL,,,,,,,
1378046.0,13,188Bet,0.75,1.76,2.14,API-FOOTBALL,,,,,,,
1378046.0,4,Pinnacle,1.5,1.41,3.0,API-FOOTBALL,,,,,,,
1378046.0,4,Pinnacle,1.75,1.53,2.62,API-FOOTBALL,,,,,,,
1378046.0,4,Pinnacle,2.0,1.71,2.22,API-FOOTBALL,,,,,,,
1378046.0,4,Pinnacle,2.25,2.04,1.85,API-FOOTBALL,,,,,,,
1378046.0,4,Pinnacle,2.5,2.35,1.64,API-FOOTBALL,,,,,,,
1378046.0,4,Pinnacle,2.75,2.75,1.49,API-FOOTBALL,,,,,,,
1378046.0,4,Pinnacle,1.25,1.27,3.94,API-FOOTBALL,,,,,,,
1378046.0,4,Pinnacle,3.0,3.48,1.33,API-FOOTBALL,,,,,,,
1378046.0,4,Pinnacle,3.25,3.86,1.28,API-FOOTBALL,,,,,,,
1378046.0,4,Pinnacle,1.5,3.39,1.32,API-FOOTBALL,,,,,,,
1378046.0,4,Pinnacle,0.5,1.47,2.69,API-FOOTBALL,,,,,,,
1378046.0,4,Pinnacle,0.75,1.68,2.2,API-FOOTBALL,,,,,,,
1378046.0,4,Pinnacle,1.0,2.18,1.71,API-FOOTBALL,,,,,,,
1378046.0,4,Pinnacle,1.25,2.79,1.45,API-FOOTBALL,,,,,,,
1378046.0,4,Pinnacle,4.5,1.69,2.09,API-FOOTBALL,,,,,,,
1378046.0,4,Pinnacle,3.5,1.75,2.03,API-FOOTBALL,,,,,,,
1378046.0,4,Pinnacle,5.0,2.03,1.79,API-FOOTBALL,,,,,,,
1378046.0,5,SBO,2.0,1.69,2.2,API-FOOTBALL,,,,,,,
1378046.0,5,SBO,2.25,1.99,1.87,API-FOOTBALL,,,,,,,
1378046.0,5,SBO,2.5,2.23,1.67,API-FOOTBALL,,,,,,,
1378046.0,5,SBO,0.75,1.69,2.2,API-FOOTBALL,,,,,,,
1378046.0,5,SBO,1.0,2.17,1.71,API-FOOTBALL,,,,,,,
1378046.0,11,1xBet,1.5,1.38,2.77,API-FOOTBALL,,,,,,,
1378046.0,11,1xBet,1.75,1.48,2.48,API-FOOTBALL,,,,,,,
1378046.0,11,1xBet,2.0,1.65,2.14,API-FOOTBALL,,,,,,,
1378046.0,11,1xBet,2.25,1.93,1.82,API-FOOTBALL,,,,,,,
1378046.0,11,1xBet,2.5,2.33,1.71,API-FOOTBALL,,,,,,,
1378046.0,11,1xBet,2.75,2.55,1.48,API-FOOTBALL,,,,,,,
1378046.0,11,1xBet,3.5,3.86,1.21,API-FOOTBALL,,,,,,,
1378046.0,11,1xBet,0.5,1.05,6.6,API-FOOTBALL,,,,,,,
1378046.0,11,1xBet,0.75,1.06,6.15,API-FOOTBALL,,,,,,,
1378046.0,11,1xBet,1.0,1.09,5.65,API-FOOTBALL,,,,,,,
1378046.0,11,1xBet,1.25,1.23,3.6,API-FOOTBALL,,,,,,,
1378046.0,11,1xBet,3.0,3.22,1.31,API-FOOTBALL,,,,,,,
1378046.0,11,1xBet,4.5,7.2,1.03,API-FOOTBALL,,,,,,,
1378046.0,11,1xBet,3.25,3.5,1.26,API-FOOTBALL,,,,,,,
1378046.0,11,1xBet,3.75,4.8,1.13,API-FOOTBALL,,,,,,,
1378046.0,11,1xBet,4.0,6.65,1.06,API-FOOTBALL,,,,,,,
1378046.0,11,1xBet,4.25,6.9,1.04,API-FOOTBALL,,,,,,,
1378046.0,11,1xBet,5.0,14.5,1.02,API-FOOTBALL,,,,,,,
1378046.0,11,1xBet,5.5,18.0,1.02,API-FOOTBALL,,,,,,,
1378046.0,11,1xBet,6.5,41.0,1.0,API-FOOTBALL,,,,,,,
1378046.0,11,1xBet,1.5,3.28,1.33,API-FOOTBALL,,,,,,,
1378046.0,11,1xBet,1.75,4.25,1.21,API-FOOTBALL,,,,,,,
1378046.0,11,1xBet,2.0,7.3,1.07,API-FOOTBALL,,,,,,,
1378046.0,11,1xBet,2.25,7.8,1.06,API-FOOTBALL,,,,,,,
1378046.0,11,1xBet,2.5,8.3,1.04,API-FOOTBALL,,,,,,,
1378046.0,11,1xBet,3.5,29.0,1.01,API-FOOTBALL,,,,,,,
1378046.0,11,1xBet,0.5,1.53,2.47,API-FOOTBALL,,,,,,,
1378046.0,11,1xBet,0.75,1.76,2.07,API-FOOTBALL,,,,,,,
1378046.0,11,1xBet,1.0,2.24,1.67,API-FOOTBALL,,,,,,,
1378046.0,11,1xBet,1.25,2.76,1.45,API-FOOTBALL,,,,,,,
1378046.0,11,1xBet,1.5,2.38,1.57,API-FOOTBALL,,,,,,,
1378046.0,11,1xBet,1.75,2.91,1.39,API-FOOTBALL,,,,,,,
1378046.0,11,1xBet,2.0,4.25,1.2,API-FOOTBALL,,,,,,,
1378046.0,11,1xBet,2.25,4.75,1.16,API-FOOTBALL,,,,,,,
1378046.0,11,1xBet,2.5,5.25,1.12,API-FOOTBALL,,,,,,,
1378046.0,11,1xBet,3.5,15.0,1.03,API-FOOTBALL,,,,,,,
1378046.0,11,1xBet,0.5,1.31,3.4,API-FOOTBALL,,,,,,,
1378046.0,11,1xBet,0.75,1.42,2.88,API-FOOTBALL,,,,,,,
1378046.0,11,1xBet,1.0,1.62,2.34,API-FOOTBALL,,,,,,,
1378046.0,11,1xBet,1.25,2.0,1.81,API-FOOTBALL,,,,,,,
1378046.0,11,1xBet,3.5,1.36,2.78,API-FOOTBALL,,,,,,,
1378046.0,11,1xBet,4.5,1.75,1.96,API-FOOTBALL,,,,,,,
1378046.0,11,1xBet,4.0,1.48,2.4,API-FOOTBALL,,,,,,,
1378046.0,11,1xBet,5.0,2.0,1.69,API-FOOTBALL,,,,,,,
1378046.0,11,1xBet,5.5,2.29,1.52,API-FOOTBALL,,,,,,,
1378046.0,11,1xBet,6.5,3.21,1.28,API-FOOTBALL,,,,,,,
1378046.0,11,1xBet,6.0,2.88,1.34,API-FOOTBALL,,,,,,,
1378046.0,11,1xBet,2.5,1.29,3.14,API-FOOTBALL,,,,,,,
1378046.0,11,1xBet,3.5,1.66,2.04,API-FOOTBALL,,,,,,,
1378046.0,11,1xBet,3.0,1.39,2.67,API-FOOTBALL,,,,,,,
1378046.0,11,1xBet,4.5,2.25,1.54,API-FOOTBALL,,,,,,,
1378046.0,11,1xBet,4.0,1.95,1.76,API-FOOTBALL,,,,,,,
1378046.0,11,1xBet,5.0,2.87,1.34,API-FOOTBALL,,,,,,,
1378046.0,11,1xBet,5.5,3.25,1.27,API-FOOTBALL,,,,,,,
1378046.0,11,1xBet,5.5,2.1,1.67,API-FOOTBALL,,,,,,,
1378046.0,32,Betano,1.5,1.44,2.92,API-FOOTBALL,,,,,,,
1378046.0,32,Betano,1.75,1.55,2.55,API-FOOTBALL,,,,,,,
1378046.0,32,Betano,2.0,1.72,2.2,API-FOOTBALL,,,,,,,
1378046.0,32,Betano,2.25,2.0,1.85,API-FOOTBALL,,,,,,,
1378046.0,32,Betano,2.5,2.3,1.65,API-FOOTBALL,,,,,,,
1378046.0,32,Betano,2.75,2.67,1.5,API-FOOTBALL,,,,,,,
1378046.0,32,Betano,3.5,4.05,1.25,API-FOOTBALL,,,,,,,
1378046.0,32,Betano,0.5,1.1,7.0,API-FOOTBALL,,,,,,,
1378046.0,32,Betano,3.0,3.4,1.34,API-FOOTBALL,,,,,,,
1378046.0,32,Betano,4.5,7.8,1.09,API-FOOTBALL,,,,,,,
1378046.0,32,Betano,5.5,13.0,1.03,API-FOOTBALL,,,,,,,
1378046.0,32,Betano,1.5,2.95,1.4,API-FOOTBALL,,,,,,,
1378046.0,32,Betano,2.5,6.8,1.1,API-FOOTBALL,,,,,,,
1378046.0,32,Betano,3.5,12.5,1.02,API-FOOTBALL,,,,,,,
1378046.0,32,Betano,0.5,1.47,2.7,API-FOOTBALL,,,,,,,
1378046.0,32,Betano,0.75,1.65,2.27,API-FOOTBALL,,,,,,,
1378046.0,32,Betano,1.0,2.0,1.82,API-FOOTBALL,,,,,,,
1378046.0,32,Betano,1.25,2.47,1.55,API-FOOTBALL,,,,,,,
1378046.0,32,Betano,1.5,2.57,1.5,API-FOOTBALL,,,,,,,
1378046.0,32,Betano,2.5,5.8,1.13,API-FOOTBALL,,,,,,,
1378046.0,32,Betano,0.5,1.36,3.05,API-FOOTBALL,,,,,,,
1378046.0,32,Betano,3.5,1.27,3.55,API-FOOTBALL,,,,,,,
1378046.0,32,Betano,4.5,1.55,2.37,API-FOOTBALL,,,,,,,
1378046.0,32,Betano,5.0,1.88,1.9,API-FOOTBALL,,,,,,,
1378046.0,32,Betano,7.5,3.85,1.23,API-FOOTBALL,,,,,,,
1378046.0,32,Betano,5.5,2.02,1.78,API-FOOTBALL,,,,,,,
1378046.0,32,Betano,6.5,2.72,1.42,API-FOOTBALL,,,,,,,
1378046.0,34,Superbet,1.5,1.41,2.95,API-FOOTBALL,,,,,,,
1378046.0,34,Superbet,2.5,2.3,1.63,API-FOOTBALL,,,,,,,
1378046.0,34,Superbet,3.5,4.15,1.23,API-FOOTBALL,,,,,,,
1378046.0,34,Superbet,0.5,1.08,7.8,API-FOOTBALL,,,,,,,
1378046.0,34,Superbet,4.5,8.4,1.07,API-FOOTBALL,,,,,,,
1378046.0,34,Superbet,5.5,19.0,1.02,API-FOOTBALL,,,,,,,
1378046.0,34,Superbet,6.5,50.0,1.0,API-FOOTBALL,,,,,,,
1378046.0,34,Superbet,1.5,3.35,1.33,API-FOOTBALL,,,,,,,
1378046.0,34,Superbet,2.5,9.0,1.07,API-FOOTBALL,,,,,,,
1378046.0,34,Superbet,3.5,28.0,1.01,API-FOOTBALL,,,,,,,
1378046.0,34,Superbet,0.5,1.49,2.65,API-FOOTBALL,,,,,,,
1378046.0,34,Superbet,1.5,2.42,1.57,API-FOOTBALL,,,,,,,
1378046.0,34,Superbet,2.5,5.75,1.14,API-FOOTBALL,,,,,,,
1378046.0,34,Superbet,3.5,15.0,1.03,API-FOOTBALL,,,,,,,
1378046.0,34,Superbet,0.5,1.32,3.4,API-FOOTBALL,,,,,,,
1378046.0,34,Superbet,4.5,45.0,1.0,API-FOOTBALL,,,,,,,
1378046.0,34,Superbet,1.5,1.04,10.0,API-FOOTBALL,,,,,,,
1378046.0,34,Superbet,2.5,1.15,5.1,API-FOOTBALL,,,,,,,
1378046.0,34,Superbet,3.5,1.35,3.0,API-FOOTBALL,,,,,,,
1378046.0,34,Superbet,0.5,1.0,32.0,API-FOOTBALL,,,,,,,
1378046.0,34,Superbet,8.5,6.7,1.09,API-FOOTBALL,,,,,,,
1378046.0,34,Superbet,9.5,9.9,1.04,API-FOOTBALL,,,,,,,
1378046.0,34,Superbet,10.5,16.0,1.01,API-FOOTBALL,,,,,,,
1378046.0,34,Superbet,4.5,1.7,2.07,API-FOOTBALL,,,,,,,
1378046.0,34,Superbet,7.5,4.55,1.18,API-FOOTBALL,,,,,,,
1378046.0,34,Superbet,5.5,2.27,1.59,API-FOOTBALL,,,,,,,
1378046.0,34,Superbet,6.5,3.15,1.33,API-FOOTBALL,,,,,,,
1378046.0,34,Superbet,1.5,1.11,6.0,API-FOOTBALL,,,,,,,
1378046.0,34,Superbet,2.5,1.32,3.2,API-FOOTBALL,,,,,,,
1378046.0,34,Superbet,3.5,1.71,2.05,API-FOOTBALL,,,,,,,
1378046.0,34,Superbet,0.5,1.01,17.0,API-FOOTBALL,,,,,,,
1378046.0,34,Superbet,8.5,13.0,1.02,API-FOOTBALL,,,,,,,
1378046.0,34,Superbet,9.5,20.0,1.01,API-FOOTBALL,,,,,,,
1378046.0,34,Superbet,4.5,2.37,1.54,API-FOOTBALL,,,,,,,
1378046.0,34,Superbet,7.5,7.9,1.06,API-FOOTBALL,,,,,,,
1378046.0,34,Superbet,5.5,3.45,1.28,API-FOOTBALL,,,,,,,
1378046.0,34,Superbet,6.5,5.2,1.14,API-FOOTBALL,,,,,,,
1378046.0,34,Superbet,2.5,1.11,4.65,API-FOOTBALL,,,,,,,
1378046.0,34,Superbet,3.5,1.33,2.85,API-FOOTBALL,,,,,,,
1378046.0,34,Superbet,4.5,1.71,2.0,API-FOOTBALL,,,,,,,
1378046.0,34,Superbet,5.5,2.27,1.53,API-FOOTBALL,,,,,,,
1378046.0,34,Superbet,6.5,3.1,1.27,API-FOOTBALL,,,,,,,
1378049.0,1,10Bet,1.5,1.33,3.25,API-FOOTBALL,,,,,,,
1378049.0,1,10Bet,2.5,2.0,1.8,API-FOOTBALL,,,,,,,
1378049.0,1,10Bet,3.5,3.55,1.28,API-FOOTBALL,,,,,,,
1378049.0,1,10Bet,0.5,1.06,8.5,API-FOOTBALL,,,,,,,
1378049.0,1,10Bet,4.5,7.0,1.09,API-FOOTBALL,,,,,,,
1378049.0,1,10Bet,1.5,2.88,1.36,API-FOOTBALL,,,,,,,
1378049.0,1,10Bet,2.5,7.0,1.07,API-FOOTBALL,,,,,,,
1378049.0,1,10Bet,0.5,1.4,2.75,API-FOOTBALL,,,,,,,
1378049.0,1,10Bet,1.5,2.15,1.62,API-FOOTBALL,,,,,,,
1378049.0,1,10Bet,2.5,4.6,1.15,API-FOOTBALL,,,,,,,
1378049.0,1,10Bet,0.5,1.25,3.65,API-FOOTBALL,,,,,,,
1378049.0,7,William Hill,1.5,2.9,1.36,API-FOOTBALL,,,,,,,
1378049.0,7,William Hill,2.5,8.0,1.07,API-FOOTBALL,,,,,,,
1378049.0,7,William Hill,0.5,1.4,2.75,API-FOOTBALL,,,,,,,
1378049.0,7,William Hill,1.5,2.3,1.55,API-FOOTBALL,,,,,,,
1378049.0,7,William Hill,2.5,5.5,1.12,API-FOOTBALL,,,,,,,
1378049.0,7,William Hill,3.5,15.0,1.03,API-FOOTBALL,,,,,,,
1378049.0,7,William Hill,0.5,1.3,3.3,API-FOOTBALL,,,,,,,
1378049.0,8,Bet365,1.5,1.33,3.4,API-FOOTBALL,,,,,,,
1378049.0,8,Bet365,2.5,2.0,1.8,API-FOOTBALL,,,,,,,
1378049.0,8,Bet365,3.5,3.75,1.28,API-FOOTBALL,,,,,,,
1378049.0,8,Bet365,0.5,1.06,10.0,API-FOOTBALL,,,,,,,
1378049.0,8,Bet365,4.5,7.0,1.1,API-FOOTBALL,,,,,,,
1378049.0,8,Bet365,5.5,15.0,1.03,API-FOOTBALL,,,,,,,
1378049.0,8,Bet365,6.5,29.0,1.01,API-FOOTBALL,,,,,,,
1378049.0,8,Bet365,1.5,3.0,1.36,API-FOOTBALL,,,,,,,
1378049.0,8,Bet365,2.5,8.0,1.08,API-FOOTBALL,,,,,,,
1378049.0,8,Bet365,3.5,23.0,1.01,API-FOOTBALL,,,,,,,
1378049.0,8,Bet365,0.5,1.4,2.75,API-FOOTBALL,,,,,,,
1378049.0,8,Bet365,1.5,2.25,1.57,API-FOOTBALL,,,,,,,
1378049.0,8,Bet365,2.5,5.5,1.14,API-FOOTBALL,,,,,,,
1378049.0,8,Bet365,3.5,15.0,1.03,API-FOOTBALL,,,,,,,
1378049.0,8,Bet365,0.5,1.28,3.5,API-FOOTBALL,,,,,,,
1378049.0,8,Bet365,6.5,1.91,1.8,API-FOOTBALL,,,,,,,
1378049.0,8,Bet365,2.5,1.83,1.83,API-FOOTBALL,,,,,,,
1378049.0,8,Bet365,4.5,2.2,1.62,API-FOOTBALL,,,,,,,
1378049.0,8,Bet365,4.0,1.9,1.9,API-FOOTBALL,,,,,,,
1378049.0,2,Marathonbet,1.5,1.3,3.16,API-FOOTBALL,,,,,,,
1378049.0,2,Marathonbet,1.75,1.39,2.78,API-FOOTBALL,,,,,,,
1378049.0,2,Marathonbet,2.0,1.51,2.43,API-FOOTBALL,,,,,,,
1378049.0,2,Marathonbet,2.25,1.77,1.99,API-FOOTBALL,,,,,,,
1378049.0,2,Marathonbet,2.5,2.06,1.79,API-FOOTBALL,,,,,,,
1378049.0,2,Marathonbet,2.75,2.32,1.57,API-FOOTBALL,,,,,,,
1378049.0,2,Marathonbet,3.5,3.6,1.24,API-FOOTBALL,,,,,,,
1378049.0,2,Marathonbet,0.5,1.0,9.5,API-FOOTBALL,,,,,,,
1378049.0,2,Marathonbet,0.75,1.01,9.0,API-FOOTBALL,,,,,,,
1378049.0,2,Marathonbet,1.0,1.02,8.2,API-FOOTBALL,,,,,,,
1378049.0,2,Marathonbet,1.25,1.16,4.35,API-FOOTBALL,,,,,,,
1378049.0,2,Marathonbet,3.0,2.88,1.38,API-FOOTBALL,,,,,,,
1378049.0,2,Marathonbet,4.5,7.1,1.04,API-FOOTBALL,,,,,,,
1378049.0,2,Marathonbet,3.25,3.22,1.3,API-FOOTBALL,,,,,,,
1378049.0,2,Marathonbet,3.75,4.55,1.15,API-FOOTBALL,,,,,,,
1378049.0,2,Marathonbet,4.0,6.4,1.06,API-FOOTBALL,,,,,,,
1378049.0,2,Marathonbet,4.25,6.75,1.05,API-FOOTBALL,,,,,,,
1378049.0,2,Marathonbet,1.5,3.05,1.37,API-FOOTBALL,,,,,,,
1378049.0,2,Marathonbet,2.0,6.8,1.08,API-FOOTBALL,,,,,,,
1378049.0,2,Marathonbet,2.5,8.2,1.04,API-FOOTBALL,,,,,,,
1378049.0,2,Marathonbet,0.5,1.41,2.88,API-FOOTBALL,,,,,,,
1378049.0,2,Marathonbet,1.0,1.97,1.86,API-FOOTBALL,,,,,,,
1378049.0,2,Marathonbet,1.5,2.29,1.64,API-FOOTBALL,,,,,,,
1378049.0,2,Marathonbet,2.0,4.1,1.23,API-FOOTBALL,,,,,,,
1378049.0,2,Marathonbet,2.5,5.2,1.14,API-FOOTBALL,,,,,,,
1378049.0,2,Marathonbet,0.5,1.25,3.72,API-FOOTBALL,,,,,,,
1378049.0,2,Marathonbet,1.0,1.51,2.53,API-FOOTBALL,,,,,,,
1378049.0,16,Unibet,1.5,1.29,3.45,API-FOOTBALL,,,,,,,
1378049.0,16,Unibet,1.75,1.38,3.0,API-FOOTBALL,,,,,,,
1378049.0,16,Unibet,2.0,1.5,2.6,API-FOOTBALL,,,,,,,
1378049.0,16,Unibet,2.25,1.76,2.06,API-FOOTBALL,,,,,,,
1378049.0,16,Unibet,2.5,2.0,1.77,API-FOOTBALL,,,,,,,
1378049.0,16,Unibet,2.75,2.33,1.6,API-FOOTBALL,,,,,,,
1378049.0,16,Unibet,3.5,3.6,1.27,API-FOOTBALL,,,,,,,
1378049.0,16,Unibet,0.5,1.04,10.0,API-FOOTBALL,,,,,,,
1378049.0,16,Unibet,3.0,2.9,1.41,API-FOOTBALL,,,,,,,
1378049.0,16,Unibet,4.5,7.5,1.08,API-FOOTBALL,,,,,,,
1378049.0,16,Unibet,3.25,3.25,1.34,API-FOOTBALL,,,,,,,
1378049.0,16,Unibet,1.5,2.8,1.38,API-FOOTBALL,,,,,,,
1378049.0,16,Unibet,1.75,3.65,1.25,API-FOOTBALL,,,,,,,
1378049.0,16,Unibet,2.5,7.0,1.05,API-FOOTBALL,,,,,,,
1378049.0,16,Unibet,0.5,1.35,2.85,API-FOOTBALL,,,,,,,
1378049.0,16,Unibet,0.75,1.52,2.4,API-FOOTBALL,,,,,,,
1378049.0,16,Unibet,1.0,1.83,1.89,API-FOOTBALL,,,,,,,
1378049.0,16,Unibet,1.25,2.33,1.55,API-FOOTBALL,,,,,,,
1378049.0,16,Unibet,1.5,2.2,1.61,API-FOOTBALL,,,,,,,
1378049.0,16,Unibet,2.5,5.0,1.14,API-FOOTBALL,,,,,,,
1378049.0,16,Unibet,0.5,1.24,3.65,API-FOOTBALL,,,,,,,
1378049.0,16,Unibet,3.5,1.1,5.5,API-FOOTBALL,,,,,,,
1378049.0,16,Unibet,8.5,3.0,1.33,API-FOOTBALL,,,,,,,
1378049.0,16,Unibet,9.5,4.0,1.2,API-FOOTBALL,,,,,,,
1378049.0,16,Unibet,10.5,5.3,1.11,API-FOOTBALL,,,,,,,
1378049.0,16,Unibet,4.5,1.24,3.6,API-FOOTBALL,,,,,,,
1378049.0,16,Unibet,7.5,2.25,1.55,API-FOOTBALL,,,,,,,
1378049.0,16,Unibet,5.5,1.45,2.5,API-FOOTBALL,,,,,,,
1378049.0,16,Unibet,11.5,7.0,1.05,API-FOOTBALL,,,,,,,
1378049.0,16,Unibet,6.5,1.78,1.91,API-FOOTBALL,,,,,,,
1378049.0,16,Unibet,1.5,1.33,2.95,API-FOOTBALL,,,,,,,
1378049.0,16,Unibet,2.5,1.89,1.79,API-FOOTBALL,,,,,,,
1378049.0,16,Unibet,3.5,2.95,1.33,API-FOOTBALL,,,,,,,
1378049.0,16,Unibet,0.5,1.05,7.0,API-FOOTBALL,,,,,,,
1378049.0,16,Unibet,4.5,4.8,1.13,API-FOOTBALL,,,,,,,
1378049.0,16,Unibet,5.5,7.5,1.03,API-FOOTBALL,,,,,,,
1378049.0,3,Betfair,1.5,1.33,3.25,API-FOOTBALL,,,,,,,
1378049.0,3,Betfair,2.5,2.1,1.73,API-FOOTBALL,,,,,,,
1378049.0,3,Betfair,3.5,3.8,1.25,API-FOOTBALL,,,,,,,
1378049.0,3,Betfair,0.5,1.05,9.0,API-FOOTBALL,,,,,,,
1378049.0,3,Betfair,4.5,8.0,1.07,API-FOOTBALL,,,,,,,
1378049.0,3,Betfair,5.5,17.0,1.01,API-FOOTBALL,,,,,,,
1378049.0,3,Betfair,1.5,3.0,1.33,API-FOOTBALL,,,,,,,
1378049.0,3,Betfair,2.5,8.0,1.05,API-FOOTBALL,,,,,,,
1378049.0,3,Betfair,0.5,1.36,2.88,API-FOOTBALL,,,,,,,
1378049.0,13,188Bet,2.25,1.88,2.02,API-FOOTBALL,,,,,,,
1378049.0,13,188Bet,0.75,1.73,2.17,API-FOOTBALL,,,,,,,
1378049.0,13,188Bet,1.0,2.09,1.81,API-FOOTBALL,,,,,,,
1378049.0,4,Pinnacle,1.5,1.34,3.39,API-FOOTBALL,,,,,,,
1378049.0,4,Pinnacle,1.75,1.42,2.98,API-FOOTBALL,,,,,,,
1378049.0,4,Pinnacle,2.0,1.54,2.58,API-FOOTBALL,,,,,,,
1378049.0,4,Pinnacle,2.25,1.8,2.08,API-FOOTBALL,,,,,,,
1378049.0,4,Pinnacle,2.5,2.07,1.83,API-FOOTBALL,,,,,,,
1378049.0,4,Pinnacle,2.75,2.37,1.63,API-FOOTBALL,,,,,,,
1378049.0,4,Pinnacle,3.5,3.67,1.3,API-FOOTBALL,,,,,,,
1378049.0,4,Pinnacle,1.25,1.22,4.56,API-FOOTBALL,,,,,,,
1378049.0,4,Pinnacle,3.0,2.95,1.43,API-FOOTBALL,,,,,,,
1378049.0,4,Pinnacle,3.25,3.3,1.35,API-FOOTBALL,,,,,,,
1378049.0,4,Pinnacle,1.5,3.09,1.38,API-FOOTBALL,,,,,,,
1378049.0,4,Pinnacle,0.5,1.43,2.86,API-FOOTBALL,,,,,,,
1378049.0,4,Pinnacle,0.75,1.6,2.35,API-FOOTBALL,,,,,,,
1378049.0,4,Pinnacle,1.0,2.0,1.84,API-FOOTBALL,,,,,,,
1378049.0,4,Pinnacle,1.25,2.54,1.52,API-FOOTBALL,,,,,,,
1378049.0,4,Pinnacle,6.5,1.97,1.79,API-FOOTBALL,,,,,,,
1378049.0,4,Pinnacle,2.5,1.83,1.93,API-FOOTBALL,,,,,,,
1378049.0,4,Pinnacle,3.5,1.74,2.09,API-FOOTBALL,,,,,,,
1378049.0,5,SBO,2.0,1.55,2.44,API-FOOTBALL,,,,,,,
1378049.0,5,SBO,2.25,1.83,2.03,API-FOOTBALL,,,,,,,
1378049.0,5,SBO,2.5,2.09,1.77,API-FOOTBALL,,,,,,,
1378049.0,5,SBO,0.75,1.6,2.35,API-FOOTBALL,,,,,,,
1378049.0,5,SBO,1.0,2.06,1.8,API-FOOTBALL,,,,,,,
1378049.0,11,1xBet,1.5,1.3,3.16,API-FOOTBALL,,,,,,,
1378049.0,11,1xBet,1.75,1.39,2.78,API-FOOTBALL,,,,,,,
1378049.0,11,1xBet,2.0,1.51,2.43,API-FOOTBALL,,,,,,,
1378049.0,11,1xBet,2.25,1.77,1.99,API-FOOTBALL,,,,,,,
1378049.0,11,1xBet,2.5,2.12,1.84,API-FOOTBALL,,,,,,,
1378049.0,11,1xBet,2.75,2.32,1.57,API-FOOTBALL,,,,,,,
1378049.0,11,1xBet,3.5,3.6,1.24,API-FOOTBALL,,,,,,,
1378049.0,11,1xBet,0.5,1.02,11.3,API-FOOTBALL,,,,,,,
1378049.0,11,1xBet,0.75,1.01,9.0,API-FOOTBALL,,,,,,,
1378049.0,11,1xBet,1.0,1.02,8.2,API-FOOTBALL,,,,,,,
1378049.0,11,1xBet,1.25,1.16,4.35,API-FOOTBALL,,,,,,,
1378049.0,11,1xBet,3.0,2.88,1.38,API-FOOTBALL,,,,,,,
1378049.0,11,1xBet,4.5,7.1,1.04,API-FOOTBALL,,,,,,,
1378049.0,11,1xBet,3.25,3.22,1.3,API-FOOTBALL,,,,,,,
1378049.0,11,1xBet,3.75,4.55,1.15,API-FOOTBALL,,,,,,,
1378049.0,11,1xBet,4.0,6.4,1.06,API-FOOTBALL,,,,,,,
1378049.0,11,1xBet,4.25,6.75,1.05,API-FOOTBALL,,,,,,,
1378049.0,11,1xBet,5.0,12.0,1.03,API-FOOTBALL,,,,,,,
1378049.0,11,1xBet,5.5,14.5,1.02,API-FOOTBALL,,,,,,,
1378049.0,11,1xBet,6.5,29.0,1.01,API-FOOTBALL,,,,,,,
1378049.0,11,1xBet,1.5,3.05,1.37,API-FOOTBALL,,,,,,,
1378049.0,11,1xBet,1.75,4.0,1.23,API-FOOTBALL,,,,,,,
1378049.0,11,1xBet,2.0,6.8,1.08,API-FOOTBALL,,,,,,,
1378049.0,11,1xBet,2.25,7.5,1.06,API-FOOTBALL,,,,,,,
1378049.0,11,1xBet,2.5,8.2,1.04,API-FOOTBALL,,,,,,,
1378049.0,11,1xBet,3.5,26.0,1.01,API-FOOTBALL,,,,,,,
1378049.0,11,1xBet,0.5,1.41,2.88,API-FOOTBALL,,,,,,,
1378049.0,11,1xBet,0.75,1.59,2.38,API-FOOTBALL,,,,,,,
1378049.0,11,1xBet,1.0,1.97,1.86,API-FOOTBALL,,,,,,,
1378049.0,11,1xBet,1.25,2.51,1.53,API-FOOTBALL,,,,,,,
1378049.0,11,1xBet,1.5,2.29,1.64,API-FOOTBALL,,,,,,,
1378049.0,11,1xBet,1.75,2.8,1.44,API-FOOTBALL,,,,,,,
1378049.0,11,1xBet,2.0,4.1,1.23,API-FOOTBALL,,,,,,,
1378049.0,11,1xBet,2.25,4.7,1.18,API-FOOTBALL,,,,,,,
1378049.0,11,1xBet,2.5,5.2,1.14,API-FOOTBALL,,,,,,,
1378049.0,11,1xBet,3.5,15.0,1.03,API-FOOTBALL,,,,,,,
1378049.0,11,1xBet,0.5,1.25,3.72,API-FOOTBALL,,,,,,,
1378049.0,11,1xBet,0.75,1.35,3.1,API-FOOTBALL,,,,,,,
1378049.0,11,1xBet,1.0,1.51,2.53,API-FOOTBALL,,,,,,,
1378049.0,11,1xBet,1.25,1.91,1.9,API-FOOTBALL,,,,,,,
1378049.0,11,1xBet,4.5,1.3,3.1,API-FOOTBALL,,,,,,,
1378049.0,11,1xBet,5.0,1.38,2.73,API-FOOTBALL,,,,,,,
1378049.0,11,1xBet,7.5,2.62,1.41,API-FOOTBALL,,,,,,,
1378049.0,11,1xBet,5.5,1.58,2.18,API-FOOTBALL,,,,,,,
1378049.0,11,1xBet,6.5,1.98,1.7,API-FOOTBALL,,,,,,,
1378049.0,11,1xBet,6.0,1.76,1.95,API-FOOTBALL,,,,,,,
1378049.0,11,1xBet,7.0,2.33,1.51,API-FOOTBALL,,,,,,,
1378049.0,11,1xBet,8.0,3.02,1.31,API-FOOTBALL,,,,,,,
1378049.0,11,1xBet,1.5,1.27,3.25,API-FOOTBALL,,,,,,,
1378049.0,11,1xBet,2.0,1.39,2.67,API-FOOTBALL,,,,,,,
1378049.0,11,1xBet,2.5,1.75,1.96,API-FOOTBALL,,,,,,,
1378049.0,11,1xBet,3.5,2.5,1.44,API-FOOTBALL,,,,,,,
1378049.0,11,1xBet,3.0,2.11,1.61,API-FOOTBALL,,,,,,,
1378049.0,11,1xBet,4.5,3.93,1.19,API-FOOTBALL,,,,,,,
1378049.0,11,1xBet,4.0,3.47,1.24,API-FOOTBALL,,,,,,,
1378049.0,11,1xBet,4.5,2.2,1.62,API-FOOTBALL,,,,,,,
1378049.0,32,Betano,1.5,1.36,3.3,API-FOOTBALL,,,,,,,
1378049.0,32,Betano,1.75,1.44,2.9,API-FOOTBALL,,,,,,,
1378049.0,32,Betano,2.0,1.55,2.52,API-FOOTBALL,,,,,,,
1378049.0,32,Betano,2.25,1.82,2.05,API-FOOTBALL,,,,,,,
1378049.0,32,Betano,2.5,2.07,1.8,API-FOOTBALL,,,,,,,
1378049.0,32,Betano,2.75,2.37,1.62,API-FOOTBALL,,,,,,,
1378049.0,32,Betano,3.5,3.55,1.3,API-FOOTBALL,,,,,,,
1378049.0,32,Betano,0.5,1.07,8.5,API-FOOTBALL,,,,,,,
1378049.0,32,Betano,3.0,2.95,1.42,API-FOOTBALL,,,,,,,
1378049.0,32,Betano,4.5,6.7,1.11,API-FOOTBALL,,,,,,,
1378049.0,32,Betano,5.5,11.75,1.04,API-FOOTBALL,,,,,,,
1378049.0,32,Betano,6.5,16.5,1.01,API-FOOTBALL,,,,,,,
1378049.0,32,Betano,1.5,2.92,1.42,API-FOOTBALL,,,,,,,
1378049.0,32,Betano,2.5,6.7,1.1,API-FOOTBALL,,,,,,,
1378049.0,32,Betano,3.5,12.5,1.02,API-FOOTBALL,,,,,,,
1378049.0,32,Betano,0.5,1.44,2.85,API-FOOTBALL,,,,,,,
1378049.0,32,Betano,0.75,1.6,2.37,API-FOOTBALL,,,,,,,
1378049.0,32,Betano,1.0,1.93,1.88,API-FOOTBALL,,,,,,,
1378049.0,32,Betano,1.25,2.45,1.57,API-FOOTBALL,,,,,,,
1378049.0,32,Betano,1.5,2.25,1.62,API-FOOTBALL,,,,,,,
1378049.0,32,Betano,2.5,4.8,1.18,API-FOOTBALL,,,,,,,
1378049.0,32,Betano,0.5,1.28,3.55,API-FOOTBALL,,,,,,,
1378049.0,32,Betano,2.5,1.27,3.5,API-FOOTBALL,,,,,,,
1378049.0,32,Betano,3.5,1.62,2.22,API-FOOTBALL,,,,,,,
1378049.0,32,Betano,4.5,2.22,1.62,API-FOOTBALL,,,,,,,
1378049.0,32,Betano,4.0,1.9,1.88,API-FOOTBALL,,,,,,,
1378049.0,32,Betano,5.5,3.25,1.31,API-FOOTBALL,,,,,,,
1378049.0,32,Betano,6.5,4.85,1.16,API-FOOTBALL,,,,,,,
1378049.0,34,Superbet,1.5,1.34,3.25,API-FOOTBALL,,,,,,,
1378049.0,34,Superbet,2.5,2.05,1.78,API-FOOTBALL,,,,,,,
1378049.0,34,Superbet,3.5,3.6,1.29,API-FOOTBALL,,,,,,,
1378049.0,34,Superbet,0.5,1.06,9.6,API-FOOTBALL,,,,,,,
1378049.0,34,Superbet,4.5,7.1,1.1,API-FOOTBALL,,,,,,,
1378049.0,34,Superbet,5.5,16.0,1.03,API-FOOTBALL,,,,,,,
1378049.0,34,Superbet,6.5,36.0,1.01,API-FOOTBALL,,,,,,,
1378049.0,34,Superbet,1.5,3.05,1.39,API-FOOTBALL,,,,,,,
1378049.0,34,Superbet,2.5,8.0,1.08,API-FOOTBALL,,,,,,,
1378049.0,34,Superbet,3.5,24.0,1.01,API-FOOTBALL,,,,,,,
1378049.0,34,Superbet,0.5,1.45,2.77,API-FOOTBALL,,,,,,,
1378049.0,34,Superbet,4.5,50.0,1.0,API-FOOTBALL,,,,,,,
1378049.0,34,Superbet,1.5,2.27,1.64,API-FOOTBALL,,,,,,,
1378049.0,34,Superbet,2.5,5.1,1.17,API-FOOTBALL,,,,,,,
1378049.0,34,Superbet,3.5,13.0,1.04,API-FOOTBALL,,,,,,,
1378049.0,34,Superbet,0.5,1.27,3.75,API-FOOTBALL,,,,,,,
1378049.0,34,Superbet,4.5,36.0,1.01,API-FOOTBALL,,,,,,,
1378049.0,34,Superbet,1.5,1.01,22.0,API-FOOTBALL,,,,,,,
1378049.0,34,Superbet,2.5,1.04,9.6,API-FOOTBALL,,,,,,,
1378049.0,34,Superbet,3.5,1.14,5.2,API-FOOTBALL,,,,,,,
1378049.0,34,Superbet,8.5,3.5,1.28,API-FOOTBALL,,,,,,,
1378049.0,34,Superbet,9.5,5.0,1.15,API-FOOTBALL,,,,,,,
1378049.0,34,Superbet,10.5,6.8,1.08,API-FOOTBALL,,,,,,,
1378049.0,34,Superbet,4.5,1.29,3.4,API-FOOTBALL,,,,,,,
1378049.0,34,Superbet,7.5,2.55,1.47,API-FOOTBALL,,,,,,,
1378049.0,34,Superbet,5.5,1.55,2.35,API-FOOTBALL,,,,,,,
1378049.0,34,Superbet,11.5,9.7,1.04,API-FOOTBALL,,,,,,,
1378049.0,34,Superbet,6.5,1.95,1.8,API-FOOTBALL,,,,,,,
1378049.0,34,Superbet,1.5,1.31,3.25,API-FOOTBALL,,,,,,,
1378049.0,34,Superbet,2.5,1.8,1.95,API-FOOTBALL,,,,,,,
1378049.0,34,Superbet,3.5,2.7,1.43,API-FOOTBALL,,,,,,,
1378049.0,34,Superbet,0.5,1.06,8.2,API-FOOTBALL,,,,,,,
1378049.0,34,Superbet,8.5,33.0,1.0,API-FOOTBALL,,,,,,,
1378049.0,34,Superbet,4.5,4.25,1.2,API-FOOTBALL,,,,,,,
1378049.0,34,Superbet,7.5,19.0,1.01,API-FOOTBALL,,,,,,,
1378049.0,34,Superbet,5.5,6.9,1.08,API-FOOTBALL,,,,,,,
1378049.0,34,Superbet,6.5,11.0,1.03,API-FOOTBALL,,,,,,,
1378049.0,34,Superbet,1.5,1.07,5.5,API-FOOTBALL,,,,,,,
1378049.0,34,Superbet,2.5,1.29,3.05,API-FOOTBALL,,,,,,,
1378049.0,34,Superbet,3.5,1.7,2.02,API-FOOTBALL,,,,,,,
1378049.0,34,Superbet,4.5,2.35,1.5,API-FOOTBALL,,,,,,,
1378049.0,34,Superbet,5.5,3.4,1.23,API-FOOTBALL,,,,,,,
1378050.0,1,10Bet,1.5,1.2,4.5,API-FOOTBALL,,,,,,,
1378050.0,1,10Bet,2.5,1.62,2.25,API-FOOTBALL,,,,,,,
1378050.0,1,10Bet,3.5,2.6,1.48,API-FOOTBALL,,,,,,,
1378050.0,1,10Bet,0.5,1.03,11.0,API-FOOTBALL,,,,,,,
1378050.0,1,10Bet,4.5,4.75,1.18,API-FOOTBALL,,,,,,,
1378050.0,1,10Bet,5.5,7.0,1.09,API-FOOTBALL,,,,,,,
1378050.0,1,10Bet,1.5,2.3,1.55,API-FOOTBALL,,,,,,,
1378050.0,1,10Bet,2.5,5.0,1.13,API-FOOTBALL,,,,,,,
1378050.0,1,10Bet,0.5,1.28,3.4,API-FOOTBALL,,,,,,,
1378050.0,1,10Bet,1.5,1.8,1.9,API-FOOTBALL,,,,,,,
1378050.0,1,10Bet,2.5,3.55,1.25,API-FOOTBALL,,,,,,,
1378050.0,1,10Bet,0.5,1.15,4.6,API-FOOTBALL,,,,,,,
1378050.0,7,William Hill,1.5,2.3,1.57,API-FOOTBALL,,,,,,,
1378050.0,7,William Hill,2.5,5.0,1.14,API-FOOTBALL,,,,,,,
1378050.0,7,William Hill,3.5,15.0,1.03,API-FOOTBALL,,,,,,,
1378050.0,7,William Hill,0.5,1.29,3.5,API-FOOTBALL,,,,,,,
1378050.0,7,William Hill,1.5,1.91,1.83,API-FOOTBALL,,,,,,,
1378050.0,7,William Hill,2.5,3.8,1.22,API-FOOTBALL,,,,,,,
1378050.0,7,William Hill,3.5,9.0,1.06,API-FOOTBALL,,,,,,,
1378050.0,7,William Hill,0.5,1.2,4.2,API-FOOTBALL,,,,,,,
1378050.0,8,Bet365,1.5,1.2,4.5,API-FOOTBALL,,,,,,,
1378050.0,8,Bet365,2.5,1.62,2.3,API-FOOTBALL,,,,,,,
1378050.0,8,Bet365,3.5,2.62,1.5,API-FOOTBALL,,,,,,,
1378050.0,8,Bet365,0.5,1.03,15.0,API-FOOTBALL,,,,,,,
1378050.0,8,Bet365,4.5,4.5,1.2,API-FOOTBALL,,,,,,,
1378050.0,8,Bet365,7.5,34.0,1.0,API-FOOTBALL,,,,,,,
1378050.0,8,Bet365,5.5,9.0,1.07,API-FOOTBALL,,,,,,,
1378050.0,8,Bet365,6.5,19.0,1.02,API-FOOTBALL,,,,,,,
1378050.0,8,Bet365,1.5,2.38,1.53,API-FOOTBALL,,,,,,,
1378050.0,8,Bet365,2.5,5.5,1.14,API-FOOTBALL,,,,,,,
1378050.0,8,Bet365,3.5,15.0,1.03,API-FOOTBALL,,,,,,,
1378050.0,8,Bet365,0.5,1.28,3.5,API-FOOTBALL,,,,,,,
1378050.0,8,Bet365,1.5,1.83,1.83,API-FOOTBALL,,,,,,,
1378050.0,8,Bet365,2.5,3.75,1.25,API-FOOTBALL,,,,,,,
1378050.0,8,Bet365,3.5,9.0,1.07,API-FOOTBALL,,,,,,,
1378050.0,8,Bet365,0.5,1.18,4.5,API-FOOTBALL,,,,,,,
1378050.0,8,Bet365,4.5,23.0,1.01,API-FOOTBALL,,,,,,,
1378050.0,8,Bet365,3.5,2.25,1.57,API-FOOTBALL,,,,,,,
1378050.0,8,Bet365,5.5,1.8,1.91,API-FOOTBALL,,,,,,,
1378050.0,8,Bet365,3.5,1.9,1.9,API-FOOTBALL,,,,,,,
1378050.0,8,Bet365,4.5,2.1,1.67,API-FOOTBALL,,,,,,,
1378050.0,2,Marathonbet,1.5,1.17,4.33,API-FOOTBALL,,,,,,,
1378050.0,2,Marathonbet,1.75,1.21,3.95,API-FOOTBALL,,,,,,,
1378050.0,2,Marathonbet,2.0,1.27,3.5,API-FOOTBALL,,,,,,,
1378050.0,2,Marathonbet,2.25,1.44,2.68,API-FOOTBALL,,,,,,,
1378050.0,2,Marathonbet,2.5,1.64,2.3,API-FOOTBALL,,,,,,,
1378050.0,2,Marathonbet,2.75,1.76,2.0,API-FOOTBALL,,,,,,,
1378050.0,2,Marathonbet,3.5,2.47,1.47,API-FOOTBALL,,,,,,,
1378050.0,2,Marathonbet,1.0,1.0,10.75,API-FOOTBALL,,,,,,,
1378050.0,2,Marathonbet,1.25,1.08,5.9,API-FOOTBALL,,,,,,,
1378050.0,2,Marathonbet,3.0,1.97,1.77,API-FOOTBALL,,,,,,,
1378050.0,2,Marathonbet,4.5,4.2,1.16,API-FOOTBALL,,,,,,,
1378050.0,2,Marathonbet,3.25,2.22,1.59,API-FOOTBALL,,,,,,,
1378050.0,2,Marathonbet,3.75,2.85,1.35,API-FOOTBALL,,,,,,,
1378050.0,2,Marathonbet,4.0,3.6,1.22,API-FOOTBALL,,,,,,,
1378050.0,2,Marathonbet,4.25,3.9,1.18,API-FOOTBALL,,,,,,,
1378050.0,2,Marathonbet,4.75,5.15,1.1,API-FOOTBALL,,,,,,,
1378050.0,2,Marathonbet,5.0,6.95,1.04,API-FOOTBALL,,,,,,,
1378050.0,2,Marathonbet,5.5,7.5,1.03,API-FOOTBALL,,,,,,,
1378050.0,2,Marathonbet,1.5,2.4,1.56,API-FOOTBALL,,,,,,,
1378050.0,2,Marathonbet,2.0,4.4,1.19,API-FOOTBALL,,,,,,,
1378050.0,2,Marathonbet,2.5,5.4,1.12,API-FOOTBALL,,,,,,,
1378050.0,2,Marathonbet,0.5,1.31,3.4,API-FOOTBALL,,,,,,,
1378050.0,2,Marathonbet,1.0,1.63,2.31,API-FOOTBALL,,,,,,,
1378050.0,2,Marathonbet,1.5,1.87,1.95,API-FOOTBALL,,,,,,,
1378050.0,2,Marathonbet,2.0,2.74,1.44,API-FOOTBALL,,,,,,,
1378050.0,2,Marathonbet,2.5,3.55,1.27,API-FOOTBALL,,,,,,,
1378050.0,2,Marathonbet,0.5,1.17,4.75,API-FOOTBALL,,,,,,,
1378050.0,2,Marathonbet,1.0,1.3,3.48,API-FOOTBALL,,,,,,,
1378050.0,16,Unibet,1.5,1.16,4.9,API-FOOTBALL,,,,,,,
1378050.0,16,Unibet,2.25,1.43,2.85,API-FOOTBALL,,,,,,,
1378050.0,16,Unibet,2.5,1.58,2.32,API-FOOTBALL,,,,,,,
1378050.0,16,Unibet,2.75,1.76,2.08,API-FOOTBALL,,,,,,,
1378050.0,16,Unibet,3.5,2.55,1.5,API-FOOTBALL,,,,,,,
1378050.0,16,Unibet,0.5,1.01,14.0,API-FOOTBALL,,,,,,,
1378050.0,16,Unibet,3.0,2.0,1.82,API-FOOTBALL,,,,,,,
1378050.0,16,Unibet,4.5,4.75,1.17,API-FOOTBALL,,,,,,,
1378050.0,16,Unibet,3.25,2.28,1.63,API-FOOTBALL,,,,,,,
1378050.0,16,Unibet,3.75,3.05,1.38,API-FOOTBALL,,,,,,,
1378050.0,16,Unibet,5.5,9.5,1.04,API-FOOTBALL,,,,,,,
1378050.0,16,Unibet,1.5,2.2,1.61,API-FOOTBALL,,,,,,,
1378050.0,16,Unibet,1.75,2.75,1.41,API-FOOTBALL,,,,,,,
1378050.0,16,Unibet,2.0,4.0,1.21,API-FOOTBALL,,,,,,,
1378050.0,16,Unibet,2.5,5.0,1.12,API-FOOTBALL,,,,,,,
1378050.0,16,Unibet,0.5,1.23,3.6,API-FOOTBALL,,,,,,,
1378050.0,16,Unibet,0.75,1.33,3.05,API-FOOTBALL,,,,,,,
1378050.0,16,Unibet,1.0,1.48,2.48,API-FOOTBALL,,,,,,,
1378050.0,16,Unibet,1.25,1.85,1.86,API-FOOTBALL,,,,,,,
1378050.0,16,Unibet,1.5,1.86,1.86,API-FOOTBALL,,,,,,,
1378050.0,16,Unibet,2.5,3.8,1.23,API-FOOTBALL,,,,,,,
1378050.0,16,Unibet,0.5,1.17,4.6,API-FOOTBALL,,,,,,,
1378050.0,16,Unibet,1.5,1.16,4.4,API-FOOTBALL,,,,,,,
1378050.0,16,Unibet,2.5,1.5,2.35,API-FOOTBALL,,,,,,,
1378050.0,16,Unibet,3.5,2.12,1.63,API-FOOTBALL,,,,,,,
1378050.0,16,Unibet,4.5,3.15,1.3,API-FOOTBALL,,,,,,,
1378050.0,16,Unibet,5.5,4.9,1.13,API-FOOTBALL,,,,,,,
1378050.0,16,Unibet,6.5,7.5,1.04,API-FOOTBALL,,,,,,,
1378050.0,16,Unibet,2.5,1.06,6.75,API-FOOTBALL,,,,,,,
1378050.0,16,Unibet,3.5,1.18,4.1,API-FOOTBALL,,,,,,,
1378050.0,16,Unibet,8.5,4.1,1.18,API-FOOTBALL,,,,,,,
1378050.0,16,Unibet,9.5,5.75,1.09,API-FOOTBALL,,,,,,,
1378050.0,16,Unibet,4.5,1.4,2.7,API-FOOTBALL,,,,,,,
1378050.0,16,Unibet,7.5,3.0,1.32,API-FOOTBALL,,,,,,,
1378050.0,16,Unibet,5.5,1.72,1.98,API-FOOTBALL,,,,,,,
1378050.0,16,Unibet,6.5,2.23,1.57,API-FOOTBALL,,,,,,,
1378050.0,3,Betfair,1.5,1.17,5.0,API-FOOTBALL,,,,,,,
1378050.0,3,Betfair,2.5,1.57,2.38,API-FOOTBALL,,,,,,,
1378050.0,3,Betfair,3.5,2.55,1.5,API-FOOTBALL,,,,,,,
1378050.0,3,Betfair,0.5,1.01,15.0,API-FOOTBALL,,,,,,,
1378050.0,3,Betfair,4.5,4.5,1.2,API-FOOTBALL,,,,,,,
1378050.0,3,Betfair,5.5,8.5,1.06,API-FOOTBALL,,,,,,,
1378050.0,3,Betfair,6.5,17.0,1.01,API-FOOTBALL,,,,,,,
1378050.0,3,Betfair,1.5,2.25,1.57,API-FOOTBALL,,,,,,,
1378050.0,3,Betfair,2.5,5.5,1.11,API-FOOTBALL,,,,,,,
1378050.0,3,Betfair,0.5,1.22,3.8,API-FOOTBALL,,,,,,,
1378050.0,13,188Bet,2.75,1.83,2.07,API-FOOTBALL,,,,,,,
1378050.0,13,188Bet,3.0,2.06,1.84,API-FOOTBALL,,,,,,,
1378050.0,13,188Bet,1.25,2.11,1.79,API-FOOTBALL,,,,,,,
1378050.0,4,Pinnacle,1.75,1.25,4.19,API-FOOTBALL,,,,,,,
1378050.0,4,Pinnacle,2.0,1.3,3.71,API-FOOTBALL,,,,,,,
1378050.0,4,Pinnacle,2.25,1.48,2.79,API-FOOTBALL,,,,,,,
1378050.0,4,Pinnacle,2.5,1.65,2.32,API-FOOTBALL,,,,,,,
1378050.0,4,Pinnacle,2.75,1.83,2.08,API-FOOTBALL,,,,,,,
1378050.0,4,Pinnacle,3.5,2.67,1.5,API-FOOTBALL,,,,,,,
1378050.0,4,Pinnacle,3.0,2.08,1.8,API-FOOTBALL,,,,,,,
1378050.0,4,Pinnacle,3.25,2.39,1.62,API-FOOTBALL,,,,,,,
1378050.0,4,Pinnacle,3.75,3.2,1.37,API-FOOTBALL,,,,,,,
1378050.0,4,Pinnacle,4.0,4.13,1.25,API-FOOTBALL,,,,,,,
1378050.0,4,Pinnacle,1.5,2.5,1.54,API-FOOTBALL,,,,,,,
1378050.0,4,Pinnacle,1.75,3.17,1.36,API-FOOTBALL,,,,,,,
1378050.0,4,Pinnacle,0.75,1.42,2.9,API-FOOTBALL,,,,,,,
1378050.0,4,Pinnacle,1.0,1.63,2.29,API-FOOTBALL,,,,,,,
1378050.0,4,Pinnacle,1.25,2.08,1.78,API-FOOTBALL,,,,,,,
1378050.0,4,Pinnacle,2.5,1.56,2.31,API-FOOTBALL,,,,,,,
1378050.0,4,Pinnacle,5.5,1.72,2.05,API-FOOTBALL,,,,,,,
1378050.0,4,Pinnacle,4.0,2.51,1.53,API-FOOTBALL,,,,,,,
1378050.0,5,SBO,2.5,1.62,2.31,API-FOOTBALL,,,,,,,
1378050.0,5,SBO,2.75,1.82,2.04,API-FOOTBALL,,,,,,,
1378050.0,5,SBO,3.0,2.07,1.79,API-FOOTBALL,,,,,,,
1378050.0,5,SBO,1.0,1.62,2.31,API-FOOTBALL,,,,,,,
1378050.0,5,SBO,1.25,2.09,1.77,API-FOOTBALL,,,,,,,
1378050.0,11,1xBet,1.5,1.17,4.33,API-FOOTBALL,,,,,,,
1378050.0,11,1xBet,1.75,1.21,3.95,API-FOOTBALL,,,,,,,
1378050.0,11,1xBet,2.0,1.27,3.5,API-FOOTBALL,,,,,,,
1378050.0,11,1xBet,2.25,1.44,2.68,API-FOOTBALL,,,,,,,
1378050.0,11,1xBet,2.5,1.69,2.37,API-FOOTBALL,,,,,,,
1378050.0,11,1xBet,2.75,1.76,2.0,API-FOOTBALL,,,,,,,
1378050.0,11,1xBet,3.5,2.47,1.47,API-FOOTBALL,,,,,,,
1378050.0,11,1xBet,0.5,1.0,16.5,API-FOOTBALL,,,,,,,
1378050.0,11,1xBet,0.75,1.0,9.2,API-FOOTBALL,,,,,,,
1378050.0,11,1xBet,1.0,1.0,10.7,API-FOOTBALL,,,,,,,
1378050.0,11,1xBet,1.25,1.08,5.9,API-FOOTBALL,,,,,,,
1378050.0,11,1xBet,3.0,1.97,1.77,API-FOOTBALL,,,,,,,
1378050.0,11,1xBet,4.5,4.2,1.16,API-FOOTBALL,,,,,,,
1378050.0,11,1xBet,3.25,2.22,1.59,API-FOOTBALL,,,,,,,
1378050.0,11,1xBet,3.75,2.85,1.35,API-FOOTBALL,,,,,,,
1378050.0,11,1xBet,4.0,3.6,1.22,API-FOOTBALL,,,,,,,
1378050.0,11,1xBet,4.25,3.9,1.18,API-FOOTBALL,,,,,,,
1378050.0,11,1xBet,4.75,5.15,1.1,API-FOOTBALL,,,,,,,
1378050.0,11,1xBet,5.0,6.95,1.04,API-FOOTBALL,,,,,,,
1378050.0,11,1xBet,7.5,34.0,1.0,API-FOOTBALL,,,,,,,
1378050.0,11,1xBet,5.5,7.5,1.03,API-FOOTBALL,,,,,,,
1378050.0,11,1xBet,6.5,19.0,1.02,API-FOOTBALL,,,,,,,
1378050.0,11,1xBet,1.5,2.4,1.56,API-FOOTBALL,,,,,,,
1378050.0,11,1xBet,1.75,3.0,1.37,API-FOOTBALL,,,,,,,
1378050.0,11,1xBet,2.0,4.4,1.19,API-FOOTBALL,,,,,,,
1378050.0,11,1xBet,2.25,4.9,1.15,API-FOOTBALL,,,,,,,
1378050.0,11,1xBet,2.5,5.4,1.12,API-FOOTBALL,,,,,,,
1378050.0,11,1xBet,3.5,14.5,1.02,API-FOOTBALL,,,,,,,
1378050.0,11,1xBet,0.5,1.31,3.4,API-FOOTBALL,,,,,,,
1378050.0,11,1xBet,0.75,1.42,2.88,API-FOOTBALL,,,,,,,
1378050.0,11,1xBet,1.0,1.63,2.31,API-FOOTBALL,,,,,,,
1378050.0,11,1xBet,1.25,2.03,1.79,API-FOOTBALL,,,,,,,
1378050.0,11,1xBet,1.5,1.87,1.95,API-FOOTBALL,,,,,,,
1378050.0,11,1xBet,1.75,2.16,1.7,API-FOOTBALL,,,,,,,
1378050.0,11,1xBet,2.0,2.74,1.44,API-FOOTBALL,,,,,,,
1378050.0,11,1xBet,2.25,3.15,1.34,API-FOOTBALL,,,,,,,
1378050.0,11,1xBet,2.5,3.55,1.27,API-FOOTBALL,,,,,,,
1378050.0,11,1xBet,3.5,9.0,1.06,API-FOOTBALL,,,,,,,
1378050.0,11,1xBet,0.5,1.17,4.75,API-FOOTBALL,,,,,,,
1378050.0,11,1xBet,0.75,1.22,4.1,API-FOOTBALL,,,,,,,
1378050.0,11,1xBet,1.0,1.3,3.48,API-FOOTBALL,,,,,,,
1378050.0,11,1xBet,1.25,1.59,2.38,API-FOOTBALL,,,,,,,
1378050.0,11,1xBet,3.0,6.2,1.09,API-FOOTBALL,,,,,,,
1378050.0,11,1xBet,1.5,1.19,3.92,API-FOOTBALL,,,,,,,
1378050.0,11,1xBet,2.0,1.27,3.28,API-FOOTBALL,,,,,,,
1378050.0,11,1xBet,2.5,1.55,2.23,API-FOOTBALL,,,,,,,
1378050.0,11,1xBet,3.5,2.16,1.59,API-FOOTBALL,,,,,,,
1378050.0,11,1xBet,3.0,1.82,1.88,API-FOOTBALL,,,,,,,
1378050.0,11,1xBet,4.5,3.22,1.28,API-FOOTBALL,,,,,,,
1378050.0,11,1xBet,4.0,2.8,1.36,API-FOOTBALL,,,,,,,
1378050.0,11,1xBet,4.5,1.39,2.67,API-FOOTBALL,,,,,,,
1378050.0,11,1xBet,5.0,1.51,2.33,API-FOOTBALL,,,,,,,
1378050.0,11,1xBet,7.5,3.05,1.31,API-FOOTBALL,,,,,,,
1378050.0,11,1xBet,5.5,1.75,1.96,API-FOOTBALL,,,,,,,
1378050.0,11,1xBet,6.5,2.24,1.55,API-FOOTBALL,,,,,,,
1378050.0,11,1xBet,6.0,1.98,1.7,API-FOOTBALL,,,,,,,
1378050.0,11,1xBet,7.0,2.73,1.38,API-FOOTBALL,,,,,,,
1378050.0,11,1xBet,3.5,1.83,1.83,API-FOOTBALL,,,,,,,
1378050.0,32,Betano,1.5,1.22,4.4,API-FOOTBALL,,,,,,,
1378050.0,32,Betano,2.25,1.5,2.7,API-FOOTBALL,,,,,,,
1378050.0,32,Betano,2.5,1.67,2.27,API-FOOTBALL,,,,,,,
1378050.0,32,Betano,2.75,1.82,2.05,API-FOOTBALL,,,,,,,
1378050.0,32,Betano,3.5,2.62,1.52,API-FOOTBALL,,,,,,,
1378050.0,32,Betano,0.5,1.04,11.25,API-FOOTBALL,,,,,,,
1378050.0,32,Betano,3.0,2.07,1.8,API-FOOTBALL,,,,,,,
1378050.0,32,Betano,4.5,4.5,1.21,API-FOOTBALL,,,,,,,
1378050.0,32,Betano,3.25,2.35,1.62,API-FOOTBALL,,,,,,,
1378050.0,32,Betano,3.75,3.1,1.39,API-FOOTBALL,,,,,,,
1378050.0,32,Betano,5.5,8.0,1.08,API-FOOTBALL,,,,,,,
1378050.0,32,Betano,6.5,13.0,1.03,API-FOOTBALL,,,,,,,
1378050.0,32,Betano,1.5,2.5,1.55,API-FOOTBALL,,,,,,,
1378050.0,32,Betano,1.75,3.1,1.37,API-FOOTBALL,,,,,,,
1378050.0,32,Betano,2.5,5.4,1.14,API-FOOTBALL,,,,,,,
1378050.0,32,Betano,3.5,10.75,1.03,API-FOOTBALL,,,,,,,
1378050.0,32,Betano,0.5,1.34,3.2,API-FOOTBALL,,,,,,,
1378050.0,32,Betano,0.75,1.45,2.77,API-FOOTBALL,,,,,,,
1378050.0,32,Betano,1.0,1.67,2.22,API-FOOTBALL,,,,,,,
1378050.0,32,Betano,1.25,2.1,1.75,API-FOOTBALL,,,,,,,
1378050.0,32,Betano,4.5,15.5,1.01,API-FOOTBALL,,,,,,,
1378050.0,32,Betano,1.5,1.82,1.95,API-FOOTBALL,,,,,,,
1378050.0,32,Betano,2.5,3.45,1.3,API-FOOTBALL,,,,,,,
1378050.0,32,Betano,0.5,1.19,4.65,API-FOOTBALL,,,,,,,
1378050.0,32,Betano,1.5,1.15,4.9,API-FOOTBALL,,,,,,,
1378050.0,32,Betano,2.5,1.42,2.75,API-FOOTBALL,,,,,,,
1378050.0,32,Betano,3.5,1.93,1.85,API-FOOTBALL,,,,,,,
1378050.0,32,Betano,4.5,2.77,1.42,API-FOOTBALL,,,,,,,
1378050.0,32,Betano,5.5,4.2,1.2,API-FOOTBALL,,,,,,,
1378050.0,34,Superbet,1.5,1.2,4.55,API-FOOTBALL,,,,,,,
1378050.0,34,Superbet,2.5,1.65,2.25,API-FOOTBALL,,,,,,,
1378050.0,34,Superbet,3.5,2.65,1.49,API-FOOTBALL,,,,,,,
1378050.0,34,Superbet,0.5,1.03,15.0,API-FOOTBALL,,,,,,,
1378050.0,34,Superbet,4.5,4.8,1.19,API-FOOTBALL,,,,,,,
1378050.0,34,Superbet,5.5,9.2,1.06,API-FOOTBALL,,,,,,,
1378050.0,34,Superbet,6.5,19.0,1.02,API-FOOTBALL,,,,,,,
1378050.0,34,Superbet,1.5,2.47,1.54,API-FOOTBALL,,,,,,,
1378050.0,34,Superbet,2.5,5.85,1.14,API-FOOTBALL,,,,,,,
1378050.0,34,Superbet,3.5,16.0,1.03,API-FOOTBALL,,,,,,,
1378050.0,34,Superbet,0.5,1.32,3.4,API-FOOTBALL,,,,,,,
1378050.0,34,Superbet,4.5,45.0,1.0,API-FOOTBALL,,,,,,,
1378050.0,34,Superbet,1.5,1.92,1.9,API-FOOTBALL,,,,,,,
1378050.0,34,Superbet,2.5,3.8,1.27,API-FOOTBALL,,,,,,,
1378050.0,34,Superbet,3.5,8.5,1.07,API-FOOTBALL,,,,,,,
1378050.0,34,Superbet,0.5,1.19,4.8,API-FOOTBALL,,,,,,,
1378050.0,34,Superbet,4.5,22.0,1.02,API-FOOTBALL,,,,,,,
1378050.0,34,Superbet,1.5,1.22,4.0,API-FOOTBALL,,,,,,,
1378050.0,34,Superbet,2.5,1.6,2.25,API-FOOTBALL,,,,,,,
1378050.0,34,Superbet,3.5,2.27,1.59,API-FOOTBALL,,,,,,,
1378050.0,34,Superbet,0.5,1.04,10.0,API-FOOTBALL,,,,,,,
1378050.0,34,Superbet,8.5,23.0,1.0,API-FOOTBALL,,,,,,,
1378050.0,34,Superbet,4.5,3.45,1.28,API-FOOTBALL,,,,,,,
1378050.0,34,Superbet,7.5,14.0,1.02,API-FOOTBALL,,,,,,,
1378050.0,34,Superbet,5.5,5.4,1.13,API-FOOTBALL,,,,,,,
1378050.0,34,Superbet,6.5,8.4,1.05,API-FOOTBALL,,,,,,,
1378050.0,34,Superbet,1.5,1.01,18.0,API-FOOTBALL,,,,,,,
1378050.0,34,Superbet,2.5,1.06,8.0,API-FOOTBALL,,,,,,,
1378050.0,34,Superbet,3.5,1.18,4.55,API-FOOTBALL,,,,,,,
1378050.0,34,Superbet,8.5,4.1,1.21,API-FOOTBALL,,,,,,,
1378050.0,34,Superbet,9.5,5.85,1.11,API-FOOTBALL,,,,,,,
1378050.0,34,Superbet,10.5,8.3,1.06,API-FOOTBALL,,,,,,,
1378050.0,34,Superbet,4.5,1.38,2.92,API-FOOTBALL,,,,,,,
1378050.0,34,Superbet,7.5,2.95,1.37,API-FOOTBALL,,,,,,,
1378050.0,34,Superbet,5.5,1.69,2.07,API-FOOTBALL,,,,,,,
1378050.0,34,Superbet,6.5,2.2,1.63,API-FOOTBALL,,,,,,,
1378050.0,34,Superbet,1.5,1.12,4.6,API-FOOTBALL,,,,,,,
1378050.0,34,Superbet,2.5,1.41,2.57,API-FOOTBALL,,,,,,,
1378050.0,34,Superbet,3.5,1.95,1.77,API-FOOTBALL,,,,,,,
1378050.0,34,Superbet,4.5,2.75,1.35,API-FOOTBALL,,,,,,,
1378050.0,34,Superbet,5.5,4.1,1.15,API-FOOTBALL,,,,,,,
1378053.0,1,10Bet,1.5,1.44,2.75,API-FOOTBALL,,,,,,,
1378053.0,1,10Bet,2.5,2.3,1.6,API-FOOTBALL,,,,,,,
1378053.0,1,10Bet,3.5,4.33,1.2,API-FOOTBALL,,,,,,,
1378053.0,1,10Bet,0.5,1.09,7.0,API-FOOTBALL,,,,,,,
1378053.0,1,10Bet,4.5,8.5,1.06,API-FOOTBALL,,,,,,,
1378053.0,1,10Bet,1.5,3.2,1.3,API-FOOTBALL,,,,,,,
1378053.0,1,10Bet,2.5,8.0,1.05,API-FOOTBALL,,,,,,,
1378053.0,1,10Bet,0.5,1.48,2.45,API-FOOTBALL,,,,,,,
1378053.0,1,10Bet,1.5,2.4,1.5,API-FOOTBALL,,,,,,,
1378053.0,1,10Bet,2.5,5.4,1.11,API-FOOTBALL,,,,,,,
1378053.0,1,10Bet,0.5,1.3,3.2,API-FOOTBALL,,,,,,,
1378053.0,7,William Hill,1.5,3.1,1.33,API-FOOTBALL,,,,,,,
1378053.0,7,William Hill,2.5,9.0,1.06,API-FOOTBALL,,,,,,,
1378053.0,7,William Hill,0.5,1.44,2.62,API-FOOTBALL,,,,,,,
1378053.0,7,William Hill,1.5,2.45,1.5,API-FOOTBALL,,,,,,,
1378053.0,7,William Hill,2.5,6.0,1.12,API-FOOTBALL,,,,,,,
1378053.0,7,William Hill,3.5,17.0,1.02,API-FOOTBALL,,,,,,,
1378053.0,7,William Hill,0.5,1.33,3.1,API-FOOTBALL,,,,,,,
1378053.0,8,Bet365,1.5,1.4,3.0,API-FOOTBALL,,,,,,,
1378053.0,8,Bet365,2.5,2.3,1.62,API-FOOTBALL,,,,,,,
1378053.0,8,Bet365,3.5,4.33,1.22,API-FOOTBALL,,,,,,,
1378053.0,8,Bet365,0.5,1.08,7.5,API-FOOTBALL,,,,,,,
1378053.0,8,Bet365,4.5,9.0,1.07,API-FOOTBALL,,,,,,,
1378053.0,8,Bet365,5.5,19.0,1.02,API-FOOTBALL,,,,,,,
1378053.0,8,Bet365,6.5,41.0,1.0,API-FOOTBALL,,,,,,,
1378053.0,8,Bet365,1.5,3.4,1.3,API-FOOTBALL,,,,,,,
1378053.0,8,Bet365,2.5,10.0,1.06,API-FOOTBALL,,,,,,,
1378053.0,8,Bet365,3.5,26.0,1.01,API-FOOTBALL,,,,,,,
1378053.0,8,Bet365,0.5,1.5,2.5,API-FOOTBALL,,,,,,,
1378053.0,8,Bet365,1.5,2.38,1.53,API-FOOTBALL,,,,,,,
1378053.0,8,Bet365,2.5,6.0,1.12,API-FOOTBALL,,,,,,,
1378053.0,8,Bet365,3.5,17.0,1.02,API-FOOTBALL,,,,,,,
1378053.0,8,Bet365,0.5,1.3,3.4,API-FOOTBALL,,,,,,,
1378053.0,8,Bet365,5.5,2.1,1.67,API-FOOTBALL,,,,,,,
1378053.0,8,Bet365,3.5,1.67,2.1,API-FOOTBALL,,,,,,,
1378053.0,8,Bet365,3.5,1.67,2.1,API-FOOTBALL,,,,,,,
1378053.0,8,Bet365,4.0,2.02,1.78,API-FOOTBALL,,,,,,,
1378053.0,2,Marathonbet,1.5,1.38,2.77,API-FOOTBALL,,,,,,,
1378053.0,2,Marathonbet,1.75,1.5,2.42,API-FOOTBALL,,,,,,,
1378053.0,2,Marathonbet,2.0,1.69,2.08,API-FOOTBALL,,,,,,,
1378053.0,2,Marathonbet,2.25,1.98,1.78,API-FOOTBALL,,,,,,,
1378053.0,2,Marathonbet,2.5,2.32,1.63,API-FOOTBALL,,,,,,,
1378053.0,2,Marathonbet,2.75,2.68,1.44,API-FOOTBALL,,,,,,,
1378053.0,2,Marathonbet,3.5,4.3,1.18,API-FOOTBALL,,,,,,,
1378053.0,2,Marathonbet,0.5,1.02,7.8,API-FOOTBALL,,,,,,,
1378053.0,2,Marathonbet,0.75,1.04,7.1,API-FOOTBALL,,,,,,,
1378053.0,2,Marathonbet,1.0,1.06,6.35,API-FOOTBALL,,,,,,,
1378053.0,2,Marathonbet,1.25,1.22,3.66,API-FOOTBALL,,,,,,,
1378053.0,2,Marathonbet,3.0,3.5,1.27,API-FOOTBALL,,,,,,,
1378053.0,2,Marathonbet,4.5,8.8,1.01,API-FOOTBALL,,,,,,,
1378053.0,2,Marathonbet,3.25,3.85,1.22,API-FOOTBALL,,,,,,,
1378053.0,2,Marathonbet,3.75,5.5,1.1,API-FOOTBALL,,,,,,,
1378053.0,2,Marathonbet,4.0,8.1,1.03,API-FOOTBALL,,,,,,,
1378053.0,2,Marathonbet,4.25,8.4,1.02,API-FOOTBALL,,,,,,,
1378053.0,2,Marathonbet,1.5,3.4,1.31,API-FOOTBALL,,,,,,,
1378053.0,2,Marathonbet,2.0,8.3,1.06,API-FOOTBALL,,,,,,,
1378053.0,2,Marathonbet,2.5,9.6,1.02,API-FOOTBALL,,,,,,,
1378053.0,2,Marathonbet,0.5,1.51,2.53,API-FOOTBALL,,,,,,,
1378053.0,2,Marathonbet,1.0,2.24,1.67,API-FOOTBALL,,,,,,,
1378053.0,2,Marathonbet,1.5,2.48,1.53,API-FOOTBALL,,,,,,,
1378053.0,2,Marathonbet,2.0,4.75,1.16,API-FOOTBALL,,,,,,,
1378053.0,2,Marathonbet,2.5,5.9,1.1,API-FOOTBALL,,,,,,,
1378053.0,2,Marathonbet,0.5,1.31,3.4,API-FOOTBALL,,,,,,,
1378053.0,2,Marathonbet,1.0,1.66,2.25,API-FOOTBALL,,,,,,,
1378053.0,16,Unibet,1.5,1.41,2.9,API-FOOTBALL,,,,,,,
1378053.0,16,Unibet,1.75,1.53,2.5,API-FOOTBALL,,,,,,,
1378053.0,16,Unibet,2.0,1.72,2.1,API-FOOTBALL,,,,,,,
1378053.0,16,Unibet,2.25,2.05,1.77,API-FOOTBALL,,,,,,,
1378053.0,16,Unibet,2.5,2.38,1.58,API-FOOTBALL,,,,,,,
1378053.0,16,Unibet,2.75,2.8,1.43,API-FOOTBALL,,,,,,,
1378053.0,16,Unibet,3.5,4.5,1.18,API-FOOTBALL,,,,,,,
1378053.0,16,Unibet,0.5,1.07,8.0,API-FOOTBALL,,,,,,,
1378053.0,16,Unibet,3.0,3.7,1.28,API-FOOTBALL,,,,,,,
1378053.0,16,Unibet,4.5,10.5,1.03,API-FOOTBALL,,,,,,,
1378053.0,16,Unibet,1.5,3.15,1.3,API-FOOTBALL,,,,,,,
1378053.0,16,Unibet,2.5,8.0,1.03,API-FOOTBALL,,,,,,,
1378053.0,16,Unibet,0.5,1.43,2.6,API-FOOTBALL,,,,,,,
1378053.0,16,Unibet,0.75,1.63,2.15,API-FOOTBALL,,,,,,,
1378053.0,16,Unibet,1.0,2.07,1.68,API-FOOTBALL,,,,,,,
1378053.0,16,Unibet,1.25,2.63,1.44,API-FOOTBALL,,,,,,,
1378053.0,16,Unibet,1.5,2.5,1.47,API-FOOTBALL,,,,,,,
1378053.0,16,Unibet,2.5,6.1,1.1,API-FOOTBALL,,,,,,,
1378053.0,16,Unibet,0.5,1.3,3.2,API-FOOTBALL,,,,,,,
1378053.0,16,Unibet,2.5,1.12,5.1,API-FOOTBALL,,,,,,,
1378053.0,16,Unibet,3.5,1.32,3.1,API-FOOTBALL,,,,,,,
1378053.0,16,Unibet,8.5,5.6,1.1,API-FOOTBALL,,,,,,,
1378053.0,16,Unibet,9.5,7.5,1.03,API-FOOTBALL,,,,,,,
1378053.0,16,Unibet,4.5,1.62,2.14,API-FOOTBALL,,,,,,,
1378053.0,16,Unibet,7.5,4.0,1.19,API-FOOTBALL,,,,,,,
1378053.0,16,Unibet,5.5,2.1,1.64,API-FOOTBALL,,,,,,,
1378053.0,16,Unibet,6.5,2.9,1.35,API-FOOTBALL,,,,,,,
1378053.0,16,Unibet,1.5,1.08,6.1,API-FOOTBALL,,,,,,,
1378053.0,16,Unibet,2.5,1.28,3.3,API-FOOTBALL,,,,,,,
1378053.0,16,Unibet,3.5,1.64,2.1,API-FOOTBALL,,,,,,,
1378053.0,16,Unibet,4.5,2.25,1.56,API-FOOTBALL,,,,,,,
1378053.0,16,Unibet,7.5,7.0,1.05,API-FOOTBALL,,,,,,,
1378053.0,16,Unibet,5.5,3.25,1.29,API-FOOTBALL,,,,,,,
1378053.0,16,Unibet,6.5,4.8,1.13,API-FOOTBALL,,,,,,,
1378053.0,3,Betfair,1.5,1.4,2.88,API-FOOTBALL,,,,,,,
1378053.0,3,Betfair,2.5,2.3,1.6,API-FOOTBALL,,,,,,,
1378053.0,3,Betfair,3.5,4.33,1.2,API-FOOTBALL,,,,,,,
1378053.0,3,Betfair,0.5,1.07,8.0,API-FOOTBALL,,,,,,,
1378053.0,3,Betfair,4.5,9.0,1.06,API-FOOTBALL,,,,,,,
1378053.0,3,Betfair,5.5,17.0,1.01,API-FOOTBALL,,,,,,,
1378053.0,3,Betfair,1.5,3.3,1.29,API-FOOTBALL,,,,,,,
1378053.0,3,Betfair,2.5,9.0,1.03,API-FOOTBALL,,,,,,,
1378053.0,3,Betfair,0.5,1.44,2.6,API-FOOTBALL,,,,,,,
1378053.0,13,188Bet,2.25,2.05,1.85,API-FOOTBALL,,,,,,,
1378053.0,13,188Bet,0.75,1.76,2.14,API-FOOTBALL,,,,,,,
1378053.0,4,Pinnacle,1.5,1.43,2.92,API-FOOTBALL,,,,,,,
1378053.0,4,Pinnacle,1.75,1.56,2.55,API-FOOTBALL,,,,,,,
1378053.0,4,Pinnacle,2.0,1.76,2.15,API-FOOTBALL,,,,,,,
1378053.0,4,Pinnacle,2.25,2.1,1.81,API-FOOTBALL,,,,,,,
1378053.0,4,Pinnacle,2.5,2.42,1.61,API-FOOTBALL,,,,,,,
1378053.0,4,Pinnacle,2.75,2.85,1.46,API-FOOTBALL,,,,,,,
1378053.0,4,Pinnacle,1.25,1.28,3.8,API-FOOTBALL,,,,,,,
1378053.0,4,Pinnacle,3.0,3.63,1.31,API-FOOTBALL,,,,,,,
1378053.0,4,Pinnacle,3.25,4.02,1.26,API-FOOTBALL,,,,,,,
1378053.0,4,Pinnacle,1.5,3.41,1.32,API-FOOTBALL,,,,,,,
1378053.0,4,Pinnacle,0.5,1.5,2.63,API-FOOTBALL,,,,,,,
1378053.0,4,Pinnacle,0.75,1.72,2.16,API-FOOTBALL,,,,,,,
1378053.0,4,Pinnacle,1.0,2.23,1.67,API-FOOTBALL,,,,,,,
1378053.0,4,Pinnacle,1.25,2.87,1.42,API-FOOTBALL,,,,,,,
1378053.0,4,Pinnacle,4.5,1.67,2.13,API-FOOTBALL,,,,,,,
1378053.0,4,Pinnacle,4.5,2.16,1.64,API-FOOTBALL,,,,,,,
1378053.0,4,Pinnacle,4.0,1.93,1.87,API-FOOTBALL,,,,,,,
1378053.0,5,SBO,2.0,1.75,2.12,API-FOOTBALL,,,,,,,
1378053.0,5,SBO,2.25,2.05,1.81,API-FOOTBALL,,,,,,,
1378053.0,5,SBO,2.5,2.31,1.62,API-FOOTBALL,,,,,,,
1378053.0,5,SBO,0.75,1.75,2.12,API-FOOTBALL,,,,,,,
1378053.0,5,SBO,1.0,2.25,1.66,API-FOOTBALL,,,,,,,
1378053.0,11,1xBet,1.5,1.38,2.77,API-FOOTBALL,,,,,,,
1378053.0,11,1xBet,1.75,1.5,2.42,API-FOOTBALL,,,,,,,
1378053.0,11,1xBet,2.0,1.69,2.08,API-FOOTBALL,,,,,,,
1378053.0,11,1xBet,2.25,1.98,1.78,API-FOOTBALL,,,,,,,
1378053.0,11,1xBet,2.5,2.39,1.68,API-FOOTBALL,,,,,,,
1378053.0,11,1xBet,2.75,2.68,1.44,API-FOOTBALL,,,,,,,
1378053.0,11,1xBet,3.5,4.3,1.18,API-FOOTBALL,,,,,,,
1378053.0,11,1xBet,0.5,1.02,7.8,API-FOOTBALL,,,,,,,
1378053.0,11,1xBet,0.75,1.04,7.1,API-FOOTBALL,,,,,,,
1378053.0,11,1xBet,1.0,1.06,6.35,API-FOOTBALL,,,,,,,
1378053.0,11,1xBet,1.25,1.22,3.66,API-FOOTBALL,,,,,,,
1378053.0,11,1xBet,3.0,3.5,1.27,API-FOOTBALL,,,,,,,
1378053.0,11,1xBet,4.5,8.8,1.01,API-FOOTBALL,,,,,,,
1378053.0,11,1xBet,3.25,3.85,1.22,API-FOOTBALL,,,,,,,
1378053.0,11,1xBet,3.75,5.5,1.1,API-FOOTBALL,,,,,,,
1378053.0,11,1xBet,4.0,8.1,1.03,API-FOOTBALL,,,,,,,
1378053.0,11,1xBet,4.25,8.4,1.02,API-FOOTBALL,,,,,,,
1378053.0,11,1xBet,5.0,15.0,1.01,API-FOOTBALL,,,,,,,
1378053.0,11,1xBet,5.5,19.0,1.01,API-FOOTBALL,,,,,,,
1378053.0,11,1xBet,6.5,41.0,1.0,API-FOOTBALL,,,,,,,
1378053.0,11,1xBet,1.5,3.4,1.31,API-FOOTBALL,,,,,,,
1378053.0,11,1xBet,1.75,4.65,1.18,API-FOOTBALL,,,,,,,
1378053.0,11,1xBet,2.0,8.3,1.06,API-FOOTBALL,,,,,,,
1378053.0,11,1xBet,2.25,8.9,1.04,API-FOOTBALL,,,,,,,
1378053.0,11,1xBet,2.5,9.6,1.02,API-FOOTBALL,,,,,,,
1378053.0,11,1xBet,3.5,29.0,1.01,API-FOOTBALL,,,,,,,
1378053.0,11,1xBet,0.5,1.51,2.53,API-FOOTBALL,,,,,,,
1378053.0,11,1xBet,0.75,1.73,2.12,API-FOOTBALL,,,,,,,
1378053.0,11,1xBet,1.0,2.24,1.67,API-FOOTBALL,,,,,,,
1378053.0,11,1xBet,1.25,2.84,1.43,API-FOOTBALL,,,,,,,
1378053.0,11,1xBet,1.5,2.48,1.53,API-FOOTBALL,,,,,,,
1378053.0,11,1xBet,1.75,3.1,1.35,API-FOOTBALL,,,,,,,
1378053.0,11,1xBet,2.0,4.75,1.16,API-FOOTBALL,,,,,,,
1378053.0,11,1xBet,2.25,5.35,1.13,API-FOOTBALL,,,,,,,
1378053.0,11,1xBet,2.5,5.9,1.1,API-FOOTBALL,,,,,,,
1378053.0,11,1xBet,3.5,17.0,1.02,API-FOOTBALL,,,,,,,
1378053.0,11,1xBet,0.5,1.31,3.4,API-FOOTBALL,,,,,,,
1378053.0,11,1xBet,0.75,1.43,2.84,API-FOOTBALL,,,,,,,
1378053.0,11,1xBet,1.0,1.66,2.25,API-FOOTBALL,,,,,,,
1378053.0,11,1xBet,1.25,2.07,1.76,API-FOOTBALL,,,,,,,
1378053.0,11,1xBet,3.5,1.29,3.15,API-FOOTBALL,,,,,,,
1378053.0,11,1xBet,4.5,1.6,2.14,API-FOOTBALL,,,,,,,
1378053.0,11,1xBet,4.0,1.37,2.75,API-FOOTBALL,,,,,,,
1378053.0,11,1xBet,5.0,1.82,1.89,API-FOOTBALL,,,,,,,
1378053.0,11,1xBet,5.5,2.07,1.64,API-FOOTBALL,,,,,,,
1378053.0,11,1xBet,6.5,2.82,1.35,API-FOOTBALL,,,,,,,
1378053.0,11,1xBet,6.0,2.5,1.44,API-FOOTBALL,,,,,,,
1378053.0,11,1xBet,2.5,1.29,3.17,API-FOOTBALL,,,,,,,
1378053.0,11,1xBet,3.5,1.65,2.05,API-FOOTBALL,,,,,,,
1378053.0,11,1xBet,3.0,1.38,2.7,API-FOOTBALL,,,,,,,
1378053.0,11,1xBet,4.5,2.24,1.55,API-FOOTBALL,,,,,,,
1378053.0,11,1xBet,4.0,1.94,1.77,API-FOOTBALL,,,,,,,
1378053.0,11,1xBet,5.0,2.85,1.35,API-FOOTBALL,,,,,,,
1378053.0,11,1xBet,5.5,3.22,1.28,API-FOOTBALL,,,,,,,
1378053.0,11,1xBet,3.5,1.67,2.1,API-FOOTBALL,,,,,,,
1378053.0,32,Betano,1.5,1.45,2.87,API-FOOTBALL,,,,,,,
1378053.0,32,Betano,1.75,1.55,2.52,API-FOOTBALL,,,,,,,
1378053.0,32,Betano,2.0,1.75,2.15,API-FOOTBALL,,,,,,,
1378053.0,32,Betano,2.25,2.02,1.83,API-FOOTBALL,,,,,,,
1378053.0,32,Betano,2.5,2.32,1.65,API-FOOTBALL,,,,,,,
1378053.0,32,Betano,2.75,2.7,1.5,API-FOOTBALL,,,,,,,
1378053.0,32,Betano,3.5,4.1,1.24,API-FOOTBALL,,,,,,,
1378053.0,32,Betano,0.5,1.11,6.9,API-FOOTBALL,,,,,,,
1378053.0,32,Betano,3.0,3.5,1.33,API-FOOTBALL,,,,,,,
1378053.0,32,Betano,4.5,7.9,1.08,API-FOOTBALL,,,,,,,
1378053.0,32,Betano,5.5,13.5,1.03,API-FOOTBALL,,,,,,,
1378053.0,32,Betano,1.5,3.3,1.34,API-FOOTBALL,,,,,,,
1378053.0,32,Betano,2.5,7.7,1.08,API-FOOTBALL,,,,,,,
1378053.0,32,Betano,3.5,13.5,1.02,API-FOOTBALL,,,,,,,
1378053.0,32,Betano,0.5,1.55,2.47,API-FOOTBALL,,,,,,,
1378053.0,32,Betano,0.75,1.75,2.07,API-FOOTBALL,,,,,,,
1378053.0,32,Betano,1.0,2.22,1.67,API-FOOTBALL,,,,,,,
1378053.0,32,Betano,1.25,2.77,1.45,API-FOOTBALL,,,,,,,
1378053.0,32,Betano,1.5,2.42,1.55,API-FOOTBALL,,,,,,,
1378053.0,32,Betano,2.5,5.2,1.15,API-FOOTBALL,,,,,,,
1378053.0,32,Betano,0.5,1.33,3.25,API-FOOTBALL,,,,,,,
1378053.0,32,Betano,1.5,1.15,5.0,API-FOOTBALL,,,,,,,
1378053.0,32,Betano,2.5,1.33,3.15,API-FOOTBALL,,,,,,,
1378053.0,32,Betano,3.5,1.72,2.05,API-FOOTBALL,,,,,,,
1378053.0,32,Betano,4.5,2.4,1.53,API-FOOTBALL,,,,,,,
1378053.0,32,Betano,4.0,2.05,1.75,API-FOOTBALL,,,,,,,
1378053.0,32,Betano,5.5,3.55,1.27,API-FOOTBALL,,,,,,,
1378053.0,32,Betano,6.5,5.3,1.13,API-FOOTBALL,,,,,,,
1378053.0,34,Superbet,1.5,1.43,2.87,API-FOOTBALL,,,,,,,
1378053.0,34,Superbet,2.5,2.35,1.6,API-FOOTBALL,,,,,,,
1378053.0,34,Superbet,3.5,4.2,1.23,API-FOOTBALL,,,,,,,
1378053.0,34,Superbet,0.5,1.09,7.4,API-FOOTBALL,,,,,,,
1378053.0,34,Superbet,4.5,9.1,1.07,API-FOOTBALL,,,,,,,
1378053.0,34,Superbet,5.5,21.0,1.02,API-FOOTBALL,,,,,,,
1378053.0,34,Superbet,6.5,50.0,1.0,API-FOOTBALL,,,,,,,
1378053.0,34,Superbet,1.5,3.3,1.33,API-FOOTBALL,,,,,,,
1378053.0,34,Superbet,2.5,9.0,1.07,API-FOOTBALL,,,,,,,
1378053.0,34,Superbet,3.5,28.0,1.01,API-FOOTBALL,,,,,,,
1378053.0,34,Superbet,0.5,1.51,2.57,API-FOOTBALL,,,,,,,
1378053.0,34,Superbet,1.5,2.5,1.54,API-FOOTBALL,,,,,,,
1378053.0,34,Superbet,2.5,5.9,1.13,API-FOOTBALL,,,,,,,
1378053.0,34,Superbet,3.5,16.0,1.03,API-FOOTBALL,,,,,,,
1378053.0,34,Superbet,0.5,1.34,3.3,API-FOOTBALL,,,,,,,
1378053.0,34,Superbet,4.5,45.0,1.0,API-FOOTBALL,,,,,,,
1378053.0,34,Superbet,1.5,1.04,10.0,API-FOOTBALL,,,,,,,
1378053.0,34,Superbet,2.5,1.14,5.2,API-FOOTBALL,,,,,,,
1378053.0,34,Superbet,3.5,1.34,3.1,API-FOOTBALL,,,,,,,
1378053.0,34,Superbet,0.5,1.0,33.0,API-FOOTBALL,,,,,,,
1378053.0,34,Superbet,8.5,6.5,1.09,API-FOOTBALL,,,,,,,
1378053.0,34,Superbet,9.5,9.5,1.04,API-FOOTBALL,,,,,,,
1378053.0,34,Superbet,10.5,15.0,1.02,API-FOOTBALL,,,,,,,
1378053.0,34,Superbet,4.5,1.68,2.1,API-FOOTBALL,,,,,,,
1378053.0,34,Superbet,7.5,4.45,1.18,API-FOOTBALL,,,,,,,
1378053.0,34,Superbet,5.5,2.22,1.61,API-FOOTBALL,,,,,,,
1378053.0,34,Superbet,6.5,3.1,1.34,API-FOOTBALL,,,,,,,
1378053.0,34,Superbet,1.5,1.08,7.0,API-FOOTBALL,,,,,,,
1378053.0,34,Superbet,2.5,1.26,3.6,API-FOOTBALL,,,,,,,
1378053.0,34,Superbet,3.5,1.59,2.27,API-FOOTBALL,,,,,,,
1378053.0,34,Superbet,0.5,1.01,20.0,API-FOOTBALL,,,,,,,
1378053.0,34,Superbet,8.5,10.0,1.04,API-FOOTBALL,,,,,,,
1378053.0,34,Superbet,9.5,17.0,1.01,API-FOOTBALL,,,,,,,
1378053.0,34,Superbet,10.5,26.0,1.0,API-FOOTBALL,,,,,,,
1378053.0,34,Superbet,4.5,2.12,1.66,API-FOOTBALL,,,,,,,
1378053.0,34,Superbet,7.5,6.7,1.09,API-FOOTBALL,,,,,,,
1378053.0,34,Superbet,5.5,3.05,1.35,API-FOOTBALL,,,,,,,
1378053.0,34,Superbet,6.5,4.5,1.18,API-FOOTBALL,,,,,,,
1378053.0,34,Superbet,1.5,1.06,5.5,API-FOOTBALL,,,,,,,
1378053.0,34,Superbet,2.5,1.25,3.25,API-FOOTBALL,,,,,,,
1378053.0,34,Superbet,3.5,1.62,2.12,API-FOOTBALL,,,,,,,
1378053.0,34,Superbet,4.5,2.22,1.57,API-FOOTBALL,,,,,,,
1378053.0,34,Superbet,5.5,3.1,1.27,API-FOOTBALL,,,,,,,
1379170.0,1,10Bet,1.5,1.22,4.0,API-FOOTBALL,,,,,,,
1379170.0,1,10Bet,2.5,1.7,2.1,API-FOOTBALL,,,,,,,
1379170.0,1,10Bet,3.5,2.75,1.44,API-FOOTBALL,,,,,,,
1379170.0,1,10Bet,0.5,1.05,9.5,API-FOOTBALL,,,,,,,
1379170.0,1,10Bet,4.5,5.0,1.17,API-FOOTBALL,,,,,,,
1379170.0,1,10Bet,1.5,2.45,1.48,API-FOOTBALL,,,,,,,
1379170.0,1,10Bet,2.5,5.5,1.11,API-FOOTBALL,,,,,,,
1379170.0,1,10Bet,0.5,1.33,3.0,API-FOOTBALL,,,,,,,
1379170.0,1,10Bet,1.5,1.85,1.85,API-FOOTBALL,,,,,,,
1379170.0,1,10Bet,2.5,3.6,1.25,API-FOOTBALL,,,,,,,
1379170.0,1,10Bet,0.5,1.17,4.4,API-FOOTBALL,,,,,,,
1379170.0,7,William Hill,1.5,2.45,1.5,API-FOOTBALL,,,,,,,
1379170.0,7,William Hill,2.5,5.8,1.12,API-FOOTBALL,,,,,,,
1379170.0,7,William Hill,3.5,17.0,1.02,API-FOOTBALL,,,,,,,
1379170.0,7,William Hill,0.5,1.3,3.3,API-FOOTBALL,,,,,,,
1379170.0,7,William Hill,1.5,1.91,1.83,API-FOOTBALL,,,,,,,
1379170.0,7,William Hill,2.5,3.8,1.22,API-FOOTBALL,,,,,,,
1379170.0,7,William Hill,3.5,9.5,1.06,API-FOOTBALL,,,,,,,
1379170.0,7,William Hill,0.5,1.2,4.2,API-FOOTBALL,,,,,,,
1379170.0,8,Bet365,1.5,1.22,4.33,API-FOOTBALL,,,,,,,
1379170.0,8,Bet365,2.5,1.73,2.1,API-FOOTBALL,,,,,,,
1379170.0,8,Bet365,3.5,2.75,1.44,API-FOOTBALL,,,,,,,
1379170.0,8,Bet365,0.5,1.04,13.0,API-FOOTBALL,,,,,,,
1379170.0,8,Bet365,4.5,5.0,1.17,API-FOOTBALL,,,,,,,
1379170.0,8,Bet365,7.5,41.0,1.0,API-FOOTBALL,,,,,,,
1379170.0,8,Bet365,5.5,10.0,1.06,API-FOOTBALL,,,,,,,
1379170.0,8,Bet365,6.5,21.0,1.01,API-FOOTBALL,,,,,,,
1379170.0,8,Bet365,1.5,2.5,1.5,API-FOOTBALL,,,,,,,
1379170.0,8,Bet365,2.5,6.0,1.12,API-FOOTBALL,,,,,,,
1379170.0,8,Bet365,3.5,17.0,1.02,API-FOOTBALL,,,,,,,
1379170.0,8,Bet365,0.5,1.33,3.25,API-FOOTBALL,,,,,,,
1379170.0,8,Bet365,1.5,1.83,1.83,API-FOOTBALL,,,,,,,
1379170.0,8,Bet365,2.5,3.75,1.25,API-FOOTBALL,,,,,,,
1379170.0,8,Bet365,3.5,10.0,1.06,API-FOOTBALL,,,,,,,
1379170.0,8,Bet365,0.5,1.18,4.5,API-FOOTBALL,,,,,,,
1379170.0,8,Bet365,4.5,23.0,1.01,API-FOOTBALL,,,,,,,
1379170.0,8,Bet365,5.5,1.83,1.83,API-FOOTBALL,,,,,,,
1379170.0,8,Bet365,4.5,1.91,1.8,API-FOOTBALL,,,,,,,
1379170.0,8,Bet365,3.5,1.67,2.1,API-FOOTBALL,,,,,,,
1379170.0,8,Bet365,4.5,2.1,1.67,API-FOOTBALL,,,,,,,
1379170.0,8,Bet365,4.0,2.0,1.8,API-FOOTBALL,,,,,,,
1379170.0,2,Marathonbet,1.5,1.18,4.1,API-FOOTBALL,,,,,,,
1379170.0,2,Marathonbet,1.75,1.24,3.64,API-FOOTBALL,,,,,,,
1379170.0,2,Marathonbet,2.0,1.31,3.2,API-FOOTBALL,,,,,,,
1379170.0,2,Marathonbet,2.25,1.5,2.48,API-FOOTBALL,,,,,,,
1379170.0,2,Marathonbet,2.5,1.73,2.14,API-FOOTBALL,,,,,,,
1379170.0,2,Marathonbet,2.75,1.88,1.86,API-FOOTBALL,,,,,,,
1379170.0,2,Marathonbet,3.5,2.76,1.38,API-FOOTBALL,,,,,,,
1379170.0,2,Marathonbet,1.0,1.0,9.7,API-FOOTBALL,,,,,,,
1379170.0,2,Marathonbet,1.25,1.08,5.8,API-FOOTBALL,,,,,,,
1379170.0,2,Marathonbet,3.0,2.18,1.62,API-FOOTBALL,,,,,,,
1379170.0,2,Marathonbet,4.5,5.1,1.1,API-FOOTBALL,,,,,,,
1379170.0,2,Marathonbet,3.25,2.46,1.48,API-FOOTBALL,,,,,,,
1379170.0,2,Marathonbet,3.75,3.28,1.27,API-FOOTBALL,,,,,,,
1379170.0,2,Marathonbet,4.0,4.4,1.15,API-FOOTBALL,,,,,,,
1379170.0,2,Marathonbet,4.25,4.75,1.12,API-FOOTBALL,,,,,,,
1379170.0,2,Marathonbet,4.75,6.55,1.05,API-FOOTBALL,,,,,,,
1379170.0,2,Marathonbet,5.0,9.5,1.0,API-FOOTBALL,,,,,,,
1379170.0,2,Marathonbet,5.5,8.4,1.01,API-FOOTBALL,,,,,,,
1379170.0,2,Marathonbet,1.5,2.57,1.5,API-FOOTBALL,,,,,,,
1379170.0,2,Marathonbet,2.0,5.1,1.15,API-FOOTBALL,,,,,,,
1379170.0,2,Marathonbet,2.5,6.3,1.09,API-FOOTBALL,,,,,,,
1379170.0,2,Marathonbet,0.5,1.31,3.42,API-FOOTBALL,,,,,,,
1379170.0,2,Marathonbet,1.0,1.68,2.23,API-FOOTBALL,,,,,,,
1379170.0,2,Marathonbet,1.5,1.99,1.85,API-FOOTBALL,,,,,,,
1379170.0,2,Marathonbet,2.0,3.12,1.36,API-FOOTBALL,,,,,,,
1379170.0,2,Marathonbet,2.5,4.05,1.22,API-FOOTBALL,,,,,,,
1379170.0,2,Marathonbet,0.5,1.18,4.55,API-FOOTBALL,,,,,,,
1379170.0,2,Marathonbet,1.0,1.35,3.18,API-FOOTBALL,,,,,,,
1379170.0,16,Unibet,1.5,1.21,4.5,API-FOOTBALL,,,,,,,
1379170.0,16,Unibet,2.25,1.5,2.55,API-FOOTBALL,,,,,,,
1379170.0,16,Unibet,2.5,1.7,2.15,API-FOOTBALL,,,,,,,
1379170.0,16,Unibet,2.75,1.88,1.92,API-FOOTBALL,,,,,,,
1379170.0,16,Unibet,3.5,2.8,1.44,API-FOOTBALL,,,,,,,
1379170.0,16,Unibet,0.5,1.02,13.0,API-FOOTBALL,,,,,,,
1379170.0,16,Unibet,3.0,2.18,1.68,API-FOOTBALL,,,,,,,
1379170.0,16,Unibet,4.5,5.4,1.15,API-FOOTBALL,,,,,,,
1379170.0,16,Unibet,3.25,2.48,1.54,API-FOOTBALL,,,,,,,
1379170.0,16,Unibet,3.75,3.35,1.33,API-FOOTBALL,,,,,,,
1379170.0,16,Unibet,5.5,10.5,1.04,API-FOOTBALL,,,,,,,
1379170.0,16,Unibet,1.5,2.35,1.54,API-FOOTBALL,,,,,,,
1379170.0,16,Unibet,1.75,2.95,1.36,API-FOOTBALL,,,,,,,
1379170.0,16,Unibet,2.5,5.5,1.12,API-FOOTBALL,,,,,,,
1379170.0,16,Unibet,0.5,1.28,3.35,API-FOOTBALL,,,,,,,
1379170.0,16,Unibet,0.75,1.38,2.85,API-FOOTBALL,,,,,,,
1379170.0,16,Unibet,1.0,1.57,2.28,API-FOOTBALL,,,,,,,
1379170.0,16,Unibet,1.25,1.97,1.76,API-FOOTBALL,,,,,,,
1379170.0,16,Unibet,1.5,1.92,1.8,API-FOOTBALL,,,,,,,
1379170.0,16,Unibet,2.5,4.0,1.21,API-FOOTBALL,,,,,,,
1379170.0,16,Unibet,0.5,1.18,4.4,API-FOOTBALL,,,,,,,
1379170.0,16,Unibet,2.5,1.05,7.0,API-FOOTBALL,,,,,,,
1379170.0,16,Unibet,3.5,1.17,4.3,API-FOOTBALL,,,,,,,
1379170.0,16,Unibet,8.5,3.9,1.21,API-FOOTBALL,,,,,,,
1379170.0,16,Unibet,9.5,5.3,1.11,API-FOOTBALL,,,,,,,
1379170.0,16,Unibet,10.5,7.0,1.05,API-FOOTBALL,,,,,,,
1379170.0,16,Unibet,4.5,1.37,2.8,API-FOOTBALL,,,,,,,
1379170.0,16,Unibet,7.5,2.85,1.36,API-FOOTBALL,,,,,,,
1379170.0,16,Unibet,5.5,1.68,2.04,API-FOOTBALL,,,,,,,
1379170.0,16,Unibet,6.5,2.16,1.61,API-FOOTBALL,,,,,,,
1379170.0,16,Unibet,1.5,1.06,6.75,API-FOOTBALL,,,,,,,
1379170.0,16,Unibet,2.5,1.22,3.7,API-FOOTBALL,,,,,,,
1379170.0,16,Unibet,3.5,1.52,2.32,API-FOOTBALL,,,,,,,
1379170.0,16,Unibet,4.5,2.02,1.68,API-FOOTBALL,,,,,,,
1379170.0,16,Unibet,7.5,6.0,1.08,API-FOOTBALL,,,,,,,
1379170.0,16,Unibet,5.5,2.85,1.36,API-FOOTBALL,,,,,,,
1379170.0,16,Unibet,6.5,4.1,1.18,API-FOOTBALL,,,,,,,
1379170.0,16,Unibet,1.5,1.08,6.25,API-FOOTBALL,,,,,,,
1379170.0,16,Unibet,2.5,1.27,3.3,API-FOOTBALL,,,,,,,
1379170.0,16,Unibet,3.5,1.67,2.05,API-FOOTBALL,,,,,,,
1379170.0,16,Unibet,4.5,2.38,1.5,API-FOOTBALL,,,,,,,
1379170.0,16,Unibet,5.5,3.6,1.23,API-FOOTBALL,,,,,,,
1379170.0,16,Unibet,6.5,5.5,1.1,API-FOOTBALL,,,,,,,
1379170.0,3,Betfair,1.5,1.18,4.5,API-FOOTBALL,,,,,,,
1379170.0,3,Betfair,2.5,1.67,2.15,API-FOOTBALL,,,,,,,
1379170.0,3,Betfair,3.5,2.8,1.4,API-FOOTBALL,,,,,,,
1379170.0,3,Betfair,0.5,1.01,13.0,API-FOOTBALL,,,,,,,
1379170.0,3,Betfair,4.5,5.0,1.14,API-FOOTBALL,,,,,,,
1379170.0,3,Betfair,5.5,9.0,1.04,API-FOOTBALL,,,,,,,
1379170.0,3,Betfair,1.5,2.4,1.5,API-FOOTBALL,,,,,,,
1379170.0,3,Betfair,2.5,6.5,1.08,API-FOOTBALL,,,,,,,
1379170.0,3,Betfair,0.5,1.3,3.4,API-FOOTBALL,,,,,,,
1379170.0,13,188Bet,2.75,1.94,1.96,API-FOOTBALL,,,,,,,
1379170.0,13,188Bet,1.25,2.13,1.77,API-FOOTBALL,,,,,,,
1379170.0,4,Pinnacle,1.75,1.27,3.91,API-FOOTBALL,,,,,,,
1379170.0,4,Pinnacle,2.0,1.34,3.42,API-FOOTBALL,,,,,,,
1379170.0,4,Pinnacle,2.25,1.54,2.58,API-FOOTBALL,,,,,,,
1379170.0,4,Pinnacle,2.5,1.75,2.17,API-FOOTBALL,,,,,,,
1379170.0,4,Pinnacle,2.75,1.94,1.94,API-FOOTBALL,,,,,,,
1379170.0,4,Pinnacle,3.5,2.84,1.45,API-FOOTBALL,,,,,,,
1379170.0,4,Pinnacle,3.0,2.25,1.69,API-FOOTBALL,,,,,,,
1379170.0,4,Pinnacle,3.25,2.55,1.55,API-FOOTBALL,,,,,,,
1379170.0,4,Pinnacle,3.75,3.4,1.34,API-FOOTBALL,,,,,,,
1379170.0,4,Pinnacle,1.5,2.58,1.51,API-FOOTBALL,,,,,,,
1379170.0,4,Pinnacle,1.75,3.29,1.34,API-FOOTBALL,,,,,,,
1379170.0,4,Pinnacle,0.75,1.43,2.84,API-FOOTBALL,,,,,,,
1379170.0,4,Pinnacle,1.0,1.66,2.24,API-FOOTBALL,,,,,,,
1379170.0,4,Pinnacle,1.25,2.14,1.74,API-FOOTBALL,,,,,,,
1379170.0,4,Pinnacle,5.5,1.7,2.08,API-FOOTBALL,,,,,,,
1379170.0,4,Pinnacle,4.5,1.96,1.79,API-FOOTBALL,,,,,,,
1379170.0,4,Pinnacle,4.5,2.37,1.58,API-FOOTBALL,,,,,,,
1379170.0,5,SBO,2.5,1.73,2.14,API-FOOTBALL,,,,,,,
1379170.0,5,SBO,2.75,1.97,1.89,API-FOOTBALL,,,,,,,
1379170.0,5,SBO,3.0,2.25,1.66,API-FOOTBALL,,,,,,,
1379170.0,5,SBO,1.0,1.69,2.2,API-FOOTBALL,,,,,,,
1379170.0,5,SBO,1.25,2.16,1.72,API-FOOTBALL,,,,,,,
1379170.0,11,1xBet,1.5,1.18,4.1,API-FOOTBALL,,,,,,,
1379170.0,11,1xBet,1.75,1.24,3.64,API-FOOTBALL,,,,,,,
1379170.0,11,1xBet,2.0,1.31,3.2,API-FOOTBALL,,,,,,,
1379170.0,11,1xBet,2.25,1.5,2.48,API-FOOTBALL,,,,,,,
1379170.0,11,1xBet,2.5,1.78,2.2,API-FOOTBALL,,,,,,,
1379170.0,11,1xBet,2.75,1.88,1.86,API-FOOTBALL,,,,,,,
1379170.0,11,1xBet,3.5,2.76,1.38,API-FOOTBALL,,,,,,,
1379170.0,11,1xBet,0.5,1.02,15.0,API-FOOTBALL,,,,,,,
1379170.0,11,1xBet,1.0,1.04,11.0,API-FOOTBALL,,,,,,,
1379170.0,11,1xBet,1.25,1.08,5.8,API-FOOTBALL,,,,,,,
1379170.0,11,1xBet,3.0,2.18,1.62,API-FOOTBALL,,,,,,,
1379170.0,11,1xBet,4.5,5.1,1.1,API-FOOTBALL,,,,,,,
1379170.0,11,1xBet,3.25,2.46,1.48,API-FOOTBALL,,,,,,,
1379170.0,11,1xBet,3.75,3.28,1.27,API-FOOTBALL,,,,,,,
1379170.0,11,1xBet,4.0,4.4,1.15,API-FOOTBALL,,,,,,,
1379170.0,11,1xBet,4.25,4.75,1.12,API-FOOTBALL,,,,,,,
1379170.0,11,1xBet,4.75,6.55,1.05,API-FOOTBALL,,,,,,,
1379170.0,11,1xBet,5.0,8.3,1.07,API-FOOTBALL,,,,,,,
1379170.0,11,1xBet,7.5,41.0,1.0,API-FOOTBALL,,,,,,,
1379170.0,11,1xBet,5.5,9.9,1.05,API-FOOTBALL,,,,,,,
1379170.0,11,1xBet,6.5,21.0,1.01,API-FOOTBALL,,,,,,,
1379170.0,11,1xBet,1.5,2.57,1.5,API-FOOTBALL,,,,,,,
1379170.0,11,1xBet,1.75,3.24,1.33,API-FOOTBALL,,,,,,,
1379170.0,11,1xBet,2.0,5.1,1.15,API-FOOTBALL,,,,,,,
1379170.0,11,1xBet,2.25,5.7,1.12,API-FOOTBALL,,,,,,,
1379170.0,11,1xBet,2.5,6.3,1.09,API-FOOTBALL,,,,,,,
1379170.0,11,1xBet,3.5,16.0,1.01,API-FOOTBALL,,,,,,,
1379170.0,11,1xBet,0.5,1.31,3.42,API-FOOTBALL,,,,,,,
1379170.0,11,1xBet,0.75,1.44,2.81,API-FOOTBALL,,,,,,,
1379170.0,11,1xBet,1.0,1.68,2.23,API-FOOTBALL,,,,,,,
1379170.0,11,1xBet,1.25,2.14,1.72,API-FOOTBALL,,,,,,,
1379170.0,11,1xBet,1.5,1.99,1.85,API-FOOTBALL,,,,,,,
1379170.0,11,1xBet,1.75,2.36,1.6,API-FOOTBALL,,,,,,,
1379170.0,11,1xBet,2.0,3.12,1.36,API-FOOTBALL,,,,,,,
1379170.0,11,1xBet,2.25,3.58,1.28,API-FOOTBALL,,,,,,,
1379170.0,11,1xBet,2.5,4.05,1.22,API-FOOTBALL,,,,,,,
1379170.0,11,1xBet,3.5,9.5,1.06,API-FOOTBALL,,,,,,,
1379170.0,11,1xBet,0.5,1.18,4.55,API-FOOTBALL,,,,,,,
1379170.0,11,1xBet,0.75,1.25,3.84,API-FOOTBALL,,,,,,,
1379170.0,11,1xBet,1.0,1.35,3.18,API-FOOTBALL,,,,,,,
1379170.0,11,1xBet,1.25,1.68,2.2,API-FOOTBALL,,,,,,,
1379170.0,11,1xBet,4.5,1.43,2.55,API-FOOTBALL,,,,,,,
1379170.0,11,1xBet,5.0,1.56,2.22,API-FOOTBALL,,,,,,,
1379170.0,11,1xBet,7.5,3.18,1.28,API-FOOTBALL,,,,,,,
1379170.0,11,1xBet,5.5,1.81,1.9,API-FOOTBALL,,,,,,,
1379170.0,11,1xBet,6.5,2.34,1.5,API-FOOTBALL,,,,,,,
1379170.0,11,1xBet,6.0,2.06,1.65,API-FOOTBALL,,,,,,,
1379170.0,11,1xBet,7.0,2.87,1.34,API-FOOTBALL,,,,,,,
1379170.0,11,1xBet,3.5,1.43,2.53,API-FOOTBALL,,,,,,,
1379170.0,11,1xBet,3.0,1.23,3.57,API-FOOTBALL,,,,,,,
1379170.0,11,1xBet,4.5,1.87,1.83,API-FOOTBALL,,,,,,,
1379170.0,11,1xBet,4.0,1.59,2.16,API-FOOTBALL,,,,,,,
1379170.0,11,1xBet,5.0,2.19,1.57,API-FOOTBALL,,,,,,,
1379170.0,11,1xBet,5.5,2.53,1.43,API-FOOTBALL,,,,,,,
1379170.0,11,1xBet,6.5,3.55,1.23,API-FOOTBALL,,,,,,,
1379170.0,11,1xBet,6.0,3.22,1.28,API-FOOTBALL,,,,,,,
1379170.0,11,1xBet,3.5,1.67,2.1,API-FOOTBALL,,,,,,,
1379170.0,11,1xBet,4.5,2.0,1.73,API-FOOTBALL,,,,,,,
1379170.0,32,Betano,1.5,1.24,4.1,API-FOOTBALL,,,,,,,
1379170.0,32,Betano,2.0,1.36,3.3,API-FOOTBALL,,,,,,,
1379170.0,32,Betano,2.25,1.55,2.55,API-FOOTBALL,,,,,,,
1379170.0,32,Betano,2.5,1.75,2.15,API-FOOTBALL,,,,,,,
1379170.0,32,Betano,2.75,1.91,1.93,API-FOOTBALL,,,,,,,
1379170.0,32,Betano,3.5,2.77,1.47,API-FOOTBALL,,,,,,,
1379170.0,32,Betano,0.5,1.05,10.25,API-FOOTBALL,,,,,,,
1379170.0,32,Betano,3.0,2.2,1.7,API-FOOTBALL,,,,,,,
1379170.0,32,Betano,4.5,4.85,1.19,API-FOOTBALL,,,,,,,
1379170.0,32,Betano,3.25,2.5,1.57,API-FOOTBALL,,,,,,,
1379170.0,32,Betano,3.75,3.3,1.35,API-FOOTBALL,,,,,,,
1379170.0,32,Betano,5.5,8.75,1.07,API-FOOTBALL,,,,,,,
1379170.0,32,Betano,6.5,14.0,1.03,API-FOOTBALL,,,,,,,
1379170.0,32,Betano,1.5,2.55,1.52,API-FOOTBALL,,,,,,,
1379170.0,32,Betano,1.75,3.15,1.37,API-FOOTBALL,,,,,,,
1379170.0,32,Betano,2.5,5.6,1.13,API-FOOTBALL,,,,,,,
1379170.0,32,Betano,3.5,11.0,1.03,API-FOOTBALL,,,,,,,
1379170.0,32,Betano,0.5,1.36,3.15,API-FOOTBALL,,,,,,,
1379170.0,32,Betano,0.75,1.47,2.67,API-FOOTBALL,,,,,,,
1379170.0,32,Betano,1.0,1.72,2.15,API-FOOTBALL,,,,,,,
1379170.0,32,Betano,1.25,2.15,1.72,API-FOOTBALL,,,,,,,
1379170.0,32,Betano,4.5,15.5,1.01,API-FOOTBALL,,,,,,,
1379170.0,32,Betano,1.5,1.91,1.87,API-FOOTBALL,,,,,,,
1379170.0,32,Betano,2.5,3.7,1.27,API-FOOTBALL,,,,,,,
1379170.0,32,Betano,0.5,1.21,4.35,API-FOOTBALL,,,,,,,
1379170.0,32,Betano,2.5,1.26,3.65,API-FOOTBALL,,,,,,,
1379170.0,32,Betano,3.5,1.57,2.3,API-FOOTBALL,,,,,,,
1379170.0,32,Betano,4.5,2.12,1.67,API-FOOTBALL,,,,,,,
1379170.0,32,Betano,4.0,1.82,1.95,API-FOOTBALL,,,,,,,
1379170.0,32,Betano,5.5,3.05,1.35,API-FOOTBALL,,,,,,,
1379170.0,32,Betano,6.5,4.5,1.18,API-FOOTBALL,,,,,,,
1379170.0,34,Superbet,1.5,1.22,4.3,API-FOOTBALL,,,,,,,
1379170.0,34,Superbet,2.5,1.73,2.12,API-FOOTBALL,,,,,,,
1379170.0,34,Superbet,3.5,2.77,1.45,API-FOOTBALL,,,,,,,
1379170.0,34,Superbet,0.5,1.04,13.0,API-FOOTBALL,,,,,,,
1379170.0,34,Superbet,4.5,5.2,1.17,API-FOOTBALL,,,,,,,
1379170.0,34,Superbet,5.5,9.7,1.06,API-FOOTBALL,,,,,,,
1379170.0,34,Superbet,6.5,21.0,1.02,API-FOOTBALL,,,,,,,
1379170.0,34,Superbet,1.5,2.55,1.52,API-FOOTBALL,,,,,,,
1379170.0,34,Superbet,2.5,6.0,1.13,API-FOOTBALL,,,,,,,
1379170.0,34,Superbet,3.5,17.0,1.02,API-FOOTBALL,,,,,,,
1379170.0,34,Superbet,0.5,1.34,3.3,API-FOOTBALL,,,,,,,
1379170.0,34,Superbet,4.5,50.0,1.0,API-FOOTBALL,,,,,,,
1379170.0,34,Superbet,1.5,1.97,1.85,API-FOOTBALL,,,,,,,
1379170.0,34,Superbet,2.5,4.0,1.25,API-FOOTBALL,,,,,,,
1379170.0,34,Superbet,3.5,9.3,1.06,API-FOOTBALL,,,,,,,
1379170.0,34,Superbet,0.5,1.21,4.55,API-FOOTBALL,,,,,,,
1379170.0,34,Superbet,4.5,24.0,1.01,API-FOOTBALL,,,,,,,
1379170.0,34,Superbet,1.5,1.01,18.0,API-FOOTBALL,,,,,,,
1379170.0,34,Superbet,2.5,1.06,7.9,API-FOOTBALL,,,,,,,
1379170.0,34,Superbet,3.5,1.18,4.5,API-FOOTBALL,,,,,,,
1379170.0,34,Superbet,8.5,4.2,1.2,API-FOOTBALL,,,,,,,
1379170.0,34,Superbet,9.5,5.9,1.11,API-FOOTBALL,,,,,,,
1379170.0,34,Superbet,10.5,8.5,1.05,API-FOOTBALL,,,,,,,
1379170.0,34,Superbet,4.5,1.38,2.87,API-FOOTBALL,,,,,,,
1379170.0,34,Superbet,7.5,3.0,1.36,API-FOOTBALL,,,,,,,
1379170.0,34,Superbet,5.5,1.71,2.07,API-FOOTBALL,,,,,,,
1379170.0,34,Superbet,6.5,2.22,1.62,API-FOOTBALL,,,,,,,
1379170.0,34,Superbet,1.5,1.06,8.0,API-FOOTBALL,,,,,,,
1379170.0,34,Superbet,2.5,1.21,4.1,API-FOOTBALL,,,,,,,
1379170.0,34,Superbet,3.5,1.48,2.52,API-FOOTBALL,,,,,,,
1379170.0,34,Superbet,0.5,1.0,23.0,API-FOOTBALL,,,,,,,
1379170.0,34,Superbet,8.5,8.6,1.05,API-FOOTBALL,,,,,,,
1379170.0,34,Superbet,9.5,14.0,1.02,API-FOOTBALL,,,,,,,
1379170.0,34,Superbet,10.5,22.0,1.01,API-FOOTBALL,,,,,,,
1379170.0,34,Superbet,4.5,1.95,1.8,API-FOOTBALL,,,,,,,
1379170.0,34,Superbet,7.5,5.8,1.11,API-FOOTBALL,,,,,,,
1379170.0,34,Superbet,5.5,2.7,1.43,API-FOOTBALL,,,,,,,
1379170.0,34,Superbet,6.5,3.9,1.23,API-FOOTBALL,,,,,,,
1379170.0,34,Superbet,1.5,1.06,5.5,API-FOOTBALL,,,,,,,
1379170.0,34,Superbet,2.5,1.26,3.15,API-FOOTBALL,,,,,,,
1379170.0,34,Superbet,3.5,1.64,2.1,API-FOOTBALL,,,,,,,
1379170.0,34,Superbet,4.5,2.3,1.53,API-FOOTBALL,,,,,,,
1379170.0,34,Superbet,5.5,3.25,1.25,API-FOOTBALL,,,,,,,
1379170.0,34,Superbet,6.5,4.1,1.15,API-FOOTBALL,,,,,,,
1379171.0,1,10Bet,1.5,1.33,3.25,API-FOOTBALL,,,,,,,
1379171.0,1,10Bet,2.5,2.0,1.8,API-FOOTBALL,,,,,,,
1379171.0,1,10Bet,3.5,3.55,1.28,API-FOOTBALL,,,,,,,
1379171.0,1,10Bet,0.5,1.06,8.5,API-FOOTBALL,,,,,,,
1379171.0,1,10Bet,4.5,7.0,1.09,API-FOOTBALL,,,,,,,
1379171.0,1,10Bet,1.5,2.85,1.36,API-FOOTBALL,,,,,,,
1379171.0,1,10Bet,2.5,7.0,1.07,API-FOOTBALL,,,,,,,
1379171.0,1,10Bet,0.5,1.4,2.75,API-FOOTBALL,,,,,,,
1379171.0,1,10Bet,1.5,2.1,1.65,API-FOOTBALL,,,,,,,
1379171.0,1,10Bet,2.5,4.5,1.17,API-FOOTBALL,,,,,,,
1379171.0,1,10Bet,0.5,1.22,3.75,API-FOOTBALL,,,,,,,
1379171.0,7,William Hill,1.5,2.7,1.4,API-FOOTBALL,,,,,,,
1379171.0,7,William Hill,2.5,7.5,1.08,API-FOOTBALL,,,,,,,
1379171.0,7,William Hill,3.5,23.0,1.02,API-FOOTBALL,,,,,,,
1379171.0,7,William Hill,0.5,1.36,3.0,API-FOOTBALL,,,,,,,
1379171.0,7,William Hill,1.5,2.25,1.6,API-FOOTBALL,,,,,,,
1379171.0,7,William Hill,2.5,5.0,1.15,API-FOOTBALL,,,,,,,
1379171.0,7,William Hill,3.5,13.0,1.03,API-FOOTBALL,,,,,,,
1379171.0,7,William Hill,0.5,1.29,3.4,API-FOOTBALL,,,,,,,
1379171.0,8,Bet365,1.5,1.33,3.4,API-FOOTBALL,,,,,,,
1379171.0,8,Bet365,2.5,2.0,1.8,API-FOOTBALL,,,,,,,
1379171.0,8,Bet365,3.5,3.5,1.3,API-FOOTBALL,,,,,,,
1379171.0,8,Bet365,0.5,1.06,9.5,API-FOOTBALL,,,,,,,
1379171.0,8,Bet365,4.5,7.0,1.1,API-FOOTBALL,,,,,,,
1379171.0,8,Bet365,7.5,51.0,1.0,API-FOOTBALL,,,,,,,
1379171.0,8,Bet365,5.5,15.0,1.03,API-FOOTBALL,,,,,,,
1379171.0,8,Bet365,6.5,29.0,1.01,API-FOOTBALL,,,,,,,
1379171.0,8,Bet365,1.5,3.0,1.36,API-FOOTBALL,,,,,,,
1379171.0,8,Bet365,2.5,8.0,1.08,API-FOOTBALL,,,,,,,
1379171.0,8,Bet365,3.5,23.0,1.01,API-FOOTBALL,,,,,,,
1379171.0,8,Bet365,0.5,1.4,2.75,API-FOOTBALL,,,,,,,
1379171.0,8,Bet365,1.5,2.2,1.62,API-FOOTBALL,,,,,,,
1379171.0,8,Bet365,2.5,5.0,1.17,API-FOOTBALL,,,,,,,
1379171.0,8,Bet365,3.5,13.0,1.04,API-FOOTBALL,,,,,,,
1379171.0,8,Bet365,0.5,1.25,3.75,API-FOOTBALL,,,,,,,
1379171.0,8,Bet365,5.5,1.91,1.8,API-FOOTBALL,,,,,,,
1379171.0,8,Bet365,3.5,1.62,2.2,API-FOOTBALL,,,,,,,
1379171.0,8,Bet365,4.5,2.2,1.62,API-FOOTBALL,,,,,,,
1379171.0,8,Bet365,3.5,1.73,2.0,API-FOOTBALL,,,,,,,
1379171.0,8,Bet365,4.0,2.05,1.75,API-FOOTBALL,,,,,,,
1379171.0,2,Marathonbet,1.5,1.3,3.14,API-FOOTBALL,,,,,,,
1379171.0,2,Marathonbet,1.75,1.37,2.84,API-FOOTBALL,,,,,,,
1379171.0,2,Marathonbet,2.0,1.49,2.47,API-FOOTBALL,,,,,,,
1379171.0,2,Marathonbet,2.25,1.74,2.02,API-FOOTBALL,,,,,,,
1379171.0,2,Marathonbet,2.5,2.01,1.82,API-FOOTBALL,,,,,,,
1379171.0,2,Marathonbet,2.75,2.25,1.6,API-FOOTBALL,,,,,,,
1379171.0,2,Marathonbet,3.5,3.34,1.27,API-FOOTBALL,,,,,,,
1379171.0,2,Marathonbet,0.5,1.02,8.3,API-FOOTBALL,,,,,,,
1379171.0,2,Marathonbet,0.75,1.02,7.7,API-FOOTBALL,,,,,,,
1379171.0,2,Marathonbet,1.0,1.04,7.2,API-FOOTBALL,,,,,,,
1379171.0,2,Marathonbet,1.25,1.17,4.25,API-FOOTBALL,,,,,,,
1379171.0,2,Marathonbet,3.0,2.73,1.41,API-FOOTBALL,,,,,,,
1379171.0,2,Marathonbet,4.5,6.15,1.06,API-FOOTBALL,,,,,,,
1379171.0,2,Marathonbet,3.25,3.04,1.33,API-FOOTBALL,,,,,,,
1379171.0,2,Marathonbet,3.75,4.1,1.18,API-FOOTBALL,,,,,,,
1379171.0,2,Marathonbet,4.0,5.55,1.09,API-FOOTBALL,,,,,,,
1379171.0,2,Marathonbet,4.25,5.8,1.07,API-FOOTBALL,,,,,,,
1379171.0,2,Marathonbet,1.5,2.98,1.39,API-FOOTBALL,,,,,,,
1379171.0,2,Marathonbet,2.0,6.2,1.1,API-FOOTBALL,,,,,,,
1379171.0,2,Marathonbet,2.5,7.3,1.06,API-FOOTBALL,,,,,,,
1379171.0,2,Marathonbet,0.5,1.43,2.81,API-FOOTBALL,,,,,,,
1379171.0,2,Marathonbet,1.0,1.97,1.87,API-FOOTBALL,,,,,,,
1379171.0,2,Marathonbet,1.5,2.23,1.68,API-FOOTBALL,,,,,,,
1379171.0,2,Marathonbet,2.0,3.74,1.27,API-FOOTBALL,,,,,,,
1379171.0,2,Marathonbet,2.5,4.8,1.16,API-FOOTBALL,,,,,,,
1379171.0,2,Marathonbet,0.5,1.25,3.75,API-FOOTBALL,,,,,,,
1379171.0,2,Marathonbet,1.0,1.49,2.6,API-FOOTBALL,,,,,,,
1379171.0,16,Unibet,1.5,1.28,3.7,API-FOOTBALL,,,,,,,
1379171.0,16,Unibet,1.75,1.34,3.2,API-FOOTBALL,,,,,,,
1379171.0,16,Unibet,2.0,1.44,2.8,API-FOOTBALL,,,,,,,
1379171.0,16,Unibet,2.25,1.68,2.17,API-FOOTBALL,,,,,,,
1379171.0,16,Unibet,2.5,1.92,1.88,API-FOOTBALL,,,,,,,
1379171.0,16,Unibet,2.75,2.2,1.68,API-FOOTBALL,,,,,,,
1379171.0,16,Unibet,3.5,3.4,1.32,API-FOOTBALL,,,,,,,
1379171.0,16,Unibet,0.5,1.04,11.0,API-FOOTBALL,,,,,,,
1379171.0,16,Unibet,3.0,2.65,1.48,API-FOOTBALL,,,,,,,
1379171.0,16,Unibet,4.5,7.0,1.1,API-FOOTBALL,,,,,,,
1379171.0,16,Unibet,3.25,3.0,1.38,API-FOOTBALL,,,,,,,
1379171.0,16,Unibet,5.5,14.0,1.01,API-FOOTBALL,,,,,,,
1379171.0,16,Unibet,1.5,2.65,1.43,API-FOOTBALL,,,,,,,
1379171.0,16,Unibet,1.75,3.4,1.27,API-FOOTBALL,,,,,,,
1379171.0,16,Unibet,2.5,6.5,1.07,API-FOOTBALL,,,,,,,
1379171.0,16,Unibet,0.5,1.34,3.05,API-FOOTBALL,,,,,,,
1379171.0,16,Unibet,0.75,1.47,2.55,API-FOOTBALL,,,,,,,
1379171.0,16,Unibet,1.0,1.74,1.98,API-FOOTBALL,,,,,,,
1379171.0,16,Unibet,1.25,2.2,1.6,API-FOOTBALL,,,,,,,
1379171.0,16,Unibet,1.5,2.12,1.65,API-FOOTBALL,,,,,,,
1379171.0,16,Unibet,2.5,4.7,1.16,API-FOOTBALL,,,,,,,
1379171.0,16,Unibet,0.5,1.23,3.8,API-FOOTBALL,,,,,,,
1379171.0,16,Unibet,2.5,1.04,7.5,API-FOOTBALL,,,,,,,
1379171.0,16,Unibet,3.5,1.23,3.7,API-FOOTBALL,,,,,,,
1379171.0,16,Unibet,8.5,4.6,1.15,API-FOOTBALL,,,,,,,
1379171.0,16,Unibet,9.5,6.25,1.07,API-FOOTBALL,,,,,,,
1379171.0,16,Unibet,10.5,8.5,1.02,API-FOOTBALL,,,,,,,
1379171.0,16,Unibet,4.5,1.48,2.43,API-FOOTBALL,,,,,,,
1379171.0,16,Unibet,7.5,3.35,1.27,API-FOOTBALL,,,,,,,
1379171.0,16,Unibet,5.5,1.86,1.82,API-FOOTBALL,,,,,,,
1379171.0,16,Unibet,6.5,2.45,1.47,API-FOOTBALL,,,,,,,
1379171.0,16,Unibet,1.5,1.1,5.6,API-FOOTBALL,,,,,,,
1379171.0,16,Unibet,2.5,1.32,3.0,API-FOOTBALL,,,,,,,
1379171.0,16,Unibet,3.5,1.71,2.0,API-FOOTBALL,,,,,,,
1379171.0,16,Unibet,4.5,2.38,1.5,API-FOOTBALL,,,,,,,
1379171.0,16,Unibet,7.5,7.5,1.04,API-FOOTBALL,,,,,,,
1379171.0,16,Unibet,5.5,3.45,1.25,API-FOOTBALL,,,,,,,
1379171.0,16,Unibet,6.5,5.2,1.11,API-FOOTBALL,,,,,,,
1379171.0,16,Unibet,1.5,1.09,6.0,API-FOOTBALL,,,,,,,
1379171.0,16,Unibet,2.5,1.3,3.15,API-FOOTBALL,,,,,,,
1379171.0,16,Unibet,3.5,1.7,2.0,API-FOOTBALL,,,,,,,
1379171.0,16,Unibet,4.5,2.45,1.48,API-FOOTBALL,,,,,,,
1379171.0,16,Unibet,5.5,3.7,1.22,API-FOOTBALL,,,,,,,
1379171.0,16,Unibet,6.5,5.5,1.1,API-FOOTBALL,,,,,,,
1379171.0,3,Betfair,1.5,1.29,3.4,API-FOOTBALL,,,,,,,
1379171.0,3,Betfair,2.5,1.95,1.8,API-FOOTBALL,,,,,,,
1379171.0,3,Betfair,3.5,3.4,1.29,API-FOOTBALL,,,,,,,
1379171.0,3,Betfair,0.5,1.03,10.0,API-FOOTBALL,,,,,,,
1379171.0,3,Betfair,4.5,7.0,1.08,API-FOOTBALL,,,,,,,
1379171.0,3,Betfair,5.5,13.0,1.01,API-FOOTBALL,,,,,,,
1379171.0,3,Betfair,1.5,2.88,1.36,API-FOOTBALL,,,,,,,
1379171.0,3,Betfair,2.5,7.5,1.06,API-FOOTBALL,,,,,,,
1379171.0,3,Betfair,0.5,1.4,2.88,API-FOOTBALL,,,,,,,
1379171.0,13,188Bet,2.5,2.06,1.84,API-FOOTBALL,,,,,,,
1379171.0,13,188Bet,1.0,2.03,1.87,API-FOOTBALL,,,,,,,
1379171.0,4,Pinnacle,1.5,1.34,3.41,API-FOOTBALL,,,,,,,
1379171.0,4,Pinnacle,1.75,1.41,2.99,API-FOOTBALL,,,,,,,
1379171.0,4,Pinnacle,2.0,1.54,2.59,API-FOOTBALL,,,,,,,
1379171.0,4,Pinnacle,2.25,1.81,2.08,API-FOOTBALL,,,,,,,
1379171.0,4,Pinnacle,2.5,2.08,1.83,API-FOOTBALL,,,,,,,
1379171.0,4,Pinnacle,2.75,2.37,1.64,API-FOOTBALL,,,,,,,
1379171.0,4,Pinnacle,3.5,3.57,1.31,API-FOOTBALL,,,,,,,
1379171.0,4,Pinnacle,1.25,1.21,4.61,API-FOOTBALL,,,,,,,
1379171.0,4,Pinnacle,3.0,2.89,1.45,API-FOOTBALL,,,,,,,
1379171.0,4,Pinnacle,3.25,3.22,1.37,API-FOOTBALL,,,,,,,
1379171.0,4,Pinnacle,1.5,3.04,1.39,API-FOOTBALL,,,,,,,
1379171.0,4,Pinnacle,0.5,1.42,2.91,API-FOOTBALL,,,,,,,
1379171.0,4,Pinnacle,0.75,1.58,2.39,API-FOOTBALL,,,,,,,
1379171.0,4,Pinnacle,1.0,1.96,1.88,API-FOOTBALL,,,,,,,
1379171.0,4,Pinnacle,1.25,2.51,1.54,API-FOOTBALL,,,,,,,
1379171.0,4,Pinnacle,5.5,1.88,1.88,API-FOOTBALL,,,,,,,
1379171.0,4,Pinnacle,3.5,1.74,2.03,API-FOOTBALL,,,,,,,
1379171.0,4,Pinnacle,4.0,2.14,1.71,API-FOOTBALL,,,,,,,
1379171.0,5,SBO,2.25,1.78,2.08,API-FOOTBALL,,,,,,,
1379171.0,5,SBO,2.5,2.08,1.78,API-FOOTBALL,,,,,,,
1379171.0,5,SBO,2.75,2.36,1.59,API-FOOTBALL,,,,,,,
1379171.0,5,SBO,0.75,1.6,2.35,API-FOOTBALL,,,,,,,
1379171.0,5,SBO,1.0,2.02,1.84,API-FOOTBALL,,,,,,,
1379171.0,11,1xBet,1.5,1.3,3.14,API-FOOTBALL,,,,,,,
1379171.0,11,1xBet,1.75,1.37,2.84,API-FOOTBALL,,,,,,,
1379171.0,11,1xBet,2.0,1.49,2.47,API-FOOTBALL,,,,,,,
1379171.0,11,1xBet,2.25,1.74,2.02,API-FOOTBALL,,,,,,,
1379171.0,11,1xBet,2.5,2.07,1.88,API-FOOTBALL,,,,,,,
1379171.0,11,1xBet,2.75,2.25,1.6,API-FOOTBALL,,,,,,,
1379171.0,11,1xBet,3.5,3.34,1.27,API-FOOTBALL,,,,,,,
1379171.0,11,1xBet,0.5,1.02,8.3,API-FOOTBALL,,,,,,,
1379171.0,11,1xBet,0.75,1.02,7.7,API-FOOTBALL,,,,,,,
1379171.0,11,1xBet,1.0,1.04,7.2,API-FOOTBALL,,,,,,,
1379171.0,11,1xBet,1.25,1.17,4.25,API-FOOTBALL,,,,,,,
1379171.0,11,1xBet,3.0,2.73,1.41,API-FOOTBALL,,,,,,,
1379171.0,11,1xBet,4.5,6.15,1.06,API-FOOTBALL,,,,,,,
1379171.0,11,1xBet,3.25,3.04,1.33,API-FOOTBALL,,,,,,,
1379171.0,11,1xBet,3.75,4.1,1.18,API-FOOTBALL,,,,,,,
1379171.0,11,1xBet,4.0,5.55,1.09,API-FOOTBALL,,,,,,,
1379171.0,11,1xBet,4.25,5.8,1.07,API-FOOTBALL,,,,,,,
1379171.0,11,1xBet,5.0,11.5,1.03,API-FOOTBALL,,,,,,,
1379171.0,11,1xBet,7.5,50.0,1.0,API-FOOTBALL,,,,,,,
1379171.0,11,1xBet,5.5,14.0,1.02,API-FOOTBALL,,,,,,,
1379171.0,11,1xBet,6.5,29.0,1.01,API-FOOTBALL,,,,,,,
1379171.0,11,1xBet,1.5,2.98,1.39,API-FOOTBALL,,,,,,,
1379171.0,11,1xBet,1.75,3.84,1.25,API-FOOTBALL,,,,,,,
1379171.0,11,1xBet,2.0,6.2,1.1,API-FOOTBALL,,,,,,,
1379171.0,11,1xBet,2.25,6.75,1.08,API-FOOTBALL,,,,,,,
1379171.0,11,1xBet,2.5,7.3,1.06,API-FOOTBALL,,,,,,,
1379171.0,11,1xBet,3.5,23.0,1.01,API-FOOTBALL,,,,,,,
1379171.0,11,1xBet,0.5,1.43,2.81,API-FOOTBALL,,,,,,,
1379171.0,11,1xBet,0.75,1.61,2.33,API-FOOTBALL,,,,,,,
1379171.0,11,1xBet,1.0,1.97,1.87,API-FOOTBALL,,,,,,,
1379171.0,11,1xBet,1.25,2.47,1.55,API-FOOTBALL,,,,,,,
1379171.0,11,1xBet,1.5,2.23,1.68,API-FOOTBALL,,,,,,,
1379171.0,11,1xBet,1.75,2.71,1.47,API-FOOTBALL,,,,,,,
1379171.0,11,1xBet,2.0,3.74,1.27,API-FOOTBALL,,,,,,,
1379171.0,11,1xBet,2.25,4.3,1.21,API-FOOTBALL,,,,,,,
1379171.0,11,1xBet,2.5,4.8,1.16,API-FOOTBALL,,,,,,,
1379171.0,11,1xBet,3.5,13.0,1.03,API-FOOTBALL,,,,,,,
1379171.0,11,1xBet,0.5,1.25,3.75,API-FOOTBALL,,,,,,,
1379171.0,11,1xBet,0.75,1.34,3.18,API-FOOTBALL,,,,,,,
1379171.0,11,1xBet,1.0,1.49,2.6,API-FOOTBALL,,,,,,,
1379171.0,11,1xBet,1.25,1.87,1.94,API-FOOTBALL,,,,,,,
1379171.0,11,1xBet,4.5,1.53,2.29,API-FOOTBALL,,,,,,,
1379171.0,11,1xBet,4.0,1.32,3.0,API-FOOTBALL,,,,,,,
1379171.0,11,1xBet,5.0,1.69,2.0,API-FOOTBALL,,,,,,,
1379171.0,11,1xBet,5.5,1.97,1.75,API-FOOTBALL,,,,,,,
1379171.0,11,1xBet,6.5,2.6,1.41,API-FOOTBALL,,,,,,,
1379171.0,11,1xBet,6.0,2.3,1.52,API-FOOTBALL,,,,,,,
1379171.0,11,1xBet,7.0,3.28,1.27,API-FOOTBALL,,,,,,,
1379171.0,11,1xBet,2.5,1.27,3.27,API-FOOTBALL,,,,,,,
1379171.0,11,1xBet,3.5,1.62,2.1,API-FOOTBALL,,,,,,,
1379171.0,11,1xBet,3.0,1.36,2.78,API-FOOTBALL,,,,,,,
1379171.0,11,1xBet,4.5,2.18,1.58,API-FOOTBALL,,,,,,,
1379171.0,11,1xBet,4.0,1.89,1.81,API-FOOTBALL,,,,,,,
1379171.0,11,1xBet,5.0,2.75,1.37,API-FOOTBALL,,,,,,,
1379171.0,11,1xBet,5.5,3.12,1.29,API-FOOTBALL,,,,,,,
1379171.0,11,1xBet,3.5,1.73,2.0,API-FOOTBALL,,,,,,,
1379171.0,32,Betano,1.5,1.35,3.25,API-FOOTBALL,,,,,,,
1379171.0,32,Betano,1.75,1.44,2.92,API-FOOTBALL,,,,,,,
1379171.0,32,Betano,2.0,1.55,2.52,API-FOOTBALL,,,,,,,
1379171.0,32,Betano,2.25,1.8,2.07,API-FOOTBALL,,,,,,,
1379171.0,32,Betano,2.5,2.05,1.82,API-FOOTBALL,,,,,,,
1379171.0,32,Betano,2.75,2.35,1.62,API-FOOTBALL,,,,,,,
1379171.0,32,Betano,3.5,3.5,1.31,API-FOOTBALL,,,,,,,
1379171.0,32,Betano,0.5,1.08,8.25,API-FOOTBALL,,,,,,,
1379171.0,32,Betano,3.0,2.9,1.44,API-FOOTBALL,,,,,,,
1379171.0,32,Betano,4.5,6.6,1.11,API-FOOTBALL,,,,,,,
1379171.0,32,Betano,3.25,3.25,1.37,API-FOOTBALL,,,,,,,
1379171.0,32,Betano,5.5,11.75,1.04,API-FOOTBALL,,,,,,,
1379171.0,32,Betano,6.5,16.5,1.01,API-FOOTBALL,,,,,,,
1379171.0,32,Betano,1.5,2.82,1.44,API-FOOTBALL,,,,,,,
1379171.0,32,Betano,2.5,6.4,1.11,API-FOOTBALL,,,,,,,
1379171.0,32,Betano,3.5,12.0,1.02,API-FOOTBALL,,,,,,,
1379171.0,32,Betano,0.5,1.42,2.87,API-FOOTBALL,,,,,,,
1379171.0,32,Betano,0.75,1.57,2.4,API-FOOTBALL,,,,,,,
1379171.0,32,Betano,1.0,1.9,1.91,API-FOOTBALL,,,,,,,
1379171.0,32,Betano,1.25,2.37,1.6,API-FOOTBALL,,,,,,,
1379171.0,32,Betano,4.5,16.0,1.01,API-FOOTBALL,,,,,,,
1379171.0,32,Betano,1.5,2.27,1.62,API-FOOTBALL,,,,,,,
1379171.0,32,Betano,2.5,4.85,1.17,API-FOOTBALL,,,,,,,
1379171.0,32,Betano,0.5,1.29,3.5,API-FOOTBALL,,,,,,,
1379171.0,32,Betano,2.5,1.27,3.55,API-FOOTBALL,,,,,,,
1379171.0,32,Betano,3.5,1.6,2.25,API-FOOTBALL,,,,,,,
1379171.0,32,Betano,4.5,2.2,1.62,API-FOOTBALL,,,,,,,
1379171.0,32,Betano,4.0,1.85,1.91,API-FOOTBALL,,,,,,,
1379171.0,32,Betano,5.5,3.15,1.33,API-FOOTBALL,,,,,,,
1379171.0,32,Betano,6.5,4.7,1.17,API-FOOTBALL,,,,,,,
1379171.0,34,Superbet,1.5,1.32,3.4,API-FOOTBALL,,,,,,,
1379171.0,34,Superbet,2.5,2.02,1.8,API-FOOTBALL,,,,,,,
1379171.0,34,Superbet,3.5,3.55,1.3,API-FOOTBALL,,,,,,,
1379171.0,34,Superbet,0.5,1.06,9.3,API-FOOTBALL,,,,,,,
1379171.0,34,Superbet,4.5,6.8,1.11,API-FOOTBALL,,,,,,,
1379171.0,34,Superbet,5.5,15.0,1.03,API-FOOTBALL,,,,,,,
1379171.0,34,Superbet,6.5,34.0,1.01,API-FOOTBALL,,,,,,,
1379171.0,34,Superbet,1.5,2.95,1.41,API-FOOTBALL,,,,,,,
1379171.0,34,Superbet,2.5,7.6,1.09,API-FOOTBALL,,,,,,,
1379171.0,34,Superbet,3.5,23.0,1.01,API-FOOTBALL,,,,,,,
1379171.0,34,Superbet,0.5,1.43,2.82,API-FOOTBALL,,,,,,,
1379171.0,34,Superbet,4.5,50.0,1.0,API-FOOTBALL,,,,,,,
1379171.0,34,Superbet,1.5,2.25,1.65,API-FOOTBALL,,,,,,,
1379171.0,34,Superbet,2.5,5.0,1.17,API-FOOTBALL,,,,,,,
1379171.0,34,Superbet,3.5,13.0,1.04,API-FOOTBALL,,,,,,,
1379171.0,34,Superbet,0.5,1.27,3.8,API-FOOTBALL,,,,,,,
1379171.0,34,Superbet,4.5,35.0,1.01,API-FOOTBALL,,,,,,,
1379171.0,34,Superbet,1.5,1.02,14.0,API-FOOTBALL,,,,,,,
1379171.0,34,Superbet,2.5,1.09,6.6,API-FOOTBALL,,,,,,,
1379171.0,34,Superbet,3.5,1.24,3.8,API-FOOTBALL,,,,,,,
1379171.0,34,Superbet,8.5,5.0,1.15,API-FOOTBALL,,,,,,,
1379171.0,34,Superbet,9.5,7.1,1.08,API-FOOTBALL,,,,,,,
1379171.0,34,Superbet,10.5,9.8,1.04,API-FOOTBALL,,,,,,,
1379171.0,34,Superbet,4.5,1.49,2.52,API-FOOTBALL,,,,,,,
1379171.0,34,Superbet,7.5,3.5,1.28,API-FOOTBALL,,,,,,,
1379171.0,34,Superbet,5.5,1.88,1.85,API-FOOTBALL,,,,,,,
1379171.0,34,Superbet,6.5,2.52,1.49,API-FOOTBALL,,,,,,,
1379171.0,34,Superbet,1.5,1.1,6.1,API-FOOTBALL,,,,,,,
1379171.0,34,Superbet,2.5,1.32,3.2,API-FOOTBALL,,,,,,,
1379171.0,34,Superbet,3.5,1.7,2.07,API-FOOTBALL,,,,,,,
1379171.0,34,Superbet,0.5,1.01,17.0,API-FOOTBALL,,,,,,,
1379171.0,34,Superbet,8.5,12.0,1.03,API-FOOTBALL,,,,,,,
1379171.0,34,Superbet,9.5,20.0,1.01,API-FOOTBALL,,,,,,,
1379171.0,34,Superbet,4.5,2.35,1.55,API-FOOTBALL,,,,,,,
1379171.0,34,Superbet,7.5,7.8,1.06,API-FOOTBALL,,,,,,,
1379171.0,34,Superbet,5.5,3.45,1.28,API-FOOTBALL,,,,,,,
1379171.0,34,Superbet,6.5,5.15,1.14,API-FOOTBALL,,,,,,,
1379171.0,34,Superbet,1.5,1.07,5.5,API-FOOTBALL,,,,,,,
1379171.0,34,Superbet,2.5,1.3,3.0,API-FOOTBALL,,,,,,,
1379171.0,34,Superbet,3.5,1.73,1.97,API-FOOTBALL,,,,,,,
1379171.0,34,Superbet,4.5,2.42,1.47,API-FOOTBALL,,,,,,,
1379171.0,34,Superbet,5.5,3.5,1.21,API-FOOTBALL,,,,,,,
1379172.0,1,10Bet,1.5,1.22,4.2,API-FOOTBALL,,,,,,,
1379172.0,1,10Bet,2.5,1.7,2.1,API-FOOTBALL,,,,,,,
1379172.0,1,10Bet,3.5,2.75,1.44,API-FOOTBALL,,,,,,,
1379172.0,1,10Bet,0.5,1.04,10.0,API-FOOTBALL,,,,,,,
1379172.0,1,10Bet,4.5,5.0,1.17,API-FOOTBALL,,,,,,,
1379172.0,1,10Bet,1.5,2.4,1.5,API-FOOTBALL,,,,,,,
1379172.0,1,10Bet,2.5,5.5,1.11,API-FOOTBALL,,,,,,,
1379172.0,1,10Bet,0.5,1.3,3.2,API-FOOTBALL,,,,,,,
1379172.0,1,10Bet,1.5,1.85,1.85,API-FOOTBALL,,,,,,,
1379172.0,1,10Bet,2.5,3.7,1.22,API-FOOTBALL,,,,,,,
1379172.0,1,10Bet,0.5,1.18,4.33,API-FOOTBALL,,,,,,,
1379172.0,7,William Hill,1.5,2.4,1.5,API-FOOTBALL,,,,,,,
1379172.0,7,William Hill,2.5,5.8,1.12,API-FOOTBALL,,,,,,,
1379172.0,7,William Hill,3.5,17.0,1.02,API-FOOTBALL,,,,,,,
1379172.0,7,William Hill,0.5,1.3,3.3,API-FOOTBALL,,,,,,,
1379172.0,7,William Hill,1.5,1.95,1.75,API-FOOTBALL,,,,,,,
1379172.0,7,William Hill,2.5,4.0,1.22,API-FOOTBALL,,,,,,,
1379172.0,7,William Hill,3.5,9.5,1.05,API-FOOTBALL,,,,,,,
1379172.0,7,William Hill,0.5,1.2,4.0,API-FOOTBALL,,,,,,,
1379172.0,8,Bet365,1.5,1.22,4.33,API-FOOTBALL,,,,,,,
1379172.0,8,Bet365,2.5,1.73,2.1,API-FOOTBALL,,,,,,,
1379172.0,8,Bet365,3.5,2.75,1.44,API-FOOTBALL,,,,,,,
1379172.0,8,Bet365,0.5,1.04,13.0,API-FOOTBALL,,,,,,,
1379172.0,8,Bet365,4.5,5.0,1.17,API-FOOTBALL,,,,,,,
1379172.0,8,Bet365,7.5,41.0,1.0,API-FOOTBALL,,,,,,,
1379172.0,8,Bet365,5.5,10.0,1.06,API-FOOTBALL,,,,,,,
1379172.0,8,Bet365,6.5,21.0,1.01,API-FOOTBALL,,,,,,,
1379172.0,8,Bet365,1.5,2.5,1.5,API-FOOTBALL,,,,,,,
1379172.0,8,Bet365,2.5,6.0,1.12,API-FOOTBALL,,,,,,,
1379172.0,8,Bet365,3.5,17.0,1.02,API-FOOTBALL,,,,,,,
1379172.0,8,Bet365,0.5,1.33,3.25,API-FOOTBALL,,,,,,,
1379172.0,8,Bet365,1.5,1.91,1.8,API-FOOTBALL,,,,,,,
1379172.0,8,Bet365,2.5,4.0,1.22,API-FOOTBALL,,,,,,,
1379172.0,8,Bet365,3.5,10.0,1.06,API-FOOTBALL,,,,,,,
1379172.0,8,Bet365,0.5,1.2,4.33,API-FOOTBALL,,,,,,,
1379172.0,8,Bet365,4.5,26.0,1.01,API-FOOTBALL,,,,,,,
1379172.0,8,Bet365,4.5,2.1,1.67,API-FOOTBALL,,,,,,,
1379172.0,8,Bet365,5.5,1.91,1.8,API-FOOTBALL,,,,,,,
1379172.0,8,Bet365,3.5,1.85,1.95,API-FOOTBALL,,,,,,,
1379172.0,2,Marathonbet,1.5,1.2,3.98,API-FOOTBALL,,,,,,,
1379172.0,2,Marathonbet,1.75,1.25,3.55,API-FOOTBALL,,,,,,,
1379172.0,2,Marathonbet,2.0,1.32,3.14,API-FOOTBALL,,,,,,,
1379172.0,2,Marathonbet,2.25,1.51,2.45,API-FOOTBALL,,,,,,,
1379172.0,2,Marathonbet,2.5,1.74,2.12,API-FOOTBALL,,,,,,,
1379172.0,2,Marathonbet,2.75,1.88,1.86,API-FOOTBALL,,,,,,,
1379172.0,2,Marathonbet,3.5,2.68,1.4,API-FOOTBALL,,,,,,,
1379172.0,2,Marathonbet,1.0,1.0,9.8,API-FOOTBALL,,,,,,,
1379172.0,2,Marathonbet,1.25,1.1,5.5,API-FOOTBALL,,,,,,,
1379172.0,2,Marathonbet,3.0,2.17,1.63,API-FOOTBALL,,,,,,,
1379172.0,2,Marathonbet,4.5,4.8,1.11,API-FOOTBALL,,,,,,,
1379172.0,2,Marathonbet,3.25,2.44,1.49,API-FOOTBALL,,,,,,,
1379172.0,2,Marathonbet,3.75,3.2,1.28,API-FOOTBALL,,,,,,,
1379172.0,2,Marathonbet,4.0,4.15,1.16,API-FOOTBALL,,,,,,,
1379172.0,2,Marathonbet,4.25,4.5,1.13,API-FOOTBALL,,,,,,,
1379172.0,2,Marathonbet,4.75,6.05,1.06,API-FOOTBALL,,,,,,,
1379172.0,2,Marathonbet,5.0,8.5,1.01,API-FOOTBALL,,,,,,,
1379172.0,2,Marathonbet,5.5,9.1,1.0,API-FOOTBALL,,,,,,,
1379172.0,2,Marathonbet,1.5,2.57,1.5,API-FOOTBALL,,,,,,,
1379172.0,2,Marathonbet,2.0,5.0,1.15,API-FOOTBALL,,,,,,,
1379172.0,2,Marathonbet,2.5,6.1,1.09,API-FOOTBALL,,,,,,,
1379172.0,2,Marathonbet,0.5,1.35,3.18,API-FOOTBALL,,,,,,,
1379172.0,2,Marathonbet,1.0,1.73,2.15,API-FOOTBALL,,,,,,,
1379172.0,2,Marathonbet,1.5,1.97,1.87,API-FOOTBALL,,,,,,,
1379172.0,2,Marathonbet,2.0,2.98,1.39,API-FOOTBALL,,,,,,,
1379172.0,2,Marathonbet,2.5,3.84,1.24,API-FOOTBALL,,,,,,,
1379172.0,2,Marathonbet,0.5,1.18,4.5,API-FOOTBALL,,,,,,,
1379172.0,2,Marathonbet,1.0,1.35,3.18,API-FOOTBALL,,,,,,,
1379172.0,16,Unibet,1.5,1.21,4.4,API-FOOTBALL,,,,,,,
1379172.0,16,Unibet,2.0,1.3,3.45,API-FOOTBALL,,,,,,,
1379172.0,16,Unibet,2.25,1.52,2.55,API-FOOTBALL,,,,,,,
1379172.0,16,Unibet,2.5,1.71,2.12,API-FOOTBALL,,,,,,,
1379172.0,16,Unibet,2.75,1.91,1.89,API-FOOTBALL,,,,,,,
1379172.0,16,Unibet,3.5,2.85,1.42,API-FOOTBALL,,,,,,,
1379172.0,16,Unibet,0.5,1.02,13.0,API-FOOTBALL,,,,,,,
1379172.0,16,Unibet,3.0,2.23,1.66,API-FOOTBALL,,,,,,,
1379172.0,16,Unibet,4.5,5.5,1.15,API-FOOTBALL,,,,,,,
1379172.0,16,Unibet,3.25,2.55,1.52,API-FOOTBALL,,,,,,,
1379172.0,16,Unibet,3.75,3.45,1.3,API-FOOTBALL,,,,,,,
1379172.0,16,Unibet,5.5,11.5,1.03,API-FOOTBALL,,,,,,,
1379172.0,16,Unibet,1.5,2.4,1.52,API-FOOTBALL,,,,,,,
1379172.0,16,Unibet,1.75,3.0,1.35,API-FOOTBALL,,,,,,,
1379172.0,16,Unibet,2.5,5.5,1.12,API-FOOTBALL,,,,,,,
1379172.0,16,Unibet,0.5,1.28,3.4,API-FOOTBALL,,,,,,,
1379172.0,16,Unibet,0.75,1.38,2.85,API-FOOTBALL,,,,,,,
1379172.0,16,Unibet,1.0,1.58,2.28,API-FOOTBALL,,,,,,,
1379172.0,16,Unibet,1.25,1.98,1.75,API-FOOTBALL,,,,,,,
1379172.0,16,Unibet,1.5,1.95,1.78,API-FOOTBALL,,,,,,,
1379172.0,16,Unibet,2.5,4.1,1.2,API-FOOTBALL,,,,,,,
1379172.0,16,Unibet,0.5,1.19,4.25,API-FOOTBALL,,,,,,,
1379172.0,16,Unibet,1.5,1.08,6.0,API-FOOTBALL,,,,,,,
1379172.0,16,Unibet,2.5,1.28,3.25,API-FOOTBALL,,,,,,,
1379172.0,16,Unibet,3.5,1.65,2.08,API-FOOTBALL,,,,,,,
1379172.0,16,Unibet,4.5,2.25,1.55,API-FOOTBALL,,,,,,,
1379172.0,16,Unibet,7.5,7.0,1.05,API-FOOTBALL,,,,,,,
1379172.0,16,Unibet,5.5,3.25,1.28,API-FOOTBALL,,,,,,,
1379172.0,16,Unibet,6.5,4.7,1.14,API-FOOTBALL,,,,,,,
1379172.0,16,Unibet,2.5,1.08,6.1,API-FOOTBALL,,,,,,,
1379172.0,16,Unibet,3.5,1.23,3.65,API-FOOTBALL,,,,,,,
1379172.0,16,Unibet,8.5,4.7,1.14,API-FOOTBALL,,,,,,,
1379172.0,16,Unibet,9.5,6.5,1.07,API-FOOTBALL,,,,,,,
1379172.0,16,Unibet,4.5,1.47,2.45,API-FOOTBALL,,,,,,,
1379172.0,16,Unibet,7.5,3.35,1.27,API-FOOTBALL,,,,,,,
1379172.0,16,Unibet,5.5,1.87,1.82,API-FOOTBALL,,,,,,,
1379172.0,16,Unibet,6.5,2.45,1.47,API-FOOTBALL,,,,,,,
1379172.0,16,Unibet,1.5,1.11,5.2,API-FOOTBALL,,,,,,,
1379172.0,16,Unibet,2.5,1.38,2.75,API-FOOTBALL,,,,,,,
1379172.0,16,Unibet,3.5,1.9,1.78,API-FOOTBALL,,,,,,,
1379172.0,16,Unibet,4.5,2.85,1.36,API-FOOTBALL,,,,,,,
1379172.0,16,Unibet,5.5,4.5,1.15,API-FOOTBALL,,,,,,,
1379172.0,3,Betfair,1.5,1.2,4.2,API-FOOTBALL,,,,,,,
1379172.0,3,Betfair,2.5,1.73,2.05,API-FOOTBALL,,,,,,,
1379172.0,3,Betfair,3.5,2.8,1.4,API-FOOTBALL,,,,,,,
1379172.0,3,Betfair,0.5,1.01,13.0,API-FOOTBALL,,,,,,,
1379172.0,3,Betfair,4.5,5.5,1.13,API-FOOTBALL,,,,,,,
1379172.0,3,Betfair,5.5,11.0,1.02,API-FOOTBALL,,,,,,,
1379172.0,3,Betfair,1.5,2.55,1.45,API-FOOTBALL,,,,,,,
1379172.0,3,Betfair,2.5,6.5,1.08,API-FOOTBALL,,,,,,,
1379172.0,3,Betfair,0.5,1.3,3.4,API-FOOTBALL,,,,,,,
1379172.0,13,188Bet,2.75,1.98,1.92,API-FOOTBALL,,,,,,,
1379172.0,13,188Bet,1.0,1.75,2.15,API-FOOTBALL,,,,,,,
1379172.0,13,188Bet,1.25,2.15,1.75,API-FOOTBALL,,,,,,,
1379172.0,4,Pinnacle,1.75,1.29,3.77,API-FOOTBALL,,,,,,,
1379172.0,4,Pinnacle,2.0,1.35,3.31,API-FOOTBALL,,,,,,,
1379172.0,4,Pinnacle,2.25,1.55,2.55,API-FOOTBALL,,,,,,,
1379172.0,4,Pinnacle,2.5,1.75,2.15,API-FOOTBALL,,,,,,,
1379172.0,4,Pinnacle,2.75,1.94,1.94,API-FOOTBALL,,,,,,,
1379172.0,4,Pinnacle,3.5,2.82,1.46,API-FOOTBALL,,,,,,,
1379172.0,4,Pinnacle,3.0,2.24,1.69,API-FOOTBALL,,,,,,,
1379172.0,4,Pinnacle,3.25,2.54,1.56,API-FOOTBALL,,,,,,,
1379172.0,4,Pinnacle,3.75,3.38,1.34,API-FOOTBALL,,,,,,,
1379172.0,4,Pinnacle,1.5,2.6,1.5,API-FOOTBALL,,,,,,,
1379172.0,4,Pinnacle,1.75,3.33,1.33,API-FOOTBALL,,,,,,,
1379172.0,4,Pinnacle,0.5,1.34,3.31,API-FOOTBALL,,,,,,,
1379172.0,4,Pinnacle,0.75,1.44,2.8,API-FOOTBALL,,,,,,,
1379172.0,4,Pinnacle,1.0,1.68,2.2,API-FOOTBALL,,,,,,,
1379172.0,4,Pinnacle,1.25,2.16,1.72,API-FOOTBALL,,,,,,,
1379172.0,4,Pinnacle,3.5,1.61,2.22,API-FOOTBALL,,,,,,,
1379172.0,4,Pinnacle,5.5,1.88,1.89,API-FOOTBALL,,,,,,,
1379172.0,4,Pinnacle,3.5,1.97,1.84,API-FOOTBALL,,,,,,,
1379172.0,5,SBO,2.5,1.73,2.14,API-FOOTBALL,,,,,,,
1379172.0,5,SBO,2.75,1.97,1.89,API-FOOTBALL,,,,,,,
1379172.0,5,SBO,3.0,2.23,1.67,API-FOOTBALL,,,,,,,
1379172.0,5,SBO,1.0,1.76,2.11,API-FOOTBALL,,,,,,,
1379172.0,5,SBO,1.25,2.14,1.73,API-FOOTBALL,,,,,,,
1379172.0,11,1xBet,1.5,1.2,3.98,API-FOOTBALL,,,,,,,
1379172.0,11,1xBet,1.75,1.25,3.55,API-FOOTBALL,,,,,,,
1379172.0,11,1xBet,2.0,1.32,3.14,API-FOOTBALL,,,,,,,
1379172.0,11,1xBet,2.25,1.51,2.45,API-FOOTBALL,,,,,,,
1379172.0,11,1xBet,2.5,1.79,2.18,API-FOOTBALL,,,,,,,
1379172.0,11,1xBet,2.75,1.88,1.86,API-FOOTBALL,,,,,,,
1379172.0,11,1xBet,3.5,2.68,1.4,API-FOOTBALL,,,,,,,
1379172.0,11,1xBet,0.5,1.0,14.8,API-FOOTBALL,,,,,,,
1379172.0,11,1xBet,1.0,1.0,9.8,API-FOOTBALL,,,,,,,
1379172.0,11,1xBet,1.25,1.1,5.5,API-FOOTBALL,,,,,,,
1379172.0,11,1xBet,3.0,2.17,1.63,API-FOOTBALL,,,,,,,
1379172.0,11,1xBet,4.5,4.8,1.11,API-FOOTBALL,,,,,,,
1379172.0,11,1xBet,3.25,2.44,1.49,API-FOOTBALL,,,,,,,
1379172.0,11,1xBet,3.75,3.2,1.28,API-FOOTBALL,,,,,,,
1379172.0,11,1xBet,4.0,4.15,1.16,API-FOOTBALL,,,,,,,
1379172.0,11,1xBet,4.25,4.5,1.13,API-FOOTBALL,,,,,,,
1379172.0,11,1xBet,4.75,6.05,1.06,API-FOOTBALL,,,,,,,
1379172.0,11,1xBet,5.0,8.5,1.01,API-FOOTBALL,,,,,,,
1379172.0,11,1xBet,7.5,41.0,1.0,API-FOOTBALL,,,,,,,
1379172.0,11,1xBet,5.5,9.1,1.0,API-FOOTBALL,,,,,,,
1379172.0,11,1xBet,6.5,21.0,1.01,API-FOOTBALL,,,,,,,
1379172.0,11,1xBet,1.5,2.57,1.5,API-FOOTBALL,,,,,,,
1379172.0,11,1xBet,1.75,3.24,1.33,API-FOOTBALL,,,,,,,
1379172.0,11,1xBet,2.0,5.0,1.15,API-FOOTBALL,,,,,,,
1379172.0,11,1xBet,2.25,5.6,1.12,API-FOOTBALL,,,,,,,
1379172.0,11,1xBet,2.5,6.1,1.09,API-FOOTBALL,,,,,,,
1379172.0,11,1xBet,3.5,16.0,1.01,API-FOOTBALL,,,,,,,
1379172.0,11,1xBet,0.5,1.35,3.18,API-FOOTBALL,,,,,,,
1379172.0,11,1xBet,0.75,1.48,2.67,API-FOOTBALL,,,,,,,
1379172.0,11,1xBet,1.0,1.73,2.15,API-FOOTBALL,,,,,,,
1379172.0,11,1xBet,1.25,2.17,1.7,API-FOOTBALL,,,,,,,
1379172.0,11,1xBet,1.5,1.97,1.87,API-FOOTBALL,,,,,,,
1379172.0,11,1xBet,1.75,2.29,1.63,API-FOOTBALL,,,,,,,
1379172.0,11,1xBet,2.0,2.98,1.39,API-FOOTBALL,,,,,,,
1379172.0,11,1xBet,2.25,3.44,1.3,API-FOOTBALL,,,,,,,
1379172.0,11,1xBet,2.5,3.84,1.24,API-FOOTBALL,,,,,,,
1379172.0,11,1xBet,3.5,9.5,1.05,API-FOOTBALL,,,,,,,
1379172.0,11,1xBet,0.5,1.18,4.5,API-FOOTBALL,,,,,,,
1379172.0,11,1xBet,0.75,1.25,3.84,API-FOOTBALL,,,,,,,
1379172.0,11,1xBet,1.0,1.35,3.18,API-FOOTBALL,,,,,,,
1379172.0,11,1xBet,1.25,1.66,2.24,API-FOOTBALL,,,,,,,
1379172.0,11,1xBet,2.5,1.24,3.49,API-FOOTBALL,,,,,,,
1379172.0,11,1xBet,3.5,1.56,2.21,API-FOOTBALL,,,,,,,
1379172.0,11,1xBet,3.0,1.32,3.0,API-FOOTBALL,,,,,,,
1379172.0,11,1xBet,4.5,2.07,1.64,API-FOOTBALL,,,,,,,
1379172.0,11,1xBet,4.0,1.79,1.91,API-FOOTBALL,,,,,,,
1379172.0,11,1xBet,5.0,2.57,1.42,API-FOOTBALL,,,,,,,
1379172.0,11,1xBet,5.5,2.92,1.33,API-FOOTBALL,,,,,,,
1379172.0,11,1xBet,4.5,1.5,2.36,API-FOOTBALL,,,,,,,
1379172.0,11,1xBet,4.0,1.3,3.1,API-FOOTBALL,,,,,,,
1379172.0,11,1xBet,5.0,1.66,2.05,API-FOOTBALL,,,,,,,
1379172.0,11,1xBet,5.5,1.93,1.78,API-FOOTBALL,,,,,,,
1379172.0,11,1xBet,6.5,2.55,1.43,API-FOOTBALL,,,,,,,
1379172.0,11,1xBet,6.0,2.23,1.55,API-FOOTBALL,,,,,,,
1379172.0,11,1xBet,7.0,3.18,1.28,API-FOOTBALL,,,,,,,
1379172.0,11,1xBet,3.5,1.83,1.83,API-FOOTBALL,,,,,,,
1379172.0,32,Betano,1.5,1.24,4.05,API-FOOTBALL,,,,,,,
1379172.0,32,Betano,2.0,1.35,3.3,API-FOOTBALL,,,,,,,
1379172.0,32,Betano,2.25,1.55,2.52,API-FOOTBALL,,,,,,,
1379172.0,32,Betano,2.5,1.75,2.15,API-FOOTBALL,,,,,,,
1379172.0,32,Betano,2.75,1.93,1.93,API-FOOTBALL,,,,,,,
1379172.0,32,Betano,3.5,2.8,1.47,API-FOOTBALL,,,,,,,
1379172.0,32,Betano,0.5,1.05,10.5,API-FOOTBALL,,,,,,,
1379172.0,32,Betano,3.0,2.22,1.7,API-FOOTBALL,,,,,,,
1379172.0,32,Betano,4.5,4.9,1.18,API-FOOTBALL,,,,,,,
1379172.0,32,Betano,3.25,2.52,1.55,API-FOOTBALL,,,,,,,
1379172.0,32,Betano,3.75,3.3,1.35,API-FOOTBALL,,,,,,,
1379172.0,32,Betano,5.5,8.75,1.07,API-FOOTBALL,,,,,,,
1379172.0,32,Betano,6.5,14.0,1.02,API-FOOTBALL,,,,,,,
1379172.0,32,Betano,1.5,2.62,1.5,API-FOOTBALL,,,,,,,
1379172.0,32,Betano,2.5,5.8,1.13,API-FOOTBALL,,,,,,,
1379172.0,32,Betano,3.5,11.5,1.03,API-FOOTBALL,,,,,,,
1379172.0,32,Betano,0.5,1.37,3.1,API-FOOTBALL,,,,,,,
1379172.0,32,Betano,0.75,1.5,2.62,API-FOOTBALL,,,,,,,
1379172.0,32,Betano,1.0,1.75,2.1,API-FOOTBALL,,,,,,,
1379172.0,32,Betano,1.25,2.2,1.67,API-FOOTBALL,,,,,,,
1379172.0,32,Betano,4.5,16.0,1.01,API-FOOTBALL,,,,,,,
1379172.0,32,Betano,1.5,1.88,1.88,API-FOOTBALL,,,,,,,
1379172.0,32,Betano,2.5,3.65,1.27,API-FOOTBALL,,,,,,,
1379172.0,32,Betano,0.5,1.2,4.4,API-FOOTBALL,,,,,,,
1379172.0,32,Betano,1.5,1.14,5.1,API-FOOTBALL,,,,,,,
1379172.0,32,Betano,2.5,1.4,2.82,API-FOOTBALL,,,,,,,
1379172.0,32,Betano,3.5,1.88,1.88,API-FOOTBALL,,,,,,,
1379172.0,32,Betano,4.5,2.67,1.44,API-FOOTBALL,,,,,,,
1379172.0,32,Betano,4.0,1.91,1.87,API-FOOTBALL,,,,,,,
1379172.0,32,Betano,5.5,4.05,1.21,API-FOOTBALL,,,,,,,
1379172.0,32,Betano,6.5,5.5,1.13,API-FOOTBALL,,,,,,,
1379172.0,34,Superbet,1.5,1.23,4.25,API-FOOTBALL,,,,,,,
1379172.0,34,Superbet,2.5,1.74,2.1,API-FOOTBALL,,,,,,,
1379172.0,34,Superbet,3.5,2.77,1.45,API-FOOTBALL,,,,,,,
1379172.0,34,Superbet,0.5,1.04,12.0,API-FOOTBALL,,,,,,,
1379172.0,34,Superbet,4.5,5.15,1.17,API-FOOTBALL,,,,,,,
1379172.0,34,Superbet,5.5,10.0,1.06,API-FOOTBALL,,,,,,,
1379172.0,34,Superbet,6.5,22.0,1.02,API-FOOTBALL,,,,,,,
1379172.0,34,Superbet,1.5,2.6,1.51,API-FOOTBALL,,,,,,,
1379172.0,34,Superbet,2.5,6.3,1.12,API-FOOTBALL,,,,,,,
1379172.0,34,Superbet,3.5,17.0,1.02,API-FOOTBALL,,,,,,,
1379172.0,34,Superbet,0.5,1.34,3.3,API-FOOTBALL,,,,,,,
1379172.0,34,Superbet,4.5,50.0,1.0,API-FOOTBALL,,,,,,,
1379172.0,34,Superbet,1.5,1.97,1.85,API-FOOTBALL,,,,,,,
1379172.0,34,Superbet,2.5,4.0,1.25,API-FOOTBALL,,,,,,,
1379172.0,34,Superbet,3.5,9.4,1.06,API-FOOTBALL,,,,,,,
1379172.0,34,Superbet,0.5,1.2,4.6,API-FOOTBALL,,,,,,,
1379172.0,34,Superbet,4.5,24.0,1.01,API-FOOTBALL,,,,,,,
1379172.0,34,Superbet,1.5,1.09,6.7,API-FOOTBALL,,,,,,,
1379172.0,34,Superbet,2.5,1.28,3.45,API-FOOTBALL,,,,,,,
1379172.0,34,Superbet,3.5,1.62,2.2,API-FOOTBALL,,,,,,,
1379172.0,34,Superbet,0.5,1.01,19.0,API-FOOTBALL,,,,,,,
1379172.0,34,Superbet,8.5,11.0,1.03,API-FOOTBALL,,,,,,,
1379172.0,34,Superbet,9.5,18.0,1.01,API-FOOTBALL,,,,,,,
1379172.0,34,Superbet,4.5,2.2,1.62,API-FOOTBALL,,,,,,,
1379172.0,34,Superbet,7.5,7.1,1.08,API-FOOTBALL,,,,,,,
1379172.0,34,Superbet,5.5,3.15,1.33,API-FOOTBALL,,,,,,,
1379172.0,34,Superbet,6.5,4.7,1.17,API-FOOTBALL,,,,,,,
1379172.0,34,Superbet,1.5,1.02,15.0,API-FOOTBALL,,,,,,,
1379172.0,34,Superbet,2.5,1.08,6.9,API-FOOTBALL,,,,,,,
1379172.0,34,Superbet,3.5,1.23,3.9,API-FOOTBALL,,,,,,,
1379172.0,34,Superbet,8.5,4.8,1.16,API-FOOTBALL,,,,,,,
1379172.0,34,Superbet,9.5,6.9,1.08,API-FOOTBALL,,,,,,,
1379172.0,34,Superbet,10.5,10.0,1.04,API-FOOTBALL,,,,,,,
1379172.0,34,Superbet,4.5,1.47,2.57,API-FOOTBALL,,,,,,,
1379172.0,34,Superbet,7.5,3.4,1.29,API-FOOTBALL,,,,,,,
1379172.0,34,Superbet,5.5,1.85,1.88,API-FOOTBALL,,,,,,,
1379172.0,34,Superbet,6.5,2.45,1.51,API-FOOTBALL,,,,,,,
1379172.0,34,Superbet,1.5,1.11,4.8,API-FOOTBALL,,,,,,,
1379172.0,34,Superbet,2.5,1.39,2.65,API-FOOTBALL,,,,,,,
1379172.0,34,Superbet,3.5,1.92,1.8,API-FOOTBALL,,,,,,,
1379172.0,34,Superbet,4.5,2.72,1.36,API-FOOTBALL,,,,,,,
1379172.0,34,Superbet,5.5,4.1,1.15,API-FOOTBALL,,,,,,,
1379173.0,1,10Bet,1.5,1.3,3.45,API-FOOTBALL,,,,,,,
1379173.0,1,10Bet,2.5,1.85,1.9,API-FOOTBALL,,,,,,,
1379173.0,1,10Bet,3.5,3.2,1.33,API-FOOTBALL,,,,,,,
1379173.0,1,10Bet,0.5,1.06,8.5,API-FOOTBALL,,,,,,,
1379173.0,1,10Bet,4.5,6.25,1.11,API-FOOTBALL,,,,,,,
1379173.0,1,10Bet,1.5,2.65,1.42,API-FOOTBALL,,,,,,,
1379173.0,1,10Bet,2.5,6.25,1.09,API-FOOTBALL,,,,,,,
1379173.0,1,10Bet,0.5,1.36,2.85,API-FOOTBALL,,,,,,,
1379173.0,1,10Bet,1.5,2.05,1.7,API-FOOTBALL,,,,,,,
1379173.0,1,10Bet,2.5,4.2,1.18,API-FOOTBALL,,,,,,,
1379173.0,1,10Bet,0.5,1.22,3.85,API-FOOTBALL,,,,,,,
1379173.0,7,William Hill,1.5,2.75,1.4,API-FOOTBALL,,,,,,,
1379173.0,7,William Hill,2.5,7.0,1.08,API-FOOTBALL,,,,,,,
1379173.0,7,William Hill,3.5,23.0,1.02,API-FOOTBALL,,,,,,,
1379173.0,7,William Hill,0.5,1.36,3.0,API-FOOTBALL,,,,,,,
1379173.0,7,William Hill,1.5,2.1,1.67,API-FOOTBALL,,,,,,,
1379173.0,7,William Hill,2.5,4.5,1.18,API-FOOTBALL,,,,,,,
1379173.0,7,William Hill,3.5,12.0,1.04,API-FOOTBALL,,,,,,,
1379173.0,7,William Hill,0.5,1.25,3.7,API-FOOTBALL,,,,,,,
1379173.0,8,Bet365,1.5,1.28,3.75,API-FOOTBALL,,,,,,,
1379173.0,8,Bet365,2.5,1.91,1.91,API-FOOTBALL,,,,,,,
1379173.0,8,Bet365,3.5,3.2,1.36,API-FOOTBALL,,,,,,,
1379173.0,8,Bet365,0.5,1.06,10.0,API-FOOTBALL,,,,,,,
1379173.0,8,Bet365,4.5,6.0,1.12,API-FOOTBALL,,,,,,,
1379173.0,8,Bet365,7.5,51.0,1.0,API-FOOTBALL,,,,,,,
1379173.0,8,Bet365,5.5,13.0,1.04,API-FOOTBALL,,,,,,,
1379173.0,8,Bet365,6.5,26.0,1.01,API-FOOTBALL,,,,,,,
1379173.0,8,Bet365,1.5,2.75,1.4,API-FOOTBALL,,,,,,,
1379173.0,8,Bet365,2.5,7.0,1.1,API-FOOTBALL,,,,,,,
1379173.0,8,Bet365,3.5,21.0,1.01,API-FOOTBALL,,,,,,,
1379173.0,8,Bet365,0.5,1.36,3.0,API-FOOTBALL,,,,,,,
1379173.0,8,Bet365,1.5,2.0,1.73,API-FOOTBALL,,,,,,,
1379173.0,8,Bet365,2.5,4.33,1.2,API-FOOTBALL,,,,,,,
1379173.0,8,Bet365,3.5,11.0,1.05,API-FOOTBALL,,,,,,,
1379173.0,8,Bet365,0.5,1.22,4.0,API-FOOTBALL,,,,,,,
1379173.0,8,Bet365,4.5,1.83,1.83,API-FOOTBALL,,,,,,,
1379173.0,8,Bet365,4.5,1.73,2.0,API-FOOTBALL,,,,,,,
1379173.0,8,Bet365,3.5,1.73,2.0,API-FOOTBALL,,,,,,,
1379173.0,2,Marathonbet,1.5,1.26,3.4,API-FOOTBALL,,,,,,,
1379173.0,2,Marathonbet,1.75,1.33,3.04,API-FOOTBALL,,,,,,,
1379173.0,2,Marathonbet,2.0,1.43,2.66,API-FOOTBALL,,,,,,,
1379173.0,2,Marathonbet,2.25,1.67,2.13,API-FOOTBALL,,,,,,,
1379173.0,2,Marathonbet,2.5,1.92,1.9,API-FOOTBALL,,,,,,,
1379173.0,2,Marathonbet,2.75,2.14,1.66,API-FOOTBALL,,,,,,,
1379173.0,2,Marathonbet,3.5,3.2,1.29,API-FOOTBALL,,,,,,,
1379173.0,2,Marathonbet,0.5,1.0,9.3,API-FOOTBALL,,,,,,,
1379173.0,2,Marathonbet,0.75,1.01,9.0,API-FOOTBALL,,,,,,,
1379173.0,2,Marathonbet,1.0,1.02,8.4,API-FOOTBALL,,,,,,,
1379173.0,2,Marathonbet,1.25,1.14,4.65,API-FOOTBALL,,,,,,,
1379173.0,2,Marathonbet,3.0,2.56,1.46,API-FOOTBALL,,,,,,,
1379173.0,2,Marathonbet,4.5,6.0,1.06,API-FOOTBALL,,,,,,,
1379173.0,2,Marathonbet,3.25,2.89,1.36,API-FOOTBALL,,,,,,,
1379173.0,2,Marathonbet,3.75,3.92,1.19,API-FOOTBALL,,,,,,,
1379173.0,2,Marathonbet,4.0,5.35,1.1,API-FOOTBALL,,,,,,,
1379173.0,2,Marathonbet,4.25,5.65,1.08,API-FOOTBALL,,,,,,,
1379173.0,2,Marathonbet,1.5,2.85,1.42,API-FOOTBALL,,,,,,,
1379173.0,2,Marathonbet,2.0,6.0,1.11,API-FOOTBALL,,,,,,,
1379173.0,2,Marathonbet,2.5,7.2,1.07,API-FOOTBALL,,,,,,,
1379173.0,2,Marathonbet,0.5,1.4,2.93,API-FOOTBALL,,,,,,,
1379173.0,2,Marathonbet,1.0,1.89,1.94,API-FOOTBALL,,,,,,,
1379173.0,2,Marathonbet,1.5,2.16,1.72,API-FOOTBALL,,,,,,,
1379173.0,2,Marathonbet,2.0,3.62,1.28,API-FOOTBALL,,,,,,,
1379173.0,2,Marathonbet,2.5,4.65,1.17,API-FOOTBALL,,,,,,,
1379173.0,2,Marathonbet,0.5,1.23,3.94,API-FOOTBALL,,,,,,,
1379173.0,2,Marathonbet,1.0,1.45,2.74,API-FOOTBALL,,,,,,,
1379173.0,16,Unibet,1.5,1.27,3.75,API-FOOTBALL,,,,,,,
1379173.0,16,Unibet,2.0,1.43,2.8,API-FOOTBALL,,,,,,,
1379173.0,16,Unibet,2.25,1.68,2.2,API-FOOTBALL,,,,,,,
1379173.0,16,Unibet,2.5,1.92,1.88,API-FOOTBALL,,,,,,,
1379173.0,16,Unibet,2.75,2.18,1.68,API-FOOTBALL,,,,,,,
1379173.0,16,Unibet,3.5,3.35,1.32,API-FOOTBALL,,,,,,,
1379173.0,16,Unibet,0.5,1.04,11.0,API-FOOTBALL,,,,,,,
1379173.0,16,Unibet,3.0,2.65,1.47,API-FOOTBALL,,,,,,,
1379173.0,16,Unibet,4.5,7.0,1.1,API-FOOTBALL,,,,,,,
1379173.0,16,Unibet,3.25,3.0,1.38,API-FOOTBALL,,,,,,,
1379173.0,16,Unibet,5.5,14.0,1.01,API-FOOTBALL,,,,,,,
1379173.0,16,Unibet,1.5,2.6,1.45,API-FOOTBALL,,,,,,,
1379173.0,16,Unibet,1.75,3.35,1.28,API-FOOTBALL,,,,,,,
1379173.0,16,Unibet,2.5,6.5,1.08,API-FOOTBALL,,,,,,,
1379173.0,16,Unibet,0.5,1.33,3.1,API-FOOTBALL,,,,,,,
1379173.0,16,Unibet,0.75,1.46,2.6,API-FOOTBALL,,,,,,,
1379173.0,16,Unibet,1.0,1.71,2.05,API-FOOTBALL,,,,,,,
1379173.0,16,Unibet,1.25,2.17,1.63,API-FOOTBALL,,,,,,,
1379173.0,16,Unibet,1.5,2.15,1.64,API-FOOTBALL,,,,,,,
1379173.0,16,Unibet,2.5,4.8,1.15,API-FOOTBALL,,,,,,,
1379173.0,16,Unibet,0.5,1.23,3.8,API-FOOTBALL,,,,,,,
1379173.0,16,Unibet,1.5,1.05,7.0,API-FOOTBALL,,,,,,,
1379173.0,16,Unibet,2.5,1.21,3.8,API-FOOTBALL,,,,,,,
1379173.0,16,Unibet,3.5,1.5,2.38,API-FOOTBALL,,,,,,,
1379173.0,16,Unibet,8.5,7.5,1.04,API-FOOTBALL,,,,,,,
1379173.0,16,Unibet,4.5,1.97,1.73,API-FOOTBALL,,,,,,,
1379173.0,16,Unibet,7.5,5.6,1.1,API-FOOTBALL,,,,,,,
1379173.0,16,Unibet,5.5,2.7,1.4,API-FOOTBALL,,,,,,,
1379173.0,16,Unibet,6.5,3.9,1.2,API-FOOTBALL,,,,,,,
1379173.0,16,Unibet,2.5,1.13,4.9,API-FOOTBALL,,,,,,,
1379173.0,16,Unibet,3.5,1.33,3.0,API-FOOTBALL,,,,,,,
1379173.0,16,Unibet,8.5,6.0,1.08,API-FOOTBALL,,,,,,,
1379173.0,16,Unibet,4.5,1.66,2.06,API-FOOTBALL,,,,,,,
1379173.0,16,Unibet,7.5,4.2,1.18,API-FOOTBALL,,,,,,,
1379173.0,16,Unibet,5.5,2.2,1.58,API-FOOTBALL,,,,,,,
1379173.0,16,Unibet,6.5,3.0,1.33,API-FOOTBALL,,,,,,,
1379173.0,16,Unibet,1.5,1.07,6.5,API-FOOTBALL,,,,,,,
1379173.0,16,Unibet,2.5,1.27,3.35,API-FOOTBALL,,,,,,,
1379173.0,16,Unibet,3.5,1.66,2.06,API-FOOTBALL,,,,,,,
1379173.0,16,Unibet,4.5,2.38,1.5,API-FOOTBALL,,,,,,,
1379173.0,16,Unibet,5.5,3.6,1.23,API-FOOTBALL,,,,,,,
1379173.0,16,Unibet,6.5,5.5,1.1,API-FOOTBALL,,,,,,,
1379173.0,3,Betfair,1.5,1.29,3.4,API-FOOTBALL,,,,,,,
1379173.0,3,Betfair,2.5,1.91,1.83,API-FOOTBALL,,,,,,,
1379173.0,3,Betfair,3.5,3.3,1.3,API-FOOTBALL,,,,,,,
1379173.0,3,Betfair,0.5,1.02,11.0,API-FOOTBALL,,,,,,,
1379173.0,3,Betfair,4.5,7.0,1.08,API-FOOTBALL,,,,,,,
1379173.0,3,Betfair,5.5,13.0,1.01,API-FOOTBALL,,,,,,,
1379173.0,3,Betfair,1.5,2.88,1.36,API-FOOTBALL,,,,,,,
1379173.0,3,Betfair,2.5,7.5,1.06,API-FOOTBALL,,,,,,,
1379173.0,3,Betfair,0.5,1.36,3.1,API-FOOTBALL,,,,,,,
1379173.0,13,188Bet,2.5,1.98,1.92,API-FOOTBALL,,,,,,,
1379173.0,13,188Bet,1.0,1.95,1.95,API-FOOTBALL,,,,,,,
1379173.0,4,Pinnacle,1.5,1.29,3.78,API-FOOTBALL,,,,,,,
1379173.0,4,Pinnacle,1.75,1.35,3.33,API-FOOTBALL,,,,,,,
1379173.0,4,Pinnacle,2.0,1.45,2.89,API-FOOTBALL,,,,,,,
1379173.0,4,Pinnacle,2.25,1.69,2.26,API-FOOTBALL,,,,,,,
1379173.0,4,Pinnacle,2.5,1.94,1.94,API-FOOTBALL,,,,,,,
1379173.0,4,Pinnacle,2.75,2.19,1.74,API-FOOTBALL,,,,,,,
1379173.0,4,Pinnacle,3.5,3.28,1.36,API-FOOTBALL,,,,,,,
1379173.0,4,Pinnacle,3.0,2.63,1.53,API-FOOTBALL,,,,,,,
1379173.0,4,Pinnacle,3.25,2.95,1.42,API-FOOTBALL,,,,,,,
1379173.0,4,Pinnacle,1.5,2.86,1.43,API-FOOTBALL,,,,,,,
1379173.0,4,Pinnacle,0.5,1.38,3.09,API-FOOTBALL,,,,,,,
1379173.0,4,Pinnacle,0.75,1.53,2.55,API-FOOTBALL,,,,,,,
1379173.0,4,Pinnacle,1.0,1.84,2.0,API-FOOTBALL,,,,,,,
1379173.0,4,Pinnacle,1.25,2.36,1.6,API-FOOTBALL,,,,,,,
1379173.0,4,Pinnacle,4.5,1.7,2.08,API-FOOTBALL,,,,,,,
1379173.0,4,Pinnacle,4.5,1.83,1.92,API-FOOTBALL,,,,,,,
1379173.0,4,Pinnacle,4.0,2.11,1.73,API-FOOTBALL,,,,,,,
1379173.0,5,SBO,2.25,1.69,2.2,API-FOOTBALL,,,,,,,
1379173.0,5,SBO,2.5,1.96,1.9,API-FOOTBALL,,,,,,,
1379173.0,5,SBO,2.75,2.2,1.69,API-FOOTBALL,,,,,,,
1379173.0,5,SBO,0.75,1.53,2.49,API-FOOTBALL,,,,,,,
1379173.0,5,SBO,1.0,1.93,1.93,API-FOOTBALL,,,,,,,
1379173.0,11,1xBet,1.5,1.26,3.4,API-FOOTBALL,,,,,,,
1379173.0,11,1xBet,1.75,1.33,3.04,API-FOOTBALL,,,,,,,
1379173.0,11,1xBet,2.0,1.43,2.66,API-FOOTBALL,,,,,,,
1379173.0,11,1xBet,2.25,1.67,2.13,API-FOOTBALL,,,,,,,
1379173.0,11,1xBet,2.5,1.98,1.96,API-FOOTBALL,,,,,,,
1379173.0,11,1xBet,2.75,2.14,1.66,API-FOOTBALL,,,,,,,
1379173.0,11,1xBet,3.5,3.2,1.29,API-FOOTBALL,,,,,,,
1379173.0,11,1xBet,0.5,1.02,11.3,API-FOOTBALL,,,,,,,
1379173.0,11,1xBet,0.75,1.01,9.0,API-FOOTBALL,,,,,,,
1379173.0,11,1xBet,1.0,1.02,8.4,API-FOOTBALL,,,,,,,
1379173.0,11,1xBet,1.25,1.14,4.65,API-FOOTBALL,,,,,,,
1379173.0,11,1xBet,3.0,2.56,1.46,API-FOOTBALL,,,,,,,
1379173.0,11,1xBet,4.5,6.0,1.06,API-FOOTBALL,,,,,,,
1379173.0,11,1xBet,3.25,2.89,1.36,API-FOOTBALL,,,,,,,
1379173.0,11,1xBet,3.75,3.92,1.19,API-FOOTBALL,,,,,,,
1379173.0,11,1xBet,4.0,5.35,1.1,API-FOOTBALL,,,,,,,
1379173.0,11,1xBet,4.25,5.65,1.08,API-FOOTBALL,,,,,,,
1379173.0,11,1xBet,5.0,10.5,1.04,API-FOOTBALL,,,,,,,
1379173.0,11,1xBet,7.5,50.0,1.0,API-FOOTBALL,,,,,,,
1379173.0,11,1xBet,5.5,12.5,1.03,API-FOOTBALL,,,,,,,
1379173.0,11,1xBet,6.5,26.0,1.01,API-FOOTBALL,,,,,,,
1379173.0,11,1xBet,1.5,2.85,1.42,API-FOOTBALL,,,,,,,
1379173.0,11,1xBet,1.75,3.65,1.27,API-FOOTBALL,,,,,,,
1379173.0,11,1xBet,2.0,6.0,1.11,API-FOOTBALL,,,,,,,
1379173.0,11,1xBet,2.25,6.55,1.09,API-FOOTBALL,,,,,,,
1379173.0,11,1xBet,2.5,7.2,1.07,API-FOOTBALL,,,,,,,
1379173.0,11,1xBet,3.5,19.0,1.01,API-FOOTBALL,,,,,,,
1379173.0,11,1xBet,0.5,1.4,2.93,API-FOOTBALL,,,,,,,
1379173.0,11,1xBet,0.75,1.55,2.47,API-FOOTBALL,,,,,,,
1379173.0,11,1xBet,1.0,1.89,1.94,API-FOOTBALL,,,,,,,
1379173.0,11,1xBet,1.25,2.38,1.59,API-FOOTBALL,,,,,,,
1379173.0,11,1xBet,1.5,2.16,1.72,API-FOOTBALL,,,,,,,
1379173.0,11,1xBet,1.75,2.61,1.5,API-FOOTBALL,,,,,,,
1379173.0,11,1xBet,2.0,3.62,1.28,API-FOOTBALL,,,,,,,
1379173.0,11,1xBet,2.25,4.15,1.22,API-FOOTBALL,,,,,,,
1379173.0,11,1xBet,2.5,4.65,1.17,API-FOOTBALL,,,,,,,
1379173.0,11,1xBet,3.5,11.0,1.04,API-FOOTBALL,,,,,,,
1379173.0,11,1xBet,0.5,1.23,3.94,API-FOOTBALL,,,,,,,
1379173.0,11,1xBet,0.75,1.31,3.36,API-FOOTBALL,,,,,,,
1379173.0,11,1xBet,1.0,1.45,2.74,API-FOOTBALL,,,,,,,
1379173.0,11,1xBet,1.25,1.81,2.01,API-FOOTBALL,,,,,,,
1379173.0,11,1xBet,3.5,1.42,2.57,API-FOOTBALL,,,,,,,
1379173.0,11,1xBet,4.5,1.85,1.85,API-FOOTBALL,,,,,,,
1379173.0,11,1xBet,4.0,1.57,2.2,API-FOOTBALL,,,,,,,
1379173.0,11,1xBet,5.0,2.15,1.59,API-FOOTBALL,,,,,,,
1379173.0,11,1xBet,5.5,2.48,1.45,API-FOOTBALL,,,,,,,
1379173.0,11,1xBet,6.5,3.51,1.24,API-FOOTBALL,,,,,,,
1379173.0,11,1xBet,6.0,3.16,1.29,API-FOOTBALL,,,,,,,
1379173.0,11,1xBet,3.5,1.35,2.85,API-FOOTBALL,,,,,,,
1379173.0,11,1xBet,4.5,1.7,1.99,API-FOOTBALL,,,,,,,
1379173.0,11,1xBet,4.0,1.45,2.47,API-FOOTBALL,,,,,,,
1379173.0,11,1xBet,5.0,1.97,1.74,API-FOOTBALL,,,,,,,
1379173.0,11,1xBet,5.5,2.24,1.55,API-FOOTBALL,,,,,,,
1379173.0,11,1xBet,6.5,3.11,1.3,API-FOOTBALL,,,,,,,
1379173.0,11,1xBet,6.0,2.78,1.36,API-FOOTBALL,,,,,,,
1379173.0,11,1xBet,3.5,1.73,2.0,API-FOOTBALL,,,,,,,
1379173.0,32,Betano,1.5,1.3,3.55,API-FOOTBALL,,,,,,,
1379173.0,32,Betano,1.75,1.37,3.2,API-FOOTBALL,,,,,,,
1379173.0,32,Betano,2.0,1.47,2.8,API-FOOTBALL,,,,,,,
1379173.0,32,Betano,2.25,1.7,2.22,API-FOOTBALL,,,,,,,
1379173.0,32,Betano,2.5,1.93,1.93,API-FOOTBALL,,,,,,,
1379173.0,32,Betano,2.75,2.18,1.72,API-FOOTBALL,,,,,,,
1379173.0,32,Betano,3.5,3.15,1.36,API-FOOTBALL,,,,,,,
1379173.0,32,Betano,0.5,1.07,9.0,API-FOOTBALL,,,,,,,
1379173.0,32,Betano,3.0,2.6,1.53,API-FOOTBALL,,,,,,,
1379173.0,32,Betano,4.5,5.9,1.14,API-FOOTBALL,,,,,,,
1379173.0,32,Betano,3.25,2.92,1.44,API-FOOTBALL,,,,,,,
1379173.0,32,Betano,5.5,10.5,1.05,API-FOOTBALL,,,,,,,
1379173.0,32,Betano,6.5,15.5,1.02,API-FOOTBALL,,,,,,,
1379173.0,32,Betano,1.5,2.9,1.42,API-FOOTBALL,,,,,,,
1379173.0,32,Betano,2.5,6.6,1.1,API-FOOTBALL,,,,,,,
1379173.0,32,Betano,3.5,12.5,1.02,API-FOOTBALL,,,,,,,
1379173.0,32,Betano,0.5,1.45,2.77,API-FOOTBALL,,,,,,,
1379173.0,32,Betano,0.75,1.6,2.35,API-FOOTBALL,,,,,,,
1379173.0,32,Betano,1.0,1.95,1.87,API-FOOTBALL,,,,,,,
1379173.0,32,Betano,1.25,2.42,1.57,API-FOOTBALL,,,,,,,
1379173.0,32,Betano,1.5,2.05,1.75,API-FOOTBALL,,,,,,,
1379173.0,32,Betano,2.5,4.05,1.23,API-FOOTBALL,,,,,,,
1379173.0,32,Betano,0.5,1.24,4.0,API-FOOTBALL,,,,,,,
1379173.0,32,Betano,2.5,1.31,3.25,API-FOOTBALL,,,,,,,
1379173.0,32,Betano,3.5,1.67,2.1,API-FOOTBALL,,,,,,,
1379173.0,32,Betano,4.5,2.32,1.57,API-FOOTBALL,,,,,,,
1379173.0,32,Betano,4.0,2.0,1.8,API-FOOTBALL,,,,,,,
1379173.0,32,Betano,5.5,3.4,1.29,API-FOOTBALL,,,,,,,
1379173.0,32,Betano,6.5,5.1,1.15,API-FOOTBALL,,,,,,,
1379173.0,34,Superbet,1.5,1.29,3.7,API-FOOTBALL,,,,,,,
1379173.0,34,Superbet,2.5,1.9,1.9,API-FOOTBALL,,,,,,,
1379173.0,34,Superbet,3.5,3.25,1.35,API-FOOTBALL,,,,,,,
1379173.0,34,Superbet,0.5,1.06,9.8,API-FOOTBALL,,,,,,,
1379173.0,34,Superbet,4.5,6.4,1.12,API-FOOTBALL,,,,,,,
1379173.0,34,Superbet,5.5,13.0,1.04,API-FOOTBALL,,,,,,,
1379173.0,34,Superbet,6.5,28.0,1.01,API-FOOTBALL,,,,,,,
1379173.0,34,Superbet,1.5,2.82,1.44,API-FOOTBALL,,,,,,,
1379173.0,34,Superbet,2.5,7.1,1.1,API-FOOTBALL,,,,,,,
1379173.0,34,Superbet,3.5,20.0,1.02,API-FOOTBALL,,,,,,,
1379173.0,34,Superbet,0.5,1.39,3.0,API-FOOTBALL,,,,,,,
1379173.0,34,Superbet,4.5,50.0,1.0,API-FOOTBALL,,,,,,,
1379173.0,34,Superbet,1.5,2.15,1.72,API-FOOTBALL,,,,,,,
1379173.0,34,Superbet,2.5,4.6,1.2,API-FOOTBALL,,,,,,,
1379173.0,34,Superbet,3.5,11.0,1.05,API-FOOTBALL,,,,,,,
1379173.0,34,Superbet,0.5,1.25,4.0,API-FOOTBALL,,,,,,,
1379173.0,34,Superbet,4.5,30.0,1.01,API-FOOTBALL,,,,,,,
1379173.0,34,Superbet,1.5,1.04,10.0,API-FOOTBALL,,,,,,,
1379173.0,34,Superbet,2.5,1.15,5.1,API-FOOTBALL,,,,,,,
1379173.0,34,Superbet,3.5,1.35,3.05,API-FOOTBALL,,,,,,,
1379173.0,34,Superbet,0.5,1.0,31.0,API-FOOTBALL,,,,,,,
1379173.0,34,Superbet,8.5,6.7,1.09,API-FOOTBALL,,,,,,,
1379173.0,34,Superbet,9.5,9.9,1.04,API-FOOTBALL,,,,,,,
1379173.0,34,Superbet,10.5,16.0,1.01,API-FOOTBALL,,,,,,,
1379173.0,34,Superbet,4.5,1.71,2.05,API-FOOTBALL,,,,,,,
1379173.0,34,Superbet,7.5,4.45,1.18,API-FOOTBALL,,,,,,,
1379173.0,34,Superbet,5.5,2.3,1.58,API-FOOTBALL,,,,,,,
1379173.0,34,Superbet,6.5,3.2,1.32,API-FOOTBALL,,,,,,,
1379173.0,34,Superbet,1.5,1.05,8.7,API-FOOTBALL,,,,,,,
1379173.0,34,Superbet,2.5,1.18,4.5,API-FOOTBALL,,,,,,,
1379173.0,34,Superbet,3.5,1.41,2.77,API-FOOTBALL,,,,,,,
1379173.0,34,Superbet,0.5,1.0,27.0,API-FOOTBALL,,,,,,,
1379173.0,34,Superbet,8.5,7.6,1.07,API-FOOTBALL,,,,,,,
1379173.0,34,Superbet,9.5,12.0,1.03,API-FOOTBALL,,,,,,,
1379173.0,34,Superbet,10.5,18.0,1.01,API-FOOTBALL,,,,,,,
1379173.0,34,Superbet,4.5,1.8,1.95,API-FOOTBALL,,,,,,,
1379173.0,34,Superbet,7.5,5.1,1.14,API-FOOTBALL,,,,,,,
1379173.0,34,Superbet,5.5,2.47,1.5,API-FOOTBALL,,,,,,,
1379173.0,34,Superbet,6.5,3.5,1.28,API-FOOTBALL,,,,,,,
1379173.0,34,Superbet,1.5,1.07,5.5,API-FOOTBALL,,,,,,,
1379173.0,34,Superbet,2.5,1.28,3.05,API-FOOTBALL,,,,,,,
1379173.0,34,Superbet,3.5,1.68,2.05,API-FOOTBALL,,,,,,,
1379173.0,34,Superbet,4.5,2.35,1.5,API-FOOTBALL,,,,,,,
1379173.0,34,Superbet,5.5,3.4,1.23,API-FOOTBALL,,,,,,,
1379174.0,1,10Bet,1.5,1.35,3.1,API-FOOTBALL,,,,,,,
1379174.0,1,10Bet,2.5,2.05,1.75,API-FOOTBALL,,,,,,,
1379174.0,1,10Bet,3.5,3.7,1.25,API-FOOTBALL,,,,,,,
1379174.0,1,10Bet,0.5,1.07,8.0,API-FOOTBALL,,,,,,,
1379174.0,1,10Bet,4.5,7.5,1.08,API-FOOTBALL,,,,,,,
1379174.0,1,10Bet,1.5,2.9,1.36,API-FOOTBALL,,,,,,,
1379174.0,1,10Bet,2.5,7.0,1.07,API-FOOTBALL,,,,,,,
1379174.0,1,10Bet,0.5,1.42,2.65,API-FOOTBALL,,,,,,,
1379174.0,1,10Bet,1.5,2.15,1.62,API-FOOTBALL,,,,,,,
1379174.0,1,10Bet,2.5,4.75,1.15,API-FOOTBALL,,,,,,,
1379174.0,1,10Bet,0.5,1.25,3.55,API-FOOTBALL,,,,,,,
1379174.0,7,William Hill,1.5,2.8,1.36,API-FOOTBALL,,,,,,,
1379174.0,7,William Hill,2.5,8.0,1.07,API-FOOTBALL,,,,,,,
1379174.0,7,William Hill,3.5,26.0,1.02,API-FOOTBALL,,,,,,,
1379174.0,7,William Hill,0.5,1.4,2.8,API-FOOTBALL,,,,,,,
1379174.0,7,William Hill,1.5,2.25,1.57,API-FOOTBALL,,,,,,,
1379174.0,7,William Hill,2.5,5.0,1.15,API-FOOTBALL,,,,,,,
1379174.0,7,William Hill,3.5,13.0,1.03,API-FOOTBALL,,,,,,,
1379174.0,7,William Hill,0.5,1.29,3.4,API-FOOTBALL,,,,,,,
1379174.0,8,Bet365,1.5,1.36,3.2,API-FOOTBALL,,,,,,,
1379174.0,8,Bet365,2.5,2.1,1.73,API-FOOTBALL,,,,,,,
1379174.0,8,Bet365,3.5,3.75,1.28,API-FOOTBALL,,,,,,,
1379174.0,8,Bet365,0.5,1.07,9.0,API-FOOTBALL,,,,,,,
1379174.0,8,Bet365,4.5,8.0,1.08,API-FOOTBALL,,,,,,,
1379174.0,8,Bet365,5.5,17.0,1.02,API-FOOTBALL,,,,,,,
1379174.0,8,Bet365,6.5,29.0,1.01,API-FOOTBALL,,,,,,,
1379174.0,8,Bet365,1.5,3.0,1.36,API-FOOTBALL,,,,,,,
1379174.0,8,Bet365,2.5,9.0,1.07,API-FOOTBALL,,,,,,,
1379174.0,8,Bet365,3.5,26.0,1.01,API-FOOTBALL,,,,,,,
1379174.0,8,Bet365,0.5,1.44,2.62,API-FOOTBALL,,,,,,,
1379174.0,8,Bet365,1.5,2.25,1.57,API-FOOTBALL,,,,,,,
1379174.0,8,Bet365,2.5,5.5,1.14,API-FOOTBALL,,,,,,,
1379174.0,8,Bet365,3.5,15.0,1.03,API-FOOTBALL,,,,,,,
1379174.0,8,Bet365,0.5,1.28,3.5,API-FOOTBALL,,,,,,,
1379174.0,8,Bet365,5.5,1.83,1.83,API-FOOTBALL,,,,,,,
1379174.0,8,Bet365,3.5,1.67,2.1,API-FOOTBALL,,,,,,,
1379174.0,8,Bet365,3.5,1.67,2.1,API-FOOTBALL,,,,,,,
1379174.0,8,Bet365,4.0,2.0,1.8,API-FOOTBALL,,,,,,,
1379174.0,2,Marathonbet,1.5,1.32,3.04,API-FOOTBALL,,,,,,,
1379174.0,2,Marathonbet,1.75,1.41,2.69,API-FOOTBALL,,,,,,,
1379174.0,2,Marathonbet,2.0,1.54,2.35,API-FOOTBALL,,,,,,,
1379174.0,2,Marathonbet,2.25,1.8,1.95,API-FOOTBALL,,,,,,,
1379174.0,2,Marathonbet,2.5,2.09,1.76,API-FOOTBALL,,,,,,,
1379174.0,2,Marathonbet,2.75,2.36,1.55,API-FOOTBALL,,,,,,,
1379174.0,2,Marathonbet,3.5,3.56,1.24,API-FOOTBALL,,,,,,,
1379174.0,2,Marathonbet,0.5,1.02,8.1,API-FOOTBALL,,,,,,,
1379174.0,2,Marathonbet,0.75,1.03,7.4,API-FOOTBALL,,,,,,,
1379174.0,2,Marathonbet,1.0,1.05,6.9,API-FOOTBALL,,,,,,,
1379174.0,2,Marathonbet,1.25,1.18,4.05,API-FOOTBALL,,,,,,,
1379174.0,2,Marathonbet,3.0,2.92,1.36,API-FOOTBALL,,,,,,,
1379174.0,2,Marathonbet,4.5,6.85,1.04,API-FOOTBALL,,,,,,,
1379174.0,2,Marathonbet,3.25,3.26,1.29,API-FOOTBALL,,,,,,,
1379174.0,2,Marathonbet,3.75,4.45,1.15,API-FOOTBALL,,,,,,,
1379174.0,2,Marathonbet,4.0,6.15,1.07,API-FOOTBALL,,,,,,,
1379174.0,2,Marathonbet,4.25,6.5,1.05,API-FOOTBALL,,,,,,,
1379174.0,2,Marathonbet,1.5,3.12,1.36,API-FOOTBALL,,,,,,,
1379174.0,2,Marathonbet,2.0,6.8,1.09,API-FOOTBALL,,,,,,,
1379174.0,2,Marathonbet,2.5,8.0,1.05,API-FOOTBALL,,,,,,,
1379174.0,2,Marathonbet,0.5,1.47,2.67,API-FOOTBALL,,,,,,,
1379174.0,2,Marathonbet,1.0,2.06,1.79,API-FOOTBALL,,,,,,,
1379174.0,2,Marathonbet,1.5,2.3,1.64,API-FOOTBALL,,,,,,,
1379174.0,2,Marathonbet,2.0,4.05,1.24,API-FOOTBALL,,,,,,,
1379174.0,2,Marathonbet,2.5,5.1,1.15,API-FOOTBALL,,,,,,,
1379174.0,2,Marathonbet,0.5,1.26,3.66,API-FOOTBALL,,,,,,,
1379174.0,2,Marathonbet,1.0,1.53,2.49,API-FOOTBALL,,,,,,,
1379174.0,16,Unibet,1.5,1.34,3.25,API-FOOTBALL,,,,,,,
1379174.0,16,Unibet,1.75,1.43,2.8,API-FOOTBALL,,,,,,,
1379174.0,16,Unibet,2.0,1.57,2.4,API-FOOTBALL,,,,,,,
1379174.0,16,Unibet,2.25,1.85,1.95,API-FOOTBALL,,,,,,,
1379174.0,16,Unibet,2.5,2.14,1.71,API-FOOTBALL,,,,,,,
1379174.0,16,Unibet,2.75,2.48,1.54,API-FOOTBALL,,,,,,,
1379174.0,16,Unibet,3.5,3.95,1.25,API-FOOTBALL,,,,,,,
1379174.0,16,Unibet,0.5,1.05,9.5,API-FOOTBALL,,,,,,,
1379174.0,16,Unibet,3.0,3.15,1.36,API-FOOTBALL,,,,,,,
1379174.0,16,Unibet,4.5,8.5,1.07,API-FOOTBALL,,,,,,,
1379174.0,16,Unibet,3.25,3.55,1.3,API-FOOTBALL,,,,,,,
1379174.0,16,Unibet,1.5,2.9,1.36,API-FOOTBALL,,,,,,,
1379174.0,16,Unibet,2.5,7.0,1.07,API-FOOTBALL,,,,,,,
1379174.0,16,Unibet,0.5,1.4,2.8,API-FOOTBALL,,,,,,,
1379174.0,16,Unibet,0.75,1.56,2.3,API-FOOTBALL,,,,,,,
1379174.0,16,Unibet,1.0,1.91,1.81,API-FOOTBALL,,,,,,,
1379174.0,16,Unibet,1.25,2.43,1.5,API-FOOTBALL,,,,,,,
1379174.0,16,Unibet,1.5,2.32,1.55,API-FOOTBALL,,,,,,,
1379174.0,16,Unibet,2.5,5.3,1.12,API-FOOTBALL,,,,,,,
1379174.0,16,Unibet,0.5,1.26,3.5,API-FOOTBALL,,,,,,,
1379174.0,16,Unibet,2.5,1.06,6.75,API-FOOTBALL,,,,,,,
1379174.0,16,Unibet,3.5,1.19,4.0,API-FOOTBALL,,,,,,,
1379174.0,16,Unibet,8.5,4.1,1.18,API-FOOTBALL,,,,,,,
1379174.0,16,Unibet,9.5,5.75,1.09,API-FOOTBALL,,,,,,,
1379174.0,16,Unibet,10.5,7.0,1.05,API-FOOTBALL,,,,,,,
1379174.0,16,Unibet,4.5,1.4,2.65,API-FOOTBALL,,,,,,,
1379174.0,16,Unibet,7.5,3.05,1.32,API-FOOTBALL,,,,,,,
1379174.0,16,Unibet,5.5,1.75,1.95,API-FOOTBALL,,,,,,,
1379174.0,16,Unibet,6.5,2.28,1.55,API-FOOTBALL,,,,,,,
1379174.0,16,Unibet,1.5,1.13,5.0,API-FOOTBALL,,,,,,,
1379174.0,16,Unibet,2.5,1.4,2.7,API-FOOTBALL,,,,,,,
1379174.0,16,Unibet,3.5,1.87,1.81,API-FOOTBALL,,,,,,,
1379174.0,16,Unibet,4.5,2.7,1.4,API-FOOTBALL,,,,,,,
1379174.0,16,Unibet,5.5,4.0,1.19,API-FOOTBALL,,,,,,,
1379174.0,16,Unibet,6.5,6.1,1.08,API-FOOTBALL,,,,,,,
1379174.0,16,Unibet,1.5,1.07,6.25,API-FOOTBALL,,,,,,,
1379174.0,16,Unibet,2.5,1.27,3.3,API-FOOTBALL,,,,,,,
1379174.0,16,Unibet,3.5,1.66,2.06,API-FOOTBALL,,,,,,,
1379174.0,16,Unibet,4.5,2.35,1.5,API-FOOTBALL,,,,,,,
1379174.0,16,Unibet,5.5,3.55,1.24,API-FOOTBALL,,,,,,,
1379174.0,16,Unibet,6.5,5.5,1.1,API-FOOTBALL,,,,,,,
1379174.0,3,Betfair,1.5,1.3,3.3,API-FOOTBALL,,,,,,,
1379174.0,3,Betfair,2.5,2.0,1.75,API-FOOTBALL,,,,,,,
1379174.0,3,Betfair,3.5,3.7,1.25,API-FOOTBALL,,,,,,,
1379174.0,3,Betfair,0.5,1.04,9.0,API-FOOTBALL,,,,,,,
1379174.0,3,Betfair,4.5,7.5,1.07,API-FOOTBALL,,,,,,,
1379174.0,3,Betfair,5.5,13.0,1.01,API-FOOTBALL,,,,,,,
1379174.0,3,Betfair,1.5,3.0,1.33,API-FOOTBALL,,,,,,,
1379174.0,3,Betfair,2.5,8.0,1.05,API-FOOTBALL,,,,,,,
1379174.0,3,Betfair,0.5,1.4,2.88,API-FOOTBALL,,,,,,,
1379174.0,13,188Bet,2.25,1.89,2.01,API-FOOTBALL,,,,,,,
1379174.0,13,188Bet,1.0,2.09,1.81,API-FOOTBALL,,,,,,,
1379174.0,4,Pinnacle,1.5,1.37,3.21,API-FOOTBALL,,,,,,,
1379174.0,4,Pinnacle,1.75,1.46,2.85,API-FOOTBALL,,,,,,,
1379174.0,4,Pinnacle,2.0,1.6,2.45,API-FOOTBALL,,,,,,,
1379174.0,4,Pinnacle,2.25,1.87,2.02,API-FOOTBALL,,,,,,,
1379174.0,4,Pinnacle,2.5,2.12,1.77,API-FOOTBALL,,,,,,,
1379174.0,4,Pinnacle,2.75,2.46,1.59,API-FOOTBALL,,,,,,,
1379174.0,4,Pinnacle,1.25,1.24,4.31,API-FOOTBALL,,,,,,,
1379174.0,4,Pinnacle,3.0,3.06,1.4,API-FOOTBALL,,,,,,,
1379174.0,4,Pinnacle,3.25,3.44,1.33,API-FOOTBALL,,,,,,,
1379174.0,4,Pinnacle,1.5,3.15,1.36,API-FOOTBALL,,,,,,,
1379174.0,4,Pinnacle,0.5,1.43,2.86,API-FOOTBALL,,,,,,,
1379174.0,4,Pinnacle,0.75,1.61,2.34,API-FOOTBALL,,,,,,,
1379174.0,4,Pinnacle,1.0,2.02,1.83,API-FOOTBALL,,,,,,,
1379174.0,4,Pinnacle,1.25,2.58,1.51,API-FOOTBALL,,,,,,,
1379174.0,4,Pinnacle,5.5,1.71,2.06,API-FOOTBALL,,,,,,,
1379174.0,4,Pinnacle,3.5,1.84,1.92,API-FOOTBALL,,,,,,,
1379174.0,4,Pinnacle,4.0,2.03,1.79,API-FOOTBALL,,,,,,,
1379174.0,5,SBO,2.0,1.57,2.4,API-FOOTBALL,,,,,,,
1379174.0,5,SBO,2.25,1.81,2.05,API-FOOTBALL,,,,,,,
1379174.0,5,SBO,2.5,2.11,1.76,API-FOOTBALL,,,,,,,
1379174.0,5,SBO,0.75,1.63,2.29,API-FOOTBALL,,,,,,,
1379174.0,5,SBO,1.0,2.07,1.79,API-FOOTBALL,,,,,,,
1379174.0,11,1xBet,1.5,1.32,3.04,API-FOOTBALL,,,,,,,
1379174.0,11,1xBet,1.75,1.41,2.69,API-FOOTBALL,,,,,,,
1379174.0,11,1xBet,2.0,1.54,2.35,API-FOOTBALL,,,,,,,
1379174.0,11,1xBet,2.25,1.8,1.95,API-FOOTBALL,,,,,,,
1379174.0,11,1xBet,2.5,2.15,1.81,API-FOOTBALL,,,,,,,
1379174.0,11,1xBet,2.75,2.36,1.55,API-FOOTBALL,,,,,,,
1379174.0,11,1xBet,3.5,3.56,1.24,API-FOOTBALL,,,,,,,
1379174.0,11,1xBet,0.5,1.02,8.1,API-FOOTBALL,,,,,,,
1379174.0,11,1xBet,0.75,1.03,7.4,API-FOOTBALL,,,,,,,
1379174.0,11,1xBet,1.0,1.05,6.9,API-FOOTBALL,,,,,,,
1379174.0,11,1xBet,1.25,1.18,4.05,API-FOOTBALL,,,,,,,
1379174.0,11,1xBet,3.0,2.92,1.36,API-FOOTBALL,,,,,,,
1379174.0,11,1xBet,4.5,6.85,1.04,API-FOOTBALL,,,,,,,
1379174.0,11,1xBet,3.25,3.26,1.29,API-FOOTBALL,,,,,,,
1379174.0,11,1xBet,3.75,4.45,1.15,API-FOOTBALL,,,,,,,
1379174.0,11,1xBet,4.0,6.15,1.07,API-FOOTBALL,,,,,,,
1379174.0,11,1xBet,4.25,6.5,1.05,API-FOOTBALL,,,,,,,
1379174.0,11,1xBet,5.0,12.5,1.03,API-FOOTBALL,,,,,,,
1379174.0,11,1xBet,5.5,15.5,1.01,API-FOOTBALL,,,,,,,
1379174.0,11,1xBet,6.5,29.0,1.01,API-FOOTBALL,,,,,,,
1379174.0,11,1xBet,1.5,3.12,1.36,API-FOOTBALL,,,,,,,
1379174.0,11,1xBet,1.75,4.05,1.23,API-FOOTBALL,,,,,,,
1379174.0,11,1xBet,2.0,6.8,1.09,API-FOOTBALL,,,,,,,
1379174.0,11,1xBet,2.25,7.5,1.07,API-FOOTBALL,,,,,,,
1379174.0,11,1xBet,2.5,8.0,1.05,API-FOOTBALL,,,,,,,
1379174.0,11,1xBet,3.5,26.0,1.01,API-FOOTBALL,,,,,,,
1379174.0,11,1xBet,0.5,1.47,2.67,API-FOOTBALL,,,,,,,
1379174.0,11,1xBet,0.75,1.66,2.24,API-FOOTBALL,,,,,,,
1379174.0,11,1xBet,1.0,2.06,1.79,API-FOOTBALL,,,,,,,
1379174.0,11,1xBet,1.25,2.58,1.51,API-FOOTBALL,,,,,,,
1379174.0,11,1xBet,1.5,2.3,1.64,API-FOOTBALL,,,,,,,
1379174.0,11,1xBet,1.75,2.81,1.44,API-FOOTBALL,,,,,,,
1379174.0,11,1xBet,2.0,4.05,1.24,API-FOOTBALL,,,,,,,
1379174.0,11,1xBet,2.25,4.55,1.19,API-FOOTBALL,,,,,,,
1379174.0,11,1xBet,2.5,5.1,1.15,API-FOOTBALL,,,,,,,
1379174.0,11,1xBet,3.5,13.0,1.03,API-FOOTBALL,,,,,,,
1379174.0,11,1xBet,0.5,1.26,3.66,API-FOOTBALL,,,,,,,
1379174.0,11,1xBet,0.75,1.36,3.08,API-FOOTBALL,,,,,,,
1379174.0,11,1xBet,1.0,1.53,2.49,API-FOOTBALL,,,,,,,
1379174.0,11,1xBet,1.25,1.91,1.9,API-FOOTBALL,,,,,,,
1379174.0,11,1xBet,4.5,1.4,2.65,API-FOOTBALL,,,,,,,
1379174.0,11,1xBet,4.0,1.29,3.15,API-FOOTBALL,,,,,,,
1379174.0,11,1xBet,5.0,1.51,2.33,API-FOOTBALL,,,,,,,
1379174.0,11,1xBet,7.5,3.05,1.31,API-FOOTBALL,,,,,,,
1379174.0,11,1xBet,5.5,1.75,1.96,API-FOOTBALL,,,,,,,
1379174.0,11,1xBet,6.5,2.24,1.55,API-FOOTBALL,,,,,,,
1379174.0,11,1xBet,6.0,1.98,1.7,API-FOOTBALL,,,,,,,
1379174.0,11,1xBet,7.0,2.73,1.37,API-FOOTBALL,,,,,,,
1379174.0,11,1xBet,2.5,1.37,2.75,API-FOOTBALL,,,,,,,
1379174.0,11,1xBet,3.5,1.84,1.86,API-FOOTBALL,,,,,,,
1379174.0,11,1xBet,3.0,1.52,2.29,API-FOOTBALL,,,,,,,
1379174.0,11,1xBet,4.5,2.57,1.42,API-FOOTBALL,,,,,,,
1379174.0,11,1xBet,4.0,2.19,1.57,API-FOOTBALL,,,,,,,
1379174.0,11,1xBet,5.0,3.38,1.25,API-FOOTBALL,,,,,,,
1379174.0,11,1xBet,5.5,3.78,1.21,API-FOOTBALL,,,,,,,
1379174.0,11,1xBet,3.5,1.67,2.1,API-FOOTBALL,,,,,,,
1379174.0,32,Betano,1.5,1.38,3.15,API-FOOTBALL,,,,,,,
1379174.0,32,Betano,1.75,1.47,2.8,API-FOOTBALL,,,,,,,
1379174.0,32,Betano,2.0,1.6,2.42,API-FOOTBALL,,,,,,,
1379174.0,32,Betano,2.25,1.87,1.98,API-FOOTBALL,,,,,,,
1379174.0,32,Betano,2.5,2.12,1.75,API-FOOTBALL,,,,,,,
1379174.0,32,Betano,2.75,2.47,1.57,API-FOOTBALL,,,,,,,
1379174.0,32,Betano,3.5,3.7,1.28,API-FOOTBALL,,,,,,,
1379174.0,32,Betano,0.5,1.08,7.9,API-FOOTBALL,,,,,,,
1379174.0,32,Betano,3.0,3.05,1.4,API-FOOTBALL,,,,,,,
1379174.0,32,Betano,4.5,7.0,1.1,API-FOOTBALL,,,,,,,
1379174.0,32,Betano,5.5,12.0,1.03,API-FOOTBALL,,,,,,,
1379174.0,32,Betano,6.5,16.5,1.01,API-FOOTBALL,,,,,,,
1379174.0,32,Betano,1.5,2.85,1.44,API-FOOTBALL,,,,,,,
1379174.0,32,Betano,2.5,6.5,1.1,API-FOOTBALL,,,,,,,
1379174.0,32,Betano,3.5,12.0,1.02,API-FOOTBALL,,,,,,,
1379174.0,32,Betano,0.5,1.44,2.85,API-FOOTBALL,,,,,,,
1379174.0,32,Betano,0.75,1.6,2.37,API-FOOTBALL,,,,,,,
1379174.0,32,Betano,1.0,1.9,1.91,API-FOOTBALL,,,,,,,
1379174.0,32,Betano,1.25,2.37,1.6,API-FOOTBALL,,,,,,,
1379174.0,32,Betano,1.5,2.4,1.55,API-FOOTBALL,,,,,,,
1379174.0,32,Betano,2.5,5.2,1.15,API-FOOTBALL,,,,,,,
1379174.0,32,Betano,0.5,1.32,3.3,API-FOOTBALL,,,,,,,
1379174.0,32,Betano,1.5,1.12,5.5,API-FOOTBALL,,,,,,,
1379174.0,32,Betano,2.5,1.35,3.05,API-FOOTBALL,,,,,,,
1379174.0,32,Betano,3.5,1.8,2.0,API-FOOTBALL,,,,,,,
1379174.0,32,Betano,4.5,2.55,1.47,API-FOOTBALL,,,,,,,
1379174.0,32,Betano,5.5,3.8,1.24,API-FOOTBALL,,,,,,,
1379174.0,34,Superbet,1.5,1.35,3.2,API-FOOTBALL,,,,,,,
1379174.0,34,Superbet,2.5,2.1,1.74,API-FOOTBALL,,,,,,,
1379174.0,34,Superbet,3.5,3.75,1.28,API-FOOTBALL,,,,,,,
1379174.0,34,Superbet,0.5,1.07,8.7,API-FOOTBALL,,,,,,,
1379174.0,34,Superbet,4.5,7.6,1.09,API-FOOTBALL,,,,,,,
1379174.0,34,Superbet,5.5,17.0,1.02,API-FOOTBALL,,,,,,,
1379174.0,34,Superbet,6.5,39.0,1.01,API-FOOTBALL,,,,,,,
1379174.0,34,Superbet,1.5,3.1,1.37,API-FOOTBALL,,,,,,,
1379174.0,34,Superbet,2.5,8.1,1.08,API-FOOTBALL,,,,,,,
1379174.0,34,Superbet,3.5,24.0,1.01,API-FOOTBALL,,,,,,,
1379174.0,34,Superbet,0.5,1.45,2.77,API-FOOTBALL,,,,,,,
1379174.0,34,Superbet,4.5,50.0,1.0,API-FOOTBALL,,,,,,,
1379174.0,34,Superbet,1.5,2.3,1.62,API-FOOTBALL,,,,,,,
1379174.0,34,Superbet,2.5,5.3,1.16,API-FOOTBALL,,,,,,,
1379174.0,34,Superbet,3.5,13.0,1.04,API-FOOTBALL,,,,,,,
1379174.0,34,Superbet,0.5,1.29,3.65,API-FOOTBALL,,,,,,,
1379174.0,34,Superbet,4.5,38.0,1.01,API-FOOTBALL,,,,,,,
1379174.0,34,Superbet,1.5,1.01,17.0,API-FOOTBALL,,,,,,,
1379174.0,34,Superbet,2.5,1.06,8.0,API-FOOTBALL,,,,,,,
1379174.0,34,Superbet,3.5,1.19,4.4,API-FOOTBALL,,,,,,,
1379174.0,34,Superbet,8.5,4.2,1.2,API-FOOTBALL,,,,,,,
1379174.0,34,Superbet,9.5,5.9,1.11,API-FOOTBALL,,,,,,,
1379174.0,34,Superbet,10.5,8.5,1.05,API-FOOTBALL,,,,,,,
1379174.0,34,Superbet,4.5,1.39,2.85,API-FOOTBALL,,,,,,,
1379174.0,34,Superbet,7.5,2.95,1.36,API-FOOTBALL,,,,,,,
1379174.0,34,Superbet,5.5,1.71,2.05,API-FOOTBALL,,,,,,,
1379174.0,34,Superbet,6.5,2.25,1.6,API-FOOTBALL,,,,,,,
1379174.0,34,Superbet,1.5,1.14,5.25,API-FOOTBALL,,,,,,,
1379174.0,34,Superbet,2.5,1.39,2.87,API-FOOTBALL,,,,,,,
1379174.0,34,Superbet,3.5,1.85,1.9,API-FOOTBALL,,,,,,,
1379174.0,34,Superbet,0.5,1.02,15.0,API-FOOTBALL,,,,,,,
1379174.0,34,Superbet,8.5,15.0,1.02,API-FOOTBALL,,,,,,,
1379174.0,34,Superbet,9.5,23.0,1.0,API-FOOTBALL,,,,,,,
1379174.0,34,Superbet,4.5,2.6,1.46,API-FOOTBALL,,,,,,,
1379174.0,34,Superbet,7.5,9.1,1.05,API-FOOTBALL,,,,,,,
1379174.0,34,Superbet,5.5,3.85,1.23,API-FOOTBALL,,,,,,,
1379174.0,34,Superbet,6.5,6.0,1.11,API-FOOTBALL,,,,,,,
1379174.0,34,Superbet,1.5,1.07,5.5,API-FOOTBALL,,,,,,,
1379174.0,34,Superbet,2.5,1.27,3.15,API-FOOTBALL,,,,,,,
1379174.0,34,Superbet,3.5,1.66,2.07,API-FOOTBALL,,,,,,,
1379174.0,34,Superbet,4.5,2.3,1.52,API-FOOTBALL,,,,,,,
1379174.0,34,Superbet,5.5,3.3,1.24,API-FOOTBALL,,,,,,,
,betparx,BetPARX,2.5,,,SportsGameOdds,ZeJPtjBYFF7rZPijPAQp,West Ham vs Forest,Premier League,2026-01-06T20:00:00.000Z,over,-106,1.9433962264150944
,betrivers,BetRivers,2.5,,,SportsGameOdds,ZeJPtjBYFF7rZPijPAQp,West Ham vs Forest,Premier League,2026-01-06T20:00:00.000Z,over,-108,1.925925925925926
,bovada,Bovada,2.5,,,SportsGameOdds,ZeJPtjBYFF7rZPijPAQp,West Ham vs Forest,Premier League,2026-01-06T20:00:00.000Z,over,-105,1.9523809523809523
,betmgm,BetMGM,2.5,,,SportsGameOdds,ZeJPtjBYFF7rZPijPAQp,West Ham vs Forest,Premier League,2026-01-06T20:00:00.000Z,over,-115,1.8695652173913042
,betparx,BetPARX,2.5,,,SportsGameOdds,ZeJPtjBYFF7rZPijPAQp,West Ham vs Forest,Premier League,2026-01-06T20:00:00.000Z,under,-115,1.8695652173913042
,betrivers,BetRivers,2.5,,,SportsGameOdds,ZeJPtjBYFF7rZPijPAQp,West Ham vs Forest,Premier League,2026-01-06T20:00:00.000Z,under,-116,1.8620689655172413
,bovada,Bovada,2.5,,,SportsGameOdds,ZeJPtjBYFF7rZPijPAQp,West Ham vs Forest,Premier League,2026-01-06T20:00:00.000Z,under,-115,1.8695652173913042
,betmgm,BetMGM,2.5,,,SportsGameOdds,ZeJPtjBYFF7rZPijPAQp,West Ham vs Forest,Premier League,2026-01-06T20:00:00.000Z,under,-120,1.8333333333333335
,betparx,BetPARX,2.5,,,SportsGameOdds,kpBvtWBYpaVSBQLRV0Pp,Everton vs Wolves,Premier League,2026-01-07T19:30:00.000Z,over,+114,2.1399999999999997
,betrivers,BetRivers,2.5,,,SportsGameOdds,kpBvtWBYpaVSBQLRV0Pp,Everton vs Wolves,Premier League,2026-01-07T19:30:00.000Z,over,+112,2.12
,betparx,BetPARX,2.5,,,SportsGameOdds,kpBvtWBYpaVSBQLRV0Pp,Everton vs Wolves,Premier League,2026-01-07T19:30:00.000Z,under,-141,1.7092198581560285
,betrivers,BetRivers,2.5,,,SportsGameOdds,kpBvtWBYpaVSBQLRV0Pp,Everton vs Wolves,Premier League,2026-01-07T19:30:00.000Z,under,-143,1.6993006993006992
,betparx,BetPARX,2.5,,,SportsGameOdds,m5LoECMJ2GEqDgA9uWRD,Bournemouth vs Tottenham,Premier League,2026-01-07T19:30:00.000Z,over,-143,1.6993006993006992
,betrivers,BetRivers,2.5,,,SportsGameOdds,m5LoECMJ2GEqDgA9uWRD,Bournemouth vs Tottenham,Premier League,2026-01-07T19:30:00.000Z,over,-147,1.6802721088435373
,betmgm,BetMGM,2.5,,,SportsGameOdds,m5LoECMJ2GEqDgA9uWRD,Bournemouth vs Tottenham,Premier League,2026-01-07T19:30:00.000Z,over,-147,1.6802721088435373
,betparx,BetPARX,2.5,,,SportsGameOdds,m5LoECMJ2GEqDgA9uWRD,Bournemouth vs Tottenham,Premier League,2026-01-07T19:30:00.000Z,under,+116,2.16
,betrivers,BetRivers,2.5,,,SportsGameOdds,m5LoECMJ2GEqDgA9uWRD,Bournemouth vs Tottenham,Premier League,2026-01-07T19:30:00.000Z,under,+115,2.15
,betmgm,BetMGM,2.5,,,SportsGameOdds,m5LoECMJ2GEqDgA9uWRD,Bournemouth vs Tottenham,Premier League,2026-01-07T19:30:00.000Z,under,+105,2.05
,betparx,BetPARX,2.5,,,SportsGameOdds,n3x7OVL5lwWWUZQpaokI,Fulham vs Chelsea,Premier League,2026-01-07T19:30:00.000Z,over,-127,1.7874015748031495
,betrivers,BetRivers,2.5,,,SportsGameOdds,n3x7OVL5lwWWUZQpaokI,Fulham vs Chelsea,Premier League,2026-01-07T19:30:00.000Z,over,-128,1.78125
,betmgm,BetMGM,2.5,,,SportsGameOdds,n3x7OVL5lwWWUZQpaokI,Fulham vs Chelsea,Premier League,2026-01-07T19:30:00.000Z,over,-133,1.7518796992481203
,betparx,BetPARX,2.5,,,SportsGameOdds,n3x7OVL5lwWWUZQpaokI,Fulham vs Chelsea,Premier League,2026-01-07T19:30:00.000Z,under,+102,2.02
,betrivers,BetRivers,2.5,,,SportsGameOdds,n3x7OVL5lwWWUZQpaokI,Fulham vs Chelsea,Premier League,2026-01-07T19:30:00.000Z,under,+102,2.02
,betmgm,BetMGM,2.5,,,SportsGameOdds,n3x7OVL5lwWWUZQpaokI,Fulham vs Chelsea,Premier League,2026-01-07T19:30:00.000Z,under,-102,1.9803921568627452
,bovada,Bovada,2.5,,,SportsGameOdds,p8YdSj0F2IrD04Pcffhh,Brentford vs Sunderland,Premier League,2026-01-07T19:30:00.000Z,over,+105,2.05
,betparx,BetPARX,2.5,,,SportsGameOdds,p8YdSj0F2IrD04Pcffhh,Brentford vs Sunderland,Premier League,2026-01-07T19:30:00.000Z,over,-111,1.900900900900901
,betrivers,BetRivers,2.5,,,SportsGameOdds,p8YdSj0F2IrD04Pcffhh,Brentford vs Sunderland,Premier League,2026-01-07T19:30:00.000Z,over,-112,1.8928571428571428
,betmgm,BetMGM,2.5,,,SportsGameOdds,p8YdSj0F2IrD04Pcffhh,Brentford vs Sunderland,Premier League,2026-01-07T19:30:00.000Z,over,-102,1.9803921568627452
,bovada,Bovada,2.5,,,SportsGameOdds,p8YdSj0F2IrD04Pcffhh,Brentford vs Sunderland,Premier League,2026-01-07T19:30:00.000Z,under,-125,1.8
,betparx,BetPARX,2.5,,,SportsGameOdds,p8YdSj0F2IrD04Pcffhh,Brentford vs Sunderland,Premier League,2026-01-07T19:30:00.000Z,under,-111,1.900900900900901
,betrivers,BetRivers,2.5,,,SportsGameOdds,p8YdSj0F2IrD04Pcffhh,Brentford vs Sunderland,Premier League,2026-01-07T19:30:00.000Z,under,-112,1.8928571428571428
,betmgm,BetMGM,2.5,,,SportsGameOdds,p8YdSj0F2IrD04Pcffhh,Brentford vs Sunderland,Premier League,2026-01-07T19:30:00.000Z,under,-133,1.7518796992481203
,betparx,BetPARX,3.5,,,SportsGameOdds,xCpHM61mp9nE7mcoOcT9,Man City vs Brighton,Premier League,2026-01-07T19:30:00.000Z,over,+110,2.1
,betrivers,BetRivers,3.5,,,SportsGameOdds,xCpHM61mp9nE7mcoOcT9,Man City vs Brighton,Premier League,2026-01-07T19:30:00.000Z,over,+108,2.08
,betmgm,BetMGM,3.5,,,SportsGameOdds,xCpHM61mp9nE7mcoOcT9,Man City vs Brighton,Premier League,2026-01-07T19:30:00.000Z,over,+105,2.05
,betparx,BetPARX,3.5,,,SportsGameOdds,xCpHM61mp9nE7mcoOcT9,Man City vs Brighton,Premier League,2026-01-07T19:30:00.000Z,under,-137,1.72992700729927
,betrivers,BetRivers,3.5,,,SportsGameOdds,xCpHM61mp9nE7mcoOcT9,Man City vs Brighton,Premier League,2026-01-07T19:30:00.000Z,under,-139,1.7194244604316546
,betmgm,BetMGM,3.5,,,SportsGameOdds,xCpHM61mp9nE7mcoOcT9,Man City vs Brighton,Premier League,2026-01-07T19:30:00.000Z,under,-147,1.6802721088435373
,bovada,Bovada,2.5,,,SportsGameOdds,znjqTdAeDV8d2S6H2cRp,Crystal Palace vs Aston Villa,Premier League,2026-01-07T19:30:00.000Z,over,-110,1.9090909090909092
,betparx,BetPARX,2.5,,,SportsGameOdds,znjqTdAeDV8d2S6H2cRp,Crystal Palace vs Aston Villa,Premier League,2026-01-07T19:30:00.000Z,over,-109,1.9174311926605505
,betrivers,BetRivers,2.5,,,SportsGameOdds,znjqTdAeDV8d2S6H2cRp,Crystal Palace vs Aston Villa,Premier League,2026-01-07T19:30:00.000Z,over,-110,1.9090909090909092
,bovada,Bovada,2.5,,,SportsGameOdds,znjqTdAeDV8d2S6H2cRp,Crystal Palace vs Aston Villa,Premier League,2026-01-07T19:30:00.000Z,under,-110,1.9090909090909092
,betparx,BetPARX,2.5,,,SportsGameOdds,znjqTdAeDV8d2S6H2cRp,Crystal Palace vs Aston Villa,Premier League,2026-01-07T19:30:00.000Z,under,-114,1.8771929824561404
,betrivers,BetRivers,2.5,,,SportsGameOdds,znjqTdAeDV8d2S6H2cRp,Crystal Palace vs Aston Villa,Premier League,2026-01-07T19:30:00.000Z,under,-115,1.8695652173913042
,betparx,BetPARX,2.5,,,SportsGameOdds,bnlT9267U612LtGO8oGk,Burnley vs Man Utd,Premier League,2026-01-07T20:15:00.000Z,over,-141,1.7092198581560285
,betrivers,BetRivers,2.5,,,SportsGameOdds,bnlT9267U612LtGO8oGk,Burnley vs Man Utd,Premier League,2026-01-07T20:15:00.000Z,over,-143,1.6993006993006992
,betmgm,BetMGM,2.5,,,SportsGameOdds,bnlT9267U612LtGO8oGk,Burnley vs Man Utd,Premier League,2026-01-07T20:15:00.000Z,over,-147,1.6802721088435373
,betparx,BetPARX,2.5,,,SportsGameOdds,bnlT9267U612LtGO8oGk,Burnley vs Man Utd,Premier League,2026-01-07T20:15:00.000Z,under,+112,2.12
,betrivers,BetRivers,2.5,,,SportsGameOdds,bnlT9267U612LtGO8oGk,Burnley vs Man Utd,Premier League,2026-01-07T20:15:00.000Z,under,+112,2.12
,betmgm,BetMGM,2.5,,,SportsGameOdds,bnlT9267U612LtGO8oGk,Burnley vs Man Utd,Premier League,2026-01-07T20:15:00.000Z,under,+105,2.05
,betparx,BetPARX,2.5,,,SportsGameOdds,kmGLUs3tkXOTuDC20wed,Newcastle vs Leeds,Premier League,2026-01-07T20:15:00.000Z,over,-128,1.78125
,betrivers,BetRivers,2.5,,,SportsGameOdds,kmGLUs3tkXOTuDC20wed,Newcastle vs Leeds,Premier League,2026-01-07T20:15:00.000Z,over,-130,1.7692307692307692
,betmgm,BetMGM,2.5,,,SportsGameOdds,kmGLUs3tkXOTuDC20wed,Newcastle vs Leeds,Premier League,2026-01-07T20:15:00.000Z,over,-130,1.7692307692307692
,betparx,BetPARX,2.5,,,SportsGameOdds,kmGLUs3tkXOTuDC20wed,Newcastle vs Leeds,Premier League,2026-01-07T20:15:00.000Z,under,+104,2.04
,betrivers,BetRivers,2.5,,,SportsGameOdds,kmGLUs3tkXOTuDC20wed,Newcastle vs Leeds,Premier League,2026-01-07T20:15:00.000Z,under,+102,2.02
,betmgm,BetMGM,2.5,,,SportsGameOdds,kmGLUs3tkXOTuDC20wed,Newcastle vs Leeds,Premier League,2026-01-07T20:15:00.000Z,under,-105,1.9523809523809523
,betparx,BetPARX,2.5,,,SportsGameOdds,WmAxBbYySSLBUN2PGwQj,Pisa vs Como,Serie A,2026-01-06T14:00:00.000Z,over,+110,2.1
,betrivers,BetRivers,2.5,,,SportsGameOdds,WmAxBbYySSLBUN2PGwQj,Pisa vs Como,Serie A,2026-01-06T14:00:00.000Z,over,+108,2.08
,betmgm,BetMGM,2.5,,,SportsGameOdds,WmAxBbYySSLBUN2PGwQj,Pisa vs Como,Serie A,2026-01-06T14:00:00.000Z,over,+110,2.1
,betparx,BetPARX,2.5,,,SportsGameOdds,WmAxBbYySSLBUN2PGwQj,Pisa vs Como,Serie A,2026-01-06T14:00:00.000Z,under,-141,1.7092198581560285
,betrivers,BetRivers,2.5,,,SportsGameOdds,WmAxBbYySSLBUN2PGwQj,Pisa vs Como,Serie A,2026-01-06T14:00:00.000Z,under,-143,1.6993006993006992
,betmgm,BetMGM,2.5,,,SportsGameOdds,WmAxBbYySSLBUN2PGwQj,Pisa vs Como,Serie A,2026-01-06T14:00:00.000Z,under,-154,1.6493506493506493
,betrivers,BetRivers,2.5,,,SportsGameOdds,7FDTQQ370cIsRauvSDXP,Lecce vs Roma,Serie A,2026-01-06T17:00:00.000Z,over,+135,2.35
,betmgm,BetMGM,2.5,,,SportsGameOdds,7FDTQQ370cIsRauvSDXP,Lecce vs Roma,Serie A,2026-01-06T17:00:00.000Z,over,+125,2.25
,betrivers,BetRivers,2.5,,,SportsGameOdds,7FDTQQ370cIsRauvSDXP,Lecce vs Roma,Serie A,2026-01-06T17:00:00.000Z,under,-182,1.5494505494505495
,betmgm,BetMGM,2.5,,,SportsGameOdds,7FDTQQ370cIsRauvSDXP,Lecce vs Roma,Serie A,2026-01-06T17:00:00.000Z,under,-175,1.5714285714285714
,bovada,Bovada,2.5,,,SportsGameOdds,UCWAsyAZpVBd91oApVzT,Sassuolo vs Juventus,Serie A,2026-01-06T19:45:00.000Z,over,-105,1.9523809523809523
,betparx,BetPARX,2.5,,,SportsGameOdds,UCWAsyAZpVBd91oApVzT,Sassuolo vs Juventus,Serie A,2026-01-06T19:45:00.000Z,over,-110,1.9090909090909092
,betrivers,BetRivers,2.5,,,SportsGameOdds,UCWAsyAZpVBd91oApVzT,Sassuolo vs Juventus,Serie A,2026-01-06T19:45:00.000Z,over,-111,1.900900900900901
,betmgm,BetMGM,2.5,,,SportsGameOdds,UCWAsyAZpVBd91oApVzT,Sassuolo vs Juventus,Serie A,2026-01-06T19:45:00.000Z,over,-111,1.900900900900901
,bovada,Bovada,2.5,,,SportsGameOdds,UCWAsyAZpVBd91oApVzT,Sassuolo vs Juventus,Serie A,2026-01-06T19:45:00.000Z,under,-115,1.8695652173913042
,betparx,BetPARX,2.5,,,SportsGameOdds,UCWAsyAZpVBd91oApVzT,Sassuolo vs Juventus,Serie A,2026-01-06T19:45:00.000Z,under,-118,1.847457627118644
,betrivers,BetRivers,2.5,,,SportsGameOdds,UCWAsyAZpVBd91oApVzT,Sassuolo vs Juventus,Serie A,2026-01-06T19:45:00.000Z,under,-119,1.8403361344537816
,betmgm,BetMGM,2.5,,,SportsGameOdds,UCWAsyAZpVBd91oApVzT,Sassuolo vs Juventus,Serie A,2026-01-06T19:45:00.000Z,under,-125,1.8
,betparx,BetPARX,2.5,,,SportsGameOdds,VPp7GFBYEU73LEZOaumj,Napoli vs Verona,Serie A,2026-01-07T17:30:00.000Z,over,+100,2.0
,betrivers,BetRivers,2.5,,,SportsGameOdds,VPp7GFBYEU73LEZOaumj,Napoli vs Verona,Serie A,2026-01-07T17:30:00.000Z,over,+100,2.0
,betmgm,BetMGM,2.5,,,SportsGameOdds,VPp7GFBYEU73LEZOaumj,Napoli vs Verona,Serie A,2026-01-07T17:30:00.000Z,over,-102,1.9803921568627452
,bovada,Bovada,2.5,,,SportsGameOdds,VPp7GFBYEU73LEZOaumj,Napoli vs Verona,Serie A,2026-01-07T17:30:00.000Z,over,+105,2.05
,betparx,BetPARX,2.5,,,SportsGameOdds,VPp7GFBYEU73LEZOaumj,Napoli vs Verona,Serie A,2026-01-07T17:30:00.000Z,under,-130,1.7692307692307692
,betrivers,BetRivers,2.5,,,SportsGameOdds,VPp7GFBYEU73LEZOaumj,Napoli vs Verona,Serie A,2026-01-07T17:30:00.000Z,under,-132,1.7575757575757576
,betmgm,BetMGM,2.5,,,SportsGameOdds,VPp7GFBYEU73LEZOaumj,Napoli vs Verona,Serie A,2026-01-07T17:30:00.000Z,under,-137,1.72992700729927
,bovada,Bovada,2.5,,,SportsGameOdds,VPp7GFBYEU73LEZOaumj,Napoli vs Verona,Serie A,2026-01-07T17:30:00.000Z,under,-125,1.8
,bovada,Bovada,2.5,,,SportsGameOdds,guYbBksfusZwKsG0c6oy,Bologna vs Atalanta,Serie A,2026-01-07T17:30:00.000Z,over,+100,2.0
,betparx,BetPARX,2.5,,,SportsGameOdds,guYbBksfusZwKsG0c6oy,Bologna vs Atalanta,Serie A,2026-01-07T17:30:00.000Z,over,-110,1.9090909090909092
,betrivers,BetRivers,2.5,,,SportsGameOdds,guYbBksfusZwKsG0c6oy,Bologna vs Atalanta,Serie A,2026-01-07T17:30:00.000Z,over,-111,1.900900900900901
,betmgm,BetMGM,2.5,,,SportsGameOdds,guYbBksfusZwKsG0c6oy,Bologna vs Atalanta,Serie A,2026-01-07T17:30:00.000Z,over,-114,1.8771929824561404
,bovada,Bovada,2.5,,,SportsGameOdds,guYbBksfusZwKsG0c6oy,Bologna vs Atalanta,Serie A,2026-01-07T17:30:00.000Z,under,-120,1.8333333333333335
,betparx,BetPARX,2.5,,,SportsGameOdds,guYbBksfusZwKsG0c6oy,Bologna vs Atalanta,Serie A,2026-01-07T17:30:00.000Z,under,-118,1.847457627118644
,betrivers,BetRivers,2.5,,,SportsGameOdds,guYbBksfusZwKsG0c6oy,Bologna vs Atalanta,Serie A,2026-01-07T17:30:00.000Z,under,-119,1.8403361344537816
,betmgm,BetMGM,2.5,,,SportsGameOdds,guYbBksfusZwKsG0c6oy,Bologna vs Atalanta,Serie A,2026-01-07T17:30:00.000Z,under,-122,1.819672131147541
,betparx,BetPARX,2.5,,,SportsGameOdds,Z9cLuKaiFnu3Se5tP8Ww,Lazio vs Fiorentina,Serie A,2026-01-07T19:45:00.000Z,over,+117,2.17
,betrivers,BetRivers,2.5,,,SportsGameOdds,Z9cLuKaiFnu3Se5tP8Ww,Lazio vs Fiorentina,Serie A,2026-01-07T19:45:00.000Z,over,+116,2.16
,betmgm,BetMGM,2.5,,,SportsGameOdds,Z9cLuKaiFnu3Se5tP8Ww,Lazio vs Fiorentina,Serie A,2026-01-07T19:45:00.000Z,over,+115,2.15
,betparx,BetPARX,2.5,,,SportsGameOdds,Z9cLuKaiFnu3Se5tP8Ww,Lazio vs Fiorentina,Serie A,2026-01-07T19:45:00.000Z,under,-152,1.6578947368421053
,betrivers,BetRivers,2.5,,,SportsGameOdds,Z9cLuKaiFnu3Se5tP8Ww,Lazio vs Fiorentina,Serie A,2026-01-07T19:45:00.000Z,under,-154,1.6493506493506493
,betmgm,BetMGM,2.5,,,SportsGameOdds,Z9cLuKaiFnu3Se5tP8Ww,Lazio vs Fiorentina,Serie A,2026-01-07T19:45:00.000Z,under,-161,1.62111801242236
,betparx,BetPARX,2.5,,,SportsGameOdds,t7s9jQg0ryDEXHglvWs7,Parma vs Inter,Serie A,2026-01-07T19:45:00.000Z,over,-172,1.5813953488372094
,betrivers,BetRivers,2.5,,,SportsGameOdds,t7s9jQg0ryDEXHglvWs7,Parma vs Inter,Serie A,2026-01-07T19:45:00.000Z,over,-175,1.5714285714285714
,betmgm,BetMGM,2.5,,,SportsGameOdds,t7s9jQg0ryDEXHglvWs7,Parma vs Inter,Serie A,2026-01-07T19:45:00.000Z,over,-167,1.5988023952095807
,betparx,BetPARX,2.5,,,SportsGameOdds,t7s9jQg0ryDEXHglvWs7,Parma vs Inter,Serie A,2026-01-07T19:45:00.000Z,under,+132,2.3200000000000003
,betrivers,BetRivers,2.5,,,SportsGameOdds,t7s9jQg0ryDEXHglvWs7,Parma vs Inter,Serie A,2026-01-07T19:45:00.000Z,under,+130,2.3
,betmgm,BetMGM,2.5,,,SportsGameOdds,t7s9jQg0ryDEXHglvWs7,Parma vs Inter,Serie A,2026-01-07T19:45:00.000Z,under,+120,2.2
,betparx,BetPARX,2.5,,,SportsGameOdds,v4nNmBr0kgXvL1cRBNhs,Torino vs Udinese,Serie A,2026-01-07T19:45:00.000Z,over,+135,2.35
,betrivers,BetRivers,2.5,,,SportsGameOdds,v4nNmBr0kgXvL1cRBNhs,Torino vs Udinese,Serie A,2026-01-07T19:45:00.000Z,over,+133,2.33
,betmgm,BetMGM,2.5,,,SportsGameOdds,v4nNmBr0kgXvL1cRBNhs,Torino vs Udinese,Serie A,2026-01-07T19:45:00.000Z,over,+120,2.2
,betparx,BetPARX,2.5,,,SportsGameOdds,v4nNmBr0kgXvL1cRBNhs,Torino vs Udinese,Serie A,2026-01-07T19:45:00.000Z,under,-175,1.5714285714285714
,betrivers,BetRivers,2.5,,,SportsGameOdds,v4nNmBr0kgXvL1cRBNhs,Torino vs Udinese,Serie A,2026-01-07T19:45:00.000Z,under,-179,1.558659217877095
,betmgm,BetMGM,2.5,,,SportsGameOdds,v4nNmBr0kgXvL1cRBNhs,Torino vs Udinese,Serie A,2026-01-07T19:45:00.000Z,under,-167,1.5988023952095807
