Partido,Fecha_Hora_Colombia,Liga,Mercado,Tipo_Mercado,Archivo_Origen,Verified_Score,Source
1. FC Saarbrücken vs TSV 1860 München,2025-01-18 08:00:00,3. Liga,Under 2.75,Goles (Over/Under),historical_20250117_con_resultados.csv,,
1. FC Saarbrücken vs TSV 1860 München,2025-01-18 08:00:00,3. Liga,Over 2.75,Goles (Over/Under),historical_20250117_con_resultados.csv,,
1. FC Saarbrücken vs TSV 1860 München,2025-01-18 08:00:00,3. Liga,Under 2.5,Goles (Over/Under),historical_20250117_con_resultados.csv,,
1. FC Saarbrücken vs TSV 1860 München,2025-01-18 08:00:00,3. Liga,Over 2.5,Goles (Over/Under),historical_20250117_con_resultados.csv,,
Arminia Bielefeld vs FC Energie Cottbus,2025-01-18 08:00:00,3. Liga,Under 2.5,Goles (Over/Under),historical_20250117_con_resultados.csv,,
Arminia Bielefeld vs FC Energie Cottbus,2025-01-18 08:00:00,3. Liga,Over 2.5,Goles (Over/Under),historical_20250117_con_resultados.csv,,
Arminia Bielefeld vs FC Energie Cottbus,2025-01-18 08:00:00,3. Liga,Under 2.75,Goles (Over/Under),historical_20250117_con_resultados.csv,,
Arminia Bielefeld vs FC Energie Cottbus,2025-01-18 08:00:00,3. Liga,Over 2.75,Goles (Over/Under),historical_20250117_con_resultados.csv,,
Wehen Wiesbaden vs SC Verl,2025-01-18 10:30:00,3. Liga,Under 2.75,Goles (Over/Under),historical_20250117_con_resultados.csv,,
Wehen Wiesbaden vs SC Verl,2025-01-18 10:30:00,3. Liga,Over 2.75,Goles (Over/Under),historical_20250117_con_resultados.csv,,
Wehen Wiesbaden vs SC Verl,2025-01-18 10:30:00,3. Liga,Under 2.5,Goles (Over/Under),historical_20250117_con_resultados.csv,,
Wehen Wiesbaden vs SC Verl,2025-01-18 10:30:00,3. Liga,Over 2.5,Goles (Over/Under),historical_20250117_con_resultados.csv,,
TSV 1860 München vs VfB Stuttgart II,2025-01-25 08:00:00,3. Liga,Over 2.5,Goles (Over/Under),historical_20250124_con_resultados.csv,,
TSV 1860 München vs VfB Stuttgart II,2025-01-25 08:00:00,3. Liga,Under 2.5,Goles (Over/Under),historical_20250124_con_resultados.csv,,
TSV 1860 München vs VfB Stuttgart II,2025-01-25 08:00:00,3. Liga,Over 2.75,Goles (Over/Under),historical_20250124_con_resultados.csv,,
TSV 1860 München vs VfB Stuttgart II,2025-01-25 08:00:00,3. Liga,Under 2.75,Goles (Over/Under),historical_20250124_con_resultados.csv,,
Waldhof Mannheim vs SC Verl,2025-02-01 08:00:00,3. Liga,Over 2.5,Goles (Over/Under),historical_20250131_con_resultados.csv,,
Waldhof Mannheim vs SC Verl,2025-02-01 08:00:00,3. Liga,Under 2.5,Goles (Over/Under),historical_20250131_con_resultados.csv,,
FC Viktoria Köln 1904 vs TSV 1860 München,2025-02-01 10:30:00,3. Liga,Over 2.5,Goles (Over/Under),historical_20250131_con_resultados.csv,,
FC Viktoria Köln 1904 vs TSV 1860 München,2025-02-01 10:30:00,3. Liga,Under 2.5,Goles (Over/Under),historical_20250131_con_resultados.csv,,
FC Viktoria Köln 1904 vs TSV 1860 München,2025-02-01 10:30:00,3. Liga,Over 2.75,Goles (Over/Under),historical_20250131_con_resultados.csv,,
FC Viktoria Köln 1904 vs TSV 1860 München,2025-02-01 10:30:00,3. Liga,Under 2.75,Goles (Over/Under),historical_20250131_con_resultados.csv,,
TSV 1860 München vs FC Ingolstadt 04,2025-02-08 10:30:00,3. Liga,Under 2.5,Goles (Over/Under),historical_20250207_con_resultados.csv,,
TSV 1860 München vs FC Ingolstadt 04,2025-02-08 10:30:00,3. Liga,Over 2.5,Goles (Over/Under),historical_20250207_con_resultados.csv,,
TSV 1860 München vs FC Ingolstadt 04,2025-02-08 10:30:00,3. Liga,Under 2.75,Goles (Over/Under),historical_20250207_con_resultados.csv,,
TSV 1860 München vs FC Ingolstadt 04,2025-02-08 10:30:00,3. Liga,Over 2.75,Goles (Over/Under),historical_20250207_con_resultados.csv,,
FC Viktoria Köln 1904 vs Alemannia Aachen,2025-02-14 13:00:00,3. Liga,Over 2.5,Goles (Over/Under),historical_20250214_con_resultados.csv,,
FC Viktoria Köln 1904 vs Alemannia Aachen,2025-02-14 13:00:00,3. Liga,Under 2.5,Goles (Over/Under),historical_20250214_con_resultados.csv,,
FC Viktoria Köln 1904 vs Alemannia Aachen,2025-02-14 13:00:00,3. Liga,Over 2.25,Goles (Over/Under),historical_20250214_con_resultados.csv,,
FC Viktoria Köln 1904 vs Alemannia Aachen,2025-02-14 13:00:00,3. Liga,Under 2.25,Goles (Over/Under),historical_20250214_con_resultados.csv,,
Hannover 96 vs VfL Osnabrück,2025-02-15 08:00:00,3. Liga,Over 2.75,Goles (Over/Under),historical_20250214_con_resultados.csv,,
Hannover 96 vs VfL Osnabrück,2025-02-15 08:00:00,3. Liga,Under 2.75,Goles (Over/Under),historical_20250214_con_resultados.csv,,
Hannover 96 vs VfL Osnabrück,2025-02-15 08:00:00,3. Liga,Over 2.5,Goles (Over/Under),historical_20250214_con_resultados.csv,,
Hannover 96 vs VfL Osnabrück,2025-02-15 08:00:00,3. Liga,Under 2.5,Goles (Over/Under),historical_20250214_con_resultados.csv,,
Wehen Wiesbaden vs Rot-Weiss Essen,2025-02-15 08:00:00,3. Liga,Over 2.75,Goles (Over/Under),historical_20250214_con_resultados.csv,,
Wehen Wiesbaden vs Rot-Weiss Essen,2025-02-15 08:00:00,3. Liga,Under 2.75,Goles (Over/Under),historical_20250214_con_resultados.csv,,
Wehen Wiesbaden vs Rot-Weiss Essen,2025-02-15 08:00:00,3. Liga,Over 2.5,Goles (Over/Under),historical_20250214_con_resultados.csv,,
Wehen Wiesbaden vs Rot-Weiss Essen,2025-02-15 08:00:00,3. Liga,Under 2.5,Goles (Over/Under),historical_20250214_con_resultados.csv,,
SpVgg Unterhaching vs 1. FC Saarbrücken,2025-02-16 07:30:00,3. Liga,Over 2.5,Goles (Over/Under),historical_20250214_con_resultados.csv,,
SpVgg Unterhaching vs 1. FC Saarbrücken,2025-02-16 07:30:00,3. Liga,Under 2.5,Goles (Over/Under),historical_20250214_con_resultados.csv,,
SpVgg Unterhaching vs 1. FC Saarbrücken,2025-02-16 07:30:00,3. Liga,Over 2.75,Goles (Over/Under),historical_20250214_con_resultados.csv,,
SpVgg Unterhaching vs 1. FC Saarbrücken,2025-02-16 07:30:00,3. Liga,Under 2.75,Goles (Over/Under),historical_20250214_con_resultados.csv,,
TSV 1860 München vs Arminia Bielefeld,2025-02-21 13:00:00,3. Liga,Over 2.5,Goles (Over/Under),historical_20250221_con_resultados.csv,,
TSV 1860 München vs Arminia Bielefeld,2025-02-21 13:00:00,3. Liga,Under 2.5,Goles (Over/Under),historical_20250221_con_resultados.csv,,
Alemannia Aachen vs Borussia Dortmund II,2025-02-22 08:00:00,3. Liga,Over 2.5,Goles (Over/Under),historical_20250221_con_resultados.csv,,
Alemannia Aachen vs Borussia Dortmund II,2025-02-22 08:00:00,3. Liga,Under 2.5,Goles (Over/Under),historical_20250221_con_resultados.csv,,
Erzgebirge Aue vs SpVgg Unterhaching,2025-02-22 08:00:00,3. Liga,Over 2.5,Goles (Over/Under),historical_20250221_con_resultados.csv,,
Erzgebirge Aue vs SpVgg Unterhaching,2025-02-22 08:00:00,3. Liga,Under 2.5,Goles (Over/Under),historical_20250221_con_resultados.csv,,
Erzgebirge Aue vs SpVgg Unterhaching,2025-02-22 08:00:00,3. Liga,Over 2.75,Goles (Over/Under),historical_20250221_con_resultados.csv,,
Erzgebirge Aue vs SpVgg Unterhaching,2025-02-22 08:00:00,3. Liga,Under 2.75,Goles (Over/Under),historical_20250221_con_resultados.csv,,
Rot-Weiss Essen vs FC Ingolstadt 04,2025-02-22 08:00:00,3. Liga,Over 2.5,Goles (Over/Under),historical_20250221_con_resultados.csv,,
Rot-Weiss Essen vs FC Ingolstadt 04,2025-02-22 08:00:00,3. Liga,Under 2.5,Goles (Over/Under),historical_20250221_con_resultados.csv,,
Rot-Weiss Essen vs FC Ingolstadt 04,2025-02-22 08:00:00,3. Liga,Over 2.75,Goles (Over/Under),historical_20250221_con_resultados.csv,,
Rot-Weiss Essen vs FC Ingolstadt 04,2025-02-22 08:00:00,3. Liga,Under 2.75,Goles (Over/Under),historical_20250221_con_resultados.csv,,
1. FC Saarbrücken vs Hannover 96,2025-02-22 10:30:00,3. Liga,Over 3.0,Goles (Over/Under),historical_20250221_con_resultados.csv,,
1. FC Saarbrücken vs Hannover 96,2025-02-22 10:30:00,3. Liga,Under 3.0,Goles (Over/Under),historical_20250221_con_resultados.csv,,
1. FC Saarbrücken vs Hannover 96,2025-02-22 10:30:00,3. Liga,Over 2.5,Goles (Over/Under),historical_20250221_con_resultados.csv,,
1. FC Saarbrücken vs Hannover 96,2025-02-22 10:30:00,3. Liga,Under 2.5,Goles (Over/Under),historical_20250221_con_resultados.csv,,
Borussia Dortmund II vs Rot-Weiss Essen,2025-03-01 08:00:00,3. Liga,Over 2.5,Goles (Over/Under),historical_20250228_con_resultados.csv,,
Borussia Dortmund II vs Rot-Weiss Essen,2025-03-01 08:00:00,3. Liga,Under 2.5,Goles (Over/Under),historical_20250228_con_resultados.csv,,
Borussia Dortmund II vs Rot-Weiss Essen,2025-03-01 08:00:00,3. Liga,Over 3.0,Goles (Over/Under),historical_20250228_con_resultados.csv,,
Borussia Dortmund II vs Rot-Weiss Essen,2025-03-01 08:00:00,3. Liga,Under 3.0,Goles (Over/Under),historical_20250228_con_resultados.csv,,
Hannover 96 vs TSV 1860 München,2025-03-01 08:00:00,3. Liga,Over 2.5,Goles (Over/Under),historical_20250228_con_resultados.csv,,
Hannover 96 vs TSV 1860 München,2025-03-01 08:00:00,3. Liga,Under 2.5,Goles (Over/Under),historical_20250228_con_resultados.csv,,
Hannover 96 vs TSV 1860 München,2025-03-01 08:00:00,3. Liga,Over 2.75,Goles (Over/Under),historical_20250228_con_resultados.csv,,
Hannover 96 vs TSV 1860 München,2025-03-01 08:00:00,3. Liga,Under 2.75,Goles (Over/Under),historical_20250228_con_resultados.csv,,
Wehen Wiesbaden vs Erzgebirge Aue,2025-03-01 08:00:00,3. Liga,Over 2.5,Goles (Over/Under),historical_20250228_con_resultados.csv,,
Wehen Wiesbaden vs Erzgebirge Aue,2025-03-01 08:00:00,3. Liga,Under 2.5,Goles (Over/Under),historical_20250228_con_resultados.csv,,
Wehen Wiesbaden vs Erzgebirge Aue,2025-03-01 08:00:00,3. Liga,Over 2.75,Goles (Over/Under),historical_20250228_con_resultados.csv,,
Wehen Wiesbaden vs Erzgebirge Aue,2025-03-01 08:00:00,3. Liga,Under 2.75,Goles (Over/Under),historical_20250228_con_resultados.csv,,
Waldhof Mannheim vs Alemannia Aachen,2025-03-02 07:30:00,3. Liga,Over 2.5,Goles (Over/Under),historical_20250228_con_resultados.csv,,
Waldhof Mannheim vs Alemannia Aachen,2025-03-02 07:30:00,3. Liga,Under 2.5,Goles (Over/Under),historical_20250228_con_resultados.csv,,
Sydney FC vs Adelaide United,2025-02-01 01:00:00,A-League,Under 3.5,Goles (Over/Under),historical_20250131_con_resultados.csv,,
Sydney FC vs Adelaide United,2025-02-01 01:00:00,A-League,Over 3.5,Goles (Over/Under),historical_20250131_con_resultados.csv,,
Central Coast Mariners vs Newcastle Jets FC,2025-02-01 03:35:00,A-League,Over 2.75,Goles (Over/Under),historical_20250131_con_resultados.csv,,
Central Coast Mariners vs Newcastle Jets FC,2025-02-01 03:35:00,A-League,Under 2.75,Goles (Over/Under),historical_20250131_con_resultados.csv,,
Central Coast Mariners vs Newcastle Jets FC,2025-02-01 03:35:00,A-League,Over 2.5,Goles (Over/Under),historical_20250131_con_resultados.csv,,
Central Coast Mariners vs Newcastle Jets FC,2025-02-01 03:35:00,A-League,Under 2.5,Goles (Over/Under),historical_20250131_con_resultados.csv,,
Perth Glory vs Melbourne Victory,2025-02-01 05:45:00,A-League,Under 3.5,Goles (Over/Under),historical_20250131_con_resultados.csv,,
Perth Glory vs Melbourne Victory,2025-02-01 05:45:00,A-League,Over 3.5,Goles (Over/Under),historical_20250131_con_resultados.csv,,
Perth Glory vs Melbourne Victory,2025-02-01 05:45:00,A-League,Over 3.25,Goles (Over/Under),historical_20250131_con_resultados.csv,,
Perth Glory vs Melbourne Victory,2025-02-01 05:45:00,A-League,Under 3.25,Goles (Over/Under),historical_20250131_con_resultados.csv,,
Macarthur FC vs Western United FC,2025-02-09 01:00:00,A-League,Over 3.5,Goles (Over/Under),historical_20250207_con_resultados.csv,,
Macarthur FC vs Western United FC,2025-02-09 01:00:00,A-League,Under 3.5,Goles (Over/Under),historical_20250207_con_resultados.csv,,
Macarthur FC vs Western United FC,2025-02-09 01:00:00,A-League,Under 3.25,Goles (Over/Under),historical_20250207_con_resultados.csv,,
Macarthur FC vs Western United FC,2025-02-09 01:00:00,A-League,Over 3.25,Goles (Over/Under),historical_20250207_con_resultados.csv,,
Melbourne City vs Perth Glory,2025-02-15 01:00:00,A-League,Over 3.25,Goles (Over/Under),historical_20250214_con_resultados.csv,,
Melbourne City vs Perth Glory,2025-02-15 01:00:00,A-League,Under 3.25,Goles (Over/Under),historical_20250214_con_resultados.csv,,
Melbourne City vs Perth Glory,2025-02-15 01:00:00,A-League,Over 3.5,Goles (Over/Under),historical_20250214_con_resultados.csv,,
Melbourne City vs Perth Glory,2025-02-15 01:00:00,A-League,Under 3.5,Goles (Over/Under),historical_20250214_con_resultados.csv,,
Western United FC vs Auckland FC,2025-02-15 02:00:00,A-League,Over 2.5,Goles (Over/Under),historical_20250214_con_resultados.csv,,
Western United FC vs Auckland FC,2025-02-15 02:00:00,A-League,Under 2.5,Goles (Over/Under),historical_20250214_con_resultados.csv,,
Western United FC vs Auckland FC,2025-02-15 02:00:00,A-League,Over 2.75,Goles (Over/Under),historical_20250214_con_resultados.csv,,
Western United FC vs Auckland FC,2025-02-15 02:00:00,A-League,Under 2.75,Goles (Over/Under),historical_20250214_con_resultados.csv,,
Adelaide United vs Newcastle Jets FC,2025-02-15 03:35:00,A-League,Over 3.5,Goles (Over/Under),historical_20250214_con_resultados.csv,,
Adelaide United vs Newcastle Jets FC,2025-02-15 03:35:00,A-League,Under 3.5,Goles (Over/Under),historical_20250214_con_resultados.csv,,
Western Sydney Wanderers vs Macarthur FC,2025-02-16 01:00:00,A-League,Over 3.5,Goles (Over/Under),historical_20250214_con_resultados.csv,,
Western Sydney Wanderers vs Macarthur FC,2025-02-16 01:00:00,A-League,Under 3.5,Goles (Over/Under),historical_20250214_con_resultados.csv,,
Western Sydney Wanderers vs Macarthur FC,2025-02-16 01:00:00,A-League,Over 3.25,Goles (Over/Under),historical_20250214_con_resultados.csv,,
Western Sydney Wanderers vs Macarthur FC,2025-02-16 01:00:00,A-League,Under 3.25,Goles (Over/Under),historical_20250214_con_resultados.csv,,
Auckland FC vs Wellington Phoenix FC,2025-02-21 23:00:00,A-League,Over 2.5,Goles (Over/Under),historical_20250221_con_resultados.csv,,
Auckland FC vs Wellington Phoenix FC,2025-02-21 23:00:00,A-League,Under 2.5,Goles (Over/Under),historical_20250221_con_resultados.csv,,
Melbourne Victory vs Melbourne City,2025-02-22 03:35:00,A-League,Over 2.75,Goles (Over/Under),historical_20250221_con_resultados.csv,,
Melbourne Victory vs Melbourne City,2025-02-22 03:35:00,A-League,Under 2.75,Goles (Over/Under),historical_20250221_con_resultados.csv,,
Melbourne Victory vs Melbourne City,2025-02-22 03:35:00,A-League,Over 2.5,Goles (Over/Under),historical_20250221_con_resultados.csv,,
Melbourne Victory vs Melbourne City,2025-02-22 03:35:00,A-League,Under 2.5,Goles (Over/Under),historical_20250221_con_resultados.csv,,
Perth Glory vs Sydney FC,2025-02-22 05:45:00,A-League,Over 3.5,Goles (Over/Under),historical_20250221_con_resultados.csv,,
Perth Glory vs Sydney FC,2025-02-22 05:45:00,A-League,Under 3.5,Goles (Over/Under),historical_20250221_con_resultados.csv,,
Perth Glory vs Sydney FC,2025-02-22 05:45:00,A-League,Over 3.75,Goles (Over/Under),historical_20250221_con_resultados.csv,,
Perth Glory vs Sydney FC,2025-02-22 05:45:00,A-League,Under 3.75,Goles (Over/Under),historical_20250221_con_resultados.csv,,
Western United FC vs Adelaide United,2025-02-23 01:00:00,A-League,Over 3.5,Goles (Over/Under),historical_20250221_con_resultados.csv,,
Western United FC vs Adelaide United,2025-02-23 01:00:00,A-League,Under 3.5,Goles (Over/Under),historical_20250221_con_resultados.csv,,
Auckland FC vs Adelaide United,2025-02-28 23:00:00,A-League,Over 3.0,Goles (Over/Under),historical_20250228_con_resultados.csv,,
Auckland FC vs Adelaide United,2025-02-28 23:00:00,A-League,Under 3.0,Goles (Over/Under),historical_20250228_con_resultados.csv,,
Auckland FC vs Adelaide United,2025-02-28 23:00:00,A-League,Over 2.5,Goles (Over/Under),historical_20250228_con_resultados.csv,,
Auckland FC vs Adelaide United,2025-02-28 23:00:00,A-League,Under 2.5,Goles (Over/Under),historical_20250228_con_resultados.csv,,
Auckland FC vs Adelaide United,2025-02-28 23:00:00,A-League,Over 3.5,Goles (Over/Under),historical_20250228_con_resultados.csv,,
Auckland FC vs Adelaide United,2025-02-28 23:00:00,A-League,Under 3.5,Goles (Over/Under),historical_20250228_con_resultados.csv,,
Brisbane Roar vs Melbourne Victory,2025-03-01 01:00:00,A-League,Over 2.5,Goles (Over/Under),historical_20250228_con_resultados.csv,,
Brisbane Roar vs Melbourne Victory,2025-03-01 01:00:00,A-League,Under 2.5,Goles (Over/Under),historical_20250228_con_resultados.csv,,
Brisbane Roar vs Melbourne Victory,2025-03-01 01:00:00,A-League,Over 3.0,Goles (Over/Under),historical_20250228_con_resultados.csv,,
Brisbane Roar vs Melbourne Victory,2025-03-01 01:00:00,A-League,Under 3.0,Goles (Over/Under),historical_20250228_con_resultados.csv,,
Macarthur FC vs Sydney FC,2025-03-01 03:35:00,A-League,Over 3.5,Goles (Over/Under),historical_20250228_con_resultados.csv,,
Macarthur FC vs Sydney FC,2025-03-01 03:35:00,A-League,Under 3.5,Goles (Over/Under),historical_20250228_con_resultados.csv,,
Macarthur FC vs Sydney FC,2025-03-01 03:35:00,A-League,Over 3.25,Goles (Over/Under),historical_20250228_con_resultados.csv,,
Macarthur FC vs Sydney FC,2025-03-01 03:35:00,A-League,Under 3.25,Goles (Over/Under),historical_20250228_con_resultados.csv,,
Western Sydney Wanderers vs Perth Glory,2025-03-02 01:00:00,A-League,Over 3.5,Goles (Over/Under),historical_20250228_con_resultados.csv,,
Western Sydney Wanderers vs Perth Glory,2025-03-02 01:00:00,A-League,Under 3.5,Goles (Over/Under),historical_20250228_con_resultados.csv,,
Sturm Graz vs Austria Wien,2025-02-07 14:30:00,Austrian Bundesliga,Under 2.25,Goles (Over/Under),historical_20250207_con_resultados.csv,,
Sturm Graz vs Austria Wien,2025-02-07 14:30:00,Austrian Bundesliga,Under 2.5,Goles (Over/Under),historical_20250207_con_resultados.csv,,
Sturm Graz vs Austria Wien,2025-02-07 14:30:00,Austrian Bundesliga,Over 2.5,Goles (Over/Under),historical_20250207_con_resultados.csv,,
Sturm Graz vs Austria Wien,2025-02-07 14:30:00,Austrian Bundesliga,Over 2.25,Goles (Over/Under),historical_20250207_con_resultados.csv,,
Rapid Wien vs Wolfsberger AC,2025-02-08 11:00:00,Austrian Bundesliga,Under 2.75,Goles (Over/Under),historical_20250207_con_resultados.csv,,
Rapid Wien vs Wolfsberger AC,2025-02-08 11:00:00,Austrian Bundesliga,Over 2.75,Goles (Over/Under),historical_20250207_con_resultados.csv,,
Rapid Wien vs Wolfsberger AC,2025-02-08 11:00:00,Austrian Bundesliga,Over 2.5,Goles (Over/Under),historical_20250207_con_resultados.csv,,
Rapid Wien vs Wolfsberger AC,2025-02-08 11:00:00,Austrian Bundesliga,Under 2.5,Goles (Over/Under),historical_20250207_con_resultados.csv,,
Rheindorf Altach vs Grazer AK,2025-02-08 11:00:00,Austrian Bundesliga,Over 2.5,Goles (Over/Under),historical_20250207_con_resultados.csv,,
Rheindorf Altach vs Grazer AK,2025-02-08 11:00:00,Austrian Bundesliga,Under 2.5,Goles (Over/Under),historical_20250207_con_resultados.csv,,
Austria Klagenfurt vs RB Salzburg,2025-02-09 08:30:00,Austrian Bundesliga,Over 3.5,Goles (Over/Under),historical_20250207_con_resultados.csv,,
Austria Klagenfurt vs RB Salzburg,2025-02-09 08:30:00,Austrian Bundesliga,Under 3.5,Goles (Over/Under),historical_20250207_con_resultados.csv,,
Austria Klagenfurt vs RB Salzburg,2025-02-09 08:30:00,Austrian Bundesliga,Under 3.0,Goles (Over/Under),historical_20250207_con_resultados.csv,,
Austria Klagenfurt vs RB Salzburg,2025-02-09 08:30:00,Austrian Bundesliga,Over 2.5,Goles (Over/Under),historical_20250207_con_resultados.csv,,
Austria Klagenfurt vs RB Salzburg,2025-02-09 08:30:00,Austrian Bundesliga,Under 2.5,Goles (Over/Under),historical_20250207_con_resultados.csv,,
Austria Klagenfurt vs RB Salzburg,2025-02-09 08:30:00,Austrian Bundesliga,Over 3.0,Goles (Over/Under),historical_20250207_con_resultados.csv,,
Austria Klagenfurt vs RB Salzburg,2025-02-09 08:30:00,Austrian Bundesliga,Under 3.25,Goles (Over/Under),historical_20250207_con_resultados.csv,,
Austria Klagenfurt vs RB Salzburg,2025-02-09 08:30:00,Austrian Bundesliga,Over 3.25,Goles (Over/Under),historical_20250207_con_resultados.csv,,
WSG Tirol vs Hartberg,2025-02-09 08:30:00,Austrian Bundesliga,Under 2.5,Goles (Over/Under),historical_20250207_con_resultados.csv,,
WSG Tirol vs Hartberg,2025-02-09 08:30:00,Austrian Bundesliga,Over 2.5,Goles (Over/Under),historical_20250207_con_resultados.csv,,
FC Blau-Weiß Linz vs Rheindorf Altach,2025-02-15 11:00:00,Austrian Bundesliga,Over 2.5,Goles (Over/Under),historical_20250214_con_resultados.csv,,
FC Blau-Weiß Linz vs Rheindorf Altach,2025-02-15 11:00:00,Austrian Bundesliga,Under 2.5,Goles (Over/Under),historical_20250214_con_resultados.csv,,
FC Blau-Weiß Linz vs Rheindorf Altach,2025-02-15 11:00:00,Austrian Bundesliga,Over 2.0,Goles (Over/Under),historical_20250214_con_resultados.csv,,
FC Blau-Weiß Linz vs Rheindorf Altach,2025-02-15 11:00:00,Austrian Bundesliga,Under 2.0,Goles (Over/Under),historical_20250214_con_resultados.csv,,
RB Salzburg vs WSG Tirol,2025-02-15 11:00:00,Austrian Bundesliga,Over 3.5,Goles (Over/Under),historical_20250214_con_resultados.csv,,
RB Salzburg vs WSG Tirol,2025-02-15 11:00:00,Austrian Bundesliga,Under 3.5,Goles (Over/Under),historical_20250214_con_resultados.csv,,
RB Salzburg vs WSG Tirol,2025-02-15 11:00:00,Austrian Bundesliga,Over 3.0,Goles (Over/Under),historical_20250214_con_resultados.csv,,
RB Salzburg vs WSG Tirol,2025-02-15 11:00:00,Austrian Bundesliga,Under 3.0,Goles (Over/Under),historical_20250214_con_resultados.csv,,
RB Salzburg vs WSG Tirol,2025-02-15 11:00:00,Austrian Bundesliga,Over 2.5,Goles (Over/Under),historical_20250214_con_resultados.csv,,
RB Salzburg vs WSG Tirol,2025-02-15 11:00:00,Austrian Bundesliga,Under 2.5,Goles (Over/Under),historical_20250214_con_resultados.csv,,
Wolfsberger AC vs Sturm Graz,2025-02-15 11:00:00,Austrian Bundesliga,Over 2.5,Goles (Over/Under),historical_20250214_con_resultados.csv,,
Wolfsberger AC vs Sturm Graz,2025-02-15 11:00:00,Austrian Bundesliga,Under 2.5,Goles (Over/Under),historical_20250214_con_resultados.csv,,
Grazer AK vs LASK,2025-02-16 08:30:00,Austrian Bundesliga,Over 2.5,Goles (Over/Under),historical_20250214_con_resultados.csv,,
Grazer AK vs LASK,2025-02-16 08:30:00,Austrian Bundesliga,Under 2.5,Goles (Over/Under),historical_20250214_con_resultados.csv,,
Hartberg vs Austria Klagenfurt,2025-02-16 08:30:00,Austrian Bundesliga,Over 2.5,Goles (Over/Under),historical_20250214_con_resultados.csv,,
Hartberg vs Austria Klagenfurt,2025-02-16 08:30:00,Austrian Bundesliga,Under 2.5,Goles (Over/Under),historical_20250214_con_resultados.csv,,
Austria Klagenfurt vs Grazer AK,2025-02-22 11:00:00,Austrian Bundesliga,Over 2.5,Goles (Over/Under),historical_20250221_con_resultados.csv,,
Austria Klagenfurt vs Grazer AK,2025-02-22 11:00:00,Austrian Bundesliga,Under 2.5,Goles (Over/Under),historical_20250221_con_resultados.csv,,
Austria Klagenfurt vs Grazer AK,2025-02-22 11:00:00,Austrian Bundesliga,Over 2.25,Goles (Over/Under),historical_20250221_con_resultados.csv,,
Austria Klagenfurt vs Grazer AK,2025-02-22 11:00:00,Austrian Bundesliga,Under 2.25,Goles (Over/Under),historical_20250221_con_resultados.csv,,
Austria Wien vs RB Salzburg,2025-02-22 11:00:00,Austrian Bundesliga,Over 2.5,Goles (Over/Under),historical_20250221_con_resultados.csv,,
Austria Wien vs RB Salzburg,2025-02-22 11:00:00,Austrian Bundesliga,Under 2.5,Goles (Over/Under),historical_20250221_con_resultados.csv,,
WSG Tirol vs Wolfsberger AC,2025-02-22 11:00:00,Austrian Bundesliga,Over 2.5,Goles (Over/Under),historical_20250221_con_resultados.csv,,
WSG Tirol vs Wolfsberger AC,2025-02-22 11:00:00,Austrian Bundesliga,Under 2.5,Goles (Over/Under),historical_20250221_con_resultados.csv,,
WSG Tirol vs Wolfsberger AC,2025-02-22 11:00:00,Austrian Bundesliga,Over 2.25,Goles (Over/Under),historical_20250221_con_resultados.csv,,
WSG Tirol vs Wolfsberger AC,2025-02-22 11:00:00,Austrian Bundesliga,Under 2.25,Goles (Over/Under),historical_20250221_con_resultados.csv,,
Rheindorf Altach vs Hartberg,2025-02-23 08:30:00,Austrian Bundesliga,Over 2.5,Goles (Over/Under),historical_20250221_con_resultados.csv,,
Rheindorf Altach vs Hartberg,2025-02-23 08:30:00,Austrian Bundesliga,Under 2.5,Goles (Over/Under),historical_20250221_con_resultados.csv,,
Rheindorf Altach vs Hartberg,2025-02-23 08:30:00,Austrian Bundesliga,Over 2.25,Goles (Over/Under),historical_20250221_con_resultados.csv,,
Rheindorf Altach vs Hartberg,2025-02-23 08:30:00,Austrian Bundesliga,Under 2.25,Goles (Over/Under),historical_20250221_con_resultados.csv,,
Sturm Graz vs FC Blau-Weiß Linz,2025-02-23 08:30:00,Austrian Bundesliga,Over 2.5,Goles (Over/Under),historical_20250221_con_resultados.csv,,
Sturm Graz vs FC Blau-Weiß Linz,2025-02-23 08:30:00,Austrian Bundesliga,Under 2.5,Goles (Over/Under),historical_20250221_con_resultados.csv,,
Grazer AK vs Austria Wien,2025-03-01 11:00:00,Austrian Bundesliga,Over 2.5,Goles (Over/Under),historical_20250228_con_resultados.csv,,
Grazer AK vs Austria Wien,2025-03-01 11:00:00,Austrian Bundesliga,Under 2.5,Goles (Over/Under),historical_20250228_con_resultados.csv,,
Hartberg vs Wolfsberger AC,2025-03-01 11:00:00,Austrian Bundesliga,Over 2.5,Goles (Over/Under),historical_20250228_con_resultados.csv,,
Hartberg vs Wolfsberger AC,2025-03-01 11:00:00,Austrian Bundesliga,Under 2.5,Goles (Over/Under),historical_20250228_con_resultados.csv,,
Rapid Wien vs Rheindorf Altach,2025-03-01 11:00:00,Austrian Bundesliga,Over 2.75,Goles (Over/Under),historical_20250228_con_resultados.csv,,
Rapid Wien vs Rheindorf Altach,2025-03-01 11:00:00,Austrian Bundesliga,Under 2.75,Goles (Over/Under),historical_20250228_con_resultados.csv,,
Rapid Wien vs Rheindorf Altach,2025-03-01 11:00:00,Austrian Bundesliga,Over 2.5,Goles (Over/Under),historical_20250228_con_resultados.csv,,
Rapid Wien vs Rheindorf Altach,2025-03-01 11:00:00,Austrian Bundesliga,Under 2.5,Goles (Over/Under),historical_20250228_con_resultados.csv,,
Austria Klagenfurt vs LASK,2025-03-02 08:30:00,Austrian Bundesliga,Over 2.5,Goles (Over/Under),historical_20250228_con_resultados.csv,,
Austria Klagenfurt vs LASK,2025-03-02 08:30:00,Austrian Bundesliga,Under 2.5,Goles (Over/Under),historical_20250228_con_resultados.csv,,
FC Blau-Weiß Linz vs WSG Tirol,2025-03-02 08:30:00,Austrian Bundesliga,Over 2.5,Goles (Over/Under),historical_20250228_con_resultados.csv,,
FC Blau-Weiß Linz vs WSG Tirol,2025-03-02 08:30:00,Austrian Bundesliga,Under 2.5,Goles (Over/Under),historical_20250228_con_resultados.csv,,
FC Blau-Weiß Linz vs WSG Tirol,2025-03-02 08:30:00,Austrian Bundesliga,Over 2.25,Goles (Over/Under),historical_20250228_con_resultados.csv,,
FC Blau-Weiß Linz vs WSG Tirol,2025-03-02 08:30:00,Austrian Bundesliga,Under 2.25,Goles (Over/Under),historical_20250228_con_resultados.csv,,
Holstein Kiel vs TSG Hoffenheim,2025-01-18 09:30:00,Bundesliga,Over 3.0,Goles (Over/Under),historical_20250117_con_resultados.csv,,
Holstein Kiel vs TSG Hoffenheim,2025-01-18 09:30:00,Bundesliga,Under 3.0,Goles (Over/Under),historical_20250117_con_resultados.csv,,
Holstein Kiel vs TSG Hoffenheim,2025-01-18 09:30:00,Bundesliga,Over 2.75,Goles (Over/Under),historical_20250117_con_resultados.csv,,
Holstein Kiel vs TSG Hoffenheim,2025-01-18 09:30:00,Bundesliga,Under 2.75,Goles (Over/Under),historical_20250117_con_resultados.csv,,
Holstein Kiel vs TSG Hoffenheim,2025-01-18 09:30:00,Bundesliga,Over 2.5,Goles (Over/Under),historical_20250117_con_resultados.csv,,
Holstein Kiel vs TSG Hoffenheim,2025-01-18 09:30:00,Bundesliga,Under 2.5,Goles (Over/Under),historical_20250117_con_resultados.csv,,
VfL Bochum vs RB Leipzig,2025-01-18 09:30:00,Bundesliga,Over 2.75,Goles (Over/Under),historical_20250117_con_resultados.csv,,
VfL Bochum vs RB Leipzig,2025-01-18 09:30:00,Bundesliga,Over 2.5,Goles (Over/Under),historical_20250117_con_resultados.csv,,
VfL Bochum vs RB Leipzig,2025-01-18 09:30:00,Bundesliga,Under 2.5,Goles (Over/Under),historical_20250117_con_resultados.csv,,
VfL Bochum vs RB Leipzig,2025-01-18 09:30:00,Bundesliga,Under 2.75,Goles (Over/Under),historical_20250117_con_resultados.csv,,
VfL Wolfsburg vs Holstein Kiel,2025-01-24 14:30:00,Bundesliga,Under 2.5,Goles (Over/Under),historical_20250124_con_resultados.csv,,
VfL Wolfsburg vs Holstein Kiel,2025-01-24 14:30:00,Bundesliga,Over 2.5,Goles (Over/Under),historical_20250124_con_resultados.csv,,
VfL Wolfsburg vs Holstein Kiel,2025-01-24 14:30:00,Bundesliga,Over 3.5,Goles (Over/Under),historical_20250124_con_resultados.csv,,
VfL Wolfsburg vs Holstein Kiel,2025-01-24 14:30:00,Bundesliga,Under 3.5,Goles (Over/Under),historical_20250124_con_resultados.csv,,
VfL Wolfsburg vs Holstein Kiel,2025-01-24 14:30:00,Bundesliga,Over 3.0,Goles (Over/Under),historical_20250124_con_resultados.csv,,
VfL Wolfsburg vs Holstein Kiel,2025-01-24 14:30:00,Bundesliga,Under 3.0,Goles (Over/Under),historical_20250124_con_resultados.csv,,
FSV Mainz 05 vs VfB Stuttgart,2025-01-25 09:30:00,Bundesliga,Under 2.5,Goles (Over/Under),historical_20250124_con_resultados.csv,,
FSV Mainz 05 vs VfB Stuttgart,2025-01-25 09:30:00,Bundesliga,Over 2.75,Goles (Over/Under),historical_20250124_con_resultados.csv,,
FSV Mainz 05 vs VfB Stuttgart,2025-01-25 09:30:00,Bundesliga,Under 2.75,Goles (Over/Under),historical_20250124_con_resultados.csv,,
FSV Mainz 05 vs VfB Stuttgart,2025-01-25 09:30:00,Bundesliga,Over 2.5,Goles (Over/Under),historical_20250124_con_resultados.csv,,
SC Freiburg vs Bayern Munich,2025-01-25 09:30:00,Bundesliga,Over 3.25,Goles (Over/Under),historical_20250124_con_resultados.csv,,
SC Freiburg vs Bayern Munich,2025-01-25 09:30:00,Bundesliga,Under 3.25,Goles (Over/Under),historical_20250124_con_resultados.csv,,
SC Freiburg vs Bayern Munich,2025-01-25 09:30:00,Bundesliga,Under 3.5,Goles (Over/Under),historical_20250124_con_resultados.csv,,
SC Freiburg vs Bayern Munich,2025-01-25 09:30:00,Bundesliga,Over 3.5,Goles (Over/Under),historical_20250124_con_resultados.csv,,
Borussia Monchengladbach vs VfL Bochum,2025-01-25 12:30:00,Bundesliga,Under 3.0,Goles (Over/Under),historical_20250124_con_resultados.csv,,
Borussia Monchengladbach vs VfL Bochum,2025-01-25 12:30:00,Bundesliga,Over 3.0,Goles (Over/Under),historical_20250124_con_resultados.csv,,
Borussia Monchengladbach vs VfL Bochum,2025-01-25 12:30:00,Bundesliga,Over 2.5,Goles (Over/Under),historical_20250124_con_resultados.csv,,
Borussia Monchengladbach vs VfL Bochum,2025-01-25 12:30:00,Bundesliga,Under 2.5,Goles (Over/Under),historical_20250124_con_resultados.csv,,
Bayern Munich vs Werder Bremen,2025-02-07 14:30:00,Bundesliga,Under 4.0,Goles (Over/Under),historical_20250207_con_resultados.csv,,
Bayern Munich vs Werder Bremen,2025-02-07 14:30:00,Bundesliga,Over 3.5,Goles (Over/Under),historical_20250207_con_resultados.csv,,
Bayern Munich vs Werder Bremen,2025-02-07 14:30:00,Bundesliga,Over 4.0,Goles (Over/Under),historical_20250207_con_resultados.csv,,
Bayern Munich vs Werder Bremen,2025-02-07 14:30:00,Bundesliga,Under 3.5,Goles (Over/Under),historical_20250207_con_resultados.csv,,
Bayern Munich vs Werder Bremen,2025-02-07 14:30:00,Bundesliga,Under 4.5,Goles (Over/Under),historical_20250207_con_resultados.csv,,
Bayern Munich vs Werder Bremen,2025-02-07 14:30:00,Bundesliga,Over 4.5,Goles (Over/Under),historical_20250207_con_resultados.csv,,
SC Freiburg vs 1. FC Heidenheim,2025-02-08 09:30:00,Bundesliga,Under 2.5,Goles (Over/Under),historical_20250207_con_resultados.csv,,
SC Freiburg vs 1. FC Heidenheim,2025-02-08 09:30:00,Bundesliga,Over 2.5,Goles (Over/Under),historical_20250207_con_resultados.csv,,
SC Freiburg vs 1. FC Heidenheim,2025-02-08 09:30:00,Bundesliga,Over 2.75,Goles (Over/Under),historical_20250207_con_resultados.csv,,
SC Freiburg vs 1. FC Heidenheim,2025-02-08 09:30:00,Bundesliga,Under 2.75,Goles (Over/Under),historical_20250207_con_resultados.csv,,
TSG Hoffenheim vs Union Berlin,2025-02-08 09:30:00,Bundesliga,Under 2.75,Goles (Over/Under),historical_20250207_con_resultados.csv,,
TSG Hoffenheim vs Union Berlin,2025-02-08 09:30:00,Bundesliga,Over 2.75,Goles (Over/Under),historical_20250207_con_resultados.csv,,
TSG Hoffenheim vs Union Berlin,2025-02-08 09:30:00,Bundesliga,Over 2.5,Goles (Over/Under),historical_20250207_con_resultados.csv,,
TSG Hoffenheim vs Union Berlin,2025-02-08 09:30:00,Bundesliga,Under 2.5,Goles (Over/Under),historical_20250207_con_resultados.csv,,
VfL Wolfsburg vs Bayer Leverkusen,2025-02-08 09:30:00,Bundesliga,Over 2.75,Goles (Over/Under),historical_20250207_con_resultados.csv,,
VfL Wolfsburg vs Bayer Leverkusen,2025-02-08 09:30:00,Bundesliga,Under 2.75,Goles (Over/Under),historical_20250207_con_resultados.csv,,
VfL Wolfsburg vs Bayer Leverkusen,2025-02-08 09:30:00,Bundesliga,Over 3.0,Goles (Over/Under),historical_20250207_con_resultados.csv,,
VfL Wolfsburg vs Bayer Leverkusen,2025-02-08 09:30:00,Bundesliga,Under 3.0,Goles (Over/Under),historical_20250207_con_resultados.csv,,
VfL Wolfsburg vs Bayer Leverkusen,2025-02-08 09:30:00,Bundesliga,Under 2.5,Goles (Over/Under),historical_20250207_con_resultados.csv,,
VfL Wolfsburg vs Bayer Leverkusen,2025-02-08 09:30:00,Bundesliga,Over 2.5,Goles (Over/Under),historical_20250207_con_resultados.csv,,
Augsburg vs RB Leipzig,2025-02-14 14:30:00,Bundesliga,Over 2.5,Goles (Over/Under),historical_20250214_con_resultados.csv,,
Augsburg vs RB Leipzig,2025-02-14 14:30:00,Bundesliga,Under 2.5,Goles (Over/Under),historical_20250214_con_resultados.csv,,
FC St. Pauli vs SC Freiburg,2025-02-15 09:30:00,Bundesliga,Over 2.5,Goles (Over/Under),historical_20250214_con_resultados.csv,,
FC St. Pauli vs SC Freiburg,2025-02-15 09:30:00,Bundesliga,Under 2.5,Goles (Over/Under),historical_20250214_con_resultados.csv,,
FC St. Pauli vs SC Freiburg,2025-02-15 09:30:00,Bundesliga,Over 2.25,Goles (Over/Under),historical_20250214_con_resultados.csv,,
FC St. Pauli vs SC Freiburg,2025-02-15 09:30:00,Bundesliga,Under 2.25,Goles (Over/Under),historical_20250214_con_resultados.csv,,
Union Berlin vs Borussia Monchengladbach,2025-02-15 09:30:00,Bundesliga,Over 2.5,Goles (Over/Under),historical_20250214_con_resultados.csv,,
Union Berlin vs Borussia Monchengladbach,2025-02-15 09:30:00,Bundesliga,Under 2.5,Goles (Over/Under),historical_20250214_con_resultados.csv,,
Union Berlin vs Borussia Monchengladbach,2025-02-15 09:30:00,Bundesliga,Over 2.75,Goles (Over/Under),historical_20250214_con_resultados.csv,,
Union Berlin vs Borussia Monchengladbach,2025-02-15 09:30:00,Bundesliga,Under 2.75,Goles (Over/Under),historical_20250214_con_resultados.csv,,
VfB Stuttgart vs VfL Wolfsburg,2025-02-15 09:30:00,Bundesliga,Over 2.5,Goles (Over/Under),historical_20250214_con_resultados.csv,,
VfB Stuttgart vs VfL Wolfsburg,2025-02-15 09:30:00,Bundesliga,Under 2.5,Goles (Over/Under),historical_20250214_con_resultados.csv,,
VfB Stuttgart vs VfL Wolfsburg,2025-02-15 09:30:00,Bundesliga,Over 3.5,Goles (Over/Under),historical_20250214_con_resultados.csv,,
VfB Stuttgart vs VfL Wolfsburg,2025-02-15 09:30:00,Bundesliga,Under 3.5,Goles (Over/Under),historical_20250214_con_resultados.csv,,
VfB Stuttgart vs VfL Wolfsburg,2025-02-15 09:30:00,Bundesliga,Over 3.0,Goles (Over/Under),historical_20250214_con_resultados.csv,,
VfB Stuttgart vs VfL Wolfsburg,2025-02-15 09:30:00,Bundesliga,Under 3.0,Goles (Over/Under),historical_20250214_con_resultados.csv,,
VfL Bochum vs Borussia Dortmund,2025-02-15 09:30:00,Bundesliga,Over 2.5,Goles (Over/Under),historical_20250214_con_resultados.csv,,
VfL Bochum vs Borussia Dortmund,2025-02-15 09:30:00,Bundesliga,Under 2.5,Goles (Over/Under),historical_20250214_con_resultados.csv,,
VfL Bochum vs Borussia Dortmund,2025-02-15 09:30:00,Bundesliga,Over 3.0,Goles (Over/Under),historical_20250214_con_resultados.csv,,
VfL Bochum vs Borussia Dortmund,2025-02-15 09:30:00,Bundesliga,Under 3.0,Goles (Over/Under),historical_20250214_con_resultados.csv,,
Bayer Leverkusen vs Bayern Munich,2025-02-15 12:30:00,Bundesliga,Over 2.5,Goles (Over/Under),historical_20250214_con_resultados.csv,,
Bayer Leverkusen vs Bayern Munich,2025-02-15 12:30:00,Bundesliga,Under 2.5,Goles (Over/Under),historical_20250214_con_resultados.csv,,
Bayer Leverkusen vs Bayern Munich,2025-02-15 12:30:00,Bundesliga,Over 2.75,Goles (Over/Under),historical_20250214_con_resultados.csv,,
Bayer Leverkusen vs Bayern Munich,2025-02-15 12:30:00,Bundesliga,Under 2.75,Goles (Over/Under),historical_20250214_con_resultados.csv,,
SC Freiburg vs Werder Bremen,2025-02-21 14:30:00,Bundesliga,Over 2.5,Goles (Over/Under),historical_20250221_con_resultados.csv,,
SC Freiburg vs Werder Bremen,2025-02-21 14:30:00,Bundesliga,Under 2.5,Goles (Over/Under),historical_20250221_con_resultados.csv,,
Borussia Monchengladbach vs Augsburg,2025-02-22 09:30:00,Bundesliga,Over 2.5,Goles (Over/Under),historical_20250221_con_resultados.csv,,
Borussia Monchengladbach vs Augsburg,2025-02-22 09:30:00,Bundesliga,Under 2.5,Goles (Over/Under),historical_20250221_con_resultados.csv,,
Borussia Monchengladbach vs Augsburg,2025-02-22 09:30:00,Bundesliga,Over 2.75,Goles (Over/Under),historical_20250221_con_resultados.csv,,
Borussia Monchengladbach vs Augsburg,2025-02-22 09:30:00,Bundesliga,Under 2.75,Goles (Over/Under),historical_20250221_con_resultados.csv,,
FSV Mainz 05 vs FC St. Pauli,2025-02-22 09:30:00,Bundesliga,Over 2.5,Goles (Over/Under),historical_20250221_con_resultados.csv,,
FSV Mainz 05 vs FC St. Pauli,2025-02-22 09:30:00,Bundesliga,Under 2.5,Goles (Over/Under),historical_20250221_con_resultados.csv,,
FSV Mainz 05 vs FC St. Pauli,2025-02-22 09:30:00,Bundesliga,Over 2.25,Goles (Over/Under),historical_20250221_con_resultados.csv,,
FSV Mainz 05 vs FC St. Pauli,2025-02-22 09:30:00,Bundesliga,Under 2.25,Goles (Over/Under),historical_20250221_con_resultados.csv,,
Holstein Kiel vs Bayer Leverkusen,2025-02-22 09:30:00,Bundesliga,Over 3.5,Goles (Over/Under),historical_20250221_con_resultados.csv,,
Holstein Kiel vs Bayer Leverkusen,2025-02-22 09:30:00,Bundesliga,Under 3.5,Goles (Over/Under),historical_20250221_con_resultados.csv,,
Holstein Kiel vs Bayer Leverkusen,2025-02-22 09:30:00,Bundesliga,Over 3.25,Goles (Over/Under),historical_20250221_con_resultados.csv,,
Holstein Kiel vs Bayer Leverkusen,2025-02-22 09:30:00,Bundesliga,Under 3.25,Goles (Over/Under),historical_20250221_con_resultados.csv,,
VfL Wolfsburg vs VfL Bochum,2025-02-22 09:30:00,Bundesliga,Over 2.5,Goles (Over/Under),historical_20250221_con_resultados.csv,,
VfL Wolfsburg vs VfL Bochum,2025-02-22 09:30:00,Bundesliga,Under 2.5,Goles (Over/Under),historical_20250221_con_resultados.csv,,
VfL Wolfsburg vs VfL Bochum,2025-02-22 09:30:00,Bundesliga,Over 3.0,Goles (Over/Under),historical_20250221_con_resultados.csv,,
VfL Wolfsburg vs VfL Bochum,2025-02-22 09:30:00,Bundesliga,Under 3.0,Goles (Over/Under),historical_20250221_con_resultados.csv,,
Borussia Dortmund vs Union Berlin,2025-02-22 12:30:00,Bundesliga,Over 2.5,Goles (Over/Under),historical_20250221_con_resultados.csv,,
Borussia Dortmund vs Union Berlin,2025-02-22 12:30:00,Bundesliga,Under 2.5,Goles (Over/Under),historical_20250221_con_resultados.csv,,
Borussia Dortmund vs Union Berlin,2025-02-22 12:30:00,Bundesliga,Over 3.0,Goles (Over/Under),historical_20250221_con_resultados.csv,,
Borussia Dortmund vs Union Berlin,2025-02-22 12:30:00,Bundesliga,Under 3.0,Goles (Over/Under),historical_20250221_con_resultados.csv,,
VfB Stuttgart vs Bayern Munich,2025-02-28 14:30:00,Bundesliga,Over 3.5,Goles (Over/Under),historical_20250228_con_resultados.csv,,
VfB Stuttgart vs Bayern Munich,2025-02-28 14:30:00,Bundesliga,Under 3.5,Goles (Over/Under),historical_20250228_con_resultados.csv,,
VfB Stuttgart vs Bayern Munich,2025-02-28 14:30:00,Bundesliga,Over 3.0,Goles (Over/Under),historical_20250228_con_resultados.csv,,
VfB Stuttgart vs Bayern Munich,2025-02-28 14:30:00,Bundesliga,Under 3.0,Goles (Over/Under),historical_20250228_con_resultados.csv,,
1. FC Heidenheim vs Borussia Monchengladbach,2025-03-01 09:30:00,Bundesliga,Over 3.0,Goles (Over/Under),historical_20250228_con_resultados.csv,,
1. FC Heidenheim vs Borussia Monchengladbach,2025-03-01 09:30:00,Bundesliga,Under 3.0,Goles (Over/Under),historical_20250228_con_resultados.csv,,
1. FC Heidenheim vs Borussia Monchengladbach,2025-03-01 09:30:00,Bundesliga,Over 2.5,Goles (Over/Under),historical_20250228_con_resultados.csv,,
1. FC Heidenheim vs Borussia Monchengladbach,2025-03-01 09:30:00,Bundesliga,Under 2.5,Goles (Over/Under),historical_20250228_con_resultados.csv,,
FC St. Pauli vs Borussia Dortmund,2025-03-01 09:30:00,Bundesliga,Over 2.5,Goles (Over/Under),historical_20250228_con_resultados.csv,,
FC St. Pauli vs Borussia Dortmund,2025-03-01 09:30:00,Bundesliga,Under 2.5,Goles (Over/Under),historical_20250228_con_resultados.csv,,
FC St. Pauli vs Borussia Dortmund,2025-03-01 09:30:00,Bundesliga,Over 2.75,Goles (Over/Under),historical_20250228_con_resultados.csv,,
FC St. Pauli vs Borussia Dortmund,2025-03-01 09:30:00,Bundesliga,Under 2.75,Goles (Over/Under),historical_20250228_con_resultados.csv,,
RB Leipzig vs FSV Mainz 05,2025-03-01 09:30:00,Bundesliga,Over 2.5,Goles (Over/Under),historical_20250228_con_resultados.csv,,
RB Leipzig vs FSV Mainz 05,2025-03-01 09:30:00,Bundesliga,Under 2.5,Goles (Over/Under),historical_20250228_con_resultados.csv,,
RB Leipzig vs FSV Mainz 05,2025-03-01 09:30:00,Bundesliga,Over 2.75,Goles (Over/Under),historical_20250228_con_resultados.csv,,
RB Leipzig vs FSV Mainz 05,2025-03-01 09:30:00,Bundesliga,Under 2.75,Goles (Over/Under),historical_20250228_con_resultados.csv,,
VfL Bochum vs TSG Hoffenheim,2025-03-01 09:30:00,Bundesliga,Over 3.0,Goles (Over/Under),historical_20250228_con_resultados.csv,,
VfL Bochum vs TSG Hoffenheim,2025-03-01 09:30:00,Bundesliga,Under 3.0,Goles (Over/Under),historical_20250228_con_resultados.csv,,
VfL Bochum vs TSG Hoffenheim,2025-03-01 09:30:00,Bundesliga,Over 2.5,Goles (Over/Under),historical_20250228_con_resultados.csv,,
VfL Bochum vs TSG Hoffenheim,2025-03-01 09:30:00,Bundesliga,Under 2.5,Goles (Over/Under),historical_20250228_con_resultados.csv,,
Werder Bremen vs VfL Wolfsburg,2025-03-01 09:30:00,Bundesliga,Over 2.5,Goles (Over/Under),historical_20250228_con_resultados.csv,,
Werder Bremen vs VfL Wolfsburg,2025-03-01 09:30:00,Bundesliga,Under 2.5,Goles (Over/Under),historical_20250228_con_resultados.csv,,
Werder Bremen vs VfL Wolfsburg,2025-03-01 09:30:00,Bundesliga,Over 2.75,Goles (Over/Under),historical_20250228_con_resultados.csv,,
Werder Bremen vs VfL Wolfsburg,2025-03-01 09:30:00,Bundesliga,Under 2.75,Goles (Over/Under),historical_20250228_con_resultados.csv,,
Eintracht Frankfurt vs Bayer Leverkusen,2025-03-01 12:30:00,Bundesliga,Over 2.5,Goles (Over/Under),historical_20250228_con_resultados.csv,,
Eintracht Frankfurt vs Bayer Leverkusen,2025-03-01 12:30:00,Bundesliga,Under 2.5,Goles (Over/Under),historical_20250228_con_resultados.csv,,
Eintracht Frankfurt vs Bayer Leverkusen,2025-03-01 12:30:00,Bundesliga,Over 2.75,Goles (Over/Under),historical_20250228_con_resultados.csv,,
Eintracht Frankfurt vs Bayer Leverkusen,2025-03-01 12:30:00,Bundesliga,Under 2.75,Goles (Over/Under),historical_20250228_con_resultados.csv,,
Jahn Regensburg vs Hannover 96,2025-01-17 12:30:00,Bundesliga 2,Under 2.5,Goles (Over/Under),historical_20250117_con_resultados.csv,,
Jahn Regensburg vs Hannover 96,2025-01-17 12:30:00,Bundesliga 2,Over 2.5,Goles (Over/Under),historical_20250117_con_resultados.csv,,
SC Preußen Münster vs Greuther Fürth,2025-01-18 07:00:00,Bundesliga 2,Under 2.5,Goles (Over/Under),historical_20250117_con_resultados.csv,,
SC Preußen Münster vs Greuther Fürth,2025-01-18 07:00:00,Bundesliga 2,Over 2.75,Goles (Over/Under),historical_20250117_con_resultados.csv,,
SC Preußen Münster vs Greuther Fürth,2025-01-18 07:00:00,Bundesliga 2,Over 2.5,Goles (Over/Under),historical_20250117_con_resultados.csv,,
SC Preußen Münster vs Greuther Fürth,2025-01-18 07:00:00,Bundesliga 2,Under 2.75,Goles (Over/Under),historical_20250117_con_resultados.csv,,
Hannover 96 vs SC Preußen Münster,2025-01-26 07:30:00,Bundesliga 2,Over 2.5,Goles (Over/Under),historical_20250124_con_resultados.csv,,
Hannover 96 vs SC Preußen Münster,2025-01-26 07:30:00,Bundesliga 2,Under 2.5,Goles (Over/Under),historical_20250124_con_resultados.csv,,
SC Preußen Münster vs Hamburger SV,2025-02-07 12:30:00,Bundesliga 2,Over 2.5,Goles (Over/Under),historical_20250207_con_resultados.csv,,
SC Preußen Münster vs Hamburger SV,2025-02-07 12:30:00,Bundesliga 2,Under 2.5,Goles (Over/Under),historical_20250207_con_resultados.csv,,
SC Preußen Münster vs Hamburger SV,2025-02-07 12:30:00,Bundesliga 2,Under 2.75,Goles (Over/Under),historical_20250207_con_resultados.csv,,
SC Preußen Münster vs Hamburger SV,2025-02-07 12:30:00,Bundesliga 2,Over 2.75,Goles (Over/Under),historical_20250207_con_resultados.csv,,
1. FC Kaiserslautern vs Hannover 96,2025-02-15 07:00:00,Bundesliga 2,Over 2.5,Goles (Over/Under),historical_20250214_con_resultados.csv,,
1. FC Kaiserslautern vs Hannover 96,2025-02-15 07:00:00,Bundesliga 2,Under 2.5,Goles (Over/Under),historical_20250214_con_resultados.csv,,
1. FC Kaiserslautern vs Hannover 96,2025-02-15 07:00:00,Bundesliga 2,Over 2.75,Goles (Over/Under),historical_20250214_con_resultados.csv,,
1. FC Kaiserslautern vs Hannover 96,2025-02-15 07:00:00,Bundesliga 2,Under 2.75,Goles (Over/Under),historical_20250214_con_resultados.csv,,
Elversberg vs Greuther Fürth,2025-02-15 07:00:00,Bundesliga 2,Over 2.5,Goles (Over/Under),historical_20250214_con_resultados.csv,,
Elversberg vs Greuther Fürth,2025-02-15 07:00:00,Bundesliga 2,Under 2.5,Goles (Over/Under),historical_20250214_con_resultados.csv,,
Elversberg vs Greuther Fürth,2025-02-15 07:00:00,Bundesliga 2,Over 3.0,Goles (Over/Under),historical_20250214_con_resultados.csv,,
Elversberg vs Greuther Fürth,2025-02-15 07:00:00,Bundesliga 2,Under 3.0,Goles (Over/Under),historical_20250214_con_resultados.csv,,
Elversberg vs Greuther Fürth,2025-02-15 07:00:00,Bundesliga 2,Over 3.5,Goles (Over/Under),historical_20250214_con_resultados.csv,,
Elversberg vs Greuther Fürth,2025-02-15 07:00:00,Bundesliga 2,Under 3.5,Goles (Over/Under),historical_20250214_con_resultados.csv,,
Hannover 96 vs SC Paderborn,2025-02-22 14:30:00,Bundesliga 2,Over 2.5,Goles (Over/Under),historical_20250221_con_resultados.csv,,
Hannover 96 vs SC Paderborn,2025-02-22 14:30:00,Bundesliga 2,Under 2.5,Goles (Over/Under),historical_20250221_con_resultados.csv,,
Hannover 96 vs SC Paderborn,2025-02-22 14:30:00,Bundesliga 2,Over 2.75,Goles (Over/Under),historical_20250221_con_resultados.csv,,
Hannover 96 vs SC Paderborn,2025-02-22 14:30:00,Bundesliga 2,Under 2.75,Goles (Over/Under),historical_20250221_con_resultados.csv,,
Greuther Fürth vs Eintracht Braunschweig,2025-02-23 07:30:00,Bundesliga 2,Over 2.5,Goles (Over/Under),historical_20250221_con_resultados.csv,,
Greuther Fürth vs Eintracht Braunschweig,2025-02-23 07:30:00,Bundesliga 2,Under 2.5,Goles (Over/Under),historical_20250221_con_resultados.csv,,
Greuther Fürth vs Eintracht Braunschweig,2025-02-23 07:30:00,Bundesliga 2,Over 2.75,Goles (Over/Under),historical_20250221_con_resultados.csv,,
Greuther Fürth vs Eintracht Braunschweig,2025-02-23 07:30:00,Bundesliga 2,Under 2.75,Goles (Over/Under),historical_20250221_con_resultados.csv,,
FC Schalke 04 vs SC Preußen Münster,2025-02-28 12:30:00,Bundesliga 2,Over 2.5,Goles (Over/Under),historical_20250228_con_resultados.csv,,
FC Schalke 04 vs SC Preußen Münster,2025-02-28 12:30:00,Bundesliga 2,Under 2.5,Goles (Over/Under),historical_20250228_con_resultados.csv,,
FC Schalke 04 vs SC Preußen Münster,2025-02-28 12:30:00,Bundesliga 2,Over 2.75,Goles (Over/Under),historical_20250228_con_resultados.csv,,
FC Schalke 04 vs SC Preußen Münster,2025-02-28 12:30:00,Bundesliga 2,Under 2.75,Goles (Over/Under),historical_20250228_con_resultados.csv,,
West Bromwich Albion vs Sheffield Wednesday,2025-02-08 07:30:00,Championship,Over 2.5,Goles (Over/Under),historical_20250207_con_resultados.csv,,
West Bromwich Albion vs Sheffield Wednesday,2025-02-08 07:30:00,Championship,Under 2.25,Goles (Over/Under),historical_20250207_con_resultados.csv,,
West Bromwich Albion vs Sheffield Wednesday,2025-02-08 07:30:00,Championship,Over 2.25,Goles (Over/Under),historical_20250207_con_resultados.csv,,
West Bromwich Albion vs Sheffield Wednesday,2025-02-08 07:30:00,Championship,Under 2.5,Goles (Over/Under),historical_20250207_con_resultados.csv,,
Norwich City vs Derby County,2025-02-08 10:00:00,Championship,Over 2.5,Goles (Over/Under),historical_20250207_con_resultados.csv,,
Norwich City vs Derby County,2025-02-08 10:00:00,Championship,Under 2.5,Goles (Over/Under),historical_20250207_con_resultados.csv,,
Sheffield United vs Portsmouth,2025-02-08 10:00:00,Championship,Under 2.5,Goles (Over/Under),historical_20250207_con_resultados.csv,,
Sheffield United vs Portsmouth,2025-02-08 10:00:00,Championship,Over 2.5,Goles (Over/Under),historical_20250207_con_resultados.csv,,
Bristol City vs Swansea City,2025-02-09 07:00:00,Championship,Under 2.5,Goles (Over/Under),historical_20250207_con_resultados.csv,,
Bristol City vs Swansea City,2025-02-09 07:00:00,Championship,Over 2.5,Goles (Over/Under),historical_20250207_con_resultados.csv,,
Bristol City vs Swansea City,2025-02-09 07:00:00,Championship,Over 2.25,Goles (Over/Under),historical_20250207_con_resultados.csv,,
Bristol City vs Swansea City,2025-02-09 07:00:00,Championship,Under 2.25,Goles (Over/Under),historical_20250207_con_resultados.csv,,
Queens Park Rangers vs Derby County,2025-02-14 15:00:00,Championship,Over 2.0,Goles (Over/Under),historical_20250214_con_resultados.csv,,
Queens Park Rangers vs Derby County,2025-02-14 15:00:00,Championship,Under 2.0,Goles (Over/Under),historical_20250214_con_resultados.csv,,
Queens Park Rangers vs Derby County,2025-02-14 15:00:00,Championship,Over 1.5,Goles (Over/Under),historical_20250214_con_resultados.csv,,
Queens Park Rangers vs Derby County,2025-02-14 15:00:00,Championship,Under 1.5,Goles (Over/Under),historical_20250214_con_resultados.csv,,
Queens Park Rangers vs Derby County,2025-02-14 15:00:00,Championship,Over 2.5,Goles (Over/Under),historical_20250214_con_resultados.csv,,
Queens Park Rangers vs Derby County,2025-02-14 15:00:00,Championship,Under 2.5,Goles (Over/Under),historical_20250214_con_resultados.csv,,
Cardiff City vs Bristol City,2025-02-15 07:30:00,Championship,Over 2.25,Goles (Over/Under),historical_20250214_con_resultados.csv,,
Cardiff City vs Bristol City,2025-02-15 07:30:00,Championship,Under 2.25,Goles (Over/Under),historical_20250214_con_resultados.csv,,
Cardiff City vs Bristol City,2025-02-15 07:30:00,Championship,Over 2.5,Goles (Over/Under),historical_20250214_con_resultados.csv,,
Cardiff City vs Bristol City,2025-02-15 07:30:00,Championship,Under 2.5,Goles (Over/Under),historical_20250214_con_resultados.csv,,
Oxford United vs Portsmouth,2025-02-15 07:30:00,Championship,Over 2.5,Goles (Over/Under),historical_20250214_con_resultados.csv,,
Oxford United vs Portsmouth,2025-02-15 07:30:00,Championship,Under 2.5,Goles (Over/Under),historical_20250214_con_resultados.csv,,
Oxford United vs Portsmouth,2025-02-15 07:30:00,Championship,Over 2.25,Goles (Over/Under),historical_20250214_con_resultados.csv,,
Oxford United vs Portsmouth,2025-02-15 07:30:00,Championship,Under 2.25,Goles (Over/Under),historical_20250214_con_resultados.csv,,
Preston North End vs Burnley,2025-02-15 07:30:00,Championship,Over 1.5,Goles (Over/Under),historical_20250214_con_resultados.csv,,
Preston North End vs Burnley,2025-02-15 07:30:00,Championship,Under 1.5,Goles (Over/Under),historical_20250214_con_resultados.csv,,
Preston North End vs Burnley,2025-02-15 07:30:00,Championship,Over 1.75,Goles (Over/Under),historical_20250214_con_resultados.csv,,
Preston North End vs Burnley,2025-02-15 07:30:00,Championship,Under 1.75,Goles (Over/Under),historical_20250214_con_resultados.csv,,
Blackburn Rovers vs Plymouth Argyle,2025-02-15 10:00:00,Championship,Over 2.5,Goles (Over/Under),historical_20250214_con_resultados.csv,,
Blackburn Rovers vs Plymouth Argyle,2025-02-15 10:00:00,Championship,Under 2.5,Goles (Over/Under),historical_20250214_con_resultados.csv,,
Hull City vs Norwich City,2025-02-15 10:00:00,Championship,Over 2.5,Goles (Over/Under),historical_20250214_con_resultados.csv,,
Hull City vs Norwich City,2025-02-15 10:00:00,Championship,Under 2.5,Goles (Over/Under),historical_20250214_con_resultados.csv,,
Luton vs Sheffield United,2025-02-15 10:00:00,Championship,Over 2.5,Goles (Over/Under),historical_20250214_con_resultados.csv,,
Luton vs Sheffield United,2025-02-15 10:00:00,Championship,Under 2.5,Goles (Over/Under),historical_20250214_con_resultados.csv,,
Luton vs Sheffield United,2025-02-15 10:00:00,Championship,Over 2.25,Goles (Over/Under),historical_20250214_con_resultados.csv,,
Luton vs Sheffield United,2025-02-15 10:00:00,Championship,Under 2.25,Goles (Over/Under),historical_20250214_con_resultados.csv,,
Middlesbrough vs Watford,2025-02-15 10:00:00,Championship,Over 3.0,Goles (Over/Under),historical_20250214_con_resultados.csv,,
Middlesbrough vs Watford,2025-02-15 10:00:00,Championship,Under 3.0,Goles (Over/Under),historical_20250214_con_resultados.csv,,
Middlesbrough vs Watford,2025-02-15 10:00:00,Championship,Over 2.5,Goles (Over/Under),historical_20250214_con_resultados.csv,,
Middlesbrough vs Watford,2025-02-15 10:00:00,Championship,Under 2.5,Goles (Over/Under),historical_20250214_con_resultados.csv,,
Middlesbrough vs Watford,2025-02-15 10:00:00,Championship,Over 2.75,Goles (Over/Under),historical_20250214_con_resultados.csv,,
Middlesbrough vs Watford,2025-02-15 10:00:00,Championship,Under 2.75,Goles (Over/Under),historical_20250214_con_resultados.csv,,
Millwall vs West Bromwich Albion,2025-02-15 10:00:00,Championship,Over 2.5,Goles (Over/Under),historical_20250214_con_resultados.csv,,
Millwall vs West Bromwich Albion,2025-02-15 10:00:00,Championship,Under 2.5,Goles (Over/Under),historical_20250214_con_resultados.csv,,
Millwall vs West Bromwich Albion,2025-02-15 10:00:00,Championship,Over 2.0,Goles (Over/Under),historical_20250214_con_resultados.csv,,
Millwall vs West Bromwich Albion,2025-02-15 10:00:00,Championship,Under 2.0,Goles (Over/Under),historical_20250214_con_resultados.csv,,
Sheffield Wednesday vs Coventry City,2025-02-15 10:00:00,Championship,Over 2.5,Goles (Over/Under),historical_20250214_con_resultados.csv,,
Sheffield Wednesday vs Coventry City,2025-02-15 10:00:00,Championship,Under 2.5,Goles (Over/Under),historical_20250214_con_resultados.csv,,
Stoke City vs Swansea City,2025-02-15 10:00:00,Championship,Over 2.5,Goles (Over/Under),historical_20250214_con_resultados.csv,,
Stoke City vs Swansea City,2025-02-15 10:00:00,Championship,Under 2.5,Goles (Over/Under),historical_20250214_con_resultados.csv,,
Stoke City vs Swansea City,2025-02-15 10:00:00,Championship,Over 2.25,Goles (Over/Under),historical_20250214_con_resultados.csv,,
Stoke City vs Swansea City,2025-02-15 10:00:00,Championship,Under 2.25,Goles (Over/Under),historical_20250214_con_resultados.csv,,
Plymouth Argyle vs Cardiff City,2025-02-22 07:30:00,Championship,Over 2.5,Goles (Over/Under),historical_20250221_con_resultados.csv,,
Plymouth Argyle vs Cardiff City,2025-02-22 07:30:00,Championship,Under 2.5,Goles (Over/Under),historical_20250221_con_resultados.csv,,
Coventry City vs Preston North End,2025-02-22 10:00:00,Championship,Over 2.25,Goles (Over/Under),historical_20250221_con_resultados.csv,,
Coventry City vs Preston North End,2025-02-22 10:00:00,Championship,Under 2.25,Goles (Over/Under),historical_20250221_con_resultados.csv,,
Coventry City vs Preston North End,2025-02-22 10:00:00,Championship,Over 2.5,Goles (Over/Under),historical_20250221_con_resultados.csv,,
Coventry City vs Preston North End,2025-02-22 10:00:00,Championship,Under 2.5,Goles (Over/Under),historical_20250221_con_resultados.csv,,
Norwich City vs Stoke City,2025-02-22 10:00:00,Championship,Over 2.5,Goles (Over/Under),historical_20250221_con_resultados.csv,,
Norwich City vs Stoke City,2025-02-22 10:00:00,Championship,Under 2.5,Goles (Over/Under),historical_20250221_con_resultados.csv,,
Portsmouth vs Queens Park Rangers,2025-02-22 10:00:00,Championship,Over 2.5,Goles (Over/Under),historical_20250221_con_resultados.csv,,
Portsmouth vs Queens Park Rangers,2025-02-22 10:00:00,Championship,Under 2.5,Goles (Over/Under),historical_20250221_con_resultados.csv,,
Portsmouth vs Queens Park Rangers,2025-02-22 10:00:00,Championship,Over 2.25,Goles (Over/Under),historical_20250221_con_resultados.csv,,
Portsmouth vs Queens Park Rangers,2025-02-22 10:00:00,Championship,Under 2.25,Goles (Over/Under),historical_20250221_con_resultados.csv,,
West Bromwich Albion vs Oxford United,2025-02-22 10:00:00,Championship,Over 2.25,Goles (Over/Under),historical_20250221_con_resultados.csv,,
West Bromwich Albion vs Oxford United,2025-02-22 10:00:00,Championship,Under 2.25,Goles (Over/Under),historical_20250221_con_resultados.csv,,
West Bromwich Albion vs Oxford United,2025-02-22 10:00:00,Championship,Over 2.5,Goles (Over/Under),historical_20250221_con_resultados.csv,,
West Bromwich Albion vs Oxford United,2025-02-22 10:00:00,Championship,Under 2.5,Goles (Over/Under),historical_20250221_con_resultados.csv,,
Watford vs Luton,2025-02-23 07:00:00,Championship,Over 2.25,Goles (Over/Under),historical_20250221_con_resultados.csv,,
Watford vs Luton,2025-02-23 07:00:00,Championship,Under 2.25,Goles (Over/Under),historical_20250221_con_resultados.csv,,
Watford vs Luton,2025-02-23 07:00:00,Championship,Over 2.5,Goles (Over/Under),historical_20250221_con_resultados.csv,,
Watford vs Luton,2025-02-23 07:00:00,Championship,Under 2.5,Goles (Over/Under),historical_20250221_con_resultados.csv,,
Sheffield Wednesday vs Sunderland,2025-02-28 15:00:00,Championship,Over 2.5,Goles (Over/Under),historical_20250228_con_resultados.csv,,
Sheffield Wednesday vs Sunderland,2025-02-28 15:00:00,Championship,Under 2.5,Goles (Over/Under),historical_20250228_con_resultados.csv,,
Sheffield Wednesday vs Sunderland,2025-02-28 15:00:00,Championship,Over 2.25,Goles (Over/Under),historical_20250228_con_resultados.csv,,
Sheffield Wednesday vs Sunderland,2025-02-28 15:00:00,Championship,Under 2.25,Goles (Over/Under),historical_20250228_con_resultados.csv,,
Blackburn Rovers vs Norwich City,2025-03-01 07:30:00,Championship,Over 2.25,Goles (Over/Under),historical_20250228_con_resultados.csv,,
Blackburn Rovers vs Norwich City,2025-03-01 07:30:00,Championship,Under 2.25,Goles (Over/Under),historical_20250228_con_resultados.csv,,
Blackburn Rovers vs Norwich City,2025-03-01 07:30:00,Championship,Over 2.5,Goles (Over/Under),historical_20250228_con_resultados.csv,,
Blackburn Rovers vs Norwich City,2025-03-01 07:30:00,Championship,Under 2.5,Goles (Over/Under),historical_20250228_con_resultados.csv,,
Leeds United vs West Bromwich Albion,2025-03-01 07:30:00,Championship,Over 2.5,Goles (Over/Under),historical_20250228_con_resultados.csv,,
Leeds United vs West Bromwich Albion,2025-03-01 07:30:00,Championship,Under 2.5,Goles (Over/Under),historical_20250228_con_resultados.csv,,
Leeds United vs West Bromwich Albion,2025-03-01 07:30:00,Championship,Over 2.75,Goles (Over/Under),historical_20250228_con_resultados.csv,,
Leeds United vs West Bromwich Albion,2025-03-01 07:30:00,Championship,Under 2.75,Goles (Over/Under),historical_20250228_con_resultados.csv,,
Oxford United vs Coventry City,2025-03-01 07:30:00,Championship,Over 2.5,Goles (Over/Under),historical_20250228_con_resultados.csv,,
Oxford United vs Coventry City,2025-03-01 07:30:00,Championship,Under 2.5,Goles (Over/Under),historical_20250228_con_resultados.csv,,
Luton vs Portsmouth,2025-03-01 10:00:00,Championship,Over 2.5,Goles (Over/Under),historical_20250228_con_resultados.csv,,
Luton vs Portsmouth,2025-03-01 10:00:00,Championship,Under 2.5,Goles (Over/Under),historical_20250228_con_resultados.csv,,
Middlesbrough vs Derby County,2025-03-01 10:00:00,Championship,Over 2.5,Goles (Over/Under),historical_20250228_con_resultados.csv,,
Middlesbrough vs Derby County,2025-03-01 10:00:00,Championship,Under 2.5,Goles (Over/Under),historical_20250228_con_resultados.csv,,
Queens Park Rangers vs Sheffield United,2025-03-01 10:00:00,Championship,Over 2.5,Goles (Over/Under),historical_20250228_con_resultados.csv,,
Queens Park Rangers vs Sheffield United,2025-03-01 10:00:00,Championship,Under 2.5,Goles (Over/Under),historical_20250228_con_resultados.csv,,
Queens Park Rangers vs Sheffield United,2025-03-01 10:00:00,Championship,Over 2.25,Goles (Over/Under),historical_20250228_con_resultados.csv,,
Queens Park Rangers vs Sheffield United,2025-03-01 10:00:00,Championship,Under 2.25,Goles (Over/Under),historical_20250228_con_resultados.csv,,
Stoke City vs Watford,2025-03-01 10:00:00,Championship,Over 2.5,Goles (Over/Under),historical_20250228_con_resultados.csv,,
Stoke City vs Watford,2025-03-01 10:00:00,Championship,Under 2.5,Goles (Over/Under),historical_20250228_con_resultados.csv,,
GKS Katowice vs Stal Mielec,2025-01-31 12:00:00,Ekstraklasa,Over 2.75,Goles (Over/Under),historical_20250131_con_resultados.csv,,
GKS Katowice vs Stal Mielec,2025-01-31 12:00:00,Ekstraklasa,Under 2.5,Goles (Over/Under),historical_20250131_con_resultados.csv,,
GKS Katowice vs Stal Mielec,2025-01-31 12:00:00,Ekstraklasa,Over 2.5,Goles (Over/Under),historical_20250131_con_resultados.csv,,
GKS Katowice vs Stal Mielec,2025-01-31 12:00:00,Ekstraklasa,Under 2.75,Goles (Over/Under),historical_20250131_con_resultados.csv,,
Lech Poznań vs Widzew Łódź,2025-01-31 14:30:00,Ekstraklasa,Under 2.5,Goles (Over/Under),historical_20250131_con_resultados.csv,,
Lech Poznań vs Widzew Łódź,2025-01-31 14:30:00,Ekstraklasa,Over 2.5,Goles (Over/Under),historical_20250131_con_resultados.csv,,
Lech Poznań vs Widzew Łódź,2025-01-31 14:30:00,Ekstraklasa,Over 2.75,Goles (Over/Under),historical_20250131_con_resultados.csv,,
Lech Poznań vs Widzew Łódź,2025-01-31 14:30:00,Ekstraklasa,Under 2.75,Goles (Over/Under),historical_20250131_con_resultados.csv,,
Lech Poznań vs Widzew Łódź,2025-01-31 14:30:00,Ekstraklasa,Under 3.0,Goles (Over/Under),historical_20250131_con_resultados.csv,,
Lech Poznań vs Widzew Łódź,2025-01-31 14:30:00,Ekstraklasa,Over 3.0,Goles (Over/Under),historical_20250131_con_resultados.csv,,
Motor Lublin vs Lechia Gdańsk,2025-02-01 08:45:00,Ekstraklasa,Over 2.75,Goles (Over/Under),historical_20250131_con_resultados.csv,,
Motor Lublin vs Lechia Gdańsk,2025-02-01 08:45:00,Ekstraklasa,Under 2.75,Goles (Over/Under),historical_20250131_con_resultados.csv,,
Motor Lublin vs Lechia Gdańsk,2025-02-01 08:45:00,Ekstraklasa,Over 2.5,Goles (Over/Under),historical_20250131_con_resultados.csv,,
Motor Lublin vs Lechia Gdańsk,2025-02-01 08:45:00,Ekstraklasa,Under 2.5,Goles (Over/Under),historical_20250131_con_resultados.csv,,
Cracovia Kraków vs Raków Częstochowa,2025-02-01 11:30:00,Ekstraklasa,Under 2.5,Goles (Over/Under),historical_20250131_con_resultados.csv,,
Cracovia Kraków vs Raków Częstochowa,2025-02-01 11:30:00,Ekstraklasa,Over 2.25,Goles (Over/Under),historical_20250131_con_resultados.csv,,
Cracovia Kraków vs Raków Częstochowa,2025-02-01 11:30:00,Ekstraklasa,Over 2.5,Goles (Over/Under),historical_20250131_con_resultados.csv,,
Cracovia Kraków vs Raków Częstochowa,2025-02-01 11:30:00,Ekstraklasa,Under 2.25,Goles (Over/Under),historical_20250131_con_resultados.csv,,
Pogoń Szczecin vs Zagłębie Lubin,2025-02-01 14:15:00,Ekstraklasa,Under 2.5,Goles (Over/Under),historical_20250131_con_resultados.csv,,
Pogoń Szczecin vs Zagłębie Lubin,2025-02-01 14:15:00,Ekstraklasa,Over 2.5,Goles (Over/Under),historical_20250131_con_resultados.csv,,
Pogoń Szczecin vs Zagłębie Lubin,2025-02-01 14:15:00,Ekstraklasa,Over 2.75,Goles (Over/Under),historical_20250131_con_resultados.csv,,
Pogoń Szczecin vs Zagłębie Lubin,2025-02-01 14:15:00,Ekstraklasa,Under 2.75,Goles (Over/Under),historical_20250131_con_resultados.csv,,
Jagiellonia Białystok vs Radomiak Radom,2025-02-02 08:45:00,Ekstraklasa,Over 2.5,Goles (Over/Under),historical_20250131_con_resultados.csv,,
Jagiellonia Białystok vs Radomiak Radom,2025-02-02 08:45:00,Ekstraklasa,Over 2.75,Goles (Over/Under),historical_20250131_con_resultados.csv,,
Jagiellonia Białystok vs Radomiak Radom,2025-02-02 08:45:00,Ekstraklasa,Under 2.75,Goles (Over/Under),historical_20250131_con_resultados.csv,,
Jagiellonia Białystok vs Radomiak Radom,2025-02-02 08:45:00,Ekstraklasa,Over 3.0,Goles (Over/Under),historical_20250131_con_resultados.csv,,
Jagiellonia Białystok vs Radomiak Radom,2025-02-02 08:45:00,Ekstraklasa,Under 2.5,Goles (Over/Under),historical_20250131_con_resultados.csv,,
Jagiellonia Białystok vs Radomiak Radom,2025-02-02 08:45:00,Ekstraklasa,Under 3.0,Goles (Over/Under),historical_20250131_con_resultados.csv,,
Pogoń Szczecin vs Górnik Zabrze,2025-02-07 14:30:00,Ekstraklasa,Under 2.5,Goles (Over/Under),historical_20250207_con_resultados.csv,,
Pogoń Szczecin vs Górnik Zabrze,2025-02-07 14:30:00,Ekstraklasa,Over 2.75,Goles (Over/Under),historical_20250207_con_resultados.csv,,
Pogoń Szczecin vs Górnik Zabrze,2025-02-07 14:30:00,Ekstraklasa,Over 2.5,Goles (Over/Under),historical_20250207_con_resultados.csv,,
Pogoń Szczecin vs Górnik Zabrze,2025-02-07 14:30:00,Ekstraklasa,Under 2.75,Goles (Over/Under),historical_20250207_con_resultados.csv,,
Radomiak Radom vs Śląsk Wrocław,2025-02-08 08:45:00,Ekstraklasa,Over 2.25,Goles (Over/Under),historical_20250207_con_resultados.csv,,
Radomiak Radom vs Śląsk Wrocław,2025-02-08 08:45:00,Ekstraklasa,Under 2.5,Goles (Over/Under),historical_20250207_con_resultados.csv,,
Radomiak Radom vs Śląsk Wrocław,2025-02-08 08:45:00,Ekstraklasa,Over 2.5,Goles (Over/Under),historical_20250207_con_resultados.csv,,
Radomiak Radom vs Śląsk Wrocław,2025-02-08 08:45:00,Ekstraklasa,Under 2.25,Goles (Over/Under),historical_20250207_con_resultados.csv,,
Raków Częstochowa vs GKS Katowice,2025-02-08 11:30:00,Ekstraklasa,Over 2.5,Goles (Over/Under),historical_20250207_con_resultados.csv,,
Raków Częstochowa vs GKS Katowice,2025-02-08 11:30:00,Ekstraklasa,Under 2.5,Goles (Over/Under),historical_20250207_con_resultados.csv,,
Korona Kielce vs Motor Lublin,2025-02-09 06:15:00,Ekstraklasa,Under 2.25,Goles (Over/Under),historical_20250207_con_resultados.csv,,
Korona Kielce vs Motor Lublin,2025-02-09 06:15:00,Ekstraklasa,Over 2.5,Goles (Over/Under),historical_20250207_con_resultados.csv,,
Korona Kielce vs Motor Lublin,2025-02-09 06:15:00,Ekstraklasa,Under 2.5,Goles (Over/Under),historical_20250207_con_resultados.csv,,
Korona Kielce vs Motor Lublin,2025-02-09 06:15:00,Ekstraklasa,Over 2.25,Goles (Over/Under),historical_20250207_con_resultados.csv,,
Widzew Łódź vs Cracovia Kraków,2025-02-09 08:45:00,Ekstraklasa,Over 2.5,Goles (Over/Under),historical_20250207_con_resultados.csv,,
Widzew Łódź vs Cracovia Kraków,2025-02-09 08:45:00,Ekstraklasa,Under 2.5,Goles (Over/Under),historical_20250207_con_resultados.csv,,
Cracovia Kraków vs Korona Kielce,2025-02-14 12:00:00,Ekstraklasa,Over 2.5,Goles (Over/Under),historical_20250214_con_resultados.csv,,
Cracovia Kraków vs Korona Kielce,2025-02-14 12:00:00,Ekstraklasa,Under 2.5,Goles (Over/Under),historical_20250214_con_resultados.csv,,
Cracovia Kraków vs Korona Kielce,2025-02-14 12:00:00,Ekstraklasa,Over 2.25,Goles (Over/Under),historical_20250214_con_resultados.csv,,
Cracovia Kraków vs Korona Kielce,2025-02-14 12:00:00,Ekstraklasa,Under 2.25,Goles (Over/Under),historical_20250214_con_resultados.csv,,
Lech Poznań vs Raków Częstochowa,2025-02-14 14:30:00,Ekstraklasa,Over 2.25,Goles (Over/Under),historical_20250214_con_resultados.csv,,
Lech Poznań vs Raków Częstochowa,2025-02-14 14:30:00,Ekstraklasa,Under 2.25,Goles (Over/Under),historical_20250214_con_resultados.csv,,
Lech Poznań vs Raków Częstochowa,2025-02-14 14:30:00,Ekstraklasa,Over 2.5,Goles (Over/Under),historical_20250214_con_resultados.csv,,
Lech Poznań vs Raków Częstochowa,2025-02-14 14:30:00,Ekstraklasa,Under 2.5,Goles (Over/Under),historical_20250214_con_resultados.csv,,
Śląsk Wrocław vs Widzew Łódź,2025-02-15 08:45:00,Ekstraklasa,Over 2.5,Goles (Over/Under),historical_20250214_con_resultados.csv,,
Śląsk Wrocław vs Widzew Łódź,2025-02-15 08:45:00,Ekstraklasa,Under 2.5,Goles (Over/Under),historical_20250214_con_resultados.csv,,
Górnik Zabrze vs Radomiak Radom,2025-02-15 11:30:00,Ekstraklasa,Over 2.5,Goles (Over/Under),historical_20250214_con_resultados.csv,,
Górnik Zabrze vs Radomiak Radom,2025-02-15 11:30:00,Ekstraklasa,Under 2.5,Goles (Over/Under),historical_20250214_con_resultados.csv,,
Legia Warszawa vs Puszcza Niepołomice,2025-02-15 14:15:00,Ekstraklasa,Over 2.5,Goles (Over/Under),historical_20250214_con_resultados.csv,,
Legia Warszawa vs Puszcza Niepołomice,2025-02-15 14:15:00,Ekstraklasa,Under 2.5,Goles (Over/Under),historical_20250214_con_resultados.csv,,
Legia Warszawa vs Puszcza Niepołomice,2025-02-15 14:15:00,Ekstraklasa,Over 3.0,Goles (Over/Under),historical_20250214_con_resultados.csv,,
Legia Warszawa vs Puszcza Niepołomice,2025-02-15 14:15:00,Ekstraklasa,Under 3.0,Goles (Over/Under),historical_20250214_con_resultados.csv,,
Legia Warszawa vs Puszcza Niepołomice,2025-02-15 14:15:00,Ekstraklasa,Over 2.75,Goles (Over/Under),historical_20250214_con_resultados.csv,,
Legia Warszawa vs Puszcza Niepołomice,2025-02-15 14:15:00,Ekstraklasa,Under 2.75,Goles (Over/Under),historical_20250214_con_resultados.csv,,
Stal Mielec vs Pogoń Szczecin,2025-02-16 06:15:00,Ekstraklasa,Over 2.5,Goles (Over/Under),historical_20250214_con_resultados.csv,,
Stal Mielec vs Pogoń Szczecin,2025-02-16 06:15:00,Ekstraklasa,Under 2.5,Goles (Over/Under),historical_20250214_con_resultados.csv,,
GKS Katowice vs Piast Gliwice,2025-02-16 08:45:00,Ekstraklasa,Over 2.5,Goles (Over/Under),historical_20250214_con_resultados.csv,,
GKS Katowice vs Piast Gliwice,2025-02-16 08:45:00,Ekstraklasa,Under 2.5,Goles (Over/Under),historical_20250214_con_resultados.csv,,
GKS Katowice vs Piast Gliwice,2025-02-16 08:45:00,Ekstraklasa,Over 2.25,Goles (Over/Under),historical_20250214_con_resultados.csv,,
GKS Katowice vs Piast Gliwice,2025-02-16 08:45:00,Ekstraklasa,Under 2.25,Goles (Over/Under),historical_20250214_con_resultados.csv,,
Piast Gliwice vs Stal Mielec,2025-02-21 12:00:00,Ekstraklasa,Over 2.0,Goles (Over/Under),historical_20250221_con_resultados.csv,,
Piast Gliwice vs Stal Mielec,2025-02-21 12:00:00,Ekstraklasa,Under 2.0,Goles (Over/Under),historical_20250221_con_resultados.csv,,
Piast Gliwice vs Stal Mielec,2025-02-21 12:00:00,Ekstraklasa,Over 2.5,Goles (Over/Under),historical_20250221_con_resultados.csv,,
Piast Gliwice vs Stal Mielec,2025-02-21 12:00:00,Ekstraklasa,Under 2.5,Goles (Over/Under),historical_20250221_con_resultados.csv,,
Raków Częstochowa vs Górnik Zabrze,2025-02-21 14:30:00,Ekstraklasa,Over 2.25,Goles (Over/Under),historical_20250221_con_resultados.csv,,
Raków Częstochowa vs Górnik Zabrze,2025-02-21 14:30:00,Ekstraklasa,Under 2.25,Goles (Over/Under),historical_20250221_con_resultados.csv,,
Raków Częstochowa vs Górnik Zabrze,2025-02-21 14:30:00,Ekstraklasa,Over 2.5,Goles (Over/Under),historical_20250221_con_resultados.csv,,
Raków Częstochowa vs Górnik Zabrze,2025-02-21 14:30:00,Ekstraklasa,Under 2.5,Goles (Over/Under),historical_20250221_con_resultados.csv,,
Korona Kielce vs Śląsk Wrocław,2025-02-22 08:45:00,Ekstraklasa,Over 2.5,Goles (Over/Under),historical_20250221_con_resultados.csv,,
Korona Kielce vs Śląsk Wrocław,2025-02-22 08:45:00,Ekstraklasa,Under 2.5,Goles (Over/Under),historical_20250221_con_resultados.csv,,
Korona Kielce vs Śląsk Wrocław,2025-02-22 08:45:00,Ekstraklasa,Over 2.25,Goles (Over/Under),historical_20250221_con_resultados.csv,,
Korona Kielce vs Śląsk Wrocław,2025-02-22 08:45:00,Ekstraklasa,Under 2.25,Goles (Over/Under),historical_20250221_con_resultados.csv,,
Widzew Łódź vs Pogoń Szczecin,2025-02-22 11:30:00,Ekstraklasa,Over 2.5,Goles (Over/Under),historical_20250221_con_resultados.csv,,
Widzew Łódź vs Pogoń Szczecin,2025-02-22 11:30:00,Ekstraklasa,Under 2.5,Goles (Over/Under),historical_20250221_con_resultados.csv,,
Widzew Łódź vs Pogoń Szczecin,2025-02-22 11:30:00,Ekstraklasa,Over 2.75,Goles (Over/Under),historical_20250221_con_resultados.csv,,
Widzew Łódź vs Pogoń Szczecin,2025-02-22 11:30:00,Ekstraklasa,Under 2.75,Goles (Over/Under),historical_20250221_con_resultados.csv,,
Radomiak Radom vs Legia Warszawa,2025-02-22 14:15:00,Ekstraklasa,Over 2.5,Goles (Over/Under),historical_20250221_con_resultados.csv,,
Radomiak Radom vs Legia Warszawa,2025-02-22 14:15:00,Ekstraklasa,Under 2.5,Goles (Over/Under),historical_20250221_con_resultados.csv,,
Radomiak Radom vs Legia Warszawa,2025-02-22 14:15:00,Ekstraklasa,Over 2.75,Goles (Over/Under),historical_20250221_con_resultados.csv,,
Radomiak Radom vs Legia Warszawa,2025-02-22 14:15:00,Ekstraklasa,Under 2.75,Goles (Over/Under),historical_20250221_con_resultados.csv,,
Lechia Gdańsk vs Puszcza Niepołomice,2025-02-23 06:15:00,Ekstraklasa,Over 2.5,Goles (Over/Under),historical_20250221_con_resultados.csv,,
Lechia Gdańsk vs Puszcza Niepołomice,2025-02-23 06:15:00,Ekstraklasa,Under 2.5,Goles (Over/Under),historical_20250221_con_resultados.csv,,
Cracovia Kraków vs Jagiellonia Białystok,2025-02-23 08:45:00,Ekstraklasa,Over 2.75,Goles (Over/Under),historical_20250221_con_resultados.csv,,
Cracovia Kraków vs Jagiellonia Białystok,2025-02-23 08:45:00,Ekstraklasa,Under 2.75,Goles (Over/Under),historical_20250221_con_resultados.csv,,
Cracovia Kraków vs Jagiellonia Białystok,2025-02-23 08:45:00,Ekstraklasa,Over 2.5,Goles (Over/Under),historical_20250221_con_resultados.csv,,
Cracovia Kraków vs Jagiellonia Białystok,2025-02-23 08:45:00,Ekstraklasa,Under 2.5,Goles (Over/Under),historical_20250221_con_resultados.csv,,
Radomiak Radom vs Widzew Łódź,2025-02-28 12:00:00,Ekstraklasa,Over 2.5,Goles (Over/Under),historical_20250228_con_resultados.csv,,
Radomiak Radom vs Widzew Łódź,2025-02-28 12:00:00,Ekstraklasa,Under 2.5,Goles (Over/Under),historical_20250228_con_resultados.csv,,
Górnik Zabrze vs Cracovia Kraków,2025-02-28 14:30:00,Ekstraklasa,Over 2.5,Goles (Over/Under),historical_20250228_con_resultados.csv,,
Górnik Zabrze vs Cracovia Kraków,2025-02-28 14:30:00,Ekstraklasa,Under 2.5,Goles (Over/Under),historical_20250228_con_resultados.csv,,
Stal Mielec vs Korona Kielce,2025-03-01 08:45:00,Ekstraklasa,Over 2.25,Goles (Over/Under),historical_20250228_con_resultados.csv,,
Stal Mielec vs Korona Kielce,2025-03-01 08:45:00,Ekstraklasa,Under 2.25,Goles (Over/Under),historical_20250228_con_resultados.csv,,
Stal Mielec vs Korona Kielce,2025-03-01 08:45:00,Ekstraklasa,Over 2.5,Goles (Over/Under),historical_20250228_con_resultados.csv,,
Stal Mielec vs Korona Kielce,2025-03-01 08:45:00,Ekstraklasa,Under 2.5,Goles (Over/Under),historical_20250228_con_resultados.csv,,
Pogoń Szczecin vs Lech Poznań,2025-03-01 11:30:00,Ekstraklasa,Over 2.5,Goles (Over/Under),historical_20250228_con_resultados.csv,,
Pogoń Szczecin vs Lech Poznań,2025-03-01 11:30:00,Ekstraklasa,Under 2.5,Goles (Over/Under),historical_20250228_con_resultados.csv,,
Pogoń Szczecin vs Lech Poznań,2025-03-01 11:30:00,Ekstraklasa,Over 2.75,Goles (Over/Under),historical_20250228_con_resultados.csv,,
Pogoń Szczecin vs Lech Poznań,2025-03-01 11:30:00,Ekstraklasa,Under 2.75,Goles (Over/Under),historical_20250228_con_resultados.csv,,
Zagłębie Lubin vs Piast Gliwice,2025-03-01 14:15:00,Ekstraklasa,Over 2.5,Goles (Over/Under),historical_20250228_con_resultados.csv,,
Zagłębie Lubin vs Piast Gliwice,2025-03-01 14:15:00,Ekstraklasa,Under 2.5,Goles (Over/Under),historical_20250228_con_resultados.csv,,
Zagłębie Lubin vs Piast Gliwice,2025-03-01 14:15:00,Ekstraklasa,Over 2.25,Goles (Over/Under),historical_20250228_con_resultados.csv,,
Zagłębie Lubin vs Piast Gliwice,2025-03-01 14:15:00,Ekstraklasa,Under 2.25,Goles (Over/Under),historical_20250228_con_resultados.csv,,
Puszcza Niepołomice vs Motor Lublin,2025-03-02 06:15:00,Ekstraklasa,Over 2.5,Goles (Over/Under),historical_20250228_con_resultados.csv,,
Puszcza Niepołomice vs Motor Lublin,2025-03-02 06:15:00,Ekstraklasa,Under 2.5,Goles (Over/Under),historical_20250228_con_resultados.csv,,
Puszcza Niepołomice vs Motor Lublin,2025-03-02 06:15:00,Ekstraklasa,Over 2.25,Goles (Over/Under),historical_20250228_con_resultados.csv,,
Puszcza Niepołomice vs Motor Lublin,2025-03-02 06:15:00,Ekstraklasa,Under 2.25,Goles (Over/Under),historical_20250228_con_resultados.csv,,
Heracles Almelo vs FC Utrecht,2025-01-24 14:00:00,Eredivisie,Under 2.75,Goles (Over/Under),historical_20250124_con_resultados.csv,,
Heracles Almelo vs FC Utrecht,2025-01-24 14:00:00,Eredivisie,Under 2.5,Goles (Over/Under),historical_20250124_con_resultados.csv,,
Heracles Almelo vs FC Utrecht,2025-01-24 14:00:00,Eredivisie,Over 2.5,Goles (Over/Under),historical_20250124_con_resultados.csv,,
Heracles Almelo vs FC Utrecht,2025-01-24 14:00:00,Eredivisie,Over 2.75,Goles (Over/Under),historical_20250124_con_resultados.csv,,
RKC Waalwijk vs Willem II,2025-01-26 08:30:00,Eredivisie,Under 2.5,Goles (Over/Under),historical_20250124_con_resultados.csv,,
RKC Waalwijk vs Willem II,2025-01-26 08:30:00,Eredivisie,Over 2.5,Goles (Over/Under),historical_20250124_con_resultados.csv,,
NAC Breda vs Heracles Almelo,2025-01-31 14:00:00,Eredivisie,Under 2.5,Goles (Over/Under),historical_20250131_con_resultados.csv,,
NAC Breda vs Heracles Almelo,2025-01-31 14:00:00,Eredivisie,Over 2.5,Goles (Over/Under),historical_20250131_con_resultados.csv,,
FC Zwolle vs FC Utrecht,2025-02-01 12:45:00,Eredivisie,Under 2.5,Goles (Over/Under),historical_20250131_con_resultados.csv,,
FC Zwolle vs FC Utrecht,2025-02-01 12:45:00,Eredivisie,Over 2.5,Goles (Over/Under),historical_20250131_con_resultados.csv,,
FC Zwolle vs FC Utrecht,2025-02-01 12:45:00,Eredivisie,Over 2.75,Goles (Over/Under),historical_20250131_con_resultados.csv,,
FC Zwolle vs FC Utrecht,2025-02-01 12:45:00,Eredivisie,Under 2.75,Goles (Over/Under),historical_20250131_con_resultados.csv,,
Heerenveen vs Fortuna Sittard,2025-02-01 14:00:00,Eredivisie,Under 2.5,Goles (Over/Under),historical_20250131_con_resultados.csv,,
Heerenveen vs Fortuna Sittard,2025-02-01 14:00:00,Eredivisie,Over 2.5,Goles (Over/Under),historical_20250131_con_resultados.csv,,
NEC Nijmegen vs PSV Eindhoven,2025-02-01 15:00:00,Eredivisie,Over 3.25,Goles (Over/Under),historical_20250131_con_resultados.csv,,
NEC Nijmegen vs PSV Eindhoven,2025-02-01 15:00:00,Eredivisie,Under 3.25,Goles (Over/Under),historical_20250131_con_resultados.csv,,
NEC Nijmegen vs PSV Eindhoven,2025-02-01 15:00:00,Eredivisie,Over 3.5,Goles (Over/Under),historical_20250131_con_resultados.csv,,
NEC Nijmegen vs PSV Eindhoven,2025-02-01 15:00:00,Eredivisie,Under 3.5,Goles (Over/Under),historical_20250131_con_resultados.csv,,
Go Ahead Eagles vs FC Twente Enschede,2025-02-02 08:30:00,Eredivisie,Over 2.5,Goles (Over/Under),historical_20250131_con_resultados.csv,,
Go Ahead Eagles vs FC Twente Enschede,2025-02-02 08:30:00,Eredivisie,Under 2.5,Goles (Over/Under),historical_20250131_con_resultados.csv,,
Go Ahead Eagles vs FC Twente Enschede,2025-02-02 08:30:00,Eredivisie,Over 2.75,Goles (Over/Under),historical_20250131_con_resultados.csv,,
Go Ahead Eagles vs FC Twente Enschede,2025-02-02 08:30:00,Eredivisie,Under 2.75,Goles (Over/Under),historical_20250131_con_resultados.csv,,
Willem II vs AZ Alkmaar,2025-02-02 14:00:00,Eredivisie,Over 2.5,Goles (Over/Under),historical_20250131_con_resultados.csv,,
Willem II vs AZ Alkmaar,2025-02-02 14:00:00,Eredivisie,Under 2.5,Goles (Over/Under),historical_20250131_con_resultados.csv,,
Willem II vs AZ Alkmaar,2025-02-02 14:00:00,Eredivisie,Over 2.5,Goles (Over/Under),historical_20250131_con_resultados.csv,,
Willem II vs AZ Alkmaar,2025-02-02 14:00:00,Eredivisie,Under 2.5,Goles (Over/Under),historical_20250131_con_resultados.csv,,
Willem II vs AZ Alkmaar,2025-02-02 14:00:00,Eredivisie,Under 2.5,Goles (Over/Under),historical_20250131_con_resultados.csv,,
Willem II vs AZ Alkmaar,2025-02-02 14:00:00,Eredivisie,Over 2.5,Goles (Over/Under),historical_20250131_con_resultados.csv,,
Willem II vs AZ Alkmaar,2025-02-02 14:00:00,Eredivisie,Under 2.5,Goles (Over/Under),historical_20250131_con_resultados.csv,,
Willem II vs AZ Alkmaar,2025-02-02 14:00:00,Eredivisie,Over 2.5,Goles (Over/Under),historical_20250131_con_resultados.csv,,
Willem II vs AZ Alkmaar,2025-02-02 14:00:00,Eredivisie,Under 2.5,Goles (Over/Under),historical_20250131_con_resultados.csv,,
Willem II vs AZ Alkmaar,2025-02-02 14:00:00,Eredivisie,Over 2.5,Goles (Over/Under),historical_20250131_con_resultados.csv,,
Willem II vs AZ Alkmaar,2025-02-02 14:00:00,Eredivisie,Under 2.5,Goles (Over/Under),historical_20250131_con_resultados.csv,,
Willem II vs AZ Alkmaar,2025-02-02 14:00:00,Eredivisie,Over 2.5,Goles (Over/Under),historical_20250131_con_resultados.csv,,
PSV Eindhoven vs Willem II,2025-02-08 12:45:00,Eredivisie,Under 3.75,Goles (Over/Under),historical_20250207_con_resultados.csv,,
PSV Eindhoven vs Willem II,2025-02-08 12:45:00,Eredivisie,Over 3.75,Goles (Over/Under),historical_20250207_con_resultados.csv,,
PSV Eindhoven vs Willem II,2025-02-08 12:45:00,Eredivisie,Over 3.5,Goles (Over/Under),historical_20250207_con_resultados.csv,,
PSV Eindhoven vs Willem II,2025-02-08 12:45:00,Eredivisie,Under 3.5,Goles (Over/Under),historical_20250207_con_resultados.csv,,
FC Utrecht vs Almere City,2025-02-09 06:15:00,Eredivisie,Over 2.75,Goles (Over/Under),historical_20250207_con_resultados.csv,,
FC Utrecht vs Almere City,2025-02-09 06:15:00,Eredivisie,Under 2.75,Goles (Over/Under),historical_20250207_con_resultados.csv,,
FC Utrecht vs Almere City,2025-02-09 06:15:00,Eredivisie,Under 2.5,Goles (Over/Under),historical_20250207_con_resultados.csv,,
FC Utrecht vs Almere City,2025-02-09 06:15:00,Eredivisie,Over 2.5,Goles (Over/Under),historical_20250207_con_resultados.csv,,
Fortuna Sittard vs Ajax,2025-02-09 08:30:00,Eredivisie,Under 2.5,Goles (Over/Under),historical_20250207_con_resultados.csv,,
Fortuna Sittard vs Ajax,2025-02-09 08:30:00,Eredivisie,Over 2.5,Goles (Over/Under),historical_20250207_con_resultados.csv,,
Fortuna Sittard vs Ajax,2025-02-09 08:30:00,Eredivisie,Under 3.5,Goles (Over/Under),historical_20250207_con_resultados.csv,,
Fortuna Sittard vs Ajax,2025-02-09 08:30:00,Eredivisie,Over 3.5,Goles (Over/Under),historical_20250207_con_resultados.csv,,
Fortuna Sittard vs Ajax,2025-02-09 08:30:00,Eredivisie,Over 2.75,Goles (Over/Under),historical_20250207_con_resultados.csv,,
Fortuna Sittard vs Ajax,2025-02-09 08:30:00,Eredivisie,Under 2.75,Goles (Over/Under),historical_20250207_con_resultados.csv,,
Go Ahead Eagles vs Sparta Rotterdam,2025-02-14 14:00:00,Eredivisie,Over 2.5,Goles (Over/Under),historical_20250214_con_resultados.csv,,
Go Ahead Eagles vs Sparta Rotterdam,2025-02-14 14:00:00,Eredivisie,Under 2.5,Goles (Over/Under),historical_20250214_con_resultados.csv,,
Go Ahead Eagles vs Sparta Rotterdam,2025-02-14 14:00:00,Eredivisie,Over 2.75,Goles (Over/Under),historical_20250214_con_resultados.csv,,
Go Ahead Eagles vs Sparta Rotterdam,2025-02-14 14:00:00,Eredivisie,Under 2.75,Goles (Over/Under),historical_20250214_con_resultados.csv,,
PSV Eindhoven vs FC Utrecht,2025-02-15 10:30:00,Eredivisie,Over 3.5,Goles (Over/Under),historical_20250214_con_resultados.csv,,
PSV Eindhoven vs FC Utrecht,2025-02-15 10:30:00,Eredivisie,Under 3.5,Goles (Over/Under),historical_20250214_con_resultados.csv,,
NAC Breda vs Feyenoord,2025-02-15 12:45:00,Eredivisie,Over 3.0,Goles (Over/Under),historical_20250214_con_resultados.csv,,
NAC Breda vs Feyenoord,2025-02-15 12:45:00,Eredivisie,Under 3.0,Goles (Over/Under),historical_20250214_con_resultados.csv,,
NAC Breda vs Feyenoord,2025-02-15 12:45:00,Eredivisie,Over 2.5,Goles (Over/Under),historical_20250214_con_resultados.csv,,
NAC Breda vs Feyenoord,2025-02-15 12:45:00,Eredivisie,Under 2.5,Goles (Over/Under),historical_20250214_con_resultados.csv,,
Willem II vs Groningen,2025-02-15 15:00:00,Eredivisie,Over 2.0,Goles (Over/Under),historical_20250214_con_resultados.csv,,
Willem II vs Groningen,2025-02-15 15:00:00,Eredivisie,Under 2.0,Goles (Over/Under),historical_20250214_con_resultados.csv,,
Willem II vs Groningen,2025-02-15 15:00:00,Eredivisie,Over 2.5,Goles (Over/Under),historical_20250214_con_resultados.csv,,
Willem II vs Groningen,2025-02-15 15:00:00,Eredivisie,Under 2.5,Goles (Over/Under),historical_20250214_con_resultados.csv,,
NEC Nijmegen vs Almere City,2025-02-16 06:15:00,Eredivisie,Over 2.5,Goles (Over/Under),historical_20250214_con_resultados.csv,,
NEC Nijmegen vs Almere City,2025-02-16 06:15:00,Eredivisie,Under 2.5,Goles (Over/Under),historical_20250214_con_resultados.csv,,
FC Twente Enschede vs NEC Nijmegen,2025-02-23 08:30:00,Eredivisie,Over 2.5,Goles (Over/Under),historical_20250221_con_resultados.csv,,
FC Twente Enschede vs NEC Nijmegen,2025-02-23 08:30:00,Eredivisie,Under 2.5,Goles (Over/Under),historical_20250221_con_resultados.csv,,
FC Twente Enschede vs NEC Nijmegen,2025-02-23 08:30:00,Eredivisie,Over 2.75,Goles (Over/Under),historical_20250221_con_resultados.csv,,
FC Twente Enschede vs NEC Nijmegen,2025-02-23 08:30:00,Eredivisie,Under 2.75,Goles (Over/Under),historical_20250221_con_resultados.csv,,
FC Twente Enschede vs NEC Nijmegen,2025-02-23 08:30:00,Eredivisie,Over 3.0,Goles (Over/Under),historical_20250221_con_resultados.csv,,
FC Twente Enschede vs NEC Nijmegen,2025-02-23 08:30:00,Eredivisie,Under 3.0,Goles (Over/Under),historical_20250221_con_resultados.csv,,
RKC Waalwijk vs Fortuna Sittard,2025-02-28 14:00:00,Eredivisie,Over 2.75,Goles (Over/Under),historical_20250228_con_resultados.csv,,
RKC Waalwijk vs Fortuna Sittard,2025-02-28 14:00:00,Eredivisie,Under 2.75,Goles (Over/Under),historical_20250228_con_resultados.csv,,
RKC Waalwijk vs Fortuna Sittard,2025-02-28 14:00:00,Eredivisie,Over 2.5,Goles (Over/Under),historical_20250228_con_resultados.csv,,
RKC Waalwijk vs Fortuna Sittard,2025-02-28 14:00:00,Eredivisie,Under 2.5,Goles (Over/Under),historical_20250228_con_resultados.csv,,
FC Utrecht vs NAC Breda,2025-03-01 10:30:00,Eredivisie,Over 2.5,Goles (Over/Under),historical_20250228_con_resultados.csv,,
FC Utrecht vs NAC Breda,2025-03-01 10:30:00,Eredivisie,Under 2.5,Goles (Over/Under),historical_20250228_con_resultados.csv,,
FC Utrecht vs NAC Breda,2025-03-01 10:30:00,Eredivisie,Over 3.0,Goles (Over/Under),historical_20250228_con_resultados.csv,,
FC Utrecht vs NAC Breda,2025-03-01 10:30:00,Eredivisie,Under 3.0,Goles (Over/Under),historical_20250228_con_resultados.csv,,
FC Utrecht vs NAC Breda,2025-03-01 10:30:00,Eredivisie,Over 2.75,Goles (Over/Under),historical_20250228_con_resultados.csv,,
FC Utrecht vs NAC Breda,2025-03-01 10:30:00,Eredivisie,Under 2.75,Goles (Over/Under),historical_20250228_con_resultados.csv,,
Go Ahead Eagles vs PSV Eindhoven,2025-03-01 12:45:00,Eredivisie,Over 3.5,Goles (Over/Under),historical_20250228_con_resultados.csv,,
Go Ahead Eagles vs PSV Eindhoven,2025-03-01 12:45:00,Eredivisie,Under 3.5,Goles (Over/Under),historical_20250228_con_resultados.csv,,
Go Ahead Eagles vs PSV Eindhoven,2025-03-01 12:45:00,Eredivisie,Over 3.25,Goles (Over/Under),historical_20250228_con_resultados.csv,,
Go Ahead Eagles vs PSV Eindhoven,2025-03-01 12:45:00,Eredivisie,Under 3.25,Goles (Over/Under),historical_20250228_con_resultados.csv,,
Groningen vs FC Twente Enschede,2025-03-01 14:00:00,Eredivisie,Over 2.5,Goles (Over/Under),historical_20250228_con_resultados.csv,,
Groningen vs FC Twente Enschede,2025-03-01 14:00:00,Eredivisie,Under 2.5,Goles (Over/Under),historical_20250228_con_resultados.csv,,
Feyenoord vs NEC Nijmegen,2025-03-01 15:00:00,Eredivisie,Over 2.5,Goles (Over/Under),historical_20250228_con_resultados.csv,,
Feyenoord vs NEC Nijmegen,2025-03-01 15:00:00,Eredivisie,Under 2.5,Goles (Over/Under),historical_20250228_con_resultados.csv,,
Feyenoord vs NEC Nijmegen,2025-03-01 15:00:00,Eredivisie,Over 3.0,Goles (Over/Under),historical_20250228_con_resultados.csv,,
Feyenoord vs NEC Nijmegen,2025-03-01 15:00:00,Eredivisie,Under 3.0,Goles (Over/Under),historical_20250228_con_resultados.csv,,
Heerenveen vs AZ Alkmaar,2025-03-02 06:15:00,Eredivisie,Over 2.5,Goles (Over/Under),historical_20250228_con_resultados.csv,,
Heerenveen vs AZ Alkmaar,2025-03-02 06:15:00,Eredivisie,Under 2.5,Goles (Over/Under),historical_20250228_con_resultados.csv,,
Almere City vs Ajax,2025-03-02 08:30:00,Eredivisie,Over 2.75,Goles (Over/Under),historical_20250228_con_resultados.csv,,
Almere City vs Ajax,2025-03-02 08:30:00,Eredivisie,Under 2.75,Goles (Over/Under),historical_20250228_con_resultados.csv,,
Almere City vs Ajax,2025-03-02 08:30:00,Eredivisie,Over 2.5,Goles (Over/Under),historical_20250228_con_resultados.csv,,
Almere City vs Ajax,2025-03-02 08:30:00,Eredivisie,Under 2.5,Goles (Over/Under),historical_20250228_con_resultados.csv,,
Heracles Almelo vs FC Zwolle,2025-03-02 08:30:00,Eredivisie,Over 2.5,Goles (Over/Under),historical_20250228_con_resultados.csv,,
Heracles Almelo vs FC Zwolle,2025-03-02 08:30:00,Eredivisie,Under 2.5,Goles (Over/Under),historical_20250228_con_resultados.csv,,
Fagiano Okayama vs Kyoto Purple Sanga,2025-02-15 00:00:00,J1 League,Over 2.5,Goles (Over/Under),historical_20250214_con_resultados.csv,,
Fagiano Okayama vs Kyoto Purple Sanga,2025-02-15 00:00:00,J1 League,Under 2.5,Goles (Over/Under),historical_20250214_con_resultados.csv,,
Fagiano Okayama vs Kyoto Purple Sanga,2025-02-15 00:00:00,J1 League,Over 2.25,Goles (Over/Under),historical_20250214_con_resultados.csv,,
Fagiano Okayama vs Kyoto Purple Sanga,2025-02-15 00:00:00,J1 League,Under 2.25,Goles (Over/Under),historical_20250214_con_resultados.csv,,
Yokohama FC vs FC Tokyo,2025-02-15 00:00:00,J1 League,Over 2.5,Goles (Over/Under),historical_20250214_con_resultados.csv,,
Yokohama FC vs FC Tokyo,2025-02-15 00:00:00,J1 League,Under 2.5,Goles (Over/Under),historical_20250214_con_resultados.csv,,
Yokohama FC vs FC Tokyo,2025-02-15 00:00:00,J1 League,Over 2.25,Goles (Over/Under),historical_20250214_con_resultados.csv,,
Yokohama FC vs FC Tokyo,2025-02-15 00:00:00,J1 League,Under 2.25,Goles (Over/Under),historical_20250214_con_resultados.csv,,
Tokyo Verdy vs Shimizu S Pulse,2025-02-16 00:00:00,J1 League,Over 2.5,Goles (Over/Under),historical_20250214_con_resultados.csv,,
Tokyo Verdy vs Shimizu S Pulse,2025-02-16 00:00:00,J1 League,Under 2.5,Goles (Over/Under),historical_20250214_con_resultados.csv,,
Tokyo Verdy vs Shimizu S Pulse,2025-02-16 00:00:00,J1 League,Over 2.25,Goles (Over/Under),historical_20250214_con_resultados.csv,,
Tokyo Verdy vs Shimizu S Pulse,2025-02-16 00:00:00,J1 League,Under 2.25,Goles (Over/Under),historical_20250214_con_resultados.csv,,
Kashiwa Reysol vs Kawasaki Frontale,2025-02-22 00:00:00,J1 League,Over 2.5,Goles (Over/Under),historical_20250221_con_resultados.csv,,
Kashiwa Reysol vs Kawasaki Frontale,2025-02-22 00:00:00,J1 League,Under 2.5,Goles (Over/Under),historical_20250221_con_resultados.csv,,
Kashiwa Reysol vs Kawasaki Frontale,2025-02-22 00:00:00,J1 League,Over 2.75,Goles (Over/Under),historical_20250221_con_resultados.csv,,
Kashiwa Reysol vs Kawasaki Frontale,2025-02-22 00:00:00,J1 League,Under 2.75,Goles (Over/Under),historical_20250221_con_resultados.csv,,
Kyoto Purple Sanga vs Urawa Red Diamonds,2025-02-22 00:00:00,J1 League,Over 2.5,Goles (Over/Under),historical_20250221_con_resultados.csv,,
Kyoto Purple Sanga vs Urawa Red Diamonds,2025-02-22 00:00:00,J1 League,Under 2.5,Goles (Over/Under),historical_20250221_con_resultados.csv,,
Shimizu S Pulse vs Albirex Niigata,2025-02-22 00:00:00,J1 League,Over 2.5,Goles (Over/Under),historical_20250221_con_resultados.csv,,
Shimizu S Pulse vs Albirex Niigata,2025-02-22 00:00:00,J1 League,Under 2.5,Goles (Over/Under),historical_20250221_con_resultados.csv,,
Shimizu S Pulse vs Albirex Niigata,2025-02-22 00:00:00,J1 League,Over 2.25,Goles (Over/Under),historical_20250221_con_resultados.csv,,
Shimizu S Pulse vs Albirex Niigata,2025-02-22 00:00:00,J1 League,Under 2.25,Goles (Over/Under),historical_20250221_con_resultados.csv,,
Yokohama FC vs Fagiano Okayama,2025-02-22 00:00:00,J1 League,Over 2.5,Goles (Over/Under),historical_20250221_con_resultados.csv,,
Yokohama FC vs Fagiano Okayama,2025-02-22 00:00:00,J1 League,Under 2.5,Goles (Over/Under),historical_20250221_con_resultados.csv,,
Yokohama FC vs Fagiano Okayama,2025-02-22 00:00:00,J1 League,Over 2.0,Goles (Over/Under),historical_20250221_con_resultados.csv,,
Yokohama FC vs Fagiano Okayama,2025-02-22 00:00:00,J1 League,Under 2.0,Goles (Over/Under),historical_20250221_con_resultados.csv,,
Yokohama FC vs Fagiano Okayama,2025-02-22 00:00:00,J1 League,Over 2.25,Goles (Over/Under),historical_20250221_con_resultados.csv,,
Yokohama FC vs Fagiano Okayama,2025-02-22 00:00:00,J1 League,Under 2.25,Goles (Over/Under),historical_20250221_con_resultados.csv,,
Gamba Osaka vs Avispa Fukuoka,2025-02-22 01:00:00,J1 League,Over 2.5,Goles (Over/Under),historical_20250221_con_resultados.csv,,
Gamba Osaka vs Avispa Fukuoka,2025-02-22 01:00:00,J1 League,Under 2.5,Goles (Over/Under),historical_20250221_con_resultados.csv,,
Gamba Osaka vs Avispa Fukuoka,2025-02-22 01:00:00,J1 League,Over 2.0,Goles (Over/Under),historical_20250221_con_resultados.csv,,
Gamba Osaka vs Avispa Fukuoka,2025-02-22 01:00:00,J1 League,Under 2.0,Goles (Over/Under),historical_20250221_con_resultados.csv,,
Gamba Osaka vs Avispa Fukuoka,2025-02-22 01:00:00,J1 League,Over 1.5,Goles (Over/Under),historical_20250221_con_resultados.csv,,
Gamba Osaka vs Avispa Fukuoka,2025-02-22 01:00:00,J1 League,Under 1.5,Goles (Over/Under),historical_20250221_con_resultados.csv,,
Kashima Antlers vs Tokyo Verdy,2025-02-22 01:00:00,J1 League,Over 2.5,Goles (Over/Under),historical_20250221_con_resultados.csv,,
Kashima Antlers vs Tokyo Verdy,2025-02-22 01:00:00,J1 League,Under 2.5,Goles (Over/Under),historical_20250221_con_resultados.csv,,
Kashima Antlers vs Tokyo Verdy,2025-02-22 01:00:00,J1 League,Over 2.25,Goles (Over/Under),historical_20250221_con_resultados.csv,,
Kashima Antlers vs Tokyo Verdy,2025-02-22 01:00:00,J1 League,Under 2.25,Goles (Over/Under),historical_20250221_con_resultados.csv,,
Yokohama F Marinos vs Shonan Bellmare,2025-02-28 23:00:00,J1 League,Over 2.5,Goles (Over/Under),historical_20250228_con_resultados.csv,,
Yokohama F Marinos vs Shonan Bellmare,2025-02-28 23:00:00,J1 League,Under 2.5,Goles (Over/Under),historical_20250228_con_resultados.csv,,
Yokohama F Marinos vs Shonan Bellmare,2025-02-28 23:00:00,J1 League,Over 2.75,Goles (Over/Under),historical_20250228_con_resultados.csv,,
Yokohama F Marinos vs Shonan Bellmare,2025-02-28 23:00:00,J1 League,Under 2.75,Goles (Over/Under),historical_20250228_con_resultados.csv,,
Kashima Antlers vs FC Tokyo,2025-03-01 00:00:00,J1 League,Over 2.25,Goles (Over/Under),historical_20250228_con_resultados.csv,,
Kashima Antlers vs FC Tokyo,2025-03-01 00:00:00,J1 League,Under 2.25,Goles (Over/Under),historical_20250228_con_resultados.csv,,
Kashima Antlers vs FC Tokyo,2025-03-01 00:00:00,J1 League,Over 2.5,Goles (Over/Under),historical_20250228_con_resultados.csv,,
Kashima Antlers vs FC Tokyo,2025-03-01 00:00:00,J1 League,Under 2.5,Goles (Over/Under),historical_20250228_con_resultados.csv,,
Kawasaki Frontale vs Kyoto Purple Sanga,2025-03-01 01:00:00,J1 League,Over 2.5,Goles (Over/Under),historical_20250228_con_resultados.csv,,
Kawasaki Frontale vs Kyoto Purple Sanga,2025-03-01 01:00:00,J1 League,Under 2.5,Goles (Over/Under),historical_20250228_con_resultados.csv,,
Kawasaki Frontale vs Kyoto Purple Sanga,2025-03-01 01:00:00,J1 League,Over 2.75,Goles (Over/Under),historical_20250228_con_resultados.csv,,
Kawasaki Frontale vs Kyoto Purple Sanga,2025-03-01 01:00:00,J1 League,Under 2.75,Goles (Over/Under),historical_20250228_con_resultados.csv,,
Albirex Niigata vs Cerezo Osaka,2025-03-02 00:00:00,J1 League,Over 2.5,Goles (Over/Under),historical_20250228_con_resultados.csv,,
Albirex Niigata vs Cerezo Osaka,2025-03-02 00:00:00,J1 League,Under 2.5,Goles (Over/Under),historical_20250228_con_resultados.csv,,
Albirex Niigata vs Cerezo Osaka,2025-03-02 00:00:00,J1 League,Over 2.25,Goles (Over/Under),historical_20250228_con_resultados.csv,,
Albirex Niigata vs Cerezo Osaka,2025-03-02 00:00:00,J1 League,Under 2.25,Goles (Over/Under),historical_20250228_con_resultados.csv,,
Fagiano Okayama vs Shimizu S Pulse,2025-03-02 00:00:00,J1 League,Over 2.5,Goles (Over/Under),historical_20250228_con_resultados.csv,,
Fagiano Okayama vs Shimizu S Pulse,2025-03-02 00:00:00,J1 League,Under 2.5,Goles (Over/Under),historical_20250228_con_resultados.csv,,
Fagiano Okayama vs Shimizu S Pulse,2025-03-02 00:00:00,J1 League,Over 2.0,Goles (Over/Under),historical_20250228_con_resultados.csv,,
Fagiano Okayama vs Shimizu S Pulse,2025-03-02 00:00:00,J1 League,Under 2.0,Goles (Over/Under),historical_20250228_con_resultados.csv,,
Tokyo Verdy vs Gamba Osaka,2025-03-02 00:00:00,J1 League,Over 1.5,Goles (Over/Under),historical_20250228_con_resultados.csv,,
Tokyo Verdy vs Gamba Osaka,2025-03-02 00:00:00,J1 League,Under 1.5,Goles (Over/Under),historical_20250228_con_resultados.csv,,
Tokyo Verdy vs Gamba Osaka,2025-03-02 00:00:00,J1 League,Over 2.5,Goles (Over/Under),historical_20250228_con_resultados.csv,,
Tokyo Verdy vs Gamba Osaka,2025-03-02 00:00:00,J1 League,Under 2.5,Goles (Over/Under),historical_20250228_con_resultados.csv,,
Tokyo Verdy vs Gamba Osaka,2025-03-02 00:00:00,J1 League,Over 2.0,Goles (Over/Under),historical_20250228_con_resultados.csv,,
Tokyo Verdy vs Gamba Osaka,2025-03-02 00:00:00,J1 League,Under 2.0,Goles (Over/Under),historical_20250228_con_resultados.csv,,
Urawa Red Diamonds vs Kashiwa Reysol,2025-03-02 01:00:00,J1 League,Over 2.5,Goles (Over/Under),historical_20250228_con_resultados.csv,,
Urawa Red Diamonds vs Kashiwa Reysol,2025-03-02 01:00:00,J1 League,Under 2.5,Goles (Over/Under),historical_20250228_con_resultados.csv,,
Urawa Red Diamonds vs Kashiwa Reysol,2025-03-02 01:00:00,J1 League,Over 2.0,Goles (Over/Under),historical_20250228_con_resultados.csv,,
Urawa Red Diamonds vs Kashiwa Reysol,2025-03-02 01:00:00,J1 League,Under 2.0,Goles (Over/Under),historical_20250228_con_resultados.csv,,
Pohang Steelers vs Daejeon Citizen,2025-02-14 23:00:00,K League 1,Over 2.25,Goles (Over/Under),historical_20250214_con_resultados.csv,,
Pohang Steelers vs Daejeon Citizen,2025-02-14 23:00:00,K League 1,Under 2.25,Goles (Over/Under),historical_20250214_con_resultados.csv,,
Pohang Steelers vs Daejeon Citizen,2025-02-14 23:00:00,K League 1,Over 2.5,Goles (Over/Under),historical_20250214_con_resultados.csv,,
Pohang Steelers vs Daejeon Citizen,2025-02-14 23:00:00,K League 1,Under 2.5,Goles (Over/Under),historical_20250214_con_resultados.csv,,
Jeju United FC vs FC Seoul,2025-02-15 01:30:00,K League 1,Over 2.5,Goles (Over/Under),historical_20250214_con_resultados.csv,,
Jeju United FC vs FC Seoul,2025-02-15 01:30:00,K League 1,Under 2.5,Goles (Over/Under),historical_20250214_con_resultados.csv,,
Jeju United FC vs FC Seoul,2025-02-15 01:30:00,K League 1,Over 2.25,Goles (Over/Under),historical_20250214_con_resultados.csv,,
Jeju United FC vs FC Seoul,2025-02-15 01:30:00,K League 1,Under 2.25,Goles (Over/Under),historical_20250214_con_resultados.csv,,
Gwangju FC vs Suwon FC,2025-02-15 02:30:00,K League 1,Over 2.5,Goles (Over/Under),historical_20250214_con_resultados.csv,,
Gwangju FC vs Suwon FC,2025-02-15 02:30:00,K League 1,Under 2.5,Goles (Over/Under),historical_20250214_con_resultados.csv,,
Gwangju FC vs Suwon FC,2025-02-15 02:30:00,K League 1,Over 2.25,Goles (Over/Under),historical_20250214_con_resultados.csv,,
Gwangju FC vs Suwon FC,2025-02-15 02:30:00,K League 1,Under 2.25,Goles (Over/Under),historical_20250214_con_resultados.csv,,
Daegu FC vs Gangwon FC,2025-02-16 02:30:00,K League 1,Over 2.5,Goles (Over/Under),historical_20250214_con_resultados.csv,,
Daegu FC vs Gangwon FC,2025-02-16 02:30:00,K League 1,Under 2.5,Goles (Over/Under),historical_20250214_con_resultados.csv,,
Daegu FC vs Gangwon FC,2025-02-16 02:30:00,K League 1,Over 2.25,Goles (Over/Under),historical_20250214_con_resultados.csv,,
Daegu FC vs Gangwon FC,2025-02-16 02:30:00,K League 1,Under 2.25,Goles (Over/Under),historical_20250214_con_resultados.csv,,
Jeonbuk Hyundai Motors vs Sangju Sangmu FC,2025-02-16 02:30:00,K League 1,Over 2.5,Goles (Over/Under),historical_20250214_con_resultados.csv,,
Jeonbuk Hyundai Motors vs Sangju Sangmu FC,2025-02-16 02:30:00,K League 1,Under 2.5,Goles (Over/Under),historical_20250214_con_resultados.csv,,
Jeju United FC vs Sangju Sangmu FC,2025-02-22 00:00:00,K League 1,Over 2.5,Goles (Over/Under),historical_20250221_con_resultados.csv,,
Jeju United FC vs Sangju Sangmu FC,2025-02-22 00:00:00,K League 1,Under 2.5,Goles (Over/Under),historical_20250221_con_resultados.csv,,
Daegu FC vs Suwon FC,2025-02-22 02:30:00,K League 1,Over 2.5,Goles (Over/Under),historical_20250221_con_resultados.csv,,
Daegu FC vs Suwon FC,2025-02-22 02:30:00,K League 1,Under 2.5,Goles (Over/Under),historical_20250221_con_resultados.csv,,
FC Seoul vs FC Anyang,2025-02-22 02:30:00,K League 1,Over 2.5,Goles (Over/Under),historical_20250221_con_resultados.csv,,
FC Seoul vs FC Anyang,2025-02-22 02:30:00,K League 1,Under 2.5,Goles (Over/Under),historical_20250221_con_resultados.csv,,
FC Seoul vs FC Anyang,2025-02-22 02:30:00,K League 1,Over 2.25,Goles (Over/Under),historical_20250221_con_resultados.csv,,
FC Seoul vs FC Anyang,2025-02-22 02:30:00,K League 1,Under 2.25,Goles (Over/Under),historical_20250221_con_resultados.csv,,
Daejeon Citizen vs Ulsan Hyundai FC,2025-02-23 00:00:00,K League 1,Over 2.5,Goles (Over/Under),historical_20250221_con_resultados.csv,,
Daejeon Citizen vs Ulsan Hyundai FC,2025-02-23 00:00:00,K League 1,Under 2.5,Goles (Over/Under),historical_20250221_con_resultados.csv,,
Daejeon Citizen vs Ulsan Hyundai FC,2025-02-23 00:00:00,K League 1,Over 2.25,Goles (Over/Under),historical_20250221_con_resultados.csv,,
Daejeon Citizen vs Ulsan Hyundai FC,2025-02-23 00:00:00,K League 1,Under 2.25,Goles (Over/Under),historical_20250221_con_resultados.csv,,
Gangwon FC vs Pohang Steelers,2025-02-23 02:30:00,K League 1,Over 2.5,Goles (Over/Under),historical_20250221_con_resultados.csv,,
Gangwon FC vs Pohang Steelers,2025-02-23 02:30:00,K League 1,Under 2.5,Goles (Over/Under),historical_20250221_con_resultados.csv,,
Gangwon FC vs Pohang Steelers,2025-02-23 02:30:00,K League 1,Over 2.25,Goles (Over/Under),historical_20250221_con_resultados.csv,,
Gangwon FC vs Pohang Steelers,2025-02-23 02:30:00,K League 1,Under 2.25,Goles (Over/Under),historical_20250221_con_resultados.csv,,
Jeonbuk Hyundai Motors vs Gwangju FC,2025-02-23 02:30:00,K League 1,Over 2.5,Goles (Over/Under),historical_20250221_con_resultados.csv,,
Jeonbuk Hyundai Motors vs Gwangju FC,2025-02-23 02:30:00,K League 1,Under 2.5,Goles (Over/Under),historical_20250221_con_resultados.csv,,
Jeonbuk Hyundai Motors vs Gwangju FC,2025-02-23 02:30:00,K League 1,Over 2.25,Goles (Over/Under),historical_20250221_con_resultados.csv,,
Jeonbuk Hyundai Motors vs Gwangju FC,2025-02-23 02:30:00,K League 1,Under 2.25,Goles (Over/Under),historical_20250221_con_resultados.csv,,
Ulsan Hyundai FC vs Jeonbuk Hyundai Motors,2025-03-01 00:00:00,K League 1,Over 2.5,Goles (Over/Under),historical_20250228_con_resultados.csv,,
Ulsan Hyundai FC vs Jeonbuk Hyundai Motors,2025-03-01 00:00:00,K League 1,Under 2.5,Goles (Over/Under),historical_20250228_con_resultados.csv,,
Gwangju FC vs FC Anyang,2025-03-01 02:30:00,K League 1,Over 2.5,Goles (Over/Under),historical_20250228_con_resultados.csv,,
Gwangju FC vs FC Anyang,2025-03-01 02:30:00,K League 1,Under 2.5,Goles (Over/Under),historical_20250228_con_resultados.csv,,
Gwangju FC vs FC Anyang,2025-03-01 02:30:00,K League 1,Over 2.0,Goles (Over/Under),historical_20250228_con_resultados.csv,,
Gwangju FC vs FC Anyang,2025-03-01 02:30:00,K League 1,Under 2.0,Goles (Over/Under),historical_20250228_con_resultados.csv,,
Pohang Steelers vs Daegu FC,2025-03-01 02:30:00,K League 1,Over 2.5,Goles (Over/Under),historical_20250228_con_resultados.csv,,
Pohang Steelers vs Daegu FC,2025-03-01 02:30:00,K League 1,Under 2.5,Goles (Over/Under),historical_20250228_con_resultados.csv,,
Daejeon Citizen vs Suwon FC,2025-03-02 00:00:00,K League 1,Over 2.5,Goles (Over/Under),historical_20250228_con_resultados.csv,,
Daejeon Citizen vs Suwon FC,2025-03-02 00:00:00,K League 1,Under 2.5,Goles (Over/Under),historical_20250228_con_resultados.csv,,
Daejeon Citizen vs Suwon FC,2025-03-02 00:00:00,K League 1,Over 2.25,Goles (Over/Under),historical_20250228_con_resultados.csv,,
Daejeon Citizen vs Suwon FC,2025-03-02 00:00:00,K League 1,Under 2.25,Goles (Over/Under),historical_20250228_con_resultados.csv,,
Gangwon FC vs Jeju United FC,2025-03-02 02:30:00,K League 1,Over 2.5,Goles (Over/Under),historical_20250228_con_resultados.csv,,
Gangwon FC vs Jeju United FC,2025-03-02 02:30:00,K League 1,Under 2.5,Goles (Over/Under),historical_20250228_con_resultados.csv,,
Gangwon FC vs Jeju United FC,2025-03-02 02:30:00,K League 1,Over 2.25,Goles (Over/Under),historical_20250228_con_resultados.csv,,
Gangwon FC vs Jeju United FC,2025-03-02 02:30:00,K League 1,Under 2.25,Goles (Over/Under),historical_20250228_con_resultados.csv,,
Real Betis vs Athletic Bilbao,2025-02-02 15:00:00,La Liga,Under 4.25,Goles (Over/Under),historical_20250131_con_resultados.csv,,
Real Betis vs Athletic Bilbao,2025-02-02 15:00:00,La Liga,Under 4.5,Goles (Over/Under),historical_20250131_con_resultados.csv,,
Real Betis vs Athletic Bilbao,2025-02-02 15:00:00,La Liga,Over 4.5,Goles (Over/Under),historical_20250131_con_resultados.csv,,
Real Betis vs Athletic Bilbao,2025-02-02 15:00:00,La Liga,Under 4.5,Goles (Over/Under),historical_20250131_con_resultados.csv,,
Real Betis vs Athletic Bilbao,2025-02-02 15:00:00,La Liga,Over 4.5,Goles (Over/Under),historical_20250131_con_resultados.csv,,
Real Betis vs Athletic Bilbao,2025-02-02 15:00:00,La Liga,Under 4.5,Goles (Over/Under),historical_20250131_con_resultados.csv,,
Real Betis vs Athletic Bilbao,2025-02-02 15:00:00,La Liga,Over 4.5,Goles (Over/Under),historical_20250131_con_resultados.csv,,
Real Betis vs Athletic Bilbao,2025-02-02 15:00:00,La Liga,Over 4.25,Goles (Over/Under),historical_20250131_con_resultados.csv,,
Real Betis vs Athletic Bilbao,2025-02-02 15:00:00,La Liga,Under 4.5,Goles (Over/Under),historical_20250131_con_resultados.csv,,
Real Betis vs Athletic Bilbao,2025-02-02 15:00:00,La Liga,Over 4.25,Goles (Over/Under),historical_20250131_con_resultados.csv,,
Real Betis vs Athletic Bilbao,2025-02-02 15:00:00,La Liga,Over 4.5,Goles (Over/Under),historical_20250131_con_resultados.csv,,
Real Betis vs Athletic Bilbao,2025-02-02 15:00:00,La Liga,Under 4.5,Goles (Over/Under),historical_20250131_con_resultados.csv,,
Real Betis vs Athletic Bilbao,2025-02-02 15:00:00,La Liga,Over 4.5,Goles (Over/Under),historical_20250131_con_resultados.csv,,
Real Betis vs Athletic Bilbao,2025-02-02 15:00:00,La Liga,Under 3.5,Goles (Over/Under),historical_20250131_con_resultados.csv,,
Real Betis vs Athletic Bilbao,2025-02-02 15:00:00,La Liga,Over 3.5,Goles (Over/Under),historical_20250131_con_resultados.csv,,
Real Betis vs Athletic Bilbao,2025-02-02 15:00:00,La Liga,Under 4.25,Goles (Over/Under),historical_20250131_con_resultados.csv,,
Rayo Vallecano vs Valladolid,2025-02-07 15:00:00,La Liga,Under 2.5,Goles (Over/Under),historical_20250207_con_resultados.csv,,
Rayo Vallecano vs Valladolid,2025-02-07 15:00:00,La Liga,Under 2.25,Goles (Over/Under),historical_20250207_con_resultados.csv,,
Rayo Vallecano vs Valladolid,2025-02-07 15:00:00,La Liga,Over 2.25,Goles (Over/Under),historical_20250207_con_resultados.csv,,
Rayo Vallecano vs Valladolid,2025-02-07 15:00:00,La Liga,Over 2.5,Goles (Over/Under),historical_20250207_con_resultados.csv,,
Celta Vigo vs Real Betis,2025-02-08 08:00:00,La Liga,Under 2.25,Goles (Over/Under),historical_20250207_con_resultados.csv,,
Celta Vigo vs Real Betis,2025-02-08 08:00:00,La Liga,Over 2.25,Goles (Over/Under),historical_20250207_con_resultados.csv,,
Celta Vigo vs Real Betis,2025-02-08 08:00:00,La Liga,Over 2.5,Goles (Over/Under),historical_20250207_con_resultados.csv,,
Celta Vigo vs Real Betis,2025-02-08 08:00:00,La Liga,Under 2.5,Goles (Over/Under),historical_20250207_con_resultados.csv,,
Sevilla vs Barcelona,2025-02-09 15:02:00,La Liga,Under 3.75,Goles (Over/Under),historical_20250207_con_resultados.csv,,
Sevilla vs Barcelona,2025-02-09 15:02:00,La Liga,Under 3.25,Goles (Over/Under),historical_20250207_con_resultados.csv,,
Sevilla vs Barcelona,2025-02-09 15:02:00,La Liga,Over 2.5,Goles (Over/Under),historical_20250207_con_resultados.csv,,
Sevilla vs Barcelona,2025-02-09 15:02:00,La Liga,Under 2.5,Goles (Over/Under),historical_20250207_con_resultados.csv,,
Sevilla vs Barcelona,2025-02-09 15:02:00,La Liga,Over 4.0,Goles (Over/Under),historical_20250207_con_resultados.csv,,
Sevilla vs Barcelona,2025-02-09 15:02:00,La Liga,Under 4.0,Goles (Over/Under),historical_20250207_con_resultados.csv,,
Sevilla vs Barcelona,2025-02-09 15:02:00,La Liga,Over 3.75,Goles (Over/Under),historical_20250207_con_resultados.csv,,
Sevilla vs Barcelona,2025-02-09 15:02:00,La Liga,Over 3.5,Goles (Over/Under),historical_20250207_con_resultados.csv,,
Sevilla vs Barcelona,2025-02-09 15:02:00,La Liga,Over 3.5,Goles (Over/Under),historical_20250207_con_resultados.csv,,
Sevilla vs Barcelona,2025-02-09 15:02:00,La Liga,Under 3.5,Goles (Over/Under),historical_20250207_con_resultados.csv,,
Sevilla vs Barcelona,2025-02-09 15:02:00,La Liga,Over 3.5,Goles (Over/Under),historical_20250207_con_resultados.csv,,
Sevilla vs Barcelona,2025-02-09 15:02:00,La Liga,Under 3.5,Goles (Over/Under),historical_20250207_con_resultados.csv,,
Sevilla vs Barcelona,2025-02-09 15:02:00,La Liga,Over 4.0,Goles (Over/Under),historical_20250207_con_resultados.csv,,
Sevilla vs Barcelona,2025-02-09 15:02:00,La Liga,Under 4.0,Goles (Over/Under),historical_20250207_con_resultados.csv,,
Sevilla vs Barcelona,2025-02-09 15:02:00,La Liga,Under 3.5,Goles (Over/Under),historical_20250207_con_resultados.csv,,
Sevilla vs Barcelona,2025-02-09 15:02:00,La Liga,Over 3.25,Goles (Over/Under),historical_20250207_con_resultados.csv,,
Espanyol vs Athletic Bilbao,2025-02-16 08:00:00,La Liga,Over 2.5,Goles (Over/Under),historical_20250214_con_resultados.csv,,
Espanyol vs Athletic Bilbao,2025-02-16 08:00:00,La Liga,Under 2.5,Goles (Over/Under),historical_20250214_con_resultados.csv,,
Espanyol vs Athletic Bilbao,2025-02-16 08:00:00,La Liga,Over 2.25,Goles (Over/Under),historical_20250214_con_resultados.csv,,
Espanyol vs Athletic Bilbao,2025-02-16 08:00:00,La Liga,Under 2.25,Goles (Over/Under),historical_20250214_con_resultados.csv,,
Espanyol vs Athletic Bilbao,2025-02-16 08:00:00,La Liga,Over 2.0,Goles (Over/Under),historical_20250214_con_resultados.csv,,
Espanyol vs Athletic Bilbao,2025-02-16 08:00:00,La Liga,Under 2.0,Goles (Over/Under),historical_20250214_con_resultados.csv,,
Real Betis vs Real Sociedad,2025-02-16 15:00:00,La Liga,Over 1.25,Goles (Over/Under),historical_20250214_con_resultados.csv,,
Real Betis vs Real Sociedad,2025-02-16 15:00:00,La Liga,Under 1.25,Goles (Over/Under),historical_20250214_con_resultados.csv,,
Real Betis vs Real Sociedad,2025-02-16 15:00:00,La Liga,Over 1.75,Goles (Over/Under),historical_20250214_con_resultados.csv,,
Real Betis vs Real Sociedad,2025-02-16 15:00:00,La Liga,Under 1.75,Goles (Over/Under),historical_20250214_con_resultados.csv,,
Real Betis vs Real Sociedad,2025-02-16 15:00:00,La Liga,Over 1.5,Goles (Over/Under),historical_20250214_con_resultados.csv,,
Real Betis vs Real Sociedad,2025-02-16 15:00:00,La Liga,Under 1.5,Goles (Over/Under),historical_20250214_con_resultados.csv,,
Real Betis vs Real Sociedad,2025-02-16 15:00:00,La Liga,Over 1.5,Goles (Over/Under),historical_20250214_con_resultados.csv,,
Real Betis vs Real Sociedad,2025-02-16 15:00:00,La Liga,Under 1.5,Goles (Over/Under),historical_20250214_con_resultados.csv,,
Real Betis vs Real Sociedad,2025-02-16 15:00:00,La Liga,Over 1.5,Goles (Over/Under),historical_20250214_con_resultados.csv,,
Real Betis vs Real Sociedad,2025-02-16 15:00:00,La Liga,Under 1.5,Goles (Over/Under),historical_20250214_con_resultados.csv,,
Real Betis vs Real Sociedad,2025-02-16 15:00:00,La Liga,Over 1.5,Goles (Over/Under),historical_20250214_con_resultados.csv,,
Real Betis vs Real Sociedad,2025-02-16 15:00:00,La Liga,Under 1.5,Goles (Over/Under),historical_20250214_con_resultados.csv,,
Real Betis vs Real Sociedad,2025-02-16 15:00:00,La Liga,Over 1.5,Goles (Over/Under),historical_20250214_con_resultados.csv,,
Real Betis vs Real Sociedad,2025-02-16 15:00:00,La Liga,Under 1.5,Goles (Over/Under),historical_20250214_con_resultados.csv,,
Real Betis vs Real Sociedad,2025-02-16 15:00:00,La Liga,Over 1.5,Goles (Over/Under),historical_20250214_con_resultados.csv,,
Real Betis vs Real Sociedad,2025-02-16 15:00:00,La Liga,Under 1.5,Goles (Over/Under),historical_20250214_con_resultados.csv,,
Alavés vs Espanyol,2025-02-22 08:00:00,La Liga,Over 2.5,Goles (Over/Under),historical_20250221_con_resultados.csv,,
Alavés vs Espanyol,2025-02-22 08:00:00,La Liga,Under 2.5,Goles (Over/Under),historical_20250221_con_resultados.csv,,
Alavés vs Espanyol,2025-02-22 08:00:00,La Liga,Over 2.0,Goles (Over/Under),historical_20250221_con_resultados.csv,,
Alavés vs Espanyol,2025-02-22 08:00:00,La Liga,Under 2.0,Goles (Over/Under),historical_20250221_con_resultados.csv,,
Alavés vs Espanyol,2025-02-22 08:00:00,La Liga,Over 1.5,Goles (Over/Under),historical_20250221_con_resultados.csv,,
Alavés vs Espanyol,2025-02-22 08:00:00,La Liga,Under 1.5,Goles (Over/Under),historical_20250221_con_resultados.csv,,
Rayo Vallecano vs Villarreal,2025-02-22 10:15:00,La Liga,Over 2.5,Goles (Over/Under),historical_20250221_con_resultados.csv,,
Rayo Vallecano vs Villarreal,2025-02-22 10:15:00,La Liga,Under 2.5,Goles (Over/Under),historical_20250221_con_resultados.csv,,
Rayo Vallecano vs Villarreal,2025-02-22 10:15:00,La Liga,Over 2.75,Goles (Over/Under),historical_20250221_con_resultados.csv,,
Rayo Vallecano vs Villarreal,2025-02-22 10:15:00,La Liga,Under 2.75,Goles (Over/Under),historical_20250221_con_resultados.csv,,
Leganés vs Getafe,2025-03-02 08:00:00,La Liga,Over 1.5,Goles (Over/Under),historical_20250228_con_resultados.csv,,
Leganés vs Getafe,2025-03-02 08:00:00,La Liga,Under 1.5,Goles (Over/Under),historical_20250228_con_resultados.csv,,
Leganés vs Getafe,2025-03-02 08:00:00,La Liga,Over 1.75,Goles (Over/Under),historical_20250228_con_resultados.csv,,
Leganés vs Getafe,2025-03-02 08:00:00,La Liga,Under 1.75,Goles (Over/Under),historical_20250228_con_resultados.csv,,
Real Betis vs Sevilla,2025-03-30 14:00:00,La Liga,Over 3.5,Goles (Over/Under),historical_20250328_con_resultados.csv,,
Real Betis vs Sevilla,2025-03-30 14:00:00,La Liga,Under 3.5,Goles (Over/Under),historical_20250328_con_resultados.csv,,
Real Betis vs Sevilla,2025-03-30 14:00:00,La Liga,Over 3.5,Goles (Over/Under),historical_20250328_con_resultados.csv,,
Real Betis vs Sevilla,2025-03-30 14:00:00,La Liga,Under 3.5,Goles (Over/Under),historical_20250328_con_resultados.csv,,
Real Betis vs Sevilla,2025-03-30 14:00:00,La Liga,Under 2.5,Goles (Over/Under),historical_20250328_con_resultados.csv,,
Real Betis vs Sevilla,2025-03-30 14:00:00,La Liga,Over 3.5,Goles (Over/Under),historical_20250328_con_resultados.csv,,
Real Betis vs Sevilla,2025-03-30 14:00:00,La Liga,Under 3.5,Goles (Over/Under),historical_20250328_con_resultados.csv,,
Real Betis vs Sevilla,2025-03-30 14:00:00,La Liga,Over 3.5,Goles (Over/Under),historical_20250328_con_resultados.csv,,
Real Betis vs Sevilla,2025-03-30 14:00:00,La Liga,Under 3.5,Goles (Over/Under),historical_20250328_con_resultados.csv,,
Real Betis vs Sevilla,2025-03-30 14:00:00,La Liga,Over 3.5,Goles (Over/Under),historical_20250328_con_resultados.csv,,
Real Betis vs Sevilla,2025-03-30 14:00:00,La Liga,Under 3.5,Goles (Over/Under),historical_20250328_con_resultados.csv,,
Real Betis vs Sevilla,2025-03-30 14:00:00,La Liga,Over 2.5,Goles (Over/Under),historical_20250328_con_resultados.csv,,
Real Racing Club de Santander vs Málaga,2025-02-01 15:00:00,La Liga 2,Under 2.5,Goles (Over/Under),historical_20250131_con_resultados.csv,,
Real Racing Club de Santander vs Málaga,2025-02-01 15:00:00,La Liga 2,Over 2.5,Goles (Over/Under),historical_20250131_con_resultados.csv,,
CD Castellón vs SD Huesca,2025-02-02 08:00:00,La Liga 2,Over 2.25,Goles (Over/Under),historical_20250131_con_resultados.csv,,
CD Castellón vs SD Huesca,2025-02-02 08:00:00,La Liga 2,Under 2.25,Goles (Over/Under),historical_20250131_con_resultados.csv,,
CD Castellón vs SD Huesca,2025-02-02 08:00:00,La Liga 2,Under 2.5,Goles (Over/Under),historical_20250131_con_resultados.csv,,
CD Castellón vs SD Huesca,2025-02-02 08:00:00,La Liga 2,Over 2.5,Goles (Over/Under),historical_20250131_con_resultados.csv,,
Tenerife vs Albacete,2025-02-02 15:00:00,La Liga 2,Over 2.5,Goles (Over/Under),historical_20250131_con_resultados.csv,,
Tenerife vs Albacete,2025-02-02 15:00:00,La Liga 2,Over 2.5,Goles (Over/Under),historical_20250131_con_resultados.csv,,
Tenerife vs Albacete,2025-02-02 15:00:00,La Liga 2,Under 2.5,Goles (Over/Under),historical_20250131_con_resultados.csv,,
Tenerife vs Albacete,2025-02-02 15:00:00,La Liga 2,Over 2.5,Goles (Over/Under),historical_20250131_con_resultados.csv,,
Tenerife vs Albacete,2025-02-02 15:00:00,La Liga 2,Under 2.5,Goles (Over/Under),historical_20250131_con_resultados.csv,,
Tenerife vs Albacete,2025-02-02 15:00:00,La Liga 2,Under 2.5,Goles (Over/Under),historical_20250131_con_resultados.csv,,
Tenerife vs Albacete,2025-02-02 15:00:00,La Liga 2,Under 2.25,Goles (Over/Under),historical_20250131_con_resultados.csv,,
Tenerife vs Albacete,2025-02-02 15:00:00,La Liga 2,Over 2.25,Goles (Over/Under),historical_20250131_con_resultados.csv,,
Tenerife vs Albacete,2025-02-02 15:00:00,La Liga 2,Under 2.5,Goles (Over/Under),historical_20250131_con_resultados.csv,,
Tenerife vs Albacete,2025-02-02 15:00:00,La Liga 2,Over 2.5,Goles (Over/Under),historical_20250131_con_resultados.csv,,
Tenerife vs Albacete,2025-02-02 15:00:00,La Liga 2,Under 2.25,Goles (Over/Under),historical_20250131_con_resultados.csv,,
Tenerife vs Albacete,2025-02-02 15:00:00,La Liga 2,Under 2.5,Goles (Over/Under),historical_20250131_con_resultados.csv,,
Tenerife vs Albacete,2025-02-02 15:00:00,La Liga 2,Over 2.25,Goles (Over/Under),historical_20250131_con_resultados.csv,,
Tenerife vs Albacete,2025-02-02 15:00:00,La Liga 2,Under 2.5,Goles (Over/Under),historical_20250131_con_resultados.csv,,
Tenerife vs Albacete,2025-02-02 15:00:00,La Liga 2,Over 2.5,Goles (Over/Under),historical_20250131_con_resultados.csv,,
Tenerife vs Albacete,2025-02-02 15:00:00,La Liga 2,Over 2.5,Goles (Over/Under),historical_20250131_con_resultados.csv,,
Racing de Ferrol vs CD Castellón,2025-02-08 08:00:00,La Liga 2,Under 2.5,Goles (Over/Under),historical_20250207_con_resultados.csv,,
Racing de Ferrol vs CD Castellón,2025-02-08 08:00:00,La Liga 2,Over 2.5,Goles (Over/Under),historical_20250207_con_resultados.csv,,
Racing de Ferrol vs CD Castellón,2025-02-08 08:00:00,La Liga 2,Under 2.25,Goles (Over/Under),historical_20250207_con_resultados.csv,,
Racing de Ferrol vs CD Castellón,2025-02-08 08:00:00,La Liga 2,Over 2.25,Goles (Over/Under),historical_20250207_con_resultados.csv,,
Elche vs Tenerife,2025-02-09 08:00:00,La Liga 2,Over 2.5,Goles (Over/Under),historical_20250207_con_resultados.csv,,
Elche vs Tenerife,2025-02-09 08:00:00,La Liga 2,Under 2.5,Goles (Over/Under),historical_20250207_con_resultados.csv,,
Elche vs Tenerife,2025-02-09 08:00:00,La Liga 2,Over 2.0,Goles (Over/Under),historical_20250207_con_resultados.csv,,
Elche vs Tenerife,2025-02-09 08:00:00,La Liga 2,Under 2.0,Goles (Over/Under),historical_20250207_con_resultados.csv,,
CD Castellón vs SD Eibar,2025-02-15 08:00:00,La Liga 2,Over 2.25,Goles (Over/Under),historical_20250214_con_resultados.csv,,
CD Castellón vs SD Eibar,2025-02-15 08:00:00,La Liga 2,Under 2.25,Goles (Over/Under),historical_20250214_con_resultados.csv,,
CD Castellón vs SD Eibar,2025-02-15 08:00:00,La Liga 2,Over 2.5,Goles (Over/Under),historical_20250214_con_resultados.csv,,
CD Castellón vs SD Eibar,2025-02-15 08:00:00,La Liga 2,Under 2.5,Goles (Over/Under),historical_20250214_con_resultados.csv,,
FC Cartagena vs Málaga,2025-02-15 10:15:00,La Liga 2,Over 2.5,Goles (Over/Under),historical_20250214_con_resultados.csv,,
FC Cartagena vs Málaga,2025-02-15 10:15:00,La Liga 2,Under 2.5,Goles (Over/Under),historical_20250214_con_resultados.csv,,
FC Cartagena vs Málaga,2025-02-15 10:15:00,La Liga 2,Over 2.0,Goles (Over/Under),historical_20250214_con_resultados.csv,,
FC Cartagena vs Málaga,2025-02-15 10:15:00,La Liga 2,Under 2.0,Goles (Over/Under),historical_20250214_con_resultados.csv,,
FC Cartagena vs Málaga,2025-02-15 10:15:00,La Liga 2,Over 1.5,Goles (Over/Under),historical_20250214_con_resultados.csv,,
FC Cartagena vs Málaga,2025-02-15 10:15:00,La Liga 2,Under 1.5,Goles (Over/Under),historical_20250214_con_resultados.csv,,
Real Racing Club de Santander vs Cádiz CF,2025-02-15 12:30:00,La Liga 2,Over 2.5,Goles (Over/Under),historical_20250214_con_resultados.csv,,
Real Racing Club de Santander vs Cádiz CF,2025-02-15 12:30:00,La Liga 2,Under 2.5,Goles (Over/Under),historical_20250214_con_resultados.csv,,
Real Racing Club de Santander vs Cádiz CF,2025-02-15 12:30:00,La Liga 2,Over 2.25,Goles (Over/Under),historical_20250214_con_resultados.csv,,
Real Racing Club de Santander vs Cádiz CF,2025-02-15 12:30:00,La Liga 2,Under 2.25,Goles (Over/Under),historical_20250214_con_resultados.csv,,
Tenerife vs Córdoba,2025-02-15 15:00:00,La Liga 2,Over 2.5,Goles (Over/Under),historical_20250214_con_resultados.csv,,
Tenerife vs Córdoba,2025-02-15 15:00:00,La Liga 2,Under 2.5,Goles (Over/Under),historical_20250214_con_resultados.csv,,
Tenerife vs Córdoba,2025-02-15 15:00:00,La Liga 2,Over 2.25,Goles (Over/Under),historical_20250214_con_resultados.csv,,
Tenerife vs Córdoba,2025-02-15 15:00:00,La Liga 2,Under 2.25,Goles (Over/Under),historical_20250214_con_resultados.csv,,
Oviedo vs Albacete,2025-02-16 15:00:00,La Liga 2,Over 2.0,Goles (Over/Under),historical_20250214_con_resultados.csv,,
Oviedo vs Albacete,2025-02-16 15:00:00,La Liga 2,Under 2.0,Goles (Over/Under),historical_20250214_con_resultados.csv,,
Oviedo vs Albacete,2025-02-16 15:00:00,La Liga 2,Over 2.0,Goles (Over/Under),historical_20250214_con_resultados.csv,,
Oviedo vs Albacete,2025-02-16 15:00:00,La Liga 2,Under 2.0,Goles (Over/Under),historical_20250214_con_resultados.csv,,
Oviedo vs Albacete,2025-02-16 15:00:00,La Liga 2,Over 1.5,Goles (Over/Under),historical_20250214_con_resultados.csv,,
Oviedo vs Albacete,2025-02-16 15:00:00,La Liga 2,Under 1.5,Goles (Over/Under),historical_20250214_con_resultados.csv,,
Oviedo vs Albacete,2025-02-16 15:00:00,La Liga 2,Over 2.25,Goles (Over/Under),historical_20250214_con_resultados.csv,,
Oviedo vs Albacete,2025-02-16 15:00:00,La Liga 2,Under 2.25,Goles (Over/Under),historical_20250214_con_resultados.csv,,
Oviedo vs Albacete,2025-02-16 15:00:00,La Liga 2,Over 2.5,Goles (Over/Under),historical_20250214_con_resultados.csv,,
Oviedo vs Albacete,2025-02-16 15:00:00,La Liga 2,Under 2.5,Goles (Over/Under),historical_20250214_con_resultados.csv,,
Oviedo vs Albacete,2025-02-16 15:00:00,La Liga 2,Over 2.5,Goles (Over/Under),historical_20250214_con_resultados.csv,,
Oviedo vs Albacete,2025-02-16 15:00:00,La Liga 2,Under 2.5,Goles (Over/Under),historical_20250214_con_resultados.csv,,
Oviedo vs Albacete,2025-02-16 15:00:00,La Liga 2,Over 2.0,Goles (Over/Under),historical_20250214_con_resultados.csv,,
Oviedo vs Albacete,2025-02-16 15:00:00,La Liga 2,Under 2.0,Goles (Over/Under),historical_20250214_con_resultados.csv,,
Oviedo vs Albacete,2025-02-16 15:00:00,La Liga 2,Over 2.5,Goles (Over/Under),historical_20250214_con_resultados.csv,,
Oviedo vs Albacete,2025-02-16 15:00:00,La Liga 2,Under 2.5,Goles (Over/Under),historical_20250214_con_resultados.csv,,
Racing de Ferrol vs Córdoba,2025-02-22 08:00:00,La Liga 2,Over 2.25,Goles (Over/Under),historical_20250221_con_resultados.csv,,
Racing de Ferrol vs Córdoba,2025-02-22 08:00:00,La Liga 2,Under 2.25,Goles (Over/Under),historical_20250221_con_resultados.csv,,
Racing de Ferrol vs Córdoba,2025-02-22 08:00:00,La Liga 2,Over 2.5,Goles (Over/Under),historical_20250221_con_resultados.csv,,
Racing de Ferrol vs Córdoba,2025-02-22 08:00:00,La Liga 2,Under 2.5,Goles (Over/Under),historical_20250221_con_resultados.csv,,
Burgos CF vs Oviedo,2025-02-22 10:15:00,La Liga 2,Over 1.75,Goles (Over/Under),historical_20250221_con_resultados.csv,,
Burgos CF vs Oviedo,2025-02-22 10:15:00,La Liga 2,Under 1.75,Goles (Over/Under),historical_20250221_con_resultados.csv,,
Burgos CF vs Oviedo,2025-02-22 10:15:00,La Liga 2,Over 2.5,Goles (Over/Under),historical_20250221_con_resultados.csv,,
Burgos CF vs Oviedo,2025-02-22 10:15:00,La Liga 2,Under 2.5,Goles (Over/Under),historical_20250221_con_resultados.csv,,
Burgos CF vs Oviedo,2025-02-22 10:15:00,La Liga 2,Over 1.5,Goles (Over/Under),historical_20250221_con_resultados.csv,,
Burgos CF vs Oviedo,2025-02-22 10:15:00,La Liga 2,Under 1.5,Goles (Over/Under),historical_20250221_con_resultados.csv,,
SD Eibar vs Real Racing Club de Santander,2025-02-22 10:15:00,La Liga 2,Over 2.5,Goles (Over/Under),historical_20250221_con_resultados.csv,,
SD Eibar vs Real Racing Club de Santander,2025-02-22 10:15:00,La Liga 2,Under 2.5,Goles (Over/Under),historical_20250221_con_resultados.csv,,
SD Eibar vs Real Racing Club de Santander,2025-02-22 10:15:00,La Liga 2,Over 2.25,Goles (Over/Under),historical_20250221_con_resultados.csv,,
SD Eibar vs Real Racing Club de Santander,2025-02-22 10:15:00,La Liga 2,Under 2.25,Goles (Over/Under),historical_20250221_con_resultados.csv,,
Granada CF vs Zaragoza,2025-02-22 12:30:00,La Liga 2,Over 2.5,Goles (Over/Under),historical_20250221_con_resultados.csv,,
Granada CF vs Zaragoza,2025-02-22 12:30:00,La Liga 2,Under 2.5,Goles (Over/Under),historical_20250221_con_resultados.csv,,
Granada CF vs Zaragoza,2025-02-22 12:30:00,La Liga 2,Over 2.25,Goles (Over/Under),historical_20250221_con_resultados.csv,,
Granada CF vs Zaragoza,2025-02-22 12:30:00,La Liga 2,Under 2.25,Goles (Over/Under),historical_20250221_con_resultados.csv,,
Sporting Gijón vs Almería,2025-02-22 15:00:00,La Liga 2,Over 2.5,Goles (Over/Under),historical_20250221_con_resultados.csv,,
Sporting Gijón vs Almería,2025-02-22 15:00:00,La Liga 2,Under 2.5,Goles (Over/Under),historical_20250221_con_resultados.csv,,
Sporting Gijón vs Almería,2025-02-22 15:00:00,La Liga 2,Over 2.25,Goles (Over/Under),historical_20250221_con_resultados.csv,,
Sporting Gijón vs Almería,2025-02-22 15:00:00,La Liga 2,Under 2.25,Goles (Over/Under),historical_20250221_con_resultados.csv,,
FC Cartagena vs SD Eibar,2025-02-28 14:30:00,La Liga 2,Over 1.5,Goles (Over/Under),historical_20250228_con_resultados.csv,,
FC Cartagena vs SD Eibar,2025-02-28 14:30:00,La Liga 2,Under 1.5,Goles (Over/Under),historical_20250228_con_resultados.csv,,
FC Cartagena vs SD Eibar,2025-02-28 14:30:00,La Liga 2,Over 2.0,Goles (Over/Under),historical_20250228_con_resultados.csv,,
FC Cartagena vs SD Eibar,2025-02-28 14:30:00,La Liga 2,Under 2.0,Goles (Over/Under),historical_20250228_con_resultados.csv,,
FC Cartagena vs SD Eibar,2025-02-28 14:30:00,La Liga 2,Over 2.5,Goles (Over/Under),historical_20250228_con_resultados.csv,,
FC Cartagena vs SD Eibar,2025-02-28 14:30:00,La Liga 2,Under 2.5,Goles (Over/Under),historical_20250228_con_resultados.csv,,
CD Castellón vs Burgos CF,2025-03-01 10:15:00,La Liga 2,Over 2.5,Goles (Over/Under),historical_20250228_con_resultados.csv,,
CD Castellón vs Burgos CF,2025-03-01 10:15:00,La Liga 2,Under 2.5,Goles (Over/Under),historical_20250228_con_resultados.csv,,
CD Castellón vs Burgos CF,2025-03-01 10:15:00,La Liga 2,Over 2.25,Goles (Over/Under),historical_20250228_con_resultados.csv,,
CD Castellón vs Burgos CF,2025-03-01 10:15:00,La Liga 2,Under 2.25,Goles (Over/Under),historical_20250228_con_resultados.csv,,
SD Huesca vs Racing de Ferrol,2025-03-01 10:15:00,La Liga 2,Over 2.5,Goles (Over/Under),historical_20250228_con_resultados.csv,,
SD Huesca vs Racing de Ferrol,2025-03-01 10:15:00,La Liga 2,Under 2.5,Goles (Over/Under),historical_20250228_con_resultados.csv,,
SD Huesca vs Racing de Ferrol,2025-03-01 10:15:00,La Liga 2,Over 2.0,Goles (Over/Under),historical_20250228_con_resultados.csv,,
SD Huesca vs Racing de Ferrol,2025-03-01 10:15:00,La Liga 2,Under 2.0,Goles (Over/Under),historical_20250228_con_resultados.csv,,
SD Huesca vs Racing de Ferrol,2025-03-01 10:15:00,La Liga 2,Over 1.5,Goles (Over/Under),historical_20250228_con_resultados.csv,,
SD Huesca vs Racing de Ferrol,2025-03-01 10:15:00,La Liga 2,Under 1.5,Goles (Over/Under),historical_20250228_con_resultados.csv,,
Zaragoza vs Sporting Gijón,2025-03-01 12:30:00,La Liga 2,Over 1.5,Goles (Over/Under),historical_20250228_con_resultados.csv,,
Zaragoza vs Sporting Gijón,2025-03-01 12:30:00,La Liga 2,Under 1.5,Goles (Over/Under),historical_20250228_con_resultados.csv,,
Zaragoza vs Sporting Gijón,2025-03-01 12:30:00,La Liga 2,Over 2.5,Goles (Over/Under),historical_20250228_con_resultados.csv,,
Zaragoza vs Sporting Gijón,2025-03-01 12:30:00,La Liga 2,Under 2.5,Goles (Over/Under),historical_20250228_con_resultados.csv,,
Zaragoza vs Sporting Gijón,2025-03-01 12:30:00,La Liga 2,Over 2.0,Goles (Over/Under),historical_20250228_con_resultados.csv,,
Zaragoza vs Sporting Gijón,2025-03-01 12:30:00,La Liga 2,Under 2.0,Goles (Over/Under),historical_20250228_con_resultados.csv,,
Córdoba vs Granada CF,2025-03-02 08:00:00,La Liga 2,Over 2.5,Goles (Over/Under),historical_20250228_con_resultados.csv,,
Córdoba vs Granada CF,2025-03-02 08:00:00,La Liga 2,Under 2.5,Goles (Over/Under),historical_20250228_con_resultados.csv,,
Córdoba vs Granada CF,2025-03-02 08:00:00,La Liga 2,Over 2.25,Goles (Over/Under),historical_20250228_con_resultados.csv,,
Córdoba vs Granada CF,2025-03-02 08:00:00,La Liga 2,Under 2.25,Goles (Over/Under),historical_20250228_con_resultados.csv,,
Real Racing Club de Santander vs Elche,2025-03-02 15:02:00,La Liga 2,Over 3.5,Goles (Over/Under),historical_20250228_con_resultados.csv,,
Real Racing Club de Santander vs Elche,2025-03-02 15:02:00,La Liga 2,Under 3.5,Goles (Over/Under),historical_20250228_con_resultados.csv,,
Real Racing Club de Santander vs Elche,2025-03-02 15:02:00,La Liga 2,Over 3.5,Goles (Over/Under),historical_20250228_con_resultados.csv,,
Real Racing Club de Santander vs Elche,2025-03-02 15:02:00,La Liga 2,Under 3.5,Goles (Over/Under),historical_20250228_con_resultados.csv,,
Real Racing Club de Santander vs Elche,2025-03-02 15:02:00,La Liga 2,Over 3.5,Goles (Over/Under),historical_20250228_con_resultados.csv,,
Real Racing Club de Santander vs Elche,2025-03-02 15:02:00,La Liga 2,Under 3.5,Goles (Over/Under),historical_20250228_con_resultados.csv,,
Real Racing Club de Santander vs Elche,2025-03-02 15:02:00,La Liga 2,Over 3.25,Goles (Over/Under),historical_20250228_con_resultados.csv,,
Real Racing Club de Santander vs Elche,2025-03-02 15:02:00,La Liga 2,Under 3.25,Goles (Over/Under),historical_20250228_con_resultados.csv,,
Real Racing Club de Santander vs Elche,2025-03-02 15:02:00,La Liga 2,Over 3.5,Goles (Over/Under),historical_20250228_con_resultados.csv,,
Real Racing Club de Santander vs Elche,2025-03-02 15:02:00,La Liga 2,Under 3.5,Goles (Over/Under),historical_20250228_con_resultados.csv,,
Real Racing Club de Santander vs Elche,2025-03-02 15:02:00,La Liga 2,Over 3.5,Goles (Over/Under),historical_20250228_con_resultados.csv,,
Real Racing Club de Santander vs Elche,2025-03-02 15:02:00,La Liga 2,Under 3.5,Goles (Over/Under),historical_20250228_con_resultados.csv,,
Real Racing Club de Santander vs Elche,2025-03-02 15:02:00,La Liga 2,Over 3.5,Goles (Over/Under),historical_20250228_con_resultados.csv,,
Real Racing Club de Santander vs Elche,2025-03-02 15:02:00,La Liga 2,Under 3.5,Goles (Over/Under),historical_20250228_con_resultados.csv,,
Real Racing Club de Santander vs Elche,2025-03-02 15:02:00,La Liga 2,Over 3.5,Goles (Over/Under),historical_20250228_con_resultados.csv,,
Real Racing Club de Santander vs Elche,2025-03-02 15:02:00,La Liga 2,Under 3.5,Goles (Over/Under),historical_20250228_con_resultados.csv,,
Blackpool vs Cambridge United,2025-01-11 10:00:00,League One,Under 2.5,Goles (Over/Under),historical_20250110_con_resultados.csv,,
Blackpool vs Cambridge United,2025-01-11 10:00:00,League One,Over 2.5,Goles (Over/Under),historical_20250110_con_resultados.csv,,
Stevenage vs Burton Albion,2025-01-11 10:00:00,League One,Under 2.5,Goles (Over/Under),historical_20250110_con_resultados.csv,,
Stevenage vs Burton Albion,2025-01-11 10:00:00,League One,Over 2.5,Goles (Over/Under),historical_20250110_con_resultados.csv,,
Stevenage vs Burton Albion,2025-01-11 10:00:00,League One,Over 2.25,Goles (Over/Under),historical_20250110_con_resultados.csv,,
Stevenage vs Burton Albion,2025-01-11 10:00:00,League One,Under 2.25,Goles (Over/Under),historical_20250110_con_resultados.csv,,
Charlton Athletic vs Stevenage,2025-02-08 07:30:00,League One,Over 2.5,Goles (Over/Under),historical_20250207_con_resultados.csv,,
Charlton Athletic vs Stevenage,2025-02-08 07:30:00,League One,Over 2.0,Goles (Over/Under),historical_20250207_con_resultados.csv,,
Charlton Athletic vs Stevenage,2025-02-08 07:30:00,League One,Under 2.5,Goles (Over/Under),historical_20250207_con_resultados.csv,,
Charlton Athletic vs Stevenage,2025-02-08 07:30:00,League One,Under 2.0,Goles (Over/Under),historical_20250207_con_resultados.csv,,
Stockport County FC vs Barnsley,2025-02-08 07:30:00,League One,Under 2.5,Goles (Over/Under),historical_20250207_con_resultados.csv,,
Stockport County FC vs Barnsley,2025-02-08 07:30:00,League One,Over 2.5,Goles (Over/Under),historical_20250207_con_resultados.csv,,
Burton Albion vs Blackpool,2025-02-08 10:00:00,League One,Under 2.5,Goles (Over/Under),historical_20250207_con_resultados.csv,,
Burton Albion vs Blackpool,2025-02-08 10:00:00,League One,Over 2.5,Goles (Over/Under),historical_20250207_con_resultados.csv,,
Huddersfield Town vs Reading,2025-02-08 10:00:00,League One,Under 2.5,Goles (Over/Under),historical_20250207_con_resultados.csv,,
Huddersfield Town vs Reading,2025-02-08 10:00:00,League One,Over 2.5,Goles (Over/Under),historical_20250207_con_resultados.csv,,
Huddersfield Town vs Reading,2025-02-08 10:00:00,League One,Under 2.75,Goles (Over/Under),historical_20250207_con_resultados.csv,,
Huddersfield Town vs Reading,2025-02-08 10:00:00,League One,Over 2.75,Goles (Over/Under),historical_20250207_con_resultados.csv,,
Cambridge United vs Exeter City,2025-02-15 07:30:00,League One,Over 2.5,Goles (Over/Under),historical_20250214_con_resultados.csv,,
Cambridge United vs Exeter City,2025-02-15 07:30:00,League One,Under 2.5,Goles (Over/Under),historical_20250214_con_resultados.csv,,
Northampton Town vs Wrexham AFC,2025-02-15 07:30:00,League One,Over 2.5,Goles (Over/Under),historical_20250214_con_resultados.csv,,
Northampton Town vs Wrexham AFC,2025-02-15 07:30:00,League One,Under 2.5,Goles (Over/Under),historical_20250214_con_resultados.csv,,
Northampton Town vs Wrexham AFC,2025-02-15 07:30:00,League One,Over 2.25,Goles (Over/Under),historical_20250214_con_resultados.csv,,
Northampton Town vs Wrexham AFC,2025-02-15 07:30:00,League One,Under 2.25,Goles (Over/Under),historical_20250214_con_resultados.csv,,
Barnsley vs Huddersfield Town,2025-02-15 10:00:00,League One,Over 2.5,Goles (Over/Under),historical_20250214_con_resultados.csv,,
Barnsley vs Huddersfield Town,2025-02-15 10:00:00,League One,Under 2.5,Goles (Over/Under),historical_20250214_con_resultados.csv,,
Birmingham City vs Charlton Athletic,2025-02-15 10:00:00,League One,Over 2.5,Goles (Over/Under),historical_20250214_con_resultados.csv,,
Birmingham City vs Charlton Athletic,2025-02-15 10:00:00,League One,Under 2.5,Goles (Over/Under),historical_20250214_con_resultados.csv,,
Birmingham City vs Charlton Athletic,2025-02-15 10:00:00,League One,Over 2.25,Goles (Over/Under),historical_20250214_con_resultados.csv,,
Birmingham City vs Charlton Athletic,2025-02-15 10:00:00,League One,Under 2.25,Goles (Over/Under),historical_20250214_con_resultados.csv,,
Blackpool vs Mansfield Town,2025-02-15 10:00:00,League One,Over 2.5,Goles (Over/Under),historical_20250214_con_resultados.csv,,
Blackpool vs Mansfield Town,2025-02-15 10:00:00,League One,Under 2.5,Goles (Over/Under),historical_20250214_con_resultados.csv,,
Bristol Rovers vs Burton Albion,2025-02-15 10:00:00,League One,Over 2.5,Goles (Over/Under),historical_20250214_con_resultados.csv,,
Bristol Rovers vs Burton Albion,2025-02-15 10:00:00,League One,Under 2.5,Goles (Over/Under),historical_20250214_con_resultados.csv,,
Bristol Rovers vs Burton Albion,2025-02-15 10:00:00,League One,Over 2.25,Goles (Over/Under),historical_20250214_con_resultados.csv,,
Bristol Rovers vs Burton Albion,2025-02-15 10:00:00,League One,Under 2.25,Goles (Over/Under),historical_20250214_con_resultados.csv,,
Leyton Orient vs Lincoln City,2025-02-15 10:00:00,League One,Over 2.5,Goles (Over/Under),historical_20250214_con_resultados.csv,,
Leyton Orient vs Lincoln City,2025-02-15 10:00:00,League One,Under 2.5,Goles (Over/Under),historical_20250214_con_resultados.csv,,
Leyton Orient vs Lincoln City,2025-02-15 10:00:00,League One,Over 2.25,Goles (Over/Under),historical_20250214_con_resultados.csv,,
Leyton Orient vs Lincoln City,2025-02-15 10:00:00,League One,Under 2.25,Goles (Over/Under),historical_20250214_con_resultados.csv,,
Reading vs Rotherham United,2025-02-15 10:00:00,League One,Over 2.5,Goles (Over/Under),historical_20250214_con_resultados.csv,,
Reading vs Rotherham United,2025-02-15 10:00:00,League One,Under 2.5,Goles (Over/Under),historical_20250214_con_resultados.csv,,
Reading vs Birmingham City,2025-02-22 07:30:00,League One,Over 2.5,Goles (Over/Under),historical_20250221_con_resultados.csv,,
Reading vs Birmingham City,2025-02-22 07:30:00,League One,Under 2.5,Goles (Over/Under),historical_20250221_con_resultados.csv,,
Reading vs Birmingham City,2025-02-22 07:30:00,League One,Over 2.75,Goles (Over/Under),historical_20250221_con_resultados.csv,,
Reading vs Birmingham City,2025-02-22 07:30:00,League One,Under 2.75,Goles (Over/Under),historical_20250221_con_resultados.csv,,
Blackpool vs Crawley Town,2025-02-22 10:00:00,League One,Over 2.5,Goles (Over/Under),historical_20250221_con_resultados.csv,,
Blackpool vs Crawley Town,2025-02-22 10:00:00,League One,Under 2.5,Goles (Over/Under),historical_20250221_con_resultados.csv,,
Blackpool vs Crawley Town,2025-02-22 10:00:00,League One,Over 2.75,Goles (Over/Under),historical_20250221_con_resultados.csv,,
Blackpool vs Crawley Town,2025-02-22 10:00:00,League One,Under 2.75,Goles (Over/Under),historical_20250221_con_resultados.csv,,
Bolton Wanderers vs Leyton Orient,2025-02-22 10:00:00,League One,Over 2.5,Goles (Over/Under),historical_20250221_con_resultados.csv,,
Bolton Wanderers vs Leyton Orient,2025-02-22 10:00:00,League One,Under 2.5,Goles (Over/Under),historical_20250221_con_resultados.csv,,
Cambridge United vs Stockport County FC,2025-02-22 10:00:00,League One,Over 2.5,Goles (Over/Under),historical_20250221_con_resultados.csv,,
Cambridge United vs Stockport County FC,2025-02-22 10:00:00,League One,Under 2.5,Goles (Over/Under),historical_20250221_con_resultados.csv,,
Cambridge United vs Stockport County FC,2025-02-22 10:00:00,League One,Over 2.25,Goles (Over/Under),historical_20250221_con_resultados.csv,,
Cambridge United vs Stockport County FC,2025-02-22 10:00:00,League One,Under 2.25,Goles (Over/Under),historical_20250221_con_resultados.csv,,
Charlton Athletic vs Exeter City,2025-02-22 10:00:00,League One,Over 2.5,Goles (Over/Under),historical_20250221_con_resultados.csv,,
Charlton Athletic vs Exeter City,2025-02-22 10:00:00,League One,Under 2.5,Goles (Over/Under),historical_20250221_con_resultados.csv,,
Huddersfield Town vs Peterborough United,2025-02-22 10:00:00,League One,Over 2.5,Goles (Over/Under),historical_20250221_con_resultados.csv,,
Huddersfield Town vs Peterborough United,2025-02-22 10:00:00,League One,Under 2.5,Goles (Over/Under),historical_20250221_con_resultados.csv,,
Huddersfield Town vs Peterborough United,2025-02-22 10:00:00,League One,Over 2.75,Goles (Over/Under),historical_20250221_con_resultados.csv,,
Huddersfield Town vs Peterborough United,2025-02-22 10:00:00,League One,Under 2.75,Goles (Over/Under),historical_20250221_con_resultados.csv,,
Huddersfield Town vs Peterborough United,2025-02-22 10:00:00,League One,Over 3.5,Goles (Over/Under),historical_20250221_con_resultados.csv,,
Huddersfield Town vs Peterborough United,2025-02-22 10:00:00,League One,Under 3.5,Goles (Over/Under),historical_20250221_con_resultados.csv,,
Lincoln City vs Burton Albion,2025-02-22 10:00:00,League One,Over 2.5,Goles (Over/Under),historical_20250221_con_resultados.csv,,
Lincoln City vs Burton Albion,2025-02-22 10:00:00,League One,Under 2.5,Goles (Over/Under),historical_20250221_con_resultados.csv,,
Lincoln City vs Burton Albion,2025-02-22 10:00:00,League One,Over 2.25,Goles (Over/Under),historical_20250221_con_resultados.csv,,
Lincoln City vs Burton Albion,2025-02-22 10:00:00,League One,Under 2.25,Goles (Over/Under),historical_20250221_con_resultados.csv,,
Northampton Town vs Bristol Rovers,2025-02-22 10:00:00,League One,Over 2.5,Goles (Over/Under),historical_20250221_con_resultados.csv,,
Northampton Town vs Bristol Rovers,2025-02-22 10:00:00,League One,Under 2.5,Goles (Over/Under),historical_20250221_con_resultados.csv,,
Northampton Town vs Bristol Rovers,2025-02-22 10:00:00,League One,Over 2.25,Goles (Over/Under),historical_20250221_con_resultados.csv,,
Northampton Town vs Bristol Rovers,2025-02-22 10:00:00,League One,Under 2.25,Goles (Over/Under),historical_20250221_con_resultados.csv,,
Wycombe Wanderers vs Wigan Athletic,2025-02-22 10:00:00,League One,Over 2.5,Goles (Over/Under),historical_20250221_con_resultados.csv,,
Wycombe Wanderers vs Wigan Athletic,2025-02-22 10:00:00,League One,Under 2.5,Goles (Over/Under),historical_20250221_con_resultados.csv,,
Wycombe Wanderers vs Wigan Athletic,2025-02-22 10:00:00,League One,Over 2.25,Goles (Over/Under),historical_20250221_con_resultados.csv,,
Wycombe Wanderers vs Wigan Athletic,2025-02-22 10:00:00,League One,Under 2.25,Goles (Over/Under),historical_20250221_con_resultados.csv,,
Birmingham City vs Wycombe Wanderers,2025-03-01 07:30:00,League One,Over 2.25,Goles (Over/Under),historical_20250228_con_resultados.csv,,
Birmingham City vs Wycombe Wanderers,2025-03-01 07:30:00,League One,Under 2.25,Goles (Over/Under),historical_20250228_con_resultados.csv,,
Birmingham City vs Wycombe Wanderers,2025-03-01 07:30:00,League One,Over 2.5,Goles (Over/Under),historical_20250228_con_resultados.csv,,
Birmingham City vs Wycombe Wanderers,2025-03-01 07:30:00,League One,Under 2.5,Goles (Over/Under),historical_20250228_con_resultados.csv,,
Wrexham AFC vs Bolton Wanderers,2025-03-01 07:30:00,League One,Over 2.5,Goles (Over/Under),historical_20250228_con_resultados.csv,,
Wrexham AFC vs Bolton Wanderers,2025-03-01 07:30:00,League One,Under 2.5,Goles (Over/Under),historical_20250228_con_resultados.csv,,
Barnsley vs Lincoln City,2025-03-01 10:00:00,League One,Over 2.5,Goles (Over/Under),historical_20250228_con_resultados.csv,,
Barnsley vs Lincoln City,2025-03-01 10:00:00,League One,Under 2.5,Goles (Over/Under),historical_20250228_con_resultados.csv,,
Bristol Rovers vs Rotherham United,2025-03-01 10:00:00,League One,Over 2.5,Goles (Over/Under),historical_20250228_con_resultados.csv,,
Bristol Rovers vs Rotherham United,2025-03-01 10:00:00,League One,Under 2.5,Goles (Over/Under),historical_20250228_con_resultados.csv,,
Burton Albion vs Mansfield Town,2025-03-01 10:00:00,League One,Over 2.5,Goles (Over/Under),historical_20250228_con_resultados.csv,,
Burton Albion vs Mansfield Town,2025-03-01 10:00:00,League One,Under 2.5,Goles (Over/Under),historical_20250228_con_resultados.csv,,
Crawley Town vs Cambridge United,2025-03-01 10:00:00,League One,Over 2.5,Goles (Over/Under),historical_20250228_con_resultados.csv,,
Crawley Town vs Cambridge United,2025-03-01 10:00:00,League One,Under 2.5,Goles (Over/Under),historical_20250228_con_resultados.csv,,
Exeter City vs Northampton Town,2025-03-01 10:00:00,League One,Over 2.25,Goles (Over/Under),historical_20250228_con_resultados.csv,,
Exeter City vs Northampton Town,2025-03-01 10:00:00,League One,Under 2.25,Goles (Over/Under),historical_20250228_con_resultados.csv,,
Exeter City vs Northampton Town,2025-03-01 10:00:00,League One,Over 2.5,Goles (Over/Under),historical_20250228_con_resultados.csv,,
Exeter City vs Northampton Town,2025-03-01 10:00:00,League One,Under 2.5,Goles (Over/Under),historical_20250228_con_resultados.csv,,
Leyton Orient vs Charlton Athletic,2025-03-01 10:00:00,League One,Over 2.5,Goles (Over/Under),historical_20250228_con_resultados.csv,,
Leyton Orient vs Charlton Athletic,2025-03-01 10:00:00,League One,Under 2.5,Goles (Over/Under),historical_20250228_con_resultados.csv,,
Leyton Orient vs Charlton Athletic,2025-03-01 10:00:00,League One,Over 2.25,Goles (Over/Under),historical_20250228_con_resultados.csv,,
Leyton Orient vs Charlton Athletic,2025-03-01 10:00:00,League One,Under 2.25,Goles (Over/Under),historical_20250228_con_resultados.csv,,
Peterborough United vs Shrewsbury Town,2025-03-01 10:00:00,League One,Over 2.5,Goles (Over/Under),historical_20250228_con_resultados.csv,,
Peterborough United vs Shrewsbury Town,2025-03-01 10:00:00,League One,Under 2.5,Goles (Over/Under),historical_20250228_con_resultados.csv,,
Stevenage vs Huddersfield Town,2025-03-01 10:00:00,League One,Over 2.5,Goles (Over/Under),historical_20250228_con_resultados.csv,,
Stevenage vs Huddersfield Town,2025-03-01 10:00:00,League One,Under 2.5,Goles (Over/Under),historical_20250228_con_resultados.csv,,
Stevenage vs Huddersfield Town,2025-03-01 10:00:00,League One,Over 2.0,Goles (Over/Under),historical_20250228_con_resultados.csv,,
Stevenage vs Huddersfield Town,2025-03-01 10:00:00,League One,Under 2.0,Goles (Over/Under),historical_20250228_con_resultados.csv,,
Stevenage vs Huddersfield Town,2025-03-01 10:00:00,League One,Over 2.25,Goles (Over/Under),historical_20250228_con_resultados.csv,,
Stevenage vs Huddersfield Town,2025-03-01 10:00:00,League One,Under 2.25,Goles (Over/Under),historical_20250228_con_resultados.csv,,
Stockport County FC vs Blackpool,2025-03-01 10:00:00,League One,Over 2.5,Goles (Over/Under),historical_20250228_con_resultados.csv,,
Stockport County FC vs Blackpool,2025-03-01 10:00:00,League One,Under 2.5,Goles (Over/Under),historical_20250228_con_resultados.csv,,
Wigan Athletic vs Reading,2025-03-01 10:00:00,League One,Over 2.5,Goles (Over/Under),historical_20250228_con_resultados.csv,,
Wigan Athletic vs Reading,2025-03-01 10:00:00,League One,Under 2.5,Goles (Over/Under),historical_20250228_con_resultados.csv,,
Wigan Athletic vs Reading,2025-03-01 10:00:00,League One,Over 2.25,Goles (Over/Under),historical_20250228_con_resultados.csv,,
Wigan Athletic vs Reading,2025-03-01 10:00:00,League One,Under 2.25,Goles (Over/Under),historical_20250228_con_resultados.csv,,
Carlisle United vs Milton Keynes Dons,2025-01-11 10:00:00,League Two,Over 2.5,Goles (Over/Under),historical_20250110_con_resultados.csv,,
Carlisle United vs Milton Keynes Dons,2025-01-11 10:00:00,League Two,Under 2.5,Goles (Over/Under),historical_20250110_con_resultados.csv,,
Port Vale vs Barrow,2025-01-11 10:00:00,League Two,Over 2.25,Goles (Over/Under),historical_20250110_con_resultados.csv,,
Port Vale vs Barrow,2025-01-11 10:00:00,League Two,Under 2.25,Goles (Over/Under),historical_20250110_con_resultados.csv,,
Port Vale vs Barrow,2025-01-11 10:00:00,League Two,Under 2.5,Goles (Over/Under),historical_20250110_con_resultados.csv,,
Port Vale vs Barrow,2025-01-11 10:00:00,League Two,Over 2.5,Goles (Over/Under),historical_20250110_con_resultados.csv,,
Wimbledon vs Cheltenham Town,2025-01-11 10:00:00,League Two,Over 2.25,Goles (Over/Under),historical_20250110_con_resultados.csv,,
Wimbledon vs Cheltenham Town,2025-01-11 10:00:00,League Two,Over 2.5,Goles (Over/Under),historical_20250110_con_resultados.csv,,
Wimbledon vs Cheltenham Town,2025-01-11 10:00:00,League Two,Under 2.25,Goles (Over/Under),historical_20250110_con_resultados.csv,,
Wimbledon vs Cheltenham Town,2025-01-11 10:00:00,League Two,Under 2.5,Goles (Over/Under),historical_20250110_con_resultados.csv,,
Salford City vs Bradford City,2025-03-01 07:30:00,League Two,Over 2.5,Goles (Over/Under),historical_20250228_con_resultados.csv,,
Salford City vs Bradford City,2025-03-01 07:30:00,League Two,Under 2.5,Goles (Over/Under),historical_20250228_con_resultados.csv,,
Salford City vs Bradford City,2025-03-01 07:30:00,League Two,Over 2.25,Goles (Over/Under),historical_20250228_con_resultados.csv,,
Salford City vs Bradford City,2025-03-01 07:30:00,League Two,Under 2.25,Goles (Over/Under),historical_20250228_con_resultados.csv,,
Tranmere Rovers vs Port Vale,2025-03-01 07:30:00,League Two,Over 2.5,Goles (Over/Under),historical_20250228_con_resultados.csv,,
Tranmere Rovers vs Port Vale,2025-03-01 07:30:00,League Two,Under 2.5,Goles (Over/Under),historical_20250228_con_resultados.csv,,
Tranmere Rovers vs Port Vale,2025-03-01 07:30:00,League Two,Over 2.25,Goles (Over/Under),historical_20250228_con_resultados.csv,,
Tranmere Rovers vs Port Vale,2025-03-01 07:30:00,League Two,Under 2.25,Goles (Over/Under),historical_20250228_con_resultados.csv,,
Cheltenham Town vs Grimsby Town,2025-03-01 10:00:00,League Two,Over 2.5,Goles (Over/Under),historical_20250228_con_resultados.csv,,
Cheltenham Town vs Grimsby Town,2025-03-01 10:00:00,League Two,Under 2.5,Goles (Over/Under),historical_20250228_con_resultados.csv,,
Chesterfield FC vs Crewe Alexandra,2025-03-01 10:00:00,League Two,Over 2.5,Goles (Over/Under),historical_20250228_con_resultados.csv,,
Chesterfield FC vs Crewe Alexandra,2025-03-01 10:00:00,League Two,Under 2.5,Goles (Over/Under),historical_20250228_con_resultados.csv,,
Doncaster Rovers vs Newport County,2025-03-01 10:00:00,League Two,Over 3.0,Goles (Over/Under),historical_20250228_con_resultados.csv,,
Doncaster Rovers vs Newport County,2025-03-01 10:00:00,League Two,Under 3.0,Goles (Over/Under),historical_20250228_con_resultados.csv,,
Doncaster Rovers vs Newport County,2025-03-01 10:00:00,League Two,Over 2.5,Goles (Over/Under),historical_20250228_con_resultados.csv,,
Doncaster Rovers vs Newport County,2025-03-01 10:00:00,League Two,Under 2.5,Goles (Over/Under),historical_20250228_con_resultados.csv,,
Fleetwood Town vs Notts County,2025-03-01 10:00:00,League Two,Over 2.5,Goles (Over/Under),historical_20250228_con_resultados.csv,,
Fleetwood Town vs Notts County,2025-03-01 10:00:00,League Two,Under 2.5,Goles (Over/Under),historical_20250228_con_resultados.csv,,
Gillingham vs Morecambe,2025-03-01 10:00:00,League Two,Over 2.5,Goles (Over/Under),historical_20250228_con_resultados.csv,,
Gillingham vs Morecambe,2025-03-01 10:00:00,League Two,Under 2.5,Goles (Over/Under),historical_20250228_con_resultados.csv,,
Gillingham vs Morecambe,2025-03-01 10:00:00,League Two,Over 2.25,Goles (Over/Under),historical_20250228_con_resultados.csv,,
Gillingham vs Morecambe,2025-03-01 10:00:00,League Two,Under 2.25,Goles (Over/Under),historical_20250228_con_resultados.csv,,
Harrogate Town vs Accrington Stanley,2025-03-01 10:00:00,League Two,Over 2.5,Goles (Over/Under),historical_20250228_con_resultados.csv,,
Harrogate Town vs Accrington Stanley,2025-03-01 10:00:00,League Two,Under 2.5,Goles (Over/Under),historical_20250228_con_resultados.csv,,
Harrogate Town vs Accrington Stanley,2025-03-01 10:00:00,League Two,Over 2.0,Goles (Over/Under),historical_20250228_con_resultados.csv,,
Harrogate Town vs Accrington Stanley,2025-03-01 10:00:00,League Two,Under 2.0,Goles (Over/Under),historical_20250228_con_resultados.csv,,
Harrogate Town vs Accrington Stanley,2025-03-01 10:00:00,League Two,Over 2.25,Goles (Over/Under),historical_20250228_con_resultados.csv,,
Harrogate Town vs Accrington Stanley,2025-03-01 10:00:00,League Two,Under 2.25,Goles (Over/Under),historical_20250228_con_resultados.csv,,
Milton Keynes Dons vs Colchester United,2025-03-01 10:00:00,League Two,Over 2.5,Goles (Over/Under),historical_20250228_con_resultados.csv,,
Milton Keynes Dons vs Colchester United,2025-03-01 10:00:00,League Two,Under 2.5,Goles (Over/Under),historical_20250228_con_resultados.csv,,
Milton Keynes Dons vs Colchester United,2025-03-01 10:00:00,League Two,Over 2.25,Goles (Over/Under),historical_20250228_con_resultados.csv,,
Milton Keynes Dons vs Colchester United,2025-03-01 10:00:00,League Two,Under 2.25,Goles (Over/Under),historical_20250228_con_resultados.csv,,
Walsall vs Swindon Town,2025-03-01 10:00:00,League Two,Over 2.5,Goles (Over/Under),historical_20250228_con_resultados.csv,,
Walsall vs Swindon Town,2025-03-01 10:00:00,League Two,Under 2.5,Goles (Over/Under),historical_20250228_con_resultados.csv,,
Wimbledon vs Bromley FC,2025-03-01 10:00:00,League Two,Over 2.5,Goles (Over/Under),historical_20250228_con_resultados.csv,,
Wimbledon vs Bromley FC,2025-03-01 10:00:00,League Two,Under 2.5,Goles (Over/Under),historical_20250228_con_resultados.csv,,
Wimbledon vs Bromley FC,2025-03-01 10:00:00,League Two,Over 2.25,Goles (Over/Under),historical_20250228_con_resultados.csv,,
Wimbledon vs Bromley FC,2025-03-01 10:00:00,League Two,Under 2.25,Goles (Over/Under),historical_20250228_con_resultados.csv,,
Atlético San Luis vs Necaxa,2025-01-24 20:00:00,Liga MX,Under 2.5,Goles (Over/Under),historical_20250124_con_resultados.csv,,
Atlético San Luis vs Necaxa,2025-01-24 20:00:00,Liga MX,Over 2.5,Goles (Over/Under),historical_20250124_con_resultados.csv,,
Mazatlán FC vs Toluca,2025-01-24 22:00:00,Liga MX,Under 2.75,Goles (Over/Under),historical_20250124_con_resultados.csv,,
Mazatlán FC vs Toluca,2025-01-24 22:00:00,Liga MX,Over 2.5,Goles (Over/Under),historical_20250124_con_resultados.csv,,
Mazatlán FC vs Toluca,2025-01-24 22:00:00,Liga MX,Under 2.5,Goles (Over/Under),historical_20250124_con_resultados.csv,,
Mazatlán FC vs Toluca,2025-01-24 22:00:00,Liga MX,Over 2.75,Goles (Over/Under),historical_20250124_con_resultados.csv,,
Necaxa vs Santos Laguna,2025-02-07 20:00:00,Liga MX,Under 2.5,Goles (Over/Under),historical_20250207_con_resultados.csv,,
Necaxa vs Santos Laguna,2025-02-07 20:00:00,Liga MX,Over 2.5,Goles (Over/Under),historical_20250207_con_resultados.csv,,
Necaxa vs Santos Laguna,2025-02-07 20:00:00,Liga MX,Over 3.0,Goles (Over/Under),historical_20250207_con_resultados.csv,,
Necaxa vs Santos Laguna,2025-02-07 20:00:00,Liga MX,Under 3.0,Goles (Over/Under),historical_20250207_con_resultados.csv,,
Querétaro vs Atlético San Luis,2025-02-07 20:00:00,Liga MX,Over 2.5,Goles (Over/Under),historical_20250207_con_resultados.csv,,
Querétaro vs Atlético San Luis,2025-02-07 20:00:00,Liga MX,Under 2.5,Goles (Over/Under),historical_20250207_con_resultados.csv,,
Puebla vs América,2025-02-07 22:00:00,Liga MX,Under 2.25,Goles (Over/Under),historical_20250207_con_resultados.csv,,
Puebla vs América,2025-02-07 22:00:00,Liga MX,Over 2.25,Goles (Over/Under),historical_20250207_con_resultados.csv,,
Puebla vs América,2025-02-07 22:00:00,Liga MX,Under 2.5,Goles (Over/Under),historical_20250207_con_resultados.csv,,
Puebla vs América,2025-02-07 22:00:00,Liga MX,Over 2.5,Goles (Over/Under),historical_20250207_con_resultados.csv,,
León vs Toluca,2025-02-08 20:00:00,Liga MX,Under 2.5,Goles (Over/Under),historical_20250207_con_resultados.csv,,
León vs Toluca,2025-02-08 20:00:00,Liga MX,Under 2.75,Goles (Over/Under),historical_20250207_con_resultados.csv,,
León vs Toluca,2025-02-08 20:00:00,Liga MX,Over 2.5,Goles (Over/Under),historical_20250207_con_resultados.csv,,
León vs Toluca,2025-02-08 20:00:00,Liga MX,Over 2.75,Goles (Over/Under),historical_20250207_con_resultados.csv,,
FC Juárez vs Monterrey,2025-02-08 22:00:00,Liga MX,Under 2.5,Goles (Over/Under),historical_20250207_con_resultados.csv,,
FC Juárez vs Monterrey,2025-02-08 22:00:00,Liga MX,Over 2.5,Goles (Over/Under),historical_20250207_con_resultados.csv,,
América vs Necaxa,2025-02-14 22:00:00,Liga MX,Over 2.75,Goles (Over/Under),historical_20250214_con_resultados.csv,,
América vs Necaxa,2025-02-14 22:00:00,Liga MX,Under 2.75,Goles (Over/Under),historical_20250214_con_resultados.csv,,
América vs Necaxa,2025-02-14 22:00:00,Liga MX,Over 2.5,Goles (Over/Under),historical_20250214_con_resultados.csv,,
América vs Necaxa,2025-02-14 22:00:00,Liga MX,Under 2.5,Goles (Over/Under),historical_20250214_con_resultados.csv,,
Mazatlán FC vs Santos Laguna,2025-02-14 22:00:00,Liga MX,Over 2.5,Goles (Over/Under),historical_20250214_con_resultados.csv,,
Mazatlán FC vs Santos Laguna,2025-02-14 22:00:00,Liga MX,Under 2.5,Goles (Over/Under),historical_20250214_con_resultados.csv,,
Tijuana vs FC Juárez,2025-02-14 22:00:00,Liga MX,Over 2.5,Goles (Over/Under),historical_20250214_con_resultados.csv,,
Tijuana vs FC Juárez,2025-02-14 22:00:00,Liga MX,Under 2.5,Goles (Over/Under),historical_20250214_con_resultados.csv,,
Tijuana vs FC Juárez,2025-02-14 22:00:00,Liga MX,Over 3.0,Goles (Over/Under),historical_20250214_con_resultados.csv,,
Tijuana vs FC Juárez,2025-02-14 22:00:00,Liga MX,Under 3.0,Goles (Over/Under),historical_20250214_con_resultados.csv,,
Tijuana vs FC Juárez,2025-02-14 22:00:00,Liga MX,Over 3.5,Goles (Over/Under),historical_20250214_con_resultados.csv,,
Tijuana vs FC Juárez,2025-02-14 22:00:00,Liga MX,Under 3.5,Goles (Over/Under),historical_20250214_con_resultados.csv,,
Tijuana vs FC Juárez,2025-02-14 22:00:00,Liga MX,Over 2.75,Goles (Over/Under),historical_20250214_con_resultados.csv,,
Tijuana vs FC Juárez,2025-02-14 22:00:00,Liga MX,Under 2.75,Goles (Over/Under),historical_20250214_con_resultados.csv,,
Atlas vs Puebla,2025-02-15 18:00:00,Liga MX,Over 2.25,Goles (Over/Under),historical_20250214_con_resultados.csv,,
Atlas vs Puebla,2025-02-15 18:00:00,Liga MX,Under 2.25,Goles (Over/Under),historical_20250214_con_resultados.csv,,
Atlas vs Puebla,2025-02-15 18:00:00,Liga MX,Over 2.5,Goles (Over/Under),historical_20250214_con_resultados.csv,,
Atlas vs Puebla,2025-02-15 18:00:00,Liga MX,Under 2.5,Goles (Over/Under),historical_20250214_con_resultados.csv,,
Tigres vs Cruz Azul,2025-02-15 20:00:00,Liga MX,Over 2.5,Goles (Over/Under),historical_20250214_con_resultados.csv,,
Tigres vs Cruz Azul,2025-02-15 20:00:00,Liga MX,Under 2.5,Goles (Over/Under),historical_20250214_con_resultados.csv,,
Tigres vs Cruz Azul,2025-02-15 20:00:00,Liga MX,Over 2.25,Goles (Over/Under),historical_20250214_con_resultados.csv,,
Tigres vs Cruz Azul,2025-02-15 20:00:00,Liga MX,Under 2.25,Goles (Over/Under),historical_20250214_con_resultados.csv,,
Toluca vs Guadalajara,2025-02-15 22:10:00,Liga MX,Over 2.5,Goles (Over/Under),historical_20250214_con_resultados.csv,,
Toluca vs Guadalajara,2025-02-15 22:10:00,Liga MX,Under 2.5,Goles (Over/Under),historical_20250214_con_resultados.csv,,
Necaxa vs Mazatlán FC,2025-02-21 20:00:00,Liga MX,Over 2.5,Goles (Over/Under),historical_20250221_con_resultados.csv,,
Necaxa vs Mazatlán FC,2025-02-21 20:00:00,Liga MX,Under 2.5,Goles (Over/Under),historical_20250221_con_resultados.csv,,
Necaxa vs Mazatlán FC,2025-02-21 20:00:00,Liga MX,Over 2.75,Goles (Over/Under),historical_20250221_con_resultados.csv,,
Necaxa vs Mazatlán FC,2025-02-21 20:00:00,Liga MX,Under 2.75,Goles (Over/Under),historical_20250221_con_resultados.csv,,
Puebla vs Tijuana,2025-02-21 22:00:00,Liga MX,Over 2.5,Goles (Over/Under),historical_20250221_con_resultados.csv,,
Puebla vs Tijuana,2025-02-21 22:00:00,Liga MX,Under 2.5,Goles (Over/Under),historical_20250221_con_resultados.csv,,
Puebla vs Tijuana,2025-02-21 22:00:00,Liga MX,Over 2.75,Goles (Over/Under),historical_20250221_con_resultados.csv,,
Puebla vs Tijuana,2025-02-21 22:00:00,Liga MX,Under 2.75,Goles (Over/Under),historical_20250221_con_resultados.csv,,
León vs Tigres,2025-02-22 20:00:00,Liga MX,Over 2.5,Goles (Over/Under),historical_20250221_con_resultados.csv,,
León vs Tigres,2025-02-22 20:00:00,Liga MX,Under 2.5,Goles (Over/Under),historical_20250221_con_resultados.csv,,
León vs Tigres,2025-02-22 20:00:00,Liga MX,Over 2.75,Goles (Over/Under),historical_20250221_con_resultados.csv,,
León vs Tigres,2025-02-22 20:00:00,Liga MX,Under 2.75,Goles (Over/Under),historical_20250221_con_resultados.csv,,
Pumas vs América,2025-02-22 22:05:00,Liga MX,Over 2.5,Goles (Over/Under),historical_20250221_con_resultados.csv,,
Pumas vs América,2025-02-22 22:05:00,Liga MX,Under 2.5,Goles (Over/Under),historical_20250221_con_resultados.csv,,
Pumas vs América,2025-02-22 22:05:00,Liga MX,Over 2.25,Goles (Over/Under),historical_20250221_con_resultados.csv,,
Pumas vs América,2025-02-22 22:05:00,Liga MX,Under 2.25,Goles (Over/Under),historical_20250221_con_resultados.csv,,
Mazatlán FC vs Cruz Azul,2025-02-28 22:00:00,Liga MX,Over 2.5,Goles (Over/Under),historical_20250228_con_resultados.csv,,
Mazatlán FC vs Cruz Azul,2025-02-28 22:00:00,Liga MX,Under 2.5,Goles (Over/Under),historical_20250228_con_resultados.csv,,
FC Juárez vs Pachuca,2025-03-01 18:00:00,Liga MX,Over 2.5,Goles (Over/Under),historical_20250228_con_resultados.csv,,
FC Juárez vs Pachuca,2025-03-01 18:00:00,Liga MX,Under 2.5,Goles (Over/Under),historical_20250228_con_resultados.csv,,
FC Juárez vs Pachuca,2025-03-01 18:00:00,Liga MX,Over 2.75,Goles (Over/Under),historical_20250228_con_resultados.csv,,
FC Juárez vs Pachuca,2025-03-01 18:00:00,Liga MX,Under 2.75,Goles (Over/Under),historical_20250228_con_resultados.csv,,
Necaxa vs Tigres,2025-03-01 18:00:00,Liga MX,Over 2.75,Goles (Over/Under),historical_20250228_con_resultados.csv,,
Necaxa vs Tigres,2025-03-01 18:00:00,Liga MX,Under 2.75,Goles (Over/Under),historical_20250228_con_resultados.csv,,
Necaxa vs Tigres,2025-03-01 18:00:00,Liga MX,Over 2.5,Goles (Over/Under),historical_20250228_con_resultados.csv,,
Necaxa vs Tigres,2025-03-01 18:00:00,Liga MX,Under 2.5,Goles (Over/Under),historical_20250228_con_resultados.csv,,
León vs Tijuana,2025-03-01 20:00:00,Liga MX,Over 2.5,Goles (Over/Under),historical_20250228_con_resultados.csv,,
León vs Tijuana,2025-03-01 20:00:00,Liga MX,Under 2.5,Goles (Over/Under),historical_20250228_con_resultados.csv,,
León vs Tijuana,2025-03-01 20:00:00,Liga MX,Over 3.0,Goles (Over/Under),historical_20250228_con_resultados.csv,,
León vs Tijuana,2025-03-01 20:00:00,Liga MX,Under 3.0,Goles (Over/Under),historical_20250228_con_resultados.csv,,
Vitória SC vs Arouca,2025-01-18 15:30:00,Liga Portugal,Under 2.5,Goles (Over/Under),historical_20250117_con_resultados.csv,,
Vitória SC vs Arouca,2025-01-18 15:30:00,Liga Portugal,Over 2.5,Goles (Over/Under),historical_20250117_con_resultados.csv,,
Gil Vicente vs FC Porto,2025-01-19 15:32:00,Liga Portugal,Over 3.5,Goles (Over/Under),historical_20250117_con_resultados.csv,,
Gil Vicente vs FC Porto,2025-01-19 15:32:00,Liga Portugal,Under 3.0,Goles (Over/Under),historical_20250117_con_resultados.csv,,
Gil Vicente vs FC Porto,2025-01-19 15:32:00,Liga Portugal,Over 3.0,Goles (Over/Under),historical_20250117_con_resultados.csv,,
Gil Vicente vs FC Porto,2025-01-19 15:32:00,Liga Portugal,Under 3.5,Goles (Over/Under),historical_20250117_con_resultados.csv,,
Gil Vicente vs FC Porto,2025-01-19 15:32:00,Liga Portugal,Over 3.5,Goles (Over/Under),historical_20250117_con_resultados.csv,,
Gil Vicente vs FC Porto,2025-01-19 15:32:00,Liga Portugal,Under 3.5,Goles (Over/Under),historical_20250117_con_resultados.csv,,
Gil Vicente vs FC Porto,2025-01-19 15:32:00,Liga Portugal,Under 3.25,Goles (Over/Under),historical_20250117_con_resultados.csv,,
Gil Vicente vs FC Porto,2025-01-19 15:32:00,Liga Portugal,Over 2.5,Goles (Over/Under),historical_20250117_con_resultados.csv,,
Gil Vicente vs FC Porto,2025-01-19 15:32:00,Liga Portugal,Under 3.0,Goles (Over/Under),historical_20250117_con_resultados.csv,,
Gil Vicente vs FC Porto,2025-01-19 15:32:00,Liga Portugal,Over 3.0,Goles (Over/Under),historical_20250117_con_resultados.csv,,
Gil Vicente vs FC Porto,2025-01-19 15:32:00,Liga Portugal,Under 3.0,Goles (Over/Under),historical_20250117_con_resultados.csv,,
Gil Vicente vs FC Porto,2025-01-19 15:32:00,Liga Portugal,Over 3.0,Goles (Over/Under),historical_20250117_con_resultados.csv,,
Gil Vicente vs FC Porto,2025-01-19 15:32:00,Liga Portugal,Under 3.0,Goles (Over/Under),historical_20250117_con_resultados.csv,,
Gil Vicente vs FC Porto,2025-01-19 15:32:00,Liga Portugal,Over 3.0,Goles (Over/Under),historical_20250117_con_resultados.csv,,
Gil Vicente vs FC Porto,2025-01-19 15:32:00,Liga Portugal,Over 3.25,Goles (Over/Under),historical_20250117_con_resultados.csv,,
Gil Vicente vs FC Porto,2025-01-19 15:32:00,Liga Portugal,Under 2.5,Goles (Over/Under),historical_20250117_con_resultados.csv,,
SC Farense vs Rio Ave FC,2025-01-25 10:30:00,Liga Portugal,Over 2.5,Goles (Over/Under),historical_20250124_con_resultados.csv,,
SC Farense vs Rio Ave FC,2025-01-25 10:30:00,Liga Portugal,Under 2.0,Goles (Over/Under),historical_20250124_con_resultados.csv,,
SC Farense vs Rio Ave FC,2025-01-25 10:30:00,Liga Portugal,Under 2.5,Goles (Over/Under),historical_20250124_con_resultados.csv,,
SC Farense vs Rio Ave FC,2025-01-25 10:30:00,Liga Portugal,Over 2.0,Goles (Over/Under),historical_20250124_con_resultados.csv,,
CF Estrela vs Benfica,2025-02-02 15:30:00,Liga Portugal,Over 4.5,Goles (Over/Under),historical_20250131_con_resultados.csv,,
CF Estrela vs Benfica,2025-02-02 15:30:00,Liga Portugal,Under 4.5,Goles (Over/Under),historical_20250131_con_resultados.csv,,
CF Estrela vs Benfica,2025-02-02 15:30:00,Liga Portugal,Over 4.5,Goles (Over/Under),historical_20250131_con_resultados.csv,,
CF Estrela vs Benfica,2025-02-02 15:30:00,Liga Portugal,Over 4.5,Goles (Over/Under),historical_20250131_con_resultados.csv,,
CF Estrela vs Benfica,2025-02-02 15:30:00,Liga Portugal,Under 4.5,Goles (Over/Under),historical_20250131_con_resultados.csv,,
CF Estrela vs Benfica,2025-02-02 15:30:00,Liga Portugal,Over 4.5,Goles (Over/Under),historical_20250131_con_resultados.csv,,
CF Estrela vs Benfica,2025-02-02 15:30:00,Liga Portugal,Under 4.5,Goles (Over/Under),historical_20250131_con_resultados.csv,,
CF Estrela vs Benfica,2025-02-02 15:30:00,Liga Portugal,Over 4.5,Goles (Over/Under),historical_20250131_con_resultados.csv,,
CF Estrela vs Benfica,2025-02-02 15:30:00,Liga Portugal,Under 4.5,Goles (Over/Under),historical_20250131_con_resultados.csv,,
CF Estrela vs Benfica,2025-02-02 15:30:00,Liga Portugal,Under 2.5,Goles (Over/Under),historical_20250131_con_resultados.csv,,
CF Estrela vs Benfica,2025-02-02 15:30:00,Liga Portugal,Over 2.5,Goles (Over/Under),historical_20250131_con_resultados.csv,,
CF Estrela vs Benfica,2025-02-02 15:30:00,Liga Portugal,Under 4.5,Goles (Over/Under),historical_20250131_con_resultados.csv,,
CF Estrela vs Benfica,2025-02-02 15:30:00,Liga Portugal,Over 4.5,Goles (Over/Under),historical_20250131_con_resultados.csv,,
CF Estrela vs Benfica,2025-02-02 15:30:00,Liga Portugal,Under 4.5,Goles (Over/Under),historical_20250131_con_resultados.csv,,
CF Estrela vs Benfica,2025-02-02 15:30:00,Liga Portugal,Under 4.5,Goles (Over/Under),historical_20250131_con_resultados.csv,,
CF Estrela vs Benfica,2025-02-02 15:30:00,Liga Portugal,Over 4.5,Goles (Over/Under),historical_20250131_con_resultados.csv,,
Benfica vs Moreirense FC,2025-02-08 13:00:00,Liga Portugal,Over 3.0,Goles (Over/Under),historical_20250207_con_resultados.csv,,
Benfica vs Moreirense FC,2025-02-08 13:00:00,Liga Portugal,Under 3.0,Goles (Over/Under),historical_20250207_con_resultados.csv,,
Benfica vs Moreirense FC,2025-02-08 13:00:00,Liga Portugal,Over 2.5,Goles (Over/Under),historical_20250207_con_resultados.csv,,
Benfica vs Moreirense FC,2025-02-08 13:00:00,Liga Portugal,Under 2.5,Goles (Over/Under),historical_20250207_con_resultados.csv,,
Benfica vs Moreirense FC,2025-02-08 13:00:00,Liga Portugal,Under 3.5,Goles (Over/Under),historical_20250207_con_resultados.csv,,
Benfica vs Moreirense FC,2025-02-08 13:00:00,Liga Portugal,Over 3.5,Goles (Over/Under),historical_20250207_con_resultados.csv,,
Casa Pia vs CF Estrela,2025-02-09 15:30:00,Liga Portugal,Under 2.0,Goles (Over/Under),historical_20250207_con_resultados.csv,,
Casa Pia vs CF Estrela,2025-02-09 15:30:00,Liga Portugal,Over 1.75,Goles (Over/Under),historical_20250207_con_resultados.csv,,
Casa Pia vs CF Estrela,2025-02-09 15:30:00,Liga Portugal,Under 1.5,Goles (Over/Under),historical_20250207_con_resultados.csv,,
Casa Pia vs CF Estrela,2025-02-09 15:30:00,Liga Portugal,Over 1.5,Goles (Over/Under),historical_20250207_con_resultados.csv,,
Casa Pia vs CF Estrela,2025-02-09 15:30:00,Liga Portugal,Under 1.5,Goles (Over/Under),historical_20250207_con_resultados.csv,,
Casa Pia vs CF Estrela,2025-02-09 15:30:00,Liga Portugal,Over 1.5,Goles (Over/Under),historical_20250207_con_resultados.csv,,
Casa Pia vs CF Estrela,2025-02-09 15:30:00,Liga Portugal,Under 1.5,Goles (Over/Under),historical_20250207_con_resultados.csv,,
Casa Pia vs CF Estrela,2025-02-09 15:30:00,Liga Portugal,Over 1.5,Goles (Over/Under),historical_20250207_con_resultados.csv,,
Casa Pia vs CF Estrela,2025-02-09 15:30:00,Liga Portugal,Under 1.5,Goles (Over/Under),historical_20250207_con_resultados.csv,,
Casa Pia vs CF Estrela,2025-02-09 15:30:00,Liga Portugal,Over 1.5,Goles (Over/Under),historical_20250207_con_resultados.csv,,
Casa Pia vs CF Estrela,2025-02-09 15:30:00,Liga Portugal,Under 1.5,Goles (Over/Under),historical_20250207_con_resultados.csv,,
Casa Pia vs CF Estrela,2025-02-09 15:30:00,Liga Portugal,Under 1.75,Goles (Over/Under),historical_20250207_con_resultados.csv,,
Casa Pia vs CF Estrela,2025-02-09 15:30:00,Liga Portugal,Under 1.5,Goles (Over/Under),historical_20250207_con_resultados.csv,,
Casa Pia vs CF Estrela,2025-02-09 15:30:00,Liga Portugal,Over 1.5,Goles (Over/Under),historical_20250207_con_resultados.csv,,
Casa Pia vs CF Estrela,2025-02-09 15:30:00,Liga Portugal,Over 2.0,Goles (Over/Under),historical_20250207_con_resultados.csv,,
Casa Pia vs CF Estrela,2025-02-09 15:30:00,Liga Portugal,Over 1.5,Goles (Over/Under),historical_20250207_con_resultados.csv,,
Nacional vs Estoril,2025-02-15 10:30:00,Liga Portugal,Over 2.5,Goles (Over/Under),historical_20250214_con_resultados.csv,,
Nacional vs Estoril,2025-02-15 10:30:00,Liga Portugal,Under 2.5,Goles (Over/Under),historical_20250214_con_resultados.csv,,
Nacional vs Estoril,2025-02-15 10:30:00,Liga Portugal,Over 2.25,Goles (Over/Under),historical_20250214_con_resultados.csv,,
Nacional vs Estoril,2025-02-15 10:30:00,Liga Portugal,Under 2.25,Goles (Over/Under),historical_20250214_con_resultados.csv,,
Sporting Lisbon vs Arouca,2025-02-15 15:30:00,Liga Portugal,Over 2.5,Goles (Over/Under),historical_20250214_con_resultados.csv,,
Sporting Lisbon vs Arouca,2025-02-15 15:30:00,Liga Portugal,Under 2.5,Goles (Over/Under),historical_20250214_con_resultados.csv,,
Sporting Lisbon vs Arouca,2025-02-15 15:30:00,Liga Portugal,Over 3.0,Goles (Over/Under),historical_20250214_con_resultados.csv,,
Sporting Lisbon vs Arouca,2025-02-15 15:30:00,Liga Portugal,Under 3.0,Goles (Over/Under),historical_20250214_con_resultados.csv,,
Sporting Lisbon vs Arouca,2025-02-15 15:30:00,Liga Portugal,Over 3.5,Goles (Over/Under),historical_20250214_con_resultados.csv,,
Sporting Lisbon vs Arouca,2025-02-15 15:30:00,Liga Portugal,Under 3.5,Goles (Over/Under),historical_20250214_con_resultados.csv,,
Vitória SC vs Braga,2025-02-16 15:32:00,Liga Portugal,Over 2.0,Goles (Over/Under),historical_20250214_con_resultados.csv,,
Vitória SC vs Braga,2025-02-16 15:32:00,Liga Portugal,Under 2.0,Goles (Over/Under),historical_20250214_con_resultados.csv,,
Vitória SC vs Braga,2025-02-16 15:32:00,Liga Portugal,Over 1.75,Goles (Over/Under),historical_20250214_con_resultados.csv,,
Vitória SC vs Braga,2025-02-16 15:32:00,Liga Portugal,Under 1.75,Goles (Over/Under),historical_20250214_con_resultados.csv,,
Vitória SC vs Braga,2025-02-16 15:32:00,Liga Portugal,Over 1.5,Goles (Over/Under),historical_20250214_con_resultados.csv,,
Vitória SC vs Braga,2025-02-16 15:32:00,Liga Portugal,Under 1.5,Goles (Over/Under),historical_20250214_con_resultados.csv,,
Vitória SC vs Braga,2025-02-16 15:32:00,Liga Portugal,Over 1.5,Goles (Over/Under),historical_20250214_con_resultados.csv,,
Vitória SC vs Braga,2025-02-16 15:32:00,Liga Portugal,Under 1.5,Goles (Over/Under),historical_20250214_con_resultados.csv,,
Vitória SC vs Braga,2025-02-16 15:32:00,Liga Portugal,Over 2.0,Goles (Over/Under),historical_20250214_con_resultados.csv,,
Vitória SC vs Braga,2025-02-16 15:32:00,Liga Portugal,Under 2.0,Goles (Over/Under),historical_20250214_con_resultados.csv,,
Vitória SC vs Braga,2025-02-16 15:32:00,Liga Portugal,Over 3.5,Goles (Over/Under),historical_20250214_con_resultados.csv,,
Vitória SC vs Braga,2025-02-16 15:32:00,Liga Portugal,Under 3.5,Goles (Over/Under),historical_20250214_con_resultados.csv,,
Vitória SC vs Braga,2025-02-16 15:32:00,Liga Portugal,Over 2.0,Goles (Over/Under),historical_20250214_con_resultados.csv,,
Vitória SC vs Braga,2025-02-16 15:32:00,Liga Portugal,Under 2.0,Goles (Over/Under),historical_20250214_con_resultados.csv,,
Vitória SC vs Braga,2025-02-16 15:32:00,Liga Portugal,Over 1.5,Goles (Over/Under),historical_20250214_con_resultados.csv,,
Vitória SC vs Braga,2025-02-16 15:32:00,Liga Portugal,Under 1.5,Goles (Over/Under),historical_20250214_con_resultados.csv,,
Casa Pia vs Gil Vicente,2025-02-22 10:30:00,Liga Portugal,Over 2.5,Goles (Over/Under),historical_20250221_con_resultados.csv,,
Casa Pia vs Gil Vicente,2025-02-22 10:30:00,Liga Portugal,Under 2.5,Goles (Over/Under),historical_20250221_con_resultados.csv,,
Casa Pia vs Gil Vicente,2025-02-22 10:30:00,Liga Portugal,Over 2.0,Goles (Over/Under),historical_20250221_con_resultados.csv,,
Casa Pia vs Gil Vicente,2025-02-22 10:30:00,Liga Portugal,Under 2.0,Goles (Over/Under),historical_20250221_con_resultados.csv,,
Nacional vs Famalicão,2025-03-01 10:30:00,Liga Portugal,Over 2.5,Goles (Over/Under),historical_20250228_con_resultados.csv,,
Nacional vs Famalicão,2025-03-01 10:30:00,Liga Portugal,Under 2.5,Goles (Over/Under),historical_20250228_con_resultados.csv,,
Nacional vs Famalicão,2025-03-01 10:30:00,Liga Portugal,Over 2.25,Goles (Over/Under),historical_20250228_con_resultados.csv,,
Nacional vs Famalicão,2025-03-01 10:30:00,Liga Portugal,Under 2.25,Goles (Over/Under),historical_20250228_con_resultados.csv,,
Vitória SC vs Casa Pia,2025-03-01 15:30:00,Liga Portugal,Over 2.5,Goles (Over/Under),historical_20250228_con_resultados.csv,,
Vitória SC vs Casa Pia,2025-03-01 15:30:00,Liga Portugal,Under 2.5,Goles (Over/Under),historical_20250228_con_resultados.csv,,
Vitória SC vs Casa Pia,2025-03-01 15:30:00,Liga Portugal,Over 2.25,Goles (Over/Under),historical_20250228_con_resultados.csv,,
Vitória SC vs Casa Pia,2025-03-01 15:30:00,Liga Portugal,Under 2.25,Goles (Over/Under),historical_20250228_con_resultados.csv,,
Rio Ave FC vs Braga,2025-03-02 15:30:00,Liga Portugal,Over 2.5,Goles (Over/Under),historical_20250228_con_resultados.csv,,
Rio Ave FC vs Braga,2025-03-02 15:30:00,Liga Portugal,Under 2.5,Goles (Over/Under),historical_20250228_con_resultados.csv,,
Rio Ave FC vs Braga,2025-03-02 15:30:00,Liga Portugal,Over 4.0,Goles (Over/Under),historical_20250228_con_resultados.csv,,
Rio Ave FC vs Braga,2025-03-02 15:30:00,Liga Portugal,Under 4.0,Goles (Over/Under),historical_20250228_con_resultados.csv,,
Rio Ave FC vs Braga,2025-03-02 15:30:00,Liga Portugal,Over 4.5,Goles (Over/Under),historical_20250228_con_resultados.csv,,
Rio Ave FC vs Braga,2025-03-02 15:30:00,Liga Portugal,Under 4.5,Goles (Over/Under),historical_20250228_con_resultados.csv,,
Rio Ave FC vs Braga,2025-03-02 15:30:00,Liga Portugal,Over 4.5,Goles (Over/Under),historical_20250228_con_resultados.csv,,
Rio Ave FC vs Braga,2025-03-02 15:30:00,Liga Portugal,Under 4.5,Goles (Over/Under),historical_20250228_con_resultados.csv,,
Rio Ave FC vs Braga,2025-03-02 15:30:00,Liga Portugal,Over 4.0,Goles (Over/Under),historical_20250228_con_resultados.csv,,
Rio Ave FC vs Braga,2025-03-02 15:30:00,Liga Portugal,Under 4.0,Goles (Over/Under),historical_20250228_con_resultados.csv,,
Rio Ave FC vs Braga,2025-03-02 15:30:00,Liga Portugal,Over 4.0,Goles (Over/Under),historical_20250228_con_resultados.csv,,
Rio Ave FC vs Braga,2025-03-02 15:30:00,Liga Portugal,Under 4.0,Goles (Over/Under),historical_20250228_con_resultados.csv,,
Rio Ave FC vs Braga,2025-03-02 15:30:00,Liga Portugal,Over 4.0,Goles (Over/Under),historical_20250228_con_resultados.csv,,
Rio Ave FC vs Braga,2025-03-02 15:30:00,Liga Portugal,Under 4.0,Goles (Over/Under),historical_20250228_con_resultados.csv,,
Rio Ave FC vs Braga,2025-03-02 15:30:00,Liga Portugal,Over 4.5,Goles (Over/Under),historical_20250228_con_resultados.csv,,
Rio Ave FC vs Braga,2025-03-02 15:30:00,Liga Portugal,Under 4.5,Goles (Over/Under),historical_20250228_con_resultados.csv,,
Moreirense FC vs Boavista Porto,2025-03-16 15:32:00,Liga Portugal,Over 1.5,Goles (Over/Under),historical_20250314_con_resultados.csv,,
Moreirense FC vs Boavista Porto,2025-03-16 15:32:00,Liga Portugal,Over 1.5,Goles (Over/Under),historical_20250314_con_resultados.csv,,
Moreirense FC vs Boavista Porto,2025-03-16 15:32:00,Liga Portugal,Under 1.5,Goles (Over/Under),historical_20250314_con_resultados.csv,,
Moreirense FC vs Boavista Porto,2025-03-16 15:32:00,Liga Portugal,Over 1.5,Goles (Over/Under),historical_20250314_con_resultados.csv,,
Moreirense FC vs Boavista Porto,2025-03-16 15:32:00,Liga Portugal,Under 1.5,Goles (Over/Under),historical_20250314_con_resultados.csv,,
Moreirense FC vs Boavista Porto,2025-03-16 15:32:00,Liga Portugal,Over 1.5,Goles (Over/Under),historical_20250314_con_resultados.csv,,
Moreirense FC vs Boavista Porto,2025-03-16 15:32:00,Liga Portugal,Over 1.5,Goles (Over/Under),historical_20250314_con_resultados.csv,,
Moreirense FC vs Boavista Porto,2025-03-16 15:32:00,Liga Portugal,Under 1.5,Goles (Over/Under),historical_20250314_con_resultados.csv,,
Moreirense FC vs Boavista Porto,2025-03-16 15:32:00,Liga Portugal,Over 1.5,Goles (Over/Under),historical_20250314_con_resultados.csv,,
Moreirense FC vs Boavista Porto,2025-03-16 15:32:00,Liga Portugal,Under 1.5,Goles (Over/Under),historical_20250314_con_resultados.csv,,
Moreirense FC vs Boavista Porto,2025-03-16 15:32:00,Liga Portugal,Over 1.5,Goles (Over/Under),historical_20250314_con_resultados.csv,,
Moreirense FC vs Boavista Porto,2025-03-16 15:32:00,Liga Portugal,Under 1.5,Goles (Over/Under),historical_20250314_con_resultados.csv,,
Moreirense FC vs Boavista Porto,2025-03-16 15:32:00,Liga Portugal,Under 1.5,Goles (Over/Under),historical_20250314_con_resultados.csv,,
Moreirense FC vs Boavista Porto,2025-03-16 15:32:00,Liga Portugal,Under 1.5,Goles (Over/Under),historical_20250314_con_resultados.csv,,
Moreirense FC vs Vitória SC,2025-03-30 14:31:00,Liga Portugal,Under 3.5,Goles (Over/Under),historical_20250328_con_resultados.csv,,
Moreirense FC vs Vitória SC,2025-03-30 14:31:00,Liga Portugal,Over 3.5,Goles (Over/Under),historical_20250328_con_resultados.csv,,
Moreirense FC vs Vitória SC,2025-03-30 14:31:00,Liga Portugal,Under 3.5,Goles (Over/Under),historical_20250328_con_resultados.csv,,
Moreirense FC vs Vitória SC,2025-03-30 14:31:00,Liga Portugal,Over 3.5,Goles (Over/Under),historical_20250328_con_resultados.csv,,
Moreirense FC vs Vitória SC,2025-03-30 14:31:00,Liga Portugal,Under 3.5,Goles (Over/Under),historical_20250328_con_resultados.csv,,
Moreirense FC vs Vitória SC,2025-03-30 14:31:00,Liga Portugal,Under 3.5,Goles (Over/Under),historical_20250328_con_resultados.csv,,
Moreirense FC vs Vitória SC,2025-03-30 14:31:00,Liga Portugal,Over 3.5,Goles (Over/Under),historical_20250328_con_resultados.csv,,
Moreirense FC vs Vitória SC,2025-03-30 14:31:00,Liga Portugal,Under 3.5,Goles (Over/Under),historical_20250328_con_resultados.csv,,
Moreirense FC vs Vitória SC,2025-03-30 14:31:00,Liga Portugal,Over 3.5,Goles (Over/Under),historical_20250328_con_resultados.csv,,
Moreirense FC vs Vitória SC,2025-03-30 14:31:00,Liga Portugal,Under 3.5,Goles (Over/Under),historical_20250328_con_resultados.csv,,
Moreirense FC vs Vitória SC,2025-03-30 14:31:00,Liga Portugal,Under 3.75,Goles (Over/Under),historical_20250328_con_resultados.csv,,
Moreirense FC vs Vitória SC,2025-03-30 14:31:00,Liga Portugal,Over 3.75,Goles (Over/Under),historical_20250328_con_resultados.csv,,
Moreirense FC vs Vitória SC,2025-03-30 14:31:00,Liga Portugal,Under 3.75,Goles (Over/Under),historical_20250328_con_resultados.csv,,
Moreirense FC vs Vitória SC,2025-03-30 14:31:00,Liga Portugal,Over 3.75,Goles (Over/Under),historical_20250328_con_resultados.csv,,
Moreirense FC vs Vitória SC,2025-03-30 14:31:00,Liga Portugal,Over 3.5,Goles (Over/Under),historical_20250328_con_resultados.csv,,
Moreirense FC vs Vitória SC,2025-03-30 14:31:00,Liga Portugal,Over 3.5,Goles (Over/Under),historical_20250328_con_resultados.csv,,
Barracas Central vs Racing Club,2025-01-24 15:00:00,Liga Profesional,Over 2.25,Goles (Over/Under),historical_20250124_con_resultados.csv,,
Barracas Central vs Racing Club,2025-01-24 15:00:00,Liga Profesional,Under 2.25,Goles (Over/Under),historical_20250124_con_resultados.csv,,
Barracas Central vs Racing Club,2025-01-24 15:00:00,Liga Profesional,Under 2.5,Goles (Over/Under),historical_20250124_con_resultados.csv,,
Barracas Central vs Racing Club,2025-01-24 15:00:00,Liga Profesional,Over 2.5,Goles (Over/Under),historical_20250124_con_resultados.csv,,
Independiente vs Sarmiento de Junin,2025-01-24 17:15:00,Liga Profesional,Under 2.0,Goles (Over/Under),historical_20250124_con_resultados.csv,,
Independiente vs Sarmiento de Junin,2025-01-24 17:15:00,Liga Profesional,Over 2.0,Goles (Over/Under),historical_20250124_con_resultados.csv,,
Independiente vs Sarmiento de Junin,2025-01-24 17:15:00,Liga Profesional,Over 2.5,Goles (Over/Under),historical_20250124_con_resultados.csv,,
Independiente vs Sarmiento de Junin,2025-01-24 17:15:00,Liga Profesional,Under 2.5,Goles (Over/Under),historical_20250124_con_resultados.csv,,
Belgrano de Cordoba vs Atlético Huracán,2025-01-24 19:00:00,Liga Profesional,Under 1.5,Goles (Over/Under),historical_20250124_con_resultados.csv,,
Belgrano de Cordoba vs Atlético Huracán,2025-01-24 19:00:00,Liga Profesional,Over 2.5,Goles (Over/Under),historical_20250124_con_resultados.csv,,
Belgrano de Cordoba vs Atlético Huracán,2025-01-24 19:00:00,Liga Profesional,Under 2.5,Goles (Over/Under),historical_20250124_con_resultados.csv,,
Belgrano de Cordoba vs Atlético Huracán,2025-01-24 19:00:00,Liga Profesional,Under 2.0,Goles (Over/Under),historical_20250124_con_resultados.csv,,
Belgrano de Cordoba vs Atlético Huracán,2025-01-24 19:00:00,Liga Profesional,Over 2.0,Goles (Over/Under),historical_20250124_con_resultados.csv,,
Belgrano de Cordoba vs Atlético Huracán,2025-01-24 19:00:00,Liga Profesional,Over 1.5,Goles (Over/Under),historical_20250124_con_resultados.csv,,
San Martin de San Juan vs Atlético Tucuman,2025-01-24 19:30:00,Liga Profesional,Under 1.75,Goles (Over/Under),historical_20250124_con_resultados.csv,,
San Martin de San Juan vs Atlético Tucuman,2025-01-24 19:30:00,Liga Profesional,Over 1.5,Goles (Over/Under),historical_20250124_con_resultados.csv,,
San Martin de San Juan vs Atlético Tucuman,2025-01-24 19:30:00,Liga Profesional,Over 2.5,Goles (Over/Under),historical_20250124_con_resultados.csv,,
San Martin de San Juan vs Atlético Tucuman,2025-01-24 19:30:00,Liga Profesional,Over 1.75,Goles (Over/Under),historical_20250124_con_resultados.csv,,
San Martin de San Juan vs Atlético Tucuman,2025-01-24 19:30:00,Liga Profesional,Under 2.5,Goles (Over/Under),historical_20250124_con_resultados.csv,,
San Martin de San Juan vs Atlético Tucuman,2025-01-24 19:30:00,Liga Profesional,Under 1.5,Goles (Over/Under),historical_20250124_con_resultados.csv,,
San Lorenzo vs Talleres,2025-01-25 15:00:00,Liga Profesional,Under 1.75,Goles (Over/Under),historical_20250124_con_resultados.csv,,
San Lorenzo vs Talleres,2025-01-25 15:00:00,Liga Profesional,Over 1.75,Goles (Over/Under),historical_20250124_con_resultados.csv,,
San Lorenzo vs Talleres,2025-01-25 15:00:00,Liga Profesional,Under 1.5,Goles (Over/Under),historical_20250124_con_resultados.csv,,
San Lorenzo vs Talleres,2025-01-25 15:00:00,Liga Profesional,Over 1.5,Goles (Over/Under),historical_20250124_con_resultados.csv,,
Estudiantes vs Union Santa Fe,2025-01-25 17:15:00,Liga Profesional,Over 2.5,Goles (Over/Under),historical_20250124_con_resultados.csv,,
Estudiantes vs Union Santa Fe,2025-01-25 17:15:00,Liga Profesional,Under 2.5,Goles (Over/Under),historical_20250124_con_resultados.csv,,
Estudiantes vs Union Santa Fe,2025-01-25 17:15:00,Liga Profesional,Over 2.0,Goles (Over/Under),historical_20250124_con_resultados.csv,,
Estudiantes vs Union Santa Fe,2025-01-25 17:15:00,Liga Profesional,Over 1.5,Goles (Over/Under),historical_20250124_con_resultados.csv,,
Estudiantes vs Union Santa Fe,2025-01-25 17:15:00,Liga Profesional,Under 1.5,Goles (Over/Under),historical_20250124_con_resultados.csv,,
Estudiantes vs Union Santa Fe,2025-01-25 17:15:00,Liga Profesional,Under 2.0,Goles (Over/Under),historical_20250124_con_resultados.csv,,
Platense vs River Plate,2025-01-25 19:30:00,Liga Profesional,Over 2.0,Goles (Over/Under),historical_20250124_con_resultados.csv,,
Platense vs River Plate,2025-01-25 19:30:00,Liga Profesional,Over 1.5,Goles (Over/Under),historical_20250124_con_resultados.csv,,
Platense vs River Plate,2025-01-25 19:30:00,Liga Profesional,Under 1.5,Goles (Over/Under),historical_20250124_con_resultados.csv,,
Platense vs River Plate,2025-01-25 19:30:00,Liga Profesional,Under 2.0,Goles (Over/Under),historical_20250124_con_resultados.csv,,
Platense vs River Plate,2025-01-25 19:30:00,Liga Profesional,Over 2.5,Goles (Over/Under),historical_20250124_con_resultados.csv,,
Platense vs River Plate,2025-01-25 19:30:00,Liga Profesional,Under 2.5,Goles (Over/Under),historical_20250124_con_resultados.csv,,
Barracas Central vs Banfield,2025-02-01 15:00:00,Liga Profesional,Over 1.5,Goles (Over/Under),historical_20250131_con_resultados.csv,,
Barracas Central vs Banfield,2025-02-01 15:00:00,Liga Profesional,Under 1.75,Goles (Over/Under),historical_20250131_con_resultados.csv,,
Barracas Central vs Banfield,2025-02-01 15:00:00,Liga Profesional,Over 1.75,Goles (Over/Under),historical_20250131_con_resultados.csv,,
Barracas Central vs Banfield,2025-02-01 15:00:00,Liga Profesional,Under 1.5,Goles (Over/Under),historical_20250131_con_resultados.csv,,
San Martin de San Juan vs Rosario Central,2025-02-01 17:00:00,Liga Profesional,Over 1.75,Goles (Over/Under),historical_20250131_con_resultados.csv,,
San Martin de San Juan vs Rosario Central,2025-02-01 17:00:00,Liga Profesional,Over 1.5,Goles (Over/Under),historical_20250131_con_resultados.csv,,
San Martin de San Juan vs Rosario Central,2025-02-01 17:00:00,Liga Profesional,Under 1.5,Goles (Over/Under),historical_20250131_con_resultados.csv,,
San Martin de San Juan vs Rosario Central,2025-02-01 17:00:00,Liga Profesional,Under 1.75,Goles (Over/Under),historical_20250131_con_resultados.csv,,
Lanus vs Sarmiento de Junin,2025-02-01 19:00:00,Liga Profesional,Under 1.5,Goles (Over/Under),historical_20250131_con_resultados.csv,,
Lanus vs Sarmiento de Junin,2025-02-01 19:00:00,Liga Profesional,Over 2.5,Goles (Over/Under),historical_20250131_con_resultados.csv,,
Lanus vs Sarmiento de Junin,2025-02-01 19:00:00,Liga Profesional,Over 2.0,Goles (Over/Under),historical_20250131_con_resultados.csv,,
Lanus vs Sarmiento de Junin,2025-02-01 19:00:00,Liga Profesional,Under 2.5,Goles (Over/Under),historical_20250131_con_resultados.csv,,
Lanus vs Sarmiento de Junin,2025-02-01 19:00:00,Liga Profesional,Under 2.0,Goles (Over/Under),historical_20250131_con_resultados.csv,,
Lanus vs Sarmiento de Junin,2025-02-01 19:00:00,Liga Profesional,Over 1.5,Goles (Over/Under),historical_20250131_con_resultados.csv,,
San Lorenzo vs River Plate,2025-02-02 15:00:00,Liga Profesional,Under 1.0,Goles (Over/Under),historical_20250131_con_resultados.csv,,
San Lorenzo vs River Plate,2025-02-02 15:00:00,Liga Profesional,Over 1.0,Goles (Over/Under),historical_20250131_con_resultados.csv,,
San Lorenzo vs River Plate,2025-02-02 15:00:00,Liga Profesional,Under 1.0,Goles (Over/Under),historical_20250131_con_resultados.csv,,
San Lorenzo vs River Plate,2025-02-02 15:00:00,Liga Profesional,Over 1.0,Goles (Over/Under),historical_20250131_con_resultados.csv,,
San Lorenzo vs River Plate,2025-02-02 15:00:00,Liga Profesional,Over 0.5,Goles (Over/Under),historical_20250131_con_resultados.csv,,
San Lorenzo vs River Plate,2025-02-02 15:00:00,Liga Profesional,Under 0.5,Goles (Over/Under),historical_20250131_con_resultados.csv,,
San Lorenzo vs River Plate,2025-02-02 15:00:00,Liga Profesional,Over 1.0,Goles (Over/Under),historical_20250131_con_resultados.csv,,
San Lorenzo vs River Plate,2025-02-02 15:00:00,Liga Profesional,Under 1.0,Goles (Over/Under),historical_20250131_con_resultados.csv,,
San Lorenzo vs River Plate,2025-02-02 15:00:00,Liga Profesional,Over 1.5,Goles (Over/Under),historical_20250131_con_resultados.csv,,
San Lorenzo vs River Plate,2025-02-02 15:00:00,Liga Profesional,Under 1.5,Goles (Over/Under),historical_20250131_con_resultados.csv,,
Banfield vs Belgrano de Cordoba,2025-02-07 15:45:00,Liga Profesional,Over 1.5,Goles (Over/Under),historical_20250207_con_resultados.csv,,
Banfield vs Belgrano de Cordoba,2025-02-07 15:45:00,Liga Profesional,Under 1.5,Goles (Over/Under),historical_20250207_con_resultados.csv,,
Banfield vs Belgrano de Cordoba,2025-02-07 15:45:00,Liga Profesional,Over 2.0,Goles (Over/Under),historical_20250207_con_resultados.csv,,
Banfield vs Belgrano de Cordoba,2025-02-07 15:45:00,Liga Profesional,Under 2.0,Goles (Over/Under),historical_20250207_con_resultados.csv,,
Atlético Huracán vs CA Tigre BA,2025-02-07 18:00:00,Liga Profesional,Over 2.5,Goles (Over/Under),historical_20250207_con_resultados.csv,,
Atlético Huracán vs CA Tigre BA,2025-02-07 18:00:00,Liga Profesional,Over 1.75,Goles (Over/Under),historical_20250207_con_resultados.csv,,
Atlético Huracán vs CA Tigre BA,2025-02-07 18:00:00,Liga Profesional,Under 1.5,Goles (Over/Under),historical_20250207_con_resultados.csv,,
Atlético Huracán vs CA Tigre BA,2025-02-07 18:00:00,Liga Profesional,Under 2.5,Goles (Over/Under),historical_20250207_con_resultados.csv,,
Atlético Huracán vs CA Tigre BA,2025-02-07 18:00:00,Liga Profesional,Over 1.5,Goles (Over/Under),historical_20250207_con_resultados.csv,,
Atlético Huracán vs CA Tigre BA,2025-02-07 18:00:00,Liga Profesional,Under 1.75,Goles (Over/Under),historical_20250207_con_resultados.csv,,
Central Córdoba vs Newells Old Boys,2025-02-07 18:00:00,Liga Profesional,Over 2.5,Goles (Over/Under),historical_20250207_con_resultados.csv,,
Central Córdoba vs Newells Old Boys,2025-02-07 18:00:00,Liga Profesional,Under 2.5,Goles (Over/Under),historical_20250207_con_resultados.csv,,
Central Córdoba vs Newells Old Boys,2025-02-07 18:00:00,Liga Profesional,Over 2.0,Goles (Over/Under),historical_20250207_con_resultados.csv,,
Central Córdoba vs Newells Old Boys,2025-02-07 18:00:00,Liga Profesional,Under 1.5,Goles (Over/Under),historical_20250207_con_resultados.csv,,
Central Córdoba vs Newells Old Boys,2025-02-07 18:00:00,Liga Profesional,Over 1.5,Goles (Over/Under),historical_20250207_con_resultados.csv,,
Central Córdoba vs Newells Old Boys,2025-02-07 18:00:00,Liga Profesional,Under 2.0,Goles (Over/Under),historical_20250207_con_resultados.csv,,
Independiente Rivadavia vs Estudiantes,2025-02-07 20:15:00,Liga Profesional,Over 1.5,Goles (Over/Under),historical_20250207_con_resultados.csv,,
Independiente Rivadavia vs Estudiantes,2025-02-07 20:15:00,Liga Profesional,Under 1.5,Goles (Over/Under),historical_20250207_con_resultados.csv,,
Independiente Rivadavia vs Estudiantes,2025-02-07 20:15:00,Liga Profesional,Over 2.5,Goles (Over/Under),historical_20250207_con_resultados.csv,,
Independiente Rivadavia vs Estudiantes,2025-02-07 20:15:00,Liga Profesional,Under 2.5,Goles (Over/Under),historical_20250207_con_resultados.csv,,
Independiente Rivadavia vs Estudiantes,2025-02-07 20:15:00,Liga Profesional,Under 2.0,Goles (Over/Under),historical_20250207_con_resultados.csv,,
Independiente Rivadavia vs Estudiantes,2025-02-07 20:15:00,Liga Profesional,Over 2.0,Goles (Over/Under),historical_20250207_con_resultados.csv,,
Union Santa Fe vs Argentinos Juniors,2025-02-07 20:15:00,Liga Profesional,Over 1.5,Goles (Over/Under),historical_20250207_con_resultados.csv,,
Union Santa Fe vs Argentinos Juniors,2025-02-07 20:15:00,Liga Profesional,Over 1.75,Goles (Over/Under),historical_20250207_con_resultados.csv,,
Union Santa Fe vs Argentinos Juniors,2025-02-07 20:15:00,Liga Profesional,Under 1.75,Goles (Over/Under),historical_20250207_con_resultados.csv,,
Union Santa Fe vs Argentinos Juniors,2025-02-07 20:15:00,Liga Profesional,Under 1.5,Goles (Over/Under),historical_20250207_con_resultados.csv,,
Velez Sarsfield BA vs San Lorenzo,2025-02-08 16:00:00,Liga Profesional,Under 1.5,Goles (Over/Under),historical_20250207_con_resultados.csv,,
Velez Sarsfield BA vs San Lorenzo,2025-02-08 16:00:00,Liga Profesional,Under 1.75,Goles (Over/Under),historical_20250207_con_resultados.csv,,
Velez Sarsfield BA vs San Lorenzo,2025-02-08 16:00:00,Liga Profesional,Over 1.75,Goles (Over/Under),historical_20250207_con_resultados.csv,,
Velez Sarsfield BA vs San Lorenzo,2025-02-08 16:00:00,Liga Profesional,Under 2.5,Goles (Over/Under),historical_20250207_con_resultados.csv,,
Velez Sarsfield BA vs San Lorenzo,2025-02-08 16:00:00,Liga Profesional,Over 1.5,Goles (Over/Under),historical_20250207_con_resultados.csv,,
Velez Sarsfield BA vs San Lorenzo,2025-02-08 16:00:00,Liga Profesional,Over 2.5,Goles (Over/Under),historical_20250207_con_resultados.csv,,
Rosario Central vs Atlético Tucuman,2025-02-08 17:30:00,Liga Profesional,Over 2.0,Goles (Over/Under),historical_20250207_con_resultados.csv,,
Rosario Central vs Atlético Tucuman,2025-02-08 17:30:00,Liga Profesional,Under 2.5,Goles (Over/Under),historical_20250207_con_resultados.csv,,
Rosario Central vs Atlético Tucuman,2025-02-08 17:30:00,Liga Profesional,Over 2.5,Goles (Over/Under),historical_20250207_con_resultados.csv,,
Rosario Central vs Atlético Tucuman,2025-02-08 17:30:00,Liga Profesional,Over 1.5,Goles (Over/Under),historical_20250207_con_resultados.csv,,
Rosario Central vs Atlético Tucuman,2025-02-08 17:30:00,Liga Profesional,Under 1.5,Goles (Over/Under),historical_20250207_con_resultados.csv,,
Rosario Central vs Atlético Tucuman,2025-02-08 17:30:00,Liga Profesional,Under 2.0,Goles (Over/Under),historical_20250207_con_resultados.csv,,
River Plate vs Independiente,2025-02-08 18:15:00,Liga Profesional,Under 2.5,Goles (Over/Under),historical_20250207_con_resultados.csv,,
River Plate vs Independiente,2025-02-08 18:15:00,Liga Profesional,Under 2.25,Goles (Over/Under),historical_20250207_con_resultados.csv,,
River Plate vs Independiente,2025-02-08 18:15:00,Liga Profesional,Over 2.25,Goles (Over/Under),historical_20250207_con_resultados.csv,,
River Plate vs Independiente,2025-02-08 18:15:00,Liga Profesional,Over 2.5,Goles (Over/Under),historical_20250207_con_resultados.csv,,
Racing Club vs Boca Juniors,2025-02-08 20:15:00,Liga Profesional,Over 2.25,Goles (Over/Under),historical_20250207_con_resultados.csv,,
Racing Club vs Boca Juniors,2025-02-08 20:15:00,Liga Profesional,Over 2.5,Goles (Over/Under),historical_20250207_con_resultados.csv,,
Racing Club vs Boca Juniors,2025-02-08 20:15:00,Liga Profesional,Under 2.25,Goles (Over/Under),historical_20250207_con_resultados.csv,,
Racing Club vs Boca Juniors,2025-02-08 20:15:00,Liga Profesional,Under 2.5,Goles (Over/Under),historical_20250207_con_resultados.csv,,
Platense vs Instituto de Córdoba,2025-02-09 14:59:00,Liga Profesional,Under 0.5,Goles (Over/Under),historical_20250207_con_resultados.csv,,
Platense vs Instituto de Córdoba,2025-02-09 14:59:00,Liga Profesional,Over 0.75,Goles (Over/Under),historical_20250207_con_resultados.csv,,
Platense vs Instituto de Córdoba,2025-02-09 14:59:00,Liga Profesional,Under 0.75,Goles (Over/Under),historical_20250207_con_resultados.csv,,
Platense vs Instituto de Córdoba,2025-02-09 14:59:00,Liga Profesional,Over 0.75,Goles (Over/Under),historical_20250207_con_resultados.csv,,
Platense vs Instituto de Córdoba,2025-02-09 14:59:00,Liga Profesional,Under 0.75,Goles (Over/Under),historical_20250207_con_resultados.csv,,
Platense vs Instituto de Córdoba,2025-02-09 14:59:00,Liga Profesional,Over 0.5,Goles (Over/Under),historical_20250207_con_resultados.csv,,
Platense vs Instituto de Córdoba,2025-02-09 14:59:00,Liga Profesional,Under 0.5,Goles (Over/Under),historical_20250207_con_resultados.csv,,
Platense vs Instituto de Córdoba,2025-02-09 14:59:00,Liga Profesional,Over 0.5,Goles (Over/Under),historical_20250207_con_resultados.csv,,
Platense vs Instituto de Córdoba,2025-02-09 14:59:00,Liga Profesional,Under 0.5,Goles (Over/Under),historical_20250207_con_resultados.csv,,
Platense vs Instituto de Córdoba,2025-02-09 14:59:00,Liga Profesional,Over 0.5,Goles (Over/Under),historical_20250207_con_resultados.csv,,
Deportivo Riestra vs Defensa y Justicia,2025-02-09 15:00:00,Liga Profesional,Over 1.0,Goles (Over/Under),historical_20250207_con_resultados.csv,,
Deportivo Riestra vs Defensa y Justicia,2025-02-09 15:00:00,Liga Profesional,Under 1.0,Goles (Over/Under),historical_20250207_con_resultados.csv,,
Deportivo Riestra vs Defensa y Justicia,2025-02-09 15:00:00,Liga Profesional,Over 1.25,Goles (Over/Under),historical_20250207_con_resultados.csv,,
Deportivo Riestra vs Defensa y Justicia,2025-02-09 15:00:00,Liga Profesional,Under 1.25,Goles (Over/Under),historical_20250207_con_resultados.csv,,
Deportivo Riestra vs Defensa y Justicia,2025-02-09 15:00:00,Liga Profesional,Over 1.5,Goles (Over/Under),historical_20250207_con_resultados.csv,,
Deportivo Riestra vs Defensa y Justicia,2025-02-09 15:00:00,Liga Profesional,Under 1.5,Goles (Over/Under),historical_20250207_con_resultados.csv,,
Deportivo Riestra vs Defensa y Justicia,2025-02-09 15:00:00,Liga Profesional,Over 1.0,Goles (Over/Under),historical_20250207_con_resultados.csv,,
Deportivo Riestra vs Defensa y Justicia,2025-02-09 15:00:00,Liga Profesional,Under 1.0,Goles (Over/Under),historical_20250207_con_resultados.csv,,
Deportivo Riestra vs Defensa y Justicia,2025-02-09 15:00:00,Liga Profesional,Under 1.5,Goles (Over/Under),historical_20250207_con_resultados.csv,,
Deportivo Riestra vs Defensa y Justicia,2025-02-09 15:00:00,Liga Profesional,Over 1.5,Goles (Over/Under),historical_20250207_con_resultados.csv,,
Defensa y Justicia vs Barracas Central,2025-02-15 15:00:00,Liga Profesional,Over 2.5,Goles (Over/Under),historical_20250214_con_resultados.csv,,
Defensa y Justicia vs Barracas Central,2025-02-15 15:00:00,Liga Profesional,Under 2.5,Goles (Over/Under),historical_20250214_con_resultados.csv,,
Defensa y Justicia vs Barracas Central,2025-02-15 15:00:00,Liga Profesional,Over 2.0,Goles (Over/Under),historical_20250214_con_resultados.csv,,
Defensa y Justicia vs Barracas Central,2025-02-15 15:00:00,Liga Profesional,Under 2.0,Goles (Over/Under),historical_20250214_con_resultados.csv,,
Central Córdoba vs Belgrano de Cordoba,2025-02-15 17:15:00,Liga Profesional,Over 1.5,Goles (Over/Under),historical_20250214_con_resultados.csv,,
Central Córdoba vs Belgrano de Cordoba,2025-02-15 17:15:00,Liga Profesional,Under 1.5,Goles (Over/Under),historical_20250214_con_resultados.csv,,
Central Córdoba vs Belgrano de Cordoba,2025-02-15 17:15:00,Liga Profesional,Over 2.0,Goles (Over/Under),historical_20250214_con_resultados.csv,,
Central Córdoba vs Belgrano de Cordoba,2025-02-15 17:15:00,Liga Profesional,Under 2.0,Goles (Over/Under),historical_20250214_con_resultados.csv,,
Central Córdoba vs Belgrano de Cordoba,2025-02-15 17:15:00,Liga Profesional,Over 2.5,Goles (Over/Under),historical_20250214_con_resultados.csv,,
Central Córdoba vs Belgrano de Cordoba,2025-02-15 17:15:00,Liga Profesional,Under 2.5,Goles (Over/Under),historical_20250214_con_resultados.csv,,
Racing Club vs Argentinos Juniors,2025-02-15 19:30:00,Liga Profesional,Over 2.5,Goles (Over/Under),historical_20250214_con_resultados.csv,,
Racing Club vs Argentinos Juniors,2025-02-15 19:30:00,Liga Profesional,Under 2.5,Goles (Over/Under),historical_20250214_con_resultados.csv,,
Racing Club vs Argentinos Juniors,2025-02-15 19:30:00,Liga Profesional,Over 2.25,Goles (Over/Under),historical_20250214_con_resultados.csv,,
Racing Club vs Argentinos Juniors,2025-02-15 19:30:00,Liga Profesional,Under 2.25,Goles (Over/Under),historical_20250214_con_resultados.csv,,
Newells Old Boys vs Rosario Central,2025-02-16 15:00:00,Liga Profesional,Over 2.0,Goles (Over/Under),historical_20250214_con_resultados.csv,,
Newells Old Boys vs Rosario Central,2025-02-16 15:00:00,Liga Profesional,Under 2.0,Goles (Over/Under),historical_20250214_con_resultados.csv,,
Newells Old Boys vs Rosario Central,2025-02-16 15:00:00,Liga Profesional,Over 2.25,Goles (Over/Under),historical_20250214_con_resultados.csv,,
Newells Old Boys vs Rosario Central,2025-02-16 15:00:00,Liga Profesional,Under 2.25,Goles (Over/Under),historical_20250214_con_resultados.csv,,
Newells Old Boys vs Rosario Central,2025-02-16 15:00:00,Liga Profesional,Over 2.5,Goles (Over/Under),historical_20250214_con_resultados.csv,,
Newells Old Boys vs Rosario Central,2025-02-16 15:00:00,Liga Profesional,Under 2.5,Goles (Over/Under),historical_20250214_con_resultados.csv,,
Newells Old Boys vs Rosario Central,2025-02-16 15:00:00,Liga Profesional,Over 2.25,Goles (Over/Under),historical_20250214_con_resultados.csv,,
Newells Old Boys vs Rosario Central,2025-02-16 15:00:00,Liga Profesional,Under 2.25,Goles (Over/Under),historical_20250214_con_resultados.csv,,
Newells Old Boys vs Rosario Central,2025-02-16 15:00:00,Liga Profesional,Over 2.5,Goles (Over/Under),historical_20250214_con_resultados.csv,,
Newells Old Boys vs Rosario Central,2025-02-16 15:00:00,Liga Profesional,Under 2.5,Goles (Over/Under),historical_20250214_con_resultados.csv,,
Deportivo Riestra vs Talleres,2025-02-21 15:00:00,Liga Profesional,Over 2.5,Goles (Over/Under),historical_20250221_con_resultados.csv,,
Deportivo Riestra vs Talleres,2025-02-21 15:00:00,Liga Profesional,Under 2.5,Goles (Over/Under),historical_20250221_con_resultados.csv,,
Deportivo Riestra vs Talleres,2025-02-21 15:00:00,Liga Profesional,Over 2.0,Goles (Over/Under),historical_20250221_con_resultados.csv,,
Deportivo Riestra vs Talleres,2025-02-21 15:00:00,Liga Profesional,Under 2.0,Goles (Over/Under),historical_20250221_con_resultados.csv,,
Deportivo Riestra vs Talleres,2025-02-21 15:00:00,Liga Profesional,Over 1.5,Goles (Over/Under),historical_20250221_con_resultados.csv,,
Deportivo Riestra vs Talleres,2025-02-21 15:00:00,Liga Profesional,Under 1.5,Goles (Over/Under),historical_20250221_con_resultados.csv,,
Estudiantes vs Central Córdoba,2025-02-21 17:15:00,Liga Profesional,Over 2.25,Goles (Over/Under),historical_20250221_con_resultados.csv,,
Estudiantes vs Central Córdoba,2025-02-21 17:15:00,Liga Profesional,Under 2.25,Goles (Over/Under),historical_20250221_con_resultados.csv,,
Estudiantes vs Central Córdoba,2025-02-21 17:15:00,Liga Profesional,Over 2.5,Goles (Over/Under),historical_20250221_con_resultados.csv,,
Estudiantes vs Central Córdoba,2025-02-21 17:15:00,Liga Profesional,Under 2.5,Goles (Over/Under),historical_20250221_con_resultados.csv,,
Godoy Cruz vs Platense,2025-02-21 17:15:00,Liga Profesional,Over 1.5,Goles (Over/Under),historical_20250221_con_resultados.csv,,
Godoy Cruz vs Platense,2025-02-21 17:15:00,Liga Profesional,Under 1.5,Goles (Over/Under),historical_20250221_con_resultados.csv,,
Godoy Cruz vs Platense,2025-02-21 17:15:00,Liga Profesional,Over 1.75,Goles (Over/Under),historical_20250221_con_resultados.csv,,
Godoy Cruz vs Platense,2025-02-21 17:15:00,Liga Profesional,Under 1.75,Goles (Over/Under),historical_20250221_con_resultados.csv,,
Lanus vs Velez Sarsfield BA,2025-02-21 19:30:00,Liga Profesional,Over 1.5,Goles (Over/Under),historical_20250221_con_resultados.csv,,
Lanus vs Velez Sarsfield BA,2025-02-21 19:30:00,Liga Profesional,Under 1.5,Goles (Over/Under),historical_20250221_con_resultados.csv,,
Lanus vs Velez Sarsfield BA,2025-02-21 19:30:00,Liga Profesional,Over 2.0,Goles (Over/Under),historical_20250221_con_resultados.csv,,
Lanus vs Velez Sarsfield BA,2025-02-21 19:30:00,Liga Profesional,Under 2.0,Goles (Over/Under),historical_20250221_con_resultados.csv,,
Independiente vs Instituto de Córdoba,2025-02-22 16:00:00,Liga Profesional,Over 2.5,Goles (Over/Under),historical_20250221_con_resultados.csv,,
Independiente vs Instituto de Córdoba,2025-02-22 16:00:00,Liga Profesional,Under 2.5,Goles (Over/Under),historical_20250221_con_resultados.csv,,
Independiente vs Instituto de Córdoba,2025-02-22 16:00:00,Liga Profesional,Over 2.0,Goles (Over/Under),historical_20250221_con_resultados.csv,,
Independiente vs Instituto de Córdoba,2025-02-22 16:00:00,Liga Profesional,Under 2.0,Goles (Over/Under),historical_20250221_con_resultados.csv,,
Boca Juniors vs Aldosivi Mar del Plata,2025-02-22 17:30:00,Liga Profesional,Over 2.5,Goles (Over/Under),historical_20250221_con_resultados.csv,,
Boca Juniors vs Aldosivi Mar del Plata,2025-02-22 17:30:00,Liga Profesional,Under 2.5,Goles (Over/Under),historical_20250221_con_resultados.csv,,
Boca Juniors vs Aldosivi Mar del Plata,2025-02-22 17:30:00,Liga Profesional,Over 2.25,Goles (Over/Under),historical_20250221_con_resultados.csv,,
Boca Juniors vs Aldosivi Mar del Plata,2025-02-22 17:30:00,Liga Profesional,Under 2.25,Goles (Over/Under),historical_20250221_con_resultados.csv,,
Rosario Central vs Sarmiento de Junin,2025-02-22 19:45:00,Liga Profesional,Over 2.0,Goles (Over/Under),historical_20250221_con_resultados.csv,,
Rosario Central vs Sarmiento de Junin,2025-02-22 19:45:00,Liga Profesional,Under 2.0,Goles (Over/Under),historical_20250221_con_resultados.csv,,
Rosario Central vs Sarmiento de Junin,2025-02-22 19:45:00,Liga Profesional,Over 2.5,Goles (Over/Under),historical_20250221_con_resultados.csv,,
Rosario Central vs Sarmiento de Junin,2025-02-22 19:45:00,Liga Profesional,Under 2.5,Goles (Over/Under),historical_20250221_con_resultados.csv,,
Atlético Huracán vs San Lorenzo,2025-02-23 16:00:00,Liga Profesional,Over 1.5,Goles (Over/Under),historical_20250221_con_resultados.csv,,
Atlético Huracán vs San Lorenzo,2025-02-23 16:00:00,Liga Profesional,Under 1.5,Goles (Over/Under),historical_20250221_con_resultados.csv,,
Atlético Huracán vs San Lorenzo,2025-02-23 16:00:00,Liga Profesional,Over 2.5,Goles (Over/Under),historical_20250221_con_resultados.csv,,
Atlético Huracán vs San Lorenzo,2025-02-23 16:00:00,Liga Profesional,Under 2.5,Goles (Over/Under),historical_20250221_con_resultados.csv,,
Atlético Huracán vs San Lorenzo,2025-02-23 16:00:00,Liga Profesional,Over 1.5,Goles (Over/Under),historical_20250221_con_resultados.csv,,
Atlético Huracán vs San Lorenzo,2025-02-23 16:00:00,Liga Profesional,Under 1.5,Goles (Over/Under),historical_20250221_con_resultados.csv,,
Atlético Huracán vs San Lorenzo,2025-02-23 16:00:00,Liga Profesional,Over 1.5,Goles (Over/Under),historical_20250221_con_resultados.csv,,
Atlético Huracán vs San Lorenzo,2025-02-23 16:00:00,Liga Profesional,Under 1.5,Goles (Over/Under),historical_20250221_con_resultados.csv,,
Atlético Huracán vs San Lorenzo,2025-02-23 16:00:00,Liga Profesional,Over 1.5,Goles (Over/Under),historical_20250221_con_resultados.csv,,
Atlético Huracán vs San Lorenzo,2025-02-23 16:00:00,Liga Profesional,Under 1.5,Goles (Over/Under),historical_20250221_con_resultados.csv,,
Atlético Huracán vs San Lorenzo,2025-02-23 16:00:00,Liga Profesional,Over 1.5,Goles (Over/Under),historical_20250221_con_resultados.csv,,
Atlético Huracán vs San Lorenzo,2025-02-23 16:00:00,Liga Profesional,Under 1.5,Goles (Over/Under),historical_20250221_con_resultados.csv,,
Atlético Huracán vs San Lorenzo,2025-02-23 16:00:00,Liga Profesional,Over 2.5,Goles (Over/Under),historical_20250221_con_resultados.csv,,
Atlético Huracán vs San Lorenzo,2025-02-23 16:00:00,Liga Profesional,Under 2.5,Goles (Over/Under),historical_20250221_con_resultados.csv,,
Atlético Huracán vs San Lorenzo,2025-02-23 16:00:00,Liga Profesional,Over 1.5,Goles (Over/Under),historical_20250221_con_resultados.csv,,
Atlético Huracán vs San Lorenzo,2025-02-23 16:00:00,Liga Profesional,Under 1.5,Goles (Over/Under),historical_20250221_con_resultados.csv,,
Atlético Huracán vs San Lorenzo,2025-02-23 16:00:00,Liga Profesional,Over 1.5,Goles (Over/Under),historical_20250221_con_resultados.csv,,
Atlético Huracán vs San Lorenzo,2025-02-23 16:00:00,Liga Profesional,Under 1.5,Goles (Over/Under),historical_20250221_con_resultados.csv,,
Atlético Huracán vs San Lorenzo,2025-02-23 16:00:00,Liga Profesional,Over 1.5,Goles (Over/Under),historical_20250221_con_resultados.csv,,
Atlético Huracán vs San Lorenzo,2025-02-23 16:00:00,Liga Profesional,Under 1.5,Goles (Over/Under),historical_20250221_con_resultados.csv,,
Boca Juniors vs Rosario Central,2025-02-28 18:00:00,Liga Profesional,Over 1.5,Goles (Over/Under),historical_20250228_con_resultados.csv,,
Boca Juniors vs Rosario Central,2025-02-28 18:00:00,Liga Profesional,Under 1.5,Goles (Over/Under),historical_20250228_con_resultados.csv,,
Boca Juniors vs Rosario Central,2025-02-28 18:00:00,Liga Profesional,Over 2.0,Goles (Over/Under),historical_20250228_con_resultados.csv,,
Boca Juniors vs Rosario Central,2025-02-28 18:00:00,Liga Profesional,Under 2.0,Goles (Over/Under),historical_20250228_con_resultados.csv,,
Boca Juniors vs Rosario Central,2025-02-28 18:00:00,Liga Profesional,Over 2.5,Goles (Over/Under),historical_20250228_con_resultados.csv,,
Boca Juniors vs Rosario Central,2025-02-28 18:00:00,Liga Profesional,Under 2.5,Goles (Over/Under),historical_20250228_con_resultados.csv,,
River Plate vs Estudiantes,2025-03-01 17:15:00,Liga Profesional,Over 2.5,Goles (Over/Under),historical_20250228_con_resultados.csv,,
River Plate vs Estudiantes,2025-03-01 17:15:00,Liga Profesional,Under 2.5,Goles (Over/Under),historical_20250228_con_resultados.csv,,
River Plate vs Estudiantes,2025-03-01 17:15:00,Liga Profesional,Over 2.25,Goles (Over/Under),historical_20250228_con_resultados.csv,,
River Plate vs Estudiantes,2025-03-01 17:15:00,Liga Profesional,Under 2.25,Goles (Over/Under),historical_20250228_con_resultados.csv,,
Talleres vs CA Tigre BA,2025-03-01 19:30:00,Liga Profesional,Over 2.5,Goles (Over/Under),historical_20250228_con_resultados.csv,,
Talleres vs CA Tigre BA,2025-03-01 19:30:00,Liga Profesional,Under 2.5,Goles (Over/Under),historical_20250228_con_resultados.csv,,
Talleres vs CA Tigre BA,2025-03-01 19:30:00,Liga Profesional,Over 2.25,Goles (Over/Under),historical_20250228_con_resultados.csv,,
Talleres vs CA Tigre BA,2025-03-01 19:30:00,Liga Profesional,Under 2.25,Goles (Over/Under),historical_20250228_con_resultados.csv,,
Talleres vs CA Tigre BA,2025-03-01 19:30:00,Liga Profesional,Over 2.0,Goles (Over/Under),historical_20250228_con_resultados.csv,,
Talleres vs CA Tigre BA,2025-03-01 19:30:00,Liga Profesional,Under 2.0,Goles (Over/Under),historical_20250228_con_resultados.csv,,
Argentinos Juniors vs Instituto de Córdoba,2025-03-02 15:00:00,Liga Profesional,Over 1.0,Goles (Over/Under),historical_20250228_con_resultados.csv,,
Argentinos Juniors vs Instituto de Córdoba,2025-03-02 15:00:00,Liga Profesional,Under 1.0,Goles (Over/Under),historical_20250228_con_resultados.csv,,
Argentinos Juniors vs Instituto de Córdoba,2025-03-02 15:00:00,Liga Profesional,Over 1.0,Goles (Over/Under),historical_20250228_con_resultados.csv,,
Argentinos Juniors vs Instituto de Córdoba,2025-03-02 15:00:00,Liga Profesional,Under 1.0,Goles (Over/Under),historical_20250228_con_resultados.csv,,
Argentinos Juniors vs Instituto de Córdoba,2025-03-02 15:00:00,Liga Profesional,Over 1.5,Goles (Over/Under),historical_20250228_con_resultados.csv,,
Argentinos Juniors vs Instituto de Córdoba,2025-03-02 15:00:00,Liga Profesional,Under 1.5,Goles (Over/Under),historical_20250228_con_resultados.csv,,
Argentinos Juniors vs Instituto de Córdoba,2025-03-02 15:00:00,Liga Profesional,Over 1.25,Goles (Over/Under),historical_20250228_con_resultados.csv,,
Argentinos Juniors vs Instituto de Córdoba,2025-03-02 15:00:00,Liga Profesional,Under 1.25,Goles (Over/Under),historical_20250228_con_resultados.csv,,
Argentinos Juniors vs Instituto de Córdoba,2025-03-02 15:00:00,Liga Profesional,Over 1.5,Goles (Over/Under),historical_20250228_con_resultados.csv,,
Argentinos Juniors vs Instituto de Córdoba,2025-03-02 15:00:00,Liga Profesional,Under 1.5,Goles (Over/Under),historical_20250228_con_resultados.csv,,
Independiente Rivadavia vs Lanus,2025-03-02 15:00:00,Liga Profesional,Over 1.0,Goles (Over/Under),historical_20250228_con_resultados.csv,,
Independiente Rivadavia vs Lanus,2025-03-02 15:00:00,Liga Profesional,Under 1.0,Goles (Over/Under),historical_20250228_con_resultados.csv,,
Independiente Rivadavia vs Lanus,2025-03-02 15:00:00,Liga Profesional,Over 1.0,Goles (Over/Under),historical_20250228_con_resultados.csv,,
Independiente Rivadavia vs Lanus,2025-03-02 15:00:00,Liga Profesional,Under 1.0,Goles (Over/Under),historical_20250228_con_resultados.csv,,
Independiente Rivadavia vs Lanus,2025-03-02 15:00:00,Liga Profesional,Over 1.5,Goles (Over/Under),historical_20250228_con_resultados.csv,,
Independiente Rivadavia vs Lanus,2025-03-02 15:00:00,Liga Profesional,Under 1.5,Goles (Over/Under),historical_20250228_con_resultados.csv,,
Independiente Rivadavia vs Lanus,2025-03-02 15:00:00,Liga Profesional,Over 1.25,Goles (Over/Under),historical_20250228_con_resultados.csv,,
Independiente Rivadavia vs Lanus,2025-03-02 15:00:00,Liga Profesional,Under 1.25,Goles (Over/Under),historical_20250228_con_resultados.csv,,
Independiente Rivadavia vs Lanus,2025-03-02 15:00:00,Liga Profesional,Over 0.5,Goles (Over/Under),historical_20250228_con_resultados.csv,,
Independiente Rivadavia vs Lanus,2025-03-02 15:00:00,Liga Profesional,Under 0.5,Goles (Over/Under),historical_20250228_con_resultados.csv,,
Aldosivi Mar del Plata vs CA Tigre BA,2025-03-09 14:59:00,Liga Profesional,Over 2.5,Goles (Over/Under),historical_20250307_con_resultados.csv,,
Aldosivi Mar del Plata vs CA Tigre BA,2025-03-09 14:59:00,Liga Profesional,Over 2.0,Goles (Over/Under),historical_20250307_con_resultados.csv,,
Aldosivi Mar del Plata vs CA Tigre BA,2025-03-09 14:59:00,Liga Profesional,Under 2.0,Goles (Over/Under),historical_20250307_con_resultados.csv,,
Aldosivi Mar del Plata vs CA Tigre BA,2025-03-09 14:59:00,Liga Profesional,Over 2.0,Goles (Over/Under),historical_20250307_con_resultados.csv,,
Aldosivi Mar del Plata vs CA Tigre BA,2025-03-09 14:59:00,Liga Profesional,Under 2.0,Goles (Over/Under),historical_20250307_con_resultados.csv,,
Aldosivi Mar del Plata vs CA Tigre BA,2025-03-09 14:59:00,Liga Profesional,Over 2.25,Goles (Over/Under),historical_20250307_con_resultados.csv,,
Aldosivi Mar del Plata vs CA Tigre BA,2025-03-09 14:59:00,Liga Profesional,Under 2.25,Goles (Over/Under),historical_20250307_con_resultados.csv,,
Aldosivi Mar del Plata vs CA Tigre BA,2025-03-09 14:59:00,Liga Profesional,Over 2.5,Goles (Over/Under),historical_20250307_con_resultados.csv,,
Aldosivi Mar del Plata vs CA Tigre BA,2025-03-09 14:59:00,Liga Profesional,Under 2.5,Goles (Over/Under),historical_20250307_con_resultados.csv,,
Aldosivi Mar del Plata vs CA Tigre BA,2025-03-09 14:59:00,Liga Profesional,Under 2.5,Goles (Over/Under),historical_20250307_con_resultados.csv,,
Defensa y Justicia vs Estudiantes,2025-03-09 15:00:00,Liga Profesional,Under 1.5,Goles (Over/Under),historical_20250307_con_resultados.csv,,
Defensa y Justicia vs Estudiantes,2025-03-09 15:00:00,Liga Profesional,Over 1.5,Goles (Over/Under),historical_20250307_con_resultados.csv,,
Defensa y Justicia vs Estudiantes,2025-03-09 15:00:00,Liga Profesional,Over 1.5,Goles (Over/Under),historical_20250307_con_resultados.csv,,
Defensa y Justicia vs Estudiantes,2025-03-09 15:00:00,Liga Profesional,Under 1.5,Goles (Over/Under),historical_20250307_con_resultados.csv,,
Defensa y Justicia vs Estudiantes,2025-03-09 15:00:00,Liga Profesional,Over 1.5,Goles (Over/Under),historical_20250307_con_resultados.csv,,
Defensa y Justicia vs Estudiantes,2025-03-09 15:00:00,Liga Profesional,Under 1.25,Goles (Over/Under),historical_20250307_con_resultados.csv,,
Defensa y Justicia vs Estudiantes,2025-03-09 15:00:00,Liga Profesional,Over 1.25,Goles (Over/Under),historical_20250307_con_resultados.csv,,
Defensa y Justicia vs Estudiantes,2025-03-09 15:00:00,Liga Profesional,Under 1.5,Goles (Over/Under),historical_20250307_con_resultados.csv,,
Defensa y Justicia vs Estudiantes,2025-03-09 15:00:00,Liga Profesional,Over 1.5,Goles (Over/Under),historical_20250307_con_resultados.csv,,
Defensa y Justicia vs Estudiantes,2025-03-09 15:00:00,Liga Profesional,Under 1.5,Goles (Over/Under),historical_20250307_con_resultados.csv,,
Independiente vs Racing Club,2025-03-16 14:00:00,Liga Profesional,Over 1.5,Goles (Over/Under),historical_20250314_con_resultados.csv,,
Independiente vs Racing Club,2025-03-16 14:00:00,Liga Profesional,Under 1.5,Goles (Over/Under),historical_20250314_con_resultados.csv,,
Independiente vs Racing Club,2025-03-16 14:00:00,Liga Profesional,Over 2.5,Goles (Over/Under),historical_20250314_con_resultados.csv,,
Independiente vs Racing Club,2025-03-16 14:00:00,Liga Profesional,Under 2.5,Goles (Over/Under),historical_20250314_con_resultados.csv,,
Independiente vs Racing Club,2025-03-16 14:00:00,Liga Profesional,Over 2.5,Goles (Over/Under),historical_20250314_con_resultados.csv,,
Independiente vs Racing Club,2025-03-16 14:00:00,Liga Profesional,Under 2.5,Goles (Over/Under),historical_20250314_con_resultados.csv,,
Gimnasia La Plata vs Sarmiento de Junin,2025-03-30 14:00:00,Liga Profesional,Under 0.5,Goles (Over/Under),historical_20250328_con_resultados.csv,,
Gimnasia La Plata vs Sarmiento de Junin,2025-03-30 14:00:00,Liga Profesional,Over 0.5,Goles (Over/Under),historical_20250328_con_resultados.csv,,
Gimnasia La Plata vs Sarmiento de Junin,2025-03-30 14:00:00,Liga Profesional,Under 0.5,Goles (Over/Under),historical_20250328_con_resultados.csv,,
Gimnasia La Plata vs Sarmiento de Junin,2025-03-30 14:00:00,Liga Profesional,Over 0.5,Goles (Over/Under),historical_20250328_con_resultados.csv,,
Gimnasia La Plata vs Sarmiento de Junin,2025-03-30 14:00:00,Liga Profesional,Over 0.5,Goles (Over/Under),historical_20250328_con_resultados.csv,,
Gimnasia La Plata vs Sarmiento de Junin,2025-03-30 14:00:00,Liga Profesional,Under 0.5,Goles (Over/Under),historical_20250328_con_resultados.csv,,
Marseille vs Le Havre,2025-01-05 14:45:00,Ligue 1,Under 2.25,Goles (Over/Under),historical_20250103_con_resultados.csv,,
Marseille vs Le Havre,2025-01-05 14:45:00,Ligue 1,Over 4.5,Goles (Over/Under),historical_20250103_con_resultados.csv,,
Marseille vs Le Havre,2025-01-05 14:45:00,Ligue 1,Under 4.5,Goles (Over/Under),historical_20250103_con_resultados.csv,,
Marseille vs Le Havre,2025-01-05 14:45:00,Ligue 1,Over 4.5,Goles (Over/Under),historical_20250103_con_resultados.csv,,
Marseille vs Le Havre,2025-01-05 14:45:00,Ligue 1,Under 4.5,Goles (Over/Under),historical_20250103_con_resultados.csv,,
Marseille vs Le Havre,2025-01-05 14:45:00,Ligue 1,Over 4.5,Goles (Over/Under),historical_20250103_con_resultados.csv,,
Marseille vs Le Havre,2025-01-05 14:45:00,Ligue 1,Under 3.5,Goles (Over/Under),historical_20250103_con_resultados.csv,,
Marseille vs Le Havre,2025-01-05 14:45:00,Ligue 1,Over 4.5,Goles (Over/Under),historical_20250103_con_resultados.csv,,
Marseille vs Le Havre,2025-01-05 14:45:00,Ligue 1,Over 4.5,Goles (Over/Under),historical_20250103_con_resultados.csv,,
Marseille vs Le Havre,2025-01-05 14:45:00,Ligue 1,Under 4.5,Goles (Over/Under),historical_20250103_con_resultados.csv,,
Marseille vs Le Havre,2025-01-05 14:45:00,Ligue 1,Over 3.5,Goles (Over/Under),historical_20250103_con_resultados.csv,,
Marseille vs Le Havre,2025-01-05 14:45:00,Ligue 1,Over 2.25,Goles (Over/Under),historical_20250103_con_resultados.csv,,
Marseille vs Le Havre,2025-01-05 14:45:00,Ligue 1,Under 4.5,Goles (Over/Under),historical_20250103_con_resultados.csv,,
Marseille vs Le Havre,2025-01-05 14:45:00,Ligue 1,Under 4.5,Goles (Over/Under),historical_20250103_con_resultados.csv,,
Marseille vs Le Havre,2025-01-05 14:45:00,Ligue 1,Under 4.5,Goles (Over/Under),historical_20250103_con_resultados.csv,,
Marseille vs Le Havre,2025-01-05 14:45:00,Ligue 1,Over 4.5,Goles (Over/Under),historical_20250103_con_resultados.csv,,
Montpellier vs AS Monaco,2025-01-17 13:00:00,Ligue 1,Over 3.5,Goles (Over/Under),historical_20250117_con_resultados.csv,,
Montpellier vs AS Monaco,2025-01-17 13:00:00,Ligue 1,Under 3.5,Goles (Over/Under),historical_20250117_con_resultados.csv,,
Montpellier vs AS Monaco,2025-01-17 13:00:00,Ligue 1,Over 3.25,Goles (Over/Under),historical_20250117_con_resultados.csv,,
Montpellier vs AS Monaco,2025-01-17 13:00:00,Ligue 1,Under 3.25,Goles (Over/Under),historical_20250117_con_resultados.csv,,
RC Lens vs Paris Saint Germain,2025-01-18 11:00:00,Ligue 1,Under 3.5,Goles (Over/Under),historical_20250117_con_resultados.csv,,
RC Lens vs Paris Saint Germain,2025-01-18 11:00:00,Ligue 1,Under 2.5,Goles (Over/Under),historical_20250117_con_resultados.csv,,
RC Lens vs Paris Saint Germain,2025-01-18 11:00:00,Ligue 1,Over 2.5,Goles (Over/Under),historical_20250117_con_resultados.csv,,
RC Lens vs Paris Saint Germain,2025-01-18 11:00:00,Ligue 1,Under 3.0,Goles (Over/Under),historical_20250117_con_resultados.csv,,
RC Lens vs Paris Saint Germain,2025-01-18 11:00:00,Ligue 1,Over 3.0,Goles (Over/Under),historical_20250117_con_resultados.csv,,
RC Lens vs Paris Saint Germain,2025-01-18 11:00:00,Ligue 1,Over 3.5,Goles (Over/Under),historical_20250117_con_resultados.csv,,
Lyon vs Toulouse,2025-01-18 15:05:00,Ligue 1,Over 2.75,Goles (Over/Under),historical_20250117_con_resultados.csv,,
Lyon vs Toulouse,2025-01-18 15:05:00,Ligue 1,Under 2.75,Goles (Over/Under),historical_20250117_con_resultados.csv,,
Lyon vs Toulouse,2025-01-18 15:05:00,Ligue 1,Under 2.5,Goles (Over/Under),historical_20250117_con_resultados.csv,,
Lyon vs Toulouse,2025-01-18 15:05:00,Ligue 1,Over 2.5,Goles (Over/Under),historical_20250117_con_resultados.csv,,
Auxerre vs Saint Etienne,2025-01-24 14:45:00,Ligue 1,Over 2.5,Goles (Over/Under),historical_20250124_con_resultados.csv,,
Auxerre vs Saint Etienne,2025-01-24 14:45:00,Ligue 1,Under 2.5,Goles (Over/Under),historical_20250124_con_resultados.csv,,
Auxerre vs Saint Etienne,2025-01-24 14:45:00,Ligue 1,Over 2.75,Goles (Over/Under),historical_20250124_con_resultados.csv,,
Auxerre vs Saint Etienne,2025-01-24 14:45:00,Ligue 1,Under 2.75,Goles (Over/Under),historical_20250124_con_resultados.csv,,
Strasbourg vs Lille,2025-01-25 13:00:00,Ligue 1,Under 2.5,Goles (Over/Under),historical_20250124_con_resultados.csv,,
Strasbourg vs Lille,2025-01-25 13:00:00,Ligue 1,Over 2.5,Goles (Over/Under),historical_20250124_con_resultados.csv,,
Le Havre vs Brest,2025-01-26 09:00:00,Ligue 1,Over 2.5,Goles (Over/Under),historical_20250124_con_resultados.csv,,
Le Havre vs Brest,2025-01-26 09:00:00,Ligue 1,Under 2.5,Goles (Over/Under),historical_20250124_con_resultados.csv,,
Le Havre vs Brest,2025-01-26 09:00:00,Ligue 1,Under 2.25,Goles (Over/Under),historical_20250124_con_resultados.csv,,
Le Havre vs Brest,2025-01-26 09:00:00,Ligue 1,Over 2.25,Goles (Over/Under),historical_20250124_con_resultados.csv,,
Nice vs RC Lens,2025-02-08 11:00:00,Ligue 1,Under 2.5,Goles (Over/Under),historical_20250207_con_resultados.csv,,
Nice vs RC Lens,2025-02-08 11:00:00,Ligue 1,Over 2.5,Goles (Over/Under),historical_20250207_con_resultados.csv,,
Lille vs Le Havre,2025-02-08 13:00:00,Ligue 1,Over 2.5,Goles (Over/Under),historical_20250207_con_resultados.csv,,
Lille vs Le Havre,2025-02-08 13:00:00,Ligue 1,Under 2.5,Goles (Over/Under),historical_20250207_con_resultados.csv,,
Lyon vs Stade de Reims,2025-02-09 09:00:00,Ligue 1,Over 3.5,Goles (Over/Under),historical_20250207_con_resultados.csv,,
Lyon vs Stade de Reims,2025-02-09 09:00:00,Ligue 1,Under 3.5,Goles (Over/Under),historical_20250207_con_resultados.csv,,
Lyon vs Stade de Reims,2025-02-09 09:00:00,Ligue 1,Over 3.0,Goles (Over/Under),historical_20250207_con_resultados.csv,,
Lyon vs Stade de Reims,2025-02-09 09:00:00,Ligue 1,Under 3.0,Goles (Over/Under),historical_20250207_con_resultados.csv,,
Lyon vs Stade de Reims,2025-02-09 09:00:00,Ligue 1,Under 2.5,Goles (Over/Under),historical_20250207_con_resultados.csv,,
Lyon vs Stade de Reims,2025-02-09 09:00:00,Ligue 1,Over 2.5,Goles (Over/Under),historical_20250207_con_resultados.csv,,
Angers vs Marseille,2025-02-09 14:45:00,Ligue 1,Over 1.5,Goles (Over/Under),historical_20250207_con_resultados.csv,,
Angers vs Marseille,2025-02-09 14:45:00,Ligue 1,Under 1.5,Goles (Over/Under),historical_20250207_con_resultados.csv,,
Angers vs Marseille,2025-02-09 14:45:00,Ligue 1,Over 1.5,Goles (Over/Under),historical_20250207_con_resultados.csv,,
Angers vs Marseille,2025-02-09 14:45:00,Ligue 1,Under 1.5,Goles (Over/Under),historical_20250207_con_resultados.csv,,
Angers vs Marseille,2025-02-09 14:45:00,Ligue 1,Under 1.5,Goles (Over/Under),historical_20250207_con_resultados.csv,,
Angers vs Marseille,2025-02-09 14:45:00,Ligue 1,Over 1.5,Goles (Over/Under),historical_20250207_con_resultados.csv,,
Angers vs Marseille,2025-02-09 14:45:00,Ligue 1,Over 1.5,Goles (Over/Under),historical_20250207_con_resultados.csv,,
Angers vs Marseille,2025-02-09 14:45:00,Ligue 1,Over 1.5,Goles (Over/Under),historical_20250207_con_resultados.csv,,
Angers vs Marseille,2025-02-09 14:45:00,Ligue 1,Over 1.5,Goles (Over/Under),historical_20250207_con_resultados.csv,,
Angers vs Marseille,2025-02-09 14:45:00,Ligue 1,Under 1.5,Goles (Over/Under),historical_20250207_con_resultados.csv,,
Angers vs Marseille,2025-02-09 14:45:00,Ligue 1,Under 1.5,Goles (Over/Under),historical_20250207_con_resultados.csv,,
Angers vs Marseille,2025-02-09 14:45:00,Ligue 1,Over 1.5,Goles (Over/Under),historical_20250207_con_resultados.csv,,
Angers vs Marseille,2025-02-09 14:45:00,Ligue 1,Under 1.5,Goles (Over/Under),historical_20250207_con_resultados.csv,,
Angers vs Marseille,2025-02-09 14:45:00,Ligue 1,Over 1.5,Goles (Over/Under),historical_20250207_con_resultados.csv,,
Angers vs Marseille,2025-02-09 14:45:00,Ligue 1,Under 1.5,Goles (Over/Under),historical_20250207_con_resultados.csv,,
Angers vs Marseille,2025-02-09 14:45:00,Ligue 1,Under 1.5,Goles (Over/Under),historical_20250207_con_resultados.csv,,
Saint Etienne vs Angers,2025-02-22 13:00:00,Ligue 1,Over 2.5,Goles (Over/Under),historical_20250221_con_resultados.csv,,
Saint Etienne vs Angers,2025-02-22 13:00:00,Ligue 1,Under 2.5,Goles (Over/Under),historical_20250221_con_resultados.csv,,
Saint Etienne vs Angers,2025-02-22 13:00:00,Ligue 1,Over 2.25,Goles (Over/Under),historical_20250221_con_resultados.csv,,
Saint Etienne vs Angers,2025-02-22 13:00:00,Ligue 1,Under 2.25,Goles (Over/Under),historical_20250221_con_resultados.csv,,
Nantes vs RC Lens,2025-02-23 09:00:00,Ligue 1,Over 2.5,Goles (Over/Under),historical_20250221_con_resultados.csv,,
Nantes vs RC Lens,2025-02-23 09:00:00,Ligue 1,Under 2.5,Goles (Over/Under),historical_20250221_con_resultados.csv,,
Saint Etienne vs Nice,2025-03-01 11:00:00,Ligue 1,Over 2.5,Goles (Over/Under),historical_20250228_con_resultados.csv,,
Saint Etienne vs Nice,2025-03-01 11:00:00,Ligue 1,Under 2.5,Goles (Over/Under),historical_20250228_con_resultados.csv,,
Saint Etienne vs Nice,2025-03-01 11:00:00,Ligue 1,Over 3.0,Goles (Over/Under),historical_20250228_con_resultados.csv,,
Saint Etienne vs Nice,2025-03-01 11:00:00,Ligue 1,Under 3.0,Goles (Over/Under),historical_20250228_con_resultados.csv,,
Paris FC vs Red Star,2025-01-25 08:00:00,Ligue 2,Under 2.5,Goles (Over/Under),historical_20250124_con_resultados.csv,,
Paris FC vs Red Star,2025-01-25 08:00:00,Ligue 2,Over 2.5,Goles (Over/Under),historical_20250124_con_resultados.csv,,
Lorient vs Clermont,2025-01-25 14:00:00,Ligue 2,Under 2.5,Goles (Over/Under),historical_20250124_con_resultados.csv,,
Lorient vs Clermont,2025-01-25 14:00:00,Ligue 2,Over 2.5,Goles (Over/Under),historical_20250124_con_resultados.csv,,
Amiens vs Annecy FC,2025-01-31 14:00:00,Ligue 2,Over 2.25,Goles (Over/Under),historical_20250131_con_resultados.csv,,
Amiens vs Annecy FC,2025-01-31 14:00:00,Ligue 2,Under 2.25,Goles (Over/Under),historical_20250131_con_resultados.csv,,
Amiens vs Annecy FC,2025-01-31 14:00:00,Ligue 2,Over 2.5,Goles (Over/Under),historical_20250131_con_resultados.csv,,
Amiens vs Annecy FC,2025-01-31 14:00:00,Ligue 2,Under 2.5,Goles (Over/Under),historical_20250131_con_resultados.csv,,
Clermont vs AC Ajaccio,2025-01-31 14:00:00,Ligue 2,Under 2.5,Goles (Over/Under),historical_20250131_con_resultados.csv,,
Clermont vs AC Ajaccio,2025-01-31 14:00:00,Ligue 2,Under 2.25,Goles (Over/Under),historical_20250131_con_resultados.csv,,
Clermont vs AC Ajaccio,2025-01-31 14:00:00,Ligue 2,Over 2.25,Goles (Over/Under),historical_20250131_con_resultados.csv,,
Clermont vs AC Ajaccio,2025-01-31 14:00:00,Ligue 2,Over 2.5,Goles (Over/Under),historical_20250131_con_resultados.csv,,
Clermont vs AC Ajaccio,2025-01-31 14:00:00,Ligue 2,Over 2.0,Goles (Over/Under),historical_20250131_con_resultados.csv,,
Clermont vs AC Ajaccio,2025-01-31 14:00:00,Ligue 2,Under 2.0,Goles (Over/Under),historical_20250131_con_resultados.csv,,
Grenoble vs Rodez AF,2025-01-31 14:00:00,Ligue 2,Over 2.5,Goles (Over/Under),historical_20250131_con_resultados.csv,,
Grenoble vs Rodez AF,2025-01-31 14:00:00,Ligue 2,Under 2.5,Goles (Over/Under),historical_20250131_con_resultados.csv,,
SC Bastia vs Metz,2025-01-31 14:00:00,Ligue 2,Under 2.5,Goles (Over/Under),historical_20250131_con_resultados.csv,,
SC Bastia vs Metz,2025-01-31 14:00:00,Ligue 2,Over 2.5,Goles (Over/Under),historical_20250131_con_resultados.csv,,
SC Bastia vs Metz,2025-01-31 14:00:00,Ligue 2,Under 2.0,Goles (Over/Under),historical_20250131_con_resultados.csv,,
SC Bastia vs Metz,2025-01-31 14:00:00,Ligue 2,Over 2.0,Goles (Over/Under),historical_20250131_con_resultados.csv,,
USL Dunkerque vs FC Martigues,2025-01-31 14:00:00,Ligue 2,Under 2.5,Goles (Over/Under),historical_20250131_con_resultados.csv,,
USL Dunkerque vs FC Martigues,2025-01-31 14:00:00,Ligue 2,Over 2.5,Goles (Over/Under),historical_20250131_con_resultados.csv,,
Red Star vs Lorient,2025-02-01 08:00:00,Ligue 2,Over 2.75,Goles (Over/Under),historical_20250131_con_resultados.csv,,
Red Star vs Lorient,2025-02-01 08:00:00,Ligue 2,Under 2.75,Goles (Over/Under),historical_20250131_con_resultados.csv,,
Red Star vs Lorient,2025-02-01 08:00:00,Ligue 2,Over 2.5,Goles (Over/Under),historical_20250131_con_resultados.csv,,
Red Star vs Lorient,2025-02-01 08:00:00,Ligue 2,Under 2.5,Goles (Over/Under),historical_20250131_con_resultados.csv,,
Guingamp vs Paris FC,2025-02-01 14:00:00,Ligue 2,Over 2.5,Goles (Over/Under),historical_20250131_con_resultados.csv,,
Guingamp vs Paris FC,2025-02-01 14:00:00,Ligue 2,Under 2.25,Goles (Over/Under),historical_20250131_con_resultados.csv,,
Guingamp vs Paris FC,2025-02-01 14:00:00,Ligue 2,Over 2.25,Goles (Over/Under),historical_20250131_con_resultados.csv,,
Guingamp vs Paris FC,2025-02-01 14:00:00,Ligue 2,Under 2.5,Goles (Over/Under),historical_20250131_con_resultados.csv,,
Grenoble vs Red Star,2025-02-07 14:00:00,Ligue 2,Under 2.5,Goles (Over/Under),historical_20250207_con_resultados.csv,,
Grenoble vs Red Star,2025-02-07 14:00:00,Ligue 2,Over 2.5,Goles (Over/Under),historical_20250207_con_resultados.csv,,
Rodez AF vs SC Bastia,2025-02-07 14:00:00,Ligue 2,Over 2.5,Goles (Over/Under),historical_20250207_con_resultados.csv,,
Rodez AF vs SC Bastia,2025-02-07 14:00:00,Ligue 2,Under 2.5,Goles (Over/Under),historical_20250207_con_resultados.csv,,
Stade Lavallois vs Annecy FC,2025-02-07 14:00:00,Ligue 2,Under 2.25,Goles (Over/Under),historical_20250207_con_resultados.csv,,
Stade Lavallois vs Annecy FC,2025-02-07 14:00:00,Ligue 2,Over 2.25,Goles (Over/Under),historical_20250207_con_resultados.csv,,
Stade Lavallois vs Annecy FC,2025-02-07 14:00:00,Ligue 2,Under 2.5,Goles (Over/Under),historical_20250207_con_resultados.csv,,
Stade Lavallois vs Annecy FC,2025-02-07 14:00:00,Ligue 2,Over 2.5,Goles (Over/Under),historical_20250207_con_resultados.csv,,
Metz vs Clermont,2025-02-08 14:00:00,Ligue 2,Under 2.5,Goles (Over/Under),historical_20250207_con_resultados.csv,,
Metz vs Clermont,2025-02-08 14:00:00,Ligue 2,Over 2.5,Goles (Over/Under),historical_20250207_con_resultados.csv,,
Metz vs Clermont,2025-02-08 14:00:00,Ligue 2,Under 2.25,Goles (Over/Under),historical_20250207_con_resultados.csv,,
Metz vs Clermont,2025-02-08 14:00:00,Ligue 2,Over 2.25,Goles (Over/Under),historical_20250207_con_resultados.csv,,
AC Ajaccio vs Stade Lavallois,2025-02-14 14:00:00,Ligue 2,Over 2.5,Goles (Over/Under),historical_20250214_con_resultados.csv,,
AC Ajaccio vs Stade Lavallois,2025-02-14 14:00:00,Ligue 2,Under 2.5,Goles (Over/Under),historical_20250214_con_resultados.csv,,
AC Ajaccio vs Stade Lavallois,2025-02-14 14:00:00,Ligue 2,Over 1.5,Goles (Over/Under),historical_20250214_con_resultados.csv,,
AC Ajaccio vs Stade Lavallois,2025-02-14 14:00:00,Ligue 2,Under 1.5,Goles (Over/Under),historical_20250214_con_resultados.csv,,
AC Ajaccio vs Stade Lavallois,2025-02-14 14:00:00,Ligue 2,Over 1.75,Goles (Over/Under),historical_20250214_con_resultados.csv,,
AC Ajaccio vs Stade Lavallois,2025-02-14 14:00:00,Ligue 2,Under 1.75,Goles (Over/Under),historical_20250214_con_resultados.csv,,
Amiens vs Grenoble,2025-02-14 14:00:00,Ligue 2,Over 2.0,Goles (Over/Under),historical_20250214_con_resultados.csv,,
Amiens vs Grenoble,2025-02-14 14:00:00,Ligue 2,Under 2.0,Goles (Over/Under),historical_20250214_con_resultados.csv,,
Amiens vs Grenoble,2025-02-14 14:00:00,Ligue 2,Over 2.5,Goles (Over/Under),historical_20250214_con_resultados.csv,,
Amiens vs Grenoble,2025-02-14 14:00:00,Ligue 2,Under 2.5,Goles (Over/Under),historical_20250214_con_resultados.csv,,
Clermont vs SC Bastia,2025-02-14 14:00:00,Ligue 2,Over 2.5,Goles (Over/Under),historical_20250214_con_resultados.csv,,
Clermont vs SC Bastia,2025-02-14 14:00:00,Ligue 2,Under 2.5,Goles (Over/Under),historical_20250214_con_resultados.csv,,
Clermont vs SC Bastia,2025-02-14 14:00:00,Ligue 2,Over 2.0,Goles (Over/Under),historical_20250214_con_resultados.csv,,
Clermont vs SC Bastia,2025-02-14 14:00:00,Ligue 2,Under 2.0,Goles (Over/Under),historical_20250214_con_resultados.csv,,
Pau FC vs Rodez AF,2025-02-14 14:00:00,Ligue 2,Over 2.5,Goles (Over/Under),historical_20250214_con_resultados.csv,,
Pau FC vs Rodez AF,2025-02-14 14:00:00,Ligue 2,Under 2.5,Goles (Over/Under),historical_20250214_con_resultados.csv,,
Pau FC vs Rodez AF,2025-02-14 14:00:00,Ligue 2,Over 2.75,Goles (Over/Under),historical_20250214_con_resultados.csv,,
Pau FC vs Rodez AF,2025-02-14 14:00:00,Ligue 2,Under 2.75,Goles (Over/Under),historical_20250214_con_resultados.csv,,
Troyes vs Lorient,2025-02-14 14:00:00,Ligue 2,Over 2.25,Goles (Over/Under),historical_20250214_con_resultados.csv,,
Troyes vs Lorient,2025-02-14 14:00:00,Ligue 2,Under 2.25,Goles (Over/Under),historical_20250214_con_resultados.csv,,
Troyes vs Lorient,2025-02-14 14:00:00,Ligue 2,Over 2.5,Goles (Over/Under),historical_20250214_con_resultados.csv,,
Troyes vs Lorient,2025-02-14 14:00:00,Ligue 2,Under 2.5,Goles (Over/Under),historical_20250214_con_resultados.csv,,
USL Dunkerque vs Paris FC,2025-02-15 08:00:00,Ligue 2,Over 2.25,Goles (Over/Under),historical_20250214_con_resultados.csv,,
USL Dunkerque vs Paris FC,2025-02-15 08:00:00,Ligue 2,Under 2.25,Goles (Over/Under),historical_20250214_con_resultados.csv,,
USL Dunkerque vs Paris FC,2025-02-15 08:00:00,Ligue 2,Over 2.5,Goles (Over/Under),historical_20250214_con_resultados.csv,,
USL Dunkerque vs Paris FC,2025-02-15 08:00:00,Ligue 2,Under 2.5,Goles (Over/Under),historical_20250214_con_resultados.csv,,
FC Martigues vs Annecy FC,2025-02-21 14:00:00,Ligue 2,Over 2.25,Goles (Over/Under),historical_20250221_con_resultados.csv,,
FC Martigues vs Annecy FC,2025-02-21 14:00:00,Ligue 2,Under 2.25,Goles (Over/Under),historical_20250221_con_resultados.csv,,
FC Martigues vs Annecy FC,2025-02-21 14:00:00,Ligue 2,Over 2.5,Goles (Over/Under),historical_20250221_con_resultados.csv,,
FC Martigues vs Annecy FC,2025-02-21 14:00:00,Ligue 2,Under 2.5,Goles (Over/Under),historical_20250221_con_resultados.csv,,
Grenoble vs Guingamp,2025-02-21 14:00:00,Ligue 2,Over 2.5,Goles (Over/Under),historical_20250221_con_resultados.csv,,
Grenoble vs Guingamp,2025-02-21 14:00:00,Ligue 2,Under 2.5,Goles (Over/Under),historical_20250221_con_resultados.csv,,
Grenoble vs Guingamp,2025-02-21 14:00:00,Ligue 2,Over 2.25,Goles (Over/Under),historical_20250221_con_resultados.csv,,
Grenoble vs Guingamp,2025-02-21 14:00:00,Ligue 2,Under 2.25,Goles (Over/Under),historical_20250221_con_resultados.csv,,
Paris FC vs Troyes,2025-02-21 14:00:00,Ligue 2,Over 2.25,Goles (Over/Under),historical_20250221_con_resultados.csv,,
Paris FC vs Troyes,2025-02-21 14:00:00,Ligue 2,Under 2.25,Goles (Over/Under),historical_20250221_con_resultados.csv,,
Paris FC vs Troyes,2025-02-21 14:00:00,Ligue 2,Over 2.5,Goles (Over/Under),historical_20250221_con_resultados.csv,,
Paris FC vs Troyes,2025-02-21 14:00:00,Ligue 2,Under 2.5,Goles (Over/Under),historical_20250221_con_resultados.csv,,
Rodez AF vs Amiens,2025-02-21 14:00:00,Ligue 2,Over 2.5,Goles (Over/Under),historical_20250221_con_resultados.csv,,
Rodez AF vs Amiens,2025-02-21 14:00:00,Ligue 2,Under 2.5,Goles (Over/Under),historical_20250221_con_resultados.csv,,
Rodez AF vs Amiens,2025-02-21 14:00:00,Ligue 2,Over 2.75,Goles (Over/Under),historical_20250221_con_resultados.csv,,
Rodez AF vs Amiens,2025-02-21 14:00:00,Ligue 2,Under 2.75,Goles (Over/Under),historical_20250221_con_resultados.csv,,
SC Bastia vs Red Star,2025-02-21 14:00:00,Ligue 2,Over 2.5,Goles (Over/Under),historical_20250221_con_resultados.csv,,
SC Bastia vs Red Star,2025-02-21 14:00:00,Ligue 2,Under 2.5,Goles (Over/Under),historical_20250221_con_resultados.csv,,
SC Bastia vs Red Star,2025-02-21 14:00:00,Ligue 2,Over 2.25,Goles (Over/Under),historical_20250221_con_resultados.csv,,
SC Bastia vs Red Star,2025-02-21 14:00:00,Ligue 2,Under 2.25,Goles (Over/Under),historical_20250221_con_resultados.csv,,
USL Dunkerque vs Clermont,2025-02-21 14:00:00,Ligue 2,Over 2.5,Goles (Over/Under),historical_20250221_con_resultados.csv,,
USL Dunkerque vs Clermont,2025-02-21 14:00:00,Ligue 2,Under 2.5,Goles (Over/Under),historical_20250221_con_resultados.csv,,
USL Dunkerque vs Clermont,2025-02-21 14:00:00,Ligue 2,Over 2.25,Goles (Over/Under),historical_20250221_con_resultados.csv,,
USL Dunkerque vs Clermont,2025-02-21 14:00:00,Ligue 2,Under 2.25,Goles (Over/Under),historical_20250221_con_resultados.csv,,
Caen vs Pau FC,2025-02-22 08:00:00,Ligue 2,Over 2.5,Goles (Over/Under),historical_20250221_con_resultados.csv,,
Caen vs Pau FC,2025-02-22 08:00:00,Ligue 2,Under 2.5,Goles (Over/Under),historical_20250221_con_resultados.csv,,
Lorient vs Stade Lavallois,2025-02-22 08:00:00,Ligue 2,Over 2.5,Goles (Over/Under),historical_20250221_con_resultados.csv,,
Lorient vs Stade Lavallois,2025-02-22 08:00:00,Ligue 2,Under 2.5,Goles (Over/Under),historical_20250221_con_resultados.csv,,
Metz vs AC Ajaccio,2025-02-22 14:00:00,Ligue 2,Over 2.25,Goles (Over/Under),historical_20250221_con_resultados.csv,,
Metz vs AC Ajaccio,2025-02-22 14:00:00,Ligue 2,Under 2.25,Goles (Over/Under),historical_20250221_con_resultados.csv,,
Metz vs AC Ajaccio,2025-02-22 14:00:00,Ligue 2,Over 2.5,Goles (Over/Under),historical_20250221_con_resultados.csv,,
Metz vs AC Ajaccio,2025-02-22 14:00:00,Ligue 2,Under 2.5,Goles (Over/Under),historical_20250221_con_resultados.csv,,
Annecy FC vs Paris FC,2025-02-28 14:00:00,Ligue 2,Over 2.5,Goles (Over/Under),historical_20250228_con_resultados.csv,,
Annecy FC vs Paris FC,2025-02-28 14:00:00,Ligue 2,Under 2.5,Goles (Over/Under),historical_20250228_con_resultados.csv,,
Annecy FC vs Paris FC,2025-02-28 14:00:00,Ligue 2,Over 2.25,Goles (Over/Under),historical_20250228_con_resultados.csv,,
Annecy FC vs Paris FC,2025-02-28 14:00:00,Ligue 2,Under 2.25,Goles (Over/Under),historical_20250228_con_resultados.csv,,
Clermont vs Caen,2025-02-28 14:00:00,Ligue 2,Over 2.5,Goles (Over/Under),historical_20250228_con_resultados.csv,,
Clermont vs Caen,2025-02-28 14:00:00,Ligue 2,Under 2.5,Goles (Over/Under),historical_20250228_con_resultados.csv,,
Clermont vs Caen,2025-02-28 14:00:00,Ligue 2,Over 2.25,Goles (Over/Under),historical_20250228_con_resultados.csv,,
Clermont vs Caen,2025-02-28 14:00:00,Ligue 2,Under 2.25,Goles (Over/Under),historical_20250228_con_resultados.csv,,
Pau FC vs Grenoble,2025-02-28 14:00:00,Ligue 2,Over 2.5,Goles (Over/Under),historical_20250228_con_resultados.csv,,
Pau FC vs Grenoble,2025-02-28 14:00:00,Ligue 2,Under 2.5,Goles (Over/Under),historical_20250228_con_resultados.csv,,
Stade Lavallois vs FC Martigues,2025-02-28 14:00:00,Ligue 2,Over 2.25,Goles (Over/Under),historical_20250228_con_resultados.csv,,
Stade Lavallois vs FC Martigues,2025-02-28 14:00:00,Ligue 2,Under 2.25,Goles (Over/Under),historical_20250228_con_resultados.csv,,
Stade Lavallois vs FC Martigues,2025-02-28 14:00:00,Ligue 2,Over 2.5,Goles (Over/Under),historical_20250228_con_resultados.csv,,
Stade Lavallois vs FC Martigues,2025-02-28 14:00:00,Ligue 2,Under 2.5,Goles (Over/Under),historical_20250228_con_resultados.csv,,
Red Star vs Guingamp,2025-03-01 08:00:00,Ligue 2,Over 2.5,Goles (Over/Under),historical_20250228_con_resultados.csv,,
Red Star vs Guingamp,2025-03-01 08:00:00,Ligue 2,Under 2.5,Goles (Over/Under),historical_20250228_con_resultados.csv,,
Red Star vs Guingamp,2025-03-01 08:00:00,Ligue 2,Over 2.25,Goles (Over/Under),historical_20250228_con_resultados.csv,,
Red Star vs Guingamp,2025-03-01 08:00:00,Ligue 2,Under 2.25,Goles (Over/Under),historical_20250228_con_resultados.csv,,
Lorient vs Rodez AF,2025-03-01 14:00:00,Ligue 2,Over 2.75,Goles (Over/Under),historical_20250228_con_resultados.csv,,
Lorient vs Rodez AF,2025-03-01 14:00:00,Ligue 2,Under 2.75,Goles (Over/Under),historical_20250228_con_resultados.csv,,
Lorient vs Rodez AF,2025-03-01 14:00:00,Ligue 2,Over 2.5,Goles (Over/Under),historical_20250228_con_resultados.csv,,
Lorient vs Rodez AF,2025-03-01 14:00:00,Ligue 2,Under 2.5,Goles (Over/Under),historical_20250228_con_resultados.csv,,
Lorient vs Rodez AF,2025-03-01 14:00:00,Ligue 2,Over 3.5,Goles (Over/Under),historical_20250228_con_resultados.csv,,
Lorient vs Rodez AF,2025-03-01 14:00:00,Ligue 2,Under 3.5,Goles (Over/Under),historical_20250228_con_resultados.csv,,
Los Angeles FC vs Minnesota United FC,2025-02-22 16:30:00,MLS,Over 2.5,Goles (Over/Under),historical_20250221_con_resultados.csv,,
Los Angeles FC vs Minnesota United FC,2025-02-22 16:30:00,MLS,Under 2.5,Goles (Over/Under),historical_20250221_con_resultados.csv,,
Los Angeles FC vs Minnesota United FC,2025-02-22 16:30:00,MLS,Over 2.75,Goles (Over/Under),historical_20250221_con_resultados.csv,,
Los Angeles FC vs Minnesota United FC,2025-02-22 16:30:00,MLS,Under 2.75,Goles (Over/Under),historical_20250221_con_resultados.csv,,
Atlanta United FC vs CF Montreal,2025-02-22 19:30:00,MLS,Over 3.0,Goles (Over/Under),historical_20250221_con_resultados.csv,,
Atlanta United FC vs CF Montreal,2025-02-22 19:30:00,MLS,Under 3.0,Goles (Over/Under),historical_20250221_con_resultados.csv,,
Atlanta United FC vs CF Montreal,2025-02-22 19:30:00,MLS,Over 2.5,Goles (Over/Under),historical_20250221_con_resultados.csv,,
Atlanta United FC vs CF Montreal,2025-02-22 19:30:00,MLS,Under 2.5,Goles (Over/Under),historical_20250221_con_resultados.csv,,
Columbus Crew SC vs Chicago Fire,2025-02-22 19:30:00,MLS,Over 2.5,Goles (Over/Under),historical_20250221_con_resultados.csv,,
Columbus Crew SC vs Chicago Fire,2025-02-22 19:30:00,MLS,Under 2.5,Goles (Over/Under),historical_20250221_con_resultados.csv,,
Columbus Crew SC vs Chicago Fire,2025-02-22 19:30:00,MLS,Over 3.0,Goles (Over/Under),historical_20250221_con_resultados.csv,,
Columbus Crew SC vs Chicago Fire,2025-02-22 19:30:00,MLS,Under 3.0,Goles (Over/Under),historical_20250221_con_resultados.csv,,
Columbus Crew SC vs Chicago Fire,2025-02-22 19:30:00,MLS,Over 3.5,Goles (Over/Under),historical_20250221_con_resultados.csv,,
Columbus Crew SC vs Chicago Fire,2025-02-22 19:30:00,MLS,Under 3.5,Goles (Over/Under),historical_20250221_con_resultados.csv,,
FC Cincinnati vs New York Red Bulls,2025-02-22 19:30:00,MLS,Over 2.5,Goles (Over/Under),historical_20250221_con_resultados.csv,,
FC Cincinnati vs New York Red Bulls,2025-02-22 19:30:00,MLS,Under 2.5,Goles (Over/Under),historical_20250221_con_resultados.csv,,
FC Cincinnati vs New York Red Bulls,2025-02-22 19:30:00,MLS,Over 2.75,Goles (Over/Under),historical_20250221_con_resultados.csv,,
FC Cincinnati vs New York Red Bulls,2025-02-22 19:30:00,MLS,Under 2.75,Goles (Over/Under),historical_20250221_con_resultados.csv,,
Inter Miami CF vs New York City FC,2025-02-22 19:30:00,MLS,Over 3.0,Goles (Over/Under),historical_20250221_con_resultados.csv,,
Inter Miami CF vs New York City FC,2025-02-22 19:30:00,MLS,Under 3.0,Goles (Over/Under),historical_20250221_con_resultados.csv,,
Inter Miami CF vs New York City FC,2025-02-22 19:30:00,MLS,Over 3.5,Goles (Over/Under),historical_20250221_con_resultados.csv,,
Inter Miami CF vs New York City FC,2025-02-22 19:30:00,MLS,Under 3.5,Goles (Over/Under),historical_20250221_con_resultados.csv,,
Orlando City SC vs Philadelphia Union,2025-02-22 19:30:00,MLS,Over 2.5,Goles (Over/Under),historical_20250221_con_resultados.csv,,
Orlando City SC vs Philadelphia Union,2025-02-22 19:30:00,MLS,Under 2.5,Goles (Over/Under),historical_20250221_con_resultados.csv,,
Orlando City SC vs Philadelphia Union,2025-02-22 19:30:00,MLS,Over 3.5,Goles (Over/Under),historical_20250221_con_resultados.csv,,
Orlando City SC vs Philadelphia Union,2025-02-22 19:30:00,MLS,Under 3.5,Goles (Over/Under),historical_20250221_con_resultados.csv,,
Orlando City SC vs Philadelphia Union,2025-02-22 19:30:00,MLS,Over 3.0,Goles (Over/Under),historical_20250221_con_resultados.csv,,
Orlando City SC vs Philadelphia Union,2025-02-22 19:30:00,MLS,Under 3.0,Goles (Over/Under),historical_20250221_con_resultados.csv,,
Austin FC vs Sporting Kansas City,2025-02-22 20:30:00,MLS,Over 3.0,Goles (Over/Under),historical_20250221_con_resultados.csv,,
Austin FC vs Sporting Kansas City,2025-02-22 20:30:00,MLS,Under 3.0,Goles (Over/Under),historical_20250221_con_resultados.csv,,
Austin FC vs Sporting Kansas City,2025-02-22 20:30:00,MLS,Over 2.5,Goles (Over/Under),historical_20250221_con_resultados.csv,,
Austin FC vs Sporting Kansas City,2025-02-22 20:30:00,MLS,Under 2.5,Goles (Over/Under),historical_20250221_con_resultados.csv,,
Austin FC vs Sporting Kansas City,2025-02-22 20:30:00,MLS,Over 2.75,Goles (Over/Under),historical_20250221_con_resultados.csv,,
Austin FC vs Sporting Kansas City,2025-02-22 20:30:00,MLS,Under 2.75,Goles (Over/Under),historical_20250221_con_resultados.csv,,
Austin FC vs Sporting Kansas City,2025-02-22 20:30:00,MLS,Over 3.5,Goles (Over/Under),historical_20250221_con_resultados.csv,,
Austin FC vs Sporting Kansas City,2025-02-22 20:30:00,MLS,Under 3.5,Goles (Over/Under),historical_20250221_con_resultados.csv,,
Houston Dynamo vs FC Dallas,2025-02-22 20:30:00,MLS,Over 2.5,Goles (Over/Under),historical_20250221_con_resultados.csv,,
Houston Dynamo vs FC Dallas,2025-02-22 20:30:00,MLS,Under 2.5,Goles (Over/Under),historical_20250221_con_resultados.csv,,
Seattle Sounders FC vs Charlotte FC,2025-02-22 22:30:00,MLS,Over 2.5,Goles (Over/Under),historical_20250221_con_resultados.csv,,
Seattle Sounders FC vs Charlotte FC,2025-02-22 22:30:00,MLS,Under 2.5,Goles (Over/Under),historical_20250221_con_resultados.csv,,
Charlotte FC vs Atlanta United FC,2025-03-01 14:15:00,MLS,Over 2.5,Goles (Over/Under),historical_20250228_con_resultados.csv,,
Charlotte FC vs Atlanta United FC,2025-03-01 14:15:00,MLS,Under 2.5,Goles (Over/Under),historical_20250228_con_resultados.csv,,
Charlotte FC vs Atlanta United FC,2025-03-01 14:15:00,MLS,Over 2.75,Goles (Over/Under),historical_20250228_con_resultados.csv,,
Charlotte FC vs Atlanta United FC,2025-03-01 14:15:00,MLS,Under 2.75,Goles (Over/Under),historical_20250228_con_resultados.csv,,
Real Salt Lake vs Seattle Sounders FC,2025-03-01 16:30:00,MLS,Over 2.5,Goles (Over/Under),historical_20250228_con_resultados.csv,,
Real Salt Lake vs Seattle Sounders FC,2025-03-01 16:30:00,MLS,Under 2.5,Goles (Over/Under),historical_20250228_con_resultados.csv,,
New England Revolution vs Columbus Crew SC,2025-03-01 19:30:00,MLS,Over 3.0,Goles (Over/Under),historical_20250228_con_resultados.csv,,
New England Revolution vs Columbus Crew SC,2025-03-01 19:30:00,MLS,Under 3.0,Goles (Over/Under),historical_20250228_con_resultados.csv,,
New England Revolution vs Columbus Crew SC,2025-03-01 19:30:00,MLS,Over 2.5,Goles (Over/Under),historical_20250228_con_resultados.csv,,
New England Revolution vs Columbus Crew SC,2025-03-01 19:30:00,MLS,Under 2.5,Goles (Over/Under),historical_20250228_con_resultados.csv,,
New England Revolution vs Columbus Crew SC,2025-03-01 19:30:00,MLS,Over 2.75,Goles (Over/Under),historical_20250228_con_resultados.csv,,
New England Revolution vs Columbus Crew SC,2025-03-01 19:30:00,MLS,Under 2.75,Goles (Over/Under),historical_20250228_con_resultados.csv,,
New England Revolution vs Columbus Crew SC,2025-03-01 19:30:00,MLS,Over 3.5,Goles (Over/Under),historical_20250228_con_resultados.csv,,
New England Revolution vs Columbus Crew SC,2025-03-01 19:30:00,MLS,Under 3.5,Goles (Over/Under),historical_20250228_con_resultados.csv,,
New York Red Bulls vs Nashville SC,2025-03-01 19:30:00,MLS,Over 2.5,Goles (Over/Under),historical_20250228_con_resultados.csv,,
New York Red Bulls vs Nashville SC,2025-03-01 19:30:00,MLS,Under 2.5,Goles (Over/Under),historical_20250228_con_resultados.csv,,
Orlando City SC vs Toronto FC,2025-03-01 19:30:00,MLS,Over 2.5,Goles (Over/Under),historical_20250228_con_resultados.csv,,
Orlando City SC vs Toronto FC,2025-03-01 19:30:00,MLS,Under 2.5,Goles (Over/Under),historical_20250228_con_resultados.csv,,
Orlando City SC vs Toronto FC,2025-03-01 19:30:00,MLS,Over 2.75,Goles (Over/Under),historical_20250228_con_resultados.csv,,
Orlando City SC vs Toronto FC,2025-03-01 19:30:00,MLS,Under 2.75,Goles (Over/Under),historical_20250228_con_resultados.csv,,
Minnesota United FC vs CF Montreal,2025-03-01 20:30:00,MLS,Over 2.75,Goles (Over/Under),historical_20250228_con_resultados.csv,,
Minnesota United FC vs CF Montreal,2025-03-01 20:30:00,MLS,Under 2.75,Goles (Over/Under),historical_20250228_con_resultados.csv,,
Minnesota United FC vs CF Montreal,2025-03-01 20:30:00,MLS,Over 2.5,Goles (Over/Under),historical_20250228_con_resultados.csv,,
Minnesota United FC vs CF Montreal,2025-03-01 20:30:00,MLS,Under 2.5,Goles (Over/Under),historical_20250228_con_resultados.csv,,
Minnesota United FC vs CF Montreal,2025-03-01 20:30:00,MLS,Over 3.5,Goles (Over/Under),historical_20250228_con_resultados.csv,,
Minnesota United FC vs CF Montreal,2025-03-01 20:30:00,MLS,Under 3.5,Goles (Over/Under),historical_20250228_con_resultados.csv,,
Sporting Kansas City vs San Jose Earthquakes,2025-03-01 20:30:00,MLS,Over 2.5,Goles (Over/Under),historical_20250228_con_resultados.csv,,
Sporting Kansas City vs San Jose Earthquakes,2025-03-01 20:30:00,MLS,Under 2.5,Goles (Over/Under),historical_20250228_con_resultados.csv,,
Sporting Kansas City vs San Jose Earthquakes,2025-03-01 20:30:00,MLS,Over 3.0,Goles (Over/Under),historical_20250228_con_resultados.csv,,
Sporting Kansas City vs San Jose Earthquakes,2025-03-01 20:30:00,MLS,Under 3.0,Goles (Over/Under),historical_20250228_con_resultados.csv,,
Colorado Rapids vs FC Dallas,2025-03-01 21:30:00,MLS,Over 3.0,Goles (Over/Under),historical_20250228_con_resultados.csv,,
Colorado Rapids vs FC Dallas,2025-03-01 21:30:00,MLS,Under 3.0,Goles (Over/Under),historical_20250228_con_resultados.csv,,
Colorado Rapids vs FC Dallas,2025-03-01 21:30:00,MLS,Over 2.5,Goles (Over/Under),historical_20250228_con_resultados.csv,,
Colorado Rapids vs FC Dallas,2025-03-01 21:30:00,MLS,Under 2.5,Goles (Over/Under),historical_20250228_con_resultados.csv,,
Los Angeles FC vs New York City FC,2025-03-01 22:30:00,MLS,Over 2.5,Goles (Over/Under),historical_20250228_con_resultados.csv,,
Los Angeles FC vs New York City FC,2025-03-01 22:30:00,MLS,Under 2.5,Goles (Over/Under),historical_20250228_con_resultados.csv,,
Los Angeles FC vs New York City FC,2025-03-01 22:30:00,MLS,Over 3.0,Goles (Over/Under),historical_20250228_con_resultados.csv,,
Los Angeles FC vs New York City FC,2025-03-01 22:30:00,MLS,Under 3.0,Goles (Over/Under),historical_20250228_con_resultados.csv,,
Portland Timbers vs Austin FC,2025-03-01 22:30:00,MLS,Over 2.5,Goles (Over/Under),historical_20250228_con_resultados.csv,,
Portland Timbers vs Austin FC,2025-03-01 22:30:00,MLS,Under 2.5,Goles (Over/Under),historical_20250228_con_resultados.csv,,
Portland Timbers vs Austin FC,2025-03-01 22:30:00,MLS,Over 3.0,Goles (Over/Under),historical_20250228_con_resultados.csv,,
Portland Timbers vs Austin FC,2025-03-01 22:30:00,MLS,Under 3.0,Goles (Over/Under),historical_20250228_con_resultados.csv,,
Fulham vs Manchester United,2025-01-26 14:00:00,Premier League,Under 2.5,Goles (Over/Under),historical_20250124_con_resultados.csv,,
Fulham vs Manchester United,2025-01-26 14:00:00,Premier League,Under 1.5,Goles (Over/Under),historical_20250124_con_resultados.csv,,
Fulham vs Manchester United,2025-01-26 14:00:00,Premier League,Over 1.5,Goles (Over/Under),historical_20250124_con_resultados.csv,,
Fulham vs Manchester United,2025-01-26 14:00:00,Premier League,Under 2.5,Goles (Over/Under),historical_20250124_con_resultados.csv,,
Fulham vs Manchester United,2025-01-26 14:00:00,Premier League,Over 2.5,Goles (Over/Under),historical_20250124_con_resultados.csv,,
Fulham vs Manchester United,2025-01-26 14:00:00,Premier League,Over 2.5,Goles (Over/Under),historical_20250124_con_resultados.csv,,
Fulham vs Manchester United,2025-01-26 14:00:00,Premier League,Under 1.5,Goles (Over/Under),historical_20250124_con_resultados.csv,,
Fulham vs Manchester United,2025-01-26 14:00:00,Premier League,Over 1.5,Goles (Over/Under),historical_20250124_con_resultados.csv,,
Fulham vs Manchester United,2025-01-26 14:00:00,Premier League,Under 1.5,Goles (Over/Under),historical_20250124_con_resultados.csv,,
Fulham vs Manchester United,2025-01-26 14:00:00,Premier League,Over 1.5,Goles (Over/Under),historical_20250124_con_resultados.csv,,
Fulham vs Manchester United,2025-01-26 14:00:00,Premier League,Over 1.5,Goles (Over/Under),historical_20250124_con_resultados.csv,,
Fulham vs Manchester United,2025-01-26 14:00:00,Premier League,Under 1.5,Goles (Over/Under),historical_20250124_con_resultados.csv,,
Leicester City vs Brentford,2025-02-21 15:00:00,Premier League,Over 3.0,Goles (Over/Under),historical_20250221_con_resultados.csv,,
Leicester City vs Brentford,2025-02-21 15:00:00,Premier League,Under 3.0,Goles (Over/Under),historical_20250221_con_resultados.csv,,
Leicester City vs Brentford,2025-02-21 15:00:00,Premier League,Over 2.5,Goles (Over/Under),historical_20250221_con_resultados.csv,,
Leicester City vs Brentford,2025-02-21 15:00:00,Premier League,Under 2.5,Goles (Over/Under),historical_20250221_con_resultados.csv,,
Leicester City vs Brentford,2025-02-21 15:00:00,Premier League,Over 3.5,Goles (Over/Under),historical_20250221_con_resultados.csv,,
Leicester City vs Brentford,2025-02-21 15:00:00,Premier League,Under 3.5,Goles (Over/Under),historical_20250221_con_resultados.csv,,
Leicester City vs Manchester United,2025-03-16 14:00:00,Premier League,Over 3.5,Goles (Over/Under),historical_20250314_con_resultados.csv,,
Leicester City vs Manchester United,2025-03-16 14:00:00,Premier League,Over 3.5,Goles (Over/Under),historical_20250314_con_resultados.csv,,
Leicester City vs Manchester United,2025-03-16 14:00:00,Premier League,Under 3.5,Goles (Over/Under),historical_20250314_con_resultados.csv,,
Leicester City vs Manchester United,2025-03-16 14:00:00,Premier League,Under 3.5,Goles (Over/Under),historical_20250314_con_resultados.csv,,
Leicester City vs Manchester United,2025-03-16 14:00:00,Premier League,Under 3.5,Goles (Over/Under),historical_20250314_con_resultados.csv,,
Leicester City vs Manchester United,2025-03-16 14:00:00,Premier League,Over 3.5,Goles (Over/Under),historical_20250314_con_resultados.csv,,
Leicester City vs Manchester United,2025-03-16 14:00:00,Premier League,Under 3.5,Goles (Over/Under),historical_20250314_con_resultados.csv,,
Leicester City vs Manchester United,2025-03-16 14:00:00,Premier League,Over 3.5,Goles (Over/Under),historical_20250314_con_resultados.csv,,
Leicester City vs Manchester United,2025-03-16 14:00:00,Premier League,Under 2.5,Goles (Over/Under),historical_20250314_con_resultados.csv,,
Leicester City vs Manchester United,2025-03-16 14:00:00,Premier League,Over 3.5,Goles (Over/Under),historical_20250314_con_resultados.csv,,
Leicester City vs Manchester United,2025-03-16 14:00:00,Premier League,Under 3.5,Goles (Over/Under),historical_20250314_con_resultados.csv,,
Leicester City vs Manchester United,2025-03-16 14:00:00,Premier League,Under 3.5,Goles (Over/Under),historical_20250314_con_resultados.csv,,
Leicester City vs Manchester United,2025-03-16 14:00:00,Premier League,Over 3.5,Goles (Over/Under),historical_20250314_con_resultados.csv,,
Leicester City vs Manchester United,2025-03-16 14:00:00,Premier League,Over 2.5,Goles (Over/Under),historical_20250314_con_resultados.csv,,
Deportes Iquique vs Coquimbo Unido,2025-02-14 19:00:00,Primera División Chile,Over 2.5,Goles (Over/Under),historical_20250214_con_resultados.csv,,
Deportes Iquique vs Coquimbo Unido,2025-02-14 19:00:00,Primera División Chile,Under 2.5,Goles (Over/Under),historical_20250214_con_resultados.csv,,
O'Higgins vs Huachipato,2025-02-15 16:00:00,Primera División Chile,Over 2.5,Goles (Over/Under),historical_20250214_con_resultados.csv,,
O'Higgins vs Huachipato,2025-02-15 16:00:00,Primera División Chile,Under 2.5,Goles (Over/Under),historical_20250214_con_resultados.csv,,
Palestino vs Cobresal,2025-02-15 16:00:00,Primera División Chile,Over 2.75,Goles (Over/Under),historical_20250214_con_resultados.csv,,
Palestino vs Cobresal,2025-02-15 16:00:00,Primera División Chile,Under 2.75,Goles (Over/Under),historical_20250214_con_resultados.csv,,
Palestino vs Cobresal,2025-02-15 16:00:00,Primera División Chile,Over 2.5,Goles (Over/Under),historical_20250214_con_resultados.csv,,
Palestino vs Cobresal,2025-02-15 16:00:00,Primera División Chile,Under 2.5,Goles (Over/Under),historical_20250214_con_resultados.csv,,
Universidad de Chile vs Ñublense,2025-02-15 18:30:00,Primera División Chile,Over 2.5,Goles (Over/Under),historical_20250214_con_resultados.csv,,
Universidad de Chile vs Ñublense,2025-02-15 18:30:00,Primera División Chile,Under 2.5,Goles (Over/Under),historical_20250214_con_resultados.csv,,
Universidad de Chile vs Ñublense,2025-02-15 18:30:00,Primera División Chile,Over 2.75,Goles (Over/Under),historical_20250214_con_resultados.csv,,
Universidad de Chile vs Ñublense,2025-02-15 18:30:00,Primera División Chile,Under 2.75,Goles (Over/Under),historical_20250214_con_resultados.csv,,
Audax Italiano vs Deportes Iquique,2025-02-21 16:00:00,Primera División Chile,Over 2.5,Goles (Over/Under),historical_20250221_con_resultados.csv,,
Audax Italiano vs Deportes Iquique,2025-02-21 16:00:00,Primera División Chile,Under 2.5,Goles (Over/Under),historical_20250221_con_resultados.csv,,
Unión Española vs Palestino,2025-02-21 16:00:00,Primera División Chile,Over 2.5,Goles (Over/Under),historical_20250221_con_resultados.csv,,
Unión Española vs Palestino,2025-02-21 16:00:00,Primera División Chile,Under 2.5,Goles (Over/Under),historical_20250221_con_resultados.csv,,
Unión Española vs Palestino,2025-02-21 16:00:00,Primera División Chile,Over 2.75,Goles (Over/Under),historical_20250221_con_resultados.csv,,
Unión Española vs Palestino,2025-02-21 16:00:00,Primera División Chile,Under 2.75,Goles (Over/Under),historical_20250221_con_resultados.csv,,
Coquimbo Unido vs Universidad Católica (CHI),2025-02-22 16:00:00,Primera División Chile,Over 2.5,Goles (Over/Under),historical_20250221_con_resultados.csv,,
Coquimbo Unido vs Universidad Católica (CHI),2025-02-22 16:00:00,Primera División Chile,Under 2.5,Goles (Over/Under),historical_20250221_con_resultados.csv,,
Coquimbo Unido vs Universidad Católica (CHI),2025-02-22 16:00:00,Primera División Chile,Over 2.25,Goles (Over/Under),historical_20250221_con_resultados.csv,,
Coquimbo Unido vs Universidad Católica (CHI),2025-02-22 16:00:00,Primera División Chile,Under 2.25,Goles (Over/Under),historical_20250221_con_resultados.csv,,
Ñublense vs Deportes Limache,2025-02-22 18:30:00,Primera División Chile,Over 2.5,Goles (Over/Under),historical_20250221_con_resultados.csv,,
Ñublense vs Deportes Limache,2025-02-22 18:30:00,Primera División Chile,Under 2.5,Goles (Over/Under),historical_20250221_con_resultados.csv,,
Deportes Limache vs Coquimbo Unido,2025-02-28 18:00:00,Primera División Chile,Over 2.5,Goles (Over/Under),historical_20250228_con_resultados.csv,,
Deportes Limache vs Coquimbo Unido,2025-02-28 18:00:00,Primera División Chile,Under 2.5,Goles (Over/Under),historical_20250228_con_resultados.csv,,
Deportes Limache vs Coquimbo Unido,2025-02-28 18:00:00,Primera División Chile,Over 2.25,Goles (Over/Under),historical_20250228_con_resultados.csv,,
Deportes Limache vs Coquimbo Unido,2025-02-28 18:00:00,Primera División Chile,Under 2.25,Goles (Over/Under),historical_20250228_con_resultados.csv,,
La Serena vs Unión Española,2025-03-01 10:00:00,Primera División Chile,Over 2.5,Goles (Over/Under),historical_20250228_con_resultados.csv,,
La Serena vs Unión Española,2025-03-01 10:00:00,Primera División Chile,Under 2.5,Goles (Over/Under),historical_20250228_con_resultados.csv,,
La Serena vs Unión Española,2025-03-01 10:00:00,Primera División Chile,Over 2.25,Goles (Over/Under),historical_20250228_con_resultados.csv,,
La Serena vs Unión Española,2025-03-01 10:00:00,Primera División Chile,Under 2.25,Goles (Over/Under),historical_20250228_con_resultados.csv,,
Palestino vs Audax Italiano,2025-03-01 16:00:00,Primera División Chile,Over 2.5,Goles (Over/Under),historical_20250228_con_resultados.csv,,
Palestino vs Audax Italiano,2025-03-01 16:00:00,Primera División Chile,Under 2.5,Goles (Over/Under),historical_20250228_con_resultados.csv,,
Universidad Católica (CHI) vs Deportes Iquique,2025-03-01 16:00:00,Primera División Chile,Over 2.5,Goles (Over/Under),historical_20250228_con_resultados.csv,,
Universidad Católica (CHI) vs Deportes Iquique,2025-03-01 16:00:00,Primera División Chile,Under 2.5,Goles (Over/Under),historical_20250228_con_resultados.csv,,
Universidad Católica (CHI) vs Deportes Iquique,2025-03-01 16:00:00,Primera División Chile,Over 2.75,Goles (Over/Under),historical_20250228_con_resultados.csv,,
Universidad Católica (CHI) vs Deportes Iquique,2025-03-01 16:00:00,Primera División Chile,Under 2.75,Goles (Over/Under),historical_20250228_con_resultados.csv,,
Everton de Viña del Mar vs Ñublense,2025-03-01 18:30:00,Primera División Chile,Over 2.5,Goles (Over/Under),historical_20250228_con_resultados.csv,,
Everton de Viña del Mar vs Ñublense,2025-03-01 18:30:00,Primera División Chile,Under 2.5,Goles (Over/Under),historical_20250228_con_resultados.csv,,
Charleroi vs Union Saint-Gilloise,2025-01-11 14:45:00,Pro League,Over 2.5,Goles (Over/Under),historical_20250110_con_resultados.csv,,
Charleroi vs Union Saint-Gilloise,2025-01-11 14:45:00,Pro League,Under 2.5,Goles (Over/Under),historical_20250110_con_resultados.csv,,
Sint Truiden vs Royal Antwerp,2025-01-24 14:45:00,Pro League,Over 2.5,Goles (Over/Under),historical_20250124_con_resultados.csv,,
Sint Truiden vs Royal Antwerp,2025-01-24 14:45:00,Pro League,Under 2.5,Goles (Over/Under),historical_20250124_con_resultados.csv,,
Sint Truiden vs Royal Antwerp,2025-01-24 14:45:00,Pro League,Under 2.75,Goles (Over/Under),historical_20250124_con_resultados.csv,,
Sint Truiden vs Royal Antwerp,2025-01-24 14:45:00,Pro League,Over 2.75,Goles (Over/Under),historical_20250124_con_resultados.csv,,
Westerlo vs Genk,2025-01-25 10:00:00,Pro League,Over 3.0,Goles (Over/Under),historical_20250124_con_resultados.csv,,
Westerlo vs Genk,2025-01-25 10:00:00,Pro League,Under 3.0,Goles (Over/Under),historical_20250124_con_resultados.csv,,
Westerlo vs Genk,2025-01-25 10:00:00,Pro League,Under 3.25,Goles (Over/Under),historical_20250124_con_resultados.csv,,
Westerlo vs Genk,2025-01-25 10:00:00,Pro League,Over 3.25,Goles (Over/Under),historical_20250124_con_resultados.csv,,
Westerlo vs Genk,2025-01-25 10:00:00,Pro League,Over 3.5,Goles (Over/Under),historical_20250124_con_resultados.csv,,
Westerlo vs Genk,2025-01-25 10:00:00,Pro League,Under 3.5,Goles (Over/Under),historical_20250124_con_resultados.csv,,
Club Brugge vs KV Kortrijk,2025-01-25 14:45:00,Pro League,Over 3.5,Goles (Over/Under),historical_20250124_con_resultados.csv,,
Club Brugge vs KV Kortrijk,2025-01-25 14:45:00,Pro League,Under 3.5,Goles (Over/Under),historical_20250124_con_resultados.csv,,
Club Brugge vs KV Kortrijk,2025-01-25 14:45:00,Pro League,Under 3.25,Goles (Over/Under),historical_20250124_con_resultados.csv,,
Club Brugge vs KV Kortrijk,2025-01-25 14:45:00,Pro League,Over 3.25,Goles (Over/Under),historical_20250124_con_resultados.csv,,
Standard Liege vs Dender,2025-01-26 07:30:00,Pro League,Over 2.5,Goles (Over/Under),historical_20250124_con_resultados.csv,,
Standard Liege vs Dender,2025-01-26 07:30:00,Pro League,Over 2.25,Goles (Over/Under),historical_20250124_con_resultados.csv,,
Standard Liege vs Dender,2025-01-26 07:30:00,Pro League,Under 2.5,Goles (Over/Under),historical_20250124_con_resultados.csv,,
Standard Liege vs Dender,2025-01-26 07:30:00,Pro League,Under 2.25,Goles (Over/Under),historical_20250124_con_resultados.csv,,
Leuven vs KV Mechelen,2025-01-31 14:45:00,Pro League,Under 2.5,Goles (Over/Under),historical_20250131_con_resultados.csv,,
Leuven vs KV Mechelen,2025-01-31 14:45:00,Pro League,Over 2.5,Goles (Over/Under),historical_20250131_con_resultados.csv,,
Royal Antwerp vs Club Brugge,2025-02-02 07:30:00,Pro League,Over 2.75,Goles (Over/Under),historical_20250131_con_resultados.csv,,
Royal Antwerp vs Club Brugge,2025-02-02 07:30:00,Pro League,Under 2.5,Goles (Over/Under),historical_20250131_con_resultados.csv,,
Royal Antwerp vs Club Brugge,2025-02-02 07:30:00,Pro League,Under 2.75,Goles (Over/Under),historical_20250131_con_resultados.csv,,
Royal Antwerp vs Club Brugge,2025-02-02 07:30:00,Pro League,Over 2.5,Goles (Over/Under),historical_20250131_con_resultados.csv,,
KV Mechelen vs Gent,2025-02-07 14:45:00,Pro League,Over 2.5,Goles (Over/Under),historical_20250207_con_resultados.csv,,
KV Mechelen vs Gent,2025-02-07 14:45:00,Pro League,Under 2.5,Goles (Over/Under),historical_20250207_con_resultados.csv,,
Dender vs Sint Truiden,2025-02-08 12:15:00,Pro League,Over 2.5,Goles (Over/Under),historical_20250207_con_resultados.csv,,
Dender vs Sint Truiden,2025-02-08 12:15:00,Pro League,Under 2.5,Goles (Over/Under),historical_20250207_con_resultados.csv,,
Standard Liege vs Genk,2025-02-14 14:45:00,Pro League,Over 2.5,Goles (Over/Under),historical_20250214_con_resultados.csv,,
Standard Liege vs Genk,2025-02-14 14:45:00,Pro League,Under 2.5,Goles (Over/Under),historical_20250214_con_resultados.csv,,
Leuven vs Dender,2025-02-15 10:00:00,Pro League,Over 2.5,Goles (Over/Under),historical_20250214_con_resultados.csv,,
Leuven vs Dender,2025-02-15 10:00:00,Pro League,Under 2.5,Goles (Over/Under),historical_20250214_con_resultados.csv,,
Leuven vs Dender,2025-02-15 10:00:00,Pro League,Over 2.25,Goles (Over/Under),historical_20250214_con_resultados.csv,,
Leuven vs Dender,2025-02-15 10:00:00,Pro League,Under 2.25,Goles (Over/Under),historical_20250214_con_resultados.csv,,
Royal Antwerp vs KV Kortrijk,2025-02-15 12:15:00,Pro League,Over 2.5,Goles (Over/Under),historical_20250214_con_resultados.csv,,
Royal Antwerp vs KV Kortrijk,2025-02-15 12:15:00,Pro League,Under 2.5,Goles (Over/Under),historical_20250214_con_resultados.csv,,
Royal Antwerp vs KV Kortrijk,2025-02-15 12:15:00,Pro League,Over 2.75,Goles (Over/Under),historical_20250214_con_resultados.csv,,
Royal Antwerp vs KV Kortrijk,2025-02-15 12:15:00,Pro League,Under 2.75,Goles (Over/Under),historical_20250214_con_resultados.csv,,
Gent vs Beerschot Wilrijk,2025-02-16 07:30:00,Pro League,Over 2.5,Goles (Over/Under),historical_20250214_con_resultados.csv,,
Gent vs Beerschot Wilrijk,2025-02-16 07:30:00,Pro League,Under 2.5,Goles (Over/Under),historical_20250214_con_resultados.csv,,
Gent vs Beerschot Wilrijk,2025-02-16 07:30:00,Pro League,Over 2.75,Goles (Over/Under),historical_20250214_con_resultados.csv,,
Gent vs Beerschot Wilrijk,2025-02-16 07:30:00,Pro League,Under 2.75,Goles (Over/Under),historical_20250214_con_resultados.csv,,
Gent vs Beerschot Wilrijk,2025-02-16 07:30:00,Pro League,Over 3.5,Goles (Over/Under),historical_20250214_con_resultados.csv,,
Gent vs Beerschot Wilrijk,2025-02-16 07:30:00,Pro League,Under 3.5,Goles (Over/Under),historical_20250214_con_resultados.csv,,
KV Mechelen vs Sint Truiden,2025-02-21 14:45:00,Pro League,Over 3.5,Goles (Over/Under),historical_20250221_con_resultados.csv,,
KV Mechelen vs Sint Truiden,2025-02-21 14:45:00,Pro League,Under 3.5,Goles (Over/Under),historical_20250221_con_resultados.csv,,
KV Mechelen vs Sint Truiden,2025-02-21 14:45:00,Pro League,Over 2.5,Goles (Over/Under),historical_20250221_con_resultados.csv,,
KV Mechelen vs Sint Truiden,2025-02-21 14:45:00,Pro League,Under 2.5,Goles (Over/Under),historical_20250221_con_resultados.csv,,
KV Mechelen vs Sint Truiden,2025-02-21 14:45:00,Pro League,Over 3.0,Goles (Over/Under),historical_20250221_con_resultados.csv,,
KV Mechelen vs Sint Truiden,2025-02-21 14:45:00,Pro League,Under 3.0,Goles (Over/Under),historical_20250221_con_resultados.csv,,
Dender vs Beerschot Wilrijk,2025-02-22 10:00:00,Pro League,Over 2.5,Goles (Over/Under),historical_20250221_con_resultados.csv,,
Dender vs Beerschot Wilrijk,2025-02-22 10:00:00,Pro League,Under 2.5,Goles (Over/Under),historical_20250221_con_resultados.csv,,
Westerlo vs Charleroi,2025-02-22 12:15:00,Pro League,Over 2.75,Goles (Over/Under),historical_20250221_con_resultados.csv,,
Westerlo vs Charleroi,2025-02-22 12:15:00,Pro League,Under 2.75,Goles (Over/Under),historical_20250221_con_resultados.csv,,
Westerlo vs Charleroi,2025-02-22 12:15:00,Pro League,Over 2.5,Goles (Over/Under),historical_20250221_con_resultados.csv,,
Westerlo vs Charleroi,2025-02-22 12:15:00,Pro League,Under 2.5,Goles (Over/Under),historical_20250221_con_resultados.csv,,
Royal Antwerp vs Leuven,2025-02-22 14:45:00,Pro League,Over 2.5,Goles (Over/Under),historical_20250221_con_resultados.csv,,
Royal Antwerp vs Leuven,2025-02-22 14:45:00,Pro League,Under 2.5,Goles (Over/Under),historical_20250221_con_resultados.csv,,
Charleroi vs Genk,2025-02-28 14:45:00,Pro League,Over 2.5,Goles (Over/Under),historical_20250228_con_resultados.csv,,
Charleroi vs Genk,2025-02-28 14:45:00,Pro League,Under 2.5,Goles (Over/Under),historical_20250228_con_resultados.csv,,
Cercle Brugge KSV vs Royal Antwerp,2025-03-01 10:00:00,Pro League,Over 2.5,Goles (Over/Under),historical_20250228_con_resultados.csv,,
Cercle Brugge KSV vs Royal Antwerp,2025-03-01 10:00:00,Pro League,Under 2.5,Goles (Over/Under),historical_20250228_con_resultados.csv,,
Gent vs Club Brugge,2025-03-01 10:00:00,Pro League,Over 2.5,Goles (Over/Under),historical_20250228_con_resultados.csv,,
Gent vs Club Brugge,2025-03-01 10:00:00,Pro League,Under 2.5,Goles (Over/Under),historical_20250228_con_resultados.csv,,
Gent vs Club Brugge,2025-03-01 10:00:00,Pro League,Over 2.75,Goles (Over/Under),historical_20250228_con_resultados.csv,,
Gent vs Club Brugge,2025-03-01 10:00:00,Pro League,Under 2.75,Goles (Over/Under),historical_20250228_con_resultados.csv,,
Sint Truiden vs KV Kortrijk,2025-03-01 12:15:00,Pro League,Over 2.5,Goles (Over/Under),historical_20250228_con_resultados.csv,,
Sint Truiden vs KV Kortrijk,2025-03-01 12:15:00,Pro League,Under 2.5,Goles (Over/Under),historical_20250228_con_resultados.csv,,
Union Saint-Gilloise vs Dender,2025-03-01 14:45:00,Pro League,Over 2.5,Goles (Over/Under),historical_20250228_con_resultados.csv,,
Union Saint-Gilloise vs Dender,2025-03-01 14:45:00,Pro League,Under 2.5,Goles (Over/Under),historical_20250228_con_resultados.csv,,
Union Saint-Gilloise vs Dender,2025-03-01 14:45:00,Pro League,Over 2.75,Goles (Over/Under),historical_20250228_con_resultados.csv,,
Union Saint-Gilloise vs Dender,2025-03-01 14:45:00,Pro League,Under 2.75,Goles (Over/Under),historical_20250228_con_resultados.csv,,
Beerschot Wilrijk vs Westerlo,2025-03-16 12:30:00,Pro League,Under 3.5,Goles (Over/Under),historical_20250314_con_resultados.csv,,
Beerschot Wilrijk vs Westerlo,2025-03-16 12:30:00,Pro League,Over 3.5,Goles (Over/Under),historical_20250314_con_resultados.csv,,
Beerschot Wilrijk vs Westerlo,2025-03-16 12:30:00,Pro League,Under 2.5,Goles (Over/Under),historical_20250314_con_resultados.csv,,
Beerschot Wilrijk vs Westerlo,2025-03-16 12:30:00,Pro League,Over 2.5,Goles (Over/Under),historical_20250314_con_resultados.csv,,
Beerschot Wilrijk vs Westerlo,2025-03-16 12:30:00,Pro League,Over 2.5,Goles (Over/Under),historical_20250314_con_resultados.csv,,
Beerschot Wilrijk vs Westerlo,2025-03-16 12:30:00,Pro League,Under 2.5,Goles (Over/Under),historical_20250314_con_resultados.csv,,
Club Brugge vs Charleroi,2025-03-16 12:30:00,Pro League,Over 6.5,Goles (Over/Under),historical_20250314_con_resultados.csv,,
Club Brugge vs Charleroi,2025-03-16 12:30:00,Pro League,Under 6.5,Goles (Over/Under),historical_20250314_con_resultados.csv,,
Club Brugge vs Charleroi,2025-03-16 12:30:00,Pro League,Over 6.5,Goles (Over/Under),historical_20250314_con_resultados.csv,,
Club Brugge vs Charleroi,2025-03-16 12:30:00,Pro League,Under 6.5,Goles (Over/Under),historical_20250314_con_resultados.csv,,
Gent vs KV Kortrijk,2025-03-16 12:30:00,Pro League,Over 2.5,Goles (Over/Under),historical_20250314_con_resultados.csv,,
Gent vs KV Kortrijk,2025-03-16 12:30:00,Pro League,Under 2.5,Goles (Over/Under),historical_20250314_con_resultados.csv,,
Gent vs KV Kortrijk,2025-03-16 12:30:00,Pro League,Over 2.5,Goles (Over/Under),historical_20250314_con_resultados.csv,,
Gent vs KV Kortrijk,2025-03-16 12:30:00,Pro League,Under 2.5,Goles (Over/Under),historical_20250314_con_resultados.csv,,
KV Mechelen vs Dender,2025-03-16 12:30:00,Pro League,Under 3.5,Goles (Over/Under),historical_20250314_con_resultados.csv,,
KV Mechelen vs Dender,2025-03-16 12:30:00,Pro League,Over 3.5,Goles (Over/Under),historical_20250314_con_resultados.csv,,
KV Mechelen vs Dender,2025-03-16 12:30:00,Pro League,Under 3.5,Goles (Over/Under),historical_20250314_con_resultados.csv,,
KV Mechelen vs Dender,2025-03-16 12:30:00,Pro League,Over 3.5,Goles (Over/Under),historical_20250314_con_resultados.csv,,
Hibernian vs Aberdeen,2025-02-01 10:00:00,Scottish Premiership,Under 2.5,Goles (Over/Under),historical_20250131_con_resultados.csv,,
Hibernian vs Aberdeen,2025-02-01 10:00:00,Scottish Premiership,Over 2.5,Goles (Over/Under),historical_20250131_con_resultados.csv,,
Hibernian vs Aberdeen,2025-02-01 10:00:00,Scottish Premiership,Over 2.75,Goles (Over/Under),historical_20250131_con_resultados.csv,,
Hibernian vs Aberdeen,2025-02-01 10:00:00,Scottish Premiership,Under 2.75,Goles (Over/Under),historical_20250131_con_resultados.csv,,
Kilmarnock vs Dundee United,2025-02-01 12:45:00,Scottish Premiership,Over 2.5,Goles (Over/Under),historical_20250131_con_resultados.csv,,
Kilmarnock vs Dundee United,2025-02-01 12:45:00,Scottish Premiership,Under 2.5,Goles (Over/Under),historical_20250131_con_resultados.csv,,
Celtic vs Dundee United,2025-02-15 10:00:00,Scottish Premiership,Over 3.5,Goles (Over/Under),historical_20250214_con_resultados.csv,,
Celtic vs Dundee United,2025-02-15 10:00:00,Scottish Premiership,Under 3.5,Goles (Over/Under),historical_20250214_con_resultados.csv,,
Celtic vs Dundee United,2025-02-15 10:00:00,Scottish Premiership,Over 3.25,Goles (Over/Under),historical_20250214_con_resultados.csv,,
Celtic vs Dundee United,2025-02-15 10:00:00,Scottish Premiership,Under 3.25,Goles (Over/Under),historical_20250214_con_resultados.csv,,
Dundee FC vs Aberdeen,2025-02-15 10:00:00,Scottish Premiership,Over 2.5,Goles (Over/Under),historical_20250214_con_resultados.csv,,
Dundee FC vs Aberdeen,2025-02-15 10:00:00,Scottish Premiership,Under 2.5,Goles (Over/Under),historical_20250214_con_resultados.csv,,
Dundee FC vs Aberdeen,2025-02-15 10:00:00,Scottish Premiership,Over 2.75,Goles (Over/Under),historical_20250214_con_resultados.csv,,
Dundee FC vs Aberdeen,2025-02-15 10:00:00,Scottish Premiership,Under 2.75,Goles (Over/Under),historical_20250214_con_resultados.csv,,
Kilmarnock vs St Johnstone,2025-02-15 10:00:00,Scottish Premiership,Over 2.5,Goles (Over/Under),historical_20250214_con_resultados.csv,,
Kilmarnock vs St Johnstone,2025-02-15 10:00:00,Scottish Premiership,Under 2.5,Goles (Over/Under),historical_20250214_con_resultados.csv,,
Motherwell vs Ross County,2025-02-15 10:00:00,Scottish Premiership,Over 2.5,Goles (Over/Under),historical_20250214_con_resultados.csv,,
Motherwell vs Ross County,2025-02-15 10:00:00,Scottish Premiership,Under 2.5,Goles (Over/Under),historical_20250214_con_resultados.csv,,
Motherwell vs Ross County,2025-02-15 10:00:00,Scottish Premiership,Over 2.25,Goles (Over/Under),historical_20250214_con_resultados.csv,,
Motherwell vs Ross County,2025-02-15 10:00:00,Scottish Premiership,Under 2.25,Goles (Over/Under),historical_20250214_con_resultados.csv,,
Hearts vs Rangers,2025-02-16 07:00:00,Scottish Premiership,Over 2.5,Goles (Over/Under),historical_20250214_con_resultados.csv,,
Hearts vs Rangers,2025-02-16 07:00:00,Scottish Premiership,Under 2.5,Goles (Over/Under),historical_20250214_con_resultados.csv,,
Hearts vs Rangers,2025-02-16 07:00:00,Scottish Premiership,Over 2.75,Goles (Over/Under),historical_20250214_con_resultados.csv,,
Hearts vs Rangers,2025-02-16 07:00:00,Scottish Premiership,Under 2.75,Goles (Over/Under),historical_20250214_con_resultados.csv,,
St Mirren vs Hibernian,2025-02-16 09:00:00,Scottish Premiership,Over 2.5,Goles (Over/Under),historical_20250214_con_resultados.csv,,
St Mirren vs Hibernian,2025-02-16 09:00:00,Scottish Premiership,Under 2.5,Goles (Over/Under),historical_20250214_con_resultados.csv,,
St Mirren vs Hibernian,2025-02-16 09:00:00,Scottish Premiership,Over 2.25,Goles (Over/Under),historical_20250214_con_resultados.csv,,
St Mirren vs Hibernian,2025-02-16 09:00:00,Scottish Premiership,Under 2.25,Goles (Over/Under),historical_20250214_con_resultados.csv,,
Hibernian vs Celtic,2025-02-22 07:30:00,Scottish Premiership,Over 3.0,Goles (Over/Under),historical_20250221_con_resultados.csv,,
Hibernian vs Celtic,2025-02-22 07:30:00,Scottish Premiership,Under 3.0,Goles (Over/Under),historical_20250221_con_resultados.csv,,
Hibernian vs Celtic,2025-02-22 07:30:00,Scottish Premiership,Over 2.5,Goles (Over/Under),historical_20250221_con_resultados.csv,,
Hibernian vs Celtic,2025-02-22 07:30:00,Scottish Premiership,Under 2.5,Goles (Over/Under),historical_20250221_con_resultados.csv,,
Hibernian vs Celtic,2025-02-22 07:30:00,Scottish Premiership,Over 2.75,Goles (Over/Under),historical_20250221_con_resultados.csv,,
Hibernian vs Celtic,2025-02-22 07:30:00,Scottish Premiership,Under 2.75,Goles (Over/Under),historical_20250221_con_resultados.csv,,
Hibernian vs Celtic,2025-02-22 07:30:00,Scottish Premiership,Over 3.5,Goles (Over/Under),historical_20250221_con_resultados.csv,,
Hibernian vs Celtic,2025-02-22 07:30:00,Scottish Premiership,Under 3.5,Goles (Over/Under),historical_20250221_con_resultados.csv,,
Aberdeen vs Kilmarnock,2025-02-22 10:00:00,Scottish Premiership,Over 2.5,Goles (Over/Under),historical_20250221_con_resultados.csv,,
Aberdeen vs Kilmarnock,2025-02-22 10:00:00,Scottish Premiership,Under 2.5,Goles (Over/Under),historical_20250221_con_resultados.csv,,
Dundee United vs Motherwell,2025-02-22 10:00:00,Scottish Premiership,Over 2.5,Goles (Over/Under),historical_20250221_con_resultados.csv,,
Dundee United vs Motherwell,2025-02-22 10:00:00,Scottish Premiership,Under 2.5,Goles (Over/Under),historical_20250221_con_resultados.csv,,
Rangers vs St Mirren,2025-02-22 10:00:00,Scottish Premiership,Over 3.5,Goles (Over/Under),historical_20250221_con_resultados.csv,,
Rangers vs St Mirren,2025-02-22 10:00:00,Scottish Premiership,Under 3.5,Goles (Over/Under),historical_20250221_con_resultados.csv,,
Rangers vs St Mirren,2025-02-22 10:00:00,Scottish Premiership,Over 3.25,Goles (Over/Under),historical_20250221_con_resultados.csv,,
Rangers vs St Mirren,2025-02-22 10:00:00,Scottish Premiership,Under 3.25,Goles (Over/Under),historical_20250221_con_resultados.csv,,
Ross County vs Dundee FC,2025-02-22 10:00:00,Scottish Premiership,Over 2.25,Goles (Over/Under),historical_20250221_con_resultados.csv,,
Ross County vs Dundee FC,2025-02-22 10:00:00,Scottish Premiership,Under 2.25,Goles (Over/Under),historical_20250221_con_resultados.csv,,
Ross County vs Dundee FC,2025-02-22 10:00:00,Scottish Premiership,Over 2.5,Goles (Over/Under),historical_20250221_con_resultados.csv,,
Ross County vs Dundee FC,2025-02-22 10:00:00,Scottish Premiership,Under 2.5,Goles (Over/Under),historical_20250221_con_resultados.csv,,
St Johnstone vs Hearts,2025-02-23 07:00:00,Scottish Premiership,Over 2.5,Goles (Over/Under),historical_20250221_con_resultados.csv,,
St Johnstone vs Hearts,2025-02-23 07:00:00,Scottish Premiership,Under 2.5,Goles (Over/Under),historical_20250221_con_resultados.csv,,
Dundee FC vs St Johnstone,2025-03-01 10:00:00,Scottish Premiership,Over 2.5,Goles (Over/Under),historical_20250228_con_resultados.csv,,
Dundee FC vs St Johnstone,2025-03-01 10:00:00,Scottish Premiership,Under 2.5,Goles (Over/Under),historical_20250228_con_resultados.csv,,
Rangers vs Motherwell,2025-03-01 10:00:00,Scottish Premiership,Over 3.5,Goles (Over/Under),historical_20250228_con_resultados.csv,,
Rangers vs Motherwell,2025-03-01 10:00:00,Scottish Premiership,Under 3.5,Goles (Over/Under),historical_20250228_con_resultados.csv,,
Rangers vs Motherwell,2025-03-01 10:00:00,Scottish Premiership,Over 3.75,Goles (Over/Under),historical_20250228_con_resultados.csv,,
Rangers vs Motherwell,2025-03-01 10:00:00,Scottish Premiership,Under 3.75,Goles (Over/Under),historical_20250228_con_resultados.csv,,
Ross County vs Kilmarnock,2025-03-01 10:00:00,Scottish Premiership,Over 2.5,Goles (Over/Under),historical_20250228_con_resultados.csv,,
Ross County vs Kilmarnock,2025-03-01 10:00:00,Scottish Premiership,Under 2.5,Goles (Over/Under),historical_20250228_con_resultados.csv,,
Ross County vs Kilmarnock,2025-03-01 10:00:00,Scottish Premiership,Over 2.25,Goles (Over/Under),historical_20250228_con_resultados.csv,,
Ross County vs Kilmarnock,2025-03-01 10:00:00,Scottish Premiership,Under 2.25,Goles (Over/Under),historical_20250228_con_resultados.csv,,
St Mirren vs Celtic,2025-03-01 12:30:00,Scottish Premiership,Over 2.5,Goles (Over/Under),historical_20250228_con_resultados.csv,,
St Mirren vs Celtic,2025-03-01 12:30:00,Scottish Premiership,Under 2.5,Goles (Over/Under),historical_20250228_con_resultados.csv,,
St Mirren vs Celtic,2025-03-01 12:30:00,Scottish Premiership,Over 3.0,Goles (Over/Under),historical_20250228_con_resultados.csv,,
St Mirren vs Celtic,2025-03-01 12:30:00,Scottish Premiership,Under 3.0,Goles (Over/Under),historical_20250228_con_resultados.csv,,
St Mirren vs Celtic,2025-03-01 12:30:00,Scottish Premiership,Over 3.5,Goles (Over/Under),historical_20250228_con_resultados.csv,,
St Mirren vs Celtic,2025-03-01 12:30:00,Scottish Premiership,Under 3.5,Goles (Over/Under),historical_20250228_con_resultados.csv,,
Hibernian vs Hearts,2025-03-02 07:30:00,Scottish Premiership,Over 2.5,Goles (Over/Under),historical_20250228_con_resultados.csv,,
Hibernian vs Hearts,2025-03-02 07:30:00,Scottish Premiership,Under 2.5,Goles (Over/Under),historical_20250228_con_resultados.csv,,
Torino vs Cagliari,2025-01-24 14:45:00,Serie A,Over 2.25,Goles (Over/Under),historical_20250124_con_resultados.csv,,
Torino vs Cagliari,2025-01-24 14:45:00,Serie A,Under 2.5,Goles (Over/Under),historical_20250124_con_resultados.csv,,
Torino vs Cagliari,2025-01-24 14:45:00,Serie A,Under 2.25,Goles (Over/Under),historical_20250124_con_resultados.csv,,
Torino vs Cagliari,2025-01-24 14:45:00,Serie A,Over 2.5,Goles (Over/Under),historical_20250124_con_resultados.csv,,
Como vs Juventus,2025-02-07 14:45:00,Serie A,Under 2.5,Goles (Over/Under),historical_20250207_con_resultados.csv,,
Como vs Juventus,2025-02-07 14:45:00,Serie A,Over 2.5,Goles (Over/Under),historical_20250207_con_resultados.csv,,
Venezia vs AS Roma,2025-02-09 06:30:00,Serie A,Under 2.5,Goles (Over/Under),historical_20250207_con_resultados.csv,,
Venezia vs AS Roma,2025-02-09 06:30:00,Serie A,Over 2.75,Goles (Over/Under),historical_20250207_con_resultados.csv,,
Venezia vs AS Roma,2025-02-09 06:30:00,Serie A,Under 2.75,Goles (Over/Under),historical_20250207_con_resultados.csv,,
Venezia vs AS Roma,2025-02-09 06:30:00,Serie A,Over 2.5,Goles (Over/Under),historical_20250207_con_resultados.csv,,
Cagliari vs Parma,2025-02-09 09:00:00,Serie A,Under 2.5,Goles (Over/Under),historical_20250207_con_resultados.csv,,
Cagliari vs Parma,2025-02-09 09:00:00,Serie A,Over 2.75,Goles (Over/Under),historical_20250207_con_resultados.csv,,
Cagliari vs Parma,2025-02-09 09:00:00,Serie A,Under 2.75,Goles (Over/Under),historical_20250207_con_resultados.csv,,
Cagliari vs Parma,2025-02-09 09:00:00,Serie A,Over 2.5,Goles (Over/Under),historical_20250207_con_resultados.csv,,
Lazio vs Monza,2025-02-09 09:00:00,Serie A,Over 2.5,Goles (Over/Under),historical_20250207_con_resultados.csv,,
Lazio vs Monza,2025-02-09 09:00:00,Serie A,Under 2.5,Goles (Over/Under),historical_20250207_con_resultados.csv,,
Lazio vs Monza,2025-02-09 09:00:00,Serie A,Over 2.75,Goles (Over/Under),historical_20250207_con_resultados.csv,,
Lazio vs Monza,2025-02-09 09:00:00,Serie A,Under 2.75,Goles (Over/Under),historical_20250207_con_resultados.csv,,
Napoli vs Udinese,2025-02-09 14:46:00,Serie A,Over 3.5,Goles (Over/Under),historical_20250207_con_resultados.csv,,
Napoli vs Udinese,2025-02-09 14:46:00,Serie A,Under 3.0,Goles (Over/Under),historical_20250207_con_resultados.csv,,
Napoli vs Udinese,2025-02-09 14:46:00,Serie A,Over 3.0,Goles (Over/Under),historical_20250207_con_resultados.csv,,
Napoli vs Udinese,2025-02-09 14:46:00,Serie A,Over 2.5,Goles (Over/Under),historical_20250207_con_resultados.csv,,
Napoli vs Udinese,2025-02-09 14:46:00,Serie A,Under 3.5,Goles (Over/Under),historical_20250207_con_resultados.csv,,
Napoli vs Udinese,2025-02-09 14:46:00,Serie A,Under 3.0,Goles (Over/Under),historical_20250207_con_resultados.csv,,
Napoli vs Udinese,2025-02-09 14:46:00,Serie A,Under 2.5,Goles (Over/Under),historical_20250207_con_resultados.csv,,
Napoli vs Udinese,2025-02-09 14:46:00,Serie A,Under 3.0,Goles (Over/Under),historical_20250207_con_resultados.csv,,
Napoli vs Udinese,2025-02-09 14:46:00,Serie A,Over 3.25,Goles (Over/Under),historical_20250207_con_resultados.csv,,
Napoli vs Udinese,2025-02-09 14:46:00,Serie A,Under 3.25,Goles (Over/Under),historical_20250207_con_resultados.csv,,
Napoli vs Udinese,2025-02-09 14:46:00,Serie A,Over 3.0,Goles (Over/Under),historical_20250207_con_resultados.csv,,
Napoli vs Udinese,2025-02-09 14:46:00,Serie A,Under 2.5,Goles (Over/Under),historical_20250207_con_resultados.csv,,
Napoli vs Udinese,2025-02-09 14:46:00,Serie A,Over 3.0,Goles (Over/Under),historical_20250207_con_resultados.csv,,
Napoli vs Udinese,2025-02-09 14:46:00,Serie A,Over 2.5,Goles (Over/Under),historical_20250207_con_resultados.csv,,
AC Milan vs Hellas Verona,2025-02-15 14:45:00,Serie A,Over 2.5,Goles (Over/Under),historical_20250214_con_resultados.csv,,
AC Milan vs Hellas Verona,2025-02-15 14:45:00,Serie A,Under 2.5,Goles (Over/Under),historical_20250214_con_resultados.csv,,
AC Milan vs Hellas Verona,2025-02-15 14:45:00,Serie A,Over 3.0,Goles (Over/Under),historical_20250214_con_resultados.csv,,
AC Milan vs Hellas Verona,2025-02-15 14:45:00,Serie A,Under 3.0,Goles (Over/Under),historical_20250214_con_resultados.csv,,
Fiorentina vs Como,2025-02-16 06:30:00,Serie A,Over 2.5,Goles (Over/Under),historical_20250214_con_resultados.csv,,
Fiorentina vs Como,2025-02-16 06:30:00,Serie A,Under 2.5,Goles (Over/Under),historical_20250214_con_resultados.csv,,
Monza vs Lecce,2025-02-16 09:00:00,Serie A,Over 2.0,Goles (Over/Under),historical_20250214_con_resultados.csv,,
Monza vs Lecce,2025-02-16 09:00:00,Serie A,Under 2.0,Goles (Over/Under),historical_20250214_con_resultados.csv,,
Monza vs Lecce,2025-02-16 09:00:00,Serie A,Over 2.5,Goles (Over/Under),historical_20250214_con_resultados.csv,,
Monza vs Lecce,2025-02-16 09:00:00,Serie A,Under 2.5,Goles (Over/Under),historical_20250214_con_resultados.csv,,
Monza vs Lecce,2025-02-16 09:00:00,Serie A,Over 2.25,Goles (Over/Under),historical_20250214_con_resultados.csv,,
Monza vs Lecce,2025-02-16 09:00:00,Serie A,Under 2.25,Goles (Over/Under),historical_20250214_con_resultados.csv,,
Udinese vs Empoli,2025-02-16 09:00:00,Serie A,Over 2.5,Goles (Over/Under),historical_20250214_con_resultados.csv,,
Udinese vs Empoli,2025-02-16 09:00:00,Serie A,Under 2.5,Goles (Over/Under),historical_20250214_con_resultados.csv,,
Udinese vs Empoli,2025-02-16 09:00:00,Serie A,Over 2.25,Goles (Over/Under),historical_20250214_con_resultados.csv,,
Udinese vs Empoli,2025-02-16 09:00:00,Serie A,Under 2.25,Goles (Over/Under),historical_20250214_con_resultados.csv,,
Lecce vs Udinese,2025-02-21 14:45:00,Serie A,Over 2.5,Goles (Over/Under),historical_20250221_con_resultados.csv,,
Lecce vs Udinese,2025-02-21 14:45:00,Serie A,Under 2.5,Goles (Over/Under),historical_20250221_con_resultados.csv,,
Lecce vs Udinese,2025-02-21 14:45:00,Serie A,Over 2.25,Goles (Over/Under),historical_20250221_con_resultados.csv,,
Lecce vs Udinese,2025-02-21 14:45:00,Serie A,Under 2.25,Goles (Over/Under),historical_20250221_con_resultados.csv,,
Lecce vs Udinese,2025-02-21 14:45:00,Serie A,Over 2.0,Goles (Over/Under),historical_20250221_con_resultados.csv,,
Lecce vs Udinese,2025-02-21 14:45:00,Serie A,Under 2.0,Goles (Over/Under),historical_20250221_con_resultados.csv,,
Parma vs Bologna,2025-02-22 09:00:00,Serie A,Over 2.5,Goles (Over/Under),historical_20250221_con_resultados.csv,,
Parma vs Bologna,2025-02-22 09:00:00,Serie A,Under 2.5,Goles (Over/Under),historical_20250221_con_resultados.csv,,
Venezia vs Lazio,2025-02-22 09:00:00,Serie A,Over 2.75,Goles (Over/Under),historical_20250221_con_resultados.csv,,
Venezia vs Lazio,2025-02-22 09:00:00,Serie A,Under 2.75,Goles (Over/Under),historical_20250221_con_resultados.csv,,
Venezia vs Lazio,2025-02-22 09:00:00,Serie A,Over 2.5,Goles (Over/Under),historical_20250221_con_resultados.csv,,
Venezia vs Lazio,2025-02-22 09:00:00,Serie A,Under 2.5,Goles (Over/Under),historical_20250221_con_resultados.csv,,
Como vs Napoli,2025-02-23 06:30:00,Serie A,Over 2.5,Goles (Over/Under),historical_20250221_con_resultados.csv,,
Como vs Napoli,2025-02-23 06:30:00,Serie A,Under 2.5,Goles (Over/Under),historical_20250221_con_resultados.csv,,
Como vs Napoli,2025-02-23 06:30:00,Serie A,Over 2.25,Goles (Over/Under),historical_20250221_con_resultados.csv,,
Como vs Napoli,2025-02-23 06:30:00,Serie A,Under 2.25,Goles (Over/Under),historical_20250221_con_resultados.csv,,
Hellas Verona vs Fiorentina,2025-02-23 09:00:00,Serie A,Over 2.5,Goles (Over/Under),historical_20250221_con_resultados.csv,,
Hellas Verona vs Fiorentina,2025-02-23 09:00:00,Serie A,Under 2.5,Goles (Over/Under),historical_20250221_con_resultados.csv,,
Fiorentina vs Lecce,2025-02-28 14:45:00,Serie A,Over 2.5,Goles (Over/Under),historical_20250228_con_resultados.csv,,
Fiorentina vs Lecce,2025-02-28 14:45:00,Serie A,Under 2.5,Goles (Over/Under),historical_20250228_con_resultados.csv,,
Fiorentina vs Lecce,2025-02-28 14:45:00,Serie A,Over 2.25,Goles (Over/Under),historical_20250228_con_resultados.csv,,
Fiorentina vs Lecce,2025-02-28 14:45:00,Serie A,Under 2.25,Goles (Over/Under),historical_20250228_con_resultados.csv,,
Atalanta BC vs Venezia,2025-03-01 09:00:00,Serie A,Over 3.5,Goles (Over/Under),historical_20250228_con_resultados.csv,,
Atalanta BC vs Venezia,2025-03-01 09:00:00,Serie A,Under 3.5,Goles (Over/Under),historical_20250228_con_resultados.csv,,
Atalanta BC vs Venezia,2025-03-01 09:00:00,Serie A,Over 3.0,Goles (Over/Under),historical_20250228_con_resultados.csv,,
Atalanta BC vs Venezia,2025-03-01 09:00:00,Serie A,Under 3.0,Goles (Over/Under),historical_20250228_con_resultados.csv,,
Udinese vs Parma,2025-03-01 14:45:00,Serie A,Over 2.5,Goles (Over/Under),historical_20250228_con_resultados.csv,,
Udinese vs Parma,2025-03-01 14:45:00,Serie A,Under 2.5,Goles (Over/Under),historical_20250228_con_resultados.csv,,
Monza vs Torino,2025-03-02 06:30:00,Serie A,Over 2.5,Goles (Over/Under),historical_20250228_con_resultados.csv,,
Monza vs Torino,2025-03-02 06:30:00,Serie A,Under 2.5,Goles (Over/Under),historical_20250228_con_resultados.csv,,
Monza vs Torino,2025-03-02 06:30:00,Serie A,Over 2.25,Goles (Over/Under),historical_20250228_con_resultados.csv,,
Monza vs Torino,2025-03-02 06:30:00,Serie A,Under 2.25,Goles (Over/Under),historical_20250228_con_resultados.csv,,
Bologna vs Cagliari,2025-03-02 09:00:00,Serie A,Over 2.5,Goles (Over/Under),historical_20250228_con_resultados.csv,,
Bologna vs Cagliari,2025-03-02 09:00:00,Serie A,Under 2.5,Goles (Over/Under),historical_20250228_con_resultados.csv,,
Bologna vs Cagliari,2025-03-02 09:00:00,Serie A,Over 2.25,Goles (Over/Under),historical_20250228_con_resultados.csv,,
Bologna vs Cagliari,2025-03-02 09:00:00,Serie A,Under 2.25,Goles (Over/Under),historical_20250228_con_resultados.csv,,
Genoa vs Empoli,2025-03-02 09:00:00,Serie A,Over 2.5,Goles (Over/Under),historical_20250228_con_resultados.csv,,
Genoa vs Empoli,2025-03-02 09:00:00,Serie A,Under 2.5,Goles (Over/Under),historical_20250228_con_resultados.csv,,
Genoa vs Empoli,2025-03-02 09:00:00,Serie A,Over 2.25,Goles (Over/Under),historical_20250228_con_resultados.csv,,
Genoa vs Empoli,2025-03-02 09:00:00,Serie A,Under 2.25,Goles (Over/Under),historical_20250228_con_resultados.csv,,
Genoa vs Empoli,2025-03-02 09:00:00,Serie A,Over 2.0,Goles (Over/Under),historical_20250228_con_resultados.csv,,
Genoa vs Empoli,2025-03-02 09:00:00,Serie A,Under 2.0,Goles (Over/Under),historical_20250228_con_resultados.csv,,
Spezia vs Sassuolo,2025-01-24 14:30:00,Serie B,Over 2.5,Goles (Over/Under),historical_20250124_con_resultados.csv,,
Spezia vs Sassuolo,2025-01-24 14:30:00,Serie B,Under 2.5,Goles (Over/Under),historical_20250124_con_resultados.csv,,
Cittadella vs Spezia,2025-02-01 09:00:00,Serie B,Over 2.5,Goles (Over/Under),historical_20250131_con_resultados.csv,,
Cittadella vs Spezia,2025-02-01 09:00:00,Serie B,Over 2.25,Goles (Over/Under),historical_20250131_con_resultados.csv,,
Cittadella vs Spezia,2025-02-01 09:00:00,Serie B,Under 2.25,Goles (Over/Under),historical_20250131_con_resultados.csv,,
Cittadella vs Spezia,2025-02-01 09:00:00,Serie B,Under 2.5,Goles (Over/Under),historical_20250131_con_resultados.csv,,
Sassuolo vs Juve Stabia,2025-02-01 09:00:00,Serie B,Over 2.5,Goles (Over/Under),historical_20250131_con_resultados.csv,,
Sassuolo vs Juve Stabia,2025-02-01 09:00:00,Serie B,Under 2.5,Goles (Over/Under),historical_20250131_con_resultados.csv,,
Carrarese vs Brescia,2025-02-02 09:00:00,Serie B,Under 2.5,Goles (Over/Under),historical_20250131_con_resultados.csv,,
Carrarese vs Brescia,2025-02-02 09:00:00,Serie B,Over 2.5,Goles (Over/Under),historical_20250131_con_resultados.csv,,
Carrarese vs Brescia,2025-02-02 09:00:00,Serie B,Under 2.25,Goles (Over/Under),historical_20250131_con_resultados.csv,,
Carrarese vs Brescia,2025-02-02 09:00:00,Serie B,Over 2.25,Goles (Over/Under),historical_20250131_con_resultados.csv,,
Salernitana vs Cremonese,2025-02-02 09:00:00,Serie B,Under 2.5,Goles (Over/Under),historical_20250131_con_resultados.csv,,
Salernitana vs Cremonese,2025-02-02 09:00:00,Serie B,Over 2.5,Goles (Over/Under),historical_20250131_con_resultados.csv,,
Salernitana vs Cremonese,2025-02-02 09:00:00,Serie B,Under 2.25,Goles (Over/Under),historical_20250131_con_resultados.csv,,
Salernitana vs Cremonese,2025-02-02 09:00:00,Serie B,Over 2.25,Goles (Over/Under),historical_20250131_con_resultados.csv,,
Frosinone vs US Catanzaro 1929,2025-02-08 09:00:00,Serie B,Under 2.25,Goles (Over/Under),historical_20250207_con_resultados.csv,,
Frosinone vs US Catanzaro 1929,2025-02-08 09:00:00,Serie B,Over 2.25,Goles (Over/Under),historical_20250207_con_resultados.csv,,
Frosinone vs US Catanzaro 1929,2025-02-08 09:00:00,Serie B,Over 2.5,Goles (Over/Under),historical_20250207_con_resultados.csv,,
Frosinone vs US Catanzaro 1929,2025-02-08 09:00:00,Serie B,Under 2.5,Goles (Over/Under),historical_20250207_con_resultados.csv,,
Mantova vs Sassuolo,2025-02-08 09:00:00,Serie B,Over 2.75,Goles (Over/Under),historical_20250207_con_resultados.csv,,
Mantova vs Sassuolo,2025-02-08 09:00:00,Serie B,Under 2.75,Goles (Over/Under),historical_20250207_con_resultados.csv,,
Mantova vs Sassuolo,2025-02-08 09:00:00,Serie B,Over 2.5,Goles (Over/Under),historical_20250207_con_resultados.csv,,
Mantova vs Sassuolo,2025-02-08 09:00:00,Serie B,Under 2.5,Goles (Over/Under),historical_20250207_con_resultados.csv,,
US Catanzaro 1929 vs Cittadella,2025-02-14 14:30:00,Serie B,Over 2.5,Goles (Over/Under),historical_20250214_con_resultados.csv,,
US Catanzaro 1929 vs Cittadella,2025-02-14 14:30:00,Serie B,Under 2.5,Goles (Over/Under),historical_20250214_con_resultados.csv,,
US Catanzaro 1929 vs Cittadella,2025-02-14 14:30:00,Serie B,Over 2.25,Goles (Over/Under),historical_20250214_con_resultados.csv,,
US Catanzaro 1929 vs Cittadella,2025-02-14 14:30:00,Serie B,Under 2.25,Goles (Over/Under),historical_20250214_con_resultados.csv,,
Carrarese vs Salernitana,2025-02-15 09:00:00,Serie B,Over 2.25,Goles (Over/Under),historical_20250214_con_resultados.csv,,
Carrarese vs Salernitana,2025-02-15 09:00:00,Serie B,Under 2.25,Goles (Over/Under),historical_20250214_con_resultados.csv,,
Carrarese vs Salernitana,2025-02-15 09:00:00,Serie B,Over 2.5,Goles (Over/Under),historical_20250214_con_resultados.csv,,
Carrarese vs Salernitana,2025-02-15 09:00:00,Serie B,Under 2.5,Goles (Over/Under),historical_20250214_con_resultados.csv,,
Modena vs Spezia,2025-02-15 09:00:00,Serie B,Over 2.5,Goles (Over/Under),historical_20250214_con_resultados.csv,,
Modena vs Spezia,2025-02-15 09:00:00,Serie B,Under 2.5,Goles (Over/Under),historical_20250214_con_resultados.csv,,
Modena vs Spezia,2025-02-15 09:00:00,Serie B,Over 2.0,Goles (Over/Under),historical_20250214_con_resultados.csv,,
Modena vs Spezia,2025-02-15 09:00:00,Serie B,Under 2.0,Goles (Over/Under),historical_20250214_con_resultados.csv,,
Sassuolo vs Brescia,2025-02-15 09:00:00,Serie B,Over 3.0,Goles (Over/Under),historical_20250214_con_resultados.csv,,
Sassuolo vs Brescia,2025-02-15 09:00:00,Serie B,Under 3.0,Goles (Over/Under),historical_20250214_con_resultados.csv,,
Sassuolo vs Brescia,2025-02-15 09:00:00,Serie B,Over 2.5,Goles (Over/Under),historical_20250214_con_resultados.csv,,
Sassuolo vs Brescia,2025-02-15 09:00:00,Serie B,Under 2.5,Goles (Over/Under),historical_20250214_con_resultados.csv,,
Sassuolo vs Brescia,2025-02-15 09:00:00,Serie B,Over 2.75,Goles (Over/Under),historical_20250214_con_resultados.csv,,
Sassuolo vs Brescia,2025-02-15 09:00:00,Serie B,Under 2.75,Goles (Over/Under),historical_20250214_con_resultados.csv,,
Juve Stabia vs Cosenza,2025-02-16 09:00:00,Serie B,Over 2.5,Goles (Over/Under),historical_20250214_con_resultados.csv,,
Juve Stabia vs Cosenza,2025-02-16 09:00:00,Serie B,Under 2.5,Goles (Over/Under),historical_20250214_con_resultados.csv,,
Juve Stabia vs Cosenza,2025-02-16 09:00:00,Serie B,Over 2.0,Goles (Over/Under),historical_20250214_con_resultados.csv,,
Juve Stabia vs Cosenza,2025-02-16 09:00:00,Serie B,Under 2.0,Goles (Over/Under),historical_20250214_con_resultados.csv,,
Sampdoria vs Sassuolo,2025-02-21 14:30:00,Serie B,Over 2.5,Goles (Over/Under),historical_20250221_con_resultados.csv,,
Sampdoria vs Sassuolo,2025-02-21 14:30:00,Serie B,Under 2.5,Goles (Over/Under),historical_20250221_con_resultados.csv,,
Sampdoria vs Sassuolo,2025-02-21 14:30:00,Serie B,Over 2.25,Goles (Over/Under),historical_20250221_con_resultados.csv,,
Sampdoria vs Sassuolo,2025-02-21 14:30:00,Serie B,Under 2.25,Goles (Over/Under),historical_20250221_con_resultados.csv,,
Mantova vs Bari,2025-02-22 09:00:00,Serie B,Over 2.5,Goles (Over/Under),historical_20250221_con_resultados.csv,,
Mantova vs Bari,2025-02-22 09:00:00,Serie B,Under 2.5,Goles (Over/Under),historical_20250221_con_resultados.csv,,
Mantova vs Bari,2025-02-22 09:00:00,Serie B,Over 2.25,Goles (Over/Under),historical_20250221_con_resultados.csv,,
Mantova vs Bari,2025-02-22 09:00:00,Serie B,Under 2.25,Goles (Over/Under),historical_20250221_con_resultados.csv,,
Pisa vs Juve Stabia,2025-02-22 09:00:00,Serie B,Over 2.5,Goles (Over/Under),historical_20250221_con_resultados.csv,,
Pisa vs Juve Stabia,2025-02-22 09:00:00,Serie B,Under 2.5,Goles (Over/Under),historical_20250221_con_resultados.csv,,
Pisa vs Juve Stabia,2025-02-22 09:00:00,Serie B,Over 2.0,Goles (Over/Under),historical_20250221_con_resultados.csv,,
Pisa vs Juve Stabia,2025-02-22 09:00:00,Serie B,Under 2.0,Goles (Over/Under),historical_20250221_con_resultados.csv,,
Cremonese vs Cesena FC,2025-02-22 11:15:00,Serie B,Over 2.5,Goles (Over/Under),historical_20250221_con_resultados.csv,,
Cremonese vs Cesena FC,2025-02-22 11:15:00,Serie B,Under 2.5,Goles (Over/Under),historical_20250221_con_resultados.csv,,
Cremonese vs Cesena FC,2025-02-22 11:15:00,Serie B,Over 2.25,Goles (Over/Under),historical_20250221_con_resultados.csv,,
Cremonese vs Cesena FC,2025-02-22 11:15:00,Serie B,Under 2.25,Goles (Over/Under),historical_20250221_con_resultados.csv,,
Cosenza vs Palermo,2025-02-23 09:00:00,Serie B,Over 2.5,Goles (Over/Under),historical_20250221_con_resultados.csv,,
Cosenza vs Palermo,2025-02-23 09:00:00,Serie B,Under 2.5,Goles (Over/Under),historical_20250221_con_resultados.csv,,
Cosenza vs Palermo,2025-02-23 09:00:00,Serie B,Over 2.25,Goles (Over/Under),historical_20250221_con_resultados.csv,,
Cosenza vs Palermo,2025-02-23 09:00:00,Serie B,Under 2.25,Goles (Over/Under),historical_20250221_con_resultados.csv,,
Spezia vs US Catanzaro 1929,2025-02-23 09:00:00,Serie B,Over 2.5,Goles (Over/Under),historical_20250221_con_resultados.csv,,
Spezia vs US Catanzaro 1929,2025-02-23 09:00:00,Serie B,Under 2.5,Goles (Over/Under),historical_20250221_con_resultados.csv,,
Südtirol vs Spezia,2025-02-28 13:30:00,Serie B,Over 2.25,Goles (Over/Under),historical_20250228_con_resultados.csv,,
Südtirol vs Spezia,2025-02-28 13:30:00,Serie B,Under 2.25,Goles (Over/Under),historical_20250228_con_resultados.csv,,
Südtirol vs Spezia,2025-02-28 13:30:00,Serie B,Over 2.5,Goles (Over/Under),historical_20250228_con_resultados.csv,,
Südtirol vs Spezia,2025-02-28 13:30:00,Serie B,Under 2.5,Goles (Over/Under),historical_20250228_con_resultados.csv,,
Carrarese vs Cremonese,2025-03-01 09:00:00,Serie B,Over 2.5,Goles (Over/Under),historical_20250228_con_resultados.csv,,
Carrarese vs Cremonese,2025-03-01 09:00:00,Serie B,Under 2.5,Goles (Over/Under),historical_20250228_con_resultados.csv,,
Carrarese vs Cremonese,2025-03-01 09:00:00,Serie B,Over 2.25,Goles (Over/Under),historical_20250228_con_resultados.csv,,
Carrarese vs Cremonese,2025-03-01 09:00:00,Serie B,Under 2.25,Goles (Over/Under),historical_20250228_con_resultados.csv,,
Cesena FC vs Salernitana,2025-03-01 09:00:00,Serie B,Over 2.5,Goles (Over/Under),historical_20250228_con_resultados.csv,,
Cesena FC vs Salernitana,2025-03-01 09:00:00,Serie B,Under 2.5,Goles (Over/Under),historical_20250228_con_resultados.csv,,
Cesena FC vs Salernitana,2025-03-01 09:00:00,Serie B,Over 2.25,Goles (Over/Under),historical_20250228_con_resultados.csv,,
Cesena FC vs Salernitana,2025-03-01 09:00:00,Serie B,Under 2.25,Goles (Over/Under),historical_20250228_con_resultados.csv,,
Frosinone vs Mantova,2025-03-01 09:00:00,Serie B,Over 2.25,Goles (Over/Under),historical_20250228_con_resultados.csv,,
Frosinone vs Mantova,2025-03-01 09:00:00,Serie B,Under 2.25,Goles (Over/Under),historical_20250228_con_resultados.csv,,
Frosinone vs Mantova,2025-03-01 09:00:00,Serie B,Over 2.5,Goles (Over/Under),historical_20250228_con_resultados.csv,,
Frosinone vs Mantova,2025-03-01 09:00:00,Serie B,Under 2.5,Goles (Over/Under),historical_20250228_con_resultados.csv,,
Juve Stabia vs Cittadella,2025-03-01 09:00:00,Serie B,Over 2.5,Goles (Over/Under),historical_20250228_con_resultados.csv,,
Juve Stabia vs Cittadella,2025-03-01 09:00:00,Serie B,Under 2.5,Goles (Over/Under),historical_20250228_con_resultados.csv,,
Juve Stabia vs Cittadella,2025-03-01 09:00:00,Serie B,Over 2.0,Goles (Over/Under),historical_20250228_con_resultados.csv,,
Juve Stabia vs Cittadella,2025-03-01 09:00:00,Serie B,Under 2.0,Goles (Over/Under),historical_20250228_con_resultados.csv,,
Modena vs Cosenza,2025-03-02 09:00:00,Serie B,Over 2.5,Goles (Over/Under),historical_20250228_con_resultados.csv,,
Modena vs Cosenza,2025-03-02 09:00:00,Serie B,Under 2.5,Goles (Over/Under),historical_20250228_con_resultados.csv,,
Modena vs Cosenza,2025-03-02 09:00:00,Serie B,Over 2.25,Goles (Over/Under),historical_20250228_con_resultados.csv,,
Modena vs Cosenza,2025-03-02 09:00:00,Serie B,Under 2.25,Goles (Over/Under),historical_20250228_con_resultados.csv,,
Palermo vs Brescia,2025-03-02 09:00:00,Serie B,Over 2.5,Goles (Over/Under),historical_20250228_con_resultados.csv,,
Palermo vs Brescia,2025-03-02 09:00:00,Serie B,Under 2.5,Goles (Over/Under),historical_20250228_con_resultados.csv,,
US Catanzaro 1929 vs Reggiana,2025-03-02 09:00:00,Serie B,Over 2.5,Goles (Over/Under),historical_20250228_con_resultados.csv,,
US Catanzaro 1929 vs Reggiana,2025-03-02 09:00:00,Serie B,Under 2.5,Goles (Over/Under),historical_20250228_con_resultados.csv,,
US Catanzaro 1929 vs Reggiana,2025-03-02 09:00:00,Serie B,Over 2.0,Goles (Over/Under),historical_20250228_con_resultados.csv,,
US Catanzaro 1929 vs Reggiana,2025-03-02 09:00:00,Serie B,Under 2.0,Goles (Over/Under),historical_20250228_con_resultados.csv,,
AEK Athens vs Athens Kallithea FC,2025-01-12 13:33:00,Super League Greece,Under 1.75,Goles (Over/Under),historical_20250110_con_resultados.csv,,
AEK Athens vs Athens Kallithea FC,2025-01-12 13:33:00,Super League Greece,Under 1.5,Goles (Over/Under),historical_20250110_con_resultados.csv,,
AEK Athens vs Athens Kallithea FC,2025-01-12 13:33:00,Super League Greece,Over 1.5,Goles (Over/Under),historical_20250110_con_resultados.csv,,
AEK Athens vs Athens Kallithea FC,2025-01-12 13:33:00,Super League Greece,Under 1.5,Goles (Over/Under),historical_20250110_con_resultados.csv,,
AEK Athens vs Athens Kallithea FC,2025-01-12 13:33:00,Super League Greece,Over 1.5,Goles (Over/Under),historical_20250110_con_resultados.csv,,
AEK Athens vs Athens Kallithea FC,2025-01-12 13:33:00,Super League Greece,Under 3.25,Goles (Over/Under),historical_20250110_con_resultados.csv,,
AEK Athens vs Athens Kallithea FC,2025-01-12 13:33:00,Super League Greece,Over 3.25,Goles (Over/Under),historical_20250110_con_resultados.csv,,
AEK Athens vs Athens Kallithea FC,2025-01-12 13:33:00,Super League Greece,Under 1.5,Goles (Over/Under),historical_20250110_con_resultados.csv,,
AEK Athens vs Athens Kallithea FC,2025-01-12 13:33:00,Super League Greece,Over 1.5,Goles (Over/Under),historical_20250110_con_resultados.csv,,
AEK Athens vs Athens Kallithea FC,2025-01-12 13:33:00,Super League Greece,Under 1.5,Goles (Over/Under),historical_20250110_con_resultados.csv,,
AEK Athens vs Athens Kallithea FC,2025-01-12 13:33:00,Super League Greece,Over 1.5,Goles (Over/Under),historical_20250110_con_resultados.csv,,
AEK Athens vs Athens Kallithea FC,2025-01-12 13:33:00,Super League Greece,Over 1.75,Goles (Over/Under),historical_20250110_con_resultados.csv,,
AEK Athens vs Athens Kallithea FC,2025-01-12 13:33:00,Super League Greece,Under 1.5,Goles (Over/Under),historical_20250110_con_resultados.csv,,
AEK Athens vs Athens Kallithea FC,2025-01-12 13:33:00,Super League Greece,Over 1.5,Goles (Over/Under),historical_20250110_con_resultados.csv,,
Atromitos Athens vs Olympiakos Piraeus,2025-01-19 08:00:00,Super League Greece,Under 2.25,Goles (Over/Under),historical_20250117_con_resultados.csv,,
Atromitos Athens vs Olympiakos Piraeus,2025-01-19 08:00:00,Super League Greece,Over 2.25,Goles (Over/Under),historical_20250117_con_resultados.csv,,
Atromitos Athens vs Olympiakos Piraeus,2025-01-19 08:00:00,Super League Greece,Under 2.5,Goles (Over/Under),historical_20250117_con_resultados.csv,,
Atromitos Athens vs Olympiakos Piraeus,2025-01-19 08:00:00,Super League Greece,Over 2.5,Goles (Over/Under),historical_20250117_con_resultados.csv,,
Volos FC vs Atromitos Athens,2025-01-24 13:00:00,Super League Greece,Under 2.5,Goles (Over/Under),historical_20250124_con_resultados.csv,,
Volos FC vs Atromitos Athens,2025-01-24 13:00:00,Super League Greece,Under 1.75,Goles (Over/Under),historical_20250124_con_resultados.csv,,
Volos FC vs Atromitos Athens,2025-01-24 13:00:00,Super League Greece,Over 2.5,Goles (Over/Under),historical_20250124_con_resultados.csv,,
Volos FC vs Atromitos Athens,2025-01-24 13:00:00,Super League Greece,Under 1.5,Goles (Over/Under),historical_20250124_con_resultados.csv,,
Volos FC vs Atromitos Athens,2025-01-24 13:00:00,Super League Greece,Over 1.5,Goles (Over/Under),historical_20250124_con_resultados.csv,,
Volos FC vs Atromitos Athens,2025-01-24 13:00:00,Super League Greece,Over 1.75,Goles (Over/Under),historical_20250124_con_resultados.csv,,
Asteras Tripolis vs Athens Kallithea FC,2025-01-25 10:00:00,Super League Greece,Under 2.25,Goles (Over/Under),historical_20250124_con_resultados.csv,,
Asteras Tripolis vs Athens Kallithea FC,2025-01-25 10:00:00,Super League Greece,Over 2.25,Goles (Over/Under),historical_20250124_con_resultados.csv,,
Asteras Tripolis vs Athens Kallithea FC,2025-01-25 10:00:00,Super League Greece,Under 2.5,Goles (Over/Under),historical_20250124_con_resultados.csv,,
Asteras Tripolis vs Athens Kallithea FC,2025-01-25 10:00:00,Super League Greece,Over 2.5,Goles (Over/Under),historical_20250124_con_resultados.csv,,
OFI Crete vs Panserraikos FC,2025-01-25 10:00:00,Super League Greece,Over 2.5,Goles (Over/Under),historical_20250124_con_resultados.csv,,
OFI Crete vs Panserraikos FC,2025-01-25 10:00:00,Super League Greece,Under 2.25,Goles (Over/Under),historical_20250124_con_resultados.csv,,
OFI Crete vs Panserraikos FC,2025-01-25 10:00:00,Super League Greece,Over 2.25,Goles (Over/Under),historical_20250124_con_resultados.csv,,
OFI Crete vs Panserraikos FC,2025-01-25 10:00:00,Super League Greece,Under 2.5,Goles (Over/Under),historical_20250124_con_resultados.csv,,
Volos FC vs Panetolikos Agrinio,2025-02-08 10:00:00,Super League Greece,Over 2.0,Goles (Over/Under),historical_20250207_con_resultados.csv,,
Volos FC vs Panetolikos Agrinio,2025-02-08 10:00:00,Super League Greece,Under 2.5,Goles (Over/Under),historical_20250207_con_resultados.csv,,
Volos FC vs Panetolikos Agrinio,2025-02-08 10:00:00,Super League Greece,Under 1.5,Goles (Over/Under),historical_20250207_con_resultados.csv,,
Volos FC vs Panetolikos Agrinio,2025-02-08 10:00:00,Super League Greece,Over 1.5,Goles (Over/Under),historical_20250207_con_resultados.csv,,
Volos FC vs Panetolikos Agrinio,2025-02-08 10:00:00,Super League Greece,Over 2.5,Goles (Over/Under),historical_20250207_con_resultados.csv,,
Volos FC vs Panetolikos Agrinio,2025-02-08 10:00:00,Super League Greece,Under 2.0,Goles (Over/Under),historical_20250207_con_resultados.csv,,
OFI Crete vs PAOK Thessaloniki,2025-02-08 13:00:00,Super League Greece,Under 2.5,Goles (Over/Under),historical_20250207_con_resultados.csv,,
OFI Crete vs PAOK Thessaloniki,2025-02-08 13:00:00,Super League Greece,Over 2.5,Goles (Over/Under),historical_20250207_con_resultados.csv,,
OFI Crete vs Asteras Tripolis,2025-02-15 10:00:00,Super League Greece,Over 2.5,Goles (Over/Under),historical_20250214_con_resultados.csv,,
OFI Crete vs Asteras Tripolis,2025-02-15 10:00:00,Super League Greece,Under 2.5,Goles (Over/Under),historical_20250214_con_resultados.csv,,
OFI Crete vs Asteras Tripolis,2025-02-15 10:00:00,Super League Greece,Over 2.25,Goles (Over/Under),historical_20250214_con_resultados.csv,,
OFI Crete vs Asteras Tripolis,2025-02-15 10:00:00,Super League Greece,Under 2.25,Goles (Over/Under),historical_20250214_con_resultados.csv,,
AEK Athens vs Atromitos Athens,2025-02-15 13:00:00,Super League Greece,Over 2.5,Goles (Over/Under),historical_20250214_con_resultados.csv,,
AEK Athens vs Atromitos Athens,2025-02-15 13:00:00,Super League Greece,Under 2.5,Goles (Over/Under),historical_20250214_con_resultados.csv,,
Levadiakos vs Aris Thessaloniki,2025-02-16 08:00:00,Super League Greece,Over 2.5,Goles (Over/Under),historical_20250214_con_resultados.csv,,
Levadiakos vs Aris Thessaloniki,2025-02-16 08:00:00,Super League Greece,Under 2.5,Goles (Over/Under),historical_20250214_con_resultados.csv,,
Levadiakos vs Aris Thessaloniki,2025-02-16 08:00:00,Super League Greece,Over 2.0,Goles (Over/Under),historical_20250214_con_resultados.csv,,
Levadiakos vs Aris Thessaloniki,2025-02-16 08:00:00,Super League Greece,Under 2.0,Goles (Over/Under),historical_20250214_con_resultados.csv,,
Athens Kallithea FC vs OFI Crete,2025-02-22 10:00:00,Super League Greece,Over 2.5,Goles (Over/Under),historical_20250221_con_resultados.csv,,
Athens Kallithea FC vs OFI Crete,2025-02-22 10:00:00,Super League Greece,Under 2.5,Goles (Over/Under),historical_20250221_con_resultados.csv,,
Atromitos Athens vs Panserraikos FC,2025-02-22 12:30:00,Super League Greece,Over 2.25,Goles (Over/Under),historical_20250221_con_resultados.csv,,
Atromitos Athens vs Panserraikos FC,2025-02-22 12:30:00,Super League Greece,Under 2.25,Goles (Over/Under),historical_20250221_con_resultados.csv,,
Atromitos Athens vs Panserraikos FC,2025-02-22 12:30:00,Super League Greece,Over 2.5,Goles (Over/Under),historical_20250221_con_resultados.csv,,
Atromitos Athens vs Panserraikos FC,2025-02-22 12:30:00,Super League Greece,Under 2.5,Goles (Over/Under),historical_20250221_con_resultados.csv,,
Volos FC vs Levadiakos,2025-02-22 13:00:00,Super League Greece,Over 2.5,Goles (Over/Under),historical_20250221_con_resultados.csv,,
Volos FC vs Levadiakos,2025-02-22 13:00:00,Super League Greece,Under 2.5,Goles (Over/Under),historical_20250221_con_resultados.csv,,
Volos FC vs Levadiakos,2025-02-22 13:00:00,Super League Greece,Over 2.0,Goles (Over/Under),historical_20250221_con_resultados.csv,,
Volos FC vs Levadiakos,2025-02-22 13:00:00,Super League Greece,Under 2.0,Goles (Over/Under),historical_20250221_con_resultados.csv,,
Panserraikos FC vs Athens Kallithea FC,2025-03-01 10:00:00,Super League Greece,Over 2.5,Goles (Over/Under),historical_20250228_con_resultados.csv,,
Panserraikos FC vs Athens Kallithea FC,2025-03-01 10:00:00,Super League Greece,Under 2.5,Goles (Over/Under),historical_20250228_con_resultados.csv,,
Panserraikos FC vs Athens Kallithea FC,2025-03-01 10:00:00,Super League Greece,Over 2.25,Goles (Over/Under),historical_20250228_con_resultados.csv,,
Panserraikos FC vs Athens Kallithea FC,2025-03-01 10:00:00,Super League Greece,Under 2.25,Goles (Over/Under),historical_20250228_con_resultados.csv,,
Volos FC vs Aris Thessaloniki,2025-03-01 10:00:00,Super League Greece,Over 2.5,Goles (Over/Under),historical_20250228_con_resultados.csv,,
Volos FC vs Aris Thessaloniki,2025-03-01 10:00:00,Super League Greece,Under 2.5,Goles (Over/Under),historical_20250228_con_resultados.csv,,
Volos FC vs Aris Thessaloniki,2025-03-01 10:00:00,Super League Greece,Over 2.0,Goles (Over/Under),historical_20250228_con_resultados.csv,,
Volos FC vs Aris Thessaloniki,2025-03-01 10:00:00,Super League Greece,Under 2.0,Goles (Over/Under),historical_20250228_con_resultados.csv,,
Volos FC vs Aris Thessaloniki,2025-03-01 10:00:00,Super League Greece,Over 2.25,Goles (Over/Under),historical_20250228_con_resultados.csv,,
Volos FC vs Aris Thessaloniki,2025-03-01 10:00:00,Super League Greece,Under 2.25,Goles (Over/Under),historical_20250228_con_resultados.csv,,
Panathinaikos vs Panetolikos Agrinio,2025-03-01 13:00:00,Super League Greece,Over 2.5,Goles (Over/Under),historical_20250228_con_resultados.csv,,
Panathinaikos vs Panetolikos Agrinio,2025-03-01 13:00:00,Super League Greece,Under 2.5,Goles (Over/Under),historical_20250228_con_resultados.csv,,
Panathinaikos vs Panetolikos Agrinio,2025-03-01 13:00:00,Super League Greece,Over 2.25,Goles (Over/Under),historical_20250228_con_resultados.csv,,
Panathinaikos vs Panetolikos Agrinio,2025-03-01 13:00:00,Super League Greece,Under 2.25,Goles (Over/Under),historical_20250228_con_resultados.csv,,
PAS Lamia 1964 vs Volos FC,2025-03-09 12:00:00,Super League Greece,Over 2.25,Goles (Over/Under),historical_20250307_con_resultados.csv,,
PAS Lamia 1964 vs Volos FC,2025-03-09 12:00:00,Super League Greece,Under 2.25,Goles (Over/Under),historical_20250307_con_resultados.csv,,
Asteras Tripolis vs Panserraikos FC,2025-03-09 12:01:00,Super League Greece,Over 1.0,Goles (Over/Under),historical_20250307_con_resultados.csv,,
Asteras Tripolis vs Panserraikos FC,2025-03-09 12:01:00,Super League Greece,Under 1.0,Goles (Over/Under),historical_20250307_con_resultados.csv,,
Asteras Tripolis vs Panserraikos FC,2025-03-09 12:01:00,Super League Greece,Under 3.5,Goles (Over/Under),historical_20250307_con_resultados.csv,,
Asteras Tripolis vs Panserraikos FC,2025-03-09 12:01:00,Super League Greece,Over 3.5,Goles (Over/Under),historical_20250307_con_resultados.csv,,
Asteras Tripolis vs Panserraikos FC,2025-03-09 12:01:00,Super League Greece,Over 3.5,Goles (Over/Under),historical_20250307_con_resultados.csv,,
Asteras Tripolis vs Panserraikos FC,2025-03-09 12:01:00,Super League Greece,Under 3.5,Goles (Over/Under),historical_20250307_con_resultados.csv,,
Aris Thessaloniki vs AEK Athens,2025-03-09 12:04:00,Super League Greece,Over 1.0,Goles (Over/Under),historical_20250307_con_resultados.csv,,
Aris Thessaloniki vs AEK Athens,2025-03-09 12:04:00,Super League Greece,Under 1.0,Goles (Over/Under),historical_20250307_con_resultados.csv,,
Aris Thessaloniki vs AEK Athens,2025-03-09 12:04:00,Super League Greece,Over 0.5,Goles (Over/Under),historical_20250307_con_resultados.csv,,
Aris Thessaloniki vs AEK Athens,2025-03-09 12:04:00,Super League Greece,Under 0.5,Goles (Over/Under),historical_20250307_con_resultados.csv,,
Aris Thessaloniki vs AEK Athens,2025-03-09 12:04:00,Super League Greece,Over 0.5,Goles (Over/Under),historical_20250307_con_resultados.csv,,
Aris Thessaloniki vs AEK Athens,2025-03-09 12:04:00,Super League Greece,Under 0.5,Goles (Over/Under),historical_20250307_con_resultados.csv,,
FC Sion vs Grasshopper Zürich,2025-01-18 12:00:00,Super League Switzerland,Over 2.25,Goles (Over/Under),historical_20250117_con_resultados.csv,,
FC Sion vs Grasshopper Zürich,2025-01-18 12:00:00,Super League Switzerland,Under 2.5,Goles (Over/Under),historical_20250117_con_resultados.csv,,
FC Sion vs Grasshopper Zürich,2025-01-18 12:00:00,Super League Switzerland,Over 2.5,Goles (Over/Under),historical_20250117_con_resultados.csv,,
FC Sion vs Grasshopper Zürich,2025-01-18 12:00:00,Super League Switzerland,Under 2.25,Goles (Over/Under),historical_20250117_con_resultados.csv,,
FC Zurich vs Yverdon Sport FC,2025-01-19 08:15:00,Super League Switzerland,Under 2.5,Goles (Over/Under),historical_20250117_con_resultados.csv,,
FC Zurich vs Yverdon Sport FC,2025-01-19 08:15:00,Super League Switzerland,Under 3.5,Goles (Over/Under),historical_20250117_con_resultados.csv,,
FC Zurich vs Yverdon Sport FC,2025-01-19 08:15:00,Super League Switzerland,Over 3.5,Goles (Over/Under),historical_20250117_con_resultados.csv,,
FC Zurich vs Yverdon Sport FC,2025-01-19 08:15:00,Super League Switzerland,Over 2.5,Goles (Over/Under),historical_20250117_con_resultados.csv,,
FC Luzern vs FC St Gallen,2025-02-02 08:15:00,Super League Switzerland,Over 3.0,Goles (Over/Under),historical_20250131_con_resultados.csv,,
FC Luzern vs FC St Gallen,2025-02-02 08:15:00,Super League Switzerland,Under 3.5,Goles (Over/Under),historical_20250131_con_resultados.csv,,
FC Luzern vs FC St Gallen,2025-02-02 08:15:00,Super League Switzerland,Over 3.5,Goles (Over/Under),historical_20250131_con_resultados.csv,,
FC Luzern vs FC St Gallen,2025-02-02 08:15:00,Super League Switzerland,Under 2.5,Goles (Over/Under),historical_20250131_con_resultados.csv,,
FC Luzern vs FC St Gallen,2025-02-02 08:15:00,Super League Switzerland,Over 2.5,Goles (Over/Under),historical_20250131_con_resultados.csv,,
FC Luzern vs FC St Gallen,2025-02-02 08:15:00,Super League Switzerland,Under 3.0,Goles (Over/Under),historical_20250131_con_resultados.csv,,
FC Lausanne-Sport vs Yverdon Sport FC,2025-02-08 12:00:00,Super League Switzerland,Over 3.0,Goles (Over/Under),historical_20250207_con_resultados.csv,,
FC Lausanne-Sport vs Yverdon Sport FC,2025-02-08 12:00:00,Super League Switzerland,Under 3.0,Goles (Over/Under),historical_20250207_con_resultados.csv,,
FC Lausanne-Sport vs Yverdon Sport FC,2025-02-08 12:00:00,Super League Switzerland,Over 2.5,Goles (Over/Under),historical_20250207_con_resultados.csv,,
FC Lausanne-Sport vs Yverdon Sport FC,2025-02-08 12:00:00,Super League Switzerland,Under 2.5,Goles (Over/Under),historical_20250207_con_resultados.csv,,
FC Lugano vs Grasshopper Zürich,2025-02-08 12:00:00,Super League Switzerland,Over 2.5,Goles (Over/Under),historical_20250207_con_resultados.csv,,
FC Lugano vs Grasshopper Zürich,2025-02-08 12:00:00,Super League Switzerland,Over 2.75,Goles (Over/Under),historical_20250207_con_resultados.csv,,
FC Lugano vs Grasshopper Zürich,2025-02-08 12:00:00,Super League Switzerland,Under 2.75,Goles (Over/Under),historical_20250207_con_resultados.csv,,
FC Lugano vs Grasshopper Zürich,2025-02-08 12:00:00,Super League Switzerland,Under 2.5,Goles (Over/Under),historical_20250207_con_resultados.csv,,
BSC Young Boys vs FC Sion,2025-02-08 14:30:00,Super League Switzerland,Over 2.75,Goles (Over/Under),historical_20250207_con_resultados.csv,,
BSC Young Boys vs FC Sion,2025-02-08 14:30:00,Super League Switzerland,Over 2.5,Goles (Over/Under),historical_20250207_con_resultados.csv,,
BSC Young Boys vs FC Sion,2025-02-08 14:30:00,Super League Switzerland,Under 2.5,Goles (Over/Under),historical_20250207_con_resultados.csv,,
BSC Young Boys vs FC Sion,2025-02-08 14:30:00,Super League Switzerland,Under 2.75,Goles (Over/Under),historical_20250207_con_resultados.csv,,
Servette vs FC Basel,2025-02-09 08:15:00,Super League Switzerland,Over 2.5,Goles (Over/Under),historical_20250207_con_resultados.csv,,
Servette vs FC Basel,2025-02-09 08:15:00,Super League Switzerland,Under 2.5,Goles (Over/Under),historical_20250207_con_resultados.csv,,
Servette vs FC Basel,2025-02-09 08:15:00,Super League Switzerland,Over 2.75,Goles (Over/Under),historical_20250207_con_resultados.csv,,
Servette vs FC Basel,2025-02-09 08:15:00,Super League Switzerland,Over 3.5,Goles (Over/Under),historical_20250207_con_resultados.csv,,
Servette vs FC Basel,2025-02-09 08:15:00,Super League Switzerland,Under 3.5,Goles (Over/Under),historical_20250207_con_resultados.csv,,
Servette vs FC Basel,2025-02-09 08:15:00,Super League Switzerland,Under 2.75,Goles (Over/Under),historical_20250207_con_resultados.csv,,
FC Lugano vs FC Luzern,2025-02-15 12:00:00,Super League Switzerland,Over 2.5,Goles (Over/Under),historical_20250214_con_resultados.csv,,
FC Lugano vs FC Luzern,2025-02-15 12:00:00,Super League Switzerland,Under 2.5,Goles (Over/Under),historical_20250214_con_resultados.csv,,
FC Lugano vs FC Luzern,2025-02-15 12:00:00,Super League Switzerland,Over 2.75,Goles (Over/Under),historical_20250214_con_resultados.csv,,
FC Lugano vs FC Luzern,2025-02-15 12:00:00,Super League Switzerland,Under 2.75,Goles (Over/Under),historical_20250214_con_resultados.csv,,
FC Lugano vs FC Luzern,2025-02-15 12:00:00,Super League Switzerland,Over 3.5,Goles (Over/Under),historical_20250214_con_resultados.csv,,
FC Lugano vs FC Luzern,2025-02-15 12:00:00,Super League Switzerland,Under 3.5,Goles (Over/Under),historical_20250214_con_resultados.csv,,
FC Sion vs FC Zurich,2025-02-15 12:00:00,Super League Switzerland,Over 2.5,Goles (Over/Under),historical_20250214_con_resultados.csv,,
FC Sion vs FC Zurich,2025-02-15 12:00:00,Super League Switzerland,Under 2.5,Goles (Over/Under),historical_20250214_con_resultados.csv,,
FC Winterthur vs BSC Young Boys,2025-02-15 14:30:00,Super League Switzerland,Over 3.5,Goles (Over/Under),historical_20250214_con_resultados.csv,,
FC Winterthur vs BSC Young Boys,2025-02-15 14:30:00,Super League Switzerland,Under 3.5,Goles (Over/Under),historical_20250214_con_resultados.csv,,
FC Winterthur vs BSC Young Boys,2025-02-15 14:30:00,Super League Switzerland,Over 3.0,Goles (Over/Under),historical_20250214_con_resultados.csv,,
FC Winterthur vs BSC Young Boys,2025-02-15 14:30:00,Super League Switzerland,Under 3.0,Goles (Over/Under),historical_20250214_con_resultados.csv,,
Yverdon Sport FC vs FC St Gallen,2025-02-16 08:15:00,Super League Switzerland,Over 2.5,Goles (Over/Under),historical_20250214_con_resultados.csv,,
Yverdon Sport FC vs FC St Gallen,2025-02-16 08:15:00,Super League Switzerland,Under 2.5,Goles (Over/Under),historical_20250214_con_resultados.csv,,
Yverdon Sport FC vs FC St Gallen,2025-02-16 08:15:00,Super League Switzerland,Over 2.75,Goles (Over/Under),historical_20250214_con_resultados.csv,,
Yverdon Sport FC vs FC St Gallen,2025-02-16 08:15:00,Super League Switzerland,Under 2.75,Goles (Over/Under),historical_20250214_con_resultados.csv,,
FC Lausanne-Sport vs Grasshopper Zürich,2025-02-22 12:00:00,Super League Switzerland,Over 2.5,Goles (Over/Under),historical_20250221_con_resultados.csv,,
FC Lausanne-Sport vs Grasshopper Zürich,2025-02-22 12:00:00,Super League Switzerland,Under 2.5,Goles (Over/Under),historical_20250221_con_resultados.csv,,
FC Zurich vs Yverdon Sport FC,2025-02-22 12:00:00,Super League Switzerland,Over 2.5,Goles (Over/Under),historical_20250221_con_resultados.csv,,
FC Zurich vs Yverdon Sport FC,2025-02-22 12:00:00,Super League Switzerland,Under 2.5,Goles (Over/Under),historical_20250221_con_resultados.csv,,
FC Zurich vs Yverdon Sport FC,2025-02-22 12:00:00,Super League Switzerland,Over 2.75,Goles (Over/Under),historical_20250221_con_resultados.csv,,
FC Zurich vs Yverdon Sport FC,2025-02-22 12:00:00,Super League Switzerland,Under 2.75,Goles (Over/Under),historical_20250221_con_resultados.csv,,
FC St Gallen vs FC Basel,2025-02-22 14:30:00,Super League Switzerland,Over 3.5,Goles (Over/Under),historical_20250221_con_resultados.csv,,
FC St Gallen vs FC Basel,2025-02-22 14:30:00,Super League Switzerland,Under 3.5,Goles (Over/Under),historical_20250221_con_resultados.csv,,
FC St Gallen vs FC Basel,2025-02-22 14:30:00,Super League Switzerland,Over 2.5,Goles (Over/Under),historical_20250221_con_resultados.csv,,
FC St Gallen vs FC Basel,2025-02-22 14:30:00,Super League Switzerland,Under 2.5,Goles (Over/Under),historical_20250221_con_resultados.csv,,
FC St Gallen vs FC Basel,2025-02-22 14:30:00,Super League Switzerland,Over 3.0,Goles (Over/Under),historical_20250221_con_resultados.csv,,
FC St Gallen vs FC Basel,2025-02-22 14:30:00,Super League Switzerland,Under 3.0,Goles (Over/Under),historical_20250221_con_resultados.csv,,
FC Luzern vs FC Sion,2025-02-23 08:15:00,Super League Switzerland,Over 2.5,Goles (Over/Under),historical_20250221_con_resultados.csv,,
FC Luzern vs FC Sion,2025-02-23 08:15:00,Super League Switzerland,Under 2.5,Goles (Over/Under),historical_20250221_con_resultados.csv,,
FC Basel vs FC Sion,2025-03-01 12:00:00,Super League Switzerland,Over 2.75,Goles (Over/Under),historical_20250228_con_resultados.csv,,
FC Basel vs FC Sion,2025-03-01 12:00:00,Super League Switzerland,Under 2.75,Goles (Over/Under),historical_20250228_con_resultados.csv,,
FC Basel vs FC Sion,2025-03-01 12:00:00,Super League Switzerland,Over 2.5,Goles (Over/Under),historical_20250228_con_resultados.csv,,
FC Basel vs FC Sion,2025-03-01 12:00:00,Super League Switzerland,Under 2.5,Goles (Over/Under),historical_20250228_con_resultados.csv,,
FC Basel vs FC Sion,2025-03-01 12:00:00,Super League Switzerland,Over 3.5,Goles (Over/Under),historical_20250228_con_resultados.csv,,
FC Basel vs FC Sion,2025-03-01 12:00:00,Super League Switzerland,Under 3.5,Goles (Over/Under),historical_20250228_con_resultados.csv,,
FC Winterthur vs FC St Gallen,2025-03-01 12:00:00,Super League Switzerland,Over 3.0,Goles (Over/Under),historical_20250228_con_resultados.csv,,
FC Winterthur vs FC St Gallen,2025-03-01 12:00:00,Super League Switzerland,Under 3.0,Goles (Over/Under),historical_20250228_con_resultados.csv,,
FC Winterthur vs FC St Gallen,2025-03-01 12:00:00,Super League Switzerland,Over 2.5,Goles (Over/Under),historical_20250228_con_resultados.csv,,
FC Winterthur vs FC St Gallen,2025-03-01 12:00:00,Super League Switzerland,Under 2.5,Goles (Over/Under),historical_20250228_con_resultados.csv,,
FC Winterthur vs FC St Gallen,2025-03-01 12:00:00,Super League Switzerland,Over 3.5,Goles (Over/Under),historical_20250228_con_resultados.csv,,
FC Winterthur vs FC St Gallen,2025-03-01 12:00:00,Super League Switzerland,Under 3.5,Goles (Over/Under),historical_20250228_con_resultados.csv,,
FC Lausanne-Sport vs Servette,2025-03-01 14:30:00,Super League Switzerland,Over 2.75,Goles (Over/Under),historical_20250228_con_resultados.csv,,
FC Lausanne-Sport vs Servette,2025-03-01 14:30:00,Super League Switzerland,Under 2.75,Goles (Over/Under),historical_20250228_con_resultados.csv,,
FC Lausanne-Sport vs Servette,2025-03-01 14:30:00,Super League Switzerland,Over 2.5,Goles (Over/Under),historical_20250228_con_resultados.csv,,
FC Lausanne-Sport vs Servette,2025-03-01 14:30:00,Super League Switzerland,Under 2.5,Goles (Over/Under),historical_20250228_con_resultados.csv,,
FC Lugano vs FC Zurich,2025-03-02 08:15:00,Super League Switzerland,Over 2.5,Goles (Over/Under),historical_20250228_con_resultados.csv,,
FC Lugano vs FC Zurich,2025-03-02 08:15:00,Super League Switzerland,Under 2.5,Goles (Over/Under),historical_20250228_con_resultados.csv,,
FC Lugano vs FC Zurich,2025-03-02 08:15:00,Super League Switzerland,Over 2.75,Goles (Over/Under),historical_20250228_con_resultados.csv,,
FC Lugano vs FC Zurich,2025-03-02 08:15:00,Super League Switzerland,Under 2.75,Goles (Over/Under),historical_20250228_con_resultados.csv,,
Brondby IF vs Viborg FF,2025-02-14 13:00:00,Superliga Denmark,Over 3.0,Goles (Over/Under),historical_20250214_con_resultados.csv,,
Brondby IF vs Viborg FF,2025-02-14 13:00:00,Superliga Denmark,Under 3.0,Goles (Over/Under),historical_20250214_con_resultados.csv,,
Brondby IF vs Viborg FF,2025-02-14 13:00:00,Superliga Denmark,Over 2.5,Goles (Over/Under),historical_20250214_con_resultados.csv,,
Brondby IF vs Viborg FF,2025-02-14 13:00:00,Superliga Denmark,Under 2.5,Goles (Over/Under),historical_20250214_con_resultados.csv,,
Brondby IF vs Viborg FF,2025-02-14 13:00:00,Superliga Denmark,Over 2.75,Goles (Over/Under),historical_20250214_con_resultados.csv,,
Brondby IF vs Viborg FF,2025-02-14 13:00:00,Superliga Denmark,Under 2.75,Goles (Over/Under),historical_20250214_con_resultados.csv,,
AaB vs FC Nordsjaelland,2025-02-16 08:00:00,Superliga Denmark,Over 2.5,Goles (Over/Under),historical_20250214_con_resultados.csv,,
AaB vs FC Nordsjaelland,2025-02-16 08:00:00,Superliga Denmark,Under 2.5,Goles (Over/Under),historical_20250214_con_resultados.csv,,
AaB vs FC Nordsjaelland,2025-02-16 08:00:00,Superliga Denmark,Over 3.0,Goles (Over/Under),historical_20250214_con_resultados.csv,,
AaB vs FC Nordsjaelland,2025-02-16 08:00:00,Superliga Denmark,Under 3.0,Goles (Over/Under),historical_20250214_con_resultados.csv,,
AaB vs FC Nordsjaelland,2025-02-16 08:00:00,Superliga Denmark,Over 3.5,Goles (Over/Under),historical_20250214_con_resultados.csv,,
AaB vs FC Nordsjaelland,2025-02-16 08:00:00,Superliga Denmark,Under 3.5,Goles (Over/Under),historical_20250214_con_resultados.csv,,
Silkeborg IF vs Vejle Boldklub,2025-02-16 08:00:00,Superliga Denmark,Over 2.5,Goles (Over/Under),historical_20250214_con_resultados.csv,,
Silkeborg IF vs Vejle Boldklub,2025-02-16 08:00:00,Superliga Denmark,Under 2.5,Goles (Over/Under),historical_20250214_con_resultados.csv,,
Silkeborg IF vs Vejle Boldklub,2025-02-16 08:00:00,Superliga Denmark,Over 2.75,Goles (Over/Under),historical_20250214_con_resultados.csv,,
Silkeborg IF vs Vejle Boldklub,2025-02-16 08:00:00,Superliga Denmark,Under 2.75,Goles (Over/Under),historical_20250214_con_resultados.csv,,
Lyngby vs Randers FC,2025-02-21 13:00:00,Superliga Denmark,Over 2.5,Goles (Over/Under),historical_20250221_con_resultados.csv,,
Lyngby vs Randers FC,2025-02-21 13:00:00,Superliga Denmark,Under 2.5,Goles (Over/Under),historical_20250221_con_resultados.csv,,
AGF Aarhus vs AaB,2025-02-23 08:00:00,Superliga Denmark,Over 2.5,Goles (Over/Under),historical_20250221_con_resultados.csv,,
AGF Aarhus vs AaB,2025-02-23 08:00:00,Superliga Denmark,Under 2.5,Goles (Over/Under),historical_20250221_con_resultados.csv,,
AGF Aarhus vs AaB,2025-02-23 08:00:00,Superliga Denmark,Over 2.75,Goles (Over/Under),historical_20250221_con_resultados.csv,,
AGF Aarhus vs AaB,2025-02-23 08:00:00,Superliga Denmark,Under 2.75,Goles (Over/Under),historical_20250221_con_resultados.csv,,
FC Nordsjaelland vs SonderjyskE,2025-02-23 08:00:00,Superliga Denmark,Over 3.5,Goles (Over/Under),historical_20250221_con_resultados.csv,,
FC Nordsjaelland vs SonderjyskE,2025-02-23 08:00:00,Superliga Denmark,Under 3.5,Goles (Over/Under),historical_20250221_con_resultados.csv,,
FC Nordsjaelland vs SonderjyskE,2025-02-23 08:00:00,Superliga Denmark,Over 3.25,Goles (Over/Under),historical_20250221_con_resultados.csv,,
FC Nordsjaelland vs SonderjyskE,2025-02-23 08:00:00,Superliga Denmark,Under 3.25,Goles (Over/Under),historical_20250221_con_resultados.csv,,
FC Nordsjaelland vs SonderjyskE,2025-02-23 08:00:00,Superliga Denmark,Over 3.0,Goles (Over/Under),historical_20250221_con_resultados.csv,,
FC Nordsjaelland vs SonderjyskE,2025-02-23 08:00:00,Superliga Denmark,Under 3.0,Goles (Over/Under),historical_20250221_con_resultados.csv,,
Randers FC vs AGF Aarhus,2025-02-28 13:00:00,Superliga Denmark,Over 2.0,Goles (Over/Under),historical_20250228_con_resultados.csv,,
Randers FC vs AGF Aarhus,2025-02-28 13:00:00,Superliga Denmark,Under 2.0,Goles (Over/Under),historical_20250228_con_resultados.csv,,
Randers FC vs AGF Aarhus,2025-02-28 13:00:00,Superliga Denmark,Over 2.5,Goles (Over/Under),historical_20250228_con_resultados.csv,,
Randers FC vs AGF Aarhus,2025-02-28 13:00:00,Superliga Denmark,Under 2.5,Goles (Over/Under),historical_20250228_con_resultados.csv,,
Randers FC vs AGF Aarhus,2025-02-28 13:00:00,Superliga Denmark,Over 2.25,Goles (Over/Under),historical_20250228_con_resultados.csv,,
Randers FC vs AGF Aarhus,2025-02-28 13:00:00,Superliga Denmark,Under 2.25,Goles (Over/Under),historical_20250228_con_resultados.csv,,
SonderjyskE vs Silkeborg IF,2025-03-02 08:00:00,Superliga Denmark,Over 2.5,Goles (Over/Under),historical_20250228_con_resultados.csv,,
SonderjyskE vs Silkeborg IF,2025-03-02 08:00:00,Superliga Denmark,Under 2.5,Goles (Over/Under),historical_20250228_con_resultados.csv,,
SonderjyskE vs Silkeborg IF,2025-03-02 08:00:00,Superliga Denmark,Over 2.75,Goles (Over/Under),historical_20250228_con_resultados.csv,,
SonderjyskE vs Silkeborg IF,2025-03-02 08:00:00,Superliga Denmark,Under 2.75,Goles (Over/Under),historical_20250228_con_resultados.csv,,
Viborg FF vs Vejle Boldklub,2025-03-02 08:00:00,Superliga Denmark,Over 2.5,Goles (Over/Under),historical_20250228_con_resultados.csv,,
Viborg FF vs Vejle Boldklub,2025-03-02 08:00:00,Superliga Denmark,Under 2.5,Goles (Over/Under),historical_20250228_con_resultados.csv,,
Viborg FF vs Vejle Boldklub,2025-03-02 08:00:00,Superliga Denmark,Over 3.0,Goles (Over/Under),historical_20250228_con_resultados.csv,,
Viborg FF vs Vejle Boldklub,2025-03-02 08:00:00,Superliga Denmark,Under 3.0,Goles (Over/Under),historical_20250228_con_resultados.csv,,
Viborg FF vs Vejle Boldklub,2025-03-02 08:00:00,Superliga Denmark,Over 2.75,Goles (Over/Under),historical_20250228_con_resultados.csv,,
Viborg FF vs Vejle Boldklub,2025-03-02 08:00:00,Superliga Denmark,Under 2.75,Goles (Over/Under),historical_20250228_con_resultados.csv,,
Gazişehir Gaziantep vs Bodrum FK,2025-01-18 08:00:00,Süper Lig,Under 2.5,Goles (Over/Under),historical_20250117_con_resultados.csv,,
Gazişehir Gaziantep vs Bodrum FK,2025-01-18 08:00:00,Süper Lig,Over 2.5,Goles (Over/Under),historical_20250117_con_resultados.csv,,
Besiktas JK vs Samsunspor,2025-01-18 11:00:00,Süper Lig,Over 2.75,Goles (Over/Under),historical_20250117_con_resultados.csv,,
Besiktas JK vs Samsunspor,2025-01-18 11:00:00,Süper Lig,Under 2.75,Goles (Over/Under),historical_20250117_con_resultados.csv,,
Besiktas JK vs Samsunspor,2025-01-18 11:00:00,Süper Lig,Under 2.5,Goles (Over/Under),historical_20250117_con_resultados.csv,,
Besiktas JK vs Samsunspor,2025-01-18 11:00:00,Süper Lig,Over 2.5,Goles (Over/Under),historical_20250117_con_resultados.csv,,
Torku Konyaspor vs Kasimpasa SK,2025-01-19 08:00:00,Süper Lig,Under 2.5,Goles (Over/Under),historical_20250117_con_resultados.csv,,
Torku Konyaspor vs Kasimpasa SK,2025-01-19 08:00:00,Süper Lig,Over 2.5,Goles (Over/Under),historical_20250117_con_resultados.csv,,
Samsunspor vs Gazişehir Gaziantep,2025-01-24 12:00:00,Süper Lig,Under 2.5,Goles (Over/Under),historical_20250124_con_resultados.csv,,
Samsunspor vs Gazişehir Gaziantep,2025-01-24 12:00:00,Süper Lig,Over 2.5,Goles (Over/Under),historical_20250124_con_resultados.csv,,
Sivasspor vs Kayserispor,2025-01-25 05:30:00,Süper Lig,Over 2.5,Goles (Over/Under),historical_20250124_con_resultados.csv,,
Sivasspor vs Kayserispor,2025-01-25 05:30:00,Süper Lig,Under 2.5,Goles (Over/Under),historical_20250124_con_resultados.csv,,
Alanyaspor vs Basaksehir,2025-01-25 08:00:00,Süper Lig,Over 2.5,Goles (Over/Under),historical_20250124_con_resultados.csv,,
Alanyaspor vs Basaksehir,2025-01-25 08:00:00,Süper Lig,Under 2.25,Goles (Over/Under),historical_20250124_con_resultados.csv,,
Alanyaspor vs Basaksehir,2025-01-25 08:00:00,Süper Lig,Under 2.5,Goles (Over/Under),historical_20250124_con_resultados.csv,,
Alanyaspor vs Basaksehir,2025-01-25 08:00:00,Süper Lig,Over 2.25,Goles (Over/Under),historical_20250124_con_resultados.csv,,
Galatasaray vs Torku Konyaspor,2025-01-25 11:00:00,Süper Lig,Under 3.5,Goles (Over/Under),historical_20250124_con_resultados.csv,,
Galatasaray vs Torku Konyaspor,2025-01-25 11:00:00,Süper Lig,Over 3.5,Goles (Over/Under),historical_20250124_con_resultados.csv,,
Çaykur Rizespor vs Adana Demirspor,2025-01-26 05:30:00,Süper Lig,Under 3.5,Goles (Over/Under),historical_20250124_con_resultados.csv,,
Çaykur Rizespor vs Adana Demirspor,2025-01-26 05:30:00,Süper Lig,Under 3.0,Goles (Over/Under),historical_20250124_con_resultados.csv,,
Çaykur Rizespor vs Adana Demirspor,2025-01-26 05:30:00,Süper Lig,Over 3.0,Goles (Over/Under),historical_20250124_con_resultados.csv,,
Çaykur Rizespor vs Adana Demirspor,2025-01-26 05:30:00,Süper Lig,Under 3.25,Goles (Over/Under),historical_20250124_con_resultados.csv,,
Çaykur Rizespor vs Adana Demirspor,2025-01-26 05:30:00,Süper Lig,Over 3.25,Goles (Over/Under),historical_20250124_con_resultados.csv,,
Çaykur Rizespor vs Adana Demirspor,2025-01-26 05:30:00,Süper Lig,Over 3.5,Goles (Over/Under),historical_20250124_con_resultados.csv,,
Antalyaspor vs Besiktas JK,2025-01-26 08:00:00,Süper Lig,Under 2.5,Goles (Over/Under),historical_20250124_con_resultados.csv,,
Antalyaspor vs Besiktas JK,2025-01-26 08:00:00,Süper Lig,Over 2.75,Goles (Over/Under),historical_20250124_con_resultados.csv,,
Antalyaspor vs Besiktas JK,2025-01-26 08:00:00,Süper Lig,Under 2.75,Goles (Over/Under),historical_20250124_con_resultados.csv,,
Antalyaspor vs Besiktas JK,2025-01-26 08:00:00,Süper Lig,Over 2.5,Goles (Over/Under),historical_20250124_con_resultados.csv,,
Bodrum FK vs Eyüpspor,2025-01-26 08:00:00,Süper Lig,Under 2.5,Goles (Over/Under),historical_20250124_con_resultados.csv,,
Bodrum FK vs Eyüpspor,2025-01-26 08:00:00,Süper Lig,Over 2.5,Goles (Over/Under),historical_20250124_con_resultados.csv,,
Bodrum FK vs Eyüpspor,2025-01-26 08:00:00,Süper Lig,Over 2.25,Goles (Over/Under),historical_20250124_con_resultados.csv,,
Bodrum FK vs Eyüpspor,2025-01-26 08:00:00,Süper Lig,Under 2.25,Goles (Over/Under),historical_20250124_con_resultados.csv,,
Samsunspor vs Hatayspor,2025-02-07 12:00:00,Süper Lig,Under 2.5,Goles (Over/Under),historical_20250207_con_resultados.csv,,
Samsunspor vs Hatayspor,2025-02-07 12:00:00,Süper Lig,Over 2.5,Goles (Over/Under),historical_20250207_con_resultados.csv,,
Samsunspor vs Hatayspor,2025-02-07 12:00:00,Süper Lig,Over 2.75,Goles (Over/Under),historical_20250207_con_resultados.csv,,
Samsunspor vs Hatayspor,2025-02-07 12:00:00,Süper Lig,Under 2.75,Goles (Over/Under),historical_20250207_con_resultados.csv,,
Sivasspor vs Besiktas JK,2025-02-08 11:00:00,Süper Lig,Under 2.5,Goles (Over/Under),historical_20250207_con_resultados.csv,,
Sivasspor vs Besiktas JK,2025-02-08 11:00:00,Süper Lig,Under 2.75,Goles (Over/Under),historical_20250207_con_resultados.csv,,
Sivasspor vs Besiktas JK,2025-02-08 11:00:00,Süper Lig,Over 2.75,Goles (Over/Under),historical_20250207_con_resultados.csv,,
Sivasspor vs Besiktas JK,2025-02-08 11:00:00,Süper Lig,Over 2.5,Goles (Over/Under),historical_20250207_con_resultados.csv,,
Adana Demirspor vs Antalyaspor,2025-02-14 12:00:00,Süper Lig,Over 2.5,Goles (Over/Under),historical_20250214_con_resultados.csv,,
Adana Demirspor vs Antalyaspor,2025-02-14 12:00:00,Süper Lig,Under 2.5,Goles (Over/Under),historical_20250214_con_resultados.csv,,
Adana Demirspor vs Antalyaspor,2025-02-14 12:00:00,Süper Lig,Over 2.75,Goles (Over/Under),historical_20250214_con_resultados.csv,,
Adana Demirspor vs Antalyaspor,2025-02-14 12:00:00,Süper Lig,Under 2.75,Goles (Over/Under),historical_20250214_con_resultados.csv,,
Adana Demirspor vs Antalyaspor,2025-02-14 12:00:00,Süper Lig,Over 3.5,Goles (Over/Under),historical_20250214_con_resultados.csv,,
Adana Demirspor vs Antalyaspor,2025-02-14 12:00:00,Süper Lig,Under 3.5,Goles (Over/Under),historical_20250214_con_resultados.csv,,
Gazişehir Gaziantep vs Sivasspor,2025-02-15 05:30:00,Süper Lig,Over 2.5,Goles (Over/Under),historical_20250214_con_resultados.csv,,
Gazişehir Gaziantep vs Sivasspor,2025-02-15 05:30:00,Süper Lig,Under 2.5,Goles (Over/Under),historical_20250214_con_resultados.csv,,
Basaksehir vs Bodrum FK,2025-02-15 08:00:00,Süper Lig,Over 2.5,Goles (Over/Under),historical_20250214_con_resultados.csv,,
Basaksehir vs Bodrum FK,2025-02-15 08:00:00,Süper Lig,Under 2.5,Goles (Over/Under),historical_20250214_con_resultados.csv,,
Basaksehir vs Bodrum FK,2025-02-15 08:00:00,Süper Lig,Over 2.25,Goles (Over/Under),historical_20250214_con_resultados.csv,,
Basaksehir vs Bodrum FK,2025-02-15 08:00:00,Süper Lig,Under 2.25,Goles (Over/Under),historical_20250214_con_resultados.csv,,
Torku Konyaspor vs Samsunspor,2025-02-16 08:00:00,Süper Lig,Over 2.25,Goles (Over/Under),historical_20250214_con_resultados.csv,,
Torku Konyaspor vs Samsunspor,2025-02-16 08:00:00,Süper Lig,Under 2.25,Goles (Over/Under),historical_20250214_con_resultados.csv,,
Torku Konyaspor vs Samsunspor,2025-02-16 08:00:00,Süper Lig,Over 2.5,Goles (Over/Under),historical_20250214_con_resultados.csv,,
Torku Konyaspor vs Samsunspor,2025-02-16 08:00:00,Süper Lig,Under 2.5,Goles (Over/Under),historical_20250214_con_resultados.csv,,
Bodrum FK vs Hatayspor,2025-02-21 12:00:00,Süper Lig,Over 2.5,Goles (Over/Under),historical_20250221_con_resultados.csv,,
Bodrum FK vs Hatayspor,2025-02-21 12:00:00,Süper Lig,Under 2.5,Goles (Over/Under),historical_20250221_con_resultados.csv,,
Bodrum FK vs Hatayspor,2025-02-21 12:00:00,Süper Lig,Over 2.25,Goles (Over/Under),historical_20250221_con_resultados.csv,,
Bodrum FK vs Hatayspor,2025-02-21 12:00:00,Süper Lig,Under 2.25,Goles (Over/Under),historical_20250221_con_resultados.csv,,
Eyüpspor vs Besiktas JK,2025-02-21 12:00:00,Süper Lig,Over 2.5,Goles (Over/Under),historical_20250221_con_resultados.csv,,
Eyüpspor vs Besiktas JK,2025-02-21 12:00:00,Süper Lig,Under 2.5,Goles (Over/Under),historical_20250221_con_resultados.csv,,
Eyüpspor vs Besiktas JK,2025-02-21 12:00:00,Süper Lig,Over 2.75,Goles (Over/Under),historical_20250221_con_resultados.csv,,
Eyüpspor vs Besiktas JK,2025-02-21 12:00:00,Süper Lig,Under 2.75,Goles (Over/Under),historical_20250221_con_resultados.csv,,
Sivasspor vs Torku Konyaspor,2025-02-22 05:30:00,Süper Lig,Over 2.25,Goles (Over/Under),historical_20250221_con_resultados.csv,,
Sivasspor vs Torku Konyaspor,2025-02-22 05:30:00,Süper Lig,Under 2.25,Goles (Over/Under),historical_20250221_con_resultados.csv,,
Sivasspor vs Torku Konyaspor,2025-02-22 05:30:00,Süper Lig,Over 2.5,Goles (Over/Under),historical_20250221_con_resultados.csv,,
Sivasspor vs Torku Konyaspor,2025-02-22 05:30:00,Süper Lig,Under 2.5,Goles (Over/Under),historical_20250221_con_resultados.csv,,
Antalyaspor vs Kasimpasa SK,2025-02-22 08:00:00,Süper Lig,Over 3.0,Goles (Over/Under),historical_20250221_con_resultados.csv,,
Antalyaspor vs Kasimpasa SK,2025-02-22 08:00:00,Süper Lig,Under 3.0,Goles (Over/Under),historical_20250221_con_resultados.csv,,
Antalyaspor vs Kasimpasa SK,2025-02-22 08:00:00,Süper Lig,Over 2.5,Goles (Over/Under),historical_20250221_con_resultados.csv,,
Antalyaspor vs Kasimpasa SK,2025-02-22 08:00:00,Süper Lig,Under 2.5,Goles (Over/Under),historical_20250221_con_resultados.csv,,
Antalyaspor vs Kasimpasa SK,2025-02-22 08:00:00,Süper Lig,Over 2.75,Goles (Over/Under),historical_20250221_con_resultados.csv,,
Antalyaspor vs Kasimpasa SK,2025-02-22 08:00:00,Süper Lig,Under 2.75,Goles (Over/Under),historical_20250221_con_resultados.csv,,
Antalyaspor vs Kasimpasa SK,2025-02-22 08:00:00,Süper Lig,Over 3.5,Goles (Over/Under),historical_20250221_con_resultados.csv,,
Antalyaspor vs Kasimpasa SK,2025-02-22 08:00:00,Süper Lig,Under 3.5,Goles (Over/Under),historical_20250221_con_resultados.csv,,
Samsunspor vs Çaykur Rizespor,2025-02-22 11:00:00,Süper Lig,Over 2.5,Goles (Over/Under),historical_20250221_con_resultados.csv,,
Samsunspor vs Çaykur Rizespor,2025-02-22 11:00:00,Süper Lig,Under 2.5,Goles (Over/Under),historical_20250221_con_resultados.csv,,
Adana Demirspor vs Bodrum FK,2025-03-01 08:00:00,Süper Lig,Over 2.5,Goles (Over/Under),historical_20250228_con_resultados.csv,,
Adana Demirspor vs Bodrum FK,2025-03-01 08:00:00,Süper Lig,Under 2.5,Goles (Over/Under),historical_20250228_con_resultados.csv,,
Adana Demirspor vs Bodrum FK,2025-03-01 08:00:00,Süper Lig,Over 2.75,Goles (Over/Under),historical_20250228_con_resultados.csv,,
Adana Demirspor vs Bodrum FK,2025-03-01 08:00:00,Süper Lig,Under 2.75,Goles (Over/Under),historical_20250228_con_resultados.csv,,
