Mercado,total,rate_acierto
Under 2.5,39,0.5897435897435898
Over 2.5,31,0.3548387096774194
