Partido,Fecha_Hora_Colombia,Mercado,Mejor_Cuota,Cuota_Promedio_Mercado,BDI_jsd_fair,BDI_n_bookmakers_fair,BDI_std_p_fair,BDI_mad_p_fair,BDI_jsd,BDI_n_bookmakers,BDI_std_p,BDI_mad_p,Mejor_Casa,Num_Casas,Diferencia_Cuota_Promedio,Volatilidad_Pct,Margen_Casa_Pct,Liga,Tipo_Mercado,Snapshot_Date,Todas_Las_Cuotas,Score,Total_Goles,Acerto
Independiente Rivadavia vs CA Tigre BA,2025-02-15 17:15:00,Over 1.5,1.63,1.5675,0.0001831910522892,4.0,0.0186196783769513,0.0158115503719697,0.0002835510621059,4.0,0.0227453380579367,0.0184634137126953,matchbook,4.0,0.0625,0.0545,4.83,Liga Profesional,Goles (Over/Under),2025-02-14,matchbook:1.6300; onexbet:1.5800; playup:1.5800; betrivers:1.4800,1-4,5.0,Sí
Independiente Rivadavia vs CA Tigre BA,2025-02-15 17:15:00,Under 1.5,2.6,2.41,0.0001831910522892,4.0,0.0186196783769513,0.0158115503719697,0.0001832204325049,4.0,0.0188066711239801,0.0156041669544639,betrivers,4.0,0.19,0.1136,6.03,Liga Profesional,Goles (Over/Under),2025-02-14,betrivers:2.6000; onexbet:2.3800; matchbook:2.3600; playup:2.3000,1-4,5.0,No
Doncaster Rovers vs Grimsby Town,2025-02-15 07:30:00,Over 2.5,1.77,1.7067,0.0001745118891267,9.0,0.0185946931217404,0.0162415140304159,0.0001523167439656,9.0,0.0171870666439347,0.0146794331090751,betrivers,9.0,0.0633,0.0501,7.78,League Two,Goles (Over/Under),2025-02-14,betrivers:1.7700; unibet_eu:1.7700; unibet:1.7700; coolbet:1.7100; tipico_de:1.7000; onexbet:1.6900; nordicbet:1.6600; betsson:1.6600; playup:1.6300,1-2,3.0,Sí
Doncaster Rovers vs Grimsby Town,2025-02-15 07:30:00,Under 2.5,2.2,2.0711,0.0001745118891267,9.0,0.0185946931217404,0.0162415140304159,0.0002564339464364,9.0,0.022625940242505,0.0199215063522037,nordicbet,9.0,0.1289,0.0967,6.8,League Two,Goles (Over/Under),2025-02-14,nordicbet:2.2000; betsson:2.2000; playup:2.1500; onexbet:2.1200; coolbet:2.0600; tipico_de:2.0500; unibet:1.9600; betrivers:1.9500; unibet_eu:1.9500,1-2,3.0,No
Südtirol vs Sampdoria,2025-02-15 09:00:00,Over 2.5,2.5,2.4129,0.0001580661443474,7.0,0.0173062846240591,0.0166641924924277,0.0001438799455652,7.0,0.0167446999212498,0.0144517013267649,betrivers,7.0,0.0871,0.0948,8.97,Serie B,Goles (Over/Under),2025-02-14,betrivers:2.5000; unibet_eu:2.5000; unibet:2.5000; matchbook:2.4400; onexbet:2.4000; williamhill:2.3000; tipico_de:2.2500,2-1,3.0,Sí
Südtirol vs Sampdoria,2025-02-15 09:00:00,Under 2.5,1.61,1.5229,0.0001580661443474,7.0,0.0173062846240592,0.0166641924924278,0.0004093999721149,7.0,0.0271002860509182,0.0259785080619334,matchbook,7.0,0.0871,0.0625,6.56,Serie B,Goles (Over/Under),2025-02-14,matchbook:1.6100; onexbet:1.5700; williamhill:1.5700; tipico_de:1.5500; unibet:1.4600; betrivers:1.4500; unibet_eu:1.4500,2-1,3.0,No
Toluca vs Guadalajara,2025-02-15 22:10:00,Over 2.5,1.85,1.7809,0.0001448042005707,11.0,0.0169677483855574,0.0144241798396427,0.0002623966436417,11.0,0.0226549175613315,0.0198606024212635,coolbet,11.0,0.0691,0.0692,6.41,Liga MX,Goles (Over/Under),2025-02-14,coolbet:1.8500; williamhill:1.8300; lowvig:1.8300; betonlineag:1.8300; pinnacle:1.8200; betus:1.8200; betsson:1.8000; nordicbet:1.8000; unibet_eu:1.6700; betrivers:1.6700; unibet:1.6700,2-1,3.0,Sí
Toluca vs Guadalajara,2025-02-15 22:10:00,Under 2.5,2.1,2.0127,0.0001448042005707,11.0,0.0169677483855574,0.0144241798396427,0.0001203788309985,11.0,0.0155117691312952,0.0119396527630524,unibet_eu,11.0,0.0873,0.0628,7.5,Liga MX,Goles (Over/Under),2025-02-14,unibet_eu:2.1000; betrivers:2.1000; unibet:2.1000; pinnacle:2.0200; lowvig:2.0100; betonlineag:2.0100; betsson:2.0000; nordicbet:2.0000; coolbet:1.9600; betus:1.9300; williamhill:1.9100,2-1,3.0,No
Jahn Regensburg vs Hamburger SV,2025-02-16 07:30:00,Over 2.5,1.69,1.634,0.000142962551133,10.0,0.0166812632825881,0.0152565756565128,0.0002489488876238,10.0,0.0216425507603515,0.0194527443604284,onexbet,10.0,0.056,0.0562,5.9,Bundesliga 2,Goles (Over/Under),2025-02-14,onexbet:1.6900; matchbook:1.6900; tipico_de:1.6700; williamhill:1.6700; betsson:1.6600; nordicbet:1.6600; playup:1.6500; betrivers:1.5500; unibet:1.5500; unibet_eu:1.5500,1-1,2.0,No
Jahn Regensburg vs Hamburger SV,2025-02-16 07:30:00,Under 2.5,2.32,2.203,0.000142962551133,10.0,0.0166812632825881,0.0152565756565128,0.0001216741411185,10.0,0.0155130464426171,0.0140619273866719,betrivers,10.0,0.117,0.0773,7.62,Bundesliga 2,Goles (Over/Under),2025-02-14,betrivers:2.3200; unibet:2.3200; unibet_eu:2.3200; matchbook:2.1800; onexbet:2.1600; tipico_de:2.1500; williamhill:2.1500; playup:2.1500; betsson:2.1400; nordicbet:2.1400,1-1,2.0,Sí
Southampton vs Bournemouth,2025-02-15 10:00:00,Over 3.5,2.4,2.285,0.0001247586212494,8.0,0.0155621795947228,0.0119488755448306,0.0001905531781807,8.0,0.0193909257845745,0.0164498035899288,betrivers,8.0,0.115,0.0987,5.77,Premier League,Goles (Over/Under),2025-02-14,betrivers:2.4000; unibet_eu:2.4000; matchbook:2.3600; onexbet:2.3200; betsson:2.2700; mybookieag:2.2300; playup:2.2000; tipico_de:2.1000,1-3,4.0,Sí
Southampton vs Bournemouth,2025-02-15 10:00:00,Under 3.5,1.71,1.6388,0.0001247586212494,8.0,0.0155621795947227,0.0119488755448305,0.0002090343359752,8.0,0.0198820767697905,0.0176484385094481,matchbook,8.0,0.0713,0.0525,6.1,Premier League,Goles (Over/Under),2025-02-14,matchbook:1.7100; onexbet:1.6800; tipico_de:1.6700; betsson:1.6700; playup:1.6500; mybookieag:1.6100; betrivers:1.5600; unibet_eu:1.5600,1-3,4.0,No
GKS Katowice vs Piast Gliwice,2025-02-16 08:45:00,Over 2.5,2.2,2.1033,0.0001242217961116,9.0,0.0156478066163391,0.0138663228574716,0.0001607127051831,9.0,0.0179039811777412,0.0153529311350157,betrivers,9.0,0.0967,0.0787,7.57,Ekstraklasa,Goles (Over/Under),2025-02-14,betrivers:2.2000; unibet_eu:2.2000; unibet:2.2000; coolbet:2.1200; onexbet:2.0800; nordicbet:2.0700; betsson:2.0700; playup:2.0200; tipico_de:1.9700,0-0,0.0,No
GKS Katowice vs Piast Gliwice,2025-02-16 08:45:00,Under 2.5,1.72,1.6744,0.0001242217961116,9.0,0.0156478066163392,0.0138663228574717,0.0001471476518586,9.0,0.0167836254645931,0.0156278666954929,onexbet,9.0,0.0456,0.0462,8.9,Ekstraklasa,Goles (Over/Under),2025-02-14,onexbet:1.7200; tipico_de:1.7200; nordicbet:1.7000; betsson:1.7000; coolbet:1.7000; playup:1.7000; betrivers:1.6100; unibet_eu:1.6100; unibet:1.6100,0-0,0.0,Sí
Fortuna Düsseldorf vs Hertha Berlin,2025-02-15 14:30:00,Over 3.5,2.45,2.36,0.0001137788276762,5.0,0.0147506108203198,0.0139381925748877,0.0001062401585698,5.0,0.0144080213230913,0.0128430675384554,unibet,5.0,0.09,0.08,7.48,Bundesliga 2,Goles (Over/Under),2025-02-14,unibet:2.4500; unibet_eu:2.4500; onexbet:2.3500; playup:2.3000; tipico_de:2.2500,1-0,1.0,No
Fortuna Düsseldorf vs Hertha Berlin,2025-02-15 14:30:00,Under 3.5,1.6,1.554,0.0001137788276762,5.0,0.0147506108203198,0.0139381925748877,0.000190516392878,5.0,0.0186471813889273,0.0181052463975798,tipico_de,5.0,0.046,0.0445,6.94,Bundesliga 2,Goles (Over/Under),2025-02-14,tipico_de:1.6000; onexbet:1.5900; playup:1.5800; unibet:1.5000; unibet_eu:1.5000,1-0,1.0,Si
Vissel Kobe vs Urawa Red Diamonds,2025-02-15 00:00:00,Over 2.5,2.15,2.0409,0.0001137410335293,11.0,0.0150465006744722,0.0128387601045623,0.0001785366912788,11.0,0.018888232843002,0.0161711471033999,coolbet,11.0,0.1091,0.0779,5.34,J1 League,Goles (Over/Under),2025-02-14,coolbet:2.1500; matchbook:2.1400; onexbet:2.1100; playup:2.1000; betsson:2.0500; nordicbet:2.0500; williamhill:2.0500; tipico_de:2.0000; unibet:1.9400; betrivers:1.9300; unibet_eu:1.9300,0-0,0.0,No
Vissel Kobe vs Urawa Red Diamonds,2025-02-15 00:00:00,Under 2.5,1.82,1.7473,0.0001137410335293,11.0,0.0150465006744722,0.0128387601045623,0.0001202721347359,11.0,0.01536258187901,0.0135319214858244,betrivers,11.0,0.0727,0.0477,6.76,J1 League,Goles (Over/Under),2025-02-14,betrivers:1.8200; unibet:1.8200; unibet_eu:1.8200; matchbook:1.7600; onexbet:1.7400; williamhill:1.7300; betsson:1.7100; nordicbet:1.7100; coolbet:1.7100; tipico_de:1.7000; playup:1.7000,0-0,0.0,Si
CD Mirandés vs Racing de Ferrol,2025-02-14 14:30:00,Over 2.5,2.65,2.55,0.000111117973412,4.0,0.0143380924866623,0.014239534413585,0.000124379410111,4.0,0.0154023873700423,0.0154023873700423,unibet,4.0,0.1,0.1,8.16,La Liga 2,Goles (Over/Under),2025-02-14,unibet:2.6500; unibet_eu:2.6500; tipico_de:2.4500; williamhill:2.4500,4-1,5.0,Sí
CD Mirandés vs Racing de Ferrol,2025-02-14 14:30:00,Under 2.5,1.5,1.4525,0.000111117973412,4.0,0.0143380924866623,0.014239534413585,0.0001509776941568,4.0,0.0161127540474809,0.015377982178787,williamhill,4.0,0.0475,0.0342,7.48,La Liga 2,Goles (Over/Under),2025-02-14,williamhill:1.5000; tipico_de:1.4700; unibet:1.4200; unibet_eu:1.4200,4-1,5.0,No
Moreirense FC vs Casa Pia,2025-02-15 10:30:00,Over 2.5,2.7,2.5443,0.0001108314286538,7.0,0.0143158827258007,0.0123257326743726,0.0001472556351904,7.0,0.0167447016770441,0.0142813780041047,unibet_eu,7.0,0.1557,0.1098,6.97,Liga Portugal,Goles (Over/Under),2025-02-14,unibet_eu:2.7000; unibet:2.7000; nordicbet:2.5500; betsson:2.5500; tipico_de:2.4500; williamhill:2.4500; onexbet:2.4100,1-2,3.0,Sí
Moreirense FC vs Casa Pia,2025-02-15 10:30:00,Under 2.5,1.52,1.4786,0.0001108314286538,7.0,0.0143158827258006,0.0123257326743725,0.000138948335258,7.0,0.0155378889685093,0.0139514211940175,tipico_de,7.0,0.0414,0.0336,7.28,Liga Portugal,Goles (Over/Under),2025-02-14,tipico_de:1.5200; nordicbet:1.5000; betsson:1.5000; williamhill:1.5000; onexbet:1.4700; unibet_eu:1.4300; unibet:1.4300,1-2,3.0,No
FC Blau-Weiß Linz vs Rheindorf Altach,2025-02-15 11:00:00,Over 2.5,2.5,2.3245,0.0001098723823108,11.0,0.014547325633341,0.0133757782771505,0.0001867516763845,11.0,0.0191411431990305,0.0170965366941671,matchbook,11.0,0.1755,0.1028,5.79,Austrian Bundesliga,Goles (Over/Under),2025-02-14,matchbook:2.5000; onexbet:2.4000; nordicbet:2.4000; betsson:2.4000; tipico_de:2.4000; playup:2.3500; coolbet:2.3200; betrivers:2.2000; unibet_eu:2.2000; unibet:2.2000; williamhill:2.2000,1-3,4.0,Sí
FC Blau-Weiß Linz vs Rheindorf Altach,2025-02-15 11:00:00,Under 2.5,1.65,1.5682,0.0001098723823108,11.0,0.014547325633341,0.0133757782771506,0.000104045693215,11.0,0.0139062534461038,0.0103677701236592,williamhill,11.0,0.0818,0.0349,6.06,Austrian Bundesliga,Goles (Over/Under),2025-02-14,williamhill:1.6500; coolbet:1.6100; unibet:1.5800; onexbet:1.5700; betrivers:1.5700; unibet_eu:1.5700; nordicbet:1.5500; betsson:1.5500; tipico_de:1.5500; matchbook:1.5300; playup:1.5200,1-3,4.0,No
Tijuana vs FC Juárez,2025-02-14 22:00:00,Over 2.5,1.71,1.6083,0.0001077555013709,6.0,0.014486884843847,0.0098900731221092,0.0001627584993668,6.0,0.0175939591788433,0.0124949301184076,coolbet,6.0,0.1017,0.0474,4.78,Liga MX,Goles (Over/Under),2025-02-14,coolbet:1.7100; nordicbet:1.6000; betsson:1.6000; matchbook:1.6000; betrivers:1.5700; williamhill:1.5700,1-2,3.0,Sí
Tijuana vs FC Juárez,2025-02-14 22:00:00,Under 2.5,2.46,2.295,0.0001077555013709,6.0,0.014486884843847,0.0098900731221092,0.0001419206169678,6.0,0.0166928905989724,0.0115514359652453,matchbook,6.0,0.165,0.089,4.34,Liga MX,Goles (Over/Under),2025-02-14,matchbook:2.4600; williamhill:2.3000; nordicbet:2.3000; betsson:2.3000; betrivers:2.2500; coolbet:2.1600,1-2,3.0,No
Shrewsbury Town vs Bolton Wanderers,2025-02-15 10:00:00,Over 2.5,1.97,1.8775,0.0001063899275711,16.0,0.0145831170448683,0.0125659275881027,0.0001765841017586,16.0,0.0187323920304987,0.0155218421927559,pinnacle,16.0,0.0925,0.065,6.32,League One,Goles (Over/Under),2025-02-14,pinnacle:1.9700; matchbook:1.9600; nordicbet:1.9500; betsson:1.9500; onexbet:1.9200; playup:1.9200; tipico_de:1.9000; lowvig:1.8800; betonlineag:1.8800; williamhill:1.8500; bovada:1.8500; coolbet:1.8500; betus:1.8500; betrivers:1.7700; unibet_eu:1.7700; unibet:1.7700,2-3,5.0,Si
Shrewsbury Town vs Bolton Wanderers,2025-02-15 10:00:00,Under 2.5,1.97,1.8956,0.0001063899275711,16.0,0.0145831170448682,0.0125659275881027,0.0001122822820859,16.0,0.0149543332070044,0.0125403783570572,unibet,16.0,0.0744,0.0533,7.26,League One,Goles (Over/Under),2025-02-14,unibet:1.9700; betrivers:1.9600; unibet_eu:1.9600; williamhill:1.9500; lowvig:1.9400; betonlineag:1.9400; matchbook:1.9100; bovada:1.8900; coolbet:1.8900; betus:1.8900; onexbet:1.8800; pinnacle:1.8700; nordicbet:1.8300; betsson:1.8300; playup:1.8200; tipico_de:1.8000,2-3,5.0,No
Frosinone vs Reggiana,2025-02-16 09:00:00,Over 2.5,2.65,2.5625,0.0001031965919328,4.0,0.0138088715526854,0.0130635405624493,9.806862868927868e-05,4.0,0.0136697272579989,0.0133615710435117,unibet_eu,4.0,0.0875,0.0893,8.66,Serie B,Goles (Over/Under),2025-02-14,unibet_eu:2.6500; unibet:2.6500; tipico_de:2.5000; williamhill:2.4500,1-1,2.0,No
Frosinone vs Reggiana,2025-02-16 09:00:00,Under 2.5,1.5,1.4425,0.0001031965919328,4.0,0.0138088715526854,0.0130635405624493,0.0001792992330182,4.0,0.0175277876968456,0.0155294693078992,williamhill,4.0,0.0575,0.037,7.48,Serie B,Goles (Over/Under),2025-02-14,williamhill:1.5000; tipico_de:1.4500; unibet_eu:1.4100; unibet:1.4100,1-1,2.0,Sí
Mazatlán FC vs Santos Laguna,2025-02-14 22:00:00,Over 2.5,1.91,1.8138,9.528923771785022e-05,13.0,0.0137843240128192,0.0114871279143567,0.0002203718699323,13.0,0.0208425390394037,0.0180728570822751,matchbook,13.0,0.0962,0.0671,5.83,Liga MX,Goles (Over/Under),2025-02-14,matchbook:1.9100; pinnacle:1.8800; betus:1.8800; betonlineag:1.8500; lowvig:1.8500; coolbet:1.8400; bovada:1.8300; nordicbet:1.8300; betsson:1.8300; williamhill:1.7500; betrivers:1.7100; unibet_eu:1.7100; unibet:1.7100,1-1,2.0,No
Mazatlán FC vs Santos Laguna,2025-02-14 22:00:00,Under 2.5,2.04,1.9854,9.528923771785022e-05,13.0,0.0137843240128193,0.0114871279143567,6.64388888165278e-05,13.0,0.0115217173568128,0.0081597251802612,betrivers,13.0,0.0546,0.0443,7.5,Liga MX,Goles (Over/Under),2025-02-14,betrivers:2.0400; unibet_eu:2.0400; unibet:2.0400; bovada:2.0000; pinnacle:2.0000; williamhill:2.0000; coolbet:1.9800; betonlineag:1.9800; lowvig:1.9800; matchbook:1.9800; nordicbet:1.9500; betsson:1.9500; betus:1.8700,1-1,2.0,Sí
Bari vs Cremonese,2025-02-15 11:15:00,Over 2.5,2.25,2.193,9.064460972674264e-05,10.0,0.0133074563684499,0.0112612871003165,8.092676382901773e-05,10.0,0.0126864404814315,0.0094760045563832,betrivers,10.0,0.057,0.059,8.96,Serie B,Goles (Over/Under),2025-02-14,betrivers:2.2500; unibet_eu:2.2500; unibet:2.2500; matchbook:2.2400; williamhill:2.2000; coolbet:2.1900; onexbet:2.1800; nordicbet:2.1600; betsson:2.1600; tipico_de:2.0500,1-1,2.0,No
Bari vs Cremonese,2025-02-15 11:15:00,Under 2.5,1.71,1.632,9.064460972674264e-05,10.0,0.0133074563684499,0.0112612871003164,0.0002479966858315,10.0,0.0216097577511181,0.0190021058062155,matchbook,10.0,0.078,0.0564,7.26,Serie B,Goles (Over/Under),2025-02-14,matchbook:1.7100; onexbet:1.6800; tipico_de:1.6700; coolbet:1.6600; nordicbet:1.6500; betsson:1.6500; williamhill:1.6500; betrivers:1.5500; unibet_eu:1.5500; unibet:1.5500,1-1,2.0,Sí
Guingamp vs Metz,2025-02-15 14:00:00,Over 2.5,2.2,2.071,8.449514764049358e-05,10.0,0.0129442657106695,0.0112647980761655,0.000146382069128,10.0,0.0170972299891034,0.0148490083768687,matchbook,10.0,0.129,0.0729,6.06,Ligue 2,Goles (Over/Under),2025-02-14,matchbook:2.2000; playup:2.1200; coolbet:2.1200; betsson:2.1000; nordicbet:2.1000; williamhill:2.1000; tipico_de:2.0500; unibet:1.9800; betrivers:1.9700; unibet_eu:1.9700,0-3,3.0,Si
Guingamp vs Metz,2025-02-15 14:00:00,Under 2.5,1.75,1.702,8.449514764049358e-05,10.0,0.0129442657106695,0.0112647980761655,7.138380636955094e-05,10.0,0.0117683229656164,0.0098115453787819,betrivers,10.0,0.048,0.0343,7.9,Ligue 2,Goles (Over/Under),2025-02-14,betrivers:1.7500; unibet_eu:1.7500; unibet:1.7500; williamhill:1.7000; coolbet:1.7000; matchbook:1.6900; betsson:1.6800; nordicbet:1.6800; tipico_de:1.6700; playup:1.6500,0-3,3.0,No
Eintracht Braunschweig vs SV Darmstadt 98,2025-02-15 07:00:00,Over 2.5,1.73,1.677,8.449402232134943e-05,10.0,0.0128947978603404,0.0115469731166291,0.0001412856956502,10.0,0.0164500031872745,0.0146218916101766,onexbet,10.0,0.053,0.0454,6.58,Bundesliga 2,Goles (Over/Under),2025-02-14,onexbet:1.7300; playup:1.7200; coolbet:1.7100; tipico_de:1.7000; williamhill:1.7000; betsson:1.6900; nordicbet:1.6900; betrivers:1.6100; unibet_eu:1.6100; unibet:1.6100,3-0,3.0,Si
Eintracht Braunschweig vs SV Darmstadt 98,2025-02-15 07:00:00,Under 2.5,2.2,2.119,8.449402232134943e-05,10.0,0.0128947978603403,0.0115469731166291,7.708450746471657e-05,10.0,0.0123915295824368,0.0106226384995495,betrivers,10.0,0.081,0.0563,7.57,Bundesliga 2,Goles (Over/Under),2025-02-14,betrivers:2.2000; unibet_eu:2.2000; unibet:2.2000; onexbet:2.1100; tipico_de:2.1000; coolbet:2.1000; betsson:2.0900; nordicbet:2.0900; williamhill:2.0500; playup:2.0500,3-0,3.0,No
Girona vs Getafe,2025-02-14 15:00:00,Over 2.5,2.7,2.6,8.430327144316312e-05,4.0,0.0124600647707116,0.0119970716928258,0.0001158863172331,4.0,0.0148148148148148,0.0148148148148148,unibet,4.0,0.1,0.1,6.97,La Liga,Goles (Over/Under),2025-02-14,unibet:2.7000; unibet_eu:2.7000; tipico_de:2.5000; williamhill:2.5000,1-2,3.0,Sí
Girona vs Getafe,2025-02-14 15:00:00,Under 2.5,1.5,1.45,8.430327144316312e-05,4.0,0.0124600647707115,0.0119970716928257,0.0001063781791161,4.0,0.0135755560029958,0.0116307303807303,tipico_de,4.0,0.05,0.0292,6.67,La Liga,Goles (Over/Under),2025-02-14,tipico_de:1.5000; williamhill:1.4400; unibet:1.4300; unibet_eu:1.4300,1-2,3.0,No
Cracovia Kraków vs Korona Kielce,2025-02-14 12:00:00,Over 2.5,2.24,2.0664,8.006974510504188e-05,11.0,0.0126143377878269,0.0109302933425451,0.0002091551644291,11.0,0.0204309732625848,0.0158249791681217,matchbook,11.0,0.1736,0.0876,4.52,Ekstraklasa,Goles (Over/Under),2025-02-14,matchbook:2.2400; betonlineag:2.1700; coolbet:2.1100; onexbet:2.0900; playup:2.0800; nordicbet:2.0700; betsson:2.0700; tipico_de:2.0500; betrivers:1.9500; unibet_eu:1.9500; unibet:1.9500,1-1,2.0,No
Cracovia Kraków vs Korona Kielce,2025-02-14 12:00:00,Under 2.5,1.77,1.7291,8.006974510504188e-05,11.0,0.0126143377878269,0.0109302933425451,6.848188489138733e-05,11.0,0.0115545377018847,0.0100833015891216,betrivers,11.0,0.0409,0.0345,7.78,Ekstraklasa,Goles (Over/Under),2025-02-14,betrivers:1.7700; unibet_eu:1.7700; unibet:1.7700; matchbook:1.7700; coolbet:1.7300; betonlineag:1.7300; onexbet:1.7100; nordicbet:1.7000; betsson:1.7000; playup:1.7000; tipico_de:1.6700,1-1,2.0,Sí
Carlisle United vs Colchester United,2025-02-15 10:00:00,Over 2.5,2.25,2.148,7.897172507912002e-05,10.0,0.0124622538093052,0.0112502202081365,0.0001255820007093,10.0,0.0158073183714746,0.0140730235141922,nordicbet,10.0,0.102,0.073,6.94,League Two,Goles (Over/Under),2025-02-14,nordicbet:2.2500; betsson:2.2500; onexbet:2.2100; playup:2.2000; williamhill:2.1500; tipico_de:2.1500; betrivers:2.0700; unibet_eu:2.0700; unibet:2.0700; matchbook:2.0600,0-0,0.0,No
Carlisle United vs Colchester United,2025-02-15 10:00:00,Under 2.5,1.7,1.65,7.897172507912002e-05,10.0,0.0124622538093052,0.0112502202081365,8.449458989971703e-05,10.0,0.012715024809067,0.010910489048316,betrivers,10.0,0.05,0.0349,7.37,League Two,Goles (Over/Under),2025-02-14,betrivers:1.7000; unibet_eu:1.7000; unibet:1.7000; williamhill:1.6500; onexbet:1.6400; nordicbet:1.6300; betsson:1.6300; matchbook:1.6300; tipico_de:1.6200; playup:1.6000,0-0,0.0,Sí
FC Cartagena vs Málaga,2025-02-15 10:15:00,Over 2.5,2.52,2.404,7.832231346191943e-05,5.0,0.0122045717547313,0.0115102719063115,0.0001366535300477,5.0,0.0162960930096509,0.0145590062111801,onexbet,5.0,0.116,0.0941,6.35,La Liga 2,Goles (Over/Under),2025-02-14,onexbet:2.5200; williamhill:2.5000; tipico_de:2.4000; unibet:2.3000; unibet_eu:2.3000,0-1,1.0,No
FC Cartagena vs Málaga,2025-02-15 10:15:00,Under 2.5,1.55,1.524,7.832231346191943e-05,5.0,0.0122045717547313,0.0115102719063115,5.157458798512399e-05,5.0,0.0096500770422382,0.0089190718732314,unibet,5.0,0.026,0.0224,7.99,La Liga 2,Goles (Over/Under),2025-02-14,unibet:1.5500; unibet_eu:1.5500; onexbet:1.5200; tipico_de:1.5000; williamhill:1.5000,0-1,1.0,Sí
Avispa Fukuoka vs Kashiwa Reysol,2025-02-15 00:00:00,Over 1.5,1.61,1.5657,7.76775343202041e-05,7.0,0.0121992065159823,0.0101148423350035,0.0001135083287988,7.0,0.0144368171643298,0.0120368347781401,matchbook,7.0,0.0443,0.035,7.36,J1 League,Goles (Over/Under),2025-02-14,matchbook:1.6100; onexbet:1.6000; playup:1.5800; betsson:1.5700; nordicbet:1.5700; tipico_de:1.5200; betrivers:1.5100,0-1,1.0,No
Avispa Fukuoka vs Kashiwa Reysol,2025-02-15 00:00:00,Under 1.5,2.48,2.3371,7.76775343202041e-05,7.0,0.0121992065159823,0.0101148423350035,0.0001625698742302,7.0,0.0178455816581304,0.015405542509303,betrivers,7.0,0.1429,0.0971,6.55,J1 League,Goles (Over/Under),2025-02-14,betrivers:2.4800; matchbook:2.4400; onexbet:2.3700; tipico_de:2.3500; playup:2.3000; betsson:2.2100; nordicbet:2.2100,0-1,1.0,Si
Universidad de Chile vs Ñublense,2025-02-15 18:30:00,Over 2.5,1.69,1.638,7.749962601157935e-05,5.0,0.0123319369775965,0.0112559576757177,0.0001104080445291,5.0,0.0145029867537612,0.0138964549220959,onexbet,5.0,0.052,0.0392,7.25,Primera División Chile,Goles (Over/Under),2025-02-14,onexbet:1.6900; playup:1.6800; tipico_de:1.6200; betrivers:1.6000; unibet:1.6000,5-0,5.0,Sí
Universidad de Chile vs Ñublense,2025-02-15 18:30:00,Under 2.5,2.23,2.162,7.749962601157935e-05,5.0,0.0123319369775965,0.0112559576757177,8.250858733025682e-05,5.0,0.0128090650197935,0.0115667429161467,betrivers,5.0,0.068,0.0598,7.34,Primera División Chile,Goles (Over/Under),2025-02-14,betrivers:2.2300; unibet:2.2300; tipico_de:2.1500; onexbet:2.1200; playup:2.0800,5-0,5.0,No
Bristol Rovers vs Burton Albion,2025-02-15 10:00:00,Over 2.5,2.1,2.0355,7.744278321807221e-05,11.0,0.0123966777529033,0.0110891469252295,7.598896214502142e-05,11.0,0.0123244296204734,0.0100366777579603,betrivers,11.0,0.0645,0.0505,7.86,League One,Goles (Over/Under),2025-02-14,betrivers:2.1000; unibet_eu:2.1000; unibet:2.1000; onexbet:2.0500; williamhill:2.0500; matchbook:2.0400; coolbet:2.0200; betsson:2.0000; nordicbet:2.0000; playup:2.0000; tipico_de:1.9300,3-1,4.0,Sí
Bristol Rovers vs Burton Albion,2025-02-15 10:00:00,Under 2.5,1.8,1.7318,7.744278321807221e-05,11.0,0.0123966777529033,0.0110891469252295,0.0001489432676604,11.0,0.0170237161023066,0.0152310590409424,matchbook,11.0,0.0682,0.0504,7.37,League One,Goles (Over/Under),2025-02-14,matchbook:1.8000; betsson:1.7800; nordicbet:1.7800; onexbet:1.7700; playup:1.7500; tipico_de:1.7500; coolbet:1.7400; williamhill:1.7000; betrivers:1.6600; unibet_eu:1.6600; unibet:1.6600,3-1,4.0,No
Stevenage vs Peterborough United,2025-02-15 10:00:00,Over 2.5,2.02,1.8969,7.515498578896763e-05,16.0,0.0122568726922974,0.0106637283110787,0.0001481743894883,16.0,0.0171888671943221,0.0141617376543937,lowvig,16.0,0.1231,0.0628,5.06,League One,Goles (Over/Under),2025-02-14,lowvig:2.0200; betonlineag:2.0200; williamhill:1.9500; matchbook:1.9400; bovada:1.9300; betus:1.9300; onexbet:1.9000; coolbet:1.8900; pinnacle:1.8900; nordicbet:1.8700; betsson:1.8700; playup:1.8500; tipico_de:1.8300; betrivers:1.8200; unibet_eu:1.8200; unibet:1.8200,1-1,2.0,No
Stevenage vs Peterborough United,2025-02-15 10:00:00,Under 2.5,1.94,1.8694,7.515498578896763e-05,16.0,0.0122568726922974,0.0106637283110787,7.432738469671632e-05,16.0,0.0121587257744146,0.0109930102663908,pinnacle,16.0,0.0706,0.0423,6.49,League One,Goles (Over/Under),2025-02-14,pinnacle:1.9400; matchbook:1.9300; onexbet:1.9000; unibet:1.9000; nordicbet:1.9000; betsson:1.9000; betrivers:1.8900; unibet_eu:1.8900; playup:1.8800; coolbet:1.8500; tipico_de:1.8500; bovada:1.8200; betus:1.8200; lowvig:1.8200; betonlineag:1.8200; williamhill:1.8000,1-1,2.0,Si
Palermo vs Mantova,2025-02-16 09:00:00,Over 2.5,1.93,1.8823,7.48489855696724e-05,13.0,0.0122326360801318,0.009433951582172,6.691373393332557e-05,13.0,0.0115261567836554,0.0085374290757414,matchbook,13.0,0.0477,0.0394,8.31,Serie B,Goles (Over/Under),2025-02-14,matchbook:1.9300; bovada:1.9100; williamhill:1.9100; betrivers:1.9100; unibet_eu:1.9100; unibet:1.9100; coolbet:1.8900; betsson:1.8700; nordicbet:1.8700; onexbet:1.8700; pinnacle:1.8600; betus:1.8600; tipico_de:1.7700,2-2,4.0,Sí
Palermo vs Mantova,2025-02-16 09:00:00,Under 2.5,1.98,1.8762,7.48489855696724e-05,13.0,0.0122326360801319,0.009433951582172,0.000197296954719,13.0,0.0197985402354499,0.0157841762939177,pinnacle,13.0,0.1038,0.0687,7.0,Serie B,Goles (Over/Under),2025-02-14,pinnacle:1.9800; matchbook:1.9700; onexbet:1.9300; tipico_de:1.9300; bovada:1.9100; coolbet:1.8900; betus:1.8800; betsson:1.8700; nordicbet:1.8700; williamhill:1.8500; betrivers:1.7700; unibet_eu:1.7700; unibet:1.7700,2-2,4.0,No
1. FC Nürnberg vs SSV Ulm 1846,2025-02-16 07:30:00,Over 2.5,1.73,1.6791,7.48383854230256e-05,11.0,0.0121449302971644,0.0101335921827176,0.0001090366928775,11.0,0.0144697819280322,0.0121859667022082,williamhill,11.0,0.0509,0.0403,7.8,Bundesliga 2,Goles (Over/Under),2025-02-14,williamhill:1.7300; onexbet:1.7200; matchbook:1.7200; coolbet:1.7100; playup:1.7000; betsson:1.6800; nordicbet:1.6800; tipico_de:1.6700; betrivers:1.6200; unibet:1.6200; unibet_eu:1.6200,0-1,1.0,No
1. FC Nürnberg vs SSV Ulm 1846,2025-02-16 07:30:00,Under 2.5,2.2,2.1264,7.48383854230256e-05,11.0,0.0121449302971644,0.0101335921827177,8.558870343299568e-05,11.0,0.0130627603069245,0.010395697334665,betrivers,11.0,0.0736,0.0582,7.18,Bundesliga 2,Goles (Over/Under),2025-02-14,betrivers:2.2000; unibet:2.2000; unibet_eu:2.2000; tipico_de:2.1500; matchbook:2.1400; onexbet:2.1200; betsson:2.1000; nordicbet:2.1000; coolbet:2.1000; playup:2.0800; williamhill:2.0000,0-1,1.0,Si
FC Twente Enschede vs RKC Waalwijk,2025-02-16 08:30:00,Over 3.5,2.2,2.1333,7.329884881535617e-05,9.0,0.0120305260471328,0.009484634395948,9.49174835871624e-05,9.0,0.0137570889742624,0.0106272137739386,betrivers,9.0,0.0667,0.0611,6.43,Eredivisie,Goles (Over/Under),2025-02-14,betrivers:2.2000; unibet_eu:2.2000; unibet:2.2000; coolbet:2.1500; onexbet:2.1300; betsson:2.1100; nordicbet:2.1100; playup:2.1000; tipico_de:2.0000,2-0,2.0,No
FC Twente Enschede vs RKC Waalwijk,2025-02-16 08:30:00,Under 3.5,1.75,1.68,7.329884881535617e-05,9.0,0.0120305260471328,0.009484634395948,7.671826975248041e-05,9.0,0.0121678379343225,0.0095114480859957,tipico_de,9.0,0.07,0.0346,7.14,Eredivisie,Goles (Over/Under),2025-02-14,tipico_de:1.7500; onexbet:1.7100; betsson:1.6900; nordicbet:1.6900; playup:1.6800; coolbet:1.6800; betrivers:1.6400; unibet_eu:1.6400; unibet:1.6400,2-0,2.0,Sí
Levadiakos vs Aris Thessaloniki,2025-02-16 08:00:00,Over 2.5,2.6,2.525,6.988383868391178e-05,4.0,0.0113916558277808,0.0112673540220498,7.243715672398065e-05,4.0,0.0117739403453689,0.0117739403453689,unibet_eu,4.0,0.075,0.075,8.39,Super League Greece,Goles (Over/Under),2025-02-14,unibet_eu:2.6000; unibet:2.6000; williamhill:2.4500; tipico_de:2.4500,1-4,5.0,Sí
Levadiakos vs Aris Thessaloniki,2025-02-16 08:00:00,Under 2.5,1.5,1.4575,6.988383868391178e-05,4.0,0.0113916558277808,0.0112673540220498,0.0001099192851932,4.0,0.0137823318471494,0.0129156557727986,williamhill,4.0,0.0425,0.0295,7.48,Super League Greece,Goles (Over/Under),2025-02-14,williamhill:1.5000; tipico_de:1.4700; unibet_eu:1.4300; unibet:1.4300,1-4,5.0,No
Wigan Athletic vs Stockport County FC,2025-02-15 10:00:00,Over 2.5,2.6,2.4938,6.874963652417709e-05,8.0,0.0113286189792911,0.0093306502751938,7.038558262973887e-05,8.0,0.0116253101270508,0.0093684589220303,unibet_eu,8.0,0.1062,0.0726,7.91,League One,Goles (Over/Under),2025-02-14,unibet_eu:2.6000; unibet:2.6000; onexbet:2.5000; nordicbet:2.5000; betsson:2.5000; playup:2.4500; williamhill:2.4000; tipico_de:2.4000,0-2,2.0,No
Wigan Athletic vs Stockport County FC,2025-02-15 10:00:00,Under 2.5,1.53,1.5012,6.874963652417709e-05,8.0,0.0113286189792911,0.0093306502751938,0.0001332333814131,8.0,0.0152983131690152,0.012850317456081,onexbet,8.0,0.0288,0.0337,7.03,League One,Goles (Over/Under),2025-02-14,onexbet:1.5300; williamhill:1.5300; nordicbet:1.5200; betsson:1.5200; playup:1.5200; tipico_de:1.5000; unibet:1.4500; unibet_eu:1.4400,0-2,2.0,Si
Harrogate Town vs Swindon Town,2025-02-15 10:00:00,Over 2.5,2.15,2.0827,6.759937264857102e-05,11.0,0.0115667794047046,0.0084815969761641,0.0001103932401863,11.0,0.0148504639311282,0.011218339226404,unibet_eu,11.0,0.0673,0.0624,7.49,League Two,Goles (Over/Under),2025-02-14,unibet_eu:2.1500; betrivers:2.1500; unibet:2.1500; williamhill:2.1000; nordicbet:2.1000; betsson:2.1000; onexbet:2.0900; coolbet:2.0800; playup:2.0500; tipico_de:2.0000; matchbook:1.9400,1-0,1.0,No
Harrogate Town vs Swindon Town,2025-02-15 10:00:00,Under 2.5,1.74,1.69,6.759937264857102e-05,11.0,0.0115667794047046,0.0084815969761641,7.426108122053754e-05,11.0,0.011963949184439,0.010306223703725,matchbook,11.0,0.05,0.0338,9.02,League Two,Goles (Over/Under),2025-02-14,matchbook:1.7400; nordicbet:1.7200; betsson:1.7200; onexbet:1.7100; williamhill:1.7000; tipico_de:1.7000; coolbet:1.7000; playup:1.6800; unibet_eu:1.6400; betrivers:1.6400; unibet:1.6400,1-0,1.0,Sí
FC Zwolle vs Heerenveen,2025-02-16 08:30:00,Over 2.5,1.77,1.734,6.713433012346437e-05,10.0,0.011534076719946,0.0104563968897594,7.548225381460913e-05,10.0,0.0121199969040107,0.010971824785384,onexbet,10.0,0.036,0.0358,6.5,Eredivisie,Goles (Over/Under),2025-02-14,onexbet:1.7700; betsson:1.7600; nordicbet:1.7600; coolbet:1.7600; playup:1.7500; williamhill:1.7500; tipico_de:1.7500; betrivers:1.6800; unibet_eu:1.6800; unibet:1.6800,1-1,2.0,No
FC Zwolle vs Heerenveen,2025-02-16 08:30:00,Under 2.5,2.14,2.059,6.713433012346437e-05,10.0,0.0115340767199459,0.0104563968897594,8.293808110287325e-05,10.0,0.012869443005656,0.0112374939632278,betrivers,10.0,0.081,0.0554,6.25,Eredivisie,Goles (Over/Under),2025-02-14,betrivers:2.1400; unibet_eu:2.1400; unibet:2.1400; onexbet:2.0500; tipico_de:2.0500; coolbet:2.0300; betsson:2.0200; nordicbet:2.0200; playup:2.0000; williamhill:2.0000,1-1,2.0,Sí
Crawley Town vs Wycombe Wanderers,2025-02-15 10:00:00,Over 2.5,1.9,1.8456,6.565823660480011e-05,16.0,0.0114553332253612,0.0084710714659961,7.103552009276429e-05,16.0,0.0118452352917182,0.0069326408410572,unibet,16.0,0.0544,0.0387,7.58,League One,Goles (Over/Under),2025-02-14,unibet:1.9000; betrivers:1.8900; unibet_eu:1.8900; onexbet:1.8500; williamhill:1.8500; nordicbet:1.8500; betsson:1.8500; coolbet:1.8500; pinnacle:1.8500; matchbook:1.8500; lowvig:1.8500; betonlineag:1.8500; bovada:1.8300; betus:1.8300; playup:1.8200; tipico_de:1.7200,1-1,2.0,No
Crawley Town vs Wycombe Wanderers,2025-02-15 10:00:00,Under 2.5,2.0,1.9238,6.565823660480011e-05,16.0,0.0114553332253612,0.0084710714659962,0.0001340942874088,16.0,0.0163495192379177,0.0132993360810777,pinnacle,16.0,0.0762,0.0593,8.14,League One,Goles (Over/Under),2025-02-14,pinnacle:2.0000; matchbook:2.0000; lowvig:1.9800; betonlineag:1.9800; tipico_de:1.9700; onexbet:1.9500; nordicbet:1.9500; betsson:1.9500; playup:1.9200; williamhill:1.9100; bovada:1.9100; betus:1.9100; coolbet:1.8900; betrivers:1.8200; unibet:1.8200; unibet_eu:1.8200,1-1,2.0,Si
Aldosivi Mar del Plata vs Estudiantes,2025-02-15 15:00:00,Over 2.5,2.55,2.444,6.523160430671582e-05,5.0,0.0111242622764695,0.0103082676124496,9.575088482611609e-05,5.0,0.0136129154586844,0.0127328931744978,nordicbet,5.0,0.106,0.0809,5.88,Liga Profesional,Goles (Over/Under),2025-02-14,nordicbet:2.5500; playup:2.5000; onexbet:2.4700; betrivers:2.3500; unibet:2.3500,2-2,4.0,Sí
Aldosivi Mar del Plata vs Estudiantes,2025-02-15 15:00:00,Under 2.5,1.56,1.536,6.523160430671582e-05,5.0,0.0111242622764695,0.0103082676124495,5.4581016824217744e-05,5.0,0.0099447701753188,0.0088704278177962,betrivers,5.0,0.024,0.0233,6.66,Liga Profesional,Goles (Over/Under),2025-02-14,betrivers:1.5600; unibet:1.5600; onexbet:1.5400; nordicbet:1.5200; playup:1.5000,2-2,4.0,No
Leuven vs Dender,2025-02-15 10:00:00,Over 2.5,2.2,2.1309,6.460953146269643e-05,11.0,0.0112931712359058,0.0083454807903201,9.849460117504769e-05,11.0,0.0140139790819948,0.0115270433651547,betrivers,11.0,0.0691,0.0623,6.43,Pro League,Goles (Over/Under),2025-02-14,betrivers:2.2000; unibet_eu:2.2000; unibet:2.2000; matchbook:2.1800; coolbet:2.1500; onexbet:2.1400; nordicbet:2.1100; betsson:2.1100; tipico_de:2.1000; playup:2.0500; williamhill:2.0000,3-2,5.0,Sí
Leuven vs Dender,2025-02-15 10:00:00,Under 2.5,1.75,1.69,6.460953146269643e-05,11.0,0.0112931712359058,0.0083454807903202,8.258775008738756e-05,11.0,0.012624772556707,0.0102852897915561,williamhill,11.0,0.06,0.0359,7.14,Pro League,Goles (Over/Under),2025-02-14,williamhill:1.7500; matchbook:1.7300; onexbet:1.7200; coolbet:1.7100; tipico_de:1.7000; nordicbet:1.6900; betsson:1.6900; playup:1.6800; betrivers:1.6400; unibet_eu:1.6400; unibet:1.6400,3-2,5.0,No
Banfield vs Boca Juniors,2025-02-14 18:00:00,Over 2.0,2.1,2.0075,6.366022153841633e-05,4.0,0.0112720944849627,0.008220501958845,0.0001110253856346,4.0,0.0148972350574232,0.0111954108068097,pinnacle,4.0,0.0925,0.0606,2.87,Liga Profesional,Goles (Over/Under),2025-02-14,pinnacle:2.1000; lowvig:2.0000; betonlineag:2.0000; bovada:1.9300,0-1,1.0,No
Banfield vs Boca Juniors,2025-02-14 18:00:00,Under 2.0,1.89,1.84,6.366022153841633e-05,4.0,0.0112720944849627,0.0082205019588451,3.8426704070975445e-05,4.0,0.0087381416368236,0.007260096925888,bovada,4.0,0.05,0.03,4.72,Liga Profesional,Goles (Over/Under),2025-02-14,bovada:1.8900; lowvig:1.8300; betonlineag:1.8300; pinnacle:1.8100,0-1,1.0,Sí
Red Star vs FC Martigues,2025-02-14 14:00:00,Over 2.5,1.93,1.8613,6.255626803744764e-05,15.0,0.0111787788626037,0.0081802878294089,6.83497071884396e-05,15.0,0.0116595925709622,0.0096193589765151,pinnacle,15.0,0.0687,0.0406,5.87,Ligue 2,Goles (Over/Under),2025-02-14,pinnacle:1.9300; matchbook:1.9300; betus:1.9200; bovada:1.8900; playup:1.8800; coolbet:1.8700; unibet:1.8600; betrivers:1.8500; unibet_eu:1.8500; nordicbet:1.8400; betsson:1.8400; tipico_de:1.8300; williamhill:1.8300; betonlineag:1.8000; lowvig:1.8000,1-0,1.0,No
Red Star vs FC Martigues,2025-02-14 14:00:00,Under 2.5,2.05,1.9153,6.255626803744764e-05,15.0,0.0111787788626036,0.0081802878294088,0.0001770059550193,15.0,0.0188011361193562,0.0152810689773636,betonlineag,15.0,0.1347,0.0714,4.34,Ligue 2,Goles (Over/Under),2025-02-14,betonlineag:2.0500; lowvig:2.0500; matchbook:2.0400; pinnacle:1.9400; bovada:1.9300; williamhill:1.9100; coolbet:1.9000; nordicbet:1.8900; betsson:1.8900; betus:1.8700; unibet:1.8600; tipico_de:1.8500; playup:1.8500; betrivers:1.8500; unibet_eu:1.8500,1-0,1.0,Si
Celtic vs Dundee United,2025-02-15 10:00:00,Over 3.5,2.05,1.9892,6.178679675053734e-05,13.0,0.0111038395216417,0.0075526681338737,0.000134875255202,13.0,0.0164098253895694,0.0119896390710689,betsson,13.0,0.0608,0.062,7.6,Scottish Premiership,Goles (Over/Under),2025-02-14,betsson:2.0500; nordicbet:2.0500; playup:2.0500; betonlineag:2.0200; lowvig:2.0200; onexbet:2.0100; betrivers:2.0000; unibet_eu:2.0000; unibet:2.0000; bovada:1.9800; coolbet:1.9600; matchbook:1.8900; tipico_de:1.8300,2-0,2.0,No
Celtic vs Dundee United,2025-02-15 10:00:00,Under 3.5,1.85,1.7762,6.178679675053734e-05,13.0,0.0111038395216418,0.0075526681338737,9.030403230770512e-05,13.0,0.0133257740554725,0.0113429699567762,tipico_de,13.0,0.0738,0.042,8.7,Scottish Premiership,Goles (Over/Under),2025-02-14,tipico_de:1.8500; coolbet:1.8200; betonlineag:1.8200; lowvig:1.8200; onexbet:1.8000; bovada:1.7800; betrivers:1.7600; unibet_eu:1.7600; unibet:1.7600; betsson:1.7500; nordicbet:1.7500; playup:1.7200; matchbook:1.7000,2-0,2.0,Sí
Montpellier vs Lyon,2025-02-16 09:00:00,Over 3.5,2.45,2.3129,6.104404360632104e-05,7.0,0.0108394915452631,0.0074244711529395,9.511744658983944e-05,7.0,0.0136581265906658,0.0106727722017527,betrivers,7.0,0.1371,0.0736,5.33,Ligue 1,Goles (Over/Under),2025-02-14,betrivers:2.4500; onexbet:2.3500; matchbook:2.3400; nordicbet:2.3000; betsson:2.3000; playup:2.2500; tipico_de:2.2000,1-4,5.0,Sí
Montpellier vs Lyon,2025-02-16 09:00:00,Under 3.5,1.69,1.63,6.104404360632104e-05,7.0,0.0108394915452631,0.0074244711529395,0.0001469333321443,7.0,0.0166533989142623,0.0120782331992639,onexbet,7.0,0.06,0.0438,4.63,Ligue 1,Goles (Over/Under),2025-02-14,onexbet:1.6900; matchbook:1.6800; nordicbet:1.6300; betsson:1.6300; playup:1.6300; tipico_de:1.6000; betrivers:1.5500,1-4,5.0,No
Willem II vs Groningen,2025-02-15 15:00:00,Over 2.0,1.87,1.8271,5.857638108420546e-05,7.0,0.0108119955928472,0.0104207538638309,7.426021225449298e-05,7.0,0.0121260732935045,0.0109802836252532,lowvig,7.0,0.0429,0.0403,5.02,Eredivisie,Goles (Over/Under),2025-02-14,lowvig:1.8700; betonlineag:1.8700; betanysports:1.8700; pinnacle:1.8100; betus:1.8100; bovada:1.8000; coolbet:1.7600,1-3,4.0,Sí
Willem II vs Groningen,2025-02-15 15:00:00,Under 2.0,2.06,1.99,5.857638108420546e-05,7.0,0.0108119955928472,0.0104207538638309,7.799841387992636e-05,7.0,0.0124885805137197,0.0121782013550034,pinnacle,7.0,0.07,0.0499,5.36,Eredivisie,Goles (Over/Under),2025-02-14,pinnacle:2.0600; bovada:2.0500; coolbet:2.0300; lowvig:1.9500; betonlineag:1.9500; betanysports:1.9500; betus:1.9400,1-3,4.0,No
Doncaster Rovers vs Grimsby Town,2025-02-15 07:30:00,Over 2.75,1.97,1.904,5.847823769795589e-05,5.0,0.0108133033928517,0.009866810650095,0.0001101540693445,5.0,0.0148250621828414,0.0144146668540083,betonlineag,5.0,0.066,0.0543,4.82,League Two,Goles (Over/Under),2025-02-14,betonlineag:1.9700; lowvig:1.9700; bovada:1.8700; betus:1.8600; pinnacle:1.8500,1-2,3.0,Sí
Doncaster Rovers vs Grimsby Town,2025-02-15 07:30:00,Under 2.75,1.94,1.878,5.847823769795589e-05,5.0,0.0108133033928517,0.009866810650095,4.262672246458251e-05,5.0,0.0092181589868395,0.0071635556249054,pinnacle,5.0,0.062,0.0331,5.6,League Two,Goles (Over/Under),2025-02-14,pinnacle:1.9400; betus:1.8800; bovada:1.8700; betonlineag:1.8500; lowvig:1.8500,1-2,3.0,No
RB Salzburg vs WSG Tirol,2025-02-15 11:00:00,Over 3.5,2.35,2.2656,5.667707184566546e-05,9.0,0.01049594109441,0.0081247125974609,0.0001319612079569,9.0,0.016145167401253,0.0149971375757164,nordicbet,9.0,0.0844,0.0815,9.22,Austrian Bundesliga,Goles (Over/Under),2025-02-14,nordicbet:2.3500; betsson:2.3500; coolbet:2.3400; onexbet:2.3300; playup:2.3000; betrivers:2.2300; betmgm:2.2000; tipico_de:2.1500; matchbook:2.1400,1-1,2.0,No
RB Salzburg vs WSG Tirol,2025-02-15 11:00:00,Under 3.5,1.65,1.58,5.667707184566546e-05,9.0,0.01049594109441,0.0081247125974609,0.0001470981519987,9.0,0.0164921262651662,0.0133450034273285,tipico_de,9.0,0.07,0.0408,7.34,Austrian Bundesliga,Goles (Over/Under),2025-02-14,tipico_de:1.6500; coolbet:1.6100; betmgm:1.6100; onexbet:1.6000; nordicbet:1.5700; betsson:1.5700; betrivers:1.5600; playup:1.5500; matchbook:1.5000,1-1,2.0,Sí
Real Racing Club de Santander vs Cádiz CF,2025-02-15 12:30:00,Over 2.5,2.14,2.0767,5.646051544084409e-05,9.0,0.010567949956517,0.0085557972660404,6.518793769290904e-05,9.0,0.0114115717142987,0.0081606259636083,unibet,9.0,0.0633,0.0483,7.7,La Liga 2,Goles (Over/Under),2025-02-14,unibet:2.1400; unibet_eu:2.1400; matchbook:2.1000; betsson:2.0800; nordicbet:2.0800; onexbet:2.0700; coolbet:2.0600; williamhill:2.0500; tipico_de:1.9700,2-3,5.0,Sí
Real Racing Club de Santander vs Cádiz CF,2025-02-15 12:30:00,Under 2.5,1.79,1.7089,5.646051544084409e-05,9.0,0.010567949956517,0.0085557972660404,0.0001290033260541,9.0,0.0158139079114852,0.0124911950813428,matchbook,9.0,0.0811,0.0461,6.63,La Liga 2,Goles (Over/Under),2025-02-14,matchbook:1.7900; onexbet:1.7500; coolbet:1.7400; tipico_de:1.7200; betsson:1.7000; nordicbet:1.7000; williamhill:1.7000; unibet:1.6400; unibet_eu:1.6400,2-3,5.0,No
Birmingham City vs Charlton Athletic,2025-02-15 10:00:00,Over 2.5,2.15,2.083,5.639285248741498e-05,10.0,0.0105708539885977,0.0081642247303584,0.0001104028315328,10.0,0.0148484374869964,0.0123289265093008,onexbet,10.0,0.067,0.0633,7.12,League One,Goles (Over/Under),2025-02-14,onexbet:2.1500; betsson:2.1500; nordicbet:2.1500; playup:2.1500; coolbet:2.0800; betrivers:2.0500; unibet:2.0500; unibet_eu:2.0500; tipico_de:2.0500; williamhill:1.9500,1-0,1.0,No
Birmingham City vs Charlton Athletic,2025-02-15 10:00:00,Under 2.5,1.75,1.693,5.639285248741498e-05,10.0,0.0105708539885977,0.0081642247303583,3.844605736851998e-05,10.0,0.0086281998142002,0.0064322996482207,williamhill,10.0,0.057,0.0249,8.42,League One,Goles (Over/Under),2025-02-14,williamhill:1.7500; onexbet:1.7000; betrivers:1.7000; unibet:1.7000; unibet_eu:1.7000; coolbet:1.7000; betsson:1.6800; nordicbet:1.6800; tipico_de:1.6700; playup:1.6500,1-0,1.0,Sí
Standard Liege vs Genk,2025-02-14 14:45:00,Over 2.5,1.88,1.8319,5.565556191743444e-05,16.0,0.0105445452441406,0.0086030179912052,6.734939311280706e-05,16.0,0.0115467757476046,0.0095467195324755,betrivers,16.0,0.0481,0.0383,6.38,Pro League,Goles (Over/Under),2025-02-14,betrivers:1.8800; unibet_eu:1.8800; unibet:1.8800; matchbook:1.8700; pinnacle:1.8500; betus:1.8500; betonlineag:1.8500; lowvig:1.8500; onexbet:1.8300; bovada:1.8300; coolbet:1.8200; playup:1.8000; nordicbet:1.8000; betsson:1.8000; tipico_de:1.7700; williamhill:1.7500,1-2,3.0,Sí
Standard Liege vs Genk,2025-02-14 14:45:00,Under 2.5,2.1,1.9694,5.565556191743444e-05,16.0,0.0105445452441406,0.0086030179912051,0.0001193724384073,16.0,0.0154432880733869,0.0120560951627251,matchbook,16.0,0.1306,0.0597,4.76,Pro League,Goles (Over/Under),2025-02-14,matchbook:2.1000; pinnacle:2.0400; coolbet:2.0000; tipico_de:2.0000; bovada:2.0000; williamhill:2.0000; onexbet:1.9900; betonlineag:1.9800; lowvig:1.9800; nordicbet:1.9700; betsson:1.9700; playup:1.9500; unibet:1.8900; betrivers:1.8800; unibet_eu:1.8800; betus:1.8800,1-2,3.0,No
AC Ajaccio vs Stade Lavallois,2025-02-14 14:00:00,Over 1.5,1.68,1.62,5.537424568995972e-05,7.0,0.0103949367975868,0.009847709869392,0.0001057859193898,7.0,0.0141067420180131,0.0099872815720388,matchbook,7.0,0.06,0.0366,6.92,Ligue 2,Goles (Over/Under),2025-02-14,matchbook:1.6800; betrivers:1.6400; onexbet:1.6300; betsson:1.6200; nordicbet:1.6200; playup:1.6000; tipico_de:1.5500,0-0,0.0,No
AC Ajaccio vs Stade Lavallois,2025-02-14 14:00:00,Under 1.5,2.4,2.2214,5.537424568995972e-05,7.0,0.0103949367975868,0.009847709869392,0.0001857172131018,7.0,0.0191587125655253,0.0165334072005829,matchbook,7.0,0.1786,0.096,6.18,Ligue 2,Goles (Over/Under),2025-02-14,matchbook:2.4000; onexbet:2.2700; tipico_de:2.2500; playup:2.2500; betrivers:2.1600; betsson:2.1100; nordicbet:2.1100,0-0,0.0,Sí
Brondby IF vs Viborg FF,2025-02-14 13:00:00,Over 3.0,1.99,1.955,5.248512438369574e-05,4.0,0.0102427064498363,0.0082978649076061,8.821604425438305e-05,4.0,0.0132711388957475,0.0114580627439036,pinnacle,4.0,0.035,0.0492,5.81,Superliga Denmark,Goles (Over/Under),2025-02-14,pinnacle:1.9900; bovada:1.9800; coolbet:1.9800; betus:1.8700,4-1,5.0,Sí
Brondby IF vs Viborg FF,2025-02-14 13:00:00,Under 3.0,1.9,1.8625,5.248512438369574e-05,4.0,0.0102427064498363,0.008297864907606,7.362428347674978e-05,4.0,0.0120935561425659,0.0108661292871819,pinnacle,4.0,0.0375,0.0415,6.11,Superliga Denmark,Goles (Over/Under),2025-02-14,pinnacle:1.9000; betus:1.9000; bovada:1.8500; coolbet:1.8000,4-1,5.0,No
Morecambe vs Accrington Stanley,2025-02-15 10:00:00,Over 2.5,2.08,2.0292,5.038889422463787e-05,12.0,0.0100058637297804,0.0079720414691631,5.207492414514782e-05,12.0,0.0102033666737021,0.0078644657680925,betrivers,12.0,0.0508,0.0413,7.6,League Two,Goles (Over/Under),2025-02-14,betrivers:2.0800; unibet_eu:2.0800; unibet:2.0800; nordicbet:2.0500; betsson:2.0500; onexbet:2.0200; coolbet:2.0200; lowvig:2.0200; betonlineag:2.0200; williamhill:2.0000; playup:2.0000; tipico_de:1.9300,2-0,2.0,No
Morecambe vs Accrington Stanley,2025-02-15 10:00:00,Under 2.5,1.82,1.7417,5.038889422463787e-05,12.0,0.0100058637297804,0.0079720414691631,0.000113803006531,12.0,0.0149174643637609,0.0115106935225219,lowvig,12.0,0.0783,0.0454,6.76,League Two,Goles (Over/Under),2025-02-14,lowvig:1.8200; betonlineag:1.8200; onexbet:1.7600; williamhill:1.7500; nordicbet:1.7500; betsson:1.7500; tipico_de:1.7500; coolbet:1.7400; playup:1.7200; betrivers:1.6800; unibet_eu:1.6800; unibet:1.6800,2-0,2.0,Sí
Yverdon Sport FC vs FC St Gallen,2025-02-16 08:15:00,Over 2.5,1.7,1.6533,4.93307009751417e-05,9.0,0.0098426678831032,0.008322427656774,5.126430055285591e-05,9.0,0.0098994478247629,0.0084242479720311,onexbet,9.0,0.0467,0.0271,7.6,Super League Switzerland,Goles (Over/Under),2025-02-14,onexbet:1.7000; playup:1.6800; tipico_de:1.6700; nordicbet:1.6600; betsson:1.6600; williamhill:1.6500; betrivers:1.6200; unibet:1.6200; unibet_eu:1.6200,1-0,1.0,No
Yverdon Sport FC vs FC St Gallen,2025-02-16 08:15:00,Under 2.5,2.23,2.1633,4.93307009751417e-05,9.0,0.0098426678831032,0.008322427656774,7.26304288331676e-05,9.0,0.012021170704659,0.0094185329532713,betrivers,9.0,0.0667,0.0556,6.57,Super League Switzerland,Goles (Over/Under),2025-02-14,betrivers:2.2300; unibet:2.2300; unibet_eu:2.2300; onexbet:2.1500; tipico_de:2.1500; williamhill:2.1500; nordicbet:2.1400; betsson:2.1400; playup:2.0500,1-0,1.0,Sí
Troyes vs Lorient,2025-02-14 14:00:00,Over 2.25,2.05,2.004,4.9229312083212746e-05,5.0,0.0099143816848928,0.0074911573787227,0.0001198347282465,5.0,0.0154754466127259,0.0120688320183694,betonlineag,5.0,0.046,0.0599,4.34,Ligue 2,Goles (Over/Under),2025-02-14,betonlineag:2.0500; lowvig:2.0500; pinnacle:2.0300; bovada:2.0000; betus:1.8900,0-4,4.0,Sí
Troyes vs Lorient,2025-02-14 14:00:00,Under 2.25,1.85,1.826,4.9229312083212746e-05,5.0,0.0099143816848928,0.0074911573787227,2.2964811622045083e-05,5.0,0.0067453476571669,0.0062619997046227,pinnacle,5.0,0.024,0.0224,6.96,Ligue 2,Goles (Over/Under),2025-02-14,pinnacle:1.8500; betus:1.8500; bovada:1.8300; betonlineag:1.8000; lowvig:1.8000,0-4,4.0,No
Northampton Town vs Wrexham AFC,2025-02-15 07:30:00,Over 2.5,2.25,2.165,4.784536388284499e-05,10.0,0.0096822763691209,0.0088425888385189,0.0001081715413168,10.0,0.0146627274769935,0.0135353798541163,betsson,10.0,0.085,0.0689,6.94,League One,Goles (Over/Under),2025-02-14,betsson:2.2500; nordicbet:2.2500; playup:2.2500; onexbet:2.2300; tipico_de:2.1500; unibet_eu:2.1200; unibet:2.1200; betrivers:2.1200; williamhill:2.1000; matchbook:2.0600,0-2,2.0,No
Northampton Town vs Wrexham AFC,2025-02-15 07:30:00,Under 2.5,1.67,1.635,4.784536388284499e-05,10.0,0.0096822763691209,0.008842588838519,3.13311651581947e-05,10.0,0.0077147133511346,0.007109098301713,williamhill,10.0,0.035,0.0206,8.42,League One,Goles (Over/Under),2025-02-14,williamhill:1.6700; onexbet:1.6500; unibet_eu:1.6500; unibet:1.6500; betrivers:1.6500; betsson:1.6200; nordicbet:1.6200; tipico_de:1.6200; matchbook:1.6200; playup:1.6000,0-2,2.0,Sí
FC Lugano vs FC Luzern,2025-02-15 12:00:00,Over 2.5,1.75,1.69,4.781051319335083e-05,8.0,0.009723331439332,0.0076244493595623,7.706115973718266e-05,8.0,0.0122054931983425,0.0096782497901942,coolbet,8.0,0.06,0.035,7.14,Super League Switzerland,Goles (Over/Under),2025-02-14,coolbet:1.7500; williamhill:1.7300; onexbet:1.7000; nordicbet:1.6900; betsson:1.6900; tipico_de:1.6700; playup:1.6500; betrivers:1.6400,2-0,2.0,No
FC Lugano vs FC Luzern,2025-02-15 12:00:00,Under 2.5,2.17,2.1087,4.781051319335083e-05,8.0,0.009723331439332,0.0076244493595623,6.416410733989732e-05,8.0,0.0113173990016569,0.0080929830671953,betrivers,8.0,0.0613,0.0491,7.06,Super League Switzerland,Goles (Over/Under),2025-02-14,betrivers:2.1700; onexbet:2.1500; tipico_de:2.1500; nordicbet:2.1000; betsson:2.1000; coolbet:2.1000; playup:2.1000; williamhill:2.0000,2-0,2.0,Sí
Western United FC vs Auckland FC,2025-02-15 02:00:00,Over 2.5,1.75,1.735,4.668272975935026e-05,8.0,0.0096272931907966,0.0084380597410019,9.889103725112444e-06,8.0,0.0043949565905726,0.0041527963285847,unibet,8.0,0.015,0.0132,7.9,A-League,Goles (Over/Under),2025-02-14,unibet:1.7500; unibet_eu:1.7500; matchbook:1.7500; coolbet:1.7400; williamhill:1.7300; onexbet:1.7200; nordicbet:1.7200; betsson:1.7200,0-2,2.0,No
Western United FC vs Auckland FC,2025-02-15 02:00:00,Under 2.5,2.2,2.0838,4.668272975935026e-05,8.0,0.0096272931907966,0.0084380597410019,0.0001512818224325,8.0,0.0173787875981475,0.0147226744960972,matchbook,8.0,0.1162,0.0747,3.59,A-League,Goles (Over/Under),2025-02-14,matchbook:2.2000; coolbet:2.1500; onexbet:2.1200; nordicbet:2.1000; betsson:2.1000; williamhill:2.0500; unibet:1.9800; unibet_eu:1.9700,0-2,2.0,Sí
Leicester City vs Arsenal,2025-02-15 07:30:00,Over 2.5,1.74,1.6822,4.606309452903969e-05,9.0,0.0095161075512464,0.0082274673323279,0.0001113005911316,9.0,0.0146504950329904,0.0133776050488602,betsson,9.0,0.0578,0.0416,4.64,Premier League,Goles (Over/Under),2025-02-14,betsson:1.7400; nordicbet:1.7400; onexbet:1.7200; playup:1.7000; tipico_de:1.6700; mybookieag:1.6500; betrivers:1.6500; unibet_eu:1.6500; williamhill:1.6200,0-2,2.0,No
Leicester City vs Arsenal,2025-02-15 07:30:00,Under 2.5,2.25,2.1856,4.606309452903969e-05,9.0,0.0095161075512464,0.0082274673323279,5.33601784532274e-05,9.0,0.0102900771726771,0.0096113328037661,onexbet,9.0,0.0644,0.0495,6.17,Premier League,Goles (Over/Under),2025-02-14,onexbet:2.2500; betrivers:2.2500; unibet_eu:2.2500; williamhill:2.2000; betsson:2.1500; nordicbet:2.1500; tipico_de:2.1500; mybookieag:2.1500; playup:2.1200,0-2,2.0,Sí
Udinese vs Empoli,2025-02-16 09:00:00,Over 2.5,2.23,2.173,4.569367315742775e-05,10.0,0.0094738846925118,0.0078106233913509,4.233056958273448e-05,10.0,0.009172752282792,0.008272129316577,unibet_eu,10.0,0.057,0.0431,6.57,Serie A,Goles (Over/Under),2025-02-14,unibet_eu:2.2300; betrivers:2.2300; onexbet:2.2100; betus:2.2000; coolbet:2.1900; nordicbet:2.1500; betsson:2.1500; williamhill:2.1500; playup:2.1200; tipico_de:2.1000,3-0,3.0,Sí
Udinese vs Empoli,2025-02-16 09:00:00,Under 2.5,1.78,1.694,4.569367315742775e-05,10.0,0.0094738846925118,0.0078106233913509,0.0001447183656174,10.0,0.0167073882524644,0.013653008469724,onexbet,10.0,0.086,0.0476,3.8,Serie A,Goles (Over/Under),2025-02-14,onexbet:1.7800; nordicbet:1.7200; betsson:1.7200; coolbet:1.7200; betus:1.7100; tipico_de:1.7000; playup:1.7000; williamhill:1.6500; unibet_eu:1.6200; betrivers:1.6200,3-0,3.0,No
Wimbledon vs Salford City,2025-02-15 07:30:00,Over 2.0,1.84,1.784,4.561940453393606e-05,5.0,0.0095338217305858,0.0085942600999836,0.0001056413692714,5.0,0.0144335463817074,0.0139475716687111,lowvig,5.0,0.056,0.0463,4.6,League Two,Goles (Over/Under),2025-02-14,lowvig:1.8400; betonlineag:1.8400; coolbet:1.7600; bovada:1.7400; betus:1.7400,1-0,1.0,No
Wimbledon vs Salford City,2025-02-15 07:30:00,Under 2.0,2.05,2.014,4.561940453393606e-05,5.0,0.0095338217305858,0.0085942600999836,2.596196342589796e-05,5.0,0.0072052645945331,0.007059688687339,bovada,5.0,0.036,0.0294,6.25,League Two,Goles (Over/Under),2025-02-14,bovada:2.0500; betus:2.0500; coolbet:1.9900; lowvig:1.9900; betonlineag:1.9900,1-0,1.0,Sí
CA Osasuna vs Real Madrid,2025-02-15 10:15:00,Over 2.5,1.68,1.61,4.520331263546898e-05,11.0,0.0093437590081205,0.0081121919891533,0.0001430959523284,11.0,0.0164209218627255,0.0140445055734567,onexbet,11.0,0.07,0.0429,4.98,La Liga,Goles (Over/Under),2025-02-14,onexbet:1.6800; matchbook:1.6800; nordicbet:1.6300; betsson:1.6300; playup:1.6300; betmgm:1.6100; tipico_de:1.6000; williamhill:1.5700; unibet_eu:1.5600; unibet:1.5600; betrivers:1.5600,1-1,2.0,No
CA Osasuna vs Real Madrid,2025-02-15 10:15:00,Under 2.5,2.42,2.3218,4.520331263546898e-05,11.0,0.0093437590081205,0.0081121919891533,8.075353155352093e-05,11.0,0.0125919059677078,0.0111659238212547,matchbook,11.0,0.0982,0.0673,5.42,La Liga,Goles (Over/Under),2025-02-14,matchbook:2.4200; onexbet:2.3800; unibet_eu:2.3800; unibet:2.3800; betrivers:2.3800; williamhill:2.3000; nordicbet:2.3000; betsson:2.3000; tipico_de:2.2500; playup:2.2500; betmgm:2.2000,1-1,2.0,Sí
Boavista Porto vs CF Estrela,2025-02-14 15:15:00,Over 2.5,2.6,2.47,4.486165164369483e-05,5.0,0.0091657773153908,0.0067068830968724,6.064181442523781e-05,5.0,0.0107846487940999,0.0082155939298796,tipico_de,5.0,0.13,0.0678,6.49,Liga Portugal,Goles (Over/Under),2025-02-14,tipico_de:2.6000; betrivers:2.4500; unibet:2.4500; unibet_eu:2.4500; williamhill:2.4000,2-0,2.0,No
Boavista Porto vs CF Estrela,2025-02-14 15:15:00,Under 2.5,1.53,1.5,4.486165164369483e-05,5.0,0.0091657773153908,0.0067068830968725,4.007654375056561e-05,5.0,0.0084371271461169,0.0053994931305855,williamhill,5.0,0.03,0.019,7.03,Liga Portugal,Goles (Over/Under),2025-02-14,williamhill:1.5300; betrivers:1.5000; unibet:1.5000; unibet_eu:1.5000; tipico_de:1.4700,2-0,2.0,Sí
Santa Clara vs Benfica,2025-02-15 13:00:00,Over 2.5,2.2,2.1478,4.471783911537817e-05,9.0,0.0093863915736666,0.0090680295972998,7.650391825801814e-05,9.0,0.0123422222418336,0.0121797420123142,onexbet,9.0,0.0522,0.0565,6.06,Liga Portugal,Goles (Over/Under),2025-02-14,onexbet:2.2000; betsson:2.2000; nordicbet:2.2000; tipico_de:2.2000; coolbet:2.1900; williamhill:2.1000; betrivers:2.0800; unibet_eu:2.0800; unibet:2.0800,0-1,1.0,No
Santa Clara vs Benfica,2025-02-15 13:00:00,Under 2.5,1.7,1.6722,4.471783911537817e-05,9.0,0.0093863915736666,0.0090680295972998,2.895592832493512e-05,9.0,0.0074655558326778,0.0065766283295788,betrivers,9.0,0.0278,0.021,6.9,Liga Portugal,Goles (Over/Under),2025-02-14,betrivers:1.7000; unibet_eu:1.7000; unibet:1.7000; onexbet:1.6700; williamhill:1.6700; coolbet:1.6600; betsson:1.6500; nordicbet:1.6500; tipico_de:1.6500,0-1,1.0,Sí
Hearts vs Rangers,2025-02-16 07:00:00,Over 2.5,1.76,1.7282,4.423265262484582e-05,11.0,0.0093726201090354,0.0083656378332303,4.678024920750768e-05,11.0,0.0095417004529702,0.0080128153396727,betrivers,11.0,0.0318,0.0282,8.1,Scottish Premiership,Goles (Over/Under),2025-02-14,betrivers:1.7600; unibet_eu:1.7600; unibet:1.7600; matchbook:1.7500; onexbet:1.7400; coolbet:1.7300; nordicbet:1.7200; betsson:1.7200; tipico_de:1.7000; playup:1.7000; williamhill:1.6700,1-3,4.0,Sí
Hearts vs Rangers,2025-02-16 07:00:00,Under 2.5,2.1,2.0445,4.423265262484582e-05,11.0,0.0093726201090353,0.0083656378332302,7.982597585609706e-05,11.0,0.0126318437505409,0.0119407660399017,williamhill,11.0,0.0555,0.0523,7.5,Scottish Premiership,Goles (Over/Under),2025-02-14,williamhill:2.1000; nordicbet:2.1000; betsson:2.1000; onexbet:2.0900; playup:2.0800; coolbet:2.0700; tipico_de:2.0000; betrivers:2.0000; unibet_eu:2.0000; unibet:2.0000; matchbook:1.9500,1-3,4.0,No
Tigres vs Cruz Azul,2025-02-15 20:00:00,Over 2.5,2.05,2.0157,4.422504533184084e-05,7.0,0.009391682057963,0.0067009368189878,3.11198239637806e-05,7.0,0.0078885445145982,0.0058198376409988,nordicbet,7.0,0.0343,0.0316,6.58,Liga MX,Goles (Over/Under),2025-02-14,nordicbet:2.0500; betsson:2.0500; betrivers:2.0200; unibet_eu:2.0200; unibet:2.0200; williamhill:2.0000; coolbet:1.9500,2-1,3.0,Sí
Tigres vs Cruz Azul,2025-02-15 20:00:00,Under 2.5,1.86,1.7571,4.422504533184084e-05,7.0,0.009391682057963,0.0067009368189878,9.015371449883177e-05,7.0,0.0133366526538444,0.0090850330169626,coolbet,7.0,0.1029,0.043,5.05,Liga MX,Goles (Over/Under),2025-02-14,coolbet:1.8600; williamhill:1.7500; nordicbet:1.7500; betsson:1.7500; betrivers:1.7300; unibet_eu:1.7300; unibet:1.7300,2-1,3.0,No
Gazişehir Gaziantep vs Sivasspor,2025-02-15 05:30:00,Over 2.5,1.91,1.8643,4.337615629774046e-05,14.0,0.0093129101403699,0.0084338400955708,8.109838190708913e-05,14.0,0.0126696117539841,0.0084001001356631,onexbet,14.0,0.0457,0.042,7.0,Süper Lig,Goles (Over/Under),2025-02-14,onexbet:1.9100; betrivers:1.8900; unibet:1.8900; unibet_eu:1.8900; pinnacle:1.8800; betsson:1.8800; nordicbet:1.8800; betus:1.8800; bovada:1.8700; coolbet:1.8700; lowvig:1.8600; betonlineag:1.8600; tipico_de:1.8000; matchbook:1.7400,2-1,3.0,Sí
Gazişehir Gaziantep vs Sivasspor,2025-02-15 05:30:00,Under 2.5,1.99,1.905,4.337615629774046e-05,14.0,0.0093129101403699,0.0084338400955708,0.0001206597045157,14.0,0.0155111145853985,0.0141061589917868,onexbet,14.0,0.085,0.0563,7.72,Süper Lig,Goles (Over/Under),2025-02-14,onexbet:1.9900; pinnacle:1.9800; lowvig:1.9600; betonlineag:1.9600; bovada:1.9500; tipico_de:1.9500; coolbet:1.9000; betsson:1.8800; nordicbet:1.8800; betus:1.8700; matchbook:1.8600; betrivers:1.8300; unibet:1.8300; unibet_eu:1.8300,2-1,3.0,No
América vs Necaxa,2025-02-14 22:00:00,Over 2.75,1.88,1.85,4.1594391255994856e-05,5.0,0.0091180979636107,0.0072614013081747,2.5503842621169653e-05,5.0,0.0071197818357841,0.0069759330310428,pinnacle,5.0,0.03,0.0245,6.67,Liga MX,Goles (Over/Under),2025-02-14,pinnacle:1.8800; betus:1.8800; bovada:1.8300; betonlineag:1.8300; lowvig:1.8300,2-3,5.0,Sí
América vs Necaxa,2025-02-14 22:00:00,Under 2.75,2.0,1.974,4.1594391255994856e-05,5.0,0.0091180979636107,0.0072614013081747,9.6802969893197e-05,5.0,0.0139037433155079,0.0111229946524064,bovada,5.0,0.026,0.052,4.64,Liga MX,Goles (Over/Under),2025-02-14,bovada:2.0000; pinnacle:2.0000; betonlineag:2.0000; lowvig:2.0000; betus:1.8700,2-3,5.0,No
Dundee FC vs Aberdeen,2025-02-15 10:00:00,Over 2.5,1.8,1.7445,4.149636653828171e-05,11.0,0.0090811013132086,0.0083538125954588,0.0001104756782564,11.0,0.0146954787778124,0.0133581467769723,betsson,11.0,0.0555,0.0446,5.56,Scottish Premiership,Goles (Over/Under),2025-02-14,betsson:1.8000; nordicbet:1.8000; matchbook:1.8000; onexbet:1.7800; coolbet:1.7600; playup:1.7500; betrivers:1.7100; unibet_eu:1.7100; unibet:1.7100; williamhill:1.7000; tipico_de:1.6700,1-2,3.0,Sí
Dundee FC vs Aberdeen,2025-02-15 10:00:00,Under 2.5,2.1,2.0427,4.149636653828171e-05,11.0,0.0090811013132086,0.0083538125954587,2.9815867168027206e-05,11.0,0.0077199904544593,0.0067099789447999,williamhill,11.0,0.0573,0.0322,7.5,Scottish Premiership,Goles (Over/Under),2025-02-14,williamhill:2.1000; matchbook:2.0800; betrivers:2.0600; unibet_eu:2.0600; unibet:2.0600; tipico_de:2.0500; onexbet:2.0300; coolbet:2.0300; betsson:2.0000; nordicbet:2.0000; playup:2.0000,1-2,3.0,No
Stal Mielec vs Pogoń Szczecin,2025-02-16 06:15:00,Over 2.5,1.88,1.8343,4.128388765281896e-05,14.0,0.0090847806740042,0.0075057148539376,5.547534599895554e-05,14.0,0.0104799971599475,0.0083767741564874,unibet_eu,14.0,0.0457,0.0348,7.25,Ekstraklasa,Goles (Over/Under),2025-02-14,unibet_eu:1.8800; unibet:1.8800; betrivers:1.8800; bovada:1.8500; lowvig:1.8500; betonlineag:1.8500; pinnacle:1.8400; betus:1.8400; onexbet:1.8200; coolbet:1.8200; betsson:1.8100; nordicbet:1.8100; playup:1.8000; tipico_de:1.7500,1-2,3.0,Sí
Stal Mielec vs Pogoń Szczecin,2025-02-16 06:15:00,Under 2.5,1.99,1.9257,4.128388765281896e-05,14.0,0.0090847806740042,0.0075057148539377,8.368246756797037e-05,14.0,0.0129211741440667,0.0108895677159582,pinnacle,14.0,0.0643,0.0473,7.39,Ekstraklasa,Goles (Over/Under),2025-02-14,pinnacle:1.9900; bovada:1.9800; lowvig:1.9700; betonlineag:1.9700; coolbet:1.9600; onexbet:1.9500; betsson:1.9300; nordicbet:1.9300; tipico_de:1.9300; betus:1.9000; playup:1.9000; unibet_eu:1.8500; unibet:1.8500; betrivers:1.8500,1-2,3.0,No
Hatayspor vs Alanyaspor,2025-02-16 05:30:00,Over 2.5,1.9,1.8515,4.060887855604559e-05,13.0,0.0090096765827256,0.0073592908518089,2.77457546884632e-05,13.0,0.0074234605937251,0.0062661169439255,onexbet,13.0,0.0485,0.0254,6.69,Süper Lig,Goles (Over/Under),2025-02-14,onexbet:1.9000; bovada:1.8700; unibet:1.8700; betrivers:1.8700; unibet_eu:1.8700; pinnacle:1.8600; betus:1.8600; coolbet:1.8500; betsson:1.8300; nordicbet:1.8300; lowvig:1.8300; betonlineag:1.8300; tipico_de:1.8000,1-0,1.0,No
Hatayspor vs Alanyaspor,2025-02-16 05:30:00,Under 2.5,2.01,1.9323,4.060887855604559e-05,13.0,0.0090096765827257,0.0073592908518089,0.0001195815187812,13.0,0.0154489769867735,0.0126346641148429,lowvig,13.0,0.0777,0.0573,5.31,Süper Lig,Goles (Over/Under),2025-02-14,lowvig:2.0100; betonlineag:2.0100; onexbet:2.0000; pinnacle:1.9800; bovada:1.9500; tipico_de:1.9500; betsson:1.9300; nordicbet:1.9300; coolbet:1.9300; betus:1.8800; unibet:1.8500; betrivers:1.8500; unibet_eu:1.8500,1-0,1.0,Si
AS Monaco vs Nantes,2025-02-15 13:00:00,Over 2.5,1.7,1.651,4.054980919939469e-05,10.0,0.0089022358935615,0.0078363411826708,7.558405212225176e-05,10.0,0.0120119193069415,0.0113809791223729,onexbet,10.0,0.049,0.0327,4.7,Ligue 1,Goles (Over/Under),2025-02-14,onexbet:1.7000; unibet_eu:1.6800; betrivers:1.6800; unibet:1.6800; matchbook:1.6700; betsson:1.6300; nordicbet:1.6300; tipico_de:1.6200; williamhill:1.6200; playup:1.6000,7-1,8.0,Sí
AS Monaco vs Nantes,2025-02-15 13:00:00,Under 2.5,2.36,2.256,4.054980919939469e-05,10.0,0.0089022358935615,0.0078363411826707,8.051390166137888e-05,10.0,0.0126061591349574,0.0114061616445804,matchbook,10.0,0.104,0.0642,4.87,Ligue 1,Goles (Over/Under),2025-02-14,matchbook:2.3600; onexbet:2.3300; betsson:2.3000; nordicbet:2.3000; playup:2.2800; tipico_de:2.2500; williamhill:2.2000; unibet_eu:2.1800; betrivers:2.1800; unibet:2.1800,7-1,8.0,No
RB Salzburg vs WSG Tirol,2025-02-15 11:00:00,Over 3.0,1.86,1.834,3.978716182548464e-05,5.0,0.0089148910595548,0.0064532958607389,5.1668429103924384e-05,5.0,0.010109803821201,0.0078129333365028,pinnacle,5.0,0.026,0.0332,6.95,Austrian Bundesliga,Goles (Over/Under),2025-02-14,pinnacle:1.8600; betus:1.8600; betonlineag:1.8400; lowvig:1.8400; bovada:1.7700,1-1,2.0,No
RB Salzburg vs WSG Tirol,2025-02-15 11:00:00,Under 3.0,2.0,1.97,3.978716182548464e-05,5.0,0.0089148910595549,0.0064532958607389,7.2718446219028e-05,5.0,0.012051540184073,0.0096097508820699,bovada,5.0,0.03,0.0452,6.5,Austrian Bundesliga,Goles (Over/Under),2025-02-14,bovada:2.0000; pinnacle:1.9900; betonlineag:1.9900; lowvig:1.9900; betus:1.8800,1-1,2.0,Sí
Shonan Bellmare vs Kashima Antlers,2025-02-15 01:00:00,Over 2.5,2.15,2.0882,3.96614234614177e-05,11.0,0.0088564689186429,0.0076962101648382,6.017424256796469e-05,11.0,0.0109599740154163,0.009534533995518,betrivers,11.0,0.0618,0.0476,6.39,J1 League,Goles (Over/Under),2025-02-14,betrivers:2.1500; unibet:2.1500; unibet_eu:2.1500; matchbook:2.1200; onexbet:2.1000; coolbet:2.0800; betsson:2.0600; nordicbet:2.0600; playup:2.0500; williamhill:2.0500; tipico_de:2.0000,1-0,1.0,No
Shonan Bellmare vs Kashima Antlers,2025-02-15 01:00:00,Under 2.5,1.8,1.7173,3.96614234614177e-05,11.0,0.0088564689186429,0.0076962101648382,8.937210380421105e-05,11.0,0.0131954659732765,0.0106378472496155,matchbook,11.0,0.0827,0.0393,5.56,J1 League,Goles (Over/Under),2025-02-14,matchbook:1.8000; coolbet:1.7600; onexbet:1.7500; williamhill:1.7300; playup:1.7200; betsson:1.7100; nordicbet:1.7100; tipico_de:1.7000; betrivers:1.6700; unibet:1.6700; unibet_eu:1.6700,1-0,1.0,Si
Wolfsberger AC vs Sturm Graz,2025-02-15 11:00:00,Over 2.5,1.97,1.8912,3.861849491136373e-05,16.0,0.0087871003981895,0.0072269044657627,0.0001072143053403,16.0,0.0146118397631872,0.0122766293999373,lowvig,16.0,0.0788,0.0519,6.94,Austrian Bundesliga,Goles (Over/Under),2025-02-14,lowvig:1.9700; betonlineag:1.9700; coolbet:1.9500; matchbook:1.9400; pinnacle:1.9300; williamhill:1.9100; onexbet:1.9000; nordicbet:1.9000; betsson:1.9000; bovada:1.8700; tipico_de:1.8700; betus:1.8700; playup:1.8500; betrivers:1.8100; unibet:1.8100; unibet_eu:1.8100,3-0,3.0,Sí
Wolfsberger AC vs Sturm Graz,2025-02-15 11:00:00,Under 2.5,1.93,1.8663,3.861849491136373e-05,16.0,0.0087871003981895,0.0072269044657627,3.990371578938059e-05,16.0,0.0089028276280251,0.0057144720606642,pinnacle,16.0,0.0637,0.0306,7.06,Austrian Bundesliga,Goles (Over/Under),2025-02-14,pinnacle:1.9300; onexbet:1.9000; tipico_de:1.9000; nordicbet:1.8700; betsson:1.8700; bovada:1.8700; betrivers:1.8700; unibet:1.8700; unibet_eu:1.8700; betus:1.8700; coolbet:1.8600; williamhill:1.8500; playup:1.8500; lowvig:1.8500; betonlineag:1.8500; matchbook:1.7800,3-0,3.0,No
Toulouse vs Paris Saint Germain,2025-02-15 15:05:00,Over 3.5,2.42,2.2871,3.791850573063252e-05,7.0,0.0085822240267783,0.00807258853441,0.0001331030050189,7.0,0.0161603557137269,0.0140667529073317,onexbet,7.0,0.1329,0.0868,3.82,Ligue 1,Goles (Over/Under),2025-02-14,onexbet:2.4200; matchbook:2.4200; playup:2.2800; unibet_eu:2.2300; betrivers:2.2300; unibet:2.2300; tipico_de:2.2000,0-1,1.0,No
Toulouse vs Paris Saint Germain,2025-02-15 15:05:00,Under 3.5,1.66,1.6357,3.791850573063252e-05,7.0,0.0085822240267783,0.0080725885344101,4.064863551547023e-05,7.0,0.0087744235973449,0.0077267302614684,onexbet,7.0,0.0243,0.0232,5.7,Ligue 1,Goles (Over/Under),2025-02-14,onexbet:1.6600; unibet_eu:1.6500; betrivers:1.6500; unibet:1.6500; matchbook:1.6400; tipico_de:1.6000; playup:1.6000,0-1,1.0,Sí
Queens Park Rangers vs Derby County,2025-02-14 15:00:00,Over 2.0,2.01,1.9583,3.787007646752561e-05,6.0,0.0086994700302105,0.0075327008007447,9.60436052668587e-05,6.0,0.0138512551232312,0.0126673187864488,lowvig,6.0,0.0517,0.0524,4.4,Championship,Goles (Over/Under),2025-02-14,lowvig:2.0100; betonlineag:2.0100; pinnacle:2.0000; bovada:1.9300; coolbet:1.9300; betus:1.8700,4-0,4.0,Sí
Queens Park Rangers vs Derby County,2025-02-14 15:00:00,Under 2.0,1.89,1.86,3.787007646752561e-05,6.0,0.0086994700302104,0.0075327008007446,2.6626794596875828e-05,6.0,0.0072763250148741,0.0067460498190166,bovada,6.0,0.03,0.0252,6.39,Championship,Goles (Over/Under),2025-02-14,bovada:1.8900; pinnacle:1.8900; betus:1.8700; coolbet:1.8500; lowvig:1.8300; betonlineag:1.8300,4-0,4.0,No
Modena vs Spezia,2025-02-15 09:00:00,Over 2.5,2.42,2.3267,3.7702717937575376e-05,9.0,0.0085020730633941,0.0073935263002394,7.208221539308746e-05,9.0,0.0118858817621272,0.0105780643815945,onexbet,9.0,0.0933,0.0645,7.55,Serie B,Goles (Over/Under),2025-02-14,onexbet:2.4200; matchbook:2.4200; nordicbet:2.3500; betsson:2.3500; tipico_de:2.3500; williamhill:2.3000; unibet:2.2500; betrivers:2.2500; unibet_eu:2.2500,1-1,2.0,No
Modena vs Spezia,2025-02-15 09:00:00,Under 2.5,1.56,1.5467,3.7702717937575376e-05,9.0,0.0085020730633941,0.0073935263002394,3.07612183274994e-05,9.0,0.0074761596241502,0.0059716512878542,onexbet,9.0,0.0133,0.0176,8.55,Serie B,Goles (Over/Under),2025-02-14,onexbet:1.5600; unibet:1.5600; betrivers:1.5600; unibet_eu:1.5600; nordicbet:1.5500; betsson:1.5500; williamhill:1.5500; tipico_de:1.5200; matchbook:1.5100,1-1,2.0,Sí
Cheltenham Town vs Barrow,2025-02-15 10:00:00,Over 2.25,2.07,2.004,3.766868643243397e-05,5.0,0.0086670240318647,0.0078731584458678,0.0001063719079588,5.0,0.0145833566236148,0.0130687784844126,lowvig,5.0,0.066,0.0585,4.18,League Two,Goles (Over/Under),2025-02-14,lowvig:2.0700; betonlineag:2.0700; pinnacle:2.0000; bovada:1.9500; betus:1.9300,3-2,5.0,Sí
Cheltenham Town vs Barrow,2025-02-15 10:00:00,Under 2.25,1.82,1.802,3.766868643243397e-05,5.0,0.0086670240318647,0.0078731584458678,6.496543151316477e-06,5.0,0.0035832075334024,0.0031950216585544,betus,5.0,0.018,0.0117,6.76,League Two,Goles (Over/Under),2025-02-14,betus:1.8200; pinnacle:1.8100; bovada:1.8000; lowvig:1.7900; betonlineag:1.7900,3-2,5.0,No
Legia Warszawa vs Puszcza Niepołomice,2025-02-15 14:15:00,Over 2.5,1.6,1.5688,3.7334787572034246e-05,8.0,0.0084835022053407,0.0079249586068595,6.555088914728596e-05,8.0,0.011009406545453,0.0106627307461831,nordicbet,8.0,0.0312,0.0271,6.94,Ekstraklasa,Goles (Over/Under),2025-02-14,nordicbet:1.6000; betsson:1.6000; onexbet:1.6000; playup:1.5800; tipico_de:1.5500; betrivers:1.5400; unibet:1.5400; unibet_eu:1.5400,2-0,2.0,No
Legia Warszawa vs Puszcza Niepołomice,2025-02-15 14:15:00,Under 2.5,2.35,2.2912,3.7334787572034246e-05,8.0,0.0084835022053407,0.0079249586068595,3.9272658665132784e-05,8.0,0.008786574435441,0.0083170026129152,betrivers,8.0,0.0588,0.0465,7.49,Ekstraklasa,Goles (Over/Under),2025-02-14,betrivers:2.3500; unibet:2.3500; unibet_eu:2.3500; onexbet:2.2800; nordicbet:2.2500; betsson:2.2500; tipico_de:2.2500; playup:2.2500,2-0,2.0,Sí
Sassuolo vs Brescia,2025-02-15 09:00:00,Over 3.0,2.02,1.97,3.697945244940392e-05,4.0,0.0085958285303076,0.0071584208491464,0.0001016646266157,4.0,0.0142507624679202,0.0119555838562579,bovada,4.0,0.05,0.0539,5.06,Serie B,Goles (Over/Under),2025-02-14,bovada:2.0200; pinnacle:2.0000; coolbet:1.9800; betus:1.8800,2-0,2.0,No
Sassuolo vs Brescia,2025-02-15 09:00:00,Under 3.0,1.85,1.83,3.697945244940392e-05,4.0,0.0085958285303077,0.0071584208491463,2.0403051233643983e-05,4.0,0.0063587978860851,0.005981255981256,pinnacle,4.0,0.02,0.0212,7.25,Serie B,Goles (Over/Under),2025-02-14,pinnacle:1.8500; betus:1.8500; bovada:1.8200; coolbet:1.8000,2-0,2.0,Sí
CA Osasuna vs Real Madrid,2025-02-15 10:15:00,Over 3.0,2.09,2.03,3.6806855524014695e-05,4.0,0.0085645242196656,0.0069186902821306,5.40546148894564e-05,4.0,0.0103952236229135,0.0096941818700483,coolbet,4.0,0.06,0.043,4.03,La Liga,Goles (Over/Under),2025-02-14,coolbet:2.0900; pinnacle:2.0500; bovada:2.0000; betus:1.9800,1-1,2.0,No
CA Osasuna vs Real Madrid,2025-02-15 10:15:00,Under 3.0,1.85,1.8275,3.6806855524014695e-05,4.0,0.0085645242196656,0.0069186902821307,3.819283405831076e-05,4.0,0.0086932035039917,0.0072330112392739,pinnacle,4.0,0.0225,0.0286,4.56,La Liga,Goles (Over/Under),2025-02-14,pinnacle:1.8500; betus:1.8500; bovada:1.8300; coolbet:1.7800,1-1,2.0,Sí
Western Sydney Wanderers vs Macarthur FC,2025-02-16 01:00:00,Over 3.5,2.1,2.0771,3.659303678869059e-05,7.0,0.0085226496336178,0.0082550019091427,8.241881669484336e-06,7.0,0.0040571949944758,0.0034112650208518,nordicbet,7.0,0.0229,0.0175,7.14,A-League,Goles (Over/Under),2025-02-14,nordicbet:2.1000; betsson:2.1000; unibet:2.0800; unibet_eu:2.0800; coolbet:2.0700; matchbook:2.0600; onexbet:2.0500,2-1,3.0,No
Western Sydney Wanderers vs Macarthur FC,2025-02-16 01:00:00,Under 3.5,1.81,1.74,3.659303678869059e-05,7.0,0.0085226496336178,0.0082550019091428,0.0001378371651543,7.0,0.0164153747672138,0.0150100687836192,matchbook,7.0,0.07,0.0499,4.03,A-League,Goles (Over/Under),2025-02-14,matchbook:1.8100; coolbet:1.8000; onexbet:1.7700; nordicbet:1.7200; betsson:1.7200; unibet:1.6800; unibet_eu:1.6800,2-1,3.0,Sí
Deportes Iquique vs Coquimbo Unido,2025-02-14 19:00:00,Over 2.5,1.94,1.8755,3.5337002359261845e-05,11.0,0.0084057681840294,0.00637214740027,8.721533061617238e-05,11.0,0.0131691765696554,0.010584771116373,pinnacle,11.0,0.0645,0.0458,6.49,Primera División Chile,Goles (Over/Under),2025-02-14,pinnacle:1.9400; coolbet:1.9300; playup:1.9200; onexbet:1.8900; bovada:1.8900; nordicbet:1.8800; betsson:1.8800; betus:1.8700; tipico_de:1.8300; unibet:1.8000; betrivers:1.8000,0-3,3.0,Sí
Deportes Iquique vs Coquimbo Unido,2025-02-14 19:00:00,Under 2.5,1.93,1.8909,3.5337002359261845e-05,11.0,0.0084057681840293,0.0063721474002699,4.014297722464049e-05,11.0,0.0089394332354698,0.0069186590725042,bovada,11.0,0.0391,0.0315,7.37,Primera División Chile,Goles (Over/Under),2025-02-14,bovada:1.9300; unibet:1.9200; betrivers:1.9200; pinnacle:1.9100; betus:1.9100; nordicbet:1.8900; betsson:1.8900; onexbet:1.8800; coolbet:1.8800; tipico_de:1.8500; playup:1.8200,0-3,3.0,No
Reading vs Rotherham United,2025-02-15 10:00:00,Over 2.5,1.93,1.8606,3.48492213240406e-05,16.0,0.0083466025538511,0.0064551062341717,0.0001002172401644,16.0,0.0141052878474602,0.0121701430922839,pinnacle,16.0,0.0694,0.0481,5.87,League One,Goles (Over/Under),2025-02-14,pinnacle:1.9300; matchbook:1.9100; onexbet:1.9000; nordicbet:1.9000; betsson:1.9000; lowvig:1.9000; betonlineag:1.9000; playup:1.8800; bovada:1.8500; coolbet:1.8500; betus:1.8500; williamhill:1.8300; tipico_de:1.8300; betrivers:1.7800; unibet_eu:1.7800; unibet:1.7800,2-1,3.0,Sí
Reading vs Rotherham United,2025-02-15 10:00:00,Under 2.5,1.94,1.9,3.48492213240406e-05,16.0,0.0083466025538511,0.0064551062341717,3.023100928817697e-05,16.0,0.0077628374313904,0.0066118429804514,unibet,16.0,0.04,0.0278,7.73,League One,Goles (Over/Under),2025-02-14,unibet:1.9400; betrivers:1.9300; unibet_eu:1.9300; matchbook:1.9300; lowvig:1.9200; betonlineag:1.9200; williamhill:1.9100; pinnacle:1.9100; onexbet:1.9000; bovada:1.8900; coolbet:1.8900; betus:1.8900; nordicbet:1.8700; betsson:1.8700; playup:1.8500; tipico_de:1.8500,2-1,3.0,No
Adana Demirspor vs Antalyaspor,2025-02-14 12:00:00,Over 2.5,1.79,1.7243,3.4724035727883415e-05,7.0,0.0082780583765817,0.00669407906597,0.0001460439240278,7.0,0.0168314059066566,0.0122286596675173,onexbet,7.0,0.0657,0.0492,4.18,Süper Lig,Goles (Over/Under),2025-02-14,onexbet:1.7900; matchbook:1.7800; coolbet:1.7300; betsson:1.7200; nordicbet:1.7200; tipico_de:1.7000; betrivers:1.6300,1-1,2.0,No
Adana Demirspor vs Antalyaspor,2025-02-14 12:00:00,Under 2.5,2.26,2.1329,3.4724035727883415e-05,7.0,0.0082780583765817,0.0066940790659699,8.698106959278292e-05,7.0,0.0131513858393843,0.0106117559296347,matchbook,7.0,0.1271,0.0613,5.6,Süper Lig,Goles (Over/Under),2025-02-14,matchbook:2.2600; betrivers:2.1600; onexbet:2.1500; coolbet:2.1200; tipico_de:2.1000; betsson:2.0700; nordicbet:2.0700,1-1,2.0,Sí
St Mirren vs Hibernian,2025-02-16 09:00:00,Over 2.5,2.19,2.1208,3.463072819871906e-05,13.0,0.0082700858926842,0.0073626859989141,6.372985497230107e-05,13.0,0.0112743332513712,0.0087572263943126,betonlineag,13.0,0.0692,0.0498,6.27,Scottish Premiership,Goles (Over/Under),2025-02-14,betonlineag:2.1900; lowvig:2.1900; betrivers:2.1600; unibet_eu:2.1600; unibet:2.1600; matchbook:2.1200; onexbet:2.1100; williamhill:2.1000; nordicbet:2.1000; betsson:2.1000; coolbet:2.1000; playup:2.0800; tipico_de:2.0000,0-0,0.0,No
St Mirren vs Hibernian,2025-02-16 09:00:00,Under 2.5,1.76,1.7,3.463072819871906e-05,13.0,0.0082700858926842,0.0073626859989141,7.037273973116449e-05,13.0,0.0116664170645893,0.009711274539472,matchbook,13.0,0.06,0.0335,6.82,Scottish Premiership,Goles (Over/Under),2025-02-14,matchbook:1.7600; onexbet:1.7300; nordicbet:1.7200; betsson:1.7200; betonlineag:1.7200; lowvig:1.7200; coolbet:1.7100; tipico_de:1.7000; playup:1.7000; williamhill:1.6700; betrivers:1.6500; unibet_eu:1.6500; unibet:1.6500,0-0,0.0,Sí
FC Blau-Weiß Linz vs Rheindorf Altach,2025-02-15 11:00:00,Over 2.0,1.83,1.806,3.380184041872323e-05,5.0,0.0082140935280601,0.0064857854942879,2.420350534573046e-05,5.0,0.0069148120607317,0.0058781760365534,pinnacle,5.0,0.024,0.0224,7.0,Austrian Bundesliga,Goles (Over/Under),2025-02-14,pinnacle:1.8300; betus:1.8300; lowvig:1.8000; betonlineag:1.8000; bovada:1.7700,1-3,4.0,Sí
FC Blau-Weiß Linz vs Rheindorf Altach,2025-02-15 11:00:00,Under 2.0,2.05,2.008,3.380184041872323e-05,5.0,0.00821409352806,0.0064857854942879,8.940365603693125e-05,5.0,0.0133687258202273,0.0107391552960225,lowvig,5.0,0.042,0.0523,5.28,Austrian Bundesliga,Goles (Over/Under),2025-02-14,lowvig:2.0500; betonlineag:2.0500; pinnacle:2.0300; bovada:2.0000; betus:1.9100,1-3,4.0,No
AC Milan vs Hellas Verona,2025-02-15 14:45:00,Over 2.5,1.65,1.5912,3.3702157181040905e-05,8.0,0.0080583359289379,0.0072096599879999,6.190796146824245e-05,8.0,0.0107700549340349,0.008358268028917,onexbet,8.0,0.0587,0.0276,5.05,Serie A,Goles (Over/Under),2025-02-14,onexbet:1.6500; williamhill:1.6000; unibet_eu:1.6000; betrivers:1.6000; nordicbet:1.5800; betsson:1.5800; tipico_de:1.5700; playup:1.5500,1-0,1.0,No
AC Milan vs Hellas Verona,2025-02-15 14:45:00,Under 2.5,2.44,2.35,3.3702157181040905e-05,8.0,0.0080583359289379,0.0072096599879999,7.536572874180565e-05,8.0,0.0121462045239682,0.0110025997843987,onexbet,8.0,0.09,0.0665,5.5,Serie A,Goles (Over/Under),2025-02-14,onexbet:2.4400; nordicbet:2.4000; betsson:2.4000; playup:2.4000; tipico_de:2.3500; unibet_eu:2.2800; betrivers:2.2800; williamhill:2.2500,1-0,1.0,Sí
Brondby IF vs Viborg FF,2025-02-14 13:00:00,Over 2.5,1.61,1.589,3.313642668614853e-05,10.0,0.0079955941403757,0.0063862171176543,4.40222107175496e-05,10.0,0.009043076459206,0.0077800445199869,betrivers,10.0,0.021,0.0226,6.56,Superliga Denmark,Goles (Over/Under),2025-02-14,betrivers:1.6100; unibet_eu:1.6100; unibet:1.6100; betsson:1.6000; nordicbet:1.6000; matchbook:1.6000; onexbet:1.5900; williamhill:1.5700; tipico_de:1.5500; playup:1.5500,4-1,5.0,Sí
Brondby IF vs Viborg FF,2025-02-14 13:00:00,Under 2.5,2.48,2.318,3.313642668614853e-05,10.0,0.0079955941403757,0.0063862171176543,8.292132968561973e-05,10.0,0.0127360245534895,0.0107206920447348,matchbook,10.0,0.162,0.0701,4.84,Superliga Denmark,Goles (Over/Under),2025-02-14,matchbook:2.4800; onexbet:2.3500; playup:2.3500; betsson:2.3500; nordicbet:2.3500; williamhill:2.3000; tipico_de:2.2500; betrivers:2.2500; unibet_eu:2.2500; unibet:2.2500,4-1,5.0,No
Boavista Porto vs CF Estrela,2025-02-14 15:15:00,Over 2.0,2.02,1.9533,3.2874789129586014e-05,6.0,0.0081065906431904,0.0073327596857232,9.931961548915814e-05,6.0,0.014084853936767,0.0123035050007218,pinnacle,6.0,0.0667,0.0531,3.85,Liga Portugal,Goles (Over/Under),2025-02-14,pinnacle:2.0200; betonlineag:1.9900; lowvig:1.9900; bovada:1.9500; coolbet:1.9000; betus:1.8700,2-0,2.0,No
Boavista Porto vs CF Estrela,2025-02-14 15:15:00,Under 2.0,1.88,1.8633,3.2874789129586014e-05,6.0,0.0081065906431904,0.0073327596857232,1.217206775775752e-05,6.0,0.004919594650188,0.0045071710740753,pinnacle,6.0,0.0167,0.017,6.67,Liga Portugal,Goles (Over/Under),2025-02-14,pinnacle:1.8800; betus:1.8800; bovada:1.8700; coolbet:1.8700; betonlineag:1.8400; lowvig:1.8400,2-0,2.0,No
Motherwell vs Ross County,2025-02-15 10:00:00,Over 2.5,2.2,2.14,3.272193733033429e-05,13.0,0.0080304584851332,0.0073664094538425,5.28255908309382e-05,13.0,0.0102584299764851,0.0091190221610841,lowvig,13.0,0.06,0.0466,6.43,Scottish Premiership,Goles (Over/Under),2025-02-14,lowvig:2.2000; betonlineag:2.2000; betrivers:2.1800; unibet_eu:2.1800; unibet:2.1800; matchbook:2.1600; williamhill:2.1500; onexbet:2.1200; coolbet:2.1200; nordicbet:2.1000; betsson:2.1000; playup:2.0800; tipico_de:2.0500,0-3,3.0,Sí
Motherwell vs Ross County,2025-02-15 10:00:00,Under 2.5,1.73,1.69,3.272193733033429e-05,13.0,0.0080304584851332,0.0073664094538424,6.796974443286908e-05,13.0,0.01144516702969,0.0103381640745941,matchbook,13.0,0.04,0.0323,6.58,Scottish Premiership,Goles (Over/Under),2025-02-14,matchbook:1.7300; onexbet:1.7200; nordicbet:1.7200; betsson:1.7200; lowvig:1.7100; betonlineag:1.7100; playup:1.7000; coolbet:1.7000; williamhill:1.6700; tipico_de:1.6700; betrivers:1.6400; unibet_eu:1.6400; unibet:1.6400,0-3,3.0,No
Stoke City vs Swansea City,2025-02-15 10:00:00,Over 2.5,2.14,2.0173,3.26866189634407e-05,11.0,0.0080703756141816,0.0074400051891484,0.0001094797843367,11.0,0.0147925095092954,0.0126058247708405,matchbook,11.0,0.1227,0.0605,4.53,Championship,Goles (Over/Under),2025-02-14,matchbook:2.1400; onexbet:2.0600; williamhill:2.0500; nordicbet:2.0500; betsson:2.0500; coolbet:2.0300; playup:2.0200; unibet:1.9600; unibet_eu:1.9500; betrivers:1.9500; tipico_de:1.9300,3-1,4.0,Sí
Stoke City vs Swansea City,2025-02-15 10:00:00,Under 2.5,1.83,1.7764,3.26866189634407e-05,11.0,0.0080703756141817,0.0074400051891484,3.994284717059677e-05,11.0,0.0088669809325473,0.0076029994913807,matchbook,11.0,0.0536,0.028,6.46,Championship,Goles (Over/Under),2025-02-14,matchbook:1.8300; unibet:1.8000; unibet_eu:1.8000; betrivers:1.8000; nordicbet:1.7800; betsson:1.7800; onexbet:1.7600; coolbet:1.7600; playup:1.7500; tipico_de:1.7500; williamhill:1.7300,3-1,4.0,No
Oxford United vs Portsmouth,2025-02-15 07:30:00,Over 2.5,2.28,2.195,3.262139452958008e-05,12.0,0.0079909989683721,0.0066746838595176,7.220224766956842e-05,12.0,0.011973141492999,0.0099623011818481,matchbook,12.0,0.085,0.0571,5.97,Championship,Goles (Over/Under),2025-02-14,matchbook:2.2800; betrivers:2.2500; unibet_eu:2.2500; unibet:2.2500; onexbet:2.2200; nordicbet:2.2000; betsson:2.2000; coolbet:2.1900; playup:2.1500; williamhill:2.1500; betmgm:2.1000; tipico_de:2.1000,0-2,2.0,No
Oxford United vs Portsmouth,2025-02-15 07:30:00,Under 2.5,1.74,1.6542,3.262139452958008e-05,12.0,0.0079909989683721,0.0066746838595176,8.277000292841048e-05,12.0,0.0125986963893699,0.0089989656765003,matchbook,12.0,0.0858,0.035,5.09,Championship,Goles (Over/Under),2025-02-14,matchbook:1.7400; nordicbet:1.6800; betsson:1.6800; onexbet:1.6600; coolbet:1.6600; betmgm:1.6500; playup:1.6500; williamhill:1.6500; tipico_de:1.6500; betrivers:1.6100; unibet_eu:1.6100; unibet:1.6100,0-2,2.0,Sí
Gent vs Beerschot Wilrijk,2025-02-16 07:30:00,Over 2.5,1.71,1.6638,3.2566211102874256e-05,8.0,0.00798360080101,0.0051555968914739,4.830291049838601e-05,8.0,0.0096140118843648,0.0067949610370895,matchbook,8.0,0.0463,0.0264,6.1,Pro League,Goles (Over/Under),2025-02-14,matchbook:1.7100; onexbet:1.6800; tipico_de:1.6700; williamhill:1.6700; nordicbet:1.6600; betsson:1.6600; playup:1.6500; betrivers:1.6100,3-2,5.0,Sí
Gent vs Beerschot Wilrijk,2025-02-16 07:30:00,Under 2.5,2.28,2.1775,3.2566211102874256e-05,8.0,0.0079836008010099,0.0051555968914739,6.488818377855106e-05,8.0,0.0113492742411939,0.0092597942694402,betrivers,8.0,0.1025,0.0543,5.97,Pro League,Goles (Over/Under),2025-02-14,betrivers:2.2800; matchbook:2.2200; onexbet:2.2100; nordicbet:2.1700; betsson:2.1700; tipico_de:2.1500; playup:2.1200; williamhill:2.1000,3-2,5.0,No
Yokohama F Marinos vs Albirex Niigata,2025-02-15 00:00:00,Over 3.0,2.08,2.035,3.220550492854425e-05,4.0,0.008009138199638,0.0070520196854279,3.706542295671975e-05,4.0,0.0086081364204464,0.0084484690067214,coolbet,4.0,0.045,0.0357,4.9,J1 League,Goles (Over/Under),2025-02-14,coolbet:2.0800; pinnacle:2.0600; bovada:2.0000; betanysports:2.0000,1-1,2.0,No
Yokohama F Marinos vs Albirex Niigata,2025-02-15 00:00:00,Under 3.0,1.83,1.81,3.220550492854425e-05,4.0,0.0080091381996381,0.0070520196854279,4.160719440047313e-05,4.0,0.0090609053399417,0.0077748412789396,bovada,4.0,0.02,0.0292,4.64,J1 League,Goles (Over/Under),2025-02-14,bovada:1.8300; betanysports:1.8300; pinnacle:1.8200; coolbet:1.7600,1-1,2.0,Si
VfL Bochum vs Borussia Dortmund,2025-02-15 09:30:00,Over 2.5,1.63,1.5856,3.210308183158045e-05,9.0,0.007846179380816,0.0064787890376631,7.409409526321835e-05,9.0,0.0117414735111514,0.0090538199047512,onexbet,9.0,0.0444,0.0295,5.79,Bundesliga,Goles (Over/Under),2025-02-14,onexbet:1.6300; matchbook:1.6300; tipico_de:1.6000; nordicbet:1.5800; betsson:1.5800; playup:1.5800; betmgm:1.5700; williamhill:1.5700; betrivers:1.5300,2-0,2.0,No
VfL Bochum vs Borussia Dortmund,2025-02-15 09:30:00,Under 2.5,2.49,2.38,3.210308183158045e-05,9.0,0.007846179380816,0.0064787890376631,0.0001050126727295,9.0,0.0143115437683143,0.0126516681597854,onexbet,9.0,0.11,0.0806,5.52,Bundesliga,Goles (Over/Under),2025-02-14,onexbet:2.4900; matchbook:2.4800; betrivers:2.4500; nordicbet:2.4000; betsson:2.4000; playup:2.3500; tipico_de:2.3000; williamhill:2.3000; betmgm:2.2500,2-0,2.0,Sí
Newport County vs Bradford City,2025-02-15 10:00:00,Over 2.5,1.98,1.8825,3.134569223779486e-05,16.0,0.007916929690226,0.0067511891740113,8.62927500518008e-05,16.0,0.0131144802207757,0.0108787838277288,betonlineag,16.0,0.0975,0.0472,5.15,League Two,Goles (Over/Under),2025-02-14,betonlineag:1.9800; lowvig:1.9800; bovada:1.9100; betus:1.9100; onexbet:1.9000; pinnacle:1.9000; matchbook:1.9000; coolbet:1.8900; nordicbet:1.8700; betsson:1.8700; williamhill:1.8500; unibet:1.8400; betrivers:1.8300; unibet_eu:1.8300; playup:1.8300; tipico_de:1.8300,0-0,0.0,No
Newport County vs Bradford City,2025-02-15 10:00:00,Under 2.5,1.9,1.8688,3.134569223779486e-05,16.0,0.0079169296902259,0.0067511891740113,2.42038077253285e-05,16.0,0.0069396395220852,0.0061437856441161,nordicbet,16.0,0.0312,0.0242,7.28,League Two,Goles (Over/Under),2025-02-14,nordicbet:1.9000; betsson:1.9000; pinnacle:1.9000; matchbook:1.9000; unibet:1.8900; betrivers:1.8800; unibet_eu:1.8800; onexbet:1.8700; playup:1.8700; williamhill:1.8500; coolbet:1.8500; tipico_de:1.8500; betonlineag:1.8500; lowvig:1.8500; bovada:1.8300; betus:1.8300,0-0,0.0,Sí
Bayer Leverkusen vs Bayern Munich,2025-02-15 12:30:00,Over 2.5,1.69,1.6312,3.11411630383318e-05,8.0,0.0077816961369745,0.0061701885562613,8.916176590819503e-05,8.0,0.0129937790717597,0.010826597735078,onexbet,8.0,0.0587,0.0344,5.68,Bundesliga,Goles (Over/Under),2025-02-14,onexbet:1.6900; nordicbet:1.6500; betsson:1.6500; playup:1.6500; tipico_de:1.6200; betmgm:1.6200; williamhill:1.6000; betrivers:1.5700,0-0,0.0,No
Bayer Leverkusen vs Bayern Munich,2025-02-15 12:30:00,Under 2.5,2.36,2.2538,3.11411630383318e-05,8.0,0.0077816961369745,0.0061701885562613,7.199117945094223e-05,8.0,0.0119211706244479,0.0083218514024482,onexbet,8.0,0.1062,0.0606,6.07,Bundesliga,Goles (Over/Under),2025-02-14,onexbet:2.3600; betrivers:2.3200; tipico_de:2.2500; williamhill:2.2500; nordicbet:2.2500; betsson:2.2500; playup:2.2000; betmgm:2.1500,0-0,0.0,Sí
Bologna vs Torino,2025-02-14 14:45:00,Over 2.5,2.56,2.4525,3.059122597677773e-05,8.0,0.0076289304022617,0.0060988821771516,8.454152509620782e-05,8.0,0.0128012259648814,0.0104836928565038,onexbet,8.0,0.1075,0.0753,4.85,Serie A,Goles (Over/Under),2025-02-14,onexbet:2.5600; nordicbet:2.5000; betsson:2.5000; playup:2.5000; unibet_eu:2.4300; betrivers:2.4300; tipico_de:2.4000; williamhill:2.3000,3-2,5.0,Sí
Bologna vs Torino,2025-02-14 14:45:00,Under 2.5,1.6,1.545,3.059122597677773e-05,8.0,0.0076289304022617,0.0060988821771516,4.79507827407106e-05,8.0,0.0093960266624148,0.0067107447142308,onexbet,8.0,0.055,0.0229,5.98,Serie A,Goles (Over/Under),2025-02-14,onexbet:1.6000; tipico_de:1.5500; williamhill:1.5500; unibet_eu:1.5400; betrivers:1.5400; nordicbet:1.5300; betsson:1.5300; playup:1.5200,3-2,5.0,No
Crystal Palace vs Everton,2025-02-15 12:30:00,Over 2.5,2.3,2.2282,3.04560974799424e-05,11.0,0.0077240002369903,0.0064428343958875,6.686716164143562e-05,11.0,0.0115036792106911,0.010696349439828,onexbet,11.0,0.0718,0.057,4.83,Premier League,Goles (Over/Under),2025-02-14,onexbet:2.3000; betsson:2.3000; nordicbet:2.3000; coolbet:2.2600; playup:2.2500; betus:2.2500; tipico_de:2.2000; betrivers:2.1700; unibet_eu:2.1700; mybookieag:2.1600; williamhill:2.1500,1-2,3.0,Sí
Crystal Palace vs Everton,2025-02-15 12:30:00,Under 2.5,1.7,1.67,3.04560974799424e-05,11.0,0.0077240002369903,0.0064428343958875,3.789260455060156e-05,11.0,0.0085305515931389,0.0078401913777153,betrivers,11.0,0.03,0.0237,5.34,Premier League,Goles (Over/Under),2025-02-14,betrivers:1.7000; unibet_eu:1.7000; onexbet:1.6900; coolbet:1.6900; betus:1.6900; williamhill:1.6700; mybookieag:1.6500; tipico_de:1.6500; betsson:1.6500; nordicbet:1.6500; playup:1.6300,1-2,3.0,No
Fulham vs Nottingham Forest,2025-02-15 10:00:00,Over 2.5,2.17,2.1033,2.9915229631469456e-05,12.0,0.0076971589535294,0.0057868806268342,7.351045578242357e-05,12.0,0.0121120581578334,0.0102251863733652,betrivers,12.0,0.0667,0.053,4.91,Premier League,Goles (Over/Under),2025-02-14,betrivers:2.1700; unibet_eu:2.1700; matchbook:2.1600; coolbet:2.1400; onexbet:2.1300; betus:2.1200; betsson:2.1000; nordicbet:2.1000; mybookieag:2.0500; tipico_de:2.0500; playup:2.0500; williamhill:2.0000,2-1,3.0,Sí
Fulham vs Nottingham Forest,2025-02-15 10:00:00,Under 2.5,1.83,1.7525,2.9915229631469456e-05,12.0,0.0076971589535294,0.0057868806268343,7.396113261576553e-05,12.0,0.0120425985158544,0.0094839705492592,matchbook,12.0,0.0775,0.0372,4.64,Premier League,Goles (Over/Under),2025-02-14,matchbook:1.8300; onexbet:1.8000; betsson:1.7700; nordicbet:1.7700; coolbet:1.7600; betus:1.7600; williamhill:1.7500; playup:1.7500; mybookieag:1.7200; tipico_de:1.7200; betrivers:1.7000; unibet_eu:1.7000,2-1,3.0,No
Tenerife vs Córdoba,2025-02-15 15:00:00,Over 2.5,2.4,2.2738,2.986936863180773e-05,8.0,0.0076126346111074,0.0068067054606707,9.618809641837394e-05,8.0,0.0137632183745318,0.0113448818217885,matchbook,8.0,0.1262,0.0716,6.18,La Liga 2,Goles (Over/Under),2025-02-14,matchbook:2.4000; onexbet:2.3500; nordicbet:2.2900; betsson:2.2900; tipico_de:2.2500; williamhill:2.2500; unibet:2.1800; unibet_eu:2.1800,2-3,5.0,Sí
Tenerife vs Córdoba,2025-02-15 15:00:00,Under 2.5,1.62,1.59,2.986936863180773e-05,8.0,0.0076126346111074,0.0068067054606707,3.204507856830548e-05,8.0,0.0077221349297781,0.0059773772181717,matchbook,8.0,0.03,0.0194,7.6,La Liga 2,Goles (Over/Under),2025-02-14,matchbook:1.6200; unibet:1.6000; unibet_eu:1.6000; williamhill:1.6000; onexbet:1.5900; nordicbet:1.5800; betsson:1.5800; tipico_de:1.5500,2-3,5.0,No
Kilmarnock vs St Johnstone,2025-02-15 10:00:00,Over 2.5,2.02,1.9088,2.9807646413366896e-05,16.0,0.0077200929087086,0.0067133711457313,0.0001052095506408,16.0,0.0144865167353298,0.0127916324800583,matchbook,16.0,0.1112,0.053,4.45,Scottish Premiership,Goles (Over/Under),2025-02-14,matchbook:2.0200; pinnacle:1.9800; nordicbet:1.9500; betsson:1.9500; onexbet:1.9300; playup:1.9300; coolbet:1.9300; lowvig:1.9300; betonlineag:1.9300; bovada:1.8900; betus:1.8700; williamhill:1.8500; betrivers:1.8500; unibet_eu:1.8500; unibet:1.8500; tipico_de:1.8300,3-1,4.0,Sí
Kilmarnock vs St Johnstone,2025-02-15 10:00:00,Under 2.5,1.88,1.8619,2.9807646413366896e-05,16.0,0.0077200929087086,0.0067133711457313,1.871517890550706e-05,16.0,0.0060989708196025,0.0055471127164868,pinnacle,16.0,0.0181,0.021,7.84,Scottish Premiership,Goles (Over/Under),2025-02-14,pinnacle:1.8800; betrivers:1.8800; unibet_eu:1.8800; unibet:1.8800; betus:1.8800; lowvig:1.8800; betonlineag:1.8800; matchbook:1.8800; onexbet:1.8700; bovada:1.8500; williamhill:1.8500; tipico_de:1.8500; coolbet:1.8500; nordicbet:1.8300; betsson:1.8300; playup:1.8200,3-1,4.0,No
1. FC Kaiserslautern vs Hannover 96,2025-02-15 07:00:00,Over 2.5,1.75,1.69,2.950738250702854e-05,10.0,0.0076468725954012,0.0048404120518606,3.007054928263383e-05,10.0,0.0076421285932268,0.0055022762826588,williamhill,10.0,0.06,0.0224,7.14,Bundesliga 2,Goles (Over/Under),2025-02-14,williamhill:1.7500; coolbet:1.7100; onexbet:1.6900; betsson:1.6800; nordicbet:1.6800; betrivers:1.6800; unibet:1.6800; unibet_eu:1.6800; playup:1.6800; tipico_de:1.6700,0-0,0.0,No
1. FC Kaiserslautern vs Hannover 96,2025-02-15 07:00:00,Under 2.5,2.16,2.102,2.950738250702854e-05,10.0,0.0076468725954012,0.0048404120518606,5.358525436771013e-05,10.0,0.0103425003114326,0.0077878554578861,onexbet,10.0,0.058,0.0449,6.18,Bundesliga 2,Goles (Over/Under),2025-02-14,onexbet:2.1600; tipico_de:2.1500; coolbet:2.1500; playup:2.1200; betsson:2.1000; nordicbet:2.1000; betrivers:2.0800; unibet:2.0800; unibet_eu:2.0800; williamhill:2.0000,0-0,0.0,Sí
Fiorentina vs Como,2025-02-16 06:30:00,Over 2.5,2.02,1.9107,2.9221558906416567e-05,15.0,0.0076438221246033,0.0054932322383926,0.0001104990537076,15.0,0.0148387490376567,0.0105569485189304,matchbook,15.0,0.1093,0.0536,3.56,Serie A,Goles (Over/Under),2025-02-14,matchbook:2.0200; onexbet:1.9700; pinnacle:1.9600; betonlineag:1.9300; lowvig:1.9300; betsson:1.9200; nordicbet:1.9200; coolbet:1.9200; bovada:1.9100; betus:1.9100; tipico_de:1.9000; playup:1.9000; williamhill:1.8500; unibet_eu:1.8100; betrivers:1.8100,0-2,2.0,No
Fiorentina vs Como,2025-02-16 06:30:00,Under 2.5,1.97,1.906,2.9221558906416567e-05,15.0,0.0076438221246033,0.0054932322383926,5.300724521352808e-05,15.0,0.010282640197126,0.0092634345943438,onexbet,15.0,0.064,0.0374,6.01,Serie A,Goles (Over/Under),2025-02-14,onexbet:1.9700; matchbook:1.9600; unibet_eu:1.9400; betrivers:1.9400; pinnacle:1.9300; betus:1.9300; coolbet:1.9200; bovada:1.9100; betsson:1.8800; nordicbet:1.8800; betonlineag:1.8800; lowvig:1.8800; playup:1.8700; tipico_de:1.8500; williamhill:1.8500,0-2,2.0,Sí
US Catanzaro 1929 vs Cittadella,2025-02-14 14:30:00,Over 2.5,2.2,2.1478,2.8604784622096027e-05,9.0,0.007494714555181,0.007274371121921,2.5217030731797714e-05,9.0,0.0070852860061697,0.0063395766807796,coolbet,9.0,0.0522,0.0326,7.95,Serie B,Goles (Over/Under),2025-02-14,coolbet:2.2000; betrivers:2.1700; unibet_eu:2.1700; unibet:2.1700; onexbet:2.1600; nordicbet:2.1300; betsson:2.1300; williamhill:2.1000; tipico_de:2.1000,1-0,1.0,No
US Catanzaro 1929 vs Cittadella,2025-02-14 14:30:00,Under 2.5,1.69,1.6444,2.8604784622096027e-05,9.0,0.0074947145551809,0.0072743711219209,8.136526499307702e-05,9.0,0.0124378909194755,0.0110930093273099,onexbet,9.0,0.0456,0.0334,6.79,Serie B,Goles (Over/Under),2025-02-14,onexbet:1.6900; nordicbet:1.6700; betsson:1.6700; williamhill:1.6700; coolbet:1.6500; tipico_de:1.6500; betrivers:1.6000; unibet_eu:1.6000; unibet:1.6000,1-0,1.0,Sí
Walsall vs Chesterfield FC,2025-02-15 10:00:00,Over 2.5,1.96,1.9012,2.8518542003188665e-05,16.0,0.007551502721804,0.0061964791442503,7.532757312054204e-05,16.0,0.0122519748927432,0.0107636332125984,matchbook,16.0,0.0587,0.0439,6.58,League Two,Goles (Over/Under),2025-02-14,matchbook:1.9600; nordicbet:1.9500; betsson:1.9500; pinnacle:1.9500; lowvig:1.9300; betonlineag:1.9300; onexbet:1.9200; coolbet:1.9200; playup:1.9100; bovada:1.8900; betus:1.8900; tipico_de:1.8700; williamhill:1.8500; unibet:1.8400; betrivers:1.8300; unibet_eu:1.8300,3-1,4.0,Sí
Walsall vs Chesterfield FC,2025-02-15 10:00:00,Under 2.5,1.89,1.8531,2.8518542003188665e-05,16.0,0.007551502721804,0.0061964791442503,2.886846831947226e-05,16.0,0.0075726734463331,0.0062130269266751,lowvig,16.0,0.0369,0.0259,7.55,League Two,Goles (Over/Under),2025-02-14,lowvig:1.8900; betonlineag:1.8900; betrivers:1.8800; unibet_eu:1.8800; unibet:1.8800; matchbook:1.8700; onexbet:1.8500; williamhill:1.8500; bovada:1.8500; betus:1.8500; pinnacle:1.8500; nordicbet:1.8300; betsson:1.8300; tipico_de:1.8300; coolbet:1.8200; playup:1.8000,3-1,4.0,No
Palestino vs Cobresal,2025-02-15 16:00:00,Over 2.75,2.0,1.97,2.837835470399824e-05,4.0,0.0075289052482942,0.0062099018900489,5.7501572797012354e-05,4.0,0.0107189491037789,0.0092402803491139,pinnacle,4.0,0.03,0.0406,5.87,Primera División Chile,Goles (Over/Under),2025-02-14,pinnacle:2.0000; betsson:1.9900; nordicbet:1.9900; betus:1.9000,2-1,3.0,Sí
Palestino vs Cobresal,2025-02-15 16:00:00,Under 2.75,1.84,1.815,2.837835470399824e-05,4.0,0.0075289052482943,0.0062099018900489,2.91134347376905e-05,4.0,0.0075904785037648,0.0075904785037648,pinnacle,4.0,0.025,0.025,6.98,Primera División Chile,Goles (Over/Under),2025-02-14,pinnacle:1.8400; betus:1.8400; betsson:1.7900; nordicbet:1.7900,2-1,3.0,No
Sint Truiden vs Club Brugge,2025-02-15 14:45:00,Over 2.5,1.64,1.5975,2.800978294878409e-05,8.0,0.0073614239861323,0.0064103283790257,7.785848109639399e-05,8.0,0.0120425439273381,0.0094907998816182,onexbet,8.0,0.0425,0.0303,6.43,Pro League,Goles (Over/Under),2025-02-14,onexbet:1.6400; williamhill:1.6200; nordicbet:1.6100; betsson:1.6100; tipico_de:1.6000; playup:1.6000; betrivers:1.5600; matchbook:1.5400,0-3,3.0,Sí
Sint Truiden vs Club Brugge,2025-02-15 14:45:00,Under 2.5,2.35,2.2738,2.800978294878409e-05,8.0,0.0073614239861323,0.0064103283790257,3.127640394607898e-05,8.0,0.007851012349167,0.0060441767096906,betrivers,8.0,0.0762,0.0406,7.49,Pro League,Goles (Over/Under),2025-02-14,betrivers:2.3500; tipico_de:2.3000; onexbet:2.2900; matchbook:2.2800; nordicbet:2.2600; betsson:2.2600; williamhill:2.2500; playup:2.2000,0-3,3.0,No
Modena vs Spezia,2025-02-15 09:00:00,Over 2.0,1.83,1.81,2.7550732865686545e-05,6.0,0.0074144096584304,0.0051893391417306,2.9310529592057727e-05,6.0,0.0076054562507388,0.0061863859678067,pinnacle,6.0,0.02,0.0245,6.73,Serie B,Goles (Over/Under),2025-02-14,pinnacle:1.8300; betus:1.8300; lowvig:1.8200; betonlineag:1.8200; bovada:1.8000; coolbet:1.7600,1-1,2.0,No
Modena vs Spezia,2025-02-15 09:00:00,Under 2.0,2.05,2.0133,2.7550732865686545e-05,6.0,0.0074144096584304,0.0051893391417307,6.0498018262561415e-05,6.0,0.0109978056061193,0.0079697701581722,bovada,6.0,0.0367,0.0431,5.6,Serie B,Goles (Over/Under),2025-02-14,bovada:2.0500; pinnacle:2.0400; coolbet:2.0300; lowvig:2.0200; betonlineag:2.0200; betus:1.9200,1-1,2.0,No
CD Mirandés vs Racing de Ferrol,2025-02-14 14:30:00,Over 2.0,2.05,1.9817,2.735297501663277e-05,6.0,0.0073925664874744,0.0067314516181154,8.445348242020888e-05,6.0,0.0129913793381188,0.0106708006437003,pinnacle,6.0,0.0683,0.0501,3.43,La Liga 2,Goles (Over/Under),2025-02-14,pinnacle:2.0500; lowvig:2.0000; betonlineag:2.0000; betanysports:2.0000; bovada:1.9500; betus:1.8900,4-1,5.0,Sí
CD Mirandés vs Racing de Ferrol,2025-02-14 14:30:00,Under 2.0,1.87,1.8433,2.735297501663277e-05,6.0,0.0073925664874744,0.0067314516181154,9.594928478211482e-06,6.0,0.0043656422621971,0.0039173038208718,bovada,6.0,0.0267,0.0149,6.39,La Liga 2,Goles (Over/Under),2025-02-14,bovada:1.8700; pinnacle:1.8500; betus:1.8500; lowvig:1.8300; betonlineag:1.8300; betanysports:1.8300,4-1,5.0,No
USL Dunkerque vs Paris FC,2025-02-15 08:00:00,Over 2.25,2.0,1.946,2.728648323760243e-05,5.0,0.0073852500390418,0.0065600180443727,7.123522827638417e-05,5.0,0.0119266230398543,0.0092978297223294,pinnacle,5.0,0.054,0.0445,4.35,Ligue 2,Goles (Over/Under),2025-02-14,pinnacle:2.0000; bovada:1.9800; lowvig:1.9400; betonlineag:1.9400; betus:1.8700,1-0,1.0,No
USL Dunkerque vs Paris FC,2025-02-15 08:00:00,Under 2.25,1.88,1.864,2.728648323760243e-05,5.0,0.0073852500390418,0.0065600180443727,1.1072039986627814e-05,5.0,0.0046924619714757,0.0043902490547753,lowvig,5.0,0.016,0.0162,6.67,Ligue 2,Goles (Over/Under),2025-02-14,lowvig:1.8800; betonlineag:1.8800; betus:1.8700; bovada:1.8500; pinnacle:1.8400,1-0,1.0,Sí
Western Sydney Wanderers vs Macarthur FC,2025-02-16 01:00:00,Over 3.25,1.87,1.854,2.680947984138781e-05,5.0,0.007320764073061,0.0058567232375979,7.811315205680669e-06,5.0,0.003940464880052,0.0037150379861377,pinnacle,5.0,0.016,0.0136,6.95,A-League,Goles (Over/Under),2025-02-14,pinnacle:1.8700; betus:1.8700; bovada:1.8500; lowvig:1.8400; betonlineag:1.8400,2-1,3.0,No
Western Sydney Wanderers vs Macarthur FC,2025-02-16 01:00:00,Under 3.25,1.99,1.96,2.680947984138781e-05,5.0,0.007320764073061,0.0058567232375979,7.554389179954555e-05,5.0,0.0122811971303175,0.0097078071422771,lowvig,5.0,0.03,0.0456,4.6,A-League,Goles (Over/Under),2025-02-14,lowvig:1.9900; betonlineag:1.9900; bovada:1.9800; pinnacle:1.9700; betus:1.8700,2-1,3.0,Sí
Millwall vs West Bromwich Albion,2025-02-15 10:00:00,Over 2.5,2.58,2.403,2.678428606649548e-05,10.0,0.0071527400644577,0.0064342643726221,8.802559664229065e-05,10.0,0.0130553902089493,0.0108357513777621,matchbook,10.0,0.177,0.0773,4.55,Championship,Goles (Over/Under),2025-02-14,matchbook:2.5800; onexbet:2.4500; nordicbet:2.4500; betsson:2.4500; playup:2.4000; betrivers:2.3500; unibet_eu:2.3500; unibet:2.3500; tipico_de:2.3500; williamhill:2.3000,1-1,2.0,No
Millwall vs West Bromwich Albion,2025-02-15 10:00:00,Under 2.5,1.6,1.555,2.678428606649548e-05,10.0,0.0071527400644577,0.0064342643726221,4.698640104792697e-05,10.0,0.0092866035454049,0.0070336712282199,matchbook,10.0,0.045,0.0225,5.98,Championship,Goles (Over/Under),2025-02-14,matchbook:1.6000; williamhill:1.5700; unibet:1.5700; betrivers:1.5600; unibet_eu:1.5600; onexbet:1.5500; nordicbet:1.5500; betsson:1.5500; playup:1.5200; tipico_de:1.5200,1-1,2.0,Sí
VfL Bochum vs Borussia Dortmund,2025-02-15 09:30:00,Over 3.0,1.99,1.9583,2.6651806326256147e-05,6.0,0.0072988241973465,0.0064002715366197,3.261632394061727e-05,6.0,0.0080737858537953,0.0074066344319762,lowvig,6.0,0.0317,0.0308,4.6,Bundesliga,Goles (Over/Under),2025-02-14,lowvig:1.9900; betonlineag:1.9900; pinnacle:1.9800; coolbet:1.9500; bovada:1.9300; betus:1.9100,2-0,2.0,No
VfL Bochum vs Borussia Dortmund,2025-02-15 09:30:00,Under 3.0,1.91,1.8817,2.6651806326256147e-05,6.0,0.0072988241973466,0.0064002715366197,3.731263874055213e-05,6.0,0.0086181104300707,0.0079307006728755,pinnacle,6.0,0.0283,0.0302,4.71,Bundesliga,Goles (Over/Under),2025-02-14,pinnacle:1.9100; betus:1.9100; coolbet:1.9000; bovada:1.8900; lowvig:1.8400; betonlineag:1.8400,2-0,2.0,Sí
Fagiano Okayama vs Kyoto Purple Sanga,2025-02-15 00:00:00,Over 2.5,2.1,2.0591,2.6013088820359704e-05,11.0,0.0071888609837274,0.0059517439261775,3.117994651372755e-05,11.0,0.00789499929472,0.0054459651240022,williamhill,11.0,0.0409,0.0326,6.44,J1 League,Goles (Over/Under),2025-02-14,williamhill:2.1000; onexbet:2.0800; betrivers:2.0800; unibet_eu:2.0800; unibet:2.0800; matchbook:2.0600; playup:2.0500; betsson:2.0500; coolbet:2.0500; nordicbet:2.0500; tipico_de:1.9700,2-0,2.0,No
Fagiano Okayama vs Kyoto Purple Sanga,2025-02-15 00:00:00,Under 2.5,1.84,1.7336,2.6013088820359704e-05,11.0,0.0071888609837274,0.0059517439261775,8.80328165835667e-05,11.0,0.0131463336124956,0.0105346304967706,matchbook,11.0,0.1064,0.041,5.11,J1 League,Goles (Over/Under),2025-02-14,matchbook:1.8400; coolbet:1.7800; onexbet:1.7600; playup:1.7200; tipico_de:1.7200; betrivers:1.7100; betsson:1.7100; unibet_eu:1.7100; nordicbet:1.7100; unibet:1.7100; williamhill:1.7000,2-0,2.0,Sí
Bologna vs Torino,2025-02-14 14:45:00,Over 2.0,1.9,1.8567,2.5817741844561285e-05,6.0,0.0071830864133653,0.0059929365160201,4.10709562768345e-05,6.0,0.0090388681430409,0.0082912938823206,pinnacle,6.0,0.0433,0.0314,4.71,Serie A,Goles (Over/Under),2025-02-14,pinnacle:1.9000; betus:1.9000; coolbet:1.8500; bovada:1.8300; betonlineag:1.8300; lowvig:1.8300,3-2,5.0,Sí
Bologna vs Torino,2025-02-14 14:45:00,Under 2.0,2.01,1.99,2.5817741844561285e-05,6.0,0.0071830864133654,0.0059929365160201,3.372425747320525e-05,6.0,0.0082106628896212,0.0060634328358209,pinnacle,6.0,0.02,0.0316,4.4,Serie A,Goles (Over/Under),2025-02-14,pinnacle:2.0100; coolbet:2.0100; bovada:2.0000; betonlineag:2.0000; lowvig:2.0000; betus:1.9200,3-2,5.0,No
AaB vs FC Nordsjaelland,2025-02-16 08:00:00,Over 2.5,1.57,1.552,2.5767681450329886e-05,5.0,0.0070158122322519,0.0052549907469145,6.944359212033339e-05,5.0,0.0112225454780634,0.008858402743753,williamhill,5.0,0.018,0.0264,7.17,Superliga Denmark,Goles (Over/Under),2025-02-14,williamhill:1.5700; unibet:1.5700; betrivers:1.5600; unibet_eu:1.5600; tipico_de:1.5000,1-2,3.0,Sí
AaB vs FC Nordsjaelland,2025-02-16 08:00:00,Under 2.5,2.4,2.35,2.5767681450329886e-05,5.0,0.0070158122322519,0.0052549907469145,1.6785408729709562e-05,5.0,0.0057295418365902,0.0036694418748072,tipico_de,5.0,0.05,0.0316,8.33,Superliga Denmark,Goles (Over/Under),2025-02-14,tipico_de:2.4000; betrivers:2.3500; unibet_eu:2.3500; unibet:2.3500; williamhill:2.3000,1-2,3.0,No
Birmingham City vs Charlton Athletic,2025-02-15 10:00:00,Over 2.25,1.93,1.858,2.558456015829269e-05,5.0,0.0071525978438872,0.0056941712119347,6.593157239038066e-05,5.0,0.0114548222312786,0.0087916985794304,pinnacle,5.0,0.072,0.0402,4.45,League One,Goles (Over/Under),2025-02-14,pinnacle:1.9300; lowvig:1.8600; betonlineag:1.8600; bovada:1.8200; betus:1.8200,1-0,1.0,No
Birmingham City vs Charlton Athletic,2025-02-15 10:00:00,Under 2.25,1.96,1.936,2.558456015829269e-05,5.0,0.0071525978438872,0.0056941712119347,1.811635710935693e-05,5.0,0.006015360343063,0.0051156759404061,lowvig,5.0,0.024,0.0224,5.97,League One,Goles (Over/Under),2025-02-14,lowvig:1.9600; betonlineag:1.9600; bovada:1.9300; betus:1.9300; pinnacle:1.9000,1-0,1.0,Sí
Nacional vs Estoril,2025-02-15 10:30:00,Over 2.5,2.18,2.149,2.557615368346009e-05,10.0,0.0070962897978329,0.0061371372055808,2.267460735274549e-05,10.0,0.0067193233176297,0.0055583958305657,betrivers,10.0,0.031,0.0308,6.85,Liga Portugal,Goles (Over/Under),2025-02-14,betrivers:2.1800; unibet:2.1800; unibet_eu:2.1800; matchbook:2.1800; onexbet:2.1500; nordicbet:2.1500; betsson:2.1500; coolbet:2.1200; tipico_de:2.1000; williamhill:2.1000,2-3,5.0,Sí
Nacional vs Estoril,2025-02-15 10:30:00,Under 2.5,1.75,1.683,2.557615368346009e-05,10.0,0.0070962897978328,0.0061371372055808,7.198027462530772e-05,10.0,0.0117836056636552,0.0095374735259957,matchbook,10.0,0.067,0.0335,4.76,Liga Portugal,Goles (Over/Under),2025-02-14,matchbook:1.7500; onexbet:1.7000; tipico_de:1.7000; williamhill:1.7000; coolbet:1.7000; nordicbet:1.6800; betsson:1.6800; betrivers:1.6400; unibet:1.6400; unibet_eu:1.6400,2-3,5.0,No
Millwall vs West Bromwich Albion,2025-02-15 10:00:00,Over 2.0,1.86,1.8033,2.5480491941800155e-05,6.0,0.0071288324058654,0.0065840462674235,4.010566937502422e-05,6.0,0.0089061531416324,0.0056795554107381,pinnacle,6.0,0.0567,0.0292,5.05,Championship,Goles (Over/Under),2025-02-14,pinnacle:1.8600; bovada:1.8000; betus:1.8000; lowvig:1.8000; betonlineag:1.8000; coolbet:1.7600,1-1,2.0,No
Millwall vs West Bromwich Albion,2025-02-15 10:00:00,Under 2.0,2.05,2.02,2.5480491941800155e-05,6.0,0.0071288324058654,0.0065840462674235,4.456716692131156e-05,6.0,0.009440331087249,0.0082934088538223,bovada,6.0,0.03,0.0379,5.6,Championship,Goles (Over/Under),2025-02-14,bovada:2.0500; lowvig:2.0500; betonlineag:2.0500; coolbet:2.0300; pinnacle:1.9900; betus:1.9500,1-1,2.0,No
Juve Stabia vs Cosenza,2025-02-16 09:00:00,Over 2.5,2.45,2.37,2.5060526111663763e-05,8.0,0.0069098109722976,0.0061165506454604,5.434698640072335e-05,8.0,0.0102941811849265,0.009778274128242,onexbet,8.0,0.08,0.0581,7.48,Serie B,Goles (Over/Under),2025-02-14,onexbet:2.4500; williamhill:2.4500; nordicbet:2.4000; betsson:2.4000; betrivers:2.3200; unibet_eu:2.3200; unibet:2.3200; tipico_de:2.3000,3-0,3.0,Sí
Juve Stabia vs Cosenza,2025-02-16 09:00:00,Under 2.5,1.55,1.5312,2.5060526111663763e-05,8.0,0.0069098109722977,0.0061165506454604,2.1545430329042706e-05,8.0,0.006238202211906,0.0039795488087708,onexbet,8.0,0.0188,0.0145,7.99,Serie B,Goles (Over/Under),2025-02-14,onexbet:1.5500; tipico_de:1.5500; nordicbet:1.5300; betsson:1.5300; betrivers:1.5300; unibet_eu:1.5300; unibet:1.5300; williamhill:1.5000,3-0,3.0,No
Yokohama F Marinos vs Albirex Niigata,2025-02-15 00:00:00,Over 2.5,1.65,1.603,2.498397208719643e-05,10.0,0.0069607021715294,0.0059908233063123,6.852783201563245e-05,10.0,0.0113503201862739,0.0097098230299553,onexbet,10.0,0.047,0.0293,6.06,J1 League,Goles (Over/Under),2025-02-14,onexbet:1.6500; matchbook:1.6500; williamhill:1.6200; betsson:1.6100; nordicbet:1.6100; playup:1.6000; unibet:1.5800; tipico_de:1.5700; betrivers:1.5700; unibet_eu:1.5700,1-1,2.0,No
Yokohama F Marinos vs Albirex Niigata,2025-02-15 00:00:00,Under 2.5,2.36,2.28,2.498397208719643e-05,10.0,0.0069607021715294,0.0059908233063123,4.098250047588749e-05,10.0,0.0089846841825591,0.007694692314502,matchbook,10.0,0.08,0.0467,6.07,J1 League,Goles (Over/Under),2025-02-14,matchbook:2.3600; betrivers:2.3200; unibet:2.3200; unibet_eu:2.3200; playup:2.2800; onexbet:2.2700; tipico_de:2.2500; betsson:2.2400; nordicbet:2.2400; williamhill:2.2000,1-1,2.0,Si
Adana Demirspor vs Antalyaspor,2025-02-14 12:00:00,Over 2.75,1.97,1.914,2.492975653332779e-05,5.0,0.0070608442016541,0.0067998727668184,5.613783811305702e-05,5.0,0.0105841292053608,0.0096631090586442,pinnacle,5.0,0.056,0.0388,3.67,Süper Lig,Goles (Over/Under),2025-02-14,pinnacle:1.9700; lowvig:1.9300; betonlineag:1.9300; bovada:1.8700; betus:1.8700,1-1,2.0,No
Adana Demirspor vs Antalyaspor,2025-02-14 12:00:00,Under 2.75,1.95,1.914,2.492975653332779e-05,5.0,0.0070608442016541,0.0067998727668184,1.867364954750884e-05,5.0,0.006105324065794,0.0052503052503052,bovada,5.0,0.036,0.0224,4.76,Süper Lig,Goles (Over/Under),2025-02-14,bovada:1.9500; pinnacle:1.9200; betus:1.9200; lowvig:1.8900; betonlineag:1.8900,1-1,2.0,Sí
NAC Breda vs Feyenoord,2025-02-15 12:45:00,Over 3.0,2.02,1.9943,2.485164307506228e-05,7.0,0.0070461902824207,0.0051260191850106,6.837699987613176e-05,7.0,0.0116892299755126,0.008789153286911,bovada,7.0,0.0257,0.0447,5.06,Eredivisie,Goles (Over/Under),2025-02-14,bovada:2.0200; lowvig:2.0200; betonlineag:2.0200; betanysports:2.0200; pinnacle:2.0100; coolbet:1.9800; betus:1.8900,0-0,0.0,No
NAC Breda vs Feyenoord,2025-02-15 12:45:00,Under 3.0,1.85,1.8257,2.485164307506228e-05,7.0,0.0070461902824207,0.0051260191850107,1.2716184728292848e-05,7.0,0.0050205533075475,0.0041351061759225,pinnacle,7.0,0.0243,0.0168,6.96,Eredivisie,Goles (Over/Under),2025-02-14,pinnacle:1.8500; betus:1.8500; bovada:1.8200; lowvig:1.8200; betonlineag:1.8200; betanysports:1.8200; coolbet:1.8000,0-0,0.0,Sí
Lech Poznań vs Raków Częstochowa,2025-02-14 14:30:00,Over 2.25,1.98,1.934,2.484462914409582e-05,5.0,0.0070481056251312,0.0046174886750284,5.075802727264325e-05,5.0,0.0100659375015174,0.0077035053305354,bovada,5.0,0.046,0.0372,4.56,Ekstraklasa,Goles (Over/Under),2025-02-14,bovada:1.9800; pinnacle:1.9600; betonlineag:1.9300; lowvig:1.9300; betus:1.8700,0-1,1.0,No
Lech Poznań vs Raków Częstochowa,2025-02-14 14:30:00,Under 2.25,1.91,1.886,2.484462914409582e-05,5.0,0.0070481056251312,0.0046174886750283,2.0175011397003057e-05,5.0,0.0063393054862573,0.005390351920373,pinnacle,5.0,0.024,0.0224,5.83,Ekstraklasa,Goles (Over/Under),2025-02-14,pinnacle:1.9100; betus:1.9100; betonlineag:1.8800; lowvig:1.8800; bovada:1.8500,0-1,1.0,Sí
Hull City vs Norwich City,2025-02-15 10:00:00,Over 2.5,2.06,1.9371,2.480085144870997e-05,17.0,0.0070382120575512,0.0047233040314882,7.92254081355359e-05,17.0,0.0125780575803649,0.0087229699938652,matchbook,17.0,0.1229,0.0476,5.69,Championship,Goles (Over/Under),2025-02-14,matchbook:2.0600; williamhill:2.0000; pinnacle:1.9700; nordicbet:1.9600; betsson:1.9600; bovada:1.9500; onexbet:1.9400; coolbet:1.9300; unibet:1.9300; unibet_eu:1.9300; betrivers:1.9300; lowvig:1.9300; betonlineag:1.9300; playup:1.9200; betmgm:1.8700; betus:1.8700; tipico_de:1.8500,1-1,2.0,No
Hull City vs Norwich City,2025-02-15 10:00:00,Under 2.5,1.92,1.8488,2.480085144870997e-05,17.0,0.0070382120575512,0.0047233040314881,5.608552476702469e-05,17.0,0.0105433395930753,0.0077074481209407,matchbook,17.0,0.0712,0.0355,6.14,Championship,Goles (Over/Under),2025-02-14,matchbook:1.9200; pinnacle:1.8800; lowvig:1.8800; betonlineag:1.8800; bovada:1.8700; betus:1.8700; onexbet:1.8600; nordicbet:1.8500; betsson:1.8500; coolbet:1.8500; betmgm:1.8300; unibet:1.8300; unibet_eu:1.8300; betrivers:1.8300; tipico_de:1.8300; playup:1.8200; williamhill:1.7500,1-1,2.0,Sí
NEC Nijmegen vs Almere City,2025-02-16 06:15:00,Over 2.5,1.9,1.8506,2.471551881232254e-05,16.0,0.0070281130721769,0.00494614892327,4.675385024388856e-05,16.0,0.0096355027408114,0.0085917907102742,lowvig,16.0,0.0494,0.0329,6.11,Eredivisie,Goles (Over/Under),2025-02-14,lowvig:1.9000; betonlineag:1.9000; pinnacle:1.8800; betus:1.8800; onexbet:1.8700; bovada:1.8700; coolbet:1.8700; betanysports:1.8700; nordicbet:1.8400; betsson:1.8400; playup:1.8300; williamhill:1.8300; tipico_de:1.8300; betrivers:1.8000; unibet:1.8000; unibet_eu:1.8000,2-2,4.0,Sí
NEC Nijmegen vs Almere City,2025-02-16 06:15:00,Under 2.5,1.98,1.9312,2.471551881232254e-05,16.0,0.0070281130721769,0.00494614892327,2.841207372565755e-05,16.0,0.0075323223616215,0.0060889475069904,unibet,16.0,0.0488,0.028,6.06,Eredivisie,Goles (Over/Under),2025-02-14,unibet:1.9800; betrivers:1.9700; unibet_eu:1.9700; bovada:1.9500; pinnacle:1.9500; betanysports:1.9500; onexbet:1.9300; tipico_de:1.9300; nordicbet:1.9200; betsson:1.9200; lowvig:1.9200; betonlineag:1.9200; playup:1.9100; williamhill:1.9100; coolbet:1.9000; betus:1.8700,2-2,4.0,No
Troyes vs Lorient,2025-02-14 14:00:00,Over 2.5,2.4,2.289,2.4165466445237324e-05,10.0,0.0068388557128197,0.0062851000337682,5.4452520138285e-05,10.0,0.0103487155072464,0.0086748184349383,matchbook,10.0,0.111,0.0545,5.77,Ligue 2,Goles (Over/Under),2025-02-14,matchbook:2.4000; betrivers:2.3200; unibet_eu:2.3200; unibet:2.3200; onexbet:2.3000; williamhill:2.3000; playup:2.2500; betsson:2.2400; nordicbet:2.2400; tipico_de:2.2000,0-4,4.0,Sí
Troyes vs Lorient,2025-02-14 14:00:00,Under 2.5,1.7,1.596,2.4165466445237324e-05,10.0,0.0068388557128197,0.0062851000337682,0.0001186153248257,10.0,0.0149742227946206,0.0104540872651384,matchbook,10.0,0.104,0.0395,4.28,Ligue 2,Goles (Over/Under),2025-02-14,matchbook:1.7000; onexbet:1.6100; betsson:1.6000; nordicbet:1.6000; tipico_de:1.6000; playup:1.6000; williamhill:1.5700; betrivers:1.5600; unibet_eu:1.5600; unibet:1.5600,0-4,4.0,No
Levante vs Sporting Gijón,2025-02-16 08:00:00,Over 2.5,2.3,2.1956,2.410958474056361e-05,9.0,0.006872767226452,0.0059138902315203,5.998727974825002e-05,9.0,0.0109000544286596,0.0094749467741734,matchbook,9.0,0.1044,0.0536,5.21,La Liga 2,Goles (Over/Under),2025-02-14,matchbook:2.3000; onexbet:2.2700; nordicbet:2.2100; betsson:2.2100; coolbet:2.1700; tipico_de:2.1500; williamhill:2.1500; unibet:2.1500; unibet_eu:2.1500,0-0,0.0,No
Levante vs Sporting Gijón,2025-02-16 08:00:00,Under 2.5,1.7,1.6411,2.410958474056361e-05,9.0,0.006872767226452,0.0059138902315203,5.811469042965669e-05,9.0,0.0105408348430952,0.0094990012243066,coolbet,9.0,0.0589,0.0288,5.34,La Liga 2,Goles (Over/Under),2025-02-14,coolbet:1.7000; williamhill:1.6700; matchbook:1.6700; onexbet:1.6300; nordicbet:1.6200; betsson:1.6200; tipico_de:1.6200; unibet:1.6200; unibet_eu:1.6200,0-0,0.0,Sí
Yverdon Sport FC vs FC St Gallen,2025-02-16 08:15:00,Over 2.75,1.91,1.89,2.402758937329613e-05,4.0,0.0069308992333069,0.0057097795032329,2.4130180535108548e-05,4.0,0.0069323852119554,0.0056750842091155,betonlineag,4.0,0.02,0.0245,4.71,Super League Switzerland,Goles (Over/Under),2025-02-14,betonlineag:1.9100; lowvig:1.9100; pinnacle:1.8900; bovada:1.8500,1-0,1.0,No
Yverdon Sport FC vs FC St Gallen,2025-02-16 08:15:00,Under 2.75,1.98,1.9325,2.402758937329613e-05,4.0,0.0069308992333069,0.0057097795032329,2.8628551710353344e-05,4.0,0.0075634269746105,0.0062629523403198,bovada,4.0,0.0475,0.0286,4.56,Super League Switzerland,Goles (Over/Under),2025-02-14,bovada:1.9800; pinnacle:1.9300; betonlineag:1.9100; lowvig:1.9100,1-0,1.0,Sí
FC Winterthur vs BSC Young Boys,2025-02-15 14:30:00,Over 3.5,2.35,2.315,2.3850383773120152e-05,8.0,0.006793552463118,0.0044503114165003,4.344671897224938e-05,8.0,0.0092520883692238,0.006625158683438,onexbet,8.0,0.035,0.048,7.07,Super League Switzerland,Goles (Over/Under),2025-02-14,onexbet:2.3500; unibet:2.3500; unibet_eu:2.3500; betrivers:2.3500; nordicbet:2.3100; betsson:2.3100; playup:2.3000; tipico_de:2.2000,1-0,1.0,No
FC Winterthur vs BSC Young Boys,2025-02-15 14:30:00,Under 3.5,1.6,1.57,2.3850383773120152e-05,8.0,0.006793552463118,0.0044503114165003,2.18594645388628e-05,8.0,0.0063673181538827,0.0050527556838711,tipico_de,8.0,0.03,0.0158,7.95,Super League Switzerland,Goles (Over/Under),2025-02-14,tipico_de:1.6000; onexbet:1.5900; nordicbet:1.5700; betsson:1.5700; unibet:1.5600; unibet_eu:1.5600; betrivers:1.5600; playup:1.5500,1-0,1.0,Sí
SC Paderborn vs SC Preußen Münster,2025-02-14 12:30:00,Over 2.5,1.86,1.7667,2.367803338726625e-05,12.0,0.0068638103032788,0.0061202310276306,0.0001093750415683,12.0,0.0146656927678319,0.0114158167858449,matchbook,12.0,0.0933,0.0462,4.27,Bundesliga 2,Goles (Over/Under),2025-02-14,matchbook:1.8600; pinnacle:1.8300; onexbet:1.8100; betsson:1.7700; tipico_de:1.7700; nordicbet:1.7700; playup:1.7700; coolbet:1.7600; williamhill:1.7300; betrivers:1.7100; unibet_eu:1.7100; unibet:1.7100,2-0,2.0,No
SC Paderborn vs SC Preußen Münster,2025-02-14 12:30:00,Under 2.5,2.14,2.03,2.367803338726625e-05,12.0,0.0068638103032789,0.0061202310276306,5.029806254288524e-05,12.0,0.0100248993093489,0.0076674201756972,matchbook,12.0,0.11,0.0422,5.21,Bundesliga 2,Goles (Over/Under),2025-02-14,matchbook:2.1400; pinnacle:2.0600; williamhill:2.0500; betrivers:2.0400; unibet_eu:2.0400; unibet:2.0400; coolbet:2.0300; tipico_de:2.0000; onexbet:2.0000; playup:2.0000; betsson:1.9800; nordicbet:1.9800,2-0,2.0,Sí
Willem II vs Groningen,2025-02-15 15:00:00,Over 2.5,2.4,2.3611,2.3613267148371146e-05,9.0,0.0067432327199103,0.0044147839004178,3.388416832205078e-05,9.0,0.0081508028208269,0.0054573646732552,betrivers,9.0,0.0389,0.0441,6.18,Eredivisie,Goles (Over/Under),2025-02-14,betrivers:2.4000; unibet_eu:2.4000; unibet:2.4000; onexbet:2.3800; betsson:2.3600; nordicbet:2.3600; playup:2.3500; tipico_de:2.3500; williamhill:2.2500,1-3,4.0,Sí
Willem II vs Groningen,2025-02-15 15:00:00,Under 2.5,1.6,1.5633,2.3613267148371146e-05,9.0,0.0067432327199103,0.0044147839004178,2.3557881501079723e-05,9.0,0.0066046151936539,0.0054065413491115,williamhill,9.0,0.0367,0.0163,6.94,Eredivisie,Goles (Over/Under),2025-02-14,williamhill:1.6000; onexbet:1.5800; tipico_de:1.5700; betsson:1.5600; nordicbet:1.5600; betrivers:1.5500; unibet_eu:1.5500; unibet:1.5500; playup:1.5500,1-3,4.0,No
Go Ahead Eagles vs Sparta Rotterdam,2025-02-14 14:00:00,Over 2.5,1.78,1.7164,2.3564099891638296e-05,11.0,0.0068294349882249,0.0065563544502698,4.913477045995884e-05,11.0,0.0097806738520061,0.0081423734338527,matchbook,11.0,0.0636,0.029,4.96,Eredivisie,Goles (Over/Under),2025-02-14,matchbook:1.7800; betrivers:1.7300; unibet:1.7300; unibet_eu:1.7300; williamhill:1.7300; coolbet:1.7300; onexbet:1.7100; tipico_de:1.7000; betsson:1.6800; nordicbet:1.6800; playup:1.6800,1-0,1.0,No
Go Ahead Eagles vs Sparta Rotterdam,2025-02-14 14:00:00,Under 2.5,2.24,2.1045,2.3564099891638296e-05,11.0,0.0068294349882249,0.0065563544502697,6.728877498951962e-05,11.0,0.0115755116998763,0.0092152855088228,matchbook,11.0,0.1355,0.0528,4.17,Eredivisie,Goles (Over/Under),2025-02-14,matchbook:2.2400; onexbet:2.1300; betsson:2.1300; nordicbet:2.1300; playup:2.1200; tipico_de:2.1000; coolbet:2.0700; betrivers:2.0600; unibet:2.0600; unibet_eu:2.0600; williamhill:2.0500,1-0,1.0,Sí
PSV Eindhoven vs FC Utrecht,2025-02-15 10:30:00,Over 3.5,2.02,1.954,2.3337864948092405e-05,15.0,0.0068290132794767,0.0060896696414639,6.295192672238434e-05,15.0,0.0112143275835829,0.0096656482747853,pinnacle,15.0,0.066,0.0424,5.06,Eredivisie,Goles (Over/Under),2025-02-14,pinnacle:2.0200; bovada:2.0000; betanysports:2.0000; onexbet:1.9800; lowvig:1.9800; betonlineag:1.9800; betsson:1.9700; nordicbet:1.9700; coolbet:1.9600; playup:1.9500; unibet:1.9100; unibet_eu:1.9100; betrivers:1.9100; betus:1.9000; tipico_de:1.8700,2-2,4.0,Sí
PSV Eindhoven vs FC Utrecht,2025-02-15 10:30:00,Under 3.5,1.85,1.832,2.3337864948092405e-05,15.0,0.0068290132794767,0.0060896696414639,1.6470510409263337e-05,15.0,0.0057129884188743,0.0049450059428676,unibet,15.0,0.018,0.019,7.53,Eredivisie,Goles (Over/Under),2025-02-14,unibet:1.8500; unibet_eu:1.8500; betrivers:1.8500; tipico_de:1.8500; lowvig:1.8500; betonlineag:1.8500; pinnacle:1.8400; betus:1.8400; bovada:1.8300; betanysports:1.8300; onexbet:1.8200; coolbet:1.8200; betsson:1.8000; nordicbet:1.8000; playup:1.8000,2-2,4.0,No
Eyüpspor vs Kayserispor,2025-02-16 08:00:00,Over 2.5,1.85,1.783,2.329484997309516e-05,10.0,0.0068161064603755,0.0044570952004272,6.739417784088514e-05,10.0,0.0115320915756753,0.0099683564142949,onexbet,10.0,0.067,0.0372,6.14,Süper Lig,Goles (Over/Under),2025-02-14,onexbet:1.8500; pinnacle:1.8300; betus:1.8300; betsson:1.7800; nordicbet:1.7800; coolbet:1.7600; tipico_de:1.7500; betrivers:1.7500; unibet:1.7500; unibet_eu:1.7500,1-1,2.0,No
Eyüpspor vs Kayserispor,2025-02-16 08:00:00,Under 2.5,2.06,1.997,2.329484997309516e-05,10.0,0.0068161064603755,0.0044570952004272,5.257913086513388e-05,10.0,0.010253157974723,0.0085878342474406,onexbet,10.0,0.063,0.0408,5.69,Süper Lig,Goles (Over/Under),2025-02-14,onexbet:2.0600; tipico_de:2.0500; coolbet:2.0300; pinnacle:2.0200; betsson:1.9900; nordicbet:1.9900; betrivers:1.9700; unibet:1.9700; unibet_eu:1.9700; betus:1.9200,1-1,2.0,Sí
Amiens vs Grenoble,2025-02-14 14:00:00,Over 2.0,1.83,1.8167,2.32777217439338e-05,6.0,0.0068161033670238,0.0055830870647069,1.84510354742606e-05,6.0,0.0060396786104686,0.0054349185558125,pinnacle,6.0,0.0133,0.0197,6.73,Ligue 2,Goles (Over/Under),2025-02-14,pinnacle:1.8300; betus:1.8300; lowvig:1.8300; betonlineag:1.8300; bovada:1.8000; coolbet:1.7800,1-1,2.0,No
Amiens vs Grenoble,2025-02-14 14:00:00,Under 2.0,2.06,2.01,2.32777217439338e-05,6.0,0.0068161033670238,0.0055830870647068,6.53188359407072e-05,6.0,0.0114274926416818,0.0076881989989537,pinnacle,6.0,0.05,0.0451,4.72,Ligue 2,Goles (Over/Under),2025-02-14,pinnacle:2.0600; bovada:2.0500; coolbet:2.0100; lowvig:2.0100; betonlineag:2.0100; betus:1.9200,1-1,2.0,No
FC Machida Zelvia vs Hiroshima Sanfrecce FC,2025-02-16 00:00:00,Over 2.5,2.08,2.005,2.2972337703553347e-05,10.0,0.0067649456610729,0.0062580291504861,4.628840910854059e-05,10.0,0.0096203986730802,0.007891339476464,coolbet,10.0,0.075,0.0391,5.88,J1 League,Goles (Over/Under),2025-02-14,coolbet:2.0800; onexbet:2.0600; nordicbet:2.0200; betsson:2.0200; williamhill:2.0000; playup:2.0000; unibet:1.9800; betrivers:1.9700; unibet_eu:1.9700; tipico_de:1.9500,1-2,3.0,Si
FC Machida Zelvia vs Hiroshima Sanfrecce FC,2025-02-16 00:00:00,Under 2.5,1.8,1.765,2.2972337703553347e-05,10.0,0.006764945661073,0.0062580291504861,3.563864613390537e-05,10.0,0.0083691237000133,0.0076641841010179,betrivers,10.0,0.035,0.0262,6.84,J1 League,Goles (Over/Under),2025-02-14,betrivers:1.8000; unibet:1.8000; unibet_eu:1.8000; onexbet:1.7800; coolbet:1.7600; tipico_de:1.7500; playup:1.7500; nordicbet:1.7400; betsson:1.7400; williamhill:1.7300,1-2,3.0,No
Carrarese vs Salernitana,2025-02-15 09:00:00,Over 2.25,2.02,1.992,2.2626422459663023e-05,5.0,0.0067229995162281,0.0052405636400338,7.402879568331907e-05,5.0,0.0121635268289815,0.0096091714434601,pinnacle,5.0,0.028,0.0466,4.45,Serie B,Goles (Over/Under),2025-02-14,pinnacle:2.0200; lowvig:2.0200; betonlineag:2.0200; bovada:2.0000; betus:1.9000,3-2,5.0,Sí
Carrarese vs Salernitana,2025-02-15 09:00:00,Under 2.25,1.84,1.83,2.2626422459663023e-05,5.0,0.0067229995162282,0.0052405636400338,3.5979564093722336e-06,5.0,0.0026708966250741,0.0023915262689318,pinnacle,5.0,0.01,0.0089,6.98,Serie B,Goles (Over/Under),2025-02-14,pinnacle:1.8400; betus:1.8400; bovada:1.8300; lowvig:1.8200; betonlineag:1.8200,3-2,5.0,No
Wigan Athletic vs Stockport County FC,2025-02-15 10:00:00,Over 2.0,1.92,1.8783,2.2053590126886336e-05,6.0,0.0066407266771946,0.0061635849472944,4.813630465853392e-05,6.0,0.0097880148313744,0.0078216989981695,lowvig,6.0,0.0417,0.0344,5.56,League One,Goles (Over/Under),2025-02-14,lowvig:1.9200; betonlineag:1.9200; bovada:1.8700; betus:1.8700; pinnacle:1.8700; coolbet:1.8200,0-2,2.0,No
Wigan Athletic vs Stockport County FC,2025-02-15 10:00:00,Under 2.0,1.96,1.9033,2.2053590126886336e-05,6.0,0.0066407266771945,0.0061635849472944,3.579365820734794e-05,6.0,0.0084512275312586,0.0066750517325483,pinnacle,6.0,0.0567,0.0309,5.97,League One,Goles (Over/Under),2025-02-14,pinnacle:1.9600; coolbet:1.9200; lowvig:1.9000; betonlineag:1.9000; bovada:1.8700; betus:1.8700,0-2,2.0,No
Melbourne City vs Perth Glory,2025-02-15 01:00:00,Over 3.25,2.03,1.994,2.185364205314047e-05,5.0,0.0066073477505911,0.0052303127029529,7.683409460122769e-05,5.0,0.012391934508877,0.0098062351907141,pinnacle,5.0,0.036,0.0476,4.21,A-League,Goles (Over/Under),2025-02-14,pinnacle:2.0300; bovada:2.0200; betonlineag:2.0100; lowvig:2.0100; betus:1.9000,1-0,1.0,No
Melbourne City vs Perth Glory,2025-02-15 01:00:00,Under 3.25,1.84,1.832,2.185364205314047e-05,5.0,0.0066073477505912,0.0052303127029529,2.514454720132652e-06,5.0,0.0022328949583439,0.0019059106728386,pinnacle,5.0,0.008,0.0075,6.98,A-League,Goles (Over/Under),2025-02-14,pinnacle:1.8400; betus:1.8400; betonlineag:1.8300; lowvig:1.8300; bovada:1.8200,1-0,1.0,Sí
Atlas vs Puebla,2025-02-15 18:00:00,Over 2.25,1.85,1.842,2.1504457038141568e-05,5.0,0.0065558719650696,0.0051801944756536,2.457620020592205e-06,5.0,0.0022086988304145,0.0018852780078724,pinnacle,5.0,0.008,0.0075,7.25,Liga MX,Goles (Over/Under),2025-02-14,pinnacle:1.8500; betus:1.8500; betonlineag:1.8400; lowvig:1.8400; bovada:1.8300,3-2,5.0,Sí
Atlas vs Puebla,2025-02-15 18:00:00,Under 2.25,2.0,1.972,2.1504457038141568e-05,5.0,0.0065558719650696,0.0051801944756536,7.592767561320863e-05,5.0,0.0123148152564989,0.0098107559071955,bovada,5.0,0.028,0.0462,4.64,Liga MX,Goles (Over/Under),2025-02-14,bovada:2.0000; pinnacle:2.0000; betonlineag:1.9900; lowvig:1.9900; betus:1.8800,3-2,5.0,No
Middlesbrough vs Watford,2025-02-15 10:00:00,Over 2.5,1.68,1.6244,2.1291424551154445e-05,9.0,0.0064481524681562,0.0042907427381427,5.1028284984379547e-05,9.0,0.0098437874248717,0.0082183211017566,matchbook,9.0,0.0556,0.0263,6.04,Championship,Goles (Over/Under),2025-02-14,matchbook:1.6800; williamhill:1.6500; onexbet:1.6300; nordicbet:1.6300; betsson:1.6300; playup:1.6000; betrivers:1.6000; unibet_eu:1.6000; unibet:1.6000,0-1,1.0,No
Middlesbrough vs Watford,2025-02-15 10:00:00,Under 2.5,2.34,2.2722,2.1291424551154445e-05,9.0,0.0064481524681562,0.0042907427381428,4.8905881481058285e-05,9.0,0.0098339315092957,0.0064795257277739,matchbook,9.0,0.0678,0.0492,5.24,Championship,Goles (Over/Under),2025-02-14,matchbook:2.3400; nordicbet:2.3000; betsson:2.3000; betrivers:2.2800; unibet_eu:2.2800; unibet:2.2800; onexbet:2.2700; playup:2.2500; williamhill:2.1500,0-1,1.0,Sí
Juve Stabia vs Cosenza,2025-02-16 09:00:00,Over 2.0,1.85,1.83,2.1014330283403623e-05,4.0,0.0064780762336537,0.0060543153780751,6.669964997432719e-06,4.0,0.0036375230598357,0.002978117732216,coolbet,4.0,0.02,0.0122,5.87,Serie B,Goles (Over/Under),2025-02-14,coolbet:1.8500; bovada:1.8300; pinnacle:1.8200; betus:1.8200,3-0,3.0,Sí
Juve Stabia vs Cosenza,2025-02-16 09:00:00,Under 2.0,2.03,1.9725,2.1014330283403623e-05,4.0,0.0064780762336538,0.0060543153780752,6.299835305691799e-05,4.0,0.0112229456797913,0.0109146481533474,pinnacle,4.0,0.0575,0.0438,4.21,Serie B,Goles (Over/Under),2025-02-14,pinnacle:2.0300; bovada:2.0000; betus:1.9300; coolbet:1.9300,3-0,3.0,No
Bromley FC vs Fleetwood Town,2025-02-15 10:00:00,Over 2.5,2.1,2.0382,2.09847518545634e-05,11.0,0.0064585378197215,0.0054162903875216,5.556535618170103e-05,11.0,0.0105399148177068,0.0085655467894319,matchbook,11.0,0.0618,0.043,6.44,League Two,Goles (Over/Under),2025-02-14,matchbook:2.1000; onexbet:2.0800; betrivers:2.0600; unibet_eu:2.0600; unibet:2.0600; nordicbet:2.0500; betsson:2.0500; playup:2.0200; coolbet:2.0200; tipico_de:1.9700; williamhill:1.9500,1-0,1.0,No
Bromley FC vs Fleetwood Town,2025-02-15 10:00:00,Under 2.5,1.76,1.7264,2.09847518545634e-05,11.0,0.0064585378197215,0.0054162903875215,3.0712464891551484e-05,11.0,0.007737986645321,0.0071996415512541,matchbook,11.0,0.0336,0.0231,8.1,League Two,Goles (Over/Under),2025-02-14,matchbook:1.7600; williamhill:1.7500; nordicbet:1.7500; betsson:1.7500; coolbet:1.7400; onexbet:1.7200; tipico_de:1.7200; betrivers:1.7000; unibet_eu:1.7000; unibet:1.7000; playup:1.7000,1-0,1.0,Sí
Grazer AK vs LASK,2025-02-16 08:30:00,Over 2.5,2.0,1.9469,2.096845991495304e-05,13.0,0.0064719790856076,0.0055653114384526,7.48968107174818e-05,13.0,0.0122310079468399,0.0102125346154159,nordicbet,13.0,0.0531,0.046,6.5,Austrian Bundesliga,Goles (Over/Under),2025-02-14,nordicbet:2.0000; betsson:2.0000; coolbet:2.0000; pinnacle:2.0000; onexbet:1.9700; bovada:1.9500; williamhill:1.9500; tipico_de:1.9500; playup:1.9500; betus:1.9000; betrivers:1.8800; unibet_eu:1.8800; unibet:1.8800,0-0,0.0,No
Grazer AK vs LASK,2025-02-16 08:30:00,Under 2.5,1.84,1.81,2.096845991495304e-05,13.0,0.0064719790856076,0.0055653114384526,1.5985208134364473e-05,13.0,0.0056221484987279,0.0042291641584347,pinnacle,13.0,0.03,0.0184,7.54,Austrian Bundesliga,Goles (Over/Under),2025-02-14,pinnacle:1.8400; betus:1.8400; onexbet:1.8300; coolbet:1.8200; betrivers:1.8100; unibet_eu:1.8100; unibet:1.8100; nordicbet:1.8000; betsson:1.8000; bovada:1.8000; williamhill:1.8000; tipico_de:1.8000; playup:1.7700,0-0,0.0,Sí
Silkeborg IF vs Vejle Boldklub,2025-02-16 08:00:00,Over 2.5,1.75,1.71,2.0831741797584032e-05,10.0,0.0064216011638447,0.0059035962503545,5.193416379681679e-05,10.0,0.0100413786668431,0.009582875209477,onexbet,10.0,0.04,0.0293,6.65,Superliga Denmark,Goles (Over/Under),2025-02-14,onexbet:1.7500; betsson:1.7400; nordicbet:1.7400; williamhill:1.7300; coolbet:1.7300; playup:1.7000; betrivers:1.6800; unibet_eu:1.6800; unibet:1.6800; tipico_de:1.6700,0-1,1.0,No
Silkeborg IF vs Vejle Boldklub,2025-02-16 08:00:00,Under 2.5,2.12,2.08,2.0831741797584032e-05,10.0,0.0064216011638448,0.0059035962503545,2.8591907477950588e-05,10.0,0.0075565477170661,0.0064810697261579,betrivers,10.0,0.04,0.0326,7.05,Superliga Denmark,Goles (Over/Under),2025-02-14,betrivers:2.1200; unibet_eu:2.1200; unibet:2.1200; betsson:2.0900; nordicbet:2.0900; onexbet:2.0700; coolbet:2.0700; tipico_de:2.0500; williamhill:2.0500; playup:2.0200,0-1,1.0,Sí
Real Racing Club de Santander vs Cádiz CF,2025-02-15 12:30:00,Over 2.25,1.87,1.8367,2.0574426764541803e-05,6.0,0.006410630232642,0.0059873836714201,9.551247348451583e-06,6.0,0.0043561321556934,0.0032468692063677,bovada,6.0,0.0333,0.0149,5.83,La Liga 2,Goles (Over/Under),2025-02-14,bovada:1.8700; pinnacle:1.8300; betus:1.8300; betonlineag:1.8300; lowvig:1.8300; betanysports:1.8300,2-3,5.0,Sí
Real Racing Club de Santander vs Cádiz CF,2025-02-15 12:30:00,Under 2.25,2.03,1.9867,2.0574426764541803e-05,6.0,0.006410630232642,0.0059873836714201,5.964282500239862e-05,6.0,0.0109191262453841,0.0097348104019926,pinnacle,6.0,0.0433,0.0423,3.91,La Liga 2,Goles (Over/Under),2025-02-14,pinnacle:2.0300; betonlineag:2.0100; lowvig:2.0100; betanysports:2.0100; bovada:1.9500; betus:1.9100,2-3,5.0,No
Racing Club vs Argentinos Juniors,2025-02-15 19:30:00,Over 2.5,2.24,2.1683,2.047881785181809e-05,6.0,0.0063539560935519,0.0049955323022869,5.238571626440096e-05,6.0,0.0102081920050726,0.0069728694771656,matchbook,6.0,0.0717,0.0474,4.88,Liga Profesional,Goles (Over/Under),2025-02-14,matchbook:2.2400; nordicbet:2.1900; unibet:2.1700; betrivers:2.1700; onexbet:2.1600; playup:2.0800,2-3,5.0,Sí
Racing Club vs Argentinos Juniors,2025-02-15 19:30:00,Under 2.5,1.7,1.6817,2.047881785181809e-05,6.0,0.0063539560935518,0.0049955323022868,1.6216550273187363e-05,6.0,0.0055884205601375,0.0051394812339041,playup,6.0,0.0183,0.0157,6.9,Liga Profesional,Goles (Over/Under),2025-02-14,playup:1.7000; nordicbet:1.6900; onexbet:1.6900; matchbook:1.6900; unibet:1.6600; betrivers:1.6600,2-3,5.0,No
West Ham United vs Brentford,2025-02-15 10:00:00,Over 2.5,1.65,1.6,2.042136747605486e-05,9.0,0.0062810615804299,0.0055903972095813,5.391924479937826e-05,9.0,0.0100563941374154,0.0078650989375755,onexbet,9.0,0.05,0.0258,5.05,Premier League,Goles (Over/Under),2025-02-14,onexbet:1.6500; williamhill:1.6200; unibet_eu:1.6100; betrivers:1.6100; betsson:1.6000; nordicbet:1.6000; playup:1.5800; tipico_de:1.5700; mybookieag:1.5600,0-1,1.0,No
West Ham United vs Brentford,2025-02-15 10:00:00,Under 2.5,2.41,2.3456,2.042136747605486e-05,9.0,0.0062810615804299,0.0055903972095813,3.931602223742452e-05,9.0,0.0087751136525467,0.0069953037248453,betsson,9.0,0.0644,0.0479,5.6,Premier League,Goles (Over/Under),2025-02-14,betsson:2.4100; nordicbet:2.4100; onexbet:2.3800; tipico_de:2.3500; playup:2.3500; mybookieag:2.3200; unibet_eu:2.3200; betrivers:2.3200; williamhill:2.2500,0-1,1.0,Sí
Clermont vs SC Bastia,2025-02-14 14:00:00,Over 2.5,2.66,2.438,2.0338746281298647e-05,10.0,0.0062000814788568,0.0044168921553025,9.165357958568383e-05,10.0,0.0132601000728285,0.009554339696509,matchbook,10.0,0.222,0.0833,3.82,Ligue 2,Goles (Over/Under),2025-02-14,matchbook:2.6600; onexbet:2.5000; playup:2.4500; nordicbet:2.4200; betsson:2.4200; betrivers:2.4000; unibet_eu:2.4000; unibet:2.4000; williamhill:2.3800; tipico_de:2.3500,1-1,2.0,No
Clermont vs SC Bastia,2025-02-14 14:00:00,Under 2.5,1.57,1.527,2.0338746281298647e-05,10.0,0.0062000814788568,0.0044168921553025,3.142191425763783e-05,10.0,0.0075624193686648,0.0058407965868177,matchbook,10.0,0.043,0.0179,6.25,Ligue 2,Goles (Over/Under),2025-02-14,matchbook:1.5700; williamhill:1.5500; onexbet:1.5300; nordicbet:1.5200; betsson:1.5200; tipico_de:1.5200; playup:1.5200; unibet:1.5200; betrivers:1.5100; unibet_eu:1.5100,1-1,2.0,Sí
Jeju United FC vs FC Seoul,2025-02-15 01:30:00,Over 2.5,2.09,2.0392,1.9985747982772395e-05,12.0,0.0062970387963944,0.0049316605586226,4.675162364508001e-05,12.0,0.0096682996106653,0.0080158530237846,onexbet,12.0,0.0508,0.0395,9.2,K League 1,Goles (Over/Under),2025-02-14,onexbet:2.0900; nordicbet:2.0700; betsson:2.0700; unibet:2.0600; betrivers:2.0600; unibet_eu:2.0600; williamhill:2.0500; playup:2.0500; coolbet:2.0300; betmgm:2.0000; tipico_de:1.9700; matchbook:1.9600,2-0,2.0,No
Jeju United FC vs FC Seoul,2025-02-15 01:30:00,Under 2.5,1.76,1.695,1.9985747982772395e-05,12.0,0.0062970387963943,0.0049316605586225,8.119646186071628e-05,12.0,0.0125284275533671,0.0102102439184548,coolbet,12.0,0.065,0.0359,7.84,K League 1,Goles (Over/Under),2025-02-14,coolbet:1.7600; onexbet:1.7400; tipico_de:1.7200; playup:1.7200; nordicbet:1.7000; betsson:1.7000; williamhill:1.7000; betmgm:1.6900; unibet:1.6600; betrivers:1.6600; unibet_eu:1.6600; matchbook:1.6300,2-0,2.0,Sí
Cheltenham Town vs Barrow,2025-02-15 10:00:00,Over 2.5,2.3,2.238,1.9907944075354484e-05,10.0,0.0062257236710502,0.0055656773667647,4.4060237201375466e-05,10.0,0.0093346354935065,0.0085207913351969,nordicbet,10.0,0.062,0.0466,6.77,League Two,Goles (Over/Under),2025-02-14,nordicbet:2.3000; betsson:2.3000; matchbook:2.2800; onexbet:2.2600; williamhill:2.2500; playup:2.2500; tipico_de:2.2000; unibet_eu:2.1800; unibet:2.1800; betrivers:2.1800,3-2,5.0,Sí
Cheltenham Town vs Barrow,2025-02-15 10:00:00,Under 2.5,1.62,1.608,1.9907944075354484e-05,10.0,0.0062257236710501,0.0055656773667646,1.2603338975551964e-05,10.0,0.0048634082505504,0.0040396209034991,williamhill,10.0,0.012,0.0125,7.6,League Two,Goles (Over/Under),2025-02-14,williamhill:1.6200; unibet_eu:1.6200; unibet:1.6200; betrivers:1.6200; onexbet:1.6100; matchbook:1.6100; nordicbet:1.6000; betsson:1.6000; tipico_de:1.6000; playup:1.5800,3-2,5.0,No
Atlético Madrid vs Celta Vigo,2025-02-15 12:30:00,Over 2.5,1.86,1.8067,1.986433520331669e-05,12.0,0.0062940908613189,0.0054209883412354,3.49618658990144e-05,12.0,0.0083137949361339,0.0068295002989423,onexbet,12.0,0.0533,0.0272,6.12,La Liga,Goles (Over/Under),2025-02-14,onexbet:1.8600; bovada:1.8300; nordicbet:1.8300; betsson:1.8300; unibet:1.8100; unibet_eu:1.8100; betrivers:1.8100; williamhill:1.8000; coolbet:1.7900; tipico_de:1.7700; betmgm:1.7700; playup:1.7700,1-1,2.0,No
Atlético Madrid vs Celta Vigo,2025-02-15 12:30:00,Under 2.5,2.09,1.9875,1.986433520331669e-05,12.0,0.0062940908613189,0.0054209883412354,8.85057330781077e-05,12.0,0.0133015781666414,0.0108780093374945,onexbet,12.0,0.1025,0.0532,4.34,La Liga,Goles (Over/Under),2025-02-14,onexbet:2.0900; coolbet:2.0800; tipico_de:2.0000; bovada:2.0000; nordicbet:2.0000; betsson:2.0000; playup:2.0000; williamhill:1.9500; unibet:1.9400; unibet_eu:1.9400; betrivers:1.9400; betmgm:1.9100,1-1,2.0,Sí
Barnsley vs Huddersfield Town,2025-02-15 10:00:00,Over 2.5,1.92,1.865,1.9803513359515155e-05,16.0,0.0062929146831429,0.0052360851802062,4.259763773767354e-05,16.0,0.00920487183101,0.0080663649695768,matchbook,16.0,0.055,0.032,6.14,League One,Goles (Over/Under),2025-02-14,matchbook:1.9200; pinnacle:1.9000; betsson:1.9000; nordicbet:1.9000; betus:1.9000; onexbet:1.8800; playup:1.8800; lowvig:1.8600; betonlineag:1.8600; williamhill:1.8500; bovada:1.8500; coolbet:1.8500; tipico_de:1.8300; betrivers:1.8200; unibet_eu:1.8200; unibet:1.8200,1-2,3.0,Sí
Barnsley vs Huddersfield Town,2025-02-15 10:00:00,Under 2.5,1.96,1.8994,1.9803513359515155e-05,16.0,0.0062929146831429,0.0052360851802063,5.187736985304732e-05,16.0,0.0101713169227091,0.0088264626232299,lowvig,16.0,0.0606,0.0368,5.97,League One,Goles (Over/Under),2025-02-14,lowvig:1.9600; betonlineag:1.9600; matchbook:1.9500; pinnacle:1.9300; onexbet:1.9200; betrivers:1.9100; unibet_eu:1.9100; unibet:1.9100; bovada:1.8900; coolbet:1.8900; betsson:1.8700; nordicbet:1.8700; betus:1.8700; williamhill:1.8500; playup:1.8500; tipico_de:1.8500,1-2,3.0,No
Pau FC vs Rodez AF,2025-02-14 14:00:00,Over 2.5,1.8,1.695,1.9668489494330203e-05,10.0,0.0062291334950416,0.0039553744880362,0.0001119153283258,10.0,0.0147345527634738,0.0102801717268801,matchbook,10.0,0.105,0.0432,4.34,Ligue 2,Goles (Over/Under),2025-02-14,matchbook:1.8000; playup:1.7200; onexbet:1.7100; williamhill:1.7000; nordicbet:1.6800; betsson:1.6800; betrivers:1.6800; unibet_eu:1.6800; unibet:1.6800; tipico_de:1.6200,2-2,4.0,Sí
Pau FC vs Rodez AF,2025-02-14 14:00:00,Under 2.5,2.22,2.111,1.9668489494330203e-05,10.0,0.0062291334950416,0.0039553744880362,4.954278355997862e-05,10.0,0.0099332185289857,0.0073431790441619,matchbook,10.0,0.109,0.0453,6.77,Ligue 2,Goles (Over/Under),2025-02-14,matchbook:2.2200; tipico_de:2.1500; onexbet:2.1300; nordicbet:2.1100; betsson:2.1100; williamhill:2.1000; betrivers:2.0800; unibet_eu:2.0800; unibet:2.0800; playup:2.0500,2-2,4.0,No
Sheffield Wednesday vs Coventry City,2025-02-15 10:00:00,Over 2.5,2.04,1.9387,1.9547517411036143e-05,15.0,0.0062499698945132,0.0048291573543816,5.803391047539829e-05,15.0,0.010766561663356,0.0077455775992225,matchbook,15.0,0.1013,0.0408,6.16,Championship,Goles (Over/Under),2025-02-14,matchbook:2.0400; betonlineag:1.9800; lowvig:1.9800; williamhill:1.9500; bovada:1.9500; pinnacle:1.9500; unibet:1.9400; onexbet:1.9300; coolbet:1.9300; betrivers:1.9300; unibet_eu:1.9300; playup:1.9200; betmgm:1.9100; tipico_de:1.8700; betus:1.8700,1-2,3.0,Sí
Sheffield Wednesday vs Coventry City,2025-02-15 10:00:00,Under 2.5,1.94,1.842,1.9547517411036143e-05,15.0,0.0062499698945132,0.0048291573543816,9.1680687577247e-05,15.0,0.0134833230253981,0.0104128803572214,matchbook,15.0,0.098,0.0456,5.02,Championship,Goles (Over/Under),2025-02-14,matchbook:1.9400; pinnacle:1.9000; onexbet:1.8700; bovada:1.8700; betus:1.8700; coolbet:1.8500; betonlineag:1.8500; lowvig:1.8500; tipico_de:1.8300; playup:1.8200; betrivers:1.8200; unibet_eu:1.8200; unibet:1.8200; betmgm:1.7700; williamhill:1.7500,1-2,3.0,No
Frosinone vs Reggiana,2025-02-16 09:00:00,Over 1.5,1.5,1.474,1.9501204940554265e-05,5.0,0.0060675694659051,0.0057956574004003,8.792733418529649e-05,5.0,0.0123446818931314,0.010774288034562,betsson,5.0,0.026,0.0265,10.53,Serie B,Goles (Over/Under),2025-02-14,betsson:1.5000; nordicbet:1.5000; betrivers:1.4800; onexbet:1.4600; matchbook:1.4300,1-1,2.0,Sí
Frosinone vs Reggiana,2025-02-16 09:00:00,Under 1.5,2.45,2.378,1.9501204940554265e-05,5.0,0.006067569465905,0.0057956574004003,6.28968797733759e-05,5.0,0.0110793984333398,0.0094488195242999,betrivers,5.0,0.072,0.0621,10.75,Serie B,Goles (Over/Under),2025-02-14,betrivers:2.4500; onexbet:2.4400; betsson:2.3600; nordicbet:2.3600; matchbook:2.2800,1-1,2.0,No
Pau FC vs Rodez AF,2025-02-14 14:00:00,Over 2.75,1.87,1.84,1.944983397499968e-05,5.0,0.0062335456803079,0.0048619106378095,1.031558238331096e-05,5.0,0.0045270654449463,0.0035180533692126,betus,5.0,0.03,0.0155,5.29,Ligue 2,Goles (Over/Under),2025-02-14,betus:1.8700; pinnacle:1.8400; bovada:1.8300; betonlineag:1.8300; lowvig:1.8300,2-2,4.0,Sí
Pau FC vs Rodez AF,2025-02-14 14:00:00,Under 2.75,2.04,1.994,1.944983397499968e-05,5.0,0.0062335456803079,0.0048619106378096,4.112346366397215e-05,5.0,0.0090675723682701,0.0065874225337804,pinnacle,5.0,0.046,0.0356,3.66,Ligue 2,Goles (Over/Under),2025-02-14,pinnacle:2.0400; bovada:2.0000; betonlineag:2.0000; lowvig:2.0000; betus:1.9300,2-2,4.0,No
OFI Crete vs Asteras Tripolis,2025-02-15 10:00:00,Over 2.5,2.2,2.1467,1.933289189953957e-05,6.0,0.0061620831490562,0.0051120170712227,5.250173911526459e-05,6.0,0.0102224374885688,0.0101274871917073,coolbet,6.0,0.0533,0.0471,7.18,Super League Greece,Goles (Over/Under),2025-02-14,coolbet:2.2000; williamhill:2.2000; onexbet:2.1800; tipico_de:2.1000; unibet_eu:2.1000; unibet:2.1000,2-1,3.0,Sí
OFI Crete vs Asteras Tripolis,2025-02-15 10:00:00,Under 2.5,1.68,1.6583,1.933289189953957e-05,6.0,0.0061620831490562,0.0051120170712227,2.919220759639907e-05,6.0,0.0074668340813621,0.0057104050856839,onexbet,6.0,0.0217,0.0203,7.14,Super League Greece,Goles (Over/Under),2025-02-14,onexbet:1.6800; coolbet:1.6800; unibet_eu:1.6600; unibet:1.6600; tipico_de:1.6500; williamhill:1.6200,2-1,3.0,No
Tranmere Rovers vs Milton Keynes Dons,2025-02-15 10:00:00,Over 2.5,2.0,1.9662,1.9166005039659227e-05,16.0,0.0061843455821614,0.0056682667030462,1.8936118757772912e-05,16.0,0.0061516172634117,0.0048139777645176,williamhill,16.0,0.0337,0.0234,7.14,League Two,Goles (Over/Under),2025-02-14,williamhill:2.0000; matchbook:1.9900; bovada:1.9800; unibet:1.9800; betus:1.9800; pinnacle:1.9800; lowvig:1.9800; betonlineag:1.9800; unibet_eu:1.9700; betrivers:1.9700; onexbet:1.9600; nordicbet:1.9500; betsson:1.9500; playup:1.9500; coolbet:1.9400; tipico_de:1.9000,1-1,2.0,No
Tranmere Rovers vs Milton Keynes Dons,2025-02-15 10:00:00,Under 2.5,1.86,1.7994,1.9166005039659227e-05,16.0,0.0061843455821614,0.0056682667030462,6.969094053652947e-05,16.0,0.0117303745357525,0.0102885510012432,matchbook,16.0,0.0606,0.038,6.4,League Two,Goles (Over/Under),2025-02-14,matchbook:1.8600; lowvig:1.8500; betonlineag:1.8500; nordicbet:1.8300; betsson:1.8300; pinnacle:1.8300; onexbet:1.8100; coolbet:1.8000; tipico_de:1.8000; bovada:1.7800; betus:1.7800; playup:1.7700; williamhill:1.7500; unibet_eu:1.7500; unibet:1.7500; betrivers:1.7500,1-1,2.0,Sí
AC Ajaccio vs Stade Lavallois,2025-02-14 14:00:00,Over 1.75,1.87,1.866,1.9086269471431985e-05,5.0,0.0061772261406655,0.0047533294612321,2.6890351555474304e-06,5.0,0.0023124729007081,0.0018499783205665,pinnacle,5.0,0.004,0.008,6.95,Ligue 2,Goles (Over/Under),2025-02-14,pinnacle:1.8700; betus:1.8700; betonlineag:1.8700; lowvig:1.8700; bovada:1.8500,0-0,0.0,No
AC Ajaccio vs Stade Lavallois,2025-02-14 14:00:00,Under 1.75,2.0,1.95,1.9086269471431985e-05,5.0,0.0061772261406655,0.0047533294612322,7.068590610851482e-05,5.0,0.0118801339572565,0.0086676721970839,pinnacle,5.0,0.05,0.0443,4.05,Ligue 2,Goles (Over/Under),2025-02-14,pinnacle:2.0000; bovada:1.9800; betonlineag:1.9500; lowvig:1.9500; betus:1.8700,0-0,0.0,Sí
Amiens vs Grenoble,2025-02-14 14:00:00,Over 2.5,2.52,2.354,1.9082389447270024e-05,10.0,0.0060495537570421,0.0053162333973977,8.558383105056311e-05,10.0,0.0129133198441085,0.0097831523544247,matchbook,10.0,0.166,0.0732,5.04,Ligue 2,Goles (Over/Under),2025-02-14,matchbook:2.5200; onexbet:2.4200; williamhill:2.4000; betsson:2.3500; nordicbet:2.3500; playup:2.3500; betrivers:2.3000; unibet_eu:2.3000; unibet:2.3000; tipico_de:2.2500,1-1,2.0,No
Amiens vs Grenoble,2025-02-14 14:00:00,Under 2.5,1.63,1.561,1.9082389447270024e-05,10.0,0.0060495537570421,0.0053162333973978,5.377687668619802e-05,10.0,0.0100013641261852,0.0062223369964312,matchbook,10.0,0.069,0.0251,5.79,Ligue 2,Goles (Over/Under),2025-02-14,matchbook:1.6300; unibet:1.5700; onexbet:1.5600; betrivers:1.5600; unibet_eu:1.5600; betsson:1.5500; nordicbet:1.5500; tipico_de:1.5500; playup:1.5500; williamhill:1.5300,1-1,2.0,Sí
Clermont vs SC Bastia,2025-02-14 14:00:00,Over 2.0,1.89,1.8733,1.890043399733208e-05,6.0,0.0061472006179035,0.0054378842341899,1.190349243059987e-05,6.0,0.0048670809667088,0.0044590351918956,betonlineag,6.0,0.0167,0.017,6.39,Ligue 2,Goles (Over/Under),2025-02-14,betonlineag:1.8900; lowvig:1.8900; pinnacle:1.8800; betus:1.8800; bovada:1.8500; coolbet:1.8500,1-1,2.0,No
Clermont vs SC Bastia,2025-02-14 14:00:00,Under 2.0,1.99,1.9383,1.890043399733208e-05,6.0,0.0061472006179035,0.0054378842341899,5.56969056164248e-05,6.0,0.0105459231090585,0.0082263741819266,pinnacle,6.0,0.0517,0.0393,4.31,Ligue 2,Goles (Over/Under),2025-02-14,pinnacle:1.9900; bovada:1.9800; coolbet:1.9300; betonlineag:1.9300; lowvig:1.9300; betus:1.8700,1-1,2.0,No
Royal Antwerp vs KV Kortrijk,2025-02-15 12:15:00,Over 2.5,1.73,1.6936,1.8800021272694845e-05,11.0,0.0060961201763038,0.0054892200844839,6.830760101611618e-05,11.0,0.0114776385230983,0.0100919540762754,coolbet,11.0,0.0364,0.0326,7.8,Pro League,Goles (Over/Under),2025-02-14,coolbet:1.7300; onexbet:1.7300; betrivers:1.7200; unibet_eu:1.7200; unibet:1.7200; williamhill:1.7000; nordicbet:1.6800; betsson:1.6800; tipico_de:1.6700; playup:1.6500; matchbook:1.6300,2-1,3.0,Sí
Royal Antwerp vs KV Kortrijk,2025-02-15 12:15:00,Under 2.5,2.15,2.0927,1.8800021272694845e-05,11.0,0.0060961201763038,0.0054892200844839,4.9373718428036486e-05,11.0,0.0099290926469208,0.0085157616320663,tipico_de,11.0,0.0573,0.0429,7.86,Pro League,Goles (Over/Under),2025-02-14,tipico_de:2.1500; onexbet:2.1300; nordicbet:2.1300; betsson:2.1300; coolbet:2.1200; playup:2.1000; betrivers:2.0700; unibet_eu:2.0700; unibet:2.0700; williamhill:2.0500; matchbook:2.0000,2-1,3.0,No
Basaksehir vs Bodrum FK,2025-02-15 08:00:00,Over 2.5,2.21,2.1657,1.873731760717766e-05,7.0,0.0060717973186947,0.005013173217716,1.366543089392025e-05,7.0,0.0052126740707543,0.0034924349141819,onexbet,7.0,0.0443,0.0244,6.6,Süper Lig,Goles (Over/Under),2025-02-14,onexbet:2.2100; betrivers:2.1700; unibet:2.1700; unibet_eu:2.1700; betsson:2.1600; nordicbet:2.1600; coolbet:2.1200,0-1,1.0,No
Basaksehir vs Bodrum FK,2025-02-15 08:00:00,Under 2.5,1.75,1.6657,1.873731760717766e-05,7.0,0.0060717973186947,0.005013173217716,0.0001118046159295,7.0,0.0146838823968047,0.0119306457786856,onexbet,7.0,0.0843,0.0417,4.31,Süper Lig,Goles (Over/Under),2025-02-14,onexbet:1.7500; coolbet:1.7000; betsson:1.6600; nordicbet:1.6600; betrivers:1.6300; unibet:1.6300; unibet_eu:1.6300,0-1,1.0,Sí
Palestino vs Cobresal,2025-02-15 16:00:00,Over 2.5,1.82,1.7514,1.847338252689877e-05,7.0,0.0060647387696822,0.0056858662498942,0.0001065814841778,7.0,0.0144615232977776,0.013454288451212,bovada,7.0,0.0686,0.0449,4.95,Primera División Chile,Goles (Over/Under),2025-02-14,bovada:1.8200; coolbet:1.8100; onexbet:1.7700; unibet:1.7200; betrivers:1.7200; playup:1.7200; tipico_de:1.7000,2-1,3.0,Sí
Palestino vs Cobresal,2025-02-15 16:00:00,Under 2.5,2.02,2.0114,1.847338252689877e-05,7.0,0.0060647387696823,0.0056858662498943,2.124483425539917e-06,7.0,0.0020612681832428,0.0018155333657033,bovada,7.0,0.0086,0.0083,8.33,Primera División Chile,Goles (Over/Under),2025-02-14,bovada:2.0200; unibet:2.0200; betrivers:2.0200; onexbet:2.0100; coolbet:2.0100; tipico_de:2.0000; playup:2.0000,2-1,3.0,No
Tokyo Verdy vs Shimizu S Pulse,2025-02-16 00:00:00,Over 2.5,2.15,2.099,1.8008449386370097e-05,10.0,0.0059715300512887,0.004872276439601,4.6476232111757895e-05,10.0,0.0096344011569531,0.0069181558742466,coolbet,10.0,0.051,0.0413,6.39,J1 League,Goles (Over/Under),2025-02-14,coolbet:2.1500; onexbet:2.1300; betrivers:2.1200; unibet_eu:2.1200; unibet:2.1200; williamhill:2.1000; betsson:2.1000; nordicbet:2.1000; playup:2.0500; tipico_de:2.0000,0-1,1.0,No
Tokyo Verdy vs Shimizu S Pulse,2025-02-16 00:00:00,Under 2.5,1.73,1.693,1.8008449386370097e-05,10.0,0.0059715300512887,0.004872276439601,2.3565555955126783e-05,10.0,0.0067566751817923,0.0061041521112195,onexbet,10.0,0.037,0.0195,7.8,J1 League,Goles (Over/Under),2025-02-14,onexbet:1.7300; playup:1.7200; coolbet:1.7100; tipico_de:1.7000; betsson:1.6800; nordicbet:1.6800; betrivers:1.6800; unibet_eu:1.6800; unibet:1.6800; williamhill:1.6700,0-1,1.0,Sí
Brighton and Hove Albion vs Chelsea,2025-02-14 15:00:00,Over 3.0,2.0,1.9517,1.7997319382445608e-05,6.0,0.0059991694324056,0.0047116066748774,3.250742649264941e-05,6.0,0.0080603920785512,0.0074335355133263,pinnacle,6.0,0.0483,0.0308,3.19,Premier League,Goles (Over/Under),2025-02-14,pinnacle:2.0000; lowvig:1.9700; betonlineag:1.9700; bovada:1.9300; betus:1.9300; coolbet:1.9100,3-0,3.0,No
Brighton and Hove Albion vs Chelsea,2025-02-14 15:00:00,Under 3.0,1.95,1.8983,1.7997319382445608e-05,6.0,0.0059991694324056,0.0047116066748775,2.419146404133496e-05,6.0,0.0069482721195912,0.0057870850513777,coolbet,6.0,0.0517,0.0254,3.64,Premier League,Goles (Over/Under),2025-02-14,coolbet:1.9500; pinnacle:1.9100; bovada:1.8900; betus:1.8800; lowvig:1.8800; betonlineag:1.8800,3-0,3.0,No
Preston North End vs Burnley,2025-02-15 07:30:00,Over 1.5,1.6,1.5675,1.7931631905647188e-05,8.0,0.0058542155796023,0.0034634264943477,8.464777541615944e-05,8.0,0.012443484499835,0.0092401006166828,nordicbet,8.0,0.0325,0.0299,5.98,Championship,Goles (Over/Under),2025-02-14,nordicbet:1.6000; betsson:1.6000; onexbet:1.5800; playup:1.5800; betrivers:1.5600; unibet:1.5600; unibet_eu:1.5600; tipico_de:1.5000,0-0,0.0,No
Preston North End vs Burnley,2025-02-15 07:30:00,Under 1.5,2.4,2.3662,1.7931631905647188e-05,8.0,0.0058542155796023,0.0034634264943477,1.826969713515852e-05,8.0,0.0059755995184921,0.0051512857687015,nordicbet,8.0,0.0337,0.0331,8.33,Championship,Goles (Over/Under),2025-02-14,nordicbet:2.4000; betsson:2.4000; tipico_de:2.4000; onexbet:2.3800; betrivers:2.3500; unibet:2.3500; unibet_eu:2.3500; playup:2.3000,0-0,0.0,Sí
FC St. Pauli vs SC Freiburg,2025-02-15 09:30:00,Over 2.5,2.34,2.1908,1.789931492715155e-05,12.0,0.0059320607329839,0.0051200544586189,0.0001051261352022,12.0,0.0144360816936456,0.0113571127048866,matchbook,12.0,0.1492,0.0701,3.34,Bundesliga,Goles (Over/Under),2025-02-14,matchbook:2.3400; onexbet:2.2700; betus:2.2500; tipico_de:2.2000; nordicbet:2.2000; betsson:2.2000; playup:2.2000; coolbet:2.1900; unibet_eu:2.1200; betrivers:2.1200; betmgm:2.1000; williamhill:2.1000,0-1,1.0,No
FC St. Pauli vs SC Freiburg,2025-02-15 09:30:00,Under 2.5,1.74,1.68,1.789931492715155e-05,12.0,0.0059320607329839,0.0051200544586189,4.9349884845444655e-05,12.0,0.0097675258893991,0.0070649798389607,onexbet,12.0,0.06,0.028,5.09,Bundesliga,Goles (Over/Under),2025-02-14,onexbet:1.7400; matchbook:1.7300; betus:1.6900; nordicbet:1.6800; betsson:1.6800; unibet_eu:1.6800; betrivers:1.6800; williamhill:1.6700; coolbet:1.6600; tipico_de:1.6500; betmgm:1.6500; playup:1.6500,0-1,1.0,Sí
Fortuna Düsseldorf vs Hertha Berlin,2025-02-15 14:30:00,Over 3.0,1.93,1.896,1.782089405058876e-05,5.0,0.0059699031602684,0.0057657346517753,1.309875397377088e-05,5.0,0.005111796967462,0.0042007295336296,bovada,5.0,0.034,0.0185,5.29,Bundesliga 2,Goles (Over/Under),2025-02-14,bovada:1.9300; coolbet:1.9000; pinnacle:1.8900; lowvig:1.8800; betonlineag:1.8800,1-0,1.0,No
Fortuna Düsseldorf vs Hertha Berlin,2025-02-15 14:30:00,Under 3.0,1.96,1.916,1.782089405058876e-05,5.0,0.0059699031602684,0.0057657346517753,3.83077824993769e-05,5.0,0.0087432379865951,0.0078906111039171,pinnacle,5.0,0.044,0.032,4.21,Bundesliga 2,Goles (Over/Under),2025-02-14,pinnacle:1.9600; lowvig:1.9300; betonlineag:1.9300; bovada:1.8900; coolbet:1.8700,1-0,1.0,Si
Luton vs Sheffield United,2025-02-15 10:00:00,Over 2.5,2.34,2.2182,1.7590101023135562e-05,11.0,0.0058657185876442,0.0053430050663862,5.3167717492349504e-05,11.0,0.0102528927599157,0.0080271795852111,matchbook,11.0,0.1218,0.0513,4.46,Championship,Goles (Over/Under),2025-02-14,matchbook:2.3400; unibet:2.2500; unibet_eu:2.2500; betrivers:2.2500; onexbet:2.2200; williamhill:2.2000; nordicbet:2.2000; betsson:2.2000; coolbet:2.1900; playup:2.1500; tipico_de:2.1500,0-1,1.0,No
Luton vs Sheffield United,2025-02-15 10:00:00,Under 2.5,1.72,1.65,1.7590101023135562e-05,11.0,0.0058657185876442,0.0053430050663862,7.112627292191929e-05,11.0,0.0116717787239549,0.009996056299278,matchbook,11.0,0.07,0.0322,4.65,Championship,Goles (Over/Under),2025-02-14,matchbook:1.7200; nordicbet:1.6800; betsson:1.6800; onexbet:1.6600; coolbet:1.6600; playup:1.6500; williamhill:1.6200; unibet:1.6200; unibet_eu:1.6200; betrivers:1.6200; tipico_de:1.6200,0-1,1.0,Sí
USL Dunkerque vs Paris FC,2025-02-15 08:00:00,Over 2.5,2.26,2.176,1.7454491355398093e-05,10.0,0.0058477554657082,0.0049377046365303,2.8418406821025223e-05,10.0,0.0075094394845427,0.0061087791582733,matchbook,10.0,0.084,0.0361,6.75,Ligue 2,Goles (Over/Under),2025-02-14,matchbook:2.2600; playup:2.2000; tipico_de:2.2000; coolbet:2.1900; nordicbet:2.1700; betsson:2.1700; williamhill:2.1500; betrivers:2.1400; unibet_eu:2.1400; unibet:2.1400,1-0,1.0,No
USL Dunkerque vs Paris FC,2025-02-15 08:00:00,Under 2.5,1.67,1.642,1.7454491355398093e-05,10.0,0.0058477554657081,0.0049377046365302,3.847278555192006e-05,10.0,0.0085425244852118,0.0065971841746475,williamhill,10.0,0.028,0.0227,6.61,Ligue 2,Goles (Over/Under),2025-02-14,williamhill:1.6700; coolbet:1.6600; matchbook:1.6600; betrivers:1.6500; unibet_eu:1.6500; unibet:1.6500; nordicbet:1.6400; betsson:1.6400; playup:1.6000; tipico_de:1.6000,1-0,1.0,Sí
Blackpool vs Mansfield Town,2025-02-15 10:00:00,Over 2.5,1.9,1.8527,1.7311183422067022e-05,15.0,0.0058820589647162,0.0046282732350325,5.186238004959466e-05,15.0,0.010133870288479,0.0063267944428337,lowvig,15.0,0.0473,0.0338,6.11,League One,Goles (Over/Under),2025-02-14,lowvig:1.9000; betonlineag:1.9000; betsson:1.8700; nordicbet:1.8700; pinnacle:1.8700; onexbet:1.8600; unibet:1.8600; williamhill:1.8500; betrivers:1.8500; unibet_eu:1.8500; coolbet:1.8500; playup:1.8500; bovada:1.8300; betus:1.8300; tipico_de:1.7500,3-3,6.0,Sí
Blackpool vs Mansfield Town,2025-02-15 10:00:00,Under 2.5,1.97,1.906,1.7311183422067022e-05,15.0,0.0058820589647163,0.0046282732350326,2.787346795908063e-05,15.0,0.0074577929785465,0.0059420411327098,pinnacle,15.0,0.064,0.0273,7.9,League One,Goles (Over/Under),2025-02-14,pinnacle:1.9700; onexbet:1.9400; tipico_de:1.9300; lowvig:1.9200; betonlineag:1.9200; williamhill:1.9100; bovada:1.9100; betus:1.9100; betsson:1.9000; nordicbet:1.9000; coolbet:1.8900; playup:1.8800; unibet:1.8700; betrivers:1.8700; unibet_eu:1.8700,3-3,6.0,No
Brest vs Auxerre,2025-02-14 14:45:00,Over 2.5,2.12,2.0235,1.7301302333447864e-05,17.0,0.0058751321861585,0.0046093239303499,8.895227285712228e-05,17.0,0.0133343577149612,0.010732586715501,matchbook,17.0,0.0965,0.0544,4.64,Ligue 1,Goles (Over/Under),2025-02-14,matchbook:2.1200; pinnacle:2.1000; onexbet:2.1000; coolbet:2.0700; bovada:2.0500; lowvig:2.0500; betonlineag:2.0500; betrivers:2.0200; unibet_eu:2.0200; unibet:2.0200; nordicbet:2.0000; betsson:2.0000; playup:2.0000; betmgm:1.9800; tipico_de:1.9500; williamhill:1.9500; betus:1.9200,2-2,4.0,Sí
Brest vs Auxerre,2025-02-14 14:45:00,Under 2.5,1.87,1.8059,1.7301302333447864e-05,17.0,0.0058751321861585,0.0046093239303499,3.7722800895815774e-05,17.0,0.0086356783684452,0.0059099788680399,matchbook,17.0,0.0641,0.0283,5.56,Ligue 1,Goles (Over/Under),2025-02-14,matchbook:1.8700; onexbet:1.8600; pinnacle:1.8300; betus:1.8300; tipico_de:1.8000; williamhill:1.8000; nordicbet:1.8000; betsson:1.8000; bovada:1.8000; playup:1.8000; lowvig:1.8000; betonlineag:1.8000; coolbet:1.8000; betrivers:1.7900; unibet_eu:1.7900; unibet:1.7900; betmgm:1.7400,2-2,4.0,No
Basaksehir vs Bodrum FK,2025-02-15 08:00:00,Over 2.25,1.93,1.882,1.7273191458642318e-05,5.0,0.0058769487750376,0.0054450261780104,2.711405663381296e-05,5.0,0.0073520400329662,0.0062680494885467,pinnacle,5.0,0.048,0.0264,5.29,Süper Lig,Goles (Over/Under),2025-02-14,pinnacle:1.9300; bovada:1.8900; betus:1.8700; lowvig:1.8600; betonlineag:1.8600,0-1,1.0,No
Basaksehir vs Bodrum FK,2025-02-15 08:00:00,Under 2.25,1.96,1.93,1.7273191458642318e-05,5.0,0.0058769487750375,0.0054450261780104,4.029378994532518e-05,5.0,0.0089671858118911,0.0065887871870368,lowvig,5.0,0.03,0.0329,4.78,Süper Lig,Goles (Over/Under),2025-02-14,lowvig:1.9600; betonlineag:1.9600; pinnacle:1.9300; bovada:1.9300; betus:1.8700,0-1,1.0,Sí
AEK Athens vs Atromitos Athens,2025-02-15 13:00:00,Over 2.5,1.87,1.8231,1.716257400598678e-05,13.0,0.0058547469473698,0.005157608008461,7.695959604710788e-05,13.0,0.0123328923309566,0.0105877669405001,bovada,13.0,0.0469,0.0403,6.11,Super League Greece,Goles (Over/Under),2025-02-14,bovada:1.8700; betonlineag:1.8600; lowvig:1.8600; nordicbet:1.8500; betsson:1.8500; onexbet:1.8400; pinnacle:1.8400; betus:1.8400; coolbet:1.8200; williamhill:1.8000; unibet_eu:1.7600; unibet:1.7600; tipico_de:1.7500,2-1,3.0,Sí
AEK Athens vs Atromitos Athens,2025-02-15 13:00:00,Under 2.5,2.0,1.9554,1.716257400598678e-05,13.0,0.0058547469473698,0.005157608008461,1.7425967013954145e-05,13.0,0.005900933438983,0.0039280635438688,coolbet,13.0,0.0446,0.0224,7.14,Super League Greece,Goles (Over/Under),2025-02-14,coolbet:2.0000; pinnacle:1.9800; onexbet:1.9600; nordicbet:1.9600; betsson:1.9600; unibet:1.9600; betonlineag:1.9600; lowvig:1.9600; bovada:1.9500; williamhill:1.9500; unibet_eu:1.9500; tipico_de:1.9300; betus:1.9000,2-1,3.0,No
Torku Konyaspor vs Samsunspor,2025-02-16 08:00:00,Over 2.25,1.82,1.816,1.698023089419597e-05,5.0,0.0058212210447264,0.004252554112554,3.0149607109577168e-06,5.0,0.0024420024420024,0.001953601953602,pinnacle,5.0,0.004,0.008,6.76,Süper Lig,Goles (Over/Under),2025-02-14,pinnacle:1.8200; betus:1.8200; betonlineag:1.8200; lowvig:1.8200; bovada:1.8000,0-1,1.0,No
Torku Konyaspor vs Samsunspor,2025-02-16 08:00:00,Under 2.25,2.05,2.01,1.698023089419597e-05,5.0,0.0058212210447264,0.0042525541125541,5.555956932254778e-05,5.0,0.010539794815129,0.0081619307772346,bovada,5.0,0.04,0.0415,4.34,Süper Lig,Goles (Over/Under),2025-02-14,bovada:2.0500; pinnacle:2.0300; betonlineag:2.0200; lowvig:2.0200; betus:1.9300,0-1,1.0,Sí
Elversberg vs Greuther Fürth,2025-02-15 07:00:00,Over 2.5,1.55,1.52,1.691901087524212e-05,4.0,0.0056626219297025,0.005556092376075,4.636670849908779e-05,4.0,0.0091441064483244,0.0086443179422306,tipico_de,4.0,0.03,0.0212,6.18,Bundesliga 2,Goles (Over/Under),2025-02-14,tipico_de:1.5500; williamhill:1.5300; unibet_eu:1.5000; unibet:1.5000,2-0,2.0,No
Elversberg vs Greuther Fürth,2025-02-15 07:00:00,Under 2.5,2.45,2.425,1.691901087524212e-05,4.0,0.0056626219297025,0.0055560923760749,9.324829111811658e-06,4.0,0.0042517006802721,0.0042517006802721,unibet_eu,4.0,0.025,0.025,7.48,Bundesliga 2,Goles (Over/Under),2025-02-14,unibet_eu:2.4500; unibet:2.4500; tipico_de:2.4000; williamhill:2.4000,2-0,2.0,Sí
Espanyol vs Athletic Bilbao,2025-02-16 08:00:00,Over 2.5,2.42,2.3133,1.6662442561814314e-05,9.0,0.0056795320619588,0.0051585163947471,5.414189060947814e-05,9.0,0.0103047160374552,0.008950611778147,onexbet,9.0,0.1067,0.0556,5.02,La Liga,Goles (Over/Under),2025-02-14,onexbet:2.4200; nordicbet:2.3500; betsson:2.3500; playup:2.3500; tipico_de:2.3000; williamhill:2.3000; unibet:2.2500; unibet_eu:2.2500; betrivers:2.2500,1-1,2.0,No
Espanyol vs Athletic Bilbao,2025-02-16 08:00:00,Under 2.5,1.66,1.6044,1.6662442561814314e-05,9.0,0.0056795320619589,0.0051585163947472,4.348270923813659e-05,9.0,0.0090539633832613,0.0061876022506347,onexbet,9.0,0.0556,0.0236,4.69,La Liga,Goles (Over/Under),2025-02-14,onexbet:1.6600; unibet:1.6100; unibet_eu:1.6100; betrivers:1.6100; tipico_de:1.6000; nordicbet:1.6000; betsson:1.6000; playup:1.5800; williamhill:1.5700,1-1,2.0,Sí
VfB Stuttgart vs VfL Wolfsburg,2025-02-15 09:30:00,Over 3.5,2.42,2.3243,1.662601502507189e-05,7.0,0.0056758710120926,0.0043872154013967,9.6742190137679e-05,7.0,0.0137839041808989,0.011927719179302,matchbook,7.0,0.0957,0.0735,5.02,Bundesliga,Goles (Over/Under),2025-02-14,matchbook:2.4200; onexbet:2.4000; nordicbet:2.3500; betsson:2.3500; playup:2.3000; betmgm:2.2500; tipico_de:2.2000,1-2,3.0,No
VfB Stuttgart vs VfL Wolfsburg,2025-02-15 09:30:00,Under 3.5,1.67,1.61,1.662601502507189e-05,7.0,0.0056758710120926,0.0043872154013967,6.549180781788459e-05,7.0,0.0111257775903209,0.0086689270079134,onexbet,7.0,0.06,0.0293,5.33,Bundesliga,Goles (Over/Under),2025-02-14,onexbet:1.6700; matchbook:1.6300; nordicbet:1.6000; tipico_de:1.6000; betsson:1.6000; playup:1.6000; betmgm:1.5700,1-2,3.0,Sí
Torku Konyaspor vs Samsunspor,2025-02-16 08:00:00,Over 2.5,2.1,2.0529,1.6502645295929032e-05,7.0,0.0057245572849998,0.0056425652012227,1.5612455117400166e-05,7.0,0.0055852625981409,0.004645982932845,onexbet,7.0,0.0471,0.0237,6.44,Süper Lig,Goles (Over/Under),2025-02-14,onexbet:2.1000; betrivers:2.0600; unibet:2.0600; unibet_eu:2.0600; betsson:2.0300; nordicbet:2.0300; coolbet:2.0300,0-1,1.0,No
Torku Konyaspor vs Samsunspor,2025-02-16 08:00:00,Under 2.5,1.82,1.74,1.6502645295929032e-05,7.0,0.0057245572849998,0.0056425652012228,9.118275644812205e-05,7.0,0.0133645897155573,0.0113206121609483,onexbet,7.0,0.08,0.0411,4.21,Süper Lig,Goles (Over/Under),2025-02-14,onexbet:1.8200; coolbet:1.7600; betsson:1.7500; nordicbet:1.7500; betrivers:1.7000; unibet:1.7000; unibet_eu:1.7000,0-1,1.0,Sí
Leyton Orient vs Lincoln City,2025-02-15 10:00:00,Over 2.5,2.3,2.2478,1.6440537683195702e-05,9.0,0.0056528529559189,0.0054685312684206,4.04345773084522e-05,9.0,0.0089375951164276,0.0084284949104001,onexbet,9.0,0.0522,0.0452,6.77,League One,Goles (Over/Under),2025-02-14,onexbet:2.3000; betsson:2.3000; nordicbet:2.3000; playup:2.2800; williamhill:2.2500; unibet_eu:2.2000; betrivers:2.2000; unibet:2.2000; tipico_de:2.2000,3-2,5.0,Sí
Leyton Orient vs Lincoln City,2025-02-15 10:00:00,Under 2.5,1.62,1.6044,1.6440537683195702e-05,9.0,0.0056528529559189,0.0054685312684206,9.26566701567382e-06,9.0,0.0041671449746536,0.0032724187851461,williamhill,9.0,0.0156,0.0107,7.18,League One,Goles (Over/Under),2025-02-14,williamhill:1.6200; onexbet:1.6100; unibet_eu:1.6100; betrivers:1.6100; unibet:1.6100; betsson:1.6000; nordicbet:1.6000; tipico_de:1.6000; playup:1.5800,3-2,5.0,No
Carlisle United vs Colchester United,2025-02-15 10:00:00,Over 2.25,2.01,1.962,1.6256370609876177e-05,5.0,0.0056985360389583,0.0050978813143009,6.857722377106468e-05,5.0,0.011707411237788,0.0108866463123825,lowvig,5.0,0.048,0.0449,4.4,League Two,Goles (Over/Under),2025-02-14,lowvig:2.0100; betonlineag:2.0100; pinnacle:1.9700; bovada:1.9100; betus:1.9100,0-0,0.0,No
Carlisle United vs Colchester United,2025-02-15 10:00:00,Under 2.25,1.84,1.832,1.6256370609876177e-05,5.0,0.0056985360389583,0.0050978813143009,7.113436400077097e-07,5.0,0.0011879306248514,0.0009503444998811,pinnacle,5.0,0.008,0.004,6.7,League Two,Goles (Over/Under),2025-02-14,pinnacle:1.8400; bovada:1.8300; betus:1.8300; lowvig:1.8300; betonlineag:1.8300,0-0,0.0,Sí
Liverpool vs Wolverhampton Wanderers,2025-02-16 09:00:00,Over 3.5,2.0,1.9421,1.6253742679856705e-05,14.0,0.0057005403456815,0.0049343041686163,6.842743163538934e-05,14.0,0.011690237154732,0.0100711335527538,matchbook,14.0,0.0579,0.0438,4.64,Premier League,Goles (Over/Under),2025-02-14,matchbook:2.0000; betsson:1.9900; lowvig:1.9900; betonlineag:1.9900; onexbet:1.9800; pinnacle:1.9600; betus:1.9500; coolbet:1.9400; bovada:1.9300; playup:1.9300; unibet_eu:1.8900; betrivers:1.8900; mybookieag:1.8800; tipico_de:1.8700,2-1,3.0,No
Liverpool vs Wolverhampton Wanderers,2025-02-16 09:00:00,Under 3.5,1.95,1.885,1.6253742679856705e-05,14.0,0.0057005403456815,0.0049343041686163,4.420642941682246e-05,14.0,0.0093857204694051,0.0078207080273741,matchbook,14.0,0.065,0.0335,4.76,Premier League,Goles (Over/Under),2025-02-14,matchbook:1.9500; onexbet:1.9300; coolbet:1.9300; pinnacle:1.9100; bovada:1.8900; unibet_eu:1.8900; betrivers:1.8900; lowvig:1.8700; betonlineag:1.8700; betus:1.8700; betsson:1.8600; mybookieag:1.8500; tipico_de:1.8500; playup:1.8300,2-1,3.0,Sí
FC Zwolle vs Heerenveen,2025-02-16 08:30:00,Over 2.75,2.0,1.9733,1.594872575162381e-05,6.0,0.0056454773360861,0.0038875728855906,5.123709288659008e-05,6.0,0.0101172947404786,0.0073827262548647,betonlineag,6.0,0.0267,0.0382,4.64,Eredivisie,Goles (Over/Under),2025-02-14,betonlineag:2.0000; lowvig:2.0000; pinnacle:1.9900; bovada:1.9800; betanysports:1.9800; betus:1.8900,1-1,2.0,No
FC Zwolle vs Heerenveen,2025-02-16 08:30:00,Under 2.75,1.85,1.8433,1.594872575162381e-05,6.0,0.0056454773360861,0.0038875728855906,3.907284446893165e-06,6.0,0.0027848443112747,0.0026255763960681,bovada,6.0,0.0067,0.0094,6.96,Eredivisie,Goles (Over/Under),2025-02-14,bovada:1.8500; pinnacle:1.8500; betus:1.8500; betanysports:1.8500; betonlineag:1.8300; lowvig:1.8300,1-1,2.0,Sí
Marseille vs Saint Etienne,2025-02-15 11:00:00,Over 3.5,2.24,2.1614,1.5888142518874836e-05,7.0,0.0056025144489657,0.0039317738086853,6.649182500449095e-05,7.0,0.011506729900708,0.0077281833285592,onexbet,7.0,0.0786,0.0525,4.17,Ligue 1,Goles (Over/Under),2025-02-14,onexbet:2.2400; coolbet:2.1800; betrivers:2.1700; unibet:2.1700; unibet_eu:2.1700; playup:2.1500; tipico_de:2.0500,5-1,6.0,Sí
Marseille vs Saint Etienne,2025-02-15 11:00:00,Under 3.5,1.76,1.7,1.5888142518874836e-05,7.0,0.0056025144489658,0.0039317738086854,4.73714316983524e-05,7.0,0.009598401290479,0.0078207060534875,onexbet,7.0,0.06,0.0283,5.6,Ligue 1,Goles (Over/Under),2025-02-14,onexbet:1.7600; coolbet:1.7200; tipico_de:1.7000; betrivers:1.6800; unibet:1.6800; unibet_eu:1.6800; playup:1.6800,5-1,6.0,No
Universidad de Chile vs Ñublense,2025-02-15 18:30:00,Over 2.75,1.91,1.882,1.5847760525228076e-05,5.0,0.0056296450213837,0.0048599164796807,2.1273651245239523e-05,5.0,0.0065106252517291,0.0062956075553311,pinnacle,5.0,0.028,0.0232,5.83,Primera División Chile,Goles (Over/Under),2025-02-14,pinnacle:1.9100; betus:1.9100; bovada:1.8700; nordicbet:1.8600; betsson:1.8600,5-0,5.0,Sí
Universidad de Chile vs Ñublense,2025-02-15 18:30:00,Under 2.75,1.95,1.918,1.5847760525228076e-05,5.0,0.0056296450213838,0.0048599164796809,2.6402855926081868e-05,5.0,0.0072574829189628,0.0053132430913594,bovada,5.0,0.032,0.0264,5.05,Primera División Chile,Goles (Over/Under),2025-02-14,bovada:1.9500; pinnacle:1.9300; nordicbet:1.9200; betsson:1.9200; betus:1.8700,5-0,5.0,No
1. FC Magdeburg vs 1. FC Köln,2025-02-14 12:30:00,Over 2.5,1.62,1.5983,1.526452523659468e-05,6.0,0.0054474889838845,0.0039335159596998,1.7511789484755215e-05,6.0,0.0057273140321555,0.0048048451756231,williamhill,6.0,0.0217,0.0146,7.18,Bundesliga 2,Goles (Over/Under),2025-02-14,williamhill:1.6200; onexbet:1.6100; tipico_de:1.6000; playup:1.6000; betsson:1.5800; nordicbet:1.5800,3-0,3.0,Sí
1. FC Magdeburg vs 1. FC Köln,2025-02-14 12:30:00,Under 2.5,2.31,2.2783,1.526452523659468e-05,6.0,0.0054474889838845,0.0039335159596998,2.595213533792958e-05,6.0,0.0071596401871914,0.0051714052493483,onexbet,6.0,0.0317,0.0362,6.58,Bundesliga 2,Goles (Over/Under),2025-02-14,onexbet:2.3100; tipico_de:2.3000; betsson:2.2900; nordicbet:2.2900; playup:2.2800; williamhill:2.2000,3-0,3.0,No
Hartberg vs Austria Klagenfurt,2025-02-16 08:30:00,Over 2.5,1.91,1.872,1.5129370695459607e-05,15.0,0.0055005115638312,0.0045967169944209,7.262198693285878e-05,15.0,0.0120127691219347,0.0101457744748807,coolbet,15.0,0.038,0.0413,7.0,Austrian Bundesliga,Goles (Over/Under),2025-02-14,coolbet:1.9100; pinnacle:1.9100; betus:1.9100; lowvig:1.9100; betonlineag:1.9100; nordicbet:1.9000; betsson:1.9000; onexbet:1.8900; tipico_de:1.8700; playup:1.8700; bovada:1.8500; williamhill:1.8500; betrivers:1.8000; unibet_eu:1.8000; unibet:1.8000,1-1,2.0,No
Hartberg vs Austria Klagenfurt,2025-02-16 08:30:00,Under 2.5,1.93,1.8853,1.5129370695459607e-05,15.0,0.0055005115638312,0.0045967169944209,2.510496295177861e-05,15.0,0.0070707943622671,0.0057306673338561,pinnacle,15.0,0.0447,0.025,7.37,Austrian Bundesliga,Goles (Over/Under),2025-02-14,pinnacle:1.9300; onexbet:1.9100; lowvig:1.9100; betonlineag:1.9100; coolbet:1.9000; tipico_de:1.9000; bovada:1.8900; betrivers:1.8800; unibet_eu:1.8800; unibet:1.8800; nordicbet:1.8700; betsson:1.8700; betus:1.8700; williamhill:1.8500; playup:1.8300,1-1,2.0,Sí
Carrarese vs Salernitana,2025-02-15 09:00:00,Over 2.5,2.34,2.2489,1.4630094633039656e-05,9.0,0.0053321609540617,0.0049252914576854,3.307572280501683e-05,9.0,0.0080766371109347,0.0059333220895119,matchbook,9.0,0.0911,0.0415,6.84,Serie B,Goles (Over/Under),2025-02-14,matchbook:2.3400; onexbet:2.2900; betrivers:2.2500; unibet_eu:2.2500; unibet:2.2500; nordicbet:2.2300; betsson:2.2300; williamhill:2.2000; tipico_de:2.2000,3-2,5.0,Sí
Carrarese vs Salernitana,2025-02-15 09:00:00,Under 2.5,1.64,1.5978,1.4630094633039656e-05,9.0,0.0053321609540617,0.0049252914576854,6.788890913540094e-05,9.0,0.0112631927205432,0.0099699127787838,matchbook,9.0,0.0422,0.0286,6.43,Serie B,Goles (Over/Under),2025-02-14,matchbook:1.6400; onexbet:1.6200; williamhill:1.6200; nordicbet:1.6100; betsson:1.6100; tipico_de:1.6000; betrivers:1.5600; unibet_eu:1.5600; unibet:1.5600,3-2,5.0,No
Gillingham vs Crewe Alexandra,2025-02-15 10:00:00,Over 1.5,1.53,1.5067,1.4603073978599113e-05,6.0,0.0052455528978212,0.0044506837100363,6.864553397465334e-05,6.0,0.0110526026276482,0.0103050229100649,onexbet,6.0,0.0233,0.0249,8.46,League Two,Goles (Over/Under),2025-02-14,onexbet:1.5300; betsson:1.5300; nordicbet:1.5300; playup:1.5000; betrivers:1.4800; matchbook:1.4700,0-0,0.0,No
Gillingham vs Crewe Alexandra,2025-02-15 10:00:00,Under 1.5,2.5,2.4433,1.4603073978599113e-05,6.0,0.0052455528978212,0.0044506837100363,6.749017372006357e-05,6.0,0.0114448671091002,0.0095895358331763,betsson,6.0,0.0567,0.0667,8.03,League Two,Goles (Over/Under),2025-02-14,betsson:2.5000; betrivers:2.5000; nordicbet:2.5000; onexbet:2.4400; playup:2.4000; matchbook:2.3200,0-0,0.0,Sí
Toulouse vs Paris Saint Germain,2025-02-15 15:05:00,Over 3.0,1.88,1.865,1.4478243665994489e-05,6.0,0.0053797393017141,0.0046978181727992,3.809075872227192e-06,6.0,0.0027528189898821,0.0023959579250467,pinnacle,6.0,0.015,0.0096,6.38,Ligue 1,Goles (Over/Under),2025-02-14,pinnacle:1.8800; lowvig:1.8700; betonlineag:1.8700; coolbet:1.8600; betus:1.8600; bovada:1.8500,0-1,1.0,No
Toulouse vs Paris Saint Germain,2025-02-15 15:05:00,Under 3.0,2.02,1.9617,1.4478243665994489e-05,6.0,0.0053797393017141,0.0046978181727993,6.676377445825685e-05,6.0,0.0115487729065606,0.0091572244071627,pinnacle,6.0,0.0583,0.0437,3.56,Ligue 1,Goles (Over/Under),2025-02-14,pinnacle:2.0200; coolbet:1.9900; bovada:1.9800; lowvig:1.9500; betonlineag:1.9500; betus:1.8800,0-1,1.0,Sí
Besiktas JK vs Trabzonspor,2025-02-15 11:00:00,Over 3.0,1.97,1.935,1.444499072835144e-05,6.0,0.005374395211411,0.0047829592592184,5.010635365645344e-05,6.0,0.0100008977978693,0.0090341562490133,pinnacle,6.0,0.035,0.0369,4.52,Süper Lig,Goles (Over/Under),2025-02-14,pinnacle:1.9700; betonlineag:1.9600; lowvig:1.9600; bovada:1.9500; coolbet:1.9000; betus:1.8700,2-0,2.0,No
Besiktas JK vs Trabzonspor,2025-02-15 11:00:00,Under 3.0,1.88,1.87,1.444499072835144e-05,6.0,0.005374395211411,0.0047829592592185,2.7393761966596058e-06,6.0,0.0023349933437548,0.0019099033996688,pinnacle,6.0,0.01,0.0082,6.67,Süper Lig,Goles (Over/Under),2025-02-14,pinnacle:1.8800; betus:1.8800; coolbet:1.8700; bovada:1.8700; betonlineag:1.8600; lowvig:1.8600,2-0,2.0,Sí
Manchester City vs Newcastle United,2025-02-15 10:00:00,Over 3.5,2.16,2.0973,1.4378070515477006e-05,11.0,0.0053454236449555,0.0039246730635719,6.666158479383821e-05,11.0,0.0115393324758553,0.0081728421359665,matchbook,11.0,0.0627,0.049,4.44,Premier League,Goles (Over/Under),2025-02-14,matchbook:2.1600; onexbet:2.1300; betsson:2.1300; nordicbet:2.1300; betus:2.1200; betrivers:2.1000; unibet_eu:2.1000; coolbet:2.1000; playup:2.0800; mybookieag:2.0500; tipico_de:1.9700,4-0,4.0,Sí
Manchester City vs Newcastle United,2025-02-15 10:00:00,Under 3.5,1.8,1.7564,1.4378070515477006e-05,11.0,0.0053454236449555,0.0039246730635719,3.967405576789928e-05,11.0,0.0088248365827507,0.0072783763152999,onexbet,11.0,0.0436,0.0274,6.32,Premier League,Goles (Over/Under),2025-02-14,onexbet:1.8000; matchbook:1.8000; coolbet:1.7900; betus:1.7600; tipico_de:1.7500; betsson:1.7500; nordicbet:1.7500; betrivers:1.7400; unibet_eu:1.7400; mybookieag:1.7200; playup:1.7200,4-0,4.0,No
Fortuna Düsseldorf vs Hertha Berlin,2025-02-15 14:30:00,Over 2.5,1.57,1.555,1.4324602264708666e-05,4.0,0.0052396998518106,0.0042285332892032,2.140763232307609e-05,4.0,0.0062579928554382,0.0052237945643716,williamhill,4.0,0.015,0.015,7.17,Bundesliga 2,Goles (Over/Under),2025-02-14,williamhill:1.5700; betsson:1.5600; nordicbet:1.5600; betrivers:1.5300,1-0,1.0,No
Fortuna Düsseldorf vs Hertha Berlin,2025-02-15 14:30:00,Under 2.5,2.38,2.335,1.4324602264708666e-05,4.0,0.0052396998518106,0.0042285332892032,1.401316323824534e-05,4.0,0.0052372181252003,0.0040809382159282,betrivers,4.0,0.045,0.0287,7.38,Bundesliga 2,Goles (Over/Under),2025-02-14,betrivers:2.3800; betsson:2.3300; nordicbet:2.3300; williamhill:2.3000,1-0,1.0,Si
Cardiff City vs Bristol City,2025-02-15 07:30:00,Over 2.25,1.93,1.89,1.4317074199984754e-05,5.0,0.0053507706650107,0.004826779547733,1.848013936010804e-05,5.0,0.0060707333164949,0.0044707682622951,pinnacle,5.0,0.04,0.0219,5.29,Championship,Goles (Over/Under),2025-02-14,pinnacle:1.9300; bovada:1.8900; betus:1.8900; lowvig:1.8700; betonlineag:1.8700,1-1,2.0,No
Cardiff City vs Bristol City,2025-02-15 07:30:00,Under 2.25,1.95,1.926,1.4317074199984754e-05,5.0,0.0053507706650107,0.004826779547733,3.2646963279498335e-05,5.0,0.0080705548471324,0.0061701581969792,lowvig,5.0,0.024,0.0294,4.76,Championship,Goles (Over/Under),2025-02-14,lowvig:1.9500; betonlineag:1.9500; bovada:1.9300; pinnacle:1.9300; betus:1.8700,1-1,2.0,Sí
AC Milan vs Hellas Verona,2025-02-15 14:45:00,Over 3.0,1.98,1.9567,1.3937055433299809e-05,6.0,0.0052787117029041,0.0039660797261841,1.834304720134203e-05,6.0,0.0060540051296744,0.0046976034900106,pinnacle,6.0,0.0233,0.0229,4.56,Serie A,Goles (Over/Under),2025-02-14,pinnacle:1.9800; betonlineag:1.9700; lowvig:1.9700; coolbet:1.9600; bovada:1.9500; betus:1.9100,1-0,1.0,No
AC Milan vs Hellas Verona,2025-02-15 14:45:00,Under 3.0,1.91,1.88,1.3937055433299809e-05,6.0,0.0052787117029041,0.0039660797261841,2.5470312739045257e-05,6.0,0.0071222907945807,0.0066032485701923,pinnacle,6.0,0.03,0.0252,4.71,Serie A,Goles (Over/Under),2025-02-14,pinnacle:1.9100; betus:1.9100; coolbet:1.8900; bovada:1.8700; betonlineag:1.8500; lowvig:1.8500,1-0,1.0,Sí
Boavista Porto vs CF Estrela,2025-02-14 15:15:00,Over 1.5,1.58,1.5325,1.3704637510909932e-05,4.0,0.0050818349047703,0.0036365300858605,0.0001010012195638,4.0,0.0135389222398173,0.0099495381082232,matchbook,4.0,0.0475,0.0319,5.66,Liga Portugal,Goles (Over/Under),2025-02-14,matchbook:1.5800; nordicbet:1.5300; betsson:1.5300; onexbet:1.4900,2-0,2.0,Sí
Boavista Porto vs CF Estrela,2025-02-14 15:15:00,Under 1.5,2.66,2.505,1.3704637510909932e-05,4.0,0.0050818349047703,0.0036365300858605,0.0001488338076076,4.0,0.0168961532828066,0.0119886580858927,matchbook,4.0,0.155,0.1062,4.71,Liga Portugal,Goles (Over/Under),2025-02-14,matchbook:2.6600; nordicbet:2.5000; betsson:2.5000; onexbet:2.3600,2-0,2.0,No
Crystal Palace vs Everton,2025-02-15 12:30:00,Over 2.25,2.02,1.9675,1.359154116094616e-05,4.0,0.0052118926638642,0.0043028995863152,3.494847050121216e-05,4.0,0.0083592733128136,0.0066742954299659,pinnacle,4.0,0.0525,0.0327,2.98,Premier League,Goles (Over/Under),2025-02-14,pinnacle:2.0200; lowvig:1.9600; betonlineag:1.9600; bovada:1.9300,1-2,3.0,Sí
Crystal Palace vs Everton,2025-02-15 12:30:00,Under 2.25,1.89,1.885,1.359154116094616e-05,4.0,0.0052118926638642,0.0043028995863152,3.014413683349453e-06,4.0,0.0024503449163466,0.0021220609455902,bovada,4.0,0.005,0.0087,4.72,Premier League,Goles (Over/Under),2025-02-14,bovada:1.8900; lowvig:1.8900; betonlineag:1.8900; pinnacle:1.8700,1-2,3.0,No
AaB vs FC Nordsjaelland,2025-02-16 08:00:00,Over 3.0,1.91,1.8871,1.3582834832761344e-05,7.0,0.0052115884948488,0.0047083177158505,2.019537157873996e-05,7.0,0.0063428710848509,0.0057507574022032,lowvig,7.0,0.0229,0.0225,5.83,Superliga Denmark,Goles (Over/Under),2025-02-14,lowvig:1.9100; betonlineag:1.9100; betanysports:1.9100; bovada:1.8900; pinnacle:1.8700; betus:1.8700; coolbet:1.8500,1-2,3.0,No
AaB vs FC Nordsjaelland,2025-02-16 08:00:00,Under 3.0,1.97,1.9186,1.3582834832761344e-05,7.0,0.0052115884948488,0.0047083177158505,2.890085410595224e-05,7.0,0.0075952206726639,0.0057463423136298,pinnacle,7.0,0.0514,0.028,4.82,Superliga Denmark,Goles (Over/Under),2025-02-14,pinnacle:1.9700; bovada:1.9300; coolbet:1.9300; lowvig:1.9100; betonlineag:1.9100; betanysports:1.9100; betus:1.8700,1-2,3.0,No
Preston North End vs Burnley,2025-02-15 07:30:00,Over 1.75,1.8,1.788,1.3562587937524591e-05,5.0,0.0051958874855965,0.0045784025484145,4.741153327309585e-06,5.0,0.0030580396289428,0.0029962546816479,lowvig,5.0,0.012,0.0098,6.06,Championship,Goles (Over/Under),2025-02-14,lowvig:1.8000; betonlineag:1.8000; bovada:1.7800; pinnacle:1.7800; betus:1.7800,0-0,0.0,No
Preston North End vs Burnley,2025-02-15 07:30:00,Under 1.75,2.1,2.052,1.3562587937524591e-05,5.0,0.0051958874855965,0.0045784025484146,4.8166298146712816e-05,5.0,0.009812357856741,0.0072353121133609,pinnacle,5.0,0.048,0.0407,3.8,Championship,Goles (Over/Under),2025-02-14,pinnacle:2.1000; bovada:2.0800; lowvig:2.0500; betonlineag:2.0500; betus:1.9800,0-0,0.0,Sí
Dundee FC vs Aberdeen,2025-02-15 10:00:00,Over 2.75,2.02,1.95,1.346241163996734e-05,5.0,0.0051860205122383,0.0038695728554681,6.27136275899315e-05,5.0,0.0111951828676041,0.0094970128209361,pinnacle,5.0,0.07,0.0429,4.15,Scottish Premiership,Goles (Over/Under),2025-02-14,pinnacle:2.0200; lowvig:1.9600; betonlineag:1.9600; bovada:1.9100; betus:1.9000,1-2,3.0,Sí
Dundee FC vs Aberdeen,2025-02-15 10:00:00,Under 2.75,1.86,1.846,1.346241163996734e-05,5.0,0.0051860205122383,0.0038695728554681,6.235273876424238e-06,5.0,0.0035191137857841,0.0032802213382996,lowvig,5.0,0.014,0.012,6.4,Scottish Premiership,Goles (Over/Under),2025-02-14,lowvig:1.8600; betonlineag:1.8600; pinnacle:1.8400; betus:1.8400; bovada:1.8300,1-2,3.0,No
OFI Crete vs Asteras Tripolis,2025-02-15 10:00:00,Over 2.25,1.95,1.9243,1.3295679481155397e-05,7.0,0.0051564208638477,0.0043971159180617,2.25557132568818e-05,7.0,0.0067081560566764,0.0049002004541978,bovada,7.0,0.0257,0.0244,4.76,Super League Greece,Goles (Over/Under),2025-02-14,bovada:1.9500; nordicbet:1.9400; betsson:1.9400; pinnacle:1.9300; betonlineag:1.9200; lowvig:1.9200; betus:1.8700,2-1,3.0,Sí
OFI Crete vs Asteras Tripolis,2025-02-15 10:00:00,Under 2.25,1.91,1.89,1.3295679481155397e-05,7.0,0.0051564208638477,0.0043971159180617,1.2397385090243227e-05,7.0,0.0049706518757192,0.0048104614725972,pinnacle,7.0,0.02,0.0177,5.83,Super League Greece,Goles (Over/Under),2025-02-14,pinnacle:1.9100; betus:1.9100; betonlineag:1.9000; lowvig:1.9000; nordicbet:1.8700; betsson:1.8700; bovada:1.8700,2-1,3.0,No
CD Castellón vs SD Eibar,2025-02-15 08:00:00,Over 2.5,2.08,2.0046,1.325775440887561e-05,13.0,0.0051396083087706,0.0041424131035144,5.475693051793636e-05,13.0,0.0104636728670001,0.0092508662480755,matchbook,13.0,0.0754,0.0422,6.9,La Liga 2,Goles (Over/Under),2025-02-14,matchbook:2.0800; betonlineag:2.0500; lowvig:2.0500; betanysports:2.0500; onexbet:2.0200; bovada:2.0200; tipico_de:2.0000; nordicbet:1.9800; betsson:1.9800; coolbet:1.9800; unibet:1.9500; unibet_eu:1.9500; williamhill:1.9500,2-0,2.0,No
CD Castellón vs SD Eibar,2025-02-15 08:00:00,Under 2.5,1.82,1.7808,1.325775440887561e-05,13.0,0.0051396083087706,0.0041424131035144,5.0994302170087e-05,13.0,0.0100024238631741,0.0080600238472461,bovada,13.0,0.0392,0.031,6.23,La Liga 2,Goles (Over/Under),2025-02-14,bovada:1.8200; williamhill:1.8000; coolbet:1.8000; matchbook:1.8000; betonlineag:1.8000; lowvig:1.8000; betanysports:1.8000; onexbet:1.7900; nordicbet:1.7700; betsson:1.7700; unibet:1.7500; unibet_eu:1.7500; tipico_de:1.7000,2-0,2.0,Sí
VfB Stuttgart vs VfL Wolfsburg,2025-02-15 09:30:00,Over 3.0,1.87,1.8533,1.2956331647566364e-05,6.0,0.0050870871272145,0.0038276038022383,2.334231071884802e-06,6.0,0.0021545194175456,0.0016058839588251,bovada,6.0,0.0167,0.0075,5.29,Bundesliga,Goles (Over/Under),2025-02-14,bovada:1.8700; pinnacle:1.8500; coolbet:1.8500; betonlineag:1.8500; lowvig:1.8500; betus:1.8500,1-2,3.0,No
VfB Stuttgart vs VfL Wolfsburg,2025-02-15 09:30:00,Under 3.0,2.05,1.9783,1.2956331647566364e-05,6.0,0.0050870871272146,0.0038276038022384,4.391265288024874e-05,6.0,0.0093702623666258,0.0065504513880604,pinnacle,6.0,0.0717,0.0372,2.83,Bundesliga,Goles (Over/Under),2025-02-14,pinnacle:2.0500; betonlineag:1.9800; lowvig:1.9800; betus:1.9800; bovada:1.9500; coolbet:1.9300,1-2,3.0,No
Leicester City vs Arsenal,2025-02-15 07:30:00,Over 2.75,1.93,1.882,1.2951520400672487e-05,5.0,0.0050881335539485,0.0046201566091488,3.549519415165987e-05,5.0,0.008409603171644,0.0072457357431449,pinnacle,5.0,0.048,0.0299,2.83,Premier League,Goles (Over/Under),2025-02-14,pinnacle:1.9300; lowvig:1.8900; betonlineag:1.8900; bovada:1.8500; betus:1.8500,0-2,2.0,No
Leicester City vs Arsenal,2025-02-15 07:30:00,Under 2.75,1.98,1.968,1.2951520400672487e-05,5.0,0.0050881335539485,0.0046201566091488,3.187888314825976e-06,5.0,0.0025247265953238,0.002473716759431,bovada,5.0,0.012,0.0098,4.56,Premier League,Goles (Over/Under),2025-02-14,bovada:1.9800; betus:1.9800; pinnacle:1.9600; lowvig:1.9600; betonlineag:1.9600,0-2,2.0,Sí
Gillingham vs Crewe Alexandra,2025-02-15 10:00:00,Over 2.5,2.6,2.575,1.2936761344617572e-05,4.0,0.0048870471653505,0.0041944782473347,2.3270602283698e-05,4.0,0.0066617338752649,0.0057692307692307,unibet,4.0,0.025,0.0433,8.39,League Two,Goles (Over/Under),2025-02-14,unibet:2.6000; williamhill:2.6000; unibet_eu:2.6000; tipico_de:2.5000,0-0,0.0,No
Gillingham vs Crewe Alexandra,2025-02-15 10:00:00,Under 2.5,1.45,1.44,1.2936761344617572e-05,4.0,0.0048870471653505,0.0041944782473347,6.851912845559004e-06,4.0,0.0034102498492686,0.0024197545749269,tipico_de,4.0,0.01,0.0071,8.97,League Two,Goles (Over/Under),2025-02-14,tipico_de:1.4500; unibet:1.4400; williamhill:1.4400; unibet_eu:1.4300,0-0,0.0,Sí
Montpellier vs Lyon,2025-02-16 09:00:00,Over 3.0,1.85,1.8175,1.2916624445963412e-05,4.0,0.0050772468406074,0.0043967050081109,1.6704072989681012e-05,4.0,0.0057537471010323,0.0048632887030677,bovada,4.0,0.0325,0.0192,4.56,Ligue 1,Goles (Over/Under),2025-02-14,bovada:1.8500; lowvig:1.8100; betonlineag:1.8100; coolbet:1.8000,1-4,5.0,Sí
Montpellier vs Lyon,2025-02-16 09:00:00,Under 3.0,2.03,2.015,1.2916624445963412e-05,4.0,0.0050772468406074,0.0043967050081108,1.316948685972671e-05,4.0,0.0051320370107017,0.0043600419155216,lowvig,4.0,0.015,0.0206,4.82,Ligue 1,Goles (Over/Under),2025-02-14,lowvig:2.0300; betonlineag:2.0300; coolbet:2.0200; bovada:1.9800,1-4,5.0,No
Bristol Rovers vs Burton Albion,2025-02-15 10:00:00,Over 2.25,1.81,1.804,1.2815769707042076e-05,5.0,0.0050560507763025,0.0047614718614718,1.143877920388556e-06,5.0,0.0015036769446182,0.0014732965009208,lowvig,5.0,0.006,0.0049,6.53,League One,Goles (Over/Under),2025-02-14,lowvig:1.8100; betonlineag:1.8100; bovada:1.8000; betus:1.8000; pinnacle:1.8000,3-1,4.0,Sí
Bristol Rovers vs Burton Albion,2025-02-15 10:00:00,Under 2.25,2.05,2.002,1.2815769707042076e-05,5.0,0.0050560507763025,0.0047614718614718,5.8639253974808895e-05,5.0,0.0108286331059333,0.0104695976857457,pinnacle,5.0,0.048,0.0431,4.34,League One,Goles (Over/Under),2025-02-14,pinnacle:2.0500; lowvig:2.0300; betonlineag:2.0300; bovada:1.9500; betus:1.9500,3-1,4.0,No
Guingamp vs Metz,2025-02-15 14:00:00,Over 2.25,1.93,1.914,1.2593959596704572e-05,5.0,0.0050186615160131,0.004827842881987,8.411106281889005e-06,5.0,0.0040969862032054,0.0034906884593562,lowvig,5.0,0.016,0.015,5.29,Ligue 2,Goles (Over/Under),2025-02-14,lowvig:1.9300; betonlineag:1.9300; pinnacle:1.9100; betus:1.9100; bovada:1.8900,0-3,3.0,Si
Guingamp vs Metz,2025-02-15 14:00:00,Under 2.25,1.93,1.898,1.2593959596704572e-05,5.0,0.0050186615160131,0.004827842881987,2.664259111461783e-05,5.0,0.0072897538333872,0.0070696000712147,pinnacle,5.0,0.032,0.0264,4.72,Ligue 2,Goles (Over/Under),2025-02-14,pinnacle:1.9300; bovada:1.9300; lowvig:1.8800; betonlineag:1.8800; betus:1.8700,0-3,3.0,No
Adelaide United vs Newcastle Jets FC,2025-02-15 03:35:00,Over 3.5,1.88,1.8458,1.24754535318966e-05,12.0,0.004993177598656,0.0043972719667743,1.6155359107401432e-05,12.0,0.0056647497061075,0.0048574814804117,matchbook,12.0,0.0342,0.0193,6.38,A-League,Goles (Over/Under),2025-02-14,matchbook:1.8800; lowvig:1.8700; betonlineag:1.8700; bovada:1.8500; pinnacle:1.8500; coolbet:1.8500; betus:1.8500; onexbet:1.8300; nordicbet:1.8300; betsson:1.8300; unibet_eu:1.8200; unibet:1.8200,1-2,3.0,No
Adelaide United vs Newcastle Jets FC,2025-02-15 03:35:00,Under 3.5,2.02,1.955,1.24754535318966e-05,12.0,0.004993177598656,0.0043972719667743,7.016641045363554e-05,12.0,0.0118401214089058,0.0093572252822246,pinnacle,12.0,0.065,0.045,4.45,A-League,Goles (Over/Under),2025-02-14,pinnacle:2.0200; matchbook:2.0200; coolbet:2.0000; bovada:1.9800; onexbet:1.9700; nordicbet:1.9500; betsson:1.9500; lowvig:1.9500; betonlineag:1.9500; unibet:1.9000; unibet_eu:1.8900; betus:1.8800,1-2,3.0,Sí
Tigres vs Cruz Azul,2025-02-15 20:00:00,Over 2.25,1.85,1.842,1.2445580093012668e-05,5.0,0.0049866877352313,0.0040167702868159,2.457620020592205e-06,5.0,0.0022086988304145,0.0018852780078724,betonlineag,5.0,0.008,0.0075,6.69,Liga MX,Goles (Over/Under),2025-02-14,betonlineag:1.8500; lowvig:1.8500; pinnacle:1.8400; betus:1.8400; bovada:1.8300,2-1,3.0,Sí
Tigres vs Cruz Azul,2025-02-15 20:00:00,Under 2.25,2.0,1.968,1.2445580093012668e-05,5.0,0.0049866877352312,0.0040167702868158,4.637071040128316e-05,5.0,0.0096258909865753,0.0072027785199038,bovada,5.0,0.032,0.0366,4.64,Liga MX,Goles (Over/Under),2025-02-14,bovada:2.0000; pinnacle:2.0000; betonlineag:1.9700; lowvig:1.9700; betus:1.9000,2-1,3.0,No
Yokohama FC vs FC Tokyo,2025-02-15 00:00:00,Over 2.5,2.06,2.0336,1.2386397358422472e-05,11.0,0.0049651169949506,0.0041182383661071,3.044188229186274e-05,11.0,0.0078021009654644,0.0058760954672919,onexbet,11.0,0.0264,0.0314,6.35,J1 League,Goles (Over/Under),2025-02-14,onexbet:2.0600; matchbook:2.0600; coolbet:2.0500; betrivers:2.0500; unibet:2.0500; unibet_eu:2.0500; betsson:2.0400; nordicbet:2.0400; playup:2.0200; williamhill:2.0000; tipico_de:1.9500,0-1,1.0,No
Yokohama FC vs FC Tokyo,2025-02-15 00:00:00,Under 2.5,1.84,1.7573,1.2386397358422472e-05,11.0,0.0049651169949506,0.0041182383661071,4.770612415227876e-05,11.0,0.0096923244659393,0.0073865933313355,matchbook,11.0,0.0827,0.0308,5.63,J1 League,Goles (Over/Under),2025-02-14,matchbook:1.8400; onexbet:1.7800; coolbet:1.7800; playup:1.7500; williamhill:1.7500; tipico_de:1.7500; betrivers:1.7400; unibet:1.7400; unibet_eu:1.7400; betsson:1.7300; nordicbet:1.7300,0-1,1.0,Sí
Tenerife vs Córdoba,2025-02-15 15:00:00,Over 2.25,2.1,2.06,1.2315036543596582e-05,5.0,0.0049509604440685,0.0045566133801179,4.26349164791714e-05,5.0,0.0092315506714636,0.0076395557704541,pinnacle,5.0,0.04,0.0385,3.8,La Liga 2,Goles (Over/Under),2025-02-14,pinnacle:2.1000; lowvig:2.0800; betonlineag:2.0800; bovada:2.0500; betus:1.9900,2-3,5.0,Sí
Tenerife vs Córdoba,2025-02-15 15:00:00,Under 2.25,1.8,1.784,1.2315036543596582e-05,5.0,0.0049509604440685,0.0045566133801178,3.160763619927632e-06,5.0,0.0024968789013732,0.0019975031210986,bovada,5.0,0.016,0.008,5.81,La Liga 2,Goles (Over/Under),2025-02-14,bovada:1.8000; pinnacle:1.7800; betus:1.7800; lowvig:1.7800; betonlineag:1.7800,2-3,5.0,No
Sint Truiden vs Club Brugge,2025-02-15 14:45:00,Over 3.0,2.04,1.9925,1.230488734904914e-05,4.0,0.0049561890529976,0.0037994351488978,5.097031129922501e-05,4.0,0.0100949769351852,0.0080260083307934,pinnacle,4.0,0.0475,0.0396,3.96,Pro League,Goles (Over/Under),2025-02-14,pinnacle:2.0400; coolbet:2.0000; bovada:2.0000; betus:1.9300,0-3,3.0,No
Sint Truiden vs Club Brugge,2025-02-15 14:45:00,Under 3.0,1.83,1.8225,1.230488734904914e-05,4.0,0.0049561890529976,0.0037994351488978,8.529820216173964e-07,4.0,0.0013001041911133,0.0011259232570708,bovada,4.0,0.0075,0.0043,6.46,Pro League,Goles (Over/Under),2025-02-14,bovada:1.8300; pinnacle:1.8200; coolbet:1.8200; betus:1.8200,0-3,3.0,No
Cambridge United vs Exeter City,2025-02-15 07:30:00,Over 2.5,2.02,1.9744,1.2242129888370124e-05,16.0,0.0049430123281515,0.0035701868665629,3.326289200904383e-05,16.0,0.0081546431837691,0.0072294459395958,pinnacle,16.0,0.0456,0.0316,6.65,League One,Goles (Over/Under),2025-02-14,pinnacle:2.0200; matchbook:2.0200; onexbet:2.0000; betsson:2.0000; nordicbet:2.0000; playup:2.0000; betonlineag:1.9900; lowvig:1.9900; coolbet:1.9700; unibet:1.9600; unibet_eu:1.9500; betrivers:1.9500; bovada:1.9500; betus:1.9500; tipico_de:1.9300; williamhill:1.9100,0-1,1.0,No
Cambridge United vs Exeter City,2025-02-15 07:30:00,Under 2.5,1.84,1.7962,1.2242129888370124e-05,16.0,0.0049430123281515,0.003570186866563,4.658812509649799e-05,16.0,0.0095903186085321,0.0085148374433061,matchbook,16.0,0.0437,0.031,6.7,League One,Goles (Over/Under),2025-02-14,matchbook:1.8400; betonlineag:1.8400; lowvig:1.8400; williamhill:1.8300; pinnacle:1.8300; onexbet:1.8100; bovada:1.8000; betus:1.8000; betsson:1.7800; nordicbet:1.7800; coolbet:1.7800; unibet_eu:1.7700; unibet:1.7700; betrivers:1.7700; playup:1.7500; tipico_de:1.7500,0-1,1.0,Sí
Südtirol vs Sampdoria,2025-02-15 09:00:00,Over 2.0,1.81,1.7933,1.2196872407460688e-05,6.0,0.0049298225768784,0.0042661586938409,1.4432994240150213e-05,6.0,0.0053333870813508,0.0041620537816407,lowvig,6.0,0.0167,0.017,6.27,Serie B,Goles (Over/Under),2025-02-14,lowvig:1.8100; betonlineag:1.8100; bovada:1.8000; pinnacle:1.7900; betus:1.7900; coolbet:1.7600,2-1,3.0,Sí
Südtirol vs Sampdoria,2025-02-15 09:00:00,Under 2.0,2.08,2.03,1.2196872407460688e-05,6.0,0.0049298225768784,0.0042661586938409,3.940216322108304e-05,6.0,0.0088759420556474,0.0058118770572212,pinnacle,6.0,0.05,0.0361,4.9,Serie B,Goles (Over/Under),2025-02-14,pinnacle:2.0800; bovada:2.0500; coolbet:2.0300; lowvig:2.0300; betonlineag:2.0300; betus:1.9600,2-1,3.0,No
Atalanta BC vs Cagliari,2025-02-15 09:00:00,Over 2.5,1.7,1.62,1.206183251814588e-05,9.0,0.0048330713772317,0.0045375502874905,8.112636877840169e-05,9.0,0.0124345214862067,0.009875494345343,matchbook,9.0,0.08,0.0337,3.27,Serie A,Goles (Over/Under),2025-02-14,matchbook:1.7000; onexbet:1.6600; unibet_eu:1.6100; betrivers:1.6100; nordicbet:1.6000; betsson:1.6000; tipico_de:1.6000; williamhill:1.6000; playup:1.6000,1-0,1.0,No
Atalanta BC vs Cagliari,2025-02-15 09:00:00,Under 2.5,2.42,2.3133,1.206183251814588e-05,9.0,0.0048330713772317,0.0045375502874904,7.339057952915474e-05,9.0,0.0119961810701533,0.0109993422504907,onexbet,9.0,0.1067,0.0648,3.82,Serie A,Goles (Over/Under),2025-02-14,onexbet:2.4200; matchbook:2.4000; nordicbet:2.3500; betsson:2.3500; playup:2.3000; tipico_de:2.2500; williamhill:2.2500; unibet_eu:2.2500; betrivers:2.2500,1-0,1.0,Sí
US Catanzaro 1929 vs Cittadella,2025-02-14 14:30:00,Over 2.25,1.93,1.91,1.1848653850152116e-05,5.0,0.0048678578592452,0.0039825006462829,1.2052502252647264e-05,5.0,0.0049041149107273,0.0043955116521104,pinnacle,5.0,0.02,0.0179,5.29,Serie B,Goles (Over/Under),2025-02-14,pinnacle:1.9300; betus:1.9300; bovada:1.9100; lowvig:1.8900; betonlineag:1.8900,1-0,1.0,No
US Catanzaro 1929 vs Cittadella,2025-02-14 14:30:00,Under 2.25,1.95,1.918,1.1848653850152116e-05,5.0,0.0048678578592453,0.0039825006462829,2.787352318771305e-05,5.0,0.007457039507027,0.0061423053915126,pinnacle,5.0,0.032,0.0271,4.19,Serie B,Goles (Over/Under),2025-02-14,pinnacle:1.9500; lowvig:1.9300; betonlineag:1.9300; bovada:1.9100; betus:1.8700,1-0,1.0,Sí
Frosinone vs Reggiana,2025-02-16 09:00:00,Over 2.0,1.96,1.9225,1.1834162952190148e-05,4.0,0.0048646922160132,0.0042741021219423,4.01413428969284e-05,4.0,0.0089495426940771,0.0072255703977303,pinnacle,4.0,0.0375,0.0327,5.07,Serie B,Goles (Over/Under),2025-02-14,pinnacle:1.9600; bovada:1.9300; coolbet:1.9300; betus:1.8700,1-1,2.0,No
Frosinone vs Reggiana,2025-02-16 09:00:00,Under 2.0,1.89,1.875,1.1834162952190148e-05,4.0,0.0048646922160133,0.0042741021219424,9.28152254898998e-06,4.0,0.0042976645308047,0.0035864131608812,bovada,4.0,0.015,0.015,6.39,Serie B,Goles (Over/Under),2025-02-14,bovada:1.8900; pinnacle:1.8800; betus:1.8800; coolbet:1.8500,1-1,2.0,No
FC Twente Enschede vs RKC Waalwijk,2025-02-16 08:30:00,Over 3.25,1.93,1.9017,1.164733253012253e-05,6.0,0.004826351633514,0.004079769260954,2.4827220679406404e-05,6.0,0.0070368355873938,0.0069143970229442,bovada,6.0,0.0283,0.0254,5.29,Eredivisie,Goles (Over/Under),2025-02-14,bovada:1.9300; betanysports:1.9300; pinnacle:1.9200; betonlineag:1.8800; lowvig:1.8800; betus:1.8700,2-0,2.0,No
FC Twente Enschede vs RKC Waalwijk,2025-02-16 08:30:00,Under 3.25,1.93,1.905,1.164733253012253e-05,6.0,0.004826351633514,0.004079769260954,2.0096082462508944e-05,6.0,0.0063311198771955,0.0059762755174468,betonlineag,6.0,0.025,0.0229,5.29,Eredivisie,Goles (Over/Under),2025-02-14,betonlineag:1.9300; lowvig:1.9300; pinnacle:1.9200; bovada:1.8900; betanysports:1.8900; betus:1.8700,2-0,2.0,Sí
Leuven vs Dender,2025-02-15 10:00:00,Over 2.25,1.89,1.8767,1.1603438027156046e-05,6.0,0.0048171110366147,0.0035707554547367,3.5726404806402114e-06,6.0,0.0026675976617209,0.0025150351947736,pinnacle,6.0,0.0133,0.0094,6.39,Pro League,Goles (Over/Under),2025-02-14,pinnacle:1.8900; betus:1.8900; bovada:1.8700; lowvig:1.8700; betonlineag:1.8700; betanysports:1.8700,3-2,5.0,Sí
Leuven vs Dender,2025-02-15 10:00:00,Under 2.25,1.96,1.9383,1.1603438027156046e-05,6.0,0.0048171110366146,0.0035707554547366,3.557653116121453e-05,6.0,0.0084254841968048,0.0062394810293969,pinnacle,6.0,0.0217,0.0308,4.5,Pro League,Goles (Over/Under),2025-02-14,pinnacle:1.9600; bovada:1.9500; lowvig:1.9500; betonlineag:1.9500; betanysports:1.9500; betus:1.8700,3-2,5.0,No
Girona vs Getafe,2025-02-14 15:00:00,Over 2.0,1.97,1.945,1.1554198609110188e-05,6.0,0.004806811954136,0.004165578367967,1.1536995873301724e-05,6.0,0.0048008832467941,0.0035525002489117,pinnacle,6.0,0.025,0.018,4.24,La Liga,Goles (Over/Under),2025-02-14,pinnacle:1.9700; bovada:1.9500; lowvig:1.9500; betonlineag:1.9500; coolbet:1.9400; betus:1.9100,1-2,3.0,Sí
Girona vs Getafe,2025-02-14 15:00:00,Under 2.0,1.93,1.8967,1.1554198609110188e-05,6.0,0.004806811954136,0.004165578367967,2.916103398075089e-05,6.0,0.0076256281462838,0.0074080725650687,pinnacle,6.0,0.0333,0.0275,4.17,La Liga,Goles (Over/Under),2025-02-14,pinnacle:1.9300; betus:1.9300; coolbet:1.9100; bovada:1.8700; lowvig:1.8700; betonlineag:1.8700,1-2,3.0,No
Aldosivi Mar del Plata vs Estudiantes,2025-02-15 15:00:00,Over 2.0,1.91,1.8833,1.1544041547452107e-05,6.0,0.0048046179562665,0.0044974724819718,1.007937074900726e-05,6.0,0.0044819429172122,0.0040489967430883,bovada,6.0,0.0267,0.016,4.71,Liga Profesional,Goles (Over/Under),2025-02-14,bovada:1.9100; betsson:1.9000; pinnacle:1.8800; lowvig:1.8700; betonlineag:1.8700; betanysports:1.8700,2-2,4.0,Sí
Aldosivi Mar del Plata vs Estudiantes,2025-02-15 15:00:00,Under 2.0,1.97,1.94,1.1544041547452107e-05,6.0,0.0048046179562665,0.0044974724819717,1.7825236760291436e-05,6.0,0.0059673015430066,0.0053516762263141,pinnacle,6.0,0.03,0.0224,4.24,Liga Profesional,Goles (Over/Under),2025-02-14,pinnacle:1.9700; lowvig:1.9500; betonlineag:1.9500; betanysports:1.9500; betsson:1.9100; bovada:1.9100,2-2,4.0,No
América vs Necaxa,2025-02-14 22:00:00,Over 2.5,1.7,1.6357,1.1339540179348578e-05,7.0,0.0047107560024842,0.0041973716981408,8.828097048148505e-05,7.0,0.0129649935411359,0.0114591291061879,matchbook,7.0,0.0643,0.035,5.34,Liga MX,Goles (Over/Under),2025-02-14,matchbook:1.7000; williamhill:1.6500; betsson:1.6500; nordicbet:1.6500; unibet_eu:1.6000; unibet:1.6000; betrivers:1.6000,2-3,5.0,Sí
América vs Necaxa,2025-02-14 22:00:00,Under 2.5,2.28,2.2043,1.1339540179348578e-05,7.0,0.0047107560024842,0.0041973716981408,2.6112085598488702e-05,7.0,0.0071910629870241,0.0043373307930048,matchbook,7.0,0.0757,0.0354,6.36,Liga MX,Goles (Over/Under),2025-02-14,matchbook:2.2800; unibet_eu:2.2000; unibet:2.2000; betrivers:2.2000; betsson:2.2000; nordicbet:2.2000; williamhill:2.1500,2-3,5.0,No
Union Berlin vs Borussia Monchengladbach,2025-02-15 09:30:00,Over 2.5,1.82,1.765,1.1320701704347968e-05,12.0,0.0047434375230287,0.0042212992267345,2.8316331854606465e-05,12.0,0.0074664462507904,0.006058541113203,onexbet,12.0,0.055,0.0236,5.45,Bundesliga,Goles (Over/Under),2025-02-14,onexbet:1.8200; matchbook:1.8000; betus:1.7900; betrivers:1.7600; unibet_eu:1.7600; coolbet:1.7600; betsson:1.7500; nordicbet:1.7500; tipico_de:1.7500; williamhill:1.7500; playup:1.7500; betmgm:1.7400,1-2,3.0,Sí
Union Berlin vs Borussia Monchengladbach,2025-02-15 09:30:00,Under 2.5,2.16,2.0592,1.1320701704347968e-05,12.0,0.0047434375230286,0.0042212992267345,7.704694612394484e-05,12.0,0.0124044728516487,0.0102827339613837,matchbook,12.0,0.1008,0.0531,3.77,Bundesliga,Goles (Over/Under),2025-02-14,matchbook:2.1600; onexbet:2.1400; betsson:2.1000; nordicbet:2.1000; betus:2.0600; tipico_de:2.0500; playup:2.0500; coolbet:2.0300; betrivers:2.0200; unibet_eu:2.0200; williamhill:2.0000; betmgm:1.9800,1-2,3.0,No
Gent vs Beerschot Wilrijk,2025-02-16 07:30:00,Over 2.75,1.9,1.8867,1.1019675860225467e-05,6.0,0.0046943161005522,0.0041489659824017,6.194148677985687e-06,6.0,0.0035130072098179,0.0031338662229614,lowvig,6.0,0.0133,0.0125,6.11,Pro League,Goles (Over/Under),2025-02-14,lowvig:1.9000; betonlineag:1.9000; pinnacle:1.8900; betus:1.8900; bovada:1.8700; betanysports:1.8700,3-2,5.0,Sí
Gent vs Beerschot Wilrijk,2025-02-16 07:30:00,Under 2.75,1.95,1.925,1.1019675860225467e-05,6.0,0.0046943161005522,0.0041489659824017,2.8557627349054305e-05,6.0,0.007548483763682,0.0058868469647729,bovada,6.0,0.025,0.0275,4.76,Pro League,Goles (Over/Under),2025-02-14,bovada:1.9500; betanysports:1.9500; pinnacle:1.9400; lowvig:1.9200; betonlineag:1.9200; betus:1.8700,3-2,5.0,No
Sporting Lisbon vs Arouca,2025-02-15 15:30:00,Over 2.5,1.58,1.5517,1.1009881897902276e-05,6.0,0.0045839171152696,0.0040863137696165,1.9848532008995387e-05,6.0,0.0060381577344165,0.0038712761392687,onexbet,6.0,0.0283,0.0146,5.84,Liga Portugal,Goles (Over/Under),2025-02-14,onexbet:1.5800; nordicbet:1.5500; betsson:1.5500; tipico_de:1.5500; betrivers:1.5500; williamhill:1.5300,3-0,3.0,Sí
Sporting Lisbon vs Arouca,2025-02-15 15:30:00,Under 2.5,2.45,2.405,1.1009881897902276e-05,6.0,0.0045839171152696,0.0040863137696165,1.988633227119368e-05,6.0,0.0062166389183991,0.005153361581039,nordicbet,6.0,0.045,0.0359,6.18,Liga Portugal,Goles (Over/Under),2025-02-14,nordicbet:2.4500; betsson:2.4500; williamhill:2.4000; tipico_de:2.4000; onexbet:2.3800; betrivers:2.3500,3-0,3.0,No
Blackburn Rovers vs Plymouth Argyle,2025-02-15 10:00:00,Over 2.5,2.02,1.9112,1.0980015201716832e-05,17.0,0.0046857433764976,0.0041082055848204,8.298681817891596e-05,17.0,0.012867866269862,0.0109291607874121,matchbook,17.0,0.1088,0.0474,5.06,Championship,Goles (Over/Under),2025-02-14,matchbook:2.0200; pinnacle:1.9800; bovada:1.9500; onexbet:1.9400; betonlineag:1.9400; lowvig:1.9400; coolbet:1.9300; nordicbet:1.9200; betsson:1.9200; unibet:1.8900; playup:1.8800; betrivers:1.8800; unibet_eu:1.8800; betmgm:1.8700; betus:1.8700; williamhill:1.8500; tipico_de:1.8300,2-0,2.0,No
Blackburn Rovers vs Plymouth Argyle,2025-02-15 10:00:00,Under 2.5,1.94,1.8671,1.0980015201716832e-05,17.0,0.0046857433764976,0.0041082055848205,2.8503579965672826e-05,17.0,0.0075296407570545,0.0048359552883022,matchbook,17.0,0.0729,0.0263,6.19,Championship,Goles (Over/Under),2025-02-14,matchbook:1.9400; nordicbet:1.8800; betsson:1.8800; betonlineag:1.8800; lowvig:1.8800; bovada:1.8700; betrivers:1.8700; unibet:1.8700; unibet_eu:1.8700; pinnacle:1.8700; betus:1.8700; onexbet:1.8600; playup:1.8500; williamhill:1.8500; coolbet:1.8500; tipico_de:1.8500; betmgm:1.8000,2-0,2.0,Sí
O'Higgins vs Huachipato,2025-02-15 16:00:00,Over 2.5,2.02,1.9655,1.096812818753125e-05,11.0,0.004680385892601,0.0034485009876224,4.719375422278752e-05,11.0,0.0097120543050576,0.0083853955434594,bovada,11.0,0.0545,0.0373,6.0,Primera División Chile,Goles (Over/Under),2025-02-14,bovada:2.0200; pinnacle:2.0100; betsson:1.9900; nordicbet:1.9900; coolbet:1.9900; onexbet:1.9700; unibet:1.9500; playup:1.9500; betrivers:1.9400; betus:1.9100; tipico_de:1.9000,0-0,0.0,No
O'Higgins vs Huachipato,2025-02-15 16:00:00,Under 2.5,1.83,1.8027,1.096812818753125e-05,11.0,0.004680385892601,0.0034485009876224,1.842668987593325e-05,11.0,0.0060334150420955,0.0049682148869274,pinnacle,11.0,0.0273,0.0196,7.28,Primera División Chile,Goles (Over/Under),2025-02-14,pinnacle:1.8300; betus:1.8300; bovada:1.8200; coolbet:1.8200; onexbet:1.8000; betsson:1.8000; nordicbet:1.8000; tipico_de:1.8000; unibet:1.7800; betrivers:1.7800; playup:1.7700,0-0,0.0,Sí
Sassuolo vs Brescia,2025-02-15 09:00:00,Over 2.5,1.68,1.5978,1.0822979489479033e-05,9.0,0.0045865350200804,0.0033125575016773,0.0001004332118874,9.0,0.0137526603850792,0.0104995044967806,matchbook,9.0,0.0822,0.0358,4.98,Serie B,Goles (Over/Under),2025-02-14,matchbook:1.6800; williamhill:1.6200; onexbet:1.6100; nordicbet:1.6000; betsson:1.6000; unibet:1.5800; betrivers:1.5700; unibet_eu:1.5700; tipico_de:1.5500,2-0,2.0,No
Sassuolo vs Brescia,2025-02-15 09:00:00,Under 2.5,2.3,2.2389,1.0822979489479033e-05,9.0,0.0045865350200804,0.0033125575016773,3.067344896360591e-05,9.0,0.0077849426440101,0.0068966639014948,onexbet,9.0,0.0611,0.0393,7.99,Serie B,Goles (Over/Under),2025-02-14,onexbet:2.3000; matchbook:2.3000; nordicbet:2.2500; betsson:2.2500; tipico_de:2.2500; williamhill:2.2000; betrivers:2.2000; unibet_eu:2.2000; unibet:2.2000,2-0,2.0,Sí
NAC Breda vs Feyenoord,2025-02-15 12:45:00,Over 2.5,1.62,1.5967,1.0698446745766957e-05,9.0,0.0045604799705378,0.0034850238788769,1.4765245859083152e-05,9.0,0.0052534102445787,0.0038126067090252,williamhill,9.0,0.0233,0.0133,7.39,Eredivisie,Goles (Over/Under),2025-02-14,williamhill:1.6200; betsson:1.6000; nordicbet:1.6000; betrivers:1.6000; unibet:1.6000; unibet_eu:1.6000; tipico_de:1.6000; playup:1.5800; onexbet:1.5700,0-0,0.0,No
NAC Breda vs Feyenoord,2025-02-15 12:45:00,Under 2.5,2.3,2.2678,1.0698446745766957e-05,9.0,0.0045604799705379,0.0034850238788769,3.3077439205095045e-05,9.0,0.0080845514595185,0.0064344894892681,betrivers,9.0,0.0322,0.0408,7.17,Eredivisie,Goles (Over/Under),2025-02-14,betrivers:2.3000; unibet:2.3000; unibet_eu:2.3000; tipico_de:2.3000; playup:2.2800; betsson:2.2700; nordicbet:2.2700; williamhill:2.2000; onexbet:2.1900,0-0,0.0,Sí
Cracovia Kraków vs Korona Kielce,2025-02-14 12:00:00,Over 2.25,1.92,1.895,1.0514699157005727e-05,4.0,0.0045854940756177,0.0039201266285157,1.6535723786139235e-05,4.0,0.0057417531355888,0.0055701772870935,pinnacle,4.0,0.025,0.0206,5.56,Ekstraklasa,Goles (Over/Under),2025-02-14,pinnacle:1.9200; lowvig:1.9100; betus:1.8800; bovada:1.8700,1-1,2.0,No
Cracovia Kraków vs Korona Kielce,2025-02-14 12:00:00,Under 2.25,1.95,1.92,1.0514699157005727e-05,4.0,0.0045854940756176,0.0039201266285157,4.130585574059671e-05,4.0,0.009078577058545,0.0081696355179569,pinnacle,4.0,0.03,0.0332,4.76,Ekstraklasa,Goles (Over/Under),2025-02-14,pinnacle:1.9500; bovada:1.9500; lowvig:1.9100; betus:1.8700,1-1,2.0,Sí
Santa Clara vs Benfica,2025-02-15 13:00:00,Over 2.25,1.96,1.928,1.0433330318640526e-05,5.0,0.0045677736157146,0.0034450464317902,3.6607359049040815e-05,5.0,0.0085466933342205,0.006379472692008,pinnacle,5.0,0.032,0.0312,4.5,Liga Portugal,Goles (Over/Under),2025-02-14,pinnacle:1.9600; bovada:1.9500; betonlineag:1.9300; lowvig:1.9300; betus:1.8700,0-1,1.0,No
Santa Clara vs Benfica,2025-02-15 13:00:00,Under 2.25,1.89,1.886,1.0433330318640526e-05,5.0,0.0045677736157147,0.0034450464317903,2.57229852048636e-06,5.0,0.0022635316752963,0.001810825340237,pinnacle,5.0,0.004,0.008,6.39,Liga Portugal,Goles (Over/Under),2025-02-14,pinnacle:1.8900; betus:1.8900; betonlineag:1.8900; lowvig:1.8900; bovada:1.8700,0-1,1.0,Sí
Augsburg vs RB Leipzig,2025-02-14 14:30:00,Over 2.5,1.97,1.892,1.043098648203768e-05,15.0,0.0045664020147286,0.0026196407192826,6.260049760807712e-05,15.0,0.0111663410292307,0.0077403821620419,matchbook,15.0,0.078,0.0399,3.95,Bundesliga,Goles (Over/Under),2025-02-14,matchbook:1.9700; onexbet:1.9600; pinnacle:1.9300; bovada:1.9100; coolbet:1.9000; betus:1.8900; lowvig:1.8900; betonlineag:1.8900; betrivers:1.8800; unibet_eu:1.8800; nordicbet:1.8800; betsson:1.8800; playup:1.8700; williamhill:1.8500; tipico_de:1.8000,0-0,0.0,No
Augsburg vs RB Leipzig,2025-02-14 14:30:00,Under 2.5,2.02,1.934,1.043098648203768e-05,15.0,0.0045664020147286,0.0026196407192826,4.924480060790077e-05,15.0,0.0099187536247905,0.0077366235705994,matchbook,15.0,0.086,0.0376,5.06,Bundesliga,Goles (Over/Under),2025-02-14,matchbook:2.0200; onexbet:1.9900; pinnacle:1.9800; tipico_de:1.9500; coolbet:1.9500; betus:1.9300; lowvig:1.9300; betonlineag:1.9300; nordicbet:1.9200; betsson:1.9200; williamhill:1.9100; bovada:1.9100; playup:1.9100; betrivers:1.8800; unibet_eu:1.8800,0-0,0.0,Sí
Oxford United vs Portsmouth,2025-02-15 07:30:00,Over 2.25,1.97,1.926,1.035689428112849e-05,5.0,0.0045509368676089,0.0030426732674699,3.804238768825196e-05,5.0,0.0087132957461293,0.0061615259903511,pinnacle,5.0,0.044,0.032,3.95,Championship,Goles (Over/Under),2025-02-14,pinnacle:1.9700; bovada:1.9300; betonlineag:1.9300; lowvig:1.9300; betus:1.8700,0-2,2.0,No
Oxford United vs Portsmouth,2025-02-15 07:30:00,Under 2.25,1.89,1.888,1.035689428112849e-05,5.0,0.0045509368676089,0.0030426732674699,6.360209022749372e-07,5.0,0.0011257458065968,0.0009005966452774,bovada,5.0,0.002,0.004,6.39,Championship,Goles (Over/Under),2025-02-14,bovada:1.8900; betus:1.8900; betonlineag:1.8900; lowvig:1.8900; pinnacle:1.8800,0-2,2.0,Sí
Villarreal vs Valencia,2025-02-15 15:00:00,Over 2.5,1.76,1.6845,1.0341267541648623e-05,11.0,0.0045113474641476,0.004074252848646,7.146421397745173e-05,11.0,0.0117502034631265,0.0075485309514933,onexbet,11.0,0.0755,0.0337,4.44,La Liga,Goles (Over/Under),2025-02-14,onexbet:1.7600; matchbook:1.7300; unibet_eu:1.6800; unibet:1.6800; betrivers:1.6800; nordicbet:1.6800; betsson:1.6800; playup:1.6800; tipico_de:1.6700; williamhill:1.6700; betmgm:1.6200,1-1,2.0,No
Villarreal vs Valencia,2025-02-15 15:00:00,Under 2.5,2.26,2.1636,1.0341267541648623e-05,11.0,0.0045113474641476,0.004074252848646,5.432546852700102e-05,11.0,0.0103883564713296,0.0090337134346306,matchbook,11.0,0.0964,0.0492,5.98,La Liga,Goles (Over/Under),2025-02-14,matchbook:2.2600; onexbet:2.2300; nordicbet:2.2000; betsson:2.2000; tipico_de:2.1500; betmgm:2.1500; playup:2.1500; unibet_eu:2.1200; unibet:2.1200; betrivers:2.1200; williamhill:2.1000,1-1,2.0,Sí
Śląsk Wrocław vs Widzew Łódź,2025-02-15 08:45:00,Over 2.5,2.03,1.9757,1.029703007563916e-05,14.0,0.0045330050614422,0.0038568542400221,4.990324017390916e-05,14.0,0.0099886911978566,0.0084223414650443,pinnacle,14.0,0.0543,0.039,6.4,Ekstraklasa,Goles (Over/Under),2025-02-14,pinnacle:2.0300; lowvig:2.0300; betonlineag:2.0300; bovada:2.0200; nordicbet:1.9800; betsson:1.9800; onexbet:1.9800; coolbet:1.9800; playup:1.9800; tipico_de:1.9300; betrivers:1.9300; unibet:1.9300; unibet_eu:1.9300; betus:1.9300,3-0,3.0,Sí
Śląsk Wrocław vs Widzew Łódź,2025-02-15 08:45:00,Under 2.5,1.82,1.79,1.029703007563916e-05,14.0,0.0045330050614422,0.0038568542400221,2.365914442785491e-05,14.0,0.0068273108616639,0.0054046484207878,bovada,14.0,0.03,0.0217,6.76,Ekstraklasa,Goles (Over/Under),2025-02-14,bovada:1.8200; pinnacle:1.8100; betus:1.8100; lowvig:1.8100; betonlineag:1.8100; coolbet:1.8000; onexbet:1.7900; betrivers:1.7900; unibet:1.7900; unibet_eu:1.7900; nordicbet:1.7700; betsson:1.7700; tipico_de:1.7500; playup:1.7500,3-0,3.0,No
Wehen Wiesbaden vs Rot-Weiss Essen,2025-02-15 08:00:00,Over 2.75,1.96,1.9325,1.024532147958634e-05,4.0,0.0045263473646029,0.0039198843804537,4.94659474022381e-05,4.0,0.0099350355967536,0.0085541209490788,pinnacle,4.0,0.0275,0.0363,4.5,3. Liga,Goles (Over/Under),2025-02-14,pinnacle:1.9600; betonlineag:1.9500; lowvig:1.9500; bovada:1.8700,1-3,4.0,Sí
Wehen Wiesbaden vs Rot-Weiss Essen,2025-02-15 08:00:00,Under 2.75,1.88,1.8725,1.024532147958634e-05,4.0,0.0045263473646029,0.0039198843804537,7.619180136436471e-07,4.0,0.0012316893329508,0.0010666742519057,pinnacle,4.0,0.0075,0.0043,6.67,3. Liga,Goles (Over/Under),2025-02-14,pinnacle:1.8800; bovada:1.8700; betonlineag:1.8700; lowvig:1.8700,1-3,4.0,No
Kawasaki Frontale vs Nagoya Grampus,2025-02-15 01:00:00,Over 2.5,1.85,1.7914,1.02438425332547e-05,14.0,0.0045188592201583,0.0039529903793615,6.578945732314051e-05,14.0,0.0113875033286993,0.0102485359180066,matchbook,14.0,0.0586,0.0364,5.34,J1 League,Goles (Over/Under),2025-02-14,matchbook:1.8500; pinnacle:1.8400; onexbet:1.8200; bovada:1.8200; coolbet:1.8200; betanysports:1.8200; williamhill:1.8000; betsson:1.7700; nordicbet:1.7700; playup:1.7700; betrivers:1.7600; unibet:1.7600; unibet_eu:1.7600; tipico_de:1.7200,4-0,4.0,Si
Kawasaki Frontale vs Nagoya Grampus,2025-02-15 01:00:00,Under 2.5,2.04,2.0036,1.02438425332547e-05,14.0,0.0045188592201583,0.0039529903793616,2.3228067852033547e-05,14.0,0.0068155149852949,0.0057795153342691,pinnacle,14.0,0.0364,0.0272,7.16,J1 League,Goles (Over/Under),2025-02-14,pinnacle:2.0400; matchbook:2.0400; bovada:2.0200; betrivers:2.0200; unibet:2.0200; unibet_eu:2.0200; betanysports:2.0200; onexbet:2.0100; coolbet:2.0000; playup:2.0000; betsson:1.9700; nordicbet:1.9700; tipico_de:1.9700; williamhill:1.9500,4-0,4.0,No
Aston Villa vs Ipswich Town,2025-02-15 10:00:00,Over 2.5,1.64,1.5933,1.0195923269815813e-05,9.0,0.0044308198052549,0.0036370386196915,6.62505302549639e-05,9.0,0.0111286192946469,0.0099419897239324,onexbet,9.0,0.0467,0.0283,4.45,Premier League,Goles (Over/Under),2025-02-14,onexbet:1.6400; betsson:1.6200; nordicbet:1.6200; tipico_de:1.6000; playup:1.6000; mybookieag:1.5700; unibet_eu:1.5700; betrivers:1.5700; williamhill:1.5500,1-1,2.0,No
Aston Villa vs Ipswich Town,2025-02-15 10:00:00,Under 2.5,2.4,2.3444,1.0195923269815813e-05,9.0,0.0044308198052549,0.0036370386196915,2.7964380913392136e-05,9.0,0.0073982192369838,0.0072126800807633,onexbet,9.0,0.0556,0.0406,6.18,Premier League,Goles (Over/Under),2025-02-14,onexbet:2.4000; unibet_eu:2.3800; betrivers:2.3800; betsson:2.3700; nordicbet:2.3700; tipico_de:2.3000; mybookieag:2.3000; williamhill:2.3000; playup:2.3000,1-1,2.0,Sí
FC Viktoria Köln 1904 vs Alemannia Aachen,2025-02-14 13:00:00,Over 2.5,2.15,2.13,1.0134080291088912e-05,7.0,0.0044718564539244,0.0043777752318709,1.3575021070831652e-05,7.0,0.0052025730508106,0.003824684618972,tipico_de,7.0,0.02,0.0233,7.12,3. Liga,Goles (Over/Under),2025-02-14,tipico_de:2.1500; betonlineag:2.1500; lowvig:2.1500; nordicbet:2.1300; betsson:2.1300; playup:2.1200; coolbet:2.0800,3-1,4.0,Sí
FC Viktoria Köln 1904 vs Alemannia Aachen,2025-02-14 13:00:00,Under 2.5,1.74,1.6843,1.0134080291088912e-05,7.0,0.0044718564539244,0.0043777752318708,7.945833666056407e-05,7.0,0.0124040968399044,0.0110139963426446,betonlineag,7.0,0.0557,0.0358,5.55,3. Liga,Goles (Over/Under),2025-02-14,betonlineag:1.7400; lowvig:1.7400; tipico_de:1.6700; coolbet:1.6700; nordicbet:1.6600; betsson:1.6600; playup:1.6500,3-1,4.0,No
Lech Poznań vs Raków Częstochowa,2025-02-14 14:30:00,Over 2.5,2.36,2.204,1.0128623087202507e-05,10.0,0.0044526343224104,0.0040904900477544,5.972646956168982e-05,10.0,0.0108568618924865,0.0060528503593066,matchbook,10.0,0.156,0.0554,4.48,Ekstraklasa,Goles (Over/Under),2025-02-14,matchbook:2.3600; nordicbet:2.2000; betsson:2.2000; unibet:2.2000; unibet_eu:2.2000; betrivers:2.2000; onexbet:2.1900; coolbet:2.1900; tipico_de:2.1500; playup:2.1500,0-1,1.0,No
Lech Poznań vs Raków Częstochowa,2025-02-14 14:30:00,Under 2.5,1.71,1.636,1.0128623087202507e-05,10.0,0.0044526343224104,0.0040904900477545,6.449252525469044e-05,10.0,0.0111031859255282,0.0092973304519718,matchbook,10.0,0.074,0.0304,4.99,Ekstraklasa,Goles (Over/Under),2025-02-14,matchbook:1.7100; coolbet:1.6600; onexbet:1.6500; playup:1.6500; nordicbet:1.6200; betsson:1.6200; tipico_de:1.6200; unibet:1.6100; unibet_eu:1.6100; betrivers:1.6100,0-1,1.0,Sí
Banfield vs Boca Juniors,2025-02-14 18:00:00,Over 1.5,1.62,1.5625,9.82798162093612e-06,4.0,0.0043292034442156,0.0036276223776223,0.0001015475343041,4.0,0.0137272881365632,0.0115081875043924,matchbook,4.0,0.0575,0.0342,4.28,Liga Profesional,Goles (Over/Under),2025-02-14,matchbook:1.6200; onexbet:1.5500; playup:1.5500; betrivers:1.5300,0-1,1.0,No
Banfield vs Boca Juniors,2025-02-14 18:00:00,Under 1.5,2.54,2.4425,9.82798162093612e-06,4.0,0.0043292034442155,0.0036276223776223,6.622662874937487e-05,4.0,0.0113170707747827,0.0087976239826939,matchbook,4.0,0.0975,0.0676,4.73,Liga Profesional,Goles (Over/Under),2025-02-14,matchbook:2.5400; onexbet:2.4500; betrivers:2.4300; playup:2.3500,0-1,1.0,Sí
Melbourne City vs Perth Glory,2025-02-15 01:00:00,Over 3.5,2.25,2.2025,9.650852427959115e-06,4.0,0.0043417910292699,0.0037394793625156,2.485889820324767e-05,4.0,0.0070198860315905,0.006691022820055,nordicbet,4.0,0.0475,0.0342,6.17,A-League,Goles (Over/Under),2025-02-14,nordicbet:2.2500; onexbet:2.2200; unibet_eu:2.1700; unibet:2.1700,1-0,1.0,No
Melbourne City vs Perth Glory,2025-02-15 01:00:00,Under 3.5,1.66,1.635,9.650852427959115e-06,4.0,0.00434179102927,0.0037394793625156,1.6270837992767522e-05,4.0,0.0055665538392204,0.0046311124981635,onexbet,4.0,0.025,0.015,6.32,A-League,Goles (Over/Under),2025-02-14,onexbet:1.6600; unibet_eu:1.6300; unibet:1.6300; nordicbet:1.6200,1-0,1.0,Sí
FC Cartagena vs Málaga,2025-02-15 10:15:00,Over 2.0,1.91,1.8943,9.446183997233434e-06,7.0,0.0043463311613323,0.0029048029689123,1.4805661312368198e-05,7.0,0.0054300406229915,0.0039212152517105,pinnacle,7.0,0.0157,0.0192,5.83,La Liga 2,Goles (Over/Under),2025-02-14,pinnacle:1.9100; betus:1.9100; lowvig:1.9000; betonlineag:1.9000; betanysports:1.9000; bovada:1.8900; coolbet:1.8500,0-1,1.0,No
FC Cartagena vs Málaga,2025-02-15 10:15:00,Under 2.0,1.94,1.9186,9.446183997233434e-06,7.0,0.0043463311613323,0.0029048029689123,1.6897116462252112e-05,7.0,0.005805218476058,0.0038499102920421,pinnacle,7.0,0.0214,0.021,5.6,La Liga 2,Goles (Over/Under),2025-02-14,pinnacle:1.9400; bovada:1.9300; coolbet:1.9300; lowvig:1.9200; betonlineag:1.9200; betanysports:1.9200; betus:1.8700,0-1,1.0,Sí
Pohang Steelers vs Daejeon Citizen,2025-02-14 23:00:00,Over 2.5,2.18,2.1182,9.406685686402104e-06,11.0,0.0043080520446358,0.0037559692643705,2.990133584920501e-05,11.0,0.00772093236004,0.006433239909472,matchbook,11.0,0.0618,0.0346,6.85,K League 1,Goles (Over/Under),2025-02-14,matchbook:2.1800; nordicbet:2.1500; betsson:2.1500; onexbet:2.1500; coolbet:2.1200; unibet:2.1000; betrivers:2.1000; unibet_eu:2.1000; williamhill:2.1000; playup:2.1000; tipico_de:2.0500,0-3,3.0,Sí
Pohang Steelers vs Daejeon Citizen,2025-02-14 23:00:00,Under 2.5,1.74,1.6745,9.406685686402104e-06,11.0,0.0043080520446358,0.0037559692643705,6.029104225399437e-05,11.0,0.0107822660046776,0.0091047893987499,matchbook,11.0,0.0655,0.0306,6.25,K League 1,Goles (Over/Under),2025-02-14,matchbook:1.7400; onexbet:1.7000; playup:1.7000; coolbet:1.7000; tipico_de:1.6700; williamhill:1.6700; nordicbet:1.6600; betsson:1.6600; unibet:1.6400; betrivers:1.6400; unibet_eu:1.6400,0-3,3.0,No
Gillingham vs Crewe Alexandra,2025-02-15 10:00:00,Over 2.0,1.98,1.9467,9.289491150995492e-06,6.0,0.0043091156361,0.0030532764887339,3.863297385307923e-05,6.0,0.0087848679247519,0.0079424559755605,lowvig,6.0,0.0333,0.033,5.45,League Two,Goles (Over/Under),2025-02-14,lowvig:1.9800; betonlineag:1.9800; pinnacle:1.9700; bovada:1.9300; betus:1.9300; coolbet:1.8900,0-0,0.0,No
Gillingham vs Crewe Alexandra,2025-02-15 10:00:00,Under 2.0,1.85,1.8367,9.289491150995492e-06,6.0,0.0043091156361,0.0030532764887339,8.387827581075166e-06,6.0,0.004079271584696,0.0039545941185285,coolbet,6.0,0.0133,0.0137,6.96,League Two,Goles (Over/Under),2025-02-14,coolbet:1.8500; lowvig:1.8500; betonlineag:1.8500; pinnacle:1.8300; bovada:1.8200; betus:1.8200,0-0,0.0,Sí
Aston Villa vs Ipswich Town,2025-02-15 10:00:00,Over 3.0,2.02,1.99,9.176340965343782e-06,6.0,0.0042819176341047,0.0038122826699932,2.7042206869383256e-05,6.0,0.0073535943412099,0.0068008523010739,pinnacle,6.0,0.03,0.0289,3.56,Premier League,Goles (Over/Under),2025-02-14,pinnacle:2.0200; lowvig:2.0100; betonlineag:2.0100; coolbet:2.0000; bovada:1.9500; betus:1.9500,1-1,2.0,No
Aston Villa vs Ipswich Town,2025-02-15 10:00:00,Under 3.0,1.88,1.865,9.176340965343782e-06,6.0,0.0042819176341047,0.0038122826699931,5.217378139586796e-06,6.0,0.0032214942912758,0.0028854659643144,pinnacle,6.0,0.015,0.0112,4.47,Premier League,Goles (Over/Under),2025-02-14,pinnacle:1.8800; bovada:1.8700; coolbet:1.8700; betus:1.8700; lowvig:1.8500; betonlineag:1.8500,1-1,2.0,Sí
Daegu FC vs Gangwon FC,2025-02-16 02:30:00,Over 2.5,2.19,2.1182,9.154821765041386e-06,11.0,0.0042479679976529,0.0028855568585937,3.479270859307686e-05,11.0,0.0083265590284324,0.0064095073302513,coolbet,11.0,0.0718,0.0376,6.64,K League 1,Goles (Over/Under),2025-02-14,coolbet:2.1900; onexbet:2.1800; nordicbet:2.1300; betsson:2.1300; playup:2.1200; unibet:2.1000; betrivers:2.1000; unibet_eu:2.1000; williamhill:2.1000; betmgm:2.1000; tipico_de:2.0500,2-0,2.0,No
Daegu FC vs Gangwon FC,2025-02-16 02:30:00,Under 2.5,1.68,1.6609,9.154821765041386e-06,11.0,0.0042479679976528,0.0028855568585937,1.5632294008607674e-05,11.0,0.0054713175068444,0.0049256589622136,onexbet,11.0,0.0191,0.015,8.3,K League 1,Goles (Over/Under),2025-02-14,onexbet:1.6800; playup:1.6800; nordicbet:1.6700; betsson:1.6700; tipico_de:1.6700; williamhill:1.6700; coolbet:1.6600; betmgm:1.6500; unibet:1.6400; betrivers:1.6400; unibet_eu:1.6400,2-0,2.0,Sí
Northampton Town vs Wrexham AFC,2025-02-15 07:30:00,Over 2.25,2.0,1.946,9.14539088603537e-06,5.0,0.0042748028512165,0.0030750996257617,4.683197457418195e-05,5.0,0.0096734494103043,0.0087049336130153,pinnacle,5.0,0.054,0.0367,4.64,League One,Goles (Over/Under),2025-02-14,pinnacle:2.0000; betonlineag:1.9600; lowvig:1.9600; bovada:1.9100; betus:1.9000,0-2,2.0,No
Northampton Town vs Wrexham AFC,2025-02-15 07:30:00,Under 2.25,1.86,1.846,9.14539088603537e-06,5.0,0.0042748028512166,0.0030750996257618,6.235273876424238e-06,5.0,0.0035191137857841,0.0032802213382996,betonlineag,5.0,0.014,0.012,6.4,League One,Goles (Over/Under),2025-02-14,betonlineag:1.8600; lowvig:1.8600; pinnacle:1.8400; betus:1.8400; bovada:1.8300,0-2,2.0,Sí
Go Ahead Eagles vs Sparta Rotterdam,2025-02-14 14:00:00,Over 2.75,1.91,1.9067,9.111283184664264e-06,6.0,0.0042686375121245,0.003254006115193,8.457970871044601e-07,6.0,0.0012989928927832,0.0012247022442668,bovada,6.0,0.0033,0.0047,5.83,Eredivisie,Goles (Over/Under),2025-02-14,bovada:1.9100; pinnacle:1.9100; betus:1.9100; lowvig:1.9100; betonlineag:1.9000; betanysports:1.9000,1-0,1.0,No
Go Ahead Eagles vs Sparta Rotterdam,2025-02-14 14:00:00,Under 2.75,1.98,1.9183,9.111283184664264e-06,6.0,0.0042686375121245,0.0032540061151931,3.804459895831119e-05,6.0,0.0087153810962457,0.0058604342366276,pinnacle,6.0,0.0617,0.0324,3.14,Eredivisie,Goles (Over/Under),2025-02-14,pinnacle:1.9800; betonlineag:1.9200; betanysports:1.9200; bovada:1.9100; lowvig:1.9100; betus:1.8700,1-0,1.0,Sí
Cardiff City vs Bristol City,2025-02-15 07:30:00,Over 2.5,2.2,2.1573,8.960588711597762e-06,11.0,0.0041998576084938,0.0040043483480102,1.7591365770517873e-05,11.0,0.0059169634472332,0.0045675215364868,matchbook,11.0,0.0427,0.0273,6.06,Championship,Goles (Over/Under),2025-02-14,matchbook:2.2000; coolbet:2.1900; unibet:2.1700; betrivers:2.1700; unibet_eu:2.1700; onexbet:2.1600; williamhill:2.1500; nordicbet:2.1500; betsson:2.1500; playup:2.1200; tipico_de:2.1000,1-1,2.0,No
Cardiff City vs Bristol City,2025-02-15 07:30:00,Under 2.5,1.75,1.6782,8.960588711597762e-06,11.0,0.0041998576084938,0.0040043483480101,5.217030489377851e-05,11.0,0.0100453565402496,0.0082591643684374,matchbook,11.0,0.0718,0.0289,4.76,Championship,Goles (Over/Under),2025-02-14,matchbook:1.7500; nordicbet:1.7000; betsson:1.7000; onexbet:1.6900; playup:1.6800; coolbet:1.6600; unibet:1.6600; betrivers:1.6600; unibet_eu:1.6600; williamhill:1.6500; tipico_de:1.6500,1-1,2.0,Sí
Brighton and Hove Albion vs Chelsea,2025-02-14 15:00:00,Over 2.5,1.62,1.5957,8.917856898720837e-06,7.0,0.0041461977051162,0.0032778406814172,4.457417793063703e-05,7.0,0.0091302186973981,0.0086839406675621,betsson,7.0,0.0243,0.0232,6.17,Premier League,Goles (Over/Under),2025-02-14,betsson:1.6200; nordicbet:1.6200; onexbet:1.6200; playup:1.6000; tipico_de:1.5700; williamhill:1.5700; betmgm:1.5700,3-0,3.0,Sí
Brighton and Hove Albion vs Chelsea,2025-02-14 15:00:00,Under 2.5,2.44,2.34,8.917856898720837e-06,7.0,0.0041461977051161,0.0032778406814171,5.626390648755468e-05,7.0,0.0104935290690269,0.0089097606661461,onexbet,7.0,0.1,0.0576,4.68,Premier League,Goles (Over/Under),2025-02-14,onexbet:2.4400; betsson:2.3700; nordicbet:2.3700; tipico_de:2.3500; williamhill:2.3000; playup:2.3000; betmgm:2.2500,3-0,3.0,No
FC Sion vs FC Zurich,2025-02-15 12:00:00,Over 2.5,1.95,1.9118,8.765585866257893e-06,11.0,0.0041864908713223,0.0037453450224868,3.393507134405219e-05,11.0,0.0082291258170069,0.0070621566568125,bovada,11.0,0.0382,0.0301,6.84,Super League Switzerland,Goles (Over/Under),2025-02-14,bovada:1.9500; betonlineag:1.9500; lowvig:1.9500; pinnacle:1.9400; nordicbet:1.9100; betsson:1.9100; playup:1.9100; unibet:1.8800; betrivers:1.8800; unibet_eu:1.8800; tipico_de:1.8700,2-1,3.0,Sí
FC Sion vs FC Zurich,2025-02-15 12:00:00,Under 2.5,1.89,1.8527,8.765585866257893e-06,11.0,0.0041864908713222,0.0037453450224868,2.538401602224406e-05,11.0,0.0070991192652342,0.0056452725069284,pinnacle,11.0,0.0373,0.0242,6.39,Super League Switzerland,Goles (Over/Under),2025-02-14,pinnacle:1.8900; tipico_de:1.8700; bovada:1.8700; betonlineag:1.8700; lowvig:1.8700; unibet:1.8500; betrivers:1.8500; unibet_eu:1.8500; nordicbet:1.8300; betsson:1.8300; playup:1.8000,2-1,3.0,No
Stoke City vs Swansea City,2025-02-15 10:00:00,Over 2.25,1.83,1.818,8.670587721426874e-06,5.0,0.0041582832141966,0.0033098243725187,1.0058421521493238e-05,5.0,0.0044617299504247,0.0043715846994535,pinnacle,5.0,0.012,0.0147,5.93,Championship,Goles (Over/Under),2025-02-14,pinnacle:1.8300; betonlineag:1.8300; lowvig:1.8300; bovada:1.8000; betus:1.8000,3-1,4.0,Sí
Stoke City vs Swansea City,2025-02-15 10:00:00,Under 2.25,2.05,2.01,8.670587721426874e-06,5.0,0.0041582832141965,0.0033098243725186,3.525605340909506e-05,5.0,0.008396450045656,0.0060673168138365,bovada,5.0,0.04,0.0335,4.34,Championship,Goles (Over/Under),2025-02-14,bovada:2.0500; pinnacle:2.0300; betonlineag:2.0100; lowvig:2.0100; betus:1.9500,3-1,4.0,No
GKS Katowice vs Piast Gliwice,2025-02-16 08:45:00,Over 2.25,1.87,1.85,8.519824804622536e-06,5.0,0.0041255060520902,0.0032098905034652,1.2092800588232432e-05,5.0,0.0049010543543347,0.0046905738883217,bovada,5.0,0.02,0.0167,5.56,Ekstraklasa,Goles (Over/Under),2025-02-14,bovada:1.8700; betonlineag:1.8600; lowvig:1.8600; pinnacle:1.8300; betus:1.8300,0-0,0.0,No
GKS Katowice vs Piast Gliwice,2025-02-16 08:45:00,Under 2.25,2.0,1.958,8.519824804622536e-06,5.0,0.0041255060520903,0.0032098905034653,2.2222060679367928e-05,5.0,0.006664828853063,0.0048116169544741,pinnacle,5.0,0.042,0.0256,4.64,Ekstraklasa,Goles (Over/Under),2025-02-14,pinnacle:2.0000; betonlineag:1.9600; lowvig:1.9600; bovada:1.9500; betus:1.9200,0-0,0.0,Sí
Levadiakos vs Aris Thessaloniki,2025-02-16 08:00:00,Over 2.0,1.95,1.93,8.519068643455092e-06,6.0,0.0041274923179993,0.0032064909861834,2.899257721260778e-05,6.0,0.007605427293735,0.0055051786514094,bovada,6.0,0.02,0.0277,4.76,Super League Greece,Goles (Over/Under),2025-02-14,bovada:1.9500; coolbet:1.9500; nordicbet:1.9400; betsson:1.9400; pinnacle:1.9300; betus:1.8700,1-4,5.0,Sí
Levadiakos vs Aris Thessaloniki,2025-02-16 08:00:00,Under 2.0,1.88,1.8733,8.519068643455092e-06,6.0,0.0041274923179994,0.0032064909861834,9.030140716518448e-07,6.0,0.0013408935054927,0.0012642065207771,pinnacle,6.0,0.0067,0.0047,6.67,Super League Greece,Goles (Over/Under),2025-02-14,pinnacle:1.8800; betus:1.8800; nordicbet:1.8700; betsson:1.8700; bovada:1.8700; coolbet:1.8700,1-4,5.0,No
Lazio vs Napoli,2025-02-15 12:00:00,Over 2.5,2.2,2.1273,8.482457497659293e-06,11.0,0.0040992383005105,0.0030122571289032,6.025086603394687e-05,11.0,0.0109578221062528,0.0095422641514717,onexbet,11.0,0.0727,0.0494,4.28,Serie A,Goles (Over/Under),2025-02-14,onexbet:2.2000; matchbook:2.2000; nordicbet:2.1500; betsson:2.1500; betus:2.1500; coolbet:2.1500; unibet_eu:2.1000; betrivers:2.1000; playup:2.1000; tipico_de:2.0500; williamhill:2.0500,2-2,4.0,Sí
Lazio vs Napoli,2025-02-15 12:00:00,Under 2.5,1.79,1.7309,8.482457497659293e-06,11.0,0.0040992383005105,0.0030122571289032,4.680507744176952e-05,11.0,0.0095676216774833,0.0075790188014072,matchbook,11.0,0.0591,0.0291,4.65,Serie A,Goles (Over/Under),2025-02-14,matchbook:1.7900; onexbet:1.7800; betus:1.7400; coolbet:1.7400; williamhill:1.7300; nordicbet:1.7200; betsson:1.7200; tipico_de:1.7200; unibet_eu:1.7000; betrivers:1.7000; playup:1.7000,2-2,4.0,No
Udinese vs Empoli,2025-02-16 09:00:00,Over 2.25,1.91,1.8925,8.440809819600816e-06,4.0,0.0041083886537372,0.003086435371671,6.5800395189326494e-06,4.0,0.0036219353575908,0.0034884470840686,bovada,4.0,0.0175,0.013,4.71,Serie A,Goles (Over/Under),2025-02-14,bovada:1.9100; pinnacle:1.9000; lowvig:1.8800; betonlineag:1.8800,3-0,3.0,Sí
Udinese vs Empoli,2025-02-16 09:00:00,Under 2.25,1.99,1.94,8.440809819600816e-06,4.0,0.0041083886537372,0.003086435371671,3.0958579610024456e-05,4.0,0.0078659816862267,0.0065364938792108,pinnacle,4.0,0.05,0.03,3.44,Serie A,Goles (Over/Under),2025-02-14,pinnacle:1.9900; lowvig:1.9300; betonlineag:1.9300; bovada:1.9100,3-0,3.0,No
Levante vs Sporting Gijón,2025-02-16 08:00:00,Over 2.25,2.03,1.98,8.413720713225584e-06,6.0,0.0040982280663181,0.0029895473446387,2.716447636311588e-05,6.0,0.0073696748213704,0.0043255954160605,pinnacle,6.0,0.05,0.0289,4.21,La Liga 2,Goles (Over/Under),2025-02-14,pinnacle:2.0300; bovada:1.9800; betanysports:1.9800; betonlineag:1.9800; lowvig:1.9800; betus:1.9300,0-0,0.0,No
Levante vs Sporting Gijón,2025-02-16 08:00:00,Under 2.25,1.85,1.84,8.413720713225584e-06,6.0,0.004098228066318,0.0029895473446387,8.893140252257126e-06,6.0,0.0042002184804665,0.0039600039600039,bovada,6.0,0.01,0.0141,5.87,La Liga 2,Goles (Over/Under),2025-02-14,bovada:1.8500; betanysports:1.8500; betonlineag:1.8500; lowvig:1.8500; pinnacle:1.8200; betus:1.8200,0-0,0.0,Sí
Luton vs Sheffield United,2025-02-15 10:00:00,Over 2.25,1.97,1.93,8.34119778741581e-06,5.0,0.0040840609817439,0.003218546277622,4.160614368136038e-05,5.0,0.009112361566703,0.0065866621667826,pinnacle,5.0,0.04,0.0335,4.24,Championship,Goles (Over/Under),2025-02-14,pinnacle:1.9700; bovada:1.9500; lowvig:1.9300; betonlineag:1.9300; betus:1.8700,0-1,1.0,No
Luton vs Sheffield United,2025-02-15 10:00:00,Under 2.25,1.88,1.876,8.34119778741581e-06,5.0,0.004084060981744,0.003218546277622,9.752552688279933e-07,5.0,0.0013934974074315,0.0013653430424393,pinnacle,5.0,0.004,0.0049,6.67,Championship,Goles (Over/Under),2025-02-14,pinnacle:1.8800; lowvig:1.8800; betonlineag:1.8800; bovada:1.8700; betus:1.8700,0-1,1.0,Sí
Bayer Leverkusen vs Bayern Munich,2025-02-15 12:30:00,Over 2.75,1.83,1.816,8.228920548875615e-06,5.0,0.0040505993600003,0.0037363165555071,8.57703505168176e-06,5.0,0.004119978921996,0.0038911907764367,pinnacle,5.0,0.014,0.0136,4.64,Bundesliga,Goles (Over/Under),2025-02-14,pinnacle:1.8300; betus:1.8300; bovada:1.8200; lowvig:1.8000; betonlineag:1.8000,0-0,0.0,No
Bayer Leverkusen vs Bayern Munich,2025-02-15 12:30:00,Under 2.75,2.07,2.038,8.228920548875615e-06,5.0,0.0040505993600003,0.0037363165555071,1.8010501816777617e-05,5.0,0.006000732435872,0.0054196342221708,pinnacle,5.0,0.032,0.0248,3.86,Bundesliga,Goles (Over/Under),2025-02-14,pinnacle:2.0700; lowvig:2.0500; betonlineag:2.0500; bovada:2.0200; betus:2.0000,0-0,0.0,Sí
Górnik Zabrze vs Radomiak Radom,2025-02-15 11:30:00,Over 2.5,1.92,1.8629,8.202545512818459e-06,14.0,0.0040501496350362,0.0033453250186458,3.505937891428174e-05,14.0,0.0083518924764828,0.0073008932388819,pinnacle,14.0,0.0571,0.0291,6.73,Ekstraklasa,Goles (Over/Under),2025-02-14,pinnacle:1.9200; lowvig:1.9000; betonlineag:1.9000; onexbet:1.8800; bovada:1.8700; coolbet:1.8700; betus:1.8700; playup:1.8700; nordicbet:1.8400; betsson:1.8400; unibet:1.8300; betrivers:1.8300; unibet_eu:1.8300; tipico_de:1.8300,3-2,5.0,Sí
Górnik Zabrze vs Radomiak Radom,2025-02-15 11:30:00,Under 2.5,1.95,1.8921,8.202545512818459e-06,14.0,0.0040501496350362,0.0033453250186457,3.5056791537881746e-05,14.0,0.0083575360917551,0.0065946653550737,bovada,14.0,0.0579,0.0298,5.93,Ekstraklasa,Goles (Over/Under),2025-02-14,bovada:1.9500; pinnacle:1.9200; lowvig:1.9200; betonlineag:1.9200; nordicbet:1.9000; betsson:1.9000; coolbet:1.9000; onexbet:1.8900; unibet:1.8800; betrivers:1.8800; unibet_eu:1.8800; betus:1.8700; tipico_de:1.8500; playup:1.8300,3-2,5.0,No
Middlesbrough vs Watford,2025-02-15 10:00:00,Over 2.75,1.84,1.83,8.175501494873964e-06,4.0,0.0040401477353671,0.0030367303089643,4.497415901490176e-06,4.0,0.002986144290492,0.002986144290492,lowvig,4.0,0.01,0.01,6.16,Championship,Goles (Over/Under),2025-02-14,lowvig:1.8400; betonlineag:1.8400; bovada:1.8200; betus:1.8200,0-1,1.0,No
Middlesbrough vs Watford,2025-02-15 10:00:00,Under 2.75,2.02,1.9825,8.175501494873964e-06,4.0,0.004040147735367,0.0030367303089642,3.540108171946405e-05,4.0,0.0084128795198033,0.0067911893123855,bovada,4.0,0.0375,0.0327,4.45,Championship,Goles (Over/Under),2025-02-14,bovada:2.0200; lowvig:1.9900; betonlineag:1.9900; betus:1.9300,0-1,1.0,Sí
Sporting Lisbon vs Arouca,2025-02-15 15:30:00,Over 3.0,1.94,1.9183,7.897868919721334e-06,6.0,0.0039742832376227,0.0028376598818002,2.4599055249742145e-05,6.0,0.0070051534501818,0.0061058922690609,betonlineag,6.0,0.0217,0.0254,5.02,Liga Portugal,Goles (Over/Under),2025-02-14,betonlineag:1.9400; lowvig:1.9400; pinnacle:1.9300; bovada:1.9300; coolbet:1.9000; betus:1.8700,3-0,3.0,No
Sporting Lisbon vs Arouca,2025-02-15 15:30:00,Under 3.0,1.9,1.8867,7.897868919721334e-06,6.0,0.0039742832376227,0.0028376598818002,4.844693888333313e-06,6.0,0.003107082986515,0.0028095062458191,pinnacle,6.0,0.0133,0.0111,6.11,Liga Portugal,Goles (Over/Under),2025-02-14,pinnacle:1.9000; betus:1.9000; bovada:1.8900; betonlineag:1.8800; lowvig:1.8800; coolbet:1.8700,3-0,3.0,No
Queens Park Rangers vs Derby County,2025-02-14 15:00:00,Over 2.5,2.5,2.49,7.77059948300707e-06,5.0,0.0038071065989847,0.0030456852791878,5.534909079540776e-06,5.0,0.0032653061224489,0.0026122448979591,williamhill,5.0,0.01,0.02,9.44,Championship,Goles (Over/Under),2025-02-14,williamhill:2.5000; betrivers:2.5000; unibet_eu:2.5000; unibet:2.5000; tipico_de:2.4500,4-0,4.0,Sí
Queens Park Rangers vs Derby County,2025-02-14 15:00:00,Under 2.5,1.5,1.482,7.77059948300707e-06,5.0,0.0038071065989847,0.0030456852791877,7.055966407281911e-05,5.0,0.0110833101223128,0.0099319727891156,betrivers,5.0,0.018,0.024,7.48,Championship,Goles (Over/Under),2025-02-14,betrivers:1.5000; unibet_eu:1.5000; unibet:1.5000; tipico_de:1.4700; williamhill:1.4400,4-0,4.0,No
1. FC Magdeburg vs 1. FC Köln,2025-02-14 12:30:00,Over 3.0,2.03,1.984,7.686563834222664e-06,5.0,0.0039188787333401,0.0030119273895313,2.503778080231352e-05,5.0,0.0070759136610372,0.0059041485781095,pinnacle,5.0,0.046,0.028,4.21,Bundesliga 2,Goles (Over/Under),2025-02-14,pinnacle:2.0300; betonlineag:1.9900; lowvig:1.9900; coolbet:1.9600; bovada:1.9500,3-0,3.0,No
1. FC Magdeburg vs 1. FC Köln,2025-02-14 12:30:00,Under 3.0,1.87,1.846,7.686563834222664e-06,5.0,0.0039188787333401,0.0030119273895312,1.3201596290889462e-05,5.0,0.0051201343789719,0.0044506273365278,bovada,5.0,0.024,0.0174,4.76,Bundesliga 2,Goles (Over/Under),2025-02-14,bovada:1.8700; pinnacle:1.8600; betonlineag:1.8400; lowvig:1.8400; coolbet:1.8200,3-0,3.0,No
Royal Antwerp vs KV Kortrijk,2025-02-15 12:15:00,Over 2.75,1.93,1.9083,7.664523920401727e-06,6.0,0.0039151663169854,0.0036462134184163,1.723504832092303e-05,6.0,0.0058626404336736,0.0052316733058546,pinnacle,6.0,0.0217,0.0211,4.45,Pro League,Goles (Over/Under),2025-02-14,pinnacle:1.9300; lowvig:1.9200; betonlineag:1.9200; betanysports:1.9200; bovada:1.8900; betus:1.8700,2-1,3.0,Sí
Royal Antwerp vs KV Kortrijk,2025-02-15 12:15:00,Under 2.75,1.93,1.9117,7.664523920401727e-06,6.0,0.0039151663169855,0.0036462134184163,5.507303397101397e-06,6.0,0.0033153639438387,0.0031909977880798,bovada,6.0,0.0183,0.0121,5.29,Pro League,Goles (Over/Under),2025-02-14,bovada:1.9300; pinnacle:1.9200; betus:1.9200; lowvig:1.9000; betonlineag:1.9000; betanysports:1.9000,2-1,3.0,No
Marseille vs Saint Etienne,2025-02-15 11:00:00,Over 3.25,1.97,1.9625,7.564151521764127e-06,4.0,0.0038884604646938,0.0036206150141375,2.3282075355810213e-06,4.0,0.0021574241107472,0.0019490420143067,lowvig,4.0,0.0075,0.0083,4.82,Ligue 1,Goles (Over/Under),2025-02-14,lowvig:1.9700; betonlineag:1.9700; pinnacle:1.9600; bovada:1.9500,5-1,6.0,Sí
Marseille vs Saint Etienne,2025-02-15 11:00:00,Under 3.25,1.91,1.87,7.564151521764127e-06,4.0,0.0038884604646937,0.0036206150141374,2.4130226038936013e-05,4.0,0.006932389385156,0.0056903783420567,pinnacle,4.0,0.04,0.0245,3.64,Ligue 1,Goles (Over/Under),2025-02-14,pinnacle:1.9100; bovada:1.8700; lowvig:1.8500; betonlineag:1.8500,5-1,6.0,No
Elversberg vs Greuther Fürth,2025-02-15 07:00:00,Over 3.0,1.92,1.888,7.474582454074295e-06,5.0,0.0038661644670579,0.0034811709142417,2.4456034691458345e-05,5.0,0.0069803969406173,0.0060448021821531,pinnacle,5.0,0.032,0.0248,4.44,Bundesliga 2,Goles (Over/Under),2025-02-14,pinnacle:1.9200; bovada:1.9100; lowvig:1.8800; betonlineag:1.8800; coolbet:1.8500,2-0,2.0,No
Elversberg vs Greuther Fürth,2025-02-15 07:00:00,Under 3.0,1.93,1.926,7.474582454074295e-06,5.0,0.0038661644670579,0.0034811709142417,2.358997440539325e-06,5.0,0.0021701977592707,0.0017361582074166,pinnacle,5.0,0.004,0.008,5.87,Bundesliga 2,Goles (Over/Under),2025-02-14,pinnacle:1.9300; coolbet:1.9300; lowvig:1.9300; betonlineag:1.9300; bovada:1.9100,2-0,2.0,Sí
Hearts vs Rangers,2025-02-16 07:00:00,Over 2.75,1.95,1.902,7.311119068283102e-06,5.0,0.0038237163678789,0.0030309486510008,3.3986912765043754e-05,5.0,0.0082340555946805,0.0070939429116207,pinnacle,5.0,0.048,0.0299,4.76,Scottish Premiership,Goles (Over/Under),2025-02-14,pinnacle:1.9500; betonlineag:1.9100; lowvig:1.9100; bovada:1.8700; betus:1.8700,1-3,4.0,Sí
Hearts vs Rangers,2025-02-16 07:00:00,Under 2.75,1.91,1.89,7.311119068283102e-06,5.0,0.0038237163678789,0.0030309486510008,1.0960636242315043e-05,5.0,0.0046742991816071,0.0044653627600897,betonlineag,5.0,0.02,0.0167,5.83,Scottish Premiership,Goles (Over/Under),2025-02-14,betonlineag:1.9100; lowvig:1.9100; pinnacle:1.8800; betus:1.8800; bovada:1.8700,1-3,4.0,No
CD Mirandés vs Racing de Ferrol,2025-02-14 14:30:00,Over 1.5,1.55,1.5175,7.3075815142840624e-06,4.0,0.003727953441233,0.0035857371794871,3.7541044127279344e-05,4.0,0.00823721368716,0.0069607633696503,onexbet,4.0,0.0325,0.0192,7.43,La Liga 2,Goles (Over/Under),2025-02-14,onexbet:1.5500; betsson:1.5100; nordicbet:1.5100; betmgm:1.5000,4-1,5.0,Sí
CD Mirandés vs Racing de Ferrol,2025-02-14 14:30:00,Under 1.5,2.45,2.3775,7.3075815142840624e-06,4.0,0.003727953441233,0.0035857371794871,4.073657483263883e-05,4.0,0.0089074806166907,0.0083847916849143,onexbet,4.0,0.0725,0.0507,7.48,La Liga 2,Goles (Over/Under),2025-02-14,onexbet:2.4500; betmgm:2.4000; betsson:2.3300; nordicbet:2.3300,4-1,5.0,No
SpVgg Unterhaching vs 1. FC Saarbrücken,2025-02-16 07:30:00,Over 2.5,1.72,1.71,7.1954439394745926e-06,4.0,0.0037757785099605,0.003265706926307,6.021463260581631e-06,4.0,0.0034199726402188,0.0034199726402188,nordicbet,4.0,0.01,0.01,7.4,3. Liga,Goles (Over/Under),2025-02-14,nordicbet:1.7200; betsson:1.7200; tipico_de:1.7000; coolbet:1.7000,2-0,2.0,No
SpVgg Unterhaching vs 1. FC Saarbrücken,2025-02-16 07:30:00,Under 2.5,2.1,2.0575,7.1954439394745926e-06,4.0,0.0037757785099604,0.0032657069263069,1.832097785379328e-05,4.0,0.0060498523529259,0.0049561456205695,tipico_de,4.0,0.0425,0.0259,6.44,3. Liga,Goles (Over/Under),2025-02-14,tipico_de:2.1000; nordicbet:2.0500; betsson:2.0500; coolbet:2.0300,2-0,2.0,Sí
FC Winterthur vs BSC Young Boys,2025-02-15 14:30:00,Over 3.0,1.88,1.8771,7.05344214424665e-06,7.0,0.0037557113858352,0.0025159591429424,8.292985746709549e-07,7.0,0.0012849981552298,0.0011610059884688,pinnacle,7.0,0.0029,0.0045,6.67,Super League Switzerland,Goles (Over/Under),2025-02-14,pinnacle:1.8800; betus:1.8800; betonlineag:1.8800; lowvig:1.8800; betanysports:1.8800; coolbet:1.8700; bovada:1.8700,1-0,1.0,No
FC Winterthur vs BSC Young Boys,2025-02-15 14:30:00,Under 3.0,1.95,1.9343,7.05344214424665e-06,7.0,0.0037557113858352,0.0025159591429424,2.6838563968740705e-05,7.0,0.0073175344627696,0.0050490962732147,pinnacle,7.0,0.0157,0.0266,4.76,Super League Switzerland,Goles (Over/Under),2025-02-14,pinnacle:1.9500; coolbet:1.9500; bovada:1.9500; betonlineag:1.9400; lowvig:1.9400; betanysports:1.9400; betus:1.8700,1-0,1.0,Sí
Silkeborg IF vs Vejle Boldklub,2025-02-16 08:00:00,Over 2.75,1.95,1.9267,6.9944238611711154e-06,6.0,0.0037399693207086,0.0025534050792372,2.7306272486142227e-05,6.0,0.007380918796862,0.0052084233736168,bovada,6.0,0.0233,0.0269,4.76,Superliga Denmark,Goles (Over/Under),2025-02-14,bovada:1.9500; pinnacle:1.9500; lowvig:1.9300; betonlineag:1.9300; betanysports:1.9300; betus:1.8700,0-1,1.0,No
Silkeborg IF vs Vejle Boldklub,2025-02-16 08:00:00,Under 2.75,1.88,1.8783,6.9944238611711154e-06,6.0,0.0037399693207086,0.0025534050792372,5.6438359989526e-07,6.0,0.0010600693942711,0.0007901290754857,pinnacle,6.0,0.0017,0.0037,6.67,Superliga Denmark,Goles (Over/Under),2025-02-14,pinnacle:1.8800; betus:1.8800; lowvig:1.8800; betonlineag:1.8800; betanysports:1.8800; bovada:1.8700,0-1,1.0,Sí
Arminia Bielefeld vs Erzgebirge Aue,2025-02-15 08:00:00,Over 2.5,1.7,1.695,6.975958432250739e-06,4.0,0.0037175520688232,0.0032179887460682,1.5650810281644869e-06,4.0,0.0017403411068569,0.0017403411068569,tipico_de,4.0,0.005,0.005,8.08,3. Liga,Goles (Over/Under),2025-02-14,tipico_de:1.7000; coolbet:1.7000; betsson:1.6900; nordicbet:1.6900,2-1,3.0,Sí
Arminia Bielefeld vs Erzgebirge Aue,2025-02-15 08:00:00,Under 2.5,2.1,2.0775,6.975958432250739e-06,4.0,0.0037175520688233,0.0032179887460683,2.127057996838261e-05,4.0,0.0065192000341039,0.0055880296352165,tipico_de,4.0,0.0225,0.0277,6.79,3. Liga,Goles (Over/Under),2025-02-14,tipico_de:2.1000; betsson:2.0900; nordicbet:2.0900; coolbet:2.0300,2-1,3.0,No
Wimbledon vs Salford City,2025-02-15 07:30:00,Over 2.5,2.4,2.294,6.727377229821128e-06,10.0,0.0036016511901248,0.0025961015547857,2.766732440515588e-05,10.0,0.0073656358963003,0.0048881261123823,matchbook,10.0,0.106,0.0398,6.18,League Two,Goles (Over/Under),2025-02-14,matchbook:2.4000; onexbet:2.3000; williamhill:2.3000; nordicbet:2.3000; betsson:2.3000; betrivers:2.2800; unibet_eu:2.2800; unibet:2.2800; playup:2.2500; tipico_de:2.2500,1-0,1.0,No
Wimbledon vs Salford City,2025-02-15 07:30:00,Under 2.5,1.6,1.577,6.727377229821128e-06,10.0,0.0036016511901249,0.0025961015547858,2.451522172843231e-05,10.0,0.0067441869835023,0.0060324895067144,nordicbet,10.0,0.023,0.0168,6.94,League Two,Goles (Over/Under),2025-02-14,nordicbet:1.6000; betsson:1.6000; onexbet:1.5900; matchbook:1.5900; playup:1.5800; williamhill:1.5700; unibet:1.5700; betrivers:1.5600; unibet_eu:1.5600; tipico_de:1.5500,1-0,1.0,Sí
1. FC Kaiserslautern vs Hannover 96,2025-02-15 07:00:00,Over 2.75,1.89,1.88,6.400941617229575e-06,4.0,0.0035772100910654,0.0030622726478561,2.009641547139551e-06,4.0,0.0020007123978522,0.0014184698164672,bovada,4.0,0.01,0.0071,4.72,Bundesliga 2,Goles (Over/Under),2025-02-14,bovada:1.8900; lowvig:1.8800; betonlineag:1.8800; pinnacle:1.8700,0-0,0.0,No
1. FC Kaiserslautern vs Hannover 96,2025-02-15 07:00:00,Under 2.75,1.98,1.9425,6.400941617229575e-06,4.0,0.0035772100910654,0.0030622726478562,1.6059026905757614e-05,4.0,0.0056656291135738,0.0049065787407756,pinnacle,4.0,0.0375,0.0217,3.98,Bundesliga 2,Goles (Over/Under),2025-02-14,pinnacle:1.9800; bovada:1.9300; lowvig:1.9300; betonlineag:1.9300,0-0,0.0,Sí
Bari vs Cremonese,2025-02-15 11:15:00,Over 2.25,1.94,1.922,6.305128922728313e-06,5.0,0.0035509581063482,0.0033507853403141,2.6589855810168343e-05,5.0,0.0072826320320566,0.0057472134441376,lowvig,5.0,0.018,0.0264,5.02,Serie B,Goles (Over/Under),2025-02-14,lowvig:1.9400; betonlineag:1.9400; pinnacle:1.9300; bovada:1.9300; betus:1.8700,1-1,2.0,No
Bari vs Cremonese,2025-02-15 11:15:00,Under 2.25,1.93,1.89,6.305128922728313e-06,5.0,0.0035509581063483,0.0033507853403141,1.6855258154102675e-05,5.0,0.0057981379339418,0.0044378046933053,pinnacle,5.0,0.04,0.021,5.29,Serie B,Goles (Over/Under),2025-02-14,pinnacle:1.9300; bovada:1.8900; lowvig:1.8800; betonlineag:1.8800; betus:1.8700,1-1,2.0,Sí
Atalanta BC vs Cagliari,2025-02-15 09:00:00,Over 3.0,2.03,2.0017,6.067614741520175e-06,6.0,0.0034813144765469,0.0025723094558798,1.5207268906195766e-05,6.0,0.0055146818045984,0.0038759329838683,pinnacle,6.0,0.0283,0.0219,3.91,Serie A,Goles (Over/Under),2025-02-14,pinnacle:2.0300; coolbet:2.0200; bovada:2.0000; betonlineag:2.0000; lowvig:2.0000; betus:1.9600,1-0,1.0,No
Atalanta BC vs Cagliari,2025-02-15 09:00:00,Under 3.0,1.86,1.8417,6.067614741520175e-06,6.0,0.0034813144765469,0.0025723094558798,7.845061463313075e-06,6.0,0.003947032764327,0.0035872098617827,pinnacle,6.0,0.0183,0.0134,4.78,Serie A,Goles (Over/Under),2025-02-14,pinnacle:1.8600; betus:1.8600; coolbet:1.8400; bovada:1.8300; betonlineag:1.8300; lowvig:1.8300,1-0,1.0,Sí
FC Schalke 04 vs Karlsruher SC,2025-02-16 07:30:00,Over 2.5,1.59,1.5671,6.058966877911856e-06,7.0,0.0034128865573239,0.0026226849303209,1.992810891086794e-05,7.0,0.0060632837143235,0.0048336752900788,onexbet,7.0,0.0229,0.0148,6.37,Bundesliga 2,Goles (Over/Under),2025-02-14,onexbet:1.5900; playup:1.5800; tipico_de:1.5700; williamhill:1.5700; betsson:1.5600; nordicbet:1.5600; betrivers:1.5400,2-1,3.0,Sí
FC Schalke 04 vs Karlsruher SC,2025-02-16 07:30:00,Under 2.5,2.35,2.3271,6.058966877911856e-06,7.0,0.0034128865573239,0.0026226849303209,7.82036148329214e-06,7.0,0.0039157331154164,0.0036130436735605,tipico_de,7.0,0.0229,0.0212,7.49,Bundesliga 2,Goles (Over/Under),2025-02-14,tipico_de:2.3500; onexbet:2.3500; betrivers:2.3500; betsson:2.3200; nordicbet:2.3200; williamhill:2.3000; playup:2.3000,2-1,3.0,No
Moreirense FC vs Casa Pia,2025-02-15 10:30:00,Over 2.0,1.92,1.9033,6.015011591969032e-06,6.0,0.0034683683784913,0.0026339661523326,1.1231818120245758e-05,6.0,0.0047321725004192,0.0036940101908979,pinnacle,6.0,0.0167,0.017,5.56,Liga Portugal,Goles (Over/Under),2025-02-14,pinnacle:1.9200; betus:1.9200; bovada:1.9100; betonlineag:1.9000; lowvig:1.9000; coolbet:1.8700,1-2,3.0,Sí
Moreirense FC vs Casa Pia,2025-02-15 10:30:00,Under 2.0,1.93,1.9083,6.015011591969032e-06,6.0,0.0034683683784913,0.0026339661523326,1.468860718919783e-05,6.0,0.0054121071168364,0.0043098560453612,pinnacle,6.0,0.0217,0.0195,5.29,Liga Portugal,Goles (Over/Under),2025-02-14,pinnacle:1.9300; betonlineag:1.9200; lowvig:1.9200; bovada:1.9100; coolbet:1.9000; betus:1.8700,1-2,3.0,No
Defensa y Justicia vs Barracas Central,2025-02-15 15:00:00,Over 2.5,2.5,2.478,5.993874991014336e-06,5.0,0.0033584851098751,0.0032680942512856,2.8041715603856992e-05,5.0,0.0073640167364016,0.0058912133891213,nordicbet,5.0,0.022,0.044,7.57,Liga Profesional,Goles (Over/Under),2025-02-14,nordicbet:2.5000; betrivers:2.5000; unibet:2.5000; playup:2.5000; onexbet:2.3900,1-1,2.0,No
Defensa y Justicia vs Barracas Central,2025-02-15 15:00:00,Under 2.5,1.54,1.504,5.993874991014336e-06,5.0,0.0033584851098751,0.0032680942512855,4.100737776728614e-05,5.0,0.0085697773787943,0.0062618462618462,nordicbet,5.0,0.036,0.0196,6.78,Liga Profesional,Goles (Over/Under),2025-02-14,nordicbet:1.5400; betrivers:1.5000; unibet:1.5000; playup:1.5000; onexbet:1.4800,1-1,2.0,Sí
Nacional vs Estoril,2025-02-15 10:30:00,Over 2.25,1.92,1.91,5.890519436095154e-06,5.0,0.0034322842129453,0.0026335622133878,3.012473319613712e-06,5.0,0.0024518356435259,0.0021952787728483,pinnacle,5.0,0.01,0.0089,5.56,Liga Portugal,Goles (Over/Under),2025-02-14,pinnacle:1.9200; betus:1.9200; bovada:1.9100; betonlineag:1.9000; lowvig:1.9000,2-3,5.0,Sí
Nacional vs Estoril,2025-02-15 10:30:00,Under 2.25,1.93,1.91,5.890519436095154e-06,5.0,0.0034322842129453,0.0026335622133878,1.7021854116736395e-05,5.0,0.0058259447936325,0.0044540673630738,pinnacle,5.0,0.02,0.021,4.45,Liga Portugal,Goles (Over/Under),2025-02-14,pinnacle:1.9300; betonlineag:1.9200; lowvig:1.9200; bovada:1.9100; betus:1.8700,2-3,5.0,No
Monza vs Lecce,2025-02-16 09:00:00,Over 2.5,2.42,2.3011,5.848539937396894e-06,9.0,0.003369435575883,0.0028959477981879,4.4274421496452585e-05,9.0,0.0093138190128148,0.0068444882025287,matchbook,9.0,0.1189,0.0507,3.82,Serie A,Goles (Over/Under),2025-02-14,matchbook:2.4200; onexbet:2.3500; betsson:2.3000; nordicbet:2.3000; unibet_eu:2.2800; betrivers:2.2800; playup:2.2800; tipico_de:2.2500; williamhill:2.2500,0-0,0.0,No
Monza vs Lecce,2025-02-16 09:00:00,Under 2.5,1.69,1.6267,5.848539937396894e-06,9.0,0.003369435575883,0.0028959477981879,6.565339441687152e-05,9.0,0.0111821315421594,0.0087566173864612,onexbet,9.0,0.0633,0.0302,3.62,Serie A,Goles (Over/Under),2025-02-14,onexbet:1.6900; matchbook:1.6700; betsson:1.6200; nordicbet:1.6200; tipico_de:1.6200; williamhill:1.6200; unibet_eu:1.6000; betrivers:1.6000; playup:1.6000,0-0,0.0,Sí
FC Lugano vs FC Luzern,2025-02-15 12:00:00,Over 2.75,1.89,1.8833,5.798432320582234e-06,6.0,0.0034050974142381,0.002100240439748,3.5726404682490456e-06,6.0,0.0026675976617209,0.0025150351947736,bovada,6.0,0.0067,0.0094,6.39,Super League Switzerland,Goles (Over/Under),2025-02-14,bovada:1.8900; betonlineag:1.8900; lowvig:1.8900; betanysports:1.8900; pinnacle:1.8700; betus:1.8700,2-0,2.0,No
FC Lugano vs FC Luzern,2025-02-15 12:00:00,Under 2.75,1.96,1.925,5.798432320582234e-06,6.0,0.0034050974142381,0.0021002404397479,2.728821677079932e-05,6.0,0.0073787541296335,0.005058547205976,pinnacle,6.0,0.035,0.0269,4.5,Super League Switzerland,Goles (Over/Under),2025-02-14,pinnacle:1.9600; bovada:1.9300; betonlineag:1.9300; lowvig:1.9300; betanysports:1.9300; betus:1.8700,2-0,2.0,Sí
Jeonbuk Hyundai Motors vs Sangju Sangmu FC,2025-02-16 02:30:00,Over 2.5,2.05,1.985,5.783226909762684e-06,12.0,0.0033950270653827,0.0025987013329416,3.230026157701606e-05,12.0,0.0080365220453601,0.0067644771967437,pinnacle,12.0,0.065,0.0318,6.58,K League 1,Goles (Over/Under),2025-02-14,pinnacle:2.0500; onexbet:2.0200; nordicbet:2.0000; betsson:2.0000; williamhill:2.0000; playup:2.0000; coolbet:1.9800; unibet:1.9700; betrivers:1.9600; unibet_eu:1.9600; betmgm:1.9500; tipico_de:1.9300,0-1,1.0,No
Jeonbuk Hyundai Motors vs Sangju Sangmu FC,2025-02-16 02:30:00,Under 2.5,1.8,1.7558,5.783226909762684e-06,12.0,0.0033950270653827,0.0025987013329416,3.545753929224571e-05,12.0,0.0083445768489072,0.0070222891226683,pinnacle,12.0,0.0442,0.026,7.37,K League 1,Goles (Over/Under),2025-02-14,pinnacle:1.8000; coolbet:1.8000; onexbet:1.7900; nordicbet:1.7600; betsson:1.7600; tipico_de:1.7500; playup:1.7500; betmgm:1.7400; unibet:1.7300; betrivers:1.7300; unibet_eu:1.7300; williamhill:1.7300,0-1,1.0,Sí
Wehen Wiesbaden vs Rot-Weiss Essen,2025-02-15 08:00:00,Over 2.5,1.75,1.7175,5.613612291967001e-06,4.0,0.0033378872905471,0.0028821215236482,2.126798724483151e-05,4.0,0.0064394912996326,0.0054425278883483,tipico_de,4.0,0.0325,0.0192,6.4,3. Liga,Goles (Over/Under),2025-02-14,tipico_de:1.7500; betsson:1.7100; nordicbet:1.7100; coolbet:1.7000,1-3,4.0,Sí
Wehen Wiesbaden vs Rot-Weiss Essen,2025-02-15 08:00:00,Under 2.5,2.07,2.055,5.613612291967001e-06,4.0,0.0033378872905471,0.0028821215236482,7.778338587484133e-06,4.0,0.0039429392399185,0.0035580351519942,betsson,4.0,0.015,0.0166,7.13,3. Liga,Goles (Over/Under),2025-02-14,betsson:2.0700; nordicbet:2.0700; tipico_de:2.0500; coolbet:2.0300,1-3,4.0,No
West Ham United vs Brentford,2025-02-15 10:00:00,Over 3.0,1.98,1.96,5.441135348617154e-06,6.0,0.0032982447969338,0.0029955020913854,1.7130161261696356e-05,6.0,0.0058515127457279,0.0052425848132731,pinnacle,6.0,0.02,0.0224,3.7,Premier League,Goles (Over/Under),2025-02-14,pinnacle:1.9800; lowvig:1.9800; betonlineag:1.9800; coolbet:1.9600; bovada:1.9300; betus:1.9300,0-1,1.0,No
West Ham United vs Brentford,2025-02-15 10:00:00,Under 3.0,1.91,1.8933,5.441135348617154e-06,6.0,0.0032982447969338,0.0029955020913854,6.041590628879912e-06,6.0,0.003470775413084,0.0030877786376406,pinnacle,6.0,0.0167,0.0125,4.17,Premier League,Goles (Over/Under),2025-02-14,pinnacle:1.9100; coolbet:1.9100; bovada:1.8900; betus:1.8900; lowvig:1.8800; betonlineag:1.8800,0-1,1.0,Sí
Gwangju FC vs Suwon FC,2025-02-15 02:30:00,Over 2.5,2.16,2.1025,5.362015732456975e-06,12.0,0.0032532404806805,0.0027058205979373,3.313040230079636e-05,12.0,0.0081324444044221,0.0055798547369477,onexbet,12.0,0.0575,0.0354,8.8,K League 1,Goles (Over/Under),2025-02-14,onexbet:2.1600; nordicbet:2.1300; betsson:2.1300; coolbet:2.1200; playup:2.1200; unibet:2.1000; betrivers:2.1000; unibet_eu:2.1000; williamhill:2.1000; betmgm:2.1000; tipico_de:2.0500; matchbook:2.0200,0-0,0.0,No
Gwangju FC vs Suwon FC,2025-02-15 02:30:00,Under 2.5,1.7,1.6583,5.362015732456975e-06,12.0,0.0032532404806805,0.0027058205979372,4.675904706235592e-05,12.0,0.0094494144665963,0.0074199322934893,coolbet,12.0,0.0417,0.0258,8.33,K League 1,Goles (Over/Under),2025-02-14,coolbet:1.7000; onexbet:1.6900; playup:1.6800; tipico_de:1.6700; williamhill:1.6700; nordicbet:1.6600; betsson:1.6600; betmgm:1.6500; unibet:1.6400; betrivers:1.6400; unibet_eu:1.6400; matchbook:1.6000,0-0,0.0,Sí
Racing Club vs Argentinos Juniors,2025-02-15 19:30:00,Over 2.25,1.91,1.8933,5.285812383479743e-06,6.0,0.0032513246256997,0.0029140178191389,7.356957906988207e-06,6.0,0.0038298565110401,0.0037180787548686,betsson,6.0,0.0167,0.0137,4.99,Liga Profesional,Goles (Over/Under),2025-02-14,betsson:1.9100; bovada:1.9100; pinnacle:1.9000; lowvig:1.8800; betonlineag:1.8800; betanysports:1.8800,2-3,5.0,Sí
Racing Club vs Argentinos Juniors,2025-02-15 19:30:00,Under 2.25,1.93,1.9217,5.285812383479743e-06,6.0,0.0032513246256997,0.0029140178191389,5.4696790031896e-06,6.0,0.0033042779331776,0.0030236819657676,pinnacle,6.0,0.0083,0.0121,5.0,Liga Profesional,Goles (Over/Under),2025-02-14,pinnacle:1.9300; lowvig:1.9300; betonlineag:1.9300; betanysports:1.9300; bovada:1.9100; betsson:1.9000,2-3,5.0,No
Monza vs Lecce,2025-02-16 09:00:00,Over 2.25,2.07,2.0325,5.196731181585773e-06,4.0,0.003219456450635,0.0026851578713931,1.801669624143972e-05,4.0,0.0060016233453422,0.0044932890697508,pinnacle,4.0,0.0375,0.0249,3.56,Serie A,Goles (Over/Under),2025-02-14,pinnacle:2.0700; lowvig:2.0300; betonlineag:2.0300; bovada:2.0000,0-0,0.0,No
Monza vs Lecce,2025-02-16 09:00:00,Under 2.25,1.83,1.82,5.196731181585773e-06,4.0,0.003219456450635,0.0026851578713931,4.602431509592795e-06,4.0,0.0030190502068049,0.0030190502068049,bovada,4.0,0.01,0.01,4.64,Serie A,Goles (Over/Under),2025-02-14,bovada:1.8300; pinnacle:1.8300; lowvig:1.8100; betonlineag:1.8100,0-0,0.0,Sí
Hannover 96 vs VfL Osnabrück,2025-02-15 08:00:00,Over 2.75,1.86,1.83,5.159422388054067e-06,4.0,0.0032097872787772,0.0028124999999999,2.025379855766761e-05,4.0,0.0063365079519427,0.004517010400141,pinnacle,4.0,0.03,0.0212,5.05,3. Liga,Goles (Over/Under),2025-02-14,pinnacle:1.8600; betonlineag:1.8300; lowvig:1.8300; bovada:1.8000,1-5,6.0,Sí
Hannover 96 vs VfL Osnabrück,2025-02-15 08:00:00,Under 2.75,2.01,1.9875,5.159422388054067e-06,4.0,0.0032097872787772,0.0028124999999999,2.008735172612677e-05,4.0,0.0063378439608795,0.0057115355622818,betonlineag,4.0,0.0225,0.0249,5.31,3. Liga,Goles (Over/Under),2025-02-14,betonlineag:2.0100; lowvig:2.0100; pinnacle:1.9800; bovada:1.9500,1-5,6.0,No
FC Ingolstadt 04 vs VfB Stuttgart II,2025-02-15 08:00:00,Over 2.75,1.84,1.81,5.127622037651978e-06,4.0,0.0031984510313985,0.0026734264184397,2.1215761190233565e-05,4.0,0.0064773633035795,0.0046178277333491,pinnacle,4.0,0.03,0.0212,4.85,3. Liga,Goles (Over/Under),2025-02-14,pinnacle:1.8400; betonlineag:1.8100; lowvig:1.8100; bovada:1.7800,1-1,2.0,No
FC Ingolstadt 04 vs VfB Stuttgart II,2025-02-15 08:00:00,Under 2.75,2.03,2.01,5.127622037651978e-06,4.0,0.0031984510313986,0.0026734264184397,1.3881914587878724e-05,4.0,0.0052689996001738,0.0049572075434144,betonlineag,4.0,0.02,0.0212,5.44,3. Liga,Goles (Over/Under),2025-02-14,betonlineag:2.0300; lowvig:2.0300; pinnacle:2.0000; bovada:1.9800,1-1,2.0,Sí
Espanyol vs Athletic Bilbao,2025-02-16 08:00:00,Over 2.25,2.11,2.065,4.85080606029434e-06,4.0,0.0031066112069857,0.002690404224931,1.8065887674250342e-05,4.0,0.0060064182437945,0.0052017107848803,pinnacle,4.0,0.045,0.026,2.95,La Liga,Goles (Over/Under),2025-02-14,pinnacle:2.1100; bovada:2.0500; lowvig:2.0500; betonlineag:2.0500,1-1,2.0,No
Espanyol vs Athletic Bilbao,2025-02-16 08:00:00,Under 2.25,1.8,1.8,4.85080606029434e-06,4.0,0.0031066112069856,0.002690404224931,0.0,4.0,0.0,0.0,bovada,4.0,0.0,0.0,4.34,La Liga,Goles (Over/Under),2025-02-14,bovada:1.8000; pinnacle:1.8000; lowvig:1.8000; betonlineag:1.8000,1-1,2.0,Sí
Atlético Madrid vs Celta Vigo,2025-02-15 12:30:00,Over 2.75,2.05,2.0075,4.804797716714154e-06,4.0,0.0030971407704788,0.0023892013121778,2.0186405143076663e-05,4.0,0.0063534874873135,0.0052044838630204,pinnacle,4.0,0.0425,0.0259,3.43,La Liga,Goles (Over/Under),2025-02-14,pinnacle:2.0500; betonlineag:2.0000; lowvig:2.0000; betus:1.9800,1-1,2.0,No
Atlético Madrid vs Celta Vigo,2025-02-15 12:30:00,Under 2.75,1.85,1.84,4.804797716714154e-06,4.0,0.0030971407704788,0.0023892013121778,4.395697227128383e-06,4.0,0.0029537734455767,0.0029537734455767,pinnacle,4.0,0.01,0.01,4.56,La Liga,Goles (Over/Under),2025-02-14,pinnacle:1.8500; betus:1.8500; betonlineag:1.8300; lowvig:1.8300,1-1,2.0,Sí
Harrogate Town vs Swindon Town,2025-02-15 10:00:00,Over 2.25,1.88,1.858,4.718963282485046e-06,5.0,0.0030716307757629,0.0025682190160038,1.5891565122341844e-05,5.0,0.0056207928438927,0.0050855180258737,lowvig,5.0,0.022,0.0194,6.38,League Two,Goles (Over/Under),2025-02-14,lowvig:1.8800; betonlineag:1.8800; pinnacle:1.8500; betus:1.8500; bovada:1.8300,1-0,1.0,No
Harrogate Town vs Swindon Town,2025-02-15 10:00:00,Under 2.25,1.95,1.924,4.718963282485046e-06,5.0,0.0030716307757629,0.0025682190160038,2.477384889104663e-05,5.0,0.0070315901464435,0.0063142890703357,pinnacle,5.0,0.026,0.0258,5.93,League Two,Goles (Over/Under),2025-02-14,pinnacle:1.9500; lowvig:1.9400; betonlineag:1.9400; bovada:1.9100; betus:1.8800,1-0,1.0,Sí
Atlas vs Puebla,2025-02-15 18:00:00,Over 2.5,2.07,2.0414,4.652193745029654e-06,7.0,0.0030414200929596,0.0022557484921522,1.1246757757058412e-05,7.0,0.0047419676843558,0.0031411645605573,coolbet,7.0,0.0286,0.0196,6.45,Liga MX,Goles (Over/Under),2025-02-14,coolbet:2.0700; betsson:2.0500; nordicbet:2.0500; betrivers:2.0400; unibet_eu:2.0400; unibet:2.0400; williamhill:2.0000,3-2,5.0,Sí
Atlas vs Puebla,2025-02-15 18:00:00,Under 2.5,1.76,1.7386,4.652193745029654e-06,7.0,0.0030414200929596,0.0022557484921522,1.513776146155223e-05,7.0,0.005438799132722,0.0052792485160781,coolbet,7.0,0.0214,0.0164,6.82,Liga MX,Goles (Over/Under),2025-02-14,coolbet:1.7600; williamhill:1.7500; betsson:1.7500; nordicbet:1.7500; betrivers:1.7200; unibet_eu:1.7200; unibet:1.7200,3-2,5.0,No
Union Berlin vs Borussia Monchengladbach,2025-02-15 09:30:00,Over 2.75,1.98,1.965,4.032339529948974e-06,4.0,0.0028387569066499,0.0024577689240782,7.549171699905357e-06,4.0,0.0038850038850039,0.0038850038850039,bovada,4.0,0.015,0.015,4.56,Bundesliga,Goles (Over/Under),2025-02-14,bovada:1.9800; pinnacle:1.9800; betonlineag:1.9500; lowvig:1.9500,1-2,3.0,Sí
Union Berlin vs Borussia Monchengladbach,2025-02-15 09:30:00,Under 2.75,1.9,1.8725,4.032339529948974e-06,4.0,0.0028387569066499,0.0024577689240781,1.2925421527337237e-05,4.0,0.0050730623643452,0.0038889860871285,pinnacle,4.0,0.0275,0.0179,3.91,Bundesliga,Goles (Over/Under),2025-02-14,pinnacle:1.9000; betonlineag:1.8700; lowvig:1.8700; bovada:1.8500,1-2,3.0,No
Waldhof Mannheim vs Hansa Rostock,2025-02-15 08:00:00,Over 2.5,1.9,1.8575,3.7451880642134727e-06,8.0,0.0027364134405127,0.0021441946120539,2.708047670729456e-05,8.0,0.007337798752182,0.006307277874155,pinnacle,8.0,0.0425,0.0254,5.82,3. Liga,Goles (Over/Under),2025-02-14,pinnacle:1.9000; betonlineag:1.8800; lowvig:1.8800; nordicbet:1.8500; betsson:1.8500; bovada:1.8500; tipico_de:1.8300; coolbet:1.8200,5-0,5.0,Sí
Waldhof Mannheim vs Hansa Rostock,2025-02-15 08:00:00,Under 2.5,1.94,1.9112,3.7451880642134727e-06,8.0,0.0027364134405127,0.0021441946120539,2.200674483457819e-05,8.0,0.0066268723464076,0.006502401976906,betonlineag,8.0,0.0288,0.0242,6.49,3. Liga,Goles (Over/Under),2025-02-14,betonlineag:1.9400; lowvig:1.9400; pinnacle:1.9300; tipico_de:1.9300; nordicbet:1.8900; betsson:1.8900; bovada:1.8900; coolbet:1.8800,5-0,5.0,No
Besiktas JK vs Trabzonspor,2025-02-15 11:00:00,Over 2.5,1.64,1.584,3.739620077803274e-06,5.0,0.0026825035637295,0.0025927830511449,7.40362880842141e-05,5.0,0.0117730899072357,0.0087121888038432,onexbet,5.0,0.056,0.0301,4.08,Süper Lig,Goles (Over/Under),2025-02-14,onexbet:1.6400; betsson:1.5800; nordicbet:1.5800; tipico_de:1.5700; betrivers:1.5500,2-0,2.0,No
Besiktas JK vs Trabzonspor,2025-02-15 11:00:00,Under 2.5,2.4,2.344,3.739620077803274e-06,5.0,0.0026825035637296,0.0025927830511449,1.4925136359968083e-05,5.0,0.0053996334823072,0.0044729028052862,onexbet,5.0,0.056,0.0301,6.18,Süper Lig,Goles (Over/Under),2025-02-14,onexbet:2.4000; tipico_de:2.3500; betrivers:2.3300; betsson:2.3200; nordicbet:2.3200,2-0,2.0,Sí
Leganés vs Alavés,2025-02-15 08:00:00,Over 2.0,2.11,2.08,3.645127367823181e-06,4.0,0.0026931821275283,0.0023228644967172,1.2045204763673017e-05,4.0,0.004904475003319,0.0034928154148475,pinnacle,4.0,0.03,0.0212,3.57,La Liga,Goles (Over/Under),2025-02-14,pinnacle:2.1100; lowvig:2.0800; betonlineag:2.0800; bovada:2.0500,0-1,1.0,No
Leganés vs Alavés,2025-02-15 08:00:00,Under 2.0,1.81,1.7925,3.645127367823181e-06,4.0,0.0026931821275282,0.0023228644967171,8.258171244490811e-06,4.0,0.0040370282649193,0.0038884405542795,pinnacle,4.0,0.0175,0.013,4.03,La Liga,Goles (Over/Under),2025-02-14,pinnacle:1.8100; bovada:1.8000; lowvig:1.7800; betonlineag:1.7800,0-1,1.0,Sí
FC Schalke 04 vs Karlsruher SC,2025-02-16 07:30:00,Over 3.0,1.94,1.918,3.629019629794846e-06,5.0,0.0026940130554529,0.0025186875325908,7.953589011955981e-06,5.0,0.0039848943270042,0.003686121519093,pinnacle,5.0,0.022,0.0147,5.02,Bundesliga 2,Goles (Over/Under),2025-02-14,pinnacle:1.9400; bovada:1.9300; lowvig:1.9100; betonlineag:1.9100; coolbet:1.9000,2-1,3.0,No
FC Schalke 04 vs Karlsruher SC,2025-02-16 07:30:00,Under 3.0,1.91,1.894,3.629019629794846e-06,5.0,0.0026940130554529,0.0025186875325908,8.782742705813252e-06,5.0,0.0041840991126836,0.0035647661148123,lowvig,5.0,0.016,0.015,4.99,Bundesliga 2,Goles (Over/Under),2025-02-14,lowvig:1.9100; betonlineag:1.9100; pinnacle:1.8900; bovada:1.8900; coolbet:1.8700,2-1,3.0,No
Fulham vs Nottingham Forest,2025-02-15 10:00:00,Over 2.25,1.85,1.835,3.4986101483511543e-06,4.0,0.0026417716920387,0.0025215564023125,3.296769198432736e-06,4.0,0.0025580428408933,0.0022153300841825,pinnacle,4.0,0.015,0.0087,4.05,Premier League,Goles (Over/Under),2025-02-14,pinnacle:1.8500; bovada:1.8300; lowvig:1.8300; betonlineag:1.8300,2-1,3.0,Sí
Fulham vs Nottingham Forest,2025-02-15 10:00:00,Under 2.25,2.05,2.035,3.4986101483511543e-06,4.0,0.0026417716920386,0.0025215564023125,1.2658363668050889e-05,4.0,0.0050311191316734,0.0042742706838832,lowvig,4.0,0.015,0.0206,3.43,Premier League,Goles (Over/Under),2025-02-14,lowvig:2.0500; betonlineag:2.0500; pinnacle:2.0400; bovada:2.0000,2-1,3.0,No
Leyton Orient vs Lincoln City,2025-02-15 10:00:00,Over 2.25,2.05,2.02,3.4690649861139545e-06,5.0,0.0026294316076962,0.0024028737220226,3.28519142624471e-05,5.0,0.0081052828738699,0.007895308899613,betonlineag,5.0,0.03,0.0329,4.96,League One,Goles (Over/Under),2025-02-14,betonlineag:2.0500; lowvig:2.0500; pinnacle:2.0400; bovada:1.9800; betus:1.9800,3-2,5.0,Sí
Leyton Orient vs Lincoln City,2025-02-15 10:00:00,Under 2.25,1.81,1.794,3.4690649861139545e-06,5.0,0.0026294316076963,0.0024028737220227,7.056258676305062e-06,5.0,0.0037315553145057,0.0034873535152882,pinnacle,5.0,0.016,0.012,5.75,League One,Goles (Over/Under),2025-02-14,pinnacle:1.8100; betonlineag:1.8000; lowvig:1.8000; bovada:1.7800; betus:1.7800,3-2,5.0,No
Jahn Regensburg vs Hamburger SV,2025-02-16 07:30:00,Over 2.75,1.89,1.8825,3.391888714851976e-06,4.0,0.0026042380498792,0.0026041666666667,2.760474194776829e-06,4.0,0.002344900985324,0.0021182984261832,betonlineag,4.0,0.0075,0.0083,4.72,Bundesliga 2,Goles (Over/Under),2025-02-14,betonlineag:1.8900; lowvig:1.8900; pinnacle:1.8800; bovada:1.8700,1-1,2.0,No
Jahn Regensburg vs Hamburger SV,2025-02-16 07:30:00,Under 2.75,1.96,1.9425,3.391888714851976e-06,4.0,0.0026042380498791,0.0026041666666666,5.91496013927341e-06,4.0,0.0034379962765106,0.0033112088996619,pinnacle,4.0,0.0175,0.013,4.5,Bundesliga 2,Goles (Over/Under),2025-02-14,pinnacle:1.9600; bovada:1.9500; betonlineag:1.9300; lowvig:1.9300,1-1,2.0,Sí
Western United FC vs Auckland FC,2025-02-15 02:00:00,Over 2.75,1.93,1.898,3.289499536419265e-06,5.0,0.0025649107254273,0.0025130890052355,1.5988570963422727e-05,5.0,0.0056468356618965,0.0048668847703748,pinnacle,5.0,0.032,0.0204,5.29,A-League,Goles (Over/Under),2025-02-14,pinnacle:1.9300; bovada:1.9100; lowvig:1.8900; betonlineag:1.8900; betus:1.8700,0-2,2.0,No
Western United FC vs Auckland FC,2025-02-15 02:00:00,Under 2.75,1.93,1.914,3.289499536419265e-06,5.0,0.0025649107254274,0.0025130890052356,2.091674617353982e-05,5.0,0.0064586846789102,0.0052920330386496,pinnacle,5.0,0.016,0.0233,5.29,A-League,Goles (Over/Under),2025-02-14,pinnacle:1.9300; lowvig:1.9300; betonlineag:1.9300; bovada:1.9100; betus:1.8700,0-2,2.0,Sí
Girona vs Getafe,2025-02-14 15:00:00,Over 1.5,1.59,1.535,2.7411933314313284e-06,4.0,0.0022701035669373,0.0021230569639839,0.0001073056999166,4.0,0.0140034023478703,0.0114204652400516,onexbet,4.0,0.055,0.0335,2.89,La Liga,Goles (Over/Under),2025-02-14,onexbet:1.5900; nordicbet:1.5300; playup:1.5200; betrivers:1.5000,1-2,3.0,Sí
Girona vs Getafe,2025-02-14 15:00:00,Under 1.5,2.59,2.535,2.7411933314313284e-06,4.0,0.0022701035669373,0.0021230569639839,1.7878672280531056e-05,4.0,0.0058422440383762,0.0054356877886289,onexbet,4.0,0.055,0.0377,5.28,La Liga,Goles (Over/Under),2025-02-14,onexbet:2.5900; nordicbet:2.5500; betrivers:2.5000; playup:2.5000,1-2,3.0,No
1. FC Nürnberg vs SSV Ulm 1846,2025-02-16 07:30:00,Over 2.75,1.92,1.9075,2.5699196632245302e-06,4.0,0.0022670822088597,0.0019633507853403,4.5306635497940895e-06,4.0,0.0030063320312734,0.0024184793900108,pinnacle,4.0,0.0125,0.0109,4.44,Bundesliga 2,Goles (Over/Under),2025-02-14,pinnacle:1.9200; lowvig:1.9100; betonlineag:1.9100; bovada:1.8900,0-1,1.0,No
1. FC Nürnberg vs SSV Ulm 1846,2025-02-16 07:30:00,Under 2.75,1.93,1.9175,2.5699196632245302e-06,4.0,0.0022670822088598,0.0019633507853403,2.5365537626074355e-06,4.0,0.0022503642222856,0.0020380926222318,bovada,4.0,0.0125,0.0083,4.72,Bundesliga 2,Goles (Over/Under),2025-02-14,bovada:1.9300; pinnacle:1.9200; lowvig:1.9100; betonlineag:1.9100,0-1,1.0,Si
Eintracht Braunschweig vs SV Darmstadt 98,2025-02-15 07:00:00,Over 2.75,1.94,1.9275,2.561065744527516e-06,4.0,0.0022631736823014,0.0019599421902268,4.340890736273507e-06,4.0,0.002944149282957,0.002368410086833,pinnacle,4.0,0.0125,0.0109,4.46,Bundesliga 2,Goles (Over/Under),2025-02-14,pinnacle:1.9400; lowvig:1.9300; betonlineag:1.9300; bovada:1.9100,3-0,3.0,Si
Eintracht Braunschweig vs SV Darmstadt 98,2025-02-15 07:00:00,Under 2.75,1.91,1.8975,2.561065744527516e-06,4.0,0.0022631736823014,0.0019599421902268,2.6478456852642047e-06,4.0,0.0022980026003958,0.0020812648258226,bovada,4.0,0.0125,0.0083,4.71,Bundesliga 2,Goles (Over/Under),2025-02-14,bovada:1.9100; pinnacle:1.9000; lowvig:1.8900; betonlineag:1.8900,3-0,3.0,No
Lazio vs Napoli,2025-02-15 12:00:00,Over 2.25,1.9,1.8675,2.0005808589077065e-06,4.0,0.0019994430890671,0.0016459630319479,1.492316988677486e-05,4.0,0.0054512442762596,0.0046077486654736,pinnacle,4.0,0.0325,0.0192,3.65,Serie A,Goles (Over/Under),2025-02-14,pinnacle:1.9000; lowvig:1.8600; betonlineag:1.8600; bovada:1.8500,2-2,4.0,Sí
Lazio vs Napoli,2025-02-15 12:00:00,Under 2.25,1.99,1.9725,2.0005808589077065e-06,4.0,0.0019994430890671,0.001645963031948,5.5597827024786006e-06,4.0,0.0033342800707652,0.0032112738501826,pinnacle,4.0,0.0175,0.013,4.31,Serie A,Goles (Over/Under),2025-02-14,pinnacle:1.9900; bovada:1.9800; lowvig:1.9600; betonlineag:1.9600,2-2,4.0,No
Leganés vs Alavés,2025-02-15 08:00:00,Over 1.5,1.58,1.5543,1.3349776471128786e-06,7.0,0.0015939949659245,0.0011105611273228,3.448309254005293e-05,7.0,0.0079505841545094,0.0060394233556825,nordicbet,7.0,0.0257,0.0192,4.96,La Liga,Goles (Over/Under),2025-02-14,nordicbet:1.5800; betsson:1.5800; betrivers:1.5500; unibet:1.5500; unibet_eu:1.5500; playup:1.5500; tipico_de:1.5200,0-1,1.0,No
Leganés vs Alavés,2025-02-15 08:00:00,Under 1.5,2.45,2.4143,1.3349776471128786e-06,7.0,0.0015939949659245,0.0011105611273229,7.612090547731424e-06,7.0,0.0038414451654135,0.0034707760655282,nordicbet,7.0,0.0357,0.0226,6.61,La Liga,Goles (Over/Under),2025-02-14,nordicbet:2.4500; betsson:2.4500; tipico_de:2.4000; betrivers:2.4000; unibet:2.4000; unibet_eu:2.4000; playup:2.4000,0-1,1.0,Sí
Elversberg vs Greuther Fürth,2025-02-15 07:00:00,Over 3.5,2.38,2.352,1.3244475217824114e-06,5.0,0.0015933389259804,0.0014409149833314,3.5619252411740624e-06,5.0,0.0026377434878647,0.002007393246442,onexbet,5.0,0.028,0.0147,6.95,Bundesliga 2,Goles (Over/Under),2025-02-14,onexbet:2.3800; betrivers:2.3500; playup:2.3500; betsson:2.3400; nordicbet:2.3400,2-0,2.0,No
Elversberg vs Greuther Fürth,2025-02-15 07:00:00,Under 3.5,1.58,1.558,1.3244475217824114e-06,5.0,0.0015933389259804,0.0014409149833314,1.6130899310086303e-05,5.0,0.0054492593102887,0.0042888376085599,onexbet,5.0,0.022,0.0133,6.03,Bundesliga 2,Goles (Over/Under),2025-02-14,onexbet:1.5800; betsson:1.5600; nordicbet:1.5600; playup:1.5500; betrivers:1.5400,2-0,2.0,Sí
Central Córdoba vs Belgrano de Cordoba,2025-02-15 17:15:00,Over 2.0,1.95,1.9383,1.2678313026934034e-06,6.0,0.0015921520556084,0.0014596184361612,2.847478485835633e-06,6.0,0.0023852505412932,0.0022165336518202,bovada,6.0,0.0117,0.009,4.76,Liga Profesional,Goles (Over/Under),2025-02-14,bovada:1.9500; pinnacle:1.9500; betsson:1.9400; lowvig:1.9300; betonlineag:1.9300; betanysports:1.9300,4-0,4.0,Sí
Central Córdoba vs Belgrano de Cordoba,2025-02-15 17:15:00,Under 2.0,1.9,1.88,1.2678313026934034e-06,6.0,0.0015921520556084,0.0014596184361613,3.975799643230554e-06,6.0,0.0028145627542151,0.0018863292033701,pinnacle,6.0,0.02,0.01,4.45,Liga Profesional,Goles (Over/Under),2025-02-14,pinnacle:1.9000; lowvig:1.8800; betonlineag:1.8800; betanysports:1.8800; betsson:1.8700; bovada:1.8700,4-0,4.0,No
Villarreal vs Valencia,2025-02-15 15:00:00,Over 2.75,1.92,1.8875,1.0670144084297056e-06,4.0,0.0014606132406003,0.0011600088830266,1.4284217577911187e-05,4.0,0.0053368886432025,0.0045111431903515,pinnacle,4.0,0.0325,0.0192,3.63,La Liga,Goles (Over/Under),2025-02-14,pinnacle:1.9200; lowvig:1.8800; betonlineag:1.8800; bovada:1.8700,1-1,2.0,No
Villarreal vs Valencia,2025-02-15 15:00:00,Under 2.75,1.97,1.95,1.0670144084297056e-06,4.0,0.0014606132406003,0.0011600088830266,5.137715222773556e-06,4.0,0.0032046494416234,0.002623277258266,pinnacle,4.0,0.02,0.0122,4.24,La Liga,Goles (Over/Under),2025-02-14,pinnacle:1.9700; bovada:1.9500; lowvig:1.9400; betonlineag:1.9400,1-1,2.0,Sí
Independiente Rivadavia vs CA Tigre BA,2025-02-15 17:15:00,Over 1.75,1.78,1.77,6.902669224034624e-07,5.0,0.0011709208769907,0.001139919444613,2.072906842645816e-06,5.0,0.0020188380626517,0.0012811412544796,pinnacle,5.0,0.01,0.0063,4.49,Liga Profesional,Goles (Over/Under),2025-02-14,pinnacle:1.7800; lowvig:1.7700; betonlineag:1.7700; betanysports:1.7700; betsson:1.7600,1-4,5.0,Sí
Independiente Rivadavia vs CA Tigre BA,2025-02-15 17:15:00,Under 1.75,2.1,2.092,6.902669224034624e-07,5.0,0.0011709208769907,0.0011399194446131,3.60263808044536e-06,5.0,0.0026820068769639,0.0022031362992461,lowvig,5.0,0.008,0.0117,4.44,Liga Profesional,Goles (Over/Under),2025-02-14,lowvig:2.1000; betonlineag:2.1000; betanysports:2.1000; pinnacle:2.0900; betsson:2.0700,1-4,5.0,No
Arminia Bielefeld vs Erzgebirge Aue,2025-02-15 08:00:00,Over 2.75,1.93,1.91,6.402499009524576e-07,4.0,0.0011315868411507,0.0009799710951134,2.127664281019232e-05,4.0,0.0065135060992271,0.005559586646717,pinnacle,4.0,0.02,0.0235,5.29,3. Liga,Goles (Over/Under),2025-02-14,pinnacle:1.9300; lowvig:1.9200; betonlineag:1.9200; bovada:1.8700,2-1,3.0,Sí
Arminia Bielefeld vs Erzgebirge Aue,2025-02-15 08:00:00,Under 2.75,1.91,1.895,6.402499009524576e-07,4.0,0.0011315868411507,0.0009799710951134,8.881307708688037e-06,4.0,0.0042071002987738,0.0035107858118572,pinnacle,4.0,0.015,0.015,5.83,3. Liga,Goles (Over/Under),2025-02-14,pinnacle:1.9100; lowvig:1.9000; betonlineag:1.9000; bovada:1.8700,2-1,3.0,No
AaB vs FC Nordsjaelland,2025-02-16 08:00:00,Over 3.5,2.35,2.3375,5.722301618362458e-07,4.0,0.0010498541869741,0.0009939700471731,8.182542823516168e-06,4.0,0.0040056679175968,0.0034690101757631,onexbet,4.0,0.0125,0.0217,7.07,Superliga Denmark,Goles (Over/Under),2025-02-14,onexbet:2.3500; betsson:2.3500; nordicbet:2.3500; playup:2.3000,1-2,3.0,No
AaB vs FC Nordsjaelland,2025-02-16 08:00:00,Under 3.5,1.6,1.585,5.722301618362458e-07,4.0,0.0010498541869741,0.0009939700471731,3.734317553782268e-05,4.0,0.0083189773769891,0.0070691316697099,betsson,4.0,0.015,0.0206,5.98,Superliga Denmark,Goles (Over/Under),2025-02-14,betsson:1.6000; nordicbet:1.6000; onexbet:1.5900; playup:1.5500,1-2,3.0,Sí
Defensa y Justicia vs Barracas Central,2025-02-15 15:00:00,Over 2.0,1.88,1.87,1.823252444143108e-07,6.0,0.000603713631099,0.000568205985199,1.3697021299587888e-06,6.0,0.0016510974966022,0.0009566509021473,pinnacle,6.0,0.01,0.0058,4.47,Liga Profesional,Goles (Over/Under),2025-02-14,pinnacle:1.8800; bovada:1.8700; lowvig:1.8700; betonlineag:1.8700; betanysports:1.8700; betsson:1.8600,1-1,2.0,No
Defensa y Justicia vs Barracas Central,2025-02-15 15:00:00,Under 2.0,1.97,1.9533,1.823252444143108e-07,6.0,0.000603713631099,0.000568205985199,1.883128687412068e-06,6.0,0.0019402733112064,0.0014461943395953,pinnacle,6.0,0.0167,0.0075,4.52,Liga Profesional,Goles (Over/Under),2025-02-14,pinnacle:1.9700; betsson:1.9500; bovada:1.9500; lowvig:1.9500; betonlineag:1.9500; betanysports:1.9500,1-1,2.0,No
FC St. Pauli vs SC Freiburg,2025-02-15 09:30:00,Over 2.25,1.97,1.94,1.5540228541439814e-07,4.0,0.0005574597690086,0.0004804110644798,1.0383524378956502e-05,4.0,0.0045555109217771,0.0039451881854764,pinnacle,4.0,0.03,0.0173,3.95,Bundesliga,Goles (Over/Under),2025-02-14,pinnacle:1.9700; bovada:1.9300; lowvig:1.9300; betonlineag:1.9300,0-1,1.0,No
FC St. Pauli vs SC Freiburg,2025-02-15 09:30:00,Under 2.25,1.92,1.8925,1.5540228541439814e-07,4.0,0.0005574597690087,0.0004804110644799,1.0334826860099615e-05,4.0,0.0045400287565067,0.0038037895418214,pinnacle,4.0,0.0275,0.0164,3.9,Bundesliga,Goles (Over/Under),2025-02-14,pinnacle:1.9200; bovada:1.8900; lowvig:1.8800; betonlineag:1.8800,0-1,1.0,Sí
Bromley FC vs Fleetwood Town,2025-02-15 10:00:00,Over 2.25,1.85,1.838,1.534546015472124e-07,5.0,0.0005537400855441,0.0005362223962842,9.604598561310276e-06,5.0,0.0043649950866347,0.0042768042768042,pinnacle,5.0,0.012,0.0147,5.87,League Two,Goles (Over/Under),2025-02-14,pinnacle:1.8500; lowvig:1.8500; betonlineag:1.8500; bovada:1.8200; betus:1.8200,1-0,1.0,No
Bromley FC vs Fleetwood Town,2025-02-15 10:00:00,Under 2.25,1.97,1.952,1.534546015472124e-07,5.0,0.0005537400855442,0.0005362223962842,1.1646879788487058e-05,5.0,0.0048246391114811,0.0046354619278605,lowvig,5.0,0.018,0.0183,5.71,League Two,Goles (Over/Under),2025-02-14,lowvig:1.9700; betonlineag:1.9700; pinnacle:1.9600; bovada:1.9300; betus:1.9300,1-0,1.0,Sí
Manchester City vs Newcastle United,2025-02-15 10:00:00,Over 3.25,1.92,1.9025,1.4353105073688498e-07,4.0,0.0005357449183988,0.0004633677403499,4.510157848012136e-06,4.0,0.0029996950479749,0.0024040135059871,pinnacle,4.0,0.0175,0.0109,3.9,Premier League,Goles (Over/Under),2025-02-14,pinnacle:1.9200; lowvig:1.9000; betonlineag:1.9000; bovada:1.8900,4-0,4.0,Sí
Manchester City vs Newcastle United,2025-02-15 10:00:00,Under 3.25,1.97,1.95,1.4353105073688498e-07,4.0,0.0005357449183987,0.0004633677403499,6.92274726912096e-06,4.0,0.0037196569095032,0.0026436132798406,pinnacle,4.0,0.02,0.0141,3.67,Premier League,Goles (Over/Under),2025-02-14,pinnacle:1.9700; lowvig:1.9500; betonlineag:1.9500; bovada:1.9300,4-0,4.0,No
