Partido,Fecha_Hora_Colombia,Mercado,Mejor_Cuota,Cuota_Promedio_Mercado,BDI_jsd_fair,BDI_n_bookmakers_fair,BDI_std_p_fair,BDI_mad_p_fair,BDI_jsd,BDI_n_bookmakers,BDI_std_p,BDI_mad_p,Mejor_Casa,Num_Casas,Diferencia_Cuota_Promedio,Volatilidad_Pct,Margen_Casa_Pct,Liga,Tipo_Mercado,Snapshot_Date,Todas_Las_Cuotas,Score,Total_Goles,Acerto
Nashville SC vs New England Revolution,2025-02-22 20:30:00,Over 2.5,1.7,1.6278,0.0002131485741982,9.0,0.0203569506005463,0.0185245891318727,0.0002418229658329,9.0,0.0213852415176479,0.0195042863509343,nordicbet,9.0,0.0722,0.0565,6.44,MLS,Goles (Over/Under),2025-02-21,nordicbet:1.7000; betsson:1.7000; playup:1.6800; onexbet:1.6600; mybookieag:1.6300; williamhill:1.6000; betrivers:1.5600; unibet:1.5600; unibet_eu:1.5600,0-0,0.0,No
Nashville SC vs New England Revolution,2025-02-22 20:30:00,Under 2.5,2.4,2.2489,0.0002131485741982,9.0,0.0203569506005463,0.0185245891318727,0.0002485943962638,9.0,0.0221396658422106,0.0197070555936908,betrivers,9.0,0.1511,0.1136,5.77,MLS,Goles (Over/Under),2025-02-21,betrivers:2.4000; unibet:2.4000; unibet_eu:2.4000; williamhill:2.2500; onexbet:2.2000; mybookieag:2.1900; nordicbet:2.1500; betsson:2.1500; playup:2.1000,0-0,0.0,Sí
Guadalajara vs Pachuca,2025-02-22 20:05:00,Over 2.5,1.91,1.8492,0.0001605934683586,12.0,0.0179050199927056,0.0151400763125277,0.0002734502969639,12.0,0.0232387557942685,0.0198288601822472,williamhill,12.0,0.0608,0.0759,7.0,Liga MX,Goles (Over/Under),2025-02-21,williamhill:1.9100; betsson:1.9000; nordicbet:1.9000; pinnacle:1.9000; betus:1.9000; bovada:1.8900; lowvig:1.8900; betonlineag:1.8900; coolbet:1.8500; unibet_eu:1.7200; betrivers:1.7200; unibet:1.7200,2-1,3.0,Sí
Guadalajara vs Pachuca,2025-02-22 20:05:00,Under 2.5,2.02,1.9317,0.0001605934683586,12.0,0.0179050199927057,0.0151400763125277,0.0001374441422804,12.0,0.0165639557473901,0.0129756037782356,unibet_eu,12.0,0.0883,0.0619,7.64,Liga MX,Goles (Over/Under),2025-02-21,unibet_eu:2.0200; betrivers:2.0200; unibet:2.0200; coolbet:1.9600; bovada:1.9300; pinnacle:1.9300; lowvig:1.9300; betonlineag:1.9300; betsson:1.8700; nordicbet:1.8700; betus:1.8700; williamhill:1.8300,2-1,3.0,No
FC Zurich vs Yverdon Sport FC,2025-02-22 12:00:00,Over 2.5,1.78,1.6975,0.0001444139690785,8.0,0.0168823175413958,0.016141253634241,0.0001953153318904,8.0,0.0194234159447356,0.017819277358828,coolbet,8.0,0.0825,0.0556,6.18,Super League Switzerland,Goles (Over/Under),2025-02-21,coolbet:1.7800; tipico_de:1.7500; nordicbet:1.7200; betsson:1.7200; playup:1.7200; betrivers:1.6300; unibet_eu:1.6300; unibet:1.6300,2-1,3.0,Sí
FC Zurich vs Yverdon Sport FC,2025-02-22 12:00:00,Under 2.5,2.2,2.1,0.0001444139690785,8.0,0.0168823175413958,0.016141253634241,0.0001572856247806,8.0,0.0177074764075541,0.0167336474501108,betrivers,8.0,0.1,0.0791,6.8,Super League Switzerland,Goles (Over/Under),2025-02-21,betrivers:2.2000; unibet_eu:2.2000; unibet:2.2000; nordicbet:2.0500; betsson:2.0500; coolbet:2.0500; tipico_de:2.0500; playup:2.0000,2-1,3.0,No
Racing de Ferrol vs Córdoba,2025-02-22 08:00:00,Over 2.25,2.1,1.9983,0.0001395462546182,6.0,0.0166845516583129,0.014463193587706,0.0002075294557245,6.0,0.020362953773913,0.0167002828067254,betonlineag,6.0,0.1017,0.0809,4.12,La Liga 2,Goles (Over/Under),2025-02-21,betonlineag:2.1000; lowvig:2.1000; bovada:1.9800; betanysports:1.9800; pinnacle:1.9600; betus:1.8700,0-1,1.0,No
Racing de Ferrol vs Córdoba,2025-02-22 08:00:00,Under 2.25,1.89,1.8367,0.0001395462546182,6.0,0.0166845516583129,0.014463193587706,0.0001129969055556,6.0,0.0149610699133304,0.0134005407075086,pinnacle,6.0,0.0533,0.0499,6.39,La Liga 2,Goles (Over/Under),2025-02-21,pinnacle:1.8900; betus:1.8900; bovada:1.8500; betanysports:1.8500; betonlineag:1.7700; lowvig:1.7700,0-1,1.0,Sí
Club Brugge vs Standard Liege,2025-02-23 07:30:00,Over 3.0,1.93,1.8814,0.0001297187906224,7.0,0.0160974507230482,0.014428234644911,0.0001258302827976,7.0,0.0158168908435795,0.0142723913242483,bovada,7.0,0.0486,0.0549,5.29,Pro League,Goles (Over/Under),2025-02-21,bovada:1.9300; betanysports:1.9300; pinnacle:1.9200; coolbet:1.9200; betus:1.8700; lowvig:1.8000; betonlineag:1.8000,1-2,3.0,No
Club Brugge vs Standard Liege,2025-02-23 07:30:00,Under 3.0,2.05,1.9371,0.0001297187906224,7.0,0.0160974507230481,0.0144282346449109,0.000176868292256,7.0,0.0187998207291024,0.0166424398922276,lowvig,7.0,0.1129,0.0726,4.34,Pro League,Goles (Over/Under),2025-02-21,lowvig:2.0500; betonlineag:2.0500; pinnacle:1.9200; coolbet:1.8900; bovada:1.8900; betanysports:1.8900; betus:1.8700,1-2,3.0,No
Derby County vs Millwall,2025-02-22 07:30:00,Over 1.5,1.68,1.6033,0.0001164957302895,9.0,0.0149838960234218,0.013221611898175,0.0002538467897909,9.0,0.0217993331803834,0.0211950322995466,matchbook,9.0,0.0767,0.0558,4.98,Championship,Goles (Over/Under),2025-02-21,matchbook:1.6800; onexbet:1.6500; nordicbet:1.6500; betsson:1.6500; playup:1.6300; tipico_de:1.5500; betrivers:1.5400; unibet_eu:1.5400; unibet:1.5400,0-1,1.0,No
Derby County vs Millwall,2025-02-22 07:30:00,Under 1.5,2.43,2.33,0.0001164957302895,9.0,0.0149838960234218,0.013221611898175,0.0001359075091241,9.0,0.0163238614817303,0.0151054222003163,betrivers,9.0,0.1,0.0882,6.09,Championship,Goles (Over/Under),2025-02-21,betrivers:2.4300; unibet_eu:2.4300; unibet:2.4300; matchbook:2.4000; nordicbet:2.3000; betsson:2.3000; tipico_de:2.2500; onexbet:2.2300; playup:2.2000,0-1,1.0,Sí
Cittadella vs Modena,2025-02-22 09:00:00,Over 2.0,1.91,1.84,0.0001069781309441,6.0,0.0146163490467606,0.0138831889705835,0.0001315577515777,6.0,0.0161546559224048,0.0135991901004918,lowvig,6.0,0.07,0.0548,4.71,Serie B,Goles (Over/Under),2025-02-21,lowvig:1.9100; betonlineag:1.9100; pinnacle:1.8300; betus:1.8300; bovada:1.8000; coolbet:1.7600,0-2,2.0,No
Cittadella vs Modena,2025-02-22 09:00:00,Under 2.0,2.05,1.9733,0.0001069781309441,6.0,0.0146163490467606,0.0138831889705834,0.0001338021053197,6.0,0.0163543295443469,0.0162756792244372,bovada,6.0,0.0767,0.0637,5.6,Serie B,Goles (Over/Under),2025-02-21,bovada:2.0500; pinnacle:2.0300; coolbet:2.0300; betus:1.9100; lowvig:1.9100; betonlineag:1.9100,0-2,2.0,No
Benfica vs Boavista Porto,2025-02-22 13:00:00,Over 3.5,1.91,1.87,0.0001047208041907,14.0,0.0144646207871029,0.0110180109113218,0.0001055703722357,14.0,0.0144686068068492,0.0110183100007301,bovada,14.0,0.04,0.0488,7.0,Liga Portugal,Goles (Over/Under),2025-02-21,bovada:1.9100; betrivers:1.9100; unibet_eu:1.9100; unibet:1.9100; matchbook:1.9100; pinnacle:1.8900; onexbet:1.8900; betus:1.8900; nordicbet:1.8700; betsson:1.8700; coolbet:1.8700; betonlineag:1.8000; lowvig:1.8000; tipico_de:1.7500,1-4,5.0,Sí
Benfica vs Boavista Porto,2025-02-22 13:00:00,Under 3.5,2.05,1.9186,0.0001047208041907,14.0,0.0144646207871029,0.0110180109113218,0.0001722214791221,14.0,0.0185390382928549,0.0147361034601214,betonlineag,14.0,0.1314,0.0694,5.92,Liga Portugal,Goles (Over/Under),2025-02-21,betonlineag:2.0500; lowvig:2.0500; tipico_de:1.9700; matchbook:1.9700; pinnacle:1.9400; onexbet:1.9100; bovada:1.9100; nordicbet:1.9000; betsson:1.9000; coolbet:1.9000; betus:1.8700; betrivers:1.8300; unibet_eu:1.8300; unibet:1.8300,1-4,5.0,No
Western United FC vs Adelaide United,2025-02-23 01:00:00,Over 3.5,1.9,1.8558,0.0001024422210924,12.0,0.0143024426455464,0.0097601135805162,5.681611947035134e-05,12.0,0.0106136261470466,0.0075709992244109,unibet,12.0,0.0442,0.0357,7.58,A-League,Goles (Over/Under),2025-02-21,unibet:1.9000; unibet_eu:1.8900; matchbook:1.8900; bovada:1.8700; coolbet:1.8700; onexbet:1.8600; pinnacle:1.8600; betus:1.8600; nordicbet:1.8500; betsson:1.8500; betonlineag:1.8000; lowvig:1.7700,0-3,3.0,No
Western United FC vs Adelaide United,2025-02-23 01:00:00,Under 3.5,2.1,1.9517,0.0001024422210924,12.0,0.0143024426455464,0.0097601135805162,0.0002251130260326,12.0,0.0211944122886079,0.0155458331133642,lowvig,12.0,0.1483,0.0801,4.12,A-League,Goles (Over/Under),2025-02-21,lowvig:2.1000; betonlineag:2.0500; matchbook:2.0200; pinnacle:1.9700; coolbet:1.9700; nordicbet:1.9500; betsson:1.9500; bovada:1.9500; onexbet:1.9400; betus:1.8800; unibet_eu:1.8200; unibet:1.8200,0-3,3.0,Sí
Burgos CF vs Oviedo,2025-02-22 10:15:00,Over 1.75,1.91,1.8567,0.0001017175979756,6.0,0.0142534883548853,0.0133993305282546,8.629458368879766e-05,6.0,0.0130934791433756,0.0110925540188615,lowvig,6.0,0.0533,0.045,5.55,La Liga 2,Goles (Over/Under),2025-02-21,lowvig:1.9100; betonlineag:1.9100; pinnacle:1.8600; betus:1.8600; bovada:1.8000; betanysports:1.8000,1-2,3.0,Sí
Burgos CF vs Oviedo,2025-02-22 10:15:00,Under 1.75,2.05,1.9667,0.0001017175979756,6.0,0.0142534883548852,0.0133993305282546,0.0001608297899304,6.0,0.0179280449911961,0.0172375927279379,bovada,6.0,0.0833,0.0694,4.34,La Liga 2,Goles (Over/Under),2025-02-21,bovada:2.0500; betanysports:2.0500; pinnacle:2.0000; lowvig:1.9100; betonlineag:1.9100; betus:1.8800,1-2,3.0,No
Radomiak Radom vs Legia Warszawa,2025-02-22 14:15:00,Over 2.5,1.77,1.7122,9.88826589812041e-05,9.0,0.0139922393529024,0.0129375546277525,0.0001386719690824,9.0,0.0163931336362952,0.0152112555056978,onexbet,9.0,0.0578,0.0476,7.0,Ekstraklasa,Goles (Over/Under),2025-02-21,onexbet:1.7700; coolbet:1.7600; playup:1.7500; betsson:1.7400; nordicbet:1.7400; tipico_de:1.7000; betrivers:1.6500; unibet:1.6500; unibet_eu:1.6500,3-1,4.0,Sí
Radomiak Radom vs Legia Warszawa,2025-02-22 14:15:00,Under 2.5,2.14,2.0533,9.88826589812041e-05,9.0,0.0139922393529023,0.0129375546277524,0.0001073724278004,9.0,0.0146438530966024,0.013446997958804,betrivers,9.0,0.0867,0.0627,7.34,Ekstraklasa,Goles (Over/Under),2025-02-21,betrivers:2.1400; unibet:2.1400; unibet_eu:2.1400; coolbet:2.0300; betsson:2.0200; nordicbet:2.0200; onexbet:2.0100; tipico_de:2.0000; playup:1.9800,3-1,4.0,No
Estoril vs Rio Ave FC,2025-02-22 15:30:00,Over 2.5,2.06,1.987,9.629205045599368e-05,10.0,0.0138655160003923,0.0109812342203361,9.296387507544496e-05,10.0,0.0136313954056459,0.0111921029229193,matchbook,10.0,0.073,0.0531,5.69,Liga Portugal,Goles (Over/Under),2025-02-21,matchbook:2.0600; tipico_de:2.0500; onexbet:2.0300; betrivers:2.0000; unibet:2.0000; unibet_eu:2.0000; coolbet:1.9800; williamhill:1.9500; betsson:1.9000; nordicbet:1.9000,2-2,4.0,Sí
Estoril vs Rio Ave FC,2025-02-22 15:30:00,Under 2.5,1.9,1.789,9.629205045599368e-05,10.0,0.0138655160003923,0.010981234220336,0.000152037305636,10.0,0.0173494680959631,0.0140811468576104,betsson,10.0,0.111,0.0577,5.26,Liga Portugal,Goles (Over/Under),2025-02-21,betsson:1.9000; nordicbet:1.9000; coolbet:1.8000; onexbet:1.7800; matchbook:1.7600; tipico_de:1.7500; betrivers:1.7500; unibet:1.7500; unibet_eu:1.7500; williamhill:1.7500,2-2,4.0,No
FC Luzern vs FC Sion,2025-02-23 08:15:00,Over 2.5,1.86,1.8,9.378201961123056e-05,16.0,0.0136659332839115,0.0103423571333434,0.0001453315638925,16.0,0.0169006105045514,0.0127190244399385,lowvig,16.0,0.06,0.0532,6.67,Super League Switzerland,Goles (Over/Under),2025-02-21,lowvig:1.8600; betonlineag:1.8600; pinnacle:1.8500; betus:1.8500; onexbet:1.8400; coolbet:1.8200; bovada:1.8200; betanysports:1.8200; tipico_de:1.8000; williamhill:1.8000; playup:1.8000; nordicbet:1.7900; betsson:1.7900; betrivers:1.7000; unibet:1.7000; unibet_eu:1.7000,2-1,3.0,Sí
FC Luzern vs FC Sion,2025-02-23 08:15:00,Under 2.5,2.08,1.9819,9.378201961123056e-05,16.0,0.0136659332839115,0.0103423571333434,0.0001081106597442,16.0,0.0147003824736613,0.0122030427398112,betrivers,16.0,0.0981,0.0583,6.9,Super League Switzerland,Goles (Over/Under),2025-02-21,betrivers:2.0800; unibet:2.0800; unibet_eu:2.0800; bovada:2.0200; betanysports:2.0200; coolbet:2.0000; pinnacle:1.9700; nordicbet:1.9600; betsson:1.9600; onexbet:1.9600; lowvig:1.9600; betonlineag:1.9600; tipico_de:1.9500; williamhill:1.9100; playup:1.9100; betus:1.8900,2-1,3.0,No
Casa Pia vs Gil Vicente,2025-02-22 10:30:00,Over 2.5,2.45,2.3688,9.180271578491344e-05,8.0,0.0132994278320516,0.011466349063309,8.54274231801776e-05,8.0,0.0129362840464467,0.0109481292517006,onexbet,8.0,0.0813,0.0704,6.18,Liga Portugal,Goles (Over/Under),2025-02-21,onexbet:2.4500; unibet:2.4000; betrivers:2.4000; unibet_eu:2.4000; tipico_de:2.4000; williamhill:2.4000; betsson:2.2500; nordicbet:2.2500,1-0,1.0,No
Casa Pia vs Gil Vicente,2025-02-22 10:30:00,Under 2.5,1.63,1.56,9.180271578491344e-05,8.0,0.0132994278320516,0.011466349063309,0.0001467461689484,8.0,0.0165086191451,0.0139825044075285,betsson,8.0,0.07,0.0412,5.79,Liga Portugal,Goles (Over/Under),2025-02-21,betsson:1.6300; nordicbet:1.6300; onexbet:1.5500; tipico_de:1.5500; unibet:1.5300; betrivers:1.5300; unibet_eu:1.5300; williamhill:1.5300,1-0,1.0,Sí
SC Preußen Münster vs Jahn Regensburg,2025-02-22 07:00:00,Over 2.5,2.2,2.0573,8.981933700480194e-05,11.0,0.013362854327459,0.0115899191924414,0.0001765658787036,11.0,0.018780027815947,0.015156101256489,matchbook,11.0,0.1427,0.0785,4.28,Bundesliga 2,Goles (Over/Under),2025-02-21,matchbook:2.2000; onexbet:2.1200; tipico_de:2.1000; williamhill:2.1000; playup:2.0800; betsson:2.0700; nordicbet:2.0700; coolbet:2.0600; unibet:1.9500; betrivers:1.9400; unibet_eu:1.9400,1-0,1.0,No
SC Preußen Münster vs Jahn Regensburg,2025-02-22 07:00:00,Under 2.5,1.78,1.7309,8.981933700480194e-05,11.0,0.0133628543274589,0.0115899191924413,6.254211084036054e-05,11.0,0.0110554499131733,0.0099826086351652,betrivers,11.0,0.0491,0.0334,7.73,Bundesliga 2,Goles (Over/Under),2025-02-21,betrivers:1.7800; unibet_eu:1.7800; unibet:1.7800; coolbet:1.7400; matchbook:1.7400; onexbet:1.7200; betsson:1.7000; tipico_de:1.7000; nordicbet:1.7000; williamhill:1.7000; playup:1.7000,1-0,1.0,Si
Ajax vs Go Ahead Eagles,2025-02-23 08:30:00,Over 3.5,2.4,2.3238,8.904938061227418e-05,8.0,0.0131329933162757,0.0095083894541453,0.000114795383211,8.0,0.0150361119390588,0.0106328558104668,betrivers,8.0,0.0762,0.0781,6.18,Eredivisie,Goles (Over/Under),2025-02-21,betrivers:2.4000; unibet:2.4000; unibet_eu:2.4000; nordicbet:2.3200; betsson:2.3200; onexbet:2.3000; playup:2.3000; tipico_de:2.1500,2-0,2.0,No
Ajax vs Go Ahead Eagles,2025-02-23 08:30:00,Under 3.5,1.65,1.5812,8.904938061227418e-05,8.0,0.0131329933162757,0.0095083894541453,8.756651805732147e-05,8.0,0.0127954088807709,0.009542637045877,tipico_de,8.0,0.0687,0.0326,7.12,Eredivisie,Goles (Over/Under),2025-02-21,tipico_de:1.6500; onexbet:1.6100; nordicbet:1.5800; betsson:1.5800; playup:1.5800; betrivers:1.5500; unibet:1.5500; unibet_eu:1.5500,2-0,2.0,Sí
Swindon Town vs Chesterfield FC,2025-02-22 10:00:00,Over 2.5,2.0,1.8581,8.574033374672468e-05,16.0,0.0130909667102211,0.0085985689316285,0.0001694508644126,16.0,0.0183583151142472,0.0130998954319342,betonlineag,16.0,0.1419,0.0649,4.64,League Two,Goles (Over/Under),2025-02-21,betonlineag:2.0000; lowvig:2.0000; pinnacle:1.8800; betus:1.8800; betsson:1.8700; nordicbet:1.8700; matchbook:1.8700; onexbet:1.8600; williamhill:1.8500; coolbet:1.8500; bovada:1.8300; tipico_de:1.8300; playup:1.8300; unibet:1.7700; unibet_eu:1.7700; betrivers:1.7700,1-0,1.0,No
Swindon Town vs Chesterfield FC,2025-02-22 10:00:00,Under 2.5,1.96,1.8963,8.574033374672468e-05,16.0,0.0130909667102211,0.0085985689316285,6.09909013744148e-05,16.0,0.011024910042215,0.0092139203151384,unibet,16.0,0.0637,0.0395,7.52,League Two,Goles (Over/Under),2025-02-21,unibet:1.9600; unibet_eu:1.9500; betrivers:1.9500; pinnacle:1.9300; matchbook:1.9200; onexbet:1.9100; bovada:1.9100; betsson:1.9000; nordicbet:1.9000; coolbet:1.8900; tipico_de:1.8700; playup:1.8700; betus:1.8700; williamhill:1.8500; betonlineag:1.8300; lowvig:1.8300,1-0,1.0,Sí
Monterrey vs Atlético San Luis,2025-02-22 20:00:00,Over 2.5,1.66,1.6083,8.316702024065603e-05,6.0,0.0127162152282804,0.0127066370589685,0.0001868356682999,6.0,0.0187390664559229,0.0186995066513138,betsson,6.0,0.0517,0.0484,5.7,Liga MX,Goles (Over/Under),2025-02-21,betsson:1.6600; nordicbet:1.6600; williamhill:1.6500; betrivers:1.5600; unibet_eu:1.5600; unibet:1.5600,3-1,4.0,Sí
Monterrey vs Atlético San Luis,2025-02-22 20:00:00,Under 2.5,2.3,2.25,8.316702024065603e-05,6.0,0.0127162152282804,0.0127066370589686,4.943263505790738e-05,6.0,0.0098814229249011,0.0098814229249011,betrivers,6.0,0.05,0.05,7.58,Liga MX,Goles (Over/Under),2025-02-21,betrivers:2.3000; unibet_eu:2.3000; unibet:2.3000; betsson:2.2000; nordicbet:2.2000; williamhill:2.2000,3-1,4.0,No
San Martin de San Juan vs River Plate,2025-02-22 19:30:00,Over 2.5,2.48,2.398,7.80039956630151e-05,5.0,0.0121953877884129,0.0115127516122639,6.929871179025782e-05,5.0,0.0116011138063824,0.0112913535661789,betrivers,5.0,0.082,0.0673,6.55,Liga Profesional,Goles (Over/Under),2025-02-21,betrivers:2.4800; unibet:2.4800; nordicbet:2.3500; playup:2.3500; onexbet:2.3300,0-2,2.0,No
San Martin de San Juan vs River Plate,2025-02-22 19:30:00,Under 2.5,1.6,1.556,7.80039956630151e-05,5.0,0.0121953877884128,0.0115127516122638,0.0001355919468537,5.0,0.0157805682545128,0.0144492292470119,nordicbet,5.0,0.044,0.0383,5.42,Liga Profesional,Goles (Over/Under),2025-02-21,nordicbet:1.6000; onexbet:1.6000; playup:1.5500; unibet:1.5200; betrivers:1.5100,0-2,2.0,Sí
Burnley vs Sheffield Wednesday,2025-02-21 15:00:00,Over 2.5,2.48,2.3886,7.708514075910253e-05,7.0,0.012121639697834,0.0115284465740339,0.0001235782022858,7.0,0.0155225576700503,0.0137172011576513,betrivers,7.0,0.0914,0.0876,6.55,Championship,Goles (Over/Under),2025-02-21,betrivers:2.4800; unibet_eu:2.4800; unibet:2.4800; onexbet:2.3800; playup:2.3500; williamhill:2.3000; tipico_de:2.2500,4-0,4.0,Sí
Burnley vs Sheffield Wednesday,2025-02-21 15:00:00,Under 2.5,1.58,1.5414,7.708514075910253e-05,7.0,0.012121639697834,0.0115284465740339,6.77186034673619e-05,7.0,0.0111098220217853,0.0101658060315573,onexbet,7.0,0.0386,0.0264,7.74,Championship,Goles (Over/Under),2025-02-21,onexbet:1.5800; williamhill:1.5700; playup:1.5500; tipico_de:1.5500; unibet:1.5200; betrivers:1.5100; unibet_eu:1.5100,4-0,4.0,No
Feyenoord vs Almere City,2025-02-22 14:00:00,Over 3.5,2.17,2.12,7.641911651076776e-05,9.0,0.0123098603982715,0.0077978758585215,0.0001121931349475,9.0,0.014970589280327,0.0090393740876961,nordicbet,9.0,0.05,0.0631,6.69,Eredivisie,Goles (Over/Under),2025-02-21,nordicbet:2.1700; betsson:2.1700; playup:2.1500; coolbet:2.1500; onexbet:2.1300; betrivers:2.1200; unibet_eu:2.1200; unibet:2.1200; tipico_de:1.9500,2-1,3.0,No
Feyenoord vs Almere City,2025-02-22 14:00:00,Under 3.5,1.77,1.6856,7.641911651076776e-05,9.0,0.0123098603982714,0.0077978758585215,6.973105423366827e-05,9.0,0.0116344667051048,0.0082788893060209,tipico_de,9.0,0.0844,0.034,7.78,Eredivisie,Goles (Over/Under),2025-02-21,tipico_de:1.7700; onexbet:1.7100; betrivers:1.6800; unibet_eu:1.6800; unibet:1.6800; coolbet:1.6800; nordicbet:1.6600; betsson:1.6600; playup:1.6500,2-1,3.0,Sí
WSG Tirol vs Wolfsberger AC,2025-02-22 11:00:00,Over 2.5,2.05,1.96,7.557803408096002e-05,12.0,0.0122836743174383,0.0102905685299692,0.0001880124067741,12.0,0.0193758602196706,0.017202875707077,coolbet,12.0,0.09,0.0731,9.02,Austrian Bundesliga,Goles (Over/Under),2025-02-21,coolbet:2.0500; tipico_de:2.0500; onexbet:2.0300; bovada:2.0000; nordicbet:2.0000; betsson:2.0000; playup:1.9800; williamhill:1.9500; matchbook:1.9000; unibet:1.8600; betrivers:1.8500; unibet_eu:1.8500,3-3,6.0,Sí
WSG Tirol vs Wolfsberger AC,2025-02-22 11:00:00,Under 2.5,1.82,1.7717,7.557803408096002e-05,12.0,0.0122836743174383,0.0102905685299691,9.761441086940425e-05,12.0,0.0138117897923486,0.0096382837753959,betrivers,12.0,0.0483,0.042,9.0,Austrian Bundesliga,Goles (Over/Under),2025-02-21,betrivers:1.8200; unibet_eu:1.8200; unibet:1.8200; onexbet:1.7800; coolbet:1.7800; nordicbet:1.7800; betsson:1.7800; bovada:1.7700; tipico_de:1.7500; williamhill:1.7500; playup:1.7500; matchbook:1.6600,3-3,6.0,No
Rotherham United vs Barnsley,2025-02-22 07:30:00,Over 2.5,1.93,1.875,7.522333593559036e-05,16.0,0.0122639340142469,0.0107632341462821,7.824279743348422e-05,16.0,0.0124791794849431,0.0109397462723305,betrivers,16.0,0.055,0.0439,7.37,League One,Goles (Over/Under),2025-02-21,betrivers:1.9300; unibet:1.9300; unibet_eu:1.9300; lowvig:1.9300; betonlineag:1.9300; williamhill:1.9100; onexbet:1.8700; bovada:1.8700; pinnacle:1.8600; betus:1.8600; coolbet:1.8500; matchbook:1.8500; betsson:1.8300; nordicbet:1.8300; playup:1.8200; tipico_de:1.8000,0-1,1.0,No
Rotherham United vs Barnsley,2025-02-22 07:30:00,Under 2.5,1.98,1.8919,7.522333593559036e-05,16.0,0.0122639340142469,0.0107632341462821,0.0001267476520314,16.0,0.0158840960837014,0.0124685553859396,pinnacle,16.0,0.0881,0.0563,6.06,League One,Goles (Over/Under),2025-02-21,pinnacle:1.9800; matchbook:1.9700; betsson:1.9500; nordicbet:1.9500; onexbet:1.9300; playup:1.9200; tipico_de:1.9000; coolbet:1.8900; lowvig:1.8900; betonlineag:1.8900; betus:1.8800; bovada:1.8700; williamhill:1.8500; betrivers:1.8000; unibet:1.8000; unibet_eu:1.8000,0-1,1.0,Sí
Sunderland vs Hull City,2025-02-22 07:30:00,Over 2.5,2.07,1.9973,7.388300673594333e-05,15.0,0.0121351987472237,0.0093844489025558,0.0001122368060692,15.0,0.0149775123790149,0.0123521915035116,unibet,15.0,0.0727,0.0587,6.45,Championship,Goles (Over/Under),2025-02-21,unibet:2.0700; unibet_eu:2.0700; betrivers:2.0700; bovada:2.0500; lowvig:2.0300; betonlineag:2.0300; nordicbet:2.0100; betsson:2.0100; pinnacle:2.0000; onexbet:1.9800; coolbet:1.9800; williamhill:1.9500; playup:1.9300; tipico_de:1.9000; betus:1.8800,0-1,1.0,No
Sunderland vs Hull City,2025-02-22 07:30:00,Under 2.5,1.86,1.79,7.388300673594333e-05,15.0,0.0121351987472238,0.0093844489025559,9.787638951851312e-05,15.0,0.0138818640606606,0.0113603320999782,pinnacle,15.0,0.07,0.0441,6.95,Championship,Goles (Over/Under),2025-02-21,pinnacle:1.8600; betus:1.8600; onexbet:1.8200; playup:1.8200; lowvig:1.8100; betonlineag:1.8100; tipico_de:1.8000; bovada:1.8000; coolbet:1.8000; nordicbet:1.7800; betsson:1.7800; williamhill:1.7500; unibet:1.7200; unibet_eu:1.7200; betrivers:1.7200,0-1,1.0,Sí
Alanyaspor vs Adana Demirspor,2025-02-23 08:00:00,Over 3.5,2.36,2.2357,7.171825771469342e-05,7.0,0.0118186002810566,0.010810206656377,0.0001508640603645,7.0,0.0172646562946002,0.0165915003656333,onexbet,7.0,0.1243,0.087,5.66,Süper Lig,Goles (Over/Under),2025-02-21,onexbet:2.3600; nordicbet:2.3200; betsson:2.3200; tipico_de:2.2000; betrivers:2.1500; unibet:2.1500; unibet_eu:2.1500,3-2,5.0,Si
Alanyaspor vs Adana Demirspor,2025-02-23 08:00:00,Under 3.5,1.66,1.62,7.171825771469342e-05,7.0,0.0118186002810566,0.010810206656377,7.111429871295923e-05,7.0,0.0115813588838282,0.0109492794093499,onexbet,7.0,0.04,0.0302,6.75,Süper Lig,Goles (Over/Under),2025-02-21,onexbet:1.6600; betrivers:1.6400; unibet:1.6400; unibet_eu:1.6400; tipico_de:1.6000; nordicbet:1.5800; betsson:1.5800,3-2,5.0,No
St. Louis City SC vs Colorado Rapids,2025-02-22 20:30:00,Over 3.5,2.32,2.215,7.150884084978586e-05,8.0,0.0118326334893389,0.0079755092082097,7.532251073942303e-05,8.0,0.012217460477011,0.009552052920329,matchbook,8.0,0.105,0.0596,6.39,MLS,Goles (Over/Under),2025-02-21,matchbook:2.3200; betsson:2.2500; betrivers:2.2300; unibet:2.2300; unibet_eu:2.2300; playup:2.2000; mybookieag:2.1500; onexbet:2.1100,0-0,0.0,No
St. Louis City SC vs Colorado Rapids,2025-02-22 20:30:00,Under 3.5,1.73,1.6462,7.150884084978586e-05,8.0,0.0118326334893389,0.0079755092082097,0.0001041903250551,8.0,0.0141092420724151,0.0092032881041013,onexbet,8.0,0.0837,0.0387,5.2,MLS,Goles (Over/Under),2025-02-21,onexbet:1.7300; betsson:1.6600; mybookieag:1.6500; betrivers:1.6400; unibet:1.6400; unibet_eu:1.6400; playup:1.6300; matchbook:1.5800,0-0,0.0,Sí
Rheindorf Altach vs Hartberg,2025-02-23 08:30:00,Over 2.5,2.3,2.219,7.086816038010533e-05,10.0,0.0117678481789088,0.010504459561647,0.0001509997826859,10.0,0.0173069894808634,0.0155805909593644,tipico_de,10.0,0.081,0.0834,6.77,Austrian Bundesliga,Goles (Over/Under),2025-02-21,tipico_de:2.3000; nordicbet:2.3000; betsson:2.3000; onexbet:2.2900; coolbet:2.2500; playup:2.2500; williamhill:2.2000; betrivers:2.1000; unibet:2.1000; unibet_eu:2.1000,0-0,0.0,No
Rheindorf Altach vs Hartberg,2025-02-23 08:30:00,Under 2.5,1.65,1.619,7.086816038010533e-05,10.0,0.0117678481789087,0.0105044595616469,3.796595894203581e-05,10.0,0.0084636256104835,0.0073576230903595,coolbet,10.0,0.031,0.0221,8.23,Austrian Bundesliga,Goles (Over/Under),2025-02-21,coolbet:1.6500; betrivers:1.6400; unibet:1.6400; unibet_eu:1.6400; onexbet:1.6200; williamhill:1.6200; tipico_de:1.6000; nordicbet:1.6000; betsson:1.6000; playup:1.5800,0-0,0.0,Sí
San Jose Earthquakes vs Real Salt Lake,2025-02-22 22:30:00,Over 2.5,1.65,1.586,7.049591272657152e-05,10.0,0.0116458455459897,0.009583626196244,0.0001040032519188,10.0,0.0139139034768063,0.0115335709118051,matchbook,10.0,0.064,0.035,6.06,MLS,Goles (Over/Under),2025-02-21,matchbook:1.6500; williamhill:1.6200; onexbet:1.6000; nordicbet:1.6000; betsson:1.6000; mybookieag:1.5900; playup:1.5800; betrivers:1.5400; unibet:1.5400; unibet_eu:1.5400,4-0,4.0,Sí
San Jose Earthquakes vs Real Salt Lake,2025-02-22 22:30:00,Under 2.5,2.43,2.342,7.049591272657152e-05,10.0,0.0116458455459897,0.0095836261962439,9.312232920588784e-05,10.0,0.0135118638507932,0.0110159211032382,betrivers,10.0,0.088,0.073,6.09,MLS,Goles (Over/Under),2025-02-21,betrivers:2.4300; unibet:2.4300; unibet_eu:2.4300; matchbook:2.3600; nordicbet:2.3500; betsson:2.3500; onexbet:2.3100; playup:2.3000; mybookieag:2.2600; williamhill:2.2000,4-0,4.0,No
Auckland FC vs Wellington Phoenix FC,2025-02-21 23:00:00,Over 2.5,1.87,1.81,7.047126248610152e-05,13.0,0.0118477136452786,0.008052619453008,0.0001480280517981,13.0,0.0170604371071414,0.013680030012939,matchbook,13.0,0.06,0.0538,6.67,A-League,Goles (Over/Under),2025-02-21,matchbook:1.8700; pinnacle:1.8500; betus:1.8500; coolbet:1.8400; betsson:1.8300; nordicbet:1.8300; bovada:1.8300; betonlineag:1.8300; lowvig:1.8300; onexbet:1.8200; williamhill:1.7500; unibet:1.7000; unibet_eu:1.7000,6-1,7.0,Sí
Auckland FC vs Wellington Phoenix FC,2025-02-21 23:00:00,Under 2.5,2.07,1.9946,7.047126248610152e-05,13.0,0.0118477136452786,0.008052619453008,8.533202567321334e-05,13.0,0.0130595079398015,0.0103079548044328,unibet,13.0,0.0754,0.0512,7.13,A-League,Goles (Over/Under),2025-02-21,unibet:2.0700; unibet_eu:2.0700; matchbook:2.0400; coolbet:2.0200; pinnacle:2.0200; bovada:2.0000; betonlineag:2.0000; lowvig:2.0000; onexbet:1.9800; betsson:1.9500; nordicbet:1.9500; williamhill:1.9500; betus:1.8800,6-1,7.0,No
Notts County vs Tranmere Rovers,2025-02-22 10:00:00,Over 2.5,1.83,1.7323,6.917958549716807e-05,13.0,0.0117262055303916,0.009035815557591,0.000127581612168,13.0,0.0157990248380697,0.0115433672528158,betonlineag,13.0,0.0977,0.0484,7.28,League Two,Goles (Over/Under),2025-02-21,betonlineag:1.8300; lowvig:1.8300; matchbook:1.7600; coolbet:1.7400; williamhill:1.7300; unibet:1.7200; onexbet:1.7200; betrivers:1.7200; unibet_eu:1.7200; betsson:1.7000; tipico_de:1.7000; nordicbet:1.7000; playup:1.6500,2-1,3.0,Sí
Notts County vs Tranmere Rovers,2025-02-22 10:00:00,Under 2.5,2.1,2.0377,6.917958549716807e-05,13.0,0.0117262055303916,0.009035815557591,8.483067652134293e-05,13.0,0.0130210252919797,0.009378136058589,betsson,13.0,0.0623,0.0525,8.23,League Two,Goles (Over/Under),2025-02-21,betsson:2.1000; nordicbet:2.1000; playup:2.1000; onexbet:2.0800; williamhill:2.0500; unibet:2.0400; betrivers:2.0400; unibet_eu:2.0400; coolbet:2.0200; betonlineag:2.0100; lowvig:2.0100; tipico_de:2.0000; matchbook:1.9000,2-1,3.0,No
Kayserispor vs Goztepe,2025-02-23 05:30:00,Over 2.5,1.95,1.8742,6.813813220435439e-05,12.0,0.0116721191650086,0.0106246535102953,8.937033629515136e-05,12.0,0.013335169610359,0.011030035835455,betonlineag,12.0,0.0758,0.0468,5.93,Süper Lig,Goles (Over/Under),2025-02-21,betonlineag:1.9500; lowvig:1.9500; onexbet:1.8900; bovada:1.8900; betrivers:1.8900; unibet_eu:1.8900; unibet:1.8900; coolbet:1.8700; nordicbet:1.8300; betsson:1.8300; betus:1.8100; pinnacle:1.8000,0-1,1.0,No
Kayserispor vs Goztepe,2025-02-23 05:30:00,Under 2.5,2.01,1.9025,6.813813220435439e-05,12.0,0.0116721191650087,0.0106246535102954,0.0001155934072313,12.0,0.0151809258393067,0.0131328488582678,onexbet,12.0,0.1075,0.0551,5.31,Süper Lig,Goles (Over/Under),2025-02-21,onexbet:2.0100; pinnacle:1.9600; betus:1.9400; bovada:1.9300; nordicbet:1.9300; betsson:1.9300; coolbet:1.9000; betonlineag:1.8700; lowvig:1.8700; betrivers:1.8300; unibet_eu:1.8300; unibet:1.8300,0-1,1.0,Si
Accrington Stanley vs Doncaster Rovers,2025-02-22 10:00:00,Over 2.5,2.05,1.9538,6.7906076635742e-05,16.0,0.0116420918412795,0.0100934003505046,0.000103438380417,16.0,0.0143722792143957,0.0112753957749357,betonlineag,16.0,0.0962,0.0546,6.58,League Two,Goles (Over/Under),2025-02-21,betonlineag:2.0500; lowvig:2.0500; betrivers:2.0000; unibet:2.0000; unibet_eu:2.0000; matchbook:1.9700; betsson:1.9500; nordicbet:1.9500; onexbet:1.9300; bovada:1.9300; betus:1.9300; pinnacle:1.9300; coolbet:1.9200; williamhill:1.9100; playup:1.9100; tipico_de:1.8300,1-2,3.0,Sí
Accrington Stanley vs Doncaster Rovers,2025-02-22 10:00:00,Under 2.5,1.88,1.8138,6.7906076635742e-05,16.0,0.0116420918412795,0.0100934003505046,0.0001041609277429,16.0,0.0143342620712851,0.0113145617813476,matchbook,16.0,0.0662,0.0462,7.84,League Two,Goles (Over/Under),2025-02-21,matchbook:1.8800; pinnacle:1.8700; betsson:1.8500; nordicbet:1.8500; tipico_de:1.8500; onexbet:1.8400; williamhill:1.8300; bovada:1.8200; coolbet:1.8200; betus:1.8200; playup:1.8000; betonlineag:1.8000; lowvig:1.8000; betrivers:1.7300; unibet:1.7300; unibet_eu:1.7300,1-2,3.0,No
Rennes vs Stade de Reims,2025-02-21 14:45:00,Over 2.5,2.07,2.0006,6.549135325137021e-05,16.0,0.0114307563134365,0.0088716249076878,0.0001017823377787,16.0,0.0142627784167131,0.0118042402997881,betrivers,16.0,0.0694,0.0562,5.45,Ligue 1,Goles (Over/Under),2025-02-21,betrivers:2.0700; unibet_eu:2.0700; unibet:2.0700; onexbet:2.0600; coolbet:2.0500; matchbook:2.0400; pinnacle:2.0200; nordicbet:2.0000; betsson:2.0000; bovada:1.9800; playup:1.9800; williamhill:1.9500; tipico_de:1.9500; betonlineag:1.9500; lowvig:1.9500; betus:1.8700,1-0,1.0,No
Rennes vs Stade de Reims,2025-02-21 14:45:00,Under 2.5,1.93,1.8312,6.549135325137021e-05,16.0,0.0114307563134365,0.0088716249076878,0.0001260154984365,16.0,0.0157986361683257,0.0131042686648985,matchbook,16.0,0.0988,0.0528,5.29,Ligue 1,Goles (Over/Under),2025-02-21,matchbook:1.9300; onexbet:1.8900; pinnacle:1.8800; betus:1.8800; betonlineag:1.8700; lowvig:1.8700; bovada:1.8500; nordicbet:1.8300; betsson:1.8300; tipico_de:1.8300; coolbet:1.8100; playup:1.8000; betrivers:1.7600; unibet_eu:1.7600; unibet:1.7600; williamhill:1.7500,1-0,1.0,Sí
Reggiana vs Carrarese,2025-02-22 09:00:00,Over 2.5,2.6,2.5375,6.395601311616006e-05,4.0,0.0108830845771144,0.0108830845771144,5.389428629706393e-05,4.0,0.0101520227404864,0.0097331240188383,unibet_eu,4.0,0.0625,0.065,8.88,Serie B,Goles (Over/Under),2025-02-21,unibet_eu:2.6000; unibet:2.6000; williamhill:2.5000; tipico_de:2.4500,2-2,4.0,Sí
Reggiana vs Carrarese,2025-02-22 09:00:00,Under 2.5,1.5,1.4525,6.395601311616006e-05,4.0,0.0108830845771144,0.0108830845771144,0.0001509776941568,4.0,0.0161127540474809,0.015377982178787,williamhill,4.0,0.0475,0.0342,7.48,Serie B,Goles (Over/Under),2025-02-21,williamhill:1.5000; tipico_de:1.4700; unibet_eu:1.4200; unibet:1.4200,2-2,4.0,No
Morecambe vs Walsall,2025-02-22 07:30:00,Over 2.5,2.1,1.9388,6.324332182080323e-05,16.0,0.0112316478965565,0.0069207858595491,0.0001473961512828,16.0,0.0171590753292924,0.0118359277228926,betonlineag,16.0,0.1613,0.0673,4.12,League Two,Goles (Over/Under),2025-02-21,betonlineag:2.1000; lowvig:2.1000; betsson:1.9500; nordicbet:1.9500; pinnacle:1.9500; matchbook:1.9500; onexbet:1.9300; bovada:1.9100; williamhill:1.9100; betrivers:1.9100; unibet:1.9100; unibet_eu:1.9100; playup:1.9100; betus:1.9100; coolbet:1.8900; tipico_de:1.8300,0-2,2.0,No
Morecambe vs Walsall,2025-02-22 07:30:00,Under 2.5,1.88,1.8219,6.324332182080323e-05,16.0,0.0112316478965565,0.0069207858595491,3.699339124606061e-05,16.0,0.0085577051235351,0.0069232807067746,matchbook,16.0,0.0581,0.0283,7.84,League Two,Goles (Over/Under),2025-02-21,matchbook:1.8800; tipico_de:1.8500; coolbet:1.8500; pinnacle:1.8500; onexbet:1.8300; bovada:1.8300; betsson:1.8300; nordicbet:1.8300; betus:1.8300; betrivers:1.8100; unibet:1.8100; unibet_eu:1.8100; williamhill:1.8000; playup:1.8000; betonlineag:1.7700; lowvig:1.7700,0-2,2.0,Sí
Jeonbuk Hyundai Motors vs Gwangju FC,2025-02-23 02:30:00,Over 2.5,2.08,2.033,6.155138927864984e-05,10.0,0.0110508488400353,0.0093002991592559,6.070986392303806e-05,10.0,0.0110169777103992,0.0084490881181822,betrivers,10.0,0.047,0.0445,8.68,K League 1,Goles (Over/Under),2025-02-21,betrivers:2.0800; unibet_eu:2.0800; unibet:2.0800; onexbet:2.0500; betsson:2.0400; nordicbet:2.0400; coolbet:2.0300; williamhill:2.0000; playup:2.0000; tipico_de:1.9300,2-0,2.0,No
Jeonbuk Hyundai Motors vs Gwangju FC,2025-02-23 02:30:00,Under 2.5,1.77,1.717,6.155138927864984e-05,10.0,0.0110508488400353,0.0093002991592559,0.0001280928296508,10.0,0.0157525865007153,0.0139385690238046,onexbet,10.0,0.053,0.0456,8.31,K League 1,Goles (Over/Under),2025-02-21,onexbet:1.7700; coolbet:1.7600; tipico_de:1.7500; playup:1.7500; betsson:1.7300; nordicbet:1.7300; williamhill:1.7300; betrivers:1.6500; unibet_eu:1.6500; unibet:1.6500,2-0,2.0,Sí
Brescia vs Südtirol,2025-02-23 09:00:00,Over 2.5,2.38,2.3056,6.135494561884281e-05,9.0,0.0108735178674103,0.0099330731228834,6.512551389286955e-05,9.0,0.0113191118653731,0.0106307493532347,matchbook,9.0,0.0744,0.0595,8.24,Serie B,Goles (Over/Under),2025-02-21,matchbook:2.3800; onexbet:2.3500; betrivers:2.3500; unibet_eu:2.3500; unibet:2.3500; betsson:2.2600; nordicbet:2.2600; williamhill:2.2500; tipico_de:2.2000,0-0,0.0,No
Brescia vs Südtirol,2025-02-23 09:00:00,Under 2.5,1.6,1.5656,6.135494561884281e-05,9.0,0.0108735178674104,0.0099330731228835,0.0001316509436356,9.0,0.0155327310187839,0.0144512778492974,tipico_de,9.0,0.0344,0.0374,7.95,Serie B,Goles (Over/Under),2025-02-21,tipico_de:1.6000; williamhill:1.6000; betsson:1.5900; nordicbet:1.5900; onexbet:1.5900; matchbook:1.5800; unibet:1.5200; betrivers:1.5100; unibet_eu:1.5100,0-0,0.0,Sí
Rodez AF vs Amiens,2025-02-21 14:00:00,Over 2.5,1.82,1.7491,5.910278138367136e-05,11.0,0.0108440984002052,0.0088840972753091,8.123693814837538e-05,11.0,0.0126076680281809,0.0104660103496128,matchbook,11.0,0.0709,0.0385,6.76,Ligue 2,Goles (Over/Under),2025-02-21,matchbook:1.8200; betrivers:1.7800; unibet_eu:1.7800; unibet:1.7800; coolbet:1.7600; onexbet:1.7500; nordicbet:1.7300; betsson:1.7300; williamhill:1.7300; tipico_de:1.7000; playup:1.6800,1-1,2.0,No
Rodez AF vs Amiens,2025-02-21 14:00:00,Under 2.5,2.18,2.0264,5.910278138367136e-05,11.0,0.0108440984002053,0.0088840972753091,0.0001541194678242,11.0,0.0175468843437068,0.0136792137478585,matchbook,11.0,0.1536,0.0728,5.4,Ligue 2,Goles (Over/Under),2025-02-21,matchbook:2.1800; playup:2.1000; onexbet:2.0700; williamhill:2.0500; nordicbet:2.0300; betsson:2.0300; coolbet:2.0300; tipico_de:2.0000; unibet:1.9400; betrivers:1.9300; unibet_eu:1.9300,1-1,2.0,Sí
Shrewsbury Town vs Stevenage,2025-02-22 10:00:00,Over 1.5,1.62,1.5771,5.7259484925035885e-05,7.0,0.0104852342634703,0.0087046501278153,0.000153398806896,7.0,0.0167981850811789,0.0141364819662169,betsson,7.0,0.0429,0.041,6.17,League One,Goles (Over/Under),2025-02-21,betsson:1.6200; nordicbet:1.6200; playup:1.6000; matchbook:1.5900; betrivers:1.5700; onexbet:1.5400; tipico_de:1.5000,0-1,1.0,No
Shrewsbury Town vs Stevenage,2025-02-22 10:00:00,Under 1.5,2.42,2.31,5.7259484925035885e-05,7.0,0.0104852342634703,0.0087046501278152,7.704237056645705e-05,7.0,0.0122866150978574,0.0104631863525144,matchbook,7.0,0.11,0.0668,7.99,League One,Goles (Over/Under),2025-02-21,matchbook:2.4200; tipico_de:2.4000; betsson:2.3000; nordicbet:2.3000; onexbet:2.2500; betrivers:2.2500; playup:2.2500,0-1,1.0,Si
FC Twente Enschede vs NEC Nijmegen,2025-02-23 08:30:00,Over 2.5,1.62,1.5878,5.652918077455658e-05,9.0,0.0104488741936187,0.009571305051441,4.664619110598211e-05,9.0,0.0093234994759306,0.0089387182551302,williamhill,9.0,0.0322,0.0235,7.39,Eredivisie,Goles (Over/Under),2025-02-21,williamhill:1.6200; betsson:1.6100; nordicbet:1.6100; tipico_de:1.6000; playup:1.6000; onexbet:1.5700; unibet:1.5600; unibet_eu:1.5600; betrivers:1.5600,2-0,2.0,No
FC Twente Enschede vs NEC Nijmegen,2025-02-23 08:30:00,Under 2.5,2.38,2.2833,5.652918077455658e-05,9.0,0.0104488741936187,0.009571305051441,9.582672245012696e-05,9.0,0.0137283922951432,0.0121483479149332,unibet,9.0,0.0967,0.0723,6.12,Eredivisie,Goles (Over/Under),2025-02-21,unibet:2.3800; unibet_eu:2.3800; betrivers:2.3800; betsson:2.2600; nordicbet:2.2600; tipico_de:2.2500; playup:2.2500; williamhill:2.2000; onexbet:2.1900,2-0,2.0,Sí
Borussia Monchengladbach vs Augsburg,2025-02-22 09:30:00,Over 2.5,1.77,1.7,5.518772330348847e-05,9.0,0.0104326306211316,0.009371844997121,0.0001445518023868,9.0,0.0167279049480866,0.015451795629231,onexbet,9.0,0.07,0.0483,4.57,Bundesliga,Goles (Over/Under),2025-02-21,onexbet:1.7700; nordicbet:1.7500; betsson:1.7500; playup:1.7200; betus:1.7100; tipico_de:1.6700; williamhill:1.6500; betrivers:1.6400; unibet_eu:1.6400,0-3,3.0,Sí
Borussia Monchengladbach vs Augsburg,2025-02-22 09:30:00,Under 2.5,2.22,2.1567,5.518772330348847e-05,9.0,0.0104326306211316,0.0093718449971211,6.006635864619496e-05,9.0,0.0109328954508556,0.0097131044083468,onexbet,9.0,0.0633,0.0506,6.02,Bundesliga,Goles (Over/Under),2025-02-21,onexbet:2.2200; betus:2.2100; betrivers:2.2000; unibet_eu:2.2000; williamhill:2.1500; tipico_de:2.1500; nordicbet:2.1000; betsson:2.1000; playup:2.0800,0-3,3.0,No
Mantova vs Bari,2025-02-22 09:00:00,Over 2.5,2.2,2.04,5.4823064814338514e-05,12.0,0.0104216445990295,0.0075085681718824,0.0001404335517136,12.0,0.0167378753900463,0.0121849361934139,lowvig,12.0,0.16,0.0735,4.28,Serie B,Goles (Over/Under),2025-02-21,lowvig:2.2000; betonlineag:2.2000; matchbook:2.0400; coolbet:2.0300; onexbet:2.0200; betsson:2.0100; nordicbet:2.0100; williamhill:2.0000; betrivers:2.0000; unibet_eu:2.0000; unibet:2.0000; tipico_de:1.9700,0-1,1.0,No
Mantova vs Bari,2025-02-22 09:00:00,Under 2.5,1.79,1.7342,5.4823064814338514e-05,12.0,0.0104216445990295,0.0075085681718823,4.994304828976875e-05,12.0,0.0098787973067959,0.0091327810589956,onexbet,12.0,0.0558,0.0298,6.63,Serie B,Goles (Over/Under),2025-02-21,onexbet:1.7900; matchbook:1.7700; coolbet:1.7600; betsson:1.7500; nordicbet:1.7500; williamhill:1.7500; tipico_de:1.7200; lowvig:1.7100; betonlineag:1.7100; betrivers:1.7000; unibet_eu:1.7000; unibet:1.7000,0-1,1.0,Sí
Blackpool vs Crawley Town,2025-02-22 10:00:00,Over 2.5,1.8,1.7309,5.255048458074857e-05,11.0,0.0102231017371895,0.0084518509738585,5.4111225191111375e-05,11.0,0.0102753355403315,0.0070058237742424,williamhill,11.0,0.0691,0.0309,7.64,League One,Goles (Over/Under),2025-02-21,williamhill:1.8000; onexbet:1.7500; matchbook:1.7500; coolbet:1.7400; unibet:1.7300; unibet_eu:1.7300; betrivers:1.7300; betsson:1.7200; nordicbet:1.7200; playup:1.7000; tipico_de:1.6700,3-1,4.0,Sí
Blackpool vs Crawley Town,2025-02-22 10:00:00,Under 2.5,2.1,2.0264,5.255048458074857e-05,11.0,0.0102231017371895,0.0084518509738585,9.777515861718314e-05,11.0,0.0139804379874128,0.0118881927882684,betsson,11.0,0.0736,0.0568,7.5,League One,Goles (Over/Under),2025-02-21,betsson:2.1000; nordicbet:2.1000; playup:2.0800; onexbet:2.0700; tipico_de:2.0500; coolbet:2.0200; unibet:2.0000; unibet_eu:2.0000; betrivers:2.0000; williamhill:1.9500; matchbook:1.9200,3-1,4.0,No
Portsmouth vs Queens Park Rangers,2025-02-22 10:00:00,Over 2.5,2.1,2.0009,5.2529643160247206e-05,11.0,0.0102353084900867,0.0091374264741784,0.0001065508633192,11.0,0.0145950721261166,0.0130453064844984,matchbook,11.0,0.0991,0.0582,5.42,Championship,Goles (Over/Under),2025-02-21,matchbook:2.1000; onexbet:2.0500; williamhill:2.0500; nordicbet:2.0300; betsson:2.0300; coolbet:2.0300; playup:2.0000; tipico_de:1.9300; betrivers:1.9300; unibet_eu:1.9300; unibet:1.9300,2-1,3.0,Sí
Portsmouth vs Queens Park Rangers,2025-02-22 10:00:00,Under 2.5,1.85,1.7836,5.2529643160247206e-05,11.0,0.0102353084900867,0.0091374264741783,7.983576807998167e-05,11.0,0.0125481602056136,0.0116106198964372,matchbook,11.0,0.0664,0.0403,5.87,Championship,Goles (Over/Under),2025-02-21,matchbook:1.8500; betrivers:1.8300; unibet_eu:1.8300; unibet:1.8300; onexbet:1.7700; nordicbet:1.7600; betsson:1.7600; coolbet:1.7600; playup:1.7500; tipico_de:1.7500; williamhill:1.7300,2-1,3.0,No
Lille vs AS Monaco,2025-02-22 11:00:00,Over 3.0,2.15,2.0383,5.213712869436559e-05,6.0,0.0101795300595955,0.0075388042333941,7.654750752192145e-05,6.0,0.0123638294383398,0.0088415894333011,coolbet,6.0,0.1117,0.053,3.98,Ligue 1,Goles (Over/Under),2025-02-21,coolbet:2.1500; pinnacle:2.0400; bovada:2.0200; lowvig:2.0200; betonlineag:2.0200; betus:1.9800,2-1,3.0,No
Lille vs AS Monaco,2025-02-22 11:00:00,Under 3.0,1.86,1.8067,5.213712869436559e-05,6.0,0.0101795300595955,0.0075388042333941,6.920410613023955e-05,6.0,0.0116859378766371,0.0096705262245,pinnacle,6.0,0.0533,0.0377,4.27,Ligue 1,Goles (Over/Under),2025-02-21,pinnacle:1.8600; bovada:1.8200; lowvig:1.8200; betonlineag:1.8200; betus:1.7800; coolbet:1.7400,2-1,3.0,No
Cerezo Osaka vs Shonan Bellmare,2025-02-22 01:00:00,Over 2.5,1.85,1.8062,5.194659805129043e-05,16.0,0.0101740502472328,0.0074822521294038,9.520652995587284e-05,16.0,0.0136967263768686,0.0116069693220573,pinnacle,16.0,0.0437,0.0437,6.41,J1 League,Goles (Over/Under),2025-02-21,pinnacle:1.8500; betonlineag:1.8500; lowvig:1.8500; matchbook:1.8400; onexbet:1.8300; bovada:1.8300; playup:1.8300; williamhill:1.8300; betanysports:1.8300; coolbet:1.8200; nordicbet:1.8000; betsson:1.8000; tipico_de:1.7500; betrivers:1.7300; unibet_eu:1.7300; unibet:1.7300,1-2,3.0,Si
Cerezo Osaka vs Shonan Bellmare,2025-02-22 01:00:00,Under 2.5,2.06,1.9869,5.194659805129043e-05,16.0,0.0101740502472328,0.0074822521294038,7.184260791932299e-05,16.0,0.0119847201385851,0.0101080824161049,betrivers,16.0,0.0731,0.0474,6.35,J1 League,Goles (Over/Under),2025-02-21,betrivers:2.0600; unibet_eu:2.0600; unibet:2.0600; pinnacle:2.0300; coolbet:2.0000; bovada:2.0000; betanysports:2.0000; matchbook:2.0000; onexbet:1.9900; betonlineag:1.9700; lowvig:1.9700; nordicbet:1.9400; betsson:1.9400; tipico_de:1.9300; playup:1.9300; williamhill:1.9100,1-2,3.0,No
Colchester United vs Wimbledon,2025-02-22 10:00:00,Over 1.5,1.57,1.54,5.188270453030026e-05,7.0,0.009924781630349,0.0072059127539294,0.0001041201358369,7.0,0.0137210093866367,0.0121588836750482,betsson,7.0,0.03,0.0321,8.34,League Two,Goles (Over/Under),2025-02-21,betsson:1.5700; nordicbet:1.5700; matchbook:1.5700; playup:1.5500; tipico_de:1.5200; onexbet:1.5200; betrivers:1.4800,1-1,2.0,Sí
Colchester United vs Wimbledon,2025-02-22 10:00:00,Under 1.5,2.5,2.3786,5.188270453030026e-05,7.0,0.0099247816303491,0.0072059127539294,0.0001131450640622,7.0,0.0148601737397644,0.0125493953040576,betrivers,7.0,0.1214,0.0832,7.57,League Two,Goles (Over/Under),2025-02-21,betrivers:2.5000; matchbook:2.4600; betsson:2.4000; nordicbet:2.4000; tipico_de:2.3500; playup:2.3000; onexbet:2.2400,1-1,2.0,No
Braga vs Nacional,2025-02-21 15:15:00,Over 2.5,1.83,1.745,5.123430204728533e-05,10.0,0.010090770780201,0.0085454196164334,8.86745459631793e-05,10.0,0.0131810023869175,0.0112025057167541,matchbook,10.0,0.085,0.0406,5.41,Liga Portugal,Goles (Over/Under),2025-02-21,matchbook:1.8300; betrivers:1.7700; unibet:1.7700; unibet_eu:1.7700; onexbet:1.7500; tipico_de:1.7500; coolbet:1.7100; betsson:1.7000; nordicbet:1.7000; williamhill:1.7000,0-1,1.0,No
Braga vs Nacional,2025-02-21 15:15:00,Under 2.5,2.16,2.054,5.123430204728533e-05,10.0,0.010090770780201,0.0085454196164335,0.0001110469980315,10.0,0.014895556190914,0.0123826216717464,matchbook,10.0,0.106,0.0625,5.12,Liga Portugal,Goles (Over/Under),2025-02-21,matchbook:2.1600; betsson:2.1000; nordicbet:2.1000; coolbet:2.1000; onexbet:2.0700; tipico_de:2.0500; williamhill:2.0500; betrivers:1.9700; unibet:1.9700; unibet_eu:1.9700,0-1,1.0,Sí
Austin FC vs Sporting Kansas City,2025-02-22 20:30:00,Over 3.0,2.02,1.966,5.057914722911114e-05,5.0,0.0100538318404225,0.009016610053042,8.690988439966977e-05,5.0,0.0131791613220346,0.012762318943385,bovada,5.0,0.054,0.0504,4.45,MLS,Goles (Over/Under),2025-02-21,bovada:2.0200; betonlineag:2.0000; lowvig:2.0000; betus:1.9100; coolbet:1.9000,1-0,1.0,No
Austin FC vs Sporting Kansas City,2025-02-22 20:30:00,Under 3.0,1.91,1.844,5.057914722911114e-05,5.0,0.0100538318404225,0.009016610053042,4.561655915271681e-05,5.0,0.0095266340756507,0.0075643179239436,coolbet,5.0,0.066,0.0332,4.99,MLS,Goles (Over/Under),2025-02-21,coolbet:1.9100; betonlineag:1.8300; lowvig:1.8300; betus:1.8300; bovada:1.8200,1-0,1.0,Sí
Royal Antwerp vs Leuven,2025-02-22 14:45:00,Over 2.5,1.99,1.9044,5.044430699981689e-05,16.0,0.010043325130651,0.0085149125339693,9.64614863849724e-05,16.0,0.0138665189925541,0.0120724877545576,matchbook,16.0,0.0856,0.05,5.81,Pro League,Goles (Over/Under),2025-02-21,matchbook:1.9900; pinnacle:1.9700; coolbet:1.9500; onexbet:1.9400; betsson:1.9400; nordicbet:1.9400; lowvig:1.9200; betonlineag:1.9200; bovada:1.9100; playup:1.9100; tipico_de:1.8700; betus:1.8700; williamhill:1.8500; betrivers:1.8300; unibet_eu:1.8300; unibet:1.8300,0-0,0.0,No
Royal Antwerp vs Leuven,2025-02-22 14:45:00,Under 2.5,1.93,1.8838,5.044430699981689e-05,16.0,0.010043325130651,0.0085149125339693,5.547054073001884e-05,16.0,0.0105051148888954,0.0081536534921101,betrivers,16.0,0.0462,0.0367,6.46,Pro League,Goles (Over/Under),2025-02-21,betrivers:1.9300; unibet_eu:1.9300; unibet:1.9300; bovada:1.9100; williamhill:1.9100; lowvig:1.9000; betonlineag:1.9000; matchbook:1.8900; pinnacle:1.8800; onexbet:1.8800; betus:1.8800; coolbet:1.8700; tipico_de:1.8700; betsson:1.8300; nordicbet:1.8300; playup:1.8000,0-0,0.0,Sí
Austin FC vs Sporting Kansas City,2025-02-22 20:30:00,Over 2.5,1.68,1.6212,4.928764132282417e-05,8.0,0.0098030463198083,0.0085169981012918,0.0002718167591741,8.0,0.0224952810281979,0.0171039201028585,nordicbet,8.0,0.0587,0.0569,6.69,MLS,Goles (Over/Under),2025-02-21,nordicbet:1.6800; betsson:1.6800; onexbet:1.6500; playup:1.6500; betrivers:1.6200; mybookieag:1.6200; williamhill:1.5700; matchbook:1.5000,1-0,1.0,No
Austin FC vs Sporting Kansas City,2025-02-22 20:30:00,Under 2.5,2.3,2.21,4.928764132282417e-05,8.0,0.0098030463198084,0.0085169981012918,6.604344193094798e-05,8.0,0.0114395262850641,0.0086983829014056,williamhill,8.0,0.09,0.0559,10.14,MLS,Goles (Over/Under),2025-02-21,williamhill:2.3000; betrivers:2.2800; onexbet:2.2200; mybookieag:2.2100; nordicbet:2.2000; betsson:2.2000; playup:2.1500; matchbook:2.1200,1-0,1.0,Sí
Antalyaspor vs Kasimpasa SK,2025-02-22 08:00:00,Over 3.0,2.03,1.9925,4.918971226923629e-05,4.0,0.0099086644343748,0.0076142013112857,9.703804957071116e-05,4.0,0.0139263219433966,0.0120296901352048,coolbet,4.0,0.0375,0.0536,6.08,Süper Lig,Goles (Over/Under),2025-02-21,coolbet:2.0300; pinnacle:2.0200; bovada:2.0200; betus:1.9000,2-1,3.0,No
Antalyaspor vs Kasimpasa SK,2025-02-22 08:00:00,Under 3.0,1.84,1.815,4.918971226923629e-05,4.0,0.0099086644343748,0.0076142013112858,5.199780031149957e-05,4.0,0.0101326464269942,0.0085172979194718,pinnacle,4.0,0.025,0.0328,6.98,Süper Lig,Goles (Over/Under),2025-02-21,pinnacle:1.8400; betus:1.8400; bovada:1.8200; coolbet:1.7600,2-1,3.0,No
AGF Aarhus vs AaB,2025-02-23 08:00:00,Over 2.5,1.68,1.64,4.5743305307769726e-05,9.0,0.0094626076978547,0.0083821132395856,7.705697278391621e-05,9.0,0.0121129995737443,0.0115256243472813,betrivers,9.0,0.04,0.0327,6.04,Superliga Denmark,Goles (Over/Under),2025-02-21,betrivers:1.6800; unibet_eu:1.6800; unibet:1.6800; onexbet:1.6600; williamhill:1.6200; nordicbet:1.6200; betsson:1.6200; tipico_de:1.6000; playup:1.6000,4-0,4.0,Sí
AGF Aarhus vs AaB,2025-02-23 08:00:00,Under 2.5,2.29,2.2056,4.5743305307769726e-05,9.0,0.0094626076978547,0.0083821132395855,5.51517509436128e-05,9.0,0.0104506661523373,0.0082488451196348,nordicbet,9.0,0.0844,0.0514,6.17,Superliga Denmark,Goles (Over/Under),2025-02-21,nordicbet:2.2900; betsson:2.2900; onexbet:2.2200; tipico_de:2.2000; williamhill:2.2000; playup:2.2000; betrivers:2.1500; unibet_eu:2.1500; unibet:2.1500,4-0,4.0,No
Rangers vs St Mirren,2025-02-22 10:00:00,Over 3.5,2.15,2.0208,4.529227761164534e-05,12.0,0.0094873832127279,0.0072469008554162,0.0001285077350482,12.0,0.0160227828638258,0.0125770669284577,lowvig,12.0,0.1292,0.0673,3.98,Scottish Premiership,Goles (Over/Under),2025-02-21,lowvig:2.1500; betonlineag:2.1500; matchbook:2.0800; onexbet:2.0200; coolbet:2.0100; betsson:2.0000; nordicbet:2.0000; playup:2.0000; unibet:1.9700; unibet_eu:1.9700; betrivers:1.9700; tipico_de:1.9300,0-2,2.0,No
Rangers vs St Mirren,2025-02-22 10:00:00,Under 3.5,1.8,1.7708,4.529227761164534e-05,12.0,0.0094873832127279,0.0072469008554163,1.958045494279479e-05,12.0,0.0062024086653933,0.0055313094522414,matchbook,12.0,0.0292,0.0193,7.37,Scottish Premiership,Goles (Over/Under),2025-02-21,matchbook:1.8000; onexbet:1.7900; betsson:1.7800; nordicbet:1.7800; unibet:1.7800; unibet_eu:1.7800; betrivers:1.7800; coolbet:1.7800; playup:1.7500; tipico_de:1.7500; lowvig:1.7400; betonlineag:1.7400,0-2,2.0,Sí
Granada CF vs Zaragoza,2025-02-22 12:30:00,Over 2.5,2.27,2.1875,4.475486047631172e-05,8.0,0.0093678382954357,0.0087900031123717,6.946496613630305e-05,8.0,0.0117488837123742,0.0093750880139752,onexbet,8.0,0.0825,0.0554,6.55,La Liga 2,Goles (Over/Under),2025-02-21,onexbet:2.2700; betsson:2.2200; nordicbet:2.2200; tipico_de:2.2000; williamhill:2.2000; coolbet:2.1900; unibet:2.1000; unibet_eu:2.1000,2-2,4.0,Sí
Granada CF vs Zaragoza,2025-02-22 12:30:00,Under 2.5,1.69,1.635,4.475486047631172e-05,8.0,0.0093678382954358,0.0087900031123718,6.3040523874078e-05,8.0,0.0109576850548552,0.0097304517729078,coolbet,8.0,0.055,0.0296,6.79,La Liga 2,Goles (Over/Under),2025-02-21,coolbet:1.6900; unibet:1.6600; unibet_eu:1.6600; onexbet:1.6300; williamhill:1.6200; betsson:1.6100; nordicbet:1.6100; tipico_de:1.6000,2-2,4.0,No
Nashville SC vs New England Revolution,2025-02-22 20:30:00,Over 2.75,1.88,1.855,4.45446686381546e-05,6.0,0.0094338209698455,0.0082317641209621,2.705346164756412e-05,6.0,0.0073300333016941,0.0068454699243184,pinnacle,6.0,0.025,0.025,6.67,MLS,Goles (Over/Under),2025-02-21,pinnacle:1.8800; betonlineag:1.8700; lowvig:1.8700; betus:1.8700; bovada:1.8200; betanysports:1.8200,0-0,0.0,No
Nashville SC vs New England Revolution,2025-02-22 20:30:00,Under 2.75,2.02,1.96,4.45446686381546e-05,6.0,0.0094338209698454,0.008231764120962,9.02829680363083e-05,6.0,0.0134293791223572,0.0103358752164809,bovada,6.0,0.06,0.051,4.45,MLS,Goles (Over/Under),2025-02-21,bovada:2.0200; betanysports:2.0200; pinnacle:1.9500; betonlineag:1.9500; lowvig:1.9500; betus:1.8700,0-0,0.0,Sí
Eyüpspor vs Besiktas JK,2025-02-21 12:00:00,Over 2.5,2.02,1.8983,4.428935768111315e-05,12.0,0.0094107446478058,0.0082445307411558,0.0001666675934361,12.0,0.0182237342800177,0.0152653798488993,matchbook,12.0,0.1217,0.0658,3.56,Süper Lig,Goles (Over/Under),2025-02-21,matchbook:2.0200; onexbet:1.9700; pinnacle:1.9700; bovada:1.9300; coolbet:1.9300; tipico_de:1.9000; nordicbet:1.8800; betsson:1.8800; betus:1.8700; betrivers:1.8100; unibet_eu:1.8100; unibet:1.8100,1-3,4.0,Sí
Eyüpspor vs Besiktas JK,2025-02-21 12:00:00,Under 2.5,1.94,1.9025,4.428935768111315e-05,12.0,0.0094107446478059,0.0082445307411558,3.5253877203516405e-05,12.0,0.008382723356206,0.00753814412993,matchbook,12.0,0.0375,0.03,6.8,Süper Lig,Goles (Over/Under),2025-02-21,matchbook:1.9400; onexbet:1.9300; betus:1.9300; pinnacle:1.9200; betrivers:1.9200; unibet_eu:1.9200; unibet:1.9200; bovada:1.8900; nordicbet:1.8800; betsson:1.8800; coolbet:1.8500; tipico_de:1.8500,1-3,4.0,No
Seattle Sounders FC vs Charlotte FC,2025-02-22 22:30:00,Over 2.5,2.0,1.9443,4.4281344948975286e-05,14.0,0.00940809124416,0.0083020908210389,7.564189117638955e-05,14.0,0.012292766359311,0.0112300936490583,nordicbet,14.0,0.0557,0.0464,5.56,MLS,Goles (Over/Under),2025-02-21,nordicbet:2.0000; betsson:2.0000; betonlineag:2.0000; lowvig:2.0000; pinnacle:1.9900; onexbet:1.9600; bovada:1.9500; playup:1.9500; williamhill:1.9100; mybookieag:1.9100; unibet:1.8900; unibet_eu:1.8900; betrivers:1.8900; coolbet:1.8800,2-2,4.0,Sí
Seattle Sounders FC vs Charlotte FC,2025-02-22 22:30:00,Under 2.5,1.93,1.8521,4.4281344948975286e-05,14.0,0.00940809124416,0.0083020908210389,4.181631667906069e-05,14.0,0.0091188125586067,0.0073880396513437,coolbet,14.0,0.0779,0.0317,5.0,MLS,Goles (Over/Under),2025-02-21,coolbet:1.9300; unibet:1.8800; unibet_eu:1.8800; betrivers:1.8800; bovada:1.8700; pinnacle:1.8500; williamhill:1.8500; onexbet:1.8400; nordicbet:1.8300; betsson:1.8300; betonlineag:1.8300; lowvig:1.8300; mybookieag:1.8300; playup:1.8000,2-2,4.0,No
West Bromwich Albion vs Oxford United,2025-02-22 10:00:00,Over 2.25,2.0,1.94,4.400190265722677e-05,5.0,0.0093788676608847,0.007505233575072,4.88941170285332e-05,5.0,0.0098838507009989,0.0085290148448042,bovada,5.0,0.06,0.0374,4.64,Championship,Goles (Over/Under),2025-02-21,bovada:2.0000; lowvig:1.9500; betonlineag:1.9500; pinnacle:1.9000; betus:1.9000,2-0,2.0,No
West Bromwich Albion vs Oxford United,2025-02-22 10:00:00,Under 2.25,1.95,1.878,4.400190265722677e-05,5.0,0.0093788676608847,0.007505233575072,5.990284526597219e-05,5.0,0.0109263566894013,0.0079555288812761,pinnacle,5.0,0.072,0.0392,3.91,Championship,Goles (Over/Under),2025-02-21,pinnacle:1.9500; lowvig:1.8700; betonlineag:1.8700; betus:1.8700; bovada:1.8300,2-0,2.0,Sí
Cremonese vs Cesena FC,2025-02-22 11:15:00,Over 2.5,2.12,2.094,4.364268461827369e-05,10.0,0.0092910805046138,0.0072578200128247,5.5554300671779226e-05,10.0,0.0105366925851641,0.0071644929720616,coolbet,10.0,0.026,0.0441,8.52,Serie B,Goles (Over/Under),2025-02-21,coolbet:2.1200; matchbook:2.1200; betrivers:2.1200; unibet_eu:2.1200; unibet:2.1200; onexbet:2.1100; williamhill:2.1000; nordicbet:2.0800; betsson:2.0800; tipico_de:1.9700,1-2,3.0,Sí
Cremonese vs Cesena FC,2025-02-22 11:15:00,Under 2.5,1.74,1.688,4.364268461827369e-05,10.0,0.0092910805046138,0.0072578200128247,0.0001061926330917,10.0,0.0142956295892558,0.0124436805924287,matchbook,10.0,0.052,0.0402,8.23,Serie B,Goles (Over/Under),2025-02-21,matchbook:1.7400; onexbet:1.7300; tipico_de:1.7200; nordicbet:1.7000; betsson:1.7000; williamhill:1.7000; coolbet:1.7000; betrivers:1.6300; unibet_eu:1.6300; unibet:1.6300,1-2,3.0,No
Inter Miami CF vs New York City FC,2025-02-22 19:30:00,Over 3.0,1.91,1.8686,4.338877656248401e-05,7.0,0.0093125426047803,0.0087567254106566,4.0830127014478525e-05,7.0,0.009012404208807,0.0086903001124407,pinnacle,7.0,0.0414,0.0314,5.83,MLS,Goles (Over/Under),2025-02-21,pinnacle:1.9100; betonlineag:1.8900; lowvig:1.8900; betus:1.8900; coolbet:1.8400; bovada:1.8300; betanysports:1.8300,2-2,4.0,Sí
Inter Miami CF vs New York City FC,2025-02-22 19:30:00,Under 3.0,2.0,1.9471,4.338877656248401e-05,7.0,0.0093125426047803,0.0087567254106566,6.543094041442435e-05,7.0,0.0114318065652821,0.0096748431554119,bovada,7.0,0.0529,0.043,4.64,MLS,Goles (Over/Under),2025-02-21,bovada:2.0000; betanysports:2.0000; coolbet:1.9700; pinnacle:1.9300; betonlineag:1.9300; lowvig:1.9300; betus:1.8700,2-2,4.0,No
SC Freiburg vs Werder Bremen,2025-02-21 14:30:00,Over 2.5,2.0,1.9487,4.250936487582852e-05,15.0,0.00921854998105,0.0075635975692338,8.17693207371087e-05,15.0,0.0127752842524293,0.0098117571664005,onexbet,15.0,0.0513,0.0473,5.56,Bundesliga,Goles (Over/Under),2025-02-21,onexbet:2.0000; lowvig:2.0000; betonlineag:2.0000; matchbook:1.9900; pinnacle:1.9800; coolbet:1.9700; nordicbet:1.9600; betsson:1.9600; williamhill:1.9500; playup:1.9500; betus:1.9400; bovada:1.9300; tipico_de:1.9000; betrivers:1.8500; unibet_eu:1.8500,5-0,5.0,Sí
SC Freiburg vs Werder Bremen,2025-02-21 14:30:00,Under 2.5,1.99,1.8787,4.250936487582852e-05,15.0,0.00921854998105,0.0075635975692338,9.952366812631664e-05,15.0,0.0140800039821633,0.0117114829766708,matchbook,15.0,0.1113,0.0503,4.31,Bundesliga,Goles (Over/Under),2025-02-21,matchbook:1.9900; onexbet:1.9500; pinnacle:1.9300; betrivers:1.9100; unibet_eu:1.9100; bovada:1.8900; coolbet:1.8800; betus:1.8800; tipico_de:1.8500; nordicbet:1.8500; betsson:1.8500; playup:1.8300; lowvig:1.8300; betonlineag:1.8300; williamhill:1.8000,5-0,5.0,No
Málaga vs Tenerife,2025-02-21 14:30:00,Over 1.5,1.61,1.5317,4.2464568108394256e-05,6.0,0.0089926684540107,0.0083808284561456,0.0001540986795171,6.0,0.0167732249733357,0.0120593442369191,matchbook,6.0,0.0783,0.0402,5.78,La Liga 2,Goles (Over/Under),2025-02-21,matchbook:1.6100; onexbet:1.5400; nordicbet:1.5300; betsson:1.5300; unibet:1.4900; unibet_eu:1.4900,1-0,1.0,No
Málaga vs Tenerife,2025-02-21 14:30:00,Under 1.5,2.6,2.4183,4.2464568108394256e-05,6.0,0.0089926684540106,0.0083808284561456,0.0001709365956936,6.0,0.0182006720535638,0.014911771014384,matchbook,6.0,0.1817,0.1071,5.58,La Liga 2,Goles (Over/Under),2025-02-21,matchbook:2.6000; onexbet:2.4700; unibet:2.4300; unibet_eu:2.4300; nordicbet:2.2900; betsson:2.2900,1-0,1.0,Sí
Wycombe Wanderers vs Wigan Athletic,2025-02-22 10:00:00,Over 2.5,2.3,2.212,4.17506835988616e-05,10.0,0.009027071624674,0.00827578504884,7.057622038109878e-05,10.0,0.0118197128365074,0.0110058137036955,betsson,10.0,0.088,0.0584,5.98,League One,Goles (Over/Under),2025-02-21,betsson:2.3000; nordicbet:2.3000; onexbet:2.2700; playup:2.2500; tipico_de:2.2000; coolbet:2.1700; betrivers:2.1600; unibet:2.1600; unibet_eu:2.1600; williamhill:2.1500,0-0,0.0,No
Wycombe Wanderers vs Wigan Athletic,2025-02-22 10:00:00,Under 2.5,1.67,1.623,4.17506835988616e-05,10.0,0.0090270716246739,0.0082757850488399,3.604140144816924e-05,10.0,0.0082653311515971,0.0069963021734475,williamhill,10.0,0.047,0.0219,6.39,League One,Goles (Over/Under),2025-02-21,williamhill:1.6700; coolbet:1.6400; onexbet:1.6300; betrivers:1.6300; unibet:1.6300; unibet_eu:1.6300; betsson:1.6000; nordicbet:1.6000; tipico_de:1.6000; playup:1.6000,0-0,0.0,Sí
Pumas vs América,2025-02-22 22:05:00,Over 2.5,2.05,1.9956,4.17440661601802e-05,9.0,0.0091234278393283,0.0076330772907034,3.8943325133891046e-05,9.0,0.0088245994505582,0.0077014580757638,bovada,9.0,0.0544,0.035,6.58,Liga MX,Goles (Over/Under),2025-02-21,bovada:2.0500; unibet:2.0200; betrivers:2.0200; unibet_eu:2.0200; nordicbet:2.0000; betsson:2.0000; coolbet:1.9500; williamhill:1.9500; betus:1.9500,0-2,2.0,No
Pumas vs América,2025-02-22 22:05:00,Under 2.5,1.86,1.7789,4.17440661601802e-05,9.0,0.0091234278393283,0.0076330772907034,8.394127472601497e-05,9.0,0.0128578173266569,0.0103934453036114,coolbet,9.0,0.0811,0.0409,5.05,Liga MX,Goles (Over/Under),2025-02-21,coolbet:1.8600; bovada:1.8000; williamhill:1.8000; betus:1.8000; nordicbet:1.7800; betsson:1.7800; unibet:1.7300; betrivers:1.7300; unibet_eu:1.7300,0-2,2.0,Sí
Antalyaspor vs Kasimpasa SK,2025-02-22 08:00:00,Over 2.5,1.68,1.614,4.168717575326208e-05,5.0,0.0090009041495612,0.0076959659319548,0.0001070556560095,5.0,0.0142394579663481,0.0124352389087963,onexbet,5.0,0.066,0.0377,5.61,Süper Lig,Goles (Over/Under),2025-02-21,onexbet:1.6800; betrivers:1.6300; tipico_de:1.6000; nordicbet:1.5800; betsson:1.5800,2-1,3.0,Sí
Antalyaspor vs Kasimpasa SK,2025-02-22 08:00:00,Under 2.5,2.33,2.278,4.168717575326208e-05,5.0,0.0090009041495612,0.0076959659319548,7.381567849846634e-05,5.0,0.0120743043094334,0.0106651826279261,onexbet,5.0,0.052,0.0611,6.21,Süper Lig,Goles (Over/Under),2025-02-21,onexbet:2.3300; nordicbet:2.3200; betsson:2.3200; tipico_de:2.2500; betrivers:2.1700,2-1,3.0,No
Crewe Alexandra vs Barrow,2025-02-22 07:30:00,Over 2.0,1.94,1.8733,4.160865771267848e-05,6.0,0.0091216739833246,0.0083758458918525,9.511431927928892e-05,6.0,0.01376388705858,0.012468657324649,betonlineag,6.0,0.0667,0.0489,4.74,League Two,Goles (Over/Under),2025-02-21,betonlineag:1.9400; lowvig:1.9400; betus:1.8600; pinnacle:1.8500; bovada:1.8300; coolbet:1.8200,3-0,3.0,Sí
Crewe Alexandra vs Barrow,2025-02-22 07:30:00,Under 2.0,1.95,1.9033,4.160865771267848e-05,6.0,0.0091216739833247,0.0083758458918525,2.587236885949792e-05,6.0,0.0071851960882971,0.0064217708788556,pinnacle,6.0,0.0467,0.0262,6.23,League Two,Goles (Over/Under),2025-02-21,pinnacle:1.9500; coolbet:1.9200; bovada:1.9100; betonlineag:1.8800; lowvig:1.8800; betus:1.8800,3-0,3.0,No
Norwich City vs Stoke City,2025-02-22 10:00:00,Over 2.5,1.94,1.8631,4.143392232324141e-05,16.0,0.0090999132127471,0.0072492966493394,9.055759975960044e-05,16.0,0.0134135309261684,0.0112532614896604,matchbook,16.0,0.0769,0.0462,5.6,Championship,Goles (Over/Under),2025-02-21,matchbook:1.9400; lowvig:1.9200; betonlineag:1.9200; bovada:1.8900; pinnacle:1.8900; betus:1.8900; onexbet:1.8800; nordicbet:1.8700; betsson:1.8700; coolbet:1.8700; williamhill:1.8500; tipico_de:1.8300; playup:1.8200; betrivers:1.7900; unibet:1.7900; unibet_eu:1.7900,4-2,6.0,Sí
Norwich City vs Stoke City,2025-02-22 10:00:00,Under 2.5,2.0,1.92,4.143392232324141e-05,16.0,0.009099913212747,0.0072492966493394,7.116701191706749e-05,16.0,0.0119180909797493,0.0098209369979125,matchbook,16.0,0.08,0.044,5.87,Championship,Goles (Over/Under),2025-02-21,matchbook:2.0000; unibet:1.9800; betrivers:1.9700; unibet_eu:1.9700; pinnacle:1.9600; bovada:1.9300; onexbet:1.9200; playup:1.9200; nordicbet:1.9000; betsson:1.9000; lowvig:1.9000; betonlineag:1.9000; coolbet:1.9000; betus:1.8700; tipico_de:1.8500; williamhill:1.8500,4-2,6.0,No
Westerlo vs Charleroi,2025-02-22 12:15:00,Over 2.75,1.9,1.8667,4.129515399294609e-05,6.0,0.0090851627676331,0.007257301213709,3.425638255306693e-05,6.0,0.0082544914668171,0.007071339355763,pinnacle,6.0,0.0333,0.0287,6.11,Pro League,Goles (Over/Under),2025-02-21,pinnacle:1.9000; betus:1.9000; lowvig:1.8700; betonlineag:1.8700; bovada:1.8300; betanysports:1.8300,1-2,3.0,Sí
Westerlo vs Charleroi,2025-02-22 12:15:00,Under 2.75,2.0,1.9533,4.129515399294609e-05,6.0,0.0090851627676332,0.0072573012137091,6.741503807222169e-05,6.0,0.0116028709242104,0.0081356551944787,bovada,6.0,0.0467,0.0435,4.64,Pro League,Goles (Over/Under),2025-02-21,bovada:2.0000; betanysports:2.0000; pinnacle:1.9500; lowvig:1.9500; betonlineag:1.9500; betus:1.8700,1-2,3.0,No
St. Louis City SC vs Colorado Rapids,2025-02-22 20:30:00,Over 3.25,1.97,1.922,4.119025270809644e-05,5.0,0.0090756387950145,0.008161524476098,6.921607335492342e-05,5.0,0.0117527540218297,0.0113636537643703,pinnacle,5.0,0.048,0.0431,4.52,MLS,Goles (Over/Under),2025-02-21,pinnacle:1.9700; betonlineag:1.9500; lowvig:1.9500; bovada:1.8700; betus:1.8700,0-0,0.0,No
St. Louis City SC vs Colorado Rapids,2025-02-22 20:30:00,Under 3.25,1.95,1.884,4.119025270809644e-05,5.0,0.0090756387950145,0.008161524476098,4.179428841489504e-05,5.0,0.0091311904770748,0.0072504345749127,bovada,5.0,0.066,0.0332,4.76,MLS,Goles (Over/Under),2025-02-21,bovada:1.9500; betonlineag:1.8700; lowvig:1.8700; betus:1.8700; pinnacle:1.8600,0-0,0.0,Sí
Blackpool vs Crawley Town,2025-02-22 10:00:00,Over 2.75,1.95,1.932,4.098675210727791e-05,5.0,0.0090514869106451,0.0085556135770235,1.2145596102112458e-05,5.0,0.00492519804444,0.0047321096168723,bovada,5.0,0.018,0.0183,6.84,League One,Goles (Over/Under),2025-02-21,bovada:1.9500; betus:1.9500; pinnacle:1.9400; lowvig:1.9100; betonlineag:1.9100,3-1,4.0,Sí
Blackpool vs Crawley Town,2025-02-22 10:00:00,Under 2.75,1.91,1.862,4.098675210727791e-05,5.0,0.009051486910645,0.0085556135770234,0.0001118707948014,5.0,0.0149076300329696,0.0144713149948751,lowvig,5.0,0.048,0.0511,4.71,League One,Goles (Over/Under),2025-02-21,lowvig:1.9100; betonlineag:1.9100; pinnacle:1.8900; bovada:1.8000; betus:1.8000,3-1,4.0,No
Westerlo vs Charleroi,2025-02-22 12:15:00,Over 2.5,1.71,1.653,3.950298535008538e-05,10.0,0.0088070754507632,0.0077020416988316,6.569708960055604e-05,10.0,0.0112061948375288,0.0093200918945941,onexbet,10.0,0.057,0.0307,8.98,Pro League,Goles (Over/Under),2025-02-21,onexbet:1.7100; betsson:1.6800; nordicbet:1.6800; tipico_de:1.6700; williamhill:1.6500; playup:1.6500; betrivers:1.6300; unibet_eu:1.6300; unibet:1.6300; matchbook:1.6000,1-2,3.0,Sí
Westerlo vs Charleroi,2025-02-22 12:15:00,Under 2.5,2.23,2.149,3.950298535008538e-05,10.0,0.0088070754507631,0.0077020416988316,0.0001299374042677,10.0,0.0160926573016928,0.0113460140130958,betrivers,10.0,0.081,0.0718,7.34,Pro League,Goles (Over/Under),2025-02-21,betrivers:2.2300; unibet_eu:2.2300; unibet:2.2300; onexbet:2.1600; tipico_de:2.1500; williamhill:2.1500; betsson:2.1300; nordicbet:2.1300; playup:2.1000; matchbook:1.9800,1-2,3.0,No
Sampdoria vs Sassuolo,2025-02-21 14:30:00,Over 2.5,2.34,2.165,3.887695975313172e-05,8.0,0.0087368262420518,0.0083232495819627,0.0001794284459793,8.0,0.0188672672049785,0.0169421046989539,matchbook,8.0,0.175,0.0906,4.46,Serie B,Goles (Over/Under),2025-02-21,matchbook:2.3400; onexbet:2.2500; williamhill:2.2000; coolbet:2.1900; tipico_de:2.1000; betrivers:2.0800; unibet_eu:2.0800; unibet:2.0800,0-0,0.0,No
Sampdoria vs Sassuolo,2025-02-21 14:30:00,Under 2.5,1.72,1.655,3.887695975313172e-05,8.0,0.0087368262420519,0.0083232495819628,4.80327836015035e-05,8.0,0.0096104652930424,0.0062417193904003,matchbook,8.0,0.065,0.0269,6.22,Serie B,Goles (Over/Under),2025-02-21,matchbook:1.7200; coolbet:1.6600; tipico_de:1.6500; betrivers:1.6500; unibet_eu:1.6500; unibet:1.6500; onexbet:1.6400; williamhill:1.6200,0-0,0.0,Sí
FC Nordsjaelland vs SonderjyskE,2025-02-23 08:00:00,Over 3.5,2.25,2.2087,3.872225370623952e-05,8.0,0.0087262018024167,0.0057240478234272,9.065661089208778e-05,8.0,0.0134330241731272,0.0090275084874778,nordicbet,8.0,0.0413,0.0617,6.94,Superliga Denmark,Goles (Over/Under),2025-02-21,nordicbet:2.2500; betsson:2.2500; onexbet:2.2300; betrivers:2.2300; unibet_eu:2.2300; unibet:2.2300; playup:2.2000; tipico_de:2.0500,3-2,5.0,Sí
FC Nordsjaelland vs SonderjyskE,2025-02-23 08:00:00,Under 3.5,1.67,1.6388,3.872225370623952e-05,8.0,0.0087262018024167,0.0057240478234272,2.849060727416521e-05,8.0,0.0073558032194787,0.0060633230193266,tipico_de,8.0,0.0312,0.0196,8.66,Superliga Denmark,Goles (Over/Under),2025-02-21,tipico_de:1.6700; onexbet:1.6500; nordicbet:1.6500; betsson:1.6500; betrivers:1.6300; unibet_eu:1.6300; unibet:1.6300; playup:1.6000,3-2,5.0,No
FC Martigues vs Annecy FC,2025-02-21 14:00:00,Over 2.25,1.88,1.858,3.8399700448167366e-05,5.0,0.0087608133326046,0.0073829654751282,2.2829199996156627e-05,5.0,0.0067358433066997,0.006520818683563,pinnacle,5.0,0.022,0.0232,6.67,Ligue 2,Goles (Over/Under),2025-02-21,pinnacle:1.8800; betus:1.8800; bovada:1.8700; lowvig:1.8300; betonlineag:1.8300,0-2,2.0,No
FC Martigues vs Annecy FC,2025-02-21 14:00:00,Under 2.25,2.0,1.964,3.8399700448167366e-05,5.0,0.0087608133326046,0.0073829654751283,9.211639961105552e-05,5.0,0.0135632570621722,0.0114191690662278,pinnacle,5.0,0.036,0.0508,4.64,Ligue 2,Goles (Over/Under),2025-02-21,pinnacle:2.0000; lowvig:2.0000; betonlineag:2.0000; bovada:1.9500; betus:1.8700,0-2,2.0,Sí
Houston Dynamo vs FC Dallas,2025-02-22 20:30:00,Over 2.5,1.85,1.8014,3.8200901995859365e-05,14.0,0.0087326031043781,0.007117863237694,8.406341582034395e-05,14.0,0.012868401184222,0.0102049660834787,betrivers,14.0,0.0486,0.041,6.14,MLS,Goles (Over/Under),2025-02-21,betrivers:1.8500; unibet:1.8500; unibet_eu:1.8500; pinnacle:1.8300; onexbet:1.8200; betonlineag:1.8200; lowvig:1.8200; nordicbet:1.8000; betsson:1.8000; coolbet:1.8000; mybookieag:1.7700; williamhill:1.7500; playup:1.7500; matchbook:1.7100,1-2,3.0,Sí
Houston Dynamo vs FC Dallas,2025-02-22 20:30:00,Under 2.5,2.05,1.9886,3.8200901995859365e-05,14.0,0.0087326031043781,0.007117863237694,6.478136795120113e-05,14.0,0.0113803458991392,0.0096246269930224,nordicbet,14.0,0.0614,0.0445,7.26,MLS,Goles (Over/Under),2025-02-21,nordicbet:2.0500; betsson:2.0500; betonlineag:2.0200; lowvig:2.0200; coolbet:2.0200; pinnacle:2.0100; williamhill:2.0000; playup:2.0000; onexbet:1.9900; mybookieag:1.9800; matchbook:1.9400; betrivers:1.9200; unibet:1.9200; unibet_eu:1.9200,1-2,3.0,No
Volos FC vs Levadiakos,2025-02-22 13:00:00,Over 2.5,2.6,2.5375,3.812630314253991e-05,4.0,0.0084042858592904,0.0077012035369248,5.389428629706393e-05,4.0,0.0101520227404864,0.0097331240188383,unibet_eu,4.0,0.0625,0.065,8.39,Super League Greece,Goles (Over/Under),2025-02-21,unibet_eu:2.6000; unibet:2.6000; williamhill:2.5000; tipico_de:2.4500,2-1,3.0,Sí
Volos FC vs Levadiakos,2025-02-22 13:00:00,Under 2.5,1.47,1.4425,3.812630314253991e-05,4.0,0.0084042858592905,0.0077012035369249,3.549192063568839e-05,4.0,0.0077950145462313,0.0065286895644038,tipico_de,4.0,0.0275,0.0164,8.84,Super League Greece,Goles (Over/Under),2025-02-21,tipico_de:1.4700; williamhill:1.4400; unibet_eu:1.4300; unibet:1.4300,2-1,3.0,No
Aston Villa vs Chelsea,2025-02-22 12:30:00,Over 3.5,2.41,2.3543,3.811561479310509e-05,7.0,0.0085791617948887,0.0062452492548356,8.86356946471976e-05,7.0,0.0131966253096634,0.0101891481952028,betsson,7.0,0.0557,0.0701,5.6,Premier League,Goles (Over/Under),2025-02-21,betsson:2.4100; onexbet:2.4000; betrivers:2.4000; unibet_eu:2.4000; playup:2.3500; mybookieag:2.3200; tipico_de:2.2000,2-1,3.0,No
Aston Villa vs Chelsea,2025-02-22 12:30:00,Under 3.5,1.64,1.5857,3.811561479310509e-05,7.0,0.0085791617948887,0.0062452492548356,6.325630145730535e-05,7.0,0.0108777100505266,0.0093445124980431,onexbet,7.0,0.0543,0.0277,6.43,Premier League,Goles (Over/Under),2025-02-21,onexbet:1.6400; tipico_de:1.6000; betsson:1.6000; playup:1.5800; mybookieag:1.5600; betrivers:1.5600; unibet_eu:1.5600,2-1,3.0,Sí
Karlsruher SC vs 1. FC Magdeburg,2025-02-22 07:00:00,Over 3.5,2.17,2.1412,3.746727616611001e-05,8.0,0.0085931398730435,0.0077087842712842,4.183554132222653e-05,8.0,0.0091336322959065,0.0074034611537127,betrivers,8.0,0.0288,0.0408,7.43,Bundesliga 2,Goles (Over/Under),2025-02-21,betrivers:2.1700; unibet:2.1700; unibet_eu:2.1700; betsson:2.1600; nordicbet:2.1600; onexbet:2.1500; playup:2.1000; tipico_de:2.0500,3-1,4.0,Sí
Karlsruher SC vs 1. FC Magdeburg,2025-02-22 07:00:00,Under 3.5,1.7,1.6562,3.746727616611001e-05,8.0,0.0085931398730435,0.0077087842712842,5.934714619898024e-05,8.0,0.0106691903787582,0.0100457987699044,tipico_de,8.0,0.0437,0.0296,7.6,Bundesliga 2,Goles (Over/Under),2025-02-21,tipico_de:1.7000; onexbet:1.7000; playup:1.6800; betsson:1.6400; nordicbet:1.6400; betrivers:1.6300; unibet:1.6300; unibet_eu:1.6300,3-1,4.0,No
Puebla vs Tijuana,2025-02-21 22:00:00,Over 2.5,1.74,1.6938,3.6774247144186624e-05,8.0,0.0085215442664391,0.0074544512196438,0.0001144108075182,8.0,0.0148538494699482,0.0142356670813278,matchbook,8.0,0.0462,0.0421,6.25,Liga MX,Goles (Over/Under),2025-02-21,matchbook:1.7400; williamhill:1.7300; betsson:1.7200; nordicbet:1.7200; coolbet:1.7200; unibet:1.6400; betrivers:1.6400; unibet_eu:1.6400,2-0,2.0,No
Puebla vs Tijuana,2025-02-21 22:00:00,Under 2.5,2.18,2.1225,3.6774247144186624e-05,8.0,0.0085215442664391,0.0074544512196437,3.3233368422064346e-05,8.0,0.0081406045686306,0.0065851306967803,matchbook,8.0,0.0575,0.0363,6.85,Liga MX,Goles (Over/Under),2025-02-21,matchbook:2.1800; unibet:2.1400; betrivers:2.1400; unibet_eu:2.1400; coolbet:2.1300; betsson:2.1000; nordicbet:2.1000; williamhill:2.0500,2-0,2.0,Sí
Málaga vs Tenerife,2025-02-21 14:30:00,Over 2.0,2.04,2.0014,3.657153678045111e-05,7.0,0.0085465337663516,0.0061176776190922,9.38817075553896e-05,7.0,0.0136961882079026,0.009117905657023,pinnacle,7.0,0.0386,0.0525,5.2,La Liga 2,Goles (Over/Under),2025-02-21,pinnacle:2.0400; lowvig:2.0400; betonlineag:2.0400; coolbet:2.0100; bovada:2.0000; betanysports:2.0000; betus:1.8800,1-0,1.0,No
Málaga vs Tenerife,2025-02-21 14:30:00,Under 2.0,1.85,1.8229,3.657153678045111e-05,7.0,0.0085465337663515,0.0061176776190922,2.479293265203036e-05,7.0,0.0070052430962068,0.0059244386189787,pinnacle,7.0,0.0271,0.0231,7.25,La Liga 2,Goles (Over/Under),2025-02-21,pinnacle:1.8500; betus:1.8500; bovada:1.8300; betanysports:1.8300; lowvig:1.8100; betonlineag:1.8100; coolbet:1.7800,1-0,1.0,Sí
Bolton Wanderers vs Leyton Orient,2025-02-22 10:00:00,Over 2.5,2.0,1.9262,3.629421869518369e-05,16.0,0.0085182346689718,0.0076621325459226,9.644494520148755e-05,16.0,0.0138731999924796,0.0123472601091775,pinnacle,16.0,0.0737,0.0511,5.56,League One,Goles (Over/Under),2025-02-21,pinnacle:2.0000; matchbook:1.9900; lowvig:1.9800; betonlineag:1.9800; onexbet:1.9700; betsson:1.9500; nordicbet:1.9500; playup:1.9500; bovada:1.9300; williamhill:1.9100; tipico_de:1.9000; coolbet:1.8900; betus:1.8700; betrivers:1.8500; unibet:1.8500; unibet_eu:1.8500,2-1,3.0,Sí
Bolton Wanderers vs Leyton Orient,2025-02-22 10:00:00,Under 2.5,1.88,1.8438,3.629421869518369e-05,16.0,0.0085182346689718,0.0076621325459225,2.4181664342504542e-05,16.0,0.0069269800755922,0.0057697724906504,betus,16.0,0.0362,0.0234,7.25,League One,Goles (Over/Under),2025-02-21,betus:1.8800; betrivers:1.8700; unibet:1.8700; unibet_eu:1.8700; matchbook:1.8600; williamhill:1.8500; coolbet:1.8500; lowvig:1.8500; betonlineag:1.8500; pinnacle:1.8400; onexbet:1.8300; betsson:1.8300; nordicbet:1.8300; bovada:1.8200; tipico_de:1.8000; playup:1.8000,2-1,3.0,No
FC Tokyo vs FC Machida Zelvia,2025-02-22 01:00:00,Over 2.5,2.2,2.1236,3.612150379389983e-05,11.0,0.0084473893692955,0.0076182814775903,6.411555035957488e-05,11.0,0.0113032463799288,0.009630595610887,coolbet,11.0,0.0764,0.051,5.7,J1 League,Goles (Over/Under),2025-02-21,coolbet:2.2000; matchbook:2.2000; onexbet:2.1700; williamhill:2.1500; nordicbet:2.1300; betsson:2.1300; playup:2.1200; unibet:2.0700; unibet_eu:2.0700; betrivers:2.0700; tipico_de:2.0500,0-1,1.0,No
FC Tokyo vs FC Machida Zelvia,2025-02-22 01:00:00,Under 2.5,1.73,1.69,3.612150379389983e-05,11.0,0.0084473893692955,0.0076182814775903,4.4131547307029465e-05,11.0,0.0092430550981309,0.0082012897594144,unibet,11.0,0.04,0.0266,6.58,J1 League,Goles (Over/Under),2025-02-21,unibet:1.7300; unibet_eu:1.7300; betrivers:1.7300; onexbet:1.7000; coolbet:1.6800; playup:1.6800; matchbook:1.6800; tipico_de:1.6700; williamhill:1.6700; nordicbet:1.6600; betsson:1.6600,0-1,1.0,Si
Deportivo La Coruña vs SD Huesca,2025-02-23 08:00:00,Over 2.0,1.81,1.7857,3.596284064316191e-05,7.0,0.0084634462462472,0.0062106552465545,2.464163870720825e-05,7.0,0.006963010467076,0.0051575576673535,pinnacle,7.0,0.0243,0.0219,6.8,La Liga 2,Goles (Over/Under),2025-02-21,pinnacle:1.8100; betus:1.8100; lowvig:1.7900; betonlineag:1.7900; bovada:1.7800; betanysports:1.7800; coolbet:1.7400,0-0,0.0,No
Deportivo La Coruña vs SD Huesca,2025-02-23 08:00:00,Under 2.0,2.1,2.0557,3.596284064316191e-05,7.0,0.0084634462462472,0.0062106552465546,7.398446345064458e-05,7.0,0.0121620541958242,0.0085109776594465,coolbet,7.0,0.0443,0.0492,5.09,La Liga 2,Goles (Over/Under),2025-02-21,coolbet:2.1000; bovada:2.0800; betanysports:2.0800; lowvig:2.0700; betonlineag:2.0700; pinnacle:2.0500; betus:1.9400,0-0,0.0,Sí
USL Dunkerque vs Clermont,2025-02-21 14:00:00,Over 2.5,2.2,2.158,3.5960970770388495e-05,10.0,0.0084063457650186,0.0068262677621074,5.537553628207161e-05,10.0,0.0105027817940298,0.0082446776936465,betrivers,10.0,0.042,0.0477,7.57,Ligue 2,Goles (Over/Under),2025-02-21,betrivers:2.2000; unibet_eu:2.2000; unibet:2.2000; coolbet:2.2000; onexbet:2.1800; betsson:2.1500; nordicbet:2.1500; playup:2.1500; williamhill:2.1000; tipico_de:2.0500,0-3,3.0,Sí
USL Dunkerque vs Clermont,2025-02-21 14:00:00,Under 2.5,1.68,1.645,3.5960970770388495e-05,10.0,0.0084063457650186,0.0068262677621075,4.536204805078207e-05,10.0,0.0092915581226634,0.0078444466234103,onexbet,10.0,0.035,0.025,8.3,Ligue 2,Goles (Over/Under),2025-02-21,onexbet:1.6800; tipico_de:1.6700; williamhill:1.6700; betsson:1.6500; nordicbet:1.6500; playup:1.6500; coolbet:1.6500; betrivers:1.6100; unibet_eu:1.6100; unibet:1.6100,0-3,3.0,No
Borussia Dortmund vs Union Berlin,2025-02-22 12:30:00,Over 2.5,1.66,1.5967,3.56776205902269e-05,9.0,0.0082858316334652,0.0073614337174805,0.0001378734434834,9.0,0.0160678675731441,0.0145674110428969,onexbet,9.0,0.0633,0.0411,4.1,Bundesliga,Goles (Over/Under),2025-02-21,onexbet:1.6600; matchbook:1.6500; betsson:1.6200; nordicbet:1.6200; playup:1.6000; tipico_de:1.5700; williamhill:1.5500; betrivers:1.5500; unibet_eu:1.5500,6-0,6.0,Sí
Borussia Dortmund vs Union Berlin,2025-02-22 12:30:00,Under 2.5,2.44,2.3633,3.56776205902269e-05,9.0,0.0082858316334651,0.0073614337174805,5.0218374868145226e-05,9.0,0.0099065770273997,0.0089438442233458,matchbook,9.0,0.0767,0.055,5.5,Bundesliga,Goles (Over/Under),2025-02-21,matchbook:2.4400; onexbet:2.4200; betrivers:2.4000; unibet_eu:2.4000; williamhill:2.3800; tipico_de:2.3500; betsson:2.3000; nordicbet:2.3000; playup:2.2800,6-0,6.0,No
Hellas Verona vs Fiorentina,2025-02-23 09:00:00,Over 2.5,2.06,1.9812,3.56546498124241e-05,16.0,0.0084406339311345,0.0067559006908837,0.0001120418388084,16.0,0.0149632997307176,0.0129061493742698,matchbook,16.0,0.0788,0.0576,4.1,Serie A,Goles (Over/Under),2025-02-21,matchbook:2.0600; onexbet:2.0400; coolbet:2.0400; pinnacle:2.0300; lowvig:2.0200; betonlineag:2.0200; nordicbet:2.0000; betsson:2.0000; bovada:2.0000; betus:2.0000; playup:1.9800; tipico_de:1.9300; williamhill:1.9100; betmgm:1.9100; betrivers:1.8800; unibet_eu:1.8800,1-0,1.0,No
Hellas Verona vs Fiorentina,2025-02-23 09:00:00,Under 2.5,1.91,1.8431,3.56546498124241e-05,16.0,0.0084406339311345,0.0067559006908837,4.514403202002218e-05,16.0,0.0094710295566124,0.0080579048982996,matchbook,16.0,0.0669,0.0325,5.55,Serie A,Goles (Over/Under),2025-02-21,matchbook:1.9100; onexbet:1.9000; betrivers:1.8800; unibet_eu:1.8800; pinnacle:1.8600; williamhill:1.8500; nordicbet:1.8300; betsson:1.8300; bovada:1.8300; tipico_de:1.8300; betus:1.8300; lowvig:1.8200; betonlineag:1.8200; coolbet:1.8200; betmgm:1.8000; playup:1.8000,1-0,1.0,Sí
Hamburger SV vs 1. FC Kaiserslautern,2025-02-21 12:30:00,Over 3.5,2.34,2.1511,3.5169845176255325e-05,9.0,0.0083181957883111,0.007248176986745,0.0001409355765179,9.0,0.0167183687548635,0.0133477729531727,matchbook,9.0,0.1889,0.0806,4.08,Bundesliga 2,Goles (Over/Under),2025-02-21,matchbook:2.3400; onexbet:2.2000; playup:2.2000; nordicbet:2.1400; betsson:2.1400; tipico_de:2.1000; betrivers:2.0800; unibet_eu:2.0800; unibet:2.0800,3-0,3.0,No
Hamburger SV vs 1. FC Kaiserslautern,2025-02-21 12:30:00,Under 3.5,1.73,1.6733,3.5169845176255325e-05,9.0,0.0083181957883111,0.0072481769867449,4.043797772303866e-05,9.0,0.0088268999432582,0.0060478805233501,matchbook,9.0,0.0567,0.0249,5.88,Bundesliga 2,Goles (Over/Under),2025-02-21,matchbook:1.7300; betrivers:1.6800; unibet_eu:1.6800; unibet:1.6800; tipico_de:1.6700; onexbet:1.6700; nordicbet:1.6600; betsson:1.6600; playup:1.6300,3-0,3.0,Sí
Deportivo La Coruña vs SD Huesca,2025-02-23 08:00:00,Over 2.5,2.4,2.3229,3.499233229676471e-05,7.0,0.0082154625523482,0.0065360102829116,4.60490784211206e-05,7.0,0.0095076226619084,0.0078467450657857,onexbet,7.0,0.0771,0.0509,7.03,La Liga 2,Goles (Over/Under),2025-02-21,onexbet:2.4000; unibet:2.3500; unibet_eu:2.3500; betsson:2.3300; nordicbet:2.3300; tipico_de:2.2500; williamhill:2.2500,0-0,0.0,No
Deportivo La Coruña vs SD Huesca,2025-02-23 08:00:00,Under 2.5,1.62,1.56,3.499233229676471e-05,7.0,0.0082154625523482,0.0065360102829116,7.045029908331075e-05,7.0,0.0114212089031356,0.0081865146016962,williamhill,7.0,0.06,0.0283,6.17,La Liga 2,Goles (Over/Under),2025-02-21,williamhill:1.6200; onexbet:1.5700; betsson:1.5600; nordicbet:1.5600; tipico_de:1.5500; unibet:1.5300; unibet_eu:1.5300,0-0,0.0,Sí
FC Martigues vs Annecy FC,2025-02-21 14:00:00,Over 2.5,2.2,2.0627,3.4584124081101296e-05,11.0,0.0082863610991922,0.0077330432590941,0.000110856149168,11.0,0.0148767846976936,0.0125706108877795,matchbook,11.0,0.1373,0.064,4.63,Ligue 2,Goles (Over/Under),2025-02-21,matchbook:2.2000; onexbet:2.1100; coolbet:2.1000; williamhill:2.1000; nordicbet:2.0800; betsson:2.0800; playup:2.0500; betrivers:2.0000; unibet_eu:2.0000; unibet:2.0000; tipico_de:1.9700,0-2,2.0,No
FC Martigues vs Annecy FC,2025-02-21 14:00:00,Under 2.5,1.8,1.7282,3.4584124081101296e-05,11.0,0.0082863610991921,0.0077330432590941,5.471078583423533e-05,11.0,0.010339593584608,0.0084133986599653,matchbook,11.0,0.0718,0.0313,6.32,Ligue 2,Goles (Over/Under),2025-02-21,matchbook:1.8000; betrivers:1.7500; unibet_eu:1.7500; unibet:1.7500; onexbet:1.7300; playup:1.7200; tipico_de:1.7200; coolbet:1.7100; williamhill:1.7000; nordicbet:1.6900; betsson:1.6900,0-2,2.0,Sí
1. FC Köln vs Fortuna Düsseldorf,2025-02-23 07:30:00,Over 2.5,1.7,1.663,3.454179465993104e-05,10.0,0.008238643436291,0.0069633847673045,6.913293351615358e-05,10.0,0.0115038364660734,0.0097924756159668,onexbet,10.0,0.037,0.0316,6.44,Bundesliga 2,Goles (Over/Under),2025-02-21,onexbet:1.7000; williamhill:1.7000; matchbook:1.7000; playup:1.6800; tipico_de:1.6700; nordicbet:1.6600; betsson:1.6600; betrivers:1.6200; unibet:1.6200; unibet_eu:1.6200,1-1,2.0,No
1. FC Köln vs Fortuna Düsseldorf,2025-02-23 07:30:00,Under 2.5,2.2,2.154,3.454179465993104e-05,10.0,0.0082386434362909,0.0069633847673045,2.960851328152464e-05,10.0,0.0076756412561168,0.0061835167899067,betrivers,10.0,0.046,0.0356,7.18,Bundesliga 2,Goles (Over/Under),2025-02-21,betrivers:2.2000; unibet:2.2000; unibet_eu:2.2000; matchbook:2.1600; tipico_de:2.1500; onexbet:2.1500; nordicbet:2.1400; betsson:2.1400; williamhill:2.1000; playup:2.1000,1-1,2.0,Sí
Central Coast Mariners vs Western Sydney Wanderers,2025-02-22 01:00:00,Over 2.5,1.62,1.59,3.451993064907736e-05,4.0,0.0081683205474561,0.0069929155261511,0.0001523154403955,4.0,0.0167697839574274,0.0142645386614685,betsson,4.0,0.03,0.0412,6.17,A-League,Goles (Over/Under),2025-02-21,betsson:1.6200; nordicbet:1.6200; williamhill:1.6000; onexbet:1.5200,4-1,5.0,Sí
Central Coast Mariners vs Western Sydney Wanderers,2025-02-22 01:00:00,Under 2.5,2.29,2.26,3.451993064907736e-05,4.0,0.0081683205474562,0.0069929155261512,5.7311714429549964e-06,4.0,0.0033615736197357,0.0029112081513828,onexbet,4.0,0.03,0.0173,9.46,A-League,Goles (Over/Under),2025-02-21,onexbet:2.2900; betsson:2.2500; nordicbet:2.2500; williamhill:2.2500,4-1,5.0,No
Kyoto Purple Sanga vs Urawa Red Diamonds,2025-02-22 00:00:00,Over 2.5,1.98,1.9256,3.427788037963909e-05,16.0,0.00827884715619,0.006114132417255,4.980425750286262e-05,16.0,0.0099690645416833,0.0081331225647607,pinnacle,16.0,0.0544,0.0366,5.75,J1 League,Goles (Over/Under),2025-02-21,pinnacle:1.9800; matchbook:1.9800; onexbet:1.9500; bovada:1.9500; unibet:1.9500; betanysports:1.9500; unibet_eu:1.9400; betrivers:1.9400; playup:1.9300; coolbet:1.9200; nordicbet:1.9100; betsson:1.9100; williamhill:1.9100; betonlineag:1.8700; lowvig:1.8700; tipico_de:1.8500,1-2,3.0,Sí
Kyoto Purple Sanga vs Urawa Red Diamonds,2025-02-22 00:00:00,Under 2.5,1.95,1.8612,3.427788037963909e-05,16.0,0.00827884715619,0.006114132417255,7.711474815303123e-05,16.0,0.0123883823425284,0.010410672874644,betonlineag,16.0,0.0887,0.0436,5.34,J1 League,Goles (Over/Under),2025-02-21,betonlineag:1.9500; lowvig:1.9500; coolbet:1.8900; pinnacle:1.8900; matchbook:1.8900; onexbet:1.8700; bovada:1.8700; betanysports:1.8700; williamhill:1.8500; nordicbet:1.8300; betsson:1.8300; tipico_de:1.8300; playup:1.8300; unibet_eu:1.8100; unibet:1.8100; betrivers:1.8100,1-2,3.0,No
Como vs Napoli,2025-02-23 06:30:00,Over 2.5,2.32,2.2109,3.422837421842162e-05,11.0,0.008207400359931,0.0058093118307658,9.93373215370452e-05,11.0,0.0140443651528926,0.009623465466518,matchbook,11.0,0.1091,0.0667,4.45,Serie A,Goles (Over/Under),2025-02-21,matchbook:2.3200; onexbet:2.2800; betus:2.2500; betrivers:2.2300; unibet_eu:2.2300; coolbet:2.2100; nordicbet:2.2000; betsson:2.2000; playup:2.2000; tipico_de:2.1500; williamhill:2.0500,2-1,3.0,Sí
Como vs Napoli,2025-02-23 06:30:00,Under 2.5,1.73,1.68,3.422837421842162e-05,11.0,0.008207400359931,0.0058093118307658,6.586918819354563e-05,11.0,0.0112580083839823,0.0091012714092911,onexbet,11.0,0.05,0.0316,6.58,Serie A,Goles (Over/Under),2025-02-21,onexbet:1.7300; matchbook:1.7200; williamhill:1.7000; coolbet:1.7000; betus:1.6900; nordicbet:1.6800; betsson:1.6800; tipico_de:1.6700; playup:1.6500; betrivers:1.6300; unibet_eu:1.6300,2-1,3.0,No
Hertha Berlin vs 1. FC Nürnberg,2025-02-21 12:30:00,Over 3.0,2.0,1.96,3.360414323158858e-05,5.0,0.0081946457758309,0.0079413270026841,5.37649535505881e-05,5.0,0.0103654999062555,0.0094498469682267,lowvig,5.0,0.04,0.0395,4.64,Bundesliga 2,Goles (Over/Under),2025-02-21,lowvig:2.0000; betonlineag:2.0000; pinnacle:1.9700; bovada:1.9300; coolbet:1.9000,0-0,0.0,No
Hertha Berlin vs 1. FC Nürnberg,2025-02-21 12:30:00,Under 3.0,1.91,1.866,3.360414323158858e-05,5.0,0.0081946457758309,0.0079413270026841,4.244554676358432e-05,5.0,0.0091890732560675,0.0083078664770718,pinnacle,5.0,0.044,0.032,4.99,Bundesliga 2,Goles (Over/Under),2025-02-21,pinnacle:1.9100; bovada:1.8900; coolbet:1.8700; lowvig:1.8300; betonlineag:1.8300,0-0,0.0,Sí
Atlanta United FC vs CF Montreal,2025-02-22 19:30:00,Over 3.0,2.06,1.9986,3.351329850887385e-05,7.0,0.0081767957285935,0.0061779630912417,4.9438322973651726e-05,7.0,0.0099422999363349,0.007780497023798,coolbet,7.0,0.0614,0.0394,5.04,MLS,Goles (Over/Under),2025-02-21,coolbet:2.0600; betonlineag:2.0200; lowvig:2.0200; bovada:2.0000; betanysports:2.0000; pinnacle:1.9600; betus:1.9300,3-2,5.0,Sí
Atlanta United FC vs CF Montreal,2025-02-22 19:30:00,Under 3.0,1.88,1.8243,3.351329850887385e-05,7.0,0.0081767957285935,0.0061779630912417,4.019477033592403e-05,7.0,0.0089222778085636,0.0057439153212488,pinnacle,7.0,0.0557,0.0297,5.0,MLS,Goles (Over/Under),2025-02-21,pinnacle:1.8800; bovada:1.8300; betanysports:1.8300; betonlineag:1.8200; lowvig:1.8200; betus:1.8200; coolbet:1.7700,3-2,5.0,No
Lanus vs Velez Sarsfield BA,2025-02-21 19:30:00,Over 1.5,1.57,1.514,3.259504572175453e-05,5.0,0.0078046543343608,0.0067251613765834,0.0001142508341485,5.0,0.0143431036791223,0.0118871805093729,matchbook,5.0,0.056,0.0332,4.51,Liga Profesional,Goles (Over/Under),2025-02-21,matchbook:1.5700; onexbet:1.5200; playup:1.5200; betrivers:1.4800; unibet:1.4800,0-0,0.0,No
Lanus vs Velez Sarsfield BA,2025-02-21 19:30:00,Under 1.5,2.66,2.566,3.259504572175453e-05,5.0,0.0078046543343608,0.0067251613765834,6.629929452075054e-05,5.0,0.011244208896963,0.0099699798947919,matchbook,5.0,0.094,0.0731,5.16,Liga Profesional,Goles (Over/Under),2025-02-21,matchbook:2.6600; betrivers:2.6000; unibet:2.6000; onexbet:2.5200; playup:2.4500,0-0,0.0,Sí
Austria Wien vs RB Salzburg,2025-02-22 11:00:00,Over 2.5,1.91,1.8488,3.227728125927835e-05,16.0,0.0080327463903735,0.0068759808530655,0.000113187307346,16.0,0.0149828436330822,0.0130722629416543,betonlineag,16.0,0.0613,0.0506,7.91,Austrian Bundesliga,Goles (Over/Under),2025-02-21,betonlineag:1.9100; lowvig:1.9100; coolbet:1.9000; pinnacle:1.9000; betus:1.9000; onexbet:1.8800; nordicbet:1.8700; betsson:1.8700; williamhill:1.8500; playup:1.8500; bovada:1.8300; tipico_de:1.8000; matchbook:1.8000; betrivers:1.7700; unibet_eu:1.7700; unibet:1.7700,0-1,1.0,No
Austria Wien vs RB Salzburg,2025-02-22 11:00:00,Under 2.5,1.95,1.8975,3.227728125927835e-05,16.0,0.0080327463903736,0.0068759808530655,5.5438582136688646e-05,16.0,0.0105044403865111,0.0078175181526845,tipico_de,16.0,0.0525,0.037,7.78,Austrian Bundesliga,Goles (Over/Under),2025-02-21,tipico_de:1.9500; pinnacle:1.9500; onexbet:1.9200; coolbet:1.9100; bovada:1.9100; betrivers:1.9100; unibet_eu:1.9100; unibet:1.9100; betonlineag:1.9100; lowvig:1.9100; nordicbet:1.9000; betsson:1.9000; betus:1.8700; williamhill:1.8500; playup:1.8500; matchbook:1.8000,0-1,1.0,Sí
Burnley vs Sheffield Wednesday,2025-02-21 15:00:00,Over 2.0,1.83,1.8075,3.192790138519479e-05,4.0,0.0079792190761691,0.0072978536639089,1.5242811664639484e-05,4.0,0.0054882831135431,0.004246599413083,bovada,4.0,0.0225,0.0179,6.46,Championship,Goles (Over/Under),2025-02-21,bovada:1.8300; pinnacle:1.8100; betus:1.8100; coolbet:1.7800,4-0,4.0,Sí
Burnley vs Sheffield Wednesday,2025-02-21 15:00:00,Under 2.0,2.1,2.01,3.192790138519479e-05,4.0,0.0079792190761691,0.0072978536639089,0.000110722601394,4.0,0.0148769385608873,0.0111079502561213,pinnacle,4.0,0.09,0.0604,3.8,Championship,Goles (Over/Under),2025-02-21,pinnacle:2.1000; coolbet:2.0100; bovada:2.0000; betus:1.9300,4-0,4.0,No
FSV Mainz 05 vs FC St. Pauli,2025-02-22 09:30:00,Over 2.5,2.22,2.124,3.117108950026538e-05,10.0,0.0078546394752851,0.0065317638082744,9.115830000765142e-05,10.0,0.0134791412471753,0.0111248519121412,onexbet,10.0,0.096,0.0605,4.93,Bundesliga,Goles (Over/Under),2025-02-21,onexbet:2.2200; betus:2.2000; tipico_de:2.1500; nordicbet:2.1500; betsson:2.1500; playup:2.1200; coolbet:2.1200; williamhill:2.0500; betrivers:2.0400; unibet_eu:2.0400,2-0,2.0,No
FSV Mainz 05 vs FC St. Pauli,2025-02-22 09:30:00,Under 2.5,1.77,1.717,3.117108950026538e-05,10.0,0.0078546394752852,0.0065317638082744,4.113989618766535e-05,10.0,0.0089479555746667,0.0071115862756779,onexbet,10.0,0.053,0.0265,5.52,Bundesliga,Goles (Over/Under),2025-02-21,onexbet:1.7700; betrivers:1.7400; unibet_eu:1.7400; nordicbet:1.7200; betsson:1.7200; betus:1.7100; williamhill:1.7000; playup:1.7000; coolbet:1.7000; tipico_de:1.6700,2-0,2.0,Sí
Northampton Town vs Bristol Rovers,2025-02-22 10:00:00,Over 2.5,2.18,2.0891,3.0836604450946294e-05,11.0,0.0078114266039574,0.0072721708666372,8.374861639520927e-05,11.0,0.0129283243804671,0.0118187224139801,matchbook,11.0,0.0909,0.0565,5.4,League One,Goles (Over/Under),2025-02-21,matchbook:2.1800; betsson:2.1500; nordicbet:2.1500; onexbet:2.1300; playup:2.1200; coolbet:2.0800; williamhill:2.0500; betrivers:2.0400; unibet_eu:2.0400; unibet:2.0400; tipico_de:2.0000,2-1,3.0,Sí
Northampton Town vs Bristol Rovers,2025-02-22 10:00:00,Under 2.5,1.73,1.7027,3.0836604450946294e-05,11.0,0.0078114266039574,0.0072721708666372,1.57882269886353e-05,11.0,0.0055314958698443,0.0046289695265829,williamhill,11.0,0.0273,0.016,7.8,League One,Goles (Over/Under),2025-02-21,williamhill:1.7300; matchbook:1.7200; onexbet:1.7100; betrivers:1.7100; unibet_eu:1.7100; unibet:1.7100; tipico_de:1.7000; coolbet:1.7000; betsson:1.6800; nordicbet:1.6800; playup:1.6800,2-1,3.0,No
Athens Kallithea FC vs OFI Crete,2025-02-22 10:00:00,Over 2.5,2.05,2.01,3.080722366980267e-05,13.0,0.0078316302714721,0.0060642626814102,4.852755251637925e-05,13.0,0.0098506005122631,0.0081478491745306,bovada,13.0,0.04,0.039,7.6,Super League Greece,Goles (Over/Under),2025-02-21,bovada:2.0500; pinnacle:2.0500; unibet_eu:2.0400; unibet:2.0400; betsson:2.0300; nordicbet:2.0300; onexbet:2.0200; betonlineag:2.0200; lowvig:2.0200; coolbet:2.0000; williamhill:1.9500; betus:1.9500; tipico_de:1.9300,1-3,4.0,Sí
Athens Kallithea FC vs OFI Crete,2025-02-22 10:00:00,Under 2.5,1.82,1.7831,3.080722366980267e-05,13.0,0.0078316302714721,0.0060642626814102,8.3461346503201e-05,13.0,0.0127920973744538,0.0099329825328188,coolbet,13.0,0.0369,0.0395,6.76,Super League Greece,Goles (Over/Under),2025-02-21,coolbet:1.8200; betonlineag:1.8200; lowvig:1.8200; bovada:1.8000; pinnacle:1.8000; williamhill:1.8000; betus:1.8000; betsson:1.7900; nordicbet:1.7900; onexbet:1.7900; tipico_de:1.7500; unibet_eu:1.7000; unibet:1.7000,1-3,4.0,No
FC Seoul vs FC Anyang,2025-02-22 02:30:00,Over 2.5,2.12,2.07,3.069269159025637e-05,7.0,0.0077976419455024,0.0070852487966505,3.969768232049376e-05,7.0,0.0089058653766363,0.0073847536859553,coolbet,7.0,0.05,0.0378,7.78,K League 1,Goles (Over/Under),2025-02-21,coolbet:2.1200; playup:2.1000; tipico_de:2.1000; onexbet:2.0700; nordicbet:2.0500; betsson:2.0500; williamhill:2.0000,3-0,3.0,Sí
FC Seoul vs FC Anyang,2025-02-22 02:30:00,Under 2.5,1.75,1.71,3.069269159025637e-05,7.0,0.0077976419455024,0.0070852487966505,5.338258512657496e-05,7.0,0.0101641044595433,0.0078923642298716,onexbet,7.0,0.04,0.0293,7.14,K League 1,Goles (Over/Under),2025-02-21,onexbet:1.7500; williamhill:1.7300; nordicbet:1.7200; betsson:1.7200; playup:1.7000; coolbet:1.7000; tipico_de:1.6500,3-0,3.0,No
Everton vs Manchester United,2025-02-22 07:30:00,Over 2.5,2.3,2.2042,3.0610151922912727e-05,12.0,0.0077647229166889,0.0063441678153884,0.0001039972920388,12.0,0.0143713930951657,0.0116062615312328,matchbook,12.0,0.0958,0.0681,4.08,Premier League,Goles (Over/Under),2025-02-21,matchbook:2.3000; onexbet:2.2800; betsson:2.2500; nordicbet:2.2500; betus:2.2500; coolbet:2.2300; tipico_de:2.2000; playup:2.2000; betrivers:2.1500; unibet_eu:2.1500; mybookieag:2.1400; williamhill:2.0500,2-2,4.0,Sí
Everton vs Manchester United,2025-02-22 07:30:00,Under 2.5,1.74,1.6883,3.0610151922912727e-05,12.0,0.007764722916689,0.0063441678153884,4.0130119969168806e-05,12.0,0.0088035783564391,0.0071419957982451,matchbook,12.0,0.0517,0.0251,6.25,Premier League,Goles (Over/Under),2025-02-21,matchbook:1.7400; coolbet:1.7100; onexbet:1.7000; williamhill:1.7000; betrivers:1.7000; unibet_eu:1.7000; betus:1.6900; betsson:1.6800; nordicbet:1.6800; mybookieag:1.6600; tipico_de:1.6500; playup:1.6500,2-2,4.0,No
Cambridge United vs Stockport County FC,2025-02-22 10:00:00,Over 2.5,2.06,2.024,3.038954688646697e-05,10.0,0.0077736384811975,0.0070388137242097,3.4533957027719025e-05,10.0,0.0083099370938922,0.0071970821114672,onexbet,10.0,0.036,0.0335,7.37,League One,Goles (Over/Under),2025-02-21,onexbet:2.0600; williamhill:2.0500; betrivers:2.0500; unibet_eu:2.0500; unibet:2.0500; coolbet:2.0300; betsson:2.0000; nordicbet:2.0000; playup:2.0000; tipico_de:1.9500,2-0,2.0,No
Cambridge United vs Stockport County FC,2025-02-22 10:00:00,Under 2.5,1.78,1.735,3.038954688646697e-05,10.0,0.0077736384811975,0.0070388137242097,5.663121832128384e-05,10.0,0.0105172695159721,0.0096341391894574,betsson,10.0,0.045,0.0317,7.46,League One,Goles (Over/Under),2025-02-21,betsson:1.7800; nordicbet:1.7800; onexbet:1.7600; tipico_de:1.7500; playup:1.7500; coolbet:1.7300; williamhill:1.7000; betrivers:1.7000; unibet_eu:1.7000; unibet:1.7000,2-0,2.0,Sí
Caen vs Pau FC,2025-02-22 08:00:00,Over 2.5,1.98,1.9425,3.031665434020764e-05,16.0,0.0077826875083835,0.0058682233571568,3.008615661743411e-05,16.0,0.0077509239452066,0.0059965298228479,bovada,16.0,0.0375,0.0288,7.32,Ligue 2,Goles (Over/Under),2025-02-21,bovada:1.9800; coolbet:1.9800; unibet:1.9700; betrivers:1.9600; unibet_eu:1.9600; lowvig:1.9600; betonlineag:1.9600; williamhill:1.9500; pinnacle:1.9400; onexbet:1.9400; matchbook:1.9400; nordicbet:1.9300; betsson:1.9300; playup:1.9100; tipico_de:1.9000; betus:1.8700,2-2,4.0,Sí
Caen vs Pau FC,2025-02-22 08:00:00,Under 2.5,1.89,1.8262,3.031665434020764e-05,16.0,0.0077826875083835,0.0058682233571568,8.795941514634225e-05,16.0,0.0131973558260669,0.0116360432066227,pinnacle,16.0,0.0637,0.0439,6.39,Ligue 2,Goles (Over/Under),2025-02-21,pinnacle:1.8900; betus:1.8900; matchbook:1.8800; onexbet:1.8600; lowvig:1.8600; betonlineag:1.8600; bovada:1.8500; coolbet:1.8300; nordicbet:1.8100; betsson:1.8100; playup:1.8000; tipico_de:1.8000; williamhill:1.8000; betrivers:1.7600; unibet_eu:1.7600; unibet:1.7600,2-2,4.0,No
Alanyaspor vs Adana Demirspor,2025-02-23 08:00:00,Over 3.0,1.83,1.815,3.021501469364593e-05,4.0,0.0077662264964695,0.0059536243474662,1.0477527074466268e-05,4.0,0.0045537340619308,0.0045537340619308,pinnacle,4.0,0.015,0.015,7.0,Süper Lig,Goles (Over/Under),2025-02-21,pinnacle:1.8300; betus:1.8300; bovada:1.8000; coolbet:1.8000,3-2,5.0,Si
Alanyaspor vs Adana Demirspor,2025-02-23 08:00:00,Under 3.0,2.05,1.9875,3.021501469364593e-05,4.0,0.0077662264964694,0.0059536243474662,8.591923964656052e-05,4.0,0.0131053665264748,0.0108233496537157,bovada,4.0,0.0625,0.0512,4.34,Süper Lig,Goles (Over/Under),2025-02-21,bovada:2.0500; pinnacle:2.0100; coolbet:1.9800; betus:1.9100,3-2,5.0,No
Sivasspor vs Torku Konyaspor,2025-02-22 05:30:00,Over 2.25,1.86,1.848,2.9650448860126574e-05,5.0,0.0076966398359357,0.0066894045186759,9.509059220668391e-06,5.0,0.0043441975002276,0.0033161839613452,lowvig,5.0,0.012,0.0147,6.95,Süper Lig,Goles (Over/Under),2025-02-21,lowvig:1.8600; betonlineag:1.8600; pinnacle:1.8500; betus:1.8500; bovada:1.8200,1-1,2.0,No
Sivasspor vs Torku Konyaspor,2025-02-22 05:30:00,Under 2.25,2.02,1.968,2.9650448860126574e-05,5.0,0.0076966398359356,0.0066894045186759,9.168610956602348e-05,5.0,0.0135343670036997,0.0107479267249347,pinnacle,5.0,0.052,0.0515,4.45,Süper Lig,Goles (Over/Under),2025-02-21,pinnacle:2.0200; bovada:2.0200; lowvig:1.9600; betonlineag:1.9600; betus:1.8800,1-1,2.0,Sí
Paris FC vs Troyes,2025-02-21 14:00:00,Over 2.25,1.99,1.956,2.958290620352932e-05,5.0,0.0076901160576628,0.006145768392727,7.471356291661184e-05,5.0,0.0122137685044291,0.0098070681576445,betonlineag,5.0,0.034,0.0454,4.6,Ligue 2,Goles (Over/Under),2025-02-21,betonlineag:1.9900; lowvig:1.9900; pinnacle:1.9800; bovada:1.9500; betus:1.8700,1-0,1.0,No
Paris FC vs Troyes,2025-02-21 14:00:00,Under 2.25,1.88,1.862,2.958290620352932e-05,5.0,0.0076901160576628,0.006145768392727,1.4143141193339952e-05,5.0,0.0053030796027714,0.0050953019337412,pinnacle,5.0,0.018,0.0183,6.67,Ligue 2,Goles (Over/Under),2025-02-21,pinnacle:1.8800; betus:1.8800; bovada:1.8700; betonlineag:1.8400; lowvig:1.8400,1-0,1.0,Sí
Holstein Kiel vs Bayer Leverkusen,2025-02-22 09:30:00,Over 3.5,2.1,2.0025,2.9241455168425303e-05,8.0,0.0076390846229206,0.0058148412745589,0.0001042585148072,8.0,0.0144356217526161,0.0106455981376154,onexbet,8.0,0.0975,0.0578,4.12,Bundesliga,Goles (Over/Under),2025-02-21,onexbet:2.1000; betus:2.0700; coolbet:2.0100; nordicbet:2.0000; playup:2.0000; betrivers:1.9700; unibet_eu:1.9700; tipico_de:1.9000,0-2,2.0,No
Holstein Kiel vs Bayer Leverkusen,2025-02-22 09:30:00,Under 3.5,1.85,1.8012,2.9241455168425303e-05,8.0,0.0076390846229206,0.0058148412745589,3.831229554409516e-05,8.0,0.0087037591472097,0.0081215345665572,onexbet,8.0,0.0488,0.0285,6.69,Bundesliga,Goles (Over/Under),2025-02-21,onexbet:1.8500; tipico_de:1.8300; nordicbet:1.8300; betus:1.7900; betrivers:1.7800; unibet_eu:1.7800; coolbet:1.7800; playup:1.7700,0-2,2.0,Sí
Raków Częstochowa vs Górnik Zabrze,2025-02-21 14:30:00,Over 2.25,1.87,1.854,2.870316275443308e-05,5.0,0.0075747433433223,0.0058345308694448,9.597203355391176e-06,5.0,0.0043668719761787,0.0037201749834343,pinnacle,5.0,0.016,0.015,6.95,Ekstraklasa,Goles (Over/Under),2025-02-21,pinnacle:1.8700; betus:1.8700; betonlineag:1.8500; lowvig:1.8500; bovada:1.8300,1-0,1.0,No
Raków Częstochowa vs Górnik Zabrze,2025-02-21 14:30:00,Under 2.25,2.0,1.966,2.870316275443308e-05,5.0,0.0075747433433224,0.0058345308694449,8.58107659018466e-05,5.0,0.013089978309868,0.0103149138443255,pinnacle,5.0,0.034,0.0488,4.64,Ekstraklasa,Goles (Over/Under),2025-02-21,pinnacle:2.0000; bovada:2.0000; betonlineag:1.9800; lowvig:1.9800; betus:1.8700,1-0,1.0,Sí
West Bromwich Albion vs Oxford United,2025-02-22 10:00:00,Over 2.5,2.19,2.133,2.8525522887836124e-05,10.0,0.0075077905195236,0.0056136743337952,7.0727853461971e-05,10.0,0.0118800931904261,0.0090086269121096,coolbet,10.0,0.057,0.052,5.9,Championship,Goles (Over/Under),2025-02-21,coolbet:2.1900; nordicbet:2.1700; betsson:2.1700; onexbet:2.1500; unibet:2.1500; betrivers:2.1500; unibet_eu:2.1500; playup:2.1000; williamhill:2.1000; tipico_de:2.0000,2-0,2.0,No
West Bromwich Albion vs Oxford United,2025-02-22 10:00:00,Under 2.5,1.7,1.676,2.8525522887836124e-05,10.0,0.0075077905195237,0.0056136743337953,1.0605927842799792e-05,10.0,0.0045228262180453,0.0036742249024276,onexbet,10.0,0.024,0.0128,8.82,Championship,Goles (Over/Under),2025-02-21,onexbet:1.7000; tipico_de:1.7000; playup:1.6800; nordicbet:1.6700; betsson:1.6700; unibet:1.6700; betrivers:1.6700; unibet_eu:1.6700; williamhill:1.6700; coolbet:1.6600,2-0,2.0,Sí
Melbourne Victory vs Melbourne City,2025-02-22 03:35:00,Over 2.75,2.01,1.964,2.848938210524236e-05,5.0,0.0075464357964448,0.0057318448933677,8.804422737171309e-05,5.0,0.0132597074787676,0.0101037255158556,pinnacle,5.0,0.046,0.0496,4.4,A-League,Goles (Over/Under),2025-02-21,pinnacle:2.0100; bovada:2.0000; lowvig:1.9700; betonlineag:1.9700; betus:1.8700,2-2,4.0,Sí
Melbourne Victory vs Melbourne City,2025-02-22 03:35:00,Under 2.75,1.87,1.854,2.848938210524236e-05,5.0,0.0075464357964448,0.0057318448933677,9.597203355391176e-06,5.0,0.0043668719761787,0.0037201749834343,pinnacle,5.0,0.016,0.015,6.95,A-League,Goles (Over/Under),2025-02-21,pinnacle:1.8700; betus:1.8700; lowvig:1.8500; betonlineag:1.8500; bovada:1.8300,2-2,4.0,No
Carlisle United vs Gillingham,2025-02-22 10:00:00,Over 2.5,2.35,2.29,2.8338942551355743e-05,10.0,0.007414880742699,0.004645204495436,5.78522306819172e-05,10.0,0.0106840296307208,0.0077035919019462,onexbet,10.0,0.06,0.0546,7.07,League Two,Goles (Over/Under),2025-02-21,onexbet:2.3500; betsson:2.3500; nordicbet:2.3500; williamhill:2.3000; playup:2.3000; betrivers:2.2800; unibet_eu:2.2800; unibet:2.2800; tipico_de:2.2500; matchbook:2.1600,0-0,0.0,No
Carlisle United vs Gillingham,2025-02-22 10:00:00,Under 2.5,1.61,1.568,2.8338942551355743e-05,10.0,0.007414880742699,0.004645204495436,2.213223898518829e-05,10.0,0.0064120685947587,0.0042183524660901,matchbook,10.0,0.042,0.016,8.41,League Two,Goles (Over/Under),2025-02-21,matchbook:1.6100; onexbet:1.5700; betsson:1.5700; nordicbet:1.5700; williamhill:1.5700; unibet:1.5700; betrivers:1.5600; unibet_eu:1.5600; tipico_de:1.5500; playup:1.5500,0-0,0.0,Sí
Los Angeles FC vs Minnesota United FC,2025-02-22 16:30:00,Over 2.5,1.67,1.6325,2.824411867254921e-05,8.0,0.0074264103182748,0.0066518828709541,3.7954347219176015e-05,8.0,0.008495207358191,0.0076887988149089,matchbook,8.0,0.0375,0.0228,6.39,MLS,Goles (Over/Under),2025-02-21,matchbook:1.6700; onexbet:1.6600; playup:1.6500; mybookieag:1.6300; williamhill:1.6200; unibet:1.6100; unibet_eu:1.6100; betrivers:1.6100,1-0,1.0,No
Los Angeles FC vs Minnesota United FC,2025-02-22 16:30:00,Under 2.5,2.32,2.245,2.824411867254921e-05,8.0,0.0074264103182748,0.0066518828709541,5.697051360022933e-05,8.0,0.0106154805397282,0.0092884605669236,matchbook,8.0,0.075,0.0529,5.22,MLS,Goles (Over/Under),2025-02-21,matchbook:2.3200; unibet:2.2800; unibet_eu:2.2800; betrivers:2.2800; williamhill:2.2500; onexbet:2.2000; mybookieag:2.2000; playup:2.1500,1-0,1.0,Sí
Club Brugge vs Standard Liege,2025-02-23 07:30:00,Over 3.5,2.45,2.3625,2.810292169714853e-05,4.0,0.0073228502321364,0.0065236374547718,0.0001832156325133,4.0,0.0189534634324797,0.0159377097067066,unibet,4.0,0.0875,0.1023,8.38,Pro League,Goles (Over/Under),2025-02-21,unibet:2.4500; unibet_eu:2.4500; playup:2.3500; matchbook:2.2000,1-2,3.0,No
Club Brugge vs Standard Liege,2025-02-23 07:30:00,Under 3.5,1.53,1.515,2.810292169714853e-05,4.0,0.0073228502321364,0.0065236374547719,4.658413399008548e-05,4.0,0.0091113729596707,0.0077428434626576,unibet,4.0,0.015,0.0206,10.81,Pro League,Goles (Over/Under),2025-02-21,unibet:1.5300; unibet_eu:1.5300; playup:1.5200; matchbook:1.4800,1-2,3.0,Sí
Gangwon FC vs Pohang Steelers,2025-02-23 02:30:00,Over 2.5,2.11,2.067,2.745536747731697e-05,10.0,0.0073741776797421,0.0057414175529545,3.590831580748995e-05,10.0,0.0084716196168997,0.006424615062571,onexbet,10.0,0.043,0.0355,8.37,K League 1,Goles (Over/Under),2025-02-21,onexbet:2.1100; coolbet:2.1000; unibet_eu:2.0800; betrivers:2.0800; unibet:2.0800; playup:2.0800; betsson:2.0700; nordicbet:2.0700; williamhill:2.0000; tipico_de:2.0000,3-0,3.0,Sí
Gangwon FC vs Pohang Steelers,2025-02-23 02:30:00,Under 2.5,1.73,1.691,2.745536747731697e-05,10.0,0.0073741776797421,0.0057414175529545,7.882504325252938e-05,10.0,0.0123228121744743,0.0108820059370442,onexbet,10.0,0.039,0.0348,7.8,K League 1,Goles (Over/Under),2025-02-21,onexbet:1.7300; williamhill:1.7300; betsson:1.7100; nordicbet:1.7100; coolbet:1.7100; tipico_de:1.7000; playup:1.7000; unibet_eu:1.6400; betrivers:1.6400; unibet:1.6400,3-0,3.0,No
Bodrum FK vs Hatayspor,2025-02-21 12:00:00,Over 2.5,2.14,1.9927,2.685177911613249e-05,11.0,0.0073194194524128,0.0061184659809815,0.0001616800644416,11.0,0.0179757993910402,0.0147461508394543,matchbook,11.0,0.1473,0.073,2.59,Süper Lig,Goles (Over/Under),2025-02-21,matchbook:2.1400; onexbet:2.0800; pinnacle:2.0800; bovada:2.0000; coolbet:1.9800; nordicbet:1.9800; betsson:1.9800; unibet_eu:1.9200; unibet:1.9200; betrivers:1.9200; betus:1.9200,1-0,1.0,No
Bodrum FK vs Hatayspor,2025-02-21 12:00:00,Under 2.5,1.85,1.8145,2.685177911613249e-05,11.0,0.0073194194524128,0.0061184659809814,1.966107476710396e-05,11.0,0.0062387840432859,0.0059095026058006,matchbook,11.0,0.0355,0.0206,6.14,Süper Lig,Goles (Over/Under),2025-02-21,matchbook:1.8500; onexbet:1.8400; pinnacle:1.8300; bovada:1.8300; betus:1.8300; coolbet:1.8000; unibet_eu:1.8000; unibet:1.8000; betrivers:1.8000; nordicbet:1.7900; betsson:1.7900,1-0,1.0,Sí
Puebla vs Tijuana,2025-02-21 22:00:00,Over 2.75,1.97,1.942,2.6843587091416698e-05,5.0,0.0073260482209058,0.0065994134245878,2.022174111347523e-05,5.0,0.0063565569455872,0.0059179199811182,lowvig,5.0,0.028,0.024,4.82,Liga MX,Goles (Over/Under),2025-02-21,lowvig:1.9700; betonlineag:1.9700; pinnacle:1.9300; betus:1.9300; bovada:1.9100,2-0,2.0,No
Puebla vs Tijuana,2025-02-21 22:00:00,Under 2.75,1.94,1.884,2.6843587091416698e-05,5.0,0.0073260482209057,0.0065994134245878,4.945934874621687e-05,5.0,0.0099286784252271,0.0091686798312104,pinnacle,5.0,0.056,0.0356,3.9,Liga MX,Goles (Over/Under),2025-02-21,pinnacle:1.9400; bovada:1.9100; betus:1.8700; lowvig:1.8500; betonlineag:1.8500,2-0,2.0,Sí
Rosario Central vs Sarmiento de Junin,2025-02-22 19:45:00,Over 2.0,1.83,1.81,2.683942557923996e-05,6.0,0.0073144281752555,0.0072553888036637,1.8848044343950407e-05,6.0,0.0061055652227005,0.0061055652227005,betsson,6.0,0.02,0.02,5.15,Liga Profesional,Goles (Over/Under),2025-02-21,betsson:1.8300; bovada:1.8300; betanysports:1.8300; pinnacle:1.7900; lowvig:1.7900; betonlineag:1.7900,1-0,1.0,No
Rosario Central vs Sarmiento de Junin,2025-02-22 19:45:00,Under 2.0,2.07,2.03,2.683942557923996e-05,6.0,0.0073144281752554,0.0072553888036636,4.138461766015613e-05,6.0,0.009096393271176,0.0089050061612324,lowvig,6.0,0.04,0.0374,4.18,Liga Profesional,Goles (Over/Under),2025-02-21,lowvig:2.0700; betonlineag:2.0700; pinnacle:2.0600; bovada:2.0000; betanysports:2.0000; betsson:1.9800,1-0,1.0,Sí
Rosario Central vs Sarmiento de Junin,2025-02-22 19:45:00,Over 2.5,2.52,2.446,2.6531761577020527e-05,5.0,0.0070969331777053,0.0056851285292042,4.429422719681528e-05,5.0,0.0092644271478591,0.006597733367694,onexbet,5.0,0.074,0.0546,5.91,Liga Profesional,Goles (Over/Under),2025-02-21,onexbet:2.5200; nordicbet:2.4600; unibet:2.4500; betrivers:2.4500; playup:2.3500,1-0,1.0,No
Rosario Central vs Sarmiento de Junin,2025-02-22 19:45:00,Under 2.5,1.55,1.53,2.6531761577020527e-05,5.0,0.0070969331777053,0.0056851285292042,2.803431815659781e-05,5.0,0.0071293458222174,0.0068091613352972,nordicbet,5.0,0.02,0.0167,7.07,Liga Profesional,Goles (Over/Under),2025-02-21,nordicbet:1.5500; playup:1.5500; onexbet:1.5200; unibet:1.5200; betrivers:1.5100,1-0,1.0,Sí
Bournemouth vs Wolverhampton Wanderers,2025-02-22 10:00:00,Over 2.5,1.63,1.593,2.646310188596721e-05,10.0,0.0071257262209808,0.0062509467728228,6.62303435344446e-05,10.0,0.0111290749260357,0.0106317541263746,onexbet,10.0,0.037,0.0283,4.83,Premier League,Goles (Over/Under),2025-02-21,onexbet:1.6300; matchbook:1.6300; betsson:1.6200; nordicbet:1.6200; playup:1.6000; mybookieag:1.5700; tipico_de:1.5700; williamhill:1.5700; unibet_eu:1.5600; betrivers:1.5600,0-1,1.0,No
Bournemouth vs Wolverhampton Wanderers,2025-02-22 10:00:00,Under 2.5,2.54,2.379,2.646310188596721e-05,10.0,0.0071257262209808,0.0062509467728228,8.18143581692529e-05,10.0,0.0126093379736705,0.0105906860014788,matchbook,10.0,0.161,0.0729,3.47,Premier League,Goles (Over/Under),2025-02-21,matchbook:2.5400; unibet_eu:2.4300; betrivers:2.4300; onexbet:2.4200; betsson:2.3600; nordicbet:2.3600; tipico_de:2.3500; mybookieag:2.3000; williamhill:2.3000; playup:2.3000,0-1,1.0,Sí
Hiroshima Sanfrecce FC vs Yokohama F Marinos,2025-02-23 00:00:00,Over 3.5,2.21,2.1386,2.6148019660589147e-05,7.0,0.007172868835775,0.0058482841907093,6.190557168150057e-05,7.0,0.0111038843805017,0.0089835088743737,onexbet,7.0,0.0714,0.0505,6.6,J1 League,Goles (Over/Under),2025-02-21,onexbet:2.2100; playup:2.2000; coolbet:2.1500; nordicbet:2.1200; betsson:2.1200; betrivers:2.1200; tipico_de:2.0500,1-0,1.0,No
Hiroshima Sanfrecce FC vs Yokohama F Marinos,2025-02-23 00:00:00,Under 3.5,1.71,1.6729,2.6148019660589147e-05,7.0,0.007172868835775,0.0058482841907093,3.211344439090224e-05,7.0,0.0078522891516678,0.0052500533052151,coolbet,7.0,0.0371,0.0219,7.26,J1 League,Goles (Over/Under),2025-02-21,coolbet:1.7100; onexbet:1.6800; betrivers:1.6800; nordicbet:1.6700; betsson:1.6700; tipico_de:1.6700; playup:1.6300,1-0,1.0,Si
Newport County vs Cheltenham Town,2025-02-22 10:00:00,Over 2.5,1.99,1.9375,2.605996344911271e-05,16.0,0.0072152156119427,0.0056214027221624,4.696330832803085e-05,16.0,0.0096819494070787,0.0072497745993504,lowvig,16.0,0.0525,0.0358,7.07,League Two,Goles (Over/Under),2025-02-21,lowvig:1.9900; betonlineag:1.9900; unibet:1.9700; unibet_eu:1.9600; betrivers:1.9600; betsson:1.9500; nordicbet:1.9500; pinnacle:1.9400; coolbet:1.9400; matchbook:1.9400; onexbet:1.9300; bovada:1.9300; williamhill:1.9100; playup:1.9100; betus:1.8800; tipico_de:1.8500,0-3,3.0,Sí
Newport County vs Cheltenham Town,2025-02-22 10:00:00,Under 2.5,1.86,1.8188,2.605996344911271e-05,16.0,0.0072152156119428,0.0056214027221624,5.3938795459960526e-05,16.0,0.0103251985941598,0.0088868930563823,betus,16.0,0.0413,0.0337,7.82,League Two,Goles (Over/Under),2025-02-21,betus:1.8600; pinnacle:1.8500; betsson:1.8500; nordicbet:1.8500; matchbook:1.8500; lowvig:1.8400; betonlineag:1.8400; onexbet:1.8300; tipico_de:1.8300; bovada:1.8200; williamhill:1.8000; playup:1.8000; coolbet:1.8000; unibet_eu:1.7600; betrivers:1.7600; unibet:1.7600,0-3,3.0,No
Lyngby vs Randers FC,2025-02-21 13:00:00,Over 2.5,2.12,1.9967,2.5068846383561816e-05,18.0,0.0070722397024004,0.0058819211829346,8.76247024723011e-05,18.0,0.0132352831838472,0.0112479762755636,matchbook,18.0,0.1233,0.0533,4.64,Superliga Denmark,Goles (Over/Under),2025-02-21,matchbook:2.1200; pinnacle:2.0600; lowvig:2.0500; betonlineag:2.0500; betsson:2.0400; nordicbet:2.0400; onexbet:2.0100; bovada:2.0000; playup:2.0000; betanysports:2.0000; coolbet:1.9800; betmgm:1.9500; tipico_de:1.9500; betus:1.9500; williamhill:1.9500; betrivers:1.9300; unibet_eu:1.9300; unibet:1.9300,0-0,0.0,No
Lyngby vs Randers FC,2025-02-21 13:00:00,Under 2.5,1.88,1.8,2.5068846383561816e-05,18.0,0.0070722397024004,0.0058819211829347,6.805644359830171e-05,18.0,0.0115916646848639,0.009350827857579,matchbook,18.0,0.08,0.0376,5.0,Superliga Denmark,Goles (Over/Under),2025-02-21,matchbook:1.8800; pinnacle:1.8400; bovada:1.8300; betrivers:1.8300; unibet_eu:1.8300; unibet:1.8300; betanysports:1.8300; onexbet:1.8000; coolbet:1.8000; betus:1.8000; lowvig:1.8000; betonlineag:1.8000; betsson:1.7700; nordicbet:1.7700; tipico_de:1.7500; playup:1.7500; williamhill:1.7500; betmgm:1.7400,0-0,0.0,Sí
Audax Italiano vs Deportes Iquique,2025-02-21 16:00:00,Over 2.5,1.89,1.8455,2.499169919862957e-05,11.0,0.0070676239386943,0.0059093717171311,8.317639686465327e-05,11.0,0.0128341752600253,0.0104258643164456,bovada,11.0,0.0445,0.0427,6.39,Primera División Chile,Goles (Over/Under),2025-02-21,bovada:1.8900; betus:1.8900; coolbet:1.8800; pinnacle:1.8800; nordicbet:1.8600; betsson:1.8600; playup:1.8500; onexbet:1.8400; unibet:1.8000; betrivers:1.8000; tipico_de:1.7500,4-2,6.0,Sí
Audax Italiano vs Deportes Iquique,2025-02-21 16:00:00,Under 2.5,1.98,1.9191,2.499169919862957e-05,11.0,0.0070676239386943,0.0059093717171311,2.77112120684113e-05,11.0,0.0074373948092934,0.0052816292230498,pinnacle,11.0,0.0609,0.0275,7.65,Primera División Chile,Goles (Over/Under),2025-02-21,pinnacle:1.9800; coolbet:1.9300; onexbet:1.9300; bovada:1.9300; tipico_de:1.9300; unibet:1.9200; betrivers:1.9200; nordicbet:1.9100; betsson:1.9100; playup:1.8800; betus:1.8700,4-2,6.0,No
Raków Częstochowa vs Górnik Zabrze,2025-02-21 14:30:00,Over 2.5,2.18,2.027,2.4832951689394973e-05,10.0,0.0070282402489223,0.0065740694635612,0.0001173181362771,10.0,0.0153074586686133,0.0120703578001435,matchbook,10.0,0.153,0.0647,4.01,Ekstraklasa,Goles (Over/Under),2025-02-21,matchbook:2.1800; onexbet:2.0700; playup:2.0500; betsson:2.0400; nordicbet:2.0400; coolbet:2.0300; betrivers:1.9700; unibet:1.9700; unibet_eu:1.9700; tipico_de:1.9500,1-0,1.0,No
Raków Częstochowa vs Górnik Zabrze,2025-02-21 14:30:00,Under 2.5,1.81,1.748,2.4832951689394973e-05,10.0,0.0070282402489223,0.0065740694635612,3.023946641540216e-05,10.0,0.007706128524437,0.0053493440702854,matchbook,10.0,0.062,0.024,6.53,Ekstraklasa,Goles (Over/Under),2025-02-21,matchbook:1.8100; coolbet:1.7600; tipico_de:1.7500; betrivers:1.7500; unibet:1.7500; unibet_eu:1.7500; betsson:1.7300; nordicbet:1.7300; onexbet:1.7300; playup:1.7200,1-0,1.0,Sí
Korona Kielce vs Śląsk Wrocław,2025-02-22 08:45:00,Over 2.5,2.19,2.1267,2.454332106612508e-05,9.0,0.0069565779071752,0.0061323543352175,5.016927001423117e-05,9.0,0.0100027709166416,0.008004922783879,coolbet,9.0,0.0633,0.0445,6.64,Ekstraklasa,Goles (Over/Under),2025-02-21,coolbet:2.1900; betrivers:2.1500; unibet:2.1500; unibet_eu:2.1500; nordicbet:2.1400; betsson:2.1400; onexbet:2.1200; tipico_de:2.0500; playup:2.0500,2-0,2.0,No
Korona Kielce vs Śląsk Wrocław,2025-02-22 08:45:00,Under 2.5,1.69,1.66,2.454332106612508e-05,9.0,0.0069565779071752,0.0061323543352175,1.9745406195368897e-05,9.0,0.0061524459245186,0.0048556446610493,onexbet,9.0,0.03,0.017,7.95,Ekstraklasa,Goles (Over/Under),2025-02-21,onexbet:1.6900; playup:1.6800; tipico_de:1.6700; nordicbet:1.6600; betsson:1.6600; coolbet:1.6600; betrivers:1.6400; unibet:1.6400; unibet_eu:1.6400,2-0,2.0,Sí
Godoy Cruz vs Platense,2025-02-21 17:15:00,Over 1.5,1.83,1.77,2.434489734207221e-05,8.0,0.0069592321245543,0.0057312334000274,7.133429468597008e-05,8.0,0.0118400907714203,0.0103805169916268,matchbook,8.0,0.06,0.0371,5.67,Liga Profesional,Goles (Over/Under),2025-02-21,matchbook:1.8300; bovada:1.8000; betanysports:1.8000; betsson:1.7800; onexbet:1.7600; playup:1.7500; betrivers:1.7200; unibet:1.7200,1-1,2.0,Sí
Godoy Cruz vs Platense,2025-02-21 17:15:00,Under 1.5,2.14,2.0525,2.434489734207221e-05,8.0,0.0069592321245544,0.0057312334000274,6.40744765165991e-05,8.0,0.0113149588839543,0.0077441443714287,matchbook,8.0,0.0875,0.0474,4.87,Liga Profesional,Goles (Over/Under),2025-02-21,matchbook:2.1400; betrivers:2.0700; unibet:2.0700; onexbet:2.0600; bovada:2.0500; betanysports:2.0500; playup:2.0200; betsson:1.9600,1-1,2.0,No
Reading vs Birmingham City,2025-02-22 07:30:00,Over 2.5,1.75,1.7036,2.4329963455100528e-05,11.0,0.0069349308330553,0.0052754921231649,8.879472747812225e-05,11.0,0.0130963580060778,0.010156790318549,onexbet,11.0,0.0464,0.0375,7.14,League One,Goles (Over/Under),2025-02-21,onexbet:1.7500; betsson:1.7500; nordicbet:1.7500; playup:1.7200; coolbet:1.7100; williamhill:1.7000; tipico_de:1.7000; betrivers:1.6800; unibet:1.6800; unibet_eu:1.6800; matchbook:1.6200,0-0,0.0,No
Reading vs Birmingham City,2025-02-22 07:30:00,Under 2.5,2.12,2.0691,2.4329963455100528e-05,11.0,0.0069349308330554,0.0052754921231649,2.5470869064730487e-05,11.0,0.0071336759154962,0.0049841600615255,matchbook,11.0,0.0509,0.0303,8.9,League One,Goles (Over/Under),2025-02-21,matchbook:2.1200; betsson:2.1000; nordicbet:2.1000; onexbet:2.0700; betrivers:2.0700; unibet:2.0700; unibet_eu:2.0700; coolbet:2.0600; williamhill:2.0500; playup:2.0500; tipico_de:2.0000,0-0,0.0,Sí
Grenoble vs Guingamp,2025-02-21 14:00:00,Over 2.5,2.28,2.105,2.4281412008717765e-05,10.0,0.006929440067752,0.005902480207992,0.0001107023010935,10.0,0.0148416536485464,0.0096932910220385,matchbook,10.0,0.175,0.0682,4.1,Ligue 2,Goles (Over/Under),2025-02-21,matchbook:2.2800; betrivers:2.1200; unibet_eu:2.1200; unibet:2.1200; coolbet:2.1000; betsson:2.0900; nordicbet:2.0900; playup:2.0800; williamhill:2.0500; tipico_de:2.0000,1-1,2.0,No
Grenoble vs Guingamp,2025-02-21 14:00:00,Under 2.5,1.77,1.694,2.4281412008717765e-05,10.0,0.006929440067752,0.005902480207992,5.812075155058726e-05,10.0,0.0106211834879358,0.0076187912922575,matchbook,10.0,0.076,0.031,6.5,Ligue 2,Goles (Over/Under),2025-02-21,matchbook:1.7700; coolbet:1.7100; tipico_de:1.7000; playup:1.7000; williamhill:1.7000; betsson:1.6900; nordicbet:1.6900; betrivers:1.6600; unibet_eu:1.6600; unibet:1.6600,1-1,2.0,Sí
Kashiwa Reysol vs Kawasaki Frontale,2025-02-22 00:00:00,Over 2.5,1.83,1.7545,2.4150653085726616e-05,11.0,0.0069298044327782,0.0062513257142168,6.979572150093044e-05,11.0,0.0117016280727727,0.009618136245915,matchbook,11.0,0.0755,0.0363,5.93,J1 League,Goles (Over/Under),2025-02-21,matchbook:1.8300; onexbet:1.7900; coolbet:1.7800; playup:1.7700; nordicbet:1.7600; betsson:1.7600; williamhill:1.7500; unibet_eu:1.7200; unibet:1.7200; betrivers:1.7200; tipico_de:1.7000,1-1,2.0,No
Kashiwa Reysol vs Kawasaki Frontale,2025-02-22 00:00:00,Under 2.5,2.07,2.0282,2.4150653085726616e-05,11.0,0.0069298044327782,0.0062513257142168,4.432305624597018e-05,11.0,0.0094139113447453,0.0084852399489039,unibet_eu,11.0,0.0418,0.0383,7.13,J1 League,Goles (Over/Under),2025-02-21,unibet_eu:2.0700; unibet:2.0700; betrivers:2.0700; matchbook:2.0600; coolbet:2.0500; onexbet:2.0400; nordicbet:2.0000; betsson:2.0000; tipico_de:2.0000; playup:2.0000; williamhill:1.9500,1-1,2.0,Sí
Orlando City SC vs Philadelphia Union,2025-02-22 19:30:00,Over 2.5,1.56,1.5375,2.413073331275509e-05,4.0,0.0067851814093144,0.005615954337515,1.621972420555909e-05,4.0,0.0054425930353471,0.0047134238310709,mybookieag,4.0,0.0225,0.013,7.02,MLS,Goles (Over/Under),2025-02-21,mybookieag:1.5600; williamhill:1.5300; unibet:1.5300; unibet_eu:1.5300,2-4,6.0,Sí
Orlando City SC vs Philadelphia Union,2025-02-22 19:30:00,Under 2.5,2.45,2.4075,2.413073331275509e-05,4.0,0.0067851814093144,0.0056159543375149,3.805140676116467e-05,4.0,0.0086063269700862,0.0073811713526612,unibet,4.0,0.0425,0.0492,6.18,MLS,Goles (Over/Under),2025-02-21,unibet:2.4500; unibet_eu:2.4500; williamhill:2.4000; mybookieag:2.3300,2-4,6.0,No
Pisa vs Juve Stabia,2025-02-22 09:00:00,Over 2.5,2.47,2.415,2.4080675642737894e-05,6.0,0.006757247616247,0.0060826682929949,2.34018928808179e-05,6.0,0.0067429154187694,0.0057748626012562,onexbet,6.0,0.055,0.0391,8.05,Serie B,Goles (Over/Under),2025-02-21,onexbet:2.4700; betrivers:2.4300; unibet_eu:2.4300; unibet:2.4300; williamhill:2.3800; tipico_de:2.3500,3-1,4.0,Sí
Pisa vs Juve Stabia,2025-02-22 09:00:00,Under 2.5,1.55,1.5083,2.4080675642737894e-05,6.0,0.006757247616247,0.0060826682929949,9.425545389619207e-05,6.0,0.0129888652648617,0.0124367250852819,williamhill,6.0,0.0417,0.0297,7.07,Serie B,Goles (Over/Under),2025-02-21,williamhill:1.5500; onexbet:1.5400; tipico_de:1.5200; betrivers:1.4800; unibet_eu:1.4800; unibet:1.4800,3-1,4.0,No
Radomiak Radom vs Legia Warszawa,2025-02-22 14:15:00,Over 2.75,2.02,1.984,2.39147546138225e-05,5.0,0.0069110266303505,0.0066902443280977,5.633645718304387e-05,5.0,0.0106127616597553,0.0100590914430134,lowvig,5.0,0.036,0.0413,4.45,Ekstraklasa,Goles (Over/Under),2025-02-21,lowvig:2.0200; betonlineag:2.0200; pinnacle:2.0100; bovada:1.9500; betus:1.9200,3-1,4.0,Sí
Radomiak Radom vs Legia Warszawa,2025-02-22 14:15:00,Under 2.75,1.87,1.834,2.39147546138225e-05,5.0,0.0069110266303505,0.0066902443280977,1.4924797488053649e-05,5.0,0.005444167837809,0.0042207872487525,bovada,5.0,0.036,0.0185,5.56,Ekstraklasa,Goles (Over/Under),2025-02-21,bovada:1.8700; pinnacle:1.8300; betus:1.8300; lowvig:1.8200; betonlineag:1.8200,3-1,4.0,No
Valencia vs Atlético Madrid,2025-02-22 12:30:00,Over 2.5,2.29,2.1845,2.369840640168399e-05,11.0,0.0068238195138661,0.0062898018348026,8.350587548766252e-05,11.0,0.0128748341150524,0.0115693109399732,onexbet,11.0,0.1055,0.0616,4.27,La Liga,Goles (Over/Under),2025-02-21,onexbet:2.2900; nordicbet:2.2500; betsson:2.2500; betus:2.2200; tipico_de:2.2000; playup:2.2000; unibet:2.1400; betrivers:2.1400; unibet_eu:2.1400; betmgm:2.1000; williamhill:2.1000,0-3,3.0,Sí
Valencia vs Atlético Madrid,2025-02-22 12:30:00,Under 2.5,1.73,1.6755,2.369840640168399e-05,11.0,0.0068238195138661,0.0062898018348026,3.17841455054661e-05,11.0,0.0078335580970674,0.0059639806077172,onexbet,11.0,0.0545,0.0223,5.42,La Liga,Goles (Over/Under),2025-02-21,onexbet:1.7300; betus:1.7000; unibet:1.6800; betrivers:1.6800; unibet_eu:1.6800; betmgm:1.6700; williamhill:1.6700; nordicbet:1.6600; betsson:1.6600; tipico_de:1.6500; playup:1.6500,0-3,3.0,No
Crewe Alexandra vs Barrow,2025-02-22 07:30:00,Over 2.5,2.5,2.42,2.366234871041236e-05,10.0,0.0066899525717718,0.0061894867864326,8.853843875579402e-05,10.0,0.0131212172869344,0.0116968869456404,betsson,10.0,0.08,0.0755,8.03,League Two,Goles (Over/Under),2025-02-21,betsson:2.5000; nordicbet:2.5000; betrivers:2.4800; unibet:2.4800; unibet_eu:2.4800; williamhill:2.4000; playup:2.4000; tipico_de:2.3500; onexbet:2.3300; matchbook:2.2800,3-0,3.0,Sí
Crewe Alexandra vs Barrow,2025-02-22 07:30:00,Under 2.5,1.53,1.503,2.366234871041236e-05,10.0,0.0066899525717718,0.0061894867864326,5.06138725181753e-05,10.0,0.0094953498120145,0.0086414955301146,betsson,10.0,0.027,0.0215,9.22,League Two,Goles (Over/Under),2025-02-21,betsson:1.5300; nordicbet:1.5300; williamhill:1.5300; tipico_de:1.5200; playup:1.5000; betrivers:1.4900; unibet:1.4900; unibet_eu:1.4900; onexbet:1.4800; matchbook:1.4700,3-0,3.0,No
Orlando City SC vs Philadelphia Union,2025-02-22 19:30:00,Over 3.5,2.45,2.348,2.3615904981998187e-05,5.0,0.0067263270622133,0.006007255535636,0.0001636277610063,5.0,0.0179246735272232,0.0138611847336243,nordicbet,5.0,0.102,0.0956,8.38,MLS,Goles (Over/Under),2025-02-21,nordicbet:2.4500; betrivers:2.4300; playup:2.3500; onexbet:2.3300; matchbook:2.1800,2-4,6.0,Sí
Orlando City SC vs Philadelphia Union,2025-02-22 19:30:00,Under 3.5,1.59,1.548,2.3615904981998187e-05,5.0,0.0067263270622133,0.006007255535636,0.000138733605925,5.0,0.0158413637446696,0.0117205303430594,onexbet,5.0,0.042,0.0371,8.76,MLS,Goles (Over/Under),2025-02-21,onexbet:1.5900; nordicbet:1.5700; betrivers:1.5500; playup:1.5500; matchbook:1.4800,2-4,6.0,No
Charlton Athletic vs Exeter City,2025-02-22 10:00:00,Over 2.5,1.98,1.9081,2.344240897793379e-05,16.0,0.0068459864929939,0.0063591150480413,8.352378412044568e-05,16.0,0.0129088158973481,0.0117219675037354,lowvig,16.0,0.0719,0.0472,6.06,League One,Goles (Over/Under),2025-02-21,lowvig:1.9800; betonlineag:1.9800; pinnacle:1.9700; matchbook:1.9600; onexbet:1.9400; coolbet:1.9400; bovada:1.9300; betsson:1.9000; nordicbet:1.9000; playup:1.8800; tipico_de:1.8700; betus:1.8700; unibet:1.8600; williamhill:1.8500; betrivers:1.8500; unibet_eu:1.8500,3-0,3.0,Sí
Charlton Athletic vs Exeter City,2025-02-22 10:00:00,Under 2.5,1.87,1.8506,2.344240897793379e-05,16.0,0.0068459864929939,0.0063591150480413,1.5702006160221553e-05,16.0,0.0055818370683868,0.0038704384305742,pinnacle,16.0,0.0194,0.0189,7.53,League One,Goles (Over/Under),2025-02-21,pinnacle:1.8700; betsson:1.8700; nordicbet:1.8700; betus:1.8700; onexbet:1.8600; unibet:1.8600; matchbook:1.8600; williamhill:1.8500; betrivers:1.8500; unibet_eu:1.8500; playup:1.8500; lowvig:1.8500; betonlineag:1.8500; tipico_de:1.8300; bovada:1.8200; coolbet:1.8000,3-0,3.0,No
Inter Milan vs Genoa,2025-02-22 14:45:00,Over 2.5,1.72,1.6586,2.308667922661261e-05,7.0,0.0067149409935078,0.005695260164624,8.485365798662696e-05,7.0,0.0127503816830332,0.0107789129889375,onexbet,7.0,0.0614,0.0352,3.59,Serie A,Goles (Over/Under),2025-02-21,onexbet:1.7200; betsson:1.6800; nordicbet:1.6800; tipico_de:1.6500; playup:1.6500; williamhill:1.6200; betrivers:1.6100,1-0,1.0,No
Inter Milan vs Genoa,2025-02-22 14:45:00,Under 2.5,2.3,2.2329,2.308667922661261e-05,7.0,0.0067149409935077,0.0056952601646239,3.232318261225303e-05,7.0,0.0079923113244003,0.0074796439621545,onexbet,7.0,0.0671,0.0403,5.59,Serie A,Goles (Over/Under),2025-02-21,onexbet:2.3000; betrivers:2.2800; williamhill:2.2500; betsson:2.2000; nordicbet:2.2000; tipico_de:2.2000; playup:2.2000,1-0,1.0,Sí
Leicester City vs Brentford,2025-02-21 15:00:00,Over 3.0,1.98,1.93,2.2855671751140547e-05,6.0,0.0067606860933333,0.0062728875221265,4.426822160812879e-05,6.0,0.0094027230850073,0.0080393131984679,coolbet,6.0,0.05,0.0351,3.42,Premier League,Goles (Over/Under),2025-02-21,coolbet:1.9800; pinnacle:1.9700; bovada:1.9300; lowvig:1.9100; betonlineag:1.9100; betus:1.8800,0-4,4.0,Sí
Leicester City vs Brentford,2025-02-21 15:00:00,Under 3.0,1.94,1.9217,2.2855671751140547e-05,6.0,0.0067606860933333,0.0062728875221265,1.917346523640616e-05,6.0,0.0061860970596777,0.0057639609776544,lowvig,6.0,0.0183,0.0227,4.74,Premier League,Goles (Over/Under),2025-02-21,lowvig:1.9400; betonlineag:1.9400; betus:1.9400; pinnacle:1.9300; bovada:1.8900; coolbet:1.8900,0-4,4.0,No
Shimizu S Pulse vs Albirex Niigata,2025-02-22 00:00:00,Over 2.5,2.28,2.1208,2.272969745085929e-05,13.0,0.006697149719392,0.0051081323865714,6.431383042477646e-05,13.0,0.0113056013654107,0.0078820756181275,matchbook,13.0,0.1592,0.0531,4.47,J1 League,Goles (Over/Under),2025-02-21,matchbook:2.2800; betonlineag:2.1500; lowvig:2.1500; onexbet:2.1400; coolbet:2.1200; nordicbet:2.1100; betsson:2.1100; playup:2.1000; tipico_de:2.1000; williamhill:2.1000; betrivers:2.0700; unibet_eu:2.0700; unibet:2.0700,2-0,2.0,No
Shimizu S Pulse vs Albirex Niigata,2025-02-22 00:00:00,Under 2.5,1.74,1.7046,2.272969745085929e-05,13.0,0.006697149719392,0.0051081323865714,5.147917392054888e-05,13.0,0.0099811395239848,0.0087152811164309,betonlineag,13.0,0.0354,0.0287,5.78,J1 League,Goles (Over/Under),2025-02-21,betonlineag:1.7400; lowvig:1.7400; coolbet:1.7300; onexbet:1.7200; betrivers:1.7200; unibet_eu:1.7200; unibet:1.7200; matchbook:1.7100; playup:1.7000; nordicbet:1.6700; betsson:1.6700; williamhill:1.6700; tipico_de:1.6500,2-0,2.0,Sí
Sampdoria vs Sassuolo,2025-02-21 14:30:00,Over 2.25,2.02,1.94,2.218978557953752e-05,5.0,0.006660214536009,0.004661377407502,7.967462739433047e-05,5.0,0.012615179758732,0.0085382031951957,pinnacle,5.0,0.08,0.0477,2.98,Serie B,Goles (Over/Under),2025-02-21,pinnacle:2.0200; betonlineag:1.9400; lowvig:1.9400; bovada:1.9300; betus:1.8700,0-0,0.0,No
Sampdoria vs Sassuolo,2025-02-21 14:30:00,Under 2.25,1.89,1.88,2.218978557953752e-05,5.0,0.006660214536009,0.0046613774075021,1.6077180966178168e-06,5.0,0.0017894941015072,0.0011353778562789,bovada,5.0,0.01,0.0063,6.39,Serie B,Goles (Over/Under),2025-02-21,bovada:1.8900; betus:1.8800; betonlineag:1.8800; lowvig:1.8800; pinnacle:1.8700,0-0,0.0,Sí
Kashima Antlers vs Tokyo Verdy,2025-02-22 01:00:00,Over 2.5,2.34,2.248,2.184681808672718e-05,10.0,0.0065213588913463,0.0054841514385963,4.719214440690975e-05,10.0,0.0096494994295233,0.008145767276202,matchbook,10.0,0.092,0.0494,6.03,J1 League,Goles (Over/Under),2025-02-21,matchbook:2.3400; onexbet:2.3100; playup:2.3000; williamhill:2.2500; nordicbet:2.2400; betsson:2.2400; tipico_de:2.2000; betrivers:2.2000; unibet_eu:2.2000; unibet:2.2000,4-0,4.0,Sí
Kashima Antlers vs Tokyo Verdy,2025-02-22 01:00:00,Under 2.5,1.65,1.619,2.184681808672718e-05,10.0,0.0065213588913463,0.0054841514385963,3.796595894203581e-05,10.0,0.0084636256104835,0.0073576230903595,matchbook,10.0,0.031,0.0221,6.06,J1 League,Goles (Over/Under),2025-02-21,matchbook:1.6500; betrivers:1.6400; unibet_eu:1.6400; unibet:1.6400; onexbet:1.6200; williamhill:1.6200; nordicbet:1.6000; betsson:1.6000; tipico_de:1.6000; playup:1.5800,4-0,4.0,No
Daejeon Citizen vs Ulsan Hyundai FC,2025-02-23 00:00:00,Over 2.5,2.06,2.024,2.168681434856668e-05,10.0,0.0065650627946338,0.0051032380802596,2.568122891433022e-05,10.0,0.0071661723173517,0.0050703440391447,onexbet,10.0,0.036,0.0287,8.07,K League 1,Goles (Over/Under),2025-02-21,onexbet:2.0600; betrivers:2.0400; unibet_eu:2.0400; unibet:2.0400; nordicbet:2.0300; betsson:2.0300; coolbet:2.0300; playup:2.0200; williamhill:2.0000; tipico_de:1.9500,0-1,1.0,No
Daejeon Citizen vs Ulsan Hyundai FC,2025-02-23 00:00:00,Under 2.5,1.76,1.725,2.168681434856668e-05,10.0,0.0065650627946339,0.0051032380802595,5.8326685978979854e-05,10.0,0.0106506870706891,0.0092005104721867,onexbet,10.0,0.035,0.0314,8.1,K League 1,Goles (Over/Under),2025-02-21,onexbet:1.7600; coolbet:1.7600; tipico_de:1.7500; playup:1.7500; nordicbet:1.7300; betsson:1.7300; williamhill:1.7300; betrivers:1.6800; unibet_eu:1.6800; unibet:1.6800,0-1,1.0,Sí
Dundee United vs Motherwell,2025-02-22 10:00:00,Over 2.5,1.88,1.8381,2.1466508767083483e-05,16.0,0.006550054173364,0.005071301516165,6.533346220031018e-05,16.0,0.0113798209837223,0.0103154368143095,pinnacle,16.0,0.0419,0.0381,6.67,Scottish Premiership,Goles (Over/Under),2025-02-21,pinnacle:1.8800; betus:1.8800; betonlineag:1.8800; lowvig:1.8800; coolbet:1.8700; matchbook:1.8700; onexbet:1.8600; betsson:1.8500; nordicbet:1.8500; bovada:1.8300; playup:1.8200; williamhill:1.8000; betrivers:1.7900; unibet:1.7900; unibet_eu:1.7900; tipico_de:1.7700,1-0,1.0,No
Dundee United vs Motherwell,2025-02-22 10:00:00,Under 2.5,1.98,1.9381,2.1466508767083483e-05,16.0,0.006550054173364,0.0050713015161651,2.6438990449371942e-05,16.0,0.0072656678025473,0.0054106114296603,pinnacle,16.0,0.0419,0.027,7.0,Scottish Premiership,Goles (Over/Under),2025-02-21,pinnacle:1.9800; matchbook:1.9800; betsson:1.9500; nordicbet:1.9500; williamhill:1.9500; betrivers:1.9500; unibet:1.9500; unibet_eu:1.9500; onexbet:1.9400; betonlineag:1.9400; lowvig:1.9400; tipico_de:1.9300; playup:1.9200; bovada:1.9100; coolbet:1.9000; betus:1.8700,1-0,1.0,Sí
FC Juárez vs Toluca,2025-02-22 18:00:00,Over 3.0,2.01,1.98,2.1396528305521658e-05,6.0,0.0065385625665844,0.0055807802052662,6.677318395387384e-05,6.0,0.0115509255309604,0.0095635453370587,pinnacle,6.0,0.03,0.044,4.4,Liga MX,Goles (Over/Under),2025-02-21,pinnacle:2.0100; lowvig:2.0100; betonlineag:2.0100; bovada:2.0000; coolbet:1.9600; betus:1.8900,0-4,4.0,Sí
FC Juárez vs Toluca,2025-02-22 18:00:00,Under 3.0,1.85,1.84,2.1396528305521658e-05,6.0,0.0065385625665844,0.0055807802052662,4.395697227128328e-06,6.0,0.0029537734455767,0.0029537734455767,pinnacle,6.0,0.01,0.01,6.96,Liga MX,Goles (Over/Under),2025-02-21,pinnacle:1.8500; coolbet:1.8500; betus:1.8500; bovada:1.8300; lowvig:1.8300; betonlineag:1.8300,0-4,4.0,No
Jeju United FC vs Sangju Sangmu FC,2025-02-22 00:00:00,Over 2.5,1.94,1.8787,2.1184398382480107e-05,15.0,0.0065085471568602,0.0042342977602928,6.171915314987497e-05,15.0,0.0110815783052737,0.0091413125746485,matchbook,15.0,0.0613,0.0388,7.1,K League 1,Goles (Over/Under),2025-02-21,matchbook:1.9400; coolbet:1.9300; pinnacle:1.9200; williamhill:1.9100; playup:1.9000; onexbet:1.8900; lowvig:1.8900; betonlineag:1.8900; betsson:1.8700; nordicbet:1.8700; bovada:1.8700; unibet:1.8400; betrivers:1.8300; unibet_eu:1.8300; tipico_de:1.8000,2-3,5.0,Sí
Jeju United FC vs Sangju Sangmu FC,2025-02-22 00:00:00,Under 2.5,1.95,1.878,2.1184398382480107e-05,15.0,0.0065085471568602,0.0042342977602928,8.013338740930372e-05,15.0,0.0126306627374899,0.0109676991089118,pinnacle,15.0,0.072,0.0446,6.84,K League 1,Goles (Over/Under),2025-02-21,pinnacle:1.9500; matchbook:1.9400; lowvig:1.9300; betonlineag:1.9300; onexbet:1.9100; tipico_de:1.9000; betsson:1.8700; nordicbet:1.8700; bovada:1.8700; coolbet:1.8500; playup:1.8500; unibet:1.8400; betrivers:1.8300; unibet_eu:1.8300; williamhill:1.8000,2-3,5.0,No
Cittadella vs Modena,2025-02-22 09:00:00,Over 2.5,2.45,2.4056,2.104830990988745e-05,9.0,0.0063204473661353,0.0058937252876644,1.931503938190893e-05,9.0,0.0061281473319555,0.0058676608603732,onexbet,9.0,0.0444,0.0353,7.93,Serie B,Goles (Over/Under),2025-02-21,onexbet:2.4500; matchbook:2.4400; betrivers:2.4300; unibet_eu:2.4300; unibet:2.4300; williamhill:2.3800; nordicbet:2.3700; betsson:2.3700; tipico_de:2.3500,0-2,2.0,No
Cittadella vs Modena,2025-02-22 09:00:00,Under 2.5,1.59,1.5289,2.104830990988745e-05,9.0,0.0063204473661353,0.0058937252876644,0.0001057337519458,9.0,0.0138377787018164,0.0119696046998559,matchbook,9.0,0.0611,0.0325,5.45,Serie B,Goles (Over/Under),2025-02-21,matchbook:1.5900; onexbet:1.5500; williamhill:1.5500; nordicbet:1.5400; betsson:1.5400; tipico_de:1.5200; betrivers:1.4900; unibet_eu:1.4900; unibet:1.4900,0-2,2.0,Sí
KV Mechelen vs Sint Truiden,2025-02-21 14:45:00,Over 3.5,2.52,2.39,2.02654058794732e-05,4.0,0.0062375907978586,0.0061434039090541,0.0001182574581936,4.0,0.0151575074656317,0.013942138533252,matchbook,4.0,0.13,0.0877,2.97,Pro League,Goles (Over/Under),2025-02-21,matchbook:2.5200; onexbet:2.4200; nordicbet:2.3200; playup:2.3000,1-1,2.0,No
KV Mechelen vs Sint Truiden,2025-02-21 14:45:00,Under 3.5,1.63,1.5925,2.02654058794732e-05,4.0,0.0062375907978586,0.0061434039090541,3.762554419174284e-05,4.0,0.0084067077326282,0.0072804224586471,matchbook,4.0,0.0375,0.0217,4.83,Pro League,Goles (Over/Under),2025-02-21,matchbook:1.6300; onexbet:1.5800; playup:1.5800; nordicbet:1.5800,1-1,2.0,Sí
Yokohama FC vs Fagiano Okayama,2025-02-22 00:00:00,Over 2.5,2.46,2.343,2.023138966019169e-05,10.0,0.0062310113754624,0.0055646642362144,7.003994910895098e-05,10.0,0.0116966983250107,0.0096755924163222,matchbook,10.0,0.117,0.0651,5.17,J1 League,Goles (Over/Under),2025-02-21,matchbook:2.4600; onexbet:2.4400; playup:2.4000; nordicbet:2.3400; betsson:2.3400; williamhill:2.3000; unibet_eu:2.3000; betrivers:2.3000; unibet:2.3000; tipico_de:2.2500,1-0,1.0,No
Yokohama FC vs Fagiano Okayama,2025-02-22 00:00:00,Under 2.5,1.59,1.567,2.023138966019169e-05,10.0,0.0062310113754624,0.0055646642362144,1.2612615462855372e-05,10.0,0.0048280242161737,0.0039158306714076,matchbook,10.0,0.023,0.0119,7.34,J1 League,Goles (Over/Under),2025-02-21,matchbook:1.5900; unibet:1.5800; onexbet:1.5700; williamhill:1.5700; unibet_eu:1.5700; betrivers:1.5700; nordicbet:1.5600; betsson:1.5600; playup:1.5500; tipico_de:1.5500,1-0,1.0,Sí
Necaxa vs Mazatlán FC,2025-02-21 20:00:00,Over 2.5,1.75,1.7025,1.9957674013452736e-05,8.0,0.006282228243872,0.0053387097474503,7.274544440234834e-05,8.0,0.0118663332304968,0.0110998961953087,matchbook,8.0,0.0475,0.0342,5.92,Liga MX,Goles (Over/Under),2025-02-21,matchbook:1.7500; williamhill:1.7300; betsson:1.7200; nordicbet:1.7200; coolbet:1.7200; betrivers:1.6600; unibet_eu:1.6600; unibet:1.6600,3-1,4.0,Sí
Necaxa vs Mazatlán FC,2025-02-21 20:00:00,Under 2.5,2.16,2.1138,1.9957674013452736e-05,8.0,0.006282228243872,0.0053387097474503,2.366480662867993e-05,8.0,0.0068709818086864,0.005152752672292,matchbook,8.0,0.0463,0.0304,6.54,Liga MX,Goles (Over/Under),2025-02-21,matchbook:2.1600; coolbet:2.1400; betrivers:2.1200; unibet_eu:2.1200; unibet:2.1200; betsson:2.1000; nordicbet:2.1000; williamhill:2.0500,3-1,4.0,No
Atlanta United FC vs CF Montreal,2025-02-22 19:30:00,Over 2.5,1.62,1.6114,1.993360313474518e-05,7.0,0.0062151777398014,0.0037314494933989,3.217930170077143e-06,7.0,0.0024617663550915,0.0018818201308588,williamhill,7.0,0.0086,0.0064,7.18,MLS,Goles (Over/Under),2025-02-21,williamhill:1.6200; matchbook:1.6200; onexbet:1.6100; betrivers:1.6100; unibet:1.6100; unibet_eu:1.6100; mybookieag:1.6000,3-2,5.0,Sí
Atlanta United FC vs CF Montreal,2025-02-22 19:30:00,Under 2.5,2.42,2.2871,1.993360313474518e-05,7.0,0.0062151777398014,0.0037314494933989,6.616711527382825e-05,7.0,0.0113952572620383,0.0071879099042964,matchbook,7.0,0.1329,0.0611,3.82,MLS,Goles (Over/Under),2025-02-21,matchbook:2.4200; onexbet:2.2900; betrivers:2.2800; unibet:2.2800; unibet_eu:2.2800; mybookieag:2.2600; williamhill:2.2000,3-2,5.0,No
Cracovia Kraków vs Jagiellonia Białystok,2025-02-23 08:45:00,Over 2.75,1.97,1.94,1.979602241568636e-05,5.0,0.0062912757756467,0.0051367539267015,5.033864117660596e-05,5.0,0.0100235307047819,0.0076419661130283,lowvig,5.0,0.03,0.0369,4.82,Ekstraklasa,Goles (Over/Under),2025-02-21,lowvig:1.9700; betonlineag:1.9700; bovada:1.9500; pinnacle:1.9400; betus:1.8700,2-2,4.0,Sí
Cracovia Kraków vs Jagiellonia Białystok,2025-02-23 08:45:00,Under 2.75,1.88,1.866,1.979602241568636e-05,5.0,0.0062912757756467,0.0051367539267015,7.653289815966765e-06,5.0,0.0039019648096357,0.0036851961758094,pinnacle,5.0,0.014,0.0136,6.67,Ekstraklasa,Goles (Over/Under),2025-02-21,pinnacle:1.8800; betus:1.8800; bovada:1.8700; lowvig:1.8500; betonlineag:1.8500,2-2,4.0,No
WSG Tirol vs Wolfsberger AC,2025-02-22 11:00:00,Over 2.25,1.85,1.83,1.9628645317294443e-05,4.0,0.0062582626381587,0.005409863651158,1.799380415077299e-05,4.0,0.0059728236523817,0.0059728236523817,betonlineag,4.0,0.02,0.02,5.87,Austrian Bundesliga,Goles (Over/Under),2025-02-21,betonlineag:1.8500; lowvig:1.8500; pinnacle:1.8100; betus:1.8100,3-3,6.0,Sí
WSG Tirol vs Wolfsberger AC,2025-02-22 11:00:00,Under 2.25,2.05,1.985,1.9628645317294443e-05,4.0,0.0062582626381587,0.005409863651158,5.805158288150708e-05,4.0,0.010773565489733,0.0081026363725719,pinnacle,4.0,0.065,0.0427,4.03,Austrian Bundesliga,Goles (Over/Under),2025-02-21,pinnacle:2.0500; betonlineag:1.9800; lowvig:1.9800; betus:1.9300,3-3,6.0,No
Perth Glory vs Sydney FC,2025-02-22 05:45:00,Over 3.5,1.88,1.846,1.9546131626170472e-05,10.0,0.0062505785628452,0.0042066486635725,3.5309919775673075e-05,10.0,0.008371023176622,0.0067351909316696,pinnacle,10.0,0.034,0.0284,6.67,A-League,Goles (Over/Under),2025-02-21,pinnacle:1.8800; betus:1.8800; matchbook:1.8800; betsson:1.8500; nordicbet:1.8500; bovada:1.8500; coolbet:1.8400; onexbet:1.8300; unibet_eu:1.8000; unibet:1.8000,0-0,0.0,No
Perth Glory vs Sydney FC,2025-02-22 05:45:00,Under 3.5,2.04,1.961,1.9546131626170472e-05,10.0,0.0062505785628452,0.0042066486635725,7.832861011196015e-05,10.0,0.0125100058704976,0.010164418615205,matchbook,10.0,0.079,0.0478,4.58,A-League,Goles (Over/Under),2025-02-21,matchbook:2.0400; coolbet:2.0200; pinnacle:1.9900; bovada:1.9800; onexbet:1.9700; betsson:1.9500; nordicbet:1.9500; unibet_eu:1.9200; unibet:1.9200; betus:1.8700,0-0,0.0,Sí
Athletic Bilbao vs Valladolid,2025-02-23 08:00:00,Over 2.5,1.69,1.6111,1.94340088482704e-05,9.0,0.0061402503394959,0.005205645814385,0.0001044834938682,9.0,0.0140486043685058,0.0115068927654844,onexbet,9.0,0.0789,0.037,4.63,La Liga,Goles (Over/Under),2025-02-21,onexbet:1.6900; nordicbet:1.6300; betsson:1.6300; williamhill:1.6200; tipico_de:1.6200; playup:1.6000; unibet:1.5700; betrivers:1.5700; unibet_eu:1.5700,7-1,8.0,Sí
Athletic Bilbao vs Valladolid,2025-02-23 08:00:00,Under 2.5,2.36,2.2878,1.94340088482704e-05,9.0,0.0061402503394959,0.005205645814385,3.191152653111739e-05,9.0,0.0079300297523402,0.0057430313628411,onexbet,9.0,0.0722,0.041,6.07,La Liga,Goles (Over/Under),2025-02-21,onexbet:2.3600; nordicbet:2.3000; betsson:2.3000; unibet:2.3000; betrivers:2.3000; unibet_eu:2.3000; playup:2.2800; tipico_de:2.2500; williamhill:2.2000,7-1,8.0,No
Wycombe Wanderers vs Wigan Athletic,2025-02-22 10:00:00,Over 2.25,2.04,1.972,1.901769578765435e-05,5.0,0.0061614888130701,0.0048964982661318,3.703973389823927e-05,5.0,0.0086064006314025,0.0068211900144673,pinnacle,5.0,0.068,0.0343,4.58,League One,Goles (Over/Under),2025-02-21,pinnacle:2.0400; lowvig:1.9600; betonlineag:1.9600; bovada:1.9500; betus:1.9500,0-0,0.0,No
Wycombe Wanderers vs Wigan Athletic,2025-02-22 10:00:00,Under 2.25,1.86,1.826,1.901769578765435e-05,5.0,0.0061614888130701,0.0048964982661317,3.5198109636464144e-05,5.0,0.0083538320839201,0.0081110517039941,lowvig,5.0,0.034,0.028,5.05,League One,Goles (Over/Under),2025-02-21,lowvig:1.8600; betonlineag:1.8600; pinnacle:1.8100; bovada:1.8000; betus:1.8000,0-0,0.0,Sí
Coquimbo Unido vs Universidad Católica (CHI),2025-02-22 16:00:00,Over 2.5,2.05,2.002,1.8785148867451973e-05,5.0,0.006116583994242,0.0056212412330525,6.052267962768669e-05,5.0,0.0110005691906961,0.0094823097317631,betsson,5.0,0.048,0.0435,5.92,Primera División Chile,Goles (Over/Under),2025-02-21,betsson:2.0500; onexbet:2.0400; coolbet:2.0100; playup:1.9800; tipico_de:1.9300,1-0,1.0,No
Coquimbo Unido vs Universidad Católica (CHI),2025-02-22 16:00:00,Under 2.5,1.81,1.762,1.8785148867451973e-05,5.0,0.006116583994242,0.0056212412330524,2.915553780269932e-05,5.0,0.0075769534333069,0.0060615627466455,coolbet,5.0,0.048,0.024,7.06,Primera División Chile,Goles (Over/Under),2025-02-21,coolbet:1.8100; betsson:1.7500; onexbet:1.7500; tipico_de:1.7500; playup:1.7500,1-0,1.0,Sí
SC Verl vs FC Viktoria Köln 1904,2025-02-22 08:00:00,Over 2.5,1.94,1.855,1.866739156065467e-05,10.0,0.0061094768805308,0.0043492800258546,0.0001133878845877,10.0,0.0149993491244677,0.0110258706275322,pinnacle,10.0,0.085,0.051,5.6,3. Liga,Goles (Over/Under),2025-02-21,pinnacle:1.9400; lowvig:1.9000; betonlineag:1.9000; tipico_de:1.8700; betsson:1.8500; nordicbet:1.8500; bovada:1.8500; coolbet:1.8500; unibet_eu:1.7700; unibet:1.7700,1-1,2.0,No
SC Verl vs FC Viktoria Köln 1904,2025-02-22 08:00:00,Under 2.5,1.92,1.891,1.866739156065467e-05,10.0,0.0061094768805308,0.0043492800258546,1.4586484614767134e-05,10.0,0.0053912573457552,0.0037288027909528,lowvig,10.0,0.029,0.0192,8.58,3. Liga,Goles (Over/Under),2025-02-21,lowvig:1.9200; betonlineag:1.9200; tipico_de:1.9000; pinnacle:1.8900; betsson:1.8900; nordicbet:1.8900; bovada:1.8900; unibet_eu:1.8800; unibet:1.8800; coolbet:1.8500,1-1,2.0,Sí
Hannover 96 vs SC Paderborn,2025-02-22 14:30:00,Over 2.5,1.7,1.6878,1.8624050295235024e-05,9.0,0.0060676523026465,0.0056402524410046,1.2525215794212968e-05,9.0,0.0049169186411643,0.0047782844933641,onexbet,9.0,0.0122,0.014,7.6,Bundesliga 2,Goles (Over/Under),2025-02-21,onexbet:1.7000; williamhill:1.7000; betrivers:1.7000; unibet_eu:1.7000; unibet:1.7000; playup:1.6800; betsson:1.6700; tipico_de:1.6700; nordicbet:1.6700,1-1,2.0,No
Hannover 96 vs SC Paderborn,2025-02-22 14:30:00,Under 2.5,2.15,2.1011,1.8624050295235024e-05,9.0,0.0060676523026464,0.0056402524410046,3.955451102535711e-05,9.0,0.0088846600351599,0.0078201965588983,tipico_de,9.0,0.0489,0.039,6.39,Bundesliga 2,Goles (Over/Under),2025-02-21,tipico_de:2.1500; onexbet:2.1500; betsson:2.1200; nordicbet:2.1200; playup:2.1200; williamhill:2.1000; betrivers:2.0500; unibet_eu:2.0500; unibet:2.0500,1-1,2.0,Sí
Widzew Łódź vs Pogoń Szczecin,2025-02-22 11:30:00,Over 2.5,1.74,1.72,1.8603872657911832e-05,9.0,0.0060774022865806,0.0050697594816498,3.0901956506595846e-05,9.0,0.0077451839167685,0.0060759073734998,onexbet,9.0,0.02,0.0226,7.47,Ekstraklasa,Goles (Over/Under),2025-02-21,onexbet:1.7400; betrivers:1.7400; unibet:1.7400; unibet_eu:1.7400; betsson:1.7200; nordicbet:1.7200; coolbet:1.7100; playup:1.7000; tipico_de:1.6700,0-4,4.0,Sí
Widzew Łódź vs Pogoń Szczecin,2025-02-22 11:30:00,Under 2.5,2.1,2.0356,1.8603872657911832e-05,9.0,0.0060774022865806,0.0050697594816498,2.8806774094141748e-05,9.0,0.0075881919578567,0.0065582116348168,coolbet,9.0,0.0644,0.0317,7.5,Ekstraklasa,Goles (Over/Under),2025-02-21,coolbet:2.1000; onexbet:2.0500; betsson:2.0500; nordicbet:2.0500; tipico_de:2.0500; playup:2.0200; betrivers:2.0000; unibet:2.0000; unibet_eu:2.0000,0-4,4.0,No
Portsmouth vs Queens Park Rangers,2025-02-22 10:00:00,Over 2.25,1.82,1.816,1.842618890292329e-05,5.0,0.0060639295863272,0.004447996912648,3.0149607109577168e-06,5.0,0.0024420024420024,0.001953601953602,pinnacle,5.0,0.004,0.008,6.76,Championship,Goles (Over/Under),2025-02-21,pinnacle:1.8200; betonlineag:1.8200; lowvig:1.8200; betus:1.8200; bovada:1.8000,2-1,3.0,Sí
Portsmouth vs Queens Park Rangers,2025-02-22 10:00:00,Under 2.25,2.05,2.014,1.842618890292329e-05,5.0,0.0060639295863272,0.004447996912648,6.232950784977153e-05,5.0,0.0111634946971816,0.008546407528406,pinnacle,5.0,0.036,0.0441,4.34,Championship,Goles (Over/Under),2025-02-21,pinnacle:2.0500; bovada:2.0500; betonlineag:2.0200; lowvig:2.0200; betus:1.9300,2-1,3.0,No
Braga vs Nacional,2025-02-21 15:15:00,Over 2.75,2.0,1.932,1.825539051418528e-05,5.0,0.0060417732934621,0.0054942407804234,6.486217820379368e-05,5.0,0.0113810824808958,0.0091512409159467,pinnacle,5.0,0.068,0.0426,3.48,Liga Portugal,Goles (Over/Under),2025-02-21,pinnacle:2.0000; bovada:1.9500; betonlineag:1.9200; lowvig:1.9200; betus:1.8700,0-1,1.0,No
Braga vs Nacional,2025-02-21 15:15:00,Under 2.75,1.9,1.89,1.825539051418528e-05,5.0,0.0060417732934621,0.0054942407804234,4.770929021599231e-06,5.0,0.0030831899285696,0.0022563836805322,betonlineag,5.0,0.01,0.011,6.11,Liga Portugal,Goles (Over/Under),2025-02-21,betonlineag:1.9000; lowvig:1.9000; pinnacle:1.8900; betus:1.8900; bovada:1.8700,0-1,1.0,Sí
FC Lausanne-Sport vs Grasshopper Zürich,2025-02-22 12:00:00,Over 2.5,1.87,1.8247,1.807351787065124e-05,15.0,0.0060099414390153,0.0048951312189811,4.84305690878287e-05,15.0,0.0097986447853451,0.0092281711736197,pinnacle,15.0,0.0453,0.0328,6.95,Super League Switzerland,Goles (Over/Under),2025-02-21,pinnacle:1.8700; betonlineag:1.8700; lowvig:1.8700; betus:1.8700; onexbet:1.8500; bovada:1.8500; coolbet:1.8200; betsson:1.8000; nordicbet:1.8000; tipico_de:1.8000; williamhill:1.8000; playup:1.8000; unibet:1.7900; betrivers:1.7900; unibet_eu:1.7900,2-2,4.0,Sí
FC Lausanne-Sport vs Grasshopper Zürich,2025-02-22 12:00:00,Under 2.5,2.0,1.9487,1.807351787065124e-05,15.0,0.0060099414390153,0.0048951312189812,2.822217016785741e-05,15.0,0.0075070675265408,0.0042347972209768,coolbet,15.0,0.0513,0.028,5.87,Super League Switzerland,Goles (Over/Under),2025-02-21,coolbet:2.0000; bovada:1.9800; pinnacle:1.9700; onexbet:1.9500; betsson:1.9500; nordicbet:1.9500; tipico_de:1.9500; williamhill:1.9500; unibet:1.9500; betrivers:1.9500; unibet_eu:1.9500; betonlineag:1.9500; lowvig:1.9500; playup:1.9100; betus:1.8700,2-2,4.0,No
SC Bastia vs Red Star,2025-02-21 14:00:00,Over 2.5,2.12,2.0833,1.802328771938805e-05,9.0,0.005974849919851,0.0050351487707279,3.352131841579615e-05,9.0,0.0081841641932156,0.0062590906278588,coolbet,9.0,0.0367,0.0346,7.05,Ligue 2,Goles (Over/Under),2025-02-21,coolbet:2.1200; nordicbet:2.1000; betsson:2.1000; betrivers:2.1000; unibet_eu:2.1000; unibet:2.1000; playup:2.0800; williamhill:2.0500; tipico_de:2.0000,1-0,1.0,No
SC Bastia vs Red Star,2025-02-21 14:00:00,Under 2.5,1.73,1.6911,1.802328771938805e-05,9.0,0.0059748499198511,0.0050351487707279,2.142950785225645e-05,9.0,0.0064400121969199,0.0050778699011488,williamhill,9.0,0.0389,0.0185,7.8,Ligue 2,Goles (Over/Under),2025-02-21,williamhill:1.7300; tipico_de:1.7000; playup:1.7000; coolbet:1.7000; nordicbet:1.6900; betsson:1.6900; betrivers:1.6700; unibet_eu:1.6700; unibet:1.6700,1-0,1.0,Sí
Columbus Crew SC vs Chicago Fire,2025-02-22 19:30:00,Over 2.5,1.63,1.5971,1.7707854528465842e-05,7.0,0.0058471913936571,0.0051650700928945,5.574086242510944e-05,7.0,0.0102134360938318,0.0091503347755369,nordicbet,7.0,0.0329,0.026,5.21,MLS,Goles (Over/Under),2025-02-21,nordicbet:1.6300; betsson:1.6300; matchbook:1.6100; onexbet:1.6000; playup:1.5800; williamhill:1.5700; mybookieag:1.5600,4-2,6.0,Sí
Columbus Crew SC vs Chicago Fire,2025-02-22 19:30:00,Under 2.5,2.42,2.32,1.7707854528465842e-05,7.0,0.0058471913936571,0.0051650700928945,3.244668731929673e-05,7.0,0.0079645078358494,0.006228000522036,matchbook,7.0,0.1,0.0441,5.42,MLS,Goles (Over/Under),2025-02-21,matchbook:2.4200; mybookieag:2.3400; onexbet:2.3000; williamhill:2.3000; nordicbet:2.3000; betsson:2.3000; playup:2.2800,4-2,6.0,No
Sivasspor vs Torku Konyaspor,2025-02-22 05:30:00,Over 2.5,2.14,2.0356,1.7695232885679937e-05,9.0,0.0059324559143661,0.0049710212106195,0.0001038204039861,9.0,0.0144024642487472,0.011223616326596,matchbook,9.0,0.1044,0.0606,4.87,Süper Lig,Goles (Over/Under),2025-02-21,matchbook:2.1400; onexbet:2.1300; tipico_de:2.0500; nordicbet:2.0300; betsson:2.0300; coolbet:2.0300; betrivers:1.9700; unibet_eu:1.9700; unibet:1.9700,1-1,2.0,No
Sivasspor vs Torku Konyaspor,2025-02-22 05:30:00,Under 2.5,1.8,1.7567,1.7695232885679937e-05,9.0,0.0059324559143661,0.0049710212106195,2.3513494336667097e-05,9.0,0.006793623279334,0.004997626139803,onexbet,9.0,0.0433,0.0211,6.32,Süper Lig,Goles (Over/Under),2025-02-21,onexbet:1.8000; matchbook:1.7800; coolbet:1.7600; nordicbet:1.7500; betsson:1.7500; betrivers:1.7500; unibet_eu:1.7500; unibet:1.7500; tipico_de:1.7200,1-1,2.0,Sí
Estoril vs Rio Ave FC,2025-02-22 15:30:00,Over 2.25,1.82,1.816,1.758527742820455e-05,5.0,0.0059240129646713,0.0043505286768499,3.0149607109577168e-06,5.0,0.0024420024420024,0.001953601953602,pinnacle,5.0,0.004,0.008,6.76,Liga Portugal,Goles (Over/Under),2025-02-21,pinnacle:1.8200; lowvig:1.8200; betonlineag:1.8200; betus:1.8200; bovada:1.8000,2-2,4.0,Sí
Estoril vs Rio Ave FC,2025-02-22 15:30:00,Under 2.25,2.05,2.012,1.758527742820455e-05,5.0,0.0059240129646712,0.0043505286768499,5.849888827351565e-05,5.0,0.0108150244556082,0.0083551114977987,bovada,5.0,0.038,0.0426,4.34,Liga Portugal,Goles (Over/Under),2025-02-21,bovada:2.0500; pinnacle:2.0400; lowvig:2.0200; betonlineag:2.0200; betus:1.9300,2-2,4.0,No
Austria Klagenfurt vs Grazer AK,2025-02-22 11:00:00,Over 2.5,2.05,1.9757,1.740957191035553e-05,14.0,0.005893666796675,0.0039776836739939,4.730181915135012e-05,14.0,0.0097251050711202,0.0083896686271288,pinnacle,14.0,0.0743,0.0383,8.66,Austrian Bundesliga,Goles (Over/Under),2025-02-21,pinnacle:2.0500; coolbet:2.0400; onexbet:2.0100; nordicbet:2.0000; betsson:2.0000; bovada:1.9800; playup:1.9800; unibet:1.9600; unibet_eu:1.9500; betrivers:1.9500; williamhill:1.9500; tipico_de:1.9300; betus:1.9300; matchbook:1.9300,4-2,6.0,Sí
Austria Klagenfurt vs Grazer AK,2025-02-22 11:00:00,Under 2.5,1.83,1.7686,1.740957191035553e-05,14.0,0.005893666796675,0.0039776836739939,8.349514992084547e-05,14.0,0.0127860097140103,0.0102181385033344,tipico_de,14.0,0.0614,0.0393,6.46,Austrian Bundesliga,Goles (Over/Under),2025-02-21,tipico_de:1.8300; pinnacle:1.8100; betus:1.8100; onexbet:1.8000; coolbet:1.7800; bovada:1.7800; nordicbet:1.7800; betsson:1.7800; williamhill:1.7500; playup:1.7500; unibet_eu:1.7400; unibet:1.7400; betrivers:1.7400; matchbook:1.6700,4-2,6.0,No
Karlsruher SC vs 1. FC Magdeburg,2025-02-22 07:00:00,Over 3.25,2.0,1.9625,1.729586375157893e-05,4.0,0.0058786467676397,0.0048929649492853,1.5412463742016272e-05,4.0,0.0055514448960541,0.0048076923076923,bovada,4.0,0.0375,0.0217,4.64,Bundesliga 2,Goles (Over/Under),2025-02-21,bovada:2.0000; pinnacle:1.9500; betonlineag:1.9500; lowvig:1.9500,3-1,4.0,Sí
Karlsruher SC vs 1. FC Magdeburg,2025-02-22 07:00:00,Under 3.25,1.9,1.8675,1.729586375157893e-05,4.0,0.0058786467676396,0.0048929649492852,2.58035417493982e-05,4.0,0.0071639283379195,0.0054387195304822,pinnacle,4.0,0.0325,0.0249,3.91,Bundesliga 2,Goles (Over/Under),2025-02-21,pinnacle:1.9000; betonlineag:1.8700; lowvig:1.8700; bovada:1.8300,3-1,4.0,No
SD Eibar vs Real Racing Club de Santander,2025-02-22 10:15:00,Over 2.5,2.08,2.0131,1.7196801378825827e-05,13.0,0.0058551075706005,0.0040515918234024,5.810337852567997e-05,13.0,0.010778134974371,0.0080642872997049,matchbook,13.0,0.0669,0.043,6.56,La Liga 2,Goles (Over/Under),2025-02-21,matchbook:2.0800; pinnacle:2.0600; lowvig:2.0500; betonlineag:2.0500; coolbet:2.0300; onexbet:2.0200; betsson:2.0100; nordicbet:2.0100; unibet:2.0000; unibet_eu:2.0000; williamhill:2.0000; tipico_de:1.9300; betus:1.9300,2-2,4.0,Sí
SD Eibar vs Real Racing Club de Santander,2025-02-22 10:15:00,Under 2.5,1.84,1.7715,1.7196801378825827e-05,13.0,0.0058551075706005,0.0040515918234024,7.646049831630319e-05,13.0,0.0122577531188578,0.0108091564992555,matchbook,13.0,0.0685,0.0384,6.16,La Liga 2,Goles (Over/Under),2025-02-21,matchbook:1.8400; pinnacle:1.8100; betus:1.8100; lowvig:1.8000; betonlineag:1.8000; onexbet:1.7900; coolbet:1.7600; betsson:1.7500; nordicbet:1.7500; tipico_de:1.7500; williamhill:1.7500; unibet:1.7100; unibet_eu:1.7100,2-2,4.0,No
Fulham vs Crystal Palace,2025-02-22 10:00:00,Over 2.5,2.02,1.9712,1.7063224254694217e-05,16.0,0.0058392872508875,0.0038884543342383,7.081896087536507e-05,16.0,0.0118924188172045,0.0091162859308115,matchbook,16.0,0.0488,0.0447,4.75,Premier League,Goles (Over/Under),2025-02-21,matchbook:2.0200; onexbet:2.0100; coolbet:2.0100; pinnacle:2.0000; betrivers:2.0000; unibet_eu:2.0000; lowvig:1.9900; betonlineag:1.9900; bovada:1.9800; betsson:1.9800; nordicbet:1.9800; betus:1.9700; mybookieag:1.9300; playup:1.9300; tipico_de:1.9000; williamhill:1.8500,0-2,2.0,No
Fulham vs Crystal Palace,2025-02-22 10:00:00,Under 2.5,1.94,1.8581,1.7063224254694217e-05,16.0,0.0058392872508876,0.0038884543342384,4.6842349690320615e-05,16.0,0.0096517449626277,0.0074072959545344,matchbook,16.0,0.0819,0.0336,5.6,Premier League,Goles (Over/Under),2025-02-21,matchbook:1.9400; onexbet:1.9000; pinnacle:1.8900; betsson:1.8700; nordicbet:1.8700; lowvig:1.8700; betonlineag:1.8700; coolbet:1.8600; tipico_de:1.8500; bovada:1.8500; williamhill:1.8500; betus:1.8500; playup:1.8300; mybookieag:1.8100; betrivers:1.8100; unibet_eu:1.8100,0-2,2.0,Sí
Everton vs Manchester United,2025-02-22 07:30:00,Over 2.25,2.0,1.9675,1.6825615766623877e-05,4.0,0.0058003029011917,0.0050056941540018,4.038535294111854e-05,4.0,0.0089837248073655,0.0075724522714051,pinnacle,4.0,0.0325,0.0342,3.19,Premier League,Goles (Over/Under),2025-02-21,pinnacle:2.0000; lowvig:1.9800; betonlineag:1.9800; bovada:1.9100,2-2,4.0,Sí
Everton vs Manchester United,2025-02-22 07:30:00,Under 2.25,1.91,1.89,1.6825615766623877e-05,4.0,0.0058003029011916,0.0050056941540018,5.8348867190536574e-06,4.0,0.0034108094100596,0.0027922621773573,bovada,4.0,0.02,0.0122,4.71,Premier League,Goles (Over/Under),2025-02-21,bovada:1.9100; pinnacle:1.8900; lowvig:1.8800; betonlineag:1.8800,2-2,4.0,No
Plymouth Argyle vs Cardiff City,2025-02-22 07:30:00,Over 2.5,2.06,1.9738,1.6806170360042853e-05,16.0,0.0057919223316609,0.0047560329170389,5.311122161757607e-05,16.0,0.0103044349847334,0.0083237679153945,matchbook,16.0,0.0863,0.0404,5.69,Championship,Goles (Over/Under),2025-02-21,matchbook:2.0600; pinnacle:2.0400; onexbet:2.0100; playup:2.0000; bovada:2.0000; coolbet:1.9800; lowvig:1.9800; betonlineag:1.9800; nordicbet:1.9700; betsson:1.9700; williamhill:1.9500; unibet:1.9400; tipico_de:1.9300; betrivers:1.9300; unibet_eu:1.9300; betus:1.9100,1-1,2.0,No
Plymouth Argyle vs Cardiff City,2025-02-22 07:30:00,Under 2.5,1.88,1.8125,1.6806170360042853e-05,16.0,0.0057919223316609,0.0047560329170389,6.126012422701426e-05,16.0,0.0110003692782863,0.0083474969716646,matchbook,16.0,0.0675,0.0358,5.55,Championship,Goles (Over/Under),2025-02-21,matchbook:1.8800; lowvig:1.8500; betonlineag:1.8500; bovada:1.8300; betus:1.8300; pinnacle:1.8300; betrivers:1.8200; unibet_eu:1.8200; unibet:1.8200; nordicbet:1.8100; betsson:1.8100; onexbet:1.8000; coolbet:1.8000; playup:1.7500; tipico_de:1.7500; williamhill:1.7500,1-1,2.0,Sí
Ross County vs Dundee FC,2025-02-22 10:00:00,Over 2.5,2.06,1.9943,1.677179449964046e-05,14.0,0.0057851173490125,0.0042321758764432,4.233266950974764e-05,14.0,0.009199349828594,0.0064858950335564,matchbook,14.0,0.0657,0.036,5.69,Scottish Premiership,Goles (Over/Under),2025-02-21,matchbook:2.0600; onexbet:2.0200; betonlineag:2.0200; lowvig:2.0200; betsson:2.0000; nordicbet:2.0000; playup:2.0000; betrivers:2.0000; unibet:2.0000; unibet_eu:2.0000; bovada:1.9800; coolbet:1.9800; tipico_de:1.9300; williamhill:1.9100,3-1,4.0,Sí
Ross County vs Dundee FC,2025-02-22 10:00:00,Under 2.5,1.83,1.7836,1.677179449964046e-05,14.0,0.0057851173490125,0.0042321758764432,4.321494479581355e-05,14.0,0.0092284692551975,0.0079908226499081,williamhill,14.0,0.0464,0.0294,7.0,Scottish Premiership,Goles (Over/Under),2025-02-21,williamhill:1.8300; betonlineag:1.8200; lowvig:1.8200; matchbook:1.8200; coolbet:1.8000; onexbet:1.7900; bovada:1.7800; betsson:1.7800; nordicbet:1.7800; playup:1.7500; tipico_de:1.7500; betrivers:1.7500; unibet:1.7500; unibet_eu:1.7500,3-1,4.0,No
Erzgebirge Aue vs SpVgg Unterhaching,2025-02-22 08:00:00,Over 2.5,1.7,1.69,1.66461616584672e-05,6.0,0.0057444832819419,0.0055843543133101,4.229091000131729e-06,6.0,0.0028588982687312,0.0023388711171516,tipico_de,6.0,0.01,0.0082,9.58,3. Liga,Goles (Over/Under),2025-02-21,tipico_de:1.7000; coolbet:1.7000; nordicbet:1.6900; betsson:1.6900; unibet_eu:1.6800; unibet:1.6800,1-0,1.0,No
Erzgebirge Aue vs SpVgg Unterhaching,2025-02-22 08:00:00,Under 2.5,2.1,2.0433,1.66461616584672e-05,6.0,0.005744483281942,0.0055843543133102,8.336034530763828e-05,6.0,0.0129086893174615,0.0120245467422266,tipico_de,6.0,0.0567,0.0534,7.14,3. Liga,Goles (Over/Under),2025-02-21,tipico_de:2.1000; nordicbet:2.0900; betsson:2.0900; coolbet:2.0300; unibet:1.9800; unibet_eu:1.9700,1-0,1.0,Sí
Hertha Berlin vs 1. FC Nürnberg,2025-02-21 12:30:00,Over 2.5,1.6,1.5657,1.6577092992316352e-05,7.0,0.0056550298093618,0.0040866568522081,4.3863480234284566e-05,7.0,0.0089893992783095,0.0072346231508921,williamhill,7.0,0.0343,0.0219,6.94,Bundesliga 2,Goles (Over/Under),2025-02-21,williamhill:1.6000; playup:1.5800; betsson:1.5700; tipico_de:1.5700; nordicbet:1.5700; betrivers:1.5400; onexbet:1.5300,0-0,0.0,No
Hertha Berlin vs 1. FC Nürnberg,2025-02-21 12:30:00,Under 2.5,2.35,2.3057,1.6577092992316352e-05,7.0,0.0056550298093618,0.0040866568522081,2.165196373251884e-05,7.0,0.0065234202573708,0.0052419862547355,tipico_de,7.0,0.0443,0.0346,7.91,Bundesliga 2,Goles (Over/Under),2025-02-21,tipico_de:2.3500; betrivers:2.3500; betsson:2.3100; nordicbet:2.3100; playup:2.3000; onexbet:2.2700; williamhill:2.2500,0-0,0.0,Sí
Melbourne Victory vs Melbourne City,2025-02-22 03:35:00,Over 2.5,1.8,1.7643,1.6576200654693218e-05,7.0,0.005744772810241,0.0050915265153884,5.462778504172497e-05,7.0,0.0103519560984051,0.0095002949479466,nordicbet,7.0,0.0357,0.032,5.56,A-League,Goles (Over/Under),2025-02-21,nordicbet:1.8000; betsson:1.8000; onexbet:1.7800; coolbet:1.7800; williamhill:1.7500; unibet:1.7200; unibet_eu:1.7200,2-2,4.0,Sí
Melbourne Victory vs Melbourne City,2025-02-22 03:35:00,Under 2.5,2.09,2.0229,1.6576200654693218e-05,7.0,0.005744772810241,0.0050915265153884,2.5150475528611383e-05,7.0,0.0070902779085931,0.0050938504082533,coolbet,7.0,0.0671,0.0296,5.99,A-League,Goles (Over/Under),2025-02-21,coolbet:2.0900; onexbet:2.0300; unibet:2.0200; unibet_eu:2.0200; nordicbet:2.0000; betsson:2.0000; williamhill:2.0000,2-2,4.0,No
Hamburger SV vs 1. FC Kaiserslautern,2025-02-21 12:30:00,Over 3.25,2.04,1.98,1.6559123339317114e-05,4.0,0.0057512818280202,0.0051126162066847,4.2666810198277365e-05,4.0,0.0092369167425208,0.007598610539787,pinnacle,4.0,0.06,0.0367,3.07,Bundesliga 2,Goles (Over/Under),2025-02-21,pinnacle:2.0400; bovada:1.9800; lowvig:1.9500; betonlineag:1.9500,3-0,3.0,No
Hamburger SV vs 1. FC Kaiserslautern,2025-02-21 12:30:00,Under 3.25,1.87,1.86,1.6559123339317114e-05,4.0,0.0057512818280201,0.0051126162066847,4.201623942709195e-06,4.0,0.0028905911258852,0.0028905911258852,lowvig,4.0,0.01,0.01,4.76,Bundesliga 2,Goles (Over/Under),2025-02-21,lowvig:1.8700; betonlineag:1.8700; pinnacle:1.8500; bovada:1.8500,3-0,3.0,Sí
Arsenal vs West Ham United,2025-02-22 10:00:00,Over 2.5,1.72,1.66,1.612560143927047e-05,9.0,0.0056180306820016,0.0048120943639192,3.487091187802956e-05,9.0,0.0081948507419514,0.0047964973152955,onexbet,9.0,0.06,0.0231,4.65,Premier League,Goles (Over/Under),2025-02-21,onexbet:1.7200; betsson:1.6600; nordicbet:1.6600; betrivers:1.6600; unibet_eu:1.6600; mybookieag:1.6500; tipico_de:1.6500; williamhill:1.6500; playup:1.6300,0-1,1.0,No
Arsenal vs West Ham United,2025-02-22 10:00:00,Under 2.5,2.29,2.2267,1.612560143927047e-05,9.0,0.0056180306820016,0.0048120943639193,5.020470564832539e-05,9.0,0.0099719168976794,0.0081810151495672,betsson,9.0,0.0633,0.049,5.02,Premier League,Goles (Over/Under),2025-02-21,betsson:2.2900; nordicbet:2.2900; onexbet:2.2500; playup:2.2500; betrivers:2.2300; unibet_eu:2.2300; tipico_de:2.2000; mybookieag:2.1500; williamhill:2.1500,0-1,1.0,Sí
Aberdeen vs Kilmarnock,2025-02-22 10:00:00,Over 2.5,2.08,1.9862,1.600917925064762e-05,16.0,0.0056523931105428,0.0041338039914051,6.119388442788086e-05,16.0,0.011060654596695,0.0088624912209296,matchbook,16.0,0.0938,0.0439,5.22,Scottish Premiership,Goles (Over/Under),2025-02-21,matchbook:2.0800; pinnacle:2.0600; onexbet:2.0100; lowvig:2.0100; betonlineag:2.0100; betsson:2.0000; nordicbet:2.0000; playup:2.0000; coolbet:1.9800; betrivers:1.9700; unibet_eu:1.9700; unibet:1.9700; bovada:1.9500; tipico_de:1.9300; betus:1.9300; williamhill:1.9100,1-0,1.0,No
Aberdeen vs Kilmarnock,2025-02-22 10:00:00,Under 2.5,1.84,1.7969,1.600917925064762e-05,16.0,0.0056523931105428,0.0041338039914051,3.462765648458855e-05,16.0,0.0082663038440932,0.0069170484645728,matchbook,16.0,0.0431,0.0266,6.7,Scottish Premiership,Goles (Over/Under),2025-02-21,matchbook:1.8400; williamhill:1.8300; lowvig:1.8300; betonlineag:1.8300; pinnacle:1.8100; betus:1.8100; onexbet:1.8000; bovada:1.8000; coolbet:1.8000; betsson:1.7800; nordicbet:1.7800; betrivers:1.7800; unibet_eu:1.7800; unibet:1.7800; playup:1.7500; tipico_de:1.7500,1-0,1.0,Sí
FC Juárez vs Toluca,2025-02-22 18:00:00,Over 2.5,1.61,1.605,1.590639091045382e-05,6.0,0.0055611016434348,0.005269883222639,2.005202840318481e-06,6.0,0.0019409937888199,0.0019409937888199,unibet,6.0,0.005,0.005,7.57,Liga MX,Goles (Over/Under),2025-02-21,unibet:1.6100; unibet_eu:1.6100; betrivers:1.6100; nordicbet:1.6000; betsson:1.6000; williamhill:1.6000,0-4,4.0,Sí
FC Juárez vs Toluca,2025-02-22 18:00:00,Under 2.5,2.3,2.2417,1.590639091045382e-05,6.0,0.0055611016434349,0.0052698832226391,3.988172587609609e-05,6.0,0.008876019208697,0.0082711169667691,nordicbet,6.0,0.0583,0.0449,5.98,Liga MX,Goles (Over/Under),2025-02-21,nordicbet:2.3000; betsson:2.3000; williamhill:2.2500; unibet:2.2000; unibet_eu:2.2000; betrivers:2.2000,0-4,4.0,No
Deportivo Riestra vs Talleres,2025-02-21 15:00:00,Over 2.0,1.95,1.93,1.5849944740629982e-05,5.0,0.0056299114259906,0.0054385491444918,1.155004313762281e-05,5.0,0.004802989908946,0.004304782016851,bovada,5.0,0.02,0.0179,4.76,Liga Profesional,Goles (Over/Under),2025-02-21,bovada:1.9500; betanysports:1.9500; pinnacle:1.9300; lowvig:1.9100; betonlineag:1.9100,0-0,0.0,No
Deportivo Riestra vs Talleres,2025-02-21 15:00:00,Under 2.0,1.95,1.902,1.5849944740629982e-05,5.0,0.0056299114259906,0.0054385491444918,3.3986912765043754e-05,5.0,0.0082340555946805,0.0070939429116207,pinnacle,5.0,0.048,0.0299,3.64,Liga Profesional,Goles (Over/Under),2025-02-21,pinnacle:1.9500; lowvig:1.9100; betonlineag:1.9100; bovada:1.8700; betanysports:1.8700,0-0,0.0,Sí
Columbus Crew SC vs Chicago Fire,2025-02-22 19:30:00,Over 3.0,2.0,1.978,1.581860254494707e-05,5.0,0.0056228541360306,0.0044821767436014,2.079316232629433e-05,5.0,0.0064472740467774,0.0049970583539985,pinnacle,5.0,0.022,0.0248,4.35,MLS,Goles (Over/Under),2025-02-21,pinnacle:2.0000; betonlineag:1.9900; lowvig:1.9900; coolbet:1.9800; bovada:1.9300,4-2,6.0,Sí
Columbus Crew SC vs Chicago Fire,2025-02-22 19:30:00,Under 3.0,1.89,1.852,1.581860254494707e-05,5.0,0.0056228541360307,0.0044821767436014,1.562130931396742e-05,5.0,0.0055746640308069,0.0043658565397695,bovada,5.0,0.038,0.0194,4.72,MLS,Goles (Over/Under),2025-02-21,bovada:1.8900; pinnacle:1.8500; betonlineag:1.8400; lowvig:1.8400; coolbet:1.8400,4-2,6.0,No
Colchester United vs Wimbledon,2025-02-22 10:00:00,Over 2.0,2.1,2.0417,1.5715912842739336e-05,6.0,0.0055914624583918,0.0054772848849858,6.327275979401766e-05,6.0,0.0112455463224984,0.010782452871539,lowvig,6.0,0.0583,0.0471,4.44,League Two,Goles (Over/Under),2025-02-21,lowvig:2.1000; betonlineag:2.1000; pinnacle:2.0600; bovada:2.0000; betus:2.0000; coolbet:1.9900,1-1,2.0,No
Colchester United vs Wimbledon,2025-02-22 10:00:00,Under 2.0,1.77,1.7667,1.5715912842739336e-05,6.0,0.0055914624583919,0.0054772848849859,1.1656174553455537e-06,6.0,0.0015132399871309,0.0014266963419505,bovada,6.0,0.0033,0.0047,6.75,League Two,Goles (Over/Under),2025-02-21,bovada:1.7700; betus:1.7700; lowvig:1.7700; betonlineag:1.7700; coolbet:1.7600; pinnacle:1.7600,1-1,2.0,No
Atromitos Athens vs Panserraikos FC,2025-02-22 12:30:00,Over 2.25,1.95,1.9329,1.5400365784656147e-05,7.0,0.0055495714999325,0.0046125234725195,2.6654828891581924e-05,7.0,0.0072925174651017,0.0051302701856005,bovada,7.0,0.0171,0.0266,4.76,Super League Greece,Goles (Over/Under),2025-02-21,bovada:1.9500; lowvig:1.9500; betonlineag:1.9500; betsson:1.9400; nordicbet:1.9400; pinnacle:1.9300; betus:1.8700,1-0,1.0,No
Atromitos Athens vs Panserraikos FC,2025-02-22 12:30:00,Under 2.25,1.91,1.8814,1.5400365784656147e-05,7.0,0.0055495714999325,0.0046125234725195,1.2842171965380454e-05,7.0,0.0050592597525281,0.0045710811692596,pinnacle,7.0,0.0286,0.0181,5.83,Super League Greece,Goles (Over/Under),2025-02-21,pinnacle:1.9100; betus:1.9100; betsson:1.8700; nordicbet:1.8700; bovada:1.8700; lowvig:1.8700; betonlineag:1.8700,1-0,1.0,Sí
Sporting Gijón vs Almería,2025-02-22 15:00:00,Over 2.5,2.19,2.1289,1.5393689703360728e-05,9.0,0.0055093720089993,0.0040443557963163,3.736056841664813e-05,9.0,0.0086299990500157,0.0067842962252239,coolbet,9.0,0.0611,0.0387,6.27,La Liga 2,Goles (Over/Under),2025-02-21,coolbet:2.1900; matchbook:2.1600; onexbet:2.1500; williamhill:2.1500; betsson:2.1300; nordicbet:2.1300; unibet:2.1000; unibet_eu:2.1000; tipico_de:2.0500,1-1,2.0,No
Sporting Gijón vs Almería,2025-02-22 15:00:00,Under 2.5,1.76,1.6756,1.5393689703360728e-05,9.0,0.0055093720089993,0.0040443557963163,6.838430440127985e-05,9.0,0.0115112615780134,0.0083722839168715,matchbook,9.0,0.0844,0.0334,5.6,La Liga 2,Goles (Over/Under),2025-02-21,matchbook:1.7600; onexbet:1.7000; betsson:1.6700; nordicbet:1.6700; tipico_de:1.6700; coolbet:1.6600; williamhill:1.6500; unibet:1.6500; unibet_eu:1.6500,1-1,2.0,Sí
Lecce vs Udinese,2025-02-21 14:45:00,Over 2.5,2.44,2.31,1.5175449683158965e-05,9.0,0.0054276064515671,0.0042504866091374,8.010897440260647e-05,9.0,0.0125333909343199,0.008895969364278,matchbook,9.0,0.13,0.0677,4.68,Serie A,Goles (Over/Under),2025-02-21,matchbook:2.4400; onexbet:2.4000; nordicbet:2.3000; betsson:2.3000; betrivers:2.3000; unibet_eu:2.3000; playup:2.3000; tipico_de:2.2500; williamhill:2.2000,0-1,1.0,No
Lecce vs Udinese,2025-02-21 14:45:00,Under 2.5,1.68,1.6167,1.5175449683158965e-05,9.0,0.0054276064515671,0.0042504866091374,9.972676254467968e-05,9.0,0.0137320347826574,0.0107619106764011,matchbook,9.0,0.0633,0.0362,4.98,Serie A,Goles (Over/Under),2025-02-21,matchbook:1.6800; onexbet:1.6700; williamhill:1.6200; nordicbet:1.6200; betsson:1.6200; tipico_de:1.6000; playup:1.6000; betrivers:1.5700; unibet_eu:1.5700,0-1,1.0,Sí
Burgos CF vs Oviedo,2025-02-22 10:15:00,Over 1.5,1.65,1.598,1.5127732700936056e-05,5.0,0.0054201575568104,0.0050506074893737,0.0001084692229558,5.0,0.0142585917600178,0.0130636427630066,matchbook,5.0,0.052,0.0366,6.69,La Liga 2,Goles (Over/Under),2025-02-21,matchbook:1.6500; onexbet:1.6300; betsson:1.5800; nordicbet:1.5800; tipico_de:1.5500,1-2,3.0,Sí
Burgos CF vs Oviedo,2025-02-22 10:15:00,Under 1.5,2.36,2.244,1.5127732700936056e-05,5.0,0.0054201575568104,0.0050506074893737,9.810750838734908e-05,5.0,0.0139151933103254,0.0118058539036276,matchbook,5.0,0.116,0.0709,6.89,La Liga 2,Goles (Over/Under),2025-02-21,matchbook:2.3600; onexbet:2.2700; tipico_de:2.2500; betsson:2.1700; nordicbet:2.1700,1-2,3.0,No
Cambridge United vs Stockport County FC,2025-02-22 10:00:00,Over 2.25,1.82,1.812,1.499441920299483e-05,5.0,0.0054707777986518,0.0050133333333333,2.6337251180089723e-06,5.0,0.0022824954520929,0.0019482052631224,pinnacle,5.0,0.008,0.0075,6.76,League One,Goles (Over/Under),2025-02-21,pinnacle:1.8200; betus:1.8200; lowvig:1.8100; betonlineag:1.8100; bovada:1.8000,2-0,2.0,No
Cambridge United vs Stockport County FC,2025-02-22 10:00:00,Under 2.25,2.03,1.992,1.499441920299483e-05,5.0,0.0054707777986519,0.0050133333333333,6.018854868734733e-05,5.0,0.0109702674548823,0.0105858659107659,lowvig,5.0,0.038,0.0431,4.82,League One,Goles (Over/Under),2025-02-21,lowvig:2.0300; betonlineag:2.0300; pinnacle:2.0200; bovada:1.9500; betus:1.9300,2-0,2.0,Sí
Spezia vs US Catanzaro 1929,2025-02-23 09:00:00,Over 2.5,1.98,1.9177,1.496732228195934e-05,13.0,0.0054700320743919,0.0037580563838693,5.7158861655642674e-05,13.0,0.0106792873431456,0.0096395060686935,bovada,13.0,0.0623,0.0391,6.06,Serie B,Goles (Over/Under),2025-02-21,bovada:1.9800; pinnacle:1.9600; williamhill:1.9500; matchbook:1.9500; onexbet:1.9400; nordicbet:1.9300; betsson:1.9300; coolbet:1.9300; betrivers:1.8800; unibet_eu:1.8800; unibet:1.8800; betus:1.8700; tipico_de:1.8500,0-1,1.0,No
Spezia vs US Catanzaro 1929,2025-02-23 09:00:00,Under 2.5,1.88,1.8338,1.496732228195934e-05,13.0,0.0054700320743919,0.0037580563838693,4.2592563048264345e-05,13.0,0.0091922936961697,0.0085292741494063,pinnacle,13.0,0.0462,0.031,7.25,Serie B,Goles (Over/Under),2025-02-21,pinnacle:1.8800; betus:1.8800; matchbook:1.8700; onexbet:1.8600; bovada:1.8500; coolbet:1.8500; tipico_de:1.8300; nordicbet:1.8100; betsson:1.8100; williamhill:1.8000; betrivers:1.8000; unibet_eu:1.8000; unibet:1.8000,0-1,1.0,Sí
St Johnstone vs Hearts,2025-02-23 07:00:00,Over 2.5,2.04,1.9838,1.4885265611875168e-05,16.0,0.0054500057844494,0.0047721506065413,5.475673709821292e-05,16.0,0.0104627008834236,0.0089177117391934,pinnacle,16.0,0.0562,0.0409,6.16,Scottish Premiership,Goles (Over/Under),2025-02-21,pinnacle:2.0400; betonlineag:2.0400; lowvig:2.0400; matchbook:2.0200; onexbet:2.0100; betsson:2.0000; nordicbet:2.0000; playup:2.0000; bovada:1.9800; coolbet:1.9800; williamhill:1.9500; unibet:1.9500; unibet_eu:1.9500; betrivers:1.9500; betus:1.9300; tipico_de:1.9000,1-2,3.0,Sí
St Johnstone vs Hearts,2025-02-23 07:00:00,Under 2.5,1.81,1.7938,1.4885265611875168e-05,16.0,0.0054500057844495,0.0047721506065413,1.182825054094989e-05,16.0,0.0048275837455506,0.0037588878692847,pinnacle,16.0,0.0162,0.0154,7.88,Scottish Premiership,Goles (Over/Under),2025-02-21,pinnacle:1.8100; betus:1.8100; betonlineag:1.8100; lowvig:1.8100; onexbet:1.8000; williamhill:1.8000; tipico_de:1.8000; coolbet:1.8000; matchbook:1.8000; unibet:1.7900; unibet_eu:1.7900; betrivers:1.7900; bovada:1.7800; betsson:1.7800; nordicbet:1.7800; playup:1.7500,1-2,3.0,No
Lille vs AS Monaco,2025-02-22 11:00:00,Over 2.5,1.68,1.6178,1.4675721999819464e-05,9.0,0.0053368836915758,0.0038887444898769,4.18086719324041e-05,9.0,0.0089164583202044,0.0059877631894093,onexbet,9.0,0.0622,0.0239,4.98,Ligue 1,Goles (Over/Under),2025-02-21,onexbet:1.6800; unibet:1.6200; betrivers:1.6200; unibet_eu:1.6200; williamhill:1.6200; tipico_de:1.6000; betsson:1.6000; nordicbet:1.6000; playup:1.6000,2-1,3.0,Sí
Lille vs AS Monaco,2025-02-22 11:00:00,Under 2.5,2.38,2.3089,1.4675721999819464e-05,9.0,0.0053368836915758,0.0038887444898769,4.265110396824516e-05,9.0,0.0091620832305515,0.0063699780737382,onexbet,9.0,0.0711,0.0479,4.52,Ligue 1,Goles (Over/Under),2025-02-21,onexbet:2.3800; betsson:2.3500; nordicbet:2.3500; tipico_de:2.3000; unibet:2.3000; betrivers:2.3000; unibet_eu:2.3000; playup:2.3000; williamhill:2.2000,2-1,3.0,No
Cracovia Kraków vs Jagiellonia Białystok,2025-02-23 08:45:00,Over 2.5,1.76,1.7044,1.4577745185021538e-05,9.0,0.0053774487755996,0.0047351389589084,4.813833995939774e-05,9.0,0.0096699716932288,0.0085425163081542,coolbet,9.0,0.0556,0.0283,6.32,Ekstraklasa,Goles (Over/Under),2025-02-21,coolbet:1.7600; onexbet:1.7300; nordicbet:1.7200; betsson:1.7200; playup:1.7000; betrivers:1.6800; unibet:1.6800; unibet_eu:1.6800; tipico_de:1.6700,2-2,4.0,Sí
Cracovia Kraków vs Jagiellonia Białystok,2025-02-23 08:45:00,Under 2.5,2.07,2.0533,1.4577745185021538e-05,9.0,0.0053774487755996,0.0047351389589084,8.854755971060072e-06,9.0,0.0042070614563771,0.0035176335147844,onexbet,9.0,0.0167,0.0176,8.19,Ekstraklasa,Goles (Over/Under),2025-02-21,onexbet:2.0700; betrivers:2.0700; unibet:2.0700; unibet_eu:2.0700; nordicbet:2.0500; betsson:2.0500; tipico_de:2.0500; coolbet:2.0300; playup:2.0200,2-2,4.0,No
Unión Española vs Palestino,2025-02-21 16:00:00,Over 2.5,1.8,1.7517,1.4518995532643303e-05,6.0,0.0053760862272301,0.0053295888758366,6.42986232428001e-05,6.0,0.0112213693094293,0.0103299330837538,coolbet,6.0,0.0483,0.0344,6.06,Primera División Chile,Goles (Over/Under),2025-02-21,coolbet:1.8000; onexbet:1.7800; playup:1.7700; unibet:1.7300; betrivers:1.7300; tipico_de:1.7000,0-3,3.0,Sí
Unión Española vs Palestino,2025-02-21 16:00:00,Under 2.5,2.02,2.0067,1.4518995532643303e-05,6.0,0.0053760862272301,0.0053295888758366,6.918524905893688e-06,6.0,0.003719765594999,0.0033169983665033,unibet,6.0,0.0133,0.0149,8.33,Primera División Chile,Goles (Over/Under),2025-02-21,unibet:2.0200; coolbet:2.0200; betrivers:2.0200; onexbet:2.0000; tipico_de:2.0000; playup:1.9800,0-3,3.0,No
Borussia Dortmund vs Union Berlin,2025-02-22 12:30:00,Over 3.0,2.02,1.9667,1.449642793145848e-05,6.0,0.0053814285370513,0.0049216269084639,2.229178880472797e-05,6.0,0.0066765488607706,0.005675781253339,pinnacle,6.0,0.0533,0.0262,5.06,Bundesliga,Goles (Over/Under),2025-02-21,pinnacle:2.0200; coolbet:1.9800; bovada:1.9500; betonlineag:1.9500; lowvig:1.9500; betus:1.9500,6-0,6.0,Sí
Borussia Dortmund vs Union Berlin,2025-02-22 12:30:00,Under 3.0,1.87,1.8583,1.449642793145848e-05,6.0,0.0053814285370513,0.0049216269084638,3.028366698785441e-05,6.0,0.0077502851270046,0.005776721462996,pinnacle,6.0,0.0117,0.0261,4.76,Bundesliga,Goles (Over/Under),2025-02-21,pinnacle:1.8700; bovada:1.8700; betonlineag:1.8700; lowvig:1.8700; betus:1.8700; coolbet:1.8000,6-0,6.0,No
Reggiana vs Carrarese,2025-02-22 09:00:00,Over 2.0,1.91,1.8833,1.4318374821879642e-05,6.0,0.0053510803277659,0.0041073752378163,1.819895138547126e-05,6.0,0.0060210642944281,0.0049876498185575,pinnacle,6.0,0.0267,0.0213,5.83,Serie B,Goles (Over/Under),2025-02-21,pinnacle:1.9100; betus:1.9100; lowvig:1.8800; betonlineag:1.8800; bovada:1.8700; coolbet:1.8500,2-2,4.0,Sí
Reggiana vs Carrarese,2025-02-22 09:00:00,Under 2.0,1.95,1.925,1.4318374821879642e-05,6.0,0.0053510803277659,0.0041073752378163,2.500681527271097e-05,6.0,0.0070629561152736,0.0050615675566579,bovada,6.0,0.025,0.0257,5.34,Serie B,Goles (Over/Under),2025-02-21,bovada:1.9500; pinnacle:1.9400; coolbet:1.9300; lowvig:1.9300; betonlineag:1.9300; betus:1.8700,2-2,4.0,No
USL Dunkerque vs Clermont,2025-02-21 14:00:00,Over 2.25,1.95,1.926,1.4289676409143432e-05,5.0,0.0053458212460451,0.0040962881314894,3.125510598387481e-05,5.0,0.0078963333594751,0.006172349620569,pinnacle,5.0,0.024,0.0287,4.47,Ligue 2,Goles (Over/Under),2025-02-21,pinnacle:1.9500; betonlineag:1.9400; lowvig:1.9400; bovada:1.9300; betus:1.8700,0-3,3.0,Sí
USL Dunkerque vs Clermont,2025-02-21 14:00:00,Under 2.25,1.92,1.898,1.4289676409143432e-05,5.0,0.0053458212460452,0.0040962881314894,1.2910598345254969e-05,5.0,0.0050743995122721,0.0048688506135314,pinnacle,5.0,0.022,0.0183,5.56,Ligue 2,Goles (Over/Under),2025-02-21,pinnacle:1.9200; betus:1.9200; bovada:1.8900; betonlineag:1.8800; lowvig:1.8800,0-3,3.0,No
FC Zurich vs Yverdon Sport FC,2025-02-22 12:00:00,Over 2.75,2.01,1.99,1.4101152562969071e-05,4.0,0.005307359914418,0.0045436572862129,1.9532447146074875e-05,4.0,0.0062496532625126,0.0051155125031972,betonlineag,4.0,0.02,0.0245,4.4,Super League Switzerland,Goles (Over/Under),2025-02-21,betonlineag:2.0100; lowvig:2.0100; pinnacle:1.9900; bovada:1.9500,2-1,3.0,Sí
FC Zurich vs Yverdon Sport FC,2025-02-22 12:00:00,Under 2.75,1.87,1.845,1.4101152562969071e-05,4.0,0.0053073599144179,0.0045436572862128,1.1844422417713673e-05,4.0,0.0048507284679972,0.0043990690085193,bovada,4.0,0.025,0.0166,4.76,Super League Switzerland,Goles (Over/Under),2025-02-21,bovada:1.8700; pinnacle:1.8500; betonlineag:1.8300; lowvig:1.8300,2-1,3.0,No
Inter Miami CF vs New York City FC,2025-02-22 19:30:00,Over 3.5,2.44,2.3544,1.3965337225068478e-05,9.0,0.0051817821949944,0.0049925766834717,3.152908832919023e-05,9.0,0.007847343936568,0.0064794218282388,matchbook,9.0,0.0856,0.0437,5.09,MLS,Goles (Over/Under),2025-02-21,matchbook:2.4400; betrivers:2.3800; unibet:2.3800; unibet_eu:2.3800; nordicbet:2.3500; betsson:2.3500; onexbet:2.3100; mybookieag:2.3000; playup:2.3000,2-2,4.0,Sí
Inter Miami CF vs New York City FC,2025-02-22 19:30:00,Under 3.5,1.61,1.5822,1.3965337225068478e-05,9.0,0.0051817821949944,0.0049925766834716,3.194778244687944e-05,9.0,0.0077096090675129,0.0071884913692119,matchbook,9.0,0.0278,0.0193,5.59,MLS,Goles (Over/Under),2025-02-21,matchbook:1.6100; onexbet:1.6000; nordicbet:1.6000; betsson:1.6000; playup:1.5800; mybookieag:1.5700; betrivers:1.5600; unibet:1.5600; unibet_eu:1.5600,2-2,4.0,No
Independiente vs Instituto de Córdoba,2025-02-22 16:00:00,Over 2.5,2.5,2.462,1.3947404674804e-05,5.0,0.0051317362081787,0.0046458338529066,1.4247451403949712e-05,5.0,0.0052418808349788,0.0049933652473334,nordicbet,5.0,0.038,0.0319,6.67,Liga Profesional,Goles (Over/Under),2025-02-21,nordicbet:2.5000; playup:2.5000; onexbet:2.4500; unibet:2.4300; betrivers:2.4300,2-0,2.0,No
Independiente vs Instituto de Córdoba,2025-02-22 16:00:00,Under 2.5,1.55,1.534,1.3947404674804e-05,5.0,0.0051317362081787,0.0046458338529067,3.138989336848922e-05,5.0,0.0075224112250389,0.005876274263371,onexbet,5.0,0.016,0.0174,5.67,Liga Profesional,Goles (Over/Under),2025-02-21,onexbet:1.5500; nordicbet:1.5400; unibet:1.5400; betrivers:1.5400; playup:1.5000,2-0,2.0,Sí
Widzew Łódź vs Pogoń Szczecin,2025-02-22 11:30:00,Over 2.75,1.95,1.926,1.3931391683313095e-05,5.0,0.0052781961873207,0.0051329263324811,3.839493908794414e-05,5.0,0.0087530177793578,0.0078428500972387,pinnacle,5.0,0.024,0.032,4.76,Ekstraklasa,Goles (Over/Under),2025-02-21,pinnacle:1.9500; betonlineag:1.9500; lowvig:1.9500; bovada:1.9100; betus:1.8700,0-4,4.0,Sí
Widzew Łódź vs Pogoń Szczecin,2025-02-22 11:30:00,Under 2.75,1.91,1.882,1.3931391683313095e-05,5.0,0.0052781961873207,0.0051329263324812,8.48499035298795e-06,5.0,0.0041124556342387,0.0031286132892198,bovada,5.0,0.028,0.0147,5.83,Ekstraklasa,Goles (Over/Under),2025-02-21,bovada:1.9100; pinnacle:1.8800; betus:1.8800; betonlineag:1.8700; lowvig:1.8700,0-4,4.0,No
FC Cincinnati vs New York Red Bulls,2025-02-22 19:30:00,Over 2.5,1.8,1.7491,1.3861537453327484e-05,11.0,0.0052503410106275,0.0049847732635634,7.967370434773187e-05,11.0,0.0124683808632697,0.0086067710027575,nordicbet,11.0,0.0509,0.0375,8.47,MLS,Goles (Over/Under),2025-02-21,nordicbet:1.8000; betsson:1.8000; onexbet:1.7900; coolbet:1.7500; playup:1.7500; betrivers:1.7400; unibet:1.7400; unibet_eu:1.7400; mybookieag:1.7400; williamhill:1.7300; matchbook:1.6600,1-0,1.0,No
FC Cincinnati vs New York Red Bulls,2025-02-22 19:30:00,Under 2.5,2.08,2.0336,1.3861537453327484e-05,11.0,0.0052503410106275,0.0049847732635634,8.53278750985671e-05,11.0,0.0130593221440171,0.0092654522987269,coolbet,11.0,0.0464,0.0514,8.32,MLS,Goles (Over/Under),2025-02-21,coolbet:2.0800; betrivers:2.0700; unibet:2.0700; unibet_eu:2.0700; williamhill:2.0500; nordicbet:2.0500; betsson:2.0500; onexbet:2.0200; mybookieag:2.0200; playup:2.0000; matchbook:1.8900,1-0,1.0,Sí
Nagoya Grampus vs Vissel Kobe,2025-02-22 00:00:00,Over 2.5,2.34,2.266,1.3793373812938913e-05,10.0,0.0051767626003096,0.0044100429459723,2.9237690901818885e-05,10.0,0.007587757929056,0.0065996934995819,matchbook,10.0,0.074,0.0395,6.43,J1 League,Goles (Over/Under),2025-02-21,matchbook:2.3400; onexbet:2.3300; playup:2.3000; nordicbet:2.2500; betsson:2.2500; tipico_de:2.2500; williamhill:2.2500; betrivers:2.2300; unibet_eu:2.2300; unibet:2.2300,2-2,4.0,Si
Nagoya Grampus vs Vissel Kobe,2025-02-22 00:00:00,Under 2.5,1.65,1.613,1.3793373812938913e-05,10.0,0.0051767626003096,0.0044100429459722,4.465582590732406e-05,10.0,0.0091629349120872,0.0078929437204209,matchbook,10.0,0.037,0.0237,5.45,J1 League,Goles (Over/Under),2025-02-21,matchbook:1.6500; betrivers:1.6300; unibet_eu:1.6300; unibet:1.6300; onexbet:1.6200; williamhill:1.6200; nordicbet:1.6000; betsson:1.6000; playup:1.5800; tipico_de:1.5700,2-2,4.0,No
FC Cincinnati vs New York Red Bulls,2025-02-22 19:30:00,Over 2.75,1.99,1.96,1.3736477460891304e-05,4.0,0.0052399882437228,0.0045161180830925,5.8717970249148725e-05,4.0,0.0108299629686991,0.0093360017983133,pinnacle,4.0,0.03,0.0406,4.31,MLS,Goles (Over/Under),2025-02-21,pinnacle:1.9900; bovada:1.9800; betanysports:1.9800; betus:1.8900,1-0,1.0,No
FC Cincinnati vs New York Red Bulls,2025-02-22 19:30:00,Under 2.75,1.85,1.85,1.3736477460891304e-05,4.0,0.0052399882437228,0.0045161180830925,0.0,4.0,0.0,0.0,pinnacle,4.0,0.0,0.0,6.96,MLS,Goles (Over/Under),2025-02-21,pinnacle:1.8500; bovada:1.8500; betus:1.8500; betanysports:1.8500,1-0,1.0,Sí
León vs Tigres,2025-02-22 20:00:00,Over 2.5,1.83,1.8133,1.3647144572185036e-05,9.0,0.0052204523915531,0.0046521786359647,7.231770173397238e-06,9.0,0.0037833795940303,0.0033656818972159,bovada,9.0,0.0167,0.0125,7.0,Liga MX,Goles (Over/Under),2025-02-21,bovada:1.8300; coolbet:1.8300; betus:1.8300; betrivers:1.8100; unibet_eu:1.8100; unibet:1.8100; betsson:1.8000; nordicbet:1.8000; williamhill:1.8000,1-0,1.0,No
León vs Tigres,2025-02-22 20:00:00,Under 2.5,2.0,1.9567,1.3647144572185036e-05,9.0,0.0052204523915531,0.0046521786359647,4.92280436878209e-05,9.0,0.0099194345006654,0.0094558043187169,bovada,9.0,0.0433,0.038,5.56,Liga MX,Goles (Over/Under),2025-02-21,bovada:2.0000; betsson:2.0000; nordicbet:2.0000; coolbet:1.9900; williamhill:1.9500; betrivers:1.9200; unibet_eu:1.9200; unibet:1.9200; betus:1.9100,1-0,1.0,Sí
Los Angeles FC vs Minnesota United FC,2025-02-22 16:30:00,Over 2.75,1.84,1.8283,1.350938191922673e-05,6.0,0.0051944049356121,0.0036838823698402,2.128122570902388e-06,6.0,0.0020540254533239,0.0016644082930611,pinnacle,6.0,0.0117,0.0069,6.7,MLS,Goles (Over/Under),2025-02-21,pinnacle:1.8400; betonlineag:1.8300; lowvig:1.8300; betus:1.8300; bovada:1.8200; betanysports:1.8200,1-0,1.0,No
Los Angeles FC vs Minnesota United FC,2025-02-22 16:30:00,Under 2.75,2.02,1.995,1.350938191922673e-05,6.0,0.005194404935612,0.0036838823698401,5.1359472259944015e-05,6.0,0.0101321711948258,0.0073695851260518,pinnacle,6.0,0.025,0.0391,4.45,MLS,Goles (Over/Under),2025-02-21,pinnacle:2.0200; bovada:2.0200; betanysports:2.0200; betonlineag:2.0000; lowvig:2.0000; betus:1.9100,1-0,1.0,Sí
Coventry City vs Preston North End,2025-02-22 10:00:00,Over 2.25,1.92,1.898,1.3491338692199788e-05,5.0,0.0051942396415098,0.0048075741710296,1.2910598345254969e-05,5.0,0.0050743995122721,0.0048688506135314,betonlineag,5.0,0.022,0.0183,5.56,Championship,Goles (Over/Under),2025-02-21,betonlineag:1.9200; lowvig:1.9200; bovada:1.8900; pinnacle:1.8800; betus:1.8800,2-1,3.0,Sí
Coventry City vs Preston North End,2025-02-22 10:00:00,Under 2.25,1.96,1.912,1.3491338692199788e-05,5.0,0.0051942396415098,0.0048075741710296,3.483117858457605e-05,5.0,0.0083375230070181,0.0071812387597277,pinnacle,5.0,0.048,0.0306,4.21,Championship,Goles (Over/Under),2025-02-21,pinnacle:1.9600; bovada:1.9300; betonlineag:1.9000; lowvig:1.9000; betus:1.8700,2-1,3.0,No
Metz vs AC Ajaccio,2025-02-22 14:00:00,Over 2.25,1.87,1.854,1.3353783537490489e-05,5.0,0.0051648485852074,0.0041312960215023,1.6504672602024464e-05,5.0,0.0057262844283526,0.0056105899886035,bovada,5.0,0.016,0.0196,5.83,Ligue 2,Goles (Over/Under),2025-02-21,bovada:1.8700; betonlineag:1.8700; lowvig:1.8700; pinnacle:1.8300; betus:1.8300,1-0,1.0,No
Metz vs AC Ajaccio,2025-02-22 14:00:00,Under 2.25,2.01,1.954,1.3353783537490489e-05,5.0,0.0051648485852074,0.0041312960215023,3.457054424484911e-05,5.0,0.0083126918309681,0.0057577597313473,pinnacle,5.0,0.056,0.032,4.4,Ligue 2,Goles (Over/Under),2025-02-21,pinnacle:2.0100; bovada:1.9500; betonlineag:1.9500; lowvig:1.9500; betus:1.9100,1-0,1.0,Sí
Central Coast Mariners vs Western Sydney Wanderers,2025-02-22 01:00:00,Over 3.0,2.04,1.975,1.3308869953921796e-05,6.0,0.0051559920684706,0.0033654315321661,5.661805172655873e-05,6.0,0.010637603629751,0.0072975115956125,pinnacle,6.0,0.065,0.0411,3.37,A-League,Goles (Over/Under),2025-02-21,pinnacle:2.0400; coolbet:1.9900; bovada:1.9800; betonlineag:1.9700; lowvig:1.9700; betus:1.9000,4-1,5.0,Sí
Central Coast Mariners vs Western Sydney Wanderers,2025-02-22 01:00:00,Under 3.0,1.86,1.8483,1.3308869953921796e-05,6.0,0.0051559920684706,0.0033654315321662,2.033282336283154e-06,6.0,0.0020098316096277,0.0016285570282765,coolbet,6.0,0.0117,0.0069,6.4,A-League,Goles (Over/Under),2025-02-21,coolbet:1.8600; bovada:1.8500; betonlineag:1.8500; lowvig:1.8500; pinnacle:1.8400; betus:1.8400,4-1,5.0,No
Celta Vigo vs CA Osasuna,2025-02-21 15:00:00,Over 2.5,2.04,1.9481,1.316846402864926e-05,16.0,0.0051303528054745,0.004001299000214,7.777991297325318e-05,16.0,0.0124649587519607,0.0099170785571662,matchbook,16.0,0.0919,0.0475,3.66,La Liga,Goles (Over/Under),2025-02-21,matchbook:2.0400; coolbet:2.0200; onexbet:2.0100; pinnacle:2.0000; lowvig:1.9600; betonlineag:1.9600; bovada:1.9500; unibet:1.9300; betrivers:1.9300; unibet_eu:1.9300; betus:1.9300; nordicbet:1.9200; betsson:1.9200; playup:1.9200; tipico_de:1.9000; williamhill:1.8500,1-0,1.0,No
Celta Vigo vs CA Osasuna,2025-02-21 15:00:00,Under 2.5,1.94,1.8688,1.316846402864926e-05,16.0,0.0051303528054746,0.004001299000214,4.109425108064269e-05,16.0,0.0090461696424476,0.0071246626247538,matchbook,16.0,0.0713,0.032,5.6,La Liga,Goles (Over/Under),2025-02-21,matchbook:1.9400; onexbet:1.9300; pinnacle:1.9000; nordicbet:1.8800; betsson:1.8800; betus:1.8800; bovada:1.8700; playup:1.8700; lowvig:1.8600; betonlineag:1.8600; williamhill:1.8500; tipico_de:1.8500; coolbet:1.8400; unibet:1.8300; betrivers:1.8300; unibet_eu:1.8300,1-0,1.0,Sí
Ñublense vs Deportes Limache,2025-02-22 18:30:00,Over 2.5,1.94,1.8936,1.3155232026286946e-05,11.0,0.0051289030650298,0.0043710180171066,4.578250347439539e-05,11.0,0.0095498677961373,0.0084291442895585,pinnacle,11.0,0.0464,0.0339,7.1,Primera División Chile,Goles (Over/Under),2025-02-21,pinnacle:1.9400; bovada:1.9300; onexbet:1.9200; betsson:1.9100; nordicbet:1.9100; playup:1.9100; coolbet:1.9000; betus:1.8700; unibet:1.8600; betrivers:1.8500; tipico_de:1.8300,0-1,1.0,No
Ñublense vs Deportes Limache,2025-02-22 18:30:00,Under 2.5,1.91,1.8655,1.3155232026286946e-05,11.0,0.0051289030650298,0.0043710180171067,3.277112163579067e-05,11.0,0.0080695547023379,0.0061635557946685,coolbet,11.0,0.0445,0.0278,7.0,Primera División Chile,Goles (Over/Under),2025-02-21,coolbet:1.9100; pinnacle:1.8900; bovada:1.8900; betus:1.8800; betsson:1.8700; nordicbet:1.8700; unibet:1.8600; onexbet:1.8500; betrivers:1.8500; tipico_de:1.8500; playup:1.8000,0-1,1.0,Sí
Granada CF vs Zaragoza,2025-02-22 12:30:00,Over 2.25,2.04,1.99,1.3090911764161025e-05,6.0,0.0051127456753161,0.0046773706998333,4.585417381110322e-05,6.0,0.0095745918123198,0.00761889823018,pinnacle,6.0,0.05,0.0374,3.66,La Liga 2,Goles (Over/Under),2025-02-21,pinnacle:2.0400; lowvig:2.0100; betonlineag:2.0100; bovada:1.9800; betanysports:1.9800; betus:1.9200,2-2,4.0,Sí
Granada CF vs Zaragoza,2025-02-22 12:30:00,Under 2.25,1.85,1.8367,1.3090911764161025e-05,6.0,0.005112745675316,0.0046773706998333,3.907284468327697e-06,6.0,0.0027848443112747,0.0026255763960682,bovada,6.0,0.0133,0.0094,6.14,La Liga 2,Goles (Over/Under),2025-02-21,bovada:1.8500; betanysports:1.8500; pinnacle:1.8300; betus:1.8300; lowvig:1.8300; betonlineag:1.8300,2-2,4.0,No
Como vs Napoli,2025-02-23 06:30:00,Over 2.25,1.97,1.93,1.29504327356618e-05,4.0,0.0050891935227059,0.0044071126351604,2.8903166356385265e-05,4.0,0.0075973755547813,0.0054272430064755,pinnacle,4.0,0.04,0.0283,3.95,Serie A,Goles (Over/Under),2025-02-21,pinnacle:1.9700; lowvig:1.9300; betonlineag:1.9300; bovada:1.8900,2-1,3.0,Sí
Como vs Napoli,2025-02-23 06:30:00,Under 2.25,1.93,1.9025,1.29504327356618e-05,4.0,0.0050891935227059,0.0044071126351605,1.982347659352585e-05,4.0,0.0062882387310419,0.0062154347187005,bovada,4.0,0.0275,0.0228,4.72,Serie A,Goles (Over/Under),2025-02-21,bovada:1.9300; pinnacle:1.9200; lowvig:1.8800; betonlineag:1.8800,2-1,3.0,No
Unión Española vs Palestino,2025-02-21 16:00:00,Over 2.75,2.04,1.978,1.2739751722581092e-05,5.0,0.0050444726871385,0.0038010960823583,5.994352479660671e-05,5.0,0.0109465072003058,0.0085591229076742,pinnacle,5.0,0.062,0.0426,4.27,Primera División Chile,Goles (Over/Under),2025-02-21,pinnacle:2.0400; bovada:2.0000; betsson:1.9700; nordicbet:1.9700; betus:1.9100,0-3,3.0,Sí
Unión Española vs Palestino,2025-02-21 16:00:00,Under 2.75,1.84,1.824,1.2739751722581092e-05,5.0,0.0050444726871386,0.0038010960823584,6.577182976151889e-06,5.0,0.0036097637753076,0.0033734604484733,pinnacle,5.0,0.016,0.012,6.7,Primera División Chile,Goles (Over/Under),2025-02-21,pinnacle:1.8400; bovada:1.8300; betus:1.8300; betsson:1.8100; nordicbet:1.8100,0-3,3.0,No
Monterrey vs Atlético San Luis,2025-02-22 20:00:00,Over 2.75,1.86,1.858,1.2683530103426474e-05,5.0,0.0050355691579127,0.0038463282143037,6.798041809812907e-07,5.0,0.0011624527753559,0.0009299622202847,pinnacle,5.0,0.002,0.004,6.95,Liga MX,Goles (Over/Under),2025-02-21,pinnacle:1.8600; betus:1.8600; lowvig:1.8600; betonlineag:1.8600; bovada:1.8500,3-1,4.0,Sí
Monterrey vs Atlético San Luis,2025-02-22 20:00:00,Under 2.75,1.98,1.952,1.2683530103426474e-05,5.0,0.0050355691579128,0.0038463282143037,4.992795047113114e-05,5.0,0.0099846820009431,0.0077720320881415,bovada,5.0,0.028,0.0371,4.56,Liga MX,Goles (Over/Under),2025-02-21,bovada:1.9800; pinnacle:1.9800; lowvig:1.9600; betonlineag:1.9600; betus:1.8800,3-1,4.0,No
Swansea City vs Blackburn Rovers,2025-02-22 10:00:00,Over 2.5,2.22,2.1573,1.2626929505643137e-05,11.0,0.00498854356612,0.0039139478946639,4.3777881576794696e-05,11.0,0.0093380656325925,0.0060770080905449,matchbook,11.0,0.0627,0.0424,5.65,Championship,Goles (Over/Under),2025-02-21,matchbook:2.2200; onexbet:2.2000; coolbet:2.1900; nordicbet:2.1600; betsson:2.1600; unibet_eu:2.1600; betrivers:2.1600; unibet:2.1600; williamhill:2.1500; playup:2.1200; tipico_de:2.0500,3-0,3.0,Si
Swansea City vs Blackburn Rovers,2025-02-22 10:00:00,Under 2.5,1.75,1.6727,1.2626929505643137e-05,11.0,0.0049885435661199,0.0039139478946639,4.029261541148439e-05,11.0,0.0088368079199254,0.0053192972269685,matchbook,11.0,0.0773,0.0256,5.92,Championship,Goles (Over/Under),2025-02-21,matchbook:1.7500; playup:1.6800; onexbet:1.6700; nordicbet:1.6700; betsson:1.6700; tipico_de:1.6700; unibet_eu:1.6600; betrivers:1.6600; unibet:1.6600; coolbet:1.6600; williamhill:1.6500,3-0,3.0,No
Grenoble vs Guingamp,2025-02-21 14:00:00,Over 2.25,1.89,1.882,1.259862347408026e-05,5.0,0.0050193727637984,0.0036688614894094,2.247256290186135e-06,5.0,0.0021157433173973,0.001806009315396,pinnacle,5.0,0.008,0.0075,6.39,Ligue 2,Goles (Over/Under),2025-02-21,pinnacle:1.8900; betus:1.8900; lowvig:1.8800; betonlineag:1.8800; bovada:1.8700,1-1,2.0,No
Grenoble vs Guingamp,2025-02-21 14:00:00,Under 2.25,1.98,1.932,1.259862347408026e-05,5.0,0.0050193727637984,0.0036688614894094,4.7611128725611945e-05,5.0,0.00974871076751,0.007075561845449,pinnacle,5.0,0.048,0.036,3.98,Ligue 2,Goles (Over/Under),2025-02-21,pinnacle:1.9800; bovada:1.9500; lowvig:1.9300; betonlineag:1.9300; betus:1.8700,1-1,2.0,Sí
FC Twente Enschede vs NEC Nijmegen,2025-02-23 08:30:00,Over 2.75,1.82,1.815,1.2272071309864149e-05,4.0,0.0049484587765083,0.0038964270293609,1.1639859099680746e-06,4.0,0.0015178191973772,0.0015178191973772,lowvig,4.0,0.005,0.005,6.49,Eredivisie,Goles (Over/Under),2025-02-21,lowvig:1.8200; betonlineag:1.8200; pinnacle:1.8100; betus:1.8100,2-0,2.0,No
FC Twente Enschede vs NEC Nijmegen,2025-02-23 08:30:00,Under 2.75,2.05,2.0075,1.2272071309864149e-05,4.0,0.0049484587765083,0.0038964270293609,5.3245828873087566e-05,4.0,0.0103183337567993,0.0085609830784436,pinnacle,4.0,0.0425,0.0409,4.03,Eredivisie,Goles (Over/Under),2025-02-21,pinnacle:2.0500; lowvig:2.0200; betonlineag:2.0200; betus:1.9400,2-0,2.0,Sí
Southampton vs Brighton and Hove Albion,2025-02-22 10:00:00,Over 2.5,1.59,1.57,1.2203335744338664e-05,8.0,0.004838634627275,0.0039210782752621,1.7805589326398445e-05,8.0,0.0057385714558077,0.0040834628799009,nordicbet,8.0,0.02,0.0141,6.37,Premier League,Goles (Over/Under),2025-02-21,nordicbet:1.5900; betsson:1.5900; mybookieag:1.5700; williamhill:1.5700; betrivers:1.5700; unibet_eu:1.5700; tipico_de:1.5500; playup:1.5500,0-4,4.0,Sí
Southampton vs Brighton and Hove Albion,2025-02-22 10:00:00,Under 2.5,2.44,2.3812,1.2203335744338664e-05,8.0,0.004838634627275,0.0039210782752621,3.93066488725899e-05,8.0,0.0087586050137087,0.006876713946124,nordicbet,8.0,0.0588,0.0491,5.5,Premier League,Goles (Over/Under),2025-02-21,nordicbet:2.4400; betsson:2.4400; tipico_de:2.4000; playup:2.4000; betrivers:2.3800; unibet_eu:2.3800; mybookieag:2.3100; williamhill:2.3000,0-4,4.0,No
Venezia vs Lazio,2025-02-22 09:00:00,Over 2.75,2.03,2.0175,1.2174864467532438e-05,4.0,0.0049291439436484,0.004617371887592,1.4508038761146816e-05,4.0,0.0053865340833484,0.0046648753545305,pinnacle,4.0,0.0125,0.0217,4.51,Serie A,Goles (Over/Under),2025-02-21,pinnacle:2.0300; lowvig:2.0300; betonlineag:2.0300; bovada:1.9800,0-0,0.0,No
Venezia vs Lazio,2025-02-22 09:00:00,Under 2.75,1.86,1.8325,1.2174864467532438e-05,4.0,0.0049291439436484,0.0046173718875919,2.316221115395979e-05,4.0,0.006777689850152,0.0066993566369792,pinnacle,4.0,0.0275,0.0228,4.27,Serie A,Goles (Over/Under),2025-02-21,pinnacle:1.8600; bovada:1.8500; lowvig:1.8100; betonlineag:1.8100,0-0,0.0,Sí
Cremonese vs Cesena FC,2025-02-22 11:15:00,Over 2.25,1.87,1.862,1.215364654940296e-05,5.0,0.0049286276435412,0.0033989614108362,4.033558285909005e-06,5.0,0.0028321893253743,0.0027749674808498,bovada,5.0,0.008,0.0098,6.67,Serie B,Goles (Over/Under),2025-02-21,bovada:1.8700; betonlineag:1.8700; lowvig:1.8700; pinnacle:1.8500; betus:1.8500,1-2,3.0,Sí
Cremonese vs Cesena FC,2025-02-22 11:15:00,Under 2.25,2.0,1.946,1.215364654940296e-05,5.0,0.0049286276435412,0.0033989614108362,5.2182952813440136e-05,5.0,0.0102087084698012,0.0071358428805237,pinnacle,5.0,0.054,0.0383,4.05,Serie B,Goles (Over/Under),2025-02-21,pinnacle:2.0000; bovada:1.9500; betonlineag:1.9500; lowvig:1.9500; betus:1.8800,1-2,3.0,No
1. FC Köln vs Fortuna Düsseldorf,2025-02-23 07:30:00,Over 2.75,1.89,1.88,1.2127305629176792e-05,4.0,0.0049235664433823,0.0042394023485024,1.2329650022373055e-05,4.0,0.0049536702633171,0.0042900042900042,pinnacle,4.0,0.01,0.0173,4.72,Bundesliga 2,Goles (Over/Under),2025-02-21,pinnacle:1.8900; lowvig:1.8900; betonlineag:1.8900; bovada:1.8500,1-1,2.0,No
1. FC Köln vs Fortuna Düsseldorf,2025-02-23 07:30:00,Under 2.75,1.98,1.945,1.2127305629176792e-05,4.0,0.0049235664433823,0.0042394023485024,1.454259625204604e-05,4.0,0.0053915360712087,0.0045727290532589,bovada,4.0,0.035,0.0206,4.56,Bundesliga 2,Goles (Over/Under),2025-02-21,bovada:1.9800; pinnacle:1.9400; lowvig:1.9300; betonlineag:1.9300,1-1,2.0,Sí
Piast Gliwice vs Stal Mielec,2025-02-21 12:00:00,Over 2.0,1.89,1.88,1.2122725196787756e-05,6.0,0.0049236254788229,0.0041449153378066,9.559619425060872e-06,6.0,0.0043621060992028,0.0037997423618337,pinnacle,6.0,0.01,0.0153,6.39,Ekstraklasa,Goles (Over/Under),2025-02-21,pinnacle:1.8900; betus:1.8900; betonlineag:1.8900; lowvig:1.8900; bovada:1.8700; coolbet:1.8500,2-2,4.0,Sí
Piast Gliwice vs Stal Mielec,2025-02-21 12:00:00,Under 2.0,1.98,1.9317,1.2122725196787756e-05,6.0,0.0049236254788228,0.0041449153378065,3.968451540535495e-05,6.0,0.0089002966556237,0.0059357186249393,pinnacle,6.0,0.0483,0.0329,4.56,Ekstraklasa,Goles (Over/Under),2025-02-21,pinnacle:1.9800; bovada:1.9500; coolbet:1.9300; betonlineag:1.9300; lowvig:1.9300; betus:1.8700,2-2,4.0,No
Casa Pia vs Gil Vicente,2025-02-22 10:30:00,Over 2.0,1.86,1.85,1.2055696698385165e-05,6.0,0.0049077046751272,0.0039770301857246,2.864791789858903e-06,6.0,0.0023857543158008,0.0019514605769865,betonlineag,6.0,0.01,0.0082,6.4,Liga Portugal,Goles (Over/Under),2025-02-21,betonlineag:1.8600; lowvig:1.8600; bovada:1.8500; coolbet:1.8500; pinnacle:1.8400; betus:1.8400,1-0,1.0,No
Casa Pia vs Gil Vicente,2025-02-22 10:30:00,Under 2.0,2.02,1.9583,1.2055696698385165e-05,6.0,0.0049077046751272,0.0039770301857246,4.806607371200551e-05,6.0,0.0098011784575791,0.0075992039703195,pinnacle,6.0,0.0617,0.0376,3.85,Liga Portugal,Goles (Over/Under),2025-02-21,pinnacle:2.0200; bovada:1.9800; betonlineag:1.9600; lowvig:1.9600; coolbet:1.9300; betus:1.9000,1-0,1.0,Sí
Club Brugge vs Standard Liege,2025-02-23 07:30:00,Over 2.5,1.59,1.55,1.196598089784982e-05,6.0,0.0047765425588925,0.0040174496701988,3.34407333758982e-05,6.0,0.007848533855778,0.0055071119479841,onexbet,6.0,0.04,0.0191,4.91,Pro League,Goles (Over/Under),2025-02-21,onexbet:1.5900; tipico_de:1.5500; williamhill:1.5500; nordicbet:1.5400; betsson:1.5400; betrivers:1.5300,1-2,3.0,Sí
Club Brugge vs Standard Liege,2025-02-23 07:30:00,Under 2.5,2.45,2.41,1.196598089784982e-05,6.0,0.0047765425588925,0.0040174496701988,8.085525725459971e-06,6.0,0.0039616273098827,0.0034392049061172,betrivers,6.0,0.04,0.0231,6.18,Pro League,Goles (Over/Under),2025-02-21,betrivers:2.4500; nordicbet:2.4200; betsson:2.4200; tipico_de:2.4000; onexbet:2.3900; williamhill:2.3800,1-2,3.0,No
KV Mechelen vs Sint Truiden,2025-02-21 14:45:00,Over 2.5,1.57,1.554,1.1884019420102957e-05,5.0,0.004775827182405,0.0037702278341189,5.871013491987086e-06,5.0,0.0032874460653379,0.0026299568522704,williamhill,5.0,0.016,0.008,7.17,Pro League,Goles (Over/Under),2025-02-21,williamhill:1.5700; tipico_de:1.5500; betrivers:1.5500; unibet:1.5500; unibet_eu:1.5500,1-1,2.0,No
KV Mechelen vs Sint Truiden,2025-02-21 14:45:00,Under 2.5,2.4,2.368,1.1884019420102957e-05,5.0,0.004775827182405,0.0037702278341189,2.0559462116254125e-05,5.0,0.0063426216670188,0.0049567653148215,tipico_de,5.0,0.032,0.0349,6.18,Pro League,Goles (Over/Under),2025-02-21,tipico_de:2.4000; betrivers:2.3800; unibet:2.3800; unibet_eu:2.3800; williamhill:2.3000,1-1,2.0,Sí
Leicester City vs Brentford,2025-02-21 15:00:00,Over 2.5,1.6,1.574,1.1867378626183918e-05,5.0,0.0047712053422796,0.0040397148166843,2.312720378895093e-05,5.0,0.0065482104054785,0.0051487283253531,betsson,5.0,0.026,0.0162,5.98,Premier League,Goles (Over/Under),2025-02-21,betsson:1.6000; playup:1.5800; mybookieag:1.5700; williamhill:1.5700; tipico_de:1.5500,0-4,4.0,Sí
Leicester City vs Brentford,2025-02-21 15:00:00,Under 2.5,2.41,2.354,1.1867378626183918e-05,5.0,0.0047712053422796,0.0040397148166843,3.3674723432076474e-05,5.0,0.0081127777418888,0.0073293307976884,betsson,5.0,0.056,0.045,6.01,Premier League,Goles (Over/Under),2025-02-21,betsson:2.4100; tipico_de:2.4000; playup:2.3500; mybookieag:2.3100; williamhill:2.3000,0-4,4.0,No
Lechia Gdańsk vs Puszcza Niepołomice,2025-02-23 06:15:00,Over 2.5,1.9,1.8486,1.1769550555433324e-05,14.0,0.0048508177841581,0.0040938001826049,3.864311624935704e-05,14.0,0.0087608471631871,0.0071859849371566,lowvig,14.0,0.0514,0.03,5.82,Ekstraklasa,Goles (Over/Under),2025-02-21,lowvig:1.9000; betonlineag:1.9000; bovada:1.8700; coolbet:1.8700; nordicbet:1.8600; betsson:1.8600; pinnacle:1.8500; betus:1.8500; unibet:1.8300; betrivers:1.8300; unibet_eu:1.8300; onexbet:1.8300; tipico_de:1.8000; playup:1.8000,0-2,2.0,No
Lechia Gdańsk vs Puszcza Niepołomice,2025-02-23 06:15:00,Under 2.5,1.98,1.9093,1.1769550555433324e-05,14.0,0.0048508177841582,0.0040938001826049,2.7852106416298926e-05,14.0,0.0074571841899957,0.0059930614653037,pinnacle,14.0,0.0707,0.0276,6.06,Ekstraklasa,Goles (Over/Under),2025-02-21,pinnacle:1.9800; bovada:1.9500; onexbet:1.9300; lowvig:1.9200; betonlineag:1.9200; playup:1.9100; tipico_de:1.9000; coolbet:1.9000; unibet:1.8900; betrivers:1.8900; unibet_eu:1.8900; betus:1.8900; nordicbet:1.8800; betsson:1.8800,0-2,2.0,Sí
Korona Kielce vs Śląsk Wrocław,2025-02-22 08:45:00,Over 2.25,1.92,1.9,1.1685698690859632e-05,5.0,0.004834129147392,0.0037521815008726,1.7085751180670092e-05,5.0,0.0058366245989114,0.0055655202828698,betonlineag,5.0,0.02,0.021,5.56,Ekstraklasa,Goles (Over/Under),2025-02-21,betonlineag:1.9200; lowvig:1.9200; bovada:1.9100; pinnacle:1.8800; betus:1.8700,2-0,2.0,No
Korona Kielce vs Śląsk Wrocław,2025-02-22 08:45:00,Under 2.25,1.96,1.908,1.1685698690859632e-05,5.0,0.0048341291473919,0.0037521815008725,3.173959731259834e-05,5.0,0.0079591886700392,0.0058791201041652,pinnacle,5.0,0.052,0.0293,4.5,Ekstraklasa,Goles (Over/Under),2025-02-21,pinnacle:1.9600; bovada:1.9100; betonlineag:1.9000; lowvig:1.9000; betus:1.8700,2-0,2.0,Sí
Nantes vs RC Lens,2025-02-23 09:00:00,Over 2.5,2.08,2.0281,1.1679351402704432e-05,16.0,0.004825615235006,0.0039479941999806,4.294840239924494e-05,16.0,0.009266643968479,0.0073373810494699,onexbet,16.0,0.0519,0.0376,5.22,Ligue 1,Goles (Over/Under),2025-02-21,onexbet:2.0800; matchbook:2.0800; coolbet:2.0700; pinnacle:2.0600; bovada:2.0500; betrivers:2.0400; unibet_eu:2.0400; unibet:2.0400; lowvig:2.0300; betonlineag:2.0300; playup:2.0200; betsson:2.0000; nordicbet:2.0000; williamhill:2.0000; tipico_de:1.9700; betus:1.9400,3-1,4.0,Sí
Nantes vs RC Lens,2025-02-23 09:00:00,Under 2.5,1.87,1.8019,1.1679351402704432e-05,16.0,0.004825615235006,0.0039479941999806,3.8457071363032726e-05,16.0,0.0087196439603369,0.0064398882231686,onexbet,16.0,0.0681,0.0286,5.02,Ligue 1,Goles (Over/Under),2025-02-21,onexbet:1.8700; pinnacle:1.8400; matchbook:1.8400; lowvig:1.8100; betonlineag:1.8100; betus:1.8100; tipico_de:1.8000; betsson:1.8000; nordicbet:1.8000; bovada:1.8000; coolbet:1.7900; betrivers:1.7800; unibet_eu:1.7800; unibet:1.7800; playup:1.7700; williamhill:1.7500,3-1,4.0,No
Cosenza vs Palermo,2025-02-23 09:00:00,Over 2.5,2.19,2.137,1.1674039183216009e-05,10.0,0.0047969990026705,0.0035203382427958,3.202091000522471e-05,10.0,0.0079898102528021,0.0061162447044555,coolbet,10.0,0.053,0.0358,7.39,Serie B,Goles (Over/Under),2025-02-21,coolbet:2.1900; onexbet:2.1600; matchbook:2.1600; nordicbet:2.1500; betsson:2.1500; williamhill:2.1500; betrivers:2.1200; unibet_eu:2.1200; unibet:2.1200; tipico_de:2.0500,0-3,3.0,Sí
Cosenza vs Palermo,2025-02-23 09:00:00,Under 2.5,1.69,1.656,1.1674039183216009e-05,10.0,0.0047969990026704,0.0035203382427957,4.6737984343195946e-05,10.0,0.0094488150887618,0.0079633197345871,onexbet,10.0,0.034,0.0258,7.95,Serie B,Goles (Over/Under),2025-02-21,onexbet:1.6900; matchbook:1.6900; tipico_de:1.6700; williamhill:1.6700; nordicbet:1.6600; betsson:1.6600; coolbet:1.6600; betrivers:1.6200; unibet_eu:1.6200; unibet:1.6200,0-3,3.0,No
Daegu FC vs Suwon FC,2025-02-22 02:30:00,Over 2.5,2.04,1.966,1.1630174870371314e-05,15.0,0.0048166119571058,0.0031326240182691,4.24663485853061e-05,15.0,0.0092135380892917,0.0075004714269604,matchbook,15.0,0.074,0.0357,6.82,K League 1,Goles (Over/Under),2025-02-21,matchbook:2.0400; pinnacle:2.0200; williamhill:2.0000; onexbet:1.9800; coolbet:1.9800; lowvig:1.9800; betonlineag:1.9800; nordicbet:1.9600; betsson:1.9600; bovada:1.9500; playup:1.9500; betrivers:1.9300; unibet:1.9300; unibet_eu:1.9300; tipico_de:1.9000,1-2,3.0,Sí
Daegu FC vs Suwon FC,2025-02-22 02:30:00,Under 2.5,1.87,1.8007,1.1630174870371314e-05,15.0,0.0048166119571059,0.0031326240182692,7.452113044610327e-05,15.0,0.0121313921319246,0.0096645179617798,matchbook,15.0,0.0693,0.0394,6.11,K League 1,Goles (Over/Under),2025-02-21,matchbook:1.8700; pinnacle:1.8500; lowvig:1.8500; betonlineag:1.8500; onexbet:1.8200; bovada:1.8000; tipico_de:1.8000; coolbet:1.8000; playup:1.8000; nordicbet:1.7800; betsson:1.7800; betrivers:1.7600; unibet:1.7600; unibet_eu:1.7600; williamhill:1.7300,1-2,3.0,No
VfL Wolfsburg vs VfL Bochum,2025-02-22 09:30:00,Over 2.5,1.67,1.6233,1.1604173975468046e-05,9.0,0.0047481716378094,0.0037200747934117,4.091791438106136e-05,9.0,0.0088166601935486,0.0069059633838656,onexbet,9.0,0.0467,0.0236,5.33,Bundesliga,Goles (Over/Under),2025-02-21,onexbet:1.6700; matchbook:1.6600; williamhill:1.6200; nordicbet:1.6200; betsson:1.6200; betrivers:1.6100; unibet_eu:1.6100; tipico_de:1.6000; playup:1.6000,1-1,2.0,No
VfL Wolfsburg vs VfL Bochum,2025-02-22 09:30:00,Under 2.5,2.42,2.3,1.1604173975468046e-05,9.0,0.0047481716378094,0.0037200747934117,7.833942415280904e-05,9.0,0.0123991949702803,0.0092149046991136,matchbook,9.0,0.12,0.0665,3.82,Bundesliga,Goles (Over/Under),2025-02-21,matchbook:2.4200; onexbet:2.4000; tipico_de:2.3000; nordicbet:2.3000; betsson:2.3000; playup:2.2800; betrivers:2.2500; unibet_eu:2.2500; williamhill:2.2000,1-1,2.0,Sí
Sturm Graz vs FC Blau-Weiß Linz,2025-02-23 08:30:00,Over 2.5,1.94,1.8913,1.1547656101875249e-05,15.0,0.0048055561943552,0.0040951752579441,3.0021932923989816e-05,15.0,0.0077361839385572,0.0067166358057409,coolbet,15.0,0.0487,0.0278,6.8,Austrian Bundesliga,Goles (Over/Under),2025-02-21,coolbet:1.9400; pinnacle:1.9400; onexbet:1.9200; betonlineag:1.9100; lowvig:1.9100; nordicbet:1.9000; betsson:1.9000; betrivers:1.8800; unibet_eu:1.8800; unibet:1.8800; bovada:1.8700; playup:1.8700; betus:1.8700; tipico_de:1.8500; williamhill:1.8500,2-1,3.0,Sí
Sturm Graz vs FC Blau-Weiß Linz,2025-02-23 08:30:00,Under 2.5,1.91,1.8647,1.1547656101875249e-05,15.0,0.0048055561943553,0.0040951752579441,4.9080234826642e-05,15.0,0.0098765449109367,0.0082802128765013,betonlineag,15.0,0.0453,0.034,6.41,Austrian Bundesliga,Goles (Over/Under),2025-02-21,betonlineag:1.9100; lowvig:1.9100; tipico_de:1.9000; pinnacle:1.8900; betus:1.8900; onexbet:1.8800; coolbet:1.8700; bovada:1.8700; nordicbet:1.8700; betsson:1.8700; williamhill:1.8500; playup:1.8300; betrivers:1.8100; unibet_eu:1.8100; unibet:1.8100,2-1,3.0,No
Venezia vs Lazio,2025-02-22 09:00:00,Over 2.5,1.84,1.7727,1.1484786598478345e-05,11.0,0.004777518667515,0.0041893841935286,9.72192008377122e-05,11.0,0.0138255035537564,0.0118096469656579,onexbet,11.0,0.0673,0.0435,3.13,Serie A,Goles (Over/Under),2025-02-21,onexbet:1.8400; matchbook:1.8400; coolbet:1.8100; betus:1.7900; nordicbet:1.7800; betsson:1.7800; tipico_de:1.7500; playup:1.7500; betrivers:1.7300; unibet_eu:1.7300; williamhill:1.7000,0-0,0.0,No
Venezia vs Lazio,2025-02-22 09:00:00,Under 2.5,2.12,2.0673,1.1484786598478345e-05,11.0,0.004777518667515,0.0041893841935286,1.3145160638456066e-05,11.0,0.005123360893652,0.0039557472221115,onexbet,11.0,0.0527,0.0222,5.99,Serie A,Goles (Over/Under),2025-02-21,onexbet:2.1200; matchbook:2.1000; betrivers:2.0700; unibet_eu:2.0700; betus:2.0700; coolbet:2.0600; williamhill:2.0500; nordicbet:2.0500; betsson:2.0500; tipico_de:2.0500; playup:2.0500,0-0,0.0,Sí
D.C. United vs Toronto FC,2025-02-22 19:30:00,Over 2.75,1.83,1.8225,1.135294436166856e-05,4.0,0.0047610940576253,0.0040948322510822,8.529820216173964e-07,4.0,0.0013001041911133,0.0011259232570708,pinnacle,4.0,0.0075,0.0043,6.46,MLS,Goles (Over/Under),2025-02-21,pinnacle:1.8300; betonlineag:1.8200; lowvig:1.8200; betus:1.8200,2-2,4.0,Sí
D.C. United vs Toronto FC,2025-02-22 19:30:00,Under 2.75,2.02,1.9975,1.135294436166856e-05,4.0,0.0047610940576253,0.0040948322510822,4.99775266876749e-05,4.0,0.0099961891885035,0.0086569537782794,pinnacle,4.0,0.0225,0.039,4.45,MLS,Goles (Over/Under),2025-02-21,pinnacle:2.0200; betonlineag:2.0200; lowvig:2.0200; betus:1.9300,2-2,4.0,No
KV Mechelen vs Sint Truiden,2025-02-21 14:45:00,Over 3.0,1.92,1.9083,1.1223778064926076e-05,6.0,0.0047377929936327,0.0042182852546917,5.581399344153286e-06,6.0,0.0033370524216043,0.0032053513413162,coolbet,6.0,0.0117,0.0121,5.56,Pro League,Goles (Over/Under),2025-02-21,coolbet:1.9200; pinnacle:1.9200; betus:1.9200; betonlineag:1.9000; lowvig:1.9000; bovada:1.8900,1-1,2.0,No
KV Mechelen vs Sint Truiden,2025-02-21 14:45:00,Under 3.0,1.97,1.9167,1.1223778064926076e-05,6.0,0.0047377929936327,0.0042182852546917,3.655252485807863e-05,6.0,0.0085415139354882,0.0067004644320061,pinnacle,6.0,0.0533,0.0314,3.67,Pro League,Goles (Over/Under),2025-02-21,pinnacle:1.9700; bovada:1.9300; betonlineag:1.9200; lowvig:1.9200; coolbet:1.8900; betus:1.8700,1-1,2.0,Sí
Coquimbo Unido vs Universidad Católica (CHI),2025-02-22 16:00:00,Over 2.25,1.82,1.81,1.1093440377503302e-05,4.0,0.0047056547591647,0.0037960851954418,2.3554824053320854e-06,4.0,0.0021584620791064,0.0015304676906886,bovada,4.0,0.01,0.0071,6.76,Primera División Chile,Goles (Over/Under),2025-02-21,bovada:1.8200; pinnacle:1.8100; betus:1.8100; nordicbet:1.8000,1-0,1.0,No
Coquimbo Unido vs Universidad Católica (CHI),2025-02-22 16:00:00,Under 2.25,2.03,1.99,1.1093440377503302e-05,4.0,0.0047056547591648,0.0037960851954418,5.0524262960156016e-05,4.0,0.0100508215912338,0.0088812194218732,pinnacle,4.0,0.04,0.0394,4.82,Primera División Chile,Goles (Over/Under),2025-02-21,pinnacle:2.0300; bovada:2.0200; nordicbet:1.9800; betus:1.9300,1-0,1.0,Sí
Gamba Osaka vs Avispa Fukuoka,2025-02-22 01:00:00,Over 2.5,2.6,2.4962,1.1028250041923691e-05,8.0,0.0045545930875201,0.0040722602655743,4.9542268463888646e-05,8.0,0.0097519716067281,0.0076188955453477,matchbook,8.0,0.1038,0.061,5.13,J1 League,Goles (Over/Under),2025-02-21,matchbook:2.6000; onexbet:2.5700; betrivers:2.5000; unibet:2.5000; unibet_eu:2.5000; playup:2.4500; williamhill:2.4500; tipico_de:2.4000,2-1,3.0,Sí
Gamba Osaka vs Avispa Fukuoka,2025-02-22 01:00:00,Under 2.5,1.54,1.51,1.1028250041923691e-05,8.0,0.0045545930875201,0.0040722602655743,2.099283424353076e-05,8.0,0.0061424403093312,0.0054468557758031,matchbook,8.0,0.03,0.0141,6.6,J1 League,Goles (Over/Under),2025-02-21,matchbook:1.5400; onexbet:1.5200; playup:1.5200; tipico_de:1.5000; betrivers:1.5000; unibet:1.5000; unibet_eu:1.5000; williamhill:1.5000,2-1,3.0,No
Torino vs AC Milan,2025-02-22 12:00:00,Over 2.25,1.88,1.875,1.1022634016086868e-05,4.0,0.0046933989741344,0.003957825811922,1.015890947152578e-06,4.0,0.0014222323358743,0.0014222323358743,betonlineag,4.0,0.005,0.005,4.74,Serie A,Goles (Over/Under),2025-02-21,betonlineag:1.8800; lowvig:1.8800; bovada:1.8700; pinnacle:1.8700,2-1,3.0,Sí
Torino vs AC Milan,2025-02-22 12:00:00,Under 2.25,2.02,1.9625,1.1022634016086868e-05,4.0,0.0046933989741344,0.0039578258119221,3.636000617307151e-05,4.0,0.0085267240894993,0.0073249791275717,pinnacle,4.0,0.0575,0.0334,2.98,Serie A,Goles (Over/Under),2025-02-21,pinnacle:2.0200; bovada:1.9500; betonlineag:1.9400; lowvig:1.9400,2-1,3.0,No
Ipswich Town vs Tottenham Hotspur,2025-02-22 10:00:00,Over 3.0,1.87,1.855,1.101241365802682e-05,6.0,0.0046901445045477,0.0039889996179374,5.287927112170623e-06,6.0,0.0032423479832034,0.0028958277040118,bovada,6.0,0.015,0.0112,4.76,Premier League,Goles (Over/Under),2025-02-21,bovada:1.8700; coolbet:1.8700; pinnacle:1.8500; lowvig:1.8500; betonlineag:1.8500; betus:1.8400,1-4,5.0,Sí
Ipswich Town vs Tottenham Hotspur,2025-02-22 10:00:00,Under 3.0,2.04,2.0017,1.101241365802682e-05,6.0,0.0046901445045477,0.0039889996179374,2.679924937408469e-05,6.0,0.0073205990633801,0.0062584250193818,pinnacle,6.0,0.0383,0.0291,3.37,Premier League,Goles (Over/Under),2025-02-21,pinnacle:2.0400; lowvig:2.0200; betonlineag:2.0200; coolbet:1.9900; betus:1.9900; bovada:1.9500,1-4,5.0,No
Ipswich Town vs Tottenham Hotspur,2025-02-22 10:00:00,Over 3.5,2.34,2.295,1.09667896703268e-05,6.0,0.0046144811510585,0.0041288224883509,3.970648705526215e-05,6.0,0.0088501734344191,0.0064723725491594,onexbet,6.0,0.045,0.0454,6.03,Premier League,Goles (Over/Under),2025-02-21,onexbet:2.3400; unibet_eu:2.3200; betrivers:2.3200; playup:2.3000; mybookieag:2.2900; tipico_de:2.2000,1-4,5.0,Sí
Ipswich Town vs Tottenham Hotspur,2025-02-22 10:00:00,Under 3.5,1.67,1.6117,1.09667896703268e-05,6.0,0.0046144811510585,0.0041288224883509,5.857778530925012e-05,6.0,0.0105351968538593,0.0072853022889933,onexbet,6.0,0.0583,0.0279,5.33,Premier League,Goles (Over/Under),2025-02-21,onexbet:1.6700; unibet_eu:1.6100; betrivers:1.6100; tipico_de:1.6000; playup:1.6000; mybookieag:1.5800,1-4,5.0,No
Atromitos Athens vs Panserraikos FC,2025-02-22 12:30:00,Over 2.5,2.16,2.11,1.0904218146149508e-05,5.0,0.0046395420974116,0.0044585897871761,3.719207999842184e-05,5.0,0.0086117939226517,0.0080408300832972,onexbet,5.0,0.05,0.0385,6.9,Super League Greece,Goles (Over/Under),2025-02-21,onexbet:2.1600; williamhill:2.1500; tipico_de:2.1000; unibet_eu:2.0700; unibet:2.0700,1-0,1.0,No
Atromitos Athens vs Panserraikos FC,2025-02-22 12:30:00,Under 2.5,1.69,1.674,1.0904218146149508e-05,5.0,0.0046395420974116,0.0044585897871762,1.235052362379514e-05,5.0,0.0048708929452872,0.0040163736156366,onexbet,5.0,0.016,0.0136,7.48,Super League Greece,Goles (Over/Under),2025-02-21,onexbet:1.6900; unibet_eu:1.6800; unibet:1.6800; williamhill:1.6700; tipico_de:1.6500,1-0,1.0,Sí
Reading vs Birmingham City,2025-02-22 07:30:00,Over 2.75,1.97,1.934,1.0890914721228622e-05,5.0,0.0046659691755555,0.0043658960770156,4.869341637717618e-05,5.0,0.00986090473726,0.0094804236936216,lowvig,5.0,0.036,0.0367,4.82,League One,Goles (Over/Under),2025-02-21,lowvig:1.9700; betonlineag:1.9700; pinnacle:1.9500; bovada:1.8900; betus:1.8900,0-0,0.0,No
Reading vs Birmingham City,2025-02-22 07:30:00,Under 2.75,1.88,1.856,1.0890914721228622e-05,5.0,0.0046659691755555,0.0043658960770156,5.983667977784314e-06,5.0,0.0034502587694076,0.0027602070155261,pinnacle,5.0,0.024,0.012,6.1,League One,Goles (Over/Under),2025-02-21,pinnacle:1.8800; bovada:1.8500; betus:1.8500; lowvig:1.8500; betonlineag:1.8500,0-0,0.0,Sí
Torino vs AC Milan,2025-02-22 12:00:00,Over 2.5,2.18,2.1064,1.0871992695250816e-05,11.0,0.0046436717540211,0.0037765866365382,4.074670773762366e-05,11.0,0.0090134761838593,0.0068977790265373,matchbook,11.0,0.0736,0.0403,4.7,Serie A,Goles (Over/Under),2025-02-21,matchbook:2.1800; onexbet:2.1700; betus:2.1400; williamhill:2.1000; nordicbet:2.1000; betsson:2.1000; betrivers:2.1000; unibet_eu:2.1000; coolbet:2.0800; tipico_de:2.0500; playup:2.0500,2-1,3.0,Sí
Torino vs AC Milan,2025-02-22 12:00:00,Under 2.5,1.82,1.7509,1.0871992695250816e-05,11.0,0.0046436717540211,0.0037765866365382,8.083732981408212e-05,11.0,0.0125916397276116,0.0097527119743537,matchbook,11.0,0.0691,0.039,3.73,Serie A,Goles (Over/Under),2025-02-21,matchbook:1.8200; onexbet:1.8100; coolbet:1.7900; nordicbet:1.7500; betsson:1.7500; playup:1.7500; betus:1.7500; tipico_de:1.7200; betrivers:1.7100; unibet_eu:1.7100; williamhill:1.7000,2-1,3.0,No
Auxerre vs Marseille,2025-02-22 15:05:00,Over 2.5,1.67,1.616,1.0839054038974026e-05,10.0,0.0045787166426184,0.0040755764591261,3.769941723660551e-05,10.0,0.0084542565423822,0.0072848168693288,onexbet,10.0,0.054,0.0224,4.32,Ligue 1,Goles (Over/Under),2025-02-21,onexbet:1.6700; betsson:1.6300; nordicbet:1.6300; matchbook:1.6300; tipico_de:1.6000; unibet:1.6000; betrivers:1.6000; unibet_eu:1.6000; williamhill:1.6000; playup:1.6000,3-0,3.0,Sí
Auxerre vs Marseille,2025-02-22 15:05:00,Under 2.5,2.42,2.331,1.0839054038974026e-05,10.0,0.0045787166426183,0.0040755764591261,4.663959615250816e-05,10.0,0.0095562423183993,0.0082632117246652,matchbook,10.0,0.089,0.0522,3.82,Ligue 1,Goles (Over/Under),2025-02-21,matchbook:2.4200; onexbet:2.4100; unibet:2.3500; betrivers:2.3500; unibet_eu:2.3500; tipico_de:2.3000; betsson:2.3000; nordicbet:2.3000; playup:2.2800; williamhill:2.2500,3-0,3.0,No
Las Palmas vs Barcelona,2025-02-22 15:00:00,Over 3.5,1.85,1.7855,1.083228187423686e-05,11.0,0.0046409604306606,0.0031765513124508,7.372051298076533e-05,11.0,0.0120404047351379,0.0089736874494709,onexbet,11.0,0.0645,0.038,4.05,La Liga,Goles (Over/Under),2025-02-21,onexbet:1.8500; matchbook:1.8300; coolbet:1.8200; betus:1.8000; nordicbet:1.7800; betsson:1.7800; unibet:1.7700; betrivers:1.7700; unibet_eu:1.7700; playup:1.7700; tipico_de:1.7000,0-2,2.0,No
Las Palmas vs Barcelona,2025-02-22 15:00:00,Under 3.5,2.1,2.0418,1.083228187423686e-05,11.0,0.0046409604306606,0.0031765513124508,3.302685453103128e-05,11.0,0.0081245700819526,0.0065036558249724,onexbet,11.0,0.0582,0.0341,6.44,La Liga,Goles (Over/Under),2025-02-21,onexbet:2.1000; matchbook:2.1000; tipico_de:2.0500; nordicbet:2.0500; betsson:2.0500; betus:2.0500; coolbet:2.0400; playup:2.0200; unibet:2.0000; betrivers:2.0000; unibet_eu:2.0000,0-2,2.0,Sí
SC Bastia vs Red Star,2025-02-21 14:00:00,Over 2.25,1.89,1.882,1.0828765509644332e-05,5.0,0.0046533512744279,0.0036490833627214,6.360209025944733e-07,5.0,0.0011257458065968,0.0009005966452774,bovada,5.0,0.008,0.004,6.39,Ligue 2,Goles (Over/Under),2025-02-21,bovada:1.8900; pinnacle:1.8800; betus:1.8800; lowvig:1.8800; betonlineag:1.8800,1-0,1.0,No
SC Bastia vs Red Star,2025-02-21 14:00:00,Under 2.25,1.98,1.932,1.0828765509644332e-05,5.0,0.0046533512744279,0.0036490833627213,4.621060275472216e-05,5.0,0.0096040907551747,0.0069380431791941,pinnacle,5.0,0.048,0.0354,3.7,Ligue 2,Goles (Over/Under),2025-02-21,pinnacle:1.9800; lowvig:1.9400; betonlineag:1.9400; bovada:1.9300; betus:1.8700,1-0,1.0,Sí
Coventry City vs Preston North End,2025-02-22 10:00:00,Over 2.5,2.14,2.115,1.0656654425558558e-05,10.0,0.0045893364511716,0.003986316795479,2.082531471609292e-05,10.0,0.0064464426687028,0.0052130906145582,betrivers,10.0,0.025,0.0284,7.34,Championship,Goles (Over/Under),2025-02-21,betrivers:2.1400; unibet:2.1400; unibet_eu:2.1400; nordicbet:2.1300; betsson:2.1300; onexbet:2.1200; coolbet:2.1200; tipico_de:2.1000; playup:2.0800; williamhill:2.0500,2-1,3.0,Sí
Coventry City vs Preston North End,2025-02-22 10:00:00,Under 2.5,1.72,1.689,1.0656654425558558e-05,10.0,0.0045893364511716,0.003986316795479,1.991216797479934e-05,10.0,0.0061977763369996,0.0046503323047572,onexbet,10.0,0.031,0.0176,6.92,Championship,Goles (Over/Under),2025-02-21,onexbet:1.7200; playup:1.7000; williamhill:1.7000; coolbet:1.7000; nordicbet:1.6900; betsson:1.6900; betrivers:1.6800; unibet:1.6800; unibet_eu:1.6800; tipico_de:1.6500,2-1,3.0,No
Lincoln City vs Burton Albion,2025-02-22 10:00:00,Over 2.5,2.18,2.124,1.064338274173127e-05,10.0,0.0045810346915458,0.0040170157282722,3.316250782148341e-05,10.0,0.0081313385936259,0.0071129243299963,onexbet,10.0,0.056,0.0364,6.48,League One,Goles (Over/Under),2025-02-21,onexbet:2.1800; betsson:2.1500; nordicbet:2.1500; williamhill:2.1500; playup:2.1500; coolbet:2.1100; unibet:2.1000; betrivers:2.1000; unibet_eu:2.1000; tipico_de:2.0500,0-1,1.0,No
Lincoln City vs Burton Albion,2025-02-22 10:00:00,Under 2.5,1.68,1.67,1.064338274173127e-05,10.0,0.0045810346915457,0.0040170157282721,8.138833043541984e-06,10.0,0.0039518788831113,0.0028929154677657,onexbet,10.0,0.01,0.011,8.3,League One,Goles (Over/Under),2025-02-21,onexbet:1.6800; betsson:1.6800; nordicbet:1.6800; coolbet:1.6800; tipico_de:1.6700; unibet:1.6700; betrivers:1.6700; unibet_eu:1.6700; williamhill:1.6500; playup:1.6500,0-1,1.0,Sí
Parma vs Bologna,2025-02-22 09:00:00,Over 2.5,1.94,1.872,1.0494200487208967e-05,15.0,0.0045802801800378,0.0034866143129057,6.01499744834686e-05,15.0,0.0109400687482621,0.0085855286377711,matchbook,15.0,0.068,0.0383,4.18,Serie A,Goles (Over/Under),2025-02-21,matchbook:1.9400; onexbet:1.9300; coolbet:1.9200; pinnacle:1.9000; betsson:1.8800; nordicbet:1.8800; betus:1.8800; bovada:1.8700; playup:1.8700; lowvig:1.8600; betonlineag:1.8600; williamhill:1.8300; betrivers:1.8300; unibet_eu:1.8300; tipico_de:1.8000,2-0,2.0,No
Parma vs Bologna,2025-02-22 09:00:00,Under 2.5,2.02,1.946,1.0494200487208967e-05,15.0,0.0045802801800378,0.0034866143129057,4.246702140732146e-05,15.0,0.0092129894648514,0.0076227246735708,matchbook,15.0,0.074,0.0354,5.06,Serie A,Goles (Over/Under),2025-02-21,matchbook:2.0200; onexbet:2.0100; pinnacle:1.9900; lowvig:1.9600; betonlineag:1.9600; bovada:1.9500; tipico_de:1.9500; betus:1.9400; betsson:1.9200; nordicbet:1.9200; betrivers:1.9200; unibet_eu:1.9200; coolbet:1.9200; williamhill:1.9100; playup:1.9000,2-0,2.0,Sí
Dender vs Beerschot Wilrijk,2025-02-22 10:00:00,Over 2.5,2.0,1.9424,1.0106548934784038e-05,17.0,0.0044950300268978,0.003484536991187,4.199169880774392e-05,17.0,0.0091584195902688,0.0078362824905713,matchbook,17.0,0.0576,0.0344,5.56,Pro League,Goles (Over/Under),2025-02-21,matchbook:2.0000; pinnacle:1.9800; bovada:1.9800; betanysports:1.9800; lowvig:1.9700; betonlineag:1.9700; onexbet:1.9600; coolbet:1.9500; betsson:1.9400; nordicbet:1.9400; tipico_de:1.9300; betrivers:1.9100; unibet:1.9100; unibet_eu:1.9100; williamhill:1.9100; playup:1.9100; betus:1.8700,2-1,3.0,Sí
Dender vs Beerschot Wilrijk,2025-02-22 10:00:00,Under 2.5,1.88,1.8494,1.0106548934784038e-05,17.0,0.0044950300268978,0.003484536991187,1.863846512021029e-05,17.0,0.0060834417875134,0.0044052851609629,pinnacle,17.0,0.0306,0.0207,6.67,Pro League,Goles (Over/Under),2025-02-21,pinnacle:1.8800; betus:1.8800; matchbook:1.8800; coolbet:1.8700; onexbet:1.8600; bovada:1.8500; betrivers:1.8500; unibet:1.8500; unibet_eu:1.8500; lowvig:1.8500; betonlineag:1.8500; betanysports:1.8500; betsson:1.8300; nordicbet:1.8300; tipico_de:1.8300; williamhill:1.8300; playup:1.8000,2-1,3.0,No
Rot-Weiss Essen vs FC Ingolstadt 04,2025-02-22 08:00:00,Over 2.5,1.65,1.612,9.96996235995229e-06,5.0,0.0044142008421721,0.0042896994779534,0.0001205068240206,5.0,0.015038654842815,0.0146207476951612,tipico_de,5.0,0.038,0.0387,6.9,3. Liga,Goles (Over/Under),2025-02-21,tipico_de:1.6500; betsson:1.6400; nordicbet:1.6400; unibet:1.5700; unibet_eu:1.5600,2-0,2.0,No
Rot-Weiss Essen vs FC Ingolstadt 04,2025-02-22 08:00:00,Under 2.5,2.2,2.176,9.96996235995229e-06,5.0,0.004414200842172,0.0042896994779533,5.006657409761307e-06,5.0,0.0031537251254891,0.0027059586692614,tipico_de,5.0,0.024,0.015,9.56,3. Liga,Goles (Over/Under),2025-02-21,tipico_de:2.2000; betsson:2.1800; nordicbet:2.1800; unibet:2.1600; unibet_eu:2.1600,2-0,2.0,Sí
Pisa vs Juve Stabia,2025-02-22 09:00:00,Over 2.0,1.87,1.8633,9.966747810638688e-06,6.0,0.0044635775947899,0.0025978530120079,2.329040024124583e-06,6.0,0.0021522139518156,0.0019218804797552,bovada,6.0,0.0067,0.0075,6.67,Serie B,Goles (Over/Under),2025-02-21,bovada:1.8700; lowvig:1.8700; betonlineag:1.8700; pinnacle:1.8600; betus:1.8600; coolbet:1.8500,3-1,4.0,Sí
Pisa vs Juve Stabia,2025-02-22 09:00:00,Under 2.0,2.0,1.9433,9.966747810638688e-06,6.0,0.0044635775947899,0.0025978530120079,4.462957318584389e-05,6.0,0.0094412314725359,0.0068486309804797,pinnacle,6.0,0.0567,0.0354,4.05,Serie B,Goles (Over/Under),2025-02-21,pinnacle:2.0000; bovada:1.9500; lowvig:1.9500; betonlineag:1.9500; coolbet:1.9300; betus:1.8800,3-1,4.0,No
Southampton vs Brighton and Hove Albion,2025-02-22 10:00:00,Over 3.0,1.97,1.95,9.94744706615188e-06,6.0,0.0044601564655453,0.0035978205561838,8.11212521397414e-06,6.0,0.0040264231740497,0.0035217745355376,coolbet,6.0,0.02,0.0153,4.24,Premier League,Goles (Over/Under),2025-02-21,coolbet:1.9700; lowvig:1.9600; betonlineag:1.9600; betus:1.9500; bovada:1.9300; pinnacle:1.9300,0-4,4.0,Sí
Southampton vs Brighton and Hove Albion,2025-02-22 10:00:00,Under 3.0,1.95,1.8983,9.94744706615188e-06,6.0,0.0044601564655453,0.0035978205561838,2.295556417624036e-05,6.0,0.0067683443008747,0.0048653712224403,pinnacle,6.0,0.0517,0.0248,3.1,Premier League,Goles (Over/Under),2025-02-21,pinnacle:1.9500; coolbet:1.9000; bovada:1.8900; lowvig:1.8900; betonlineag:1.8900; betus:1.8700,0-4,4.0,No
TSV 1860 München vs Arminia Bielefeld,2025-02-21 13:00:00,Over 2.5,1.99,1.9255,9.5522992897831e-06,11.0,0.0043693983452802,0.0035454717398092,5.437194230006266e-05,11.0,0.0104203886743808,0.008686897798354,betonlineag,11.0,0.0645,0.0389,6.75,3. Liga,Goles (Over/Under),2025-02-21,betonlineag:1.9900; lowvig:1.9900; pinnacle:1.9600; betsson:1.9300; nordicbet:1.9300; bovada:1.9300; playup:1.9100; tipico_de:1.9000; unibet_eu:1.8800; unibet:1.8800; coolbet:1.8800,0-3,3.0,Sí
TSV 1860 München vs Arminia Bielefeld,2025-02-21 13:00:00,Under 2.5,1.91,1.8236,9.5522992897831e-06,11.0,0.0043693983452802,0.0035454717398091,6.107554193259236e-05,11.0,0.0110030867598185,0.0078645309554407,pinnacle,11.0,0.0864,0.037,5.55,3. Liga,Goles (Over/Under),2025-02-21,pinnacle:1.9100; tipico_de:1.8500; betonlineag:1.8400; lowvig:1.8400; betsson:1.8200; nordicbet:1.8200; bovada:1.8200; coolbet:1.8200; playup:1.8000; unibet_eu:1.7700; unibet:1.7700,0-3,3.0,No
Hibernian vs Celtic,2025-02-22 07:30:00,Over 2.5,1.64,1.6025,9.462336156183564e-06,8.0,0.0042857741813752,0.0033293983938983,7.955971256342568e-05,8.0,0.0122022807752144,0.010741907691295,onexbet,8.0,0.0375,0.0311,5.42,Scottish Premiership,Goles (Over/Under),2025-02-21,onexbet:1.6400; matchbook:1.6400; betsson:1.6200; nordicbet:1.6200; williamhill:1.6000; playup:1.5800; betrivers:1.5700; tipico_de:1.5500,2-1,3.0,Sí
Hibernian vs Celtic,2025-02-22 07:30:00,Under 2.5,2.34,2.2812,9.462336156183564e-06,8.0,0.0042857741813752,0.0033293983938983,1.6383782075684086e-05,8.0,0.0056782470980789,0.0045937726143675,matchbook,8.0,0.0587,0.0298,7.25,Scottish Premiership,Goles (Over/Under),2025-02-21,matchbook:2.3400; betsson:2.3000; nordicbet:2.3000; playup:2.2800; betrivers:2.2800; onexbet:2.2500; williamhill:2.2500; tipico_de:2.2500,2-1,3.0,No
Greuther Fürth vs Eintracht Braunschweig,2025-02-23 07:30:00,Over 2.5,1.82,1.7536,9.247380403249312e-06,11.0,0.0042908516098301,0.0037844101041833,3.684333117633404e-05,11.0,0.0085113546071438,0.0063324373484087,matchbook,11.0,0.0664,0.0267,6.23,Bundesliga 2,Goles (Over/Under),2025-02-21,matchbook:1.8200; onexbet:1.7900; coolbet:1.7600; tipico_de:1.7500; williamhill:1.7500; playup:1.7500; betsson:1.7400; nordicbet:1.7400; betrivers:1.7300; unibet_eu:1.7300; unibet:1.7300,3-0,3.0,Sí
Greuther Fürth vs Eintracht Braunschweig,2025-02-23 07:30:00,Under 2.5,2.05,2.0173,9.247380403249312e-06,11.0,0.0042908516098301,0.0037844101041832,1.892160233262222e-05,11.0,0.0061512269984845,0.0038606110436615,tipico_de,11.0,0.0327,0.0245,6.58,Bundesliga 2,Goles (Over/Under),2025-02-21,tipico_de:2.0500; matchbook:2.0400; coolbet:2.0300; betsson:2.0200; nordicbet:2.0200; onexbet:2.0200; betrivers:2.0200; unibet_eu:2.0200; unibet:2.0200; playup:2.0000; williamhill:1.9500,3-0,3.0,No
Jeonbuk Hyundai Motors vs Gwangju FC,2025-02-23 02:30:00,Over 2.25,1.81,1.8075,9.15608085595292e-06,4.0,0.0042738916030921,0.0037012987012987,8.936543902468647e-07,4.0,0.0013290752053168,0.0011510128913443,pinnacle,4.0,0.0025,0.0043,6.53,K League 1,Goles (Over/Under),2025-02-21,pinnacle:1.8100; lowvig:1.8100; betonlineag:1.8100; bovada:1.8000,2-0,2.0,No
Jeonbuk Hyundai Motors vs Gwangju FC,2025-02-23 02:30:00,Under 2.25,2.04,2.0175,9.15608085595292e-06,4.0,0.004273891603092,0.0037012987012986,4.799418171156153e-05,4.0,0.0097966674636249,0.0084841628959276,pinnacle,4.0,0.0225,0.039,4.58,K League 1,Goles (Over/Under),2025-02-21,pinnacle:2.0400; lowvig:2.0400; betonlineag:2.0400; bovada:1.9500,2-0,2.0,Sí
Volos FC vs Levadiakos,2025-02-22 13:00:00,Over 2.0,1.96,1.9388,9.122333320338327e-06,8.0,0.004270987963265,0.0028708070522597,2.7568547336140133e-05,8.0,0.0074170357412695,0.0047148302043042,betonlineag,8.0,0.0212,0.0271,4.78,Super League Greece,Goles (Over/Under),2025-02-21,betonlineag:1.9600; lowvig:1.9600; bovada:1.9500; coolbet:1.9500; nordicbet:1.9400; betsson:1.9400; pinnacle:1.9400; betus:1.8700,2-1,3.0,Sí
Volos FC vs Levadiakos,2025-02-22 13:00:00,Under 2.0,1.88,1.87,9.122333320338327e-06,8.0,0.0042709879632651,0.0028708070522598,2.0545426712311365e-06,8.0,0.0020221683722509,0.0014337019514862,pinnacle,8.0,0.01,0.0071,6.67,Super League Greece,Goles (Over/Under),2025-02-21,pinnacle:1.8800; betus:1.8800; nordicbet:1.8700; betsson:1.8700; bovada:1.8700; coolbet:1.8700; betonlineag:1.8600; lowvig:1.8600,2-1,3.0,No
Rheindorf Altach vs Hartberg,2025-02-23 08:30:00,Over 2.25,2.02,1.986,9.089396088442553e-06,5.0,0.0042599722776627,0.0031844843804973,3.1249044535093656e-05,5.0,0.0079041995446701,0.0063565320262596,pinnacle,5.0,0.034,0.0307,5.68,Austrian Bundesliga,Goles (Over/Under),2025-02-21,pinnacle:2.0200; betonlineag:2.0000; lowvig:2.0000; bovada:1.9800; betus:1.9300,0-0,0.0,No
Rheindorf Altach vs Hartberg,2025-02-23 08:30:00,Under 2.25,1.83,1.816,9.089396088442553e-06,5.0,0.0042599722776627,0.0031844843804974,1.6439504688485007e-05,5.0,0.005699790973844,0.0044314989977174,betonlineag,5.0,0.014,0.0185,6.46,Austrian Bundesliga,Goles (Over/Under),2025-02-21,betonlineag:1.8300; lowvig:1.8300; pinnacle:1.8200; betus:1.8200; bovada:1.7800,0-0,0.0,Sí
Hiroshima Sanfrecce FC vs Yokohama F Marinos,2025-02-23 00:00:00,Over 3.25,1.99,1.95,9.081321916574116e-06,5.0,0.0042603755127804,0.0031178457077681,1.627955818126145e-05,5.0,0.0057046434645803,0.0042000890596198,pinnacle,5.0,0.04,0.0219,4.31,J1 League,Goles (Over/Under),2025-02-21,pinnacle:1.9900; bovada:1.9500; betanysports:1.9500; betonlineag:1.9300; lowvig:1.9300,1-0,1.0,No
Hiroshima Sanfrecce FC vs Yokohama F Marinos,2025-02-23 00:00:00,Under 3.25,1.88,1.87,9.081321916574116e-06,5.0,0.0042603755127804,0.0031178457077682,4.986524467970316e-06,5.0,0.0031496769563249,0.0023050926680463,betonlineag,5.0,0.01,0.011,5.0,J1 League,Goles (Over/Under),2025-02-21,betonlineag:1.8800; lowvig:1.8800; bovada:1.8700; betanysports:1.8700; pinnacle:1.8500,1-0,1.0,Si
Auxerre vs Marseille,2025-02-22 15:05:00,Over 3.0,2.03,1.9867,8.921519714690957e-06,6.0,0.0042206639552599,0.0037168723983298,3.018049286733753e-05,6.0,0.0077680215538252,0.0059374812814155,coolbet,6.0,0.0433,0.0304,4.21,Ligue 1,Goles (Over/Under),2025-02-21,coolbet:2.0300; pinnacle:2.0000; bovada:2.0000; lowvig:1.9800; betonlineag:1.9800; betus:1.9300,3-0,3.0,No
Auxerre vs Marseille,2025-02-22 15:05:00,Under 3.0,1.89,1.845,8.921519714690957e-06,6.0,0.0042206639552599,0.0037168723983299,2.2278964866325867e-05,6.0,0.0066544661836883,0.0053608523553878,pinnacle,6.0,0.045,0.0229,4.72,Ligue 1,Goles (Over/Under),2025-02-21,pinnacle:1.8900; lowvig:1.8500; betonlineag:1.8500; bovada:1.8300; coolbet:1.8300; betus:1.8200,3-0,3.0,No
Lecce vs Udinese,2025-02-21 14:45:00,Over 2.25,2.07,2.0425,8.914292560636913e-06,4.0,0.0042159519961855,0.0036701572392545,1.96235401965377e-05,4.0,0.006263765326153,0.0051623070578531,pinnacle,4.0,0.0275,0.0259,3.86,Serie A,Goles (Over/Under),2025-02-21,pinnacle:2.0700; betonlineag:2.0500; lowvig:2.0500; bovada:2.0000,0-1,1.0,No
Lecce vs Udinese,2025-02-21 14:45:00,Under 2.25,1.85,1.82,8.914292560636913e-06,4.0,0.0042159519961856,0.0036701572392546,2.056062409428881e-05,4.0,0.0063820667368011,0.0060306207847191,pinnacle,4.0,0.03,0.0212,4.05,Serie A,Goles (Over/Under),2025-02-21,pinnacle:1.8500; bovada:1.8300; betonlineag:1.8000; lowvig:1.8000,0-1,1.0,Sí
Ajax vs Go Ahead Eagles,2025-02-23 08:30:00,Over 3.0,1.85,1.8171,8.89237117686567e-06,7.0,0.0042125244434398,0.0029776221146661,3.551414720770369e-05,7.0,0.0083834780981511,0.0079401218946656,bovada,7.0,0.0329,0.0276,5.07,Eredivisie,Goles (Over/Under),2025-02-21,bovada:1.8500; betanysports:1.8500; lowvig:1.8300; betonlineag:1.8300; pinnacle:1.7900; betus:1.7900; coolbet:1.7800,2-0,2.0,No
Ajax vs Go Ahead Eagles,2025-02-23 08:30:00,Under 3.0,2.01,1.9857,8.89237117686567e-06,7.0,0.0042125244434398,0.0029776221146661,9.065578128342386e-06,7.0,0.0042578746025682,0.0038248230020864,coolbet,7.0,0.0243,0.0168,5.93,Eredivisie,Goles (Over/Under),2025-02-21,coolbet:2.0100; lowvig:2.0000; betonlineag:2.0000; bovada:1.9800; betanysports:1.9800; betus:1.9700; pinnacle:1.9600,2-0,2.0,Sí
Necaxa vs Mazatlán FC,2025-02-21 20:00:00,Over 2.75,1.95,1.902,8.751084416428107e-06,5.0,0.0041835068422639,0.0040816194357155,2.124184360528125e-05,5.0,0.0065120065120065,0.0052096052096052,pinnacle,5.0,0.048,0.024,4.76,Liga MX,Goles (Over/Under),2025-02-21,pinnacle:1.9500; bovada:1.8900; betus:1.8900; betonlineag:1.8900; lowvig:1.8900,3-1,4.0,Sí
Necaxa vs Mazatlán FC,2025-02-21 20:00:00,Under 2.75,1.93,1.916,8.751084416428107e-06,5.0,0.0041835068422639,0.0040816194357155,2.095892419091994e-05,5.0,0.0064650385434871,0.0051039963795221,bovada,5.0,0.014,0.0233,4.72,Liga MX,Goles (Over/Under),2025-02-21,bovada:1.9300; betonlineag:1.9300; lowvig:1.9300; pinnacle:1.9200; betus:1.8700,3-1,4.0,No
Carlisle United vs Gillingham,2025-02-22 10:00:00,Over 2.0,1.78,1.7675,8.630867668919803e-06,4.0,0.0041461880956743,0.0038455902169891,1.4287288196026169e-05,4.0,0.0052951766302404,0.0044463342505094,pinnacle,4.0,0.0125,0.0164,6.68,League Two,Goles (Over/Under),2025-02-21,pinnacle:1.7800; betus:1.7800; bovada:1.7700; coolbet:1.7400,0-0,0.0,No
Carlisle United vs Gillingham,2025-02-22 10:00:00,Under 2.0,2.05,2.0125,8.630867668919803e-06,4.0,0.0041461880956742,0.003845590216989,2.0273131008934065e-05,4.0,0.0063671631955169,0.0055490305128073,pinnacle,4.0,0.0375,0.0259,6.25,League Two,Goles (Over/Under),2025-02-21,pinnacle:2.0500; coolbet:2.0200; bovada:2.0000; betus:1.9800,0-0,0.0,Sí
Grimsby Town vs Fleetwood Town,2025-02-22 10:00:00,Over 2.5,1.95,1.9088,8.553917105997779e-06,16.0,0.0041356519584743,0.0032804497841993,3.252739903033488e-05,16.0,0.0080518989822154,0.0062614315327276,nordicbet,16.0,0.0413,0.0289,6.84,League Two,Goles (Over/Under),2025-02-21,nordicbet:1.9500; betsson:1.9500; pinnacle:1.9300; matchbook:1.9300; betonlineag:1.9300; lowvig:1.9300; onexbet:1.9200; williamhill:1.9100; playup:1.9100; unibet:1.9000; bovada:1.8900; betrivers:1.8900; unibet_eu:1.8900; coolbet:1.8900; betus:1.8900; tipico_de:1.8300,2-1,3.0,Sí
Grimsby Town vs Fleetwood Town,2025-02-22 10:00:00,Under 2.5,1.89,1.8481,8.553917105997779e-06,16.0,0.0041356519584743,0.0032804497841993,2.710696261026121e-05,16.0,0.0073372789921791,0.0055516619943336,betonlineag,16.0,0.0419,0.0251,7.55,League Two,Goles (Over/Under),2025-02-21,betonlineag:1.8900; lowvig:1.8900; pinnacle:1.8800; matchbook:1.8700; tipico_de:1.8500; bovada:1.8500; onexbet:1.8500; nordicbet:1.8500; betsson:1.8500; coolbet:1.8500; betus:1.8500; williamhill:1.8300; betrivers:1.8200; unibet_eu:1.8200; unibet:1.8200; playup:1.8000,2-1,3.0,No
D.C. United vs Toronto FC,2025-02-22 19:30:00,Over 2.5,1.66,1.624,8.339464488718937e-06,10.0,0.0040315959805667,0.0038345467048902,5.705042638291679e-05,10.0,0.0103618355926807,0.0071336796112013,nordicbet,10.0,0.036,0.0269,7.41,MLS,Goles (Over/Under),2025-02-21,nordicbet:1.6600; betsson:1.6600; onexbet:1.6400; playup:1.6300; williamhill:1.6200; betrivers:1.6200; unibet:1.6200; unibet_eu:1.6200; mybookieag:1.6100; matchbook:1.5600,2-2,4.0,Sí
D.C. United vs Toronto FC,2025-02-22 19:30:00,Under 2.5,2.28,2.239,8.339464488718937e-06,10.0,0.0040315959805667,0.0038345467048902,4.5320791558234655e-05,10.0,0.00948007185735,0.0065197728454928,betrivers,10.0,0.041,0.0459,7.96,MLS,Goles (Over/Under),2025-02-21,betrivers:2.2800; unibet:2.2800; unibet_eu:2.2800; williamhill:2.2500; nordicbet:2.2500; betsson:2.2500; onexbet:2.2400; mybookieag:2.2400; playup:2.2000; matchbook:2.1200,2-2,4.0,No
Bristol City vs Middlesbrough,2025-02-21 14:45:00,Over 2.5,1.96,1.88,8.190573955998347e-06,16.0,0.0040471750470161,0.0037064757392055,4.50939921558148e-05,16.0,0.0094809220721156,0.0066901725632997,matchbook,16.0,0.08,0.0341,5.07,Championship,Goles (Over/Under),2025-02-21,matchbook:1.9600; pinnacle:1.9500; bovada:1.9100; onexbet:1.8900; playup:1.8800; nordicbet:1.8800; betsson:1.8800; lowvig:1.8800; betonlineag:1.8800; betus:1.8700; coolbet:1.8700; unibet:1.8500; unibet_eu:1.8500; betrivers:1.8500; williamhill:1.8500; tipico_de:1.8300,2-1,3.0,Si
Bristol City vs Middlesbrough,2025-02-21 14:45:00,Under 2.5,2.02,1.9119,8.190573955998347e-06,16.0,0.004047175047016,0.0037064757392055,5.620678041033963e-05,16.0,0.0105912813947467,0.0076706834899316,matchbook,16.0,0.1081,0.0392,4.15,Championship,Goles (Over/Under),2025-02-21,matchbook:2.0200; lowvig:1.9400; betonlineag:1.9400; pinnacle:1.9300; betus:1.9300; unibet:1.9200; unibet_eu:1.9200; betrivers:1.9200; onexbet:1.9100; bovada:1.9100; coolbet:1.9000; nordicbet:1.8900; betsson:1.8900; playup:1.8700; tipico_de:1.8500; williamhill:1.8500,2-1,3.0,No
Paris FC vs Troyes,2025-02-21 14:00:00,Over 2.5,2.2,2.1889,7.923562723576515e-06,9.0,0.003936599097927,0.0036114187715284,5.698502645451556e-06,9.0,0.0033647295809521,0.0026479011975668,playup,9.0,0.0111,0.0159,7.95,Ligue 2,Goles (Over/Under),2025-02-21,playup:2.2000; betrivers:2.2000; unibet_eu:2.2000; unibet:2.2000; williamhill:2.2000; coolbet:2.1900; nordicbet:2.1800; betsson:2.1800; tipico_de:2.1500,1-0,1.0,No
Paris FC vs Troyes,2025-02-21 14:00:00,Under 2.5,1.66,1.6233,7.923562723576515e-06,9.0,0.0039365990979271,0.0036114187715284,3.022575686499561e-05,9.0,0.0075654536230553,0.0064488339254504,coolbet,9.0,0.0367,0.02,6.75,Ligue 2,Goles (Over/Under),2025-02-21,coolbet:1.6600; nordicbet:1.6400; betsson:1.6400; playup:1.6300; tipico_de:1.6200; williamhill:1.6200; betrivers:1.6000; unibet_eu:1.6000; unibet:1.6000,1-0,1.0,Sí
FC St Gallen vs FC Basel,2025-02-22 14:30:00,Over 2.5,1.57,1.5583,7.8355333422399e-06,6.0,0.0038766225512271,0.0026226687235264,1.0587856802478574e-05,6.0,0.0044097707330312,0.0036763607751896,tipico_de,6.0,0.0117,0.0107,7.17,Super League Switzerland,Goles (Over/Under),2025-02-21,tipico_de:1.5700; williamhill:1.5700; betsson:1.5600; nordicbet:1.5600; playup:1.5500; betrivers:1.5400,2-2,4.0,Sí
FC St Gallen vs FC Basel,2025-02-22 14:30:00,Under 2.5,2.38,2.3317,7.8355333422399e-06,6.0,0.0038766225512271,0.0026226687235265,1.3357800006970843e-05,6.0,0.0051145805426936,0.0040593724291927,betrivers,6.0,0.0483,0.0279,6.95,Super League Switzerland,Goles (Over/Under),2025-02-21,betrivers:2.3800; tipico_de:2.3500; betsson:2.3300; nordicbet:2.3300; williamhill:2.3000; playup:2.3000,2-2,4.0,No
Metz vs AC Ajaccio,2025-02-22 14:00:00,Over 2.5,2.12,2.0664,7.824086662187151e-06,11.0,0.0039378773533436,0.0032999016208245,2.7672075396125018e-05,11.0,0.0074361102542063,0.0055799150731796,coolbet,11.0,0.0536,0.0314,5.99,Ligue 2,Goles (Over/Under),2025-02-21,coolbet:2.1200; onexbet:2.0900; betsson:2.0800; nordicbet:2.0800; matchbook:2.0800; betrivers:2.0700; unibet_eu:2.0700; unibet:2.0700; williamhill:2.0500; playup:2.0200; tipico_de:2.0000,1-0,1.0,No
Metz vs AC Ajaccio,2025-02-22 14:00:00,Under 2.5,1.75,1.7082,7.824086662187151e-06,11.0,0.0039378773533436,0.0032999016208245,1.781259687105281e-05,11.0,0.0058906966520651,0.0045118075728439,matchbook,11.0,0.0418,0.0175,7.14,Ligue 2,Goles (Over/Under),2025-02-21,matchbook:1.7500; onexbet:1.7400; betsson:1.7000; nordicbet:1.7000; tipico_de:1.7000; betrivers:1.7000; unibet_eu:1.7000; unibet:1.7000; williamhill:1.7000; playup:1.7000; coolbet:1.7000,1-0,1.0,Sí
Lorient vs Stade Lavallois,2025-02-22 08:00:00,Over 2.5,1.89,1.8481,7.787876932020504e-06,16.0,0.0039461026452132,0.0031743856831557,4.032688513117008e-05,16.0,0.0089481736302849,0.0082472530602835,bovada,16.0,0.0419,0.0305,6.39,Ligue 2,Goles (Over/Under),2025-02-21,bovada:1.8900; pinnacle:1.8800; betus:1.8800; lowvig:1.8800; betonlineag:1.8800; coolbet:1.8700; matchbook:1.8700; onexbet:1.8600; betsson:1.8400; nordicbet:1.8400; williamhill:1.8300; playup:1.8200; betrivers:1.8100; unibet_eu:1.8100; unibet:1.8100; tipico_de:1.8000,1-0,1.0,No
Lorient vs Stade Lavallois,2025-02-22 08:00:00,Under 2.5,1.96,1.9144,7.787876932020504e-06,16.0,0.0039461026452133,0.0031743856831557,2.045427220962024e-05,16.0,0.0063893025123082,0.0052198665188639,pinnacle,16.0,0.0456,0.0234,6.58,Ligue 2,Goles (Over/Under),2025-02-21,pinnacle:1.9600; matchbook:1.9500; onexbet:1.9400; bovada:1.9300; lowvig:1.9300; betonlineag:1.9300; betrivers:1.9100; unibet_eu:1.9100; unibet:1.9100; williamhill:1.9100; betsson:1.9000; nordicbet:1.9000; tipico_de:1.9000; coolbet:1.9000; playup:1.8800; betus:1.8700,1-0,1.0,Sí
Newcastle United vs Nottingham Forest,2025-02-23 09:00:00,Over 2.5,1.72,1.664,7.675388697721728e-06,10.0,0.0038744368349623,0.0033368918787168,5.01352809499288e-05,10.0,0.009809503423446,0.0076825789499085,matchbook,10.0,0.056,0.0273,3.8,Premier League,Goles (Over/Under),2025-02-21,matchbook:1.7200; onexbet:1.6900; betsson:1.6700; nordicbet:1.6700; unibet_eu:1.6700; betrivers:1.6700; tipico_de:1.6500; playup:1.6500; mybookieag:1.6300; williamhill:1.6200,4-3,7.0,Sí
Newcastle United vs Nottingham Forest,2025-02-23 09:00:00,Under 2.5,2.34,2.242,7.675388697721728e-06,10.0,0.0038744368349623,0.0033368918787168,4.76303388800231e-05,10.0,0.0096965901249963,0.0087168073535037,matchbook,10.0,0.098,0.0494,4.46,Premier League,Goles (Over/Under),2025-02-21,matchbook:2.3400; onexbet:2.3000; betsson:2.2700; nordicbet:2.2700; williamhill:2.2500; tipico_de:2.2000; unibet_eu:2.2000; betrivers:2.2000; playup:2.2000; mybookieag:2.1900,4-3,7.0,No
Rayo Vallecano vs Villarreal,2025-02-22 10:15:00,Over 2.5,1.87,1.7958,7.465068943835817e-06,12.0,0.0038559259815887,0.0031656226144841,6.0409884316409735e-05,12.0,0.0109268569140743,0.0087415718231022,matchbook,12.0,0.0742,0.0357,3.48,La Liga,Goles (Over/Under),2025-02-21,matchbook:1.8700; onexbet:1.8500; coolbet:1.8300; nordicbet:1.8000; betsson:1.8000; betus:1.7900; betrivers:1.7800; unibet:1.7800; unibet_eu:1.7800; playup:1.7700; williamhill:1.7500; tipico_de:1.7500,0-1,1.0,No
Rayo Vallecano vs Villarreal,2025-02-22 10:15:00,Under 2.5,2.12,2.0317,7.465068943835817e-06,12.0,0.0038559259815886,0.0031656226144841,4.6477214163032336e-05,12.0,0.0096373453407612,0.0080777567270857,matchbook,12.0,0.0883,0.0406,4.31,La Liga,Goles (Over/Under),2025-02-21,matchbook:2.1200; onexbet:2.1000; betus:2.0600; tipico_de:2.0500; coolbet:2.0300; playup:2.0200; williamhill:2.0000; nordicbet:2.0000; betsson:2.0000; betrivers:2.0000; unibet:2.0000; unibet_eu:2.0000,0-1,1.0,Sí
Bradford City vs Milton Keynes Dons,2025-02-22 10:00:00,Over 2.5,1.93,1.885,7.442448678714886e-06,16.0,0.0038579625785996,0.0034175119433478,3.209409570860163e-05,16.0,0.0079948603267835,0.0067306089709001,betonlineag,16.0,0.045,0.0283,6.46,League Two,Goles (Over/Under),2025-02-21,betonlineag:1.9300; lowvig:1.9300; williamhill:1.9100; pinnacle:1.9000; betsson:1.9000; nordicbet:1.9000; matchbook:1.9000; onexbet:1.8900; bovada:1.8900; coolbet:1.8900; playup:1.8700; betus:1.8700; unibet_eu:1.8500; unibet:1.8500; betrivers:1.8500; tipico_de:1.8300,2-0,2.0,No
Bradford City vs Milton Keynes Dons,2025-02-22 10:00:00,Under 2.5,1.9,1.8681,7.442448678714886e-06,16.0,0.0038579625785996,0.0034175119433478,1.8298238306435806e-05,16.0,0.0060332202802564,0.0047123231159746,pinnacle,16.0,0.0319,0.021,7.28,League Two,Goles (Over/Under),2025-02-21,pinnacle:1.9000; matchbook:1.9000; betonlineag:1.8900; lowvig:1.8900; onexbet:1.8800; betsson:1.8700; nordicbet:1.8700; unibet_eu:1.8700; unibet:1.8700; betrivers:1.8700; betus:1.8700; bovada:1.8500; tipico_de:1.8500; coolbet:1.8500; williamhill:1.8300; playup:1.8300,2-0,2.0,Sí
Watford vs Luton,2025-02-23 07:00:00,Over 2.25,1.93,1.898,7.427990800064582e-06,5.0,0.0038542985434387,0.0037763868775759,9.641727253423273e-06,5.0,0.0043863256298489,0.0035090605038791,pinnacle,5.0,0.032,0.016,5.29,Championship,Goles (Over/Under),2025-02-21,pinnacle:1.9300; bovada:1.8900; lowvig:1.8900; betonlineag:1.8900; betus:1.8900,2-0,2.0,No
Watford vs Luton,2025-02-23 07:00:00,Under 2.25,1.93,1.914,7.427990800064582e-06,5.0,0.0038542985434388,0.003776386877576,2.091674617353982e-05,5.0,0.0064586846789102,0.0052920330386496,bovada,5.0,0.016,0.0233,4.72,Championship,Goles (Over/Under),2025-02-21,bovada:1.9300; lowvig:1.9300; betonlineag:1.9300; pinnacle:1.9100; betus:1.8700,2-0,2.0,Sí
Feyenoord vs Almere City,2025-02-22 14:00:00,Over 3.25,1.94,1.915,7.306583637840134e-06,6.0,0.0038226289772824,0.0037183915319567,2.0039986724115337e-05,6.0,0.0063224107425213,0.0050244049265584,pinnacle,6.0,0.025,0.0229,4.74,Eredivisie,Goles (Over/Under),2025-02-21,pinnacle:1.9400; lowvig:1.9300; betonlineag:1.9300; bovada:1.9100; betanysports:1.9100; betus:1.8700,2-1,3.0,No
Feyenoord vs Almere City,2025-02-22 14:00:00,Under 3.25,1.91,1.8933,7.306583637840134e-06,6.0,0.0038226289772824,0.0037183915319567,6.041590628879912e-06,6.0,0.003470775413084,0.0030877786376406,bovada,6.0,0.0167,0.0125,5.83,Eredivisie,Goles (Over/Under),2025-02-21,bovada:1.9100; betanysports:1.9100; pinnacle:1.8900; betus:1.8900; lowvig:1.8800; betonlineag:1.8800,2-1,3.0,Sí
SV Darmstadt 98 vs FC Schalke 04,2025-02-23 07:30:00,Over 2.5,1.65,1.6211,7.0822254231288135e-06,9.0,0.0037179520125121,0.0031962261073064,2.605680703847949e-05,9.0,0.007022367705008,0.0056011527836112,tipico_de,9.0,0.0289,0.0185,6.06,Bundesliga 2,Goles (Over/Under),2025-02-21,tipico_de:1.6500; onexbet:1.6500; playup:1.6300; nordicbet:1.6200; betsson:1.6200; williamhill:1.6200; betrivers:1.6000; unibet_eu:1.6000; unibet:1.6000,2-0,2.0,No
SV Darmstadt 98 vs FC Schalke 04,2025-02-23 07:30:00,Under 2.5,2.23,2.2178,7.0822254231288135e-06,9.0,0.0037179520125121,0.0031962261073064,3.626496650770796e-06,9.0,0.0026804486069274,0.0024185076501967,onexbet,9.0,0.0122,0.0131,7.34,Bundesliga 2,Goles (Over/Under),2025-02-21,onexbet:2.2300; betrivers:2.2300; unibet_eu:2.2300; unibet:2.2300; nordicbet:2.2200; betsson:2.2200; tipico_de:2.2000; williamhill:2.2000; playup:2.2000,2-0,2.0,Sí
AGF Aarhus vs AaB,2025-02-23 08:00:00,Over 2.75,1.85,1.8433,6.911806795011664e-06,6.0,0.0037153121078539,0.0024161947712861,3.907284446893165e-06,6.0,0.0027848443112747,0.0026255763960681,bovada,6.0,0.0067,0.0094,6.14,Superliga Denmark,Goles (Over/Under),2025-02-21,bovada:1.8500; lowvig:1.8500; betonlineag:1.8500; betanysports:1.8500; pinnacle:1.8300; betus:1.8300,4-0,4.0,Sí
AGF Aarhus vs AaB,2025-02-23 08:00:00,Under 2.75,2.02,1.9767,6.911806795011664e-06,6.0,0.0037153121078539,0.0024161947712861,2.8642963425643664e-05,6.0,0.007566880489817,0.0049397300841195,pinnacle,6.0,0.0433,0.0292,4.15,Superliga Denmark,Goles (Over/Under),2025-02-21,pinnacle:2.0200; bovada:1.9800; lowvig:1.9800; betonlineag:1.9800; betanysports:1.9800; betus:1.9200,4-0,4.0,No
Sporting Gijón vs Almería,2025-02-22 15:00:00,Over 2.25,1.92,1.9067,6.818136372158309e-06,6.0,0.0036926304538056,0.0026179460937209,5.930555712764209e-06,6.0,0.0034395981868793,0.0030683367652536,lowvig,6.0,0.0133,0.0125,5.56,La Liga 2,Goles (Over/Under),2025-02-21,lowvig:1.9200; betonlineag:1.9200; bovada:1.9100; betanysports:1.9100; pinnacle:1.8900; betus:1.8900,1-1,2.0,No
Sporting Gijón vs Almería,2025-02-22 15:00:00,Under 2.25,1.95,1.9067,6.818136372158309e-06,6.0,0.0036926304538056,0.0026179460937209,2.0882755401564334e-05,6.0,0.0064550638079745,0.0045750009279096,pinnacle,6.0,0.0433,0.0236,4.19,La Liga 2,Goles (Over/Under),2025-02-21,pinnacle:1.9500; bovada:1.9100; betanysports:1.9100; lowvig:1.9000; betonlineag:1.9000; betus:1.8700,1-1,2.0,Sí
Huddersfield Town vs Peterborough United,2025-02-22 10:00:00,Over 2.5,1.66,1.6362,6.723152533917507e-06,8.0,0.0036241697439085,0.0033049405655408,3.141919769159728e-05,8.0,0.0077224665926031,0.0070155430650324,onexbet,8.0,0.0237,0.0206,6.11,League One,Goles (Over/Under),2025-02-21,onexbet:1.6600; matchbook:1.6600; nordicbet:1.6500; betsson:1.6500; playup:1.6300; williamhill:1.6200; betrivers:1.6200; tipico_de:1.6000,0-1,1.0,No
Huddersfield Town vs Peterborough United,2025-02-22 10:00:00,Under 2.5,2.28,2.2163,6.723152533917507e-06,8.0,0.0036241697439085,0.0033049405655408,1.9347353437253148e-05,8.0,0.0061869061898169,0.0051011035287954,matchbook,8.0,0.0637,0.0308,6.36,League One,Goles (Over/Under),2025-02-21,matchbook:2.2800; williamhill:2.2500; onexbet:2.2200; tipico_de:2.2000; nordicbet:2.2000; betsson:2.2000; playup:2.2000; betrivers:2.1800,0-1,1.0,Sí
Port Vale vs Salford City,2025-02-22 10:00:00,Over 2.5,2.16,2.1291,6.6512951779158535e-06,11.0,0.0036222214750447,0.0020970764796348,2.11331956449496e-05,11.0,0.0064929189907647,0.0046797981512529,coolbet,11.0,0.0309,0.0287,6.9,League Two,Goles (Over/Under),2025-02-21,coolbet:2.1600; betsson:2.1500; nordicbet:2.1500; williamhill:2.1500; onexbet:2.1400; matchbook:2.1400; unibet:2.1200; betrivers:2.1200; unibet_eu:2.1200; playup:2.1200; tipico_de:2.0500,2-1,3.0,Sí
Port Vale vs Salford City,2025-02-22 10:00:00,Under 2.5,1.68,1.6655,6.6512951779158535e-06,11.0,0.0036222214750446,0.0020970764796349,7.825964899315259e-06,11.0,0.0038757765379569,0.0034526342956977,onexbet,11.0,0.0145,0.0108,8.3,League Two,Goles (Over/Under),2025-02-21,onexbet:1.6800; betsson:1.6800; nordicbet:1.6800; williamhill:1.6700; tipico_de:1.6700; unibet:1.6600; betrivers:1.6600; unibet_eu:1.6600; matchbook:1.6600; playup:1.6500; coolbet:1.6500,2-1,3.0,No
Bromley FC vs Harrogate Town,2025-02-22 10:00:00,Over 2.25,1.84,1.828,6.522690601034188e-06,5.0,0.0036101299970713,0.0028855025254876,9.95659954861304e-06,5.0,0.0044402410941538,0.0033895620495763,betonlineag,5.0,0.012,0.0147,6.7,League Two,Goles (Over/Under),2025-02-21,betonlineag:1.8400; lowvig:1.8400; pinnacle:1.8300; betus:1.8300; bovada:1.8000,2-0,2.0,No
Bromley FC vs Harrogate Town,2025-02-22 10:00:00,Under 2.25,1.99,1.964,6.522690601034188e-06,5.0,0.0036101299970712,0.0028855025254876,3.261943241126156e-05,5.0,0.0080739583446575,0.0071192724301198,betonlineag,5.0,0.026,0.0307,5.81,League Two,Goles (Over/Under),2025-02-21,betonlineag:1.9900; lowvig:1.9900; pinnacle:1.9800; bovada:1.9500; betus:1.9100,2-0,2.0,Sí
Hansa Rostock vs Dynamo Dresden,2025-02-22 08:00:00,Over 2.5,1.72,1.68,6.39777186986657e-06,6.0,0.0035595883295762,0.0029519409263878,5.95025788026248e-05,6.0,0.0106988886319067,0.0095513105140359,tipico_de,6.0,0.04,0.03,7.4,3. Liga,Goles (Over/Under),2025-02-21,tipico_de:1.7200; coolbet:1.7000; betsson:1.6900; nordicbet:1.6900; unibet_eu:1.6400; unibet:1.6400,1-0,1.0,No
Hansa Rostock vs Dynamo Dresden,2025-02-22 08:00:00,Under 2.5,2.1,2.065,6.39777186986657e-06,6.0,0.0035595883295762,0.0029519409263879,2.271913371603886e-05,6.0,0.0067372973407429,0.0066457865112717,tipico_de,6.0,0.035,0.0287,8.59,3. Liga,Goles (Over/Under),2025-02-21,tipico_de:2.1000; betsson:2.0900; nordicbet:2.0900; unibet_eu:2.0400; unibet:2.0400; coolbet:2.0300,1-0,1.0,Sí
Piast Gliwice vs Stal Mielec,2025-02-21 12:00:00,Over 2.5,2.66,2.4711,6.263285021252564e-06,9.0,0.0034332886132248,0.0026285663902656,6.353868851073699e-05,9.0,0.0110171733763903,0.0075655498940487,matchbook,9.0,0.1889,0.0709,4.26,Ekstraklasa,Goles (Over/Under),2025-02-21,matchbook:2.6600; onexbet:2.5000; betrivers:2.4500; unibet:2.4500; unibet_eu:2.4500; playup:2.4500; nordicbet:2.4400; betsson:2.4400; tipico_de:2.4000,2-2,4.0,Sí
Piast Gliwice vs Stal Mielec,2025-02-21 12:00:00,Under 2.5,1.58,1.5144,6.263285021252564e-06,9.0,0.0034332886132248,0.0026285663902657,5.673200933648107e-05,9.0,0.0101610718693214,0.0066963052439009,matchbook,9.0,0.0656,0.0241,4.96,Ekstraklasa,Goles (Over/Under),2025-02-21,matchbook:1.5800; playup:1.5200; nordicbet:1.5100; betsson:1.5100; onexbet:1.5100; tipico_de:1.5000; betrivers:1.5000; unibet:1.5000; unibet_eu:1.5000,2-2,4.0,No
Reggiana vs Carrarese,2025-02-22 09:00:00,Over 1.5,1.47,1.465,6.192360849694795e-06,4.0,0.0034038342275844,0.0028674950510587,9.56293519945584e-06,4.0,0.0040629857085828,0.0035186488388459,betsson,4.0,0.005,0.0087,9.35,Serie B,Goles (Over/Under),2025-02-21,betsson:1.4700; nordicbet:1.4700; onexbet:1.4700; betrivers:1.4500,2-2,4.0,Sí
Reggiana vs Carrarese,2025-02-22 09:00:00,Under 1.5,2.48,2.445,6.192360849694795e-06,4.0,0.0034038342275844,0.0028674950510588,6.8024269028002e-06,4.0,0.0036252783718318,0.0029022315360712,betrivers,4.0,0.035,0.0218,9.29,Serie B,Goles (Over/Under),2025-02-21,betrivers:2.4800; betsson:2.4400; nordicbet:2.4400; onexbet:2.4200,2-2,4.0,No
Samsunspor vs Çaykur Rizespor,2025-02-22 11:00:00,Over 2.5,1.95,1.8817,6.042143456800374e-06,12.0,0.0034761136077722,0.0031068880013629,5.590457250193776e-05,12.0,0.010551427348264,0.0085199266251141,onexbet,12.0,0.0683,0.0374,4.47,Süper Lig,Goles (Over/Under),2025-02-21,onexbet:1.9500; pinnacle:1.9300; bovada:1.9100; betonlineag:1.9000; lowvig:1.9000; betsson:1.8800; nordicbet:1.8800; coolbet:1.8700; betus:1.8700; unibet_eu:1.8300; betrivers:1.8300; unibet:1.8300,2-3,5.0,Sí
Samsunspor vs Çaykur Rizespor,2025-02-22 11:00:00,Under 2.5,1.95,1.9058,6.042143456800374e-06,12.0,0.0034761136077722,0.0031068880013629,1.5326262203131462e-05,12.0,0.0055301568636402,0.004811092369282,onexbet,12.0,0.0442,0.0202,5.93,Süper Lig,Goles (Over/Under),2025-02-21,onexbet:1.9500; pinnacle:1.9200; betus:1.9200; betonlineag:1.9200; lowvig:1.9200; bovada:1.9100; coolbet:1.9000; unibet_eu:1.8900; betrivers:1.8900; unibet:1.8900; betsson:1.8800; nordicbet:1.8800,2-3,5.0,No
1. FC Saarbrücken vs Hannover 96,2025-02-22 10:30:00,Over 3.0,2.02,1.974,5.881684133840395e-06,5.0,0.0034270827825206,0.0028077450086573,3.784847397962495e-05,5.0,0.0086989223398136,0.0080517309198214,pinnacle,5.0,0.046,0.0338,6.0,3. Liga,Goles (Over/Under),2025-02-21,pinnacle:2.0200; lowvig:1.9900; betonlineag:1.9900; coolbet:1.9400; bovada:1.9300,4-1,5.0,Sí
1. FC Saarbrücken vs Hannover 96,2025-02-22 10:30:00,Under 3.0,1.84,1.82,5.881684133840395e-06,5.0,0.0034270827825205,0.0028077450086573,3.2509657506248344e-05,5.0,0.008014898848088,0.0061625477622674,lowvig,5.0,0.02,0.0261,6.16,3. Liga,Goles (Over/Under),2025-02-21,lowvig:1.8400; betonlineag:1.8400; pinnacle:1.8300; bovada:1.8200; coolbet:1.7700,4-1,5.0,No
Northampton Town vs Bristol Rovers,2025-02-22 10:00:00,Over 2.25,1.9,1.856,5.66363167599395e-06,5.0,0.0033650890766158,0.0025522070766486,2.7704995230627583e-05,5.0,0.0074231121724842,0.0060415448987354,pinnacle,5.0,0.044,0.0258,4.99,League One,Goles (Over/Under),2025-02-21,pinnacle:1.9000; lowvig:1.8600; betonlineag:1.8600; bovada:1.8300; betus:1.8300,2-1,3.0,Sí
Northampton Town vs Bristol Rovers,2025-02-22 10:00:00,Under 2.25,1.96,1.934,5.66363167599395e-06,5.0,0.0033650890766158,0.0025522070766486,1.798527421526154e-05,5.0,0.0059940185828533,0.0055428622361784,lowvig,5.0,0.026,0.0224,5.67,League One,Goles (Over/Under),2025-02-21,lowvig:1.9600; betonlineag:1.9600; pinnacle:1.9300; bovada:1.9100; betus:1.9100,2-1,3.0,No
FC St Gallen vs FC Basel,2025-02-22 14:30:00,Over 3.0,1.94,1.9071,5.567554479999989e-06,7.0,0.0033368778509695,0.0027801007433774,1.4942662829939568e-05,7.0,0.0054594867590719,0.0040534995846012,pinnacle,7.0,0.0329,0.0198,4.46,Super League Switzerland,Goles (Over/Under),2025-02-21,pinnacle:1.9400; coolbet:1.9200; bovada:1.9100; betanysports:1.9100; betonlineag:1.9000; lowvig:1.9000; betus:1.8700,2-2,4.0,Sí
FC St Gallen vs FC Basel,2025-02-22 14:30:00,Under 3.0,1.92,1.9043,5.567554479999989e-06,7.0,0.0033368778509695,0.0027801007433773,6.383664523068111e-06,7.0,0.0035685514716338,0.0033814323535447,betonlineag,7.0,0.0157,0.0129,5.56,Super League Switzerland,Goles (Over/Under),2025-02-21,betonlineag:1.9200; lowvig:1.9200; bovada:1.9100; betanysports:1.9100; pinnacle:1.8900; coolbet:1.8900; betus:1.8900,2-2,4.0,No
Watford vs Luton,2025-02-23 07:00:00,Over 2.5,2.2,2.128,5.309025245014629e-06,10.0,0.0032381804216519,0.0030086294555454,2.664579365975693e-05,10.0,0.007283835299105,0.0064831224550399,matchbook,10.0,0.072,0.0334,5.33,Championship,Goles (Over/Under),2025-02-21,matchbook:2.2000; onexbet:2.1600; nordicbet:2.1500; betsson:2.1500; playup:2.1200; betrivers:2.1000; unibet:2.1000; unibet_eu:2.1000; williamhill:2.1000; coolbet:2.1000,2-0,2.0,No
Watford vs Luton,2025-02-23 07:00:00,Under 2.5,1.74,1.699,5.309025245014629e-06,10.0,0.0032381804216519,0.0030086294555453,1.886283461782203e-05,10.0,0.0060484902276353,0.0039648391948358,matchbook,10.0,0.041,0.0176,5.09,Championship,Goles (Over/Under),2025-02-21,matchbook:1.7400; coolbet:1.7100; betrivers:1.7000; unibet:1.7000; unibet_eu:1.7000; nordicbet:1.7000; betsson:1.7000; onexbet:1.6900; playup:1.6800; williamhill:1.6700,2-0,2.0,Sí
Aston Villa vs Chelsea,2025-02-22 12:30:00,Over 3.0,1.9,1.8883,5.136754641060822e-06,6.0,0.0032046954109045,0.0028484777805961,1.860436173150368e-06,6.0,0.0019256178270735,0.0015602441880903,pinnacle,6.0,0.0117,0.0069,4.45,Premier League,Goles (Over/Under),2025-02-21,pinnacle:1.9000; bovada:1.8900; coolbet:1.8900; betus:1.8900; lowvig:1.8800; betonlineag:1.8800,2-1,3.0,No
Aston Villa vs Chelsea,2025-02-22 12:30:00,Under 3.0,1.98,1.9617,5.136754641060822e-06,6.0,0.0032046954109045,0.0028484777805961,1.762524224033495e-05,6.0,0.0059354374075963,0.0055303479726824,pinnacle,6.0,0.0183,0.0227,3.7,Premier League,Goles (Over/Under),2025-02-21,pinnacle:1.9800; lowvig:1.9800; betonlineag:1.9800; coolbet:1.9700; bovada:1.9300; betus:1.9300,2-1,3.0,No
FC Nordsjaelland vs SonderjyskE,2025-02-23 08:00:00,Over 3.0,1.81,1.804,5.119030526785744e-06,5.0,0.0031945174568553,0.0026082251082251,1.143877920388556e-06,5.0,0.0015036769446182,0.0014732965009208,lowvig,5.0,0.006,0.0049,5.75,Superliga Denmark,Goles (Over/Under),2025-02-21,lowvig:1.8100; betonlineag:1.8100; bovada:1.8000; coolbet:1.8000; betanysports:1.8000,3-2,5.0,Sí
FC Nordsjaelland vs SonderjyskE,2025-02-23 08:00:00,Under 3.0,2.05,2.028,5.119030526785744e-06,5.0,0.0031945174568553,0.002608225108225,1.9936563367965668e-05,5.0,0.0063141205075068,0.0047496471382089,bovada,5.0,0.022,0.0256,4.34,Superliga Denmark,Goles (Over/Under),2025-02-21,bovada:2.0500; betanysports:2.0500; lowvig:2.0300; betonlineag:2.0300; coolbet:1.9800,3-2,5.0,No
Bromley FC vs Harrogate Town,2025-02-22 10:00:00,Over 2.5,2.08,2.0227,5.041490861944751e-06,11.0,0.0031662880957987,0.0029607308296807,2.818346889974672e-05,11.0,0.0075067322451348,0.0064884359771627,matchbook,11.0,0.0573,0.0308,6.9,League Two,Goles (Over/Under),2025-02-21,matchbook:2.0800; onexbet:2.0500; betsson:2.0500; nordicbet:2.0500; coolbet:2.0300; playup:2.0200; williamhill:2.0000; betrivers:2.0000; unibet_eu:2.0000; unibet:2.0000; tipico_de:1.9700,2-0,2.0,No
Bromley FC vs Harrogate Town,2025-02-22 10:00:00,Under 2.5,1.78,1.74,5.041490861944751e-06,11.0,0.0031662880957987,0.0029607308296806,2.0358890231964216e-05,11.0,0.0063076707371667,0.0042400078489952,matchbook,11.0,0.04,0.0191,6.94,League Two,Goles (Over/Under),2025-02-21,matchbook:1.7800; betsson:1.7500; nordicbet:1.7500; williamhill:1.7500; onexbet:1.7400; betrivers:1.7400; unibet_eu:1.7400; unibet:1.7400; coolbet:1.7300; tipico_de:1.7200; playup:1.7000,2-0,2.0,Sí
SSV Ulm 1846 vs Elversberg,2025-02-22 07:00:00,Over 2.5,1.87,1.828,5.031733904271377e-06,15.0,0.0031707515836415,0.0027917349662872,3.323815159729763e-05,15.0,0.0081164543673311,0.0069338969993513,lowvig,15.0,0.042,0.0271,5.56,Bundesliga 2,Goles (Over/Under),2025-02-21,lowvig:1.8700; betonlineag:1.8700; pinnacle:1.8600; bovada:1.8500; matchbook:1.8500; onexbet:1.8400; tipico_de:1.8300; betsson:1.8200; nordicbet:1.8200; coolbet:1.8200; playup:1.8200; williamhill:1.8000; betrivers:1.7900; unibet_eu:1.7900; unibet:1.7900,0-0,0.0,No
SSV Ulm 1846 vs Elversberg,2025-02-22 07:00:00,Under 2.5,2.0,1.9507,5.031733904271377e-06,15.0,0.0031707515836416,0.0027917349662872,2.0512215182281603e-05,15.0,0.0064034280115394,0.0050895567919358,pinnacle,15.0,0.0493,0.0246,5.87,Bundesliga 2,Goles (Over/Under),2025-02-21,pinnacle:2.0000; matchbook:2.0000; bovada:1.9800; onexbet:1.9600; coolbet:1.9600; williamhill:1.9500; lowvig:1.9500; betonlineag:1.9500; unibet:1.9400; betsson:1.9300; nordicbet:1.9300; tipico_de:1.9300; betrivers:1.9300; unibet_eu:1.9300; playup:1.9200,0-0,0.0,Sí
Alavés vs Espanyol,2025-02-22 08:00:00,Over 2.5,2.55,2.54,4.952160799954759e-06,5.0,0.0030404897003083,0.0026109732561345,5.143467900559171e-06,5.0,0.0031372549019607,0.0025098039215685,tipico_de,5.0,0.01,0.02,6.78,La Liga,Goles (Over/Under),2025-02-21,tipico_de:2.5500; betrivers:2.5500; unibet:2.5500; unibet_eu:2.5500; williamhill:2.5000,0-1,1.0,No
Alavés vs Espanyol,2025-02-22 08:00:00,Under 2.5,1.5,1.488,4.952160799954759e-06,5.0,0.0030404897003083,0.0026109732561345,1.1032899434761188e-05,5.0,0.0044134950320417,0.0043243243243243,williamhill,5.0,0.012,0.0098,6.67,La Liga,Goles (Over/Under),2025-02-21,williamhill:1.5000; tipico_de:1.5000; betrivers:1.4800; unibet:1.4800; unibet_eu:1.4800,0-1,1.0,Sí
Holstein Kiel vs Bayer Leverkusen,2025-02-22 09:30:00,Over 3.25,1.85,1.8375,4.935320781146362e-06,4.0,0.003138903675912,0.0024057225915856,3.0251964283372856e-06,4.0,0.0024503591687262,0.0022193433633205,bovada,4.0,0.0125,0.0083,4.56,Bundesliga,Goles (Over/Under),2025-02-21,bovada:1.8500; pinnacle:1.8400; lowvig:1.8300; betonlineag:1.8300,0-2,2.0,No
Holstein Kiel vs Bayer Leverkusen,2025-02-22 09:30:00,Under 3.25,2.04,2.005,4.935320781146362e-06,4.0,0.0031389036759119,0.0024057225915857,1.4498308009704163e-05,4.0,0.0053846015925109,0.0043077837195484,pinnacle,4.0,0.035,0.0218,3.66,Bundesliga,Goles (Over/Under),2025-02-21,pinnacle:2.0400; lowvig:2.0000; betonlineag:2.0000; bovada:1.9800,0-2,2.0,Sí
Swansea City vs Blackburn Rovers,2025-02-22 10:00:00,Over 2.25,1.94,1.904,4.80885019964165e-06,5.0,0.0031012066006438,0.0026193221167043,1.91818052050014e-05,5.0,0.0061857426815921,0.0046167594898164,pinnacle,5.0,0.036,0.0224,3.9,Championship,Goles (Over/Under),2025-02-21,pinnacle:1.9400; bovada:1.9100; lowvig:1.9000; betonlineag:1.9000; betus:1.8700,3-0,3.0,Si
Swansea City vs Blackburn Rovers,2025-02-22 10:00:00,Under 2.25,1.92,1.914,4.80885019964165e-06,5.0,0.0031012066006438,0.0026193221167042,8.94066320576974e-07,5.0,0.0013358910028267,0.0013089005235601,lowvig,5.0,0.006,0.0049,5.56,Championship,Goles (Over/Under),2025-02-21,lowvig:1.9200; betonlineag:1.9200; bovada:1.9100; pinnacle:1.9100; betus:1.9100,3-0,3.0,No
Estudiantes vs Central Córdoba,2025-02-21 17:15:00,Over 2.25,2.11,2.07,4.586098554035023e-06,6.0,0.003020713612074,0.0028631740462299,1.3459059829980442e-05,6.0,0.005184606773117,0.0046570872197967,pinnacle,6.0,0.04,0.0224,3.57,Liga Profesional,Goles (Over/Under),2025-02-21,pinnacle:2.1100; lowvig:2.0800; betonlineag:2.0800; betsson:2.0500; bovada:2.0500; betanysports:2.0500,3-2,5.0,Sí
Estudiantes vs Central Córdoba,2025-02-21 17:15:00,Under 2.25,1.8,1.79,4.586098554035023e-06,6.0,0.0030207136120739,0.0028631740462298,4.9387023984245925e-06,6.0,0.0031210986267166,0.0031210986267166,pinnacle,6.0,0.01,0.01,4.34,Liga Profesional,Goles (Over/Under),2025-02-21,pinnacle:1.8000; bovada:1.8000; betanysports:1.8000; betsson:1.7800; lowvig:1.7800; betonlineag:1.7800,3-2,5.0,No
Hannover 96 vs SC Paderborn,2025-02-22 14:30:00,Over 2.75,1.89,1.8825,4.363090183761269e-06,4.0,0.0029535924254987,0.0029220779220779,2.760474194776829e-06,4.0,0.002344900985324,0.0021182984261832,lowvig,4.0,0.0075,0.0083,4.72,Bundesliga 2,Goles (Over/Under),2025-02-21,lowvig:1.8900; betonlineag:1.8900; pinnacle:1.8800; bovada:1.8700,1-1,2.0,No
Hannover 96 vs SC Paderborn,2025-02-22 14:30:00,Under 2.75,1.97,1.945,4.363090183761269e-06,4.0,0.0029535924254986,0.0029220779220778,9.536522861545116e-06,4.0,0.0043656969900477,0.0039586760083328,pinnacle,4.0,0.025,0.0166,4.24,Bundesliga 2,Goles (Over/Under),2025-02-21,pinnacle:1.9700; bovada:1.9500; lowvig:1.9300; betonlineag:1.9300,1-1,2.0,Sí
Saint Etienne vs Angers,2025-02-22 13:00:00,Over 2.5,2.12,2.0431,4.256217137156494e-06,13.0,0.0029111435030759,0.0020490455661688,4.5972791313268925e-05,13.0,0.009585627628604,0.0062453241846665,onexbet,13.0,0.0769,0.0397,4.31,Ligue 1,Goles (Over/Under),2025-02-21,onexbet:2.1200; matchbook:2.1000; tipico_de:2.0500; betsson:2.0500; nordicbet:2.0500; bovada:2.0500; coolbet:2.0500; betrivers:2.0400; unibet:2.0400; unibet_eu:2.0400; playup:2.0200; betus:2.0000; williamhill:1.9500,3-3,6.0,Sí
Saint Etienne vs Angers,2025-02-22 13:00:00,Under 2.5,1.84,1.7823,4.256217137156494e-06,13.0,0.0029111435030759,0.0020490455661689,2.5802218743589487e-05,13.0,0.007134289057516,0.0049178869219356,onexbet,13.0,0.0577,0.0229,5.63,Ligue 1,Goles (Over/Under),2025-02-21,onexbet:1.8400; matchbook:1.8100; bovada:1.8000; betsson:1.7800; nordicbet:1.7800; betrivers:1.7800; unibet:1.7800; unibet_eu:1.7800; coolbet:1.7800; playup:1.7700; betus:1.7700; tipico_de:1.7500; williamhill:1.7500,3-3,6.0,No
Racing de Ferrol vs Córdoba,2025-02-22 08:00:00,Over 2.5,2.26,2.1911,4.097931050631476e-06,9.0,0.0028323709055819,0.0025596076676168,2.617992373447623e-05,9.0,0.0072065792214977,0.0057676653853216,matchbook,9.0,0.0689,0.0348,5.98,La Liga 2,Goles (Over/Under),2025-02-21,matchbook:2.2600; onexbet:2.2200; nordicbet:2.2000; betsson:2.2000; williamhill:2.2000; coolbet:2.1900; tipico_de:2.1500; unibet:2.1500; unibet_eu:2.1500,0-1,1.0,No
Racing de Ferrol vs Córdoba,2025-02-22 08:00:00,Under 2.5,1.71,1.6389,4.097931050631476e-06,9.0,0.0028323709055819,0.0025596076676169,6.196092127730882e-05,9.0,0.0108914601901872,0.0092203337934801,matchbook,9.0,0.0711,0.03,4.99,La Liga 2,Goles (Over/Under),2025-02-21,matchbook:1.7100; onexbet:1.6600; coolbet:1.6600; nordicbet:1.6200; betsson:1.6200; tipico_de:1.6200; unibet:1.6200; unibet_eu:1.6200; williamhill:1.6200,0-1,1.0,Sí
SC Preußen Münster vs Jahn Regensburg,2025-02-22 07:00:00,Over 2.25,1.89,1.865,3.884387045977298e-06,4.0,0.0027862820917242,0.0019845703214806,9.213127326240829e-06,4.0,0.0042823713212616,0.0035634713054067,pinnacle,4.0,0.025,0.015,3.93,Bundesliga 2,Goles (Over/Under),2025-02-21,pinnacle:1.8900; lowvig:1.8600; betonlineag:1.8600; bovada:1.8500,1-0,1.0,No
SC Preußen Münster vs Jahn Regensburg,2025-02-22 07:00:00,Under 2.25,1.98,1.965,3.884387045977298e-06,4.0,0.0027862820917242,0.0019845703214805,2.4905360080671937e-06,4.0,0.0022315641202443,0.0019325912183054,bovada,4.0,0.015,0.0087,4.56,Bundesliga 2,Goles (Over/Under),2025-02-21,bovada:1.9800; pinnacle:1.9600; lowvig:1.9600; betonlineag:1.9600,1-0,1.0,Si
San Jose Earthquakes vs Real Salt Lake,2025-02-22 22:30:00,Over 3.0,2.0,1.984,3.4642778337578725e-06,5.0,0.0026304075188766,0.0022611747469377,7.268785044673007e-06,5.0,0.003812587951345,0.0032488146773861,pinnacle,5.0,0.016,0.015,4.64,MLS,Goles (Over/Under),2025-02-21,pinnacle:2.0000; bovada:2.0000; betonlineag:1.9800; lowvig:1.9800; coolbet:1.9600,4-0,4.0,Sí
San Jose Earthquakes vs Real Salt Lake,2025-02-22 22:30:00,Under 3.0,1.85,1.846,3.4642778337578725e-06,5.0,0.0026304075188766,0.0022611747469378,2.813241627853914e-06,5.0,0.0023630187564613,0.0018904150051691,pinnacle,5.0,0.004,0.008,5.07,MLS,Goles (Over/Under),2025-02-21,pinnacle:1.8500; betonlineag:1.8500; lowvig:1.8500; coolbet:1.8500; bovada:1.8300,4-0,4.0,No
Bournemouth vs Wolverhampton Wanderers,2025-02-22 10:00:00,Over 3.0,2.01,1.9783,3.372665686142136e-06,6.0,0.0025962320828829,0.0025378798526617,1.575525482552367e-05,6.0,0.0056128398318873,0.00485488697694,pinnacle,6.0,0.0317,0.0219,3.23,Premier League,Goles (Over/Under),2025-02-21,pinnacle:2.0100; betonlineag:1.9900; lowvig:1.9900; coolbet:1.9800; bovada:1.9500; betus:1.9500,0-1,1.0,No
Bournemouth vs Wolverhampton Wanderers,2025-02-22 10:00:00,Under 3.0,1.89,1.875,3.372665686142136e-06,6.0,0.0025962320828829,0.0025378798526616,2.348246205099004e-06,6.0,0.0021626498395983,0.0018896208577754,coolbet,6.0,0.015,0.0076,4.19,Premier League,Goles (Over/Under),2025-02-21,coolbet:1.8900; pinnacle:1.8800; bovada:1.8700; betonlineag:1.8700; lowvig:1.8700; betus:1.8700,0-1,1.0,Sí
Port Vale vs Salford City,2025-02-22 10:00:00,Over 2.25,1.93,1.904,3.337413806055894e-06,5.0,0.0025835225224442,0.0025310076434191,2.082034890686362e-05,5.0,0.006444180689644,0.005723445085642,lowvig,5.0,0.026,0.0233,5.87,League Two,Goles (Over/Under),2025-02-21,lowvig:1.9300; betonlineag:1.9300; pinnacle:1.9000; bovada:1.8900; betus:1.8700,2-1,3.0,Sí
Port Vale vs Salford City,2025-02-22 10:00:00,Under 2.25,1.9,1.88,3.337413806055894e-06,5.0,0.0025835225224442,0.002531007643419,1.3026720975824798e-05,5.0,0.0050925884739079,0.0045492800910756,pinnacle,5.0,0.02,0.0179,6.11,League Two,Goles (Over/Under),2025-02-21,pinnacle:1.9000; lowvig:1.8900; betonlineag:1.8900; betus:1.8700; bovada:1.8500,2-1,3.0,No
Erzgebirge Aue vs SpVgg Unterhaching,2025-02-22 08:00:00,Over 2.75,1.89,1.885,3.149138143347056e-06,4.0,0.0025095787612712,0.0021248274165105,3.014413683349453e-06,4.0,0.0024503449163466,0.0021220609455902,pinnacle,4.0,0.005,0.0087,6.39,3. Liga,Goles (Over/Under),2025-02-21,pinnacle:1.8900; lowvig:1.8900; betonlineag:1.8900; bovada:1.8700,1-0,1.0,No
Erzgebirge Aue vs SpVgg Unterhaching,2025-02-22 08:00:00,Under 2.75,1.94,1.9175,3.149138143347056e-06,4.0,0.0025095787612713,0.0021248274165106,2.9435114814356283e-05,4.0,0.0076621548863826,0.0065680909110903,pinnacle,4.0,0.0225,0.0277,5.02,3. Liga,Goles (Over/Under),2025-02-21,pinnacle:1.9400; lowvig:1.9300; betonlineag:1.9300; bovada:1.8700,1-0,1.0,Sí
Orlando City SC vs Philadelphia Union,2025-02-22 19:30:00,Over 3.0,1.93,1.9114,3.1115207438109978e-06,7.0,0.0024945646543374,0.0022954486242697,1.5797239433735006e-05,7.0,0.0056131484357782,0.004366127327387,pinnacle,7.0,0.0186,0.0203,5.29,MLS,Goles (Over/Under),2025-02-21,pinnacle:1.9300; bovada:1.9300; betanysports:1.9300; betonlineag:1.9100; lowvig:1.9100; coolbet:1.9000; betus:1.8700,2-4,6.0,Sí
Orlando City SC vs Philadelphia Union,2025-02-22 19:30:00,Under 3.0,1.91,1.8986,3.1115207438109978e-06,7.0,0.0024945646543374,0.0022954486242697,8.305775566766185e-06,7.0,0.0040690207759352,0.003637516443686,pinnacle,7.0,0.0114,0.0146,5.83,MLS,Goles (Over/Under),2025-02-21,pinnacle:1.9100; betonlineag:1.9100; lowvig:1.9100; coolbet:1.9100; bovada:1.8900; betanysports:1.8900; betus:1.8700,2-4,6.0,No
Valencia vs Atlético Madrid,2025-02-22 12:30:00,Over 2.25,1.99,1.955,3.042412142414437e-06,4.0,0.0024664036072988,0.0021004656859445,1.6039727080253128e-05,4.0,0.0056626009734929,0.0045297565280902,pinnacle,4.0,0.035,0.0218,3.73,La Liga,Goles (Over/Under),2025-02-21,pinnacle:1.9900; lowvig:1.9500; betonlineag:1.9500; bovada:1.9300,0-3,3.0,Sí
Valencia vs Atlético Madrid,2025-02-22 12:30:00,Under 2.25,1.9,1.8825,3.042412142414437e-06,4.0,0.0024664036072989,0.0021004656859446,6.725335856968092e-06,4.0,0.0036604915911567,0.0035255995008316,pinnacle,4.0,0.0175,0.013,4.45,La Liga,Goles (Over/Under),2025-02-21,pinnacle:1.9000; bovada:1.8900; lowvig:1.8700; betonlineag:1.8700,0-3,3.0,No
Kashima Antlers vs Tokyo Verdy,2025-02-22 01:00:00,Over 2.25,2.05,2.018,2.921876979279886e-06,5.0,0.0024143635109549,0.0022166742931997,1.0010641328533464e-05,5.0,0.0044741070243838,0.0035353779280366,pinnacle,5.0,0.032,0.0183,3.73,J1 League,Goles (Over/Under),2025-02-21,pinnacle:2.0500; betonlineag:2.0200; lowvig:2.0200; bovada:2.0000; betanysports:2.0000,4-0,4.0,Sí
Kashima Antlers vs Tokyo Verdy,2025-02-22 01:00:00,Under 2.25,1.83,1.826,2.921876979279886e-06,5.0,0.0024143635109549,0.0022166742931998,1.091817257441131e-06,5.0,0.0014708999836565,0.0014411817690506,pinnacle,5.0,0.004,0.0049,4.64,J1 League,Goles (Over/Under),2025-02-21,pinnacle:1.8300; bovada:1.8300; betanysports:1.8300; betonlineag:1.8200; lowvig:1.8200,4-0,4.0,No
FC Tokyo vs FC Machida Zelvia,2025-02-22 01:00:00,Over 2.25,1.94,1.924,2.881881684837324e-06,5.0,0.0024007394672447,0.0023063706589824,5.270694661932635e-06,5.0,0.003244134161451,0.0030315649111463,pinnacle,5.0,0.016,0.012,4.46,J1 League,Goles (Over/Under),2025-02-21,pinnacle:1.9400; betonlineag:1.9300; lowvig:1.9300; bovada:1.9100; betanysports:1.9100,0-1,1.0,No
FC Tokyo vs FC Machida Zelvia,2025-02-22 01:00:00,Under 2.25,1.93,1.906,2.881881684837324e-06,5.0,0.0024007394672447,0.0023063706589823,8.462837756480559e-06,5.0,0.0041092612671209,0.0035274325484021,pinnacle,5.0,0.024,0.015,4.17,J1 League,Goles (Over/Under),2025-02-21,pinnacle:1.9300; bovada:1.9100; betanysports:1.9100; betonlineag:1.8900; lowvig:1.8900,0-1,1.0,Si
Lincoln City vs Burton Albion,2025-02-22 10:00:00,Over 2.25,1.93,1.906,2.87616710446429e-06,5.0,0.0023983627195511,0.0023020245239429,3.326117333602558e-05,5.0,0.0081443786299625,0.0079798287661743,pinnacle,5.0,0.024,0.0294,5.29,League One,Goles (Over/Under),2025-02-21,pinnacle:1.9300; betonlineag:1.9300; lowvig:1.9300; bovada:1.8700; betus:1.8700,0-1,1.0,No
Lincoln City vs Burton Albion,2025-02-22 10:00:00,Under 2.25,1.9,1.884,2.87616710446429e-06,5.0,0.0023983627195511,0.0023020245239429,5.745938436460692e-06,5.0,0.0033834104059399,0.0031617963506507,pinnacle,5.0,0.016,0.012,6.11,League One,Goles (Over/Under),2025-02-21,pinnacle:1.9000; betonlineag:1.8900; lowvig:1.8900; bovada:1.8700; betus:1.8700,0-1,1.0,Sí
FSV Mainz 05 vs FC St. Pauli,2025-02-22 09:30:00,Over 2.25,1.92,1.8925,2.5975957963570226e-06,4.0,0.0022790078996514,0.0019734711502132,1.2371573299702317e-05,4.0,0.004966587852396,0.0038075520612285,pinnacle,4.0,0.0275,0.0179,3.9,Bundesliga,Goles (Over/Under),2025-02-21,pinnacle:1.9200; betonlineag:1.8900; lowvig:1.8900; bovada:1.8700,2-0,2.0,No
FSV Mainz 05 vs FC St. Pauli,2025-02-22 09:30:00,Under 2.25,1.96,1.9425,2.5975957963570226e-06,4.0,0.0022790078996513,0.0019734711502131,5.91496013927341e-06,4.0,0.0034379962765106,0.0033112088996619,pinnacle,4.0,0.0175,0.013,4.5,Bundesliga,Goles (Over/Under),2025-02-21,pinnacle:1.9600; bovada:1.9500; betonlineag:1.9300; lowvig:1.9300,2-0,2.0,Sí
Rayo Vallecano vs Villarreal,2025-02-22 10:15:00,Over 2.75,2.03,1.9975,2.580332668031027e-06,4.0,0.0022699929947586,0.0021908683135837,1.29726763678148e-05,4.0,0.0050935350352793,0.0043725431656466,pinnacle,4.0,0.0325,0.0205,3.91,La Liga,Goles (Over/Under),2025-02-21,pinnacle:2.0300; bovada:2.0000; betonlineag:1.9800; lowvig:1.9800,0-1,1.0,No
Rayo Vallecano vs Villarreal,2025-02-22 10:15:00,Under 2.75,1.87,1.85,2.580332668031027e-06,4.0,0.0022699929947587,0.0021908683135837,8.596736522297372e-06,4.0,0.0041327105661369,0.0029379778656538,pinnacle,4.0,0.02,0.0141,3.98,La Liga,Goles (Over/Under),2025-02-21,pinnacle:1.8700; betonlineag:1.8500; lowvig:1.8500; bovada:1.8300,0-1,1.0,Sí
Hansa Rostock vs Dynamo Dresden,2025-02-22 08:00:00,Over 2.75,1.93,1.905,2.5699196632245302e-06,4.0,0.0022670822088598,0.0019633507853403,1.837050409281516e-05,4.0,0.006052337426222,0.0048778676240294,pinnacle,4.0,0.025,0.0218,5.29,3. Liga,Goles (Over/Under),2025-02-21,pinnacle:1.9300; lowvig:1.9100; betonlineag:1.9100; bovada:1.8700,1-0,1.0,No
Hansa Rostock vs Dynamo Dresden,2025-02-22 08:00:00,Under 2.75,1.91,1.895,2.5699196632245302e-06,4.0,0.0022670822088597,0.0019633507853403,1.0794438626123765e-05,4.0,0.0046385241632098,0.0041848671352829,lowvig,4.0,0.015,0.0166,5.83,3. Liga,Goles (Over/Under),2025-02-21,lowvig:1.9100; betonlineag:1.9100; pinnacle:1.8900; bovada:1.8700,1-0,1.0,Sí
Arsenal vs West Ham United,2025-02-22 10:00:00,Over 2.75,1.88,1.8725,2.382278646630433e-06,4.0,0.002181894287655,0.0019516355754135,7.012118148695695e-06,4.0,0.0037350146799213,0.0032346175963196,pinnacle,4.0,0.0075,0.013,3.95,Premier League,Goles (Over/Under),2025-02-21,pinnacle:1.8800; lowvig:1.8800; betonlineag:1.8800; bovada:1.8500,0-1,1.0,No
Arsenal vs West Ham United,2025-02-22 10:00:00,Under 2.75,1.99,1.9775,2.382278646630433e-06,4.0,0.0021818942876551,0.0019516355754135,2.239007710207049e-06,4.0,0.0021160107367004,0.0019163396328409,pinnacle,4.0,0.0125,0.0083,4.31,Premier League,Goles (Over/Under),2025-02-21,pinnacle:1.9900; bovada:1.9800; lowvig:1.9700; betonlineag:1.9700,0-1,1.0,Sí
Borussia Monchengladbach vs Augsburg,2025-02-22 09:30:00,Over 2.75,1.93,1.91,2.349285924884681e-06,4.0,0.0021675832881481,0.0019532304204674,7.533073953984992e-06,4.0,0.0038771070197611,0.0027558066784391,pinnacle,4.0,0.02,0.0141,4.17,Bundesliga,Goles (Over/Under),2025-02-21,pinnacle:1.9300; lowvig:1.9100; betonlineag:1.9100; bovada:1.8900,0-3,3.0,Sí
Borussia Monchengladbach vs Augsburg,2025-02-22 09:30:00,Under 2.75,1.95,1.925,2.349285924884681e-06,4.0,0.0021675832881481,0.0019532304204674,9.94494708797361e-06,4.0,0.0044567006453949,0.0040412977504369,pinnacle,4.0,0.025,0.0166,4.19,Bundesliga,Goles (Over/Under),2025-02-21,pinnacle:1.9500; bovada:1.9300; lowvig:1.9100; betonlineag:1.9100,0-3,3.0,No
Gamba Osaka vs Avispa Fukuoka,2025-02-22 01:00:00,Over 2.0,1.91,1.8967,2.185831230482736e-06,6.0,0.0020908075538829,0.0015223531498542,3.4200852575918574e-06,6.0,0.0026117317421038,0.0024623643006423,pinnacle,6.0,0.0133,0.0094,4.71,J1 League,Goles (Over/Under),2025-02-21,pinnacle:1.9100; coolbet:1.9100; bovada:1.8900; betonlineag:1.8900; lowvig:1.8900; betanysports:1.8900,2-1,3.0,Sí
Gamba Osaka vs Avispa Fukuoka,2025-02-22 01:00:00,Under 2.0,1.96,1.9317,2.185831230482736e-06,6.0,0.0020908075538829,0.0015223531498542,7.6157432169392594e-06,6.0,0.0039005337651559,0.0025043700758025,pinnacle,6.0,0.0283,0.0146,3.93,J1 League,Goles (Over/Under),2025-02-21,pinnacle:1.9600; bovada:1.9300; betonlineag:1.9300; lowvig:1.9300; betanysports:1.9300; coolbet:1.9100,2-1,3.0,No
Rodez AF vs Amiens,2025-02-21 14:00:00,Over 2.75,1.97,1.936,2.169223133474901e-06,5.0,0.0020826451146524,0.001892754548587,1.943782627025028e-05,5.0,0.0062311487503501,0.0051093008796438,pinnacle,5.0,0.034,0.0233,5.11,Ligue 2,Goles (Over/Under),2025-02-21,pinnacle:1.9700; bovada:1.9500; lowvig:1.9300; betonlineag:1.9300; betus:1.9000,1-1,2.0,No
Rodez AF vs Amiens,2025-02-21 14:00:00,Under 2.75,1.9,1.878,2.169223133474901e-06,5.0,0.0020826451146525,0.0018927545485871,1.879164640007553e-05,5.0,0.0061150834098959,0.0052543329700416,pinnacle,5.0,0.022,0.0214,5.26,Ligue 2,Goles (Over/Under),2025-02-21,pinnacle:1.9000; lowvig:1.8900; betonlineag:1.8900; bovada:1.8700; betus:1.8400,1-1,2.0,Sí
Rot-Weiss Essen vs FC Ingolstadt 04,2025-02-22 08:00:00,Over 2.75,1.86,1.84,1.9957217793886464e-06,4.0,0.0019966636338699,0.001462140992167,2.4879270119344647e-05,4.0,0.0070221082376237,0.0059938971229294,pinnacle,4.0,0.02,0.0235,5.05,3. Liga,Goles (Over/Under),2025-02-21,pinnacle:1.8600; lowvig:1.8500; betonlineag:1.8500; bovada:1.8000,2-0,2.0,No
Rot-Weiss Essen vs FC Ingolstadt 04,2025-02-22 08:00:00,Under 2.75,1.98,1.97,1.9957217793886464e-06,4.0,0.0019966636338699,0.001462140992167,5.032842802189479e-06,4.0,0.0031721128229305,0.0025932893953198,lowvig,4.0,0.01,0.0122,6.06,3. Liga,Goles (Over/Under),2025-02-21,lowvig:1.9800; betonlineag:1.9800; pinnacle:1.9700; bovada:1.9500,2-0,2.0,Sí
Derby County vs Millwall,2025-02-22 07:30:00,Over 1.75,1.88,1.8625,1.938458840326933e-06,4.0,0.0019681485168446,0.0016309394950735,4.922979894098824e-06,4.0,0.0031296834291397,0.0025080846117222,pinnacle,4.0,0.0175,0.0109,4.21,Championship,Goles (Over/Under),2025-02-21,pinnacle:1.8800; betonlineag:1.8600; lowvig:1.8600; bovada:1.8500,0-1,1.0,No
Derby County vs Millwall,2025-02-22 07:30:00,Under 1.75,1.98,1.9675,1.938458840326933e-06,4.0,0.0019681485168446,0.0016309394950735,2.2851325995218127e-06,4.0,0.002137553210733,0.0019358612542078,bovada,4.0,0.0125,0.0083,4.56,Championship,Goles (Over/Under),2025-02-21,bovada:1.9800; pinnacle:1.9700; betonlineag:1.9600; lowvig:1.9600,0-1,1.0,Sí
Nagoya Grampus vs Vissel Kobe,2025-02-22 00:00:00,Over 2.25,2.06,2.028,1.916201827408697e-06,5.0,0.0019544673539519,0.0015635738831615,7.395169096145693e-06,5.0,0.0038450446986446,0.0030760357589157,pinnacle,5.0,0.032,0.016,3.49,J1 League,Goles (Over/Under),2025-02-21,pinnacle:2.0600; bovada:2.0200; betonlineag:2.0200; lowvig:2.0200; betanysports:2.0200,2-2,4.0,Si
Nagoya Grampus vs Vissel Kobe,2025-02-22 00:00:00,Under 2.25,1.82,1.82,1.916201827408697e-06,5.0,0.0019544673539518,0.0015635738831614,0.0,5.0,0.0,0.0,pinnacle,5.0,0.0,0.0,4.45,J1 League,Goles (Over/Under),2025-02-21,pinnacle:1.8200; bovada:1.8200; betonlineag:1.8200; lowvig:1.8200; betanysports:1.8200,2-2,4.0,No
Boca Juniors vs Aldosivi Mar del Plata,2025-02-22 17:30:00,Over 2.5,2.22,2.204,1.844283471394385e-06,5.0,0.001900809409162,0.0013624585750793,1.3537491241608689e-06,5.0,0.0016380016380016,0.0013104013104013,nordicbet,5.0,0.016,0.008,6.39,Liga Profesional,Goles (Over/Under),2025-02-21,nordicbet:2.2200; onexbet:2.2000; betrivers:2.2000; unibet:2.2000; playup:2.2000,2-1,3.0,Sí
Boca Juniors vs Aldosivi Mar del Plata,2025-02-22 17:30:00,Under 2.5,1.67,1.654,1.844283471394385e-06,5.0,0.001900809409162,0.0013624585750794,1.5768755918296327e-05,5.0,0.0054888368697747,0.004673753441249,onexbet,5.0,0.016,0.015,5.33,Liga Profesional,Goles (Over/Under),2025-02-21,onexbet:1.6700; nordicbet:1.6700; betrivers:1.6500; unibet:1.6500; playup:1.6300,2-1,3.0,No
Inter Milan vs Genoa,2025-02-22 14:45:00,Over 2.75,1.87,1.845,1.8244532490734456e-06,4.0,0.0019087537580357,0.0013712631813305,9.63437937217328e-06,4.0,0.0043753903613112,0.0036408167880643,pinnacle,4.0,0.025,0.015,3.73,Serie A,Goles (Over/Under),2025-02-21,pinnacle:1.8700; lowvig:1.8400; betonlineag:1.8400; bovada:1.8300,1-0,1.0,No
Inter Milan vs Genoa,2025-02-22 14:45:00,Under 2.75,2.0,1.995,1.8244532490734456e-06,4.0,0.0019087537580357,0.0013712631813305,7.891279216475132e-07,4.0,0.0012562814070351,0.0012562814070351,bovada,4.0,0.005,0.005,4.64,Serie A,Goles (Over/Under),2025-02-21,bovada:2.0000; pinnacle:2.0000; lowvig:1.9900; betonlineag:1.9900,1-0,1.0,Sí
VfL Wolfsburg vs VfL Bochum,2025-02-22 09:30:00,Over 3.0,2.03,2.0117,1.7605615448187956e-06,6.0,0.0018743924602977,0.0014410358160357,7.675865083499859e-06,6.0,0.0039180493152032,0.0028942555554969,pinnacle,6.0,0.0183,0.0157,4.82,Bundesliga,Goles (Over/Under),2025-02-21,pinnacle:2.0300; bovada:2.0200; betus:2.0200; betonlineag:2.0100; lowvig:2.0100; coolbet:1.9800,1-1,2.0,No
VfL Wolfsburg vs VfL Bochum,2025-02-22 09:30:00,Under 3.0,1.87,1.8283,1.7605615448187956e-06,6.0,0.0018743924602977,0.0014410358160358,1.979640525142344e-05,6.0,0.0062669549074968,0.0044668535507494,pinnacle,6.0,0.0417,0.0211,3.98,Bundesliga,Goles (Over/Under),2025-02-21,pinnacle:1.8700; betonlineag:1.8300; lowvig:1.8300; bovada:1.8200; betus:1.8200; coolbet:1.8000,1-1,2.0,Sí
Lanus vs Velez Sarsfield BA,2025-02-21 19:30:00,Over 2.0,2.0,1.9583,1.7322299883577116e-06,6.0,0.0018606744023923,0.0013868648159143,1.1416594161431847e-05,6.0,0.0047779230288457,0.0035612535612535,pinnacle,6.0,0.0417,0.0186,3.48,Liga Profesional,Goles (Over/Under),2025-02-21,pinnacle:2.0000; betsson:1.9500; bovada:1.9500; lowvig:1.9500; betonlineag:1.9500; betanysports:1.9500,0-0,0.0,No
Lanus vs Velez Sarsfield BA,2025-02-21 19:30:00,Under 2.0,1.88,1.8717,1.7322299883577116e-06,6.0,0.0018606744023922,0.0013868648159143,5.643836003740143e-07,6.0,0.0010600693942711,0.0007901290754857,pinnacle,6.0,0.0083,0.0037,4.47,Liga Profesional,Goles (Over/Under),2025-02-21,pinnacle:1.8800; betsson:1.8700; bovada:1.8700; lowvig:1.8700; betonlineag:1.8700; betanysports:1.8700,0-0,0.0,Sí
Independiente vs Instituto de Córdoba,2025-02-22 16:00:00,Over 2.0,1.9,1.874,1.6230756636133574e-06,5.0,0.0018014169269087,0.0013800488170772,7.365123355517617e-06,5.0,0.0038303547871911,0.0029319460458978,pinnacle,5.0,0.026,0.0136,3.91,Liga Profesional,Goles (Over/Under),2025-02-21,pinnacle:1.9000; bovada:1.8700; lowvig:1.8700; betonlineag:1.8700; betsson:1.8600,2-0,2.0,No
Independiente vs Instituto de Córdoba,2025-02-22 16:00:00,Under 2.0,1.95,1.95,1.6230756636133574e-06,5.0,0.0018014169269087,0.0013800488170772,0.0,5.0,0.0,0.0,betsson,5.0,0.0,0.0,5.05,Liga Profesional,Goles (Over/Under),2025-02-21,betsson:1.9500; bovada:1.9500; pinnacle:1.9500; lowvig:1.9500; betonlineag:1.9500,2-0,2.0,No
Greuther Fürth vs Eintracht Braunschweig,2025-02-23 07:30:00,Over 2.75,2.0,1.985,1.4003312565297004e-06,4.0,0.001672318420058,0.0014482702349869,2.391414505065089e-06,4.0,0.0021869328378395,0.0018939393939394,pinnacle,4.0,0.015,0.0087,4.35,Bundesliga 2,Goles (Over/Under),2025-02-21,pinnacle:2.0000; bovada:1.9800; lowvig:1.9800; betonlineag:1.9800,3-0,3.0,Sí
Greuther Fürth vs Eintracht Braunschweig,2025-02-23 07:30:00,Under 2.75,1.85,1.8475,1.4003312565297004e-06,4.0,0.0016723184200581,0.0014482702349869,8.148352531794288e-07,4.0,0.0012720702170746,0.0011016451233842,bovada,4.0,0.0025,0.0043,4.56,Bundesliga 2,Goles (Over/Under),2025-02-21,bovada:1.8500; lowvig:1.8500; betonlineag:1.8500; pinnacle:1.8400,3-0,3.0,No
Daejeon Citizen vs Ulsan Hyundai FC,2025-02-23 00:00:00,Over 2.25,1.83,1.8075,1.3671600220164666e-06,4.0,0.0016512044461987,0.0015051493276227,1.5242811664639484e-05,4.0,0.0054882831135431,0.004246599413083,pinnacle,4.0,0.0225,0.0179,5.15,K League 1,Goles (Over/Under),2025-02-21,pinnacle:1.8300; lowvig:1.8100; betonlineag:1.8100; bovada:1.7800,0-1,1.0,No
Daejeon Citizen vs Ulsan Hyundai FC,2025-02-23 00:00:00,Under 2.25,2.03,2.015,1.3671600220164666e-06,4.0,0.0016512044461987,0.0015051493276227,1.316948685972671e-05,4.0,0.0051320370107017,0.0043600419155216,lowvig,4.0,0.015,0.0206,5.44,K League 1,Goles (Over/Under),2025-02-21,lowvig:2.0300; betonlineag:2.0300; pinnacle:2.0200; bovada:1.9800,0-1,1.0,Sí
Alavés vs Espanyol,2025-02-22 08:00:00,Over 2.0,2.0,1.9625,1.261836221478801e-06,4.0,0.0015881231411679,0.0013753549845893,1.5412463742016272e-05,4.0,0.0055514448960541,0.0048076923076923,pinnacle,4.0,0.0375,0.0217,3.48,La Liga,Goles (Over/Under),2025-02-21,pinnacle:2.0000; bovada:1.9500; betonlineag:1.9500; lowvig:1.9500,0-1,1.0,No
Alavés vs Espanyol,2025-02-22 08:00:00,Under 2.0,1.89,1.875,1.261836221478801e-06,4.0,0.0015881231411678,0.0013753549845892,3.014413696670164e-06,4.0,0.0024503449163466,0.0021220609455902,pinnacle,4.0,0.015,0.0087,4.19,La Liga,Goles (Over/Under),2025-02-21,pinnacle:1.8900; bovada:1.8700; betonlineag:1.8700; lowvig:1.8700,0-1,1.0,Sí
Las Palmas vs Barcelona,2025-02-22 15:00:00,Over 3.75,1.99,1.9725,1.2598991204873283e-06,4.0,0.0015866647184308,0.0013154926679988,5.5597827024786006e-06,4.0,0.0033342800707652,0.0032112738501826,pinnacle,4.0,0.0175,0.013,4.31,La Liga,Goles (Over/Under),2025-02-21,pinnacle:1.9900; bovada:1.9800; lowvig:1.9600; betonlineag:1.9600,0-2,2.0,No
Las Palmas vs Barcelona,2025-02-22 15:00:00,Under 3.75,1.88,1.8625,1.2598991204873283e-06,4.0,0.0015866647184307,0.0013154926679988,4.922979894098824e-06,4.0,0.0031296834291397,0.0025080846117222,pinnacle,4.0,0.0175,0.0109,4.21,La Liga,Goles (Over/Under),2025-02-21,pinnacle:1.8800; lowvig:1.8600; betonlineag:1.8600; bovada:1.8500,0-2,2.0,Sí
Huddersfield Town vs Peterborough United,2025-02-22 10:00:00,Over 2.75,1.83,1.81,1.199948462699441e-06,5.0,0.0015472175901888,0.0015159574468085,2.8610726839058266e-05,5.0,0.0075197695793675,0.0073678393811015,pinnacle,5.0,0.02,0.0245,5.15,League One,Goles (Over/Under),2025-02-21,pinnacle:1.8300; lowvig:1.8300; betonlineag:1.8300; bovada:1.7800; betus:1.7800,0-1,1.0,No
Huddersfield Town vs Peterborough United,2025-02-22 10:00:00,Under 2.75,2.01,1.998,1.199948462699441e-06,5.0,0.0015472175901888,0.0015159574468085,6.818850792054878e-06,5.0,0.0036928836767422,0.0036182722749886,pinnacle,5.0,0.012,0.0147,5.93,League One,Goles (Over/Under),2025-02-21,pinnacle:2.0100; lowvig:2.0100; betonlineag:2.0100; bovada:1.9800; betus:1.9800,0-1,1.0,Sí
Newcastle United vs Nottingham Forest,2025-02-23 09:00:00,Over 2.75,1.84,1.835,1.1248716964301003e-06,4.0,0.0014978289648022,0.0012877969091632,3.3730579885266152e-06,4.0,0.002586076814932,0.002239608217869,pinnacle,4.0,0.005,0.0087,3.85,Premier League,Goles (Over/Under),2025-02-21,pinnacle:1.8400; betonlineag:1.8400; lowvig:1.8400; bovada:1.8200,4-3,7.0,Sí
Newcastle United vs Nottingham Forest,2025-02-23 09:00:00,Under 2.75,2.06,2.035,1.1248716964301003e-06,4.0,0.0014978289648022,0.0012877969091631,6.478679993729376e-06,4.0,0.0035988492502859,0.0029950625269614,pinnacle,4.0,0.025,0.015,3.49,Premier League,Goles (Over/Under),2025-02-21,pinnacle:2.0600; betonlineag:2.0300; lowvig:2.0300; bovada:2.0200,4-3,7.0,No
Estudiantes vs Central Córdoba,2025-02-21 17:15:00,Over 2.5,2.34,2.31,1.0600184795358337e-06,4.0,0.0014316134373786,0.0014253472396497,5.278918456135052e-06,4.0,0.0032182289252487,0.0027870680044592,nordicbet,4.0,0.03,0.0173,6.03,Liga Profesional,Goles (Over/Under),2025-02-21,nordicbet:2.3400; betrivers:2.3000; unibet:2.3000; playup:2.3000,3-2,5.0,Sí
Estudiantes vs Central Córdoba,2025-02-21 17:15:00,Under 2.5,1.61,1.5975,1.0600184795358337e-06,4.0,0.0014316134373787,0.0014253472396497,9.83975873348984e-06,4.0,0.0042895492631518,0.0034520205991036,nordicbet,4.0,0.0125,0.0109,5.59,Liga Profesional,Goles (Over/Under),2025-02-21,nordicbet:1.6100; betrivers:1.6000; unibet:1.6000; playup:1.5800,3-2,5.0,No
San Martin de San Juan vs River Plate,2025-02-22 19:30:00,Over 2.25,2.06,2.055,7.819353538488768e-07,6.0,0.0012476873021624,0.0011747463444591,7.014223990629712e-07,6.0,0.0011839924224485,0.0011839924224485,pinnacle,6.0,0.005,0.005,4.72,Liga Profesional,Goles (Over/Under),2025-02-21,pinnacle:2.0600; lowvig:2.0600; betonlineag:2.0600; betsson:2.0500; bovada:2.0500; betanysports:2.0500,0-2,2.0,No
San Martin de San Juan vs River Plate,2025-02-22 19:30:00,Under 2.25,1.8,1.7917,7.819353538488768e-07,6.0,0.0012476873021624,0.0011747463444591,2.327304600287708e-06,6.0,0.0021426721147938,0.0017281315797834,bovada,6.0,0.0083,0.0069,4.34,Liga Profesional,Goles (Over/Under),2025-02-21,bovada:1.8000; betanysports:1.8000; pinnacle:1.7900; lowvig:1.7900; betonlineag:1.7900; betsson:1.7800,0-2,2.0,Sí
Alemannia Aachen vs Borussia Dortmund II,2025-02-22 08:00:00,Over 2.5,1.84,1.8057,6.765977628199665e-07,7.0,0.0011622272972856,0.0008951592876155,5.506787183819832e-05,7.0,0.0104272617075191,0.0090120478131246,pinnacle,7.0,0.0343,0.0337,7.26,3. Liga,Goles (Over/Under),2025-02-21,pinnacle:1.8400; lowvig:1.8400; betonlineag:1.8400; tipico_de:1.8000; bovada:1.8000; coolbet:1.7700; unibet:1.7500,2-2,4.0,Sí
Alemannia Aachen vs Borussia Dortmund II,2025-02-22 08:00:00,Under 2.5,2.0,1.9586,6.765977628199665e-07,7.0,0.0011622272972856,0.0008951592876155,4.424472034846688e-05,7.0,0.0094022046988677,0.0077761597669151,pinnacle,7.0,0.0414,0.0356,7.14,3. Liga,Goles (Over/Under),2025-02-21,pinnacle:2.0000; lowvig:1.9900; betonlineag:1.9900; tipico_de:1.9500; bovada:1.9500; coolbet:1.9400; unibet:1.8900,2-2,4.0,No
Gangwon FC vs Pohang Steelers,2025-02-23 02:30:00,Over 2.25,1.87,1.8475,6.036710678803544e-07,4.0,0.0010983353760518,0.0009315281413612,1.3896492466166767e-05,4.0,0.0052526883102916,0.0040639011227246,pinnacle,4.0,0.0225,0.0179,5.29,K League 1,Goles (Over/Under),2025-02-21,pinnacle:1.8700; lowvig:1.8500; betonlineag:1.8500; bovada:1.8200,3-0,3.0,Sí
Gangwon FC vs Pohang Steelers,2025-02-23 02:30:00,Under 2.25,1.97,1.96,6.036710678803544e-07,4.0,0.0010983353760518,0.0009315281413612,1.0383524261826482e-05,4.0,0.0045555109217771,0.0039451881854764,pinnacle,4.0,0.01,0.0173,5.71,K League 1,Goles (Over/Under),2025-02-21,pinnacle:1.9700; lowvig:1.9700; betonlineag:1.9700; bovada:1.9300,3-0,3.0,No
Boca Juniors vs Aldosivi Mar del Plata,2025-02-22 17:30:00,Over 2.25,1.97,1.9567,5.721228787294621e-07,6.0,0.0010693959861284,0.000893052337996,1.887034464817876e-06,6.0,0.0019422622638867,0.0017398603330438,pinnacle,6.0,0.0133,0.0075,4.52,Liga Profesional,Goles (Over/Under),2025-02-21,pinnacle:1.9700; lowvig:1.9600; betonlineag:1.9600; betsson:1.9500; bovada:1.9500; betanysports:1.9500,2-1,3.0,Sí
Boca Juniors vs Aldosivi Mar del Plata,2025-02-22 17:30:00,Under 2.25,1.88,1.8667,5.721228787294621e-07,6.0,0.0010693959861284,0.000893052337996,2.287883209857008e-06,6.0,0.002133828063467,0.0019116026019817,pinnacle,6.0,0.0133,0.0075,4.47,Liga Profesional,Goles (Over/Under),2025-02-21,pinnacle:1.8800; bovada:1.8700; betanysports:1.8700; betsson:1.8600; lowvig:1.8600; betonlineag:1.8600,2-1,3.0,No
Kashiwa Reysol vs Kawasaki Frontale,2025-02-22 00:00:00,Over 2.75,2.02,2.008,2.1327594363358249e-07,5.0,0.0006524321505218,0.0006339604374548,1.7180230576793003e-06,5.0,0.0018536314800755,0.0015880991084182,pinnacle,5.0,0.012,0.0075,4.15,J1 League,Goles (Over/Under),2025-02-21,pinnacle:2.0200; betonlineag:2.0100; lowvig:2.0100; bovada:2.0000; betanysports:2.0000,1-1,2.0,No
Kashiwa Reysol vs Kawasaki Frontale,2025-02-22 00:00:00,Under 2.75,1.85,1.834,2.1327594363358249e-07,5.0,0.0006524321505218,0.0006339604374548,2.81324164780215e-06,5.0,0.0023630187564613,0.0018904150051691,pinnacle,5.0,0.016,0.008,4.05,J1 League,Goles (Over/Under),2025-02-21,pinnacle:1.8500; bovada:1.8300; betonlineag:1.8300; lowvig:1.8300; betanysports:1.8300,1-1,2.0,Sí
1. FC Saarbrücken vs Hannover 96,2025-02-22 10:30:00,Over 2.5,1.6,1.575,2.02349383136146e-07,4.0,0.0006256244059095,0.0004535396709776,4.258796215226256e-05,4.0,0.0088693035282444,0.0071536454052277,tipico_de,4.0,0.025,0.0218,7.34,3. Liga,Goles (Over/Under),2025-02-21,tipico_de:1.6000; betsson:1.5800; nordicbet:1.5800; unibet:1.5400,4-1,5.0,Sí
1. FC Saarbrücken vs Hannover 96,2025-02-22 10:30:00,Under 2.5,2.3,2.2725,2.02349383136146e-07,4.0,0.0006256244059094,0.0004535396709775,1.2948025779887054e-05,4.0,0.0050545236289776,0.0041644860836044,tipico_de,4.0,0.0275,0.0259,8.41,3. Liga,Goles (Over/Under),2025-02-21,tipico_de:2.3000; betsson:2.2800; nordicbet:2.2800; unibet:2.2300,4-1,5.0,No
