match_id,home_team,away_team,commence_time,sport_key,league_name,bookmaker,line,over_odds,under_odds,last_update,snapshot_date,market_key
23cedac9795663522a41176810e2d4ec,Wolverhampton Wanderers,Arsenal,2025-01-25T15:00:00Z,soccer_epl,Premier League,pinnacle,2.75,1.94,1.94,2025-01-24T11:54:32Z,2025-01-24,23cedac9795663522a41176810e2d4ec_2.75
23cedac9795663522a41176810e2d4ec,Wolverhampton Wanderers,Arsenal,2025-01-25T15:00:00Z,soccer_epl,Premier League,playup,2.5,1.7,2.12,2025-01-24T11:54:33Z,2025-01-24,23cedac9795663522a41176810e2d4ec_2.5
23cedac9795663522a41176810e2d4ec,Wolverhampton Wanderers,Arsenal,2025-01-25T15:00:00Z,soccer_epl,Premier League,onexbet,2.5,1.76,2.18,2025-01-24T11:54:32Z,2025-01-24,23cedac9795663522a41176810e2d4ec_2.5
23cedac9795663522a41176810e2d4ec,Wolverhampton Wanderers,Arsenal,2025-01-25T15:00:00Z,soccer_epl,Premier League,mybookieag,2.5,1.7,2.08,2025-01-24T11:54:31Z,2025-01-24,23cedac9795663522a41176810e2d4ec_2.5
23cedac9795663522a41176810e2d4ec,Wolverhampton Wanderers,Arsenal,2025-01-25T15:00:00Z,soccer_epl,Premier League,betsson,2.5,1.73,2.16,2025-01-24T11:54:33Z,2025-01-24,23cedac9795663522a41176810e2d4ec_2.5
23cedac9795663522a41176810e2d4ec,Wolverhampton Wanderers,Arsenal,2025-01-25T15:00:00Z,soccer_epl,Premier League,nordicbet,2.5,1.73,2.16,2025-01-24T11:54:33Z,2025-01-24,23cedac9795663522a41176810e2d4ec_2.5
23cedac9795663522a41176810e2d4ec,Wolverhampton Wanderers,Arsenal,2025-01-25T15:00:00Z,soccer_epl,Premier League,tipico_de,2.5,1.67,2.15,2025-01-24T11:54:34Z,2025-01-24,23cedac9795663522a41176810e2d4ec_2.5
23cedac9795663522a41176810e2d4ec,Wolverhampton Wanderers,Arsenal,2025-01-25T15:00:00Z,soccer_epl,Premier League,williamhill,2.5,1.73,2.15,2025-01-24T11:54:33Z,2025-01-24,23cedac9795663522a41176810e2d4ec_2.5
23cedac9795663522a41176810e2d4ec,Wolverhampton Wanderers,Arsenal,2025-01-25T15:00:00Z,soccer_epl,Premier League,unibet_eu,2.5,1.71,2.12,2025-01-24T11:54:33Z,2025-01-24,23cedac9795663522a41176810e2d4ec_2.5
23cedac9795663522a41176810e2d4ec,Wolverhampton Wanderers,Arsenal,2025-01-25T15:00:00Z,soccer_epl,Premier League,betrivers,2.5,1.71,2.12,2025-01-24T11:54:32Z,2025-01-24,23cedac9795663522a41176810e2d4ec_2.5
23cedac9795663522a41176810e2d4ec,Wolverhampton Wanderers,Arsenal,2025-01-25T15:00:00Z,soccer_epl,Premier League,bovada,2.75,1.91,1.91,2025-01-24T11:54:31Z,2025-01-24,23cedac9795663522a41176810e2d4ec_2.75
23cedac9795663522a41176810e2d4ec,Wolverhampton Wanderers,Arsenal,2025-01-25T15:00:00Z,soccer_epl,Premier League,matchbook,2.5,1.78,2.24,2025-01-24T11:54:31Z,2025-01-24,23cedac9795663522a41176810e2d4ec_2.5
23cedac9795663522a41176810e2d4ec,Wolverhampton Wanderers,Arsenal,2025-01-25T15:00:00Z,soccer_epl,Premier League,betus,2.5,1.77,2.1,2025-01-24T11:54:33Z,2025-01-24,23cedac9795663522a41176810e2d4ec_2.5
23cedac9795663522a41176810e2d4ec,Wolverhampton Wanderers,Arsenal,2025-01-25T15:00:00Z,soccer_epl,Premier League,betonlineag,2.75,1.95,1.9,2025-01-24T11:54:32Z,2025-01-24,23cedac9795663522a41176810e2d4ec_2.75
23cedac9795663522a41176810e2d4ec,Wolverhampton Wanderers,Arsenal,2025-01-25T15:00:00Z,soccer_epl,Premier League,lowvig,2.75,1.95,1.9,2025-01-24T11:54:32Z,2025-01-24,23cedac9795663522a41176810e2d4ec_2.75
9e015a54f0efb37f5da4fd7361950469,Bournemouth,Nottingham Forest,2025-01-25T15:00:00Z,soccer_epl,Premier League,pinnacle,2.75,2.06,1.84,2025-01-24T11:54:32Z,2025-01-24,9e015a54f0efb37f5da4fd7361950469_2.75
9e015a54f0efb37f5da4fd7361950469,Bournemouth,Nottingham Forest,2025-01-25T15:00:00Z,soccer_epl,Premier League,playup,2.5,1.8,1.98,2025-01-24T11:54:33Z,2025-01-24,9e015a54f0efb37f5da4fd7361950469_2.5
9e015a54f0efb37f5da4fd7361950469,Bournemouth,Nottingham Forest,2025-01-25T15:00:00Z,soccer_epl,Premier League,onexbet,2.5,1.84,2.07,2025-01-24T11:54:32Z,2025-01-24,9e015a54f0efb37f5da4fd7361950469_2.5
9e015a54f0efb37f5da4fd7361950469,Bournemouth,Nottingham Forest,2025-01-25T15:00:00Z,soccer_epl,Premier League,mybookieag,2.5,1.78,1.96,2025-01-24T11:54:31Z,2025-01-24,9e015a54f0efb37f5da4fd7361950469_2.5
9e015a54f0efb37f5da4fd7361950469,Bournemouth,Nottingham Forest,2025-01-25T15:00:00Z,soccer_epl,Premier League,nordicbet,2.5,1.84,2.02,2025-01-24T11:54:33Z,2025-01-24,9e015a54f0efb37f5da4fd7361950469_2.5
9e015a54f0efb37f5da4fd7361950469,Bournemouth,Nottingham Forest,2025-01-25T15:00:00Z,soccer_epl,Premier League,betsson,2.5,1.84,2.02,2025-01-24T11:54:33Z,2025-01-24,9e015a54f0efb37f5da4fd7361950469_2.5
9e015a54f0efb37f5da4fd7361950469,Bournemouth,Nottingham Forest,2025-01-25T15:00:00Z,soccer_epl,Premier League,tipico_de,2.5,1.77,2.0,2025-01-24T11:54:34Z,2025-01-24,9e015a54f0efb37f5da4fd7361950469_2.5
9e015a54f0efb37f5da4fd7361950469,Bournemouth,Nottingham Forest,2025-01-25T15:00:00Z,soccer_epl,Premier League,williamhill,2.5,1.85,2.0,2025-01-24T11:54:33Z,2025-01-24,9e015a54f0efb37f5da4fd7361950469_2.5
9e015a54f0efb37f5da4fd7361950469,Bournemouth,Nottingham Forest,2025-01-25T15:00:00Z,soccer_epl,Premier League,betrivers,2.5,1.76,2.06,2025-01-24T11:54:32Z,2025-01-24,9e015a54f0efb37f5da4fd7361950469_2.5
9e015a54f0efb37f5da4fd7361950469,Bournemouth,Nottingham Forest,2025-01-25T15:00:00Z,soccer_epl,Premier League,unibet_eu,2.5,1.76,2.06,2025-01-24T11:54:33Z,2025-01-24,9e015a54f0efb37f5da4fd7361950469_2.5
9e015a54f0efb37f5da4fd7361950469,Bournemouth,Nottingham Forest,2025-01-25T15:00:00Z,soccer_epl,Premier League,bovada,2.5,1.82,2.02,2025-01-24T11:54:31Z,2025-01-24,9e015a54f0efb37f5da4fd7361950469_2.5
9e015a54f0efb37f5da4fd7361950469,Bournemouth,Nottingham Forest,2025-01-25T15:00:00Z,soccer_epl,Premier League,betus,2.5,1.8,2.05,2025-01-24T11:54:33Z,2025-01-24,9e015a54f0efb37f5da4fd7361950469_2.5
9e015a54f0efb37f5da4fd7361950469,Bournemouth,Nottingham Forest,2025-01-25T15:00:00Z,soccer_epl,Premier League,betonlineag,2.75,2.04,1.83,2025-01-24T11:54:32Z,2025-01-24,9e015a54f0efb37f5da4fd7361950469_2.75
9e015a54f0efb37f5da4fd7361950469,Bournemouth,Nottingham Forest,2025-01-25T15:00:00Z,soccer_epl,Premier League,lowvig,2.75,2.04,1.83,2025-01-24T11:54:32Z,2025-01-24,9e015a54f0efb37f5da4fd7361950469_2.75
3a26e7b441c68f7c9a91d864fdbc19a6,Brighton and Hove Albion,Everton,2025-01-25T15:00:00Z,soccer_epl,Premier League,pinnacle,2.5,1.95,1.93,2025-01-24T11:54:32Z,2025-01-24,3a26e7b441c68f7c9a91d864fdbc19a6_2.5
3a26e7b441c68f7c9a91d864fdbc19a6,Brighton and Hove Albion,Everton,2025-01-25T15:00:00Z,soccer_epl,Premier League,playup,2.5,1.88,1.88,2025-01-24T11:54:33Z,2025-01-24,3a26e7b441c68f7c9a91d864fdbc19a6_2.5
3a26e7b441c68f7c9a91d864fdbc19a6,Brighton and Hove Albion,Everton,2025-01-25T15:00:00Z,soccer_epl,Premier League,onexbet,2.5,1.96,1.94,2025-01-24T11:54:32Z,2025-01-24,3a26e7b441c68f7c9a91d864fdbc19a6_2.5
3a26e7b441c68f7c9a91d864fdbc19a6,Brighton and Hove Albion,Everton,2025-01-25T15:00:00Z,soccer_epl,Premier League,betmgm,2.5,1.83,1.87,2025-01-24T11:54:33Z,2025-01-24,3a26e7b441c68f7c9a91d864fdbc19a6_2.5
3a26e7b441c68f7c9a91d864fdbc19a6,Brighton and Hove Albion,Everton,2025-01-25T15:00:00Z,soccer_epl,Premier League,mybookieag,2.5,1.86,1.88,2025-01-24T11:54:31Z,2025-01-24,3a26e7b441c68f7c9a91d864fdbc19a6_2.5
3a26e7b441c68f7c9a91d864fdbc19a6,Brighton and Hove Albion,Everton,2025-01-25T15:00:00Z,soccer_epl,Premier League,nordicbet,2.5,1.92,1.93,2025-01-24T11:54:33Z,2025-01-24,3a26e7b441c68f7c9a91d864fdbc19a6_2.5
3a26e7b441c68f7c9a91d864fdbc19a6,Brighton and Hove Albion,Everton,2025-01-25T15:00:00Z,soccer_epl,Premier League,betsson,2.5,1.92,1.93,2025-01-24T11:54:33Z,2025-01-24,3a26e7b441c68f7c9a91d864fdbc19a6_2.5
3a26e7b441c68f7c9a91d864fdbc19a6,Brighton and Hove Albion,Everton,2025-01-25T15:00:00Z,soccer_epl,Premier League,tipico_de,2.5,1.85,1.9,2025-01-24T11:54:34Z,2025-01-24,3a26e7b441c68f7c9a91d864fdbc19a6_2.5
3a26e7b441c68f7c9a91d864fdbc19a6,Brighton and Hove Albion,Everton,2025-01-25T15:00:00Z,soccer_epl,Premier League,williamhill,2.5,1.85,1.95,2025-01-24T11:54:33Z,2025-01-24,3a26e7b441c68f7c9a91d864fdbc19a6_2.5
3a26e7b441c68f7c9a91d864fdbc19a6,Brighton and Hove Albion,Everton,2025-01-25T15:00:00Z,soccer_epl,Premier League,unibet_eu,2.5,1.88,1.92,2025-01-24T11:54:33Z,2025-01-24,3a26e7b441c68f7c9a91d864fdbc19a6_2.5
3a26e7b441c68f7c9a91d864fdbc19a6,Brighton and Hove Albion,Everton,2025-01-25T15:00:00Z,soccer_epl,Premier League,betrivers,2.5,1.88,1.92,2025-01-24T11:54:32Z,2025-01-24,3a26e7b441c68f7c9a91d864fdbc19a6_2.5
3a26e7b441c68f7c9a91d864fdbc19a6,Brighton and Hove Albion,Everton,2025-01-25T15:00:00Z,soccer_epl,Premier League,bovada,2.5,1.91,1.91,2025-01-24T11:54:31Z,2025-01-24,3a26e7b441c68f7c9a91d864fdbc19a6_2.5
3a26e7b441c68f7c9a91d864fdbc19a6,Brighton and Hove Albion,Everton,2025-01-25T15:00:00Z,soccer_epl,Premier League,matchbook,2.5,1.96,2.0,2025-01-24T11:54:31Z,2025-01-24,3a26e7b441c68f7c9a91d864fdbc19a6_2.5
3a26e7b441c68f7c9a91d864fdbc19a6,Brighton and Hove Albion,Everton,2025-01-25T15:00:00Z,soccer_epl,Premier League,betus,2.5,1.95,1.87,2025-01-24T11:54:33Z,2025-01-24,3a26e7b441c68f7c9a91d864fdbc19a6_2.5
3a26e7b441c68f7c9a91d864fdbc19a6,Brighton and Hove Albion,Everton,2025-01-25T15:00:00Z,soccer_epl,Premier League,lowvig,2.5,1.93,1.92,2025-01-24T11:54:32Z,2025-01-24,3a26e7b441c68f7c9a91d864fdbc19a6_2.5
3a26e7b441c68f7c9a91d864fdbc19a6,Brighton and Hove Albion,Everton,2025-01-25T15:00:00Z,soccer_epl,Premier League,betonlineag,2.5,1.93,1.92,2025-01-24T11:54:32Z,2025-01-24,3a26e7b441c68f7c9a91d864fdbc19a6_2.5
a16896dc2a02c17db1b9a5522db8be06,Liverpool,Ipswich Town,2025-01-25T15:00:00Z,soccer_epl,Premier League,pinnacle,3.75,1.88,1.99,2025-01-24T11:54:32Z,2025-01-24,a16896dc2a02c17db1b9a5522db8be06_3.75
a16896dc2a02c17db1b9a5522db8be06,Liverpool,Ipswich Town,2025-01-25T15:00:00Z,soccer_epl,Premier League,playup,3.5,1.68,2.15,2025-01-24T11:54:33Z,2025-01-24,a16896dc2a02c17db1b9a5522db8be06_3.5
a16896dc2a02c17db1b9a5522db8be06,Liverpool,Ipswich Town,2025-01-25T15:00:00Z,soccer_epl,Premier League,betmgm,3.5,1.62,2.15,2025-01-24T11:54:33Z,2025-01-24,a16896dc2a02c17db1b9a5522db8be06_3.5
a16896dc2a02c17db1b9a5522db8be06,Liverpool,Ipswich Town,2025-01-25T15:00:00Z,soccer_epl,Premier League,onexbet,3.5,1.74,2.23,2025-01-24T11:54:32Z,2025-01-24,a16896dc2a02c17db1b9a5522db8be06_3.5
a16896dc2a02c17db1b9a5522db8be06,Liverpool,Ipswich Town,2025-01-25T15:00:00Z,soccer_epl,Premier League,mybookieag,3.5,1.65,2.15,2025-01-24T11:54:31Z,2025-01-24,a16896dc2a02c17db1b9a5522db8be06_3.5
a16896dc2a02c17db1b9a5522db8be06,Liverpool,Ipswich Town,2025-01-25T15:00:00Z,soccer_epl,Premier League,nordicbet,3.5,1.7,2.21,2025-01-24T11:54:33Z,2025-01-24,a16896dc2a02c17db1b9a5522db8be06_3.5
a16896dc2a02c17db1b9a5522db8be06,Liverpool,Ipswich Town,2025-01-25T15:00:00Z,soccer_epl,Premier League,tipico_de,3.5,1.57,2.3,2025-01-24T11:54:34Z,2025-01-24,a16896dc2a02c17db1b9a5522db8be06_3.5
a16896dc2a02c17db1b9a5522db8be06,Liverpool,Ipswich Town,2025-01-25T15:00:00Z,soccer_epl,Premier League,williamhill,2.5,1.25,4.0,2025-01-24T11:54:33Z,2025-01-24,a16896dc2a02c17db1b9a5522db8be06_2.5
a16896dc2a02c17db1b9a5522db8be06,Liverpool,Ipswich Town,2025-01-25T15:00:00Z,soccer_epl,Premier League,unibet_eu,3.5,1.65,2.23,2025-01-24T11:54:33Z,2025-01-24,a16896dc2a02c17db1b9a5522db8be06_3.5
a16896dc2a02c17db1b9a5522db8be06,Liverpool,Ipswich Town,2025-01-25T15:00:00Z,soccer_epl,Premier League,betrivers,3.5,1.65,2.23,2025-01-24T11:54:32Z,2025-01-24,a16896dc2a02c17db1b9a5522db8be06_3.5
a16896dc2a02c17db1b9a5522db8be06,Liverpool,Ipswich Town,2025-01-25T15:00:00Z,soccer_epl,Premier League,bovada,3.75,1.83,2.0,2025-01-24T11:54:31Z,2025-01-24,a16896dc2a02c17db1b9a5522db8be06_3.75
a16896dc2a02c17db1b9a5522db8be06,Liverpool,Ipswich Town,2025-01-25T15:00:00Z,soccer_epl,Premier League,betus,4.0,2.0,1.83,2025-01-24T11:54:33Z,2025-01-24,a16896dc2a02c17db1b9a5522db8be06_4.0
a16896dc2a02c17db1b9a5522db8be06,Liverpool,Ipswich Town,2025-01-25T15:00:00Z,soccer_epl,Premier League,lowvig,3.75,1.86,2.0,2025-01-24T11:54:32Z,2025-01-24,a16896dc2a02c17db1b9a5522db8be06_3.75
a16896dc2a02c17db1b9a5522db8be06,Liverpool,Ipswich Town,2025-01-25T15:00:00Z,soccer_epl,Premier League,betonlineag,3.75,1.86,2.0,2025-01-24T11:54:32Z,2025-01-24,a16896dc2a02c17db1b9a5522db8be06_3.75
a75d1da1f56a656558396b767530fe9a,Southampton,Newcastle United,2025-01-25T15:00:00Z,soccer_epl,Premier League,pinnacle,3.25,1.94,1.94,2025-01-24T11:54:32Z,2025-01-24,a75d1da1f56a656558396b767530fe9a_3.25
a75d1da1f56a656558396b767530fe9a,Southampton,Newcastle United,2025-01-25T15:00:00Z,soccer_epl,Premier League,playup,3.5,2.12,1.7,2025-01-24T11:54:33Z,2025-01-24,a75d1da1f56a656558396b767530fe9a_3.5
a75d1da1f56a656558396b767530fe9a,Southampton,Newcastle United,2025-01-25T15:00:00Z,soccer_epl,Premier League,onexbet,3.5,2.16,1.77,2025-01-24T11:54:32Z,2025-01-24,a75d1da1f56a656558396b767530fe9a_3.5
a75d1da1f56a656558396b767530fe9a,Southampton,Newcastle United,2025-01-25T15:00:00Z,soccer_epl,Premier League,mybookieag,3.5,2.08,1.69,2025-01-24T11:54:31Z,2025-01-24,a75d1da1f56a656558396b767530fe9a_3.5
a75d1da1f56a656558396b767530fe9a,Southampton,Newcastle United,2025-01-25T15:00:00Z,soccer_epl,Premier League,nordicbet,3.5,2.16,1.73,2025-01-24T11:54:33Z,2025-01-24,a75d1da1f56a656558396b767530fe9a_3.5
a75d1da1f56a656558396b767530fe9a,Southampton,Newcastle United,2025-01-25T15:00:00Z,soccer_epl,Premier League,tipico_de,3.5,2.0,1.75,2025-01-24T11:54:34Z,2025-01-24,a75d1da1f56a656558396b767530fe9a_3.5
a75d1da1f56a656558396b767530fe9a,Southampton,Newcastle United,2025-01-25T15:00:00Z,soccer_epl,Premier League,williamhill,2.5,1.5,2.7,2025-01-24T11:54:33Z,2025-01-24,a75d1da1f56a656558396b767530fe9a_2.5
a75d1da1f56a656558396b767530fe9a,Southampton,Newcastle United,2025-01-25T15:00:00Z,soccer_epl,Premier League,betrivers,3.5,2.05,1.77,2025-01-24T11:54:32Z,2025-01-24,a75d1da1f56a656558396b767530fe9a_3.5
a75d1da1f56a656558396b767530fe9a,Southampton,Newcastle United,2025-01-25T15:00:00Z,soccer_epl,Premier League,unibet_eu,3.5,2.05,1.77,2025-01-24T11:54:33Z,2025-01-24,a75d1da1f56a656558396b767530fe9a_3.5
a75d1da1f56a656558396b767530fe9a,Southampton,Newcastle United,2025-01-25T15:00:00Z,soccer_epl,Premier League,bovada,3.25,1.91,1.91,2025-01-24T11:54:31Z,2025-01-24,a75d1da1f56a656558396b767530fe9a_3.25
a75d1da1f56a656558396b767530fe9a,Southampton,Newcastle United,2025-01-25T15:00:00Z,soccer_epl,Premier League,matchbook,3.5,2.22,1.79,2025-01-24T11:54:31Z,2025-01-24,a75d1da1f56a656558396b767530fe9a_3.5
a75d1da1f56a656558396b767530fe9a,Southampton,Newcastle United,2025-01-25T15:00:00Z,soccer_epl,Premier League,betus,3.5,2.15,1.74,2025-01-24T11:54:33Z,2025-01-24,a75d1da1f56a656558396b767530fe9a_3.5
a75d1da1f56a656558396b767530fe9a,Southampton,Newcastle United,2025-01-25T15:00:00Z,soccer_epl,Premier League,lowvig,3.25,1.93,1.92,2025-01-24T11:54:32Z,2025-01-24,a75d1da1f56a656558396b767530fe9a_3.25
a75d1da1f56a656558396b767530fe9a,Southampton,Newcastle United,2025-01-25T15:00:00Z,soccer_epl,Premier League,betonlineag,3.25,1.93,1.92,2025-01-24T11:54:32Z,2025-01-24,a75d1da1f56a656558396b767530fe9a_3.25
e8c3ab310b4662b0a11609c6668abc13,Manchester City,Chelsea,2025-01-25T17:30:00Z,soccer_epl,Premier League,onexbet,3.5,2.08,1.83,2025-01-24T11:54:32Z,2025-01-24,e8c3ab310b4662b0a11609c6668abc13_3.5
e8c3ab310b4662b0a11609c6668abc13,Manchester City,Chelsea,2025-01-25T17:30:00Z,soccer_epl,Premier League,playup,3.5,2.05,1.75,2025-01-24T11:54:33Z,2025-01-24,e8c3ab310b4662b0a11609c6668abc13_3.5
e8c3ab310b4662b0a11609c6668abc13,Manchester City,Chelsea,2025-01-25T17:30:00Z,soccer_epl,Premier League,pinnacle,3.25,1.85,2.04,2025-01-24T11:54:32Z,2025-01-24,e8c3ab310b4662b0a11609c6668abc13_3.25
e8c3ab310b4662b0a11609c6668abc13,Manchester City,Chelsea,2025-01-25T17:30:00Z,soccer_epl,Premier League,mybookieag,3.5,1.99,1.76,2025-01-24T11:54:31Z,2025-01-24,e8c3ab310b4662b0a11609c6668abc13_3.5
e8c3ab310b4662b0a11609c6668abc13,Manchester City,Chelsea,2025-01-25T17:30:00Z,soccer_epl,Premier League,nordicbet,3.5,2.09,1.78,2025-01-24T11:54:33Z,2025-01-24,e8c3ab310b4662b0a11609c6668abc13_3.5
e8c3ab310b4662b0a11609c6668abc13,Manchester City,Chelsea,2025-01-25T17:30:00Z,soccer_epl,Premier League,tipico_de,3.5,1.9,1.83,2025-01-24T11:54:34Z,2025-01-24,e8c3ab310b4662b0a11609c6668abc13_3.5
e8c3ab310b4662b0a11609c6668abc13,Manchester City,Chelsea,2025-01-25T17:30:00Z,soccer_epl,Premier League,williamhill,2.5,1.44,2.9,2025-01-24T11:54:33Z,2025-01-24,e8c3ab310b4662b0a11609c6668abc13_2.5
e8c3ab310b4662b0a11609c6668abc13,Manchester City,Chelsea,2025-01-25T17:30:00Z,soccer_epl,Premier League,betrivers,3.5,2.06,1.77,2025-01-24T11:54:32Z,2025-01-24,e8c3ab310b4662b0a11609c6668abc13_3.5
e8c3ab310b4662b0a11609c6668abc13,Manchester City,Chelsea,2025-01-25T17:30:00Z,soccer_epl,Premier League,unibet_eu,3.5,2.06,1.77,2025-01-24T11:54:33Z,2025-01-24,e8c3ab310b4662b0a11609c6668abc13_3.5
e8c3ab310b4662b0a11609c6668abc13,Manchester City,Chelsea,2025-01-25T17:30:00Z,soccer_epl,Premier League,bovada,3.25,1.83,2.0,2025-01-24T11:54:31Z,2025-01-24,e8c3ab310b4662b0a11609c6668abc13_3.25
e8c3ab310b4662b0a11609c6668abc13,Manchester City,Chelsea,2025-01-25T17:30:00Z,soccer_epl,Premier League,betus,3.5,2.05,1.8,2025-01-24T11:54:33Z,2025-01-24,e8c3ab310b4662b0a11609c6668abc13_3.5
e8c3ab310b4662b0a11609c6668abc13,Manchester City,Chelsea,2025-01-25T17:30:00Z,soccer_epl,Premier League,matchbook,3.5,2.08,1.9,2025-01-24T11:54:31Z,2025-01-24,e8c3ab310b4662b0a11609c6668abc13_3.5
e8c3ab310b4662b0a11609c6668abc13,Manchester City,Chelsea,2025-01-25T17:30:00Z,soccer_epl,Premier League,lowvig,3.25,1.86,2.0,2025-01-24T11:54:32Z,2025-01-24,e8c3ab310b4662b0a11609c6668abc13_3.25
e8c3ab310b4662b0a11609c6668abc13,Manchester City,Chelsea,2025-01-25T17:30:00Z,soccer_epl,Premier League,betonlineag,3.25,1.86,2.0,2025-01-24T11:54:32Z,2025-01-24,e8c3ab310b4662b0a11609c6668abc13_3.25
4225e36feac51605c46db8f11655bca9,Crystal Palace,Brentford,2025-01-26T14:00:00Z,soccer_epl,Premier League,pinnacle,2.75,1.92,1.97,2025-01-24T11:54:32Z,2025-01-24,4225e36feac51605c46db8f11655bca9_2.75
4225e36feac51605c46db8f11655bca9,Crystal Palace,Brentford,2025-01-26T14:00:00Z,soccer_epl,Premier League,playup,2.5,1.68,2.15,2025-01-24T11:54:33Z,2025-01-24,4225e36feac51605c46db8f11655bca9_2.5
4225e36feac51605c46db8f11655bca9,Crystal Palace,Brentford,2025-01-26T14:00:00Z,soccer_epl,Premier League,onexbet,2.5,1.76,2.18,2025-01-24T11:54:32Z,2025-01-24,4225e36feac51605c46db8f11655bca9_2.5
4225e36feac51605c46db8f11655bca9,Crystal Palace,Brentford,2025-01-26T14:00:00Z,soccer_epl,Premier League,mybookieag,2.5,1.71,2.06,2025-01-24T11:54:31Z,2025-01-24,4225e36feac51605c46db8f11655bca9_2.5
4225e36feac51605c46db8f11655bca9,Crystal Palace,Brentford,2025-01-26T14:00:00Z,soccer_epl,Premier League,betsson,2.5,1.72,2.18,2025-01-24T11:54:33Z,2025-01-24,4225e36feac51605c46db8f11655bca9_2.5
4225e36feac51605c46db8f11655bca9,Crystal Palace,Brentford,2025-01-26T14:00:00Z,soccer_epl,Premier League,nordicbet,2.5,1.72,2.18,2025-01-24T11:54:33Z,2025-01-24,4225e36feac51605c46db8f11655bca9_2.5
4225e36feac51605c46db8f11655bca9,Crystal Palace,Brentford,2025-01-26T14:00:00Z,soccer_epl,Premier League,tipico_de,2.5,1.7,2.1,2025-01-24T11:54:34Z,2025-01-24,4225e36feac51605c46db8f11655bca9_2.5
4225e36feac51605c46db8f11655bca9,Crystal Palace,Brentford,2025-01-26T14:00:00Z,soccer_epl,Premier League,williamhill,2.5,1.75,2.1,2025-01-24T11:54:33Z,2025-01-24,4225e36feac51605c46db8f11655bca9_2.5
4225e36feac51605c46db8f11655bca9,Crystal Palace,Brentford,2025-01-26T14:00:00Z,soccer_epl,Premier League,betrivers,2.5,1.76,2.06,2025-01-24T11:54:32Z,2025-01-24,4225e36feac51605c46db8f11655bca9_2.5
4225e36feac51605c46db8f11655bca9,Crystal Palace,Brentford,2025-01-26T14:00:00Z,soccer_epl,Premier League,unibet_eu,2.5,1.76,2.06,2025-01-24T11:54:33Z,2025-01-24,4225e36feac51605c46db8f11655bca9_2.5
4225e36feac51605c46db8f11655bca9,Crystal Palace,Brentford,2025-01-26T14:00:00Z,soccer_epl,Premier League,bovada,2.75,1.93,1.89,2025-01-24T11:54:31Z,2025-01-24,4225e36feac51605c46db8f11655bca9_2.75
4225e36feac51605c46db8f11655bca9,Crystal Palace,Brentford,2025-01-26T14:00:00Z,soccer_epl,Premier League,betus,2.5,1.74,2.15,2025-01-24T11:54:33Z,2025-01-24,4225e36feac51605c46db8f11655bca9_2.5
4225e36feac51605c46db8f11655bca9,Crystal Palace,Brentford,2025-01-26T14:00:00Z,soccer_epl,Premier League,betonlineag,2.75,1.92,1.93,2025-01-24T11:54:32Z,2025-01-24,4225e36feac51605c46db8f11655bca9_2.75
4225e36feac51605c46db8f11655bca9,Crystal Palace,Brentford,2025-01-26T14:00:00Z,soccer_epl,Premier League,lowvig,2.75,1.92,1.93,2025-01-24T11:54:32Z,2025-01-24,4225e36feac51605c46db8f11655bca9_2.75
4225e36feac51605c46db8f11655bca9,Crystal Palace,Brentford,2025-01-26T14:00:00Z,soccer_epl,Premier League,matchbook,2.5,1.79,2.22,2025-01-24T11:54:31Z,2025-01-24,4225e36feac51605c46db8f11655bca9_2.5
496f55d9e7203f09286b799897ab88b8,Tottenham Hotspur,Leicester City,2025-01-26T14:00:00Z,soccer_epl,Premier League,pinnacle,3.5,1.92,1.97,2025-01-24T11:54:32Z,2025-01-24,496f55d9e7203f09286b799897ab88b8_3.5
496f55d9e7203f09286b799897ab88b8,Tottenham Hotspur,Leicester City,2025-01-26T14:00:00Z,soccer_epl,Premier League,playup,3.5,1.87,1.9,2025-01-24T11:54:33Z,2025-01-24,496f55d9e7203f09286b799897ab88b8_3.5
496f55d9e7203f09286b799897ab88b8,Tottenham Hotspur,Leicester City,2025-01-26T14:00:00Z,soccer_epl,Premier League,onexbet,3.5,1.92,1.99,2025-01-24T11:54:32Z,2025-01-24,496f55d9e7203f09286b799897ab88b8_3.5
496f55d9e7203f09286b799897ab88b8,Tottenham Hotspur,Leicester City,2025-01-26T14:00:00Z,soccer_epl,Premier League,mybookieag,3.5,1.84,1.9,2025-01-24T11:54:31Z,2025-01-24,496f55d9e7203f09286b799897ab88b8_3.5
496f55d9e7203f09286b799897ab88b8,Tottenham Hotspur,Leicester City,2025-01-26T14:00:00Z,soccer_epl,Premier League,betmgm,3.5,1.77,1.91,2025-01-24T11:54:33Z,2025-01-24,496f55d9e7203f09286b799897ab88b8_3.5
496f55d9e7203f09286b799897ab88b8,Tottenham Hotspur,Leicester City,2025-01-26T14:00:00Z,soccer_epl,Premier League,nordicbet,3.5,1.91,1.94,2025-01-24T11:54:33Z,2025-01-24,496f55d9e7203f09286b799897ab88b8_3.5
496f55d9e7203f09286b799897ab88b8,Tottenham Hotspur,Leicester City,2025-01-26T14:00:00Z,soccer_epl,Premier League,tipico_de,3.5,1.75,1.97,2025-01-24T11:54:34Z,2025-01-24,496f55d9e7203f09286b799897ab88b8_3.5
496f55d9e7203f09286b799897ab88b8,Tottenham Hotspur,Leicester City,2025-01-26T14:00:00Z,soccer_epl,Premier League,williamhill,2.5,1.33,3.5,2025-01-24T11:54:33Z,2025-01-24,496f55d9e7203f09286b799897ab88b8_2.5
496f55d9e7203f09286b799897ab88b8,Tottenham Hotspur,Leicester City,2025-01-26T14:00:00Z,soccer_epl,Premier League,betrivers,3.5,1.82,1.97,2025-01-24T11:54:32Z,2025-01-24,496f55d9e7203f09286b799897ab88b8_3.5
496f55d9e7203f09286b799897ab88b8,Tottenham Hotspur,Leicester City,2025-01-26T14:00:00Z,soccer_epl,Premier League,unibet_eu,3.5,1.82,1.97,2025-01-24T11:54:33Z,2025-01-24,496f55d9e7203f09286b799897ab88b8_3.5
496f55d9e7203f09286b799897ab88b8,Tottenham Hotspur,Leicester City,2025-01-26T14:00:00Z,soccer_epl,Premier League,bovada,3.5,1.89,1.93,2025-01-24T11:54:31Z,2025-01-24,496f55d9e7203f09286b799897ab88b8_3.5
496f55d9e7203f09286b799897ab88b8,Tottenham Hotspur,Leicester City,2025-01-26T14:00:00Z,soccer_epl,Premier League,betus,3.5,1.83,2.0,2025-01-24T11:54:33Z,2025-01-24,496f55d9e7203f09286b799897ab88b8_3.5
496f55d9e7203f09286b799897ab88b8,Tottenham Hotspur,Leicester City,2025-01-26T14:00:00Z,soccer_epl,Premier League,matchbook,3.5,1.93,2.02,2025-01-24T11:54:31Z,2025-01-24,496f55d9e7203f09286b799897ab88b8_3.5
496f55d9e7203f09286b799897ab88b8,Tottenham Hotspur,Leicester City,2025-01-26T14:00:00Z,soccer_epl,Premier League,betonlineag,3.5,1.89,1.96,2025-01-24T11:54:32Z,2025-01-24,496f55d9e7203f09286b799897ab88b8_3.5
496f55d9e7203f09286b799897ab88b8,Tottenham Hotspur,Leicester City,2025-01-26T14:00:00Z,soccer_epl,Premier League,lowvig,3.5,1.89,1.96,2025-01-24T11:54:32Z,2025-01-24,496f55d9e7203f09286b799897ab88b8_3.5
650936253170acb0f106095ec5f483de,Las Palmas,CA Osasuna,2025-01-24T20:00:00Z,soccer_spain_la_liga,La Liga,onexbet,2.5,2.27,1.74,2025-01-24T11:55:07Z,2025-01-24,650936253170acb0f106095ec5f483de_2.5
650936253170acb0f106095ec5f483de,Las Palmas,CA Osasuna,2025-01-24T20:00:00Z,soccer_spain_la_liga,La Liga,bovada,2.25,1.93,1.89,2025-01-24T11:55:07Z,2025-01-24,650936253170acb0f106095ec5f483de_2.25
650936253170acb0f106095ec5f483de,Las Palmas,CA Osasuna,2025-01-24T20:00:00Z,soccer_spain_la_liga,La Liga,tipico_de,2.5,2.15,1.67,2025-01-24T11:55:09Z,2025-01-24,650936253170acb0f106095ec5f483de_2.5
650936253170acb0f106095ec5f483de,Las Palmas,CA Osasuna,2025-01-24T20:00:00Z,soccer_spain_la_liga,La Liga,betmgm,2.5,2.1,1.67,2025-01-24T11:55:08Z,2025-01-24,650936253170acb0f106095ec5f483de_2.5
650936253170acb0f106095ec5f483de,Las Palmas,CA Osasuna,2025-01-24T20:00:00Z,soccer_spain_la_liga,La Liga,pinnacle,2.25,1.96,1.94,2025-01-24T11:55:07Z,2025-01-24,650936253170acb0f106095ec5f483de_2.25
650936253170acb0f106095ec5f483de,Las Palmas,CA Osasuna,2025-01-24T20:00:00Z,soccer_spain_la_liga,La Liga,williamhill,2.5,2.15,1.7,2025-01-24T11:55:08Z,2025-01-24,650936253170acb0f106095ec5f483de_2.5
650936253170acb0f106095ec5f483de,Las Palmas,CA Osasuna,2025-01-24T20:00:00Z,soccer_spain_la_liga,La Liga,nordicbet,2.5,2.15,1.7,2025-01-24T11:55:08Z,2025-01-24,650936253170acb0f106095ec5f483de_2.5
650936253170acb0f106095ec5f483de,Las Palmas,CA Osasuna,2025-01-24T20:00:00Z,soccer_spain_la_liga,La Liga,betsson,2.5,2.15,1.7,2025-01-24T11:55:11Z,2025-01-24,650936253170acb0f106095ec5f483de_2.5
650936253170acb0f106095ec5f483de,Las Palmas,CA Osasuna,2025-01-24T20:00:00Z,soccer_spain_la_liga,La Liga,betrivers,2.5,2.25,1.62,2025-01-24T11:55:08Z,2025-01-24,650936253170acb0f106095ec5f483de_2.5
650936253170acb0f106095ec5f483de,Las Palmas,CA Osasuna,2025-01-24T20:00:00Z,soccer_spain_la_liga,La Liga,unibet_eu,2.5,2.25,1.62,2025-01-24T11:55:08Z,2025-01-24,650936253170acb0f106095ec5f483de_2.5
650936253170acb0f106095ec5f483de,Las Palmas,CA Osasuna,2025-01-24T20:00:00Z,soccer_spain_la_liga,La Liga,unibet,2.5,2.25,1.62,2025-01-24T11:55:08Z,2025-01-24,650936253170acb0f106095ec5f483de_2.5
650936253170acb0f106095ec5f483de,Las Palmas,CA Osasuna,2025-01-24T20:00:00Z,soccer_spain_la_liga,La Liga,betus,2.5,2.21,1.71,2025-01-24T11:55:08Z,2025-01-24,650936253170acb0f106095ec5f483de_2.5
650936253170acb0f106095ec5f483de,Las Palmas,CA Osasuna,2025-01-24T20:00:00Z,soccer_spain_la_liga,La Liga,matchbook,2.5,2.28,1.76,2025-01-24T11:55:07Z,2025-01-24,650936253170acb0f106095ec5f483de_2.5
650936253170acb0f106095ec5f483de,Las Palmas,CA Osasuna,2025-01-24T20:00:00Z,soccer_spain_la_liga,La Liga,lowvig,2.25,1.92,1.9,2025-01-24T11:55:07Z,2025-01-24,650936253170acb0f106095ec5f483de_2.25
650936253170acb0f106095ec5f483de,Las Palmas,CA Osasuna,2025-01-24T20:00:00Z,soccer_spain_la_liga,La Liga,betonlineag,2.25,1.92,1.9,2025-01-24T11:53:55Z,2025-01-24,650936253170acb0f106095ec5f483de_2.25
9bfad573ba09cc32ed1253d4c14327b3,Mallorca,Real Betis,2025-01-25T13:00:00Z,soccer_spain_la_liga,La Liga,onexbet,2.5,2.63,1.58,2025-01-24T11:55:07Z,2025-01-24,9bfad573ba09cc32ed1253d4c14327b3_2.5
9bfad573ba09cc32ed1253d4c14327b3,Mallorca,Real Betis,2025-01-25T13:00:00Z,soccer_spain_la_liga,La Liga,bovada,2.0,1.87,1.95,2025-01-24T11:55:07Z,2025-01-24,9bfad573ba09cc32ed1253d4c14327b3_2.0
9bfad573ba09cc32ed1253d4c14327b3,Mallorca,Real Betis,2025-01-25T13:00:00Z,soccer_spain_la_liga,La Liga,tipico_de,2.5,2.5,1.5,2025-01-24T11:55:09Z,2025-01-24,9bfad573ba09cc32ed1253d4c14327b3_2.5
9bfad573ba09cc32ed1253d4c14327b3,Mallorca,Real Betis,2025-01-25T13:00:00Z,soccer_spain_la_liga,La Liga,williamhill,2.5,2.45,1.57,2025-01-24T11:55:08Z,2025-01-24,9bfad573ba09cc32ed1253d4c14327b3_2.5
9bfad573ba09cc32ed1253d4c14327b3,Mallorca,Real Betis,2025-01-25T13:00:00Z,soccer_spain_la_liga,La Liga,pinnacle,2.0,1.9,1.98,2025-01-24T11:55:07Z,2025-01-24,9bfad573ba09cc32ed1253d4c14327b3_2.0
9bfad573ba09cc32ed1253d4c14327b3,Mallorca,Real Betis,2025-01-25T13:00:00Z,soccer_spain_la_liga,La Liga,betsson,2.5,2.5,1.53,2025-01-24T11:55:11Z,2025-01-24,9bfad573ba09cc32ed1253d4c14327b3_2.5
9bfad573ba09cc32ed1253d4c14327b3,Mallorca,Real Betis,2025-01-25T13:00:00Z,soccer_spain_la_liga,La Liga,nordicbet,2.5,2.5,1.53,2025-01-24T11:55:08Z,2025-01-24,9bfad573ba09cc32ed1253d4c14327b3_2.5
9bfad573ba09cc32ed1253d4c14327b3,Mallorca,Real Betis,2025-01-25T13:00:00Z,soccer_spain_la_liga,La Liga,betrivers,2.5,2.5,1.5,2025-01-24T11:55:08Z,2025-01-24,9bfad573ba09cc32ed1253d4c14327b3_2.5
9bfad573ba09cc32ed1253d4c14327b3,Mallorca,Real Betis,2025-01-25T13:00:00Z,soccer_spain_la_liga,La Liga,unibet_eu,1.5,1.44,2.65,2025-01-24T11:55:08Z,2025-01-24,9bfad573ba09cc32ed1253d4c14327b3_1.5
9bfad573ba09cc32ed1253d4c14327b3,Mallorca,Real Betis,2025-01-25T13:00:00Z,soccer_spain_la_liga,La Liga,playup,2.5,2.45,1.52,2025-01-24T11:55:09Z,2025-01-24,9bfad573ba09cc32ed1253d4c14327b3_2.5
9bfad573ba09cc32ed1253d4c14327b3,Mallorca,Real Betis,2025-01-25T13:00:00Z,soccer_spain_la_liga,La Liga,unibet,1.5,1.44,2.65,2025-01-24T11:55:08Z,2025-01-24,9bfad573ba09cc32ed1253d4c14327b3_1.5
9bfad573ba09cc32ed1253d4c14327b3,Mallorca,Real Betis,2025-01-25T13:00:00Z,soccer_spain_la_liga,La Liga,betus,2.0,1.86,1.96,2025-01-24T11:55:08Z,2025-01-24,9bfad573ba09cc32ed1253d4c14327b3_2.0
9bfad573ba09cc32ed1253d4c14327b3,Mallorca,Real Betis,2025-01-25T13:00:00Z,soccer_spain_la_liga,La Liga,lowvig,2.0,1.87,1.95,2025-01-24T11:55:07Z,2025-01-24,9bfad573ba09cc32ed1253d4c14327b3_2.0
9bfad573ba09cc32ed1253d4c14327b3,Mallorca,Real Betis,2025-01-25T13:00:00Z,soccer_spain_la_liga,La Liga,betonlineag,2.0,1.87,1.95,2025-01-24T11:53:55Z,2025-01-24,9bfad573ba09cc32ed1253d4c14327b3_2.0
e82b63dd32df0a01557e89c6e5b88d12,Atlético Madrid,Villarreal,2025-01-25T15:15:00Z,soccer_spain_la_liga,La Liga,onexbet,2.5,1.69,2.36,2025-01-24T11:55:07Z,2025-01-24,e82b63dd32df0a01557e89c6e5b88d12_2.5
e82b63dd32df0a01557e89c6e5b88d12,Atlético Madrid,Villarreal,2025-01-25T15:15:00Z,soccer_spain_la_liga,La Liga,bovada,3.0,2.0,1.83,2025-01-24T11:55:07Z,2025-01-24,e82b63dd32df0a01557e89c6e5b88d12_3.0
e82b63dd32df0a01557e89c6e5b88d12,Atlético Madrid,Villarreal,2025-01-25T15:15:00Z,soccer_spain_la_liga,La Liga,tipico_de,2.5,1.62,2.25,2025-01-24T11:55:09Z,2025-01-24,e82b63dd32df0a01557e89c6e5b88d12_2.5
e82b63dd32df0a01557e89c6e5b88d12,Atlético Madrid,Villarreal,2025-01-25T15:15:00Z,soccer_spain_la_liga,La Liga,pinnacle,3.0,2.07,1.83,2025-01-24T11:55:07Z,2025-01-24,e82b63dd32df0a01557e89c6e5b88d12_3.0
e82b63dd32df0a01557e89c6e5b88d12,Atlético Madrid,Villarreal,2025-01-25T15:15:00Z,soccer_spain_la_liga,La Liga,williamhill,2.5,1.67,2.25,2025-01-24T11:55:08Z,2025-01-24,e82b63dd32df0a01557e89c6e5b88d12_2.5
e82b63dd32df0a01557e89c6e5b88d12,Atlético Madrid,Villarreal,2025-01-25T15:15:00Z,soccer_spain_la_liga,La Liga,nordicbet,2.5,1.63,2.3,2025-01-24T11:55:08Z,2025-01-24,e82b63dd32df0a01557e89c6e5b88d12_2.5
e82b63dd32df0a01557e89c6e5b88d12,Atlético Madrid,Villarreal,2025-01-25T15:15:00Z,soccer_spain_la_liga,La Liga,betsson,2.5,1.63,2.3,2025-01-24T11:55:11Z,2025-01-24,e82b63dd32df0a01557e89c6e5b88d12_2.5
e82b63dd32df0a01557e89c6e5b88d12,Atlético Madrid,Villarreal,2025-01-25T15:15:00Z,soccer_spain_la_liga,La Liga,unibet_eu,2.5,1.63,2.23,2025-01-24T11:55:08Z,2025-01-24,e82b63dd32df0a01557e89c6e5b88d12_2.5
e82b63dd32df0a01557e89c6e5b88d12,Atlético Madrid,Villarreal,2025-01-25T15:15:00Z,soccer_spain_la_liga,La Liga,betrivers,2.5,1.63,2.23,2025-01-24T11:55:08Z,2025-01-24,e82b63dd32df0a01557e89c6e5b88d12_2.5
e82b63dd32df0a01557e89c6e5b88d12,Atlético Madrid,Villarreal,2025-01-25T15:15:00Z,soccer_spain_la_liga,La Liga,playup,2.5,1.63,2.25,2025-01-24T11:55:09Z,2025-01-24,e82b63dd32df0a01557e89c6e5b88d12_2.5
e82b63dd32df0a01557e89c6e5b88d12,Atlético Madrid,Villarreal,2025-01-25T15:15:00Z,soccer_spain_la_liga,La Liga,unibet,2.5,1.63,2.23,2025-01-24T11:55:08Z,2025-01-24,e82b63dd32df0a01557e89c6e5b88d12_2.5
e82b63dd32df0a01557e89c6e5b88d12,Atlético Madrid,Villarreal,2025-01-25T15:15:00Z,soccer_spain_la_liga,La Liga,betus,3.0,2.0,1.83,2025-01-24T11:55:08Z,2025-01-24,e82b63dd32df0a01557e89c6e5b88d12_3.0
e82b63dd32df0a01557e89c6e5b88d12,Atlético Madrid,Villarreal,2025-01-25T15:15:00Z,soccer_spain_la_liga,La Liga,betonlineag,3.0,2.03,1.81,2025-01-24T11:53:55Z,2025-01-24,e82b63dd32df0a01557e89c6e5b88d12_3.0
e82b63dd32df0a01557e89c6e5b88d12,Atlético Madrid,Villarreal,2025-01-25T15:15:00Z,soccer_spain_la_liga,La Liga,lowvig,3.0,2.03,1.81,2025-01-24T11:55:07Z,2025-01-24,e82b63dd32df0a01557e89c6e5b88d12_3.0
5ac117c1cdb89808589cd9e1e02894db,Sevilla,Espanyol,2025-01-25T17:30:00Z,soccer_spain_la_liga,La Liga,onexbet,2.5,2.19,1.79,2025-01-24T11:55:07Z,2025-01-24,5ac117c1cdb89808589cd9e1e02894db_2.5
5ac117c1cdb89808589cd9e1e02894db,Sevilla,Espanyol,2025-01-25T17:30:00Z,soccer_spain_la_liga,La Liga,bovada,2.25,1.95,1.87,2025-01-24T11:55:07Z,2025-01-24,5ac117c1cdb89808589cd9e1e02894db_2.25
5ac117c1cdb89808589cd9e1e02894db,Sevilla,Espanyol,2025-01-25T17:30:00Z,soccer_spain_la_liga,La Liga,tipico_de,2.5,2.15,1.7,2025-01-24T11:55:09Z,2025-01-24,5ac117c1cdb89808589cd9e1e02894db_2.5
5ac117c1cdb89808589cd9e1e02894db,Sevilla,Espanyol,2025-01-25T17:30:00Z,soccer_spain_la_liga,La Liga,williamhill,2.5,2.25,1.67,2025-01-24T11:55:08Z,2025-01-24,5ac117c1cdb89808589cd9e1e02894db_2.5
5ac117c1cdb89808589cd9e1e02894db,Sevilla,Espanyol,2025-01-25T17:30:00Z,soccer_spain_la_liga,La Liga,pinnacle,2.25,1.92,1.97,2025-01-24T11:55:07Z,2025-01-24,5ac117c1cdb89808589cd9e1e02894db_2.25
5ac117c1cdb89808589cd9e1e02894db,Sevilla,Espanyol,2025-01-25T17:30:00Z,soccer_spain_la_liga,La Liga,nordicbet,2.5,2.15,1.72,2025-01-24T11:55:08Z,2025-01-24,5ac117c1cdb89808589cd9e1e02894db_2.5
5ac117c1cdb89808589cd9e1e02894db,Sevilla,Espanyol,2025-01-25T17:30:00Z,soccer_spain_la_liga,La Liga,betsson,2.5,2.15,1.72,2025-01-24T11:55:11Z,2025-01-24,5ac117c1cdb89808589cd9e1e02894db_2.5
5ac117c1cdb89808589cd9e1e02894db,Sevilla,Espanyol,2025-01-25T17:30:00Z,soccer_spain_la_liga,La Liga,unibet_eu,2.5,2.2,1.64,2025-01-24T11:55:08Z,2025-01-24,5ac117c1cdb89808589cd9e1e02894db_2.5
5ac117c1cdb89808589cd9e1e02894db,Sevilla,Espanyol,2025-01-25T17:30:00Z,soccer_spain_la_liga,La Liga,betrivers,2.5,2.2,1.64,2025-01-24T11:55:08Z,2025-01-24,5ac117c1cdb89808589cd9e1e02894db_2.5
5ac117c1cdb89808589cd9e1e02894db,Sevilla,Espanyol,2025-01-25T17:30:00Z,soccer_spain_la_liga,La Liga,playup,2.5,2.12,1.7,2025-01-24T11:55:09Z,2025-01-24,5ac117c1cdb89808589cd9e1e02894db_2.5
5ac117c1cdb89808589cd9e1e02894db,Sevilla,Espanyol,2025-01-25T17:30:00Z,soccer_spain_la_liga,La Liga,unibet,2.5,2.2,1.64,2025-01-24T11:55:08Z,2025-01-24,5ac117c1cdb89808589cd9e1e02894db_2.5
5ac117c1cdb89808589cd9e1e02894db,Sevilla,Espanyol,2025-01-25T17:30:00Z,soccer_spain_la_liga,La Liga,betus,2.5,2.19,1.72,2025-01-24T11:55:08Z,2025-01-24,5ac117c1cdb89808589cd9e1e02894db_2.5
5ac117c1cdb89808589cd9e1e02894db,Sevilla,Espanyol,2025-01-25T17:30:00Z,soccer_spain_la_liga,La Liga,lowvig,2.25,1.95,1.87,2025-01-24T11:55:07Z,2025-01-24,5ac117c1cdb89808589cd9e1e02894db_2.25
5ac117c1cdb89808589cd9e1e02894db,Sevilla,Espanyol,2025-01-25T17:30:00Z,soccer_spain_la_liga,La Liga,betonlineag,2.25,1.95,1.87,2025-01-24T11:53:55Z,2025-01-24,5ac117c1cdb89808589cd9e1e02894db_2.25
3e52c8100bbff86a11bea789f6f69428,Valladolid,Real Madrid,2025-01-25T20:00:00Z,soccer_spain_la_liga,La Liga,onexbet,3.5,2.19,1.79,2025-01-24T11:55:07Z,2025-01-24,3e52c8100bbff86a11bea789f6f69428_3.5
3e52c8100bbff86a11bea789f6f69428,Valladolid,Real Madrid,2025-01-25T20:00:00Z,soccer_spain_la_liga,La Liga,tipico_de,3.5,1.97,1.75,2025-01-24T11:55:09Z,2025-01-24,3e52c8100bbff86a11bea789f6f69428_3.5
3e52c8100bbff86a11bea789f6f69428,Valladolid,Real Madrid,2025-01-25T20:00:00Z,soccer_spain_la_liga,La Liga,bovada,3.25,1.91,1.91,2025-01-24T11:55:07Z,2025-01-24,3e52c8100bbff86a11bea789f6f69428_3.25
3e52c8100bbff86a11bea789f6f69428,Valladolid,Real Madrid,2025-01-25T20:00:00Z,soccer_spain_la_liga,La Liga,pinnacle,3.25,1.93,1.94,2025-01-24T11:55:07Z,2025-01-24,3e52c8100bbff86a11bea789f6f69428_3.25
3e52c8100bbff86a11bea789f6f69428,Valladolid,Real Madrid,2025-01-25T20:00:00Z,soccer_spain_la_liga,La Liga,williamhill,2.5,1.44,2.8,2025-01-24T11:55:08Z,2025-01-24,3e52c8100bbff86a11bea789f6f69428_2.5
3e52c8100bbff86a11bea789f6f69428,Valladolid,Real Madrid,2025-01-25T20:00:00Z,soccer_spain_la_liga,La Liga,nordicbet,3.5,2.15,1.72,2025-01-24T11:55:08Z,2025-01-24,3e52c8100bbff86a11bea789f6f69428_3.5
3e52c8100bbff86a11bea789f6f69428,Valladolid,Real Madrid,2025-01-25T20:00:00Z,soccer_spain_la_liga,La Liga,betrivers,3.5,2.07,1.72,2025-01-24T11:55:08Z,2025-01-24,3e52c8100bbff86a11bea789f6f69428_3.5
3e52c8100bbff86a11bea789f6f69428,Valladolid,Real Madrid,2025-01-25T20:00:00Z,soccer_spain_la_liga,La Liga,unibet_eu,3.5,2.07,1.72,2025-01-24T11:55:08Z,2025-01-24,3e52c8100bbff86a11bea789f6f69428_3.5
3e52c8100bbff86a11bea789f6f69428,Valladolid,Real Madrid,2025-01-25T20:00:00Z,soccer_spain_la_liga,La Liga,playup,3.5,2.1,1.7,2025-01-24T11:55:09Z,2025-01-24,3e52c8100bbff86a11bea789f6f69428_3.5
3e52c8100bbff86a11bea789f6f69428,Valladolid,Real Madrid,2025-01-25T20:00:00Z,soccer_spain_la_liga,La Liga,unibet,3.5,2.07,1.72,2025-01-24T11:55:08Z,2025-01-24,3e52c8100bbff86a11bea789f6f69428_3.5
3e52c8100bbff86a11bea789f6f69428,Valladolid,Real Madrid,2025-01-25T20:00:00Z,soccer_spain_la_liga,La Liga,betus,3.5,2.12,1.76,2025-01-24T11:55:08Z,2025-01-24,3e52c8100bbff86a11bea789f6f69428_3.5
3e52c8100bbff86a11bea789f6f69428,Valladolid,Real Madrid,2025-01-25T20:00:00Z,soccer_spain_la_liga,La Liga,lowvig,3.25,1.89,1.93,2025-01-24T11:55:07Z,2025-01-24,3e52c8100bbff86a11bea789f6f69428_3.25
3e52c8100bbff86a11bea789f6f69428,Valladolid,Real Madrid,2025-01-25T20:00:00Z,soccer_spain_la_liga,La Liga,betonlineag,3.25,1.89,1.93,2025-01-24T11:53:55Z,2025-01-24,3e52c8100bbff86a11bea789f6f69428_3.25
4ca886de2161b682a628b159a8654c6d,Rayo Vallecano,Girona,2025-01-26T13:00:00Z,soccer_spain_la_liga,La Liga,onexbet,2.5,2.29,1.73,2025-01-24T11:55:07Z,2025-01-24,4ca886de2161b682a628b159a8654c6d_2.5
4ca886de2161b682a628b159a8654c6d,Rayo Vallecano,Girona,2025-01-26T13:00:00Z,soccer_spain_la_liga,La Liga,tipico_de,2.5,2.15,1.67,2025-01-24T11:55:09Z,2025-01-24,4ca886de2161b682a628b159a8654c6d_2.5
4ca886de2161b682a628b159a8654c6d,Rayo Vallecano,Girona,2025-01-26T13:00:00Z,soccer_spain_la_liga,La Liga,bovada,2.25,1.93,1.89,2025-01-24T11:55:07Z,2025-01-24,4ca886de2161b682a628b159a8654c6d_2.25
4ca886de2161b682a628b159a8654c6d,Rayo Vallecano,Girona,2025-01-26T13:00:00Z,soccer_spain_la_liga,La Liga,williamhill,2.5,2.15,1.7,2025-01-24T11:55:08Z,2025-01-24,4ca886de2161b682a628b159a8654c6d_2.5
4ca886de2161b682a628b159a8654c6d,Rayo Vallecano,Girona,2025-01-26T13:00:00Z,soccer_spain_la_liga,La Liga,pinnacle,2.25,1.96,1.93,2025-01-24T11:55:07Z,2025-01-24,4ca886de2161b682a628b159a8654c6d_2.25
4ca886de2161b682a628b159a8654c6d,Rayo Vallecano,Girona,2025-01-26T13:00:00Z,soccer_spain_la_liga,La Liga,nordicbet,2.5,2.2,1.68,2025-01-24T11:55:08Z,2025-01-24,4ca886de2161b682a628b159a8654c6d_2.5
4ca886de2161b682a628b159a8654c6d,Rayo Vallecano,Girona,2025-01-26T13:00:00Z,soccer_spain_la_liga,La Liga,betsson,2.5,2.2,1.68,2025-01-24T11:55:11Z,2025-01-24,4ca886de2161b682a628b159a8654c6d_2.5
4ca886de2161b682a628b159a8654c6d,Rayo Vallecano,Girona,2025-01-26T13:00:00Z,soccer_spain_la_liga,La Liga,betrivers,2.5,2.28,1.61,2025-01-24T11:55:08Z,2025-01-24,4ca886de2161b682a628b159a8654c6d_2.5
4ca886de2161b682a628b159a8654c6d,Rayo Vallecano,Girona,2025-01-26T13:00:00Z,soccer_spain_la_liga,La Liga,unibet_eu,2.5,2.28,1.61,2025-01-24T11:55:08Z,2025-01-24,4ca886de2161b682a628b159a8654c6d_2.5
4ca886de2161b682a628b159a8654c6d,Rayo Vallecano,Girona,2025-01-26T13:00:00Z,soccer_spain_la_liga,La Liga,playup,2.5,2.2,1.65,2025-01-24T11:55:09Z,2025-01-24,4ca886de2161b682a628b159a8654c6d_2.5
4ca886de2161b682a628b159a8654c6d,Rayo Vallecano,Girona,2025-01-26T13:00:00Z,soccer_spain_la_liga,La Liga,unibet,2.5,2.28,1.61,2025-01-24T11:55:08Z,2025-01-24,4ca886de2161b682a628b159a8654c6d_2.5
4ca886de2161b682a628b159a8654c6d,Rayo Vallecano,Girona,2025-01-26T13:00:00Z,soccer_spain_la_liga,La Liga,betus,2.5,2.22,1.7,2025-01-24T11:55:08Z,2025-01-24,4ca886de2161b682a628b159a8654c6d_2.5
4ca886de2161b682a628b159a8654c6d,Rayo Vallecano,Girona,2025-01-26T13:00:00Z,soccer_spain_la_liga,La Liga,matchbook,2.5,2.32,1.73,2025-01-24T11:55:07Z,2025-01-24,4ca886de2161b682a628b159a8654c6d_2.5
4ca886de2161b682a628b159a8654c6d,Rayo Vallecano,Girona,2025-01-26T13:00:00Z,soccer_spain_la_liga,La Liga,betonlineag,2.25,1.94,1.88,2025-01-24T11:53:55Z,2025-01-24,4ca886de2161b682a628b159a8654c6d_2.25
4ca886de2161b682a628b159a8654c6d,Rayo Vallecano,Girona,2025-01-26T13:00:00Z,soccer_spain_la_liga,La Liga,lowvig,2.25,1.94,1.88,2025-01-24T11:55:07Z,2025-01-24,4ca886de2161b682a628b159a8654c6d_2.25
84ff7a4bd70183bf91e83e0490bee705,VfL Wolfsburg,Holstein Kiel,2025-01-24T19:30:00Z,soccer_germany_bundesliga,Bundesliga,playup,3.5,2.4,1.55,2025-01-24T11:54:34Z,2025-01-24,84ff7a4bd70183bf91e83e0490bee705_3.5
84ff7a4bd70183bf91e83e0490bee705,VfL Wolfsburg,Holstein Kiel,2025-01-24T19:30:00Z,soccer_germany_bundesliga,Bundesliga,onexbet,3.5,2.45,1.65,2025-01-24T11:54:34Z,2025-01-24,84ff7a4bd70183bf91e83e0490bee705_3.5
84ff7a4bd70183bf91e83e0490bee705,VfL Wolfsburg,Holstein Kiel,2025-01-24T19:30:00Z,soccer_germany_bundesliga,Bundesliga,pinnacle,3.0,1.92,1.99,2025-01-24T11:54:34Z,2025-01-24,84ff7a4bd70183bf91e83e0490bee705_3.0
84ff7a4bd70183bf91e83e0490bee705,VfL Wolfsburg,Holstein Kiel,2025-01-24T19:30:00Z,soccer_germany_bundesliga,Bundesliga,betsson,2.5,1.55,2.45,2025-01-24T11:54:35Z,2025-01-24,84ff7a4bd70183bf91e83e0490bee705_2.5
84ff7a4bd70183bf91e83e0490bee705,VfL Wolfsburg,Holstein Kiel,2025-01-24T19:30:00Z,soccer_germany_bundesliga,Bundesliga,nordicbet,4.5,4.2,1.24,2025-01-24T11:54:34Z,2025-01-24,84ff7a4bd70183bf91e83e0490bee705_4.5
84ff7a4bd70183bf91e83e0490bee705,VfL Wolfsburg,Holstein Kiel,2025-01-24T19:30:00Z,soccer_germany_bundesliga,Bundesliga,tipico_de,3.5,2.2,1.6,2025-01-24T11:54:36Z,2025-01-24,84ff7a4bd70183bf91e83e0490bee705_3.5
84ff7a4bd70183bf91e83e0490bee705,VfL Wolfsburg,Holstein Kiel,2025-01-24T19:30:00Z,soccer_germany_bundesliga,Bundesliga,williamhill,2.5,1.5,2.5,2025-01-24T11:54:35Z,2025-01-24,84ff7a4bd70183bf91e83e0490bee705_2.5
84ff7a4bd70183bf91e83e0490bee705,VfL Wolfsburg,Holstein Kiel,2025-01-24T19:30:00Z,soccer_germany_bundesliga,Bundesliga,bovada,3.0,1.83,2.0,2025-01-24T11:54:34Z,2025-01-24,84ff7a4bd70183bf91e83e0490bee705_3.0
84ff7a4bd70183bf91e83e0490bee705,VfL Wolfsburg,Holstein Kiel,2025-01-24T19:30:00Z,soccer_germany_bundesliga,Bundesliga,betus,3.0,1.93,1.91,2025-01-24T11:54:34Z,2025-01-24,84ff7a4bd70183bf91e83e0490bee705_3.0
84ff7a4bd70183bf91e83e0490bee705,VfL Wolfsburg,Holstein Kiel,2025-01-24T19:30:00Z,soccer_germany_bundesliga,Bundesliga,lowvig,3.0,1.87,1.95,2025-01-24T11:54:34Z,2025-01-24,84ff7a4bd70183bf91e83e0490bee705_3.0
84ff7a4bd70183bf91e83e0490bee705,VfL Wolfsburg,Holstein Kiel,2025-01-24T19:30:00Z,soccer_germany_bundesliga,Bundesliga,betonlineag,3.0,1.87,1.95,2025-01-24T11:54:34Z,2025-01-24,84ff7a4bd70183bf91e83e0490bee705_3.0
84ff7a4bd70183bf91e83e0490bee705,VfL Wolfsburg,Holstein Kiel,2025-01-24T19:30:00Z,soccer_germany_bundesliga,Bundesliga,betrivers,3.5,2.33,1.56,2025-01-24T11:54:34Z,2025-01-24,84ff7a4bd70183bf91e83e0490bee705_3.5
84ff7a4bd70183bf91e83e0490bee705,VfL Wolfsburg,Holstein Kiel,2025-01-24T19:30:00Z,soccer_germany_bundesliga,Bundesliga,unibet_eu,3.5,2.33,1.56,2025-01-24T11:54:35Z,2025-01-24,84ff7a4bd70183bf91e83e0490bee705_3.5
d0662ba5a92b369b21c9c020374c7b6a,Augsburg,1. FC Heidenheim,2025-01-25T14:30:00Z,soccer_germany_bundesliga,Bundesliga,pinnacle,2.5,1.93,1.96,2025-01-24T11:54:34Z,2025-01-24,d0662ba5a92b369b21c9c020374c7b6a_2.5
d0662ba5a92b369b21c9c020374c7b6a,Augsburg,1. FC Heidenheim,2025-01-25T14:30:00Z,soccer_germany_bundesliga,Bundesliga,playup,2.5,1.9,1.87,2025-01-24T11:54:34Z,2025-01-24,d0662ba5a92b369b21c9c020374c7b6a_2.5
d0662ba5a92b369b21c9c020374c7b6a,Augsburg,1. FC Heidenheim,2025-01-25T14:30:00Z,soccer_germany_bundesliga,Bundesliga,onexbet,2.5,1.96,1.99,2025-01-24T11:54:34Z,2025-01-24,d0662ba5a92b369b21c9c020374c7b6a_2.5
d0662ba5a92b369b21c9c020374c7b6a,Augsburg,1. FC Heidenheim,2025-01-25T14:30:00Z,soccer_germany_bundesliga,Bundesliga,nordicbet,2.5,1.92,1.88,2025-01-24T11:54:34Z,2025-01-24,d0662ba5a92b369b21c9c020374c7b6a_2.5
d0662ba5a92b369b21c9c020374c7b6a,Augsburg,1. FC Heidenheim,2025-01-25T14:30:00Z,soccer_germany_bundesliga,Bundesliga,betsson,2.5,1.92,1.88,2025-01-24T11:54:35Z,2025-01-24,d0662ba5a92b369b21c9c020374c7b6a_2.5
d0662ba5a92b369b21c9c020374c7b6a,Augsburg,1. FC Heidenheim,2025-01-25T14:30:00Z,soccer_germany_bundesliga,Bundesliga,tipico_de,2.5,1.83,1.93,2025-01-24T11:54:36Z,2025-01-24,d0662ba5a92b369b21c9c020374c7b6a_2.5
d0662ba5a92b369b21c9c020374c7b6a,Augsburg,1. FC Heidenheim,2025-01-25T14:30:00Z,soccer_germany_bundesliga,Bundesliga,williamhill,2.5,1.91,1.91,2025-01-24T11:54:35Z,2025-01-24,d0662ba5a92b369b21c9c020374c7b6a_2.5
d0662ba5a92b369b21c9c020374c7b6a,Augsburg,1. FC Heidenheim,2025-01-25T14:30:00Z,soccer_germany_bundesliga,Bundesliga,bovada,2.5,1.91,1.91,2025-01-24T11:54:34Z,2025-01-24,d0662ba5a92b369b21c9c020374c7b6a_2.5
d0662ba5a92b369b21c9c020374c7b6a,Augsburg,1. FC Heidenheim,2025-01-25T14:30:00Z,soccer_germany_bundesliga,Bundesliga,betus,2.5,1.91,1.91,2025-01-24T11:54:34Z,2025-01-24,d0662ba5a92b369b21c9c020374c7b6a_2.5
d0662ba5a92b369b21c9c020374c7b6a,Augsburg,1. FC Heidenheim,2025-01-25T14:30:00Z,soccer_germany_bundesliga,Bundesliga,lowvig,2.5,1.89,1.93,2025-01-24T11:54:34Z,2025-01-24,d0662ba5a92b369b21c9c020374c7b6a_2.5
d0662ba5a92b369b21c9c020374c7b6a,Augsburg,1. FC Heidenheim,2025-01-25T14:30:00Z,soccer_germany_bundesliga,Bundesliga,betonlineag,2.5,1.89,1.93,2025-01-24T11:54:34Z,2025-01-24,d0662ba5a92b369b21c9c020374c7b6a_2.5
d0662ba5a92b369b21c9c020374c7b6a,Augsburg,1. FC Heidenheim,2025-01-25T14:30:00Z,soccer_germany_bundesliga,Bundesliga,matchbook,2.5,1.94,2.02,2025-01-24T11:54:34Z,2025-01-24,d0662ba5a92b369b21c9c020374c7b6a_2.5
d0662ba5a92b369b21c9c020374c7b6a,Augsburg,1. FC Heidenheim,2025-01-25T14:30:00Z,soccer_germany_bundesliga,Bundesliga,betrivers,2.5,1.83,1.92,2025-01-24T11:54:34Z,2025-01-24,d0662ba5a92b369b21c9c020374c7b6a_2.5
d0662ba5a92b369b21c9c020374c7b6a,Augsburg,1. FC Heidenheim,2025-01-25T14:30:00Z,soccer_germany_bundesliga,Bundesliga,unibet_eu,2.5,1.83,1.92,2025-01-24T11:54:35Z,2025-01-24,d0662ba5a92b369b21c9c020374c7b6a_2.5
b8e695742abcd4f3b46c3d7644206c1c,RB Leipzig,Bayer Leverkusen,2025-01-25T14:30:00Z,soccer_germany_bundesliga,Bundesliga,playup,3.5,2.35,1.58,2025-01-24T11:54:34Z,2025-01-24,b8e695742abcd4f3b46c3d7644206c1c_3.5
b8e695742abcd4f3b46c3d7644206c1c,RB Leipzig,Bayer Leverkusen,2025-01-25T14:30:00Z,soccer_germany_bundesliga,Bundesliga,onexbet,3.5,2.42,1.66,2025-01-24T11:54:34Z,2025-01-24,b8e695742abcd4f3b46c3d7644206c1c_3.5
b8e695742abcd4f3b46c3d7644206c1c,RB Leipzig,Bayer Leverkusen,2025-01-25T14:30:00Z,soccer_germany_bundesliga,Bundesliga,pinnacle,3.0,1.92,1.97,2025-01-24T11:54:34Z,2025-01-24,b8e695742abcd4f3b46c3d7644206c1c_3.0
b8e695742abcd4f3b46c3d7644206c1c,RB Leipzig,Bayer Leverkusen,2025-01-25T14:30:00Z,soccer_germany_bundesliga,Bundesliga,betsson,3.5,2.35,1.6,2025-01-24T11:54:35Z,2025-01-24,b8e695742abcd4f3b46c3d7644206c1c_3.5
b8e695742abcd4f3b46c3d7644206c1c,RB Leipzig,Bayer Leverkusen,2025-01-25T14:30:00Z,soccer_germany_bundesliga,Bundesliga,nordicbet,3.5,2.35,1.6,2025-01-24T11:54:34Z,2025-01-24,b8e695742abcd4f3b46c3d7644206c1c_3.5
b8e695742abcd4f3b46c3d7644206c1c,RB Leipzig,Bayer Leverkusen,2025-01-25T14:30:00Z,soccer_germany_bundesliga,Bundesliga,tipico_de,3.5,2.2,1.6,2025-01-24T11:54:36Z,2025-01-24,b8e695742abcd4f3b46c3d7644206c1c_3.5
b8e695742abcd4f3b46c3d7644206c1c,RB Leipzig,Bayer Leverkusen,2025-01-25T14:30:00Z,soccer_germany_bundesliga,Bundesliga,williamhill,2.5,1.55,2.5,2025-01-24T11:54:35Z,2025-01-24,b8e695742abcd4f3b46c3d7644206c1c_2.5
b8e695742abcd4f3b46c3d7644206c1c,RB Leipzig,Bayer Leverkusen,2025-01-25T14:30:00Z,soccer_germany_bundesliga,Bundesliga,bovada,3.0,1.89,1.93,2025-01-24T11:54:34Z,2025-01-24,b8e695742abcd4f3b46c3d7644206c1c_3.0
b8e695742abcd4f3b46c3d7644206c1c,RB Leipzig,Bayer Leverkusen,2025-01-25T14:30:00Z,soccer_germany_bundesliga,Bundesliga,betus,3.0,1.85,1.98,2025-01-24T11:54:34Z,2025-01-24,b8e695742abcd4f3b46c3d7644206c1c_3.0
b8e695742abcd4f3b46c3d7644206c1c,RB Leipzig,Bayer Leverkusen,2025-01-25T14:30:00Z,soccer_germany_bundesliga,Bundesliga,lowvig,3.0,1.91,1.91,2025-01-24T11:54:34Z,2025-01-24,b8e695742abcd4f3b46c3d7644206c1c_3.0
b8e695742abcd4f3b46c3d7644206c1c,RB Leipzig,Bayer Leverkusen,2025-01-25T14:30:00Z,soccer_germany_bundesliga,Bundesliga,betonlineag,3.0,1.91,1.91,2025-01-24T11:54:34Z,2025-01-24,b8e695742abcd4f3b46c3d7644206c1c_3.0
b8e695742abcd4f3b46c3d7644206c1c,RB Leipzig,Bayer Leverkusen,2025-01-25T14:30:00Z,soccer_germany_bundesliga,Bundesliga,betrivers,2.5,1.54,2.43,2025-01-24T11:54:34Z,2025-01-24,b8e695742abcd4f3b46c3d7644206c1c_2.5
b8e695742abcd4f3b46c3d7644206c1c,RB Leipzig,Bayer Leverkusen,2025-01-25T14:30:00Z,soccer_germany_bundesliga,Bundesliga,unibet_eu,3.5,2.45,1.53,2025-01-24T11:54:35Z,2025-01-24,b8e695742abcd4f3b46c3d7644206c1c_3.5
d7d4dd1dda70db54f11428ecac5b8d81,SC Freiburg,Bayern Munich,2025-01-25T14:30:00Z,soccer_germany_bundesliga,Bundesliga,playup,3.5,2.08,1.72,2025-01-24T11:54:34Z,2025-01-24,d7d4dd1dda70db54f11428ecac5b8d81_3.5
d7d4dd1dda70db54f11428ecac5b8d81,SC Freiburg,Bayern Munich,2025-01-25T14:30:00Z,soccer_germany_bundesliga,Bundesliga,onexbet,3.5,2.15,1.81,2025-01-24T11:54:34Z,2025-01-24,d7d4dd1dda70db54f11428ecac5b8d81_3.5
d7d4dd1dda70db54f11428ecac5b8d81,SC Freiburg,Bayern Munich,2025-01-25T14:30:00Z,soccer_germany_bundesliga,Bundesliga,pinnacle,3.25,1.92,1.97,2025-01-24T11:54:34Z,2025-01-24,d7d4dd1dda70db54f11428ecac5b8d81_3.25
d7d4dd1dda70db54f11428ecac5b8d81,SC Freiburg,Bayern Munich,2025-01-25T14:30:00Z,soccer_germany_bundesliga,Bundesliga,nordicbet,3.5,2.1,1.75,2025-01-24T11:54:34Z,2025-01-24,d7d4dd1dda70db54f11428ecac5b8d81_3.5
d7d4dd1dda70db54f11428ecac5b8d81,SC Freiburg,Bayern Munich,2025-01-25T14:30:00Z,soccer_germany_bundesliga,Bundesliga,tipico_de,3.5,1.95,1.77,2025-01-24T11:54:36Z,2025-01-24,d7d4dd1dda70db54f11428ecac5b8d81_3.5
d7d4dd1dda70db54f11428ecac5b8d81,SC Freiburg,Bayern Munich,2025-01-25T14:30:00Z,soccer_germany_bundesliga,Bundesliga,williamhill,2.5,1.44,2.8,2025-01-24T11:54:35Z,2025-01-24,d7d4dd1dda70db54f11428ecac5b8d81_2.5
d7d4dd1dda70db54f11428ecac5b8d81,SC Freiburg,Bayern Munich,2025-01-25T14:30:00Z,soccer_germany_bundesliga,Bundesliga,bovada,3.25,1.85,1.98,2025-01-24T11:54:34Z,2025-01-24,d7d4dd1dda70db54f11428ecac5b8d81_3.25
d7d4dd1dda70db54f11428ecac5b8d81,SC Freiburg,Bayern Munich,2025-01-25T14:30:00Z,soccer_germany_bundesliga,Bundesliga,betus,3.5,2.04,1.81,2025-01-24T11:54:34Z,2025-01-24,d7d4dd1dda70db54f11428ecac5b8d81_3.5
d7d4dd1dda70db54f11428ecac5b8d81,SC Freiburg,Bayern Munich,2025-01-25T14:30:00Z,soccer_germany_bundesliga,Bundesliga,lowvig,3.25,1.88,1.94,2025-01-24T11:54:34Z,2025-01-24,d7d4dd1dda70db54f11428ecac5b8d81_3.25
d7d4dd1dda70db54f11428ecac5b8d81,SC Freiburg,Bayern Munich,2025-01-25T14:30:00Z,soccer_germany_bundesliga,Bundesliga,betonlineag,3.25,1.88,1.94,2025-01-24T11:54:34Z,2025-01-24,d7d4dd1dda70db54f11428ecac5b8d81_3.25
d7d4dd1dda70db54f11428ecac5b8d81,SC Freiburg,Bayern Munich,2025-01-25T14:30:00Z,soccer_germany_bundesliga,Bundesliga,betrivers,3.5,2.0,1.77,2025-01-24T11:54:34Z,2025-01-24,d7d4dd1dda70db54f11428ecac5b8d81_3.5
d7d4dd1dda70db54f11428ecac5b8d81,SC Freiburg,Bayern Munich,2025-01-25T14:30:00Z,soccer_germany_bundesliga,Bundesliga,unibet_eu,3.5,2.0,1.77,2025-01-24T11:54:35Z,2025-01-24,d7d4dd1dda70db54f11428ecac5b8d81_3.5
70d8f6c038d98901065b3d23c79fc5e5,Borussia Dortmund,Werder Bremen,2025-01-25T14:30:00Z,soccer_germany_bundesliga,Bundesliga,onexbet,3.5,2.32,1.71,2025-01-24T11:54:34Z,2025-01-24,70d8f6c038d98901065b3d23c79fc5e5_3.5
70d8f6c038d98901065b3d23c79fc5e5,Borussia Dortmund,Werder Bremen,2025-01-25T14:30:00Z,soccer_germany_bundesliga,Bundesliga,playup,3.5,2.25,1.63,2025-01-24T11:54:34Z,2025-01-24,70d8f6c038d98901065b3d23c79fc5e5_3.5
70d8f6c038d98901065b3d23c79fc5e5,Borussia Dortmund,Werder Bremen,2025-01-25T14:30:00Z,soccer_germany_bundesliga,Bundesliga,pinnacle,3.25,2.06,1.84,2025-01-24T11:54:34Z,2025-01-24,70d8f6c038d98901065b3d23c79fc5e5_3.25
70d8f6c038d98901065b3d23c79fc5e5,Borussia Dortmund,Werder Bremen,2025-01-25T14:30:00Z,soccer_germany_bundesliga,Bundesliga,nordicbet,3.5,2.3,1.63,2025-01-24T11:54:34Z,2025-01-24,70d8f6c038d98901065b3d23c79fc5e5_3.5
70d8f6c038d98901065b3d23c79fc5e5,Borussia Dortmund,Werder Bremen,2025-01-25T14:30:00Z,soccer_germany_bundesliga,Bundesliga,betsson,3.5,2.3,1.63,2025-01-24T11:54:35Z,2025-01-24,70d8f6c038d98901065b3d23c79fc5e5_3.5
70d8f6c038d98901065b3d23c79fc5e5,Borussia Dortmund,Werder Bremen,2025-01-25T14:30:00Z,soccer_germany_bundesliga,Bundesliga,tipico_de,3.5,2.1,1.67,2025-01-24T11:54:36Z,2025-01-24,70d8f6c038d98901065b3d23c79fc5e5_3.5
70d8f6c038d98901065b3d23c79fc5e5,Borussia Dortmund,Werder Bremen,2025-01-25T14:30:00Z,soccer_germany_bundesliga,Bundesliga,williamhill,2.5,1.5,2.62,2025-01-24T11:54:35Z,2025-01-24,70d8f6c038d98901065b3d23c79fc5e5_2.5
70d8f6c038d98901065b3d23c79fc5e5,Borussia Dortmund,Werder Bremen,2025-01-25T14:30:00Z,soccer_germany_bundesliga,Bundesliga,bovada,3.25,2.0,1.83,2025-01-24T11:54:34Z,2025-01-24,70d8f6c038d98901065b3d23c79fc5e5_3.25
70d8f6c038d98901065b3d23c79fc5e5,Borussia Dortmund,Werder Bremen,2025-01-25T14:30:00Z,soccer_germany_bundesliga,Bundesliga,betus,3.0,1.76,2.12,2025-01-24T11:54:34Z,2025-01-24,70d8f6c038d98901065b3d23c79fc5e5_3.0
70d8f6c038d98901065b3d23c79fc5e5,Borussia Dortmund,Werder Bremen,2025-01-25T14:30:00Z,soccer_germany_bundesliga,Bundesliga,lowvig,3.25,2.03,1.81,2025-01-24T11:54:34Z,2025-01-24,70d8f6c038d98901065b3d23c79fc5e5_3.25
70d8f6c038d98901065b3d23c79fc5e5,Borussia Dortmund,Werder Bremen,2025-01-25T14:30:00Z,soccer_germany_bundesliga,Bundesliga,betonlineag,3.25,2.03,1.81,2025-01-24T11:54:34Z,2025-01-24,70d8f6c038d98901065b3d23c79fc5e5_3.25
70d8f6c038d98901065b3d23c79fc5e5,Borussia Dortmund,Werder Bremen,2025-01-25T14:30:00Z,soccer_germany_bundesliga,Bundesliga,matchbook,3.5,2.32,1.71,2025-01-24T11:54:34Z,2025-01-24,70d8f6c038d98901065b3d23c79fc5e5_3.5
70d8f6c038d98901065b3d23c79fc5e5,Borussia Dortmund,Werder Bremen,2025-01-25T14:30:00Z,soccer_germany_bundesliga,Bundesliga,betrivers,3.5,2.33,1.56,2025-01-24T11:54:34Z,2025-01-24,70d8f6c038d98901065b3d23c79fc5e5_3.5
70d8f6c038d98901065b3d23c79fc5e5,Borussia Dortmund,Werder Bremen,2025-01-25T14:30:00Z,soccer_germany_bundesliga,Bundesliga,unibet_eu,3.5,2.33,1.56,2025-01-24T11:54:35Z,2025-01-24,70d8f6c038d98901065b3d23c79fc5e5_3.5
5fd2ff4c42fc59ce52bc4b02e0090be0,FSV Mainz 05,VfB Stuttgart,2025-01-25T14:30:00Z,soccer_germany_bundesliga,Bundesliga,playup,2.5,1.7,2.1,2025-01-24T11:54:34Z,2025-01-24,5fd2ff4c42fc59ce52bc4b02e0090be0_2.5
5fd2ff4c42fc59ce52bc4b02e0090be0,FSV Mainz 05,VfB Stuttgart,2025-01-25T14:30:00Z,soccer_germany_bundesliga,Bundesliga,onexbet,2.5,1.79,2.19,2025-01-24T11:54:34Z,2025-01-24,5fd2ff4c42fc59ce52bc4b02e0090be0_2.5
5fd2ff4c42fc59ce52bc4b02e0090be0,FSV Mainz 05,VfB Stuttgart,2025-01-25T14:30:00Z,soccer_germany_bundesliga,Bundesliga,pinnacle,2.75,1.95,1.93,2025-01-24T11:54:34Z,2025-01-24,5fd2ff4c42fc59ce52bc4b02e0090be0_2.75
5fd2ff4c42fc59ce52bc4b02e0090be0,FSV Mainz 05,VfB Stuttgart,2025-01-25T14:30:00Z,soccer_germany_bundesliga,Bundesliga,nordicbet,2.5,1.75,2.1,2025-01-24T11:54:34Z,2025-01-24,5fd2ff4c42fc59ce52bc4b02e0090be0_2.5
5fd2ff4c42fc59ce52bc4b02e0090be0,FSV Mainz 05,VfB Stuttgart,2025-01-25T14:30:00Z,soccer_germany_bundesliga,Bundesliga,betsson,2.5,1.75,2.1,2025-01-24T11:54:35Z,2025-01-24,5fd2ff4c42fc59ce52bc4b02e0090be0_2.5
5fd2ff4c42fc59ce52bc4b02e0090be0,FSV Mainz 05,VfB Stuttgart,2025-01-25T14:30:00Z,soccer_germany_bundesliga,Bundesliga,tipico_de,2.5,1.7,2.1,2025-01-24T11:54:36Z,2025-01-24,5fd2ff4c42fc59ce52bc4b02e0090be0_2.5
5fd2ff4c42fc59ce52bc4b02e0090be0,FSV Mainz 05,VfB Stuttgart,2025-01-25T14:30:00Z,soccer_germany_bundesliga,Bundesliga,williamhill,2.5,1.75,2.1,2025-01-24T11:54:35Z,2025-01-24,5fd2ff4c42fc59ce52bc4b02e0090be0_2.5
5fd2ff4c42fc59ce52bc4b02e0090be0,FSV Mainz 05,VfB Stuttgart,2025-01-25T14:30:00Z,soccer_germany_bundesliga,Bundesliga,bovada,2.75,1.93,1.89,2025-01-24T11:54:34Z,2025-01-24,5fd2ff4c42fc59ce52bc4b02e0090be0_2.75
5fd2ff4c42fc59ce52bc4b02e0090be0,FSV Mainz 05,VfB Stuttgart,2025-01-25T14:30:00Z,soccer_germany_bundesliga,Bundesliga,betus,2.5,1.72,2.18,2025-01-24T11:54:34Z,2025-01-24,5fd2ff4c42fc59ce52bc4b02e0090be0_2.5
5fd2ff4c42fc59ce52bc4b02e0090be0,FSV Mainz 05,VfB Stuttgart,2025-01-25T14:30:00Z,soccer_germany_bundesliga,Bundesliga,betonlineag,2.75,1.95,1.87,2025-01-24T11:54:34Z,2025-01-24,5fd2ff4c42fc59ce52bc4b02e0090be0_2.75
5fd2ff4c42fc59ce52bc4b02e0090be0,FSV Mainz 05,VfB Stuttgart,2025-01-25T14:30:00Z,soccer_germany_bundesliga,Bundesliga,lowvig,2.75,1.95,1.87,2025-01-24T11:54:34Z,2025-01-24,5fd2ff4c42fc59ce52bc4b02e0090be0_2.75
5fd2ff4c42fc59ce52bc4b02e0090be0,FSV Mainz 05,VfB Stuttgart,2025-01-25T14:30:00Z,soccer_germany_bundesliga,Bundesliga,matchbook,2.5,1.79,2.22,2025-01-24T11:54:34Z,2025-01-24,5fd2ff4c42fc59ce52bc4b02e0090be0_2.5
5fd2ff4c42fc59ce52bc4b02e0090be0,FSV Mainz 05,VfB Stuttgart,2025-01-25T14:30:00Z,soccer_germany_bundesliga,Bundesliga,betrivers,2.5,1.74,2.04,2025-01-24T11:54:34Z,2025-01-24,5fd2ff4c42fc59ce52bc4b02e0090be0_2.5
5fd2ff4c42fc59ce52bc4b02e0090be0,FSV Mainz 05,VfB Stuttgart,2025-01-25T14:30:00Z,soccer_germany_bundesliga,Bundesliga,unibet_eu,2.5,1.74,2.04,2025-01-24T11:54:35Z,2025-01-24,5fd2ff4c42fc59ce52bc4b02e0090be0_2.5
ec2b5452403a3a7c220ae11c012caafa,Borussia Monchengladbach,VfL Bochum,2025-01-25T17:30:00Z,soccer_germany_bundesliga,Bundesliga,playup,2.5,1.6,2.3,2025-01-24T11:54:34Z,2025-01-24,ec2b5452403a3a7c220ae11c012caafa_2.5
ec2b5452403a3a7c220ae11c012caafa,Borussia Monchengladbach,VfL Bochum,2025-01-25T17:30:00Z,soccer_germany_bundesliga,Bundesliga,onexbet,2.5,1.66,2.42,2025-01-24T11:54:34Z,2025-01-24,ec2b5452403a3a7c220ae11c012caafa_2.5
ec2b5452403a3a7c220ae11c012caafa,Borussia Monchengladbach,VfL Bochum,2025-01-25T17:30:00Z,soccer_germany_bundesliga,Bundesliga,pinnacle,3.0,2.01,1.88,2025-01-24T11:54:34Z,2025-01-24,ec2b5452403a3a7c220ae11c012caafa_3.0
ec2b5452403a3a7c220ae11c012caafa,Borussia Monchengladbach,VfL Bochum,2025-01-25T17:30:00Z,soccer_germany_bundesliga,Bundesliga,betsson,2.5,1.6,2.35,2025-01-24T11:54:35Z,2025-01-24,ec2b5452403a3a7c220ae11c012caafa_2.5
ec2b5452403a3a7c220ae11c012caafa,Borussia Monchengladbach,VfL Bochum,2025-01-25T17:30:00Z,soccer_germany_bundesliga,Bundesliga,nordicbet,2.5,1.6,2.35,2025-01-24T11:54:34Z,2025-01-24,ec2b5452403a3a7c220ae11c012caafa_2.5
ec2b5452403a3a7c220ae11c012caafa,Borussia Monchengladbach,VfL Bochum,2025-01-25T17:30:00Z,soccer_germany_bundesliga,Bundesliga,tipico_de,2.5,1.6,2.3,2025-01-24T11:54:36Z,2025-01-24,ec2b5452403a3a7c220ae11c012caafa_2.5
ec2b5452403a3a7c220ae11c012caafa,Borussia Monchengladbach,VfL Bochum,2025-01-25T17:30:00Z,soccer_germany_bundesliga,Bundesliga,williamhill,2.5,1.62,2.3,2025-01-24T11:54:35Z,2025-01-24,ec2b5452403a3a7c220ae11c012caafa_2.5
ec2b5452403a3a7c220ae11c012caafa,Borussia Monchengladbach,VfL Bochum,2025-01-25T17:30:00Z,soccer_germany_bundesliga,Bundesliga,bovada,3.0,1.91,1.91,2025-01-24T11:54:34Z,2025-01-24,ec2b5452403a3a7c220ae11c012caafa_3.0
ec2b5452403a3a7c220ae11c012caafa,Borussia Monchengladbach,VfL Bochum,2025-01-25T17:30:00Z,soccer_germany_bundesliga,Bundesliga,betus,3.0,1.95,1.87,2025-01-24T11:54:34Z,2025-01-24,ec2b5452403a3a7c220ae11c012caafa_3.0
ec2b5452403a3a7c220ae11c012caafa,Borussia Monchengladbach,VfL Bochum,2025-01-25T17:30:00Z,soccer_germany_bundesliga,Bundesliga,lowvig,3.0,2.02,1.82,2025-01-24T11:54:34Z,2025-01-24,ec2b5452403a3a7c220ae11c012caafa_3.0
ec2b5452403a3a7c220ae11c012caafa,Borussia Monchengladbach,VfL Bochum,2025-01-25T17:30:00Z,soccer_germany_bundesliga,Bundesliga,betonlineag,3.0,2.02,1.82,2025-01-24T11:54:34Z,2025-01-24,ec2b5452403a3a7c220ae11c012caafa_3.0
ec2b5452403a3a7c220ae11c012caafa,Borussia Monchengladbach,VfL Bochum,2025-01-25T17:30:00Z,soccer_germany_bundesliga,Bundesliga,betrivers,2.5,1.56,2.33,2025-01-24T11:54:34Z,2025-01-24,ec2b5452403a3a7c220ae11c012caafa_2.5
ec2b5452403a3a7c220ae11c012caafa,Borussia Monchengladbach,VfL Bochum,2025-01-25T17:30:00Z,soccer_germany_bundesliga,Bundesliga,unibet_eu,2.5,1.56,2.33,2025-01-24T11:54:35Z,2025-01-24,ec2b5452403a3a7c220ae11c012caafa_2.5
e0ba7368c195b6405eecd4a61f2a0401,Torino,Cagliari,2025-01-24T19:45:00Z,soccer_italy_serie_a,Serie A,onexbet,2.5,2.37,1.69,2025-01-24T11:55:09Z,2025-01-24,e0ba7368c195b6405eecd4a61f2a0401_2.5
e0ba7368c195b6405eecd4a61f2a0401,Torino,Cagliari,2025-01-24T19:45:00Z,soccer_italy_serie_a,Serie A,pinnacle,2.25,2.04,1.87,2025-01-24T11:55:10Z,2025-01-24,e0ba7368c195b6405eecd4a61f2a0401_2.25
e0ba7368c195b6405eecd4a61f2a0401,Torino,Cagliari,2025-01-24T19:45:00Z,soccer_italy_serie_a,Serie A,tipico_de,2.5,2.25,1.62,2025-01-24T11:55:12Z,2025-01-24,e0ba7368c195b6405eecd4a61f2a0401_2.5
e0ba7368c195b6405eecd4a61f2a0401,Torino,Cagliari,2025-01-24T19:45:00Z,soccer_italy_serie_a,Serie A,bovada,2.25,2.0,1.83,2025-01-24T11:55:09Z,2025-01-24,e0ba7368c195b6405eecd4a61f2a0401_2.25
e0ba7368c195b6405eecd4a61f2a0401,Torino,Cagliari,2025-01-24T19:45:00Z,soccer_italy_serie_a,Serie A,nordicbet,2.5,2.25,1.65,2025-01-24T11:55:10Z,2025-01-24,e0ba7368c195b6405eecd4a61f2a0401_2.5
e0ba7368c195b6405eecd4a61f2a0401,Torino,Cagliari,2025-01-24T19:45:00Z,soccer_italy_serie_a,Serie A,betsson,2.5,2.25,1.65,2025-01-24T11:55:13Z,2025-01-24,e0ba7368c195b6405eecd4a61f2a0401_2.5
e0ba7368c195b6405eecd4a61f2a0401,Torino,Cagliari,2025-01-24T19:45:00Z,soccer_italy_serie_a,Serie A,williamhill,2.5,2.3,1.62,2025-01-24T11:55:10Z,2025-01-24,e0ba7368c195b6405eecd4a61f2a0401_2.5
e0ba7368c195b6405eecd4a61f2a0401,Torino,Cagliari,2025-01-24T19:45:00Z,soccer_italy_serie_a,Serie A,betrivers,2.5,2.32,1.57,2025-01-24T11:55:10Z,2025-01-24,e0ba7368c195b6405eecd4a61f2a0401_2.5
e0ba7368c195b6405eecd4a61f2a0401,Torino,Cagliari,2025-01-24T19:45:00Z,soccer_italy_serie_a,Serie A,unibet_eu,2.5,2.32,1.57,2025-01-24T11:55:11Z,2025-01-24,e0ba7368c195b6405eecd4a61f2a0401_2.5
e0ba7368c195b6405eecd4a61f2a0401,Torino,Cagliari,2025-01-24T19:45:00Z,soccer_italy_serie_a,Serie A,playup,2.5,2.25,1.63,2025-01-24T11:55:11Z,2025-01-24,e0ba7368c195b6405eecd4a61f2a0401_2.5
e0ba7368c195b6405eecd4a61f2a0401,Torino,Cagliari,2025-01-24T19:45:00Z,soccer_italy_serie_a,Serie A,betus,2.5,2.3,1.67,2025-01-24T11:55:12Z,2025-01-24,e0ba7368c195b6405eecd4a61f2a0401_2.5
e0ba7368c195b6405eecd4a61f2a0401,Torino,Cagliari,2025-01-24T19:45:00Z,soccer_italy_serie_a,Serie A,lowvig,2.25,1.97,1.85,2025-01-24T11:55:10Z,2025-01-24,e0ba7368c195b6405eecd4a61f2a0401_2.25
e0ba7368c195b6405eecd4a61f2a0401,Torino,Cagliari,2025-01-24T19:45:00Z,soccer_italy_serie_a,Serie A,betonlineag,2.25,1.97,1.85,2025-01-24T11:55:09Z,2025-01-24,e0ba7368c195b6405eecd4a61f2a0401_2.25
e0ba7368c195b6405eecd4a61f2a0401,Torino,Cagliari,2025-01-24T19:45:00Z,soccer_italy_serie_a,Serie A,matchbook,2.5,2.4,1.71,2025-01-24T11:55:09Z,2025-01-24,e0ba7368c195b6405eecd4a61f2a0401_2.5
fa34bcaf97393b5e1f050ffd81ad0967,Como,Atalanta BC,2025-01-25T14:00:00Z,soccer_italy_serie_a,Serie A,pinnacle,2.75,2.02,1.87,2025-01-24T11:55:10Z,2025-01-24,fa34bcaf97393b5e1f050ffd81ad0967_2.75
fa34bcaf97393b5e1f050ffd81ad0967,Como,Atalanta BC,2025-01-25T14:00:00Z,soccer_italy_serie_a,Serie A,tipico_de,2.5,1.75,2.05,2025-01-24T11:55:12Z,2025-01-24,fa34bcaf97393b5e1f050ffd81ad0967_2.5
fa34bcaf97393b5e1f050ffd81ad0967,Como,Atalanta BC,2025-01-25T14:00:00Z,soccer_italy_serie_a,Serie A,bovada,2.75,2.0,1.83,2025-01-24T11:55:09Z,2025-01-24,fa34bcaf97393b5e1f050ffd81ad0967_2.75
fa34bcaf97393b5e1f050ffd81ad0967,Como,Atalanta BC,2025-01-25T14:00:00Z,soccer_italy_serie_a,Serie A,onexbet,2.5,1.84,2.12,2025-01-24T11:55:09Z,2025-01-24,fa34bcaf97393b5e1f050ffd81ad0967_2.5
fa34bcaf97393b5e1f050ffd81ad0967,Como,Atalanta BC,2025-01-25T14:00:00Z,soccer_italy_serie_a,Serie A,betsson,2.5,1.8,2.0,2025-01-24T11:55:13Z,2025-01-24,fa34bcaf97393b5e1f050ffd81ad0967_2.5
fa34bcaf97393b5e1f050ffd81ad0967,Como,Atalanta BC,2025-01-25T14:00:00Z,soccer_italy_serie_a,Serie A,nordicbet,2.5,1.8,2.0,2025-01-24T11:55:10Z,2025-01-24,fa34bcaf97393b5e1f050ffd81ad0967_2.5
fa34bcaf97393b5e1f050ffd81ad0967,Como,Atalanta BC,2025-01-25T14:00:00Z,soccer_italy_serie_a,Serie A,williamhill,2.5,1.75,2.05,2025-01-24T11:55:10Z,2025-01-24,fa34bcaf97393b5e1f050ffd81ad0967_2.5
fa34bcaf97393b5e1f050ffd81ad0967,Como,Atalanta BC,2025-01-25T14:00:00Z,soccer_italy_serie_a,Serie A,unibet_eu,2.5,1.75,2.02,2025-01-24T11:55:11Z,2025-01-24,fa34bcaf97393b5e1f050ffd81ad0967_2.5
fa34bcaf97393b5e1f050ffd81ad0967,Como,Atalanta BC,2025-01-25T14:00:00Z,soccer_italy_serie_a,Serie A,betrivers,2.5,1.75,2.02,2025-01-24T11:55:10Z,2025-01-24,fa34bcaf97393b5e1f050ffd81ad0967_2.5
fa34bcaf97393b5e1f050ffd81ad0967,Como,Atalanta BC,2025-01-25T14:00:00Z,soccer_italy_serie_a,Serie A,playup,2.5,1.77,2.02,2025-01-24T11:55:11Z,2025-01-24,fa34bcaf97393b5e1f050ffd81ad0967_2.5
fa34bcaf97393b5e1f050ffd81ad0967,Como,Atalanta BC,2025-01-25T14:00:00Z,soccer_italy_serie_a,Serie A,betus,2.5,1.76,2.11,2025-01-24T11:55:12Z,2025-01-24,fa34bcaf97393b5e1f050ffd81ad0967_2.5
fa34bcaf97393b5e1f050ffd81ad0967,Como,Atalanta BC,2025-01-25T14:00:00Z,soccer_italy_serie_a,Serie A,lowvig,2.75,1.96,1.86,2025-01-24T11:55:10Z,2025-01-24,fa34bcaf97393b5e1f050ffd81ad0967_2.75
fa34bcaf97393b5e1f050ffd81ad0967,Como,Atalanta BC,2025-01-25T14:00:00Z,soccer_italy_serie_a,Serie A,betonlineag,2.75,1.96,1.86,2025-01-24T11:55:09Z,2025-01-24,fa34bcaf97393b5e1f050ffd81ad0967_2.75
6cc60797aff9a8685e32f5edbc76b53f,Napoli,Juventus,2025-01-25T17:00:00Z,soccer_italy_serie_a,Serie A,onexbet,2.5,2.58,1.59,2025-01-24T11:55:09Z,2025-01-24,6cc60797aff9a8685e32f5edbc76b53f_2.5
6cc60797aff9a8685e32f5edbc76b53f,Napoli,Juventus,2025-01-25T17:00:00Z,soccer_italy_serie_a,Serie A,pinnacle,2.0,1.88,2.01,2025-01-24T11:55:10Z,2025-01-24,6cc60797aff9a8685e32f5edbc76b53f_2.0
6cc60797aff9a8685e32f5edbc76b53f,Napoli,Juventus,2025-01-25T17:00:00Z,soccer_italy_serie_a,Serie A,bovada,2.0,1.85,1.98,2025-01-24T11:55:09Z,2025-01-24,6cc60797aff9a8685e32f5edbc76b53f_2.0
6cc60797aff9a8685e32f5edbc76b53f,Napoli,Juventus,2025-01-25T17:00:00Z,soccer_italy_serie_a,Serie A,tipico_de,2.5,2.45,1.52,2025-01-24T11:55:12Z,2025-01-24,6cc60797aff9a8685e32f5edbc76b53f_2.5
6cc60797aff9a8685e32f5edbc76b53f,Napoli,Juventus,2025-01-25T17:00:00Z,soccer_italy_serie_a,Serie A,betsson,2.5,2.45,1.55,2025-01-24T11:55:13Z,2025-01-24,6cc60797aff9a8685e32f5edbc76b53f_2.5
6cc60797aff9a8685e32f5edbc76b53f,Napoli,Juventus,2025-01-25T17:00:00Z,soccer_italy_serie_a,Serie A,nordicbet,2.5,2.45,1.55,2025-01-24T11:55:10Z,2025-01-24,6cc60797aff9a8685e32f5edbc76b53f_2.5
6cc60797aff9a8685e32f5edbc76b53f,Napoli,Juventus,2025-01-25T17:00:00Z,soccer_italy_serie_a,Serie A,williamhill,2.5,2.45,1.55,2025-01-24T11:55:10Z,2025-01-24,6cc60797aff9a8685e32f5edbc76b53f_2.5
6cc60797aff9a8685e32f5edbc76b53f,Napoli,Juventus,2025-01-25T17:00:00Z,soccer_italy_serie_a,Serie A,betrivers,2.5,2.5,1.5,2025-01-24T11:55:10Z,2025-01-24,6cc60797aff9a8685e32f5edbc76b53f_2.5
6cc60797aff9a8685e32f5edbc76b53f,Napoli,Juventus,2025-01-25T17:00:00Z,soccer_italy_serie_a,Serie A,unibet_eu,2.5,2.5,1.5,2025-01-24T11:55:11Z,2025-01-24,6cc60797aff9a8685e32f5edbc76b53f_2.5
6cc60797aff9a8685e32f5edbc76b53f,Napoli,Juventus,2025-01-25T17:00:00Z,soccer_italy_serie_a,Serie A,playup,2.5,2.4,1.55,2025-01-24T11:55:11Z,2025-01-24,6cc60797aff9a8685e32f5edbc76b53f_2.5
6cc60797aff9a8685e32f5edbc76b53f,Napoli,Juventus,2025-01-25T17:00:00Z,soccer_italy_serie_a,Serie A,betus,2.0,1.82,2.02,2025-01-24T11:55:12Z,2025-01-24,6cc60797aff9a8685e32f5edbc76b53f_2.0
6cc60797aff9a8685e32f5edbc76b53f,Napoli,Juventus,2025-01-25T17:00:00Z,soccer_italy_serie_a,Serie A,lowvig,2.0,1.85,1.98,2025-01-24T11:55:10Z,2025-01-24,6cc60797aff9a8685e32f5edbc76b53f_2.0
6cc60797aff9a8685e32f5edbc76b53f,Napoli,Juventus,2025-01-25T17:00:00Z,soccer_italy_serie_a,Serie A,betonlineag,2.0,1.85,1.98,2025-01-24T11:55:09Z,2025-01-24,6cc60797aff9a8685e32f5edbc76b53f_2.0
7a54e9b33ed66284fb693ff9b699d6ff,Empoli,Bologna,2025-01-25T19:45:00Z,soccer_italy_serie_a,Serie A,onexbet,2.5,2.39,1.68,2025-01-24T11:55:09Z,2025-01-24,7a54e9b33ed66284fb693ff9b699d6ff_2.5
7a54e9b33ed66284fb693ff9b699d6ff,Empoli,Bologna,2025-01-25T19:45:00Z,soccer_italy_serie_a,Serie A,pinnacle,2.25,2.05,1.85,2025-01-24T11:55:10Z,2025-01-24,7a54e9b33ed66284fb693ff9b699d6ff_2.25
7a54e9b33ed66284fb693ff9b699d6ff,Empoli,Bologna,2025-01-25T19:45:00Z,soccer_italy_serie_a,Serie A,bovada,2.25,2.05,1.8,2025-01-24T11:55:09Z,2025-01-24,7a54e9b33ed66284fb693ff9b699d6ff_2.25
7a54e9b33ed66284fb693ff9b699d6ff,Empoli,Bologna,2025-01-25T19:45:00Z,soccer_italy_serie_a,Serie A,tipico_de,2.5,2.3,1.6,2025-01-24T11:55:12Z,2025-01-24,7a54e9b33ed66284fb693ff9b699d6ff_2.5
7a54e9b33ed66284fb693ff9b699d6ff,Empoli,Bologna,2025-01-25T19:45:00Z,soccer_italy_serie_a,Serie A,nordicbet,2.5,2.3,1.62,2025-01-24T11:55:10Z,2025-01-24,7a54e9b33ed66284fb693ff9b699d6ff_2.5
7a54e9b33ed66284fb693ff9b699d6ff,Empoli,Bologna,2025-01-25T19:45:00Z,soccer_italy_serie_a,Serie A,betsson,2.5,2.3,1.62,2025-01-24T11:55:13Z,2025-01-24,7a54e9b33ed66284fb693ff9b699d6ff_2.5
7a54e9b33ed66284fb693ff9b699d6ff,Empoli,Bologna,2025-01-25T19:45:00Z,soccer_italy_serie_a,Serie A,williamhill,2.5,2.3,1.62,2025-01-24T11:55:10Z,2025-01-24,7a54e9b33ed66284fb693ff9b699d6ff_2.5
7a54e9b33ed66284fb693ff9b699d6ff,Empoli,Bologna,2025-01-25T19:45:00Z,soccer_italy_serie_a,Serie A,betrivers,2.5,2.38,1.55,2025-01-24T11:55:10Z,2025-01-24,7a54e9b33ed66284fb693ff9b699d6ff_2.5
7a54e9b33ed66284fb693ff9b699d6ff,Empoli,Bologna,2025-01-25T19:45:00Z,soccer_italy_serie_a,Serie A,unibet_eu,2.5,2.38,1.55,2025-01-24T11:55:11Z,2025-01-24,7a54e9b33ed66284fb693ff9b699d6ff_2.5
7a54e9b33ed66284fb693ff9b699d6ff,Empoli,Bologna,2025-01-25T19:45:00Z,soccer_italy_serie_a,Serie A,playup,2.5,2.3,1.6,2025-01-24T11:55:11Z,2025-01-24,7a54e9b33ed66284fb693ff9b699d6ff_2.5
7a54e9b33ed66284fb693ff9b699d6ff,Empoli,Bologna,2025-01-25T19:45:00Z,soccer_italy_serie_a,Serie A,betus,2.0,1.71,2.2,2025-01-24T11:55:12Z,2025-01-24,7a54e9b33ed66284fb693ff9b699d6ff_2.0
7a54e9b33ed66284fb693ff9b699d6ff,Empoli,Bologna,2025-01-25T19:45:00Z,soccer_italy_serie_a,Serie A,matchbook,2.5,2.44,1.68,2025-01-24T11:55:09Z,2025-01-24,7a54e9b33ed66284fb693ff9b699d6ff_2.5
7a54e9b33ed66284fb693ff9b699d6ff,Empoli,Bologna,2025-01-25T19:45:00Z,soccer_italy_serie_a,Serie A,lowvig,2.25,2.03,1.81,2025-01-24T11:55:10Z,2025-01-24,7a54e9b33ed66284fb693ff9b699d6ff_2.25
7a54e9b33ed66284fb693ff9b699d6ff,Empoli,Bologna,2025-01-25T19:45:00Z,soccer_italy_serie_a,Serie A,betonlineag,2.25,2.03,1.81,2025-01-24T11:55:09Z,2025-01-24,7a54e9b33ed66284fb693ff9b699d6ff_2.25
8d8da75eb1657cc2b77247a91e627973,AC Milan,Parma,2025-01-26T11:30:00Z,soccer_italy_serie_a,Serie A,pinnacle,3.25,1.9,1.97,2025-01-24T11:55:10Z,2025-01-24,8d8da75eb1657cc2b77247a91e627973_3.25
8d8da75eb1657cc2b77247a91e627973,AC Milan,Parma,2025-01-26T11:30:00Z,soccer_italy_serie_a,Serie A,bovada,3.25,1.89,1.93,2025-01-24T11:55:09Z,2025-01-24,8d8da75eb1657cc2b77247a91e627973_3.25
8d8da75eb1657cc2b77247a91e627973,AC Milan,Parma,2025-01-26T11:30:00Z,soccer_italy_serie_a,Serie A,tipico_de,3.5,1.97,1.75,2025-01-24T11:55:12Z,2025-01-24,8d8da75eb1657cc2b77247a91e627973_3.5
8d8da75eb1657cc2b77247a91e627973,AC Milan,Parma,2025-01-26T11:30:00Z,soccer_italy_serie_a,Serie A,onexbet,3.5,2.16,1.81,2025-01-24T11:55:09Z,2025-01-24,8d8da75eb1657cc2b77247a91e627973_3.5
8d8da75eb1657cc2b77247a91e627973,AC Milan,Parma,2025-01-26T11:30:00Z,soccer_italy_serie_a,Serie A,nordicbet,3.5,2.1,1.75,2025-01-24T11:55:10Z,2025-01-24,8d8da75eb1657cc2b77247a91e627973_3.5
8d8da75eb1657cc2b77247a91e627973,AC Milan,Parma,2025-01-26T11:30:00Z,soccer_italy_serie_a,Serie A,betsson,3.5,2.1,1.75,2025-01-24T11:55:13Z,2025-01-24,8d8da75eb1657cc2b77247a91e627973_3.5
8d8da75eb1657cc2b77247a91e627973,AC Milan,Parma,2025-01-26T11:30:00Z,soccer_italy_serie_a,Serie A,williamhill,2.5,1.44,2.8,2025-01-24T11:55:10Z,2025-01-24,8d8da75eb1657cc2b77247a91e627973_2.5
8d8da75eb1657cc2b77247a91e627973,AC Milan,Parma,2025-01-26T11:30:00Z,soccer_italy_serie_a,Serie A,betrivers,3.5,2.07,1.72,2025-01-24T11:55:10Z,2025-01-24,8d8da75eb1657cc2b77247a91e627973_3.5
8d8da75eb1657cc2b77247a91e627973,AC Milan,Parma,2025-01-26T11:30:00Z,soccer_italy_serie_a,Serie A,unibet_eu,3.5,2.07,1.72,2025-01-24T11:55:11Z,2025-01-24,8d8da75eb1657cc2b77247a91e627973_3.5
8d8da75eb1657cc2b77247a91e627973,AC Milan,Parma,2025-01-26T11:30:00Z,soccer_italy_serie_a,Serie A,betus,3.5,2.06,1.79,2025-01-24T11:55:12Z,2025-01-24,8d8da75eb1657cc2b77247a91e627973_3.5
8d8da75eb1657cc2b77247a91e627973,AC Milan,Parma,2025-01-26T11:30:00Z,soccer_italy_serie_a,Serie A,betonlineag,3.25,1.88,1.94,2025-01-24T11:55:09Z,2025-01-24,8d8da75eb1657cc2b77247a91e627973_3.25
8d8da75eb1657cc2b77247a91e627973,AC Milan,Parma,2025-01-26T11:30:00Z,soccer_italy_serie_a,Serie A,lowvig,3.25,1.88,1.94,2025-01-24T11:55:10Z,2025-01-24,8d8da75eb1657cc2b77247a91e627973_3.25
fda5f13240830906e00818d4b0045c6e,Udinese,AS Roma,2025-01-26T14:00:00Z,soccer_italy_serie_a,Serie A,pinnacle,2.25,1.85,2.04,2025-01-24T11:55:10Z,2025-01-24,fda5f13240830906e00818d4b0045c6e_2.25
fda5f13240830906e00818d4b0045c6e,Udinese,AS Roma,2025-01-26T14:00:00Z,soccer_italy_serie_a,Serie A,bovada,2.25,1.85,1.98,2025-01-24T11:55:09Z,2025-01-24,fda5f13240830906e00818d4b0045c6e_2.25
fda5f13240830906e00818d4b0045c6e,Udinese,AS Roma,2025-01-26T14:00:00Z,soccer_italy_serie_a,Serie A,tipico_de,2.5,2.05,1.72,2025-01-24T11:55:12Z,2025-01-24,fda5f13240830906e00818d4b0045c6e_2.5
fda5f13240830906e00818d4b0045c6e,Udinese,AS Roma,2025-01-26T14:00:00Z,soccer_italy_serie_a,Serie A,onexbet,2.5,2.15,1.82,2025-01-24T11:55:09Z,2025-01-24,fda5f13240830906e00818d4b0045c6e_2.5
fda5f13240830906e00818d4b0045c6e,Udinese,AS Roma,2025-01-26T14:00:00Z,soccer_italy_serie_a,Serie A,nordicbet,2.5,2.1,1.75,2025-01-24T11:55:10Z,2025-01-24,fda5f13240830906e00818d4b0045c6e_2.5
fda5f13240830906e00818d4b0045c6e,Udinese,AS Roma,2025-01-26T14:00:00Z,soccer_italy_serie_a,Serie A,betsson,2.5,2.1,1.75,2025-01-24T11:55:13Z,2025-01-24,fda5f13240830906e00818d4b0045c6e_2.5
fda5f13240830906e00818d4b0045c6e,Udinese,AS Roma,2025-01-26T14:00:00Z,soccer_italy_serie_a,Serie A,williamhill,2.5,2.1,1.75,2025-01-24T11:55:10Z,2025-01-24,fda5f13240830906e00818d4b0045c6e_2.5
fda5f13240830906e00818d4b0045c6e,Udinese,AS Roma,2025-01-26T14:00:00Z,soccer_italy_serie_a,Serie A,unibet_eu,2.5,2.08,1.71,2025-01-24T11:55:11Z,2025-01-24,fda5f13240830906e00818d4b0045c6e_2.5
fda5f13240830906e00818d4b0045c6e,Udinese,AS Roma,2025-01-26T14:00:00Z,soccer_italy_serie_a,Serie A,betrivers,2.5,2.08,1.71,2025-01-24T11:55:10Z,2025-01-24,fda5f13240830906e00818d4b0045c6e_2.5
fda5f13240830906e00818d4b0045c6e,Udinese,AS Roma,2025-01-26T14:00:00Z,soccer_italy_serie_a,Serie A,playup,2.5,2.05,1.75,2025-01-24T11:55:11Z,2025-01-24,fda5f13240830906e00818d4b0045c6e_2.5
fda5f13240830906e00818d4b0045c6e,Udinese,AS Roma,2025-01-26T14:00:00Z,soccer_italy_serie_a,Serie A,betus,2.5,2.02,1.82,2025-01-24T11:55:12Z,2025-01-24,fda5f13240830906e00818d4b0045c6e_2.5
fda5f13240830906e00818d4b0045c6e,Udinese,AS Roma,2025-01-26T14:00:00Z,soccer_italy_serie_a,Serie A,matchbook,2.5,2.16,1.82,2025-01-24T11:55:09Z,2025-01-24,fda5f13240830906e00818d4b0045c6e_2.5
fda5f13240830906e00818d4b0045c6e,Udinese,AS Roma,2025-01-26T14:00:00Z,soccer_italy_serie_a,Serie A,lowvig,2.25,1.83,2.0,2025-01-24T11:55:10Z,2025-01-24,fda5f13240830906e00818d4b0045c6e_2.25
fda5f13240830906e00818d4b0045c6e,Udinese,AS Roma,2025-01-26T14:00:00Z,soccer_italy_serie_a,Serie A,betonlineag,2.25,1.83,2.0,2025-01-24T11:55:09Z,2025-01-24,fda5f13240830906e00818d4b0045c6e_2.25
26770398d9465f98f14f3ebc48eef344,Auxerre,Saint Etienne,2025-01-24T19:45:00Z,soccer_france_ligue_one,Ligue 1,pinnacle,2.75,2.04,1.87,2025-01-24T11:55:00Z,2025-01-24,26770398d9465f98f14f3ebc48eef344_2.75
26770398d9465f98f14f3ebc48eef344,Auxerre,Saint Etienne,2025-01-24T19:45:00Z,soccer_france_ligue_one,Ligue 1,onexbet,2.5,1.86,2.1,2025-01-24T11:55:00Z,2025-01-24,26770398d9465f98f14f3ebc48eef344_2.5
26770398d9465f98f14f3ebc48eef344,Auxerre,Saint Etienne,2025-01-24T19:45:00Z,soccer_france_ligue_one,Ligue 1,bovada,2.75,2.02,1.82,2025-01-24T11:55:00Z,2025-01-24,26770398d9465f98f14f3ebc48eef344_2.75
26770398d9465f98f14f3ebc48eef344,Auxerre,Saint Etienne,2025-01-24T19:45:00Z,soccer_france_ligue_one,Ligue 1,tipico_de,2.5,1.77,2.0,2025-01-24T11:55:03Z,2025-01-24,26770398d9465f98f14f3ebc48eef344_2.5
26770398d9465f98f14f3ebc48eef344,Auxerre,Saint Etienne,2025-01-24T19:45:00Z,soccer_france_ligue_one,Ligue 1,betsson,2.5,1.8,2.05,2025-01-24T11:55:02Z,2025-01-24,26770398d9465f98f14f3ebc48eef344_2.5
26770398d9465f98f14f3ebc48eef344,Auxerre,Saint Etienne,2025-01-24T19:45:00Z,soccer_france_ligue_one,Ligue 1,nordicbet,2.5,1.8,2.05,2025-01-24T11:55:01Z,2025-01-24,26770398d9465f98f14f3ebc48eef344_2.5
26770398d9465f98f14f3ebc48eef344,Auxerre,Saint Etienne,2025-01-24T19:45:00Z,soccer_france_ligue_one,Ligue 1,williamhill,2.5,1.8,2.0,2025-01-24T11:55:01Z,2025-01-24,26770398d9465f98f14f3ebc48eef344_2.5
26770398d9465f98f14f3ebc48eef344,Auxerre,Saint Etienne,2025-01-24T19:45:00Z,soccer_france_ligue_one,Ligue 1,unibet,2.5,1.82,2.0,2025-01-24T11:55:01Z,2025-01-24,26770398d9465f98f14f3ebc48eef344_2.5
26770398d9465f98f14f3ebc48eef344,Auxerre,Saint Etienne,2025-01-24T19:45:00Z,soccer_france_ligue_one,Ligue 1,betrivers,2.5,1.82,2.0,2025-01-24T11:55:01Z,2025-01-24,26770398d9465f98f14f3ebc48eef344_2.5
26770398d9465f98f14f3ebc48eef344,Auxerre,Saint Etienne,2025-01-24T19:45:00Z,soccer_france_ligue_one,Ligue 1,unibet_eu,2.5,1.82,2.0,2025-01-24T11:55:01Z,2025-01-24,26770398d9465f98f14f3ebc48eef344_2.5
26770398d9465f98f14f3ebc48eef344,Auxerre,Saint Etienne,2025-01-24T19:45:00Z,soccer_france_ligue_one,Ligue 1,playup,2.5,1.77,2.02,2025-01-24T11:55:01Z,2025-01-24,26770398d9465f98f14f3ebc48eef344_2.5
26770398d9465f98f14f3ebc48eef344,Auxerre,Saint Etienne,2025-01-24T19:45:00Z,soccer_france_ligue_one,Ligue 1,betus,2.5,1.78,1.98,2025-01-24T11:55:01Z,2025-01-24,26770398d9465f98f14f3ebc48eef344_2.5
26770398d9465f98f14f3ebc48eef344,Auxerre,Saint Etienne,2025-01-24T19:45:00Z,soccer_france_ligue_one,Ligue 1,matchbook,2.5,1.89,2.1,2025-01-24T11:55:00Z,2025-01-24,26770398d9465f98f14f3ebc48eef344_2.5
26770398d9465f98f14f3ebc48eef344,Auxerre,Saint Etienne,2025-01-24T19:45:00Z,soccer_france_ligue_one,Ligue 1,lowvig,2.75,2.03,1.81,2025-01-24T11:55:00Z,2025-01-24,26770398d9465f98f14f3ebc48eef344_2.75
26770398d9465f98f14f3ebc48eef344,Auxerre,Saint Etienne,2025-01-24T19:45:00Z,soccer_france_ligue_one,Ligue 1,betonlineag,2.75,2.03,1.81,2025-01-24T11:53:50Z,2025-01-24,26770398d9465f98f14f3ebc48eef344_2.75
3926c015ef496fbb967bbe0042e4e360,AS Monaco,Rennes,2025-01-25T16:00:00Z,soccer_france_ligue_one,Ligue 1,pinnacle,2.75,1.94,1.94,2025-01-24T11:55:00Z,2025-01-24,3926c015ef496fbb967bbe0042e4e360_2.75
3926c015ef496fbb967bbe0042e4e360,AS Monaco,Rennes,2025-01-25T16:00:00Z,soccer_france_ligue_one,Ligue 1,onexbet,2.5,1.78,2.21,2025-01-24T11:55:00Z,2025-01-24,3926c015ef496fbb967bbe0042e4e360_2.5
3926c015ef496fbb967bbe0042e4e360,AS Monaco,Rennes,2025-01-25T16:00:00Z,soccer_france_ligue_one,Ligue 1,tipico_de,2.5,1.7,2.1,2025-01-24T11:55:03Z,2025-01-24,3926c015ef496fbb967bbe0042e4e360_2.5
3926c015ef496fbb967bbe0042e4e360,AS Monaco,Rennes,2025-01-25T16:00:00Z,soccer_france_ligue_one,Ligue 1,betsson,2.5,1.7,2.15,2025-01-24T11:55:02Z,2025-01-24,3926c015ef496fbb967bbe0042e4e360_2.5
3926c015ef496fbb967bbe0042e4e360,AS Monaco,Rennes,2025-01-25T16:00:00Z,soccer_france_ligue_one,Ligue 1,nordicbet,2.5,1.7,2.15,2025-01-24T11:55:01Z,2025-01-24,3926c015ef496fbb967bbe0042e4e360_2.5
3926c015ef496fbb967bbe0042e4e360,AS Monaco,Rennes,2025-01-25T16:00:00Z,soccer_france_ligue_one,Ligue 1,williamhill,2.5,1.67,2.2,2025-01-24T11:55:01Z,2025-01-24,3926c015ef496fbb967bbe0042e4e360_2.5
3926c015ef496fbb967bbe0042e4e360,AS Monaco,Rennes,2025-01-25T16:00:00Z,soccer_france_ligue_one,Ligue 1,betrivers,2.5,1.72,2.12,2025-01-24T11:55:01Z,2025-01-24,3926c015ef496fbb967bbe0042e4e360_2.5
3926c015ef496fbb967bbe0042e4e360,AS Monaco,Rennes,2025-01-25T16:00:00Z,soccer_france_ligue_one,Ligue 1,unibet,2.5,1.72,2.12,2025-01-24T11:55:01Z,2025-01-24,3926c015ef496fbb967bbe0042e4e360_2.5
3926c015ef496fbb967bbe0042e4e360,AS Monaco,Rennes,2025-01-25T16:00:00Z,soccer_france_ligue_one,Ligue 1,unibet_eu,2.5,1.72,2.12,2025-01-24T11:55:01Z,2025-01-24,3926c015ef496fbb967bbe0042e4e360_2.5
3926c015ef496fbb967bbe0042e4e360,AS Monaco,Rennes,2025-01-25T16:00:00Z,soccer_france_ligue_one,Ligue 1,bovada,2.75,1.91,1.91,2025-01-24T11:55:00Z,2025-01-24,3926c015ef496fbb967bbe0042e4e360_2.75
3926c015ef496fbb967bbe0042e4e360,AS Monaco,Rennes,2025-01-25T16:00:00Z,soccer_france_ligue_one,Ligue 1,playup,2.5,1.7,2.12,2025-01-24T11:55:01Z,2025-01-24,3926c015ef496fbb967bbe0042e4e360_2.5
3926c015ef496fbb967bbe0042e4e360,AS Monaco,Rennes,2025-01-25T16:00:00Z,soccer_france_ligue_one,Ligue 1,betus,2.5,1.71,2.1,2025-01-24T11:55:01Z,2025-01-24,3926c015ef496fbb967bbe0042e4e360_2.5
3926c015ef496fbb967bbe0042e4e360,AS Monaco,Rennes,2025-01-25T16:00:00Z,soccer_france_ligue_one,Ligue 1,betonlineag,2.75,1.91,1.91,2025-01-24T11:53:50Z,2025-01-24,3926c015ef496fbb967bbe0042e4e360_2.75
3926c015ef496fbb967bbe0042e4e360,AS Monaco,Rennes,2025-01-25T16:00:00Z,soccer_france_ligue_one,Ligue 1,lowvig,2.75,1.91,1.91,2025-01-24T11:55:00Z,2025-01-24,3926c015ef496fbb967bbe0042e4e360_2.75
4f3ed47372f0e3fd8aa3b390a3262457,Strasbourg,Lille,2025-01-25T18:00:00Z,soccer_france_ligue_one,Ligue 1,pinnacle,2.5,1.91,1.98,2025-01-24T11:55:00Z,2025-01-24,4f3ed47372f0e3fd8aa3b390a3262457_2.5
4f3ed47372f0e3fd8aa3b390a3262457,Strasbourg,Lille,2025-01-25T18:00:00Z,soccer_france_ligue_one,Ligue 1,onexbet,2.5,1.94,2.01,2025-01-24T11:55:00Z,2025-01-24,4f3ed47372f0e3fd8aa3b390a3262457_2.5
4f3ed47372f0e3fd8aa3b390a3262457,Strasbourg,Lille,2025-01-25T18:00:00Z,soccer_france_ligue_one,Ligue 1,tipico_de,2.5,1.8,1.95,2025-01-24T11:55:03Z,2025-01-24,4f3ed47372f0e3fd8aa3b390a3262457_2.5
4f3ed47372f0e3fd8aa3b390a3262457,Strasbourg,Lille,2025-01-25T18:00:00Z,soccer_france_ligue_one,Ligue 1,betsson,2.5,1.88,1.92,2025-01-24T11:55:02Z,2025-01-24,4f3ed47372f0e3fd8aa3b390a3262457_2.5
4f3ed47372f0e3fd8aa3b390a3262457,Strasbourg,Lille,2025-01-25T18:00:00Z,soccer_france_ligue_one,Ligue 1,nordicbet,2.5,1.88,1.92,2025-01-24T11:55:01Z,2025-01-24,4f3ed47372f0e3fd8aa3b390a3262457_2.5
4f3ed47372f0e3fd8aa3b390a3262457,Strasbourg,Lille,2025-01-25T18:00:00Z,soccer_france_ligue_one,Ligue 1,williamhill,2.5,1.85,1.95,2025-01-24T11:55:01Z,2025-01-24,4f3ed47372f0e3fd8aa3b390a3262457_2.5
4f3ed47372f0e3fd8aa3b390a3262457,Strasbourg,Lille,2025-01-25T18:00:00Z,soccer_france_ligue_one,Ligue 1,unibet,2.5,1.89,1.92,2025-01-24T11:55:01Z,2025-01-24,4f3ed47372f0e3fd8aa3b390a3262457_2.5
4f3ed47372f0e3fd8aa3b390a3262457,Strasbourg,Lille,2025-01-25T18:00:00Z,soccer_france_ligue_one,Ligue 1,unibet_eu,2.5,1.88,1.92,2025-01-24T11:55:01Z,2025-01-24,4f3ed47372f0e3fd8aa3b390a3262457_2.5
4f3ed47372f0e3fd8aa3b390a3262457,Strasbourg,Lille,2025-01-25T18:00:00Z,soccer_france_ligue_one,Ligue 1,betrivers,2.5,1.88,1.92,2025-01-24T11:55:01Z,2025-01-24,4f3ed47372f0e3fd8aa3b390a3262457_2.5
4f3ed47372f0e3fd8aa3b390a3262457,Strasbourg,Lille,2025-01-25T18:00:00Z,soccer_france_ligue_one,Ligue 1,bovada,2.5,1.89,1.93,2025-01-24T11:55:00Z,2025-01-24,4f3ed47372f0e3fd8aa3b390a3262457_2.5
4f3ed47372f0e3fd8aa3b390a3262457,Strasbourg,Lille,2025-01-25T18:00:00Z,soccer_france_ligue_one,Ligue 1,playup,2.5,1.85,1.91,2025-01-24T11:55:01Z,2025-01-24,4f3ed47372f0e3fd8aa3b390a3262457_2.5
4f3ed47372f0e3fd8aa3b390a3262457,Strasbourg,Lille,2025-01-25T18:00:00Z,soccer_france_ligue_one,Ligue 1,betus,2.5,1.86,1.88,2025-01-24T11:55:01Z,2025-01-24,4f3ed47372f0e3fd8aa3b390a3262457_2.5
4f3ed47372f0e3fd8aa3b390a3262457,Strasbourg,Lille,2025-01-25T18:00:00Z,soccer_france_ligue_one,Ligue 1,matchbook,2.5,1.9,2.0,2025-01-24T11:55:00Z,2025-01-24,4f3ed47372f0e3fd8aa3b390a3262457_2.5
4f3ed47372f0e3fd8aa3b390a3262457,Strasbourg,Lille,2025-01-25T18:00:00Z,soccer_france_ligue_one,Ligue 1,lowvig,2.5,1.89,1.93,2025-01-24T11:55:00Z,2025-01-24,4f3ed47372f0e3fd8aa3b390a3262457_2.5
4f3ed47372f0e3fd8aa3b390a3262457,Strasbourg,Lille,2025-01-25T18:00:00Z,soccer_france_ligue_one,Ligue 1,betonlineag,2.5,1.89,1.93,2025-01-24T11:53:50Z,2025-01-24,4f3ed47372f0e3fd8aa3b390a3262457_2.5
19895a19928f34b413c1a90ba7bc9b2f,Paris Saint Germain,Stade de Reims,2025-01-25T20:05:00Z,soccer_france_ligue_one,Ligue 1,pinnacle,3.25,1.92,1.95,2025-01-24T11:55:00Z,2025-01-24,19895a19928f34b413c1a90ba7bc9b2f_3.25
19895a19928f34b413c1a90ba7bc9b2f,Paris Saint Germain,Stade de Reims,2025-01-25T20:05:00Z,soccer_france_ligue_one,Ligue 1,onexbet,3.5,2.18,1.8,2025-01-24T11:55:00Z,2025-01-24,19895a19928f34b413c1a90ba7bc9b2f_3.5
19895a19928f34b413c1a90ba7bc9b2f,Paris Saint Germain,Stade de Reims,2025-01-25T20:05:00Z,soccer_france_ligue_one,Ligue 1,bovada,3.25,1.89,1.93,2025-01-24T11:55:00Z,2025-01-24,19895a19928f34b413c1a90ba7bc9b2f_3.25
19895a19928f34b413c1a90ba7bc9b2f,Paris Saint Germain,Stade de Reims,2025-01-25T20:05:00Z,soccer_france_ligue_one,Ligue 1,tipico_de,3.5,1.95,1.77,2025-01-24T11:55:03Z,2025-01-24,19895a19928f34b413c1a90ba7bc9b2f_3.5
19895a19928f34b413c1a90ba7bc9b2f,Paris Saint Germain,Stade de Reims,2025-01-25T20:05:00Z,soccer_france_ligue_one,Ligue 1,betsson,3.5,2.15,1.72,2025-01-24T11:55:02Z,2025-01-24,19895a19928f34b413c1a90ba7bc9b2f_3.5
19895a19928f34b413c1a90ba7bc9b2f,Paris Saint Germain,Stade de Reims,2025-01-25T20:05:00Z,soccer_france_ligue_one,Ligue 1,nordicbet,3.5,2.15,1.72,2025-01-24T11:55:01Z,2025-01-24,19895a19928f34b413c1a90ba7bc9b2f_3.5
19895a19928f34b413c1a90ba7bc9b2f,Paris Saint Germain,Stade de Reims,2025-01-25T20:05:00Z,soccer_france_ligue_one,Ligue 1,williamhill,2.5,1.4,3.0,2025-01-24T11:55:01Z,2025-01-24,19895a19928f34b413c1a90ba7bc9b2f_2.5
19895a19928f34b413c1a90ba7bc9b2f,Paris Saint Germain,Stade de Reims,2025-01-25T20:05:00Z,soccer_france_ligue_one,Ligue 1,betrivers,3.5,2.08,1.75,2025-01-24T11:55:01Z,2025-01-24,19895a19928f34b413c1a90ba7bc9b2f_3.5
19895a19928f34b413c1a90ba7bc9b2f,Paris Saint Germain,Stade de Reims,2025-01-25T20:05:00Z,soccer_france_ligue_one,Ligue 1,unibet_eu,3.5,2.08,1.75,2025-01-24T11:55:01Z,2025-01-24,19895a19928f34b413c1a90ba7bc9b2f_3.5
19895a19928f34b413c1a90ba7bc9b2f,Paris Saint Germain,Stade de Reims,2025-01-25T20:05:00Z,soccer_france_ligue_one,Ligue 1,unibet,3.5,2.08,1.75,2025-01-24T11:55:01Z,2025-01-24,19895a19928f34b413c1a90ba7bc9b2f_3.5
19895a19928f34b413c1a90ba7bc9b2f,Paris Saint Germain,Stade de Reims,2025-01-25T20:05:00Z,soccer_france_ligue_one,Ligue 1,playup,3.5,2.12,1.7,2025-01-24T11:55:01Z,2025-01-24,19895a19928f34b413c1a90ba7bc9b2f_3.5
19895a19928f34b413c1a90ba7bc9b2f,Paris Saint Germain,Stade de Reims,2025-01-25T20:05:00Z,soccer_france_ligue_one,Ligue 1,lowvig,3.25,1.88,1.93,2025-01-24T11:55:00Z,2025-01-24,19895a19928f34b413c1a90ba7bc9b2f_3.25
19895a19928f34b413c1a90ba7bc9b2f,Paris Saint Germain,Stade de Reims,2025-01-25T20:05:00Z,soccer_france_ligue_one,Ligue 1,betonlineag,3.25,1.88,1.93,2025-01-24T11:53:50Z,2025-01-24,19895a19928f34b413c1a90ba7bc9b2f_3.25
19895a19928f34b413c1a90ba7bc9b2f,Paris Saint Germain,Stade de Reims,2025-01-25T20:05:00Z,soccer_france_ligue_one,Ligue 1,betus,3.5,2.0,1.77,2025-01-24T11:55:01Z,2025-01-24,19895a19928f34b413c1a90ba7bc9b2f_3.5
e3d7b56551683bc63c29eb5314a1f095,Le Havre,Brest,2025-01-26T14:00:00Z,soccer_france_ligue_one,Ligue 1,pinnacle,2.25,2.11,1.8,2025-01-24T11:55:00Z,2025-01-24,e3d7b56551683bc63c29eb5314a1f095_2.25
e3d7b56551683bc63c29eb5314a1f095,Le Havre,Brest,2025-01-26T14:00:00Z,soccer_france_ligue_one,Ligue 1,tipico_de,2.5,2.3,1.6,2025-01-24T11:55:03Z,2025-01-24,e3d7b56551683bc63c29eb5314a1f095_2.5
e3d7b56551683bc63c29eb5314a1f095,Le Havre,Brest,2025-01-26T14:00:00Z,soccer_france_ligue_one,Ligue 1,bovada,2.25,2.02,1.82,2025-01-24T11:55:00Z,2025-01-24,e3d7b56551683bc63c29eb5314a1f095_2.25
e3d7b56551683bc63c29eb5314a1f095,Le Havre,Brest,2025-01-26T14:00:00Z,soccer_france_ligue_one,Ligue 1,onexbet,2.5,2.43,1.66,2025-01-24T11:55:00Z,2025-01-24,e3d7b56551683bc63c29eb5314a1f095_2.5
e3d7b56551683bc63c29eb5314a1f095,Le Havre,Brest,2025-01-26T14:00:00Z,soccer_france_ligue_one,Ligue 1,betsson,2.5,2.35,1.6,2025-01-24T11:55:02Z,2025-01-24,e3d7b56551683bc63c29eb5314a1f095_2.5
e3d7b56551683bc63c29eb5314a1f095,Le Havre,Brest,2025-01-26T14:00:00Z,soccer_france_ligue_one,Ligue 1,nordicbet,2.5,2.35,1.6,2025-01-24T11:55:01Z,2025-01-24,e3d7b56551683bc63c29eb5314a1f095_2.5
e3d7b56551683bc63c29eb5314a1f095,Le Havre,Brest,2025-01-26T14:00:00Z,soccer_france_ligue_one,Ligue 1,williamhill,2.5,2.25,1.65,2025-01-24T11:55:01Z,2025-01-24,e3d7b56551683bc63c29eb5314a1f095_2.5
e3d7b56551683bc63c29eb5314a1f095,Le Havre,Brest,2025-01-26T14:00:00Z,soccer_france_ligue_one,Ligue 1,unibet,2.5,2.3,1.61,2025-01-24T11:55:01Z,2025-01-24,e3d7b56551683bc63c29eb5314a1f095_2.5
e3d7b56551683bc63c29eb5314a1f095,Le Havre,Brest,2025-01-26T14:00:00Z,soccer_france_ligue_one,Ligue 1,betrivers,2.5,2.3,1.61,2025-01-24T11:55:01Z,2025-01-24,e3d7b56551683bc63c29eb5314a1f095_2.5
e3d7b56551683bc63c29eb5314a1f095,Le Havre,Brest,2025-01-26T14:00:00Z,soccer_france_ligue_one,Ligue 1,unibet_eu,2.5,2.3,1.61,2025-01-24T11:55:01Z,2025-01-24,e3d7b56551683bc63c29eb5314a1f095_2.5
e3d7b56551683bc63c29eb5314a1f095,Le Havre,Brest,2025-01-26T14:00:00Z,soccer_france_ligue_one,Ligue 1,playup,2.5,2.35,1.58,2025-01-24T11:55:01Z,2025-01-24,e3d7b56551683bc63c29eb5314a1f095_2.5
e3d7b56551683bc63c29eb5314a1f095,Le Havre,Brest,2025-01-26T14:00:00Z,soccer_france_ligue_one,Ligue 1,betus,2.0,1.74,2.05,2025-01-24T11:55:01Z,2025-01-24,e3d7b56551683bc63c29eb5314a1f095_2.0
e3d7b56551683bc63c29eb5314a1f095,Le Havre,Brest,2025-01-26T14:00:00Z,soccer_france_ligue_one,Ligue 1,lowvig,2.25,2.08,1.78,2025-01-24T11:55:00Z,2025-01-24,e3d7b56551683bc63c29eb5314a1f095_2.25
e3d7b56551683bc63c29eb5314a1f095,Le Havre,Brest,2025-01-26T14:00:00Z,soccer_france_ligue_one,Ligue 1,betonlineag,2.25,2.08,1.78,2025-01-24T11:53:50Z,2025-01-24,e3d7b56551683bc63c29eb5314a1f095_2.25
e3d7b56551683bc63c29eb5314a1f095,Le Havre,Brest,2025-01-26T14:00:00Z,soccer_france_ligue_one,Ligue 1,matchbook,2.5,2.42,1.64,2025-01-24T11:55:00Z,2025-01-24,e3d7b56551683bc63c29eb5314a1f095_2.5
4d24483434e5f1e6cf0bbf2f662bcba0,Sheffield United,Hull City,2025-01-24T20:00:00Z,soccer_efl_champ,Championship,onexbet,2.5,2.02,1.79,2025-01-24T11:54:50Z,2025-01-24,4d24483434e5f1e6cf0bbf2f662bcba0_2.5
4d24483434e5f1e6cf0bbf2f662bcba0,Sheffield United,Hull City,2025-01-24T20:00:00Z,soccer_efl_champ,Championship,playup,2.5,2.02,1.75,2025-01-24T11:54:50Z,2025-01-24,4d24483434e5f1e6cf0bbf2f662bcba0_2.5
4d24483434e5f1e6cf0bbf2f662bcba0,Sheffield United,Hull City,2025-01-24T20:00:00Z,soccer_efl_champ,Championship,tipico_de,2.5,1.93,1.75,2025-01-24T11:53:50Z,2025-01-24,4d24483434e5f1e6cf0bbf2f662bcba0_2.5
4d24483434e5f1e6cf0bbf2f662bcba0,Sheffield United,Hull City,2025-01-24T20:00:00Z,soccer_efl_champ,Championship,betrivers,2.5,2.08,1.71,2025-01-24T11:54:51Z,2025-01-24,4d24483434e5f1e6cf0bbf2f662bcba0_2.5
4d24483434e5f1e6cf0bbf2f662bcba0,Sheffield United,Hull City,2025-01-24T20:00:00Z,soccer_efl_champ,Championship,unibet_eu,2.5,2.08,1.71,2025-01-24T11:54:51Z,2025-01-24,4d24483434e5f1e6cf0bbf2f662bcba0_2.5
4d24483434e5f1e6cf0bbf2f662bcba0,Sheffield United,Hull City,2025-01-24T20:00:00Z,soccer_efl_champ,Championship,unibet,2.5,2.08,1.71,2025-01-24T11:54:51Z,2025-01-24,4d24483434e5f1e6cf0bbf2f662bcba0_2.5
4d24483434e5f1e6cf0bbf2f662bcba0,Sheffield United,Hull City,2025-01-24T20:00:00Z,soccer_efl_champ,Championship,bovada,2.5,2.02,1.82,2025-01-24T11:54:53Z,2025-01-24,4d24483434e5f1e6cf0bbf2f662bcba0_2.5
4d24483434e5f1e6cf0bbf2f662bcba0,Sheffield United,Hull City,2025-01-24T20:00:00Z,soccer_efl_champ,Championship,betsson,2.5,2.05,1.78,2025-01-24T11:54:51Z,2025-01-24,4d24483434e5f1e6cf0bbf2f662bcba0_2.5
4d24483434e5f1e6cf0bbf2f662bcba0,Sheffield United,Hull City,2025-01-24T20:00:00Z,soccer_efl_champ,Championship,nordicbet,2.5,2.05,1.78,2025-01-24T11:54:51Z,2025-01-24,4d24483434e5f1e6cf0bbf2f662bcba0_2.5
4d24483434e5f1e6cf0bbf2f662bcba0,Sheffield United,Hull City,2025-01-24T20:00:00Z,soccer_efl_champ,Championship,betus,2.5,1.93,1.82,2025-01-24T11:54:50Z,2025-01-24,4d24483434e5f1e6cf0bbf2f662bcba0_2.5
4d24483434e5f1e6cf0bbf2f662bcba0,Sheffield United,Hull City,2025-01-24T20:00:00Z,soccer_efl_champ,Championship,williamhill,2.5,1.95,1.85,2025-01-24T11:54:50Z,2025-01-24,4d24483434e5f1e6cf0bbf2f662bcba0_2.5
4d24483434e5f1e6cf0bbf2f662bcba0,Sheffield United,Hull City,2025-01-24T20:00:00Z,soccer_efl_champ,Championship,pinnacle,2.5,2.08,1.82,2025-01-24T11:54:50Z,2025-01-24,4d24483434e5f1e6cf0bbf2f662bcba0_2.5
4d24483434e5f1e6cf0bbf2f662bcba0,Sheffield United,Hull City,2025-01-24T20:00:00Z,soccer_efl_champ,Championship,lowvig,2.25,1.81,2.03,2025-01-24T11:54:50Z,2025-01-24,4d24483434e5f1e6cf0bbf2f662bcba0_2.25
4d24483434e5f1e6cf0bbf2f662bcba0,Sheffield United,Hull City,2025-01-24T20:00:00Z,soccer_efl_champ,Championship,betonlineag,2.25,1.81,2.03,2025-01-24T11:53:43Z,2025-01-24,4d24483434e5f1e6cf0bbf2f662bcba0_2.25
30ddd76f75a14f8a0c03ec20170da1a5,Luton,Millwall,2025-01-25T12:30:00Z,soccer_efl_champ,Championship,onexbet,1.5,1.5,2.34,2025-01-24T11:54:50Z,2025-01-24,30ddd76f75a14f8a0c03ec20170da1a5_1.5
30ddd76f75a14f8a0c03ec20170da1a5,Luton,Millwall,2025-01-25T12:30:00Z,soccer_efl_champ,Championship,playup,1.5,1.52,2.45,2025-01-24T11:54:50Z,2025-01-24,30ddd76f75a14f8a0c03ec20170da1a5_1.5
30ddd76f75a14f8a0c03ec20170da1a5,Luton,Millwall,2025-01-25T12:30:00Z,soccer_efl_champ,Championship,tipico_de,2.5,2.5,1.45,2025-01-24T11:53:50Z,2025-01-24,30ddd76f75a14f8a0c03ec20170da1a5_2.5
30ddd76f75a14f8a0c03ec20170da1a5,Luton,Millwall,2025-01-25T12:30:00Z,soccer_efl_champ,Championship,unibet,2.5,2.7,1.45,2025-01-24T11:54:51Z,2025-01-24,30ddd76f75a14f8a0c03ec20170da1a5_2.5
30ddd76f75a14f8a0c03ec20170da1a5,Luton,Millwall,2025-01-25T12:30:00Z,soccer_efl_champ,Championship,betrivers,1.5,1.5,2.5,2025-01-24T11:54:51Z,2025-01-24,30ddd76f75a14f8a0c03ec20170da1a5_1.5
30ddd76f75a14f8a0c03ec20170da1a5,Luton,Millwall,2025-01-25T12:30:00Z,soccer_efl_champ,Championship,unibet_eu,2.5,2.7,1.44,2025-01-24T11:54:51Z,2025-01-24,30ddd76f75a14f8a0c03ec20170da1a5_2.5
30ddd76f75a14f8a0c03ec20170da1a5,Luton,Millwall,2025-01-25T12:30:00Z,soccer_efl_champ,Championship,bovada,2.0,1.95,1.87,2025-01-24T11:54:53Z,2025-01-24,30ddd76f75a14f8a0c03ec20170da1a5_2.0
30ddd76f75a14f8a0c03ec20170da1a5,Luton,Millwall,2025-01-25T12:30:00Z,soccer_efl_champ,Championship,betsson,1.5,1.55,2.55,2025-01-24T11:54:51Z,2025-01-24,30ddd76f75a14f8a0c03ec20170da1a5_1.5
30ddd76f75a14f8a0c03ec20170da1a5,Luton,Millwall,2025-01-25T12:30:00Z,soccer_efl_champ,Championship,nordicbet,1.5,1.55,2.55,2025-01-24T11:54:51Z,2025-01-24,30ddd76f75a14f8a0c03ec20170da1a5_1.5
30ddd76f75a14f8a0c03ec20170da1a5,Luton,Millwall,2025-01-25T12:30:00Z,soccer_efl_champ,Championship,williamhill,2.5,2.5,1.5,2025-01-24T11:54:50Z,2025-01-24,30ddd76f75a14f8a0c03ec20170da1a5_2.5
30ddd76f75a14f8a0c03ec20170da1a5,Luton,Millwall,2025-01-25T12:30:00Z,soccer_efl_champ,Championship,pinnacle,2.0,2.0,1.86,2025-01-24T11:54:50Z,2025-01-24,30ddd76f75a14f8a0c03ec20170da1a5_2.0
30ddd76f75a14f8a0c03ec20170da1a5,Luton,Millwall,2025-01-25T12:30:00Z,soccer_efl_champ,Championship,betonlineag,2.0,1.9,1.92,2025-01-24T11:53:43Z,2025-01-24,30ddd76f75a14f8a0c03ec20170da1a5_2.0
30ddd76f75a14f8a0c03ec20170da1a5,Luton,Millwall,2025-01-25T12:30:00Z,soccer_efl_champ,Championship,lowvig,2.0,1.9,1.92,2025-01-24T11:54:50Z,2025-01-24,30ddd76f75a14f8a0c03ec20170da1a5_2.0
30ddd76f75a14f8a0c03ec20170da1a5,Luton,Millwall,2025-01-25T12:30:00Z,soccer_efl_champ,Championship,betus,2.0,1.87,1.87,2025-01-24T11:54:50Z,2025-01-24,30ddd76f75a14f8a0c03ec20170da1a5_2.0
9724ec537b38abbcae47eabb850732f0,Norwich City,Swansea City,2025-01-25T12:30:00Z,soccer_efl_champ,Championship,onexbet,2.5,1.92,1.88,2025-01-24T11:54:50Z,2025-01-24,9724ec537b38abbcae47eabb850732f0_2.5
9724ec537b38abbcae47eabb850732f0,Norwich City,Swansea City,2025-01-25T12:30:00Z,soccer_efl_champ,Championship,playup,2.5,1.92,1.82,2025-01-24T11:54:50Z,2025-01-24,9724ec537b38abbcae47eabb850732f0_2.5
9724ec537b38abbcae47eabb850732f0,Norwich City,Swansea City,2025-01-25T12:30:00Z,soccer_efl_champ,Championship,tipico_de,2.5,1.87,1.83,2025-01-24T11:53:50Z,2025-01-24,9724ec537b38abbcae47eabb850732f0_2.5
9724ec537b38abbcae47eabb850732f0,Norwich City,Swansea City,2025-01-25T12:30:00Z,soccer_efl_champ,Championship,unibet_eu,2.5,1.83,1.92,2025-01-24T11:54:51Z,2025-01-24,9724ec537b38abbcae47eabb850732f0_2.5
9724ec537b38abbcae47eabb850732f0,Norwich City,Swansea City,2025-01-25T12:30:00Z,soccer_efl_champ,Championship,betrivers,2.5,1.83,1.92,2025-01-24T11:54:51Z,2025-01-24,9724ec537b38abbcae47eabb850732f0_2.5
9724ec537b38abbcae47eabb850732f0,Norwich City,Swansea City,2025-01-25T12:30:00Z,soccer_efl_champ,Championship,unibet,2.5,1.84,1.92,2025-01-24T11:54:51Z,2025-01-24,9724ec537b38abbcae47eabb850732f0_2.5
9724ec537b38abbcae47eabb850732f0,Norwich City,Swansea City,2025-01-25T12:30:00Z,soccer_efl_champ,Championship,bovada,2.5,1.91,1.91,2025-01-24T11:54:53Z,2025-01-24,9724ec537b38abbcae47eabb850732f0_2.5
9724ec537b38abbcae47eabb850732f0,Norwich City,Swansea City,2025-01-25T12:30:00Z,soccer_efl_champ,Championship,betsson,2.5,1.96,1.85,2025-01-24T11:54:51Z,2025-01-24,9724ec537b38abbcae47eabb850732f0_2.5
9724ec537b38abbcae47eabb850732f0,Norwich City,Swansea City,2025-01-25T12:30:00Z,soccer_efl_champ,Championship,nordicbet,2.5,1.96,1.85,2025-01-24T11:54:51Z,2025-01-24,9724ec537b38abbcae47eabb850732f0_2.5
9724ec537b38abbcae47eabb850732f0,Norwich City,Swansea City,2025-01-25T12:30:00Z,soccer_efl_champ,Championship,matchbook,2.5,2.02,1.97,2025-01-24T11:54:50Z,2025-01-24,9724ec537b38abbcae47eabb850732f0_2.5
9724ec537b38abbcae47eabb850732f0,Norwich City,Swansea City,2025-01-25T12:30:00Z,soccer_efl_champ,Championship,williamhill,2.5,1.95,1.85,2025-01-24T11:54:50Z,2025-01-24,9724ec537b38abbcae47eabb850732f0_2.5
9724ec537b38abbcae47eabb850732f0,Norwich City,Swansea City,2025-01-25T12:30:00Z,soccer_efl_champ,Championship,betonlineag,2.5,1.89,1.93,2025-01-24T11:53:43Z,2025-01-24,9724ec537b38abbcae47eabb850732f0_2.5
9724ec537b38abbcae47eabb850732f0,Norwich City,Swansea City,2025-01-25T12:30:00Z,soccer_efl_champ,Championship,lowvig,2.5,1.89,1.93,2025-01-24T11:54:50Z,2025-01-24,9724ec537b38abbcae47eabb850732f0_2.5
9724ec537b38abbcae47eabb850732f0,Norwich City,Swansea City,2025-01-25T12:30:00Z,soccer_efl_champ,Championship,pinnacle,2.5,1.96,1.89,2025-01-24T11:54:50Z,2025-01-24,9724ec537b38abbcae47eabb850732f0_2.5
9724ec537b38abbcae47eabb850732f0,Norwich City,Swansea City,2025-01-25T12:30:00Z,soccer_efl_champ,Championship,betus,2.5,1.87,1.87,2025-01-24T11:54:50Z,2025-01-24,9724ec537b38abbcae47eabb850732f0_2.5
94825950dd7556b1ff53dfa2426a5e8d,Stoke City,Oxford United,2025-01-25T12:30:00Z,soccer_efl_champ,Championship,onexbet,2.5,2.06,1.76,2025-01-24T11:54:50Z,2025-01-24,94825950dd7556b1ff53dfa2426a5e8d_2.5
94825950dd7556b1ff53dfa2426a5e8d,Stoke City,Oxford United,2025-01-25T12:30:00Z,soccer_efl_champ,Championship,playup,2.5,2.0,1.75,2025-01-24T11:54:50Z,2025-01-24,94825950dd7556b1ff53dfa2426a5e8d_2.5
94825950dd7556b1ff53dfa2426a5e8d,Stoke City,Oxford United,2025-01-25T12:30:00Z,soccer_efl_champ,Championship,tipico_de,2.5,1.95,1.75,2025-01-24T11:53:50Z,2025-01-24,94825950dd7556b1ff53dfa2426a5e8d_2.5
94825950dd7556b1ff53dfa2426a5e8d,Stoke City,Oxford United,2025-01-25T12:30:00Z,soccer_efl_champ,Championship,betrivers,2.5,1.96,1.8,2025-01-24T11:54:51Z,2025-01-24,94825950dd7556b1ff53dfa2426a5e8d_2.5
94825950dd7556b1ff53dfa2426a5e8d,Stoke City,Oxford United,2025-01-25T12:30:00Z,soccer_efl_champ,Championship,unibet_eu,2.5,1.96,1.8,2025-01-24T11:54:51Z,2025-01-24,94825950dd7556b1ff53dfa2426a5e8d_2.5
94825950dd7556b1ff53dfa2426a5e8d,Stoke City,Oxford United,2025-01-25T12:30:00Z,soccer_efl_champ,Championship,unibet,2.5,1.97,1.8,2025-01-24T11:54:51Z,2025-01-24,94825950dd7556b1ff53dfa2426a5e8d_2.5
94825950dd7556b1ff53dfa2426a5e8d,Stoke City,Oxford United,2025-01-25T12:30:00Z,soccer_efl_champ,Championship,bovada,2.25,1.83,2.0,2025-01-24T11:54:53Z,2025-01-24,94825950dd7556b1ff53dfa2426a5e8d_2.25
94825950dd7556b1ff53dfa2426a5e8d,Stoke City,Oxford United,2025-01-25T12:30:00Z,soccer_efl_champ,Championship,betsson,2.5,2.05,1.78,2025-01-24T11:54:51Z,2025-01-24,94825950dd7556b1ff53dfa2426a5e8d_2.5
94825950dd7556b1ff53dfa2426a5e8d,Stoke City,Oxford United,2025-01-25T12:30:00Z,soccer_efl_champ,Championship,nordicbet,2.5,2.05,1.78,2025-01-24T11:54:51Z,2025-01-24,94825950dd7556b1ff53dfa2426a5e8d_2.5
94825950dd7556b1ff53dfa2426a5e8d,Stoke City,Oxford United,2025-01-25T12:30:00Z,soccer_efl_champ,Championship,williamhill,2.5,2.0,1.85,2025-01-24T11:54:50Z,2025-01-24,94825950dd7556b1ff53dfa2426a5e8d_2.5
94825950dd7556b1ff53dfa2426a5e8d,Stoke City,Oxford United,2025-01-25T12:30:00Z,soccer_efl_champ,Championship,betonlineag,2.25,1.82,2.02,2025-01-24T11:53:43Z,2025-01-24,94825950dd7556b1ff53dfa2426a5e8d_2.25
94825950dd7556b1ff53dfa2426a5e8d,Stoke City,Oxford United,2025-01-25T12:30:00Z,soccer_efl_champ,Championship,lowvig,2.25,1.82,2.02,2025-01-24T11:54:50Z,2025-01-24,94825950dd7556b1ff53dfa2426a5e8d_2.25
94825950dd7556b1ff53dfa2426a5e8d,Stoke City,Oxford United,2025-01-25T12:30:00Z,soccer_efl_champ,Championship,matchbook,2.5,2.14,1.81,2025-01-24T11:54:50Z,2025-01-24,94825950dd7556b1ff53dfa2426a5e8d_2.5
94825950dd7556b1ff53dfa2426a5e8d,Stoke City,Oxford United,2025-01-25T12:30:00Z,soccer_efl_champ,Championship,pinnacle,2.25,1.83,2.03,2025-01-24T11:54:50Z,2025-01-24,94825950dd7556b1ff53dfa2426a5e8d_2.25
94825950dd7556b1ff53dfa2426a5e8d,Stoke City,Oxford United,2025-01-25T12:30:00Z,soccer_efl_champ,Championship,betus,2.25,1.83,1.91,2025-01-24T11:54:50Z,2025-01-24,94825950dd7556b1ff53dfa2426a5e8d_2.25
aec584c1047bcd3cdc014025b399ee7f,Bristol City,Blackburn Rovers,2025-01-25T15:00:00Z,soccer_efl_champ,Championship,onexbet,2.5,2.23,1.65,2025-01-24T11:54:50Z,2025-01-24,aec584c1047bcd3cdc014025b399ee7f_2.5
aec584c1047bcd3cdc014025b399ee7f,Bristol City,Blackburn Rovers,2025-01-25T15:00:00Z,soccer_efl_champ,Championship,playup,2.5,2.25,1.6,2025-01-24T11:54:50Z,2025-01-24,aec584c1047bcd3cdc014025b399ee7f_2.5
aec584c1047bcd3cdc014025b399ee7f,Bristol City,Blackburn Rovers,2025-01-25T15:00:00Z,soccer_efl_champ,Championship,tipico_de,2.5,2.15,1.62,2025-01-24T11:53:50Z,2025-01-24,aec584c1047bcd3cdc014025b399ee7f_2.5
aec584c1047bcd3cdc014025b399ee7f,Bristol City,Blackburn Rovers,2025-01-25T15:00:00Z,soccer_efl_champ,Championship,unibet,2.5,2.12,1.68,2025-01-24T11:54:51Z,2025-01-24,aec584c1047bcd3cdc014025b399ee7f_2.5
aec584c1047bcd3cdc014025b399ee7f,Bristol City,Blackburn Rovers,2025-01-25T15:00:00Z,soccer_efl_champ,Championship,unibet_eu,2.5,2.12,1.68,2025-01-24T11:54:51Z,2025-01-24,aec584c1047bcd3cdc014025b399ee7f_2.5
aec584c1047bcd3cdc014025b399ee7f,Bristol City,Blackburn Rovers,2025-01-25T15:00:00Z,soccer_efl_champ,Championship,betrivers,2.5,2.12,1.68,2025-01-24T11:54:51Z,2025-01-24,aec584c1047bcd3cdc014025b399ee7f_2.5
aec584c1047bcd3cdc014025b399ee7f,Bristol City,Blackburn Rovers,2025-01-25T15:00:00Z,soccer_efl_champ,Championship,bovada,2.25,1.95,1.87,2025-01-24T11:54:53Z,2025-01-24,aec584c1047bcd3cdc014025b399ee7f_2.25
aec584c1047bcd3cdc014025b399ee7f,Bristol City,Blackburn Rovers,2025-01-25T15:00:00Z,soccer_efl_champ,Championship,nordicbet,2.5,2.25,1.65,2025-01-24T11:54:51Z,2025-01-24,aec584c1047bcd3cdc014025b399ee7f_2.5
aec584c1047bcd3cdc014025b399ee7f,Bristol City,Blackburn Rovers,2025-01-25T15:00:00Z,soccer_efl_champ,Championship,betsson,2.5,2.25,1.65,2025-01-24T11:54:51Z,2025-01-24,aec584c1047bcd3cdc014025b399ee7f_2.5
aec584c1047bcd3cdc014025b399ee7f,Bristol City,Blackburn Rovers,2025-01-25T15:00:00Z,soccer_efl_champ,Championship,williamhill,2.5,2.25,1.65,2025-01-24T11:54:50Z,2025-01-24,aec584c1047bcd3cdc014025b399ee7f_2.5
aec584c1047bcd3cdc014025b399ee7f,Bristol City,Blackburn Rovers,2025-01-25T15:00:00Z,soccer_efl_champ,Championship,lowvig,2.25,2.0,1.83,2025-01-24T11:54:50Z,2025-01-24,aec584c1047bcd3cdc014025b399ee7f_2.25
aec584c1047bcd3cdc014025b399ee7f,Bristol City,Blackburn Rovers,2025-01-25T15:00:00Z,soccer_efl_champ,Championship,betonlineag,2.25,2.0,1.83,2025-01-24T11:53:43Z,2025-01-24,aec584c1047bcd3cdc014025b399ee7f_2.25
aec584c1047bcd3cdc014025b399ee7f,Bristol City,Blackburn Rovers,2025-01-25T15:00:00Z,soccer_efl_champ,Championship,pinnacle,2.25,2.01,1.85,2025-01-24T11:54:50Z,2025-01-24,aec584c1047bcd3cdc014025b399ee7f_2.25
aec584c1047bcd3cdc014025b399ee7f,Bristol City,Blackburn Rovers,2025-01-25T15:00:00Z,soccer_efl_champ,Championship,betus,2.25,1.87,1.87,2025-01-24T11:54:50Z,2025-01-24,aec584c1047bcd3cdc014025b399ee7f_2.25
1c217e56ebd4bdce4300c664733058b1,Cardiff City,Derby County,2025-01-25T15:00:00Z,soccer_efl_champ,Championship,onexbet,2.5,2.47,1.54,2025-01-24T11:54:50Z,2025-01-24,1c217e56ebd4bdce4300c664733058b1_2.5
1c217e56ebd4bdce4300c664733058b1,Cardiff City,Derby County,2025-01-25T15:00:00Z,soccer_efl_champ,Championship,playup,2.5,2.4,1.52,2025-01-24T11:54:50Z,2025-01-24,1c217e56ebd4bdce4300c664733058b1_2.5
1c217e56ebd4bdce4300c664733058b1,Cardiff City,Derby County,2025-01-25T15:00:00Z,soccer_efl_champ,Championship,tipico_de,2.5,2.4,1.5,2025-01-24T11:53:50Z,2025-01-24,1c217e56ebd4bdce4300c664733058b1_2.5
1c217e56ebd4bdce4300c664733058b1,Cardiff City,Derby County,2025-01-25T15:00:00Z,soccer_efl_champ,Championship,unibet_eu,2.5,2.45,1.53,2025-01-24T11:54:51Z,2025-01-24,1c217e56ebd4bdce4300c664733058b1_2.5
1c217e56ebd4bdce4300c664733058b1,Cardiff City,Derby County,2025-01-25T15:00:00Z,soccer_efl_champ,Championship,betrivers,2.5,2.45,1.53,2025-01-24T11:54:51Z,2025-01-24,1c217e56ebd4bdce4300c664733058b1_2.5
1c217e56ebd4bdce4300c664733058b1,Cardiff City,Derby County,2025-01-25T15:00:00Z,soccer_efl_champ,Championship,unibet,2.5,2.45,1.53,2025-01-24T11:54:51Z,2025-01-24,1c217e56ebd4bdce4300c664733058b1_2.5
1c217e56ebd4bdce4300c664733058b1,Cardiff City,Derby County,2025-01-25T15:00:00Z,soccer_efl_champ,Championship,bovada,2.0,1.83,2.0,2025-01-24T11:54:53Z,2025-01-24,1c217e56ebd4bdce4300c664733058b1_2.0
1c217e56ebd4bdce4300c664733058b1,Cardiff City,Derby County,2025-01-25T15:00:00Z,soccer_efl_champ,Championship,betsson,2.5,2.45,1.55,2025-01-24T11:54:51Z,2025-01-24,1c217e56ebd4bdce4300c664733058b1_2.5
1c217e56ebd4bdce4300c664733058b1,Cardiff City,Derby County,2025-01-25T15:00:00Z,soccer_efl_champ,Championship,nordicbet,2.5,2.45,1.55,2025-01-24T11:54:51Z,2025-01-24,1c217e56ebd4bdce4300c664733058b1_2.5
1c217e56ebd4bdce4300c664733058b1,Cardiff City,Derby County,2025-01-25T15:00:00Z,soccer_efl_champ,Championship,williamhill,2.5,2.38,1.6,2025-01-24T11:54:50Z,2025-01-24,1c217e56ebd4bdce4300c664733058b1_2.5
1c217e56ebd4bdce4300c664733058b1,Cardiff City,Derby County,2025-01-25T15:00:00Z,soccer_efl_champ,Championship,pinnacle,2.0,1.85,2.01,2025-01-24T11:54:50Z,2025-01-24,1c217e56ebd4bdce4300c664733058b1_2.0
1c217e56ebd4bdce4300c664733058b1,Cardiff City,Derby County,2025-01-25T15:00:00Z,soccer_efl_champ,Championship,betonlineag,2.0,1.85,1.97,2025-01-24T11:53:43Z,2025-01-24,1c217e56ebd4bdce4300c664733058b1_2.0
1c217e56ebd4bdce4300c664733058b1,Cardiff City,Derby County,2025-01-25T15:00:00Z,soccer_efl_champ,Championship,lowvig,2.0,1.85,1.97,2025-01-24T11:54:50Z,2025-01-24,1c217e56ebd4bdce4300c664733058b1_2.0
1c217e56ebd4bdce4300c664733058b1,Cardiff City,Derby County,2025-01-25T15:00:00Z,soccer_efl_champ,Championship,betus,2.0,1.83,1.91,2025-01-24T11:54:50Z,2025-01-24,1c217e56ebd4bdce4300c664733058b1_2.0
77f950ca7221f4baec3c82f5e231cdb0,Coventry City,Watford,2025-01-25T15:00:00Z,soccer_efl_champ,Championship,onexbet,2.5,1.83,1.97,2025-01-24T11:54:50Z,2025-01-24,77f950ca7221f4baec3c82f5e231cdb0_2.5
77f950ca7221f4baec3c82f5e231cdb0,Coventry City,Watford,2025-01-25T15:00:00Z,soccer_efl_champ,Championship,playup,2.5,1.8,1.95,2025-01-24T11:54:50Z,2025-01-24,77f950ca7221f4baec3c82f5e231cdb0_2.5
77f950ca7221f4baec3c82f5e231cdb0,Coventry City,Watford,2025-01-25T15:00:00Z,soccer_efl_champ,Championship,unibet,3.5,3.15,1.34,2025-01-24T11:54:51Z,2025-01-24,77f950ca7221f4baec3c82f5e231cdb0_3.5
77f950ca7221f4baec3c82f5e231cdb0,Coventry City,Watford,2025-01-25T15:00:00Z,soccer_efl_champ,Championship,betrivers,2.5,1.78,2.0,2025-01-24T11:54:51Z,2025-01-24,77f950ca7221f4baec3c82f5e231cdb0_2.5
77f950ca7221f4baec3c82f5e231cdb0,Coventry City,Watford,2025-01-25T15:00:00Z,soccer_efl_champ,Championship,unibet_eu,3.5,3.15,1.34,2025-01-24T11:54:51Z,2025-01-24,77f950ca7221f4baec3c82f5e231cdb0_3.5
77f950ca7221f4baec3c82f5e231cdb0,Coventry City,Watford,2025-01-25T15:00:00Z,soccer_efl_champ,Championship,bovada,2.5,1.83,2.0,2025-01-24T11:54:53Z,2025-01-24,77f950ca7221f4baec3c82f5e231cdb0_2.5
77f950ca7221f4baec3c82f5e231cdb0,Coventry City,Watford,2025-01-25T15:00:00Z,soccer_efl_champ,Championship,betsson,2.5,1.83,2.0,2025-01-24T11:54:51Z,2025-01-24,77f950ca7221f4baec3c82f5e231cdb0_2.5
77f950ca7221f4baec3c82f5e231cdb0,Coventry City,Watford,2025-01-25T15:00:00Z,soccer_efl_champ,Championship,nordicbet,2.5,1.83,2.0,2025-01-24T11:54:51Z,2025-01-24,77f950ca7221f4baec3c82f5e231cdb0_2.5
77f950ca7221f4baec3c82f5e231cdb0,Coventry City,Watford,2025-01-25T15:00:00Z,soccer_efl_champ,Championship,williamhill,2.5,1.85,1.95,2025-01-24T11:54:50Z,2025-01-24,77f950ca7221f4baec3c82f5e231cdb0_2.5
77f950ca7221f4baec3c82f5e231cdb0,Coventry City,Watford,2025-01-25T15:00:00Z,soccer_efl_champ,Championship,pinnacle,2.5,1.86,2.0,2025-01-24T11:54:50Z,2025-01-24,77f950ca7221f4baec3c82f5e231cdb0_2.5
77f950ca7221f4baec3c82f5e231cdb0,Coventry City,Watford,2025-01-25T15:00:00Z,soccer_efl_champ,Championship,betonlineag,2.5,1.82,2.02,2025-01-24T11:53:43Z,2025-01-24,77f950ca7221f4baec3c82f5e231cdb0_2.5
77f950ca7221f4baec3c82f5e231cdb0,Coventry City,Watford,2025-01-25T15:00:00Z,soccer_efl_champ,Championship,lowvig,2.5,1.82,2.02,2025-01-24T11:54:50Z,2025-01-24,77f950ca7221f4baec3c82f5e231cdb0_2.5
77f950ca7221f4baec3c82f5e231cdb0,Coventry City,Watford,2025-01-25T15:00:00Z,soccer_efl_champ,Championship,matchbook,2.5,1.85,2.12,2025-01-24T11:54:50Z,2025-01-24,77f950ca7221f4baec3c82f5e231cdb0_2.5
77f950ca7221f4baec3c82f5e231cdb0,Coventry City,Watford,2025-01-25T15:00:00Z,soccer_efl_champ,Championship,betus,2.5,1.83,1.91,2025-01-24T11:54:50Z,2025-01-24,77f950ca7221f4baec3c82f5e231cdb0_2.5
86d62cebd3d1c9497b47fdfd479ad285,Preston North End,Middlesbrough,2025-01-25T15:00:00Z,soccer_efl_champ,Championship,onexbet,2.5,2.09,1.74,2025-01-24T11:54:50Z,2025-01-24,86d62cebd3d1c9497b47fdfd479ad285_2.5
86d62cebd3d1c9497b47fdfd479ad285,Preston North End,Middlesbrough,2025-01-25T15:00:00Z,soccer_efl_champ,Championship,playup,2.5,2.05,1.72,2025-01-24T11:54:50Z,2025-01-24,86d62cebd3d1c9497b47fdfd479ad285_2.5
86d62cebd3d1c9497b47fdfd479ad285,Preston North End,Middlesbrough,2025-01-25T15:00:00Z,soccer_efl_champ,Championship,tipico_de,2.5,2.05,1.67,2025-01-24T11:53:50Z,2025-01-24,86d62cebd3d1c9497b47fdfd479ad285_2.5
86d62cebd3d1c9497b47fdfd479ad285,Preston North End,Middlesbrough,2025-01-25T15:00:00Z,soccer_efl_champ,Championship,unibet,2.5,2.0,1.77,2025-01-24T11:54:51Z,2025-01-24,86d62cebd3d1c9497b47fdfd479ad285_2.5
86d62cebd3d1c9497b47fdfd479ad285,Preston North End,Middlesbrough,2025-01-25T15:00:00Z,soccer_efl_champ,Championship,betrivers,2.5,2.0,1.77,2025-01-24T11:54:51Z,2025-01-24,86d62cebd3d1c9497b47fdfd479ad285_2.5
86d62cebd3d1c9497b47fdfd479ad285,Preston North End,Middlesbrough,2025-01-25T15:00:00Z,soccer_efl_champ,Championship,unibet_eu,2.5,2.0,1.77,2025-01-24T11:54:51Z,2025-01-24,86d62cebd3d1c9497b47fdfd479ad285_2.5
86d62cebd3d1c9497b47fdfd479ad285,Preston North End,Middlesbrough,2025-01-25T15:00:00Z,soccer_efl_champ,Championship,bovada,2.25,1.85,1.98,2025-01-24T11:54:53Z,2025-01-24,86d62cebd3d1c9497b47fdfd479ad285_2.25
86d62cebd3d1c9497b47fdfd479ad285,Preston North End,Middlesbrough,2025-01-25T15:00:00Z,soccer_efl_champ,Championship,betsson,2.5,2.1,1.75,2025-01-24T11:54:51Z,2025-01-24,86d62cebd3d1c9497b47fdfd479ad285_2.5
86d62cebd3d1c9497b47fdfd479ad285,Preston North End,Middlesbrough,2025-01-25T15:00:00Z,soccer_efl_champ,Championship,nordicbet,2.5,2.1,1.75,2025-01-24T11:54:51Z,2025-01-24,86d62cebd3d1c9497b47fdfd479ad285_2.5
86d62cebd3d1c9497b47fdfd479ad285,Preston North End,Middlesbrough,2025-01-25T15:00:00Z,soccer_efl_champ,Championship,williamhill,2.5,2.15,1.73,2025-01-24T11:54:50Z,2025-01-24,86d62cebd3d1c9497b47fdfd479ad285_2.5
86d62cebd3d1c9497b47fdfd479ad285,Preston North End,Middlesbrough,2025-01-25T15:00:00Z,soccer_efl_champ,Championship,pinnacle,2.25,1.86,1.99,2025-01-24T11:54:50Z,2025-01-24,86d62cebd3d1c9497b47fdfd479ad285_2.25
86d62cebd3d1c9497b47fdfd479ad285,Preston North End,Middlesbrough,2025-01-25T15:00:00Z,soccer_efl_champ,Championship,lowvig,2.25,1.86,1.96,2025-01-24T11:54:50Z,2025-01-24,86d62cebd3d1c9497b47fdfd479ad285_2.25
86d62cebd3d1c9497b47fdfd479ad285,Preston North End,Middlesbrough,2025-01-25T15:00:00Z,soccer_efl_champ,Championship,betonlineag,2.25,1.86,1.96,2025-01-24T11:53:43Z,2025-01-24,86d62cebd3d1c9497b47fdfd479ad285_2.25
86d62cebd3d1c9497b47fdfd479ad285,Preston North End,Middlesbrough,2025-01-25T15:00:00Z,soccer_efl_champ,Championship,matchbook,2.5,2.18,1.78,2025-01-24T11:54:50Z,2025-01-24,86d62cebd3d1c9497b47fdfd479ad285_2.5
86d62cebd3d1c9497b47fdfd479ad285,Preston North End,Middlesbrough,2025-01-25T15:00:00Z,soccer_efl_champ,Championship,betus,2.25,1.85,1.89,2025-01-24T11:54:50Z,2025-01-24,86d62cebd3d1c9497b47fdfd479ad285_2.25
916348cabf6c787c61df027c5889eb24,Sunderland,Plymouth Argyle,2025-01-25T15:00:00Z,soccer_efl_champ,Championship,onexbet,3.5,2.4,1.57,2025-01-24T11:54:50Z,2025-01-24,916348cabf6c787c61df027c5889eb24_3.5
916348cabf6c787c61df027c5889eb24,Sunderland,Plymouth Argyle,2025-01-25T15:00:00Z,soccer_efl_champ,Championship,playup,2.5,1.52,2.4,2025-01-24T11:54:50Z,2025-01-24,916348cabf6c787c61df027c5889eb24_2.5
916348cabf6c787c61df027c5889eb24,Sunderland,Plymouth Argyle,2025-01-25T15:00:00Z,soccer_efl_champ,Championship,tipico_de,3.5,2.2,1.6,2025-01-24T11:53:50Z,2025-01-24,916348cabf6c787c61df027c5889eb24_3.5
916348cabf6c787c61df027c5889eb24,Sunderland,Plymouth Argyle,2025-01-25T15:00:00Z,soccer_efl_champ,Championship,unibet,3.5,2.55,1.49,2025-01-24T11:54:51Z,2025-01-24,916348cabf6c787c61df027c5889eb24_3.5
916348cabf6c787c61df027c5889eb24,Sunderland,Plymouth Argyle,2025-01-25T15:00:00Z,soccer_efl_champ,Championship,betrivers,2.5,1.56,2.38,2025-01-24T11:54:51Z,2025-01-24,916348cabf6c787c61df027c5889eb24_2.5
916348cabf6c787c61df027c5889eb24,Sunderland,Plymouth Argyle,2025-01-25T15:00:00Z,soccer_efl_champ,Championship,unibet_eu,3.5,2.55,1.49,2025-01-24T11:54:51Z,2025-01-24,916348cabf6c787c61df027c5889eb24_3.5
916348cabf6c787c61df027c5889eb24,Sunderland,Plymouth Argyle,2025-01-25T15:00:00Z,soccer_efl_champ,Championship,bovada,3.0,1.91,1.91,2025-01-24T11:54:53Z,2025-01-24,916348cabf6c787c61df027c5889eb24_3.0
916348cabf6c787c61df027c5889eb24,Sunderland,Plymouth Argyle,2025-01-25T15:00:00Z,soccer_efl_champ,Championship,nordicbet,2.5,1.55,2.45,2025-01-24T11:54:51Z,2025-01-24,916348cabf6c787c61df027c5889eb24_2.5
916348cabf6c787c61df027c5889eb24,Sunderland,Plymouth Argyle,2025-01-25T15:00:00Z,soccer_efl_champ,Championship,betsson,2.5,1.55,2.45,2025-01-24T11:54:51Z,2025-01-24,916348cabf6c787c61df027c5889eb24_2.5
916348cabf6c787c61df027c5889eb24,Sunderland,Plymouth Argyle,2025-01-25T15:00:00Z,soccer_efl_champ,Championship,williamhill,2.5,1.57,2.45,2025-01-24T11:54:50Z,2025-01-24,916348cabf6c787c61df027c5889eb24_2.5
916348cabf6c787c61df027c5889eb24,Sunderland,Plymouth Argyle,2025-01-25T15:00:00Z,soccer_efl_champ,Championship,lowvig,3.0,1.87,1.95,2025-01-24T11:54:50Z,2025-01-24,916348cabf6c787c61df027c5889eb24_3.0
916348cabf6c787c61df027c5889eb24,Sunderland,Plymouth Argyle,2025-01-25T15:00:00Z,soccer_efl_champ,Championship,betonlineag,3.0,1.87,1.95,2025-01-24T11:53:43Z,2025-01-24,916348cabf6c787c61df027c5889eb24_3.0
916348cabf6c787c61df027c5889eb24,Sunderland,Plymouth Argyle,2025-01-25T15:00:00Z,soccer_efl_champ,Championship,pinnacle,3.0,1.9,1.93,2025-01-24T11:54:50Z,2025-01-24,916348cabf6c787c61df027c5889eb24_3.0
916348cabf6c787c61df027c5889eb24,Sunderland,Plymouth Argyle,2025-01-25T15:00:00Z,soccer_efl_champ,Championship,betus,3.0,1.87,1.87,2025-01-24T11:54:50Z,2025-01-24,916348cabf6c787c61df027c5889eb24_3.0
ab709eb3eeb81087bf3317ec51291184,West Bromwich Albion,Portsmouth,2025-01-25T15:00:00Z,soccer_efl_champ,Championship,onexbet,2.5,1.95,1.85,2025-01-24T11:54:50Z,2025-01-24,ab709eb3eeb81087bf3317ec51291184_2.5
ab709eb3eeb81087bf3317ec51291184,West Bromwich Albion,Portsmouth,2025-01-25T15:00:00Z,soccer_efl_champ,Championship,playup,2.5,1.93,1.82,2025-01-24T11:54:50Z,2025-01-24,ab709eb3eeb81087bf3317ec51291184_2.5
ab709eb3eeb81087bf3317ec51291184,West Bromwich Albion,Portsmouth,2025-01-25T15:00:00Z,soccer_efl_champ,Championship,tipico_de,2.5,1.87,1.83,2025-01-24T11:53:50Z,2025-01-24,ab709eb3eeb81087bf3317ec51291184_2.5
ab709eb3eeb81087bf3317ec51291184,West Bromwich Albion,Portsmouth,2025-01-25T15:00:00Z,soccer_efl_champ,Championship,betrivers,2.5,1.97,1.79,2025-01-24T11:54:51Z,2025-01-24,ab709eb3eeb81087bf3317ec51291184_2.5
ab709eb3eeb81087bf3317ec51291184,West Bromwich Albion,Portsmouth,2025-01-25T15:00:00Z,soccer_efl_champ,Championship,unibet_eu,2.5,1.97,1.79,2025-01-24T11:54:51Z,2025-01-24,ab709eb3eeb81087bf3317ec51291184_2.5
ab709eb3eeb81087bf3317ec51291184,West Bromwich Albion,Portsmouth,2025-01-25T15:00:00Z,soccer_efl_champ,Championship,unibet,2.5,1.98,1.79,2025-01-24T11:54:51Z,2025-01-24,ab709eb3eeb81087bf3317ec51291184_2.5
ab709eb3eeb81087bf3317ec51291184,West Bromwich Albion,Portsmouth,2025-01-25T15:00:00Z,soccer_efl_champ,Championship,bovada,2.5,1.95,1.87,2025-01-24T11:54:53Z,2025-01-24,ab709eb3eeb81087bf3317ec51291184_2.5
ab709eb3eeb81087bf3317ec51291184,West Bromwich Albion,Portsmouth,2025-01-25T15:00:00Z,soccer_efl_champ,Championship,nordicbet,2.5,1.96,1.85,2025-01-24T11:54:51Z,2025-01-24,ab709eb3eeb81087bf3317ec51291184_2.5
ab709eb3eeb81087bf3317ec51291184,West Bromwich Albion,Portsmouth,2025-01-25T15:00:00Z,soccer_efl_champ,Championship,betsson,2.5,1.96,1.85,2025-01-24T11:54:51Z,2025-01-24,ab709eb3eeb81087bf3317ec51291184_2.5
ab709eb3eeb81087bf3317ec51291184,West Bromwich Albion,Portsmouth,2025-01-25T15:00:00Z,soccer_efl_champ,Championship,williamhill,2.5,1.95,1.85,2025-01-24T11:54:50Z,2025-01-24,ab709eb3eeb81087bf3317ec51291184_2.5
ab709eb3eeb81087bf3317ec51291184,West Bromwich Albion,Portsmouth,2025-01-25T15:00:00Z,soccer_efl_champ,Championship,matchbook,2.5,1.99,1.92,2025-01-24T11:54:50Z,2025-01-24,ab709eb3eeb81087bf3317ec51291184_2.5
ab709eb3eeb81087bf3317ec51291184,West Bromwich Albion,Portsmouth,2025-01-25T15:00:00Z,soccer_efl_champ,Championship,betonlineag,2.5,1.94,1.88,2025-01-24T11:53:43Z,2025-01-24,ab709eb3eeb81087bf3317ec51291184_2.5
ab709eb3eeb81087bf3317ec51291184,West Bromwich Albion,Portsmouth,2025-01-25T15:00:00Z,soccer_efl_champ,Championship,lowvig,2.5,1.94,1.88,2025-01-24T11:54:50Z,2025-01-24,ab709eb3eeb81087bf3317ec51291184_2.5
ab709eb3eeb81087bf3317ec51291184,West Bromwich Albion,Portsmouth,2025-01-25T15:00:00Z,soccer_efl_champ,Championship,pinnacle,2.5,1.99,1.87,2025-01-24T11:54:50Z,2025-01-24,ab709eb3eeb81087bf3317ec51291184_2.5
ab709eb3eeb81087bf3317ec51291184,West Bromwich Albion,Portsmouth,2025-01-25T15:00:00Z,soccer_efl_champ,Championship,betus,2.5,1.87,1.87,2025-01-24T11:54:50Z,2025-01-24,ab709eb3eeb81087bf3317ec51291184_2.5
e74cbfda400112adfc874c49cab97893,Queens Park Rangers,Sheffield Wednesday,2025-01-25T15:00:00Z,soccer_efl_champ,Championship,onexbet,2.5,2.16,1.69,2025-01-24T11:54:50Z,2025-01-24,e74cbfda400112adfc874c49cab97893_2.5
e74cbfda400112adfc874c49cab97893,Queens Park Rangers,Sheffield Wednesday,2025-01-25T15:00:00Z,soccer_efl_champ,Championship,playup,2.5,2.12,1.68,2025-01-24T11:54:50Z,2025-01-24,e74cbfda400112adfc874c49cab97893_2.5
e74cbfda400112adfc874c49cab97893,Queens Park Rangers,Sheffield Wednesday,2025-01-25T15:00:00Z,soccer_efl_champ,Championship,tipico_de,2.5,2.05,1.67,2025-01-24T11:53:50Z,2025-01-24,e74cbfda400112adfc874c49cab97893_2.5
e74cbfda400112adfc874c49cab97893,Queens Park Rangers,Sheffield Wednesday,2025-01-25T15:00:00Z,soccer_efl_champ,Championship,unibet,2.5,2.05,1.73,2025-01-24T11:54:51Z,2025-01-24,e74cbfda400112adfc874c49cab97893_2.5
e74cbfda400112adfc874c49cab97893,Queens Park Rangers,Sheffield Wednesday,2025-01-25T15:00:00Z,soccer_efl_champ,Championship,unibet_eu,2.5,2.05,1.73,2025-01-24T11:54:51Z,2025-01-24,e74cbfda400112adfc874c49cab97893_2.5
e74cbfda400112adfc874c49cab97893,Queens Park Rangers,Sheffield Wednesday,2025-01-25T15:00:00Z,soccer_efl_champ,Championship,betrivers,2.5,2.05,1.73,2025-01-24T11:54:51Z,2025-01-24,e74cbfda400112adfc874c49cab97893_2.5
e74cbfda400112adfc874c49cab97893,Queens Park Rangers,Sheffield Wednesday,2025-01-25T15:00:00Z,soccer_efl_champ,Championship,bovada,2.25,1.87,1.95,2025-01-24T11:54:53Z,2025-01-24,e74cbfda400112adfc874c49cab97893_2.25
e74cbfda400112adfc874c49cab97893,Queens Park Rangers,Sheffield Wednesday,2025-01-25T15:00:00Z,soccer_efl_champ,Championship,williamhill,2.5,2.2,1.67,2025-01-24T11:54:50Z,2025-01-24,e74cbfda400112adfc874c49cab97893_2.5
e74cbfda400112adfc874c49cab97893,Queens Park Rangers,Sheffield Wednesday,2025-01-25T15:00:00Z,soccer_efl_champ,Championship,betonlineag,2.25,1.86,1.96,2025-01-24T11:53:43Z,2025-01-24,e74cbfda400112adfc874c49cab97893_2.25
e74cbfda400112adfc874c49cab97893,Queens Park Rangers,Sheffield Wednesday,2025-01-25T15:00:00Z,soccer_efl_champ,Championship,lowvig,2.25,1.86,1.96,2025-01-24T11:54:50Z,2025-01-24,e74cbfda400112adfc874c49cab97893_2.25
e74cbfda400112adfc874c49cab97893,Queens Park Rangers,Sheffield Wednesday,2025-01-25T15:00:00Z,soccer_efl_champ,Championship,matchbook,2.5,2.22,1.77,2025-01-24T11:54:50Z,2025-01-24,e74cbfda400112adfc874c49cab97893_2.5
e74cbfda400112adfc874c49cab97893,Queens Park Rangers,Sheffield Wednesday,2025-01-25T15:00:00Z,soccer_efl_champ,Championship,pinnacle,2.25,1.93,1.93,2025-01-24T11:54:50Z,2025-01-24,e74cbfda400112adfc874c49cab97893_2.25
e74cbfda400112adfc874c49cab97893,Queens Park Rangers,Sheffield Wednesday,2025-01-25T15:00:00Z,soccer_efl_champ,Championship,betus,2.25,1.87,1.87,2025-01-24T11:54:50Z,2025-01-24,e74cbfda400112adfc874c49cab97893_2.25
95e48da363504757c84f33ff8efe1df8,Elche,SD Eibar,2025-01-24T19:30:00Z,soccer_spain_segunda_division,La Liga 2,pinnacle,2.0,1.88,2.0,2025-01-24T11:55:30Z,2025-01-24,95e48da363504757c84f33ff8efe1df8_2.0
95e48da363504757c84f33ff8efe1df8,Elche,SD Eibar,2025-01-24T19:30:00Z,soccer_spain_segunda_division,La Liga 2,onexbet,2.5,2.49,1.53,2025-01-24T11:55:30Z,2025-01-24,95e48da363504757c84f33ff8efe1df8_2.5
95e48da363504757c84f33ff8efe1df8,Elche,SD Eibar,2025-01-24T19:30:00Z,soccer_spain_segunda_division,La Liga 2,nordicbet,2.5,2.45,1.52,2025-01-24T11:55:31Z,2025-01-24,95e48da363504757c84f33ff8efe1df8_2.5
95e48da363504757c84f33ff8efe1df8,Elche,SD Eibar,2025-01-24T19:30:00Z,soccer_spain_segunda_division,La Liga 2,betsson,2.5,2.45,1.52,2025-01-24T11:55:32Z,2025-01-24,95e48da363504757c84f33ff8efe1df8_2.5
95e48da363504757c84f33ff8efe1df8,Elche,SD Eibar,2025-01-24T19:30:00Z,soccer_spain_segunda_division,La Liga 2,bovada,2.0,1.89,1.93,2025-01-24T11:55:30Z,2025-01-24,95e48da363504757c84f33ff8efe1df8_2.0
95e48da363504757c84f33ff8efe1df8,Elche,SD Eibar,2025-01-24T19:30:00Z,soccer_spain_segunda_division,La Liga 2,tipico_de,2.5,2.35,1.52,2025-01-24T11:55:32Z,2025-01-24,95e48da363504757c84f33ff8efe1df8_2.5
95e48da363504757c84f33ff8efe1df8,Elche,SD Eibar,2025-01-24T19:30:00Z,soccer_spain_segunda_division,La Liga 2,unibet_eu,2.5,2.4,1.5,2025-01-24T11:55:31Z,2025-01-24,95e48da363504757c84f33ff8efe1df8_2.5
95e48da363504757c84f33ff8efe1df8,Elche,SD Eibar,2025-01-24T19:30:00Z,soccer_spain_segunda_division,La Liga 2,unibet,2.5,2.4,1.5,2025-01-24T11:55:31Z,2025-01-24,95e48da363504757c84f33ff8efe1df8_2.5
95e48da363504757c84f33ff8efe1df8,Elche,SD Eibar,2025-01-24T19:30:00Z,soccer_spain_segunda_division,La Liga 2,williamhill,2.5,2.5,1.55,2025-01-24T11:55:32Z,2025-01-24,95e48da363504757c84f33ff8efe1df8_2.5
95e48da363504757c84f33ff8efe1df8,Elche,SD Eibar,2025-01-24T19:30:00Z,soccer_spain_segunda_division,La Liga 2,betus,2.0,1.88,1.87,2025-01-24T11:55:31Z,2025-01-24,95e48da363504757c84f33ff8efe1df8_2.0
95e48da363504757c84f33ff8efe1df8,Elche,SD Eibar,2025-01-24T19:30:00Z,soccer_spain_segunda_division,La Liga 2,betonlineag,2.0,1.87,1.95,2025-01-24T11:54:14Z,2025-01-24,95e48da363504757c84f33ff8efe1df8_2.0
95e48da363504757c84f33ff8efe1df8,Elche,SD Eibar,2025-01-24T19:30:00Z,soccer_spain_segunda_division,La Liga 2,lowvig,2.0,1.87,1.95,2025-01-24T11:55:30Z,2025-01-24,95e48da363504757c84f33ff8efe1df8_2.0
0655f8648c343c17ea83f827753ffa37,Córdoba,Real Racing Club de Santander,2025-01-25T15:15:00Z,soccer_spain_segunda_division,La Liga 2,pinnacle,2.75,1.97,1.88,2025-01-24T11:55:30Z,2025-01-24,0655f8648c343c17ea83f827753ffa37_2.75
0655f8648c343c17ea83f827753ffa37,Córdoba,Real Racing Club de Santander,2025-01-25T15:15:00Z,soccer_spain_segunda_division,La Liga 2,onexbet,2.5,1.75,2.07,2025-01-24T11:55:30Z,2025-01-24,0655f8648c343c17ea83f827753ffa37_2.5
0655f8648c343c17ea83f827753ffa37,Córdoba,Real Racing Club de Santander,2025-01-25T15:15:00Z,soccer_spain_segunda_division,La Liga 2,bovada,2.75,1.95,1.87,2025-01-24T11:55:30Z,2025-01-24,0655f8648c343c17ea83f827753ffa37_2.75
0655f8648c343c17ea83f827753ffa37,Córdoba,Real Racing Club de Santander,2025-01-25T15:15:00Z,soccer_spain_segunda_division,La Liga 2,tipico_de,2.5,1.7,2.05,2025-01-24T11:55:32Z,2025-01-24,0655f8648c343c17ea83f827753ffa37_2.5
0655f8648c343c17ea83f827753ffa37,Córdoba,Real Racing Club de Santander,2025-01-25T15:15:00Z,soccer_spain_segunda_division,La Liga 2,unibet_eu,2.5,1.71,2.02,2025-01-24T11:55:31Z,2025-01-24,0655f8648c343c17ea83f827753ffa37_2.5
0655f8648c343c17ea83f827753ffa37,Córdoba,Real Racing Club de Santander,2025-01-25T15:15:00Z,soccer_spain_segunda_division,La Liga 2,unibet,2.5,1.71,2.02,2025-01-24T11:55:31Z,2025-01-24,0655f8648c343c17ea83f827753ffa37_2.5
0655f8648c343c17ea83f827753ffa37,Córdoba,Real Racing Club de Santander,2025-01-25T15:15:00Z,soccer_spain_segunda_division,La Liga 2,betsson,2.5,1.75,2.05,2025-01-24T11:55:32Z,2025-01-24,0655f8648c343c17ea83f827753ffa37_2.5
0655f8648c343c17ea83f827753ffa37,Córdoba,Real Racing Club de Santander,2025-01-25T15:15:00Z,soccer_spain_segunda_division,La Liga 2,nordicbet,2.5,1.75,2.05,2025-01-24T11:55:31Z,2025-01-24,0655f8648c343c17ea83f827753ffa37_2.5
0655f8648c343c17ea83f827753ffa37,Córdoba,Real Racing Club de Santander,2025-01-25T15:15:00Z,soccer_spain_segunda_division,La Liga 2,williamhill,2.5,1.75,2.05,2025-01-24T11:55:32Z,2025-01-24,0655f8648c343c17ea83f827753ffa37_2.5
0655f8648c343c17ea83f827753ffa37,Córdoba,Real Racing Club de Santander,2025-01-25T15:15:00Z,soccer_spain_segunda_division,La Liga 2,betus,2.75,1.87,1.88,2025-01-24T11:55:31Z,2025-01-24,0655f8648c343c17ea83f827753ffa37_2.75
0655f8648c343c17ea83f827753ffa37,Córdoba,Real Racing Club de Santander,2025-01-25T15:15:00Z,soccer_spain_segunda_division,La Liga 2,matchbook,2.5,1.75,2.1,2025-01-24T11:55:30Z,2025-01-24,0655f8648c343c17ea83f827753ffa37_2.5
0655f8648c343c17ea83f827753ffa37,Córdoba,Real Racing Club de Santander,2025-01-25T15:15:00Z,soccer_spain_segunda_division,La Liga 2,lowvig,2.75,1.95,1.87,2025-01-24T11:55:30Z,2025-01-24,0655f8648c343c17ea83f827753ffa37_2.75
0655f8648c343c17ea83f827753ffa37,Córdoba,Real Racing Club de Santander,2025-01-25T15:15:00Z,soccer_spain_segunda_division,La Liga 2,betonlineag,2.75,1.95,1.87,2025-01-24T11:54:14Z,2025-01-24,0655f8648c343c17ea83f827753ffa37_2.75
0655f8648c343c17ea83f827753ffa37,Córdoba,Real Racing Club de Santander,2025-01-25T15:15:00Z,soccer_spain_segunda_division,La Liga 2,betanysports,2.75,1.95,1.87,2025-01-24T11:55:31Z,2025-01-24,0655f8648c343c17ea83f827753ffa37_2.75
c409fae776a2fc24a1a820272b5a6fc6,Deportivo La Coruña,Levante,2025-01-25T17:30:00Z,soccer_spain_segunda_division,La Liga 2,pinnacle,2.5,1.97,1.88,2025-01-24T11:55:30Z,2025-01-24,c409fae776a2fc24a1a820272b5a6fc6_2.5
c409fae776a2fc24a1a820272b5a6fc6,Deportivo La Coruña,Levante,2025-01-25T17:30:00Z,soccer_spain_segunda_division,La Liga 2,onexbet,2.5,1.94,1.86,2025-01-24T11:55:30Z,2025-01-24,c409fae776a2fc24a1a820272b5a6fc6_2.5
c409fae776a2fc24a1a820272b5a6fc6,Deportivo La Coruña,Levante,2025-01-25T17:30:00Z,soccer_spain_segunda_division,La Liga 2,tipico_de,2.5,1.85,1.83,2025-01-24T11:55:32Z,2025-01-24,c409fae776a2fc24a1a820272b5a6fc6_2.5
c409fae776a2fc24a1a820272b5a6fc6,Deportivo La Coruña,Levante,2025-01-25T17:30:00Z,soccer_spain_segunda_division,La Liga 2,betsson,2.5,1.9,1.83,2025-01-24T11:55:32Z,2025-01-24,c409fae776a2fc24a1a820272b5a6fc6_2.5
c409fae776a2fc24a1a820272b5a6fc6,Deportivo La Coruña,Levante,2025-01-25T17:30:00Z,soccer_spain_segunda_division,La Liga 2,nordicbet,2.5,1.9,1.83,2025-01-24T11:55:31Z,2025-01-24,c409fae776a2fc24a1a820272b5a6fc6_2.5
c409fae776a2fc24a1a820272b5a6fc6,Deportivo La Coruña,Levante,2025-01-25T17:30:00Z,soccer_spain_segunda_division,La Liga 2,bovada,2.5,1.98,1.85,2025-01-24T11:55:30Z,2025-01-24,c409fae776a2fc24a1a820272b5a6fc6_2.5
c409fae776a2fc24a1a820272b5a6fc6,Deportivo La Coruña,Levante,2025-01-25T17:30:00Z,soccer_spain_segunda_division,La Liga 2,betmgm,2.5,1.91,1.77,2025-01-24T11:55:30Z,2025-01-24,c409fae776a2fc24a1a820272b5a6fc6_2.5
c409fae776a2fc24a1a820272b5a6fc6,Deportivo La Coruña,Levante,2025-01-25T17:30:00Z,soccer_spain_segunda_division,La Liga 2,unibet,2.5,1.89,1.8,2025-01-24T11:55:31Z,2025-01-24,c409fae776a2fc24a1a820272b5a6fc6_2.5
c409fae776a2fc24a1a820272b5a6fc6,Deportivo La Coruña,Levante,2025-01-25T17:30:00Z,soccer_spain_segunda_division,La Liga 2,unibet_eu,2.5,1.89,1.8,2025-01-24T11:55:31Z,2025-01-24,c409fae776a2fc24a1a820272b5a6fc6_2.5
c409fae776a2fc24a1a820272b5a6fc6,Deportivo La Coruña,Levante,2025-01-25T17:30:00Z,soccer_spain_segunda_division,La Liga 2,williamhill,2.5,2.0,1.83,2025-01-24T11:55:32Z,2025-01-24,c409fae776a2fc24a1a820272b5a6fc6_2.5
c409fae776a2fc24a1a820272b5a6fc6,Deportivo La Coruña,Levante,2025-01-25T17:30:00Z,soccer_spain_segunda_division,La Liga 2,betus,2.5,1.87,1.88,2025-01-24T11:55:31Z,2025-01-24,c409fae776a2fc24a1a820272b5a6fc6_2.5
c409fae776a2fc24a1a820272b5a6fc6,Deportivo La Coruña,Levante,2025-01-25T17:30:00Z,soccer_spain_segunda_division,La Liga 2,matchbook,2.5,1.98,1.86,2025-01-24T11:55:30Z,2025-01-24,c409fae776a2fc24a1a820272b5a6fc6_2.5
c409fae776a2fc24a1a820272b5a6fc6,Deportivo La Coruña,Levante,2025-01-25T17:30:00Z,soccer_spain_segunda_division,La Liga 2,lowvig,2.5,2.0,1.83,2025-01-24T11:55:30Z,2025-01-24,c409fae776a2fc24a1a820272b5a6fc6_2.5
c409fae776a2fc24a1a820272b5a6fc6,Deportivo La Coruña,Levante,2025-01-25T17:30:00Z,soccer_spain_segunda_division,La Liga 2,betonlineag,2.5,2.0,1.83,2025-01-24T11:54:14Z,2025-01-24,c409fae776a2fc24a1a820272b5a6fc6_2.5
c409fae776a2fc24a1a820272b5a6fc6,Deportivo La Coruña,Levante,2025-01-25T17:30:00Z,soccer_spain_segunda_division,La Liga 2,betanysports,2.5,2.0,1.83,2025-01-24T11:55:31Z,2025-01-24,c409fae776a2fc24a1a820272b5a6fc6_2.5
20fee9cb7ad14abd4dfac19af785a13c,SD Huesca,FC Cartagena,2025-01-25T17:30:00Z,soccer_spain_segunda_division,La Liga 2,pinnacle,2.0,1.93,1.93,2025-01-24T11:55:30Z,2025-01-24,20fee9cb7ad14abd4dfac19af785a13c_2.0
20fee9cb7ad14abd4dfac19af785a13c,SD Huesca,FC Cartagena,2025-01-25T17:30:00Z,soccer_spain_segunda_division,La Liga 2,onexbet,2.5,2.39,1.48,2025-01-24T11:55:30Z,2025-01-24,20fee9cb7ad14abd4dfac19af785a13c_2.5
20fee9cb7ad14abd4dfac19af785a13c,SD Huesca,FC Cartagena,2025-01-25T17:30:00Z,soccer_spain_segunda_division,La Liga 2,tipico_de,2.5,2.45,1.47,2025-01-24T11:55:32Z,2025-01-24,20fee9cb7ad14abd4dfac19af785a13c_2.5
20fee9cb7ad14abd4dfac19af785a13c,SD Huesca,FC Cartagena,2025-01-25T17:30:00Z,soccer_spain_segunda_division,La Liga 2,unibet_eu,2.5,2.65,1.42,2025-01-24T11:55:31Z,2025-01-24,20fee9cb7ad14abd4dfac19af785a13c_2.5
20fee9cb7ad14abd4dfac19af785a13c,SD Huesca,FC Cartagena,2025-01-25T17:30:00Z,soccer_spain_segunda_division,La Liga 2,unibet,2.5,2.65,1.42,2025-01-24T11:55:31Z,2025-01-24,20fee9cb7ad14abd4dfac19af785a13c_2.5
20fee9cb7ad14abd4dfac19af785a13c,SD Huesca,FC Cartagena,2025-01-25T17:30:00Z,soccer_spain_segunda_division,La Liga 2,bovada,2.0,1.95,1.87,2025-01-24T11:55:30Z,2025-01-24,20fee9cb7ad14abd4dfac19af785a13c_2.0
20fee9cb7ad14abd4dfac19af785a13c,SD Huesca,FC Cartagena,2025-01-25T17:30:00Z,soccer_spain_segunda_division,La Liga 2,betsson,1.5,1.5,2.5,2025-01-24T11:55:32Z,2025-01-24,20fee9cb7ad14abd4dfac19af785a13c_1.5
20fee9cb7ad14abd4dfac19af785a13c,SD Huesca,FC Cartagena,2025-01-25T17:30:00Z,soccer_spain_segunda_division,La Liga 2,nordicbet,1.5,1.5,2.5,2025-01-24T11:55:31Z,2025-01-24,20fee9cb7ad14abd4dfac19af785a13c_1.5
20fee9cb7ad14abd4dfac19af785a13c,SD Huesca,FC Cartagena,2025-01-25T17:30:00Z,soccer_spain_segunda_division,La Liga 2,williamhill,2.5,2.7,1.44,2025-01-24T11:55:32Z,2025-01-24,20fee9cb7ad14abd4dfac19af785a13c_2.5
20fee9cb7ad14abd4dfac19af785a13c,SD Huesca,FC Cartagena,2025-01-25T17:30:00Z,soccer_spain_segunda_division,La Liga 2,betus,2.0,1.87,1.87,2025-01-24T11:55:31Z,2025-01-24,20fee9cb7ad14abd4dfac19af785a13c_2.0
20fee9cb7ad14abd4dfac19af785a13c,SD Huesca,FC Cartagena,2025-01-25T17:30:00Z,soccer_spain_segunda_division,La Liga 2,lowvig,2.0,1.94,1.88,2025-01-24T11:55:30Z,2025-01-24,20fee9cb7ad14abd4dfac19af785a13c_2.0
20fee9cb7ad14abd4dfac19af785a13c,SD Huesca,FC Cartagena,2025-01-25T17:30:00Z,soccer_spain_segunda_division,La Liga 2,betonlineag,2.0,1.94,1.88,2025-01-24T11:54:14Z,2025-01-24,20fee9cb7ad14abd4dfac19af785a13c_2.0
20fee9cb7ad14abd4dfac19af785a13c,SD Huesca,FC Cartagena,2025-01-25T17:30:00Z,soccer_spain_segunda_division,La Liga 2,betanysports,2.0,1.94,1.88,2025-01-24T11:55:31Z,2025-01-24,20fee9cb7ad14abd4dfac19af785a13c_2.0
051efc4eb089747cb26dc7035cebb7d7,Tenerife,CD Eldense,2025-01-25T20:00:00Z,soccer_spain_segunda_division,La Liga 2,pinnacle,2.0,2.01,1.85,2025-01-24T11:55:30Z,2025-01-24,051efc4eb089747cb26dc7035cebb7d7_2.0
051efc4eb089747cb26dc7035cebb7d7,Tenerife,CD Eldense,2025-01-25T20:00:00Z,soccer_spain_segunda_division,La Liga 2,onexbet,1.5,1.54,2.47,2025-01-24T11:55:30Z,2025-01-24,051efc4eb089747cb26dc7035cebb7d7_1.5
051efc4eb089747cb26dc7035cebb7d7,Tenerife,CD Eldense,2025-01-25T20:00:00Z,soccer_spain_segunda_division,La Liga 2,tipico_de,2.5,2.55,1.45,2025-01-24T11:55:32Z,2025-01-24,051efc4eb089747cb26dc7035cebb7d7_2.5
051efc4eb089747cb26dc7035cebb7d7,Tenerife,CD Eldense,2025-01-25T20:00:00Z,soccer_spain_segunda_division,La Liga 2,unibet_eu,2.5,2.65,1.42,2025-01-24T11:55:31Z,2025-01-24,051efc4eb089747cb26dc7035cebb7d7_2.5
051efc4eb089747cb26dc7035cebb7d7,Tenerife,CD Eldense,2025-01-25T20:00:00Z,soccer_spain_segunda_division,La Liga 2,unibet,2.5,2.65,1.42,2025-01-24T11:55:31Z,2025-01-24,051efc4eb089747cb26dc7035cebb7d7_2.5
051efc4eb089747cb26dc7035cebb7d7,Tenerife,CD Eldense,2025-01-25T20:00:00Z,soccer_spain_segunda_division,La Liga 2,bovada,2.0,2.02,1.82,2025-01-24T11:55:30Z,2025-01-24,051efc4eb089747cb26dc7035cebb7d7_2.0
051efc4eb089747cb26dc7035cebb7d7,Tenerife,CD Eldense,2025-01-25T20:00:00Z,soccer_spain_segunda_division,La Liga 2,betsson,1.5,1.53,2.45,2025-01-24T11:55:32Z,2025-01-24,051efc4eb089747cb26dc7035cebb7d7_1.5
051efc4eb089747cb26dc7035cebb7d7,Tenerife,CD Eldense,2025-01-25T20:00:00Z,soccer_spain_segunda_division,La Liga 2,nordicbet,1.5,1.53,2.45,2025-01-24T11:55:31Z,2025-01-24,051efc4eb089747cb26dc7035cebb7d7_1.5
051efc4eb089747cb26dc7035cebb7d7,Tenerife,CD Eldense,2025-01-25T20:00:00Z,soccer_spain_segunda_division,La Liga 2,williamhill,2.5,2.7,1.44,2025-01-24T11:55:32Z,2025-01-24,051efc4eb089747cb26dc7035cebb7d7_2.5
051efc4eb089747cb26dc7035cebb7d7,Tenerife,CD Eldense,2025-01-25T20:00:00Z,soccer_spain_segunda_division,La Liga 2,betus,2.0,1.88,1.85,2025-01-24T11:55:31Z,2025-01-24,051efc4eb089747cb26dc7035cebb7d7_2.0
051efc4eb089747cb26dc7035cebb7d7,Tenerife,CD Eldense,2025-01-25T20:00:00Z,soccer_spain_segunda_division,La Liga 2,lowvig,2.0,2.01,1.83,2025-01-24T11:55:30Z,2025-01-24,051efc4eb089747cb26dc7035cebb7d7_2.0
051efc4eb089747cb26dc7035cebb7d7,Tenerife,CD Eldense,2025-01-25T20:00:00Z,soccer_spain_segunda_division,La Liga 2,betonlineag,2.0,2.01,1.83,2025-01-24T11:54:14Z,2025-01-24,051efc4eb089747cb26dc7035cebb7d7_2.0
051efc4eb089747cb26dc7035cebb7d7,Tenerife,CD Eldense,2025-01-25T20:00:00Z,soccer_spain_segunda_division,La Liga 2,betanysports,2.0,2.01,1.83,2025-01-24T11:55:31Z,2025-01-24,051efc4eb089747cb26dc7035cebb7d7_2.0
701e4d076bc8a441964f80c1d03b2daa,Granada CF,Sporting Gijón,2025-01-26T13:00:00Z,soccer_spain_segunda_division,La Liga 2,pinnacle,2.25,2.07,1.79,2025-01-24T11:55:30Z,2025-01-24,701e4d076bc8a441964f80c1d03b2daa_2.25
701e4d076bc8a441964f80c1d03b2daa,Granada CF,Sporting Gijón,2025-01-26T13:00:00Z,soccer_spain_segunda_division,La Liga 2,onexbet,2.5,2.33,1.6,2025-01-24T11:55:30Z,2025-01-24,701e4d076bc8a441964f80c1d03b2daa_2.5
701e4d076bc8a441964f80c1d03b2daa,Granada CF,Sporting Gijón,2025-01-26T13:00:00Z,soccer_spain_segunda_division,La Liga 2,nordicbet,2.5,2.3,1.57,2025-01-24T11:55:31Z,2025-01-24,701e4d076bc8a441964f80c1d03b2daa_2.5
701e4d076bc8a441964f80c1d03b2daa,Granada CF,Sporting Gijón,2025-01-26T13:00:00Z,soccer_spain_segunda_division,La Liga 2,betsson,2.5,2.3,1.57,2025-01-24T11:55:32Z,2025-01-24,701e4d076bc8a441964f80c1d03b2daa_2.5
701e4d076bc8a441964f80c1d03b2daa,Granada CF,Sporting Gijón,2025-01-26T13:00:00Z,soccer_spain_segunda_division,La Liga 2,bovada,2.25,2.08,1.78,2025-01-24T11:55:30Z,2025-01-24,701e4d076bc8a441964f80c1d03b2daa_2.25
701e4d076bc8a441964f80c1d03b2daa,Granada CF,Sporting Gijón,2025-01-26T13:00:00Z,soccer_spain_segunda_division,La Liga 2,tipico_de,2.5,2.25,1.55,2025-01-24T11:55:32Z,2025-01-24,701e4d076bc8a441964f80c1d03b2daa_2.5
701e4d076bc8a441964f80c1d03b2daa,Granada CF,Sporting Gijón,2025-01-26T13:00:00Z,soccer_spain_segunda_division,La Liga 2,unibet,2.5,2.23,1.57,2025-01-24T11:55:31Z,2025-01-24,701e4d076bc8a441964f80c1d03b2daa_2.5
701e4d076bc8a441964f80c1d03b2daa,Granada CF,Sporting Gijón,2025-01-26T13:00:00Z,soccer_spain_segunda_division,La Liga 2,unibet_eu,2.5,2.23,1.57,2025-01-24T11:55:31Z,2025-01-24,701e4d076bc8a441964f80c1d03b2daa_2.5
701e4d076bc8a441964f80c1d03b2daa,Granada CF,Sporting Gijón,2025-01-26T13:00:00Z,soccer_spain_segunda_division,La Liga 2,williamhill,2.5,2.3,1.62,2025-01-24T11:55:32Z,2025-01-24,701e4d076bc8a441964f80c1d03b2daa_2.5
701e4d076bc8a441964f80c1d03b2daa,Granada CF,Sporting Gijón,2025-01-26T13:00:00Z,soccer_spain_segunda_division,La Liga 2,betus,2.25,1.98,1.78,2025-01-24T11:55:31Z,2025-01-24,701e4d076bc8a441964f80c1d03b2daa_2.25
701e4d076bc8a441964f80c1d03b2daa,Granada CF,Sporting Gijón,2025-01-26T13:00:00Z,soccer_spain_segunda_division,La Liga 2,matchbook,2.5,2.36,1.59,2025-01-24T11:55:30Z,2025-01-24,701e4d076bc8a441964f80c1d03b2daa_2.5
701e4d076bc8a441964f80c1d03b2daa,Granada CF,Sporting Gijón,2025-01-26T13:00:00Z,soccer_spain_segunda_division,La Liga 2,betonlineag,2.25,2.12,1.76,2025-01-24T11:54:14Z,2025-01-24,701e4d076bc8a441964f80c1d03b2daa_2.25
701e4d076bc8a441964f80c1d03b2daa,Granada CF,Sporting Gijón,2025-01-26T13:00:00Z,soccer_spain_segunda_division,La Liga 2,lowvig,2.25,2.12,1.76,2025-01-24T11:55:30Z,2025-01-24,701e4d076bc8a441964f80c1d03b2daa_2.25
701e4d076bc8a441964f80c1d03b2daa,Granada CF,Sporting Gijón,2025-01-26T13:00:00Z,soccer_spain_segunda_division,La Liga 2,betanysports,2.25,2.12,1.76,2025-01-24T11:55:31Z,2025-01-24,701e4d076bc8a441964f80c1d03b2daa_2.25
c49fbb25e6f69811188d4ee9b6930ee2,Greuther Fürth,1. FC Kaiserslautern,2025-01-24T17:30:00Z,soccer_germany_bundesliga2,Bundesliga 2,pinnacle,3.0,2.07,1.83,2025-01-24T11:55:28Z,2025-01-24,c49fbb25e6f69811188d4ee9b6930ee2_3.0
c49fbb25e6f69811188d4ee9b6930ee2,Greuther Fürth,1. FC Kaiserslautern,2025-01-24T17:30:00Z,soccer_germany_bundesliga2,Bundesliga 2,tipico_de,2.5,1.62,2.25,2025-01-24T11:55:31Z,2025-01-24,c49fbb25e6f69811188d4ee9b6930ee2_2.5
c49fbb25e6f69811188d4ee9b6930ee2,Greuther Fürth,1. FC Kaiserslautern,2025-01-24T17:30:00Z,soccer_germany_bundesliga2,Bundesliga 2,onexbet,2.5,1.64,2.25,2025-01-24T11:55:28Z,2025-01-24,c49fbb25e6f69811188d4ee9b6930ee2_2.5
c49fbb25e6f69811188d4ee9b6930ee2,Greuther Fürth,1. FC Kaiserslautern,2025-01-24T17:30:00Z,soccer_germany_bundesliga2,Bundesliga 2,nordicbet,2.5,1.6,2.25,2025-01-24T11:55:29Z,2025-01-24,c49fbb25e6f69811188d4ee9b6930ee2_2.5
c49fbb25e6f69811188d4ee9b6930ee2,Greuther Fürth,1. FC Kaiserslautern,2025-01-24T17:30:00Z,soccer_germany_bundesliga2,Bundesliga 2,betsson,2.5,1.6,2.25,2025-01-24T11:55:29Z,2025-01-24,c49fbb25e6f69811188d4ee9b6930ee2_2.5
c49fbb25e6f69811188d4ee9b6930ee2,Greuther Fürth,1. FC Kaiserslautern,2025-01-24T17:30:00Z,soccer_germany_bundesliga2,Bundesliga 2,bovada,3.0,2.02,1.82,2025-01-24T11:55:28Z,2025-01-24,c49fbb25e6f69811188d4ee9b6930ee2_3.0
c49fbb25e6f69811188d4ee9b6930ee2,Greuther Fürth,1. FC Kaiserslautern,2025-01-24T17:30:00Z,soccer_germany_bundesliga2,Bundesliga 2,williamhill,2.5,1.65,2.25,2025-01-24T11:55:31Z,2025-01-24,c49fbb25e6f69811188d4ee9b6930ee2_2.5
c49fbb25e6f69811188d4ee9b6930ee2,Greuther Fürth,1. FC Kaiserslautern,2025-01-24T17:30:00Z,soccer_germany_bundesliga2,Bundesliga 2,playup,2.5,1.6,2.25,2025-01-24T11:55:29Z,2025-01-24,c49fbb25e6f69811188d4ee9b6930ee2_2.5
c49fbb25e6f69811188d4ee9b6930ee2,Greuther Fürth,1. FC Kaiserslautern,2025-01-24T17:30:00Z,soccer_germany_bundesliga2,Bundesliga 2,unibet_eu,3.5,2.55,1.45,2025-01-24T11:55:29Z,2025-01-24,c49fbb25e6f69811188d4ee9b6930ee2_3.5
c49fbb25e6f69811188d4ee9b6930ee2,Greuther Fürth,1. FC Kaiserslautern,2025-01-24T17:30:00Z,soccer_germany_bundesliga2,Bundesliga 2,betrivers,2.5,1.57,2.25,2025-01-24T11:55:29Z,2025-01-24,c49fbb25e6f69811188d4ee9b6930ee2_2.5
c49fbb25e6f69811188d4ee9b6930ee2,Greuther Fürth,1. FC Kaiserslautern,2025-01-24T17:30:00Z,soccer_germany_bundesliga2,Bundesliga 2,unibet,3.5,2.55,1.46,2025-01-24T11:55:29Z,2025-01-24,c49fbb25e6f69811188d4ee9b6930ee2_3.5
c49fbb25e6f69811188d4ee9b6930ee2,Greuther Fürth,1. FC Kaiserslautern,2025-01-24T17:30:00Z,soccer_germany_bundesliga2,Bundesliga 2,lowvig,2.75,1.81,2.04,2025-01-24T11:55:28Z,2025-01-24,c49fbb25e6f69811188d4ee9b6930ee2_2.75
c49fbb25e6f69811188d4ee9b6930ee2,Greuther Fürth,1. FC Kaiserslautern,2025-01-24T17:30:00Z,soccer_germany_bundesliga2,Bundesliga 2,betonlineag,2.75,1.81,2.04,2025-01-24T11:55:29Z,2025-01-24,c49fbb25e6f69811188d4ee9b6930ee2_2.75
818b22b39a60ab7547e1d262347316af,1. FC Magdeburg,Eintracht Braunschweig,2025-01-24T17:30:00Z,soccer_germany_bundesliga2,Bundesliga 2,tipico_de,3.5,2.2,1.6,2025-01-24T11:55:31Z,2025-01-24,818b22b39a60ab7547e1d262347316af_3.5
818b22b39a60ab7547e1d262347316af,1. FC Magdeburg,Eintracht Braunschweig,2025-01-24T17:30:00Z,soccer_germany_bundesliga2,Bundesliga 2,onexbet,3.5,2.4,1.57,2025-01-24T11:55:28Z,2025-01-24,818b22b39a60ab7547e1d262347316af_3.5
818b22b39a60ab7547e1d262347316af,1. FC Magdeburg,Eintracht Braunschweig,2025-01-24T17:30:00Z,soccer_germany_bundesliga2,Bundesliga 2,pinnacle,3.0,1.94,1.94,2025-01-24T11:55:28Z,2025-01-24,818b22b39a60ab7547e1d262347316af_3.0
818b22b39a60ab7547e1d262347316af,1. FC Magdeburg,Eintracht Braunschweig,2025-01-24T17:30:00Z,soccer_germany_bundesliga2,Bundesliga 2,nordicbet,2.5,1.55,2.35,2025-01-24T11:55:29Z,2025-01-24,818b22b39a60ab7547e1d262347316af_2.5
818b22b39a60ab7547e1d262347316af,1. FC Magdeburg,Eintracht Braunschweig,2025-01-24T17:30:00Z,soccer_germany_bundesliga2,Bundesliga 2,betsson,2.5,1.55,2.35,2025-01-24T11:55:29Z,2025-01-24,818b22b39a60ab7547e1d262347316af_2.5
818b22b39a60ab7547e1d262347316af,1. FC Magdeburg,Eintracht Braunschweig,2025-01-24T17:30:00Z,soccer_germany_bundesliga2,Bundesliga 2,bovada,3.0,1.93,1.89,2025-01-24T11:55:28Z,2025-01-24,818b22b39a60ab7547e1d262347316af_3.0
818b22b39a60ab7547e1d262347316af,1. FC Magdeburg,Eintracht Braunschweig,2025-01-24T17:30:00Z,soccer_germany_bundesliga2,Bundesliga 2,williamhill,2.5,1.57,2.45,2025-01-24T11:55:31Z,2025-01-24,818b22b39a60ab7547e1d262347316af_2.5
818b22b39a60ab7547e1d262347316af,1. FC Magdeburg,Eintracht Braunschweig,2025-01-24T17:30:00Z,soccer_germany_bundesliga2,Bundesliga 2,playup,2.5,1.55,2.4,2025-01-24T11:55:29Z,2025-01-24,818b22b39a60ab7547e1d262347316af_2.5
818b22b39a60ab7547e1d262347316af,1. FC Magdeburg,Eintracht Braunschweig,2025-01-24T17:30:00Z,soccer_germany_bundesliga2,Bundesliga 2,unibet_eu,2.5,1.5,2.43,2025-01-24T11:55:29Z,2025-01-24,818b22b39a60ab7547e1d262347316af_2.5
818b22b39a60ab7547e1d262347316af,1. FC Magdeburg,Eintracht Braunschweig,2025-01-24T17:30:00Z,soccer_germany_bundesliga2,Bundesliga 2,betrivers,3.5,2.38,1.53,2025-01-24T11:55:29Z,2025-01-24,818b22b39a60ab7547e1d262347316af_3.5
818b22b39a60ab7547e1d262347316af,1. FC Magdeburg,Eintracht Braunschweig,2025-01-24T17:30:00Z,soccer_germany_bundesliga2,Bundesliga 2,unibet,2.5,1.5,2.43,2025-01-24T11:55:29Z,2025-01-24,818b22b39a60ab7547e1d262347316af_2.5
818b22b39a60ab7547e1d262347316af,1. FC Magdeburg,Eintracht Braunschweig,2025-01-24T17:30:00Z,soccer_germany_bundesliga2,Bundesliga 2,matchbook,3.5,2.56,1.63,2025-01-24T11:55:28Z,2025-01-24,818b22b39a60ab7547e1d262347316af_3.5
9fdea2960ad48f4bb494640013700365,1. FC Köln,Elversberg,2025-01-25T12:00:00Z,soccer_germany_bundesliga2,Bundesliga 2,tipico_de,3.5,2.2,1.6,2025-01-24T11:55:31Z,2025-01-24,9fdea2960ad48f4bb494640013700365_3.5
9fdea2960ad48f4bb494640013700365,1. FC Köln,Elversberg,2025-01-25T12:00:00Z,soccer_germany_bundesliga2,Bundesliga 2,onexbet,3.5,2.29,1.62,2025-01-24T11:55:28Z,2025-01-24,9fdea2960ad48f4bb494640013700365_3.5
9fdea2960ad48f4bb494640013700365,1. FC Köln,Elversberg,2025-01-25T12:00:00Z,soccer_germany_bundesliga2,Bundesliga 2,pinnacle,3.0,1.83,2.03,2025-01-24T11:55:28Z,2025-01-24,9fdea2960ad48f4bb494640013700365_3.0
9fdea2960ad48f4bb494640013700365,1. FC Köln,Elversberg,2025-01-25T12:00:00Z,soccer_germany_bundesliga2,Bundesliga 2,nordicbet,3.5,2.25,1.6,2025-01-24T11:55:29Z,2025-01-24,9fdea2960ad48f4bb494640013700365_3.5
9fdea2960ad48f4bb494640013700365,1. FC Köln,Elversberg,2025-01-25T12:00:00Z,soccer_germany_bundesliga2,Bundesliga 2,betsson,3.5,2.25,1.6,2025-01-24T11:55:29Z,2025-01-24,9fdea2960ad48f4bb494640013700365_3.5
9fdea2960ad48f4bb494640013700365,1. FC Köln,Elversberg,2025-01-25T12:00:00Z,soccer_germany_bundesliga2,Bundesliga 2,bovada,3.0,1.87,1.95,2025-01-24T11:55:28Z,2025-01-24,9fdea2960ad48f4bb494640013700365_3.0
9fdea2960ad48f4bb494640013700365,1. FC Köln,Elversberg,2025-01-25T12:00:00Z,soccer_germany_bundesliga2,Bundesliga 2,williamhill,2.5,1.55,2.5,2025-01-24T11:55:31Z,2025-01-24,9fdea2960ad48f4bb494640013700365_2.5
9fdea2960ad48f4bb494640013700365,1. FC Köln,Elversberg,2025-01-25T12:00:00Z,soccer_germany_bundesliga2,Bundesliga 2,unibet_eu,3.5,2.38,1.53,2025-01-24T11:55:29Z,2025-01-24,9fdea2960ad48f4bb494640013700365_3.5
9fdea2960ad48f4bb494640013700365,1. FC Köln,Elversberg,2025-01-25T12:00:00Z,soccer_germany_bundesliga2,Bundesliga 2,betrivers,3.5,2.38,1.53,2025-01-24T11:55:29Z,2025-01-24,9fdea2960ad48f4bb494640013700365_3.5
9fdea2960ad48f4bb494640013700365,1. FC Köln,Elversberg,2025-01-25T12:00:00Z,soccer_germany_bundesliga2,Bundesliga 2,unibet,3.5,2.38,1.53,2025-01-24T11:55:29Z,2025-01-24,9fdea2960ad48f4bb494640013700365_3.5
9fdea2960ad48f4bb494640013700365,1. FC Köln,Elversberg,2025-01-25T12:00:00Z,soccer_germany_bundesliga2,Bundesliga 2,playup,3.5,2.25,1.6,2025-01-24T11:55:29Z,2025-01-24,9fdea2960ad48f4bb494640013700365_3.5
9fdea2960ad48f4bb494640013700365,1. FC Köln,Elversberg,2025-01-25T12:00:00Z,soccer_germany_bundesliga2,Bundesliga 2,matchbook,3.5,2.28,1.58,2025-01-24T11:55:28Z,2025-01-24,9fdea2960ad48f4bb494640013700365_3.5
9fdea2960ad48f4bb494640013700365,1. FC Köln,Elversberg,2025-01-25T12:00:00Z,soccer_germany_bundesliga2,Bundesliga 2,lowvig,3.0,1.85,1.97,2025-01-24T11:55:28Z,2025-01-24,9fdea2960ad48f4bb494640013700365_3.0
9fdea2960ad48f4bb494640013700365,1. FC Köln,Elversberg,2025-01-25T12:00:00Z,soccer_germany_bundesliga2,Bundesliga 2,betonlineag,3.0,1.85,1.97,2025-01-24T11:55:29Z,2025-01-24,9fdea2960ad48f4bb494640013700365_3.0
4cbc79c0943987c0df193e64b75c05df,FC Schalke 04,1. FC Nürnberg,2025-01-25T12:00:00Z,soccer_germany_bundesliga2,Bundesliga 2,tipico_de,2.5,1.55,2.4,2025-01-24T11:55:31Z,2025-01-24,4cbc79c0943987c0df193e64b75c05df_2.5
4cbc79c0943987c0df193e64b75c05df,FC Schalke 04,1. FC Nürnberg,2025-01-25T12:00:00Z,soccer_germany_bundesliga2,Bundesliga 2,onexbet,3.5,2.4,1.57,2025-01-24T11:55:28Z,2025-01-24,4cbc79c0943987c0df193e64b75c05df_3.5
4cbc79c0943987c0df193e64b75c05df,FC Schalke 04,1. FC Nürnberg,2025-01-25T12:00:00Z,soccer_germany_bundesliga2,Bundesliga 2,pinnacle,3.0,1.93,1.92,2025-01-24T11:55:28Z,2025-01-24,4cbc79c0943987c0df193e64b75c05df_3.0
4cbc79c0943987c0df193e64b75c05df,FC Schalke 04,1. FC Nürnberg,2025-01-25T12:00:00Z,soccer_germany_bundesliga2,Bundesliga 2,nordicbet,2.5,1.55,2.4,2025-01-24T11:55:29Z,2025-01-24,4cbc79c0943987c0df193e64b75c05df_2.5
4cbc79c0943987c0df193e64b75c05df,FC Schalke 04,1. FC Nürnberg,2025-01-25T12:00:00Z,soccer_germany_bundesliga2,Bundesliga 2,betsson,2.5,1.55,2.4,2025-01-24T11:55:29Z,2025-01-24,4cbc79c0943987c0df193e64b75c05df_2.5
4cbc79c0943987c0df193e64b75c05df,FC Schalke 04,1. FC Nürnberg,2025-01-25T12:00:00Z,soccer_germany_bundesliga2,Bundesliga 2,bovada,3.0,1.89,1.93,2025-01-24T11:55:28Z,2025-01-24,4cbc79c0943987c0df193e64b75c05df_3.0
4cbc79c0943987c0df193e64b75c05df,FC Schalke 04,1. FC Nürnberg,2025-01-25T12:00:00Z,soccer_germany_bundesliga2,Bundesliga 2,williamhill,2.5,1.57,2.4,2025-01-24T11:55:31Z,2025-01-24,4cbc79c0943987c0df193e64b75c05df_2.5
4cbc79c0943987c0df193e64b75c05df,FC Schalke 04,1. FC Nürnberg,2025-01-25T12:00:00Z,soccer_germany_bundesliga2,Bundesliga 2,unibet_eu,3.5,2.43,1.51,2025-01-24T11:55:29Z,2025-01-24,4cbc79c0943987c0df193e64b75c05df_3.5
4cbc79c0943987c0df193e64b75c05df,FC Schalke 04,1. FC Nürnberg,2025-01-25T12:00:00Z,soccer_germany_bundesliga2,Bundesliga 2,betrivers,2.5,1.51,2.4,2025-01-24T11:55:29Z,2025-01-24,4cbc79c0943987c0df193e64b75c05df_2.5
4cbc79c0943987c0df193e64b75c05df,FC Schalke 04,1. FC Nürnberg,2025-01-25T12:00:00Z,soccer_germany_bundesliga2,Bundesliga 2,unibet,3.5,2.43,1.52,2025-01-24T11:55:29Z,2025-01-24,4cbc79c0943987c0df193e64b75c05df_3.5
4cbc79c0943987c0df193e64b75c05df,FC Schalke 04,1. FC Nürnberg,2025-01-25T12:00:00Z,soccer_germany_bundesliga2,Bundesliga 2,playup,3.5,2.35,1.55,2025-01-24T11:55:29Z,2025-01-24,4cbc79c0943987c0df193e64b75c05df_3.5
4cbc79c0943987c0df193e64b75c05df,FC Schalke 04,1. FC Nürnberg,2025-01-25T12:00:00Z,soccer_germany_bundesliga2,Bundesliga 2,lowvig,3.0,1.9,1.92,2025-01-24T11:55:28Z,2025-01-24,4cbc79c0943987c0df193e64b75c05df_3.0
4cbc79c0943987c0df193e64b75c05df,FC Schalke 04,1. FC Nürnberg,2025-01-25T12:00:00Z,soccer_germany_bundesliga2,Bundesliga 2,betonlineag,3.0,1.9,1.92,2025-01-24T11:55:29Z,2025-01-24,4cbc79c0943987c0df193e64b75c05df_3.0
3ea713afe3cc6da9fea753f4cbe51534,Karlsruher SC,Fortuna Düsseldorf,2025-01-25T12:00:00Z,soccer_germany_bundesliga2,Bundesliga 2,tipico_de,2.5,1.57,2.35,2025-01-24T11:55:31Z,2025-01-24,3ea713afe3cc6da9fea753f4cbe51534_2.5
3ea713afe3cc6da9fea753f4cbe51534,Karlsruher SC,Fortuna Düsseldorf,2025-01-25T12:00:00Z,soccer_germany_bundesliga2,Bundesliga 2,onexbet,2.5,1.6,2.33,2025-01-24T11:55:28Z,2025-01-24,3ea713afe3cc6da9fea753f4cbe51534_2.5
3ea713afe3cc6da9fea753f4cbe51534,Karlsruher SC,Fortuna Düsseldorf,2025-01-25T12:00:00Z,soccer_germany_bundesliga2,Bundesliga 2,pinnacle,3.0,1.96,1.89,2025-01-24T11:55:28Z,2025-01-24,3ea713afe3cc6da9fea753f4cbe51534_3.0
3ea713afe3cc6da9fea753f4cbe51534,Karlsruher SC,Fortuna Düsseldorf,2025-01-25T12:00:00Z,soccer_germany_bundesliga2,Bundesliga 2,nordicbet,2.5,1.55,2.35,2025-01-24T11:55:29Z,2025-01-24,3ea713afe3cc6da9fea753f4cbe51534_2.5
3ea713afe3cc6da9fea753f4cbe51534,Karlsruher SC,Fortuna Düsseldorf,2025-01-25T12:00:00Z,soccer_germany_bundesliga2,Bundesliga 2,betsson,2.5,1.55,2.35,2025-01-24T11:55:29Z,2025-01-24,3ea713afe3cc6da9fea753f4cbe51534_2.5
3ea713afe3cc6da9fea753f4cbe51534,Karlsruher SC,Fortuna Düsseldorf,2025-01-25T12:00:00Z,soccer_germany_bundesliga2,Bundesliga 2,bovada,3.0,1.93,1.89,2025-01-24T11:55:28Z,2025-01-24,3ea713afe3cc6da9fea753f4cbe51534_3.0
3ea713afe3cc6da9fea753f4cbe51534,Karlsruher SC,Fortuna Düsseldorf,2025-01-25T12:00:00Z,soccer_germany_bundesliga2,Bundesliga 2,williamhill,2.5,1.62,2.3,2025-01-24T11:55:31Z,2025-01-24,3ea713afe3cc6da9fea753f4cbe51534_2.5
3ea713afe3cc6da9fea753f4cbe51534,Karlsruher SC,Fortuna Düsseldorf,2025-01-25T12:00:00Z,soccer_germany_bundesliga2,Bundesliga 2,unibet_eu,2.5,1.56,2.3,2025-01-24T11:55:29Z,2025-01-24,3ea713afe3cc6da9fea753f4cbe51534_2.5
3ea713afe3cc6da9fea753f4cbe51534,Karlsruher SC,Fortuna Düsseldorf,2025-01-25T12:00:00Z,soccer_germany_bundesliga2,Bundesliga 2,betrivers,2.5,1.56,2.3,2025-01-24T11:55:29Z,2025-01-24,3ea713afe3cc6da9fea753f4cbe51534_2.5
3ea713afe3cc6da9fea753f4cbe51534,Karlsruher SC,Fortuna Düsseldorf,2025-01-25T12:00:00Z,soccer_germany_bundesliga2,Bundesliga 2,unibet,2.5,1.56,2.3,2025-01-24T11:55:29Z,2025-01-24,3ea713afe3cc6da9fea753f4cbe51534_2.5
3ea713afe3cc6da9fea753f4cbe51534,Karlsruher SC,Fortuna Düsseldorf,2025-01-25T12:00:00Z,soccer_germany_bundesliga2,Bundesliga 2,playup,2.5,1.55,2.35,2025-01-24T11:55:29Z,2025-01-24,3ea713afe3cc6da9fea753f4cbe51534_2.5
3ea713afe3cc6da9fea753f4cbe51534,Karlsruher SC,Fortuna Düsseldorf,2025-01-25T12:00:00Z,soccer_germany_bundesliga2,Bundesliga 2,betonlineag,3.0,1.95,1.87,2025-01-24T11:55:29Z,2025-01-24,3ea713afe3cc6da9fea753f4cbe51534_3.0
3ea713afe3cc6da9fea753f4cbe51534,Karlsruher SC,Fortuna Düsseldorf,2025-01-25T12:00:00Z,soccer_germany_bundesliga2,Bundesliga 2,lowvig,3.0,1.95,1.87,2025-01-24T11:55:28Z,2025-01-24,3ea713afe3cc6da9fea753f4cbe51534_3.0
d8ac3775a46fdc5f7ae5d94c8d89cd6d,Hertha Berlin,Hamburger SV,2025-01-25T19:30:00Z,soccer_germany_bundesliga2,Bundesliga 2,tipico_de,3.5,2.05,1.7,2025-01-24T11:55:31Z,2025-01-24,d8ac3775a46fdc5f7ae5d94c8d89cd6d_3.5
d8ac3775a46fdc5f7ae5d94c8d89cd6d,Hertha Berlin,Hamburger SV,2025-01-25T19:30:00Z,soccer_germany_bundesliga2,Bundesliga 2,onexbet,3.5,2.15,1.7,2025-01-24T11:55:28Z,2025-01-24,d8ac3775a46fdc5f7ae5d94c8d89cd6d_3.5
d8ac3775a46fdc5f7ae5d94c8d89cd6d,Hertha Berlin,Hamburger SV,2025-01-25T19:30:00Z,soccer_germany_bundesliga2,Bundesliga 2,pinnacle,3.25,1.97,1.88,2025-01-24T11:55:28Z,2025-01-24,d8ac3775a46fdc5f7ae5d94c8d89cd6d_3.25
d8ac3775a46fdc5f7ae5d94c8d89cd6d,Hertha Berlin,Hamburger SV,2025-01-25T19:30:00Z,soccer_germany_bundesliga2,Bundesliga 2,bovada,3.25,1.95,1.87,2025-01-24T11:55:28Z,2025-01-24,d8ac3775a46fdc5f7ae5d94c8d89cd6d_3.25
d8ac3775a46fdc5f7ae5d94c8d89cd6d,Hertha Berlin,Hamburger SV,2025-01-25T19:30:00Z,soccer_germany_bundesliga2,Bundesliga 2,williamhill,2.5,1.5,2.62,2025-01-24T11:55:31Z,2025-01-24,d8ac3775a46fdc5f7ae5d94c8d89cd6d_2.5
d8ac3775a46fdc5f7ae5d94c8d89cd6d,Hertha Berlin,Hamburger SV,2025-01-25T19:30:00Z,soccer_germany_bundesliga2,Bundesliga 2,unibet_eu,3.5,2.14,1.65,2025-01-24T11:55:29Z,2025-01-24,d8ac3775a46fdc5f7ae5d94c8d89cd6d_3.5
d8ac3775a46fdc5f7ae5d94c8d89cd6d,Hertha Berlin,Hamburger SV,2025-01-25T19:30:00Z,soccer_germany_bundesliga2,Bundesliga 2,betrivers,3.5,2.14,1.65,2025-01-24T11:55:29Z,2025-01-24,d8ac3775a46fdc5f7ae5d94c8d89cd6d_3.5
d8ac3775a46fdc5f7ae5d94c8d89cd6d,Hertha Berlin,Hamburger SV,2025-01-25T19:30:00Z,soccer_germany_bundesliga2,Bundesliga 2,unibet,3.5,2.14,1.65,2025-01-24T11:55:29Z,2025-01-24,d8ac3775a46fdc5f7ae5d94c8d89cd6d_3.5
d8ac3775a46fdc5f7ae5d94c8d89cd6d,Hertha Berlin,Hamburger SV,2025-01-25T19:30:00Z,soccer_germany_bundesliga2,Bundesliga 2,playup,3.5,2.15,1.65,2025-01-24T11:55:29Z,2025-01-24,d8ac3775a46fdc5f7ae5d94c8d89cd6d_3.5
d8ac3775a46fdc5f7ae5d94c8d89cd6d,Hertha Berlin,Hamburger SV,2025-01-25T19:30:00Z,soccer_germany_bundesliga2,Bundesliga 2,lowvig,3.25,1.95,1.87,2025-01-24T11:55:28Z,2025-01-24,d8ac3775a46fdc5f7ae5d94c8d89cd6d_3.25
d8ac3775a46fdc5f7ae5d94c8d89cd6d,Hertha Berlin,Hamburger SV,2025-01-25T19:30:00Z,soccer_germany_bundesliga2,Bundesliga 2,betonlineag,3.25,1.95,1.87,2025-01-24T11:55:29Z,2025-01-24,d8ac3775a46fdc5f7ae5d94c8d89cd6d_3.25
047940115c4cdb064f77621057bc9517,Hannover 96,SC Preußen Münster,2025-01-26T12:30:00Z,soccer_germany_bundesliga2,Bundesliga 2,pinnacle,2.5,1.89,1.94,2025-01-24T11:55:28Z,2025-01-24,047940115c4cdb064f77621057bc9517_2.5
047940115c4cdb064f77621057bc9517,Hannover 96,SC Preußen Münster,2025-01-26T12:30:00Z,soccer_germany_bundesliga2,Bundesliga 2,tipico_de,2.5,1.8,1.95,2025-01-24T11:55:31Z,2025-01-24,047940115c4cdb064f77621057bc9517_2.5
047940115c4cdb064f77621057bc9517,Hannover 96,SC Preußen Münster,2025-01-26T12:30:00Z,soccer_germany_bundesliga2,Bundesliga 2,onexbet,2.5,1.87,1.93,2025-01-24T11:55:28Z,2025-01-24,047940115c4cdb064f77621057bc9517_2.5
047940115c4cdb064f77621057bc9517,Hannover 96,SC Preußen Münster,2025-01-26T12:30:00Z,soccer_germany_bundesliga2,Bundesliga 2,bovada,2.5,1.85,1.98,2025-01-24T11:55:28Z,2025-01-24,047940115c4cdb064f77621057bc9517_2.5
047940115c4cdb064f77621057bc9517,Hannover 96,SC Preußen Münster,2025-01-26T12:30:00Z,soccer_germany_bundesliga2,Bundesliga 2,nordicbet,2.5,1.83,1.9,2025-01-24T11:55:29Z,2025-01-24,047940115c4cdb064f77621057bc9517_2.5
047940115c4cdb064f77621057bc9517,Hannover 96,SC Preußen Münster,2025-01-26T12:30:00Z,soccer_germany_bundesliga2,Bundesliga 2,betsson,2.5,1.83,1.9,2025-01-24T11:55:29Z,2025-01-24,047940115c4cdb064f77621057bc9517_2.5
047940115c4cdb064f77621057bc9517,Hannover 96,SC Preußen Münster,2025-01-26T12:30:00Z,soccer_germany_bundesliga2,Bundesliga 2,williamhill,2.5,1.83,2.0,2025-01-24T11:55:31Z,2025-01-24,047940115c4cdb064f77621057bc9517_2.5
047940115c4cdb064f77621057bc9517,Hannover 96,SC Preußen Münster,2025-01-26T12:30:00Z,soccer_germany_bundesliga2,Bundesliga 2,betrivers,2.5,1.78,1.95,2025-01-24T11:55:29Z,2025-01-24,047940115c4cdb064f77621057bc9517_2.5
047940115c4cdb064f77621057bc9517,Hannover 96,SC Preußen Münster,2025-01-26T12:30:00Z,soccer_germany_bundesliga2,Bundesliga 2,unibet_eu,2.5,1.78,1.95,2025-01-24T11:55:29Z,2025-01-24,047940115c4cdb064f77621057bc9517_2.5
047940115c4cdb064f77621057bc9517,Hannover 96,SC Preußen Münster,2025-01-26T12:30:00Z,soccer_germany_bundesliga2,Bundesliga 2,unibet,2.5,1.78,1.96,2025-01-24T11:55:29Z,2025-01-24,047940115c4cdb064f77621057bc9517_2.5
047940115c4cdb064f77621057bc9517,Hannover 96,SC Preußen Münster,2025-01-26T12:30:00Z,soccer_germany_bundesliga2,Bundesliga 2,playup,2.5,1.82,1.92,2025-01-24T11:55:29Z,2025-01-24,047940115c4cdb064f77621057bc9517_2.5
047940115c4cdb064f77621057bc9517,Hannover 96,SC Preußen Münster,2025-01-26T12:30:00Z,soccer_germany_bundesliga2,Bundesliga 2,matchbook,2.5,1.9,1.98,2025-01-24T11:55:28Z,2025-01-24,047940115c4cdb064f77621057bc9517_2.5
047940115c4cdb064f77621057bc9517,Hannover 96,SC Preußen Münster,2025-01-26T12:30:00Z,soccer_germany_bundesliga2,Bundesliga 2,lowvig,2.5,1.89,1.93,2025-01-24T11:55:28Z,2025-01-24,047940115c4cdb064f77621057bc9517_2.5
047940115c4cdb064f77621057bc9517,Hannover 96,SC Preußen Münster,2025-01-26T12:30:00Z,soccer_germany_bundesliga2,Bundesliga 2,betonlineag,2.5,1.89,1.93,2025-01-24T11:55:29Z,2025-01-24,047940115c4cdb064f77621057bc9517_2.5
f5a52b40a4a41f73433ce494626d794e,SSV Ulm 1846,Jahn Regensburg,2025-01-26T12:30:00Z,soccer_germany_bundesliga2,Bundesliga 2,pinnacle,2.25,1.95,1.88,2025-01-24T11:55:28Z,2025-01-24,f5a52b40a4a41f73433ce494626d794e_2.25
f5a52b40a4a41f73433ce494626d794e,SSV Ulm 1846,Jahn Regensburg,2025-01-26T12:30:00Z,soccer_germany_bundesliga2,Bundesliga 2,tipico_de,2.5,2.2,1.65,2025-01-24T11:55:31Z,2025-01-24,f5a52b40a4a41f73433ce494626d794e_2.5
f5a52b40a4a41f73433ce494626d794e,SSV Ulm 1846,Jahn Regensburg,2025-01-26T12:30:00Z,soccer_germany_bundesliga2,Bundesliga 2,onexbet,2.5,2.2,1.67,2025-01-24T11:55:28Z,2025-01-24,f5a52b40a4a41f73433ce494626d794e_2.5
f5a52b40a4a41f73433ce494626d794e,SSV Ulm 1846,Jahn Regensburg,2025-01-26T12:30:00Z,soccer_germany_bundesliga2,Bundesliga 2,bovada,2.25,1.93,1.89,2025-01-24T11:55:28Z,2025-01-24,f5a52b40a4a41f73433ce494626d794e_2.25
f5a52b40a4a41f73433ce494626d794e,SSV Ulm 1846,Jahn Regensburg,2025-01-26T12:30:00Z,soccer_germany_bundesliga2,Bundesliga 2,nordicbet,2.5,2.15,1.65,2025-01-24T11:55:29Z,2025-01-24,f5a52b40a4a41f73433ce494626d794e_2.5
f5a52b40a4a41f73433ce494626d794e,SSV Ulm 1846,Jahn Regensburg,2025-01-26T12:30:00Z,soccer_germany_bundesliga2,Bundesliga 2,betsson,2.5,2.15,1.65,2025-01-24T11:55:29Z,2025-01-24,f5a52b40a4a41f73433ce494626d794e_2.5
f5a52b40a4a41f73433ce494626d794e,SSV Ulm 1846,Jahn Regensburg,2025-01-26T12:30:00Z,soccer_germany_bundesliga2,Bundesliga 2,williamhill,2.5,2.2,1.67,2025-01-24T11:55:31Z,2025-01-24,f5a52b40a4a41f73433ce494626d794e_2.5
f5a52b40a4a41f73433ce494626d794e,SSV Ulm 1846,Jahn Regensburg,2025-01-26T12:30:00Z,soccer_germany_bundesliga2,Bundesliga 2,betrivers,2.5,1.97,1.75,2025-01-24T11:55:29Z,2025-01-24,f5a52b40a4a41f73433ce494626d794e_2.5
f5a52b40a4a41f73433ce494626d794e,SSV Ulm 1846,Jahn Regensburg,2025-01-26T12:30:00Z,soccer_germany_bundesliga2,Bundesliga 2,unibet,2.5,1.98,1.75,2025-01-24T11:55:29Z,2025-01-24,f5a52b40a4a41f73433ce494626d794e_2.5
f5a52b40a4a41f73433ce494626d794e,SSV Ulm 1846,Jahn Regensburg,2025-01-26T12:30:00Z,soccer_germany_bundesliga2,Bundesliga 2,unibet_eu,2.5,1.97,1.75,2025-01-24T11:55:29Z,2025-01-24,f5a52b40a4a41f73433ce494626d794e_2.5
f5a52b40a4a41f73433ce494626d794e,SSV Ulm 1846,Jahn Regensburg,2025-01-26T12:30:00Z,soccer_germany_bundesliga2,Bundesliga 2,playup,2.5,2.15,1.65,2025-01-24T11:55:29Z,2025-01-24,f5a52b40a4a41f73433ce494626d794e_2.5
f5a52b40a4a41f73433ce494626d794e,SSV Ulm 1846,Jahn Regensburg,2025-01-26T12:30:00Z,soccer_germany_bundesliga2,Bundesliga 2,lowvig,2.25,1.97,1.85,2025-01-24T11:55:28Z,2025-01-24,f5a52b40a4a41f73433ce494626d794e_2.25
f5a52b40a4a41f73433ce494626d794e,SSV Ulm 1846,Jahn Regensburg,2025-01-26T12:30:00Z,soccer_germany_bundesliga2,Bundesliga 2,betonlineag,2.25,1.97,1.85,2025-01-24T11:55:29Z,2025-01-24,f5a52b40a4a41f73433ce494626d794e_2.25
a0ee6dbc835f20f584e7b0ef30ee9898,SV Darmstadt 98,SC Paderborn,2025-01-26T12:30:00Z,soccer_germany_bundesliga2,Bundesliga 2,tipico_de,2.5,1.6,2.25,2025-01-24T11:55:31Z,2025-01-24,a0ee6dbc835f20f584e7b0ef30ee9898_2.5
a0ee6dbc835f20f584e7b0ef30ee9898,SV Darmstadt 98,SC Paderborn,2025-01-26T12:30:00Z,soccer_germany_bundesliga2,Bundesliga 2,onexbet,2.5,1.65,2.23,2025-01-24T11:55:28Z,2025-01-24,a0ee6dbc835f20f584e7b0ef30ee9898_2.5
a0ee6dbc835f20f584e7b0ef30ee9898,SV Darmstadt 98,SC Paderborn,2025-01-26T12:30:00Z,soccer_germany_bundesliga2,Bundesliga 2,pinnacle,2.75,1.84,2.0,2025-01-24T11:55:28Z,2025-01-24,a0ee6dbc835f20f584e7b0ef30ee9898_2.75
a0ee6dbc835f20f584e7b0ef30ee9898,SV Darmstadt 98,SC Paderborn,2025-01-26T12:30:00Z,soccer_germany_bundesliga2,Bundesliga 2,nordicbet,2.5,1.66,2.15,2025-01-24T11:55:29Z,2025-01-24,a0ee6dbc835f20f584e7b0ef30ee9898_2.5
a0ee6dbc835f20f584e7b0ef30ee9898,SV Darmstadt 98,SC Paderborn,2025-01-26T12:30:00Z,soccer_germany_bundesliga2,Bundesliga 2,betsson,2.5,1.66,2.15,2025-01-24T11:55:29Z,2025-01-24,a0ee6dbc835f20f584e7b0ef30ee9898_2.5
a0ee6dbc835f20f584e7b0ef30ee9898,SV Darmstadt 98,SC Paderborn,2025-01-26T12:30:00Z,soccer_germany_bundesliga2,Bundesliga 2,bovada,2.75,1.82,2.02,2025-01-24T11:55:28Z,2025-01-24,a0ee6dbc835f20f584e7b0ef30ee9898_2.75
a0ee6dbc835f20f584e7b0ef30ee9898,SV Darmstadt 98,SC Paderborn,2025-01-26T12:30:00Z,soccer_germany_bundesliga2,Bundesliga 2,williamhill,2.5,1.67,2.25,2025-01-24T11:55:31Z,2025-01-24,a0ee6dbc835f20f584e7b0ef30ee9898_2.5
a0ee6dbc835f20f584e7b0ef30ee9898,SV Darmstadt 98,SC Paderborn,2025-01-26T12:30:00Z,soccer_germany_bundesliga2,Bundesliga 2,unibet_eu,3.5,2.6,1.44,2025-01-24T11:55:29Z,2025-01-24,a0ee6dbc835f20f584e7b0ef30ee9898_3.5
a0ee6dbc835f20f584e7b0ef30ee9898,SV Darmstadt 98,SC Paderborn,2025-01-26T12:30:00Z,soccer_germany_bundesliga2,Bundesliga 2,betrivers,2.5,1.57,2.28,2025-01-24T11:55:29Z,2025-01-24,a0ee6dbc835f20f584e7b0ef30ee9898_2.5
a0ee6dbc835f20f584e7b0ef30ee9898,SV Darmstadt 98,SC Paderborn,2025-01-26T12:30:00Z,soccer_germany_bundesliga2,Bundesliga 2,unibet,3.5,2.6,1.45,2025-01-24T11:55:29Z,2025-01-24,a0ee6dbc835f20f584e7b0ef30ee9898_3.5
a0ee6dbc835f20f584e7b0ef30ee9898,SV Darmstadt 98,SC Paderborn,2025-01-26T12:30:00Z,soccer_germany_bundesliga2,Bundesliga 2,playup,2.5,1.65,2.15,2025-01-24T11:55:29Z,2025-01-24,a0ee6dbc835f20f584e7b0ef30ee9898_2.5
a0ee6dbc835f20f584e7b0ef30ee9898,SV Darmstadt 98,SC Paderborn,2025-01-26T12:30:00Z,soccer_germany_bundesliga2,Bundesliga 2,lowvig,2.75,1.85,1.98,2025-01-24T11:55:28Z,2025-01-24,a0ee6dbc835f20f584e7b0ef30ee9898_2.75
a0ee6dbc835f20f584e7b0ef30ee9898,SV Darmstadt 98,SC Paderborn,2025-01-26T12:30:00Z,soccer_germany_bundesliga2,Bundesliga 2,betonlineag,2.75,1.85,1.98,2025-01-24T11:55:29Z,2025-01-24,a0ee6dbc835f20f584e7b0ef30ee9898_2.75
6c8b6b2cc4ecec9a65bae67051c6c66c,Spezia,Sassuolo,2025-01-24T19:30:00Z,soccer_italy_serie_b,Serie B,onexbet,2.5,2.03,1.78,2025-01-24T11:55:27Z,2025-01-24,6c8b6b2cc4ecec9a65bae67051c6c66c_2.5
6c8b6b2cc4ecec9a65bae67051c6c66c,Spezia,Sassuolo,2025-01-24T19:30:00Z,soccer_italy_serie_b,Serie B,pinnacle,2.5,2.06,1.84,2025-01-24T11:55:27Z,2025-01-24,6c8b6b2cc4ecec9a65bae67051c6c66c_2.5
6c8b6b2cc4ecec9a65bae67051c6c66c,Spezia,Sassuolo,2025-01-24T19:30:00Z,soccer_italy_serie_b,Serie B,tipico_de,2.5,1.93,1.75,2025-01-24T11:55:32Z,2025-01-24,6c8b6b2cc4ecec9a65bae67051c6c66c_2.5
6c8b6b2cc4ecec9a65bae67051c6c66c,Spezia,Sassuolo,2025-01-24T19:30:00Z,soccer_italy_serie_b,Serie B,unibet_eu,2.5,1.93,1.76,2025-01-24T11:55:28Z,2025-01-24,6c8b6b2cc4ecec9a65bae67051c6c66c_2.5
6c8b6b2cc4ecec9a65bae67051c6c66c,Spezia,Sassuolo,2025-01-24T19:30:00Z,soccer_italy_serie_b,Serie B,betrivers,2.5,1.93,1.76,2025-01-24T11:55:27Z,2025-01-24,6c8b6b2cc4ecec9a65bae67051c6c66c_2.5
6c8b6b2cc4ecec9a65bae67051c6c66c,Spezia,Sassuolo,2025-01-24T19:30:00Z,soccer_italy_serie_b,Serie B,unibet,2.5,1.93,1.76,2025-01-24T11:55:28Z,2025-01-24,6c8b6b2cc4ecec9a65bae67051c6c66c_2.5
6c8b6b2cc4ecec9a65bae67051c6c66c,Spezia,Sassuolo,2025-01-24T19:30:00Z,soccer_italy_serie_b,Serie B,bovada,2.5,2.02,1.82,2025-01-24T11:55:26Z,2025-01-24,6c8b6b2cc4ecec9a65bae67051c6c66c_2.5
6c8b6b2cc4ecec9a65bae67051c6c66c,Spezia,Sassuolo,2025-01-24T19:30:00Z,soccer_italy_serie_b,Serie B,betsson,2.5,2.05,1.72,2025-01-24T11:55:28Z,2025-01-24,6c8b6b2cc4ecec9a65bae67051c6c66c_2.5
6c8b6b2cc4ecec9a65bae67051c6c66c,Spezia,Sassuolo,2025-01-24T19:30:00Z,soccer_italy_serie_b,Serie B,nordicbet,2.5,2.05,1.72,2025-01-24T11:55:27Z,2025-01-24,6c8b6b2cc4ecec9a65bae67051c6c66c_2.5
6c8b6b2cc4ecec9a65bae67051c6c66c,Spezia,Sassuolo,2025-01-24T19:30:00Z,soccer_italy_serie_b,Serie B,williamhill,2.5,2.0,1.8,2025-01-24T11:55:28Z,2025-01-24,6c8b6b2cc4ecec9a65bae67051c6c66c_2.5
6c8b6b2cc4ecec9a65bae67051c6c66c,Spezia,Sassuolo,2025-01-24T19:30:00Z,soccer_italy_serie_b,Serie B,betus,2.25,1.82,1.93,2025-01-24T11:55:27Z,2025-01-24,6c8b6b2cc4ecec9a65bae67051c6c66c_2.25
6c8b6b2cc4ecec9a65bae67051c6c66c,Spezia,Sassuolo,2025-01-24T19:30:00Z,soccer_italy_serie_b,Serie B,matchbook,2.5,2.14,1.86,2025-01-24T11:54:11Z,2025-01-24,6c8b6b2cc4ecec9a65bae67051c6c66c_2.5
6c8b6b2cc4ecec9a65bae67051c6c66c,Spezia,Sassuolo,2025-01-24T19:30:00Z,soccer_italy_serie_b,Serie B,lowvig,2.5,2.04,1.81,2025-01-24T11:55:27Z,2025-01-24,6c8b6b2cc4ecec9a65bae67051c6c66c_2.5
6c8b6b2cc4ecec9a65bae67051c6c66c,Spezia,Sassuolo,2025-01-24T19:30:00Z,soccer_italy_serie_b,Serie B,betonlineag,2.5,2.04,1.81,2025-01-24T11:55:27Z,2025-01-24,6c8b6b2cc4ecec9a65bae67051c6c66c_2.5
d1983506beed322165418640087135a4,Cesena FC,Bari,2025-01-25T14:00:00Z,soccer_italy_serie_b,Serie B,pinnacle,2.25,2.0,1.86,2025-01-24T11:55:27Z,2025-01-24,d1983506beed322165418640087135a4_2.25
d1983506beed322165418640087135a4,Cesena FC,Bari,2025-01-25T14:00:00Z,soccer_italy_serie_b,Serie B,onexbet,2.5,2.25,1.64,2025-01-24T11:55:27Z,2025-01-24,d1983506beed322165418640087135a4_2.5
d1983506beed322165418640087135a4,Cesena FC,Bari,2025-01-25T14:00:00Z,soccer_italy_serie_b,Serie B,betsson,2.5,2.2,1.62,2025-01-24T11:55:28Z,2025-01-24,d1983506beed322165418640087135a4_2.5
d1983506beed322165418640087135a4,Cesena FC,Bari,2025-01-25T14:00:00Z,soccer_italy_serie_b,Serie B,nordicbet,2.5,2.2,1.62,2025-01-24T11:55:27Z,2025-01-24,d1983506beed322165418640087135a4_2.5
d1983506beed322165418640087135a4,Cesena FC,Bari,2025-01-25T14:00:00Z,soccer_italy_serie_b,Serie B,bovada,2.25,1.98,1.85,2025-01-24T11:55:26Z,2025-01-24,d1983506beed322165418640087135a4_2.25
d1983506beed322165418640087135a4,Cesena FC,Bari,2025-01-25T14:00:00Z,soccer_italy_serie_b,Serie B,tipico_de,2.5,2.2,1.6,2025-01-24T11:55:32Z,2025-01-24,d1983506beed322165418640087135a4_2.5
d1983506beed322165418640087135a4,Cesena FC,Bari,2025-01-25T14:00:00Z,soccer_italy_serie_b,Serie B,unibet_eu,2.5,2.23,1.56,2025-01-24T11:55:28Z,2025-01-24,d1983506beed322165418640087135a4_2.5
d1983506beed322165418640087135a4,Cesena FC,Bari,2025-01-25T14:00:00Z,soccer_italy_serie_b,Serie B,betrivers,2.5,2.23,1.56,2025-01-24T11:55:27Z,2025-01-24,d1983506beed322165418640087135a4_2.5
d1983506beed322165418640087135a4,Cesena FC,Bari,2025-01-25T14:00:00Z,soccer_italy_serie_b,Serie B,unibet,2.5,2.23,1.57,2025-01-24T11:55:28Z,2025-01-24,d1983506beed322165418640087135a4_2.5
d1983506beed322165418640087135a4,Cesena FC,Bari,2025-01-25T14:00:00Z,soccer_italy_serie_b,Serie B,williamhill,2.5,2.2,1.67,2025-01-24T11:55:28Z,2025-01-24,d1983506beed322165418640087135a4_2.5
d1983506beed322165418640087135a4,Cesena FC,Bari,2025-01-25T14:00:00Z,soccer_italy_serie_b,Serie B,betus,2.25,1.88,1.86,2025-01-24T11:55:27Z,2025-01-24,d1983506beed322165418640087135a4_2.25
d1983506beed322165418640087135a4,Cesena FC,Bari,2025-01-25T14:00:00Z,soccer_italy_serie_b,Serie B,matchbook,2.5,2.4,1.63,2025-01-24T11:54:11Z,2025-01-24,d1983506beed322165418640087135a4_2.5
d1983506beed322165418640087135a4,Cesena FC,Bari,2025-01-25T14:00:00Z,soccer_italy_serie_b,Serie B,betonlineag,2.25,2.12,1.76,2025-01-24T11:55:27Z,2025-01-24,d1983506beed322165418640087135a4_2.25
d1983506beed322165418640087135a4,Cesena FC,Bari,2025-01-25T14:00:00Z,soccer_italy_serie_b,Serie B,lowvig,2.25,2.12,1.76,2025-01-24T11:55:27Z,2025-01-24,d1983506beed322165418640087135a4_2.25
25ab077d616918ef6913c636e36e0dee,Juve Stabia,Carrarese,2025-01-25T14:00:00Z,soccer_italy_serie_b,Serie B,onexbet,2.5,2.52,1.52,2025-01-24T11:55:27Z,2025-01-24,25ab077d616918ef6913c636e36e0dee_2.5
25ab077d616918ef6913c636e36e0dee,Juve Stabia,Carrarese,2025-01-25T14:00:00Z,soccer_italy_serie_b,Serie B,pinnacle,2.0,1.89,1.96,2025-01-24T11:55:27Z,2025-01-24,25ab077d616918ef6913c636e36e0dee_2.0
25ab077d616918ef6913c636e36e0dee,Juve Stabia,Carrarese,2025-01-25T14:00:00Z,soccer_italy_serie_b,Serie B,tipico_de,2.5,2.4,1.5,2025-01-24T11:55:32Z,2025-01-24,25ab077d616918ef6913c636e36e0dee_2.5
25ab077d616918ef6913c636e36e0dee,Juve Stabia,Carrarese,2025-01-25T14:00:00Z,soccer_italy_serie_b,Serie B,bovada,2.0,1.91,1.91,2025-01-24T11:55:26Z,2025-01-24,25ab077d616918ef6913c636e36e0dee_2.0
25ab077d616918ef6913c636e36e0dee,Juve Stabia,Carrarese,2025-01-25T14:00:00Z,soccer_italy_serie_b,Serie B,unibet_eu,2.5,2.4,1.49,2025-01-24T11:55:28Z,2025-01-24,25ab077d616918ef6913c636e36e0dee_2.5
25ab077d616918ef6913c636e36e0dee,Juve Stabia,Carrarese,2025-01-25T14:00:00Z,soccer_italy_serie_b,Serie B,betrivers,2.5,2.4,1.49,2025-01-24T11:55:27Z,2025-01-24,25ab077d616918ef6913c636e36e0dee_2.5
25ab077d616918ef6913c636e36e0dee,Juve Stabia,Carrarese,2025-01-25T14:00:00Z,soccer_italy_serie_b,Serie B,unibet,2.5,2.4,1.49,2025-01-24T11:55:28Z,2025-01-24,25ab077d616918ef6913c636e36e0dee_2.5
25ab077d616918ef6913c636e36e0dee,Juve Stabia,Carrarese,2025-01-25T14:00:00Z,soccer_italy_serie_b,Serie B,nordicbet,2.5,2.45,1.52,2025-01-24T11:55:27Z,2025-01-24,25ab077d616918ef6913c636e36e0dee_2.5
25ab077d616918ef6913c636e36e0dee,Juve Stabia,Carrarese,2025-01-25T14:00:00Z,soccer_italy_serie_b,Serie B,betsson,2.5,2.45,1.52,2025-01-24T11:55:28Z,2025-01-24,25ab077d616918ef6913c636e36e0dee_2.5
25ab077d616918ef6913c636e36e0dee,Juve Stabia,Carrarese,2025-01-25T14:00:00Z,soccer_italy_serie_b,Serie B,williamhill,2.5,2.5,1.53,2025-01-24T11:55:28Z,2025-01-24,25ab077d616918ef6913c636e36e0dee_2.5
25ab077d616918ef6913c636e36e0dee,Juve Stabia,Carrarese,2025-01-25T14:00:00Z,soccer_italy_serie_b,Serie B,betus,2.0,1.89,1.87,2025-01-24T11:55:27Z,2025-01-24,25ab077d616918ef6913c636e36e0dee_2.0
25ab077d616918ef6913c636e36e0dee,Juve Stabia,Carrarese,2025-01-25T14:00:00Z,soccer_italy_serie_b,Serie B,lowvig,2.0,1.88,1.93,2025-01-24T11:55:27Z,2025-01-24,25ab077d616918ef6913c636e36e0dee_2.0
25ab077d616918ef6913c636e36e0dee,Juve Stabia,Carrarese,2025-01-25T14:00:00Z,soccer_italy_serie_b,Serie B,betonlineag,2.0,1.88,1.93,2025-01-24T11:55:27Z,2025-01-24,25ab077d616918ef6913c636e36e0dee_2.0
bf029eb3f671b18b8e9b79573ed4900e,Cosenza,Cittadella,2025-01-25T14:00:00Z,soccer_italy_serie_b,Serie B,pinnacle,2.25,2.06,1.81,2025-01-24T11:55:27Z,2025-01-24,bf029eb3f671b18b8e9b79573ed4900e_2.25
bf029eb3f671b18b8e9b79573ed4900e,Cosenza,Cittadella,2025-01-25T14:00:00Z,soccer_italy_serie_b,Serie B,onexbet,2.5,2.33,1.6,2025-01-24T11:55:27Z,2025-01-24,bf029eb3f671b18b8e9b79573ed4900e_2.5
bf029eb3f671b18b8e9b79573ed4900e,Cosenza,Cittadella,2025-01-25T14:00:00Z,soccer_italy_serie_b,Serie B,betsson,2.5,2.25,1.6,2025-01-24T11:55:28Z,2025-01-24,bf029eb3f671b18b8e9b79573ed4900e_2.5
bf029eb3f671b18b8e9b79573ed4900e,Cosenza,Cittadella,2025-01-25T14:00:00Z,soccer_italy_serie_b,Serie B,nordicbet,2.5,2.25,1.6,2025-01-24T11:55:27Z,2025-01-24,bf029eb3f671b18b8e9b79573ed4900e_2.5
bf029eb3f671b18b8e9b79573ed4900e,Cosenza,Cittadella,2025-01-25T14:00:00Z,soccer_italy_serie_b,Serie B,tipico_de,2.5,2.25,1.55,2025-01-24T11:55:32Z,2025-01-24,bf029eb3f671b18b8e9b79573ed4900e_2.5
bf029eb3f671b18b8e9b79573ed4900e,Cosenza,Cittadella,2025-01-25T14:00:00Z,soccer_italy_serie_b,Serie B,bovada,2.25,2.05,1.8,2025-01-24T11:55:26Z,2025-01-24,bf029eb3f671b18b8e9b79573ed4900e_2.25
bf029eb3f671b18b8e9b79573ed4900e,Cosenza,Cittadella,2025-01-25T14:00:00Z,soccer_italy_serie_b,Serie B,unibet_eu,2.5,2.3,1.53,2025-01-24T11:55:28Z,2025-01-24,bf029eb3f671b18b8e9b79573ed4900e_2.5
bf029eb3f671b18b8e9b79573ed4900e,Cosenza,Cittadella,2025-01-25T14:00:00Z,soccer_italy_serie_b,Serie B,betrivers,2.5,2.3,1.53,2025-01-24T11:55:27Z,2025-01-24,bf029eb3f671b18b8e9b79573ed4900e_2.5
bf029eb3f671b18b8e9b79573ed4900e,Cosenza,Cittadella,2025-01-25T14:00:00Z,soccer_italy_serie_b,Serie B,unibet,2.5,2.3,1.53,2025-01-24T11:55:28Z,2025-01-24,bf029eb3f671b18b8e9b79573ed4900e_2.5
bf029eb3f671b18b8e9b79573ed4900e,Cosenza,Cittadella,2025-01-25T14:00:00Z,soccer_italy_serie_b,Serie B,williamhill,2.5,2.3,1.62,2025-01-24T11:55:28Z,2025-01-24,bf029eb3f671b18b8e9b79573ed4900e_2.5
bf029eb3f671b18b8e9b79573ed4900e,Cosenza,Cittadella,2025-01-25T14:00:00Z,soccer_italy_serie_b,Serie B,betus,2.25,1.94,1.81,2025-01-24T11:55:27Z,2025-01-24,bf029eb3f671b18b8e9b79573ed4900e_2.25
bf029eb3f671b18b8e9b79573ed4900e,Cosenza,Cittadella,2025-01-25T14:00:00Z,soccer_italy_serie_b,Serie B,matchbook,2.5,2.38,1.63,2025-01-24T11:54:11Z,2025-01-24,bf029eb3f671b18b8e9b79573ed4900e_2.5
bf029eb3f671b18b8e9b79573ed4900e,Cosenza,Cittadella,2025-01-25T14:00:00Z,soccer_italy_serie_b,Serie B,lowvig,2.25,2.05,1.8,2025-01-24T11:55:27Z,2025-01-24,bf029eb3f671b18b8e9b79573ed4900e_2.25
bf029eb3f671b18b8e9b79573ed4900e,Cosenza,Cittadella,2025-01-25T14:00:00Z,soccer_italy_serie_b,Serie B,betonlineag,2.25,2.05,1.8,2025-01-24T11:55:27Z,2025-01-24,bf029eb3f671b18b8e9b79573ed4900e_2.25
85c41abb75c93ced10b51a4cdb210f1c,Frosinone,Südtirol,2025-01-25T14:00:00Z,soccer_italy_serie_b,Serie B,pinnacle,2.0,1.92,1.93,2025-01-24T11:55:27Z,2025-01-24,85c41abb75c93ced10b51a4cdb210f1c_2.0
85c41abb75c93ced10b51a4cdb210f1c,Frosinone,Südtirol,2025-01-25T14:00:00Z,soccer_italy_serie_b,Serie B,onexbet,2.5,2.41,1.47,2025-01-24T11:55:27Z,2025-01-24,85c41abb75c93ced10b51a4cdb210f1c_2.5
85c41abb75c93ced10b51a4cdb210f1c,Frosinone,Südtirol,2025-01-25T14:00:00Z,soccer_italy_serie_b,Serie B,bovada,2.0,1.93,1.89,2025-01-24T11:55:26Z,2025-01-24,85c41abb75c93ced10b51a4cdb210f1c_2.0
85c41abb75c93ced10b51a4cdb210f1c,Frosinone,Südtirol,2025-01-25T14:00:00Z,soccer_italy_serie_b,Serie B,tipico_de,2.5,2.45,1.47,2025-01-24T11:55:32Z,2025-01-24,85c41abb75c93ced10b51a4cdb210f1c_2.5
85c41abb75c93ced10b51a4cdb210f1c,Frosinone,Südtirol,2025-01-25T14:00:00Z,soccer_italy_serie_b,Serie B,unibet_eu,2.5,2.5,1.44,2025-01-24T11:55:28Z,2025-01-24,85c41abb75c93ced10b51a4cdb210f1c_2.5
85c41abb75c93ced10b51a4cdb210f1c,Frosinone,Südtirol,2025-01-25T14:00:00Z,soccer_italy_serie_b,Serie B,betrivers,2.5,2.5,1.44,2025-01-24T11:55:27Z,2025-01-24,85c41abb75c93ced10b51a4cdb210f1c_2.5
85c41abb75c93ced10b51a4cdb210f1c,Frosinone,Südtirol,2025-01-25T14:00:00Z,soccer_italy_serie_b,Serie B,unibet,2.5,2.5,1.45,2025-01-24T11:55:28Z,2025-01-24,85c41abb75c93ced10b51a4cdb210f1c_2.5
85c41abb75c93ced10b51a4cdb210f1c,Frosinone,Südtirol,2025-01-25T14:00:00Z,soccer_italy_serie_b,Serie B,betsson,1.5,1.5,2.5,2025-01-24T11:55:28Z,2025-01-24,85c41abb75c93ced10b51a4cdb210f1c_1.5
85c41abb75c93ced10b51a4cdb210f1c,Frosinone,Südtirol,2025-01-25T14:00:00Z,soccer_italy_serie_b,Serie B,nordicbet,1.5,1.5,2.5,2025-01-24T11:55:27Z,2025-01-24,85c41abb75c93ced10b51a4cdb210f1c_1.5
85c41abb75c93ced10b51a4cdb210f1c,Frosinone,Südtirol,2025-01-25T14:00:00Z,soccer_italy_serie_b,Serie B,williamhill,2.5,2.5,1.53,2025-01-24T11:55:28Z,2025-01-24,85c41abb75c93ced10b51a4cdb210f1c_2.5
85c41abb75c93ced10b51a4cdb210f1c,Frosinone,Südtirol,2025-01-25T14:00:00Z,soccer_italy_serie_b,Serie B,betus,2.0,1.92,1.87,2025-01-24T11:55:27Z,2025-01-24,85c41abb75c93ced10b51a4cdb210f1c_2.0
85c41abb75c93ced10b51a4cdb210f1c,Frosinone,Südtirol,2025-01-25T14:00:00Z,soccer_italy_serie_b,Serie B,lowvig,2.0,1.92,1.9,2025-01-24T11:55:27Z,2025-01-24,85c41abb75c93ced10b51a4cdb210f1c_2.0
85c41abb75c93ced10b51a4cdb210f1c,Frosinone,Südtirol,2025-01-25T14:00:00Z,soccer_italy_serie_b,Serie B,betonlineag,2.0,1.92,1.9,2025-01-24T11:55:27Z,2025-01-24,85c41abb75c93ced10b51a4cdb210f1c_2.0
a0c75d4c0a5952a30e2e507f2e298ff2,Mantova,Sampdoria,2025-01-25T16:15:00Z,soccer_italy_serie_b,Serie B,pinnacle,2.5,2.05,1.81,2025-01-24T11:55:27Z,2025-01-24,a0c75d4c0a5952a30e2e507f2e298ff2_2.5
a0c75d4c0a5952a30e2e507f2e298ff2,Mantova,Sampdoria,2025-01-25T16:15:00Z,soccer_italy_serie_b,Serie B,onexbet,2.5,2.02,1.79,2025-01-24T11:55:27Z,2025-01-24,a0c75d4c0a5952a30e2e507f2e298ff2_2.5
a0c75d4c0a5952a30e2e507f2e298ff2,Mantova,Sampdoria,2025-01-25T16:15:00Z,soccer_italy_serie_b,Serie B,betsson,2.5,2.0,1.75,2025-01-24T11:55:28Z,2025-01-24,a0c75d4c0a5952a30e2e507f2e298ff2_2.5
a0c75d4c0a5952a30e2e507f2e298ff2,Mantova,Sampdoria,2025-01-25T16:15:00Z,soccer_italy_serie_b,Serie B,nordicbet,2.5,2.0,1.75,2025-01-24T11:55:27Z,2025-01-24,a0c75d4c0a5952a30e2e507f2e298ff2_2.5
a0c75d4c0a5952a30e2e507f2e298ff2,Mantova,Sampdoria,2025-01-25T16:15:00Z,soccer_italy_serie_b,Serie B,tipico_de,2.5,1.95,1.75,2025-01-24T11:55:32Z,2025-01-24,a0c75d4c0a5952a30e2e507f2e298ff2_2.5
a0c75d4c0a5952a30e2e507f2e298ff2,Mantova,Sampdoria,2025-01-25T16:15:00Z,soccer_italy_serie_b,Serie B,bovada,2.25,1.8,2.05,2025-01-24T11:55:26Z,2025-01-24,a0c75d4c0a5952a30e2e507f2e298ff2_2.25
a0c75d4c0a5952a30e2e507f2e298ff2,Mantova,Sampdoria,2025-01-25T16:15:00Z,soccer_italy_serie_b,Serie B,unibet_eu,2.5,1.95,1.73,2025-01-24T11:55:28Z,2025-01-24,a0c75d4c0a5952a30e2e507f2e298ff2_2.5
a0c75d4c0a5952a30e2e507f2e298ff2,Mantova,Sampdoria,2025-01-25T16:15:00Z,soccer_italy_serie_b,Serie B,betrivers,2.5,1.95,1.73,2025-01-24T11:55:27Z,2025-01-24,a0c75d4c0a5952a30e2e507f2e298ff2_2.5
a0c75d4c0a5952a30e2e507f2e298ff2,Mantova,Sampdoria,2025-01-25T16:15:00Z,soccer_italy_serie_b,Serie B,unibet,2.5,1.96,1.73,2025-01-24T11:55:28Z,2025-01-24,a0c75d4c0a5952a30e2e507f2e298ff2_2.5
a0c75d4c0a5952a30e2e507f2e298ff2,Mantova,Sampdoria,2025-01-25T16:15:00Z,soccer_italy_serie_b,Serie B,williamhill,2.5,2.05,1.75,2025-01-24T11:55:28Z,2025-01-24,a0c75d4c0a5952a30e2e507f2e298ff2_2.5
a0c75d4c0a5952a30e2e507f2e298ff2,Mantova,Sampdoria,2025-01-25T16:15:00Z,soccer_italy_serie_b,Serie B,betus,2.5,1.93,1.81,2025-01-24T11:55:27Z,2025-01-24,a0c75d4c0a5952a30e2e507f2e298ff2_2.5
a0c75d4c0a5952a30e2e507f2e298ff2,Mantova,Sampdoria,2025-01-25T16:15:00Z,soccer_italy_serie_b,Serie B,matchbook,2.5,2.06,1.83,2025-01-24T11:54:11Z,2025-01-24,a0c75d4c0a5952a30e2e507f2e298ff2_2.5
a0c75d4c0a5952a30e2e507f2e298ff2,Mantova,Sampdoria,2025-01-25T16:15:00Z,soccer_italy_serie_b,Serie B,lowvig,2.25,1.81,2.03,2025-01-24T11:55:27Z,2025-01-24,a0c75d4c0a5952a30e2e507f2e298ff2_2.25
a0c75d4c0a5952a30e2e507f2e298ff2,Mantova,Sampdoria,2025-01-25T16:15:00Z,soccer_italy_serie_b,Serie B,betonlineag,2.25,1.81,2.03,2025-01-24T11:55:27Z,2025-01-24,a0c75d4c0a5952a30e2e507f2e298ff2_2.25
d87b643f49b2e4e73af619bc34c36522,Brescia,US Catanzaro 1929,2025-01-26T14:00:00Z,soccer_italy_serie_b,Serie B,pinnacle,2.25,1.89,1.94,2025-01-24T11:55:27Z,2025-01-24,d87b643f49b2e4e73af619bc34c36522_2.25
d87b643f49b2e4e73af619bc34c36522,Brescia,US Catanzaro 1929,2025-01-26T14:00:00Z,soccer_italy_serie_b,Serie B,onexbet,2.5,2.13,1.71,2025-01-24T11:55:27Z,2025-01-24,d87b643f49b2e4e73af619bc34c36522_2.5
d87b643f49b2e4e73af619bc34c36522,Brescia,US Catanzaro 1929,2025-01-26T14:00:00Z,soccer_italy_serie_b,Serie B,bovada,2.25,1.91,1.91,2025-01-24T11:55:26Z,2025-01-24,d87b643f49b2e4e73af619bc34c36522_2.25
d87b643f49b2e4e73af619bc34c36522,Brescia,US Catanzaro 1929,2025-01-26T14:00:00Z,soccer_italy_serie_b,Serie B,tipico_de,2.5,2.05,1.67,2025-01-24T11:55:32Z,2025-01-24,d87b643f49b2e4e73af619bc34c36522_2.5
d87b643f49b2e4e73af619bc34c36522,Brescia,US Catanzaro 1929,2025-01-26T14:00:00Z,soccer_italy_serie_b,Serie B,unibet_eu,2.5,2.02,1.68,2025-01-24T11:55:28Z,2025-01-24,d87b643f49b2e4e73af619bc34c36522_2.5
d87b643f49b2e4e73af619bc34c36522,Brescia,US Catanzaro 1929,2025-01-26T14:00:00Z,soccer_italy_serie_b,Serie B,betrivers,2.5,2.02,1.68,2025-01-24T11:55:27Z,2025-01-24,d87b643f49b2e4e73af619bc34c36522_2.5
d87b643f49b2e4e73af619bc34c36522,Brescia,US Catanzaro 1929,2025-01-26T14:00:00Z,soccer_italy_serie_b,Serie B,unibet,2.5,2.02,1.68,2025-01-24T11:55:28Z,2025-01-24,d87b643f49b2e4e73af619bc34c36522_2.5
d87b643f49b2e4e73af619bc34c36522,Brescia,US Catanzaro 1929,2025-01-26T14:00:00Z,soccer_italy_serie_b,Serie B,nordicbet,2.5,2.1,1.7,2025-01-24T11:55:27Z,2025-01-24,d87b643f49b2e4e73af619bc34c36522_2.5
d87b643f49b2e4e73af619bc34c36522,Brescia,US Catanzaro 1929,2025-01-26T14:00:00Z,soccer_italy_serie_b,Serie B,betsson,2.5,2.1,1.7,2025-01-24T11:55:28Z,2025-01-24,d87b643f49b2e4e73af619bc34c36522_2.5
d87b643f49b2e4e73af619bc34c36522,Brescia,US Catanzaro 1929,2025-01-26T14:00:00Z,soccer_italy_serie_b,Serie B,williamhill,2.5,2.15,1.7,2025-01-24T11:55:28Z,2025-01-24,d87b643f49b2e4e73af619bc34c36522_2.5
d87b643f49b2e4e73af619bc34c36522,Brescia,US Catanzaro 1929,2025-01-26T14:00:00Z,soccer_italy_serie_b,Serie B,betus,2.25,1.89,1.87,2025-01-24T11:55:27Z,2025-01-24,d87b643f49b2e4e73af619bc34c36522_2.25
d87b643f49b2e4e73af619bc34c36522,Brescia,US Catanzaro 1929,2025-01-26T14:00:00Z,soccer_italy_serie_b,Serie B,matchbook,2.5,2.16,1.7,2025-01-24T11:54:11Z,2025-01-24,d87b643f49b2e4e73af619bc34c36522_2.5
0707d048b9eed8797eeb97a6d4479b01,Reggiana,Palermo,2025-01-26T14:00:00Z,soccer_italy_serie_b,Serie B,pinnacle,2.25,1.98,1.85,2025-01-24T11:55:27Z,2025-01-24,0707d048b9eed8797eeb97a6d4479b01_2.25
0707d048b9eed8797eeb97a6d4479b01,Reggiana,Palermo,2025-01-26T14:00:00Z,soccer_italy_serie_b,Serie B,onexbet,2.5,2.25,1.64,2025-01-24T11:55:27Z,2025-01-24,0707d048b9eed8797eeb97a6d4479b01_2.5
0707d048b9eed8797eeb97a6d4479b01,Reggiana,Palermo,2025-01-26T14:00:00Z,soccer_italy_serie_b,Serie B,bovada,2.25,1.98,1.85,2025-01-24T11:55:26Z,2025-01-24,0707d048b9eed8797eeb97a6d4479b01_2.25
0707d048b9eed8797eeb97a6d4479b01,Reggiana,Palermo,2025-01-26T14:00:00Z,soccer_italy_serie_b,Serie B,tipico_de,2.5,2.15,1.62,2025-01-24T11:55:32Z,2025-01-24,0707d048b9eed8797eeb97a6d4479b01_2.5
0707d048b9eed8797eeb97a6d4479b01,Reggiana,Palermo,2025-01-26T14:00:00Z,soccer_italy_serie_b,Serie B,unibet_eu,2.5,2.3,1.53,2025-01-24T11:55:28Z,2025-01-24,0707d048b9eed8797eeb97a6d4479b01_2.5
0707d048b9eed8797eeb97a6d4479b01,Reggiana,Palermo,2025-01-26T14:00:00Z,soccer_italy_serie_b,Serie B,betrivers,2.5,2.3,1.53,2025-01-24T11:55:27Z,2025-01-24,0707d048b9eed8797eeb97a6d4479b01_2.5
0707d048b9eed8797eeb97a6d4479b01,Reggiana,Palermo,2025-01-26T14:00:00Z,soccer_italy_serie_b,Serie B,unibet,2.5,2.3,1.53,2025-01-24T11:55:28Z,2025-01-24,0707d048b9eed8797eeb97a6d4479b01_2.5
0707d048b9eed8797eeb97a6d4479b01,Reggiana,Palermo,2025-01-26T14:00:00Z,soccer_italy_serie_b,Serie B,nordicbet,2.5,2.2,1.62,2025-01-24T11:55:27Z,2025-01-24,0707d048b9eed8797eeb97a6d4479b01_2.5
0707d048b9eed8797eeb97a6d4479b01,Reggiana,Palermo,2025-01-26T14:00:00Z,soccer_italy_serie_b,Serie B,betsson,2.5,2.2,1.62,2025-01-24T11:55:28Z,2025-01-24,0707d048b9eed8797eeb97a6d4479b01_2.5
0707d048b9eed8797eeb97a6d4479b01,Reggiana,Palermo,2025-01-26T14:00:00Z,soccer_italy_serie_b,Serie B,williamhill,2.5,2.2,1.67,2025-01-24T11:55:28Z,2025-01-24,0707d048b9eed8797eeb97a6d4479b01_2.5
0707d048b9eed8797eeb97a6d4479b01,Reggiana,Palermo,2025-01-26T14:00:00Z,soccer_italy_serie_b,Serie B,betus,2.25,1.88,1.85,2025-01-24T11:55:27Z,2025-01-24,0707d048b9eed8797eeb97a6d4479b01_2.25
0707d048b9eed8797eeb97a6d4479b01,Reggiana,Palermo,2025-01-26T14:00:00Z,soccer_italy_serie_b,Serie B,matchbook,2.5,2.26,1.63,2025-01-24T11:54:11Z,2025-01-24,0707d048b9eed8797eeb97a6d4479b01_2.5
5fc1fe0b07a8121c396e0fef0948d015,Pisa,Salernitana,2025-01-26T14:00:00Z,soccer_italy_serie_b,Serie B,pinnacle,2.25,1.81,2.04,2025-01-24T11:55:27Z,2025-01-24,5fc1fe0b07a8121c396e0fef0948d015_2.25
5fc1fe0b07a8121c396e0fef0948d015,Pisa,Salernitana,2025-01-26T14:00:00Z,soccer_italy_serie_b,Serie B,onexbet,2.5,2.03,1.78,2025-01-24T11:55:27Z,2025-01-24,5fc1fe0b07a8121c396e0fef0948d015_2.5
5fc1fe0b07a8121c396e0fef0948d015,Pisa,Salernitana,2025-01-26T14:00:00Z,soccer_italy_serie_b,Serie B,bovada,2.25,1.82,2.02,2025-01-24T11:55:26Z,2025-01-24,5fc1fe0b07a8121c396e0fef0948d015_2.25
5fc1fe0b07a8121c396e0fef0948d015,Pisa,Salernitana,2025-01-26T14:00:00Z,soccer_italy_serie_b,Serie B,tipico_de,2.5,1.93,1.75,2025-01-24T11:55:32Z,2025-01-24,5fc1fe0b07a8121c396e0fef0948d015_2.5
5fc1fe0b07a8121c396e0fef0948d015,Pisa,Salernitana,2025-01-26T14:00:00Z,soccer_italy_serie_b,Serie B,unibet_eu,2.5,1.93,1.76,2025-01-24T11:55:28Z,2025-01-24,5fc1fe0b07a8121c396e0fef0948d015_2.5
5fc1fe0b07a8121c396e0fef0948d015,Pisa,Salernitana,2025-01-26T14:00:00Z,soccer_italy_serie_b,Serie B,betrivers,2.5,1.93,1.76,2025-01-24T11:55:27Z,2025-01-24,5fc1fe0b07a8121c396e0fef0948d015_2.5
5fc1fe0b07a8121c396e0fef0948d015,Pisa,Salernitana,2025-01-26T14:00:00Z,soccer_italy_serie_b,Serie B,unibet,2.5,1.94,1.76,2025-01-24T11:55:28Z,2025-01-24,5fc1fe0b07a8121c396e0fef0948d015_2.5
5fc1fe0b07a8121c396e0fef0948d015,Pisa,Salernitana,2025-01-26T14:00:00Z,soccer_italy_serie_b,Serie B,betsson,2.5,2.0,1.75,2025-01-24T11:55:28Z,2025-01-24,5fc1fe0b07a8121c396e0fef0948d015_2.5
5fc1fe0b07a8121c396e0fef0948d015,Pisa,Salernitana,2025-01-26T14:00:00Z,soccer_italy_serie_b,Serie B,nordicbet,2.5,2.0,1.75,2025-01-24T11:55:27Z,2025-01-24,5fc1fe0b07a8121c396e0fef0948d015_2.5
5fc1fe0b07a8121c396e0fef0948d015,Pisa,Salernitana,2025-01-26T14:00:00Z,soccer_italy_serie_b,Serie B,williamhill,2.5,2.05,1.75,2025-01-24T11:55:28Z,2025-01-24,5fc1fe0b07a8121c396e0fef0948d015_2.5
5fc1fe0b07a8121c396e0fef0948d015,Pisa,Salernitana,2025-01-26T14:00:00Z,soccer_italy_serie_b,Serie B,betus,2.25,1.81,1.94,2025-01-24T11:55:27Z,2025-01-24,5fc1fe0b07a8121c396e0fef0948d015_2.25
5fc1fe0b07a8121c396e0fef0948d015,Pisa,Salernitana,2025-01-26T14:00:00Z,soccer_italy_serie_b,Serie B,matchbook,2.5,2.06,1.78,2025-01-24T11:54:11Z,2025-01-24,5fc1fe0b07a8121c396e0fef0948d015_2.5
6c1aeb16283859233ae01c03e5bdd855,Rodez AF,AC Ajaccio,2025-01-24T19:00:00Z,soccer_france_ligue_two,Ligue 2,onexbet,2.5,1.97,1.83,2025-01-24T11:55:25Z,2025-01-24,6c1aeb16283859233ae01c03e5bdd855_2.5
6c1aeb16283859233ae01c03e5bdd855,Rodez AF,AC Ajaccio,2025-01-24T19:00:00Z,soccer_france_ligue_two,Ligue 2,pinnacle,2.5,2.02,1.85,2025-01-24T11:55:25Z,2025-01-24,6c1aeb16283859233ae01c03e5bdd855_2.5
6c1aeb16283859233ae01c03e5bdd855,Rodez AF,AC Ajaccio,2025-01-24T19:00:00Z,soccer_france_ligue_two,Ligue 2,bovada,2.5,1.98,1.85,2025-01-24T11:55:25Z,2025-01-24,6c1aeb16283859233ae01c03e5bdd855_2.5
6c1aeb16283859233ae01c03e5bdd855,Rodez AF,AC Ajaccio,2025-01-24T19:00:00Z,soccer_france_ligue_two,Ligue 2,betsson,2.5,1.95,1.83,2025-01-24T11:55:26Z,2025-01-24,6c1aeb16283859233ae01c03e5bdd855_2.5
6c1aeb16283859233ae01c03e5bdd855,Rodez AF,AC Ajaccio,2025-01-24T19:00:00Z,soccer_france_ligue_two,Ligue 2,nordicbet,2.5,1.95,1.83,2025-01-24T11:55:26Z,2025-01-24,6c1aeb16283859233ae01c03e5bdd855_2.5
6c1aeb16283859233ae01c03e5bdd855,Rodez AF,AC Ajaccio,2025-01-24T19:00:00Z,soccer_france_ligue_two,Ligue 2,tipico_de,2.5,1.93,1.75,2025-01-24T11:55:27Z,2025-01-24,6c1aeb16283859233ae01c03e5bdd855_2.5
6c1aeb16283859233ae01c03e5bdd855,Rodez AF,AC Ajaccio,2025-01-24T19:00:00Z,soccer_france_ligue_two,Ligue 2,playup,2.5,1.93,1.82,2025-01-24T11:55:27Z,2025-01-24,6c1aeb16283859233ae01c03e5bdd855_2.5
6c1aeb16283859233ae01c03e5bdd855,Rodez AF,AC Ajaccio,2025-01-24T19:00:00Z,soccer_france_ligue_two,Ligue 2,unibet_eu,2.5,1.91,1.81,2025-01-24T11:55:26Z,2025-01-24,6c1aeb16283859233ae01c03e5bdd855_2.5
6c1aeb16283859233ae01c03e5bdd855,Rodez AF,AC Ajaccio,2025-01-24T19:00:00Z,soccer_france_ligue_two,Ligue 2,unibet,2.5,1.91,1.81,2025-01-24T11:55:26Z,2025-01-24,6c1aeb16283859233ae01c03e5bdd855_2.5
6c1aeb16283859233ae01c03e5bdd855,Rodez AF,AC Ajaccio,2025-01-24T19:00:00Z,soccer_france_ligue_two,Ligue 2,betrivers,2.5,1.91,1.81,2025-01-24T11:55:25Z,2025-01-24,6c1aeb16283859233ae01c03e5bdd855_2.5
6c1aeb16283859233ae01c03e5bdd855,Rodez AF,AC Ajaccio,2025-01-24T19:00:00Z,soccer_france_ligue_two,Ligue 2,williamhill,2.5,1.95,1.85,2025-01-24T11:55:26Z,2025-01-24,6c1aeb16283859233ae01c03e5bdd855_2.5
6c1aeb16283859233ae01c03e5bdd855,Rodez AF,AC Ajaccio,2025-01-24T19:00:00Z,soccer_france_ligue_two,Ligue 2,betus,2.5,1.88,1.85,2025-01-24T11:55:26Z,2025-01-24,6c1aeb16283859233ae01c03e5bdd855_2.5
6c1aeb16283859233ae01c03e5bdd855,Rodez AF,AC Ajaccio,2025-01-24T19:00:00Z,soccer_france_ligue_two,Ligue 2,matchbook,2.5,2.1,1.89,2025-01-24T11:55:25Z,2025-01-24,6c1aeb16283859233ae01c03e5bdd855_2.5
6c1aeb16283859233ae01c03e5bdd855,Rodez AF,AC Ajaccio,2025-01-24T19:00:00Z,soccer_france_ligue_two,Ligue 2,lowvig,2.5,2.0,1.83,2025-01-24T11:55:26Z,2025-01-24,6c1aeb16283859233ae01c03e5bdd855_2.5
6c1aeb16283859233ae01c03e5bdd855,Rodez AF,AC Ajaccio,2025-01-24T19:00:00Z,soccer_france_ligue_two,Ligue 2,betonlineag,2.5,2.0,1.83,2025-01-24T11:54:09Z,2025-01-24,6c1aeb16283859233ae01c03e5bdd855_2.5
5c96ae864b97b48fe0799c279ffb237b,FC Martigues,Amiens,2025-01-24T19:00:00Z,soccer_france_ligue_two,Ligue 2,onexbet,2.5,1.97,1.83,2025-01-24T11:55:25Z,2025-01-24,5c96ae864b97b48fe0799c279ffb237b_2.5
5c96ae864b97b48fe0799c279ffb237b,FC Martigues,Amiens,2025-01-24T19:00:00Z,soccer_france_ligue_two,Ligue 2,pinnacle,2.5,2.01,1.86,2025-01-24T11:55:25Z,2025-01-24,5c96ae864b97b48fe0799c279ffb237b_2.5
5c96ae864b97b48fe0799c279ffb237b,FC Martigues,Amiens,2025-01-24T19:00:00Z,soccer_france_ligue_two,Ligue 2,bovada,2.5,2.0,1.83,2025-01-24T11:55:25Z,2025-01-24,5c96ae864b97b48fe0799c279ffb237b_2.5
5c96ae864b97b48fe0799c279ffb237b,FC Martigues,Amiens,2025-01-24T19:00:00Z,soccer_france_ligue_two,Ligue 2,betsson,2.5,1.95,1.8,2025-01-24T11:55:26Z,2025-01-24,5c96ae864b97b48fe0799c279ffb237b_2.5
5c96ae864b97b48fe0799c279ffb237b,FC Martigues,Amiens,2025-01-24T19:00:00Z,soccer_france_ligue_two,Ligue 2,nordicbet,2.5,1.95,1.8,2025-01-24T11:55:26Z,2025-01-24,5c96ae864b97b48fe0799c279ffb237b_2.5
5c96ae864b97b48fe0799c279ffb237b,FC Martigues,Amiens,2025-01-24T19:00:00Z,soccer_france_ligue_two,Ligue 2,tipico_de,2.5,1.9,1.8,2025-01-24T11:55:27Z,2025-01-24,5c96ae864b97b48fe0799c279ffb237b_2.5
5c96ae864b97b48fe0799c279ffb237b,FC Martigues,Amiens,2025-01-24T19:00:00Z,soccer_france_ligue_two,Ligue 2,playup,2.5,1.95,1.8,2025-01-24T11:55:27Z,2025-01-24,5c96ae864b97b48fe0799c279ffb237b_2.5
5c96ae864b97b48fe0799c279ffb237b,FC Martigues,Amiens,2025-01-24T19:00:00Z,soccer_france_ligue_two,Ligue 2,unibet_eu,2.5,2.0,1.74,2025-01-24T11:55:26Z,2025-01-24,5c96ae864b97b48fe0799c279ffb237b_2.5
5c96ae864b97b48fe0799c279ffb237b,FC Martigues,Amiens,2025-01-24T19:00:00Z,soccer_france_ligue_two,Ligue 2,unibet,2.5,2.0,1.74,2025-01-24T11:55:26Z,2025-01-24,5c96ae864b97b48fe0799c279ffb237b_2.5
5c96ae864b97b48fe0799c279ffb237b,FC Martigues,Amiens,2025-01-24T19:00:00Z,soccer_france_ligue_two,Ligue 2,betrivers,2.5,2.0,1.74,2025-01-24T11:55:25Z,2025-01-24,5c96ae864b97b48fe0799c279ffb237b_2.5
5c96ae864b97b48fe0799c279ffb237b,FC Martigues,Amiens,2025-01-24T19:00:00Z,soccer_france_ligue_two,Ligue 2,williamhill,2.5,2.05,1.75,2025-01-24T11:55:26Z,2025-01-24,5c96ae864b97b48fe0799c279ffb237b_2.5
5c96ae864b97b48fe0799c279ffb237b,FC Martigues,Amiens,2025-01-24T19:00:00Z,soccer_france_ligue_two,Ligue 2,betus,2.5,1.88,1.86,2025-01-24T11:55:26Z,2025-01-24,5c96ae864b97b48fe0799c279ffb237b_2.5
5c96ae864b97b48fe0799c279ffb237b,FC Martigues,Amiens,2025-01-24T19:00:00Z,soccer_france_ligue_two,Ligue 2,matchbook,2.5,2.06,1.93,2025-01-24T11:55:25Z,2025-01-24,5c96ae864b97b48fe0799c279ffb237b_2.5
5c96ae864b97b48fe0799c279ffb237b,FC Martigues,Amiens,2025-01-24T19:00:00Z,soccer_france_ligue_two,Ligue 2,lowvig,2.5,2.0,1.83,2025-01-24T11:55:26Z,2025-01-24,5c96ae864b97b48fe0799c279ffb237b_2.5
5c96ae864b97b48fe0799c279ffb237b,FC Martigues,Amiens,2025-01-24T19:00:00Z,soccer_france_ligue_two,Ligue 2,betonlineag,2.5,2.0,1.83,2025-01-24T11:54:09Z,2025-01-24,5c96ae864b97b48fe0799c279ffb237b_2.5
4558ccf23d345d99a5a27658685b6342,Caen,Guingamp,2025-01-24T19:00:00Z,soccer_france_ligue_two,Ligue 2,pinnacle,2.5,1.96,1.9,2025-01-24T11:55:25Z,2025-01-24,4558ccf23d345d99a5a27658685b6342_2.5
4558ccf23d345d99a5a27658685b6342,Caen,Guingamp,2025-01-24T19:00:00Z,soccer_france_ligue_two,Ligue 2,bovada,2.5,1.95,1.87,2025-01-24T11:55:25Z,2025-01-24,4558ccf23d345d99a5a27658685b6342_2.5
4558ccf23d345d99a5a27658685b6342,Caen,Guingamp,2025-01-24T19:00:00Z,soccer_france_ligue_two,Ligue 2,betsson,2.5,1.9,1.83,2025-01-24T11:55:26Z,2025-01-24,4558ccf23d345d99a5a27658685b6342_2.5
4558ccf23d345d99a5a27658685b6342,Caen,Guingamp,2025-01-24T19:00:00Z,soccer_france_ligue_two,Ligue 2,nordicbet,2.5,1.9,1.83,2025-01-24T11:55:26Z,2025-01-24,4558ccf23d345d99a5a27658685b6342_2.5
4558ccf23d345d99a5a27658685b6342,Caen,Guingamp,2025-01-24T19:00:00Z,soccer_france_ligue_two,Ligue 2,tipico_de,2.5,1.83,1.85,2025-01-24T11:55:27Z,2025-01-24,4558ccf23d345d99a5a27658685b6342_2.5
4558ccf23d345d99a5a27658685b6342,Caen,Guingamp,2025-01-24T19:00:00Z,soccer_france_ligue_two,Ligue 2,playup,2.5,1.92,1.82,2025-01-24T11:55:27Z,2025-01-24,4558ccf23d345d99a5a27658685b6342_2.5
4558ccf23d345d99a5a27658685b6342,Caen,Guingamp,2025-01-24T19:00:00Z,soccer_france_ligue_two,Ligue 2,unibet_eu,2.5,1.78,1.93,2025-01-24T11:55:26Z,2025-01-24,4558ccf23d345d99a5a27658685b6342_2.5
4558ccf23d345d99a5a27658685b6342,Caen,Guingamp,2025-01-24T19:00:00Z,soccer_france_ligue_two,Ligue 2,unibet,2.5,1.78,1.94,2025-01-24T11:55:26Z,2025-01-24,4558ccf23d345d99a5a27658685b6342_2.5
4558ccf23d345d99a5a27658685b6342,Caen,Guingamp,2025-01-24T19:00:00Z,soccer_france_ligue_two,Ligue 2,betrivers,2.5,1.78,1.93,2025-01-24T11:55:25Z,2025-01-24,4558ccf23d345d99a5a27658685b6342_2.5
4558ccf23d345d99a5a27658685b6342,Caen,Guingamp,2025-01-24T19:00:00Z,soccer_france_ligue_two,Ligue 2,williamhill,2.5,1.91,1.91,2025-01-24T11:55:26Z,2025-01-24,4558ccf23d345d99a5a27658685b6342_2.5
4558ccf23d345d99a5a27658685b6342,Caen,Guingamp,2025-01-24T19:00:00Z,soccer_france_ligue_two,Ligue 2,betus,2.5,1.87,1.9,2025-01-24T11:55:26Z,2025-01-24,4558ccf23d345d99a5a27658685b6342_2.5
4558ccf23d345d99a5a27658685b6342,Caen,Guingamp,2025-01-24T19:00:00Z,soccer_france_ligue_two,Ligue 2,matchbook,2.5,2.04,1.93,2025-01-24T11:55:25Z,2025-01-24,4558ccf23d345d99a5a27658685b6342_2.5
4558ccf23d345d99a5a27658685b6342,Caen,Guingamp,2025-01-24T19:00:00Z,soccer_france_ligue_two,Ligue 2,lowvig,2.5,1.94,1.88,2025-01-24T11:55:26Z,2025-01-24,4558ccf23d345d99a5a27658685b6342_2.5
4558ccf23d345d99a5a27658685b6342,Caen,Guingamp,2025-01-24T19:00:00Z,soccer_france_ligue_two,Ligue 2,betonlineag,2.5,1.94,1.88,2025-01-24T11:54:09Z,2025-01-24,4558ccf23d345d99a5a27658685b6342_2.5
8e865c4266f598476b1c163c0659f176,Metz,Grenoble,2025-01-24T19:00:00Z,soccer_france_ligue_two,Ligue 2,onexbet,2.5,1.94,1.86,2025-01-24T11:55:25Z,2025-01-24,8e865c4266f598476b1c163c0659f176_2.5
8e865c4266f598476b1c163c0659f176,Metz,Grenoble,2025-01-24T19:00:00Z,soccer_france_ligue_two,Ligue 2,pinnacle,2.5,1.97,1.9,2025-01-24T11:55:25Z,2025-01-24,8e865c4266f598476b1c163c0659f176_2.5
8e865c4266f598476b1c163c0659f176,Metz,Grenoble,2025-01-24T19:00:00Z,soccer_france_ligue_two,Ligue 2,betsson,2.5,1.9,1.85,2025-01-24T11:55:26Z,2025-01-24,8e865c4266f598476b1c163c0659f176_2.5
8e865c4266f598476b1c163c0659f176,Metz,Grenoble,2025-01-24T19:00:00Z,soccer_france_ligue_two,Ligue 2,nordicbet,2.5,1.9,1.85,2025-01-24T11:55:26Z,2025-01-24,8e865c4266f598476b1c163c0659f176_2.5
8e865c4266f598476b1c163c0659f176,Metz,Grenoble,2025-01-24T19:00:00Z,soccer_france_ligue_two,Ligue 2,tipico_de,2.5,1.87,1.83,2025-01-24T11:55:27Z,2025-01-24,8e865c4266f598476b1c163c0659f176_2.5
8e865c4266f598476b1c163c0659f176,Metz,Grenoble,2025-01-24T19:00:00Z,soccer_france_ligue_two,Ligue 2,bovada,2.5,1.98,1.85,2025-01-24T11:55:25Z,2025-01-24,8e865c4266f598476b1c163c0659f176_2.5
8e865c4266f598476b1c163c0659f176,Metz,Grenoble,2025-01-24T19:00:00Z,soccer_france_ligue_two,Ligue 2,playup,2.5,1.9,1.83,2025-01-24T11:55:27Z,2025-01-24,8e865c4266f598476b1c163c0659f176_2.5
8e865c4266f598476b1c163c0659f176,Metz,Grenoble,2025-01-24T19:00:00Z,soccer_france_ligue_two,Ligue 2,unibet_eu,2.5,1.93,1.78,2025-01-24T11:55:26Z,2025-01-24,8e865c4266f598476b1c163c0659f176_2.5
8e865c4266f598476b1c163c0659f176,Metz,Grenoble,2025-01-24T19:00:00Z,soccer_france_ligue_two,Ligue 2,unibet,2.5,1.94,1.78,2025-01-24T11:55:26Z,2025-01-24,8e865c4266f598476b1c163c0659f176_2.5
8e865c4266f598476b1c163c0659f176,Metz,Grenoble,2025-01-24T19:00:00Z,soccer_france_ligue_two,Ligue 2,betrivers,2.5,1.93,1.78,2025-01-24T11:55:25Z,2025-01-24,8e865c4266f598476b1c163c0659f176_2.5
8e865c4266f598476b1c163c0659f176,Metz,Grenoble,2025-01-24T19:00:00Z,soccer_france_ligue_two,Ligue 2,williamhill,2.5,2.0,1.8,2025-01-24T11:55:26Z,2025-01-24,8e865c4266f598476b1c163c0659f176_2.5
8e865c4266f598476b1c163c0659f176,Metz,Grenoble,2025-01-24T19:00:00Z,soccer_france_ligue_two,Ligue 2,betus,2.5,1.87,1.9,2025-01-24T11:55:26Z,2025-01-24,8e865c4266f598476b1c163c0659f176_2.5
8e865c4266f598476b1c163c0659f176,Metz,Grenoble,2025-01-24T19:00:00Z,soccer_france_ligue_two,Ligue 2,matchbook,2.5,2.04,1.93,2025-01-24T11:55:25Z,2025-01-24,8e865c4266f598476b1c163c0659f176_2.5
8e865c4266f598476b1c163c0659f176,Metz,Grenoble,2025-01-24T19:00:00Z,soccer_france_ligue_two,Ligue 2,lowvig,2.5,1.93,1.88,2025-01-24T11:55:26Z,2025-01-24,8e865c4266f598476b1c163c0659f176_2.5
8e865c4266f598476b1c163c0659f176,Metz,Grenoble,2025-01-24T19:00:00Z,soccer_france_ligue_two,Ligue 2,betonlineag,2.5,1.93,1.88,2025-01-24T11:54:09Z,2025-01-24,8e865c4266f598476b1c163c0659f176_2.5
4f7b1f210730f06f3ad810a9e3c247ce,SC Bastia,Pau FC,2025-01-24T19:00:00Z,soccer_france_ligue_two,Ligue 2,onexbet,2.5,2.02,1.79,2025-01-24T11:55:25Z,2025-01-24,4f7b1f210730f06f3ad810a9e3c247ce_2.5
4f7b1f210730f06f3ad810a9e3c247ce,SC Bastia,Pau FC,2025-01-24T19:00:00Z,soccer_france_ligue_two,Ligue 2,pinnacle,2.25,1.89,1.98,2025-01-24T11:55:25Z,2025-01-24,4f7b1f210730f06f3ad810a9e3c247ce_2.25
4f7b1f210730f06f3ad810a9e3c247ce,SC Bastia,Pau FC,2025-01-24T19:00:00Z,soccer_france_ligue_two,Ligue 2,bovada,2.5,2.02,1.82,2025-01-24T11:55:25Z,2025-01-24,4f7b1f210730f06f3ad810a9e3c247ce_2.5
4f7b1f210730f06f3ad810a9e3c247ce,SC Bastia,Pau FC,2025-01-24T19:00:00Z,soccer_france_ligue_two,Ligue 2,nordicbet,2.5,2.0,1.75,2025-01-24T11:55:26Z,2025-01-24,4f7b1f210730f06f3ad810a9e3c247ce_2.5
4f7b1f210730f06f3ad810a9e3c247ce,SC Bastia,Pau FC,2025-01-24T19:00:00Z,soccer_france_ligue_two,Ligue 2,betsson,2.5,2.0,1.75,2025-01-24T11:55:26Z,2025-01-24,4f7b1f210730f06f3ad810a9e3c247ce_2.5
4f7b1f210730f06f3ad810a9e3c247ce,SC Bastia,Pau FC,2025-01-24T19:00:00Z,soccer_france_ligue_two,Ligue 2,tipico_de,2.5,1.95,1.75,2025-01-24T11:55:27Z,2025-01-24,4f7b1f210730f06f3ad810a9e3c247ce_2.5
4f7b1f210730f06f3ad810a9e3c247ce,SC Bastia,Pau FC,2025-01-24T19:00:00Z,soccer_france_ligue_two,Ligue 2,playup,2.5,2.0,1.75,2025-01-24T11:55:27Z,2025-01-24,4f7b1f210730f06f3ad810a9e3c247ce_2.5
4f7b1f210730f06f3ad810a9e3c247ce,SC Bastia,Pau FC,2025-01-24T19:00:00Z,soccer_france_ligue_two,Ligue 2,betrivers,2.5,2.12,1.66,2025-01-24T11:55:25Z,2025-01-24,4f7b1f210730f06f3ad810a9e3c247ce_2.5
4f7b1f210730f06f3ad810a9e3c247ce,SC Bastia,Pau FC,2025-01-24T19:00:00Z,soccer_france_ligue_two,Ligue 2,unibet_eu,2.5,2.12,1.66,2025-01-24T11:55:26Z,2025-01-24,4f7b1f210730f06f3ad810a9e3c247ce_2.5
4f7b1f210730f06f3ad810a9e3c247ce,SC Bastia,Pau FC,2025-01-24T19:00:00Z,soccer_france_ligue_two,Ligue 2,unibet,2.5,2.12,1.66,2025-01-24T11:55:26Z,2025-01-24,4f7b1f210730f06f3ad810a9e3c247ce_2.5
4f7b1f210730f06f3ad810a9e3c247ce,SC Bastia,Pau FC,2025-01-24T19:00:00Z,soccer_france_ligue_two,Ligue 2,williamhill,2.5,2.0,1.83,2025-01-24T11:55:26Z,2025-01-24,4f7b1f210730f06f3ad810a9e3c247ce_2.5
4f7b1f210730f06f3ad810a9e3c247ce,SC Bastia,Pau FC,2025-01-24T19:00:00Z,soccer_france_ligue_two,Ligue 2,betus,2.5,1.92,1.83,2025-01-24T11:55:26Z,2025-01-24,4f7b1f210730f06f3ad810a9e3c247ce_2.5
4f7b1f210730f06f3ad810a9e3c247ce,SC Bastia,Pau FC,2025-01-24T19:00:00Z,soccer_france_ligue_two,Ligue 2,matchbook,2.5,2.14,1.85,2025-01-24T11:55:25Z,2025-01-24,4f7b1f210730f06f3ad810a9e3c247ce_2.5
4f7b1f210730f06f3ad810a9e3c247ce,SC Bastia,Pau FC,2025-01-24T19:00:00Z,soccer_france_ligue_two,Ligue 2,lowvig,2.5,2.04,1.81,2025-01-24T11:55:26Z,2025-01-24,4f7b1f210730f06f3ad810a9e3c247ce_2.5
4f7b1f210730f06f3ad810a9e3c247ce,SC Bastia,Pau FC,2025-01-24T19:00:00Z,soccer_france_ligue_two,Ligue 2,betonlineag,2.5,2.04,1.81,2025-01-24T11:54:09Z,2025-01-24,4f7b1f210730f06f3ad810a9e3c247ce_2.5
ee248720b6605c5348a8063440f43371,Stade Lavallois,Troyes,2025-01-24T19:00:00Z,soccer_france_ligue_two,Ligue 2,onexbet,2.5,2.4,1.57,2025-01-24T11:55:25Z,2025-01-24,ee248720b6605c5348a8063440f43371_2.5
ee248720b6605c5348a8063440f43371,Stade Lavallois,Troyes,2025-01-24T19:00:00Z,soccer_france_ligue_two,Ligue 2,playup,2.5,2.35,1.55,2025-01-24T11:55:27Z,2025-01-24,ee248720b6605c5348a8063440f43371_2.5
ee248720b6605c5348a8063440f43371,Stade Lavallois,Troyes,2025-01-24T19:00:00Z,soccer_france_ligue_two,Ligue 2,betsson,2.5,2.35,1.55,2025-01-24T11:55:26Z,2025-01-24,ee248720b6605c5348a8063440f43371_2.5
ee248720b6605c5348a8063440f43371,Stade Lavallois,Troyes,2025-01-24T19:00:00Z,soccer_france_ligue_two,Ligue 2,nordicbet,2.5,2.35,1.55,2025-01-24T11:55:26Z,2025-01-24,ee248720b6605c5348a8063440f43371_2.5
ee248720b6605c5348a8063440f43371,Stade Lavallois,Troyes,2025-01-24T19:00:00Z,soccer_france_ligue_two,Ligue 2,pinnacle,2.0,1.81,2.07,2025-01-24T11:55:25Z,2025-01-24,ee248720b6605c5348a8063440f43371_2.0
ee248720b6605c5348a8063440f43371,Stade Lavallois,Troyes,2025-01-24T19:00:00Z,soccer_france_ligue_two,Ligue 2,tipico_de,2.5,2.25,1.55,2025-01-24T11:55:27Z,2025-01-24,ee248720b6605c5348a8063440f43371_2.5
ee248720b6605c5348a8063440f43371,Stade Lavallois,Troyes,2025-01-24T19:00:00Z,soccer_france_ligue_two,Ligue 2,bovada,2.0,1.8,2.05,2025-01-24T11:55:25Z,2025-01-24,ee248720b6605c5348a8063440f43371_2.0
ee248720b6605c5348a8063440f43371,Stade Lavallois,Troyes,2025-01-24T19:00:00Z,soccer_france_ligue_two,Ligue 2,williamhill,2.5,2.4,1.57,2025-01-24T11:55:26Z,2025-01-24,ee248720b6605c5348a8063440f43371_2.5
ee248720b6605c5348a8063440f43371,Stade Lavallois,Troyes,2025-01-24T19:00:00Z,soccer_france_ligue_two,Ligue 2,betus,2.0,1.81,1.93,2025-01-24T11:55:26Z,2025-01-24,ee248720b6605c5348a8063440f43371_2.0
ee248720b6605c5348a8063440f43371,Stade Lavallois,Troyes,2025-01-24T19:00:00Z,soccer_france_ligue_two,Ligue 2,matchbook,2.5,2.64,1.59,2025-01-24T11:55:25Z,2025-01-24,ee248720b6605c5348a8063440f43371_2.5
ee248720b6605c5348a8063440f43371,Stade Lavallois,Troyes,2025-01-24T19:00:00Z,soccer_france_ligue_two,Ligue 2,betrivers,2.5,2.28,1.57,2025-01-24T11:55:25Z,2025-01-24,ee248720b6605c5348a8063440f43371_2.5
ee248720b6605c5348a8063440f43371,Stade Lavallois,Troyes,2025-01-24T19:00:00Z,soccer_france_ligue_two,Ligue 2,unibet_eu,2.5,2.28,1.57,2025-01-24T11:55:26Z,2025-01-24,ee248720b6605c5348a8063440f43371_2.5
ee248720b6605c5348a8063440f43371,Stade Lavallois,Troyes,2025-01-24T19:00:00Z,soccer_france_ligue_two,Ligue 2,unibet,2.5,2.28,1.58,2025-01-24T11:55:26Z,2025-01-24,ee248720b6605c5348a8063440f43371_2.5
ee248720b6605c5348a8063440f43371,Stade Lavallois,Troyes,2025-01-24T19:00:00Z,soccer_france_ligue_two,Ligue 2,lowvig,2.0,1.83,2.0,2025-01-24T11:55:26Z,2025-01-24,ee248720b6605c5348a8063440f43371_2.0
ee248720b6605c5348a8063440f43371,Stade Lavallois,Troyes,2025-01-24T19:00:00Z,soccer_france_ligue_two,Ligue 2,betonlineag,2.0,1.83,2.0,2025-01-24T11:54:09Z,2025-01-24,ee248720b6605c5348a8063440f43371_2.0
ab9aacd184bb94debc39682d14197eb5,Paris FC,Red Star,2025-01-25T13:00:00Z,soccer_france_ligue_two,Ligue 2,pinnacle,2.5,1.83,2.01,2025-01-24T11:55:25Z,2025-01-24,ab9aacd184bb94debc39682d14197eb5_2.5
ab9aacd184bb94debc39682d14197eb5,Paris FC,Red Star,2025-01-25T13:00:00Z,soccer_france_ligue_two,Ligue 2,betsson,2.5,1.8,1.95,2025-01-24T11:55:26Z,2025-01-24,ab9aacd184bb94debc39682d14197eb5_2.5
ab9aacd184bb94debc39682d14197eb5,Paris FC,Red Star,2025-01-25T13:00:00Z,soccer_france_ligue_two,Ligue 2,nordicbet,2.5,1.8,1.95,2025-01-24T11:55:26Z,2025-01-24,ab9aacd184bb94debc39682d14197eb5_2.5
ab9aacd184bb94debc39682d14197eb5,Paris FC,Red Star,2025-01-25T13:00:00Z,soccer_france_ligue_two,Ligue 2,tipico_de,2.5,1.75,1.93,2025-01-24T11:55:27Z,2025-01-24,ab9aacd184bb94debc39682d14197eb5_2.5
ab9aacd184bb94debc39682d14197eb5,Paris FC,Red Star,2025-01-25T13:00:00Z,soccer_france_ligue_two,Ligue 2,bovada,2.5,1.87,1.95,2025-01-24T11:55:25Z,2025-01-24,ab9aacd184bb94debc39682d14197eb5_2.5
ab9aacd184bb94debc39682d14197eb5,Paris FC,Red Star,2025-01-25T13:00:00Z,soccer_france_ligue_two,Ligue 2,unibet_eu,2.5,1.79,1.93,2025-01-24T11:55:26Z,2025-01-24,ab9aacd184bb94debc39682d14197eb5_2.5
ab9aacd184bb94debc39682d14197eb5,Paris FC,Red Star,2025-01-25T13:00:00Z,soccer_france_ligue_two,Ligue 2,unibet,2.5,1.79,1.93,2025-01-24T11:55:26Z,2025-01-24,ab9aacd184bb94debc39682d14197eb5_2.5
ab9aacd184bb94debc39682d14197eb5,Paris FC,Red Star,2025-01-25T13:00:00Z,soccer_france_ligue_two,Ligue 2,betrivers,2.5,1.79,1.93,2025-01-24T11:55:25Z,2025-01-24,ab9aacd184bb94debc39682d14197eb5_2.5
ab9aacd184bb94debc39682d14197eb5,Paris FC,Red Star,2025-01-25T13:00:00Z,soccer_france_ligue_two,Ligue 2,williamhill,2.5,1.85,1.95,2025-01-24T11:55:26Z,2025-01-24,ab9aacd184bb94debc39682d14197eb5_2.5
ab9aacd184bb94debc39682d14197eb5,Paris FC,Red Star,2025-01-25T13:00:00Z,soccer_france_ligue_two,Ligue 2,playup,2.5,1.77,1.95,2025-01-24T11:55:27Z,2025-01-24,ab9aacd184bb94debc39682d14197eb5_2.5
ab9aacd184bb94debc39682d14197eb5,Paris FC,Red Star,2025-01-25T13:00:00Z,soccer_france_ligue_two,Ligue 2,betus,2.5,1.83,1.91,2025-01-24T11:55:26Z,2025-01-24,ab9aacd184bb94debc39682d14197eb5_2.5
ab9aacd184bb94debc39682d14197eb5,Paris FC,Red Star,2025-01-25T13:00:00Z,soccer_france_ligue_two,Ligue 2,matchbook,2.5,1.82,2.08,2025-01-24T11:55:25Z,2025-01-24,ab9aacd184bb94debc39682d14197eb5_2.5
ab9aacd184bb94debc39682d14197eb5,Paris FC,Red Star,2025-01-25T13:00:00Z,soccer_france_ligue_two,Ligue 2,lowvig,2.5,1.87,1.95,2025-01-24T11:55:26Z,2025-01-24,ab9aacd184bb94debc39682d14197eb5_2.5
ab9aacd184bb94debc39682d14197eb5,Paris FC,Red Star,2025-01-25T13:00:00Z,soccer_france_ligue_two,Ligue 2,betonlineag,2.5,1.87,1.95,2025-01-24T11:54:09Z,2025-01-24,ab9aacd184bb94debc39682d14197eb5_2.5
fcb929d45de6573697bdec37d7670ede,Lorient,Clermont,2025-01-25T19:00:00Z,soccer_france_ligue_two,Ligue 2,pinnacle,2.5,1.85,1.98,2025-01-24T11:55:25Z,2025-01-24,fcb929d45de6573697bdec37d7670ede_2.5
fcb929d45de6573697bdec37d7670ede,Lorient,Clermont,2025-01-25T19:00:00Z,soccer_france_ligue_two,Ligue 2,onexbet,2.5,1.91,1.89,2025-01-24T11:55:25Z,2025-01-24,fcb929d45de6573697bdec37d7670ede_2.5
fcb929d45de6573697bdec37d7670ede,Lorient,Clermont,2025-01-25T19:00:00Z,soccer_france_ligue_two,Ligue 2,nordicbet,2.5,1.9,1.85,2025-01-24T11:55:26Z,2025-01-24,fcb929d45de6573697bdec37d7670ede_2.5
fcb929d45de6573697bdec37d7670ede,Lorient,Clermont,2025-01-25T19:00:00Z,soccer_france_ligue_two,Ligue 2,betsson,2.5,1.9,1.85,2025-01-24T11:55:26Z,2025-01-24,fcb929d45de6573697bdec37d7670ede_2.5
fcb929d45de6573697bdec37d7670ede,Lorient,Clermont,2025-01-25T19:00:00Z,soccer_france_ligue_two,Ligue 2,bovada,2.5,1.93,1.89,2025-01-24T11:55:25Z,2025-01-24,fcb929d45de6573697bdec37d7670ede_2.5
fcb929d45de6573697bdec37d7670ede,Lorient,Clermont,2025-01-25T19:00:00Z,soccer_france_ligue_two,Ligue 2,tipico_de,2.5,1.85,1.83,2025-01-24T11:55:27Z,2025-01-24,fcb929d45de6573697bdec37d7670ede_2.5
fcb929d45de6573697bdec37d7670ede,Lorient,Clermont,2025-01-25T19:00:00Z,soccer_france_ligue_two,Ligue 2,betrivers,2.5,1.81,1.91,2025-01-24T11:55:25Z,2025-01-24,fcb929d45de6573697bdec37d7670ede_2.5
fcb929d45de6573697bdec37d7670ede,Lorient,Clermont,2025-01-25T19:00:00Z,soccer_france_ligue_two,Ligue 2,unibet_eu,2.5,1.81,1.91,2025-01-24T11:55:26Z,2025-01-24,fcb929d45de6573697bdec37d7670ede_2.5
fcb929d45de6573697bdec37d7670ede,Lorient,Clermont,2025-01-25T19:00:00Z,soccer_france_ligue_two,Ligue 2,unibet,2.5,1.81,1.91,2025-01-24T11:55:26Z,2025-01-24,fcb929d45de6573697bdec37d7670ede_2.5
fcb929d45de6573697bdec37d7670ede,Lorient,Clermont,2025-01-25T19:00:00Z,soccer_france_ligue_two,Ligue 2,williamhill,2.5,1.85,1.95,2025-01-24T11:55:26Z,2025-01-24,fcb929d45de6573697bdec37d7670ede_2.5
fcb929d45de6573697bdec37d7670ede,Lorient,Clermont,2025-01-25T19:00:00Z,soccer_france_ligue_two,Ligue 2,playup,2.5,1.87,1.83,2025-01-24T11:55:27Z,2025-01-24,fcb929d45de6573697bdec37d7670ede_2.5
fcb929d45de6573697bdec37d7670ede,Lorient,Clermont,2025-01-25T19:00:00Z,soccer_france_ligue_two,Ligue 2,betus,2.5,1.87,1.89,2025-01-24T11:55:26Z,2025-01-24,fcb929d45de6573697bdec37d7670ede_2.5
fcb929d45de6573697bdec37d7670ede,Lorient,Clermont,2025-01-25T19:00:00Z,soccer_france_ligue_two,Ligue 2,matchbook,2.5,1.93,1.89,2025-01-24T11:55:25Z,2025-01-24,fcb929d45de6573697bdec37d7670ede_2.5
fcb929d45de6573697bdec37d7670ede,Lorient,Clermont,2025-01-25T19:00:00Z,soccer_france_ligue_two,Ligue 2,betonlineag,2.5,1.95,1.87,2025-01-24T11:54:09Z,2025-01-24,fcb929d45de6573697bdec37d7670ede_2.5
fcb929d45de6573697bdec37d7670ede,Lorient,Clermont,2025-01-25T19:00:00Z,soccer_france_ligue_two,Ligue 2,lowvig,2.5,1.95,1.87,2025-01-24T11:55:26Z,2025-01-24,fcb929d45de6573697bdec37d7670ede_2.5
dd3370821effe44aca099bff55f30589,Heracles Almelo,FC Utrecht,2025-01-24T19:00:00Z,soccer_netherlands_eredivisie,Eredivisie,onexbet,2.5,1.71,2.13,2025-01-24T11:54:46Z,2025-01-24,dd3370821effe44aca099bff55f30589_2.5
dd3370821effe44aca099bff55f30589,Heracles Almelo,FC Utrecht,2025-01-24T19:00:00Z,soccer_netherlands_eredivisie,Eredivisie,betsson,2.5,1.68,2.13,2025-01-24T11:54:47Z,2025-01-24,dd3370821effe44aca099bff55f30589_2.5
dd3370821effe44aca099bff55f30589,Heracles Almelo,FC Utrecht,2025-01-24T19:00:00Z,soccer_netherlands_eredivisie,Eredivisie,nordicbet,2.5,1.68,2.13,2025-01-24T11:54:46Z,2025-01-24,dd3370821effe44aca099bff55f30589_2.5
dd3370821effe44aca099bff55f30589,Heracles Almelo,FC Utrecht,2025-01-24T19:00:00Z,soccer_netherlands_eredivisie,Eredivisie,bovada,2.75,1.91,1.91,2025-01-24T11:54:45Z,2025-01-24,dd3370821effe44aca099bff55f30589_2.75
dd3370821effe44aca099bff55f30589,Heracles Almelo,FC Utrecht,2025-01-24T19:00:00Z,soccer_netherlands_eredivisie,Eredivisie,betrivers,2.5,1.74,2.04,2025-01-24T11:54:46Z,2025-01-24,dd3370821effe44aca099bff55f30589_2.5
dd3370821effe44aca099bff55f30589,Heracles Almelo,FC Utrecht,2025-01-24T19:00:00Z,soccer_netherlands_eredivisie,Eredivisie,unibet_eu,2.5,1.74,2.04,2025-01-24T11:54:46Z,2025-01-24,dd3370821effe44aca099bff55f30589_2.5
dd3370821effe44aca099bff55f30589,Heracles Almelo,FC Utrecht,2025-01-24T19:00:00Z,soccer_netherlands_eredivisie,Eredivisie,unibet,2.5,1.74,2.04,2025-01-24T11:54:47Z,2025-01-24,dd3370821effe44aca099bff55f30589_2.5
dd3370821effe44aca099bff55f30589,Heracles Almelo,FC Utrecht,2025-01-24T19:00:00Z,soccer_netherlands_eredivisie,Eredivisie,playup,2.5,1.68,2.12,2025-01-24T11:54:46Z,2025-01-24,dd3370821effe44aca099bff55f30589_2.5
dd3370821effe44aca099bff55f30589,Heracles Almelo,FC Utrecht,2025-01-24T19:00:00Z,soccer_netherlands_eredivisie,Eredivisie,betus,2.75,1.87,1.87,2025-01-24T11:54:47Z,2025-01-24,dd3370821effe44aca099bff55f30589_2.75
dd3370821effe44aca099bff55f30589,Heracles Almelo,FC Utrecht,2025-01-24T19:00:00Z,soccer_netherlands_eredivisie,Eredivisie,pinnacle,2.75,1.92,1.97,2025-01-24T11:54:45Z,2025-01-24,dd3370821effe44aca099bff55f30589_2.75
dd3370821effe44aca099bff55f30589,Heracles Almelo,FC Utrecht,2025-01-24T19:00:00Z,soccer_netherlands_eredivisie,Eredivisie,tipico_de,2.5,1.7,2.1,2025-01-24T11:54:47Z,2025-01-24,dd3370821effe44aca099bff55f30589_2.5
dd3370821effe44aca099bff55f30589,Heracles Almelo,FC Utrecht,2025-01-24T19:00:00Z,soccer_netherlands_eredivisie,Eredivisie,williamhill,2.5,1.75,2.1,2025-01-24T11:54:46Z,2025-01-24,dd3370821effe44aca099bff55f30589_2.5
dd3370821effe44aca099bff55f30589,Heracles Almelo,FC Utrecht,2025-01-24T19:00:00Z,soccer_netherlands_eredivisie,Eredivisie,betonlineag,2.75,1.92,1.9,2025-01-24T11:54:45Z,2025-01-24,dd3370821effe44aca099bff55f30589_2.75
dd3370821effe44aca099bff55f30589,Heracles Almelo,FC Utrecht,2025-01-24T19:00:00Z,soccer_netherlands_eredivisie,Eredivisie,lowvig,2.75,1.92,1.9,2025-01-24T11:54:45Z,2025-01-24,dd3370821effe44aca099bff55f30589_2.75
a4a692141c0f08837cf1a8c0af322bde,PSV Eindhoven,NAC Breda,2025-01-25T17:45:00Z,soccer_netherlands_eredivisie,Eredivisie,onexbet,3.5,1.64,2.25,2025-01-24T11:54:46Z,2025-01-24,a4a692141c0f08837cf1a8c0af322bde_3.5
a4a692141c0f08837cf1a8c0af322bde,PSV Eindhoven,NAC Breda,2025-01-25T17:45:00Z,soccer_netherlands_eredivisie,Eredivisie,betsson,3.5,1.63,2.22,2025-01-24T11:54:47Z,2025-01-24,a4a692141c0f08837cf1a8c0af322bde_3.5
a4a692141c0f08837cf1a8c0af322bde,PSV Eindhoven,NAC Breda,2025-01-25T17:45:00Z,soccer_netherlands_eredivisie,Eredivisie,nordicbet,3.5,1.63,2.22,2025-01-24T11:54:46Z,2025-01-24,a4a692141c0f08837cf1a8c0af322bde_3.5
a4a692141c0f08837cf1a8c0af322bde,PSV Eindhoven,NAC Breda,2025-01-25T17:45:00Z,soccer_netherlands_eredivisie,Eredivisie,bovada,3.75,1.83,2.0,2025-01-24T11:54:45Z,2025-01-24,a4a692141c0f08837cf1a8c0af322bde_3.75
a4a692141c0f08837cf1a8c0af322bde,PSV Eindhoven,NAC Breda,2025-01-25T17:45:00Z,soccer_netherlands_eredivisie,Eredivisie,betrivers,3.5,1.68,2.12,2025-01-24T11:54:46Z,2025-01-24,a4a692141c0f08837cf1a8c0af322bde_3.5
a4a692141c0f08837cf1a8c0af322bde,PSV Eindhoven,NAC Breda,2025-01-25T17:45:00Z,soccer_netherlands_eredivisie,Eredivisie,unibet_eu,3.5,1.68,2.12,2025-01-24T11:54:46Z,2025-01-24,a4a692141c0f08837cf1a8c0af322bde_3.5
a4a692141c0f08837cf1a8c0af322bde,PSV Eindhoven,NAC Breda,2025-01-25T17:45:00Z,soccer_netherlands_eredivisie,Eredivisie,unibet,3.5,1.68,2.12,2025-01-24T11:54:47Z,2025-01-24,a4a692141c0f08837cf1a8c0af322bde_3.5
a4a692141c0f08837cf1a8c0af322bde,PSV Eindhoven,NAC Breda,2025-01-25T17:45:00Z,soccer_netherlands_eredivisie,Eredivisie,playup,3.5,1.63,2.2,2025-01-24T11:54:46Z,2025-01-24,a4a692141c0f08837cf1a8c0af322bde_3.5
a4a692141c0f08837cf1a8c0af322bde,PSV Eindhoven,NAC Breda,2025-01-25T17:45:00Z,soccer_netherlands_eredivisie,Eredivisie,betus,4.0,1.89,1.85,2025-01-24T11:54:47Z,2025-01-24,a4a692141c0f08837cf1a8c0af322bde_4.0
a4a692141c0f08837cf1a8c0af322bde,PSV Eindhoven,NAC Breda,2025-01-25T17:45:00Z,soccer_netherlands_eredivisie,Eredivisie,pinnacle,4.0,2.0,1.85,2025-01-24T11:54:45Z,2025-01-24,a4a692141c0f08837cf1a8c0af322bde_4.0
a4a692141c0f08837cf1a8c0af322bde,PSV Eindhoven,NAC Breda,2025-01-25T17:45:00Z,soccer_netherlands_eredivisie,Eredivisie,tipico_de,4.5,2.3,1.55,2025-01-24T11:54:47Z,2025-01-24,a4a692141c0f08837cf1a8c0af322bde_4.5
a4a692141c0f08837cf1a8c0af322bde,PSV Eindhoven,NAC Breda,2025-01-25T17:45:00Z,soccer_netherlands_eredivisie,Eredivisie,williamhill,2.5,1.25,4.0,2025-01-24T11:54:46Z,2025-01-24,a4a692141c0f08837cf1a8c0af322bde_2.5
a4a692141c0f08837cf1a8c0af322bde,PSV Eindhoven,NAC Breda,2025-01-25T17:45:00Z,soccer_netherlands_eredivisie,Eredivisie,lowvig,3.75,1.85,1.98,2025-01-24T11:54:45Z,2025-01-24,a4a692141c0f08837cf1a8c0af322bde_3.75
a4a692141c0f08837cf1a8c0af322bde,PSV Eindhoven,NAC Breda,2025-01-25T17:45:00Z,soccer_netherlands_eredivisie,Eredivisie,betonlineag,3.75,1.85,1.98,2025-01-24T11:54:45Z,2025-01-24,a4a692141c0f08837cf1a8c0af322bde_3.75
a4a692141c0f08837cf1a8c0af322bde,PSV Eindhoven,NAC Breda,2025-01-25T17:45:00Z,soccer_netherlands_eredivisie,Eredivisie,betanysports,3.75,1.85,1.98,2025-01-24T11:54:46Z,2025-01-24,a4a692141c0f08837cf1a8c0af322bde_3.75
564bb89b46425ac3e8b57deb5293b112,Groningen,Heerenveen,2025-01-25T20:00:00Z,soccer_netherlands_eredivisie,Eredivisie,onexbet,2.5,2.06,1.76,2025-01-24T11:54:46Z,2025-01-24,564bb89b46425ac3e8b57deb5293b112_2.5
564bb89b46425ac3e8b57deb5293b112,Groningen,Heerenveen,2025-01-25T20:00:00Z,soccer_netherlands_eredivisie,Eredivisie,betsson,2.5,1.98,1.79,2025-01-24T11:54:47Z,2025-01-24,564bb89b46425ac3e8b57deb5293b112_2.5
564bb89b46425ac3e8b57deb5293b112,Groningen,Heerenveen,2025-01-25T20:00:00Z,soccer_netherlands_eredivisie,Eredivisie,nordicbet,2.5,1.98,1.79,2025-01-24T11:54:46Z,2025-01-24,564bb89b46425ac3e8b57deb5293b112_2.5
564bb89b46425ac3e8b57deb5293b112,Groningen,Heerenveen,2025-01-25T20:00:00Z,soccer_netherlands_eredivisie,Eredivisie,bovada,2.25,1.83,2.0,2025-01-24T11:54:45Z,2025-01-24,564bb89b46425ac3e8b57deb5293b112_2.25
564bb89b46425ac3e8b57deb5293b112,Groningen,Heerenveen,2025-01-25T20:00:00Z,soccer_netherlands_eredivisie,Eredivisie,unibet_eu,2.5,2.08,1.71,2025-01-24T11:54:46Z,2025-01-24,564bb89b46425ac3e8b57deb5293b112_2.5
564bb89b46425ac3e8b57deb5293b112,Groningen,Heerenveen,2025-01-25T20:00:00Z,soccer_netherlands_eredivisie,Eredivisie,betrivers,2.5,2.08,1.71,2025-01-24T11:54:46Z,2025-01-24,564bb89b46425ac3e8b57deb5293b112_2.5
564bb89b46425ac3e8b57deb5293b112,Groningen,Heerenveen,2025-01-25T20:00:00Z,soccer_netherlands_eredivisie,Eredivisie,unibet,2.5,2.08,1.71,2025-01-24T11:54:47Z,2025-01-24,564bb89b46425ac3e8b57deb5293b112_2.5
564bb89b46425ac3e8b57deb5293b112,Groningen,Heerenveen,2025-01-25T20:00:00Z,soccer_netherlands_eredivisie,Eredivisie,playup,2.5,2.0,1.75,2025-01-24T11:54:46Z,2025-01-24,564bb89b46425ac3e8b57deb5293b112_2.5
564bb89b46425ac3e8b57deb5293b112,Groningen,Heerenveen,2025-01-25T20:00:00Z,soccer_netherlands_eredivisie,Eredivisie,betus,2.25,1.83,1.91,2025-01-24T11:54:47Z,2025-01-24,564bb89b46425ac3e8b57deb5293b112_2.25
564bb89b46425ac3e8b57deb5293b112,Groningen,Heerenveen,2025-01-25T20:00:00Z,soccer_netherlands_eredivisie,Eredivisie,pinnacle,2.25,1.83,2.03,2025-01-24T11:54:45Z,2025-01-24,564bb89b46425ac3e8b57deb5293b112_2.25
564bb89b46425ac3e8b57deb5293b112,Groningen,Heerenveen,2025-01-25T20:00:00Z,soccer_netherlands_eredivisie,Eredivisie,tipico_de,2.5,2.0,1.77,2025-01-24T11:54:47Z,2025-01-24,564bb89b46425ac3e8b57deb5293b112_2.5
564bb89b46425ac3e8b57deb5293b112,Groningen,Heerenveen,2025-01-25T20:00:00Z,soccer_netherlands_eredivisie,Eredivisie,williamhill,2.5,2.1,1.75,2025-01-24T11:54:46Z,2025-01-24,564bb89b46425ac3e8b57deb5293b112_2.5
564bb89b46425ac3e8b57deb5293b112,Groningen,Heerenveen,2025-01-25T20:00:00Z,soccer_netherlands_eredivisie,Eredivisie,lowvig,2.25,1.83,2.0,2025-01-24T11:54:45Z,2025-01-24,564bb89b46425ac3e8b57deb5293b112_2.25
564bb89b46425ac3e8b57deb5293b112,Groningen,Heerenveen,2025-01-25T20:00:00Z,soccer_netherlands_eredivisie,Eredivisie,betonlineag,2.25,1.83,2.0,2025-01-24T11:54:45Z,2025-01-24,564bb89b46425ac3e8b57deb5293b112_2.25
564bb89b46425ac3e8b57deb5293b112,Groningen,Heerenveen,2025-01-25T20:00:00Z,soccer_netherlands_eredivisie,Eredivisie,betanysports,2.25,1.83,2.0,2025-01-24T11:54:46Z,2025-01-24,564bb89b46425ac3e8b57deb5293b112_2.25
5fd9485ca0c4e5e4a99d6c205e64afaa,Fortuna Sittard,FC Zwolle,2025-01-26T11:15:00Z,soccer_netherlands_eredivisie,Eredivisie,onexbet,2.5,1.95,1.85,2025-01-24T11:54:46Z,2025-01-24,5fd9485ca0c4e5e4a99d6c205e64afaa_2.5
5fd9485ca0c4e5e4a99d6c205e64afaa,Fortuna Sittard,FC Zwolle,2025-01-26T11:15:00Z,soccer_netherlands_eredivisie,Eredivisie,betsson,2.5,1.96,1.81,2025-01-24T11:54:47Z,2025-01-24,5fd9485ca0c4e5e4a99d6c205e64afaa_2.5
5fd9485ca0c4e5e4a99d6c205e64afaa,Fortuna Sittard,FC Zwolle,2025-01-26T11:15:00Z,soccer_netherlands_eredivisie,Eredivisie,nordicbet,2.5,1.96,1.81,2025-01-24T11:54:46Z,2025-01-24,5fd9485ca0c4e5e4a99d6c205e64afaa_2.5
5fd9485ca0c4e5e4a99d6c205e64afaa,Fortuna Sittard,FC Zwolle,2025-01-26T11:15:00Z,soccer_netherlands_eredivisie,Eredivisie,bovada,2.5,1.95,1.87,2025-01-24T11:54:45Z,2025-01-24,5fd9485ca0c4e5e4a99d6c205e64afaa_2.5
5fd9485ca0c4e5e4a99d6c205e64afaa,Fortuna Sittard,FC Zwolle,2025-01-26T11:15:00Z,soccer_netherlands_eredivisie,Eredivisie,betrivers,2.5,1.89,1.85,2025-01-24T11:54:46Z,2025-01-24,5fd9485ca0c4e5e4a99d6c205e64afaa_2.5
5fd9485ca0c4e5e4a99d6c205e64afaa,Fortuna Sittard,FC Zwolle,2025-01-26T11:15:00Z,soccer_netherlands_eredivisie,Eredivisie,unibet_eu,2.5,1.89,1.85,2025-01-24T11:54:46Z,2025-01-24,5fd9485ca0c4e5e4a99d6c205e64afaa_2.5
5fd9485ca0c4e5e4a99d6c205e64afaa,Fortuna Sittard,FC Zwolle,2025-01-26T11:15:00Z,soccer_netherlands_eredivisie,Eredivisie,unibet,2.5,1.9,1.86,2025-01-24T11:54:47Z,2025-01-24,5fd9485ca0c4e5e4a99d6c205e64afaa_2.5
5fd9485ca0c4e5e4a99d6c205e64afaa,Fortuna Sittard,FC Zwolle,2025-01-26T11:15:00Z,soccer_netherlands_eredivisie,Eredivisie,betus,2.5,1.87,1.87,2025-01-24T11:54:47Z,2025-01-24,5fd9485ca0c4e5e4a99d6c205e64afaa_2.5
5fd9485ca0c4e5e4a99d6c205e64afaa,Fortuna Sittard,FC Zwolle,2025-01-26T11:15:00Z,soccer_netherlands_eredivisie,Eredivisie,playup,2.5,1.95,1.8,2025-01-24T11:54:46Z,2025-01-24,5fd9485ca0c4e5e4a99d6c205e64afaa_2.5
5fd9485ca0c4e5e4a99d6c205e64afaa,Fortuna Sittard,FC Zwolle,2025-01-26T11:15:00Z,soccer_netherlands_eredivisie,Eredivisie,tipico_de,2.5,1.87,1.87,2025-01-24T11:54:47Z,2025-01-24,5fd9485ca0c4e5e4a99d6c205e64afaa_2.5
5fd9485ca0c4e5e4a99d6c205e64afaa,Fortuna Sittard,FC Zwolle,2025-01-26T11:15:00Z,soccer_netherlands_eredivisie,Eredivisie,pinnacle,2.5,1.98,1.86,2025-01-24T11:54:45Z,2025-01-24,5fd9485ca0c4e5e4a99d6c205e64afaa_2.5
5fd9485ca0c4e5e4a99d6c205e64afaa,Fortuna Sittard,FC Zwolle,2025-01-26T11:15:00Z,soccer_netherlands_eredivisie,Eredivisie,williamhill,2.5,1.91,1.91,2025-01-24T11:54:46Z,2025-01-24,5fd9485ca0c4e5e4a99d6c205e64afaa_2.5
5fd9485ca0c4e5e4a99d6c205e64afaa,Fortuna Sittard,FC Zwolle,2025-01-26T11:15:00Z,soccer_netherlands_eredivisie,Eredivisie,betonlineag,2.5,1.93,1.89,2025-01-24T11:54:45Z,2025-01-24,5fd9485ca0c4e5e4a99d6c205e64afaa_2.5
5fd9485ca0c4e5e4a99d6c205e64afaa,Fortuna Sittard,FC Zwolle,2025-01-26T11:15:00Z,soccer_netherlands_eredivisie,Eredivisie,lowvig,2.5,1.93,1.89,2025-01-24T11:54:45Z,2025-01-24,5fd9485ca0c4e5e4a99d6c205e64afaa_2.5
5fd9485ca0c4e5e4a99d6c205e64afaa,Fortuna Sittard,FC Zwolle,2025-01-26T11:15:00Z,soccer_netherlands_eredivisie,Eredivisie,betanysports,2.5,1.93,1.89,2025-01-24T11:54:46Z,2025-01-24,5fd9485ca0c4e5e4a99d6c205e64afaa_2.5
4e73522d19322b5d5e688df97fa59657,RKC Waalwijk,Willem II,2025-01-26T13:30:00Z,soccer_netherlands_eredivisie,Eredivisie,onexbet,2.5,1.93,1.87,2025-01-24T11:54:46Z,2025-01-24,4e73522d19322b5d5e688df97fa59657_2.5
4e73522d19322b5d5e688df97fa59657,RKC Waalwijk,Willem II,2025-01-26T13:30:00Z,soccer_netherlands_eredivisie,Eredivisie,betsson,2.5,1.94,1.83,2025-01-24T11:54:47Z,2025-01-24,4e73522d19322b5d5e688df97fa59657_2.5
4e73522d19322b5d5e688df97fa59657,RKC Waalwijk,Willem II,2025-01-26T13:30:00Z,soccer_netherlands_eredivisie,Eredivisie,nordicbet,2.5,1.94,1.83,2025-01-24T11:54:46Z,2025-01-24,4e73522d19322b5d5e688df97fa59657_2.5
4e73522d19322b5d5e688df97fa59657,RKC Waalwijk,Willem II,2025-01-26T13:30:00Z,soccer_netherlands_eredivisie,Eredivisie,bovada,2.5,1.95,1.87,2025-01-24T11:54:45Z,2025-01-24,4e73522d19322b5d5e688df97fa59657_2.5
4e73522d19322b5d5e688df97fa59657,RKC Waalwijk,Willem II,2025-01-26T13:30:00Z,soccer_netherlands_eredivisie,Eredivisie,betrivers,2.5,1.88,1.88,2025-01-24T11:54:46Z,2025-01-24,4e73522d19322b5d5e688df97fa59657_2.5
4e73522d19322b5d5e688df97fa59657,RKC Waalwijk,Willem II,2025-01-26T13:30:00Z,soccer_netherlands_eredivisie,Eredivisie,unibet_eu,2.5,1.88,1.88,2025-01-24T11:54:46Z,2025-01-24,4e73522d19322b5d5e688df97fa59657_2.5
4e73522d19322b5d5e688df97fa59657,RKC Waalwijk,Willem II,2025-01-26T13:30:00Z,soccer_netherlands_eredivisie,Eredivisie,unibet,2.5,1.89,1.88,2025-01-24T11:54:47Z,2025-01-24,4e73522d19322b5d5e688df97fa59657_2.5
4e73522d19322b5d5e688df97fa59657,RKC Waalwijk,Willem II,2025-01-26T13:30:00Z,soccer_netherlands_eredivisie,Eredivisie,betus,2.5,1.87,1.87,2025-01-24T11:54:47Z,2025-01-24,4e73522d19322b5d5e688df97fa59657_2.5
4e73522d19322b5d5e688df97fa59657,RKC Waalwijk,Willem II,2025-01-26T13:30:00Z,soccer_netherlands_eredivisie,Eredivisie,playup,2.5,1.91,1.83,2025-01-24T11:54:46Z,2025-01-24,4e73522d19322b5d5e688df97fa59657_2.5
4e73522d19322b5d5e688df97fa59657,RKC Waalwijk,Willem II,2025-01-26T13:30:00Z,soccer_netherlands_eredivisie,Eredivisie,tipico_de,2.5,1.9,1.85,2025-01-24T11:54:47Z,2025-01-24,4e73522d19322b5d5e688df97fa59657_2.5
4e73522d19322b5d5e688df97fa59657,RKC Waalwijk,Willem II,2025-01-26T13:30:00Z,soccer_netherlands_eredivisie,Eredivisie,pinnacle,2.5,1.95,1.88,2025-01-24T11:54:45Z,2025-01-24,4e73522d19322b5d5e688df97fa59657_2.5
4e73522d19322b5d5e688df97fa59657,RKC Waalwijk,Willem II,2025-01-26T13:30:00Z,soccer_netherlands_eredivisie,Eredivisie,williamhill,2.5,2.0,1.85,2025-01-24T11:54:46Z,2025-01-24,4e73522d19322b5d5e688df97fa59657_2.5
4e73522d19322b5d5e688df97fa59657,RKC Waalwijk,Willem II,2025-01-26T13:30:00Z,soccer_netherlands_eredivisie,Eredivisie,lowvig,2.5,1.93,1.88,2025-01-24T11:54:45Z,2025-01-24,4e73522d19322b5d5e688df97fa59657_2.5
4e73522d19322b5d5e688df97fa59657,RKC Waalwijk,Willem II,2025-01-26T13:30:00Z,soccer_netherlands_eredivisie,Eredivisie,betonlineag,2.5,1.93,1.88,2025-01-24T11:54:45Z,2025-01-24,4e73522d19322b5d5e688df97fa59657_2.5
4e73522d19322b5d5e688df97fa59657,RKC Waalwijk,Willem II,2025-01-26T13:30:00Z,soccer_netherlands_eredivisie,Eredivisie,betanysports,2.5,1.93,1.88,2025-01-24T11:54:46Z,2025-01-24,4e73522d19322b5d5e688df97fa59657_2.5
c459818031f1dab63d38e889e7c4bac7,Arouca,Moreirense FC,2025-01-24T20:15:00Z,soccer_portugal_primeira_liga,Liga Portugal,pinnacle,2.0,1.93,1.95,2025-01-24T11:54:37Z,2025-01-24,c459818031f1dab63d38e889e7c4bac7_2.0
c459818031f1dab63d38e889e7c4bac7,Arouca,Moreirense FC,2025-01-24T20:15:00Z,soccer_portugal_primeira_liga,Liga Portugal,onexbet,1.5,1.47,2.42,2025-01-24T11:54:39Z,2025-01-24,c459818031f1dab63d38e889e7c4bac7_1.5
c459818031f1dab63d38e889e7c4bac7,Arouca,Moreirense FC,2025-01-24T20:15:00Z,soccer_portugal_primeira_liga,Liga Portugal,williamhill,2.5,2.4,1.57,2025-01-24T11:54:38Z,2025-01-24,c459818031f1dab63d38e889e7c4bac7_2.5
c459818031f1dab63d38e889e7c4bac7,Arouca,Moreirense FC,2025-01-24T20:15:00Z,soccer_portugal_primeira_liga,Liga Portugal,tipico_de,2.5,2.45,1.52,2025-01-24T11:54:39Z,2025-01-24,c459818031f1dab63d38e889e7c4bac7_2.5
c459818031f1dab63d38e889e7c4bac7,Arouca,Moreirense FC,2025-01-24T20:15:00Z,soccer_portugal_primeira_liga,Liga Portugal,bovada,2.0,1.91,1.91,2025-01-24T11:54:37Z,2025-01-24,c459818031f1dab63d38e889e7c4bac7_2.0
c459818031f1dab63d38e889e7c4bac7,Arouca,Moreirense FC,2025-01-24T20:15:00Z,soccer_portugal_primeira_liga,Liga Portugal,betonlineag,2.0,1.9,1.92,2025-01-24T11:54:37Z,2025-01-24,c459818031f1dab63d38e889e7c4bac7_2.0
c459818031f1dab63d38e889e7c4bac7,Arouca,Moreirense FC,2025-01-24T20:15:00Z,soccer_portugal_primeira_liga,Liga Portugal,lowvig,2.0,1.9,1.92,2025-01-24T11:54:37Z,2025-01-24,c459818031f1dab63d38e889e7c4bac7_2.0
c459818031f1dab63d38e889e7c4bac7,Arouca,Moreirense FC,2025-01-24T20:15:00Z,soccer_portugal_primeira_liga,Liga Portugal,betrivers,2.5,2.55,1.48,2025-01-24T11:54:37Z,2025-01-24,c459818031f1dab63d38e889e7c4bac7_2.5
c459818031f1dab63d38e889e7c4bac7,Arouca,Moreirense FC,2025-01-24T20:15:00Z,soccer_portugal_primeira_liga,Liga Portugal,unibet,2.5,2.55,1.48,2025-01-24T11:54:37Z,2025-01-24,c459818031f1dab63d38e889e7c4bac7_2.5
c459818031f1dab63d38e889e7c4bac7,Arouca,Moreirense FC,2025-01-24T20:15:00Z,soccer_portugal_primeira_liga,Liga Portugal,unibet_eu,2.5,2.55,1.48,2025-01-24T11:54:38Z,2025-01-24,c459818031f1dab63d38e889e7c4bac7_2.5
c459818031f1dab63d38e889e7c4bac7,Arouca,Moreirense FC,2025-01-24T20:15:00Z,soccer_portugal_primeira_liga,Liga Portugal,betsson,1.5,1.52,2.55,2025-01-24T11:54:38Z,2025-01-24,c459818031f1dab63d38e889e7c4bac7_1.5
c459818031f1dab63d38e889e7c4bac7,Arouca,Moreirense FC,2025-01-24T20:15:00Z,soccer_portugal_primeira_liga,Liga Portugal,nordicbet,1.5,1.52,2.55,2025-01-24T11:54:38Z,2025-01-24,c459818031f1dab63d38e889e7c4bac7_1.5
c459818031f1dab63d38e889e7c4bac7,Arouca,Moreirense FC,2025-01-24T20:15:00Z,soccer_portugal_primeira_liga,Liga Portugal,betus,2.0,1.93,1.87,2025-01-24T11:54:38Z,2025-01-24,c459818031f1dab63d38e889e7c4bac7_2.0
6d3e78c88f462a24906173539bd6cf61,Famalicão,CF Estrela,2025-01-25T15:30:00Z,soccer_portugal_primeira_liga,Liga Portugal,pinnacle,2.25,2.01,1.85,2025-01-24T11:54:37Z,2025-01-24,6d3e78c88f462a24906173539bd6cf61_2.25
6d3e78c88f462a24906173539bd6cf61,Famalicão,CF Estrela,2025-01-25T15:30:00Z,soccer_portugal_primeira_liga,Liga Portugal,onexbet,2.5,2.25,1.64,2025-01-24T11:54:39Z,2025-01-24,6d3e78c88f462a24906173539bd6cf61_2.5
6d3e78c88f462a24906173539bd6cf61,Famalicão,CF Estrela,2025-01-25T15:30:00Z,soccer_portugal_primeira_liga,Liga Portugal,tipico_de,2.5,2.2,1.65,2025-01-24T11:54:39Z,2025-01-24,6d3e78c88f462a24906173539bd6cf61_2.5
6d3e78c88f462a24906173539bd6cf61,Famalicão,CF Estrela,2025-01-25T15:30:00Z,soccer_portugal_primeira_liga,Liga Portugal,bovada,2.25,1.98,1.85,2025-01-24T11:54:37Z,2025-01-24,6d3e78c88f462a24906173539bd6cf61_2.25
6d3e78c88f462a24906173539bd6cf61,Famalicão,CF Estrela,2025-01-25T15:30:00Z,soccer_portugal_primeira_liga,Liga Portugal,betrivers,2.5,2.45,1.51,2025-01-24T11:54:37Z,2025-01-24,6d3e78c88f462a24906173539bd6cf61_2.5
6d3e78c88f462a24906173539bd6cf61,Famalicão,CF Estrela,2025-01-25T15:30:00Z,soccer_portugal_primeira_liga,Liga Portugal,unibet,2.5,2.45,1.51,2025-01-24T11:54:37Z,2025-01-24,6d3e78c88f462a24906173539bd6cf61_2.5
6d3e78c88f462a24906173539bd6cf61,Famalicão,CF Estrela,2025-01-25T15:30:00Z,soccer_portugal_primeira_liga,Liga Portugal,unibet_eu,2.5,2.45,1.51,2025-01-24T11:54:38Z,2025-01-24,6d3e78c88f462a24906173539bd6cf61_2.5
6d3e78c88f462a24906173539bd6cf61,Famalicão,CF Estrela,2025-01-25T15:30:00Z,soccer_portugal_primeira_liga,Liga Portugal,betsson,2.5,2.25,1.62,2025-01-24T11:54:38Z,2025-01-24,6d3e78c88f462a24906173539bd6cf61_2.5
6d3e78c88f462a24906173539bd6cf61,Famalicão,CF Estrela,2025-01-25T15:30:00Z,soccer_portugal_primeira_liga,Liga Portugal,nordicbet,2.5,2.25,1.62,2025-01-24T11:54:38Z,2025-01-24,6d3e78c88f462a24906173539bd6cf61_2.5
6d3e78c88f462a24906173539bd6cf61,Famalicão,CF Estrela,2025-01-25T15:30:00Z,soccer_portugal_primeira_liga,Liga Portugal,williamhill,2.5,2.25,1.67,2025-01-24T11:54:38Z,2025-01-24,6d3e78c88f462a24906173539bd6cf61_2.5
6d3e78c88f462a24906173539bd6cf61,Famalicão,CF Estrela,2025-01-25T15:30:00Z,soccer_portugal_primeira_liga,Liga Portugal,betus,2.25,1.88,1.85,2025-01-24T11:54:38Z,2025-01-24,6d3e78c88f462a24906173539bd6cf61_2.25
6d3e78c88f462a24906173539bd6cf61,Famalicão,CF Estrela,2025-01-25T15:30:00Z,soccer_portugal_primeira_liga,Liga Portugal,betonlineag,2.25,1.97,1.85,2025-01-24T11:54:37Z,2025-01-24,6d3e78c88f462a24906173539bd6cf61_2.25
6d3e78c88f462a24906173539bd6cf61,Famalicão,CF Estrela,2025-01-25T15:30:00Z,soccer_portugal_primeira_liga,Liga Portugal,lowvig,2.25,1.97,1.85,2025-01-24T11:54:37Z,2025-01-24,6d3e78c88f462a24906173539bd6cf61_2.25
391a0bddfacbb2935f14cc20066f1763,SC Farense,Rio Ave FC,2025-01-25T15:30:00Z,soccer_portugal_primeira_liga,Liga Portugal,pinnacle,2.0,1.79,2.08,2025-01-24T11:54:37Z,2025-01-24,391a0bddfacbb2935f14cc20066f1763_2.0
391a0bddfacbb2935f14cc20066f1763,SC Farense,Rio Ave FC,2025-01-25T15:30:00Z,soccer_portugal_primeira_liga,Liga Portugal,onexbet,2.5,2.42,1.56,2025-01-24T11:54:39Z,2025-01-24,391a0bddfacbb2935f14cc20066f1763_2.5
391a0bddfacbb2935f14cc20066f1763,SC Farense,Rio Ave FC,2025-01-25T15:30:00Z,soccer_portugal_primeira_liga,Liga Portugal,tipico_de,2.5,2.4,1.55,2025-01-24T11:54:39Z,2025-01-24,391a0bddfacbb2935f14cc20066f1763_2.5
391a0bddfacbb2935f14cc20066f1763,SC Farense,Rio Ave FC,2025-01-25T15:30:00Z,soccer_portugal_primeira_liga,Liga Portugal,williamhill,2.5,2.5,1.55,2025-01-24T11:54:38Z,2025-01-24,391a0bddfacbb2935f14cc20066f1763_2.5
391a0bddfacbb2935f14cc20066f1763,SC Farense,Rio Ave FC,2025-01-25T15:30:00Z,soccer_portugal_primeira_liga,Liga Portugal,bovada,2.0,1.82,2.02,2025-01-24T11:54:37Z,2025-01-24,391a0bddfacbb2935f14cc20066f1763_2.0
391a0bddfacbb2935f14cc20066f1763,SC Farense,Rio Ave FC,2025-01-25T15:30:00Z,soccer_portugal_primeira_liga,Liga Portugal,betrivers,2.5,2.48,1.5,2025-01-24T11:54:37Z,2025-01-24,391a0bddfacbb2935f14cc20066f1763_2.5
391a0bddfacbb2935f14cc20066f1763,SC Farense,Rio Ave FC,2025-01-25T15:30:00Z,soccer_portugal_primeira_liga,Liga Portugal,unibet,2.5,2.48,1.5,2025-01-24T11:54:37Z,2025-01-24,391a0bddfacbb2935f14cc20066f1763_2.5
391a0bddfacbb2935f14cc20066f1763,SC Farense,Rio Ave FC,2025-01-25T15:30:00Z,soccer_portugal_primeira_liga,Liga Portugal,unibet_eu,2.5,2.48,1.5,2025-01-24T11:54:38Z,2025-01-24,391a0bddfacbb2935f14cc20066f1763_2.5
391a0bddfacbb2935f14cc20066f1763,SC Farense,Rio Ave FC,2025-01-25T15:30:00Z,soccer_portugal_primeira_liga,Liga Portugal,betsson,2.5,2.35,1.57,2025-01-24T11:54:38Z,2025-01-24,391a0bddfacbb2935f14cc20066f1763_2.5
391a0bddfacbb2935f14cc20066f1763,SC Farense,Rio Ave FC,2025-01-25T15:30:00Z,soccer_portugal_primeira_liga,Liga Portugal,nordicbet,2.5,2.35,1.57,2025-01-24T11:54:38Z,2025-01-24,391a0bddfacbb2935f14cc20066f1763_2.5
391a0bddfacbb2935f14cc20066f1763,SC Farense,Rio Ave FC,2025-01-25T15:30:00Z,soccer_portugal_primeira_liga,Liga Portugal,betus,2.0,1.79,1.96,2025-01-24T11:54:38Z,2025-01-24,391a0bddfacbb2935f14cc20066f1763_2.0
391a0bddfacbb2935f14cc20066f1763,SC Farense,Rio Ave FC,2025-01-25T15:30:00Z,soccer_portugal_primeira_liga,Liga Portugal,lowvig,2.0,1.8,2.05,2025-01-24T11:54:37Z,2025-01-24,391a0bddfacbb2935f14cc20066f1763_2.0
391a0bddfacbb2935f14cc20066f1763,SC Farense,Rio Ave FC,2025-01-25T15:30:00Z,soccer_portugal_primeira_liga,Liga Portugal,betonlineag,2.0,1.8,2.05,2025-01-24T11:54:37Z,2025-01-24,391a0bddfacbb2935f14cc20066f1763_2.0
391a0bddfacbb2935f14cc20066f1763,SC Farense,Rio Ave FC,2025-01-25T15:30:00Z,soccer_portugal_primeira_liga,Liga Portugal,matchbook,2.5,2.42,1.57,2025-01-24T11:54:37Z,2025-01-24,391a0bddfacbb2935f14cc20066f1763_2.5
a2bf1f75e7e347e11eb3f6a206750039,Casa Pia,Benfica,2025-01-25T18:00:00Z,soccer_portugal_primeira_liga,Liga Portugal,onexbet,2.5,1.73,2.11,2025-01-24T11:54:39Z,2025-01-24,a2bf1f75e7e347e11eb3f6a206750039_2.5
a2bf1f75e7e347e11eb3f6a206750039,Casa Pia,Benfica,2025-01-25T18:00:00Z,soccer_portugal_primeira_liga,Liga Portugal,bovada,2.75,1.89,1.93,2025-01-24T11:54:37Z,2025-01-24,a2bf1f75e7e347e11eb3f6a206750039_2.75
a2bf1f75e7e347e11eb3f6a206750039,Casa Pia,Benfica,2025-01-25T18:00:00Z,soccer_portugal_primeira_liga,Liga Portugal,nordicbet,2.5,1.75,2.1,2025-01-24T11:54:38Z,2025-01-24,a2bf1f75e7e347e11eb3f6a206750039_2.5
a2bf1f75e7e347e11eb3f6a206750039,Casa Pia,Benfica,2025-01-25T18:00:00Z,soccer_portugal_primeira_liga,Liga Portugal,betsson,2.5,1.75,2.1,2025-01-24T11:54:38Z,2025-01-24,a2bf1f75e7e347e11eb3f6a206750039_2.5
a2bf1f75e7e347e11eb3f6a206750039,Casa Pia,Benfica,2025-01-25T18:00:00Z,soccer_portugal_primeira_liga,Liga Portugal,betus,2.75,1.89,1.87,2025-01-24T11:54:38Z,2025-01-24,a2bf1f75e7e347e11eb3f6a206750039_2.75
a2bf1f75e7e347e11eb3f6a206750039,Casa Pia,Benfica,2025-01-25T18:00:00Z,soccer_portugal_primeira_liga,Liga Portugal,pinnacle,2.75,1.95,1.9,2025-01-24T11:54:37Z,2025-01-24,a2bf1f75e7e347e11eb3f6a206750039_2.75
a2bf1f75e7e347e11eb3f6a206750039,Casa Pia,Benfica,2025-01-25T18:00:00Z,soccer_portugal_primeira_liga,Liga Portugal,tipico_de,2.5,1.75,2.05,2025-01-24T11:54:39Z,2025-01-24,a2bf1f75e7e347e11eb3f6a206750039_2.5
a2bf1f75e7e347e11eb3f6a206750039,Casa Pia,Benfica,2025-01-25T18:00:00Z,soccer_portugal_primeira_liga,Liga Portugal,betonlineag,2.75,1.93,1.88,2025-01-24T11:54:37Z,2025-01-24,a2bf1f75e7e347e11eb3f6a206750039_2.75
a2bf1f75e7e347e11eb3f6a206750039,Casa Pia,Benfica,2025-01-25T18:00:00Z,soccer_portugal_primeira_liga,Liga Portugal,lowvig,2.75,1.93,1.88,2025-01-24T11:54:37Z,2025-01-24,a2bf1f75e7e347e11eb3f6a206750039_2.75
a2bf1f75e7e347e11eb3f6a206750039,Casa Pia,Benfica,2025-01-25T18:00:00Z,soccer_portugal_primeira_liga,Liga Portugal,williamhill,2.5,1.67,2.2,2025-01-24T11:54:38Z,2025-01-24,a2bf1f75e7e347e11eb3f6a206750039_2.5
a2bf1f75e7e347e11eb3f6a206750039,Casa Pia,Benfica,2025-01-25T18:00:00Z,soccer_portugal_primeira_liga,Liga Portugal,betrivers,2.5,1.61,2.23,2025-01-24T11:54:37Z,2025-01-24,a2bf1f75e7e347e11eb3f6a206750039_2.5
a2bf1f75e7e347e11eb3f6a206750039,Casa Pia,Benfica,2025-01-25T18:00:00Z,soccer_portugal_primeira_liga,Liga Portugal,unibet,2.5,1.61,2.23,2025-01-24T11:54:37Z,2025-01-24,a2bf1f75e7e347e11eb3f6a206750039_2.5
a2bf1f75e7e347e11eb3f6a206750039,Casa Pia,Benfica,2025-01-25T18:00:00Z,soccer_portugal_primeira_liga,Liga Portugal,unibet_eu,2.5,1.61,2.23,2025-01-24T11:54:38Z,2025-01-24,a2bf1f75e7e347e11eb3f6a206750039_2.5
82ba7b17a287388262bbba1846e58a59,Sporting Lisbon,Nacional,2025-01-25T20:30:00Z,soccer_portugal_primeira_liga,Liga Portugal,pinnacle,3.5,2.03,1.81,2025-01-24T11:54:37Z,2025-01-24,82ba7b17a287388262bbba1846e58a59_3.5
82ba7b17a287388262bbba1846e58a59,Sporting Lisbon,Nacional,2025-01-25T20:30:00Z,soccer_portugal_primeira_liga,Liga Portugal,onexbet,3.5,2.0,1.81,2025-01-24T11:54:39Z,2025-01-24,82ba7b17a287388262bbba1846e58a59_3.5
82ba7b17a287388262bbba1846e58a59,Sporting Lisbon,Nacional,2025-01-25T20:30:00Z,soccer_portugal_primeira_liga,Liga Portugal,tipico_de,3.5,1.87,1.85,2025-01-24T11:54:39Z,2025-01-24,82ba7b17a287388262bbba1846e58a59_3.5
82ba7b17a287388262bbba1846e58a59,Sporting Lisbon,Nacional,2025-01-25T20:30:00Z,soccer_portugal_primeira_liga,Liga Portugal,williamhill,2.5,1.4,3.0,2025-01-24T11:54:38Z,2025-01-24,82ba7b17a287388262bbba1846e58a59_2.5
82ba7b17a287388262bbba1846e58a59,Sporting Lisbon,Nacional,2025-01-25T20:30:00Z,soccer_portugal_primeira_liga,Liga Portugal,bovada,3.25,1.83,2.0,2025-01-24T11:54:37Z,2025-01-24,82ba7b17a287388262bbba1846e58a59_3.25
82ba7b17a287388262bbba1846e58a59,Sporting Lisbon,Nacional,2025-01-25T20:30:00Z,soccer_portugal_primeira_liga,Liga Portugal,betrivers,3.5,1.83,1.91,2025-01-24T11:54:37Z,2025-01-24,82ba7b17a287388262bbba1846e58a59_3.5
82ba7b17a287388262bbba1846e58a59,Sporting Lisbon,Nacional,2025-01-25T20:30:00Z,soccer_portugal_primeira_liga,Liga Portugal,unibet,3.5,1.83,1.91,2025-01-24T11:54:37Z,2025-01-24,82ba7b17a287388262bbba1846e58a59_3.5
82ba7b17a287388262bbba1846e58a59,Sporting Lisbon,Nacional,2025-01-25T20:30:00Z,soccer_portugal_primeira_liga,Liga Portugal,unibet_eu,3.5,1.83,1.91,2025-01-24T11:54:38Z,2025-01-24,82ba7b17a287388262bbba1846e58a59_3.5
82ba7b17a287388262bbba1846e58a59,Sporting Lisbon,Nacional,2025-01-25T20:30:00Z,soccer_portugal_primeira_liga,Liga Portugal,betsson,3.5,2.0,1.78,2025-01-24T11:54:38Z,2025-01-24,82ba7b17a287388262bbba1846e58a59_3.5
82ba7b17a287388262bbba1846e58a59,Sporting Lisbon,Nacional,2025-01-25T20:30:00Z,soccer_portugal_primeira_liga,Liga Portugal,nordicbet,3.5,2.0,1.78,2025-01-24T11:54:38Z,2025-01-24,82ba7b17a287388262bbba1846e58a59_3.5
82ba7b17a287388262bbba1846e58a59,Sporting Lisbon,Nacional,2025-01-25T20:30:00Z,soccer_portugal_primeira_liga,Liga Portugal,betus,3.5,1.93,1.81,2025-01-24T11:54:38Z,2025-01-24,82ba7b17a287388262bbba1846e58a59_3.5
82ba7b17a287388262bbba1846e58a59,Sporting Lisbon,Nacional,2025-01-25T20:30:00Z,soccer_portugal_primeira_liga,Liga Portugal,betonlineag,3.5,2.02,1.82,2025-01-24T11:54:37Z,2025-01-24,82ba7b17a287388262bbba1846e58a59_3.5
82ba7b17a287388262bbba1846e58a59,Sporting Lisbon,Nacional,2025-01-25T20:30:00Z,soccer_portugal_primeira_liga,Liga Portugal,lowvig,3.5,2.02,1.82,2025-01-24T11:54:37Z,2025-01-24,82ba7b17a287388262bbba1846e58a59_3.5
82ba7b17a287388262bbba1846e58a59,Sporting Lisbon,Nacional,2025-01-25T20:30:00Z,soccer_portugal_primeira_liga,Liga Portugal,matchbook,3.5,2.04,1.82,2025-01-24T11:54:37Z,2025-01-24,82ba7b17a287388262bbba1846e58a59_3.5
22b4f5ffa42fa5271ed789f8de67a1c0,Sint Truiden,Royal Antwerp,2025-01-24T19:45:00Z,soccer_belgium_first_div,Pro League,pinnacle,2.75,1.91,1.96,2025-01-24T11:54:57Z,2025-01-24,22b4f5ffa42fa5271ed789f8de67a1c0_2.75
22b4f5ffa42fa5271ed789f8de67a1c0,Sint Truiden,Royal Antwerp,2025-01-24T19:45:00Z,soccer_belgium_first_div,Pro League,onexbet,2.5,1.71,2.16,2025-01-24T11:54:57Z,2025-01-24,22b4f5ffa42fa5271ed789f8de67a1c0_2.5
22b4f5ffa42fa5271ed789f8de67a1c0,Sint Truiden,Royal Antwerp,2025-01-24T19:45:00Z,soccer_belgium_first_div,Pro League,playup,2.5,1.68,2.1,2025-01-24T11:54:58Z,2025-01-24,22b4f5ffa42fa5271ed789f8de67a1c0_2.5
22b4f5ffa42fa5271ed789f8de67a1c0,Sint Truiden,Royal Antwerp,2025-01-24T19:45:00Z,soccer_belgium_first_div,Pro League,betrivers,2.5,1.71,2.1,2025-01-24T11:54:57Z,2025-01-24,22b4f5ffa42fa5271ed789f8de67a1c0_2.5
22b4f5ffa42fa5271ed789f8de67a1c0,Sint Truiden,Royal Antwerp,2025-01-24T19:45:00Z,soccer_belgium_first_div,Pro League,unibet_eu,2.5,1.71,2.1,2025-01-24T11:54:58Z,2025-01-24,22b4f5ffa42fa5271ed789f8de67a1c0_2.5
22b4f5ffa42fa5271ed789f8de67a1c0,Sint Truiden,Royal Antwerp,2025-01-24T19:45:00Z,soccer_belgium_first_div,Pro League,unibet,2.5,1.71,2.1,2025-01-24T11:54:58Z,2025-01-24,22b4f5ffa42fa5271ed789f8de67a1c0_2.5
22b4f5ffa42fa5271ed789f8de67a1c0,Sint Truiden,Royal Antwerp,2025-01-24T19:45:00Z,soccer_belgium_first_div,Pro League,williamhill,2.5,1.67,2.2,2025-01-24T11:55:00Z,2025-01-24,22b4f5ffa42fa5271ed789f8de67a1c0_2.5
22b4f5ffa42fa5271ed789f8de67a1c0,Sint Truiden,Royal Antwerp,2025-01-24T19:45:00Z,soccer_belgium_first_div,Pro League,tipico_de,2.5,1.67,2.15,2025-01-24T11:54:59Z,2025-01-24,22b4f5ffa42fa5271ed789f8de67a1c0_2.5
22b4f5ffa42fa5271ed789f8de67a1c0,Sint Truiden,Royal Antwerp,2025-01-24T19:45:00Z,soccer_belgium_first_div,Pro League,bovada,2.75,1.87,1.95,2025-01-24T11:54:57Z,2025-01-24,22b4f5ffa42fa5271ed789f8de67a1c0_2.75
22b4f5ffa42fa5271ed789f8de67a1c0,Sint Truiden,Royal Antwerp,2025-01-24T19:45:00Z,soccer_belgium_first_div,Pro League,nordicbet,2.5,1.68,2.13,2025-01-24T11:54:58Z,2025-01-24,22b4f5ffa42fa5271ed789f8de67a1c0_2.5
22b4f5ffa42fa5271ed789f8de67a1c0,Sint Truiden,Royal Antwerp,2025-01-24T19:45:00Z,soccer_belgium_first_div,Pro League,betsson,2.5,1.68,2.13,2025-01-24T11:54:58Z,2025-01-24,22b4f5ffa42fa5271ed789f8de67a1c0_2.5
22b4f5ffa42fa5271ed789f8de67a1c0,Sint Truiden,Royal Antwerp,2025-01-24T19:45:00Z,soccer_belgium_first_div,Pro League,lowvig,2.75,1.89,1.93,2025-01-24T11:54:57Z,2025-01-24,22b4f5ffa42fa5271ed789f8de67a1c0_2.75
22b4f5ffa42fa5271ed789f8de67a1c0,Sint Truiden,Royal Antwerp,2025-01-24T19:45:00Z,soccer_belgium_first_div,Pro League,betonlineag,2.75,1.89,1.93,2025-01-24T11:54:57Z,2025-01-24,22b4f5ffa42fa5271ed789f8de67a1c0_2.75
22b4f5ffa42fa5271ed789f8de67a1c0,Sint Truiden,Royal Antwerp,2025-01-24T19:45:00Z,soccer_belgium_first_div,Pro League,betus,2.75,1.91,1.87,2025-01-24T11:54:57Z,2025-01-24,22b4f5ffa42fa5271ed789f8de67a1c0_2.75
22b4f5ffa42fa5271ed789f8de67a1c0,Sint Truiden,Royal Antwerp,2025-01-24T19:45:00Z,soccer_belgium_first_div,Pro League,matchbook,2.5,1.76,2.28,2025-01-24T11:54:57Z,2025-01-24,22b4f5ffa42fa5271ed789f8de67a1c0_2.5
fbc66ea3847b68166051fe437ace6cd8,Westerlo,Genk,2025-01-25T15:00:00Z,soccer_belgium_first_div,Pro League,pinnacle,3.25,1.97,1.86,2025-01-24T11:54:57Z,2025-01-24,fbc66ea3847b68166051fe437ace6cd8_3.25
fbc66ea3847b68166051fe437ace6cd8,Westerlo,Genk,2025-01-25T15:00:00Z,soccer_belgium_first_div,Pro League,onexbet,3.5,2.21,1.68,2025-01-24T11:54:57Z,2025-01-24,fbc66ea3847b68166051fe437ace6cd8_3.5
fbc66ea3847b68166051fe437ace6cd8,Westerlo,Genk,2025-01-25T15:00:00Z,soccer_belgium_first_div,Pro League,betrivers,3.5,2.33,1.56,2025-01-24T11:54:57Z,2025-01-24,fbc66ea3847b68166051fe437ace6cd8_3.5
fbc66ea3847b68166051fe437ace6cd8,Westerlo,Genk,2025-01-25T15:00:00Z,soccer_belgium_first_div,Pro League,unibet_eu,3.5,2.33,1.56,2025-01-24T11:54:58Z,2025-01-24,fbc66ea3847b68166051fe437ace6cd8_3.5
fbc66ea3847b68166051fe437ace6cd8,Westerlo,Genk,2025-01-25T15:00:00Z,soccer_belgium_first_div,Pro League,unibet,3.5,2.33,1.57,2025-01-24T11:54:58Z,2025-01-24,fbc66ea3847b68166051fe437ace6cd8_3.5
fbc66ea3847b68166051fe437ace6cd8,Westerlo,Genk,2025-01-25T15:00:00Z,soccer_belgium_first_div,Pro League,williamhill,2.5,1.57,2.45,2025-01-24T11:55:00Z,2025-01-24,fbc66ea3847b68166051fe437ace6cd8_2.5
fbc66ea3847b68166051fe437ace6cd8,Westerlo,Genk,2025-01-25T15:00:00Z,soccer_belgium_first_div,Pro League,tipico_de,3.5,2.1,1.7,2025-01-24T11:54:59Z,2025-01-24,fbc66ea3847b68166051fe437ace6cd8_3.5
fbc66ea3847b68166051fe437ace6cd8,Westerlo,Genk,2025-01-25T15:00:00Z,soccer_belgium_first_div,Pro League,bovada,3.0,1.82,2.02,2025-01-24T11:54:57Z,2025-01-24,fbc66ea3847b68166051fe437ace6cd8_3.0
fbc66ea3847b68166051fe437ace6cd8,Westerlo,Genk,2025-01-25T15:00:00Z,soccer_belgium_first_div,Pro League,nordicbet,3.5,2.17,1.66,2025-01-24T11:54:58Z,2025-01-24,fbc66ea3847b68166051fe437ace6cd8_3.5
fbc66ea3847b68166051fe437ace6cd8,Westerlo,Genk,2025-01-25T15:00:00Z,soccer_belgium_first_div,Pro League,betsson,3.5,2.17,1.66,2025-01-24T11:54:58Z,2025-01-24,fbc66ea3847b68166051fe437ace6cd8_3.5
fbc66ea3847b68166051fe437ace6cd8,Westerlo,Genk,2025-01-25T15:00:00Z,soccer_belgium_first_div,Pro League,playup,3.5,2.15,1.63,2025-01-24T11:54:58Z,2025-01-24,fbc66ea3847b68166051fe437ace6cd8_3.5
fbc66ea3847b68166051fe437ace6cd8,Westerlo,Genk,2025-01-25T15:00:00Z,soccer_belgium_first_div,Pro League,betus,3.25,1.88,1.85,2025-01-24T11:54:57Z,2025-01-24,fbc66ea3847b68166051fe437ace6cd8_3.25
fbc66ea3847b68166051fe437ace6cd8,Westerlo,Genk,2025-01-25T15:00:00Z,soccer_belgium_first_div,Pro League,lowvig,3.0,1.78,2.08,2025-01-24T11:54:57Z,2025-01-24,fbc66ea3847b68166051fe437ace6cd8_3.0
fbc66ea3847b68166051fe437ace6cd8,Westerlo,Genk,2025-01-25T15:00:00Z,soccer_belgium_first_div,Pro League,betonlineag,3.0,1.78,2.08,2025-01-24T11:54:57Z,2025-01-24,fbc66ea3847b68166051fe437ace6cd8_3.0
fbc66ea3847b68166051fe437ace6cd8,Westerlo,Genk,2025-01-25T15:00:00Z,soccer_belgium_first_div,Pro League,betanysports,3.0,1.78,2.08,2025-01-24T11:54:58Z,2025-01-24,fbc66ea3847b68166051fe437ace6cd8_3.0
fbc66ea3847b68166051fe437ace6cd8,Westerlo,Genk,2025-01-25T15:00:00Z,soccer_belgium_first_div,Pro League,matchbook,3.5,2.16,1.64,2025-01-24T11:54:57Z,2025-01-24,fbc66ea3847b68166051fe437ace6cd8_3.5
b3b4cf0b1daf387954e79ed8e08c4dcb,Charleroi,Cercle Brugge KSV,2025-01-25T17:15:00Z,soccer_belgium_first_div,Pro League,pinnacle,2.5,1.92,1.92,2025-01-24T11:54:57Z,2025-01-24,b3b4cf0b1daf387954e79ed8e08c4dcb_2.5
b3b4cf0b1daf387954e79ed8e08c4dcb,Charleroi,Cercle Brugge KSV,2025-01-25T17:15:00Z,soccer_belgium_first_div,Pro League,onexbet,2.5,1.91,1.91,2025-01-24T11:54:57Z,2025-01-24,b3b4cf0b1daf387954e79ed8e08c4dcb_2.5
b3b4cf0b1daf387954e79ed8e08c4dcb,Charleroi,Cercle Brugge KSV,2025-01-25T17:15:00Z,soccer_belgium_first_div,Pro League,bovada,2.5,1.95,1.87,2025-01-24T11:54:57Z,2025-01-24,b3b4cf0b1daf387954e79ed8e08c4dcb_2.5
b3b4cf0b1daf387954e79ed8e08c4dcb,Charleroi,Cercle Brugge KSV,2025-01-25T17:15:00Z,soccer_belgium_first_div,Pro League,betsson,2.5,1.9,1.86,2025-01-24T11:54:58Z,2025-01-24,b3b4cf0b1daf387954e79ed8e08c4dcb_2.5
b3b4cf0b1daf387954e79ed8e08c4dcb,Charleroi,Cercle Brugge KSV,2025-01-25T17:15:00Z,soccer_belgium_first_div,Pro League,nordicbet,2.5,1.9,1.86,2025-01-24T11:54:58Z,2025-01-24,b3b4cf0b1daf387954e79ed8e08c4dcb_2.5
b3b4cf0b1daf387954e79ed8e08c4dcb,Charleroi,Cercle Brugge KSV,2025-01-25T17:15:00Z,soccer_belgium_first_div,Pro League,tipico_de,2.5,1.87,1.87,2025-01-24T11:54:59Z,2025-01-24,b3b4cf0b1daf387954e79ed8e08c4dcb_2.5
b3b4cf0b1daf387954e79ed8e08c4dcb,Charleroi,Cercle Brugge KSV,2025-01-25T17:15:00Z,soccer_belgium_first_div,Pro League,betrivers,2.5,1.89,1.85,2025-01-24T11:54:57Z,2025-01-24,b3b4cf0b1daf387954e79ed8e08c4dcb_2.5
b3b4cf0b1daf387954e79ed8e08c4dcb,Charleroi,Cercle Brugge KSV,2025-01-25T17:15:00Z,soccer_belgium_first_div,Pro League,unibet_eu,2.5,1.89,1.85,2025-01-24T11:54:58Z,2025-01-24,b3b4cf0b1daf387954e79ed8e08c4dcb_2.5
b3b4cf0b1daf387954e79ed8e08c4dcb,Charleroi,Cercle Brugge KSV,2025-01-25T17:15:00Z,soccer_belgium_first_div,Pro League,unibet,2.5,1.9,1.86,2025-01-24T11:54:58Z,2025-01-24,b3b4cf0b1daf387954e79ed8e08c4dcb_2.5
b3b4cf0b1daf387954e79ed8e08c4dcb,Charleroi,Cercle Brugge KSV,2025-01-25T17:15:00Z,soccer_belgium_first_div,Pro League,playup,2.5,1.87,1.83,2025-01-24T11:54:58Z,2025-01-24,b3b4cf0b1daf387954e79ed8e08c4dcb_2.5
b3b4cf0b1daf387954e79ed8e08c4dcb,Charleroi,Cercle Brugge KSV,2025-01-25T17:15:00Z,soccer_belgium_first_div,Pro League,betus,2.5,1.87,1.87,2025-01-24T11:54:57Z,2025-01-24,b3b4cf0b1daf387954e79ed8e08c4dcb_2.5
b3b4cf0b1daf387954e79ed8e08c4dcb,Charleroi,Cercle Brugge KSV,2025-01-25T17:15:00Z,soccer_belgium_first_div,Pro League,lowvig,2.5,1.93,1.88,2025-01-24T11:54:57Z,2025-01-24,b3b4cf0b1daf387954e79ed8e08c4dcb_2.5
b3b4cf0b1daf387954e79ed8e08c4dcb,Charleroi,Cercle Brugge KSV,2025-01-25T17:15:00Z,soccer_belgium_first_div,Pro League,betonlineag,2.5,1.93,1.88,2025-01-24T11:54:57Z,2025-01-24,b3b4cf0b1daf387954e79ed8e08c4dcb_2.5
b3b4cf0b1daf387954e79ed8e08c4dcb,Charleroi,Cercle Brugge KSV,2025-01-25T17:15:00Z,soccer_belgium_first_div,Pro League,betanysports,2.5,1.93,1.88,2025-01-24T11:54:58Z,2025-01-24,b3b4cf0b1daf387954e79ed8e08c4dcb_2.5
b3b4cf0b1daf387954e79ed8e08c4dcb,Charleroi,Cercle Brugge KSV,2025-01-25T17:15:00Z,soccer_belgium_first_div,Pro League,matchbook,2.5,1.98,1.92,2025-01-24T11:54:57Z,2025-01-24,b3b4cf0b1daf387954e79ed8e08c4dcb_2.5
7d7592eb7c08929ace045bfc1a08ea33,Club Brugge,KV Kortrijk,2025-01-25T19:45:00Z,soccer_belgium_first_div,Pro League,pinnacle,3.25,1.96,1.85,2025-01-24T11:54:57Z,2025-01-24,7d7592eb7c08929ace045bfc1a08ea33_3.25
7d7592eb7c08929ace045bfc1a08ea33,Club Brugge,KV Kortrijk,2025-01-25T19:45:00Z,soccer_belgium_first_div,Pro League,onexbet,3.5,2.19,1.69,2025-01-24T11:54:57Z,2025-01-24,7d7592eb7c08929ace045bfc1a08ea33_3.5
7d7592eb7c08929ace045bfc1a08ea33,Club Brugge,KV Kortrijk,2025-01-25T19:45:00Z,soccer_belgium_first_div,Pro League,betsson,3.5,2.17,1.66,2025-01-24T11:54:58Z,2025-01-24,7d7592eb7c08929ace045bfc1a08ea33_3.5
7d7592eb7c08929ace045bfc1a08ea33,Club Brugge,KV Kortrijk,2025-01-25T19:45:00Z,soccer_belgium_first_div,Pro League,nordicbet,3.5,2.17,1.66,2025-01-24T11:54:58Z,2025-01-24,7d7592eb7c08929ace045bfc1a08ea33_3.5
7d7592eb7c08929ace045bfc1a08ea33,Club Brugge,KV Kortrijk,2025-01-25T19:45:00Z,soccer_belgium_first_div,Pro League,tipico_de,3.5,2.05,1.72,2025-01-24T11:54:59Z,2025-01-24,7d7592eb7c08929ace045bfc1a08ea33_3.5
7d7592eb7c08929ace045bfc1a08ea33,Club Brugge,KV Kortrijk,2025-01-25T19:45:00Z,soccer_belgium_first_div,Pro League,bovada,3.25,1.95,1.87,2025-01-24T11:54:57Z,2025-01-24,7d7592eb7c08929ace045bfc1a08ea33_3.25
7d7592eb7c08929ace045bfc1a08ea33,Club Brugge,KV Kortrijk,2025-01-25T19:45:00Z,soccer_belgium_first_div,Pro League,betrivers,3.5,2.17,1.66,2025-01-24T11:54:57Z,2025-01-24,7d7592eb7c08929ace045bfc1a08ea33_3.5
7d7592eb7c08929ace045bfc1a08ea33,Club Brugge,KV Kortrijk,2025-01-25T19:45:00Z,soccer_belgium_first_div,Pro League,unibet_eu,3.5,2.17,1.66,2025-01-24T11:54:58Z,2025-01-24,7d7592eb7c08929ace045bfc1a08ea33_3.5
7d7592eb7c08929ace045bfc1a08ea33,Club Brugge,KV Kortrijk,2025-01-25T19:45:00Z,soccer_belgium_first_div,Pro League,unibet,3.5,2.17,1.66,2025-01-24T11:54:58Z,2025-01-24,7d7592eb7c08929ace045bfc1a08ea33_3.5
7d7592eb7c08929ace045bfc1a08ea33,Club Brugge,KV Kortrijk,2025-01-25T19:45:00Z,soccer_belgium_first_div,Pro League,williamhill,2.5,1.44,2.7,2025-01-24T11:55:00Z,2025-01-24,7d7592eb7c08929ace045bfc1a08ea33_2.5
7d7592eb7c08929ace045bfc1a08ea33,Club Brugge,KV Kortrijk,2025-01-25T19:45:00Z,soccer_belgium_first_div,Pro League,playup,3.5,2.12,1.65,2025-01-24T11:54:58Z,2025-01-24,7d7592eb7c08929ace045bfc1a08ea33_3.5
7d7592eb7c08929ace045bfc1a08ea33,Club Brugge,KV Kortrijk,2025-01-25T19:45:00Z,soccer_belgium_first_div,Pro League,betus,3.25,1.88,1.85,2025-01-24T11:54:57Z,2025-01-24,7d7592eb7c08929ace045bfc1a08ea33_3.25
7d7592eb7c08929ace045bfc1a08ea33,Club Brugge,KV Kortrijk,2025-01-25T19:45:00Z,soccer_belgium_first_div,Pro League,lowvig,3.25,2.0,1.83,2025-01-24T11:54:57Z,2025-01-24,7d7592eb7c08929ace045bfc1a08ea33_3.25
7d7592eb7c08929ace045bfc1a08ea33,Club Brugge,KV Kortrijk,2025-01-25T19:45:00Z,soccer_belgium_first_div,Pro League,betonlineag,3.25,2.0,1.83,2025-01-24T11:54:57Z,2025-01-24,7d7592eb7c08929ace045bfc1a08ea33_3.25
7d7592eb7c08929ace045bfc1a08ea33,Club Brugge,KV Kortrijk,2025-01-25T19:45:00Z,soccer_belgium_first_div,Pro League,betanysports,3.25,2.0,1.83,2025-01-24T11:54:58Z,2025-01-24,7d7592eb7c08929ace045bfc1a08ea33_3.25
7d7592eb7c08929ace045bfc1a08ea33,Club Brugge,KV Kortrijk,2025-01-25T19:45:00Z,soccer_belgium_first_div,Pro League,matchbook,3.5,2.28,1.67,2025-01-24T11:54:57Z,2025-01-24,7d7592eb7c08929ace045bfc1a08ea33_3.5
01c51831f5e777b994f04318de5bb123,Standard Liege,Dender,2025-01-26T12:30:00Z,soccer_belgium_first_div,Pro League,onexbet,2.5,2.14,1.72,2025-01-24T11:54:57Z,2025-01-24,01c51831f5e777b994f04318de5bb123_2.5
01c51831f5e777b994f04318de5bb123,Standard Liege,Dender,2025-01-26T12:30:00Z,soccer_belgium_first_div,Pro League,pinnacle,2.25,1.86,1.96,2025-01-24T11:54:57Z,2025-01-24,01c51831f5e777b994f04318de5bb123_2.25
01c51831f5e777b994f04318de5bb123,Standard Liege,Dender,2025-01-26T12:30:00Z,soccer_belgium_first_div,Pro League,betrivers,2.5,2.06,1.73,2025-01-24T11:54:57Z,2025-01-24,01c51831f5e777b994f04318de5bb123_2.5
01c51831f5e777b994f04318de5bb123,Standard Liege,Dender,2025-01-26T12:30:00Z,soccer_belgium_first_div,Pro League,unibet_eu,2.5,2.06,1.73,2025-01-24T11:54:58Z,2025-01-24,01c51831f5e777b994f04318de5bb123_2.5
01c51831f5e777b994f04318de5bb123,Standard Liege,Dender,2025-01-26T12:30:00Z,soccer_belgium_first_div,Pro League,unibet,2.5,2.06,1.73,2025-01-24T11:54:58Z,2025-01-24,01c51831f5e777b994f04318de5bb123_2.5
01c51831f5e777b994f04318de5bb123,Standard Liege,Dender,2025-01-26T12:30:00Z,soccer_belgium_first_div,Pro League,williamhill,2.5,2.2,1.67,2025-01-24T11:55:00Z,2025-01-24,01c51831f5e777b994f04318de5bb123_2.5
01c51831f5e777b994f04318de5bb123,Standard Liege,Dender,2025-01-26T12:30:00Z,soccer_belgium_first_div,Pro League,tipico_de,2.5,2.1,1.7,2025-01-24T11:54:59Z,2025-01-24,01c51831f5e777b994f04318de5bb123_2.5
01c51831f5e777b994f04318de5bb123,Standard Liege,Dender,2025-01-26T12:30:00Z,soccer_belgium_first_div,Pro League,bovada,2.25,1.91,1.91,2025-01-24T11:54:57Z,2025-01-24,01c51831f5e777b994f04318de5bb123_2.25
01c51831f5e777b994f04318de5bb123,Standard Liege,Dender,2025-01-26T12:30:00Z,soccer_belgium_first_div,Pro League,nordicbet,2.5,2.11,1.69,2025-01-24T11:54:58Z,2025-01-24,01c51831f5e777b994f04318de5bb123_2.5
01c51831f5e777b994f04318de5bb123,Standard Liege,Dender,2025-01-26T12:30:00Z,soccer_belgium_first_div,Pro League,betsson,2.5,2.11,1.69,2025-01-24T11:54:58Z,2025-01-24,01c51831f5e777b994f04318de5bb123_2.5
01c51831f5e777b994f04318de5bb123,Standard Liege,Dender,2025-01-26T12:30:00Z,soccer_belgium_first_div,Pro League,betus,2.25,1.86,1.88,2025-01-24T11:54:57Z,2025-01-24,01c51831f5e777b994f04318de5bb123_2.25
01c51831f5e777b994f04318de5bb123,Standard Liege,Dender,2025-01-26T12:30:00Z,soccer_belgium_first_div,Pro League,playup,2.5,2.05,1.68,2025-01-24T11:54:58Z,2025-01-24,01c51831f5e777b994f04318de5bb123_2.5
01c51831f5e777b994f04318de5bb123,Standard Liege,Dender,2025-01-26T12:30:00Z,soccer_belgium_first_div,Pro League,lowvig,2.25,1.9,1.92,2025-01-24T11:54:57Z,2025-01-24,01c51831f5e777b994f04318de5bb123_2.25
01c51831f5e777b994f04318de5bb123,Standard Liege,Dender,2025-01-26T12:30:00Z,soccer_belgium_first_div,Pro League,betonlineag,2.25,1.9,1.92,2025-01-24T11:54:57Z,2025-01-24,01c51831f5e777b994f04318de5bb123_2.25
01c51831f5e777b994f04318de5bb123,Standard Liege,Dender,2025-01-26T12:30:00Z,soccer_belgium_first_div,Pro League,matchbook,2.5,2.12,1.66,2025-01-24T11:54:57Z,2025-01-24,01c51831f5e777b994f04318de5bb123_2.5
01c51831f5e777b994f04318de5bb123,Standard Liege,Dender,2025-01-26T12:30:00Z,soccer_belgium_first_div,Pro League,betanysports,2.25,1.91,1.91,2025-01-24T11:54:58Z,2025-01-24,01c51831f5e777b994f04318de5bb123_2.25
fa30e0a8dd9b2c6eedac736f80c5b74b,Samsunspor,Gazişehir Gaziantep,2025-01-24T17:00:00Z,soccer_turkey_super_league,Süper Lig,pinnacle,2.5,1.85,2.05,2025-01-24T11:55:05Z,2025-01-24,fa30e0a8dd9b2c6eedac736f80c5b74b_2.5
fa30e0a8dd9b2c6eedac736f80c5b74b,Samsunspor,Gazişehir Gaziantep,2025-01-24T17:00:00Z,soccer_turkey_super_league,Süper Lig,betsson,2.5,1.78,1.99,2025-01-24T11:55:12Z,2025-01-24,fa30e0a8dd9b2c6eedac736f80c5b74b_2.5
fa30e0a8dd9b2c6eedac736f80c5b74b,Samsunspor,Gazişehir Gaziantep,2025-01-24T17:00:00Z,soccer_turkey_super_league,Süper Lig,nordicbet,2.5,1.78,1.99,2025-01-24T11:55:05Z,2025-01-24,fa30e0a8dd9b2c6eedac736f80c5b74b_2.5
fa30e0a8dd9b2c6eedac736f80c5b74b,Samsunspor,Gazişehir Gaziantep,2025-01-24T17:00:00Z,soccer_turkey_super_league,Süper Lig,onexbet,2.5,1.86,2.05,2025-01-24T11:55:05Z,2025-01-24,fa30e0a8dd9b2c6eedac736f80c5b74b_2.5
fa30e0a8dd9b2c6eedac736f80c5b74b,Samsunspor,Gazişehir Gaziantep,2025-01-24T17:00:00Z,soccer_turkey_super_league,Süper Lig,bovada,2.5,1.82,2.02,2025-01-24T11:55:05Z,2025-01-24,fa30e0a8dd9b2c6eedac736f80c5b74b_2.5
fa30e0a8dd9b2c6eedac736f80c5b74b,Samsunspor,Gazişehir Gaziantep,2025-01-24T17:00:00Z,soccer_turkey_super_league,Süper Lig,betus,2.5,1.85,1.89,2025-01-24T11:53:55Z,2025-01-24,fa30e0a8dd9b2c6eedac736f80c5b74b_2.5
fa30e0a8dd9b2c6eedac736f80c5b74b,Samsunspor,Gazişehir Gaziantep,2025-01-24T17:00:00Z,soccer_turkey_super_league,Süper Lig,unibet,2.5,1.77,1.96,2025-01-24T11:55:05Z,2025-01-24,fa30e0a8dd9b2c6eedac736f80c5b74b_2.5
fa30e0a8dd9b2c6eedac736f80c5b74b,Samsunspor,Gazişehir Gaziantep,2025-01-24T17:00:00Z,soccer_turkey_super_league,Süper Lig,betrivers,2.5,1.77,1.96,2025-01-24T11:55:05Z,2025-01-24,fa30e0a8dd9b2c6eedac736f80c5b74b_2.5
fa30e0a8dd9b2c6eedac736f80c5b74b,Samsunspor,Gazişehir Gaziantep,2025-01-24T17:00:00Z,soccer_turkey_super_league,Süper Lig,unibet_eu,2.5,1.77,1.96,2025-01-24T11:55:06Z,2025-01-24,fa30e0a8dd9b2c6eedac736f80c5b74b_2.5
fa30e0a8dd9b2c6eedac736f80c5b74b,Samsunspor,Gazişehir Gaziantep,2025-01-24T17:00:00Z,soccer_turkey_super_league,Süper Lig,matchbook,2.5,1.88,2.12,2025-01-24T11:55:05Z,2025-01-24,fa30e0a8dd9b2c6eedac736f80c5b74b_2.5
fa30e0a8dd9b2c6eedac736f80c5b74b,Samsunspor,Gazişehir Gaziantep,2025-01-24T17:00:00Z,soccer_turkey_super_league,Süper Lig,lowvig,2.5,1.81,2.03,2025-01-24T11:55:05Z,2025-01-24,fa30e0a8dd9b2c6eedac736f80c5b74b_2.5
fa30e0a8dd9b2c6eedac736f80c5b74b,Samsunspor,Gazişehir Gaziantep,2025-01-24T17:00:00Z,soccer_turkey_super_league,Süper Lig,betonlineag,2.5,1.81,2.03,2025-01-24T11:55:05Z,2025-01-24,fa30e0a8dd9b2c6eedac736f80c5b74b_2.5
90d784c3af303af96912260839ebea02,Sivasspor,Kayserispor,2025-01-25T10:30:00Z,soccer_turkey_super_league,Süper Lig,nordicbet,2.5,1.93,1.83,2025-01-24T11:55:05Z,2025-01-24,90d784c3af303af96912260839ebea02_2.5
90d784c3af303af96912260839ebea02,Sivasspor,Kayserispor,2025-01-25T10:30:00Z,soccer_turkey_super_league,Süper Lig,onexbet,2.5,2.01,1.89,2025-01-24T11:55:05Z,2025-01-24,90d784c3af303af96912260839ebea02_2.5
90d784c3af303af96912260839ebea02,Sivasspor,Kayserispor,2025-01-25T10:30:00Z,soccer_turkey_super_league,Süper Lig,betsson,2.5,1.93,1.83,2025-01-24T11:55:12Z,2025-01-24,90d784c3af303af96912260839ebea02_2.5
90d784c3af303af96912260839ebea02,Sivasspor,Kayserispor,2025-01-25T10:30:00Z,soccer_turkey_super_league,Süper Lig,tipico_de,2.5,1.9,1.85,2025-01-24T11:53:55Z,2025-01-24,90d784c3af303af96912260839ebea02_2.5
90d784c3af303af96912260839ebea02,Sivasspor,Kayserispor,2025-01-25T10:30:00Z,soccer_turkey_super_league,Süper Lig,pinnacle,2.5,1.99,1.88,2025-01-24T11:55:05Z,2025-01-24,90d784c3af303af96912260839ebea02_2.5
90d784c3af303af96912260839ebea02,Sivasspor,Kayserispor,2025-01-25T10:30:00Z,soccer_turkey_super_league,Süper Lig,betrivers,2.5,1.94,1.78,2025-01-24T11:55:05Z,2025-01-24,90d784c3af303af96912260839ebea02_2.5
90d784c3af303af96912260839ebea02,Sivasspor,Kayserispor,2025-01-25T10:30:00Z,soccer_turkey_super_league,Süper Lig,unibet,2.5,1.94,1.78,2025-01-24T11:55:05Z,2025-01-24,90d784c3af303af96912260839ebea02_2.5
90d784c3af303af96912260839ebea02,Sivasspor,Kayserispor,2025-01-25T10:30:00Z,soccer_turkey_super_league,Süper Lig,unibet_eu,2.5,1.94,1.78,2025-01-24T11:55:06Z,2025-01-24,90d784c3af303af96912260839ebea02_2.5
90d784c3af303af96912260839ebea02,Sivasspor,Kayserispor,2025-01-25T10:30:00Z,soccer_turkey_super_league,Süper Lig,betus,2.5,1.87,1.88,2025-01-24T11:53:55Z,2025-01-24,90d784c3af303af96912260839ebea02_2.5
90d784c3af303af96912260839ebea02,Sivasspor,Kayserispor,2025-01-25T10:30:00Z,soccer_turkey_super_league,Süper Lig,bovada,2.5,1.95,1.87,2025-01-24T11:55:05Z,2025-01-24,90d784c3af303af96912260839ebea02_2.5
90d784c3af303af96912260839ebea02,Sivasspor,Kayserispor,2025-01-25T10:30:00Z,soccer_turkey_super_league,Süper Lig,matchbook,2.5,2.02,1.89,2025-01-24T11:55:05Z,2025-01-24,90d784c3af303af96912260839ebea02_2.5
90d784c3af303af96912260839ebea02,Sivasspor,Kayserispor,2025-01-25T10:30:00Z,soccer_turkey_super_league,Süper Lig,lowvig,2.5,1.98,1.85,2025-01-24T11:55:05Z,2025-01-24,90d784c3af303af96912260839ebea02_2.5
90d784c3af303af96912260839ebea02,Sivasspor,Kayserispor,2025-01-25T10:30:00Z,soccer_turkey_super_league,Süper Lig,betonlineag,2.5,1.98,1.85,2025-01-24T11:55:05Z,2025-01-24,90d784c3af303af96912260839ebea02_2.5
ae37d6ccd29df5d77d8f86d90377ce68,Alanyaspor,Basaksehir,2025-01-25T13:00:00Z,soccer_turkey_super_league,Süper Lig,nordicbet,2.5,2.16,1.66,2025-01-24T11:55:05Z,2025-01-24,ae37d6ccd29df5d77d8f86d90377ce68_2.5
ae37d6ccd29df5d77d8f86d90377ce68,Alanyaspor,Basaksehir,2025-01-25T13:00:00Z,soccer_turkey_super_league,Süper Lig,pinnacle,2.25,1.92,1.93,2025-01-24T11:55:05Z,2025-01-24,ae37d6ccd29df5d77d8f86d90377ce68_2.25
ae37d6ccd29df5d77d8f86d90377ce68,Alanyaspor,Basaksehir,2025-01-25T13:00:00Z,soccer_turkey_super_league,Süper Lig,onexbet,2.5,2.21,1.75,2025-01-24T11:55:05Z,2025-01-24,ae37d6ccd29df5d77d8f86d90377ce68_2.5
ae37d6ccd29df5d77d8f86d90377ce68,Alanyaspor,Basaksehir,2025-01-25T13:00:00Z,soccer_turkey_super_league,Süper Lig,betsson,2.5,2.16,1.66,2025-01-24T11:55:12Z,2025-01-24,ae37d6ccd29df5d77d8f86d90377ce68_2.5
ae37d6ccd29df5d77d8f86d90377ce68,Alanyaspor,Basaksehir,2025-01-25T13:00:00Z,soccer_turkey_super_league,Süper Lig,tipico_de,2.5,2.1,1.7,2025-01-24T11:53:55Z,2025-01-24,ae37d6ccd29df5d77d8f86d90377ce68_2.5
ae37d6ccd29df5d77d8f86d90377ce68,Alanyaspor,Basaksehir,2025-01-25T13:00:00Z,soccer_turkey_super_league,Süper Lig,bovada,2.25,1.91,1.91,2025-01-24T11:55:05Z,2025-01-24,ae37d6ccd29df5d77d8f86d90377ce68_2.25
ae37d6ccd29df5d77d8f86d90377ce68,Alanyaspor,Basaksehir,2025-01-25T13:00:00Z,soccer_turkey_super_league,Süper Lig,unibet,2.5,2.12,1.66,2025-01-24T11:55:05Z,2025-01-24,ae37d6ccd29df5d77d8f86d90377ce68_2.5
ae37d6ccd29df5d77d8f86d90377ce68,Alanyaspor,Basaksehir,2025-01-25T13:00:00Z,soccer_turkey_super_league,Süper Lig,betrivers,2.5,2.12,1.66,2025-01-24T11:55:05Z,2025-01-24,ae37d6ccd29df5d77d8f86d90377ce68_2.5
ae37d6ccd29df5d77d8f86d90377ce68,Alanyaspor,Basaksehir,2025-01-25T13:00:00Z,soccer_turkey_super_league,Süper Lig,unibet_eu,2.5,2.12,1.66,2025-01-24T11:55:06Z,2025-01-24,ae37d6ccd29df5d77d8f86d90377ce68_2.5
ae37d6ccd29df5d77d8f86d90377ce68,Alanyaspor,Basaksehir,2025-01-25T13:00:00Z,soccer_turkey_super_league,Süper Lig,betus,2.25,1.92,1.87,2025-01-24T11:53:55Z,2025-01-24,ae37d6ccd29df5d77d8f86d90377ce68_2.25
ae37d6ccd29df5d77d8f86d90377ce68,Alanyaspor,Basaksehir,2025-01-25T13:00:00Z,soccer_turkey_super_league,Süper Lig,matchbook,2.5,2.1,1.68,2025-01-24T11:55:05Z,2025-01-24,ae37d6ccd29df5d77d8f86d90377ce68_2.5
ae37d6ccd29df5d77d8f86d90377ce68,Alanyaspor,Basaksehir,2025-01-25T13:00:00Z,soccer_turkey_super_league,Süper Lig,lowvig,2.25,1.89,1.93,2025-01-24T11:55:05Z,2025-01-24,ae37d6ccd29df5d77d8f86d90377ce68_2.25
ae37d6ccd29df5d77d8f86d90377ce68,Alanyaspor,Basaksehir,2025-01-25T13:00:00Z,soccer_turkey_super_league,Süper Lig,betonlineag,2.25,1.89,1.93,2025-01-24T11:55:05Z,2025-01-24,ae37d6ccd29df5d77d8f86d90377ce68_2.25
6789a45c0bae6d8eae38901aaefba1ce,Galatasaray,Torku Konyaspor,2025-01-25T16:00:00Z,soccer_turkey_super_league,Süper Lig,pinnacle,3.5,1.95,1.88,2025-01-24T11:55:05Z,2025-01-24,6789a45c0bae6d8eae38901aaefba1ce_3.5
6789a45c0bae6d8eae38901aaefba1ce,Galatasaray,Torku Konyaspor,2025-01-25T16:00:00Z,soccer_turkey_super_league,Süper Lig,betsson,3.5,1.93,1.83,2025-01-24T11:55:12Z,2025-01-24,6789a45c0bae6d8eae38901aaefba1ce_3.5
6789a45c0bae6d8eae38901aaefba1ce,Galatasaray,Torku Konyaspor,2025-01-25T16:00:00Z,soccer_turkey_super_league,Süper Lig,nordicbet,3.5,1.93,1.83,2025-01-24T11:55:05Z,2025-01-24,6789a45c0bae6d8eae38901aaefba1ce_3.5
6789a45c0bae6d8eae38901aaefba1ce,Galatasaray,Torku Konyaspor,2025-01-25T16:00:00Z,soccer_turkey_super_league,Süper Lig,onexbet,3.5,1.97,1.93,2025-01-24T11:55:05Z,2025-01-24,6789a45c0bae6d8eae38901aaefba1ce_3.5
6789a45c0bae6d8eae38901aaefba1ce,Galatasaray,Torku Konyaspor,2025-01-25T16:00:00Z,soccer_turkey_super_league,Süper Lig,tipico_de,3.5,1.8,1.93,2025-01-24T11:53:55Z,2025-01-24,6789a45c0bae6d8eae38901aaefba1ce_3.5
6789a45c0bae6d8eae38901aaefba1ce,Galatasaray,Torku Konyaspor,2025-01-25T16:00:00Z,soccer_turkey_super_league,Süper Lig,bovada,3.5,2.0,1.83,2025-01-24T11:55:05Z,2025-01-24,6789a45c0bae6d8eae38901aaefba1ce_3.5
6789a45c0bae6d8eae38901aaefba1ce,Galatasaray,Torku Konyaspor,2025-01-25T16:00:00Z,soccer_turkey_super_league,Süper Lig,unibet,3.5,1.88,1.83,2025-01-24T11:55:05Z,2025-01-24,6789a45c0bae6d8eae38901aaefba1ce_3.5
6789a45c0bae6d8eae38901aaefba1ce,Galatasaray,Torku Konyaspor,2025-01-25T16:00:00Z,soccer_turkey_super_league,Süper Lig,betrivers,3.5,1.88,1.83,2025-01-24T11:55:05Z,2025-01-24,6789a45c0bae6d8eae38901aaefba1ce_3.5
6789a45c0bae6d8eae38901aaefba1ce,Galatasaray,Torku Konyaspor,2025-01-25T16:00:00Z,soccer_turkey_super_league,Süper Lig,unibet_eu,3.5,1.88,1.83,2025-01-24T11:55:06Z,2025-01-24,6789a45c0bae6d8eae38901aaefba1ce_3.5
6789a45c0bae6d8eae38901aaefba1ce,Galatasaray,Torku Konyaspor,2025-01-25T16:00:00Z,soccer_turkey_super_league,Süper Lig,betus,3.5,1.87,1.88,2025-01-24T11:53:55Z,2025-01-24,6789a45c0bae6d8eae38901aaefba1ce_3.5
6789a45c0bae6d8eae38901aaefba1ce,Galatasaray,Torku Konyaspor,2025-01-25T16:00:00Z,soccer_turkey_super_league,Süper Lig,matchbook,3.5,1.96,1.95,2025-01-24T11:55:05Z,2025-01-24,6789a45c0bae6d8eae38901aaefba1ce_3.5
6789a45c0bae6d8eae38901aaefba1ce,Galatasaray,Torku Konyaspor,2025-01-25T16:00:00Z,soccer_turkey_super_league,Süper Lig,lowvig,3.5,1.89,1.93,2025-01-24T11:55:05Z,2025-01-24,6789a45c0bae6d8eae38901aaefba1ce_3.5
6789a45c0bae6d8eae38901aaefba1ce,Galatasaray,Torku Konyaspor,2025-01-25T16:00:00Z,soccer_turkey_super_league,Süper Lig,betonlineag,3.5,1.89,1.93,2025-01-24T11:55:05Z,2025-01-24,6789a45c0bae6d8eae38901aaefba1ce_3.5
5b4103a0c356fbb71dc72427cb49760d,Çaykur Rizespor,Adana Demirspor,2025-01-26T10:30:00Z,soccer_turkey_super_league,Süper Lig,pinnacle,3.0,1.9,1.93,2025-01-24T11:55:05Z,2025-01-24,5b4103a0c356fbb71dc72427cb49760d_3.0
5b4103a0c356fbb71dc72427cb49760d,Çaykur Rizespor,Adana Demirspor,2025-01-26T10:30:00Z,soccer_turkey_super_league,Süper Lig,onexbet,3.5,2.42,1.64,2025-01-24T11:55:05Z,2025-01-24,5b4103a0c356fbb71dc72427cb49760d_3.5
5b4103a0c356fbb71dc72427cb49760d,Çaykur Rizespor,Adana Demirspor,2025-01-26T10:30:00Z,soccer_turkey_super_league,Süper Lig,betsson,3.5,2.37,1.56,2025-01-24T11:55:12Z,2025-01-24,5b4103a0c356fbb71dc72427cb49760d_3.5
5b4103a0c356fbb71dc72427cb49760d,Çaykur Rizespor,Adana Demirspor,2025-01-26T10:30:00Z,soccer_turkey_super_league,Süper Lig,nordicbet,3.5,2.37,1.56,2025-01-24T11:55:05Z,2025-01-24,5b4103a0c356fbb71dc72427cb49760d_3.5
5b4103a0c356fbb71dc72427cb49760d,Çaykur Rizespor,Adana Demirspor,2025-01-26T10:30:00Z,soccer_turkey_super_league,Süper Lig,tipico_de,3.5,2.2,1.6,2025-01-24T11:53:55Z,2025-01-24,5b4103a0c356fbb71dc72427cb49760d_3.5
5b4103a0c356fbb71dc72427cb49760d,Çaykur Rizespor,Adana Demirspor,2025-01-26T10:30:00Z,soccer_turkey_super_league,Süper Lig,unibet,3.5,2.3,1.56,2025-01-24T11:55:05Z,2025-01-24,5b4103a0c356fbb71dc72427cb49760d_3.5
5b4103a0c356fbb71dc72427cb49760d,Çaykur Rizespor,Adana Demirspor,2025-01-26T10:30:00Z,soccer_turkey_super_league,Süper Lig,betrivers,3.5,2.3,1.56,2025-01-24T11:55:05Z,2025-01-24,5b4103a0c356fbb71dc72427cb49760d_3.5
5b4103a0c356fbb71dc72427cb49760d,Çaykur Rizespor,Adana Demirspor,2025-01-26T10:30:00Z,soccer_turkey_super_league,Süper Lig,unibet_eu,3.5,2.3,1.56,2025-01-24T11:55:06Z,2025-01-24,5b4103a0c356fbb71dc72427cb49760d_3.5
5b4103a0c356fbb71dc72427cb49760d,Çaykur Rizespor,Adana Demirspor,2025-01-26T10:30:00Z,soccer_turkey_super_league,Süper Lig,bovada,3.25,2.02,1.82,2025-01-24T11:55:05Z,2025-01-24,5b4103a0c356fbb71dc72427cb49760d_3.25
5b4103a0c356fbb71dc72427cb49760d,Çaykur Rizespor,Adana Demirspor,2025-01-26T10:30:00Z,soccer_turkey_super_league,Süper Lig,betus,3.25,1.93,1.82,2025-01-24T11:53:55Z,2025-01-24,5b4103a0c356fbb71dc72427cb49760d_3.25
5b4103a0c356fbb71dc72427cb49760d,Çaykur Rizespor,Adana Demirspor,2025-01-26T10:30:00Z,soccer_turkey_super_league,Süper Lig,matchbook,3.5,2.38,1.62,2025-01-24T11:55:05Z,2025-01-24,5b4103a0c356fbb71dc72427cb49760d_3.5
5b4103a0c356fbb71dc72427cb49760d,Çaykur Rizespor,Adana Demirspor,2025-01-26T10:30:00Z,soccer_turkey_super_league,Süper Lig,betonlineag,3.0,1.83,2.01,2025-01-24T11:55:05Z,2025-01-24,5b4103a0c356fbb71dc72427cb49760d_3.0
5b4103a0c356fbb71dc72427cb49760d,Çaykur Rizespor,Adana Demirspor,2025-01-26T10:30:00Z,soccer_turkey_super_league,Süper Lig,lowvig,3.0,1.83,2.01,2025-01-24T11:55:05Z,2025-01-24,5b4103a0c356fbb71dc72427cb49760d_3.0
e0f602679b409a18a6838d48319246ca,Antalyaspor,Besiktas JK,2025-01-26T13:00:00Z,soccer_turkey_super_league,Süper Lig,onexbet,2.5,1.74,2.22,2025-01-24T11:55:05Z,2025-01-24,e0f602679b409a18a6838d48319246ca_2.5
e0f602679b409a18a6838d48319246ca,Antalyaspor,Besiktas JK,2025-01-26T13:00:00Z,soccer_turkey_super_league,Süper Lig,betsson,2.5,1.69,2.12,2025-01-24T11:55:12Z,2025-01-24,e0f602679b409a18a6838d48319246ca_2.5
e0f602679b409a18a6838d48319246ca,Antalyaspor,Besiktas JK,2025-01-26T13:00:00Z,soccer_turkey_super_league,Süper Lig,nordicbet,2.5,1.69,2.12,2025-01-24T11:55:05Z,2025-01-24,e0f602679b409a18a6838d48319246ca_2.5
e0f602679b409a18a6838d48319246ca,Antalyaspor,Besiktas JK,2025-01-26T13:00:00Z,soccer_turkey_super_league,Süper Lig,pinnacle,2.75,1.88,1.96,2025-01-24T11:55:05Z,2025-01-24,e0f602679b409a18a6838d48319246ca_2.75
e0f602679b409a18a6838d48319246ca,Antalyaspor,Besiktas JK,2025-01-26T13:00:00Z,soccer_turkey_super_league,Süper Lig,tipico_de,2.5,1.65,2.2,2025-01-24T11:53:55Z,2025-01-24,e0f602679b409a18a6838d48319246ca_2.5
e0f602679b409a18a6838d48319246ca,Antalyaspor,Besiktas JK,2025-01-26T13:00:00Z,soccer_turkey_super_league,Süper Lig,bovada,2.75,1.85,1.98,2025-01-24T11:55:05Z,2025-01-24,e0f602679b409a18a6838d48319246ca_2.75
e0f602679b409a18a6838d48319246ca,Antalyaspor,Besiktas JK,2025-01-26T13:00:00Z,soccer_turkey_super_league,Süper Lig,unibet,2.5,1.64,2.15,2025-01-24T11:55:05Z,2025-01-24,e0f602679b409a18a6838d48319246ca_2.5
e0f602679b409a18a6838d48319246ca,Antalyaspor,Besiktas JK,2025-01-26T13:00:00Z,soccer_turkey_super_league,Süper Lig,betrivers,2.5,1.64,2.15,2025-01-24T11:55:05Z,2025-01-24,e0f602679b409a18a6838d48319246ca_2.5
e0f602679b409a18a6838d48319246ca,Antalyaspor,Besiktas JK,2025-01-26T13:00:00Z,soccer_turkey_super_league,Süper Lig,unibet_eu,2.5,1.64,2.15,2025-01-24T11:55:06Z,2025-01-24,e0f602679b409a18a6838d48319246ca_2.5
e0f602679b409a18a6838d48319246ca,Antalyaspor,Besiktas JK,2025-01-26T13:00:00Z,soccer_turkey_super_league,Süper Lig,betus,2.75,1.88,1.87,2025-01-24T11:53:55Z,2025-01-24,e0f602679b409a18a6838d48319246ca_2.75
e0f602679b409a18a6838d48319246ca,Antalyaspor,Besiktas JK,2025-01-26T13:00:00Z,soccer_turkey_super_league,Süper Lig,betonlineag,2.75,1.81,2.03,2025-01-24T11:55:05Z,2025-01-24,e0f602679b409a18a6838d48319246ca_2.75
e0f602679b409a18a6838d48319246ca,Antalyaspor,Besiktas JK,2025-01-26T13:00:00Z,soccer_turkey_super_league,Süper Lig,lowvig,2.75,1.81,2.03,2025-01-24T11:55:05Z,2025-01-24,e0f602679b409a18a6838d48319246ca_2.75
2bed79dbaf2aef0ded19bb91fc529ed0,Bodrum FK,Eyüpspor,2025-01-26T13:00:00Z,soccer_turkey_super_league,Süper Lig,pinnacle,2.25,1.8,2.06,2025-01-24T11:55:05Z,2025-01-24,2bed79dbaf2aef0ded19bb91fc529ed0_2.25
2bed79dbaf2aef0ded19bb91fc529ed0,Bodrum FK,Eyüpspor,2025-01-26T13:00:00Z,soccer_turkey_super_league,Süper Lig,onexbet,2.5,2.09,1.83,2025-01-24T11:55:05Z,2025-01-24,2bed79dbaf2aef0ded19bb91fc529ed0_2.5
2bed79dbaf2aef0ded19bb91fc529ed0,Bodrum FK,Eyüpspor,2025-01-26T13:00:00Z,soccer_turkey_super_league,Süper Lig,betsson,2.5,1.99,1.78,2025-01-24T11:55:12Z,2025-01-24,2bed79dbaf2aef0ded19bb91fc529ed0_2.5
2bed79dbaf2aef0ded19bb91fc529ed0,Bodrum FK,Eyüpspor,2025-01-26T13:00:00Z,soccer_turkey_super_league,Süper Lig,nordicbet,2.5,1.99,1.78,2025-01-24T11:55:05Z,2025-01-24,2bed79dbaf2aef0ded19bb91fc529ed0_2.5
2bed79dbaf2aef0ded19bb91fc529ed0,Bodrum FK,Eyüpspor,2025-01-26T13:00:00Z,soccer_turkey_super_league,Süper Lig,unibet,2.5,2.02,1.72,2025-01-24T11:55:05Z,2025-01-24,2bed79dbaf2aef0ded19bb91fc529ed0_2.5
2bed79dbaf2aef0ded19bb91fc529ed0,Bodrum FK,Eyüpspor,2025-01-26T13:00:00Z,soccer_turkey_super_league,Süper Lig,betrivers,2.5,2.02,1.72,2025-01-24T11:55:05Z,2025-01-24,2bed79dbaf2aef0ded19bb91fc529ed0_2.5
2bed79dbaf2aef0ded19bb91fc529ed0,Bodrum FK,Eyüpspor,2025-01-26T13:00:00Z,soccer_turkey_super_league,Süper Lig,unibet_eu,2.5,2.02,1.72,2025-01-24T11:55:06Z,2025-01-24,2bed79dbaf2aef0ded19bb91fc529ed0_2.5
2bed79dbaf2aef0ded19bb91fc529ed0,Bodrum FK,Eyüpspor,2025-01-26T13:00:00Z,soccer_turkey_super_league,Süper Lig,bovada,2.25,1.8,2.05,2025-01-24T11:55:05Z,2025-01-24,2bed79dbaf2aef0ded19bb91fc529ed0_2.25
2bed79dbaf2aef0ded19bb91fc529ed0,Bodrum FK,Eyüpspor,2025-01-26T13:00:00Z,soccer_turkey_super_league,Süper Lig,betus,2.25,1.8,1.95,2025-01-24T11:53:55Z,2025-01-24,2bed79dbaf2aef0ded19bb91fc529ed0_2.25
2bed79dbaf2aef0ded19bb91fc529ed0,Bodrum FK,Eyüpspor,2025-01-26T13:00:00Z,soccer_turkey_super_league,Süper Lig,betonlineag,2.5,2.03,1.81,2025-01-24T11:55:05Z,2025-01-24,2bed79dbaf2aef0ded19bb91fc529ed0_2.5
2bed79dbaf2aef0ded19bb91fc529ed0,Bodrum FK,Eyüpspor,2025-01-26T13:00:00Z,soccer_turkey_super_league,Süper Lig,lowvig,2.5,2.03,1.81,2025-01-24T11:55:05Z,2025-01-24,2bed79dbaf2aef0ded19bb91fc529ed0_2.5
e47f3abbe8966778af0479f88d1c2962,Volos FC,Atromitos Athens,2025-01-24T18:00:00Z,soccer_greece_super_league,Super League Greece,nordicbet,1.75,1.78,2.05,2025-01-24T11:52:00Z,2025-01-24,e47f3abbe8966778af0479f88d1c2962_1.75
e47f3abbe8966778af0479f88d1c2962,Volos FC,Atromitos Athens,2025-01-24T18:00:00Z,soccer_greece_super_league,Super League Greece,onexbet,1.5,1.55,2.23,2025-01-24T11:54:24Z,2025-01-24,e47f3abbe8966778af0479f88d1c2962_1.5
e47f3abbe8966778af0479f88d1c2962,Volos FC,Atromitos Athens,2025-01-24T18:00:00Z,soccer_greece_super_league,Super League Greece,bovada,1.75,1.8,2.05,2025-01-24T11:54:24Z,2025-01-24,e47f3abbe8966778af0479f88d1c2962_1.75
e47f3abbe8966778af0479f88d1c2962,Volos FC,Atromitos Athens,2025-01-24T18:00:00Z,soccer_greece_super_league,Super League Greece,pinnacle,1.75,1.79,2.1,2025-01-24T11:54:24Z,2025-01-24,e47f3abbe8966778af0479f88d1c2962_1.75
e47f3abbe8966778af0479f88d1c2962,Volos FC,Atromitos Athens,2025-01-24T18:00:00Z,soccer_greece_super_league,Super League Greece,tipico_de,1.5,1.52,2.35,2025-01-24T11:54:26Z,2025-01-24,e47f3abbe8966778af0479f88d1c2962_1.5
e47f3abbe8966778af0479f88d1c2962,Volos FC,Atromitos Athens,2025-01-24T18:00:00Z,soccer_greece_super_league,Super League Greece,williamhill,2.5,2.75,1.44,2025-01-24T11:54:26Z,2025-01-24,e47f3abbe8966778af0479f88d1c2962_2.5
e47f3abbe8966778af0479f88d1c2962,Volos FC,Atromitos Athens,2025-01-24T18:00:00Z,soccer_greece_super_league,Super League Greece,unibet_eu,2.5,2.7,1.4,2025-01-24T11:54:25Z,2025-01-24,e47f3abbe8966778af0479f88d1c2962_2.5
e47f3abbe8966778af0479f88d1c2962,Volos FC,Atromitos Athens,2025-01-24T18:00:00Z,soccer_greece_super_league,Super League Greece,unibet,2.5,2.7,1.4,2025-01-24T11:54:25Z,2025-01-24,e47f3abbe8966778af0479f88d1c2962_2.5
e47f3abbe8966778af0479f88d1c2962,Volos FC,Atromitos Athens,2025-01-24T18:00:00Z,soccer_greece_super_league,Super League Greece,betus,1.75,1.8,1.95,2025-01-24T11:54:25Z,2025-01-24,e47f3abbe8966778af0479f88d1c2962_1.75
e47f3abbe8966778af0479f88d1c2962,Volos FC,Atromitos Athens,2025-01-24T18:00:00Z,soccer_greece_super_league,Super League Greece,betonlineag,1.75,1.8,2.05,2025-01-24T11:54:24Z,2025-01-24,e47f3abbe8966778af0479f88d1c2962_1.75
e47f3abbe8966778af0479f88d1c2962,Volos FC,Atromitos Athens,2025-01-24T18:00:00Z,soccer_greece_super_league,Super League Greece,lowvig,1.75,1.8,2.05,2025-01-24T11:54:24Z,2025-01-24,e47f3abbe8966778af0479f88d1c2962_1.75
23734bca5ef28a104233600ec4647f7a,Asteras Tripolis,Athens Kallithea FC,2025-01-25T15:00:00Z,soccer_greece_super_league,Super League Greece,onexbet,2.5,2.29,1.62,2025-01-24T11:54:24Z,2025-01-24,23734bca5ef28a104233600ec4647f7a_2.5
23734bca5ef28a104233600ec4647f7a,Asteras Tripolis,Athens Kallithea FC,2025-01-25T15:00:00Z,soccer_greece_super_league,Super League Greece,bovada,2.25,2.02,1.82,2025-01-24T11:54:24Z,2025-01-24,23734bca5ef28a104233600ec4647f7a_2.25
23734bca5ef28a104233600ec4647f7a,Asteras Tripolis,Athens Kallithea FC,2025-01-25T15:00:00Z,soccer_greece_super_league,Super League Greece,pinnacle,2.25,2.03,1.81,2025-01-24T11:54:24Z,2025-01-24,23734bca5ef28a104233600ec4647f7a_2.25
23734bca5ef28a104233600ec4647f7a,Asteras Tripolis,Athens Kallithea FC,2025-01-25T15:00:00Z,soccer_greece_super_league,Super League Greece,tipico_de,2.5,2.2,1.6,2025-01-24T11:54:26Z,2025-01-24,23734bca5ef28a104233600ec4647f7a_2.5
23734bca5ef28a104233600ec4647f7a,Asteras Tripolis,Athens Kallithea FC,2025-01-25T15:00:00Z,soccer_greece_super_league,Super League Greece,williamhill,2.5,2.25,1.62,2025-01-24T11:54:26Z,2025-01-24,23734bca5ef28a104233600ec4647f7a_2.5
23734bca5ef28a104233600ec4647f7a,Asteras Tripolis,Athens Kallithea FC,2025-01-25T15:00:00Z,soccer_greece_super_league,Super League Greece,unibet_eu,2.5,2.18,1.61,2025-01-24T11:54:25Z,2025-01-24,23734bca5ef28a104233600ec4647f7a_2.5
23734bca5ef28a104233600ec4647f7a,Asteras Tripolis,Athens Kallithea FC,2025-01-25T15:00:00Z,soccer_greece_super_league,Super League Greece,unibet,2.5,2.18,1.61,2025-01-24T11:54:25Z,2025-01-24,23734bca5ef28a104233600ec4647f7a_2.5
23734bca5ef28a104233600ec4647f7a,Asteras Tripolis,Athens Kallithea FC,2025-01-25T15:00:00Z,soccer_greece_super_league,Super League Greece,lowvig,2.25,1.99,1.84,2025-01-24T11:54:24Z,2025-01-24,23734bca5ef28a104233600ec4647f7a_2.25
23734bca5ef28a104233600ec4647f7a,Asteras Tripolis,Athens Kallithea FC,2025-01-25T15:00:00Z,soccer_greece_super_league,Super League Greece,betonlineag,2.25,1.99,1.84,2025-01-24T11:54:24Z,2025-01-24,23734bca5ef28a104233600ec4647f7a_2.25
d375dce59fce88262aa20d47a69b668c,OFI Crete,Panserraikos FC,2025-01-25T15:00:00Z,soccer_greece_super_league,Super League Greece,onexbet,2.5,2.02,1.79,2025-01-24T11:54:24Z,2025-01-24,d375dce59fce88262aa20d47a69b668c_2.5
d375dce59fce88262aa20d47a69b668c,OFI Crete,Panserraikos FC,2025-01-25T15:00:00Z,soccer_greece_super_league,Super League Greece,betsson,2.5,1.98,1.79,2025-01-24T11:54:25Z,2025-01-24,d375dce59fce88262aa20d47a69b668c_2.5
d375dce59fce88262aa20d47a69b668c,OFI Crete,Panserraikos FC,2025-01-25T15:00:00Z,soccer_greece_super_league,Super League Greece,nordicbet,2.5,2.0,1.81,2025-01-24T11:52:00Z,2025-01-24,d375dce59fce88262aa20d47a69b668c_2.5
d375dce59fce88262aa20d47a69b668c,OFI Crete,Panserraikos FC,2025-01-25T15:00:00Z,soccer_greece_super_league,Super League Greece,bovada,2.5,2.02,1.82,2025-01-24T11:54:24Z,2025-01-24,d375dce59fce88262aa20d47a69b668c_2.5
d375dce59fce88262aa20d47a69b668c,OFI Crete,Panserraikos FC,2025-01-25T15:00:00Z,soccer_greece_super_league,Super League Greece,tipico_de,2.5,1.95,1.75,2025-01-24T11:54:26Z,2025-01-24,d375dce59fce88262aa20d47a69b668c_2.5
d375dce59fce88262aa20d47a69b668c,OFI Crete,Panserraikos FC,2025-01-25T15:00:00Z,soccer_greece_super_league,Super League Greece,unibet_eu,2.5,1.88,1.81,2025-01-24T11:54:25Z,2025-01-24,d375dce59fce88262aa20d47a69b668c_2.5
d375dce59fce88262aa20d47a69b668c,OFI Crete,Panserraikos FC,2025-01-25T15:00:00Z,soccer_greece_super_league,Super League Greece,unibet,2.5,1.89,1.81,2025-01-24T11:54:25Z,2025-01-24,d375dce59fce88262aa20d47a69b668c_2.5
d375dce59fce88262aa20d47a69b668c,OFI Crete,Panserraikos FC,2025-01-25T15:00:00Z,soccer_greece_super_league,Super League Greece,pinnacle,2.25,1.79,2.06,2025-01-24T11:54:24Z,2025-01-24,d375dce59fce88262aa20d47a69b668c_2.25
d375dce59fce88262aa20d47a69b668c,OFI Crete,Panserraikos FC,2025-01-25T15:00:00Z,soccer_greece_super_league,Super League Greece,williamhill,2.5,2.0,1.8,2025-01-24T11:54:26Z,2025-01-24,d375dce59fce88262aa20d47a69b668c_2.5
d375dce59fce88262aa20d47a69b668c,OFI Crete,Panserraikos FC,2025-01-25T15:00:00Z,soccer_greece_super_league,Super League Greece,betus,2.25,1.79,1.96,2025-01-24T11:54:25Z,2025-01-24,d375dce59fce88262aa20d47a69b668c_2.25
d375dce59fce88262aa20d47a69b668c,OFI Crete,Panserraikos FC,2025-01-25T15:00:00Z,soccer_greece_super_league,Super League Greece,lowvig,2.5,2.04,1.81,2025-01-24T11:54:24Z,2025-01-24,d375dce59fce88262aa20d47a69b668c_2.5
d375dce59fce88262aa20d47a69b668c,OFI Crete,Panserraikos FC,2025-01-25T15:00:00Z,soccer_greece_super_league,Super League Greece,betonlineag,2.5,2.04,1.81,2025-01-24T11:54:24Z,2025-01-24,d375dce59fce88262aa20d47a69b668c_2.5
6af936833157a4bb794ffd5e9c819ecc,AEK Athens,Panetolikos Agrinio,2025-01-25T18:00:00Z,soccer_greece_super_league,Super League Greece,onexbet,2.5,1.66,2.22,2025-01-24T11:54:24Z,2025-01-24,6af936833157a4bb794ffd5e9c819ecc_2.5
6af936833157a4bb794ffd5e9c819ecc,AEK Athens,Panetolikos Agrinio,2025-01-25T18:00:00Z,soccer_greece_super_league,Super League Greece,bovada,2.75,1.82,2.02,2025-01-24T11:54:24Z,2025-01-24,6af936833157a4bb794ffd5e9c819ecc_2.75
6af936833157a4bb794ffd5e9c819ecc,AEK Athens,Panetolikos Agrinio,2025-01-25T18:00:00Z,soccer_greece_super_league,Super League Greece,tipico_de,2.5,1.55,2.25,2025-01-24T11:54:26Z,2025-01-24,6af936833157a4bb794ffd5e9c819ecc_2.5
6af936833157a4bb794ffd5e9c819ecc,AEK Athens,Panetolikos Agrinio,2025-01-25T18:00:00Z,soccer_greece_super_league,Super League Greece,pinnacle,2.75,1.83,2.0,2025-01-24T11:54:24Z,2025-01-24,6af936833157a4bb794ffd5e9c819ecc_2.75
6af936833157a4bb794ffd5e9c819ecc,AEK Athens,Panetolikos Agrinio,2025-01-25T18:00:00Z,soccer_greece_super_league,Super League Greece,unibet_eu,2.5,1.64,2.12,2025-01-24T11:54:25Z,2025-01-24,6af936833157a4bb794ffd5e9c819ecc_2.5
6af936833157a4bb794ffd5e9c819ecc,AEK Athens,Panetolikos Agrinio,2025-01-25T18:00:00Z,soccer_greece_super_league,Super League Greece,unibet,2.5,1.64,2.12,2025-01-24T11:54:25Z,2025-01-24,6af936833157a4bb794ffd5e9c819ecc_2.5
6af936833157a4bb794ffd5e9c819ecc,AEK Athens,Panetolikos Agrinio,2025-01-25T18:00:00Z,soccer_greece_super_league,Super League Greece,williamhill,2.5,1.62,2.25,2025-01-24T11:54:26Z,2025-01-24,6af936833157a4bb794ffd5e9c819ecc_2.5
6af936833157a4bb794ffd5e9c819ecc,AEK Athens,Panetolikos Agrinio,2025-01-25T18:00:00Z,soccer_greece_super_league,Super League Greece,betus,2.75,1.83,1.91,2025-01-24T11:54:25Z,2025-01-24,6af936833157a4bb794ffd5e9c819ecc_2.75
6af936833157a4bb794ffd5e9c819ecc,AEK Athens,Panetolikos Agrinio,2025-01-25T18:00:00Z,soccer_greece_super_league,Super League Greece,lowvig,2.75,1.85,1.98,2025-01-24T11:54:24Z,2025-01-24,6af936833157a4bb794ffd5e9c819ecc_2.75
6af936833157a4bb794ffd5e9c819ecc,AEK Athens,Panetolikos Agrinio,2025-01-25T18:00:00Z,soccer_greece_super_league,Super League Greece,betonlineag,2.75,1.85,1.98,2025-01-24T11:54:24Z,2025-01-24,6af936833157a4bb794ffd5e9c819ecc_2.75
5460b5413e5a3f5ae14062c1ff10cd1d,Grasshopper Zürich,BSC Young Boys,2025-01-25T17:00:00Z,soccer_switzerland_superleague,Super League Switzerland,pinnacle,2.75,1.97,1.86,2025-01-24T11:54:39Z,2025-01-24,5460b5413e5a3f5ae14062c1ff10cd1d_2.75
5460b5413e5a3f5ae14062c1ff10cd1d,Grasshopper Zürich,BSC Young Boys,2025-01-25T17:00:00Z,soccer_switzerland_superleague,Super League Switzerland,onexbet,2.5,1.77,2.05,2025-01-24T11:54:39Z,2025-01-24,5460b5413e5a3f5ae14062c1ff10cd1d_2.5
5460b5413e5a3f5ae14062c1ff10cd1d,Grasshopper Zürich,BSC Young Boys,2025-01-25T17:00:00Z,soccer_switzerland_superleague,Super League Switzerland,bovada,2.75,1.95,1.87,2025-01-24T11:54:38Z,2025-01-24,5460b5413e5a3f5ae14062c1ff10cd1d_2.75
5460b5413e5a3f5ae14062c1ff10cd1d,Grasshopper Zürich,BSC Young Boys,2025-01-25T17:00:00Z,soccer_switzerland_superleague,Super League Switzerland,nordicbet,2.5,1.75,2.05,2025-01-24T11:53:32Z,2025-01-24,5460b5413e5a3f5ae14062c1ff10cd1d_2.5
5460b5413e5a3f5ae14062c1ff10cd1d,Grasshopper Zürich,BSC Young Boys,2025-01-25T17:00:00Z,soccer_switzerland_superleague,Super League Switzerland,betsson,2.5,1.75,2.05,2025-01-24T11:54:40Z,2025-01-24,5460b5413e5a3f5ae14062c1ff10cd1d_2.5
5460b5413e5a3f5ae14062c1ff10cd1d,Grasshopper Zürich,BSC Young Boys,2025-01-25T17:00:00Z,soccer_switzerland_superleague,Super League Switzerland,tipico_de,2.5,1.75,2.05,2025-01-24T11:54:41Z,2025-01-24,5460b5413e5a3f5ae14062c1ff10cd1d_2.5
5460b5413e5a3f5ae14062c1ff10cd1d,Grasshopper Zürich,BSC Young Boys,2025-01-25T17:00:00Z,soccer_switzerland_superleague,Super League Switzerland,unibet,2.5,1.73,2.02,2025-01-24T11:54:39Z,2025-01-24,5460b5413e5a3f5ae14062c1ff10cd1d_2.5
5460b5413e5a3f5ae14062c1ff10cd1d,Grasshopper Zürich,BSC Young Boys,2025-01-25T17:00:00Z,soccer_switzerland_superleague,Super League Switzerland,betrivers,2.5,1.73,2.02,2025-01-24T11:54:39Z,2025-01-24,5460b5413e5a3f5ae14062c1ff10cd1d_2.5
5460b5413e5a3f5ae14062c1ff10cd1d,Grasshopper Zürich,BSC Young Boys,2025-01-25T17:00:00Z,soccer_switzerland_superleague,Super League Switzerland,unibet_eu,2.5,1.73,2.02,2025-01-24T11:54:39Z,2025-01-24,5460b5413e5a3f5ae14062c1ff10cd1d_2.5
5460b5413e5a3f5ae14062c1ff10cd1d,Grasshopper Zürich,BSC Young Boys,2025-01-25T17:00:00Z,soccer_switzerland_superleague,Super League Switzerland,williamhill,2.5,1.73,2.05,2025-01-24T11:52:14Z,2025-01-24,5460b5413e5a3f5ae14062c1ff10cd1d_2.5
5460b5413e5a3f5ae14062c1ff10cd1d,Grasshopper Zürich,BSC Young Boys,2025-01-25T17:00:00Z,soccer_switzerland_superleague,Super League Switzerland,playup,2.5,1.7,2.02,2025-01-24T11:54:40Z,2025-01-24,5460b5413e5a3f5ae14062c1ff10cd1d_2.5
5460b5413e5a3f5ae14062c1ff10cd1d,Grasshopper Zürich,BSC Young Boys,2025-01-25T17:00:00Z,soccer_switzerland_superleague,Super League Switzerland,betus,2.75,1.88,1.86,2025-01-24T11:53:31Z,2025-01-24,5460b5413e5a3f5ae14062c1ff10cd1d_2.75
5460b5413e5a3f5ae14062c1ff10cd1d,Grasshopper Zürich,BSC Young Boys,2025-01-25T17:00:00Z,soccer_switzerland_superleague,Super League Switzerland,betonlineag,2.75,1.97,1.85,2025-01-24T11:54:39Z,2025-01-24,5460b5413e5a3f5ae14062c1ff10cd1d_2.75
5460b5413e5a3f5ae14062c1ff10cd1d,Grasshopper Zürich,BSC Young Boys,2025-01-25T17:00:00Z,soccer_switzerland_superleague,Super League Switzerland,lowvig,2.75,1.97,1.85,2025-01-24T11:54:39Z,2025-01-24,5460b5413e5a3f5ae14062c1ff10cd1d_2.75
5460b5413e5a3f5ae14062c1ff10cd1d,Grasshopper Zürich,BSC Young Boys,2025-01-25T17:00:00Z,soccer_switzerland_superleague,Super League Switzerland,betanysports,2.75,1.97,1.85,2025-01-24T11:54:40Z,2025-01-24,5460b5413e5a3f5ae14062c1ff10cd1d_2.75
2ace7e4fbff13327364c2d3642890a14,Yverdon Sport FC,Servette,2025-01-25T17:00:00Z,soccer_switzerland_superleague,Super League Switzerland,onexbet,2.5,1.63,2.27,2025-01-24T11:54:39Z,2025-01-24,2ace7e4fbff13327364c2d3642890a14_2.5
2ace7e4fbff13327364c2d3642890a14,Yverdon Sport FC,Servette,2025-01-25T17:00:00Z,soccer_switzerland_superleague,Super League Switzerland,betsson,2.5,1.6,2.25,2025-01-24T11:54:40Z,2025-01-24,2ace7e4fbff13327364c2d3642890a14_2.5
2ace7e4fbff13327364c2d3642890a14,Yverdon Sport FC,Servette,2025-01-25T17:00:00Z,soccer_switzerland_superleague,Super League Switzerland,nordicbet,2.5,1.6,2.25,2025-01-24T11:53:32Z,2025-01-24,2ace7e4fbff13327364c2d3642890a14_2.5
2ace7e4fbff13327364c2d3642890a14,Yverdon Sport FC,Servette,2025-01-25T17:00:00Z,soccer_switzerland_superleague,Super League Switzerland,pinnacle,3.0,2.03,1.82,2025-01-24T11:54:39Z,2025-01-24,2ace7e4fbff13327364c2d3642890a14_3.0
2ace7e4fbff13327364c2d3642890a14,Yverdon Sport FC,Servette,2025-01-25T17:00:00Z,soccer_switzerland_superleague,Super League Switzerland,tipico_de,2.5,1.6,2.25,2025-01-24T11:54:41Z,2025-01-24,2ace7e4fbff13327364c2d3642890a14_2.5
2ace7e4fbff13327364c2d3642890a14,Yverdon Sport FC,Servette,2025-01-25T17:00:00Z,soccer_switzerland_superleague,Super League Switzerland,bovada,3.0,2.02,1.82,2025-01-24T11:54:38Z,2025-01-24,2ace7e4fbff13327364c2d3642890a14_3.0
2ace7e4fbff13327364c2d3642890a14,Yverdon Sport FC,Servette,2025-01-25T17:00:00Z,soccer_switzerland_superleague,Super League Switzerland,unibet,2.5,1.51,2.43,2025-01-24T11:54:39Z,2025-01-24,2ace7e4fbff13327364c2d3642890a14_2.5
2ace7e4fbff13327364c2d3642890a14,Yverdon Sport FC,Servette,2025-01-25T17:00:00Z,soccer_switzerland_superleague,Super League Switzerland,betrivers,3.5,2.38,1.54,2025-01-24T11:54:39Z,2025-01-24,2ace7e4fbff13327364c2d3642890a14_3.5
2ace7e4fbff13327364c2d3642890a14,Yverdon Sport FC,Servette,2025-01-25T17:00:00Z,soccer_switzerland_superleague,Super League Switzerland,unibet_eu,2.5,1.51,2.43,2025-01-24T11:54:39Z,2025-01-24,2ace7e4fbff13327364c2d3642890a14_2.5
2ace7e4fbff13327364c2d3642890a14,Yverdon Sport FC,Servette,2025-01-25T17:00:00Z,soccer_switzerland_superleague,Super League Switzerland,williamhill,2.5,1.62,2.25,2025-01-24T11:52:14Z,2025-01-24,2ace7e4fbff13327364c2d3642890a14_2.5
2ace7e4fbff13327364c2d3642890a14,Yverdon Sport FC,Servette,2025-01-25T17:00:00Z,soccer_switzerland_superleague,Super League Switzerland,playup,2.5,1.58,2.25,2025-01-24T11:54:40Z,2025-01-24,2ace7e4fbff13327364c2d3642890a14_2.5
2ace7e4fbff13327364c2d3642890a14,Yverdon Sport FC,Servette,2025-01-25T17:00:00Z,soccer_switzerland_superleague,Super League Switzerland,betonlineag,2.75,1.82,2.02,2025-01-24T11:54:39Z,2025-01-24,2ace7e4fbff13327364c2d3642890a14_2.75
2ace7e4fbff13327364c2d3642890a14,Yverdon Sport FC,Servette,2025-01-25T17:00:00Z,soccer_switzerland_superleague,Super League Switzerland,lowvig,2.75,1.82,2.02,2025-01-24T11:54:39Z,2025-01-24,2ace7e4fbff13327364c2d3642890a14_2.75
2ace7e4fbff13327364c2d3642890a14,Yverdon Sport FC,Servette,2025-01-25T17:00:00Z,soccer_switzerland_superleague,Super League Switzerland,betanysports,2.75,1.82,2.02,2025-01-24T11:54:40Z,2025-01-24,2ace7e4fbff13327364c2d3642890a14_2.75
2ace7e4fbff13327364c2d3642890a14,Yverdon Sport FC,Servette,2025-01-25T17:00:00Z,soccer_switzerland_superleague,Super League Switzerland,betus,3.0,1.93,1.82,2025-01-24T11:53:31Z,2025-01-24,2ace7e4fbff13327364c2d3642890a14_3.0
2a05b1f116f9d28d717df9989a07b26e,FC Winterthur,FC Lugano,2025-01-25T19:30:00Z,soccer_switzerland_superleague,Super League Switzerland,pinnacle,2.75,1.82,2.02,2025-01-24T11:54:39Z,2025-01-24,2a05b1f116f9d28d717df9989a07b26e_2.75
2a05b1f116f9d28d717df9989a07b26e,FC Winterthur,FC Lugano,2025-01-25T19:30:00Z,soccer_switzerland_superleague,Super League Switzerland,onexbet,2.5,1.65,2.23,2025-01-24T11:54:39Z,2025-01-24,2a05b1f116f9d28d717df9989a07b26e_2.5
2a05b1f116f9d28d717df9989a07b26e,FC Winterthur,FC Lugano,2025-01-25T19:30:00Z,soccer_switzerland_superleague,Super League Switzerland,tipico_de,2.5,1.62,2.25,2025-01-24T11:54:41Z,2025-01-24,2a05b1f116f9d28d717df9989a07b26e_2.5
2a05b1f116f9d28d717df9989a07b26e,FC Winterthur,FC Lugano,2025-01-25T19:30:00Z,soccer_switzerland_superleague,Super League Switzerland,unibet,2.5,1.6,2.25,2025-01-24T11:54:39Z,2025-01-24,2a05b1f116f9d28d717df9989a07b26e_2.5
2a05b1f116f9d28d717df9989a07b26e,FC Winterthur,FC Lugano,2025-01-25T19:30:00Z,soccer_switzerland_superleague,Super League Switzerland,betrivers,2.5,1.6,2.25,2025-01-24T11:54:39Z,2025-01-24,2a05b1f116f9d28d717df9989a07b26e_2.5
2a05b1f116f9d28d717df9989a07b26e,FC Winterthur,FC Lugano,2025-01-25T19:30:00Z,soccer_switzerland_superleague,Super League Switzerland,unibet_eu,2.5,1.6,2.25,2025-01-24T11:54:39Z,2025-01-24,2a05b1f116f9d28d717df9989a07b26e_2.5
2a05b1f116f9d28d717df9989a07b26e,FC Winterthur,FC Lugano,2025-01-25T19:30:00Z,soccer_switzerland_superleague,Super League Switzerland,bovada,3.0,2.02,1.82,2025-01-24T11:54:38Z,2025-01-24,2a05b1f116f9d28d717df9989a07b26e_3.0
2a05b1f116f9d28d717df9989a07b26e,FC Winterthur,FC Lugano,2025-01-25T19:30:00Z,soccer_switzerland_superleague,Super League Switzerland,nordicbet,2.5,1.63,2.2,2025-01-24T11:53:32Z,2025-01-24,2a05b1f116f9d28d717df9989a07b26e_2.5
2a05b1f116f9d28d717df9989a07b26e,FC Winterthur,FC Lugano,2025-01-25T19:30:00Z,soccer_switzerland_superleague,Super League Switzerland,betsson,2.5,1.63,2.2,2025-01-24T11:54:40Z,2025-01-24,2a05b1f116f9d28d717df9989a07b26e_2.5
2a05b1f116f9d28d717df9989a07b26e,FC Winterthur,FC Lugano,2025-01-25T19:30:00Z,soccer_switzerland_superleague,Super League Switzerland,williamhill,2.5,1.67,2.2,2025-01-24T11:52:14Z,2025-01-24,2a05b1f116f9d28d717df9989a07b26e_2.5
2a05b1f116f9d28d717df9989a07b26e,FC Winterthur,FC Lugano,2025-01-25T19:30:00Z,soccer_switzerland_superleague,Super League Switzerland,playup,2.5,1.63,2.15,2025-01-24T11:54:40Z,2025-01-24,2a05b1f116f9d28d717df9989a07b26e_2.5
2a05b1f116f9d28d717df9989a07b26e,FC Winterthur,FC Lugano,2025-01-25T19:30:00Z,soccer_switzerland_superleague,Super League Switzerland,betus,2.75,1.82,1.93,2025-01-24T11:53:31Z,2025-01-24,2a05b1f116f9d28d717df9989a07b26e_2.75
2a05b1f116f9d28d717df9989a07b26e,FC Winterthur,FC Lugano,2025-01-25T19:30:00Z,soccer_switzerland_superleague,Super League Switzerland,betonlineag,2.75,1.85,1.97,2025-01-24T11:54:39Z,2025-01-24,2a05b1f116f9d28d717df9989a07b26e_2.75
2a05b1f116f9d28d717df9989a07b26e,FC Winterthur,FC Lugano,2025-01-25T19:30:00Z,soccer_switzerland_superleague,Super League Switzerland,lowvig,2.75,1.85,1.97,2025-01-24T11:54:39Z,2025-01-24,2a05b1f116f9d28d717df9989a07b26e_2.75
2a05b1f116f9d28d717df9989a07b26e,FC Winterthur,FC Lugano,2025-01-25T19:30:00Z,soccer_switzerland_superleague,Super League Switzerland,betanysports,2.75,1.85,1.97,2025-01-24T11:54:40Z,2025-01-24,2a05b1f116f9d28d717df9989a07b26e_2.75
9f4b185fadc1517e29902f9449129e07,FC St Gallen,FC Lausanne-Sport,2025-01-26T13:15:00Z,soccer_switzerland_superleague,Super League Switzerland,pinnacle,3.0,1.95,1.87,2025-01-24T11:54:39Z,2025-01-24,9f4b185fadc1517e29902f9449129e07_3.0
9f4b185fadc1517e29902f9449129e07,FC St Gallen,FC Lausanne-Sport,2025-01-26T13:15:00Z,soccer_switzerland_superleague,Super League Switzerland,onexbet,2.5,1.61,2.31,2025-01-24T11:54:39Z,2025-01-24,9f4b185fadc1517e29902f9449129e07_2.5
9f4b185fadc1517e29902f9449129e07,FC St Gallen,FC Lausanne-Sport,2025-01-26T13:15:00Z,soccer_switzerland_superleague,Super League Switzerland,tipico_de,2.5,1.57,2.35,2025-01-24T11:54:41Z,2025-01-24,9f4b185fadc1517e29902f9449129e07_2.5
9f4b185fadc1517e29902f9449129e07,FC St Gallen,FC Lausanne-Sport,2025-01-26T13:15:00Z,soccer_switzerland_superleague,Super League Switzerland,unibet,2.5,1.57,2.28,2025-01-24T11:54:39Z,2025-01-24,9f4b185fadc1517e29902f9449129e07_2.5
9f4b185fadc1517e29902f9449129e07,FC St Gallen,FC Lausanne-Sport,2025-01-26T13:15:00Z,soccer_switzerland_superleague,Super League Switzerland,betrivers,2.5,1.57,2.28,2025-01-24T11:54:39Z,2025-01-24,9f4b185fadc1517e29902f9449129e07_2.5
9f4b185fadc1517e29902f9449129e07,FC St Gallen,FC Lausanne-Sport,2025-01-26T13:15:00Z,soccer_switzerland_superleague,Super League Switzerland,unibet_eu,2.5,1.57,2.28,2025-01-24T11:54:39Z,2025-01-24,9f4b185fadc1517e29902f9449129e07_2.5
9f4b185fadc1517e29902f9449129e07,FC St Gallen,FC Lausanne-Sport,2025-01-26T13:15:00Z,soccer_switzerland_superleague,Super League Switzerland,bovada,3.0,1.95,1.87,2025-01-24T11:54:38Z,2025-01-24,9f4b185fadc1517e29902f9449129e07_3.0
9f4b185fadc1517e29902f9449129e07,FC St Gallen,FC Lausanne-Sport,2025-01-26T13:15:00Z,soccer_switzerland_superleague,Super League Switzerland,nordicbet,2.5,1.57,2.35,2025-01-24T11:53:32Z,2025-01-24,9f4b185fadc1517e29902f9449129e07_2.5
9f4b185fadc1517e29902f9449129e07,FC St Gallen,FC Lausanne-Sport,2025-01-26T13:15:00Z,soccer_switzerland_superleague,Super League Switzerland,betsson,2.5,1.57,2.35,2025-01-24T11:54:40Z,2025-01-24,9f4b185fadc1517e29902f9449129e07_2.5
9f4b185fadc1517e29902f9449129e07,FC St Gallen,FC Lausanne-Sport,2025-01-26T13:15:00Z,soccer_switzerland_superleague,Super League Switzerland,williamhill,2.5,1.6,2.3,2025-01-24T11:52:14Z,2025-01-24,9f4b185fadc1517e29902f9449129e07_2.5
9f4b185fadc1517e29902f9449129e07,FC St Gallen,FC Lausanne-Sport,2025-01-26T13:15:00Z,soccer_switzerland_superleague,Super League Switzerland,playup,2.5,1.55,2.3,2025-01-24T11:54:40Z,2025-01-24,9f4b185fadc1517e29902f9449129e07_2.5
9f4b185fadc1517e29902f9449129e07,FC St Gallen,FC Lausanne-Sport,2025-01-26T13:15:00Z,soccer_switzerland_superleague,Super League Switzerland,betus,3.0,1.87,1.87,2025-01-24T11:53:31Z,2025-01-24,9f4b185fadc1517e29902f9449129e07_3.0
9f4b185fadc1517e29902f9449129e07,FC St Gallen,FC Lausanne-Sport,2025-01-26T13:15:00Z,soccer_switzerland_superleague,Super League Switzerland,lowvig,3.0,1.97,1.85,2025-01-24T11:54:39Z,2025-01-24,9f4b185fadc1517e29902f9449129e07_3.0
9f4b185fadc1517e29902f9449129e07,FC St Gallen,FC Lausanne-Sport,2025-01-26T13:15:00Z,soccer_switzerland_superleague,Super League Switzerland,betonlineag,3.0,1.97,1.85,2025-01-24T11:54:39Z,2025-01-24,9f4b185fadc1517e29902f9449129e07_3.0
9f4b185fadc1517e29902f9449129e07,FC St Gallen,FC Lausanne-Sport,2025-01-26T13:15:00Z,soccer_switzerland_superleague,Super League Switzerland,betanysports,3.0,1.97,1.85,2025-01-24T11:54:40Z,2025-01-24,9f4b185fadc1517e29902f9449129e07_3.0
d40ddc9cd932dd2c43f1e6000817c17f,Aberdeen,St Mirren,2025-01-25T15:00:00Z,soccer_spl,Scottish Premiership,onexbet,2.5,1.98,1.82,2025-01-24T11:55:15Z,2025-01-24,d40ddc9cd932dd2c43f1e6000817c17f_2.5
d40ddc9cd932dd2c43f1e6000817c17f,Aberdeen,St Mirren,2025-01-25T15:00:00Z,soccer_spl,Scottish Premiership,betsson,2.5,2.0,1.8,2025-01-24T11:55:17Z,2025-01-24,d40ddc9cd932dd2c43f1e6000817c17f_2.5
d40ddc9cd932dd2c43f1e6000817c17f,Aberdeen,St Mirren,2025-01-25T15:00:00Z,soccer_spl,Scottish Premiership,nordicbet,2.5,2.0,1.8,2025-01-24T11:55:16Z,2025-01-24,d40ddc9cd932dd2c43f1e6000817c17f_2.5
d40ddc9cd932dd2c43f1e6000817c17f,Aberdeen,St Mirren,2025-01-25T15:00:00Z,soccer_spl,Scottish Premiership,bovada,2.5,1.98,1.78,2025-01-24T11:55:15Z,2025-01-24,d40ddc9cd932dd2c43f1e6000817c17f_2.5
d40ddc9cd932dd2c43f1e6000817c17f,Aberdeen,St Mirren,2025-01-25T15:00:00Z,soccer_spl,Scottish Premiership,tipico_de,2.5,1.9,1.8,2025-01-24T11:55:18Z,2025-01-24,d40ddc9cd932dd2c43f1e6000817c17f_2.5
d40ddc9cd932dd2c43f1e6000817c17f,Aberdeen,St Mirren,2025-01-25T15:00:00Z,soccer_spl,Scottish Premiership,pinnacle,2.5,2.01,1.85,2025-01-24T11:55:15Z,2025-01-24,d40ddc9cd932dd2c43f1e6000817c17f_2.5
d40ddc9cd932dd2c43f1e6000817c17f,Aberdeen,St Mirren,2025-01-25T15:00:00Z,soccer_spl,Scottish Premiership,playup,2.5,1.95,1.8,2025-01-24T11:55:15Z,2025-01-24,d40ddc9cd932dd2c43f1e6000817c17f_2.5
d40ddc9cd932dd2c43f1e6000817c17f,Aberdeen,St Mirren,2025-01-25T15:00:00Z,soccer_spl,Scottish Premiership,williamhill,2.5,2.05,1.8,2025-01-24T11:54:02Z,2025-01-24,d40ddc9cd932dd2c43f1e6000817c17f_2.5
d40ddc9cd932dd2c43f1e6000817c17f,Aberdeen,St Mirren,2025-01-25T15:00:00Z,soccer_spl,Scottish Premiership,unibet_eu,2.5,1.89,1.83,2025-01-24T11:55:16Z,2025-01-24,d40ddc9cd932dd2c43f1e6000817c17f_2.5
d40ddc9cd932dd2c43f1e6000817c17f,Aberdeen,St Mirren,2025-01-25T15:00:00Z,soccer_spl,Scottish Premiership,unibet,2.5,1.89,1.83,2025-01-24T11:55:15Z,2025-01-24,d40ddc9cd932dd2c43f1e6000817c17f_2.5
d40ddc9cd932dd2c43f1e6000817c17f,Aberdeen,St Mirren,2025-01-25T15:00:00Z,soccer_spl,Scottish Premiership,betrivers,2.5,1.89,1.83,2025-01-24T11:55:15Z,2025-01-24,d40ddc9cd932dd2c43f1e6000817c17f_2.5
d40ddc9cd932dd2c43f1e6000817c17f,Aberdeen,St Mirren,2025-01-25T15:00:00Z,soccer_spl,Scottish Premiership,betus,2.5,1.88,1.85,2025-01-24T11:55:16Z,2025-01-24,d40ddc9cd932dd2c43f1e6000817c17f_2.5
d40ddc9cd932dd2c43f1e6000817c17f,Aberdeen,St Mirren,2025-01-25T15:00:00Z,soccer_spl,Scottish Premiership,betonlineag,2.5,2.02,1.82,2025-01-24T11:55:15Z,2025-01-24,d40ddc9cd932dd2c43f1e6000817c17f_2.5
d40ddc9cd932dd2c43f1e6000817c17f,Aberdeen,St Mirren,2025-01-25T15:00:00Z,soccer_spl,Scottish Premiership,lowvig,2.5,2.02,1.82,2025-01-24T11:55:15Z,2025-01-24,d40ddc9cd932dd2c43f1e6000817c17f_2.5
d40ddc9cd932dd2c43f1e6000817c17f,Aberdeen,St Mirren,2025-01-25T15:00:00Z,soccer_spl,Scottish Premiership,matchbook,2.5,2.06,1.86,2025-01-24T11:55:15Z,2025-01-24,d40ddc9cd932dd2c43f1e6000817c17f_2.5
38afd91d6a9ed92ea1a00275b85c8214,Celtic,Dundee FC,2025-01-25T15:00:00Z,soccer_spl,Scottish Premiership,pinnacle,4.0,1.95,1.88,2025-01-24T11:55:15Z,2025-01-24,38afd91d6a9ed92ea1a00275b85c8214_4.0
38afd91d6a9ed92ea1a00275b85c8214,Celtic,Dundee FC,2025-01-25T15:00:00Z,soccer_spl,Scottish Premiership,playup,3.5,1.6,2.25,2025-01-24T11:55:15Z,2025-01-24,38afd91d6a9ed92ea1a00275b85c8214_3.5
38afd91d6a9ed92ea1a00275b85c8214,Celtic,Dundee FC,2025-01-25T15:00:00Z,soccer_spl,Scottish Premiership,onexbet,3.5,1.59,2.15,2025-01-24T11:55:15Z,2025-01-24,38afd91d6a9ed92ea1a00275b85c8214_3.5
38afd91d6a9ed92ea1a00275b85c8214,Celtic,Dundee FC,2025-01-25T15:00:00Z,soccer_spl,Scottish Premiership,tipico_de,4.5,2.25,1.55,2025-01-24T11:55:18Z,2025-01-24,38afd91d6a9ed92ea1a00275b85c8214_4.5
38afd91d6a9ed92ea1a00275b85c8214,Celtic,Dundee FC,2025-01-25T15:00:00Z,soccer_spl,Scottish Premiership,betsson,3.5,1.62,2.25,2025-01-24T11:55:17Z,2025-01-24,38afd91d6a9ed92ea1a00275b85c8214_3.5
38afd91d6a9ed92ea1a00275b85c8214,Celtic,Dundee FC,2025-01-25T15:00:00Z,soccer_spl,Scottish Premiership,nordicbet,3.5,1.62,2.25,2025-01-24T11:55:16Z,2025-01-24,38afd91d6a9ed92ea1a00275b85c8214_3.5
38afd91d6a9ed92ea1a00275b85c8214,Celtic,Dundee FC,2025-01-25T15:00:00Z,soccer_spl,Scottish Premiership,bovada,4.0,1.93,1.82,2025-01-24T11:55:15Z,2025-01-24,38afd91d6a9ed92ea1a00275b85c8214_4.0
38afd91d6a9ed92ea1a00275b85c8214,Celtic,Dundee FC,2025-01-25T15:00:00Z,soccer_spl,Scottish Premiership,betmgm,3.5,1.62,2.1,2025-01-24T11:55:15Z,2025-01-24,38afd91d6a9ed92ea1a00275b85c8214_3.5
38afd91d6a9ed92ea1a00275b85c8214,Celtic,Dundee FC,2025-01-25T15:00:00Z,soccer_spl,Scottish Premiership,williamhill,2.5,1.25,4.0,2025-01-24T11:54:02Z,2025-01-24,38afd91d6a9ed92ea1a00275b85c8214_2.5
38afd91d6a9ed92ea1a00275b85c8214,Celtic,Dundee FC,2025-01-25T15:00:00Z,soccer_spl,Scottish Premiership,unibet_eu,3.5,1.56,2.3,2025-01-24T11:55:16Z,2025-01-24,38afd91d6a9ed92ea1a00275b85c8214_3.5
38afd91d6a9ed92ea1a00275b85c8214,Celtic,Dundee FC,2025-01-25T15:00:00Z,soccer_spl,Scottish Premiership,unibet,3.5,1.56,2.3,2025-01-24T11:55:15Z,2025-01-24,38afd91d6a9ed92ea1a00275b85c8214_3.5
38afd91d6a9ed92ea1a00275b85c8214,Celtic,Dundee FC,2025-01-25T15:00:00Z,soccer_spl,Scottish Premiership,betrivers,3.5,1.56,2.3,2025-01-24T11:55:15Z,2025-01-24,38afd91d6a9ed92ea1a00275b85c8214_3.5
38afd91d6a9ed92ea1a00275b85c8214,Celtic,Dundee FC,2025-01-25T15:00:00Z,soccer_spl,Scottish Premiership,betus,4.0,1.87,1.88,2025-01-24T11:55:16Z,2025-01-24,38afd91d6a9ed92ea1a00275b85c8214_4.0
38afd91d6a9ed92ea1a00275b85c8214,Celtic,Dundee FC,2025-01-25T15:00:00Z,soccer_spl,Scottish Premiership,betonlineag,3.75,1.8,2.05,2025-01-24T11:55:15Z,2025-01-24,38afd91d6a9ed92ea1a00275b85c8214_3.75
38afd91d6a9ed92ea1a00275b85c8214,Celtic,Dundee FC,2025-01-25T15:00:00Z,soccer_spl,Scottish Premiership,lowvig,3.75,1.8,2.05,2025-01-24T11:55:15Z,2025-01-24,38afd91d6a9ed92ea1a00275b85c8214_3.75
38afd91d6a9ed92ea1a00275b85c8214,Celtic,Dundee FC,2025-01-25T15:00:00Z,soccer_spl,Scottish Premiership,matchbook,3.5,1.6,2.38,2025-01-24T11:55:15Z,2025-01-24,38afd91d6a9ed92ea1a00275b85c8214_3.5
8b331cbfc016d56c079ce9c74b025a93,Hearts,Kilmarnock,2025-01-25T15:00:00Z,soccer_spl,Scottish Premiership,onexbet,2.5,1.97,1.83,2025-01-24T11:55:15Z,2025-01-24,8b331cbfc016d56c079ce9c74b025a93_2.5
8b331cbfc016d56c079ce9c74b025a93,Hearts,Kilmarnock,2025-01-25T15:00:00Z,soccer_spl,Scottish Premiership,betsson,2.5,2.0,1.8,2025-01-24T11:55:17Z,2025-01-24,8b331cbfc016d56c079ce9c74b025a93_2.5
8b331cbfc016d56c079ce9c74b025a93,Hearts,Kilmarnock,2025-01-25T15:00:00Z,soccer_spl,Scottish Premiership,nordicbet,2.5,2.0,1.8,2025-01-24T11:55:16Z,2025-01-24,8b331cbfc016d56c079ce9c74b025a93_2.5
8b331cbfc016d56c079ce9c74b025a93,Hearts,Kilmarnock,2025-01-25T15:00:00Z,soccer_spl,Scottish Premiership,bovada,2.5,1.98,1.78,2025-01-24T11:55:15Z,2025-01-24,8b331cbfc016d56c079ce9c74b025a93_2.5
8b331cbfc016d56c079ce9c74b025a93,Hearts,Kilmarnock,2025-01-25T15:00:00Z,soccer_spl,Scottish Premiership,tipico_de,2.5,1.9,1.8,2025-01-24T11:55:18Z,2025-01-24,8b331cbfc016d56c079ce9c74b025a93_2.5
8b331cbfc016d56c079ce9c74b025a93,Hearts,Kilmarnock,2025-01-25T15:00:00Z,soccer_spl,Scottish Premiership,pinnacle,2.5,2.0,1.85,2025-01-24T11:55:15Z,2025-01-24,8b331cbfc016d56c079ce9c74b025a93_2.5
8b331cbfc016d56c079ce9c74b025a93,Hearts,Kilmarnock,2025-01-25T15:00:00Z,soccer_spl,Scottish Premiership,playup,2.5,1.95,1.8,2025-01-24T11:55:15Z,2025-01-24,8b331cbfc016d56c079ce9c74b025a93_2.5
8b331cbfc016d56c079ce9c74b025a93,Hearts,Kilmarnock,2025-01-25T15:00:00Z,soccer_spl,Scottish Premiership,williamhill,2.5,2.0,1.83,2025-01-24T11:54:02Z,2025-01-24,8b331cbfc016d56c079ce9c74b025a93_2.5
8b331cbfc016d56c079ce9c74b025a93,Hearts,Kilmarnock,2025-01-25T15:00:00Z,soccer_spl,Scottish Premiership,unibet_eu,2.5,1.93,1.82,2025-01-24T11:55:16Z,2025-01-24,8b331cbfc016d56c079ce9c74b025a93_2.5
8b331cbfc016d56c079ce9c74b025a93,Hearts,Kilmarnock,2025-01-25T15:00:00Z,soccer_spl,Scottish Premiership,unibet,2.5,1.93,1.82,2025-01-24T11:55:15Z,2025-01-24,8b331cbfc016d56c079ce9c74b025a93_2.5
8b331cbfc016d56c079ce9c74b025a93,Hearts,Kilmarnock,2025-01-25T15:00:00Z,soccer_spl,Scottish Premiership,betrivers,2.5,1.93,1.82,2025-01-24T11:55:15Z,2025-01-24,8b331cbfc016d56c079ce9c74b025a93_2.5
8b331cbfc016d56c079ce9c74b025a93,Hearts,Kilmarnock,2025-01-25T15:00:00Z,soccer_spl,Scottish Premiership,betus,2.5,1.88,1.85,2025-01-24T11:55:16Z,2025-01-24,8b331cbfc016d56c079ce9c74b025a93_2.5
8b331cbfc016d56c079ce9c74b025a93,Hearts,Kilmarnock,2025-01-25T15:00:00Z,soccer_spl,Scottish Premiership,betonlineag,2.5,2.02,1.82,2025-01-24T11:55:15Z,2025-01-24,8b331cbfc016d56c079ce9c74b025a93_2.5
8b331cbfc016d56c079ce9c74b025a93,Hearts,Kilmarnock,2025-01-25T15:00:00Z,soccer_spl,Scottish Premiership,lowvig,2.5,2.02,1.82,2025-01-24T11:55:15Z,2025-01-24,8b331cbfc016d56c079ce9c74b025a93_2.5
8b331cbfc016d56c079ce9c74b025a93,Hearts,Kilmarnock,2025-01-25T15:00:00Z,soccer_spl,Scottish Premiership,matchbook,2.5,2.02,1.87,2025-01-24T11:55:15Z,2025-01-24,8b331cbfc016d56c079ce9c74b025a93_2.5
ece28c063d52431a4c8938f11feaaaf7,Ross County,Hibernian,2025-01-25T15:00:00Z,soccer_spl,Scottish Premiership,onexbet,2.5,1.92,1.88,2025-01-24T11:55:15Z,2025-01-24,ece28c063d52431a4c8938f11feaaaf7_2.5
ece28c063d52431a4c8938f11feaaaf7,Ross County,Hibernian,2025-01-25T15:00:00Z,soccer_spl,Scottish Premiership,betsson,2.5,1.95,1.83,2025-01-24T11:55:17Z,2025-01-24,ece28c063d52431a4c8938f11feaaaf7_2.5
ece28c063d52431a4c8938f11feaaaf7,Ross County,Hibernian,2025-01-25T15:00:00Z,soccer_spl,Scottish Premiership,nordicbet,2.5,1.95,1.83,2025-01-24T11:55:16Z,2025-01-24,ece28c063d52431a4c8938f11feaaaf7_2.5
ece28c063d52431a4c8938f11feaaaf7,Ross County,Hibernian,2025-01-25T15:00:00Z,soccer_spl,Scottish Premiership,bovada,2.5,1.89,1.85,2025-01-24T11:55:15Z,2025-01-24,ece28c063d52431a4c8938f11feaaaf7_2.5
ece28c063d52431a4c8938f11feaaaf7,Ross County,Hibernian,2025-01-25T15:00:00Z,soccer_spl,Scottish Premiership,tipico_de,2.5,1.83,1.85,2025-01-24T11:55:18Z,2025-01-24,ece28c063d52431a4c8938f11feaaaf7_2.5
ece28c063d52431a4c8938f11feaaaf7,Ross County,Hibernian,2025-01-25T15:00:00Z,soccer_spl,Scottish Premiership,pinnacle,2.5,1.95,1.9,2025-01-24T11:55:15Z,2025-01-24,ece28c063d52431a4c8938f11feaaaf7_2.5
ece28c063d52431a4c8938f11feaaaf7,Ross County,Hibernian,2025-01-25T15:00:00Z,soccer_spl,Scottish Premiership,playup,2.5,1.92,1.82,2025-01-24T11:55:15Z,2025-01-24,ece28c063d52431a4c8938f11feaaaf7_2.5
ece28c063d52431a4c8938f11feaaaf7,Ross County,Hibernian,2025-01-25T15:00:00Z,soccer_spl,Scottish Premiership,williamhill,2.5,1.95,1.85,2025-01-24T11:54:02Z,2025-01-24,ece28c063d52431a4c8938f11feaaaf7_2.5
ece28c063d52431a4c8938f11feaaaf7,Ross County,Hibernian,2025-01-25T15:00:00Z,soccer_spl,Scottish Premiership,unibet_eu,2.5,1.91,1.83,2025-01-24T11:55:16Z,2025-01-24,ece28c063d52431a4c8938f11feaaaf7_2.5
ece28c063d52431a4c8938f11feaaaf7,Ross County,Hibernian,2025-01-25T15:00:00Z,soccer_spl,Scottish Premiership,unibet,2.5,1.91,1.83,2025-01-24T11:55:15Z,2025-01-24,ece28c063d52431a4c8938f11feaaaf7_2.5
ece28c063d52431a4c8938f11feaaaf7,Ross County,Hibernian,2025-01-25T15:00:00Z,soccer_spl,Scottish Premiership,betrivers,2.5,1.91,1.83,2025-01-24T11:55:15Z,2025-01-24,ece28c063d52431a4c8938f11feaaaf7_2.5
ece28c063d52431a4c8938f11feaaaf7,Ross County,Hibernian,2025-01-25T15:00:00Z,soccer_spl,Scottish Premiership,betus,2.5,1.87,1.9,2025-01-24T11:55:16Z,2025-01-24,ece28c063d52431a4c8938f11feaaaf7_2.5
ece28c063d52431a4c8938f11feaaaf7,Ross County,Hibernian,2025-01-25T15:00:00Z,soccer_spl,Scottish Premiership,betonlineag,2.5,1.95,1.87,2025-01-24T11:55:15Z,2025-01-24,ece28c063d52431a4c8938f11feaaaf7_2.5
ece28c063d52431a4c8938f11feaaaf7,Ross County,Hibernian,2025-01-25T15:00:00Z,soccer_spl,Scottish Premiership,lowvig,2.5,1.95,1.87,2025-01-24T11:55:15Z,2025-01-24,ece28c063d52431a4c8938f11feaaaf7_2.5
ece28c063d52431a4c8938f11feaaaf7,Ross County,Hibernian,2025-01-25T15:00:00Z,soccer_spl,Scottish Premiership,matchbook,2.5,1.96,1.92,2025-01-24T11:55:15Z,2025-01-24,ece28c063d52431a4c8938f11feaaaf7_2.5
95b7230e5037a4d4254da0bfbb970900,St Johnstone,Motherwell,2025-01-25T15:00:00Z,soccer_spl,Scottish Premiership,onexbet,2.5,2.01,1.8,2025-01-24T11:55:15Z,2025-01-24,95b7230e5037a4d4254da0bfbb970900_2.5
95b7230e5037a4d4254da0bfbb970900,St Johnstone,Motherwell,2025-01-25T15:00:00Z,soccer_spl,Scottish Premiership,betsson,2.5,2.0,1.78,2025-01-24T11:55:17Z,2025-01-24,95b7230e5037a4d4254da0bfbb970900_2.5
95b7230e5037a4d4254da0bfbb970900,St Johnstone,Motherwell,2025-01-25T15:00:00Z,soccer_spl,Scottish Premiership,nordicbet,2.5,2.0,1.78,2025-01-24T11:55:16Z,2025-01-24,95b7230e5037a4d4254da0bfbb970900_2.5
95b7230e5037a4d4254da0bfbb970900,St Johnstone,Motherwell,2025-01-25T15:00:00Z,soccer_spl,Scottish Premiership,bovada,2.5,1.98,1.78,2025-01-24T11:55:15Z,2025-01-24,95b7230e5037a4d4254da0bfbb970900_2.5
95b7230e5037a4d4254da0bfbb970900,St Johnstone,Motherwell,2025-01-25T15:00:00Z,soccer_spl,Scottish Premiership,tipico_de,2.5,1.93,1.75,2025-01-24T11:55:18Z,2025-01-24,95b7230e5037a4d4254da0bfbb970900_2.5
95b7230e5037a4d4254da0bfbb970900,St Johnstone,Motherwell,2025-01-25T15:00:00Z,soccer_spl,Scottish Premiership,pinnacle,2.5,2.05,1.82,2025-01-24T11:55:15Z,2025-01-24,95b7230e5037a4d4254da0bfbb970900_2.5
95b7230e5037a4d4254da0bfbb970900,St Johnstone,Motherwell,2025-01-25T15:00:00Z,soccer_spl,Scottish Premiership,playup,2.5,2.0,1.75,2025-01-24T11:55:15Z,2025-01-24,95b7230e5037a4d4254da0bfbb970900_2.5
95b7230e5037a4d4254da0bfbb970900,St Johnstone,Motherwell,2025-01-25T15:00:00Z,soccer_spl,Scottish Premiership,williamhill,2.5,2.05,1.8,2025-01-24T11:54:02Z,2025-01-24,95b7230e5037a4d4254da0bfbb970900_2.5
95b7230e5037a4d4254da0bfbb970900,St Johnstone,Motherwell,2025-01-25T15:00:00Z,soccer_spl,Scottish Premiership,unibet_eu,2.5,2.02,1.75,2025-01-24T11:55:16Z,2025-01-24,95b7230e5037a4d4254da0bfbb970900_2.5
95b7230e5037a4d4254da0bfbb970900,St Johnstone,Motherwell,2025-01-25T15:00:00Z,soccer_spl,Scottish Premiership,unibet,2.5,2.02,1.75,2025-01-24T11:55:15Z,2025-01-24,95b7230e5037a4d4254da0bfbb970900_2.5
95b7230e5037a4d4254da0bfbb970900,St Johnstone,Motherwell,2025-01-25T15:00:00Z,soccer_spl,Scottish Premiership,betrivers,2.5,2.02,1.75,2025-01-24T11:55:15Z,2025-01-24,95b7230e5037a4d4254da0bfbb970900_2.5
95b7230e5037a4d4254da0bfbb970900,St Johnstone,Motherwell,2025-01-25T15:00:00Z,soccer_spl,Scottish Premiership,betus,2.5,1.93,1.82,2025-01-24T11:55:16Z,2025-01-24,95b7230e5037a4d4254da0bfbb970900_2.5
95b7230e5037a4d4254da0bfbb970900,St Johnstone,Motherwell,2025-01-25T15:00:00Z,soccer_spl,Scottish Premiership,betonlineag,2.5,2.02,1.82,2025-01-24T11:55:15Z,2025-01-24,95b7230e5037a4d4254da0bfbb970900_2.5
95b7230e5037a4d4254da0bfbb970900,St Johnstone,Motherwell,2025-01-25T15:00:00Z,soccer_spl,Scottish Premiership,lowvig,2.5,2.02,1.82,2025-01-24T11:55:15Z,2025-01-24,95b7230e5037a4d4254da0bfbb970900_2.5
95b7230e5037a4d4254da0bfbb970900,St Johnstone,Motherwell,2025-01-25T15:00:00Z,soccer_spl,Scottish Premiership,matchbook,2.5,2.06,1.83,2025-01-24T11:55:15Z,2025-01-24,95b7230e5037a4d4254da0bfbb970900_2.5
79a4508decf244f487dffaa65d6d68f4,Dundee United,Rangers,2025-01-26T12:00:00Z,soccer_spl,Scottish Premiership,onexbet,2.5,1.67,2.21,2025-01-24T11:55:15Z,2025-01-24,79a4508decf244f487dffaa65d6d68f4_2.5
79a4508decf244f487dffaa65d6d68f4,Dundee United,Rangers,2025-01-26T12:00:00Z,soccer_spl,Scottish Premiership,betsson,2.5,1.65,2.2,2025-01-24T11:55:17Z,2025-01-24,79a4508decf244f487dffaa65d6d68f4_2.5
79a4508decf244f487dffaa65d6d68f4,Dundee United,Rangers,2025-01-26T12:00:00Z,soccer_spl,Scottish Premiership,nordicbet,2.5,1.65,2.2,2025-01-24T11:55:16Z,2025-01-24,79a4508decf244f487dffaa65d6d68f4_2.5
79a4508decf244f487dffaa65d6d68f4,Dundee United,Rangers,2025-01-26T12:00:00Z,soccer_spl,Scottish Premiership,bovada,2.75,1.78,1.98,2025-01-24T11:55:15Z,2025-01-24,79a4508decf244f487dffaa65d6d68f4_2.75
79a4508decf244f487dffaa65d6d68f4,Dundee United,Rangers,2025-01-26T12:00:00Z,soccer_spl,Scottish Premiership,tipico_de,2.5,1.6,2.2,2025-01-24T11:55:18Z,2025-01-24,79a4508decf244f487dffaa65d6d68f4_2.5
79a4508decf244f487dffaa65d6d68f4,Dundee United,Rangers,2025-01-26T12:00:00Z,soccer_spl,Scottish Premiership,pinnacle,2.75,1.85,1.99,2025-01-24T11:55:15Z,2025-01-24,79a4508decf244f487dffaa65d6d68f4_2.75
79a4508decf244f487dffaa65d6d68f4,Dundee United,Rangers,2025-01-26T12:00:00Z,soccer_spl,Scottish Premiership,williamhill,2.5,1.62,2.3,2025-01-24T11:54:02Z,2025-01-24,79a4508decf244f487dffaa65d6d68f4_2.5
79a4508decf244f487dffaa65d6d68f4,Dundee United,Rangers,2025-01-26T12:00:00Z,soccer_spl,Scottish Premiership,playup,2.5,1.63,2.2,2025-01-24T11:55:15Z,2025-01-24,79a4508decf244f487dffaa65d6d68f4_2.5
79a4508decf244f487dffaa65d6d68f4,Dundee United,Rangers,2025-01-26T12:00:00Z,soccer_spl,Scottish Premiership,unibet_eu,3.5,2.7,1.43,2025-01-24T11:55:16Z,2025-01-24,79a4508decf244f487dffaa65d6d68f4_3.5
79a4508decf244f487dffaa65d6d68f4,Dundee United,Rangers,2025-01-26T12:00:00Z,soccer_spl,Scottish Premiership,unibet,3.5,2.7,1.43,2025-01-24T11:55:15Z,2025-01-24,79a4508decf244f487dffaa65d6d68f4_3.5
79a4508decf244f487dffaa65d6d68f4,Dundee United,Rangers,2025-01-26T12:00:00Z,soccer_spl,Scottish Premiership,betrivers,2.5,1.63,2.2,2025-01-24T11:55:15Z,2025-01-24,79a4508decf244f487dffaa65d6d68f4_2.5
79a4508decf244f487dffaa65d6d68f4,Dundee United,Rangers,2025-01-26T12:00:00Z,soccer_spl,Scottish Premiership,betus,2.75,1.85,1.89,2025-01-24T11:55:16Z,2025-01-24,79a4508decf244f487dffaa65d6d68f4_2.75
79a4508decf244f487dffaa65d6d68f4,Dundee United,Rangers,2025-01-26T12:00:00Z,soccer_spl,Scottish Premiership,lowvig,3.0,2.11,1.76,2025-01-24T11:55:15Z,2025-01-24,79a4508decf244f487dffaa65d6d68f4_3.0
79a4508decf244f487dffaa65d6d68f4,Dundee United,Rangers,2025-01-26T12:00:00Z,soccer_spl,Scottish Premiership,betonlineag,3.0,2.11,1.76,2025-01-24T11:55:15Z,2025-01-24,79a4508decf244f487dffaa65d6d68f4_3.0
79a4508decf244f487dffaa65d6d68f4,Dundee United,Rangers,2025-01-26T12:00:00Z,soccer_spl,Scottish Premiership,matchbook,2.5,1.67,2.3,2025-01-24T11:55:15Z,2025-01-24,79a4508decf244f487dffaa65d6d68f4_2.5
602a226517f97d23f13bef1aeeec50f8,Huddersfield Town,Bolton Wanderers,2025-01-25T12:30:00Z,soccer_england_league1,League One,unibet,2.5,1.79,1.93,2025-01-24T11:54:42Z,2025-01-24,602a226517f97d23f13bef1aeeec50f8_2.5
602a226517f97d23f13bef1aeeec50f8,Huddersfield Town,Bolton Wanderers,2025-01-25T12:30:00Z,soccer_england_league1,League One,nordicbet,2.5,1.75,2.05,2025-01-24T11:54:42Z,2025-01-24,602a226517f97d23f13bef1aeeec50f8_2.5
602a226517f97d23f13bef1aeeec50f8,Huddersfield Town,Bolton Wanderers,2025-01-25T12:30:00Z,soccer_england_league1,League One,tipico_de,2.5,1.67,2.05,2025-01-24T11:54:43Z,2025-01-24,602a226517f97d23f13bef1aeeec50f8_2.5
602a226517f97d23f13bef1aeeec50f8,Huddersfield Town,Bolton Wanderers,2025-01-25T12:30:00Z,soccer_england_league1,League One,bovada,2.5,1.78,1.98,2025-01-24T11:54:41Z,2025-01-24,602a226517f97d23f13bef1aeeec50f8_2.5
602a226517f97d23f13bef1aeeec50f8,Huddersfield Town,Bolton Wanderers,2025-01-25T12:30:00Z,soccer_england_league1,League One,betsson,2.5,1.75,2.05,2025-01-24T11:54:42Z,2025-01-24,602a226517f97d23f13bef1aeeec50f8_2.5
602a226517f97d23f13bef1aeeec50f8,Huddersfield Town,Bolton Wanderers,2025-01-25T12:30:00Z,soccer_england_league1,League One,betrivers,2.5,1.79,1.93,2025-01-24T11:54:42Z,2025-01-24,602a226517f97d23f13bef1aeeec50f8_2.5
602a226517f97d23f13bef1aeeec50f8,Huddersfield Town,Bolton Wanderers,2025-01-25T12:30:00Z,soccer_england_league1,League One,unibet_eu,2.5,1.79,1.93,2025-01-24T11:54:42Z,2025-01-24,602a226517f97d23f13bef1aeeec50f8_2.5
602a226517f97d23f13bef1aeeec50f8,Huddersfield Town,Bolton Wanderers,2025-01-25T12:30:00Z,soccer_england_league1,League One,onexbet,2.5,1.77,2.05,2025-01-24T11:54:41Z,2025-01-24,602a226517f97d23f13bef1aeeec50f8_2.5
602a226517f97d23f13bef1aeeec50f8,Huddersfield Town,Bolton Wanderers,2025-01-25T12:30:00Z,soccer_england_league1,League One,williamhill,2.5,1.85,1.95,2025-01-24T11:54:42Z,2025-01-24,602a226517f97d23f13bef1aeeec50f8_2.5
602a226517f97d23f13bef1aeeec50f8,Huddersfield Town,Bolton Wanderers,2025-01-25T12:30:00Z,soccer_england_league1,League One,playup,2.5,1.72,2.05,2025-01-24T11:54:43Z,2025-01-24,602a226517f97d23f13bef1aeeec50f8_2.5
602a226517f97d23f13bef1aeeec50f8,Huddersfield Town,Bolton Wanderers,2025-01-25T12:30:00Z,soccer_england_league1,League One,betus,2.5,1.78,1.98,2025-01-24T11:54:42Z,2025-01-24,602a226517f97d23f13bef1aeeec50f8_2.5
602a226517f97d23f13bef1aeeec50f8,Huddersfield Town,Bolton Wanderers,2025-01-25T12:30:00Z,soccer_england_league1,League One,pinnacle,2.75,1.96,1.87,2025-01-24T11:54:42Z,2025-01-24,602a226517f97d23f13bef1aeeec50f8_2.75
602a226517f97d23f13bef1aeeec50f8,Huddersfield Town,Bolton Wanderers,2025-01-25T12:30:00Z,soccer_england_league1,League One,betonlineag,2.5,1.85,1.97,2025-01-24T11:54:42Z,2025-01-24,602a226517f97d23f13bef1aeeec50f8_2.5
602a226517f97d23f13bef1aeeec50f8,Huddersfield Town,Bolton Wanderers,2025-01-25T12:30:00Z,soccer_england_league1,League One,lowvig,2.5,1.85,1.97,2025-01-24T11:54:41Z,2025-01-24,602a226517f97d23f13bef1aeeec50f8_2.5
4166d0f378690f52aec3e040f769e86b,Cambridge United,Mansfield Town,2025-01-25T12:30:00Z,soccer_england_league1,League One,onexbet,2.5,1.93,1.87,2025-01-24T11:54:41Z,2025-01-24,4166d0f378690f52aec3e040f769e86b_2.5
4166d0f378690f52aec3e040f769e86b,Cambridge United,Mansfield Town,2025-01-25T12:30:00Z,soccer_england_league1,League One,tipico_de,2.5,1.85,1.83,2025-01-24T11:54:43Z,2025-01-24,4166d0f378690f52aec3e040f769e86b_2.5
4166d0f378690f52aec3e040f769e86b,Cambridge United,Mansfield Town,2025-01-25T12:30:00Z,soccer_england_league1,League One,pinnacle,2.5,1.95,1.88,2025-01-24T11:54:42Z,2025-01-24,4166d0f378690f52aec3e040f769e86b_2.5
4166d0f378690f52aec3e040f769e86b,Cambridge United,Mansfield Town,2025-01-25T12:30:00Z,soccer_england_league1,League One,betsson,2.5,1.95,1.85,2025-01-24T11:54:42Z,2025-01-24,4166d0f378690f52aec3e040f769e86b_2.5
4166d0f378690f52aec3e040f769e86b,Cambridge United,Mansfield Town,2025-01-25T12:30:00Z,soccer_england_league1,League One,nordicbet,2.5,1.95,1.85,2025-01-24T11:54:42Z,2025-01-24,4166d0f378690f52aec3e040f769e86b_2.5
4166d0f378690f52aec3e040f769e86b,Cambridge United,Mansfield Town,2025-01-25T12:30:00Z,soccer_england_league1,League One,bovada,2.5,1.93,1.82,2025-01-24T11:54:41Z,2025-01-24,4166d0f378690f52aec3e040f769e86b_2.5
4166d0f378690f52aec3e040f769e86b,Cambridge United,Mansfield Town,2025-01-25T12:30:00Z,soccer_england_league1,League One,williamhill,2.5,2.0,1.8,2025-01-24T11:54:42Z,2025-01-24,4166d0f378690f52aec3e040f769e86b_2.5
4166d0f378690f52aec3e040f769e86b,Cambridge United,Mansfield Town,2025-01-25T12:30:00Z,soccer_england_league1,League One,betrivers,2.5,1.87,1.85,2025-01-24T11:54:42Z,2025-01-24,4166d0f378690f52aec3e040f769e86b_2.5
4166d0f378690f52aec3e040f769e86b,Cambridge United,Mansfield Town,2025-01-25T12:30:00Z,soccer_england_league1,League One,unibet_eu,2.5,1.87,1.85,2025-01-24T11:54:42Z,2025-01-24,4166d0f378690f52aec3e040f769e86b_2.5
4166d0f378690f52aec3e040f769e86b,Cambridge United,Mansfield Town,2025-01-25T12:30:00Z,soccer_england_league1,League One,unibet,2.5,1.87,1.85,2025-01-24T11:54:42Z,2025-01-24,4166d0f378690f52aec3e040f769e86b_2.5
4166d0f378690f52aec3e040f769e86b,Cambridge United,Mansfield Town,2025-01-25T12:30:00Z,soccer_england_league1,League One,playup,2.5,1.92,1.82,2025-01-24T11:54:43Z,2025-01-24,4166d0f378690f52aec3e040f769e86b_2.5
4166d0f378690f52aec3e040f769e86b,Cambridge United,Mansfield Town,2025-01-25T12:30:00Z,soccer_england_league1,League One,betus,2.5,1.87,1.88,2025-01-24T11:54:42Z,2025-01-24,4166d0f378690f52aec3e040f769e86b_2.5
4166d0f378690f52aec3e040f769e86b,Cambridge United,Mansfield Town,2025-01-25T12:30:00Z,soccer_england_league1,League One,matchbook,2.5,1.95,1.88,2025-01-24T11:54:41Z,2025-01-24,4166d0f378690f52aec3e040f769e86b_2.5
4166d0f378690f52aec3e040f769e86b,Cambridge United,Mansfield Town,2025-01-25T12:30:00Z,soccer_england_league1,League One,betonlineag,2.5,1.95,1.87,2025-01-24T11:54:42Z,2025-01-24,4166d0f378690f52aec3e040f769e86b_2.5
4166d0f378690f52aec3e040f769e86b,Cambridge United,Mansfield Town,2025-01-25T12:30:00Z,soccer_england_league1,League One,lowvig,2.5,1.95,1.87,2025-01-24T11:54:41Z,2025-01-24,4166d0f378690f52aec3e040f769e86b_2.5
9df5340a1b72a6edd0b176560d3b3183,Barnsley,Stevenage,2025-01-25T15:00:00Z,soccer_england_league1,League One,tipico_de,2.5,1.95,1.75,2025-01-24T11:54:43Z,2025-01-24,9df5340a1b72a6edd0b176560d3b3183_2.5
9df5340a1b72a6edd0b176560d3b3183,Barnsley,Stevenage,2025-01-25T15:00:00Z,soccer_england_league1,League One,onexbet,2.5,2.05,1.77,2025-01-24T11:54:41Z,2025-01-24,9df5340a1b72a6edd0b176560d3b3183_2.5
9df5340a1b72a6edd0b176560d3b3183,Barnsley,Stevenage,2025-01-25T15:00:00Z,soccer_england_league1,League One,pinnacle,2.25,1.81,2.03,2025-01-24T11:54:42Z,2025-01-24,9df5340a1b72a6edd0b176560d3b3183_2.25
9df5340a1b72a6edd0b176560d3b3183,Barnsley,Stevenage,2025-01-25T15:00:00Z,soccer_england_league1,League One,betsson,2.5,2.0,1.78,2025-01-24T11:54:42Z,2025-01-24,9df5340a1b72a6edd0b176560d3b3183_2.5
9df5340a1b72a6edd0b176560d3b3183,Barnsley,Stevenage,2025-01-25T15:00:00Z,soccer_england_league1,League One,nordicbet,2.5,2.0,1.78,2025-01-24T11:54:42Z,2025-01-24,9df5340a1b72a6edd0b176560d3b3183_2.5
9df5340a1b72a6edd0b176560d3b3183,Barnsley,Stevenage,2025-01-25T15:00:00Z,soccer_england_league1,League One,bovada,2.25,1.78,1.98,2025-01-24T11:54:41Z,2025-01-24,9df5340a1b72a6edd0b176560d3b3183_2.25
9df5340a1b72a6edd0b176560d3b3183,Barnsley,Stevenage,2025-01-25T15:00:00Z,soccer_england_league1,League One,williamhill,2.5,2.05,1.75,2025-01-24T11:54:42Z,2025-01-24,9df5340a1b72a6edd0b176560d3b3183_2.5
9df5340a1b72a6edd0b176560d3b3183,Barnsley,Stevenage,2025-01-25T15:00:00Z,soccer_england_league1,League One,betrivers,2.5,1.96,1.76,2025-01-24T11:54:42Z,2025-01-24,9df5340a1b72a6edd0b176560d3b3183_2.5
9df5340a1b72a6edd0b176560d3b3183,Barnsley,Stevenage,2025-01-25T15:00:00Z,soccer_england_league1,League One,unibet_eu,2.5,1.96,1.76,2025-01-24T11:54:42Z,2025-01-24,9df5340a1b72a6edd0b176560d3b3183_2.5
9df5340a1b72a6edd0b176560d3b3183,Barnsley,Stevenage,2025-01-25T15:00:00Z,soccer_england_league1,League One,unibet,2.5,1.97,1.76,2025-01-24T11:54:42Z,2025-01-24,9df5340a1b72a6edd0b176560d3b3183_2.5
9df5340a1b72a6edd0b176560d3b3183,Barnsley,Stevenage,2025-01-25T15:00:00Z,soccer_england_league1,League One,playup,2.5,2.0,1.75,2025-01-24T11:54:43Z,2025-01-24,9df5340a1b72a6edd0b176560d3b3183_2.5
9df5340a1b72a6edd0b176560d3b3183,Barnsley,Stevenage,2025-01-25T15:00:00Z,soccer_england_league1,League One,betus,2.25,1.81,1.93,2025-01-24T11:54:42Z,2025-01-24,9df5340a1b72a6edd0b176560d3b3183_2.25
9df5340a1b72a6edd0b176560d3b3183,Barnsley,Stevenage,2025-01-25T15:00:00Z,soccer_england_league1,League One,betonlineag,2.25,1.86,1.96,2025-01-24T11:54:42Z,2025-01-24,9df5340a1b72a6edd0b176560d3b3183_2.25
9df5340a1b72a6edd0b176560d3b3183,Barnsley,Stevenage,2025-01-25T15:00:00Z,soccer_england_league1,League One,lowvig,2.25,1.86,1.96,2025-01-24T11:54:41Z,2025-01-24,9df5340a1b72a6edd0b176560d3b3183_2.25
31526f304a7353dd198fea61dac3a912,Exeter City,Blackpool,2025-01-25T15:00:00Z,soccer_england_league1,League One,tipico_de,2.5,1.83,1.85,2025-01-24T11:54:43Z,2025-01-24,31526f304a7353dd198fea61dac3a912_2.5
31526f304a7353dd198fea61dac3a912,Exeter City,Blackpool,2025-01-25T15:00:00Z,soccer_england_league1,League One,onexbet,2.5,1.92,1.88,2025-01-24T11:54:41Z,2025-01-24,31526f304a7353dd198fea61dac3a912_2.5
31526f304a7353dd198fea61dac3a912,Exeter City,Blackpool,2025-01-25T15:00:00Z,soccer_england_league1,League One,betsson,2.5,1.9,1.87,2025-01-24T11:54:42Z,2025-01-24,31526f304a7353dd198fea61dac3a912_2.5
31526f304a7353dd198fea61dac3a912,Exeter City,Blackpool,2025-01-25T15:00:00Z,soccer_england_league1,League One,nordicbet,2.5,1.9,1.87,2025-01-24T11:54:42Z,2025-01-24,31526f304a7353dd198fea61dac3a912_2.5
31526f304a7353dd198fea61dac3a912,Exeter City,Blackpool,2025-01-25T15:00:00Z,soccer_england_league1,League One,bovada,2.5,1.95,1.8,2025-01-24T11:54:41Z,2025-01-24,31526f304a7353dd198fea61dac3a912_2.5
31526f304a7353dd198fea61dac3a912,Exeter City,Blackpool,2025-01-25T15:00:00Z,soccer_england_league1,League One,williamhill,2.5,2.0,1.8,2025-01-24T11:54:42Z,2025-01-24,31526f304a7353dd198fea61dac3a912_2.5
31526f304a7353dd198fea61dac3a912,Exeter City,Blackpool,2025-01-25T15:00:00Z,soccer_england_league1,League One,unibet,2.5,1.91,1.81,2025-01-24T11:54:42Z,2025-01-24,31526f304a7353dd198fea61dac3a912_2.5
31526f304a7353dd198fea61dac3a912,Exeter City,Blackpool,2025-01-25T15:00:00Z,soccer_england_league1,League One,betrivers,2.5,1.91,1.81,2025-01-24T11:54:42Z,2025-01-24,31526f304a7353dd198fea61dac3a912_2.5
31526f304a7353dd198fea61dac3a912,Exeter City,Blackpool,2025-01-25T15:00:00Z,soccer_england_league1,League One,unibet_eu,2.5,1.91,1.81,2025-01-24T11:54:42Z,2025-01-24,31526f304a7353dd198fea61dac3a912_2.5
31526f304a7353dd198fea61dac3a912,Exeter City,Blackpool,2025-01-25T15:00:00Z,soccer_england_league1,League One,playup,2.5,1.88,1.85,2025-01-24T11:54:43Z,2025-01-24,31526f304a7353dd198fea61dac3a912_2.5
31526f304a7353dd198fea61dac3a912,Exeter City,Blackpool,2025-01-25T15:00:00Z,soccer_england_league1,League One,betus,2.5,1.95,1.8,2025-01-24T11:54:42Z,2025-01-24,31526f304a7353dd198fea61dac3a912_2.5
31526f304a7353dd198fea61dac3a912,Exeter City,Blackpool,2025-01-25T15:00:00Z,soccer_england_league1,League One,pinnacle,2.5,1.93,1.91,2025-01-24T11:54:42Z,2025-01-24,31526f304a7353dd198fea61dac3a912_2.5
31526f304a7353dd198fea61dac3a912,Exeter City,Blackpool,2025-01-25T15:00:00Z,soccer_england_league1,League One,matchbook,2.5,1.94,1.9,2025-01-24T11:54:41Z,2025-01-24,31526f304a7353dd198fea61dac3a912_2.5
31526f304a7353dd198fea61dac3a912,Exeter City,Blackpool,2025-01-25T15:00:00Z,soccer_england_league1,League One,lowvig,2.5,1.99,1.84,2025-01-24T11:54:41Z,2025-01-24,31526f304a7353dd198fea61dac3a912_2.5
31526f304a7353dd198fea61dac3a912,Exeter City,Blackpool,2025-01-25T15:00:00Z,soccer_england_league1,League One,betonlineag,2.5,1.99,1.84,2025-01-24T11:54:42Z,2025-01-24,31526f304a7353dd198fea61dac3a912_2.5
683a35f33e8bc171983e5dcd94444004,Wigan Athletic,Bristol Rovers,2025-01-25T15:00:00Z,soccer_england_league1,League One,tipico_de,2.5,2.0,1.7,2025-01-24T11:54:43Z,2025-01-24,683a35f33e8bc171983e5dcd94444004_2.5
683a35f33e8bc171983e5dcd94444004,Wigan Athletic,Bristol Rovers,2025-01-25T15:00:00Z,soccer_england_league1,League One,onexbet,2.5,2.11,1.73,2025-01-24T11:54:41Z,2025-01-24,683a35f33e8bc171983e5dcd94444004_2.5
683a35f33e8bc171983e5dcd94444004,Wigan Athletic,Bristol Rovers,2025-01-25T15:00:00Z,soccer_england_league1,League One,betsson,2.5,2.1,1.72,2025-01-24T11:54:42Z,2025-01-24,683a35f33e8bc171983e5dcd94444004_2.5
683a35f33e8bc171983e5dcd94444004,Wigan Athletic,Bristol Rovers,2025-01-25T15:00:00Z,soccer_england_league1,League One,nordicbet,2.5,2.1,1.72,2025-01-24T11:54:42Z,2025-01-24,683a35f33e8bc171983e5dcd94444004_2.5
683a35f33e8bc171983e5dcd94444004,Wigan Athletic,Bristol Rovers,2025-01-25T15:00:00Z,soccer_england_league1,League One,bovada,2.25,1.82,1.93,2025-01-24T11:54:41Z,2025-01-24,683a35f33e8bc171983e5dcd94444004_2.25
683a35f33e8bc171983e5dcd94444004,Wigan Athletic,Bristol Rovers,2025-01-25T15:00:00Z,soccer_england_league1,League One,williamhill,2.5,2.05,1.75,2025-01-24T11:54:42Z,2025-01-24,683a35f33e8bc171983e5dcd94444004_2.5
683a35f33e8bc171983e5dcd94444004,Wigan Athletic,Bristol Rovers,2025-01-25T15:00:00Z,soccer_england_league1,League One,betrivers,2.5,2.0,1.74,2025-01-24T11:54:42Z,2025-01-24,683a35f33e8bc171983e5dcd94444004_2.5
683a35f33e8bc171983e5dcd94444004,Wigan Athletic,Bristol Rovers,2025-01-25T15:00:00Z,soccer_england_league1,League One,unibet_eu,2.5,2.0,1.74,2025-01-24T11:54:42Z,2025-01-24,683a35f33e8bc171983e5dcd94444004_2.5
683a35f33e8bc171983e5dcd94444004,Wigan Athletic,Bristol Rovers,2025-01-25T15:00:00Z,soccer_england_league1,League One,unibet,2.5,2.0,1.74,2025-01-24T11:54:42Z,2025-01-24,683a35f33e8bc171983e5dcd94444004_2.5
683a35f33e8bc171983e5dcd94444004,Wigan Athletic,Bristol Rovers,2025-01-25T15:00:00Z,soccer_england_league1,League One,playup,2.5,2.1,1.68,2025-01-24T11:54:43Z,2025-01-24,683a35f33e8bc171983e5dcd94444004_2.5
683a35f33e8bc171983e5dcd94444004,Wigan Athletic,Bristol Rovers,2025-01-25T15:00:00Z,soccer_england_league1,League One,betus,2.25,1.82,1.93,2025-01-24T11:54:42Z,2025-01-24,683a35f33e8bc171983e5dcd94444004_2.25
683a35f33e8bc171983e5dcd94444004,Wigan Athletic,Bristol Rovers,2025-01-25T15:00:00Z,soccer_england_league1,League One,pinnacle,2.25,1.88,1.96,2025-01-24T11:54:42Z,2025-01-24,683a35f33e8bc171983e5dcd94444004_2.25
683a35f33e8bc171983e5dcd94444004,Wigan Athletic,Bristol Rovers,2025-01-25T15:00:00Z,soccer_england_league1,League One,betonlineag,2.25,1.84,1.99,2025-01-24T11:54:42Z,2025-01-24,683a35f33e8bc171983e5dcd94444004_2.25
683a35f33e8bc171983e5dcd94444004,Wigan Athletic,Bristol Rovers,2025-01-25T15:00:00Z,soccer_england_league1,League One,lowvig,2.25,1.84,1.99,2025-01-24T11:54:41Z,2025-01-24,683a35f33e8bc171983e5dcd94444004_2.25
dc0326e4384ee91d7e53bed254cc3766,Burton Albion,Rotherham United,2025-01-25T15:00:00Z,soccer_england_league1,League One,unibet,2.5,1.97,1.76,2025-01-24T11:54:42Z,2025-01-24,dc0326e4384ee91d7e53bed254cc3766_2.5
dc0326e4384ee91d7e53bed254cc3766,Burton Albion,Rotherham United,2025-01-25T15:00:00Z,soccer_england_league1,League One,nordicbet,2.5,2.05,1.75,2025-01-24T11:54:42Z,2025-01-24,dc0326e4384ee91d7e53bed254cc3766_2.5
dc0326e4384ee91d7e53bed254cc3766,Burton Albion,Rotherham United,2025-01-25T15:00:00Z,soccer_england_league1,League One,williamhill,2.5,2.05,1.75,2025-01-24T11:54:42Z,2025-01-24,dc0326e4384ee91d7e53bed254cc3766_2.5
dc0326e4384ee91d7e53bed254cc3766,Burton Albion,Rotherham United,2025-01-25T15:00:00Z,soccer_england_league1,League One,tipico_de,2.5,1.97,1.72,2025-01-24T11:54:43Z,2025-01-24,dc0326e4384ee91d7e53bed254cc3766_2.5
dc0326e4384ee91d7e53bed254cc3766,Burton Albion,Rotherham United,2025-01-25T15:00:00Z,soccer_england_league1,League One,bovada,2.25,1.8,1.95,2025-01-24T11:54:41Z,2025-01-24,dc0326e4384ee91d7e53bed254cc3766_2.25
dc0326e4384ee91d7e53bed254cc3766,Burton Albion,Rotherham United,2025-01-25T15:00:00Z,soccer_england_league1,League One,betsson,2.5,2.05,1.75,2025-01-24T11:54:42Z,2025-01-24,dc0326e4384ee91d7e53bed254cc3766_2.5
dc0326e4384ee91d7e53bed254cc3766,Burton Albion,Rotherham United,2025-01-25T15:00:00Z,soccer_england_league1,League One,betrivers,2.5,1.96,1.76,2025-01-24T11:54:42Z,2025-01-24,dc0326e4384ee91d7e53bed254cc3766_2.5
dc0326e4384ee91d7e53bed254cc3766,Burton Albion,Rotherham United,2025-01-25T15:00:00Z,soccer_england_league1,League One,unibet_eu,2.5,1.96,1.76,2025-01-24T11:54:42Z,2025-01-24,dc0326e4384ee91d7e53bed254cc3766_2.5
dc0326e4384ee91d7e53bed254cc3766,Burton Albion,Rotherham United,2025-01-25T15:00:00Z,soccer_england_league1,League One,onexbet,2.5,2.07,1.75,2025-01-24T11:54:41Z,2025-01-24,dc0326e4384ee91d7e53bed254cc3766_2.5
dc0326e4384ee91d7e53bed254cc3766,Burton Albion,Rotherham United,2025-01-25T15:00:00Z,soccer_england_league1,League One,playup,2.5,2.05,1.72,2025-01-24T11:54:43Z,2025-01-24,dc0326e4384ee91d7e53bed254cc3766_2.5
dc0326e4384ee91d7e53bed254cc3766,Burton Albion,Rotherham United,2025-01-25T15:00:00Z,soccer_england_league1,League One,betus,2.25,1.8,1.95,2025-01-24T11:54:42Z,2025-01-24,dc0326e4384ee91d7e53bed254cc3766_2.25
dc0326e4384ee91d7e53bed254cc3766,Burton Albion,Rotherham United,2025-01-25T15:00:00Z,soccer_england_league1,League One,pinnacle,2.25,1.84,2.0,2025-01-24T11:54:42Z,2025-01-24,dc0326e4384ee91d7e53bed254cc3766_2.25
dc0326e4384ee91d7e53bed254cc3766,Burton Albion,Rotherham United,2025-01-25T15:00:00Z,soccer_england_league1,League One,matchbook,2.5,2.12,1.78,2025-01-24T11:54:41Z,2025-01-24,dc0326e4384ee91d7e53bed254cc3766_2.5
dc0326e4384ee91d7e53bed254cc3766,Burton Albion,Rotherham United,2025-01-25T15:00:00Z,soccer_england_league1,League One,betonlineag,2.25,1.84,1.99,2025-01-24T11:54:42Z,2025-01-24,dc0326e4384ee91d7e53bed254cc3766_2.25
dc0326e4384ee91d7e53bed254cc3766,Burton Albion,Rotherham United,2025-01-25T15:00:00Z,soccer_england_league1,League One,lowvig,2.25,1.84,1.99,2025-01-24T11:54:41Z,2025-01-24,dc0326e4384ee91d7e53bed254cc3766_2.25
b5c50908339c57cd5c1430f42a65f2af,Charlton Athletic,Shrewsbury Town,2025-01-25T15:00:00Z,soccer_england_league1,League One,unibet,2.5,1.98,1.75,2025-01-24T11:54:42Z,2025-01-24,b5c50908339c57cd5c1430f42a65f2af_2.5
b5c50908339c57cd5c1430f42a65f2af,Charlton Athletic,Shrewsbury Town,2025-01-25T15:00:00Z,soccer_england_league1,League One,nordicbet,2.5,2.05,1.75,2025-01-24T11:54:42Z,2025-01-24,b5c50908339c57cd5c1430f42a65f2af_2.5
b5c50908339c57cd5c1430f42a65f2af,Charlton Athletic,Shrewsbury Town,2025-01-25T15:00:00Z,soccer_england_league1,League One,williamhill,2.5,2.1,1.75,2025-01-24T11:54:42Z,2025-01-24,b5c50908339c57cd5c1430f42a65f2af_2.5
b5c50908339c57cd5c1430f42a65f2af,Charlton Athletic,Shrewsbury Town,2025-01-25T15:00:00Z,soccer_england_league1,League One,tipico_de,2.5,2.0,1.72,2025-01-24T11:54:43Z,2025-01-24,b5c50908339c57cd5c1430f42a65f2af_2.5
b5c50908339c57cd5c1430f42a65f2af,Charlton Athletic,Shrewsbury Town,2025-01-25T15:00:00Z,soccer_england_league1,League One,bovada,2.25,1.8,1.95,2025-01-24T11:54:41Z,2025-01-24,b5c50908339c57cd5c1430f42a65f2af_2.25
b5c50908339c57cd5c1430f42a65f2af,Charlton Athletic,Shrewsbury Town,2025-01-25T15:00:00Z,soccer_england_league1,League One,betsson,2.5,2.05,1.75,2025-01-24T11:54:42Z,2025-01-24,b5c50908339c57cd5c1430f42a65f2af_2.5
b5c50908339c57cd5c1430f42a65f2af,Charlton Athletic,Shrewsbury Town,2025-01-25T15:00:00Z,soccer_england_league1,League One,betrivers,2.5,1.97,1.75,2025-01-24T11:54:42Z,2025-01-24,b5c50908339c57cd5c1430f42a65f2af_2.5
b5c50908339c57cd5c1430f42a65f2af,Charlton Athletic,Shrewsbury Town,2025-01-25T15:00:00Z,soccer_england_league1,League One,unibet_eu,2.5,1.97,1.75,2025-01-24T11:54:42Z,2025-01-24,b5c50908339c57cd5c1430f42a65f2af_2.5
b5c50908339c57cd5c1430f42a65f2af,Charlton Athletic,Shrewsbury Town,2025-01-25T15:00:00Z,soccer_england_league1,League One,onexbet,2.5,2.09,1.74,2025-01-24T11:54:41Z,2025-01-24,b5c50908339c57cd5c1430f42a65f2af_2.5
b5c50908339c57cd5c1430f42a65f2af,Charlton Athletic,Shrewsbury Town,2025-01-25T15:00:00Z,soccer_england_league1,League One,playup,2.5,2.05,1.72,2025-01-24T11:54:43Z,2025-01-24,b5c50908339c57cd5c1430f42a65f2af_2.5
b5c50908339c57cd5c1430f42a65f2af,Charlton Athletic,Shrewsbury Town,2025-01-25T15:00:00Z,soccer_england_league1,League One,betus,2.25,1.8,1.95,2025-01-24T11:54:42Z,2025-01-24,b5c50908339c57cd5c1430f42a65f2af_2.25
b5c50908339c57cd5c1430f42a65f2af,Charlton Athletic,Shrewsbury Town,2025-01-25T15:00:00Z,soccer_england_league1,League One,pinnacle,2.25,1.85,1.98,2025-01-24T11:54:42Z,2025-01-24,b5c50908339c57cd5c1430f42a65f2af_2.25
b5c50908339c57cd5c1430f42a65f2af,Charlton Athletic,Shrewsbury Town,2025-01-25T15:00:00Z,soccer_england_league1,League One,betonlineag,2.5,2.09,1.78,2025-01-24T11:54:42Z,2025-01-24,b5c50908339c57cd5c1430f42a65f2af_2.5
b5c50908339c57cd5c1430f42a65f2af,Charlton Athletic,Shrewsbury Town,2025-01-25T15:00:00Z,soccer_england_league1,League One,lowvig,2.5,2.09,1.78,2025-01-24T11:54:41Z,2025-01-24,b5c50908339c57cd5c1430f42a65f2af_2.5
2a5640ab57746db9125a8405ee885c6f,Stockport County FC,Crawley Town,2025-01-25T15:00:00Z,soccer_england_league1,League One,tipico_de,2.5,1.65,2.1,2025-01-24T11:54:43Z,2025-01-24,2a5640ab57746db9125a8405ee885c6f_2.5
2a5640ab57746db9125a8405ee885c6f,Stockport County FC,Crawley Town,2025-01-25T15:00:00Z,soccer_england_league1,League One,onexbet,2.5,1.72,2.12,2025-01-24T11:54:41Z,2025-01-24,2a5640ab57746db9125a8405ee885c6f_2.5
2a5640ab57746db9125a8405ee885c6f,Stockport County FC,Crawley Town,2025-01-25T15:00:00Z,soccer_england_league1,League One,pinnacle,2.75,1.9,1.93,2025-01-24T11:54:42Z,2025-01-24,2a5640ab57746db9125a8405ee885c6f_2.75
2a5640ab57746db9125a8405ee885c6f,Stockport County FC,Crawley Town,2025-01-25T15:00:00Z,soccer_england_league1,League One,betsson,2.5,1.7,2.1,2025-01-24T11:54:42Z,2025-01-24,2a5640ab57746db9125a8405ee885c6f_2.5
2a5640ab57746db9125a8405ee885c6f,Stockport County FC,Crawley Town,2025-01-25T15:00:00Z,soccer_england_league1,League One,nordicbet,2.5,1.7,2.1,2025-01-24T11:54:42Z,2025-01-24,2a5640ab57746db9125a8405ee885c6f_2.5
2a5640ab57746db9125a8405ee885c6f,Stockport County FC,Crawley Town,2025-01-25T15:00:00Z,soccer_england_league1,League One,bovada,2.75,1.89,1.85,2025-01-24T11:54:41Z,2025-01-24,2a5640ab57746db9125a8405ee885c6f_2.75
2a5640ab57746db9125a8405ee885c6f,Stockport County FC,Crawley Town,2025-01-25T15:00:00Z,soccer_england_league1,League One,williamhill,2.5,1.8,2.0,2025-01-24T11:54:42Z,2025-01-24,2a5640ab57746db9125a8405ee885c6f_2.5
2a5640ab57746db9125a8405ee885c6f,Stockport County FC,Crawley Town,2025-01-25T15:00:00Z,soccer_england_league1,League One,unibet_eu,2.5,1.75,1.97,2025-01-24T11:54:42Z,2025-01-24,2a5640ab57746db9125a8405ee885c6f_2.5
2a5640ab57746db9125a8405ee885c6f,Stockport County FC,Crawley Town,2025-01-25T15:00:00Z,soccer_england_league1,League One,betrivers,2.5,1.75,1.97,2025-01-24T11:54:42Z,2025-01-24,2a5640ab57746db9125a8405ee885c6f_2.5
2a5640ab57746db9125a8405ee885c6f,Stockport County FC,Crawley Town,2025-01-25T15:00:00Z,soccer_england_league1,League One,unibet,2.5,1.75,1.98,2025-01-24T11:54:42Z,2025-01-24,2a5640ab57746db9125a8405ee885c6f_2.5
2a5640ab57746db9125a8405ee885c6f,Stockport County FC,Crawley Town,2025-01-25T15:00:00Z,soccer_england_league1,League One,playup,2.5,1.68,2.1,2025-01-24T11:54:43Z,2025-01-24,2a5640ab57746db9125a8405ee885c6f_2.5
2a5640ab57746db9125a8405ee885c6f,Stockport County FC,Crawley Town,2025-01-25T15:00:00Z,soccer_england_league1,League One,betus,2.75,1.9,1.87,2025-01-24T11:54:42Z,2025-01-24,2a5640ab57746db9125a8405ee885c6f_2.75
2a5640ab57746db9125a8405ee885c6f,Stockport County FC,Crawley Town,2025-01-25T15:00:00Z,soccer_england_league1,League One,matchbook,2.5,1.7,1.93,2025-01-24T11:54:41Z,2025-01-24,2a5640ab57746db9125a8405ee885c6f_2.5
2a5640ab57746db9125a8405ee885c6f,Stockport County FC,Crawley Town,2025-01-25T15:00:00Z,soccer_england_league1,League One,betonlineag,2.5,1.82,2.02,2025-01-24T11:54:42Z,2025-01-24,2a5640ab57746db9125a8405ee885c6f_2.5
2a5640ab57746db9125a8405ee885c6f,Stockport County FC,Crawley Town,2025-01-25T15:00:00Z,soccer_england_league1,League One,lowvig,2.5,1.82,2.02,2025-01-24T11:54:41Z,2025-01-24,2a5640ab57746db9125a8405ee885c6f_2.5
acec5f88ebc2114efc043a751f59d4d7,Leyton Orient,Reading,2025-01-25T15:00:00Z,soccer_england_league1,League One,tipico_de,2.5,1.67,2.05,2025-01-24T11:54:43Z,2025-01-24,acec5f88ebc2114efc043a751f59d4d7_2.5
acec5f88ebc2114efc043a751f59d4d7,Leyton Orient,Reading,2025-01-25T15:00:00Z,soccer_england_league1,League One,onexbet,2.5,1.75,2.07,2025-01-24T11:54:41Z,2025-01-24,acec5f88ebc2114efc043a751f59d4d7_2.5
acec5f88ebc2114efc043a751f59d4d7,Leyton Orient,Reading,2025-01-25T15:00:00Z,soccer_england_league1,League One,pinnacle,2.75,1.95,1.88,2025-01-24T11:54:42Z,2025-01-24,acec5f88ebc2114efc043a751f59d4d7_2.75
acec5f88ebc2114efc043a751f59d4d7,Leyton Orient,Reading,2025-01-25T15:00:00Z,soccer_england_league1,League One,betsson,2.5,1.72,2.1,2025-01-24T11:54:42Z,2025-01-24,acec5f88ebc2114efc043a751f59d4d7_2.5
acec5f88ebc2114efc043a751f59d4d7,Leyton Orient,Reading,2025-01-25T15:00:00Z,soccer_england_league1,League One,nordicbet,2.5,1.72,2.1,2025-01-24T11:54:42Z,2025-01-24,acec5f88ebc2114efc043a751f59d4d7_2.5
acec5f88ebc2114efc043a751f59d4d7,Leyton Orient,Reading,2025-01-25T15:00:00Z,soccer_england_league1,League One,bovada,2.75,1.93,1.82,2025-01-24T11:54:41Z,2025-01-24,acec5f88ebc2114efc043a751f59d4d7_2.75
acec5f88ebc2114efc043a751f59d4d7,Leyton Orient,Reading,2025-01-25T15:00:00Z,soccer_england_league1,League One,williamhill,2.5,1.8,2.0,2025-01-24T11:54:42Z,2025-01-24,acec5f88ebc2114efc043a751f59d4d7_2.5
acec5f88ebc2114efc043a751f59d4d7,Leyton Orient,Reading,2025-01-25T15:00:00Z,soccer_england_league1,League One,betrivers,2.5,1.77,1.95,2025-01-24T11:54:42Z,2025-01-24,acec5f88ebc2114efc043a751f59d4d7_2.5
acec5f88ebc2114efc043a751f59d4d7,Leyton Orient,Reading,2025-01-25T15:00:00Z,soccer_england_league1,League One,unibet_eu,2.5,1.77,1.95,2025-01-24T11:54:42Z,2025-01-24,acec5f88ebc2114efc043a751f59d4d7_2.5
acec5f88ebc2114efc043a751f59d4d7,Leyton Orient,Reading,2025-01-25T15:00:00Z,soccer_england_league1,League One,unibet,2.5,1.77,1.96,2025-01-24T11:54:42Z,2025-01-24,acec5f88ebc2114efc043a751f59d4d7_2.5
acec5f88ebc2114efc043a751f59d4d7,Leyton Orient,Reading,2025-01-25T15:00:00Z,soccer_england_league1,League One,playup,2.5,1.7,2.08,2025-01-24T11:54:43Z,2025-01-24,acec5f88ebc2114efc043a751f59d4d7_2.5
acec5f88ebc2114efc043a751f59d4d7,Leyton Orient,Reading,2025-01-25T15:00:00Z,soccer_england_league1,League One,betus,2.75,1.87,1.88,2025-01-24T11:54:42Z,2025-01-24,acec5f88ebc2114efc043a751f59d4d7_2.75
acec5f88ebc2114efc043a751f59d4d7,Leyton Orient,Reading,2025-01-25T15:00:00Z,soccer_england_league1,League One,betonlineag,2.5,1.82,2.02,2025-01-24T11:54:42Z,2025-01-24,acec5f88ebc2114efc043a751f59d4d7_2.5
acec5f88ebc2114efc043a751f59d4d7,Leyton Orient,Reading,2025-01-25T15:00:00Z,soccer_england_league1,League One,lowvig,2.5,1.82,2.02,2025-01-24T11:54:41Z,2025-01-24,acec5f88ebc2114efc043a751f59d4d7_2.5
7363911b84de28bf92acf15520b58ba0,Lincoln City,Peterborough United,2025-01-25T15:00:00Z,soccer_england_league1,League One,tipico_de,2.5,1.77,1.93,2025-01-24T11:54:43Z,2025-01-24,7363911b84de28bf92acf15520b58ba0_2.5
7363911b84de28bf92acf15520b58ba0,Lincoln City,Peterborough United,2025-01-25T15:00:00Z,soccer_england_league1,League One,onexbet,2.5,1.87,1.93,2025-01-24T11:54:41Z,2025-01-24,7363911b84de28bf92acf15520b58ba0_2.5
7363911b84de28bf92acf15520b58ba0,Lincoln City,Peterborough United,2025-01-25T15:00:00Z,soccer_england_league1,League One,betsson,2.5,1.87,1.9,2025-01-24T11:54:42Z,2025-01-24,7363911b84de28bf92acf15520b58ba0_2.5
7363911b84de28bf92acf15520b58ba0,Lincoln City,Peterborough United,2025-01-25T15:00:00Z,soccer_england_league1,League One,nordicbet,2.5,1.87,1.9,2025-01-24T11:54:42Z,2025-01-24,7363911b84de28bf92acf15520b58ba0_2.5
7363911b84de28bf92acf15520b58ba0,Lincoln City,Peterborough United,2025-01-25T15:00:00Z,soccer_england_league1,League One,bovada,2.5,1.82,1.93,2025-01-24T11:54:41Z,2025-01-24,7363911b84de28bf92acf15520b58ba0_2.5
7363911b84de28bf92acf15520b58ba0,Lincoln City,Peterborough United,2025-01-25T15:00:00Z,soccer_england_league1,League One,williamhill,2.5,1.85,1.95,2025-01-24T11:54:42Z,2025-01-24,7363911b84de28bf92acf15520b58ba0_2.5
7363911b84de28bf92acf15520b58ba0,Lincoln City,Peterborough United,2025-01-25T15:00:00Z,soccer_england_league1,League One,betrivers,2.5,1.78,1.94,2025-01-24T11:54:42Z,2025-01-24,7363911b84de28bf92acf15520b58ba0_2.5
7363911b84de28bf92acf15520b58ba0,Lincoln City,Peterborough United,2025-01-25T15:00:00Z,soccer_england_league1,League One,unibet_eu,2.5,1.78,1.94,2025-01-24T11:54:42Z,2025-01-24,7363911b84de28bf92acf15520b58ba0_2.5
7363911b84de28bf92acf15520b58ba0,Lincoln City,Peterborough United,2025-01-25T15:00:00Z,soccer_england_league1,League One,unibet,2.5,1.78,1.95,2025-01-24T11:54:42Z,2025-01-24,7363911b84de28bf92acf15520b58ba0_2.5
7363911b84de28bf92acf15520b58ba0,Lincoln City,Peterborough United,2025-01-25T15:00:00Z,soccer_england_league1,League One,playup,2.5,1.85,1.88,2025-01-24T11:54:43Z,2025-01-24,7363911b84de28bf92acf15520b58ba0_2.5
7363911b84de28bf92acf15520b58ba0,Lincoln City,Peterborough United,2025-01-25T15:00:00Z,soccer_england_league1,League One,betus,2.5,1.82,1.93,2025-01-24T11:54:42Z,2025-01-24,7363911b84de28bf92acf15520b58ba0_2.5
7363911b84de28bf92acf15520b58ba0,Lincoln City,Peterborough United,2025-01-25T15:00:00Z,soccer_england_league1,League One,pinnacle,2.5,1.89,1.94,2025-01-24T11:54:42Z,2025-01-24,7363911b84de28bf92acf15520b58ba0_2.5
7363911b84de28bf92acf15520b58ba0,Lincoln City,Peterborough United,2025-01-25T15:00:00Z,soccer_england_league1,League One,matchbook,2.5,1.88,1.94,2025-01-24T11:54:41Z,2025-01-24,7363911b84de28bf92acf15520b58ba0_2.5
7363911b84de28bf92acf15520b58ba0,Lincoln City,Peterborough United,2025-01-25T15:00:00Z,soccer_england_league1,League One,betonlineag,2.5,1.91,1.91,2025-01-24T11:54:42Z,2025-01-24,7363911b84de28bf92acf15520b58ba0_2.5
7363911b84de28bf92acf15520b58ba0,Lincoln City,Peterborough United,2025-01-25T15:00:00Z,soccer_england_league1,League One,lowvig,2.5,1.91,1.91,2025-01-24T11:54:41Z,2025-01-24,7363911b84de28bf92acf15520b58ba0_2.5
5182e68258d022671408d2b53a911cae,Wycombe Wanderers,Northampton Town,2025-01-25T15:00:00Z,soccer_england_league1,League One,onexbet,2.5,1.79,2.02,2025-01-24T11:54:41Z,2025-01-24,5182e68258d022671408d2b53a911cae_2.5
5182e68258d022671408d2b53a911cae,Wycombe Wanderers,Northampton Town,2025-01-25T15:00:00Z,soccer_england_league1,League One,pinnacle,2.75,2.02,1.82,2025-01-24T11:54:42Z,2025-01-24,5182e68258d022671408d2b53a911cae_2.75
5182e68258d022671408d2b53a911cae,Wycombe Wanderers,Northampton Town,2025-01-25T15:00:00Z,soccer_england_league1,League One,tipico_de,2.5,1.7,2.0,2025-01-24T11:54:43Z,2025-01-24,5182e68258d022671408d2b53a911cae_2.5
5182e68258d022671408d2b53a911cae,Wycombe Wanderers,Northampton Town,2025-01-25T15:00:00Z,soccer_england_league1,League One,betsson,2.5,1.8,2.0,2025-01-24T11:54:42Z,2025-01-24,5182e68258d022671408d2b53a911cae_2.5
5182e68258d022671408d2b53a911cae,Wycombe Wanderers,Northampton Town,2025-01-25T15:00:00Z,soccer_england_league1,League One,nordicbet,2.5,1.8,2.0,2025-01-24T11:54:42Z,2025-01-24,5182e68258d022671408d2b53a911cae_2.5
5182e68258d022671408d2b53a911cae,Wycombe Wanderers,Northampton Town,2025-01-25T15:00:00Z,soccer_england_league1,League One,bovada,2.75,1.93,1.82,2025-01-24T11:54:41Z,2025-01-24,5182e68258d022671408d2b53a911cae_2.75
5182e68258d022671408d2b53a911cae,Wycombe Wanderers,Northampton Town,2025-01-25T15:00:00Z,soccer_england_league1,League One,williamhill,2.5,1.83,2.0,2025-01-24T11:54:42Z,2025-01-24,5182e68258d022671408d2b53a911cae_2.5
5182e68258d022671408d2b53a911cae,Wycombe Wanderers,Northampton Town,2025-01-25T15:00:00Z,soccer_england_league1,League One,betrivers,2.5,1.78,1.94,2025-01-24T11:54:42Z,2025-01-24,5182e68258d022671408d2b53a911cae_2.5
5182e68258d022671408d2b53a911cae,Wycombe Wanderers,Northampton Town,2025-01-25T15:00:00Z,soccer_england_league1,League One,unibet_eu,2.5,1.78,1.94,2025-01-24T11:54:42Z,2025-01-24,5182e68258d022671408d2b53a911cae_2.5
5182e68258d022671408d2b53a911cae,Wycombe Wanderers,Northampton Town,2025-01-25T15:00:00Z,soccer_england_league1,League One,unibet,2.5,1.78,1.95,2025-01-24T11:54:42Z,2025-01-24,5182e68258d022671408d2b53a911cae_2.5
5182e68258d022671408d2b53a911cae,Wycombe Wanderers,Northampton Town,2025-01-25T15:00:00Z,soccer_england_league1,League One,playup,2.5,1.77,1.98,2025-01-24T11:54:43Z,2025-01-24,5182e68258d022671408d2b53a911cae_2.5
5182e68258d022671408d2b53a911cae,Wycombe Wanderers,Northampton Town,2025-01-25T15:00:00Z,soccer_england_league1,League One,betus,2.75,1.93,1.82,2025-01-24T11:54:42Z,2025-01-24,5182e68258d022671408d2b53a911cae_2.75
5182e68258d022671408d2b53a911cae,Wycombe Wanderers,Northampton Town,2025-01-25T15:00:00Z,soccer_england_league1,League One,betonlineag,2.75,1.99,1.84,2025-01-24T11:54:42Z,2025-01-24,5182e68258d022671408d2b53a911cae_2.75
5182e68258d022671408d2b53a911cae,Wycombe Wanderers,Northampton Town,2025-01-25T15:00:00Z,soccer_england_league1,League One,lowvig,2.75,1.99,1.84,2025-01-24T11:54:41Z,2025-01-24,5182e68258d022671408d2b53a911cae_2.75
eff1e3f2c14aaa0a7eeb0b8bc775d433,Newport County,Swindon Town,2025-01-24T19:45:00Z,soccer_england_league2,League Two,pinnacle,2.75,2.01,1.83,2025-01-24T11:54:48Z,2025-01-24,eff1e3f2c14aaa0a7eeb0b8bc775d433_2.75
eff1e3f2c14aaa0a7eeb0b8bc775d433,Newport County,Swindon Town,2025-01-24T19:45:00Z,soccer_england_league2,League Two,onexbet,2.5,1.79,1.99,2025-01-24T11:54:48Z,2025-01-24,eff1e3f2c14aaa0a7eeb0b8bc775d433_2.5
eff1e3f2c14aaa0a7eeb0b8bc775d433,Newport County,Swindon Town,2025-01-24T19:45:00Z,soccer_england_league2,League Two,tipico_de,2.5,1.72,1.97,2025-01-24T11:54:51Z,2025-01-24,eff1e3f2c14aaa0a7eeb0b8bc775d433_2.5
eff1e3f2c14aaa0a7eeb0b8bc775d433,Newport County,Swindon Town,2025-01-24T19:45:00Z,soccer_england_league2,League Two,betsson,2.5,1.8,2.0,2025-01-24T11:54:49Z,2025-01-24,eff1e3f2c14aaa0a7eeb0b8bc775d433_2.5
eff1e3f2c14aaa0a7eeb0b8bc775d433,Newport County,Swindon Town,2025-01-24T19:45:00Z,soccer_england_league2,League Two,nordicbet,2.5,1.8,2.0,2025-01-24T11:54:49Z,2025-01-24,eff1e3f2c14aaa0a7eeb0b8bc775d433_2.5
eff1e3f2c14aaa0a7eeb0b8bc775d433,Newport County,Swindon Town,2025-01-24T19:45:00Z,soccer_england_league2,League Two,bovada,2.75,1.98,1.78,2025-01-24T11:54:48Z,2025-01-24,eff1e3f2c14aaa0a7eeb0b8bc775d433_2.75
eff1e3f2c14aaa0a7eeb0b8bc775d433,Newport County,Swindon Town,2025-01-24T19:45:00Z,soccer_england_league2,League Two,williamhill,2.5,1.8,2.0,2025-01-24T11:54:49Z,2025-01-24,eff1e3f2c14aaa0a7eeb0b8bc775d433_2.5
eff1e3f2c14aaa0a7eeb0b8bc775d433,Newport County,Swindon Town,2025-01-24T19:45:00Z,soccer_england_league2,League Two,playup,2.5,1.8,1.95,2025-01-24T11:54:50Z,2025-01-24,eff1e3f2c14aaa0a7eeb0b8bc775d433_2.5
eff1e3f2c14aaa0a7eeb0b8bc775d433,Newport County,Swindon Town,2025-01-24T19:45:00Z,soccer_england_league2,League Two,betrivers,2.5,1.77,1.96,2025-01-24T11:54:48Z,2025-01-24,eff1e3f2c14aaa0a7eeb0b8bc775d433_2.5
eff1e3f2c14aaa0a7eeb0b8bc775d433,Newport County,Swindon Town,2025-01-24T19:45:00Z,soccer_england_league2,League Two,unibet_eu,2.5,1.77,1.96,2025-01-24T11:54:49Z,2025-01-24,eff1e3f2c14aaa0a7eeb0b8bc775d433_2.5
eff1e3f2c14aaa0a7eeb0b8bc775d433,Newport County,Swindon Town,2025-01-24T19:45:00Z,soccer_england_league2,League Two,unibet,2.5,1.77,1.97,2025-01-24T11:54:50Z,2025-01-24,eff1e3f2c14aaa0a7eeb0b8bc775d433_2.5
eff1e3f2c14aaa0a7eeb0b8bc775d433,Newport County,Swindon Town,2025-01-24T19:45:00Z,soccer_england_league2,League Two,betus,2.75,1.92,1.83,2025-01-24T11:54:49Z,2025-01-24,eff1e3f2c14aaa0a7eeb0b8bc775d433_2.75
eff1e3f2c14aaa0a7eeb0b8bc775d433,Newport County,Swindon Town,2025-01-24T19:45:00Z,soccer_england_league2,League Two,matchbook,2.5,1.85,2.12,2025-01-24T11:54:48Z,2025-01-24,eff1e3f2c14aaa0a7eeb0b8bc775d433_2.5
eff1e3f2c14aaa0a7eeb0b8bc775d433,Newport County,Swindon Town,2025-01-24T19:45:00Z,soccer_england_league2,League Two,betonlineag,2.75,2.05,1.8,2025-01-24T11:53:41Z,2025-01-24,eff1e3f2c14aaa0a7eeb0b8bc775d433_2.75
eff1e3f2c14aaa0a7eeb0b8bc775d433,Newport County,Swindon Town,2025-01-24T19:45:00Z,soccer_england_league2,League Two,lowvig,2.75,2.05,1.8,2025-01-24T11:54:48Z,2025-01-24,eff1e3f2c14aaa0a7eeb0b8bc775d433_2.75
2770f05d60fbf1471b8413c3a876b46c,Bradford City,Walsall,2025-01-25T12:30:00Z,soccer_england_league2,League Two,pinnacle,2.25,1.84,1.96,2025-01-24T11:54:48Z,2025-01-24,2770f05d60fbf1471b8413c3a876b46c_2.25
2770f05d60fbf1471b8413c3a876b46c,Bradford City,Walsall,2025-01-25T12:30:00Z,soccer_england_league2,League Two,onexbet,2.5,2.08,1.72,2025-01-24T11:54:48Z,2025-01-24,2770f05d60fbf1471b8413c3a876b46c_2.5
2770f05d60fbf1471b8413c3a876b46c,Bradford City,Walsall,2025-01-25T12:30:00Z,soccer_england_league2,League Two,tipico_de,2.5,2.0,1.7,2025-01-24T11:54:51Z,2025-01-24,2770f05d60fbf1471b8413c3a876b46c_2.5
2770f05d60fbf1471b8413c3a876b46c,Bradford City,Walsall,2025-01-25T12:30:00Z,soccer_england_league2,League Two,betsson,2.5,2.05,1.75,2025-01-24T11:54:49Z,2025-01-24,2770f05d60fbf1471b8413c3a876b46c_2.5
2770f05d60fbf1471b8413c3a876b46c,Bradford City,Walsall,2025-01-25T12:30:00Z,soccer_england_league2,League Two,nordicbet,2.5,2.05,1.75,2025-01-24T11:54:49Z,2025-01-24,2770f05d60fbf1471b8413c3a876b46c_2.5
2770f05d60fbf1471b8413c3a876b46c,Bradford City,Walsall,2025-01-25T12:30:00Z,soccer_england_league2,League Two,bovada,2.25,1.82,1.93,2025-01-24T11:54:48Z,2025-01-24,2770f05d60fbf1471b8413c3a876b46c_2.25
2770f05d60fbf1471b8413c3a876b46c,Bradford City,Walsall,2025-01-25T12:30:00Z,soccer_england_league2,League Two,williamhill,2.5,2.2,1.7,2025-01-24T11:54:49Z,2025-01-24,2770f05d60fbf1471b8413c3a876b46c_2.5
2770f05d60fbf1471b8413c3a876b46c,Bradford City,Walsall,2025-01-25T12:30:00Z,soccer_england_league2,League Two,unibet,2.5,2.0,1.74,2025-01-24T11:54:50Z,2025-01-24,2770f05d60fbf1471b8413c3a876b46c_2.5
2770f05d60fbf1471b8413c3a876b46c,Bradford City,Walsall,2025-01-25T12:30:00Z,soccer_england_league2,League Two,betrivers,2.5,2.0,1.74,2025-01-24T11:54:48Z,2025-01-24,2770f05d60fbf1471b8413c3a876b46c_2.5
2770f05d60fbf1471b8413c3a876b46c,Bradford City,Walsall,2025-01-25T12:30:00Z,soccer_england_league2,League Two,unibet_eu,2.5,2.0,1.74,2025-01-24T11:54:49Z,2025-01-24,2770f05d60fbf1471b8413c3a876b46c_2.5
2770f05d60fbf1471b8413c3a876b46c,Bradford City,Walsall,2025-01-25T12:30:00Z,soccer_england_league2,League Two,playup,2.5,2.0,1.72,2025-01-24T11:54:50Z,2025-01-24,2770f05d60fbf1471b8413c3a876b46c_2.5
2770f05d60fbf1471b8413c3a876b46c,Bradford City,Walsall,2025-01-25T12:30:00Z,soccer_england_league2,League Two,betus,2.25,1.85,1.89,2025-01-24T11:54:49Z,2025-01-24,2770f05d60fbf1471b8413c3a876b46c_2.25
2770f05d60fbf1471b8413c3a876b46c,Bradford City,Walsall,2025-01-25T12:30:00Z,soccer_england_league2,League Two,matchbook,2.5,2.1,1.72,2025-01-24T11:54:48Z,2025-01-24,2770f05d60fbf1471b8413c3a876b46c_2.5
2770f05d60fbf1471b8413c3a876b46c,Bradford City,Walsall,2025-01-25T12:30:00Z,soccer_england_league2,League Two,lowvig,2.25,1.84,1.99,2025-01-24T11:54:48Z,2025-01-24,2770f05d60fbf1471b8413c3a876b46c_2.25
2770f05d60fbf1471b8413c3a876b46c,Bradford City,Walsall,2025-01-25T12:30:00Z,soccer_england_league2,League Two,betonlineag,2.25,1.84,1.99,2025-01-24T11:53:41Z,2025-01-24,2770f05d60fbf1471b8413c3a876b46c_2.25
29d8dd084be8f90c7677a05faa0d0113,Milton Keynes Dons,Wimbledon,2025-01-25T12:30:00Z,soccer_england_league2,League Two,onexbet,2.5,2.0,1.78,2025-01-24T11:54:48Z,2025-01-24,29d8dd084be8f90c7677a05faa0d0113_2.5
29d8dd084be8f90c7677a05faa0d0113,Milton Keynes Dons,Wimbledon,2025-01-25T12:30:00Z,soccer_england_league2,League Two,betsson,2.5,2.0,1.78,2025-01-24T11:54:49Z,2025-01-24,29d8dd084be8f90c7677a05faa0d0113_2.5
29d8dd084be8f90c7677a05faa0d0113,Milton Keynes Dons,Wimbledon,2025-01-25T12:30:00Z,soccer_england_league2,League Two,nordicbet,2.5,2.0,1.78,2025-01-24T11:54:49Z,2025-01-24,29d8dd084be8f90c7677a05faa0d0113_2.5
29d8dd084be8f90c7677a05faa0d0113,Milton Keynes Dons,Wimbledon,2025-01-25T12:30:00Z,soccer_england_league2,League Two,bovada,2.5,2.0,1.77,2025-01-24T11:54:48Z,2025-01-24,29d8dd084be8f90c7677a05faa0d0113_2.5
29d8dd084be8f90c7677a05faa0d0113,Milton Keynes Dons,Wimbledon,2025-01-25T12:30:00Z,soccer_england_league2,League Two,williamhill,2.5,2.0,1.8,2025-01-24T11:54:49Z,2025-01-24,29d8dd084be8f90c7677a05faa0d0113_2.5
29d8dd084be8f90c7677a05faa0d0113,Milton Keynes Dons,Wimbledon,2025-01-25T12:30:00Z,soccer_england_league2,League Two,betrivers,2.5,2.07,1.68,2025-01-24T11:54:48Z,2025-01-24,29d8dd084be8f90c7677a05faa0d0113_2.5
29d8dd084be8f90c7677a05faa0d0113,Milton Keynes Dons,Wimbledon,2025-01-25T12:30:00Z,soccer_england_league2,League Two,unibet_eu,2.5,2.07,1.68,2025-01-24T11:54:49Z,2025-01-24,29d8dd084be8f90c7677a05faa0d0113_2.5
29d8dd084be8f90c7677a05faa0d0113,Milton Keynes Dons,Wimbledon,2025-01-25T12:30:00Z,soccer_england_league2,League Two,unibet,2.5,2.07,1.68,2025-01-24T11:54:50Z,2025-01-24,29d8dd084be8f90c7677a05faa0d0113_2.5
29d8dd084be8f90c7677a05faa0d0113,Milton Keynes Dons,Wimbledon,2025-01-25T12:30:00Z,soccer_england_league2,League Two,tipico_de,2.5,1.95,1.75,2025-01-24T11:54:51Z,2025-01-24,29d8dd084be8f90c7677a05faa0d0113_2.5
29d8dd084be8f90c7677a05faa0d0113,Milton Keynes Dons,Wimbledon,2025-01-25T12:30:00Z,soccer_england_league2,League Two,playup,2.5,1.98,1.75,2025-01-24T11:54:50Z,2025-01-24,29d8dd084be8f90c7677a05faa0d0113_2.5
29d8dd084be8f90c7677a05faa0d0113,Milton Keynes Dons,Wimbledon,2025-01-25T12:30:00Z,soccer_england_league2,League Two,betus,2.5,2.0,1.77,2025-01-24T11:54:49Z,2025-01-24,29d8dd084be8f90c7677a05faa0d0113_2.5
29d8dd084be8f90c7677a05faa0d0113,Milton Keynes Dons,Wimbledon,2025-01-25T12:30:00Z,soccer_england_league2,League Two,pinnacle,2.5,2.03,1.79,2025-01-24T11:54:48Z,2025-01-24,29d8dd084be8f90c7677a05faa0d0113_2.5
29d8dd084be8f90c7677a05faa0d0113,Milton Keynes Dons,Wimbledon,2025-01-25T12:30:00Z,soccer_england_league2,League Two,matchbook,2.5,2.04,1.79,2025-01-24T11:54:48Z,2025-01-24,29d8dd084be8f90c7677a05faa0d0113_2.5
29d8dd084be8f90c7677a05faa0d0113,Milton Keynes Dons,Wimbledon,2025-01-25T12:30:00Z,soccer_england_league2,League Two,lowvig,2.5,2.05,1.8,2025-01-24T11:54:48Z,2025-01-24,29d8dd084be8f90c7677a05faa0d0113_2.5
29d8dd084be8f90c7677a05faa0d0113,Milton Keynes Dons,Wimbledon,2025-01-25T12:30:00Z,soccer_england_league2,League Two,betonlineag,2.5,2.05,1.8,2025-01-24T11:53:41Z,2025-01-24,29d8dd084be8f90c7677a05faa0d0113_2.5
2d8bc0192bc7f0d86f54e062fdd6c14c,Crewe Alexandra,Accrington Stanley,2025-01-25T15:00:00Z,soccer_england_league2,League Two,pinnacle,2.25,1.79,2.02,2025-01-24T11:54:48Z,2025-01-24,2d8bc0192bc7f0d86f54e062fdd6c14c_2.25
2d8bc0192bc7f0d86f54e062fdd6c14c,Crewe Alexandra,Accrington Stanley,2025-01-25T15:00:00Z,soccer_england_league2,League Two,onexbet,2.5,2.02,1.76,2025-01-24T11:54:48Z,2025-01-24,2d8bc0192bc7f0d86f54e062fdd6c14c_2.5
2d8bc0192bc7f0d86f54e062fdd6c14c,Crewe Alexandra,Accrington Stanley,2025-01-25T15:00:00Z,soccer_england_league2,League Two,tipico_de,2.5,1.93,1.75,2025-01-24T11:54:51Z,2025-01-24,2d8bc0192bc7f0d86f54e062fdd6c14c_2.5
2d8bc0192bc7f0d86f54e062fdd6c14c,Crewe Alexandra,Accrington Stanley,2025-01-25T15:00:00Z,soccer_england_league2,League Two,betsson,2.5,2.0,1.78,2025-01-24T11:54:49Z,2025-01-24,2d8bc0192bc7f0d86f54e062fdd6c14c_2.5
2d8bc0192bc7f0d86f54e062fdd6c14c,Crewe Alexandra,Accrington Stanley,2025-01-25T15:00:00Z,soccer_england_league2,League Two,nordicbet,2.5,2.0,1.78,2025-01-24T11:54:49Z,2025-01-24,2d8bc0192bc7f0d86f54e062fdd6c14c_2.5
2d8bc0192bc7f0d86f54e062fdd6c14c,Crewe Alexandra,Accrington Stanley,2025-01-25T15:00:00Z,soccer_england_league2,League Two,bovada,2.25,1.78,1.98,2025-01-24T11:54:48Z,2025-01-24,2d8bc0192bc7f0d86f54e062fdd6c14c_2.25
2d8bc0192bc7f0d86f54e062fdd6c14c,Crewe Alexandra,Accrington Stanley,2025-01-25T15:00:00Z,soccer_england_league2,League Two,williamhill,2.5,2.1,1.73,2025-01-24T11:54:49Z,2025-01-24,2d8bc0192bc7f0d86f54e062fdd6c14c_2.5
2d8bc0192bc7f0d86f54e062fdd6c14c,Crewe Alexandra,Accrington Stanley,2025-01-25T15:00:00Z,soccer_england_league2,League Two,betrivers,2.5,2.07,1.68,2025-01-24T11:54:48Z,2025-01-24,2d8bc0192bc7f0d86f54e062fdd6c14c_2.5
2d8bc0192bc7f0d86f54e062fdd6c14c,Crewe Alexandra,Accrington Stanley,2025-01-25T15:00:00Z,soccer_england_league2,League Two,unibet_eu,2.5,2.07,1.68,2025-01-24T11:54:49Z,2025-01-24,2d8bc0192bc7f0d86f54e062fdd6c14c_2.5
2d8bc0192bc7f0d86f54e062fdd6c14c,Crewe Alexandra,Accrington Stanley,2025-01-25T15:00:00Z,soccer_england_league2,League Two,unibet,2.5,2.07,1.68,2025-01-24T11:54:50Z,2025-01-24,2d8bc0192bc7f0d86f54e062fdd6c14c_2.5
2d8bc0192bc7f0d86f54e062fdd6c14c,Crewe Alexandra,Accrington Stanley,2025-01-25T15:00:00Z,soccer_england_league2,League Two,playup,2.5,1.98,1.75,2025-01-24T11:54:50Z,2025-01-24,2d8bc0192bc7f0d86f54e062fdd6c14c_2.5
2d8bc0192bc7f0d86f54e062fdd6c14c,Crewe Alexandra,Accrington Stanley,2025-01-25T15:00:00Z,soccer_england_league2,League Two,betus,2.25,1.8,1.95,2025-01-24T11:54:49Z,2025-01-24,2d8bc0192bc7f0d86f54e062fdd6c14c_2.25
2d8bc0192bc7f0d86f54e062fdd6c14c,Crewe Alexandra,Accrington Stanley,2025-01-25T15:00:00Z,soccer_england_league2,League Two,matchbook,2.5,2.08,1.78,2025-01-24T11:54:48Z,2025-01-24,2d8bc0192bc7f0d86f54e062fdd6c14c_2.5
2d8bc0192bc7f0d86f54e062fdd6c14c,Crewe Alexandra,Accrington Stanley,2025-01-25T15:00:00Z,soccer_england_league2,League Two,lowvig,2.25,1.84,1.99,2025-01-24T11:54:48Z,2025-01-24,2d8bc0192bc7f0d86f54e062fdd6c14c_2.25
2d8bc0192bc7f0d86f54e062fdd6c14c,Crewe Alexandra,Accrington Stanley,2025-01-25T15:00:00Z,soccer_england_league2,League Two,betonlineag,2.25,1.84,1.99,2025-01-24T11:53:41Z,2025-01-24,2d8bc0192bc7f0d86f54e062fdd6c14c_2.25
fcdcd7a70f82a1d4342acbeee13e0167,Barrow,Grimsby Town,2025-01-25T15:00:00Z,soccer_england_league2,League Two,pinnacle,2.25,1.88,1.93,2025-01-24T11:54:48Z,2025-01-24,fcdcd7a70f82a1d4342acbeee13e0167_2.25
fcdcd7a70f82a1d4342acbeee13e0167,Barrow,Grimsby Town,2025-01-25T15:00:00Z,soccer_england_league2,League Two,onexbet,2.5,2.11,1.7,2025-01-24T11:54:48Z,2025-01-24,fcdcd7a70f82a1d4342acbeee13e0167_2.5
fcdcd7a70f82a1d4342acbeee13e0167,Barrow,Grimsby Town,2025-01-25T15:00:00Z,soccer_england_league2,League Two,tipico_de,2.5,2.0,1.7,2025-01-24T11:54:51Z,2025-01-24,fcdcd7a70f82a1d4342acbeee13e0167_2.5
fcdcd7a70f82a1d4342acbeee13e0167,Barrow,Grimsby Town,2025-01-25T15:00:00Z,soccer_england_league2,League Two,betsson,2.5,2.15,1.68,2025-01-24T11:54:49Z,2025-01-24,fcdcd7a70f82a1d4342acbeee13e0167_2.5
fcdcd7a70f82a1d4342acbeee13e0167,Barrow,Grimsby Town,2025-01-25T15:00:00Z,soccer_england_league2,League Two,nordicbet,2.5,2.15,1.68,2025-01-24T11:54:49Z,2025-01-24,fcdcd7a70f82a1d4342acbeee13e0167_2.5
fcdcd7a70f82a1d4342acbeee13e0167,Barrow,Grimsby Town,2025-01-25T15:00:00Z,soccer_england_league2,League Two,bovada,2.25,1.83,1.91,2025-01-24T11:54:48Z,2025-01-24,fcdcd7a70f82a1d4342acbeee13e0167_2.25
fcdcd7a70f82a1d4342acbeee13e0167,Barrow,Grimsby Town,2025-01-25T15:00:00Z,soccer_england_league2,League Two,williamhill,2.5,2.15,1.7,2025-01-24T11:54:49Z,2025-01-24,fcdcd7a70f82a1d4342acbeee13e0167_2.5
fcdcd7a70f82a1d4342acbeee13e0167,Barrow,Grimsby Town,2025-01-25T15:00:00Z,soccer_england_league2,League Two,betrivers,2.5,2.05,1.7,2025-01-24T11:54:48Z,2025-01-24,fcdcd7a70f82a1d4342acbeee13e0167_2.5
fcdcd7a70f82a1d4342acbeee13e0167,Barrow,Grimsby Town,2025-01-25T15:00:00Z,soccer_england_league2,League Two,unibet_eu,2.5,2.05,1.7,2025-01-24T11:54:49Z,2025-01-24,fcdcd7a70f82a1d4342acbeee13e0167_2.5
fcdcd7a70f82a1d4342acbeee13e0167,Barrow,Grimsby Town,2025-01-25T15:00:00Z,soccer_england_league2,League Two,unibet,2.5,2.05,1.7,2025-01-24T11:54:50Z,2025-01-24,fcdcd7a70f82a1d4342acbeee13e0167_2.5
fcdcd7a70f82a1d4342acbeee13e0167,Barrow,Grimsby Town,2025-01-25T15:00:00Z,soccer_england_league2,League Two,playup,2.5,2.12,1.65,2025-01-24T11:54:50Z,2025-01-24,fcdcd7a70f82a1d4342acbeee13e0167_2.5
fcdcd7a70f82a1d4342acbeee13e0167,Barrow,Grimsby Town,2025-01-25T15:00:00Z,soccer_england_league2,League Two,betus,2.25,1.88,1.87,2025-01-24T11:54:49Z,2025-01-24,fcdcd7a70f82a1d4342acbeee13e0167_2.25
fcdcd7a70f82a1d4342acbeee13e0167,Barrow,Grimsby Town,2025-01-25T15:00:00Z,soccer_england_league2,League Two,matchbook,2.5,2.14,1.74,2025-01-24T11:54:48Z,2025-01-24,fcdcd7a70f82a1d4342acbeee13e0167_2.5
fcdcd7a70f82a1d4342acbeee13e0167,Barrow,Grimsby Town,2025-01-25T15:00:00Z,soccer_england_league2,League Two,lowvig,2.25,1.88,1.94,2025-01-24T11:54:48Z,2025-01-24,fcdcd7a70f82a1d4342acbeee13e0167_2.25
fcdcd7a70f82a1d4342acbeee13e0167,Barrow,Grimsby Town,2025-01-25T15:00:00Z,soccer_england_league2,League Two,betonlineag,2.25,1.88,1.94,2025-01-24T11:53:41Z,2025-01-24,fcdcd7a70f82a1d4342acbeee13e0167_2.25
f92fec74c1f2335f4581abc182cf987a,Notts County,Bromley FC,2025-01-25T15:00:00Z,soccer_england_league2,League Two,pinnacle,2.75,1.85,1.95,2025-01-24T11:54:48Z,2025-01-24,f92fec74c1f2335f4581abc182cf987a_2.75
f92fec74c1f2335f4581abc182cf987a,Notts County,Bromley FC,2025-01-25T15:00:00Z,soccer_england_league2,League Two,onexbet,2.5,1.68,2.14,2025-01-24T11:54:48Z,2025-01-24,f92fec74c1f2335f4581abc182cf987a_2.5
f92fec74c1f2335f4581abc182cf987a,Notts County,Bromley FC,2025-01-25T15:00:00Z,soccer_england_league2,League Two,tipico_de,2.5,1.62,2.15,2025-01-24T11:54:51Z,2025-01-24,f92fec74c1f2335f4581abc182cf987a_2.5
f92fec74c1f2335f4581abc182cf987a,Notts County,Bromley FC,2025-01-25T15:00:00Z,soccer_england_league2,League Two,betsson,2.5,1.7,2.15,2025-01-24T11:54:49Z,2025-01-24,f92fec74c1f2335f4581abc182cf987a_2.5
f92fec74c1f2335f4581abc182cf987a,Notts County,Bromley FC,2025-01-25T15:00:00Z,soccer_england_league2,League Two,nordicbet,2.5,1.7,2.15,2025-01-24T11:54:49Z,2025-01-24,f92fec74c1f2335f4581abc182cf987a_2.5
f92fec74c1f2335f4581abc182cf987a,Notts County,Bromley FC,2025-01-25T15:00:00Z,soccer_england_league2,League Two,bovada,2.75,1.83,1.91,2025-01-24T11:54:48Z,2025-01-24,f92fec74c1f2335f4581abc182cf987a_2.75
f92fec74c1f2335f4581abc182cf987a,Notts County,Bromley FC,2025-01-25T15:00:00Z,soccer_england_league2,League Two,williamhill,2.5,1.75,2.1,2025-01-24T11:54:49Z,2025-01-24,f92fec74c1f2335f4581abc182cf987a_2.5
f92fec74c1f2335f4581abc182cf987a,Notts County,Bromley FC,2025-01-25T15:00:00Z,soccer_england_league2,League Two,betrivers,2.5,1.67,2.1,2025-01-24T11:54:48Z,2025-01-24,f92fec74c1f2335f4581abc182cf987a_2.5
f92fec74c1f2335f4581abc182cf987a,Notts County,Bromley FC,2025-01-25T15:00:00Z,soccer_england_league2,League Two,unibet_eu,2.5,1.67,2.1,2025-01-24T11:54:49Z,2025-01-24,f92fec74c1f2335f4581abc182cf987a_2.5
f92fec74c1f2335f4581abc182cf987a,Notts County,Bromley FC,2025-01-25T15:00:00Z,soccer_england_league2,League Two,unibet,2.5,1.67,2.1,2025-01-24T11:54:50Z,2025-01-24,f92fec74c1f2335f4581abc182cf987a_2.5
f92fec74c1f2335f4581abc182cf987a,Notts County,Bromley FC,2025-01-25T15:00:00Z,soccer_england_league2,League Two,playup,2.5,1.65,2.1,2025-01-24T11:54:50Z,2025-01-24,f92fec74c1f2335f4581abc182cf987a_2.5
f92fec74c1f2335f4581abc182cf987a,Notts County,Bromley FC,2025-01-25T15:00:00Z,soccer_england_league2,League Two,betus,2.75,1.86,1.88,2025-01-24T11:54:49Z,2025-01-24,f92fec74c1f2335f4581abc182cf987a_2.75
f92fec74c1f2335f4581abc182cf987a,Notts County,Bromley FC,2025-01-25T15:00:00Z,soccer_england_league2,League Two,matchbook,2.5,1.58,2.16,2025-01-24T11:54:48Z,2025-01-24,f92fec74c1f2335f4581abc182cf987a_2.5
f92fec74c1f2335f4581abc182cf987a,Notts County,Bromley FC,2025-01-25T15:00:00Z,soccer_england_league2,League Two,lowvig,2.75,1.87,1.95,2025-01-24T11:54:48Z,2025-01-24,f92fec74c1f2335f4581abc182cf987a_2.75
f92fec74c1f2335f4581abc182cf987a,Notts County,Bromley FC,2025-01-25T15:00:00Z,soccer_england_league2,League Two,betonlineag,2.75,1.87,1.95,2025-01-24T11:53:41Z,2025-01-24,f92fec74c1f2335f4581abc182cf987a_2.75
16a834b151672c023c5d2f4ddb22b850,Fleetwood Town,Carlisle United,2025-01-25T15:00:00Z,soccer_england_league2,League Two,onexbet,2.5,1.95,1.82,2025-01-24T11:54:48Z,2025-01-24,16a834b151672c023c5d2f4ddb22b850_2.5
16a834b151672c023c5d2f4ddb22b850,Fleetwood Town,Carlisle United,2025-01-25T15:00:00Z,soccer_england_league2,League Two,betsson,2.5,2.0,1.8,2025-01-24T11:54:49Z,2025-01-24,16a834b151672c023c5d2f4ddb22b850_2.5
16a834b151672c023c5d2f4ddb22b850,Fleetwood Town,Carlisle United,2025-01-25T15:00:00Z,soccer_england_league2,League Two,nordicbet,2.5,2.0,1.8,2025-01-24T11:54:49Z,2025-01-24,16a834b151672c023c5d2f4ddb22b850_2.5
16a834b151672c023c5d2f4ddb22b850,Fleetwood Town,Carlisle United,2025-01-25T15:00:00Z,soccer_england_league2,League Two,bovada,2.5,1.98,1.78,2025-01-24T11:54:48Z,2025-01-24,16a834b151672c023c5d2f4ddb22b850_2.5
16a834b151672c023c5d2f4ddb22b850,Fleetwood Town,Carlisle United,2025-01-25T15:00:00Z,soccer_england_league2,League Two,williamhill,2.5,2.05,1.8,2025-01-24T11:54:49Z,2025-01-24,16a834b151672c023c5d2f4ddb22b850_2.5
16a834b151672c023c5d2f4ddb22b850,Fleetwood Town,Carlisle United,2025-01-25T15:00:00Z,soccer_england_league2,League Two,betrivers,2.5,1.89,1.82,2025-01-24T11:54:48Z,2025-01-24,16a834b151672c023c5d2f4ddb22b850_2.5
16a834b151672c023c5d2f4ddb22b850,Fleetwood Town,Carlisle United,2025-01-25T15:00:00Z,soccer_england_league2,League Two,unibet_eu,2.5,1.89,1.82,2025-01-24T11:54:49Z,2025-01-24,16a834b151672c023c5d2f4ddb22b850_2.5
16a834b151672c023c5d2f4ddb22b850,Fleetwood Town,Carlisle United,2025-01-25T15:00:00Z,soccer_england_league2,League Two,unibet,2.5,1.9,1.82,2025-01-24T11:54:50Z,2025-01-24,16a834b151672c023c5d2f4ddb22b850_2.5
16a834b151672c023c5d2f4ddb22b850,Fleetwood Town,Carlisle United,2025-01-25T15:00:00Z,soccer_england_league2,League Two,tipico_de,2.5,1.9,1.8,2025-01-24T11:54:51Z,2025-01-24,16a834b151672c023c5d2f4ddb22b850_2.5
16a834b151672c023c5d2f4ddb22b850,Fleetwood Town,Carlisle United,2025-01-25T15:00:00Z,soccer_england_league2,League Two,playup,2.5,1.95,1.77,2025-01-24T11:54:50Z,2025-01-24,16a834b151672c023c5d2f4ddb22b850_2.5
16a834b151672c023c5d2f4ddb22b850,Fleetwood Town,Carlisle United,2025-01-25T15:00:00Z,soccer_england_league2,League Two,betus,2.5,1.98,1.78,2025-01-24T11:54:49Z,2025-01-24,16a834b151672c023c5d2f4ddb22b850_2.5
16a834b151672c023c5d2f4ddb22b850,Fleetwood Town,Carlisle United,2025-01-25T15:00:00Z,soccer_england_league2,League Two,pinnacle,2.5,1.96,1.84,2025-01-24T11:54:48Z,2025-01-24,16a834b151672c023c5d2f4ddb22b850_2.5
16a834b151672c023c5d2f4ddb22b850,Fleetwood Town,Carlisle United,2025-01-25T15:00:00Z,soccer_england_league2,League Two,matchbook,2.5,1.99,1.84,2025-01-24T11:54:48Z,2025-01-24,16a834b151672c023c5d2f4ddb22b850_2.5
16a834b151672c023c5d2f4ddb22b850,Fleetwood Town,Carlisle United,2025-01-25T15:00:00Z,soccer_england_league2,League Two,lowvig,2.25,1.84,1.99,2025-01-24T11:54:48Z,2025-01-24,16a834b151672c023c5d2f4ddb22b850_2.25
16a834b151672c023c5d2f4ddb22b850,Fleetwood Town,Carlisle United,2025-01-25T15:00:00Z,soccer_england_league2,League Two,betonlineag,2.25,1.84,1.99,2025-01-24T11:53:41Z,2025-01-24,16a834b151672c023c5d2f4ddb22b850_2.25
8b2aca244c4b2f8e6122e9431eb24e33,Cheltenham Town,Salford City,2025-01-25T15:00:00Z,soccer_england_league2,League Two,pinnacle,2.25,1.9,1.9,2025-01-24T11:54:48Z,2025-01-24,8b2aca244c4b2f8e6122e9431eb24e33_2.25
8b2aca244c4b2f8e6122e9431eb24e33,Cheltenham Town,Salford City,2025-01-25T15:00:00Z,soccer_england_league2,League Two,onexbet,2.5,2.16,1.67,2025-01-24T11:54:48Z,2025-01-24,8b2aca244c4b2f8e6122e9431eb24e33_2.5
8b2aca244c4b2f8e6122e9431eb24e33,Cheltenham Town,Salford City,2025-01-25T15:00:00Z,soccer_england_league2,League Two,tipico_de,2.5,2.1,1.65,2025-01-24T11:54:51Z,2025-01-24,8b2aca244c4b2f8e6122e9431eb24e33_2.5
8b2aca244c4b2f8e6122e9431eb24e33,Cheltenham Town,Salford City,2025-01-25T15:00:00Z,soccer_england_league2,League Two,betsson,2.5,2.15,1.68,2025-01-24T11:54:49Z,2025-01-24,8b2aca244c4b2f8e6122e9431eb24e33_2.5
8b2aca244c4b2f8e6122e9431eb24e33,Cheltenham Town,Salford City,2025-01-25T15:00:00Z,soccer_england_league2,League Two,nordicbet,2.5,2.15,1.68,2025-01-24T11:54:49Z,2025-01-24,8b2aca244c4b2f8e6122e9431eb24e33_2.5
8b2aca244c4b2f8e6122e9431eb24e33,Cheltenham Town,Salford City,2025-01-25T15:00:00Z,soccer_england_league2,League Two,bovada,2.25,1.87,1.87,2025-01-24T11:54:48Z,2025-01-24,8b2aca244c4b2f8e6122e9431eb24e33_2.25
8b2aca244c4b2f8e6122e9431eb24e33,Cheltenham Town,Salford City,2025-01-25T15:00:00Z,soccer_england_league2,League Two,williamhill,2.5,2.15,1.73,2025-01-24T11:54:49Z,2025-01-24,8b2aca244c4b2f8e6122e9431eb24e33_2.5
8b2aca244c4b2f8e6122e9431eb24e33,Cheltenham Town,Salford City,2025-01-25T15:00:00Z,soccer_england_league2,League Two,unibet,2.5,2.18,1.62,2025-01-24T11:54:50Z,2025-01-24,8b2aca244c4b2f8e6122e9431eb24e33_2.5
8b2aca244c4b2f8e6122e9431eb24e33,Cheltenham Town,Salford City,2025-01-25T15:00:00Z,soccer_england_league2,League Two,betrivers,2.5,2.18,1.62,2025-01-24T11:54:48Z,2025-01-24,8b2aca244c4b2f8e6122e9431eb24e33_2.5
8b2aca244c4b2f8e6122e9431eb24e33,Cheltenham Town,Salford City,2025-01-25T15:00:00Z,soccer_england_league2,League Two,unibet_eu,2.5,2.18,1.62,2025-01-24T11:54:49Z,2025-01-24,8b2aca244c4b2f8e6122e9431eb24e33_2.5
8b2aca244c4b2f8e6122e9431eb24e33,Cheltenham Town,Salford City,2025-01-25T15:00:00Z,soccer_england_league2,League Two,playup,2.5,2.12,1.65,2025-01-24T11:54:50Z,2025-01-24,8b2aca244c4b2f8e6122e9431eb24e33_2.5
8b2aca244c4b2f8e6122e9431eb24e33,Cheltenham Town,Salford City,2025-01-25T15:00:00Z,soccer_england_league2,League Two,betus,2.25,1.87,1.87,2025-01-24T11:54:49Z,2025-01-24,8b2aca244c4b2f8e6122e9431eb24e33_2.25
8b2aca244c4b2f8e6122e9431eb24e33,Cheltenham Town,Salford City,2025-01-25T15:00:00Z,soccer_england_league2,League Two,matchbook,2.5,2.22,1.68,2025-01-24T11:54:48Z,2025-01-24,8b2aca244c4b2f8e6122e9431eb24e33_2.5
8b2aca244c4b2f8e6122e9431eb24e33,Cheltenham Town,Salford City,2025-01-25T15:00:00Z,soccer_england_league2,League Two,lowvig,2.25,1.91,1.91,2025-01-24T11:54:48Z,2025-01-24,8b2aca244c4b2f8e6122e9431eb24e33_2.25
8b2aca244c4b2f8e6122e9431eb24e33,Cheltenham Town,Salford City,2025-01-25T15:00:00Z,soccer_england_league2,League Two,betonlineag,2.25,1.91,1.91,2025-01-24T11:53:41Z,2025-01-24,8b2aca244c4b2f8e6122e9431eb24e33_2.25
4fd7b0b6d1c78e3d26d1c65d6c8cc86d,Chesterfield FC,Port Vale,2025-01-25T15:00:00Z,soccer_england_league2,League Two,pinnacle,2.5,1.98,1.83,2025-01-24T11:54:48Z,2025-01-24,4fd7b0b6d1c78e3d26d1c65d6c8cc86d_2.5
4fd7b0b6d1c78e3d26d1c65d6c8cc86d,Chesterfield FC,Port Vale,2025-01-25T15:00:00Z,soccer_england_league2,League Two,onexbet,2.5,1.96,1.81,2025-01-24T11:54:48Z,2025-01-24,4fd7b0b6d1c78e3d26d1c65d6c8cc86d_2.5
4fd7b0b6d1c78e3d26d1c65d6c8cc86d,Chesterfield FC,Port Vale,2025-01-25T15:00:00Z,soccer_england_league2,League Two,tipico_de,2.5,1.9,1.8,2025-01-24T11:54:51Z,2025-01-24,4fd7b0b6d1c78e3d26d1c65d6c8cc86d_2.5
4fd7b0b6d1c78e3d26d1c65d6c8cc86d,Chesterfield FC,Port Vale,2025-01-25T15:00:00Z,soccer_england_league2,League Two,betsson,2.5,2.0,1.8,2025-01-24T11:54:49Z,2025-01-24,4fd7b0b6d1c78e3d26d1c65d6c8cc86d_2.5
4fd7b0b6d1c78e3d26d1c65d6c8cc86d,Chesterfield FC,Port Vale,2025-01-25T15:00:00Z,soccer_england_league2,League Two,nordicbet,2.5,2.0,1.8,2025-01-24T11:54:49Z,2025-01-24,4fd7b0b6d1c78e3d26d1c65d6c8cc86d_2.5
4fd7b0b6d1c78e3d26d1c65d6c8cc86d,Chesterfield FC,Port Vale,2025-01-25T15:00:00Z,soccer_england_league2,League Two,bovada,2.5,1.95,1.8,2025-01-24T11:54:48Z,2025-01-24,4fd7b0b6d1c78e3d26d1c65d6c8cc86d_2.5
4fd7b0b6d1c78e3d26d1c65d6c8cc86d,Chesterfield FC,Port Vale,2025-01-25T15:00:00Z,soccer_england_league2,League Two,williamhill,2.5,2.05,1.75,2025-01-24T11:54:49Z,2025-01-24,4fd7b0b6d1c78e3d26d1c65d6c8cc86d_2.5
4fd7b0b6d1c78e3d26d1c65d6c8cc86d,Chesterfield FC,Port Vale,2025-01-25T15:00:00Z,soccer_england_league2,League Two,unibet,2.5,1.97,1.76,2025-01-24T11:54:50Z,2025-01-24,4fd7b0b6d1c78e3d26d1c65d6c8cc86d_2.5
4fd7b0b6d1c78e3d26d1c65d6c8cc86d,Chesterfield FC,Port Vale,2025-01-25T15:00:00Z,soccer_england_league2,League Two,betrivers,2.5,1.96,1.76,2025-01-24T11:54:48Z,2025-01-24,4fd7b0b6d1c78e3d26d1c65d6c8cc86d_2.5
4fd7b0b6d1c78e3d26d1c65d6c8cc86d,Chesterfield FC,Port Vale,2025-01-25T15:00:00Z,soccer_england_league2,League Two,unibet_eu,2.5,1.96,1.76,2025-01-24T11:54:49Z,2025-01-24,4fd7b0b6d1c78e3d26d1c65d6c8cc86d_2.5
4fd7b0b6d1c78e3d26d1c65d6c8cc86d,Chesterfield FC,Port Vale,2025-01-25T15:00:00Z,soccer_england_league2,League Two,playup,2.5,1.95,1.77,2025-01-24T11:54:50Z,2025-01-24,4fd7b0b6d1c78e3d26d1c65d6c8cc86d_2.5
4fd7b0b6d1c78e3d26d1c65d6c8cc86d,Chesterfield FC,Port Vale,2025-01-25T15:00:00Z,soccer_england_league2,League Two,betus,2.5,1.91,1.83,2025-01-24T11:54:49Z,2025-01-24,4fd7b0b6d1c78e3d26d1c65d6c8cc86d_2.5
4fd7b0b6d1c78e3d26d1c65d6c8cc86d,Chesterfield FC,Port Vale,2025-01-25T15:00:00Z,soccer_england_league2,League Two,matchbook,2.5,1.99,1.83,2025-01-24T11:54:48Z,2025-01-24,4fd7b0b6d1c78e3d26d1c65d6c8cc86d_2.5
4fd7b0b6d1c78e3d26d1c65d6c8cc86d,Chesterfield FC,Port Vale,2025-01-25T15:00:00Z,soccer_england_league2,League Two,lowvig,2.5,2.03,1.81,2025-01-24T11:54:48Z,2025-01-24,4fd7b0b6d1c78e3d26d1c65d6c8cc86d_2.5
4fd7b0b6d1c78e3d26d1c65d6c8cc86d,Chesterfield FC,Port Vale,2025-01-25T15:00:00Z,soccer_england_league2,League Two,betonlineag,2.5,2.03,1.81,2025-01-24T11:53:41Z,2025-01-24,4fd7b0b6d1c78e3d26d1c65d6c8cc86d_2.5
f4a39b9061b316b8ee76ca26464d8eb7,Colchester United,Morecambe,2025-01-25T15:00:00Z,soccer_england_league2,League Two,unibet,2.5,1.88,1.84,2025-01-24T11:54:50Z,2025-01-24,f4a39b9061b316b8ee76ca26464d8eb7_2.5
f4a39b9061b316b8ee76ca26464d8eb7,Colchester United,Morecambe,2025-01-25T15:00:00Z,soccer_england_league2,League Two,nordicbet,2.5,1.95,1.83,2025-01-24T11:54:49Z,2025-01-24,f4a39b9061b316b8ee76ca26464d8eb7_2.5
f4a39b9061b316b8ee76ca26464d8eb7,Colchester United,Morecambe,2025-01-25T15:00:00Z,soccer_england_league2,League Two,betrivers,2.5,1.88,1.83,2025-01-24T11:54:48Z,2025-01-24,f4a39b9061b316b8ee76ca26464d8eb7_2.5
f4a39b9061b316b8ee76ca26464d8eb7,Colchester United,Morecambe,2025-01-25T15:00:00Z,soccer_england_league2,League Two,unibet_eu,2.5,1.88,1.83,2025-01-24T11:54:49Z,2025-01-24,f4a39b9061b316b8ee76ca26464d8eb7_2.5
f4a39b9061b316b8ee76ca26464d8eb7,Colchester United,Morecambe,2025-01-25T15:00:00Z,soccer_england_league2,League Two,bovada,2.5,1.98,1.78,2025-01-24T11:54:48Z,2025-01-24,f4a39b9061b316b8ee76ca26464d8eb7_2.5
f4a39b9061b316b8ee76ca26464d8eb7,Colchester United,Morecambe,2025-01-25T15:00:00Z,soccer_england_league2,League Two,onexbet,2.5,1.95,1.82,2025-01-24T11:54:48Z,2025-01-24,f4a39b9061b316b8ee76ca26464d8eb7_2.5
f4a39b9061b316b8ee76ca26464d8eb7,Colchester United,Morecambe,2025-01-25T15:00:00Z,soccer_england_league2,League Two,betsson,2.5,1.95,1.83,2025-01-24T11:54:49Z,2025-01-24,f4a39b9061b316b8ee76ca26464d8eb7_2.5
f4a39b9061b316b8ee76ca26464d8eb7,Colchester United,Morecambe,2025-01-25T15:00:00Z,soccer_england_league2,League Two,williamhill,2.5,2.0,1.83,2025-01-24T11:54:49Z,2025-01-24,f4a39b9061b316b8ee76ca26464d8eb7_2.5
f4a39b9061b316b8ee76ca26464d8eb7,Colchester United,Morecambe,2025-01-25T15:00:00Z,soccer_england_league2,League Two,tipico_de,2.5,1.93,1.77,2025-01-24T11:54:51Z,2025-01-24,f4a39b9061b316b8ee76ca26464d8eb7_2.5
f4a39b9061b316b8ee76ca26464d8eb7,Colchester United,Morecambe,2025-01-25T15:00:00Z,soccer_england_league2,League Two,playup,2.5,1.91,1.8,2025-01-24T11:54:50Z,2025-01-24,f4a39b9061b316b8ee76ca26464d8eb7_2.5
f4a39b9061b316b8ee76ca26464d8eb7,Colchester United,Morecambe,2025-01-25T15:00:00Z,soccer_england_league2,League Two,betus,2.5,1.98,1.78,2025-01-24T11:54:49Z,2025-01-24,f4a39b9061b316b8ee76ca26464d8eb7_2.5
f4a39b9061b316b8ee76ca26464d8eb7,Colchester United,Morecambe,2025-01-25T15:00:00Z,soccer_england_league2,League Two,pinnacle,2.5,1.97,1.83,2025-01-24T11:54:48Z,2025-01-24,f4a39b9061b316b8ee76ca26464d8eb7_2.5
f4a39b9061b316b8ee76ca26464d8eb7,Colchester United,Morecambe,2025-01-25T15:00:00Z,soccer_england_league2,League Two,matchbook,2.5,1.98,1.86,2025-01-24T11:54:48Z,2025-01-24,f4a39b9061b316b8ee76ca26464d8eb7_2.5
f4a39b9061b316b8ee76ca26464d8eb7,Colchester United,Morecambe,2025-01-25T15:00:00Z,soccer_england_league2,League Two,lowvig,2.5,1.98,1.85,2025-01-24T11:54:48Z,2025-01-24,f4a39b9061b316b8ee76ca26464d8eb7_2.5
f4a39b9061b316b8ee76ca26464d8eb7,Colchester United,Morecambe,2025-01-25T15:00:00Z,soccer_england_league2,League Two,betonlineag,2.5,1.98,1.85,2025-01-24T11:53:41Z,2025-01-24,f4a39b9061b316b8ee76ca26464d8eb7_2.5
9fabb4fc62dec3d0ed8e0ec1af86c074,Doncaster Rovers,Harrogate Town,2025-01-25T15:00:00Z,soccer_england_league2,League Two,onexbet,2.5,1.77,2.01,2025-01-24T11:54:48Z,2025-01-24,9fabb4fc62dec3d0ed8e0ec1af86c074_2.5
9fabb4fc62dec3d0ed8e0ec1af86c074,Doncaster Rovers,Harrogate Town,2025-01-25T15:00:00Z,soccer_england_league2,League Two,betsson,2.5,1.8,2.0,2025-01-24T11:54:49Z,2025-01-24,9fabb4fc62dec3d0ed8e0ec1af86c074_2.5
9fabb4fc62dec3d0ed8e0ec1af86c074,Doncaster Rovers,Harrogate Town,2025-01-25T15:00:00Z,soccer_england_league2,League Two,nordicbet,2.5,1.8,2.0,2025-01-24T11:54:49Z,2025-01-24,9fabb4fc62dec3d0ed8e0ec1af86c074_2.5
9fabb4fc62dec3d0ed8e0ec1af86c074,Doncaster Rovers,Harrogate Town,2025-01-25T15:00:00Z,soccer_england_league2,League Two,bovada,2.75,1.93,1.82,2025-01-24T11:54:48Z,2025-01-24,9fabb4fc62dec3d0ed8e0ec1af86c074_2.75
9fabb4fc62dec3d0ed8e0ec1af86c074,Doncaster Rovers,Harrogate Town,2025-01-25T15:00:00Z,soccer_england_league2,League Two,williamhill,2.5,1.75,2.05,2025-01-24T11:54:49Z,2025-01-24,9fabb4fc62dec3d0ed8e0ec1af86c074_2.5
9fabb4fc62dec3d0ed8e0ec1af86c074,Doncaster Rovers,Harrogate Town,2025-01-25T15:00:00Z,soccer_england_league2,League Two,betrivers,2.5,1.66,2.12,2025-01-24T11:54:48Z,2025-01-24,9fabb4fc62dec3d0ed8e0ec1af86c074_2.5
9fabb4fc62dec3d0ed8e0ec1af86c074,Doncaster Rovers,Harrogate Town,2025-01-25T15:00:00Z,soccer_england_league2,League Two,unibet_eu,3.5,2.8,1.4,2025-01-24T11:54:49Z,2025-01-24,9fabb4fc62dec3d0ed8e0ec1af86c074_3.5
9fabb4fc62dec3d0ed8e0ec1af86c074,Doncaster Rovers,Harrogate Town,2025-01-25T15:00:00Z,soccer_england_league2,League Two,unibet,3.5,2.8,1.4,2025-01-24T11:54:50Z,2025-01-24,9fabb4fc62dec3d0ed8e0ec1af86c074_3.5
9fabb4fc62dec3d0ed8e0ec1af86c074,Doncaster Rovers,Harrogate Town,2025-01-25T15:00:00Z,soccer_england_league2,League Two,tipico_de,2.5,1.72,1.97,2025-01-24T11:54:51Z,2025-01-24,9fabb4fc62dec3d0ed8e0ec1af86c074_2.5
9fabb4fc62dec3d0ed8e0ec1af86c074,Doncaster Rovers,Harrogate Town,2025-01-25T15:00:00Z,soccer_england_league2,League Two,playup,2.5,1.75,1.98,2025-01-24T11:54:50Z,2025-01-24,9fabb4fc62dec3d0ed8e0ec1af86c074_2.5
9fabb4fc62dec3d0ed8e0ec1af86c074,Doncaster Rovers,Harrogate Town,2025-01-25T15:00:00Z,soccer_england_league2,League Two,betus,2.75,1.93,1.82,2025-01-24T11:54:49Z,2025-01-24,9fabb4fc62dec3d0ed8e0ec1af86c074_2.75
9fabb4fc62dec3d0ed8e0ec1af86c074,Doncaster Rovers,Harrogate Town,2025-01-25T15:00:00Z,soccer_england_league2,League Two,pinnacle,2.75,2.01,1.81,2025-01-24T11:54:48Z,2025-01-24,9fabb4fc62dec3d0ed8e0ec1af86c074_2.75
9fabb4fc62dec3d0ed8e0ec1af86c074,Doncaster Rovers,Harrogate Town,2025-01-25T15:00:00Z,soccer_england_league2,League Two,matchbook,2.5,1.78,2.02,2025-01-24T11:54:48Z,2025-01-24,9fabb4fc62dec3d0ed8e0ec1af86c074_2.5
9fabb4fc62dec3d0ed8e0ec1af86c074,Doncaster Rovers,Harrogate Town,2025-01-25T15:00:00Z,soccer_england_league2,League Two,lowvig,2.5,1.79,2.06,2025-01-24T11:54:48Z,2025-01-24,9fabb4fc62dec3d0ed8e0ec1af86c074_2.5
9fabb4fc62dec3d0ed8e0ec1af86c074,Doncaster Rovers,Harrogate Town,2025-01-25T15:00:00Z,soccer_england_league2,League Two,betonlineag,2.5,1.79,2.06,2025-01-24T11:53:41Z,2025-01-24,9fabb4fc62dec3d0ed8e0ec1af86c074_2.5
4b2b27ec022cff34330817a0ddb6be89,Tranmere Rovers,Gillingham,2025-01-25T15:00:00Z,soccer_england_league2,League Two,pinnacle,2.25,1.97,1.83,2025-01-24T11:54:48Z,2025-01-24,4b2b27ec022cff34330817a0ddb6be89_2.25
4b2b27ec022cff34330817a0ddb6be89,Tranmere Rovers,Gillingham,2025-01-25T15:00:00Z,soccer_england_league2,League Two,onexbet,2.5,2.23,1.63,2025-01-24T11:54:48Z,2025-01-24,4b2b27ec022cff34330817a0ddb6be89_2.5
4b2b27ec022cff34330817a0ddb6be89,Tranmere Rovers,Gillingham,2025-01-25T15:00:00Z,soccer_england_league2,League Two,tipico_de,2.5,2.15,1.62,2025-01-24T11:54:51Z,2025-01-24,4b2b27ec022cff34330817a0ddb6be89_2.5
4b2b27ec022cff34330817a0ddb6be89,Tranmere Rovers,Gillingham,2025-01-25T15:00:00Z,soccer_england_league2,League Two,betsson,2.5,2.25,1.63,2025-01-24T11:54:49Z,2025-01-24,4b2b27ec022cff34330817a0ddb6be89_2.5
4b2b27ec022cff34330817a0ddb6be89,Tranmere Rovers,Gillingham,2025-01-25T15:00:00Z,soccer_england_league2,League Two,nordicbet,2.5,2.25,1.63,2025-01-24T11:54:49Z,2025-01-24,4b2b27ec022cff34330817a0ddb6be89_2.5
4b2b27ec022cff34330817a0ddb6be89,Tranmere Rovers,Gillingham,2025-01-25T15:00:00Z,soccer_england_league2,League Two,bovada,2.25,1.98,1.78,2025-01-24T11:54:48Z,2025-01-24,4b2b27ec022cff34330817a0ddb6be89_2.25
4b2b27ec022cff34330817a0ddb6be89,Tranmere Rovers,Gillingham,2025-01-25T15:00:00Z,soccer_england_league2,League Two,williamhill,2.5,2.38,1.62,2025-01-24T11:54:49Z,2025-01-24,4b2b27ec022cff34330817a0ddb6be89_2.5
4b2b27ec022cff34330817a0ddb6be89,Tranmere Rovers,Gillingham,2025-01-25T15:00:00Z,soccer_england_league2,League Two,unibet_eu,2.5,2.18,1.62,2025-01-24T11:54:49Z,2025-01-24,4b2b27ec022cff34330817a0ddb6be89_2.5
4b2b27ec022cff34330817a0ddb6be89,Tranmere Rovers,Gillingham,2025-01-25T15:00:00Z,soccer_england_league2,League Two,betrivers,2.5,2.18,1.62,2025-01-24T11:54:48Z,2025-01-24,4b2b27ec022cff34330817a0ddb6be89_2.5
4b2b27ec022cff34330817a0ddb6be89,Tranmere Rovers,Gillingham,2025-01-25T15:00:00Z,soccer_england_league2,League Two,unibet,2.5,2.18,1.62,2025-01-24T11:54:50Z,2025-01-24,4b2b27ec022cff34330817a0ddb6be89_2.5
4b2b27ec022cff34330817a0ddb6be89,Tranmere Rovers,Gillingham,2025-01-25T15:00:00Z,soccer_england_league2,League Two,playup,2.5,2.2,1.6,2025-01-24T11:54:50Z,2025-01-24,4b2b27ec022cff34330817a0ddb6be89_2.5
4b2b27ec022cff34330817a0ddb6be89,Tranmere Rovers,Gillingham,2025-01-25T15:00:00Z,soccer_england_league2,League Two,betus,2.25,1.9,1.84,2025-01-24T11:54:49Z,2025-01-24,4b2b27ec022cff34330817a0ddb6be89_2.25
4b2b27ec022cff34330817a0ddb6be89,Tranmere Rovers,Gillingham,2025-01-25T15:00:00Z,soccer_england_league2,League Two,matchbook,2.5,2.26,1.64,2025-01-24T11:54:48Z,2025-01-24,4b2b27ec022cff34330817a0ddb6be89_2.5
4b2b27ec022cff34330817a0ddb6be89,Tranmere Rovers,Gillingham,2025-01-25T15:00:00Z,soccer_england_league2,League Two,lowvig,2.25,2.02,1.82,2025-01-24T11:54:48Z,2025-01-24,4b2b27ec022cff34330817a0ddb6be89_2.25
4b2b27ec022cff34330817a0ddb6be89,Tranmere Rovers,Gillingham,2025-01-25T15:00:00Z,soccer_england_league2,League Two,betonlineag,2.25,2.02,1.82,2025-01-24T11:53:41Z,2025-01-24,4b2b27ec022cff34330817a0ddb6be89_2.25
11bcc0ea250eb80d53bd8746df6a7624,FC Viktoria Köln 1904,Waldhof Mannheim,2025-01-24T18:00:00Z,soccer_germany_liga3,3. Liga,pinnacle,2.75,2.04,1.83,2025-01-24T11:54:23Z,2025-01-24,11bcc0ea250eb80d53bd8746df6a7624_2.75
11bcc0ea250eb80d53bd8746df6a7624,FC Viktoria Köln 1904,Waldhof Mannheim,2025-01-24T18:00:00Z,soccer_germany_liga3,3. Liga,tipico_de,2.5,1.77,2.0,2025-01-24T11:51:58Z,2025-01-24,11bcc0ea250eb80d53bd8746df6a7624_2.5
11bcc0ea250eb80d53bd8746df6a7624,FC Viktoria Köln 1904,Waldhof Mannheim,2025-01-24T18:00:00Z,soccer_germany_liga3,3. Liga,bovada,2.75,1.98,1.78,2025-01-24T11:54:22Z,2025-01-24,11bcc0ea250eb80d53bd8746df6a7624_2.75
11bcc0ea250eb80d53bd8746df6a7624,FC Viktoria Köln 1904,Waldhof Mannheim,2025-01-24T18:00:00Z,soccer_germany_liga3,3. Liga,nordicbet,2.5,1.8,1.95,2025-01-24T11:54:24Z,2025-01-24,11bcc0ea250eb80d53bd8746df6a7624_2.5
11bcc0ea250eb80d53bd8746df6a7624,FC Viktoria Köln 1904,Waldhof Mannheim,2025-01-24T18:00:00Z,soccer_germany_liga3,3. Liga,betsson,2.5,1.8,1.95,2025-01-24T11:54:23Z,2025-01-24,11bcc0ea250eb80d53bd8746df6a7624_2.5
11bcc0ea250eb80d53bd8746df6a7624,FC Viktoria Köln 1904,Waldhof Mannheim,2025-01-24T18:00:00Z,soccer_germany_liga3,3. Liga,lowvig,2.75,2.01,1.83,2025-01-24T11:54:23Z,2025-01-24,11bcc0ea250eb80d53bd8746df6a7624_2.75
11bcc0ea250eb80d53bd8746df6a7624,FC Viktoria Köln 1904,Waldhof Mannheim,2025-01-24T18:00:00Z,soccer_germany_liga3,3. Liga,betonlineag,2.75,2.01,1.83,2025-01-24T11:53:14Z,2025-01-24,11bcc0ea250eb80d53bd8746df6a7624_2.75
11bcc0ea250eb80d53bd8746df6a7624,FC Viktoria Köln 1904,Waldhof Mannheim,2025-01-24T18:00:00Z,soccer_germany_liga3,3. Liga,unibet_eu,2.5,1.73,1.92,2025-01-24T11:54:23Z,2025-01-24,11bcc0ea250eb80d53bd8746df6a7624_2.5
11bcc0ea250eb80d53bd8746df6a7624,FC Viktoria Köln 1904,Waldhof Mannheim,2025-01-24T18:00:00Z,soccer_germany_liga3,3. Liga,unibet,2.5,1.73,1.92,2025-01-24T11:54:24Z,2025-01-24,11bcc0ea250eb80d53bd8746df6a7624_2.5
11bcc0ea250eb80d53bd8746df6a7624,FC Viktoria Köln 1904,Waldhof Mannheim,2025-01-24T18:00:00Z,soccer_germany_liga3,3. Liga,playup,2.5,1.77,1.95,2025-01-24T11:54:23Z,2025-01-24,11bcc0ea250eb80d53bd8746df6a7624_2.5
0f22b967ae6faf7b277d684628518a75,SC Verl,Alemannia Aachen,2025-01-25T13:00:00Z,soccer_germany_liga3,3. Liga,pinnacle,2.25,1.92,1.92,2025-01-24T11:54:23Z,2025-01-24,0f22b967ae6faf7b277d684628518a75_2.25
0f22b967ae6faf7b277d684628518a75,SC Verl,Alemannia Aachen,2025-01-25T13:00:00Z,soccer_germany_liga3,3. Liga,tipico_de,2.5,2.15,1.67,2025-01-24T11:51:58Z,2025-01-24,0f22b967ae6faf7b277d684628518a75_2.5
0f22b967ae6faf7b277d684628518a75,SC Verl,Alemannia Aachen,2025-01-25T13:00:00Z,soccer_germany_liga3,3. Liga,bovada,2.25,1.87,1.87,2025-01-24T11:54:22Z,2025-01-24,0f22b967ae6faf7b277d684628518a75_2.25
0f22b967ae6faf7b277d684628518a75,SC Verl,Alemannia Aachen,2025-01-25T13:00:00Z,soccer_germany_liga3,3. Liga,nordicbet,2.5,2.1,1.68,2025-01-24T11:54:24Z,2025-01-24,0f22b967ae6faf7b277d684628518a75_2.5
0f22b967ae6faf7b277d684628518a75,SC Verl,Alemannia Aachen,2025-01-25T13:00:00Z,soccer_germany_liga3,3. Liga,betsson,2.5,2.1,1.68,2025-01-24T11:54:23Z,2025-01-24,0f22b967ae6faf7b277d684628518a75_2.5
0f22b967ae6faf7b277d684628518a75,SC Verl,Alemannia Aachen,2025-01-25T13:00:00Z,soccer_germany_liga3,3. Liga,unibet_eu,2.5,2.08,1.62,2025-01-24T11:54:23Z,2025-01-24,0f22b967ae6faf7b277d684628518a75_2.5
0f22b967ae6faf7b277d684628518a75,SC Verl,Alemannia Aachen,2025-01-25T13:00:00Z,soccer_germany_liga3,3. Liga,unibet,2.5,2.08,1.62,2025-01-24T11:54:24Z,2025-01-24,0f22b967ae6faf7b277d684628518a75_2.5
0f22b967ae6faf7b277d684628518a75,SC Verl,Alemannia Aachen,2025-01-25T13:00:00Z,soccer_germany_liga3,3. Liga,betonlineag,2.25,1.9,1.92,2025-01-24T11:53:14Z,2025-01-24,0f22b967ae6faf7b277d684628518a75_2.25
0f22b967ae6faf7b277d684628518a75,SC Verl,Alemannia Aachen,2025-01-25T13:00:00Z,soccer_germany_liga3,3. Liga,lowvig,2.25,1.9,1.92,2025-01-24T11:54:23Z,2025-01-24,0f22b967ae6faf7b277d684628518a75_2.25
b3262d069274ee9d78ad59a33132c7bb,FC Energie Cottbus,Dynamo Dresden,2025-01-25T13:00:00Z,soccer_germany_liga3,3. Liga,tipico_de,3.5,2.15,1.65,2025-01-24T11:51:58Z,2025-01-24,b3262d069274ee9d78ad59a33132c7bb_3.5
b3262d069274ee9d78ad59a33132c7bb,FC Energie Cottbus,Dynamo Dresden,2025-01-25T13:00:00Z,soccer_germany_liga3,3. Liga,pinnacle,3.25,2.02,1.83,2025-01-24T11:54:23Z,2025-01-24,b3262d069274ee9d78ad59a33132c7bb_3.25
b3262d069274ee9d78ad59a33132c7bb,FC Energie Cottbus,Dynamo Dresden,2025-01-25T13:00:00Z,soccer_germany_liga3,3. Liga,nordicbet,3.5,2.15,1.66,2025-01-24T11:54:24Z,2025-01-24,b3262d069274ee9d78ad59a33132c7bb_3.5
b3262d069274ee9d78ad59a33132c7bb,FC Energie Cottbus,Dynamo Dresden,2025-01-25T13:00:00Z,soccer_germany_liga3,3. Liga,betsson,3.5,2.15,1.66,2025-01-24T11:54:23Z,2025-01-24,b3262d069274ee9d78ad59a33132c7bb_3.5
b3262d069274ee9d78ad59a33132c7bb,FC Energie Cottbus,Dynamo Dresden,2025-01-25T13:00:00Z,soccer_germany_liga3,3. Liga,bovada,3.0,1.78,1.98,2025-01-24T11:54:22Z,2025-01-24,b3262d069274ee9d78ad59a33132c7bb_3.0
b3262d069274ee9d78ad59a33132c7bb,FC Energie Cottbus,Dynamo Dresden,2025-01-25T13:00:00Z,soccer_germany_liga3,3. Liga,unibet_eu,3.5,2.23,1.54,2025-01-24T11:54:23Z,2025-01-24,b3262d069274ee9d78ad59a33132c7bb_3.5
b3262d069274ee9d78ad59a33132c7bb,FC Energie Cottbus,Dynamo Dresden,2025-01-25T13:00:00Z,soccer_germany_liga3,3. Liga,unibet,3.5,2.23,1.54,2025-01-24T11:54:24Z,2025-01-24,b3262d069274ee9d78ad59a33132c7bb_3.5
b3262d069274ee9d78ad59a33132c7bb,FC Energie Cottbus,Dynamo Dresden,2025-01-25T13:00:00Z,soccer_germany_liga3,3. Liga,lowvig,3.0,1.79,2.06,2025-01-24T11:54:23Z,2025-01-24,b3262d069274ee9d78ad59a33132c7bb_3.0
b3262d069274ee9d78ad59a33132c7bb,FC Energie Cottbus,Dynamo Dresden,2025-01-25T13:00:00Z,soccer_germany_liga3,3. Liga,betonlineag,3.0,1.79,2.06,2025-01-24T11:53:14Z,2025-01-24,b3262d069274ee9d78ad59a33132c7bb_3.0
aa39b1b47eacfe2ce37a006bd44fbd07,Erzgebirge Aue,VfL Osnabrück,2025-01-25T13:00:00Z,soccer_germany_liga3,3. Liga,pinnacle,2.75,1.97,1.87,2025-01-24T11:54:23Z,2025-01-24,aa39b1b47eacfe2ce37a006bd44fbd07_2.75
aa39b1b47eacfe2ce37a006bd44fbd07,Erzgebirge Aue,VfL Osnabrück,2025-01-25T13:00:00Z,soccer_germany_liga3,3. Liga,tipico_de,2.5,1.72,2.05,2025-01-24T11:51:58Z,2025-01-24,aa39b1b47eacfe2ce37a006bd44fbd07_2.5
aa39b1b47eacfe2ce37a006bd44fbd07,Erzgebirge Aue,VfL Osnabrück,2025-01-25T13:00:00Z,soccer_germany_liga3,3. Liga,betsson,2.5,1.75,2.05,2025-01-24T11:54:23Z,2025-01-24,aa39b1b47eacfe2ce37a006bd44fbd07_2.5
aa39b1b47eacfe2ce37a006bd44fbd07,Erzgebirge Aue,VfL Osnabrück,2025-01-25T13:00:00Z,soccer_germany_liga3,3. Liga,nordicbet,2.5,1.75,2.05,2025-01-24T11:54:24Z,2025-01-24,aa39b1b47eacfe2ce37a006bd44fbd07_2.5
aa39b1b47eacfe2ce37a006bd44fbd07,Erzgebirge Aue,VfL Osnabrück,2025-01-25T13:00:00Z,soccer_germany_liga3,3. Liga,bovada,2.75,1.93,1.82,2025-01-24T11:54:22Z,2025-01-24,aa39b1b47eacfe2ce37a006bd44fbd07_2.75
aa39b1b47eacfe2ce37a006bd44fbd07,Erzgebirge Aue,VfL Osnabrück,2025-01-25T13:00:00Z,soccer_germany_liga3,3. Liga,unibet_eu,2.5,1.68,1.97,2025-01-24T11:54:23Z,2025-01-24,aa39b1b47eacfe2ce37a006bd44fbd07_2.5
aa39b1b47eacfe2ce37a006bd44fbd07,Erzgebirge Aue,VfL Osnabrück,2025-01-25T13:00:00Z,soccer_germany_liga3,3. Liga,unibet,2.5,1.68,1.98,2025-01-24T11:54:24Z,2025-01-24,aa39b1b47eacfe2ce37a006bd44fbd07_2.5
aa39b1b47eacfe2ce37a006bd44fbd07,Erzgebirge Aue,VfL Osnabrück,2025-01-25T13:00:00Z,soccer_germany_liga3,3. Liga,lowvig,2.75,1.96,1.86,2025-01-24T11:54:23Z,2025-01-24,aa39b1b47eacfe2ce37a006bd44fbd07_2.75
aa39b1b47eacfe2ce37a006bd44fbd07,Erzgebirge Aue,VfL Osnabrück,2025-01-25T13:00:00Z,soccer_germany_liga3,3. Liga,betonlineag,2.75,1.96,1.86,2025-01-24T11:53:14Z,2025-01-24,aa39b1b47eacfe2ce37a006bd44fbd07_2.75
21c0d402e68cfc8304e0dbb01a7809df,Hansa Rostock,Wehen Wiesbaden,2025-01-25T13:00:00Z,soccer_germany_liga3,3. Liga,pinnacle,2.5,1.89,1.94,2025-01-24T11:54:23Z,2025-01-24,21c0d402e68cfc8304e0dbb01a7809df_2.5
21c0d402e68cfc8304e0dbb01a7809df,Hansa Rostock,Wehen Wiesbaden,2025-01-25T13:00:00Z,soccer_germany_liga3,3. Liga,tipico_de,2.5,1.8,1.95,2025-01-24T11:51:58Z,2025-01-24,21c0d402e68cfc8304e0dbb01a7809df_2.5
21c0d402e68cfc8304e0dbb01a7809df,Hansa Rostock,Wehen Wiesbaden,2025-01-25T13:00:00Z,soccer_germany_liga3,3. Liga,bovada,2.5,1.83,1.91,2025-01-24T11:54:22Z,2025-01-24,21c0d402e68cfc8304e0dbb01a7809df_2.5
21c0d402e68cfc8304e0dbb01a7809df,Hansa Rostock,Wehen Wiesbaden,2025-01-25T13:00:00Z,soccer_germany_liga3,3. Liga,nordicbet,2.5,1.85,1.9,2025-01-24T11:54:24Z,2025-01-24,21c0d402e68cfc8304e0dbb01a7809df_2.5
21c0d402e68cfc8304e0dbb01a7809df,Hansa Rostock,Wehen Wiesbaden,2025-01-25T13:00:00Z,soccer_germany_liga3,3. Liga,betsson,2.5,1.85,1.9,2025-01-24T11:54:23Z,2025-01-24,21c0d402e68cfc8304e0dbb01a7809df_2.5
21c0d402e68cfc8304e0dbb01a7809df,Hansa Rostock,Wehen Wiesbaden,2025-01-25T13:00:00Z,soccer_germany_liga3,3. Liga,unibet_eu,2.5,1.82,1.82,2025-01-24T11:54:23Z,2025-01-24,21c0d402e68cfc8304e0dbb01a7809df_2.5
21c0d402e68cfc8304e0dbb01a7809df,Hansa Rostock,Wehen Wiesbaden,2025-01-25T13:00:00Z,soccer_germany_liga3,3. Liga,unibet,2.5,1.82,1.82,2025-01-24T11:54:24Z,2025-01-24,21c0d402e68cfc8304e0dbb01a7809df_2.5
21c0d402e68cfc8304e0dbb01a7809df,Hansa Rostock,Wehen Wiesbaden,2025-01-25T13:00:00Z,soccer_germany_liga3,3. Liga,lowvig,2.5,1.88,1.94,2025-01-24T11:54:23Z,2025-01-24,21c0d402e68cfc8304e0dbb01a7809df_2.5
21c0d402e68cfc8304e0dbb01a7809df,Hansa Rostock,Wehen Wiesbaden,2025-01-25T13:00:00Z,soccer_germany_liga3,3. Liga,betonlineag,2.5,1.88,1.94,2025-01-24T11:53:14Z,2025-01-24,21c0d402e68cfc8304e0dbb01a7809df_2.5
8e1c02c98bd14e8e387746274d4b55f0,TSV 1860 München,VfB Stuttgart II,2025-01-25T13:00:00Z,soccer_germany_liga3,3. Liga,pinnacle,2.75,1.85,1.99,2025-01-24T11:54:23Z,2025-01-24,8e1c02c98bd14e8e387746274d4b55f0_2.75
8e1c02c98bd14e8e387746274d4b55f0,TSV 1860 München,VfB Stuttgart II,2025-01-25T13:00:00Z,soccer_germany_liga3,3. Liga,tipico_de,2.5,1.65,2.2,2025-01-24T11:51:58Z,2025-01-24,8e1c02c98bd14e8e387746274d4b55f0_2.5
8e1c02c98bd14e8e387746274d4b55f0,TSV 1860 München,VfB Stuttgart II,2025-01-25T13:00:00Z,soccer_germany_liga3,3. Liga,bovada,2.75,1.8,1.95,2025-01-24T11:54:22Z,2025-01-24,8e1c02c98bd14e8e387746274d4b55f0_2.75
8e1c02c98bd14e8e387746274d4b55f0,TSV 1860 München,VfB Stuttgart II,2025-01-25T13:00:00Z,soccer_germany_liga3,3. Liga,unibet,2.5,1.61,2.1,2025-01-24T11:54:24Z,2025-01-24,8e1c02c98bd14e8e387746274d4b55f0_2.5
8e1c02c98bd14e8e387746274d4b55f0,TSV 1860 München,VfB Stuttgart II,2025-01-25T13:00:00Z,soccer_germany_liga3,3. Liga,lowvig,2.75,1.83,2.01,2025-01-24T11:54:23Z,2025-01-24,8e1c02c98bd14e8e387746274d4b55f0_2.75
8e1c02c98bd14e8e387746274d4b55f0,TSV 1860 München,VfB Stuttgart II,2025-01-25T13:00:00Z,soccer_germany_liga3,3. Liga,betonlineag,2.75,1.83,2.01,2025-01-24T11:53:14Z,2025-01-24,8e1c02c98bd14e8e387746274d4b55f0_2.75
3ca91fc11321f66a7c344ae7184ebce7,SV Sandhausen,1. FC Saarbrücken,2025-01-25T15:30:00Z,soccer_germany_liga3,3. Liga,pinnacle,2.5,1.88,1.96,2025-01-24T11:54:23Z,2025-01-24,3ca91fc11321f66a7c344ae7184ebce7_2.5
3ca91fc11321f66a7c344ae7184ebce7,SV Sandhausen,1. FC Saarbrücken,2025-01-25T15:30:00Z,soccer_germany_liga3,3. Liga,tipico_de,2.5,1.83,1.93,2025-01-24T11:51:58Z,2025-01-24,3ca91fc11321f66a7c344ae7184ebce7_2.5
3ca91fc11321f66a7c344ae7184ebce7,SV Sandhausen,1. FC Saarbrücken,2025-01-25T15:30:00Z,soccer_germany_liga3,3. Liga,bovada,2.5,1.83,1.91,2025-01-24T11:54:22Z,2025-01-24,3ca91fc11321f66a7c344ae7184ebce7_2.5
3ca91fc11321f66a7c344ae7184ebce7,SV Sandhausen,1. FC Saarbrücken,2025-01-25T15:30:00Z,soccer_germany_liga3,3. Liga,nordicbet,2.5,1.85,1.9,2025-01-24T11:54:24Z,2025-01-24,3ca91fc11321f66a7c344ae7184ebce7_2.5
3ca91fc11321f66a7c344ae7184ebce7,SV Sandhausen,1. FC Saarbrücken,2025-01-25T15:30:00Z,soccer_germany_liga3,3. Liga,betsson,2.5,1.85,1.9,2025-01-24T11:54:23Z,2025-01-24,3ca91fc11321f66a7c344ae7184ebce7_2.5
3ca91fc11321f66a7c344ae7184ebce7,SV Sandhausen,1. FC Saarbrücken,2025-01-25T15:30:00Z,soccer_germany_liga3,3. Liga,unibet_eu,2.5,1.78,1.87,2025-01-24T11:54:23Z,2025-01-24,3ca91fc11321f66a7c344ae7184ebce7_2.5
3ca91fc11321f66a7c344ae7184ebce7,SV Sandhausen,1. FC Saarbrücken,2025-01-25T15:30:00Z,soccer_germany_liga3,3. Liga,unibet,2.5,1.78,1.87,2025-01-24T11:54:24Z,2025-01-24,3ca91fc11321f66a7c344ae7184ebce7_2.5
3ca91fc11321f66a7c344ae7184ebce7,SV Sandhausen,1. FC Saarbrücken,2025-01-25T15:30:00Z,soccer_germany_liga3,3. Liga,lowvig,2.5,1.85,1.97,2025-01-24T11:54:23Z,2025-01-24,3ca91fc11321f66a7c344ae7184ebce7_2.5
3ca91fc11321f66a7c344ae7184ebce7,SV Sandhausen,1. FC Saarbrücken,2025-01-25T15:30:00Z,soccer_germany_liga3,3. Liga,betonlineag,2.5,1.85,1.97,2025-01-24T11:53:14Z,2025-01-24,3ca91fc11321f66a7c344ae7184ebce7_2.5
a30335228708005fe48367b5e382e713,Rot-Weiss Essen,Hannover 96,2025-01-26T12:30:00Z,soccer_germany_liga3,3. Liga,pinnacle,2.75,1.83,2.0,2025-01-24T11:54:23Z,2025-01-24,a30335228708005fe48367b5e382e713_2.75
a30335228708005fe48367b5e382e713,Rot-Weiss Essen,Hannover 96,2025-01-26T12:30:00Z,soccer_germany_liga3,3. Liga,tipico_de,2.5,1.65,2.2,2025-01-24T11:51:58Z,2025-01-24,a30335228708005fe48367b5e382e713_2.5
a30335228708005fe48367b5e382e713,Rot-Weiss Essen,Hannover 96,2025-01-26T12:30:00Z,soccer_germany_liga3,3. Liga,bovada,2.75,1.78,1.98,2025-01-24T11:54:22Z,2025-01-24,a30335228708005fe48367b5e382e713_2.75
a30335228708005fe48367b5e382e713,Rot-Weiss Essen,Hannover 96,2025-01-26T12:30:00Z,soccer_germany_liga3,3. Liga,betsson,2.5,1.66,2.15,2025-01-24T11:54:23Z,2025-01-24,a30335228708005fe48367b5e382e713_2.5
a30335228708005fe48367b5e382e713,Rot-Weiss Essen,Hannover 96,2025-01-26T12:30:00Z,soccer_germany_liga3,3. Liga,nordicbet,2.5,1.66,2.15,2025-01-24T11:54:24Z,2025-01-24,a30335228708005fe48367b5e382e713_2.5
a30335228708005fe48367b5e382e713,Rot-Weiss Essen,Hannover 96,2025-01-26T12:30:00Z,soccer_germany_liga3,3. Liga,unibet,2.5,1.6,2.12,2025-01-24T11:54:24Z,2025-01-24,a30335228708005fe48367b5e382e713_2.5
bc596c4ac2a1aa4f0b735f7b2be17d20,Barracas Central,Racing Club,2025-01-24T20:00:00Z,soccer_argentina_primera_division,Liga Profesional,onexbet,2.5,2.12,1.72,2025-01-24T11:55:18Z,2025-01-24,bc596c4ac2a1aa4f0b735f7b2be17d20_2.5
bc596c4ac2a1aa4f0b735f7b2be17d20,Barracas Central,Racing Club,2025-01-24T20:00:00Z,soccer_argentina_primera_division,Liga Profesional,betsson,2.25,1.86,1.9,2025-01-24T11:55:19Z,2025-01-24,bc596c4ac2a1aa4f0b735f7b2be17d20_2.25
bc596c4ac2a1aa4f0b735f7b2be17d20,Barracas Central,Racing Club,2025-01-24T20:00:00Z,soccer_argentina_primera_division,Liga Profesional,nordicbet,2.5,2.11,1.7,2025-01-24T11:55:19Z,2025-01-24,bc596c4ac2a1aa4f0b735f7b2be17d20_2.5
bc596c4ac2a1aa4f0b735f7b2be17d20,Barracas Central,Racing Club,2025-01-24T20:00:00Z,soccer_argentina_primera_division,Liga Profesional,unibet,2.5,2.05,1.74,2025-01-24T11:55:20Z,2025-01-24,bc596c4ac2a1aa4f0b735f7b2be17d20_2.5
bc596c4ac2a1aa4f0b735f7b2be17d20,Barracas Central,Racing Club,2025-01-24T20:00:00Z,soccer_argentina_primera_division,Liga Profesional,betrivers,2.5,2.05,1.74,2025-01-24T11:55:18Z,2025-01-24,bc596c4ac2a1aa4f0b735f7b2be17d20_2.5
bc596c4ac2a1aa4f0b735f7b2be17d20,Barracas Central,Racing Club,2025-01-24T20:00:00Z,soccer_argentina_primera_division,Liga Profesional,pinnacle,2.25,1.89,1.98,2025-01-24T11:55:18Z,2025-01-24,bc596c4ac2a1aa4f0b735f7b2be17d20_2.25
bc596c4ac2a1aa4f0b735f7b2be17d20,Barracas Central,Racing Club,2025-01-24T20:00:00Z,soccer_argentina_primera_division,Liga Profesional,playup,2.5,2.1,1.7,2025-01-24T11:55:18Z,2025-01-24,bc596c4ac2a1aa4f0b735f7b2be17d20_2.5
bc596c4ac2a1aa4f0b735f7b2be17d20,Barracas Central,Racing Club,2025-01-24T20:00:00Z,soccer_argentina_primera_division,Liga Profesional,betonlineag,2.25,1.87,1.95,2025-01-24T11:54:04Z,2025-01-24,bc596c4ac2a1aa4f0b735f7b2be17d20_2.25
bc596c4ac2a1aa4f0b735f7b2be17d20,Barracas Central,Racing Club,2025-01-24T20:00:00Z,soccer_argentina_primera_division,Liga Profesional,lowvig,2.25,1.87,1.95,2025-01-24T11:55:18Z,2025-01-24,bc596c4ac2a1aa4f0b735f7b2be17d20_2.25
bc596c4ac2a1aa4f0b735f7b2be17d20,Barracas Central,Racing Club,2025-01-24T20:00:00Z,soccer_argentina_primera_division,Liga Profesional,betanysports,2.25,1.87,1.95,2025-01-24T11:55:19Z,2025-01-24,bc596c4ac2a1aa4f0b735f7b2be17d20_2.25
bc596c4ac2a1aa4f0b735f7b2be17d20,Barracas Central,Racing Club,2025-01-24T20:00:00Z,soccer_argentina_primera_division,Liga Profesional,bovada,2.25,1.91,1.91,2025-01-24T11:55:18Z,2025-01-24,bc596c4ac2a1aa4f0b735f7b2be17d20_2.25
99e42600269d1c879aa90683c5bdef60,Independiente,Sarmiento de Junin,2025-01-24T22:15:00Z,soccer_argentina_primera_division,Liga Profesional,onexbet,2.5,2.47,1.54,2025-01-24T11:55:18Z,2025-01-24,99e42600269d1c879aa90683c5bdef60_2.5
99e42600269d1c879aa90683c5bdef60,Independiente,Sarmiento de Junin,2025-01-24T22:15:00Z,soccer_argentina_primera_division,Liga Profesional,nordicbet,2.5,2.44,1.53,2025-01-24T11:55:19Z,2025-01-24,99e42600269d1c879aa90683c5bdef60_2.5
99e42600269d1c879aa90683c5bdef60,Independiente,Sarmiento de Junin,2025-01-24T22:15:00Z,soccer_argentina_primera_division,Liga Profesional,betsson,0.75,1.11,6.22,2025-01-24T11:55:19Z,2025-01-24,99e42600269d1c879aa90683c5bdef60_0.75
99e42600269d1c879aa90683c5bdef60,Independiente,Sarmiento de Junin,2025-01-24T22:15:00Z,soccer_argentina_primera_division,Liga Profesional,unibet,2.5,2.33,1.57,2025-01-24T11:55:20Z,2025-01-24,99e42600269d1c879aa90683c5bdef60_2.5
99e42600269d1c879aa90683c5bdef60,Independiente,Sarmiento de Junin,2025-01-24T22:15:00Z,soccer_argentina_primera_division,Liga Profesional,betrivers,2.5,2.33,1.56,2025-01-24T11:55:18Z,2025-01-24,99e42600269d1c879aa90683c5bdef60_2.5
99e42600269d1c879aa90683c5bdef60,Independiente,Sarmiento de Junin,2025-01-24T22:15:00Z,soccer_argentina_primera_division,Liga Profesional,pinnacle,2.0,1.88,1.98,2025-01-24T11:55:18Z,2025-01-24,99e42600269d1c879aa90683c5bdef60_2.0
99e42600269d1c879aa90683c5bdef60,Independiente,Sarmiento de Junin,2025-01-24T22:15:00Z,soccer_argentina_primera_division,Liga Profesional,playup,2.5,2.5,1.5,2025-01-24T11:55:18Z,2025-01-24,99e42600269d1c879aa90683c5bdef60_2.5
99e42600269d1c879aa90683c5bdef60,Independiente,Sarmiento de Junin,2025-01-24T22:15:00Z,soccer_argentina_primera_division,Liga Profesional,betonlineag,2.0,1.79,2.06,2025-01-24T11:54:04Z,2025-01-24,99e42600269d1c879aa90683c5bdef60_2.0
99e42600269d1c879aa90683c5bdef60,Independiente,Sarmiento de Junin,2025-01-24T22:15:00Z,soccer_argentina_primera_division,Liga Profesional,lowvig,2.0,1.79,2.06,2025-01-24T11:55:18Z,2025-01-24,99e42600269d1c879aa90683c5bdef60_2.0
99e42600269d1c879aa90683c5bdef60,Independiente,Sarmiento de Junin,2025-01-24T22:15:00Z,soccer_argentina_primera_division,Liga Profesional,betanysports,2.0,1.79,2.06,2025-01-24T11:55:19Z,2025-01-24,99e42600269d1c879aa90683c5bdef60_2.0
99e42600269d1c879aa90683c5bdef60,Independiente,Sarmiento de Junin,2025-01-24T22:15:00Z,soccer_argentina_primera_division,Liga Profesional,bovada,2.0,1.85,1.98,2025-01-24T11:55:18Z,2025-01-24,99e42600269d1c879aa90683c5bdef60_2.0
b0d7eb52eae45a33f30b88c4410ad377,Belgrano de Cordoba,Atlético Huracán,2025-01-25T00:00:00Z,soccer_argentina_primera_division,Liga Profesional,onexbet,1.5,1.57,2.4,2025-01-24T11:55:18Z,2025-01-24,b0d7eb52eae45a33f30b88c4410ad377_1.5
b0d7eb52eae45a33f30b88c4410ad377,Belgrano de Cordoba,Atlético Huracán,2025-01-25T00:00:00Z,soccer_argentina_primera_division,Liga Profesional,nordicbet,2.5,2.7,1.44,2025-01-24T11:55:19Z,2025-01-24,b0d7eb52eae45a33f30b88c4410ad377_2.5
b0d7eb52eae45a33f30b88c4410ad377,Belgrano de Cordoba,Atlético Huracán,2025-01-25T00:00:00Z,soccer_argentina_primera_division,Liga Profesional,betsson,2.0,2.01,1.77,2025-01-24T11:55:19Z,2025-01-24,b0d7eb52eae45a33f30b88c4410ad377_2.0
b0d7eb52eae45a33f30b88c4410ad377,Belgrano de Cordoba,Atlético Huracán,2025-01-25T00:00:00Z,soccer_argentina_primera_division,Liga Profesional,unibet,2.5,2.75,1.43,2025-01-24T11:55:20Z,2025-01-24,b0d7eb52eae45a33f30b88c4410ad377_2.5
b0d7eb52eae45a33f30b88c4410ad377,Belgrano de Cordoba,Atlético Huracán,2025-01-25T00:00:00Z,soccer_argentina_primera_division,Liga Profesional,betrivers,1.5,1.53,2.45,2025-01-24T11:55:18Z,2025-01-24,b0d7eb52eae45a33f30b88c4410ad377_1.5
b0d7eb52eae45a33f30b88c4410ad377,Belgrano de Cordoba,Atlético Huracán,2025-01-25T00:00:00Z,soccer_argentina_primera_division,Liga Profesional,pinnacle,2.0,2.09,1.79,2025-01-24T11:55:18Z,2025-01-24,b0d7eb52eae45a33f30b88c4410ad377_2.0
b0d7eb52eae45a33f30b88c4410ad377,Belgrano de Cordoba,Atlético Huracán,2025-01-25T00:00:00Z,soccer_argentina_primera_division,Liga Profesional,playup,1.5,1.55,2.35,2025-01-24T11:55:18Z,2025-01-24,b0d7eb52eae45a33f30b88c4410ad377_1.5
b0d7eb52eae45a33f30b88c4410ad377,Belgrano de Cordoba,Atlético Huracán,2025-01-25T00:00:00Z,soccer_argentina_primera_division,Liga Profesional,betonlineag,2.0,2.05,1.8,2025-01-24T11:54:04Z,2025-01-24,b0d7eb52eae45a33f30b88c4410ad377_2.0
b0d7eb52eae45a33f30b88c4410ad377,Belgrano de Cordoba,Atlético Huracán,2025-01-25T00:00:00Z,soccer_argentina_primera_division,Liga Profesional,lowvig,2.0,2.05,1.8,2025-01-24T11:55:18Z,2025-01-24,b0d7eb52eae45a33f30b88c4410ad377_2.0
b0d7eb52eae45a33f30b88c4410ad377,Belgrano de Cordoba,Atlético Huracán,2025-01-25T00:00:00Z,soccer_argentina_primera_division,Liga Profesional,matchbook,1.5,1.57,2.46,2025-01-24T11:55:18Z,2025-01-24,b0d7eb52eae45a33f30b88c4410ad377_1.5
b0d7eb52eae45a33f30b88c4410ad377,Belgrano de Cordoba,Atlético Huracán,2025-01-25T00:00:00Z,soccer_argentina_primera_division,Liga Profesional,betanysports,2.0,2.05,1.8,2025-01-24T11:55:19Z,2025-01-24,b0d7eb52eae45a33f30b88c4410ad377_2.0
b0d7eb52eae45a33f30b88c4410ad377,Belgrano de Cordoba,Atlético Huracán,2025-01-25T00:00:00Z,soccer_argentina_primera_division,Liga Profesional,bovada,2.0,2.05,1.8,2025-01-24T11:55:18Z,2025-01-24,b0d7eb52eae45a33f30b88c4410ad377_2.0
94fffea7921cfabfff139f0e51e39f84,San Martin de San Juan,Atlético Tucuman,2025-01-25T00:30:00Z,soccer_argentina_primera_division,Liga Profesional,onexbet,1.5,1.58,2.38,2025-01-24T11:55:18Z,2025-01-24,94fffea7921cfabfff139f0e51e39f84_1.5
94fffea7921cfabfff139f0e51e39f84,San Martin de San Juan,Atlético Tucuman,2025-01-25T00:30:00Z,soccer_argentina_primera_division,Liga Profesional,pinnacle,1.75,1.78,2.1,2025-01-24T11:55:18Z,2025-01-24,94fffea7921cfabfff139f0e51e39f84_1.75
94fffea7921cfabfff139f0e51e39f84,San Martin de San Juan,Atlético Tucuman,2025-01-25T00:30:00Z,soccer_argentina_primera_division,Liga Profesional,betrivers,1.5,1.51,2.48,2025-01-24T11:55:18Z,2025-01-24,94fffea7921cfabfff139f0e51e39f84_1.5
94fffea7921cfabfff139f0e51e39f84,San Martin de San Juan,Atlético Tucuman,2025-01-25T00:30:00Z,soccer_argentina_primera_division,Liga Profesional,unibet,2.5,2.75,1.42,2025-01-24T11:55:20Z,2025-01-24,94fffea7921cfabfff139f0e51e39f84_2.5
94fffea7921cfabfff139f0e51e39f84,San Martin de San Juan,Atlético Tucuman,2025-01-25T00:30:00Z,soccer_argentina_primera_division,Liga Profesional,betsson,1.75,1.74,2.04,2025-01-24T11:55:19Z,2025-01-24,94fffea7921cfabfff139f0e51e39f84_1.75
94fffea7921cfabfff139f0e51e39f84,San Martin de San Juan,Atlético Tucuman,2025-01-25T00:30:00Z,soccer_argentina_primera_division,Liga Profesional,nordicbet,2.5,2.76,1.43,2025-01-24T11:55:19Z,2025-01-24,94fffea7921cfabfff139f0e51e39f84_2.5
94fffea7921cfabfff139f0e51e39f84,San Martin de San Juan,Atlético Tucuman,2025-01-25T00:30:00Z,soccer_argentina_primera_division,Liga Profesional,playup,1.5,1.55,2.35,2025-01-24T11:55:18Z,2025-01-24,94fffea7921cfabfff139f0e51e39f84_1.5
94fffea7921cfabfff139f0e51e39f84,San Martin de San Juan,Atlético Tucuman,2025-01-25T00:30:00Z,soccer_argentina_primera_division,Liga Profesional,betonlineag,1.75,1.78,2.08,2025-01-24T11:54:04Z,2025-01-24,94fffea7921cfabfff139f0e51e39f84_1.75
94fffea7921cfabfff139f0e51e39f84,San Martin de San Juan,Atlético Tucuman,2025-01-25T00:30:00Z,soccer_argentina_primera_division,Liga Profesional,lowvig,1.75,1.78,2.08,2025-01-24T11:55:18Z,2025-01-24,94fffea7921cfabfff139f0e51e39f84_1.75
94fffea7921cfabfff139f0e51e39f84,San Martin de San Juan,Atlético Tucuman,2025-01-25T00:30:00Z,soccer_argentina_primera_division,Liga Profesional,matchbook,1.5,1.6,2.56,2025-01-24T11:55:18Z,2025-01-24,94fffea7921cfabfff139f0e51e39f84_1.5
94fffea7921cfabfff139f0e51e39f84,San Martin de San Juan,Atlético Tucuman,2025-01-25T00:30:00Z,soccer_argentina_primera_division,Liga Profesional,bovada,1.75,1.78,2.08,2025-01-24T11:55:18Z,2025-01-24,94fffea7921cfabfff139f0e51e39f84_1.75
eb90cf4b08951b37b5ee8839073135a1,San Lorenzo,Talleres,2025-01-25T20:00:00Z,soccer_argentina_primera_division,Liga Profesional,onexbet,1.5,1.59,2.15,2025-01-24T11:55:18Z,2025-01-24,eb90cf4b08951b37b5ee8839073135a1_1.5
eb90cf4b08951b37b5ee8839073135a1,San Lorenzo,Talleres,2025-01-25T20:00:00Z,soccer_argentina_primera_division,Liga Profesional,nordicbet,2.5,2.91,1.39,2025-01-24T11:55:19Z,2025-01-24,eb90cf4b08951b37b5ee8839073135a1_2.5
eb90cf4b08951b37b5ee8839073135a1,San Lorenzo,Talleres,2025-01-25T20:00:00Z,soccer_argentina_primera_division,Liga Profesional,betsson,1.75,1.81,1.96,2025-01-24T11:55:19Z,2025-01-24,eb90cf4b08951b37b5ee8839073135a1_1.75
eb90cf4b08951b37b5ee8839073135a1,San Lorenzo,Talleres,2025-01-25T20:00:00Z,soccer_argentina_primera_division,Liga Profesional,unibet,1.5,1.62,2.25,2025-01-24T11:55:20Z,2025-01-24,eb90cf4b08951b37b5ee8839073135a1_1.5
eb90cf4b08951b37b5ee8839073135a1,San Lorenzo,Talleres,2025-01-25T20:00:00Z,soccer_argentina_primera_division,Liga Profesional,betrivers,1.5,1.62,2.25,2025-01-24T11:55:18Z,2025-01-24,eb90cf4b08951b37b5ee8839073135a1_1.5
eb90cf4b08951b37b5ee8839073135a1,San Lorenzo,Talleres,2025-01-25T20:00:00Z,soccer_argentina_primera_division,Liga Profesional,pinnacle,1.75,1.88,1.95,2025-01-24T11:55:18Z,2025-01-24,eb90cf4b08951b37b5ee8839073135a1_1.75
eb90cf4b08951b37b5ee8839073135a1,San Lorenzo,Talleres,2025-01-25T20:00:00Z,soccer_argentina_primera_division,Liga Profesional,betonlineag,1.75,1.86,1.96,2025-01-24T11:54:04Z,2025-01-24,eb90cf4b08951b37b5ee8839073135a1_1.75
eb90cf4b08951b37b5ee8839073135a1,San Lorenzo,Talleres,2025-01-25T20:00:00Z,soccer_argentina_primera_division,Liga Profesional,lowvig,1.75,1.86,1.96,2025-01-24T11:55:18Z,2025-01-24,eb90cf4b08951b37b5ee8839073135a1_1.75
eb90cf4b08951b37b5ee8839073135a1,San Lorenzo,Talleres,2025-01-25T20:00:00Z,soccer_argentina_primera_division,Liga Profesional,playup,1.5,1.63,2.2,2025-01-24T11:55:18Z,2025-01-24,eb90cf4b08951b37b5ee8839073135a1_1.5
eb90cf4b08951b37b5ee8839073135a1,San Lorenzo,Talleres,2025-01-25T20:00:00Z,soccer_argentina_primera_division,Liga Profesional,betanysports,1.75,1.86,1.96,2025-01-24T11:55:19Z,2025-01-24,eb90cf4b08951b37b5ee8839073135a1_1.75
eb90cf4b08951b37b5ee8839073135a1,San Lorenzo,Talleres,2025-01-25T20:00:00Z,soccer_argentina_primera_division,Liga Profesional,matchbook,1.5,1.64,2.28,2025-01-24T11:55:18Z,2025-01-24,eb90cf4b08951b37b5ee8839073135a1_1.5
eb90cf4b08951b37b5ee8839073135a1,San Lorenzo,Talleres,2025-01-25T20:00:00Z,soccer_argentina_primera_division,Liga Profesional,bovada,1.75,1.83,2.0,2025-01-24T11:55:18Z,2025-01-24,eb90cf4b08951b37b5ee8839073135a1_1.75
295b797f052619c6c19101d30fc86676,Estudiantes,Union Santa Fe,2025-01-25T22:15:00Z,soccer_argentina_primera_division,Liga Profesional,onexbet,2.5,2.55,1.51,2025-01-24T11:55:18Z,2025-01-24,295b797f052619c6c19101d30fc86676_2.5
295b797f052619c6c19101d30fc86676,Estudiantes,Union Santa Fe,2025-01-25T22:15:00Z,soccer_argentina_primera_division,Liga Profesional,nordicbet,2.5,2.51,1.5,2025-01-24T11:55:19Z,2025-01-24,295b797f052619c6c19101d30fc86676_2.5
295b797f052619c6c19101d30fc86676,Estudiantes,Union Santa Fe,2025-01-25T22:15:00Z,soccer_argentina_primera_division,Liga Profesional,betsson,2.0,1.87,1.89,2025-01-24T11:55:19Z,2025-01-24,295b797f052619c6c19101d30fc86676_2.0
295b797f052619c6c19101d30fc86676,Estudiantes,Union Santa Fe,2025-01-25T22:15:00Z,soccer_argentina_primera_division,Liga Profesional,unibet,1.5,1.45,2.7,2025-01-24T11:55:20Z,2025-01-24,295b797f052619c6c19101d30fc86676_1.5
295b797f052619c6c19101d30fc86676,Estudiantes,Union Santa Fe,2025-01-25T22:15:00Z,soccer_argentina_primera_division,Liga Profesional,betrivers,2.5,2.48,1.51,2025-01-24T11:55:18Z,2025-01-24,295b797f052619c6c19101d30fc86676_2.5
295b797f052619c6c19101d30fc86676,Estudiantes,Union Santa Fe,2025-01-25T22:15:00Z,soccer_argentina_primera_division,Liga Profesional,pinnacle,2.0,1.93,1.91,2025-01-24T11:55:18Z,2025-01-24,295b797f052619c6c19101d30fc86676_2.0
295b797f052619c6c19101d30fc86676,Estudiantes,Union Santa Fe,2025-01-25T22:15:00Z,soccer_argentina_primera_division,Liga Profesional,betonlineag,2.0,1.91,1.91,2025-01-24T11:54:04Z,2025-01-24,295b797f052619c6c19101d30fc86676_2.0
295b797f052619c6c19101d30fc86676,Estudiantes,Union Santa Fe,2025-01-25T22:15:00Z,soccer_argentina_primera_division,Liga Profesional,lowvig,2.0,1.91,1.91,2025-01-24T11:55:18Z,2025-01-24,295b797f052619c6c19101d30fc86676_2.0
295b797f052619c6c19101d30fc86676,Estudiantes,Union Santa Fe,2025-01-25T22:15:00Z,soccer_argentina_primera_division,Liga Profesional,playup,1.5,1.5,2.5,2025-01-24T11:55:18Z,2025-01-24,295b797f052619c6c19101d30fc86676_1.5
295b797f052619c6c19101d30fc86676,Estudiantes,Union Santa Fe,2025-01-25T22:15:00Z,soccer_argentina_primera_division,Liga Profesional,betanysports,2.0,1.91,1.91,2025-01-24T11:55:19Z,2025-01-24,295b797f052619c6c19101d30fc86676_2.0
295b797f052619c6c19101d30fc86676,Estudiantes,Union Santa Fe,2025-01-25T22:15:00Z,soccer_argentina_primera_division,Liga Profesional,bovada,2.0,1.89,1.93,2025-01-24T11:55:18Z,2025-01-24,295b797f052619c6c19101d30fc86676_2.0
b926ba569e49ada5249319081b938a62,Instituto de Córdoba,Gimnasia La Plata,2025-01-25T22:15:00Z,soccer_argentina_primera_division,Liga Profesional,onexbet,2.5,2.39,1.48,2025-01-24T11:55:18Z,2025-01-24,b926ba569e49ada5249319081b938a62_2.5
b926ba569e49ada5249319081b938a62,Instituto de Córdoba,Gimnasia La Plata,2025-01-25T22:15:00Z,soccer_argentina_primera_division,Liga Profesional,betsson,2.0,1.88,1.88,2025-01-24T11:55:19Z,2025-01-24,b926ba569e49ada5249319081b938a62_2.0
b926ba569e49ada5249319081b938a62,Instituto de Córdoba,Gimnasia La Plata,2025-01-25T22:15:00Z,soccer_argentina_primera_division,Liga Profesional,nordicbet,2.5,2.52,1.5,2025-01-24T11:55:19Z,2025-01-24,b926ba569e49ada5249319081b938a62_2.5
b926ba569e49ada5249319081b938a62,Instituto de Córdoba,Gimnasia La Plata,2025-01-25T22:15:00Z,soccer_argentina_primera_division,Liga Profesional,unibet,1.5,1.5,2.5,2025-01-24T11:55:20Z,2025-01-24,b926ba569e49ada5249319081b938a62_1.5
b926ba569e49ada5249319081b938a62,Instituto de Córdoba,Gimnasia La Plata,2025-01-25T22:15:00Z,soccer_argentina_primera_division,Liga Profesional,betrivers,1.5,1.5,2.5,2025-01-24T11:55:18Z,2025-01-24,b926ba569e49ada5249319081b938a62_1.5
b926ba569e49ada5249319081b938a62,Instituto de Córdoba,Gimnasia La Plata,2025-01-25T22:15:00Z,soccer_argentina_primera_division,Liga Profesional,pinnacle,2.0,1.85,1.99,2025-01-24T11:55:18Z,2025-01-24,b926ba569e49ada5249319081b938a62_2.0
b926ba569e49ada5249319081b938a62,Instituto de Córdoba,Gimnasia La Plata,2025-01-25T22:15:00Z,soccer_argentina_primera_division,Liga Profesional,betonlineag,2.0,1.84,1.99,2025-01-24T11:54:04Z,2025-01-24,b926ba569e49ada5249319081b938a62_2.0
b926ba569e49ada5249319081b938a62,Instituto de Córdoba,Gimnasia La Plata,2025-01-25T22:15:00Z,soccer_argentina_primera_division,Liga Profesional,lowvig,2.0,1.84,1.99,2025-01-24T11:55:18Z,2025-01-24,b926ba569e49ada5249319081b938a62_2.0
b926ba569e49ada5249319081b938a62,Instituto de Córdoba,Gimnasia La Plata,2025-01-25T22:15:00Z,soccer_argentina_primera_division,Liga Profesional,playup,2.5,2.4,1.52,2025-01-24T11:55:18Z,2025-01-24,b926ba569e49ada5249319081b938a62_2.5
b926ba569e49ada5249319081b938a62,Instituto de Córdoba,Gimnasia La Plata,2025-01-25T22:15:00Z,soccer_argentina_primera_division,Liga Profesional,bovada,2.0,1.91,1.91,2025-01-24T11:55:18Z,2025-01-24,b926ba569e49ada5249319081b938a62_2.0
ff0f81abeaaa99ad55c4a5cdfc7ee064,Platense,River Plate,2025-01-26T00:30:00Z,soccer_argentina_primera_division,Liga Profesional,onexbet,1.5,1.5,2.34,2025-01-24T11:55:18Z,2025-01-24,ff0f81abeaaa99ad55c4a5cdfc7ee064_1.5
ff0f81abeaaa99ad55c4a5cdfc7ee064,Platense,River Plate,2025-01-26T00:30:00Z,soccer_argentina_primera_division,Liga Profesional,nordicbet,2.5,2.61,1.47,2025-01-24T11:55:19Z,2025-01-24,ff0f81abeaaa99ad55c4a5cdfc7ee064_2.5
ff0f81abeaaa99ad55c4a5cdfc7ee064,Platense,River Plate,2025-01-26T00:30:00Z,soccer_argentina_primera_division,Liga Profesional,betsson,2.0,1.94,1.82,2025-01-24T11:55:19Z,2025-01-24,ff0f81abeaaa99ad55c4a5cdfc7ee064_2.0
ff0f81abeaaa99ad55c4a5cdfc7ee064,Platense,River Plate,2025-01-26T00:30:00Z,soccer_argentina_primera_division,Liga Profesional,unibet,2.5,2.55,1.48,2025-01-24T11:55:20Z,2025-01-24,ff0f81abeaaa99ad55c4a5cdfc7ee064_2.5
ff0f81abeaaa99ad55c4a5cdfc7ee064,Platense,River Plate,2025-01-26T00:30:00Z,soccer_argentina_primera_division,Liga Profesional,betrivers,2.5,2.55,1.48,2025-01-24T11:55:18Z,2025-01-24,ff0f81abeaaa99ad55c4a5cdfc7ee064_2.5
ff0f81abeaaa99ad55c4a5cdfc7ee064,Platense,River Plate,2025-01-26T00:30:00Z,soccer_argentina_primera_division,Liga Profesional,pinnacle,2.0,2.01,1.81,2025-01-24T11:55:18Z,2025-01-24,ff0f81abeaaa99ad55c4a5cdfc7ee064_2.0
ff0f81abeaaa99ad55c4a5cdfc7ee064,Platense,River Plate,2025-01-26T00:30:00Z,soccer_argentina_primera_division,Liga Profesional,betonlineag,2.0,1.92,1.9,2025-01-24T11:54:04Z,2025-01-24,ff0f81abeaaa99ad55c4a5cdfc7ee064_2.0
ff0f81abeaaa99ad55c4a5cdfc7ee064,Platense,River Plate,2025-01-26T00:30:00Z,soccer_argentina_primera_division,Liga Profesional,lowvig,2.0,1.92,1.9,2025-01-24T11:55:18Z,2025-01-24,ff0f81abeaaa99ad55c4a5cdfc7ee064_2.0
ff0f81abeaaa99ad55c4a5cdfc7ee064,Platense,River Plate,2025-01-26T00:30:00Z,soccer_argentina_primera_division,Liga Profesional,playup,1.5,1.55,2.35,2025-01-24T11:55:18Z,2025-01-24,ff0f81abeaaa99ad55c4a5cdfc7ee064_1.5
ff0f81abeaaa99ad55c4a5cdfc7ee064,Platense,River Plate,2025-01-26T00:30:00Z,soccer_argentina_primera_division,Liga Profesional,betanysports,2.0,1.92,1.9,2025-01-24T11:55:19Z,2025-01-24,ff0f81abeaaa99ad55c4a5cdfc7ee064_2.0
ff0f81abeaaa99ad55c4a5cdfc7ee064,Platense,River Plate,2025-01-26T00:30:00Z,soccer_argentina_primera_division,Liga Profesional,bovada,2.0,1.98,1.85,2025-01-24T11:55:18Z,2025-01-24,ff0f81abeaaa99ad55c4a5cdfc7ee064_2.0
83ed9062ccfaa3a800c51192572334ef,Atlético San Luis,Necaxa,2025-01-25T01:00:00Z,soccer_mexico_ligamx,Liga MX,bovada,2.5,1.83,2.0,2025-01-24T11:55:32Z,2025-01-24,83ed9062ccfaa3a800c51192572334ef_2.5
83ed9062ccfaa3a800c51192572334ef,Atlético San Luis,Necaxa,2025-01-25T01:00:00Z,soccer_mexico_ligamx,Liga MX,unibet_eu,2.5,1.78,1.94,2025-01-24T11:55:33Z,2025-01-24,83ed9062ccfaa3a800c51192572334ef_2.5
83ed9062ccfaa3a800c51192572334ef,Atlético San Luis,Necaxa,2025-01-25T01:00:00Z,soccer_mexico_ligamx,Liga MX,betrivers,2.5,1.78,1.94,2025-01-24T11:55:33Z,2025-01-24,83ed9062ccfaa3a800c51192572334ef_2.5
83ed9062ccfaa3a800c51192572334ef,Atlético San Luis,Necaxa,2025-01-25T01:00:00Z,soccer_mexico_ligamx,Liga MX,unibet,2.5,1.78,1.95,2025-01-24T11:55:33Z,2025-01-24,83ed9062ccfaa3a800c51192572334ef_2.5
83ed9062ccfaa3a800c51192572334ef,Atlético San Luis,Necaxa,2025-01-25T01:00:00Z,soccer_mexico_ligamx,Liga MX,pinnacle,2.5,1.85,2.02,2025-01-24T11:55:32Z,2025-01-24,83ed9062ccfaa3a800c51192572334ef_2.5
83ed9062ccfaa3a800c51192572334ef,Atlético San Luis,Necaxa,2025-01-25T01:00:00Z,soccer_mexico_ligamx,Liga MX,betus,2.5,1.85,1.88,2025-01-24T11:55:33Z,2025-01-24,83ed9062ccfaa3a800c51192572334ef_2.5
83ed9062ccfaa3a800c51192572334ef,Atlético San Luis,Necaxa,2025-01-25T01:00:00Z,soccer_mexico_ligamx,Liga MX,williamhill,2.5,1.8,1.95,2025-01-24T11:55:34Z,2025-01-24,83ed9062ccfaa3a800c51192572334ef_2.5
83ed9062ccfaa3a800c51192572334ef,Atlético San Luis,Necaxa,2025-01-25T01:00:00Z,soccer_mexico_ligamx,Liga MX,lowvig,2.5,1.83,2.0,2025-01-24T11:55:32Z,2025-01-24,83ed9062ccfaa3a800c51192572334ef_2.5
83ed9062ccfaa3a800c51192572334ef,Atlético San Luis,Necaxa,2025-01-25T01:00:00Z,soccer_mexico_ligamx,Liga MX,betonlineag,2.5,1.83,2.0,2025-01-24T11:54:15Z,2025-01-24,83ed9062ccfaa3a800c51192572334ef_2.5
83ed9062ccfaa3a800c51192572334ef,Atlético San Luis,Necaxa,2025-01-25T01:00:00Z,soccer_mexico_ligamx,Liga MX,matchbook,2.5,1.79,1.98,2025-01-24T11:55:32Z,2025-01-24,83ed9062ccfaa3a800c51192572334ef_2.5
af5d9fc6aebdfbb378f1ab5941b0e5d3,Mazatlán FC,Toluca,2025-01-25T03:00:00Z,soccer_mexico_ligamx,Liga MX,bovada,2.75,1.87,1.95,2025-01-24T11:55:32Z,2025-01-24,af5d9fc6aebdfbb378f1ab5941b0e5d3_2.75
af5d9fc6aebdfbb378f1ab5941b0e5d3,Mazatlán FC,Toluca,2025-01-25T03:00:00Z,soccer_mexico_ligamx,Liga MX,unibet_eu,2.5,1.61,2.2,2025-01-24T11:55:33Z,2025-01-24,af5d9fc6aebdfbb378f1ab5941b0e5d3_2.5
af5d9fc6aebdfbb378f1ab5941b0e5d3,Mazatlán FC,Toluca,2025-01-25T03:00:00Z,soccer_mexico_ligamx,Liga MX,betrivers,2.5,1.61,2.2,2025-01-24T11:55:33Z,2025-01-24,af5d9fc6aebdfbb378f1ab5941b0e5d3_2.5
af5d9fc6aebdfbb378f1ab5941b0e5d3,Mazatlán FC,Toluca,2025-01-25T03:00:00Z,soccer_mexico_ligamx,Liga MX,unibet,2.5,1.61,2.2,2025-01-24T11:55:33Z,2025-01-24,af5d9fc6aebdfbb378f1ab5941b0e5d3_2.5
af5d9fc6aebdfbb378f1ab5941b0e5d3,Mazatlán FC,Toluca,2025-01-25T03:00:00Z,soccer_mexico_ligamx,Liga MX,betus,2.75,1.87,1.87,2025-01-24T11:55:33Z,2025-01-24,af5d9fc6aebdfbb378f1ab5941b0e5d3_2.75
af5d9fc6aebdfbb378f1ab5941b0e5d3,Mazatlán FC,Toluca,2025-01-25T03:00:00Z,soccer_mexico_ligamx,Liga MX,pinnacle,2.75,1.88,1.99,2025-01-24T11:55:32Z,2025-01-24,af5d9fc6aebdfbb378f1ab5941b0e5d3_2.75
af5d9fc6aebdfbb378f1ab5941b0e5d3,Mazatlán FC,Toluca,2025-01-25T03:00:00Z,soccer_mexico_ligamx,Liga MX,williamhill,2.5,1.7,2.15,2025-01-24T11:55:34Z,2025-01-24,af5d9fc6aebdfbb378f1ab5941b0e5d3_2.5
af5d9fc6aebdfbb378f1ab5941b0e5d3,Mazatlán FC,Toluca,2025-01-25T03:00:00Z,soccer_mexico_ligamx,Liga MX,lowvig,2.75,1.84,1.99,2025-01-24T11:55:32Z,2025-01-24,af5d9fc6aebdfbb378f1ab5941b0e5d3_2.75
af5d9fc6aebdfbb378f1ab5941b0e5d3,Mazatlán FC,Toluca,2025-01-25T03:00:00Z,soccer_mexico_ligamx,Liga MX,betonlineag,2.75,1.84,1.99,2025-01-24T11:54:15Z,2025-01-24,af5d9fc6aebdfbb378f1ab5941b0e5d3_2.75
af5d9fc6aebdfbb378f1ab5941b0e5d3,Mazatlán FC,Toluca,2025-01-25T03:00:00Z,soccer_mexico_ligamx,Liga MX,matchbook,2.5,1.59,2.22,2025-01-24T11:55:32Z,2025-01-24,af5d9fc6aebdfbb378f1ab5941b0e5d3_2.5
04c0cada9175e1d3d4c6410ecd3bb6ca,Tijuana,Querétaro,2025-01-25T03:00:00Z,soccer_mexico_ligamx,Liga MX,bovada,2.75,1.98,1.85,2025-01-24T11:55:32Z,2025-01-24,04c0cada9175e1d3d4c6410ecd3bb6ca_2.75
04c0cada9175e1d3d4c6410ecd3bb6ca,Tijuana,Querétaro,2025-01-25T03:00:00Z,soccer_mexico_ligamx,Liga MX,unibet_eu,2.5,1.62,2.17,2025-01-24T11:55:33Z,2025-01-24,04c0cada9175e1d3d4c6410ecd3bb6ca_2.5
04c0cada9175e1d3d4c6410ecd3bb6ca,Tijuana,Querétaro,2025-01-25T03:00:00Z,soccer_mexico_ligamx,Liga MX,betrivers,2.5,1.62,2.17,2025-01-24T11:55:33Z,2025-01-24,04c0cada9175e1d3d4c6410ecd3bb6ca_2.5
04c0cada9175e1d3d4c6410ecd3bb6ca,Tijuana,Querétaro,2025-01-25T03:00:00Z,soccer_mexico_ligamx,Liga MX,unibet,2.5,1.62,2.17,2025-01-24T11:55:33Z,2025-01-24,04c0cada9175e1d3d4c6410ecd3bb6ca_2.5
04c0cada9175e1d3d4c6410ecd3bb6ca,Tijuana,Querétaro,2025-01-25T03:00:00Z,soccer_mexico_ligamx,Liga MX,betus,2.75,1.89,1.85,2025-01-24T11:55:33Z,2025-01-24,04c0cada9175e1d3d4c6410ecd3bb6ca_2.75
04c0cada9175e1d3d4c6410ecd3bb6ca,Tijuana,Querétaro,2025-01-25T03:00:00Z,soccer_mexico_ligamx,Liga MX,pinnacle,2.5,1.84,2.04,2025-01-24T11:55:32Z,2025-01-24,04c0cada9175e1d3d4c6410ecd3bb6ca_2.5
04c0cada9175e1d3d4c6410ecd3bb6ca,Tijuana,Querétaro,2025-01-25T03:00:00Z,soccer_mexico_ligamx,Liga MX,williamhill,2.5,1.75,2.05,2025-01-24T11:55:34Z,2025-01-24,04c0cada9175e1d3d4c6410ecd3bb6ca_2.5
04c0cada9175e1d3d4c6410ecd3bb6ca,Tijuana,Querétaro,2025-01-25T03:00:00Z,soccer_mexico_ligamx,Liga MX,lowvig,2.75,2.05,1.8,2025-01-24T11:55:32Z,2025-01-24,04c0cada9175e1d3d4c6410ecd3bb6ca_2.75
04c0cada9175e1d3d4c6410ecd3bb6ca,Tijuana,Querétaro,2025-01-25T03:00:00Z,soccer_mexico_ligamx,Liga MX,betonlineag,2.75,2.05,1.8,2025-01-24T11:54:15Z,2025-01-24,04c0cada9175e1d3d4c6410ecd3bb6ca_2.75
04c0cada9175e1d3d4c6410ecd3bb6ca,Tijuana,Querétaro,2025-01-25T03:00:00Z,soccer_mexico_ligamx,Liga MX,matchbook,2.5,1.77,2.02,2025-01-24T11:55:32Z,2025-01-24,04c0cada9175e1d3d4c6410ecd3bb6ca_2.5
6a11ef1755712b4cc23e57c2bbd78e9c,Cruz Azul,Puebla,2025-01-25T23:00:00Z,soccer_mexico_ligamx,Liga MX,bovada,2.75,1.82,2.02,2025-01-24T11:55:32Z,2025-01-24,6a11ef1755712b4cc23e57c2bbd78e9c_2.75
6a11ef1755712b4cc23e57c2bbd78e9c,Cruz Azul,Puebla,2025-01-25T23:00:00Z,soccer_mexico_ligamx,Liga MX,unibet_eu,3.5,2.5,1.48,2025-01-24T11:55:33Z,2025-01-24,6a11ef1755712b4cc23e57c2bbd78e9c_3.5
6a11ef1755712b4cc23e57c2bbd78e9c,Cruz Azul,Puebla,2025-01-25T23:00:00Z,soccer_mexico_ligamx,Liga MX,betrivers,2.5,1.54,2.35,2025-01-24T11:55:33Z,2025-01-24,6a11ef1755712b4cc23e57c2bbd78e9c_2.5
6a11ef1755712b4cc23e57c2bbd78e9c,Cruz Azul,Puebla,2025-01-25T23:00:00Z,soccer_mexico_ligamx,Liga MX,unibet,3.5,2.5,1.48,2025-01-24T11:55:33Z,2025-01-24,6a11ef1755712b4cc23e57c2bbd78e9c_3.5
6a11ef1755712b4cc23e57c2bbd78e9c,Cruz Azul,Puebla,2025-01-25T23:00:00Z,soccer_mexico_ligamx,Liga MX,betus,2.75,1.82,1.93,2025-01-24T11:55:33Z,2025-01-24,6a11ef1755712b4cc23e57c2bbd78e9c_2.75
6a11ef1755712b4cc23e57c2bbd78e9c,Cruz Azul,Puebla,2025-01-25T23:00:00Z,soccer_mexico_ligamx,Liga MX,pinnacle,2.75,1.84,2.02,2025-01-24T11:55:32Z,2025-01-24,6a11ef1755712b4cc23e57c2bbd78e9c_2.75
6a11ef1755712b4cc23e57c2bbd78e9c,Cruz Azul,Puebla,2025-01-25T23:00:00Z,soccer_mexico_ligamx,Liga MX,williamhill,2.5,1.62,2.3,2025-01-24T11:55:34Z,2025-01-24,6a11ef1755712b4cc23e57c2bbd78e9c_2.5
6a11ef1755712b4cc23e57c2bbd78e9c,Cruz Azul,Puebla,2025-01-25T23:00:00Z,soccer_mexico_ligamx,Liga MX,lowvig,2.75,1.84,1.99,2025-01-24T11:55:32Z,2025-01-24,6a11ef1755712b4cc23e57c2bbd78e9c_2.75
6a11ef1755712b4cc23e57c2bbd78e9c,Cruz Azul,Puebla,2025-01-25T23:00:00Z,soccer_mexico_ligamx,Liga MX,betonlineag,2.75,1.84,1.99,2025-01-24T11:54:15Z,2025-01-24,6a11ef1755712b4cc23e57c2bbd78e9c_2.75
9791d313aac24d21fedfbadb985411d4,León,FC Juárez,2025-01-25T23:00:00Z,soccer_mexico_ligamx,Liga MX,bovada,2.5,1.89,1.93,2025-01-24T11:55:32Z,2025-01-24,9791d313aac24d21fedfbadb985411d4_2.5
9791d313aac24d21fedfbadb985411d4,León,FC Juárez,2025-01-25T23:00:00Z,soccer_mexico_ligamx,Liga MX,unibet_eu,3.5,3.45,1.27,2025-01-24T11:55:33Z,2025-01-24,9791d313aac24d21fedfbadb985411d4_3.5
9791d313aac24d21fedfbadb985411d4,León,FC Juárez,2025-01-25T23:00:00Z,soccer_mexico_ligamx,Liga MX,betrivers,2.5,1.93,1.8,2025-01-24T11:55:33Z,2025-01-24,9791d313aac24d21fedfbadb985411d4_2.5
9791d313aac24d21fedfbadb985411d4,León,FC Juárez,2025-01-25T23:00:00Z,soccer_mexico_ligamx,Liga MX,unibet,3.5,3.45,1.27,2025-01-24T11:55:33Z,2025-01-24,9791d313aac24d21fedfbadb985411d4_3.5
9791d313aac24d21fedfbadb985411d4,León,FC Juárez,2025-01-25T23:00:00Z,soccer_mexico_ligamx,Liga MX,betus,2.5,1.89,1.87,2025-01-24T11:55:33Z,2025-01-24,9791d313aac24d21fedfbadb985411d4_2.5
9791d313aac24d21fedfbadb985411d4,León,FC Juárez,2025-01-25T23:00:00Z,soccer_mexico_ligamx,Liga MX,pinnacle,2.5,1.87,1.99,2025-01-24T11:55:32Z,2025-01-24,9791d313aac24d21fedfbadb985411d4_2.5
9791d313aac24d21fedfbadb985411d4,León,FC Juárez,2025-01-25T23:00:00Z,soccer_mexico_ligamx,Liga MX,williamhill,2.5,1.91,1.85,2025-01-24T11:55:34Z,2025-01-24,9791d313aac24d21fedfbadb985411d4_2.5
9791d313aac24d21fedfbadb985411d4,León,FC Juárez,2025-01-25T23:00:00Z,soccer_mexico_ligamx,Liga MX,lowvig,2.5,1.89,1.93,2025-01-24T11:55:32Z,2025-01-24,9791d313aac24d21fedfbadb985411d4_2.5
9791d313aac24d21fedfbadb985411d4,León,FC Juárez,2025-01-25T23:00:00Z,soccer_mexico_ligamx,Liga MX,betonlineag,2.5,1.89,1.93,2025-01-24T11:54:15Z,2025-01-24,9791d313aac24d21fedfbadb985411d4_2.5
6692681ae20f844f4ee4a41348e964bc,Santos Laguna,América,2025-01-26T01:05:00Z,soccer_mexico_ligamx,Liga MX,bovada,2.75,1.98,1.85,2025-01-24T11:55:32Z,2025-01-24,6692681ae20f844f4ee4a41348e964bc_2.75
6692681ae20f844f4ee4a41348e964bc,Santos Laguna,América,2025-01-26T01:05:00Z,soccer_mexico_ligamx,Liga MX,unibet_eu,2.5,1.68,2.08,2025-01-24T11:55:33Z,2025-01-24,6692681ae20f844f4ee4a41348e964bc_2.5
6692681ae20f844f4ee4a41348e964bc,Santos Laguna,América,2025-01-26T01:05:00Z,soccer_mexico_ligamx,Liga MX,betrivers,2.5,1.68,2.08,2025-01-24T11:55:33Z,2025-01-24,6692681ae20f844f4ee4a41348e964bc_2.5
6692681ae20f844f4ee4a41348e964bc,Santos Laguna,América,2025-01-26T01:05:00Z,soccer_mexico_ligamx,Liga MX,unibet,2.5,1.68,2.08,2025-01-24T11:55:33Z,2025-01-24,6692681ae20f844f4ee4a41348e964bc_2.5
6692681ae20f844f4ee4a41348e964bc,Santos Laguna,América,2025-01-26T01:05:00Z,soccer_mexico_ligamx,Liga MX,betus,2.75,1.89,1.85,2025-01-24T11:55:33Z,2025-01-24,6692681ae20f844f4ee4a41348e964bc_2.75
6692681ae20f844f4ee4a41348e964bc,Santos Laguna,América,2025-01-26T01:05:00Z,soccer_mexico_ligamx,Liga MX,pinnacle,2.75,2.01,1.83,2025-01-24T11:55:32Z,2025-01-24,6692681ae20f844f4ee4a41348e964bc_2.75
6692681ae20f844f4ee4a41348e964bc,Santos Laguna,América,2025-01-26T01:05:00Z,soccer_mexico_ligamx,Liga MX,williamhill,2.5,1.8,2.0,2025-01-24T11:55:34Z,2025-01-24,6692681ae20f844f4ee4a41348e964bc_2.5
6692681ae20f844f4ee4a41348e964bc,Santos Laguna,América,2025-01-26T01:05:00Z,soccer_mexico_ligamx,Liga MX,lowvig,2.75,2.0,1.83,2025-01-24T11:55:32Z,2025-01-24,6692681ae20f844f4ee4a41348e964bc_2.75
6692681ae20f844f4ee4a41348e964bc,Santos Laguna,América,2025-01-26T01:05:00Z,soccer_mexico_ligamx,Liga MX,betonlineag,2.75,2.0,1.83,2025-01-24T11:54:15Z,2025-01-24,6692681ae20f844f4ee4a41348e964bc_2.75
37d0e60c45cae38539c4e5389ef40489,Guadalajara,Tigres,2025-01-26T01:05:00Z,soccer_mexico_ligamx,Liga MX,bovada,2.25,1.85,1.98,2025-01-24T11:55:32Z,2025-01-24,37d0e60c45cae38539c4e5389ef40489_2.25
37d0e60c45cae38539c4e5389ef40489,Guadalajara,Tigres,2025-01-26T01:05:00Z,soccer_mexico_ligamx,Liga MX,unibet_eu,2.5,2.1,1.67,2025-01-24T11:55:33Z,2025-01-24,37d0e60c45cae38539c4e5389ef40489_2.5
37d0e60c45cae38539c4e5389ef40489,Guadalajara,Tigres,2025-01-26T01:05:00Z,soccer_mexico_ligamx,Liga MX,betrivers,2.5,2.1,1.67,2025-01-24T11:55:33Z,2025-01-24,37d0e60c45cae38539c4e5389ef40489_2.5
37d0e60c45cae38539c4e5389ef40489,Guadalajara,Tigres,2025-01-26T01:05:00Z,soccer_mexico_ligamx,Liga MX,unibet,2.5,2.1,1.67,2025-01-24T11:55:33Z,2025-01-24,37d0e60c45cae38539c4e5389ef40489_2.5
37d0e60c45cae38539c4e5389ef40489,Guadalajara,Tigres,2025-01-26T01:05:00Z,soccer_mexico_ligamx,Liga MX,pinnacle,2.25,1.85,1.98,2025-01-24T11:55:32Z,2025-01-24,37d0e60c45cae38539c4e5389ef40489_2.25
37d0e60c45cae38539c4e5389ef40489,Guadalajara,Tigres,2025-01-26T01:05:00Z,soccer_mexico_ligamx,Liga MX,betus,2.25,1.86,1.88,2025-01-24T11:55:33Z,2025-01-24,37d0e60c45cae38539c4e5389ef40489_2.25
37d0e60c45cae38539c4e5389ef40489,Guadalajara,Tigres,2025-01-26T01:05:00Z,soccer_mexico_ligamx,Liga MX,williamhill,2.5,2.05,1.75,2025-01-24T11:55:34Z,2025-01-24,37d0e60c45cae38539c4e5389ef40489_2.5
37d0e60c45cae38539c4e5389ef40489,Guadalajara,Tigres,2025-01-26T01:05:00Z,soccer_mexico_ligamx,Liga MX,lowvig,2.25,1.85,1.97,2025-01-24T11:55:32Z,2025-01-24,37d0e60c45cae38539c4e5389ef40489_2.25
37d0e60c45cae38539c4e5389ef40489,Guadalajara,Tigres,2025-01-26T01:05:00Z,soccer_mexico_ligamx,Liga MX,betonlineag,2.25,1.85,1.97,2025-01-24T11:54:15Z,2025-01-24,37d0e60c45cae38539c4e5389ef40489_2.25
6c59a6f5ca56e49bc13cbe5267a6542f,Monterrey,Pachuca,2025-01-26T03:10:00Z,soccer_mexico_ligamx,Liga MX,bovada,2.75,1.95,1.87,2025-01-24T11:55:32Z,2025-01-24,6c59a6f5ca56e49bc13cbe5267a6542f_2.75
6c59a6f5ca56e49bc13cbe5267a6542f,Monterrey,Pachuca,2025-01-26T03:10:00Z,soccer_mexico_ligamx,Liga MX,betrivers,2.5,1.72,2.02,2025-01-24T11:55:33Z,2025-01-24,6c59a6f5ca56e49bc13cbe5267a6542f_2.5
6c59a6f5ca56e49bc13cbe5267a6542f,Monterrey,Pachuca,2025-01-26T03:10:00Z,soccer_mexico_ligamx,Liga MX,unibet_eu,2.5,1.72,2.02,2025-01-24T11:55:33Z,2025-01-24,6c59a6f5ca56e49bc13cbe5267a6542f_2.5
6c59a6f5ca56e49bc13cbe5267a6542f,Monterrey,Pachuca,2025-01-26T03:10:00Z,soccer_mexico_ligamx,Liga MX,unibet,2.5,1.72,2.02,2025-01-24T11:55:33Z,2025-01-24,6c59a6f5ca56e49bc13cbe5267a6542f_2.5
6c59a6f5ca56e49bc13cbe5267a6542f,Monterrey,Pachuca,2025-01-26T03:10:00Z,soccer_mexico_ligamx,Liga MX,betus,2.75,1.87,1.87,2025-01-24T11:55:33Z,2025-01-24,6c59a6f5ca56e49bc13cbe5267a6542f_2.75
6c59a6f5ca56e49bc13cbe5267a6542f,Monterrey,Pachuca,2025-01-26T03:10:00Z,soccer_mexico_ligamx,Liga MX,pinnacle,2.75,2.01,1.83,2025-01-24T11:55:32Z,2025-01-24,6c59a6f5ca56e49bc13cbe5267a6542f_2.75
6c59a6f5ca56e49bc13cbe5267a6542f,Monterrey,Pachuca,2025-01-26T03:10:00Z,soccer_mexico_ligamx,Liga MX,williamhill,2.5,1.75,2.05,2025-01-24T11:55:34Z,2025-01-24,6c59a6f5ca56e49bc13cbe5267a6542f_2.5
6c59a6f5ca56e49bc13cbe5267a6542f,Monterrey,Pachuca,2025-01-26T03:10:00Z,soccer_mexico_ligamx,Liga MX,lowvig,2.75,2.0,1.83,2025-01-24T11:55:32Z,2025-01-24,6c59a6f5ca56e49bc13cbe5267a6542f_2.75
6c59a6f5ca56e49bc13cbe5267a6542f,Monterrey,Pachuca,2025-01-26T03:10:00Z,soccer_mexico_ligamx,Liga MX,betonlineag,2.75,2.0,1.83,2025-01-24T11:54:15Z,2025-01-24,6c59a6f5ca56e49bc13cbe5267a6542f_2.75
6f723603f8e0a4db14ed100774a4fb2e,Wellington Phoenix FC,Central Coast Mariners,2025-01-25T04:00:00Z,soccer_australia_aleague,A-League,onexbet,2.5,2.03,1.78,2025-01-24T11:54:48Z,2025-01-24,6f723603f8e0a4db14ed100774a4fb2e_2.5
6f723603f8e0a4db14ed100774a4fb2e,Wellington Phoenix FC,Central Coast Mariners,2025-01-25T04:00:00Z,soccer_australia_aleague,A-League,betsson,2.5,2.05,1.75,2025-01-24T11:54:48Z,2025-01-24,6f723603f8e0a4db14ed100774a4fb2e_2.5
6f723603f8e0a4db14ed100774a4fb2e,Wellington Phoenix FC,Central Coast Mariners,2025-01-25T04:00:00Z,soccer_australia_aleague,A-League,nordicbet,2.5,2.05,1.75,2025-01-24T11:54:48Z,2025-01-24,6f723603f8e0a4db14ed100774a4fb2e_2.5
6f723603f8e0a4db14ed100774a4fb2e,Wellington Phoenix FC,Central Coast Mariners,2025-01-25T04:00:00Z,soccer_australia_aleague,A-League,bovada,2.5,2.05,1.8,2025-01-24T11:54:47Z,2025-01-24,6f723603f8e0a4db14ed100774a4fb2e_2.5
6f723603f8e0a4db14ed100774a4fb2e,Wellington Phoenix FC,Central Coast Mariners,2025-01-25T04:00:00Z,soccer_australia_aleague,A-League,unibet_eu,2.5,1.89,1.82,2025-01-24T11:54:48Z,2025-01-24,6f723603f8e0a4db14ed100774a4fb2e_2.5
6f723603f8e0a4db14ed100774a4fb2e,Wellington Phoenix FC,Central Coast Mariners,2025-01-25T04:00:00Z,soccer_australia_aleague,A-League,unibet,2.5,1.9,1.82,2025-01-24T11:54:48Z,2025-01-24,6f723603f8e0a4db14ed100774a4fb2e_2.5
6f723603f8e0a4db14ed100774a4fb2e,Wellington Phoenix FC,Central Coast Mariners,2025-01-25T04:00:00Z,soccer_australia_aleague,A-League,pinnacle,2.25,1.83,2.06,2025-01-24T11:54:47Z,2025-01-24,6f723603f8e0a4db14ed100774a4fb2e_2.25
6f723603f8e0a4db14ed100774a4fb2e,Wellington Phoenix FC,Central Coast Mariners,2025-01-25T04:00:00Z,soccer_australia_aleague,A-League,williamhill,2.5,2.05,1.75,2025-01-24T11:54:48Z,2025-01-24,6f723603f8e0a4db14ed100774a4fb2e_2.5
6f723603f8e0a4db14ed100774a4fb2e,Wellington Phoenix FC,Central Coast Mariners,2025-01-25T04:00:00Z,soccer_australia_aleague,A-League,betus,2.25,1.83,1.92,2025-01-24T11:54:47Z,2025-01-24,6f723603f8e0a4db14ed100774a4fb2e_2.25
6f723603f8e0a4db14ed100774a4fb2e,Wellington Phoenix FC,Central Coast Mariners,2025-01-25T04:00:00Z,soccer_australia_aleague,A-League,lowvig,2.25,1.81,2.04,2025-01-24T11:54:49Z,2025-01-24,6f723603f8e0a4db14ed100774a4fb2e_2.25
6f723603f8e0a4db14ed100774a4fb2e,Wellington Phoenix FC,Central Coast Mariners,2025-01-25T04:00:00Z,soccer_australia_aleague,A-League,betonlineag,2.25,1.81,2.04,2025-01-24T11:53:40Z,2025-01-24,6f723603f8e0a4db14ed100774a4fb2e_2.25
6f723603f8e0a4db14ed100774a4fb2e,Wellington Phoenix FC,Central Coast Mariners,2025-01-25T04:00:00Z,soccer_australia_aleague,A-League,matchbook,2.5,2.1,1.82,2025-01-24T11:52:22Z,2025-01-24,6f723603f8e0a4db14ed100774a4fb2e_2.5
4676005a219c66e284a7a34d078aec36,Newcastle Jets FC,Perth Glory,2025-01-25T06:00:00Z,soccer_australia_aleague,A-League,onexbet,3.5,2.2,1.67,2025-01-24T11:54:48Z,2025-01-24,4676005a219c66e284a7a34d078aec36_3.5
4676005a219c66e284a7a34d078aec36,Newcastle Jets FC,Perth Glory,2025-01-25T06:00:00Z,soccer_australia_aleague,A-League,betsson,3.5,2.2,1.68,2025-01-24T11:54:48Z,2025-01-24,4676005a219c66e284a7a34d078aec36_3.5
4676005a219c66e284a7a34d078aec36,Newcastle Jets FC,Perth Glory,2025-01-25T06:00:00Z,soccer_australia_aleague,A-League,nordicbet,3.5,2.2,1.68,2025-01-24T11:54:48Z,2025-01-24,4676005a219c66e284a7a34d078aec36_3.5
4676005a219c66e284a7a34d078aec36,Newcastle Jets FC,Perth Glory,2025-01-25T06:00:00Z,soccer_australia_aleague,A-League,pinnacle,3.25,2.03,1.85,2025-01-24T11:54:47Z,2025-01-24,4676005a219c66e284a7a34d078aec36_3.25
4676005a219c66e284a7a34d078aec36,Newcastle Jets FC,Perth Glory,2025-01-25T06:00:00Z,soccer_australia_aleague,A-League,bovada,3.25,2.0,1.83,2025-01-24T11:54:47Z,2025-01-24,4676005a219c66e284a7a34d078aec36_3.25
4676005a219c66e284a7a34d078aec36,Newcastle Jets FC,Perth Glory,2025-01-25T06:00:00Z,soccer_australia_aleague,A-League,williamhill,2.5,1.5,2.6,2025-01-24T11:54:48Z,2025-01-24,4676005a219c66e284a7a34d078aec36_2.5
4676005a219c66e284a7a34d078aec36,Newcastle Jets FC,Perth Glory,2025-01-25T06:00:00Z,soccer_australia_aleague,A-League,unibet_eu,3.5,2.15,1.64,2025-01-24T11:54:48Z,2025-01-24,4676005a219c66e284a7a34d078aec36_3.5
4676005a219c66e284a7a34d078aec36,Newcastle Jets FC,Perth Glory,2025-01-25T06:00:00Z,soccer_australia_aleague,A-League,unibet,3.5,2.15,1.64,2025-01-24T11:54:48Z,2025-01-24,4676005a219c66e284a7a34d078aec36_3.5
4676005a219c66e284a7a34d078aec36,Newcastle Jets FC,Perth Glory,2025-01-25T06:00:00Z,soccer_australia_aleague,A-League,betus,3.25,1.89,1.85,2025-01-24T11:54:47Z,2025-01-24,4676005a219c66e284a7a34d078aec36_3.25
4676005a219c66e284a7a34d078aec36,Newcastle Jets FC,Perth Glory,2025-01-25T06:00:00Z,soccer_australia_aleague,A-League,lowvig,3.25,2.0,1.83,2025-01-24T11:54:49Z,2025-01-24,4676005a219c66e284a7a34d078aec36_3.25
4676005a219c66e284a7a34d078aec36,Newcastle Jets FC,Perth Glory,2025-01-25T06:00:00Z,soccer_australia_aleague,A-League,betonlineag,3.25,2.0,1.83,2025-01-24T11:53:40Z,2025-01-24,4676005a219c66e284a7a34d078aec36_3.25
4676005a219c66e284a7a34d078aec36,Newcastle Jets FC,Perth Glory,2025-01-25T06:00:00Z,soccer_australia_aleague,A-League,matchbook,3.5,2.3,1.7,2025-01-24T11:52:22Z,2025-01-24,4676005a219c66e284a7a34d078aec36_3.5
d1f1b4494222c1e525aff0756ff9724b,Macarthur FC,Melbourne City,2025-01-25T08:35:00Z,soccer_australia_aleague,A-League,onexbet,2.5,1.75,2.07,2025-01-24T11:54:48Z,2025-01-24,d1f1b4494222c1e525aff0756ff9724b_2.5
d1f1b4494222c1e525aff0756ff9724b,Macarthur FC,Melbourne City,2025-01-25T08:35:00Z,soccer_australia_aleague,A-League,betsson,2.5,1.75,2.05,2025-01-24T11:54:48Z,2025-01-24,d1f1b4494222c1e525aff0756ff9724b_2.5
d1f1b4494222c1e525aff0756ff9724b,Macarthur FC,Melbourne City,2025-01-25T08:35:00Z,soccer_australia_aleague,A-League,nordicbet,2.5,1.75,2.05,2025-01-24T11:54:48Z,2025-01-24,d1f1b4494222c1e525aff0756ff9724b_2.5
d1f1b4494222c1e525aff0756ff9724b,Macarthur FC,Melbourne City,2025-01-25T08:35:00Z,soccer_australia_aleague,A-League,bovada,2.75,1.95,1.87,2025-01-24T11:54:47Z,2025-01-24,d1f1b4494222c1e525aff0756ff9724b_2.75
d1f1b4494222c1e525aff0756ff9724b,Macarthur FC,Melbourne City,2025-01-25T08:35:00Z,soccer_australia_aleague,A-League,unibet,3.5,2.95,1.36,2025-01-24T11:54:48Z,2025-01-24,d1f1b4494222c1e525aff0756ff9724b_3.5
d1f1b4494222c1e525aff0756ff9724b,Macarthur FC,Melbourne City,2025-01-25T08:35:00Z,soccer_australia_aleague,A-League,unibet_eu,3.5,2.95,1.36,2025-01-24T11:54:48Z,2025-01-24,d1f1b4494222c1e525aff0756ff9724b_3.5
d1f1b4494222c1e525aff0756ff9724b,Macarthur FC,Melbourne City,2025-01-25T08:35:00Z,soccer_australia_aleague,A-League,pinnacle,2.75,1.97,1.9,2025-01-24T11:54:47Z,2025-01-24,d1f1b4494222c1e525aff0756ff9724b_2.75
d1f1b4494222c1e525aff0756ff9724b,Macarthur FC,Melbourne City,2025-01-25T08:35:00Z,soccer_australia_aleague,A-League,williamhill,2.5,1.73,2.1,2025-01-24T11:54:48Z,2025-01-24,d1f1b4494222c1e525aff0756ff9724b_2.5
d1f1b4494222c1e525aff0756ff9724b,Macarthur FC,Melbourne City,2025-01-25T08:35:00Z,soccer_australia_aleague,A-League,betus,2.75,1.87,1.9,2025-01-24T11:54:47Z,2025-01-24,d1f1b4494222c1e525aff0756ff9724b_2.75
d1f1b4494222c1e525aff0756ff9724b,Macarthur FC,Melbourne City,2025-01-25T08:35:00Z,soccer_australia_aleague,A-League,lowvig,2.75,1.93,1.88,2025-01-24T11:54:49Z,2025-01-24,d1f1b4494222c1e525aff0756ff9724b_2.75
d1f1b4494222c1e525aff0756ff9724b,Macarthur FC,Melbourne City,2025-01-25T08:35:00Z,soccer_australia_aleague,A-League,betonlineag,2.75,1.93,1.88,2025-01-24T11:53:40Z,2025-01-24,d1f1b4494222c1e525aff0756ff9724b_2.75
d1f1b4494222c1e525aff0756ff9724b,Macarthur FC,Melbourne City,2025-01-25T08:35:00Z,soccer_australia_aleague,A-League,matchbook,2.5,1.76,2.18,2025-01-24T11:52:22Z,2025-01-24,d1f1b4494222c1e525aff0756ff9724b_2.5
7537bfeb14ebc6b0b6d8af7f7f960ef3,Western Sydney Wanderers,Auckland FC,2025-01-26T06:00:00Z,soccer_australia_aleague,A-League,onexbet,2.5,1.72,2.12,2025-01-24T11:54:48Z,2025-01-24,7537bfeb14ebc6b0b6d8af7f7f960ef3_2.5
7537bfeb14ebc6b0b6d8af7f7f960ef3,Western Sydney Wanderers,Auckland FC,2025-01-26T06:00:00Z,soccer_australia_aleague,A-League,nordicbet,2.5,1.75,2.05,2025-01-24T11:54:48Z,2025-01-24,7537bfeb14ebc6b0b6d8af7f7f960ef3_2.5
7537bfeb14ebc6b0b6d8af7f7f960ef3,Western Sydney Wanderers,Auckland FC,2025-01-26T06:00:00Z,soccer_australia_aleague,A-League,betsson,2.5,1.75,2.05,2025-01-24T11:54:48Z,2025-01-24,7537bfeb14ebc6b0b6d8af7f7f960ef3_2.5
7537bfeb14ebc6b0b6d8af7f7f960ef3,Western Sydney Wanderers,Auckland FC,2025-01-26T06:00:00Z,soccer_australia_aleague,A-League,bovada,2.75,1.91,1.91,2025-01-24T11:54:47Z,2025-01-24,7537bfeb14ebc6b0b6d8af7f7f960ef3_2.75
7537bfeb14ebc6b0b6d8af7f7f960ef3,Western Sydney Wanderers,Auckland FC,2025-01-26T06:00:00Z,soccer_australia_aleague,A-League,unibet_eu,2.5,1.57,2.25,2025-01-24T11:54:48Z,2025-01-24,7537bfeb14ebc6b0b6d8af7f7f960ef3_2.5
7537bfeb14ebc6b0b6d8af7f7f960ef3,Western Sydney Wanderers,Auckland FC,2025-01-26T06:00:00Z,soccer_australia_aleague,A-League,unibet,2.5,1.58,2.25,2025-01-24T11:54:48Z,2025-01-24,7537bfeb14ebc6b0b6d8af7f7f960ef3_2.5
7537bfeb14ebc6b0b6d8af7f7f960ef3,Western Sydney Wanderers,Auckland FC,2025-01-26T06:00:00Z,soccer_australia_aleague,A-League,williamhill,2.5,1.73,2.15,2025-01-24T11:54:48Z,2025-01-24,7537bfeb14ebc6b0b6d8af7f7f960ef3_2.5
7537bfeb14ebc6b0b6d8af7f7f960ef3,Western Sydney Wanderers,Auckland FC,2025-01-26T06:00:00Z,soccer_australia_aleague,A-League,pinnacle,2.75,1.93,1.9,2025-01-24T11:54:47Z,2025-01-24,7537bfeb14ebc6b0b6d8af7f7f960ef3_2.75
7537bfeb14ebc6b0b6d8af7f7f960ef3,Western Sydney Wanderers,Auckland FC,2025-01-26T06:00:00Z,soccer_australia_aleague,A-League,lowvig,2.75,1.94,1.88,2025-01-24T11:54:49Z,2025-01-24,7537bfeb14ebc6b0b6d8af7f7f960ef3_2.75
7537bfeb14ebc6b0b6d8af7f7f960ef3,Western Sydney Wanderers,Auckland FC,2025-01-26T06:00:00Z,soccer_australia_aleague,A-League,betonlineag,2.75,1.94,1.88,2025-01-24T11:53:40Z,2025-01-24,7537bfeb14ebc6b0b6d8af7f7f960ef3_2.75
