match_id,home_team,away_team,commence_time,sport_key,league_name,bookmaker,line,over_odds,under_odds,last_update,snapshot_date,market_key
5ea4d4399f71ce7c1aae2adfd5405bf6,Manchester City,Brighton and Hove Albion,2025-03-15T15:00:00Z,soccer_epl,Premier League,mybookieag,3.5,2.14,1.66,2025-03-14T11:52:53Z,2025-03-14,5ea4d4399f71ce7c1aae2adfd5405bf6_3.5
5ea4d4399f71ce7c1aae2adfd5405bf6,Manchester City,Brighton and Hove Albion,2025-03-15T15:00:00Z,soccer_epl,Premier League,onexbet,3.5,2.19,1.75,2025-03-14T11:54:26Z,2025-03-14,5ea4d4399f71ce7c1aae2adfd5405bf6_3.5
5ea4d4399f71ce7c1aae2adfd5405bf6,Manchester City,Brighton and Hove Albion,2025-03-15T15:00:00Z,soccer_epl,Premier League,betsson,3.5,2.32,1.64,2025-03-14T11:54:33Z,2025-03-14,5ea4d4399f71ce7c1aae2adfd5405bf6_3.5
5ea4d4399f71ce7c1aae2adfd5405bf6,Manchester City,Brighton and Hove Albion,2025-03-15T15:00:00Z,soccer_epl,Premier League,nordicbet,3.5,2.32,1.64,2025-03-14T11:54:27Z,2025-03-14,5ea4d4399f71ce7c1aae2adfd5405bf6_3.5
5ea4d4399f71ce7c1aae2adfd5405bf6,Manchester City,Brighton and Hove Albion,2025-03-15T15:00:00Z,soccer_epl,Premier League,williamhill,2.5,1.44,2.62,2025-03-14T11:54:28Z,2025-03-14,5ea4d4399f71ce7c1aae2adfd5405bf6_2.5
5ea4d4399f71ce7c1aae2adfd5405bf6,Manchester City,Brighton and Hove Albion,2025-03-15T15:00:00Z,soccer_epl,Premier League,tipico_de,3.5,2.05,1.7,2025-03-14T11:54:28Z,2025-03-14,5ea4d4399f71ce7c1aae2adfd5405bf6_3.5
5ea4d4399f71ce7c1aae2adfd5405bf6,Manchester City,Brighton and Hove Albion,2025-03-15T15:00:00Z,soccer_epl,Premier League,bovada,3.25,1.98,1.85,2025-03-14T11:54:26Z,2025-03-14,5ea4d4399f71ce7c1aae2adfd5405bf6_3.25
5ea4d4399f71ce7c1aae2adfd5405bf6,Manchester City,Brighton and Hove Albion,2025-03-15T15:00:00Z,soccer_epl,Premier League,pinnacle,3.25,1.96,1.93,2025-03-14T11:54:26Z,2025-03-14,5ea4d4399f71ce7c1aae2adfd5405bf6_3.25
5ea4d4399f71ce7c1aae2adfd5405bf6,Manchester City,Brighton and Hove Albion,2025-03-15T15:00:00Z,soccer_epl,Premier League,betrivers,3.5,2.25,1.64,2025-03-14T11:54:27Z,2025-03-14,5ea4d4399f71ce7c1aae2adfd5405bf6_3.5
5ea4d4399f71ce7c1aae2adfd5405bf6,Manchester City,Brighton and Hove Albion,2025-03-15T15:00:00Z,soccer_epl,Premier League,unibet_eu,3.5,2.25,1.64,2025-03-14T11:54:27Z,2025-03-14,5ea4d4399f71ce7c1aae2adfd5405bf6_3.5
5ea4d4399f71ce7c1aae2adfd5405bf6,Manchester City,Brighton and Hove Albion,2025-03-15T15:00:00Z,soccer_epl,Premier League,matchbook,3.5,2.3,1.75,2025-03-14T11:54:26Z,2025-03-14,5ea4d4399f71ce7c1aae2adfd5405bf6_3.5
5ea4d4399f71ce7c1aae2adfd5405bf6,Manchester City,Brighton and Hove Albion,2025-03-15T15:00:00Z,soccer_epl,Premier League,coolbet,3.0,1.78,2.12,2025-03-14T11:54:28Z,2025-03-14,5ea4d4399f71ce7c1aae2adfd5405bf6_3.0
5ea4d4399f71ce7c1aae2adfd5405bf6,Manchester City,Brighton and Hove Albion,2025-03-15T15:00:00Z,soccer_epl,Premier League,lowvig,3.25,2.0,1.86,2025-03-14T11:54:26Z,2025-03-14,5ea4d4399f71ce7c1aae2adfd5405bf6_3.25
5ea4d4399f71ce7c1aae2adfd5405bf6,Manchester City,Brighton and Hove Albion,2025-03-15T15:00:00Z,soccer_epl,Premier League,betus,3.0,1.74,2.15,2025-03-14T11:54:27Z,2025-03-14,5ea4d4399f71ce7c1aae2adfd5405bf6_3.0
5ea4d4399f71ce7c1aae2adfd5405bf6,Manchester City,Brighton and Hove Albion,2025-03-15T15:00:00Z,soccer_epl,Premier League,betonlineag,3.25,2.0,1.86,2025-03-14T11:52:54Z,2025-03-14,5ea4d4399f71ce7c1aae2adfd5405bf6_3.25
5ea4d4399f71ce7c1aae2adfd5405bf6,Manchester City,Brighton and Hove Albion,2025-03-15T15:00:00Z,soccer_epl,Premier League,betanysports,3.25,1.98,1.85,2025-03-14T11:54:27Z,2025-03-14,5ea4d4399f71ce7c1aae2adfd5405bf6_3.25
328e1a3488f74bf694b7660a4dc0174a,Everton,West Ham United,2025-03-15T15:00:00Z,soccer_epl,Premier League,onexbet,2.5,2.32,1.68,2025-03-14T11:54:26Z,2025-03-14,328e1a3488f74bf694b7660a4dc0174a_2.5
328e1a3488f74bf694b7660a4dc0174a,Everton,West Ham United,2025-03-15T15:00:00Z,soccer_epl,Premier League,mybookieag,2.5,2.23,1.61,2025-03-14T11:52:53Z,2025-03-14,328e1a3488f74bf694b7660a4dc0174a_2.5
328e1a3488f74bf694b7660a4dc0174a,Everton,West Ham United,2025-03-15T15:00:00Z,soccer_epl,Premier League,betsson,2.5,2.32,1.64,2025-03-14T11:54:33Z,2025-03-14,328e1a3488f74bf694b7660a4dc0174a_2.5
328e1a3488f74bf694b7660a4dc0174a,Everton,West Ham United,2025-03-15T15:00:00Z,soccer_epl,Premier League,nordicbet,2.5,2.32,1.64,2025-03-14T11:54:27Z,2025-03-14,328e1a3488f74bf694b7660a4dc0174a_2.5
328e1a3488f74bf694b7660a4dc0174a,Everton,West Ham United,2025-03-15T15:00:00Z,soccer_epl,Premier League,williamhill,2.5,2.15,1.65,2025-03-14T11:54:28Z,2025-03-14,328e1a3488f74bf694b7660a4dc0174a_2.5
328e1a3488f74bf694b7660a4dc0174a,Everton,West Ham United,2025-03-15T15:00:00Z,soccer_epl,Premier League,tipico_de,2.5,2.25,1.6,2025-03-14T11:54:28Z,2025-03-14,328e1a3488f74bf694b7660a4dc0174a_2.5
328e1a3488f74bf694b7660a4dc0174a,Everton,West Ham United,2025-03-15T15:00:00Z,soccer_epl,Premier League,bovada,2.25,2.0,1.83,2025-03-14T11:54:26Z,2025-03-14,328e1a3488f74bf694b7660a4dc0174a_2.25
328e1a3488f74bf694b7660a4dc0174a,Everton,West Ham United,2025-03-15T15:00:00Z,soccer_epl,Premier League,pinnacle,2.25,2.05,1.85,2025-03-14T11:54:26Z,2025-03-14,328e1a3488f74bf694b7660a4dc0174a_2.25
328e1a3488f74bf694b7660a4dc0174a,Everton,West Ham United,2025-03-15T15:00:00Z,soccer_epl,Premier League,betrivers,2.5,2.3,1.62,2025-03-14T11:54:27Z,2025-03-14,328e1a3488f74bf694b7660a4dc0174a_2.5
328e1a3488f74bf694b7660a4dc0174a,Everton,West Ham United,2025-03-15T15:00:00Z,soccer_epl,Premier League,unibet_eu,2.5,2.3,1.62,2025-03-14T11:54:27Z,2025-03-14,328e1a3488f74bf694b7660a4dc0174a_2.5
328e1a3488f74bf694b7660a4dc0174a,Everton,West Ham United,2025-03-15T15:00:00Z,soccer_epl,Premier League,matchbook,2.5,2.42,1.69,2025-03-14T11:54:26Z,2025-03-14,328e1a3488f74bf694b7660a4dc0174a_2.5
328e1a3488f74bf694b7660a4dc0174a,Everton,West Ham United,2025-03-15T15:00:00Z,soccer_epl,Premier League,coolbet,2.0,1.72,2.21,2025-03-14T11:54:28Z,2025-03-14,328e1a3488f74bf694b7660a4dc0174a_2.0
328e1a3488f74bf694b7660a4dc0174a,Everton,West Ham United,2025-03-15T15:00:00Z,soccer_epl,Premier League,betus,2.0,1.74,2.15,2025-03-14T11:54:27Z,2025-03-14,328e1a3488f74bf694b7660a4dc0174a_2.0
328e1a3488f74bf694b7660a4dc0174a,Everton,West Ham United,2025-03-15T15:00:00Z,soccer_epl,Premier League,betanysports,2.25,2.0,1.83,2025-03-14T11:54:27Z,2025-03-14,328e1a3488f74bf694b7660a4dc0174a_2.25
328e1a3488f74bf694b7660a4dc0174a,Everton,West Ham United,2025-03-15T15:00:00Z,soccer_epl,Premier League,lowvig,2.25,2.02,1.85,2025-03-14T11:54:26Z,2025-03-14,328e1a3488f74bf694b7660a4dc0174a_2.25
328e1a3488f74bf694b7660a4dc0174a,Everton,West Ham United,2025-03-15T15:00:00Z,soccer_epl,Premier League,betonlineag,2.25,2.02,1.85,2025-03-14T11:52:54Z,2025-03-14,328e1a3488f74bf694b7660a4dc0174a_2.25
78012d25c524b145d002d02c26d105d5,Ipswich Town,Nottingham Forest,2025-03-15T15:00:00Z,soccer_epl,Premier League,onexbet,2.5,1.88,2.03,2025-03-14T11:54:26Z,2025-03-14,78012d25c524b145d002d02c26d105d5_2.5
78012d25c524b145d002d02c26d105d5,Ipswich Town,Nottingham Forest,2025-03-15T15:00:00Z,soccer_epl,Premier League,mybookieag,2.5,1.81,1.93,2025-03-14T11:52:53Z,2025-03-14,78012d25c524b145d002d02c26d105d5_2.5
78012d25c524b145d002d02c26d105d5,Ipswich Town,Nottingham Forest,2025-03-15T15:00:00Z,soccer_epl,Premier League,betsson,2.5,1.87,1.98,2025-03-14T11:54:33Z,2025-03-14,78012d25c524b145d002d02c26d105d5_2.5
78012d25c524b145d002d02c26d105d5,Ipswich Town,Nottingham Forest,2025-03-15T15:00:00Z,soccer_epl,Premier League,nordicbet,2.5,1.87,1.98,2025-03-14T11:54:27Z,2025-03-14,78012d25c524b145d002d02c26d105d5_2.5
78012d25c524b145d002d02c26d105d5,Ipswich Town,Nottingham Forest,2025-03-15T15:00:00Z,soccer_epl,Premier League,williamhill,2.5,1.8,1.95,2025-03-14T11:54:28Z,2025-03-14,78012d25c524b145d002d02c26d105d5_2.5
78012d25c524b145d002d02c26d105d5,Ipswich Town,Nottingham Forest,2025-03-15T15:00:00Z,soccer_epl,Premier League,tipico_de,2.5,1.8,1.95,2025-03-14T11:54:28Z,2025-03-14,78012d25c524b145d002d02c26d105d5_2.5
78012d25c524b145d002d02c26d105d5,Ipswich Town,Nottingham Forest,2025-03-15T15:00:00Z,soccer_epl,Premier League,bovada,2.5,1.85,1.98,2025-03-14T11:54:26Z,2025-03-14,78012d25c524b145d002d02c26d105d5_2.5
78012d25c524b145d002d02c26d105d5,Ipswich Town,Nottingham Forest,2025-03-15T15:00:00Z,soccer_epl,Premier League,pinnacle,2.5,1.85,2.04,2025-03-14T11:54:26Z,2025-03-14,78012d25c524b145d002d02c26d105d5_2.5
78012d25c524b145d002d02c26d105d5,Ipswich Town,Nottingham Forest,2025-03-15T15:00:00Z,soccer_epl,Premier League,betrivers,2.5,1.83,1.95,2025-03-14T11:54:27Z,2025-03-14,78012d25c524b145d002d02c26d105d5_2.5
78012d25c524b145d002d02c26d105d5,Ipswich Town,Nottingham Forest,2025-03-15T15:00:00Z,soccer_epl,Premier League,unibet_eu,2.5,1.83,1.95,2025-03-14T11:54:27Z,2025-03-14,78012d25c524b145d002d02c26d105d5_2.5
78012d25c524b145d002d02c26d105d5,Ipswich Town,Nottingham Forest,2025-03-15T15:00:00Z,soccer_epl,Premier League,coolbet,2.5,1.91,1.95,2025-03-14T11:54:28Z,2025-03-14,78012d25c524b145d002d02c26d105d5_2.5
78012d25c524b145d002d02c26d105d5,Ipswich Town,Nottingham Forest,2025-03-15T15:00:00Z,soccer_epl,Premier League,lowvig,2.5,1.84,2.03,2025-03-14T11:54:26Z,2025-03-14,78012d25c524b145d002d02c26d105d5_2.5
78012d25c524b145d002d02c26d105d5,Ipswich Town,Nottingham Forest,2025-03-15T15:00:00Z,soccer_epl,Premier League,betonlineag,2.5,1.84,2.03,2025-03-14T11:52:54Z,2025-03-14,78012d25c524b145d002d02c26d105d5_2.5
78012d25c524b145d002d02c26d105d5,Ipswich Town,Nottingham Forest,2025-03-15T15:00:00Z,soccer_epl,Premier League,betus,2.5,1.87,1.95,2025-03-14T11:54:27Z,2025-03-14,78012d25c524b145d002d02c26d105d5_2.5
78012d25c524b145d002d02c26d105d5,Ipswich Town,Nottingham Forest,2025-03-15T15:00:00Z,soccer_epl,Premier League,betanysports,2.5,1.84,1.99,2025-03-14T11:54:27Z,2025-03-14,78012d25c524b145d002d02c26d105d5_2.5
9326a5cfebfb2f44eb932e1ad9686f2c,Southampton,Wolverhampton Wanderers,2025-03-15T15:00:00Z,soccer_epl,Premier League,onexbet,2.5,1.84,2.07,2025-03-14T11:54:26Z,2025-03-14,9326a5cfebfb2f44eb932e1ad9686f2c_2.5
9326a5cfebfb2f44eb932e1ad9686f2c,Southampton,Wolverhampton Wanderers,2025-03-15T15:00:00Z,soccer_epl,Premier League,mybookieag,2.5,1.78,1.97,2025-03-14T11:52:53Z,2025-03-14,9326a5cfebfb2f44eb932e1ad9686f2c_2.5
9326a5cfebfb2f44eb932e1ad9686f2c,Southampton,Wolverhampton Wanderers,2025-03-15T15:00:00Z,soccer_epl,Premier League,betsson,2.5,1.8,2.06,2025-03-14T11:54:33Z,2025-03-14,9326a5cfebfb2f44eb932e1ad9686f2c_2.5
9326a5cfebfb2f44eb932e1ad9686f2c,Southampton,Wolverhampton Wanderers,2025-03-15T15:00:00Z,soccer_epl,Premier League,nordicbet,2.5,1.8,2.06,2025-03-14T11:54:27Z,2025-03-14,9326a5cfebfb2f44eb932e1ad9686f2c_2.5
9326a5cfebfb2f44eb932e1ad9686f2c,Southampton,Wolverhampton Wanderers,2025-03-15T15:00:00Z,soccer_epl,Premier League,williamhill,2.5,1.75,1.95,2025-03-14T11:54:28Z,2025-03-14,9326a5cfebfb2f44eb932e1ad9686f2c_2.5
9326a5cfebfb2f44eb932e1ad9686f2c,Southampton,Wolverhampton Wanderers,2025-03-15T15:00:00Z,soccer_epl,Premier League,tipico_de,2.5,1.77,2.0,2025-03-14T11:54:28Z,2025-03-14,9326a5cfebfb2f44eb932e1ad9686f2c_2.5
9326a5cfebfb2f44eb932e1ad9686f2c,Southampton,Wolverhampton Wanderers,2025-03-15T15:00:00Z,soccer_epl,Premier League,bovada,2.5,1.82,2.02,2025-03-14T11:54:26Z,2025-03-14,9326a5cfebfb2f44eb932e1ad9686f2c_2.5
9326a5cfebfb2f44eb932e1ad9686f2c,Southampton,Wolverhampton Wanderers,2025-03-15T15:00:00Z,soccer_epl,Premier League,pinnacle,2.75,2.04,1.86,2025-03-14T11:54:26Z,2025-03-14,9326a5cfebfb2f44eb932e1ad9686f2c_2.75
9326a5cfebfb2f44eb932e1ad9686f2c,Southampton,Wolverhampton Wanderers,2025-03-15T15:00:00Z,soccer_epl,Premier League,betrivers,2.5,1.81,2.0,2025-03-14T11:54:27Z,2025-03-14,9326a5cfebfb2f44eb932e1ad9686f2c_2.5
9326a5cfebfb2f44eb932e1ad9686f2c,Southampton,Wolverhampton Wanderers,2025-03-15T15:00:00Z,soccer_epl,Premier League,unibet_eu,2.5,1.81,2.0,2025-03-14T11:54:27Z,2025-03-14,9326a5cfebfb2f44eb932e1ad9686f2c_2.5
9326a5cfebfb2f44eb932e1ad9686f2c,Southampton,Wolverhampton Wanderers,2025-03-15T15:00:00Z,soccer_epl,Premier League,coolbet,2.5,1.81,2.08,2025-03-14T11:54:28Z,2025-03-14,9326a5cfebfb2f44eb932e1ad9686f2c_2.5
9326a5cfebfb2f44eb932e1ad9686f2c,Southampton,Wolverhampton Wanderers,2025-03-15T15:00:00Z,soccer_epl,Premier League,lowvig,2.75,2.02,1.85,2025-03-14T11:54:26Z,2025-03-14,9326a5cfebfb2f44eb932e1ad9686f2c_2.75
9326a5cfebfb2f44eb932e1ad9686f2c,Southampton,Wolverhampton Wanderers,2025-03-15T15:00:00Z,soccer_epl,Premier League,betonlineag,2.75,2.02,1.85,2025-03-14T11:52:54Z,2025-03-14,9326a5cfebfb2f44eb932e1ad9686f2c_2.75
9326a5cfebfb2f44eb932e1ad9686f2c,Southampton,Wolverhampton Wanderers,2025-03-15T15:00:00Z,soccer_epl,Premier League,betus,2.5,1.82,2.02,2025-03-14T11:54:27Z,2025-03-14,9326a5cfebfb2f44eb932e1ad9686f2c_2.5
9326a5cfebfb2f44eb932e1ad9686f2c,Southampton,Wolverhampton Wanderers,2025-03-15T15:00:00Z,soccer_epl,Premier League,betanysports,2.75,1.98,1.85,2025-03-14T11:54:27Z,2025-03-14,9326a5cfebfb2f44eb932e1ad9686f2c_2.75
8e851d7fd1cf737a2f8f58d4482c16b2,Bournemouth,Brentford,2025-03-15T17:30:00Z,soccer_epl,Premier League,mybookieag,3.5,2.15,1.65,2025-03-14T11:52:53Z,2025-03-14,8e851d7fd1cf737a2f8f58d4482c16b2_3.5
8e851d7fd1cf737a2f8f58d4482c16b2,Bournemouth,Brentford,2025-03-15T17:30:00Z,soccer_epl,Premier League,onexbet,3.5,2.24,1.72,2025-03-14T11:54:26Z,2025-03-14,8e851d7fd1cf737a2f8f58d4482c16b2_3.5
8e851d7fd1cf737a2f8f58d4482c16b2,Bournemouth,Brentford,2025-03-15T17:30:00Z,soccer_epl,Premier League,nordicbet,3.5,2.27,1.67,2025-03-14T11:54:27Z,2025-03-14,8e851d7fd1cf737a2f8f58d4482c16b2_3.5
8e851d7fd1cf737a2f8f58d4482c16b2,Bournemouth,Brentford,2025-03-15T17:30:00Z,soccer_epl,Premier League,williamhill,2.5,1.44,2.5,2025-03-14T11:54:28Z,2025-03-14,8e851d7fd1cf737a2f8f58d4482c16b2_2.5
8e851d7fd1cf737a2f8f58d4482c16b2,Bournemouth,Brentford,2025-03-15T17:30:00Z,soccer_epl,Premier League,tipico_de,3.5,2.1,1.67,2025-03-14T11:54:28Z,2025-03-14,8e851d7fd1cf737a2f8f58d4482c16b2_3.5
8e851d7fd1cf737a2f8f58d4482c16b2,Bournemouth,Brentford,2025-03-15T17:30:00Z,soccer_epl,Premier League,bovada,3.25,1.98,1.85,2025-03-14T11:54:26Z,2025-03-14,8e851d7fd1cf737a2f8f58d4482c16b2_3.25
8e851d7fd1cf737a2f8f58d4482c16b2,Bournemouth,Brentford,2025-03-15T17:30:00Z,soccer_epl,Premier League,pinnacle,3.25,2.01,1.88,2025-03-14T11:54:26Z,2025-03-14,8e851d7fd1cf737a2f8f58d4482c16b2_3.25
8e851d7fd1cf737a2f8f58d4482c16b2,Bournemouth,Brentford,2025-03-15T17:30:00Z,soccer_epl,Premier League,betrivers,3.5,2.25,1.65,2025-03-14T11:54:27Z,2025-03-14,8e851d7fd1cf737a2f8f58d4482c16b2_3.5
8e851d7fd1cf737a2f8f58d4482c16b2,Bournemouth,Brentford,2025-03-15T17:30:00Z,soccer_epl,Premier League,unibet_eu,3.5,2.25,1.65,2025-03-14T11:54:27Z,2025-03-14,8e851d7fd1cf737a2f8f58d4482c16b2_3.5
8e851d7fd1cf737a2f8f58d4482c16b2,Bournemouth,Brentford,2025-03-15T17:30:00Z,soccer_epl,Premier League,matchbook,3.5,2.26,1.75,2025-03-14T11:54:26Z,2025-03-14,8e851d7fd1cf737a2f8f58d4482c16b2_3.5
8e851d7fd1cf737a2f8f58d4482c16b2,Bournemouth,Brentford,2025-03-15T17:30:00Z,soccer_epl,Premier League,coolbet,3.0,1.74,2.18,2025-03-14T11:54:28Z,2025-03-14,8e851d7fd1cf737a2f8f58d4482c16b2_3.0
8e851d7fd1cf737a2f8f58d4482c16b2,Bournemouth,Brentford,2025-03-15T17:30:00Z,soccer_epl,Premier League,betus,3.5,2.15,1.74,2025-03-14T11:54:27Z,2025-03-14,8e851d7fd1cf737a2f8f58d4482c16b2_3.5
8e851d7fd1cf737a2f8f58d4482c16b2,Bournemouth,Brentford,2025-03-15T17:30:00Z,soccer_epl,Premier League,betonlineag,3.25,1.95,1.9,2025-03-14T11:52:54Z,2025-03-14,8e851d7fd1cf737a2f8f58d4482c16b2_3.25
8e851d7fd1cf737a2f8f58d4482c16b2,Bournemouth,Brentford,2025-03-15T17:30:00Z,soccer_epl,Premier League,lowvig,3.25,1.95,1.9,2025-03-14T11:54:26Z,2025-03-14,8e851d7fd1cf737a2f8f58d4482c16b2_3.25
8e851d7fd1cf737a2f8f58d4482c16b2,Bournemouth,Brentford,2025-03-15T17:30:00Z,soccer_epl,Premier League,betanysports,3.25,1.98,1.85,2025-03-14T11:54:27Z,2025-03-14,8e851d7fd1cf737a2f8f58d4482c16b2_3.25
d86e00f7febeb44667711f90ce301ec2,Arsenal,Chelsea,2025-03-16T13:30:00Z,soccer_epl,Premier League,onexbet,2.5,1.93,1.98,2025-03-14T11:54:26Z,2025-03-14,d86e00f7febeb44667711f90ce301ec2_2.5
d86e00f7febeb44667711f90ce301ec2,Arsenal,Chelsea,2025-03-16T13:30:00Z,soccer_epl,Premier League,mybookieag,2.5,1.85,1.88,2025-03-14T11:52:53Z,2025-03-14,d86e00f7febeb44667711f90ce301ec2_2.5
d86e00f7febeb44667711f90ce301ec2,Arsenal,Chelsea,2025-03-16T13:30:00Z,soccer_epl,Premier League,nordicbet,2.5,1.87,1.98,2025-03-14T11:54:27Z,2025-03-14,d86e00f7febeb44667711f90ce301ec2_2.5
d86e00f7febeb44667711f90ce301ec2,Arsenal,Chelsea,2025-03-16T13:30:00Z,soccer_epl,Premier League,betsson,2.5,1.87,1.98,2025-03-14T11:54:33Z,2025-03-14,d86e00f7febeb44667711f90ce301ec2_2.5
d86e00f7febeb44667711f90ce301ec2,Arsenal,Chelsea,2025-03-16T13:30:00Z,soccer_epl,Premier League,williamhill,2.5,1.83,1.91,2025-03-14T11:54:28Z,2025-03-14,d86e00f7febeb44667711f90ce301ec2_2.5
d86e00f7febeb44667711f90ce301ec2,Arsenal,Chelsea,2025-03-16T13:30:00Z,soccer_epl,Premier League,tipico_de,2.5,1.85,1.9,2025-03-14T11:54:28Z,2025-03-14,d86e00f7febeb44667711f90ce301ec2_2.5
d86e00f7febeb44667711f90ce301ec2,Arsenal,Chelsea,2025-03-16T13:30:00Z,soccer_epl,Premier League,bovada,2.5,1.89,1.93,2025-03-14T11:54:26Z,2025-03-14,d86e00f7febeb44667711f90ce301ec2_2.5
d86e00f7febeb44667711f90ce301ec2,Arsenal,Chelsea,2025-03-16T13:30:00Z,soccer_epl,Premier League,pinnacle,2.5,1.92,1.97,2025-03-14T11:54:26Z,2025-03-14,d86e00f7febeb44667711f90ce301ec2_2.5
d86e00f7febeb44667711f90ce301ec2,Arsenal,Chelsea,2025-03-16T13:30:00Z,soccer_epl,Premier League,betrivers,2.5,1.85,1.94,2025-03-14T11:54:27Z,2025-03-14,d86e00f7febeb44667711f90ce301ec2_2.5
d86e00f7febeb44667711f90ce301ec2,Arsenal,Chelsea,2025-03-16T13:30:00Z,soccer_epl,Premier League,unibet_eu,2.5,1.85,1.94,2025-03-14T11:54:27Z,2025-03-14,d86e00f7febeb44667711f90ce301ec2_2.5
d86e00f7febeb44667711f90ce301ec2,Arsenal,Chelsea,2025-03-16T13:30:00Z,soccer_epl,Premier League,coolbet,2.5,1.91,1.95,2025-03-14T11:54:28Z,2025-03-14,d86e00f7febeb44667711f90ce301ec2_2.5
d86e00f7febeb44667711f90ce301ec2,Arsenal,Chelsea,2025-03-16T13:30:00Z,soccer_epl,Premier League,matchbook,2.5,1.97,2.0,2025-03-14T11:54:26Z,2025-03-14,d86e00f7febeb44667711f90ce301ec2_2.5
d86e00f7febeb44667711f90ce301ec2,Arsenal,Chelsea,2025-03-16T13:30:00Z,soccer_epl,Premier League,lowvig,2.5,1.91,1.94,2025-03-14T11:54:26Z,2025-03-14,d86e00f7febeb44667711f90ce301ec2_2.5
d86e00f7febeb44667711f90ce301ec2,Arsenal,Chelsea,2025-03-16T13:30:00Z,soccer_epl,Premier League,betonlineag,2.5,1.91,1.94,2025-03-14T11:52:54Z,2025-03-14,d86e00f7febeb44667711f90ce301ec2_2.5
d86e00f7febeb44667711f90ce301ec2,Arsenal,Chelsea,2025-03-16T13:30:00Z,soccer_epl,Premier League,betanysports,2.5,1.91,1.91,2025-03-14T11:54:27Z,2025-03-14,d86e00f7febeb44667711f90ce301ec2_2.5
d86e00f7febeb44667711f90ce301ec2,Arsenal,Chelsea,2025-03-16T13:30:00Z,soccer_epl,Premier League,betus,2.5,1.87,1.95,2025-03-14T11:54:27Z,2025-03-14,d86e00f7febeb44667711f90ce301ec2_2.5
01c1b188470ec92eeb8e88a989ef1b1a,Fulham,Tottenham Hotspur,2025-03-16T13:30:00Z,soccer_epl,Premier League,mybookieag,3.5,2.34,1.56,2025-03-14T11:52:53Z,2025-03-14,01c1b188470ec92eeb8e88a989ef1b1a_3.5
01c1b188470ec92eeb8e88a989ef1b1a,Fulham,Tottenham Hotspur,2025-03-16T13:30:00Z,soccer_epl,Premier League,onexbet,3.5,2.45,1.62,2025-03-14T11:54:26Z,2025-03-14,01c1b188470ec92eeb8e88a989ef1b1a_3.5
01c1b188470ec92eeb8e88a989ef1b1a,Fulham,Tottenham Hotspur,2025-03-16T13:30:00Z,soccer_epl,Premier League,nordicbet,3.5,2.44,1.59,2025-03-14T11:54:27Z,2025-03-14,01c1b188470ec92eeb8e88a989ef1b1a_3.5
01c1b188470ec92eeb8e88a989ef1b1a,Fulham,Tottenham Hotspur,2025-03-16T13:30:00Z,soccer_epl,Premier League,williamhill,2.5,1.5,2.5,2025-03-14T11:54:28Z,2025-03-14,01c1b188470ec92eeb8e88a989ef1b1a_2.5
01c1b188470ec92eeb8e88a989ef1b1a,Fulham,Tottenham Hotspur,2025-03-16T13:30:00Z,soccer_epl,Premier League,tipico_de,2.5,1.55,2.4,2025-03-14T11:54:28Z,2025-03-14,01c1b188470ec92eeb8e88a989ef1b1a_2.5
01c1b188470ec92eeb8e88a989ef1b1a,Fulham,Tottenham Hotspur,2025-03-16T13:30:00Z,soccer_epl,Premier League,bovada,3.0,1.91,1.91,2025-03-14T11:54:26Z,2025-03-14,01c1b188470ec92eeb8e88a989ef1b1a_3.0
01c1b188470ec92eeb8e88a989ef1b1a,Fulham,Tottenham Hotspur,2025-03-16T13:30:00Z,soccer_epl,Premier League,pinnacle,3.0,1.94,1.94,2025-03-14T11:54:26Z,2025-03-14,01c1b188470ec92eeb8e88a989ef1b1a_3.0
01c1b188470ec92eeb8e88a989ef1b1a,Fulham,Tottenham Hotspur,2025-03-16T13:30:00Z,soccer_epl,Premier League,unibet_eu,3.5,2.45,1.55,2025-03-14T11:54:27Z,2025-03-14,01c1b188470ec92eeb8e88a989ef1b1a_3.5
01c1b188470ec92eeb8e88a989ef1b1a,Fulham,Tottenham Hotspur,2025-03-16T13:30:00Z,soccer_epl,Premier League,betrivers,2.5,1.56,2.43,2025-03-14T11:54:27Z,2025-03-14,01c1b188470ec92eeb8e88a989ef1b1a_2.5
01c1b188470ec92eeb8e88a989ef1b1a,Fulham,Tottenham Hotspur,2025-03-16T13:30:00Z,soccer_epl,Premier League,coolbet,3.0,1.93,1.94,2025-03-14T11:54:28Z,2025-03-14,01c1b188470ec92eeb8e88a989ef1b1a_3.0
01c1b188470ec92eeb8e88a989ef1b1a,Fulham,Tottenham Hotspur,2025-03-16T13:30:00Z,soccer_epl,Premier League,matchbook,3.5,2.52,1.63,2025-03-14T11:54:26Z,2025-03-14,01c1b188470ec92eeb8e88a989ef1b1a_3.5
01c1b188470ec92eeb8e88a989ef1b1a,Fulham,Tottenham Hotspur,2025-03-16T13:30:00Z,soccer_epl,Premier League,lowvig,3.0,1.93,1.93,2025-03-14T11:54:26Z,2025-03-14,01c1b188470ec92eeb8e88a989ef1b1a_3.0
01c1b188470ec92eeb8e88a989ef1b1a,Fulham,Tottenham Hotspur,2025-03-16T13:30:00Z,soccer_epl,Premier League,betonlineag,3.0,1.93,1.93,2025-03-14T11:52:54Z,2025-03-14,01c1b188470ec92eeb8e88a989ef1b1a_3.0
01c1b188470ec92eeb8e88a989ef1b1a,Fulham,Tottenham Hotspur,2025-03-16T13:30:00Z,soccer_epl,Premier League,betanysports,3.0,1.91,1.91,2025-03-14T11:54:27Z,2025-03-14,01c1b188470ec92eeb8e88a989ef1b1a_3.0
01c1b188470ec92eeb8e88a989ef1b1a,Fulham,Tottenham Hotspur,2025-03-16T13:30:00Z,soccer_epl,Premier League,betus,3.0,1.87,1.95,2025-03-14T11:54:27Z,2025-03-14,01c1b188470ec92eeb8e88a989ef1b1a_3.0
0e5ff66dfffac4030773766ceccfbdb2,Las Palmas,Alavés,2025-03-14T20:00:00Z,soccer_spain_la_liga,La Liga,pinnacle,2.0,1.86,2.06,2025-03-14T11:55:07Z,2025-03-14,0e5ff66dfffac4030773766ceccfbdb2_2.0
0e5ff66dfffac4030773766ceccfbdb2,Las Palmas,Alavés,2025-03-14T20:00:00Z,soccer_spain_la_liga,La Liga,tipico_de,2.5,2.4,1.55,2025-03-14T11:55:09Z,2025-03-14,0e5ff66dfffac4030773766ceccfbdb2_2.5
0e5ff66dfffac4030773766ceccfbdb2,Las Palmas,Alavés,2025-03-14T20:00:00Z,soccer_spain_la_liga,La Liga,bovada,2.0,1.82,2.02,2025-03-14T11:55:07Z,2025-03-14,0e5ff66dfffac4030773766ceccfbdb2_2.0
0e5ff66dfffac4030773766ceccfbdb2,Las Palmas,Alavés,2025-03-14T20:00:00Z,soccer_spain_la_liga,La Liga,williamhill,2.5,2.38,1.55,2025-03-14T11:53:37Z,2025-03-14,0e5ff66dfffac4030773766ceccfbdb2_2.5
0e5ff66dfffac4030773766ceccfbdb2,Las Palmas,Alavés,2025-03-14T20:00:00Z,soccer_spain_la_liga,La Liga,nordicbet,2.5,2.4,1.58,2025-03-14T11:55:08Z,2025-03-14,0e5ff66dfffac4030773766ceccfbdb2_2.5
0e5ff66dfffac4030773766ceccfbdb2,Las Palmas,Alavés,2025-03-14T20:00:00Z,soccer_spain_la_liga,La Liga,betsson,2.5,2.4,1.58,2025-03-14T11:55:08Z,2025-03-14,0e5ff66dfffac4030773766ceccfbdb2_2.5
0e5ff66dfffac4030773766ceccfbdb2,Las Palmas,Alavés,2025-03-14T20:00:00Z,soccer_spain_la_liga,La Liga,betrivers,2.5,2.48,1.51,2025-03-14T11:55:08Z,2025-03-14,0e5ff66dfffac4030773766ceccfbdb2_2.5
0e5ff66dfffac4030773766ceccfbdb2,Las Palmas,Alavés,2025-03-14T20:00:00Z,soccer_spain_la_liga,La Liga,unibet,1.5,1.43,2.7,2025-03-14T11:55:08Z,2025-03-14,0e5ff66dfffac4030773766ceccfbdb2_1.5
0e5ff66dfffac4030773766ceccfbdb2,Las Palmas,Alavés,2025-03-14T20:00:00Z,soccer_spain_la_liga,La Liga,unibet_eu,1.5,1.43,2.7,2025-03-14T11:55:08Z,2025-03-14,0e5ff66dfffac4030773766ceccfbdb2_1.5
0e5ff66dfffac4030773766ceccfbdb2,Las Palmas,Alavés,2025-03-14T20:00:00Z,soccer_spain_la_liga,La Liga,betonlineag,2.0,1.83,2.0,2025-03-14T11:53:35Z,2025-03-14,0e5ff66dfffac4030773766ceccfbdb2_2.0
0e5ff66dfffac4030773766ceccfbdb2,Las Palmas,Alavés,2025-03-14T20:00:00Z,soccer_spain_la_liga,La Liga,lowvig,2.0,1.83,2.0,2025-03-14T11:55:07Z,2025-03-14,0e5ff66dfffac4030773766ceccfbdb2_2.0
d5b1b254da39fcb3336652c874131f9c,Valladolid,Celta Vigo,2025-03-15T13:00:00Z,soccer_spain_la_liga,La Liga,pinnacle,2.5,1.96,1.93,2025-03-14T11:55:07Z,2025-03-14,d5b1b254da39fcb3336652c874131f9c_2.5
d5b1b254da39fcb3336652c874131f9c,Valladolid,Celta Vigo,2025-03-15T13:00:00Z,soccer_spain_la_liga,La Liga,onexbet,2.5,1.99,1.96,2025-03-14T11:55:07Z,2025-03-14,d5b1b254da39fcb3336652c874131f9c_2.5
d5b1b254da39fcb3336652c874131f9c,Valladolid,Celta Vigo,2025-03-15T13:00:00Z,soccer_spain_la_liga,La Liga,tipico_de,2.5,1.9,1.85,2025-03-14T11:55:09Z,2025-03-14,d5b1b254da39fcb3336652c874131f9c_2.5
d5b1b254da39fcb3336652c874131f9c,Valladolid,Celta Vigo,2025-03-15T13:00:00Z,soccer_spain_la_liga,La Liga,bovada,2.5,1.93,1.89,2025-03-14T11:55:07Z,2025-03-14,d5b1b254da39fcb3336652c874131f9c_2.5
d5b1b254da39fcb3336652c874131f9c,Valladolid,Celta Vigo,2025-03-15T13:00:00Z,soccer_spain_la_liga,La Liga,williamhill,2.5,1.85,1.85,2025-03-14T11:53:37Z,2025-03-14,d5b1b254da39fcb3336652c874131f9c_2.5
d5b1b254da39fcb3336652c874131f9c,Valladolid,Celta Vigo,2025-03-15T13:00:00Z,soccer_spain_la_liga,La Liga,nordicbet,2.5,1.88,1.92,2025-03-14T11:55:08Z,2025-03-14,d5b1b254da39fcb3336652c874131f9c_2.5
d5b1b254da39fcb3336652c874131f9c,Valladolid,Celta Vigo,2025-03-15T13:00:00Z,soccer_spain_la_liga,La Liga,betsson,2.5,1.88,1.92,2025-03-14T11:55:08Z,2025-03-14,d5b1b254da39fcb3336652c874131f9c_2.5
d5b1b254da39fcb3336652c874131f9c,Valladolid,Celta Vigo,2025-03-15T13:00:00Z,soccer_spain_la_liga,La Liga,unibet,2.5,1.91,1.85,2025-03-14T11:55:08Z,2025-03-14,d5b1b254da39fcb3336652c874131f9c_2.5
d5b1b254da39fcb3336652c874131f9c,Valladolid,Celta Vigo,2025-03-15T13:00:00Z,soccer_spain_la_liga,La Liga,unibet_eu,2.5,1.91,1.85,2025-03-14T11:55:08Z,2025-03-14,d5b1b254da39fcb3336652c874131f9c_2.5
d5b1b254da39fcb3336652c874131f9c,Valladolid,Celta Vigo,2025-03-15T13:00:00Z,soccer_spain_la_liga,La Liga,betrivers,2.5,1.91,1.85,2025-03-14T11:55:08Z,2025-03-14,d5b1b254da39fcb3336652c874131f9c_2.5
d5b1b254da39fcb3336652c874131f9c,Valladolid,Celta Vigo,2025-03-15T13:00:00Z,soccer_spain_la_liga,La Liga,lowvig,2.5,1.93,1.88,2025-03-14T11:55:07Z,2025-03-14,d5b1b254da39fcb3336652c874131f9c_2.5
d5b1b254da39fcb3336652c874131f9c,Valladolid,Celta Vigo,2025-03-15T13:00:00Z,soccer_spain_la_liga,La Liga,betonlineag,2.5,1.93,1.88,2025-03-14T11:53:35Z,2025-03-14,d5b1b254da39fcb3336652c874131f9c_2.5
d5b1b254da39fcb3336652c874131f9c,Valladolid,Celta Vigo,2025-03-15T13:00:00Z,soccer_spain_la_liga,La Liga,coolbet,2.5,1.88,1.97,2025-03-14T11:55:10Z,2025-03-14,d5b1b254da39fcb3336652c874131f9c_2.5
d5b1b254da39fcb3336652c874131f9c,Valladolid,Celta Vigo,2025-03-15T13:00:00Z,soccer_spain_la_liga,La Liga,matchbook,2.5,2.02,1.94,2025-03-14T11:55:07Z,2025-03-14,d5b1b254da39fcb3336652c874131f9c_2.5
d5b1b254da39fcb3336652c874131f9c,Valladolid,Celta Vigo,2025-03-15T13:00:00Z,soccer_spain_la_liga,La Liga,betus,2.5,1.93,1.88,2025-03-14T11:55:08Z,2025-03-14,d5b1b254da39fcb3336652c874131f9c_2.5
dc9605085971d0582f87ccf9425a68a5,Mallorca,Espanyol,2025-03-15T15:15:00Z,soccer_spain_la_liga,La Liga,pinnacle,2.0,1.93,1.95,2025-03-14T11:55:07Z,2025-03-14,dc9605085971d0582f87ccf9425a68a5_2.0
dc9605085971d0582f87ccf9425a68a5,Mallorca,Espanyol,2025-03-15T15:15:00Z,soccer_spain_la_liga,La Liga,onexbet,2.5,2.63,1.58,2025-03-14T11:55:07Z,2025-03-14,dc9605085971d0582f87ccf9425a68a5_2.5
dc9605085971d0582f87ccf9425a68a5,Mallorca,Espanyol,2025-03-15T15:15:00Z,soccer_spain_la_liga,La Liga,tipico_de,2.5,2.5,1.5,2025-03-14T11:55:09Z,2025-03-14,dc9605085971d0582f87ccf9425a68a5_2.5
dc9605085971d0582f87ccf9425a68a5,Mallorca,Espanyol,2025-03-15T15:15:00Z,soccer_spain_la_liga,La Liga,bovada,2.0,1.87,1.95,2025-03-14T11:55:07Z,2025-03-14,dc9605085971d0582f87ccf9425a68a5_2.0
dc9605085971d0582f87ccf9425a68a5,Mallorca,Espanyol,2025-03-15T15:15:00Z,soccer_spain_la_liga,La Liga,williamhill,2.5,2.4,1.53,2025-03-14T11:53:37Z,2025-03-14,dc9605085971d0582f87ccf9425a68a5_2.5
dc9605085971d0582f87ccf9425a68a5,Mallorca,Espanyol,2025-03-15T15:15:00Z,soccer_spain_la_liga,La Liga,nordicbet,2.5,2.55,1.52,2025-03-14T11:55:08Z,2025-03-14,dc9605085971d0582f87ccf9425a68a5_2.5
dc9605085971d0582f87ccf9425a68a5,Mallorca,Espanyol,2025-03-15T15:15:00Z,soccer_spain_la_liga,La Liga,betsson,2.5,2.55,1.52,2025-03-14T11:55:08Z,2025-03-14,dc9605085971d0582f87ccf9425a68a5_2.5
dc9605085971d0582f87ccf9425a68a5,Mallorca,Espanyol,2025-03-15T15:15:00Z,soccer_spain_la_liga,La Liga,unibet,2.5,2.48,1.51,2025-03-14T11:55:08Z,2025-03-14,dc9605085971d0582f87ccf9425a68a5_2.5
dc9605085971d0582f87ccf9425a68a5,Mallorca,Espanyol,2025-03-15T15:15:00Z,soccer_spain_la_liga,La Liga,betrivers,2.5,2.48,1.51,2025-03-14T11:55:08Z,2025-03-14,dc9605085971d0582f87ccf9425a68a5_2.5
dc9605085971d0582f87ccf9425a68a5,Mallorca,Espanyol,2025-03-15T15:15:00Z,soccer_spain_la_liga,La Liga,unibet_eu,2.5,2.48,1.51,2025-03-14T11:55:08Z,2025-03-14,dc9605085971d0582f87ccf9425a68a5_2.5
dc9605085971d0582f87ccf9425a68a5,Mallorca,Espanyol,2025-03-15T15:15:00Z,soccer_spain_la_liga,La Liga,coolbet,2.0,1.99,1.86,2025-03-14T11:55:10Z,2025-03-14,dc9605085971d0582f87ccf9425a68a5_2.0
dc9605085971d0582f87ccf9425a68a5,Mallorca,Espanyol,2025-03-15T15:15:00Z,soccer_spain_la_liga,La Liga,betus,2.0,1.87,1.95,2025-03-14T11:55:08Z,2025-03-14,dc9605085971d0582f87ccf9425a68a5_2.0
dc9605085971d0582f87ccf9425a68a5,Mallorca,Espanyol,2025-03-15T15:15:00Z,soccer_spain_la_liga,La Liga,betonlineag,2.0,1.89,1.93,2025-03-14T11:53:35Z,2025-03-14,dc9605085971d0582f87ccf9425a68a5_2.0
dc9605085971d0582f87ccf9425a68a5,Mallorca,Espanyol,2025-03-15T15:15:00Z,soccer_spain_la_liga,La Liga,lowvig,2.0,1.89,1.93,2025-03-14T11:55:07Z,2025-03-14,dc9605085971d0582f87ccf9425a68a5_2.0
7f025f53a0a6a262f2066691a8a4b74f,Villarreal,Real Madrid,2025-03-15T17:30:00Z,soccer_spain_la_liga,La Liga,pinnacle,3.25,1.99,1.9,2025-03-14T11:55:07Z,2025-03-14,7f025f53a0a6a262f2066691a8a4b74f_3.25
7f025f53a0a6a262f2066691a8a4b74f,Villarreal,Real Madrid,2025-03-15T17:30:00Z,soccer_spain_la_liga,La Liga,onexbet,3.5,2.27,1.74,2025-03-14T11:55:07Z,2025-03-14,7f025f53a0a6a262f2066691a8a4b74f_3.5
7f025f53a0a6a262f2066691a8a4b74f,Villarreal,Real Madrid,2025-03-15T17:30:00Z,soccer_spain_la_liga,La Liga,tipico_de,3.5,2.2,1.6,2025-03-14T11:55:09Z,2025-03-14,7f025f53a0a6a262f2066691a8a4b74f_3.5
7f025f53a0a6a262f2066691a8a4b74f,Villarreal,Real Madrid,2025-03-15T17:30:00Z,soccer_spain_la_liga,La Liga,bovada,3.25,2.0,1.83,2025-03-14T11:55:07Z,2025-03-14,7f025f53a0a6a262f2066691a8a4b74f_3.25
7f025f53a0a6a262f2066691a8a4b74f,Villarreal,Real Madrid,2025-03-15T17:30:00Z,soccer_spain_la_liga,La Liga,williamhill,2.5,1.44,2.5,2025-03-14T11:53:37Z,2025-03-14,7f025f53a0a6a262f2066691a8a4b74f_2.5
7f025f53a0a6a262f2066691a8a4b74f,Villarreal,Real Madrid,2025-03-15T17:30:00Z,soccer_spain_la_liga,La Liga,nordicbet,3.5,2.2,1.7,2025-03-14T11:55:08Z,2025-03-14,7f025f53a0a6a262f2066691a8a4b74f_3.5
7f025f53a0a6a262f2066691a8a4b74f,Villarreal,Real Madrid,2025-03-15T17:30:00Z,soccer_spain_la_liga,La Liga,betsson,3.5,2.2,1.7,2025-03-14T11:55:08Z,2025-03-14,7f025f53a0a6a262f2066691a8a4b74f_3.5
7f025f53a0a6a262f2066691a8a4b74f,Villarreal,Real Madrid,2025-03-15T17:30:00Z,soccer_spain_la_liga,La Liga,betrivers,3.5,2.23,1.62,2025-03-14T11:55:08Z,2025-03-14,7f025f53a0a6a262f2066691a8a4b74f_3.5
7f025f53a0a6a262f2066691a8a4b74f,Villarreal,Real Madrid,2025-03-15T17:30:00Z,soccer_spain_la_liga,La Liga,unibet,3.5,2.23,1.62,2025-03-14T11:55:08Z,2025-03-14,7f025f53a0a6a262f2066691a8a4b74f_3.5
7f025f53a0a6a262f2066691a8a4b74f,Villarreal,Real Madrid,2025-03-15T17:30:00Z,soccer_spain_la_liga,La Liga,unibet_eu,3.5,2.23,1.62,2025-03-14T11:55:08Z,2025-03-14,7f025f53a0a6a262f2066691a8a4b74f_3.5
7f025f53a0a6a262f2066691a8a4b74f,Villarreal,Real Madrid,2025-03-15T17:30:00Z,soccer_spain_la_liga,La Liga,betonlineag,3.25,1.95,1.87,2025-03-14T11:53:35Z,2025-03-14,7f025f53a0a6a262f2066691a8a4b74f_3.25
7f025f53a0a6a262f2066691a8a4b74f,Villarreal,Real Madrid,2025-03-15T17:30:00Z,soccer_spain_la_liga,La Liga,lowvig,3.25,1.95,1.87,2025-03-14T11:55:07Z,2025-03-14,7f025f53a0a6a262f2066691a8a4b74f_3.25
7f025f53a0a6a262f2066691a8a4b74f,Villarreal,Real Madrid,2025-03-15T17:30:00Z,soccer_spain_la_liga,La Liga,coolbet,3.0,1.8,2.06,2025-03-14T11:55:10Z,2025-03-14,7f025f53a0a6a262f2066691a8a4b74f_3.0
7f025f53a0a6a262f2066691a8a4b74f,Villarreal,Real Madrid,2025-03-15T17:30:00Z,soccer_spain_la_liga,La Liga,betus,3.0,1.77,2.1,2025-03-14T11:55:08Z,2025-03-14,7f025f53a0a6a262f2066691a8a4b74f_3.0
19b9de54a584b5a78b94811915f03904,Girona,Valencia,2025-03-15T20:00:00Z,soccer_spain_la_liga,La Liga,pinnacle,2.25,1.83,2.07,2025-03-14T11:55:07Z,2025-03-14,19b9de54a584b5a78b94811915f03904_2.25
19b9de54a584b5a78b94811915f03904,Girona,Valencia,2025-03-15T20:00:00Z,soccer_spain_la_liga,La Liga,onexbet,2.5,2.13,1.83,2025-03-14T11:55:07Z,2025-03-14,19b9de54a584b5a78b94811915f03904_2.5
19b9de54a584b5a78b94811915f03904,Girona,Valencia,2025-03-15T20:00:00Z,soccer_spain_la_liga,La Liga,tipico_de,2.5,2.05,1.75,2025-03-14T11:55:09Z,2025-03-14,19b9de54a584b5a78b94811915f03904_2.5
19b9de54a584b5a78b94811915f03904,Girona,Valencia,2025-03-15T20:00:00Z,soccer_spain_la_liga,La Liga,bovada,2.25,1.82,2.02,2025-03-14T11:55:07Z,2025-03-14,19b9de54a584b5a78b94811915f03904_2.25
19b9de54a584b5a78b94811915f03904,Girona,Valencia,2025-03-15T20:00:00Z,soccer_spain_la_liga,La Liga,williamhill,2.5,2.0,1.75,2025-03-14T11:53:37Z,2025-03-14,19b9de54a584b5a78b94811915f03904_2.5
19b9de54a584b5a78b94811915f03904,Girona,Valencia,2025-03-15T20:00:00Z,soccer_spain_la_liga,La Liga,nordicbet,2.5,2.0,1.8,2025-03-14T11:55:08Z,2025-03-14,19b9de54a584b5a78b94811915f03904_2.5
19b9de54a584b5a78b94811915f03904,Girona,Valencia,2025-03-15T20:00:00Z,soccer_spain_la_liga,La Liga,betsson,2.5,2.0,1.8,2025-03-14T11:55:08Z,2025-03-14,19b9de54a584b5a78b94811915f03904_2.5
19b9de54a584b5a78b94811915f03904,Girona,Valencia,2025-03-15T20:00:00Z,soccer_spain_la_liga,La Liga,unibet,2.5,2.05,1.74,2025-03-14T11:55:08Z,2025-03-14,19b9de54a584b5a78b94811915f03904_2.5
19b9de54a584b5a78b94811915f03904,Girona,Valencia,2025-03-15T20:00:00Z,soccer_spain_la_liga,La Liga,betrivers,2.5,2.05,1.74,2025-03-14T11:55:08Z,2025-03-14,19b9de54a584b5a78b94811915f03904_2.5
19b9de54a584b5a78b94811915f03904,Girona,Valencia,2025-03-15T20:00:00Z,soccer_spain_la_liga,La Liga,unibet_eu,2.5,2.05,1.74,2025-03-14T11:55:08Z,2025-03-14,19b9de54a584b5a78b94811915f03904_2.5
19b9de54a584b5a78b94811915f03904,Girona,Valencia,2025-03-15T20:00:00Z,soccer_spain_la_liga,La Liga,coolbet,2.5,2.15,1.74,2025-03-14T11:55:10Z,2025-03-14,19b9de54a584b5a78b94811915f03904_2.5
19b9de54a584b5a78b94811915f03904,Girona,Valencia,2025-03-15T20:00:00Z,soccer_spain_la_liga,La Liga,betus,2.5,2.1,1.77,2025-03-14T11:55:08Z,2025-03-14,19b9de54a584b5a78b94811915f03904_2.5
19b9de54a584b5a78b94811915f03904,Girona,Valencia,2025-03-15T20:00:00Z,soccer_spain_la_liga,La Liga,matchbook,2.5,2.12,1.83,2025-03-14T11:55:07Z,2025-03-14,19b9de54a584b5a78b94811915f03904_2.5
19b9de54a584b5a78b94811915f03904,Girona,Valencia,2025-03-15T20:00:00Z,soccer_spain_la_liga,La Liga,lowvig,2.25,1.81,2.04,2025-03-14T11:55:07Z,2025-03-14,19b9de54a584b5a78b94811915f03904_2.25
19b9de54a584b5a78b94811915f03904,Girona,Valencia,2025-03-15T20:00:00Z,soccer_spain_la_liga,La Liga,betonlineag,2.25,1.81,2.04,2025-03-14T11:53:35Z,2025-03-14,19b9de54a584b5a78b94811915f03904_2.25
b2cf87266a08d1f3d8d44b58a75f96e3,Leganés,Real Betis,2025-03-16T13:00:00Z,soccer_spain_la_liga,La Liga,pinnacle,2.25,1.99,1.89,2025-03-14T11:55:07Z,2025-03-14,b2cf87266a08d1f3d8d44b58a75f96e3_2.25
b2cf87266a08d1f3d8d44b58a75f96e3,Leganés,Real Betis,2025-03-16T13:00:00Z,soccer_spain_la_liga,La Liga,onexbet,2.5,2.31,1.72,2025-03-14T11:55:07Z,2025-03-14,b2cf87266a08d1f3d8d44b58a75f96e3_2.5
b2cf87266a08d1f3d8d44b58a75f96e3,Leganés,Real Betis,2025-03-16T13:00:00Z,soccer_spain_la_liga,La Liga,tipico_de,2.5,2.15,1.67,2025-03-14T11:55:09Z,2025-03-14,b2cf87266a08d1f3d8d44b58a75f96e3_2.5
b2cf87266a08d1f3d8d44b58a75f96e3,Leganés,Real Betis,2025-03-16T13:00:00Z,soccer_spain_la_liga,La Liga,bovada,2.25,1.93,1.89,2025-03-14T11:55:07Z,2025-03-14,b2cf87266a08d1f3d8d44b58a75f96e3_2.25
b2cf87266a08d1f3d8d44b58a75f96e3,Leganés,Real Betis,2025-03-16T13:00:00Z,soccer_spain_la_liga,La Liga,williamhill,2.5,2.05,1.7,2025-03-14T11:53:37Z,2025-03-14,b2cf87266a08d1f3d8d44b58a75f96e3_2.5
b2cf87266a08d1f3d8d44b58a75f96e3,Leganés,Real Betis,2025-03-16T13:00:00Z,soccer_spain_la_liga,La Liga,betrivers,2.5,2.16,1.66,2025-03-14T11:55:08Z,2025-03-14,b2cf87266a08d1f3d8d44b58a75f96e3_2.5
b2cf87266a08d1f3d8d44b58a75f96e3,Leganés,Real Betis,2025-03-16T13:00:00Z,soccer_spain_la_liga,La Liga,unibet,2.5,2.16,1.66,2025-03-14T11:55:08Z,2025-03-14,b2cf87266a08d1f3d8d44b58a75f96e3_2.5
b2cf87266a08d1f3d8d44b58a75f96e3,Leganés,Real Betis,2025-03-16T13:00:00Z,soccer_spain_la_liga,La Liga,unibet_eu,2.5,2.16,1.66,2025-03-14T11:55:08Z,2025-03-14,b2cf87266a08d1f3d8d44b58a75f96e3_2.5
b2cf87266a08d1f3d8d44b58a75f96e3,Leganés,Real Betis,2025-03-16T13:00:00Z,soccer_spain_la_liga,La Liga,nordicbet,2.5,2.2,1.68,2025-03-14T11:55:08Z,2025-03-14,b2cf87266a08d1f3d8d44b58a75f96e3_2.5
b2cf87266a08d1f3d8d44b58a75f96e3,Leganés,Real Betis,2025-03-16T13:00:00Z,soccer_spain_la_liga,La Liga,betsson,2.5,2.2,1.68,2025-03-14T11:55:08Z,2025-03-14,b2cf87266a08d1f3d8d44b58a75f96e3_2.5
b2cf87266a08d1f3d8d44b58a75f96e3,Leganés,Real Betis,2025-03-16T13:00:00Z,soccer_spain_la_liga,La Liga,matchbook,2.5,2.3,1.71,2025-03-14T11:55:07Z,2025-03-14,b2cf87266a08d1f3d8d44b58a75f96e3_2.5
b2cf87266a08d1f3d8d44b58a75f96e3,Leganés,Real Betis,2025-03-16T13:00:00Z,soccer_spain_la_liga,La Liga,betonlineag,2.25,1.95,1.87,2025-03-14T11:53:35Z,2025-03-14,b2cf87266a08d1f3d8d44b58a75f96e3_2.25
b2cf87266a08d1f3d8d44b58a75f96e3,Leganés,Real Betis,2025-03-16T13:00:00Z,soccer_spain_la_liga,La Liga,lowvig,2.25,1.95,1.87,2025-03-14T11:55:07Z,2025-03-14,b2cf87266a08d1f3d8d44b58a75f96e3_2.25
b2cf87266a08d1f3d8d44b58a75f96e3,Leganés,Real Betis,2025-03-16T13:00:00Z,soccer_spain_la_liga,La Liga,coolbet,2.0,1.69,2.22,2025-03-14T11:55:10Z,2025-03-14,b2cf87266a08d1f3d8d44b58a75f96e3_2.0
b2cf87266a08d1f3d8d44b58a75f96e3,Leganés,Real Betis,2025-03-16T13:00:00Z,soccer_spain_la_liga,La Liga,betus,2.5,2.24,1.69,2025-03-14T11:55:08Z,2025-03-14,b2cf87266a08d1f3d8d44b58a75f96e3_2.5
35422c69ad923fd42be830fc9135cf4a,FC St. Pauli,TSG Hoffenheim,2025-03-14T19:30:00Z,soccer_germany_bundesliga,Bundesliga,pinnacle,2.25,1.89,2.02,2025-03-14T11:54:28Z,2025-03-14,35422c69ad923fd42be830fc9135cf4a_2.25
35422c69ad923fd42be830fc9135cf4a,FC St. Pauli,TSG Hoffenheim,2025-03-14T19:30:00Z,soccer_germany_bundesliga,Bundesliga,onexbet,2.5,2.19,1.79,2025-03-14T11:54:28Z,2025-03-14,35422c69ad923fd42be830fc9135cf4a_2.5
35422c69ad923fd42be830fc9135cf4a,FC St. Pauli,TSG Hoffenheim,2025-03-14T19:30:00Z,soccer_germany_bundesliga,Bundesliga,bovada,2.25,1.83,2.0,2025-03-14T11:54:28Z,2025-03-14,35422c69ad923fd42be830fc9135cf4a_2.25
35422c69ad923fd42be830fc9135cf4a,FC St. Pauli,TSG Hoffenheim,2025-03-14T19:30:00Z,soccer_germany_bundesliga,Bundesliga,williamhill,2.5,2.05,1.73,2025-03-14T11:52:57Z,2025-03-14,35422c69ad923fd42be830fc9135cf4a_2.5
35422c69ad923fd42be830fc9135cf4a,FC St. Pauli,TSG Hoffenheim,2025-03-14T19:30:00Z,soccer_germany_bundesliga,Bundesliga,tipico_de,2.5,2.05,1.72,2025-03-14T11:52:58Z,2025-03-14,35422c69ad923fd42be830fc9135cf4a_2.5
35422c69ad923fd42be830fc9135cf4a,FC St. Pauli,TSG Hoffenheim,2025-03-14T19:30:00Z,soccer_germany_bundesliga,Bundesliga,nordicbet,2.5,2.1,1.75,2025-03-14T11:54:29Z,2025-03-14,35422c69ad923fd42be830fc9135cf4a_2.5
35422c69ad923fd42be830fc9135cf4a,FC St. Pauli,TSG Hoffenheim,2025-03-14T19:30:00Z,soccer_germany_bundesliga,Bundesliga,betsson,2.5,2.1,1.75,2025-03-14T11:54:31Z,2025-03-14,35422c69ad923fd42be830fc9135cf4a_2.5
35422c69ad923fd42be830fc9135cf4a,FC St. Pauli,TSG Hoffenheim,2025-03-14T19:30:00Z,soccer_germany_bundesliga,Bundesliga,betrivers,2.5,2.0,1.78,2025-03-14T11:54:29Z,2025-03-14,35422c69ad923fd42be830fc9135cf4a_2.5
35422c69ad923fd42be830fc9135cf4a,FC St. Pauli,TSG Hoffenheim,2025-03-14T19:30:00Z,soccer_germany_bundesliga,Bundesliga,unibet_eu,2.5,2.0,1.78,2025-03-14T11:54:29Z,2025-03-14,35422c69ad923fd42be830fc9135cf4a_2.5
35422c69ad923fd42be830fc9135cf4a,FC St. Pauli,TSG Hoffenheim,2025-03-14T19:30:00Z,soccer_germany_bundesliga,Bundesliga,coolbet,2.5,2.05,1.81,2025-03-14T11:54:30Z,2025-03-14,35422c69ad923fd42be830fc9135cf4a_2.5
35422c69ad923fd42be830fc9135cf4a,FC St. Pauli,TSG Hoffenheim,2025-03-14T19:30:00Z,soccer_germany_bundesliga,Bundesliga,betus,2.5,2.1,1.77,2025-03-14T11:54:29Z,2025-03-14,35422c69ad923fd42be830fc9135cf4a_2.5
35422c69ad923fd42be830fc9135cf4a,FC St. Pauli,TSG Hoffenheim,2025-03-14T19:30:00Z,soccer_germany_bundesliga,Bundesliga,lowvig,2.25,1.83,2.0,2025-03-14T11:54:28Z,2025-03-14,35422c69ad923fd42be830fc9135cf4a_2.25
35422c69ad923fd42be830fc9135cf4a,FC St. Pauli,TSG Hoffenheim,2025-03-14T19:30:00Z,soccer_germany_bundesliga,Bundesliga,betonlineag,2.25,1.83,2.0,2025-03-14T11:52:56Z,2025-03-14,35422c69ad923fd42be830fc9135cf4a_2.25
35422c69ad923fd42be830fc9135cf4a,FC St. Pauli,TSG Hoffenheim,2025-03-14T19:30:00Z,soccer_germany_bundesliga,Bundesliga,matchbook,2.5,2.18,1.82,2025-03-14T11:54:28Z,2025-03-14,35422c69ad923fd42be830fc9135cf4a_2.5
578c519094797105bf00db0a34b0645a,Augsburg,VfL Wolfsburg,2025-03-15T14:30:00Z,soccer_germany_bundesliga,Bundesliga,onexbet,2.5,2.1,1.85,2025-03-14T11:54:28Z,2025-03-14,578c519094797105bf00db0a34b0645a_2.5
578c519094797105bf00db0a34b0645a,Augsburg,VfL Wolfsburg,2025-03-15T14:30:00Z,soccer_germany_bundesliga,Bundesliga,pinnacle,2.25,1.82,2.08,2025-03-14T11:54:28Z,2025-03-14,578c519094797105bf00db0a34b0645a_2.25
578c519094797105bf00db0a34b0645a,Augsburg,VfL Wolfsburg,2025-03-15T14:30:00Z,soccer_germany_bundesliga,Bundesliga,bovada,2.25,1.8,2.05,2025-03-14T11:54:28Z,2025-03-14,578c519094797105bf00db0a34b0645a_2.25
578c519094797105bf00db0a34b0645a,Augsburg,VfL Wolfsburg,2025-03-15T14:30:00Z,soccer_germany_bundesliga,Bundesliga,williamhill,2.5,2.0,1.75,2025-03-14T11:52:57Z,2025-03-14,578c519094797105bf00db0a34b0645a_2.5
578c519094797105bf00db0a34b0645a,Augsburg,VfL Wolfsburg,2025-03-15T14:30:00Z,soccer_germany_bundesliga,Bundesliga,tipico_de,2.5,2.05,1.75,2025-03-14T11:52:58Z,2025-03-14,578c519094797105bf00db0a34b0645a_2.5
578c519094797105bf00db0a34b0645a,Augsburg,VfL Wolfsburg,2025-03-15T14:30:00Z,soccer_germany_bundesliga,Bundesliga,nordicbet,2.5,2.05,1.78,2025-03-14T11:54:29Z,2025-03-14,578c519094797105bf00db0a34b0645a_2.5
578c519094797105bf00db0a34b0645a,Augsburg,VfL Wolfsburg,2025-03-15T14:30:00Z,soccer_germany_bundesliga,Bundesliga,betsson,2.5,2.05,1.78,2025-03-14T11:54:31Z,2025-03-14,578c519094797105bf00db0a34b0645a_2.5
578c519094797105bf00db0a34b0645a,Augsburg,VfL Wolfsburg,2025-03-15T14:30:00Z,soccer_germany_bundesliga,Bundesliga,betrivers,2.5,2.02,1.76,2025-03-14T11:54:29Z,2025-03-14,578c519094797105bf00db0a34b0645a_2.5
578c519094797105bf00db0a34b0645a,Augsburg,VfL Wolfsburg,2025-03-15T14:30:00Z,soccer_germany_bundesliga,Bundesliga,unibet_eu,2.5,2.02,1.76,2025-03-14T11:54:29Z,2025-03-14,578c519094797105bf00db0a34b0645a_2.5
578c519094797105bf00db0a34b0645a,Augsburg,VfL Wolfsburg,2025-03-15T14:30:00Z,soccer_germany_bundesliga,Bundesliga,coolbet,2.5,2.03,1.76,2025-03-14T11:54:30Z,2025-03-14,578c519094797105bf00db0a34b0645a_2.5
578c519094797105bf00db0a34b0645a,Augsburg,VfL Wolfsburg,2025-03-15T14:30:00Z,soccer_germany_bundesliga,Bundesliga,betonlineag,2.5,2.05,1.8,2025-03-14T11:52:56Z,2025-03-14,578c519094797105bf00db0a34b0645a_2.5
578c519094797105bf00db0a34b0645a,Augsburg,VfL Wolfsburg,2025-03-15T14:30:00Z,soccer_germany_bundesliga,Bundesliga,lowvig,2.5,2.05,1.8,2025-03-14T11:54:28Z,2025-03-14,578c519094797105bf00db0a34b0645a_2.5
578c519094797105bf00db0a34b0645a,Augsburg,VfL Wolfsburg,2025-03-15T14:30:00Z,soccer_germany_bundesliga,Bundesliga,matchbook,2.5,2.14,1.84,2025-03-14T11:54:28Z,2025-03-14,578c519094797105bf00db0a34b0645a_2.5
578c519094797105bf00db0a34b0645a,Augsburg,VfL Wolfsburg,2025-03-15T14:30:00Z,soccer_germany_bundesliga,Bundesliga,betus,2.25,1.8,2.05,2025-03-14T11:54:29Z,2025-03-14,578c519094797105bf00db0a34b0645a_2.25
28d567b3f1110e63ce761366e331c8c9,Union Berlin,Bayern Munich,2025-03-15T14:30:00Z,soccer_germany_bundesliga,Bundesliga,pinnacle,3.0,1.98,1.91,2025-03-14T11:54:28Z,2025-03-14,28d567b3f1110e63ce761366e331c8c9_3.0
28d567b3f1110e63ce761366e331c8c9,Union Berlin,Bayern Munich,2025-03-15T14:30:00Z,soccer_germany_bundesliga,Bundesliga,onexbet,2.5,1.63,2.49,2025-03-14T11:54:28Z,2025-03-14,28d567b3f1110e63ce761366e331c8c9_2.5
28d567b3f1110e63ce761366e331c8c9,Union Berlin,Bayern Munich,2025-03-15T14:30:00Z,soccer_germany_bundesliga,Bundesliga,bovada,3.0,1.95,1.87,2025-03-14T11:54:28Z,2025-03-14,28d567b3f1110e63ce761366e331c8c9_3.0
28d567b3f1110e63ce761366e331c8c9,Union Berlin,Bayern Munich,2025-03-15T14:30:00Z,soccer_germany_bundesliga,Bundesliga,williamhill,2.5,1.55,2.38,2025-03-14T11:52:57Z,2025-03-14,28d567b3f1110e63ce761366e331c8c9_2.5
28d567b3f1110e63ce761366e331c8c9,Union Berlin,Bayern Munich,2025-03-15T14:30:00Z,soccer_germany_bundesliga,Bundesliga,tipico_de,2.5,1.6,2.3,2025-03-14T11:52:58Z,2025-03-14,28d567b3f1110e63ce761366e331c8c9_2.5
28d567b3f1110e63ce761366e331c8c9,Union Berlin,Bayern Munich,2025-03-15T14:30:00Z,soccer_germany_bundesliga,Bundesliga,nordicbet,2.5,1.58,2.4,2025-03-14T11:54:29Z,2025-03-14,28d567b3f1110e63ce761366e331c8c9_2.5
28d567b3f1110e63ce761366e331c8c9,Union Berlin,Bayern Munich,2025-03-15T14:30:00Z,soccer_germany_bundesliga,Bundesliga,betsson,2.5,1.58,2.4,2025-03-14T11:54:31Z,2025-03-14,28d567b3f1110e63ce761366e331c8c9_2.5
28d567b3f1110e63ce761366e331c8c9,Union Berlin,Bayern Munich,2025-03-15T14:30:00Z,soccer_germany_bundesliga,Bundesliga,betrivers,2.5,1.56,2.33,2025-03-14T11:54:29Z,2025-03-14,28d567b3f1110e63ce761366e331c8c9_2.5
28d567b3f1110e63ce761366e331c8c9,Union Berlin,Bayern Munich,2025-03-15T14:30:00Z,soccer_germany_bundesliga,Bundesliga,unibet_eu,2.5,1.56,2.33,2025-03-14T11:54:29Z,2025-03-14,28d567b3f1110e63ce761366e331c8c9_2.5
28d567b3f1110e63ce761366e331c8c9,Union Berlin,Bayern Munich,2025-03-15T14:30:00Z,soccer_germany_bundesliga,Bundesliga,coolbet,3.0,1.9,1.87,2025-03-14T11:54:30Z,2025-03-14,28d567b3f1110e63ce761366e331c8c9_3.0
28d567b3f1110e63ce761366e331c8c9,Union Berlin,Bayern Munich,2025-03-15T14:30:00Z,soccer_germany_bundesliga,Bundesliga,lowvig,3.0,1.96,1.86,2025-03-14T11:54:28Z,2025-03-14,28d567b3f1110e63ce761366e331c8c9_3.0
28d567b3f1110e63ce761366e331c8c9,Union Berlin,Bayern Munich,2025-03-15T14:30:00Z,soccer_germany_bundesliga,Bundesliga,betonlineag,3.0,1.96,1.86,2025-03-14T11:52:56Z,2025-03-14,28d567b3f1110e63ce761366e331c8c9_3.0
28d567b3f1110e63ce761366e331c8c9,Union Berlin,Bayern Munich,2025-03-15T14:30:00Z,soccer_germany_bundesliga,Bundesliga,betus,3.0,1.94,1.88,2025-03-14T11:54:29Z,2025-03-14,28d567b3f1110e63ce761366e331c8c9_3.0
16b273dcc45dd62072b9a81070201d8e,Werder Bremen,Borussia Monchengladbach,2025-03-15T14:30:00Z,soccer_germany_bundesliga,Bundesliga,pinnacle,3.0,1.98,1.91,2025-03-14T11:54:28Z,2025-03-14,16b273dcc45dd62072b9a81070201d8e_3.0
16b273dcc45dd62072b9a81070201d8e,Werder Bremen,Borussia Monchengladbach,2025-03-15T14:30:00Z,soccer_germany_bundesliga,Bundesliga,onexbet,2.5,1.66,2.42,2025-03-14T11:54:28Z,2025-03-14,16b273dcc45dd62072b9a81070201d8e_2.5
16b273dcc45dd62072b9a81070201d8e,Werder Bremen,Borussia Monchengladbach,2025-03-15T14:30:00Z,soccer_germany_bundesliga,Bundesliga,bovada,3.0,1.93,1.89,2025-03-14T11:54:28Z,2025-03-14,16b273dcc45dd62072b9a81070201d8e_3.0
16b273dcc45dd62072b9a81070201d8e,Werder Bremen,Borussia Monchengladbach,2025-03-15T14:30:00Z,soccer_germany_bundesliga,Bundesliga,williamhill,2.5,1.57,2.3,2025-03-14T11:52:57Z,2025-03-14,16b273dcc45dd62072b9a81070201d8e_2.5
16b273dcc45dd62072b9a81070201d8e,Werder Bremen,Borussia Monchengladbach,2025-03-15T14:30:00Z,soccer_germany_bundesliga,Bundesliga,tipico_de,2.5,1.6,2.3,2025-03-14T11:52:58Z,2025-03-14,16b273dcc45dd62072b9a81070201d8e_2.5
16b273dcc45dd62072b9a81070201d8e,Werder Bremen,Borussia Monchengladbach,2025-03-15T14:30:00Z,soccer_germany_bundesliga,Bundesliga,nordicbet,2.5,1.58,2.4,2025-03-14T11:54:29Z,2025-03-14,16b273dcc45dd62072b9a81070201d8e_2.5
16b273dcc45dd62072b9a81070201d8e,Werder Bremen,Borussia Monchengladbach,2025-03-15T14:30:00Z,soccer_germany_bundesliga,Bundesliga,betsson,2.5,1.58,2.4,2025-03-14T11:54:31Z,2025-03-14,16b273dcc45dd62072b9a81070201d8e_2.5
16b273dcc45dd62072b9a81070201d8e,Werder Bremen,Borussia Monchengladbach,2025-03-15T14:30:00Z,soccer_germany_bundesliga,Bundesliga,betrivers,2.5,1.57,2.33,2025-03-14T11:54:29Z,2025-03-14,16b273dcc45dd62072b9a81070201d8e_2.5
16b273dcc45dd62072b9a81070201d8e,Werder Bremen,Borussia Monchengladbach,2025-03-15T14:30:00Z,soccer_germany_bundesliga,Bundesliga,unibet_eu,3.5,2.48,1.51,2025-03-14T11:54:29Z,2025-03-14,16b273dcc45dd62072b9a81070201d8e_3.5
16b273dcc45dd62072b9a81070201d8e,Werder Bremen,Borussia Monchengladbach,2025-03-15T14:30:00Z,soccer_germany_bundesliga,Bundesliga,coolbet,3.0,1.9,1.87,2025-03-14T11:54:30Z,2025-03-14,16b273dcc45dd62072b9a81070201d8e_3.0
16b273dcc45dd62072b9a81070201d8e,Werder Bremen,Borussia Monchengladbach,2025-03-15T14:30:00Z,soccer_germany_bundesliga,Bundesliga,lowvig,3.0,1.95,1.87,2025-03-14T11:54:28Z,2025-03-14,16b273dcc45dd62072b9a81070201d8e_3.0
16b273dcc45dd62072b9a81070201d8e,Werder Bremen,Borussia Monchengladbach,2025-03-15T14:30:00Z,soccer_germany_bundesliga,Bundesliga,betonlineag,3.0,1.95,1.87,2025-03-14T11:52:56Z,2025-03-14,16b273dcc45dd62072b9a81070201d8e_3.0
16b273dcc45dd62072b9a81070201d8e,Werder Bremen,Borussia Monchengladbach,2025-03-15T14:30:00Z,soccer_germany_bundesliga,Bundesliga,betus,3.0,1.95,1.87,2025-03-14T11:54:29Z,2025-03-14,16b273dcc45dd62072b9a81070201d8e_3.0
aeb8ac75c72f268951cd9597bacd9714,FSV Mainz 05,SC Freiburg,2025-03-15T14:30:00Z,soccer_germany_bundesliga,Bundesliga,pinnacle,2.25,1.87,2.02,2025-03-14T11:54:28Z,2025-03-14,aeb8ac75c72f268951cd9597bacd9714_2.25
aeb8ac75c72f268951cd9597bacd9714,FSV Mainz 05,SC Freiburg,2025-03-15T14:30:00Z,soccer_germany_bundesliga,Bundesliga,onexbet,2.5,2.17,1.8,2025-03-14T11:54:28Z,2025-03-14,aeb8ac75c72f268951cd9597bacd9714_2.5
aeb8ac75c72f268951cd9597bacd9714,FSV Mainz 05,SC Freiburg,2025-03-15T14:30:00Z,soccer_germany_bundesliga,Bundesliga,bovada,2.25,1.83,2.0,2025-03-14T11:54:28Z,2025-03-14,aeb8ac75c72f268951cd9597bacd9714_2.25
aeb8ac75c72f268951cd9597bacd9714,FSV Mainz 05,SC Freiburg,2025-03-15T14:30:00Z,soccer_germany_bundesliga,Bundesliga,williamhill,2.5,2.0,1.75,2025-03-14T11:52:57Z,2025-03-14,aeb8ac75c72f268951cd9597bacd9714_2.5
aeb8ac75c72f268951cd9597bacd9714,FSV Mainz 05,SC Freiburg,2025-03-15T14:30:00Z,soccer_germany_bundesliga,Bundesliga,tipico_de,2.5,2.05,1.75,2025-03-14T11:52:58Z,2025-03-14,aeb8ac75c72f268951cd9597bacd9714_2.5
aeb8ac75c72f268951cd9597bacd9714,FSV Mainz 05,SC Freiburg,2025-03-15T14:30:00Z,soccer_germany_bundesliga,Bundesliga,nordicbet,2.5,2.1,1.75,2025-03-14T11:54:29Z,2025-03-14,aeb8ac75c72f268951cd9597bacd9714_2.5
aeb8ac75c72f268951cd9597bacd9714,FSV Mainz 05,SC Freiburg,2025-03-15T14:30:00Z,soccer_germany_bundesliga,Bundesliga,betsson,2.5,2.1,1.75,2025-03-14T11:54:31Z,2025-03-14,aeb8ac75c72f268951cd9597bacd9714_2.5
aeb8ac75c72f268951cd9597bacd9714,FSV Mainz 05,SC Freiburg,2025-03-15T14:30:00Z,soccer_germany_bundesliga,Bundesliga,betrivers,2.5,2.1,1.71,2025-03-14T11:54:29Z,2025-03-14,aeb8ac75c72f268951cd9597bacd9714_2.5
aeb8ac75c72f268951cd9597bacd9714,FSV Mainz 05,SC Freiburg,2025-03-15T14:30:00Z,soccer_germany_bundesliga,Bundesliga,unibet_eu,2.5,2.1,1.71,2025-03-14T11:54:29Z,2025-03-14,aeb8ac75c72f268951cd9597bacd9714_2.5
aeb8ac75c72f268951cd9597bacd9714,FSV Mainz 05,SC Freiburg,2025-03-15T14:30:00Z,soccer_germany_bundesliga,Bundesliga,coolbet,2.5,2.06,1.74,2025-03-14T11:54:30Z,2025-03-14,aeb8ac75c72f268951cd9597bacd9714_2.5
aeb8ac75c72f268951cd9597bacd9714,FSV Mainz 05,SC Freiburg,2025-03-15T14:30:00Z,soccer_germany_bundesliga,Bundesliga,lowvig,2.25,1.83,2.0,2025-03-14T11:54:28Z,2025-03-14,aeb8ac75c72f268951cd9597bacd9714_2.25
aeb8ac75c72f268951cd9597bacd9714,FSV Mainz 05,SC Freiburg,2025-03-15T14:30:00Z,soccer_germany_bundesliga,Bundesliga,betonlineag,2.25,1.83,2.0,2025-03-14T11:52:56Z,2025-03-14,aeb8ac75c72f268951cd9597bacd9714_2.25
aeb8ac75c72f268951cd9597bacd9714,FSV Mainz 05,SC Freiburg,2025-03-15T14:30:00Z,soccer_germany_bundesliga,Bundesliga,betus,2.5,2.09,1.78,2025-03-14T11:54:29Z,2025-03-14,aeb8ac75c72f268951cd9597bacd9714_2.5
aeb8ac75c72f268951cd9597bacd9714,FSV Mainz 05,SC Freiburg,2025-03-15T14:30:00Z,soccer_germany_bundesliga,Bundesliga,matchbook,2.5,2.18,1.8,2025-03-14T11:54:28Z,2025-03-14,aeb8ac75c72f268951cd9597bacd9714_2.5
e04446e6bcf68a5a9beadb91f8669df6,RB Leipzig,Borussia Dortmund,2025-03-15T17:30:00Z,soccer_germany_bundesliga,Bundesliga,pinnacle,3.0,1.97,1.92,2025-03-14T11:54:28Z,2025-03-14,e04446e6bcf68a5a9beadb91f8669df6_3.0
e04446e6bcf68a5a9beadb91f8669df6,RB Leipzig,Borussia Dortmund,2025-03-15T17:30:00Z,soccer_germany_bundesliga,Bundesliga,onexbet,2.5,1.64,2.47,2025-03-14T11:54:28Z,2025-03-14,e04446e6bcf68a5a9beadb91f8669df6_2.5
e04446e6bcf68a5a9beadb91f8669df6,RB Leipzig,Borussia Dortmund,2025-03-15T17:30:00Z,soccer_germany_bundesliga,Bundesliga,bovada,3.0,1.93,1.89,2025-03-14T11:54:28Z,2025-03-14,e04446e6bcf68a5a9beadb91f8669df6_3.0
e04446e6bcf68a5a9beadb91f8669df6,RB Leipzig,Borussia Dortmund,2025-03-15T17:30:00Z,soccer_germany_bundesliga,Bundesliga,williamhill,2.5,1.57,2.3,2025-03-14T11:52:57Z,2025-03-14,e04446e6bcf68a5a9beadb91f8669df6_2.5
e04446e6bcf68a5a9beadb91f8669df6,RB Leipzig,Borussia Dortmund,2025-03-15T17:30:00Z,soccer_germany_bundesliga,Bundesliga,tipico_de,2.5,1.57,2.35,2025-03-14T11:52:58Z,2025-03-14,e04446e6bcf68a5a9beadb91f8669df6_2.5
e04446e6bcf68a5a9beadb91f8669df6,RB Leipzig,Borussia Dortmund,2025-03-15T17:30:00Z,soccer_germany_bundesliga,Bundesliga,nordicbet,2.5,1.58,2.4,2025-03-14T11:54:29Z,2025-03-14,e04446e6bcf68a5a9beadb91f8669df6_2.5
e04446e6bcf68a5a9beadb91f8669df6,RB Leipzig,Borussia Dortmund,2025-03-15T17:30:00Z,soccer_germany_bundesliga,Bundesliga,betsson,2.5,1.58,2.4,2025-03-14T11:54:31Z,2025-03-14,e04446e6bcf68a5a9beadb91f8669df6_2.5
e04446e6bcf68a5a9beadb91f8669df6,RB Leipzig,Borussia Dortmund,2025-03-15T17:30:00Z,soccer_germany_bundesliga,Bundesliga,betrivers,3.5,2.4,1.55,2025-03-14T11:54:29Z,2025-03-14,e04446e6bcf68a5a9beadb91f8669df6_3.5
e04446e6bcf68a5a9beadb91f8669df6,RB Leipzig,Borussia Dortmund,2025-03-15T17:30:00Z,soccer_germany_bundesliga,Bundesliga,unibet_eu,3.5,2.4,1.55,2025-03-14T11:54:29Z,2025-03-14,e04446e6bcf68a5a9beadb91f8669df6_3.5
e04446e6bcf68a5a9beadb91f8669df6,RB Leipzig,Borussia Dortmund,2025-03-15T17:30:00Z,soccer_germany_bundesliga,Bundesliga,coolbet,3.0,1.9,1.87,2025-03-14T11:54:30Z,2025-03-14,e04446e6bcf68a5a9beadb91f8669df6_3.0
e04446e6bcf68a5a9beadb91f8669df6,RB Leipzig,Borussia Dortmund,2025-03-15T17:30:00Z,soccer_germany_bundesliga,Bundesliga,lowvig,3.0,1.93,1.88,2025-03-14T11:54:28Z,2025-03-14,e04446e6bcf68a5a9beadb91f8669df6_3.0
e04446e6bcf68a5a9beadb91f8669df6,RB Leipzig,Borussia Dortmund,2025-03-15T17:30:00Z,soccer_germany_bundesliga,Bundesliga,betonlineag,3.0,1.93,1.88,2025-03-14T11:52:56Z,2025-03-14,e04446e6bcf68a5a9beadb91f8669df6_3.0
e04446e6bcf68a5a9beadb91f8669df6,RB Leipzig,Borussia Dortmund,2025-03-15T17:30:00Z,soccer_germany_bundesliga,Bundesliga,betus,3.0,1.93,1.89,2025-03-14T11:54:29Z,2025-03-14,e04446e6bcf68a5a9beadb91f8669df6_3.0
697df2841c3e04f6ba7d0dfaa392cecb,Genoa,Lecce,2025-03-14T19:45:00Z,soccer_italy_serie_a,Serie A,onexbet,1.5,1.59,2.59,2025-03-14T11:55:09Z,2025-03-14,697df2841c3e04f6ba7d0dfaa392cecb_1.5
697df2841c3e04f6ba7d0dfaa392cecb,Genoa,Lecce,2025-03-14T19:45:00Z,soccer_italy_serie_a,Serie A,nordicbet,1.5,1.55,2.5,2025-03-14T11:55:09Z,2025-03-14,697df2841c3e04f6ba7d0dfaa392cecb_1.5
697df2841c3e04f6ba7d0dfaa392cecb,Genoa,Lecce,2025-03-14T19:45:00Z,soccer_italy_serie_a,Serie A,betsson,1.5,1.55,2.5,2025-03-14T11:55:10Z,2025-03-14,697df2841c3e04f6ba7d0dfaa392cecb_1.5
697df2841c3e04f6ba7d0dfaa392cecb,Genoa,Lecce,2025-03-14T19:45:00Z,soccer_italy_serie_a,Serie A,williamhill,2.5,2.62,1.44,2025-03-14T11:55:12Z,2025-03-14,697df2841c3e04f6ba7d0dfaa392cecb_2.5
697df2841c3e04f6ba7d0dfaa392cecb,Genoa,Lecce,2025-03-14T19:45:00Z,soccer_italy_serie_a,Serie A,tipico_de,2.5,2.6,1.47,2025-03-14T11:55:12Z,2025-03-14,697df2841c3e04f6ba7d0dfaa392cecb_2.5
697df2841c3e04f6ba7d0dfaa392cecb,Genoa,Lecce,2025-03-14T19:45:00Z,soccer_italy_serie_a,Serie A,bovada,2.0,1.98,1.85,2025-03-14T11:55:09Z,2025-03-14,697df2841c3e04f6ba7d0dfaa392cecb_2.0
697df2841c3e04f6ba7d0dfaa392cecb,Genoa,Lecce,2025-03-14T19:45:00Z,soccer_italy_serie_a,Serie A,pinnacle,2.0,2.03,1.88,2025-03-14T11:55:09Z,2025-03-14,697df2841c3e04f6ba7d0dfaa392cecb_2.0
697df2841c3e04f6ba7d0dfaa392cecb,Genoa,Lecce,2025-03-14T19:45:00Z,soccer_italy_serie_a,Serie A,betrivers,1.5,1.48,2.55,2025-03-14T11:55:11Z,2025-03-14,697df2841c3e04f6ba7d0dfaa392cecb_1.5
697df2841c3e04f6ba7d0dfaa392cecb,Genoa,Lecce,2025-03-14T19:45:00Z,soccer_italy_serie_a,Serie A,unibet_eu,2.5,2.7,1.44,2025-03-14T11:55:10Z,2025-03-14,697df2841c3e04f6ba7d0dfaa392cecb_2.5
697df2841c3e04f6ba7d0dfaa392cecb,Genoa,Lecce,2025-03-14T19:45:00Z,soccer_italy_serie_a,Serie A,playup,1.5,1.55,2.45,2025-03-14T11:53:38Z,2025-03-14,697df2841c3e04f6ba7d0dfaa392cecb_1.5
697df2841c3e04f6ba7d0dfaa392cecb,Genoa,Lecce,2025-03-14T19:45:00Z,soccer_italy_serie_a,Serie A,betus,2.0,2.0,1.83,2025-03-14T11:55:09Z,2025-03-14,697df2841c3e04f6ba7d0dfaa392cecb_2.0
697df2841c3e04f6ba7d0dfaa392cecb,Genoa,Lecce,2025-03-14T19:45:00Z,soccer_italy_serie_a,Serie A,lowvig,2.0,1.98,1.85,2025-03-14T11:55:09Z,2025-03-14,697df2841c3e04f6ba7d0dfaa392cecb_2.0
697df2841c3e04f6ba7d0dfaa392cecb,Genoa,Lecce,2025-03-14T19:45:00Z,soccer_italy_serie_a,Serie A,betonlineag,2.0,1.98,1.85,2025-03-14T11:53:37Z,2025-03-14,697df2841c3e04f6ba7d0dfaa392cecb_2.0
697df2841c3e04f6ba7d0dfaa392cecb,Genoa,Lecce,2025-03-14T19:45:00Z,soccer_italy_serie_a,Serie A,coolbet,2.0,1.95,1.89,2025-03-14T11:55:10Z,2025-03-14,697df2841c3e04f6ba7d0dfaa392cecb_2.0
06c6710090845c43a3b456d4d8e7563f,Udinese,Hellas Verona,2025-03-15T14:00:00Z,soccer_italy_serie_a,Serie A,onexbet,2.5,2.17,1.81,2025-03-14T11:55:09Z,2025-03-14,06c6710090845c43a3b456d4d8e7563f_2.5
06c6710090845c43a3b456d4d8e7563f,Udinese,Hellas Verona,2025-03-15T14:00:00Z,soccer_italy_serie_a,Serie A,nordicbet,2.5,2.1,1.75,2025-03-14T11:55:09Z,2025-03-14,06c6710090845c43a3b456d4d8e7563f_2.5
06c6710090845c43a3b456d4d8e7563f,Udinese,Hellas Verona,2025-03-15T14:00:00Z,soccer_italy_serie_a,Serie A,betsson,2.5,2.1,1.75,2025-03-14T11:55:10Z,2025-03-14,06c6710090845c43a3b456d4d8e7563f_2.5
06c6710090845c43a3b456d4d8e7563f,Udinese,Hellas Verona,2025-03-15T14:00:00Z,soccer_italy_serie_a,Serie A,williamhill,2.5,2.0,1.75,2025-03-14T11:55:12Z,2025-03-14,06c6710090845c43a3b456d4d8e7563f_2.5
06c6710090845c43a3b456d4d8e7563f,Udinese,Hellas Verona,2025-03-15T14:00:00Z,soccer_italy_serie_a,Serie A,tipico_de,2.5,2.05,1.72,2025-03-14T11:55:12Z,2025-03-14,06c6710090845c43a3b456d4d8e7563f_2.5
06c6710090845c43a3b456d4d8e7563f,Udinese,Hellas Verona,2025-03-15T14:00:00Z,soccer_italy_serie_a,Serie A,bovada,2.25,1.85,1.98,2025-03-14T11:55:09Z,2025-03-14,06c6710090845c43a3b456d4d8e7563f_2.25
06c6710090845c43a3b456d4d8e7563f,Udinese,Hellas Verona,2025-03-15T14:00:00Z,soccer_italy_serie_a,Serie A,pinnacle,2.25,1.88,2.01,2025-03-14T11:55:09Z,2025-03-14,06c6710090845c43a3b456d4d8e7563f_2.25
06c6710090845c43a3b456d4d8e7563f,Udinese,Hellas Verona,2025-03-15T14:00:00Z,soccer_italy_serie_a,Serie A,unibet_eu,2.5,2.05,1.74,2025-03-14T11:55:10Z,2025-03-14,06c6710090845c43a3b456d4d8e7563f_2.5
06c6710090845c43a3b456d4d8e7563f,Udinese,Hellas Verona,2025-03-15T14:00:00Z,soccer_italy_serie_a,Serie A,betrivers,2.5,2.05,1.74,2025-03-14T11:55:11Z,2025-03-14,06c6710090845c43a3b456d4d8e7563f_2.5
06c6710090845c43a3b456d4d8e7563f,Udinese,Hellas Verona,2025-03-15T14:00:00Z,soccer_italy_serie_a,Serie A,playup,2.5,2.08,1.72,2025-03-14T11:53:38Z,2025-03-14,06c6710090845c43a3b456d4d8e7563f_2.5
06c6710090845c43a3b456d4d8e7563f,Udinese,Hellas Verona,2025-03-15T14:00:00Z,soccer_italy_serie_a,Serie A,betus,2.5,2.1,1.77,2025-03-14T11:55:09Z,2025-03-14,06c6710090845c43a3b456d4d8e7563f_2.5
06c6710090845c43a3b456d4d8e7563f,Udinese,Hellas Verona,2025-03-15T14:00:00Z,soccer_italy_serie_a,Serie A,betanysports,2.25,1.85,1.98,2025-03-14T11:55:10Z,2025-03-14,06c6710090845c43a3b456d4d8e7563f_2.25
06c6710090845c43a3b456d4d8e7563f,Udinese,Hellas Verona,2025-03-15T14:00:00Z,soccer_italy_serie_a,Serie A,lowvig,2.25,1.85,1.98,2025-03-14T11:55:09Z,2025-03-14,06c6710090845c43a3b456d4d8e7563f_2.25
06c6710090845c43a3b456d4d8e7563f,Udinese,Hellas Verona,2025-03-15T14:00:00Z,soccer_italy_serie_a,Serie A,betonlineag,2.25,1.85,1.98,2025-03-14T11:53:37Z,2025-03-14,06c6710090845c43a3b456d4d8e7563f_2.25
06c6710090845c43a3b456d4d8e7563f,Udinese,Hellas Verona,2025-03-15T14:00:00Z,soccer_italy_serie_a,Serie A,coolbet,2.5,2.11,1.77,2025-03-14T11:55:10Z,2025-03-14,06c6710090845c43a3b456d4d8e7563f_2.5
7c21569a0f627fdfeb8f3f75f77d9303,Monza,Parma,2025-03-15T14:00:00Z,soccer_italy_serie_a,Serie A,onexbet,2.5,2.17,1.81,2025-03-14T11:55:09Z,2025-03-14,7c21569a0f627fdfeb8f3f75f77d9303_2.5
7c21569a0f627fdfeb8f3f75f77d9303,Monza,Parma,2025-03-15T14:00:00Z,soccer_italy_serie_a,Serie A,nordicbet,2.5,2.1,1.75,2025-03-14T11:55:09Z,2025-03-14,7c21569a0f627fdfeb8f3f75f77d9303_2.5
7c21569a0f627fdfeb8f3f75f77d9303,Monza,Parma,2025-03-15T14:00:00Z,soccer_italy_serie_a,Serie A,betsson,2.5,2.1,1.75,2025-03-14T11:55:10Z,2025-03-14,7c21569a0f627fdfeb8f3f75f77d9303_2.5
7c21569a0f627fdfeb8f3f75f77d9303,Monza,Parma,2025-03-15T14:00:00Z,soccer_italy_serie_a,Serie A,williamhill,2.5,2.1,1.7,2025-03-14T11:55:12Z,2025-03-14,7c21569a0f627fdfeb8f3f75f77d9303_2.5
7c21569a0f627fdfeb8f3f75f77d9303,Monza,Parma,2025-03-15T14:00:00Z,soccer_italy_serie_a,Serie A,tipico_de,2.5,2.05,1.72,2025-03-14T11:55:12Z,2025-03-14,7c21569a0f627fdfeb8f3f75f77d9303_2.5
7c21569a0f627fdfeb8f3f75f77d9303,Monza,Parma,2025-03-15T14:00:00Z,soccer_italy_serie_a,Serie A,bovada,2.25,1.83,2.0,2025-03-14T11:55:09Z,2025-03-14,7c21569a0f627fdfeb8f3f75f77d9303_2.25
7c21569a0f627fdfeb8f3f75f77d9303,Monza,Parma,2025-03-15T14:00:00Z,soccer_italy_serie_a,Serie A,pinnacle,2.25,1.87,2.02,2025-03-14T11:55:09Z,2025-03-14,7c21569a0f627fdfeb8f3f75f77d9303_2.25
7c21569a0f627fdfeb8f3f75f77d9303,Monza,Parma,2025-03-15T14:00:00Z,soccer_italy_serie_a,Serie A,betrivers,2.5,2.08,1.71,2025-03-14T11:55:11Z,2025-03-14,7c21569a0f627fdfeb8f3f75f77d9303_2.5
7c21569a0f627fdfeb8f3f75f77d9303,Monza,Parma,2025-03-15T14:00:00Z,soccer_italy_serie_a,Serie A,unibet_eu,2.5,2.08,1.71,2025-03-14T11:55:10Z,2025-03-14,7c21569a0f627fdfeb8f3f75f77d9303_2.5
7c21569a0f627fdfeb8f3f75f77d9303,Monza,Parma,2025-03-15T14:00:00Z,soccer_italy_serie_a,Serie A,playup,2.5,2.05,1.75,2025-03-14T11:53:38Z,2025-03-14,7c21569a0f627fdfeb8f3f75f77d9303_2.5
7c21569a0f627fdfeb8f3f75f77d9303,Monza,Parma,2025-03-15T14:00:00Z,soccer_italy_serie_a,Serie A,matchbook,2.5,2.2,1.8,2025-03-14T11:55:09Z,2025-03-14,7c21569a0f627fdfeb8f3f75f77d9303_2.5
7c21569a0f627fdfeb8f3f75f77d9303,Monza,Parma,2025-03-15T14:00:00Z,soccer_italy_serie_a,Serie A,betonlineag,2.25,1.91,1.91,2025-03-14T11:53:37Z,2025-03-14,7c21569a0f627fdfeb8f3f75f77d9303_2.25
7c21569a0f627fdfeb8f3f75f77d9303,Monza,Parma,2025-03-15T14:00:00Z,soccer_italy_serie_a,Serie A,lowvig,2.25,1.91,1.91,2025-03-14T11:55:09Z,2025-03-14,7c21569a0f627fdfeb8f3f75f77d9303_2.25
7c21569a0f627fdfeb8f3f75f77d9303,Monza,Parma,2025-03-15T14:00:00Z,soccer_italy_serie_a,Serie A,betus,2.5,2.15,1.74,2025-03-14T11:55:09Z,2025-03-14,7c21569a0f627fdfeb8f3f75f77d9303_2.5
7c21569a0f627fdfeb8f3f75f77d9303,Monza,Parma,2025-03-15T14:00:00Z,soccer_italy_serie_a,Serie A,betanysports,2.25,1.91,1.91,2025-03-14T11:55:10Z,2025-03-14,7c21569a0f627fdfeb8f3f75f77d9303_2.25
7c21569a0f627fdfeb8f3f75f77d9303,Monza,Parma,2025-03-15T14:00:00Z,soccer_italy_serie_a,Serie A,coolbet,2.5,2.09,1.78,2025-03-14T11:55:10Z,2025-03-14,7c21569a0f627fdfeb8f3f75f77d9303_2.5
a9d254600ed3bce8d8461ba0569f9a10,AC Milan,Como,2025-03-15T17:00:00Z,soccer_italy_serie_a,Serie A,onexbet,2.5,1.81,2.17,2025-03-14T11:55:09Z,2025-03-14,a9d254600ed3bce8d8461ba0569f9a10_2.5
a9d254600ed3bce8d8461ba0569f9a10,AC Milan,Como,2025-03-15T17:00:00Z,soccer_italy_serie_a,Serie A,williamhill,2.5,1.73,2.05,2025-03-14T11:55:12Z,2025-03-14,a9d254600ed3bce8d8461ba0569f9a10_2.5
a9d254600ed3bce8d8461ba0569f9a10,AC Milan,Como,2025-03-15T17:00:00Z,soccer_italy_serie_a,Serie A,nordicbet,2.5,1.75,2.1,2025-03-14T11:55:09Z,2025-03-14,a9d254600ed3bce8d8461ba0569f9a10_2.5
a9d254600ed3bce8d8461ba0569f9a10,AC Milan,Como,2025-03-15T17:00:00Z,soccer_italy_serie_a,Serie A,betsson,2.5,1.75,2.1,2025-03-14T11:55:10Z,2025-03-14,a9d254600ed3bce8d8461ba0569f9a10_2.5
a9d254600ed3bce8d8461ba0569f9a10,AC Milan,Como,2025-03-15T17:00:00Z,soccer_italy_serie_a,Serie A,tipico_de,2.5,1.75,2.05,2025-03-14T11:55:12Z,2025-03-14,a9d254600ed3bce8d8461ba0569f9a10_2.5
a9d254600ed3bce8d8461ba0569f9a10,AC Milan,Como,2025-03-15T17:00:00Z,soccer_italy_serie_a,Serie A,bovada,2.75,1.95,1.87,2025-03-14T11:55:09Z,2025-03-14,a9d254600ed3bce8d8461ba0569f9a10_2.75
a9d254600ed3bce8d8461ba0569f9a10,AC Milan,Como,2025-03-15T17:00:00Z,soccer_italy_serie_a,Serie A,pinnacle,2.75,1.96,1.93,2025-03-14T11:55:09Z,2025-03-14,a9d254600ed3bce8d8461ba0569f9a10_2.75
a9d254600ed3bce8d8461ba0569f9a10,AC Milan,Como,2025-03-15T17:00:00Z,soccer_italy_serie_a,Serie A,betrivers,2.5,1.78,2.0,2025-03-14T11:55:11Z,2025-03-14,a9d254600ed3bce8d8461ba0569f9a10_2.5
a9d254600ed3bce8d8461ba0569f9a10,AC Milan,Como,2025-03-15T17:00:00Z,soccer_italy_serie_a,Serie A,unibet_eu,2.5,1.78,2.0,2025-03-14T11:55:10Z,2025-03-14,a9d254600ed3bce8d8461ba0569f9a10_2.5
a9d254600ed3bce8d8461ba0569f9a10,AC Milan,Como,2025-03-15T17:00:00Z,soccer_italy_serie_a,Serie A,playup,2.5,1.72,2.08,2025-03-14T11:53:38Z,2025-03-14,a9d254600ed3bce8d8461ba0569f9a10_2.5
a9d254600ed3bce8d8461ba0569f9a10,AC Milan,Como,2025-03-15T17:00:00Z,soccer_italy_serie_a,Serie A,betonlineag,2.75,1.93,1.89,2025-03-14T11:53:37Z,2025-03-14,a9d254600ed3bce8d8461ba0569f9a10_2.75
a9d254600ed3bce8d8461ba0569f9a10,AC Milan,Como,2025-03-15T17:00:00Z,soccer_italy_serie_a,Serie A,lowvig,2.75,1.93,1.89,2025-03-14T11:55:09Z,2025-03-14,a9d254600ed3bce8d8461ba0569f9a10_2.75
a9d254600ed3bce8d8461ba0569f9a10,AC Milan,Como,2025-03-15T17:00:00Z,soccer_italy_serie_a,Serie A,betus,2.5,1.76,2.11,2025-03-14T11:55:09Z,2025-03-14,a9d254600ed3bce8d8461ba0569f9a10_2.5
a9d254600ed3bce8d8461ba0569f9a10,AC Milan,Como,2025-03-15T17:00:00Z,soccer_italy_serie_a,Serie A,betanysports,2.75,1.95,1.87,2025-03-14T11:55:10Z,2025-03-14,a9d254600ed3bce8d8461ba0569f9a10_2.75
a9d254600ed3bce8d8461ba0569f9a10,AC Milan,Como,2025-03-15T17:00:00Z,soccer_italy_serie_a,Serie A,coolbet,2.5,1.77,2.11,2025-03-14T11:55:10Z,2025-03-14,a9d254600ed3bce8d8461ba0569f9a10_2.5
db28acbb2faa31a87f6e457d3b66e7cb,Torino,Empoli,2025-03-15T19:45:00Z,soccer_italy_serie_a,Serie A,onexbet,2.5,2.35,1.69,2025-03-14T11:55:09Z,2025-03-14,db28acbb2faa31a87f6e457d3b66e7cb_2.5
db28acbb2faa31a87f6e457d3b66e7cb,Torino,Empoli,2025-03-15T19:45:00Z,soccer_italy_serie_a,Serie A,nordicbet,2.5,2.35,1.6,2025-03-14T11:55:09Z,2025-03-14,db28acbb2faa31a87f6e457d3b66e7cb_2.5
db28acbb2faa31a87f6e457d3b66e7cb,Torino,Empoli,2025-03-15T19:45:00Z,soccer_italy_serie_a,Serie A,betsson,2.5,2.35,1.6,2025-03-14T11:55:10Z,2025-03-14,db28acbb2faa31a87f6e457d3b66e7cb_2.5
db28acbb2faa31a87f6e457d3b66e7cb,Torino,Empoli,2025-03-15T19:45:00Z,soccer_italy_serie_a,Serie A,williamhill,2.5,2.25,1.62,2025-03-14T11:55:12Z,2025-03-14,db28acbb2faa31a87f6e457d3b66e7cb_2.5
db28acbb2faa31a87f6e457d3b66e7cb,Torino,Empoli,2025-03-15T19:45:00Z,soccer_italy_serie_a,Serie A,tipico_de,2.5,2.25,1.62,2025-03-14T11:55:12Z,2025-03-14,db28acbb2faa31a87f6e457d3b66e7cb_2.5
db28acbb2faa31a87f6e457d3b66e7cb,Torino,Empoli,2025-03-15T19:45:00Z,soccer_italy_serie_a,Serie A,bovada,2.25,2.0,1.83,2025-03-14T11:55:09Z,2025-03-14,db28acbb2faa31a87f6e457d3b66e7cb_2.25
db28acbb2faa31a87f6e457d3b66e7cb,Torino,Empoli,2025-03-15T19:45:00Z,soccer_italy_serie_a,Serie A,pinnacle,2.25,2.04,1.85,2025-03-14T11:55:09Z,2025-03-14,db28acbb2faa31a87f6e457d3b66e7cb_2.25
db28acbb2faa31a87f6e457d3b66e7cb,Torino,Empoli,2025-03-15T19:45:00Z,soccer_italy_serie_a,Serie A,betrivers,2.5,2.23,1.62,2025-03-14T11:55:11Z,2025-03-14,db28acbb2faa31a87f6e457d3b66e7cb_2.5
db28acbb2faa31a87f6e457d3b66e7cb,Torino,Empoli,2025-03-15T19:45:00Z,soccer_italy_serie_a,Serie A,unibet_eu,2.5,2.23,1.62,2025-03-14T11:55:10Z,2025-03-14,db28acbb2faa31a87f6e457d3b66e7cb_2.5
db28acbb2faa31a87f6e457d3b66e7cb,Torino,Empoli,2025-03-15T19:45:00Z,soccer_italy_serie_a,Serie A,playup,2.5,2.3,1.6,2025-03-14T11:53:38Z,2025-03-14,db28acbb2faa31a87f6e457d3b66e7cb_2.5
db28acbb2faa31a87f6e457d3b66e7cb,Torino,Empoli,2025-03-15T19:45:00Z,soccer_italy_serie_a,Serie A,betonlineag,2.25,2.02,1.82,2025-03-14T11:53:37Z,2025-03-14,db28acbb2faa31a87f6e457d3b66e7cb_2.25
db28acbb2faa31a87f6e457d3b66e7cb,Torino,Empoli,2025-03-15T19:45:00Z,soccer_italy_serie_a,Serie A,lowvig,2.25,2.02,1.82,2025-03-14T11:55:09Z,2025-03-14,db28acbb2faa31a87f6e457d3b66e7cb_2.25
db28acbb2faa31a87f6e457d3b66e7cb,Torino,Empoli,2025-03-15T19:45:00Z,soccer_italy_serie_a,Serie A,betus,2.0,1.7,2.23,2025-03-14T11:55:09Z,2025-03-14,db28acbb2faa31a87f6e457d3b66e7cb_2.0
db28acbb2faa31a87f6e457d3b66e7cb,Torino,Empoli,2025-03-15T19:45:00Z,soccer_italy_serie_a,Serie A,betanysports,2.25,2.0,1.83,2025-03-14T11:55:10Z,2025-03-14,db28acbb2faa31a87f6e457d3b66e7cb_2.25
db28acbb2faa31a87f6e457d3b66e7cb,Torino,Empoli,2025-03-15T19:45:00Z,soccer_italy_serie_a,Serie A,coolbet,2.0,1.7,2.22,2025-03-14T11:55:10Z,2025-03-14,db28acbb2faa31a87f6e457d3b66e7cb_2.0
5b61651e676f0532e38e893c197c187c,Venezia,Napoli,2025-03-16T11:30:00Z,soccer_italy_serie_a,Serie A,onexbet,2.5,2.1,1.86,2025-03-14T11:55:09Z,2025-03-14,5b61651e676f0532e38e893c197c187c_2.5
5b61651e676f0532e38e893c197c187c,Venezia,Napoli,2025-03-16T11:30:00Z,soccer_italy_serie_a,Serie A,nordicbet,2.5,2.0,1.83,2025-03-14T11:55:09Z,2025-03-14,5b61651e676f0532e38e893c197c187c_2.5
5b61651e676f0532e38e893c197c187c,Venezia,Napoli,2025-03-16T11:30:00Z,soccer_italy_serie_a,Serie A,betsson,2.5,2.0,1.83,2025-03-14T11:55:10Z,2025-03-14,5b61651e676f0532e38e893c197c187c_2.5
5b61651e676f0532e38e893c197c187c,Venezia,Napoli,2025-03-16T11:30:00Z,soccer_italy_serie_a,Serie A,williamhill,2.5,1.95,1.8,2025-03-14T11:55:12Z,2025-03-14,5b61651e676f0532e38e893c197c187c_2.5
5b61651e676f0532e38e893c197c187c,Venezia,Napoli,2025-03-16T11:30:00Z,soccer_italy_serie_a,Serie A,tipico_de,2.5,2.0,1.77,2025-03-14T11:55:12Z,2025-03-14,5b61651e676f0532e38e893c197c187c_2.5
5b61651e676f0532e38e893c197c187c,Venezia,Napoli,2025-03-16T11:30:00Z,soccer_italy_serie_a,Serie A,bovada,2.5,2.02,1.82,2025-03-14T11:55:09Z,2025-03-14,5b61651e676f0532e38e893c197c187c_2.5
5b61651e676f0532e38e893c197c187c,Venezia,Napoli,2025-03-16T11:30:00Z,soccer_italy_serie_a,Serie A,pinnacle,2.5,2.08,1.83,2025-03-14T11:55:09Z,2025-03-14,5b61651e676f0532e38e893c197c187c_2.5
5b61651e676f0532e38e893c197c187c,Venezia,Napoli,2025-03-16T11:30:00Z,soccer_italy_serie_a,Serie A,unibet_eu,2.5,1.97,1.79,2025-03-14T11:55:10Z,2025-03-14,5b61651e676f0532e38e893c197c187c_2.5
5b61651e676f0532e38e893c197c187c,Venezia,Napoli,2025-03-16T11:30:00Z,soccer_italy_serie_a,Serie A,betrivers,2.5,1.97,1.79,2025-03-14T11:55:11Z,2025-03-14,5b61651e676f0532e38e893c197c187c_2.5
5b61651e676f0532e38e893c197c187c,Venezia,Napoli,2025-03-16T11:30:00Z,soccer_italy_serie_a,Serie A,playup,2.5,1.98,1.8,2025-03-14T11:53:38Z,2025-03-14,5b61651e676f0532e38e893c197c187c_2.5
5b61651e676f0532e38e893c197c187c,Venezia,Napoli,2025-03-16T11:30:00Z,soccer_italy_serie_a,Serie A,betonlineag,2.5,2.05,1.8,2025-03-14T11:53:37Z,2025-03-14,5b61651e676f0532e38e893c197c187c_2.5
5b61651e676f0532e38e893c197c187c,Venezia,Napoli,2025-03-16T11:30:00Z,soccer_italy_serie_a,Serie A,lowvig,2.5,2.05,1.8,2025-03-14T11:55:09Z,2025-03-14,5b61651e676f0532e38e893c197c187c_2.5
5b61651e676f0532e38e893c197c187c,Venezia,Napoli,2025-03-16T11:30:00Z,soccer_italy_serie_a,Serie A,betanysports,2.5,2.02,1.82,2025-03-14T11:55:10Z,2025-03-14,5b61651e676f0532e38e893c197c187c_2.5
5b61651e676f0532e38e893c197c187c,Venezia,Napoli,2025-03-16T11:30:00Z,soccer_italy_serie_a,Serie A,betus,2.5,2.02,1.82,2025-03-14T11:55:09Z,2025-03-14,5b61651e676f0532e38e893c197c187c_2.5
5b61651e676f0532e38e893c197c187c,Venezia,Napoli,2025-03-16T11:30:00Z,soccer_italy_serie_a,Serie A,coolbet,2.5,2.04,1.82,2025-03-14T11:55:10Z,2025-03-14,5b61651e676f0532e38e893c197c187c_2.5
6fd6e5e5582b9055ad821d8577f53dd8,Bologna,Lazio,2025-03-16T14:00:00Z,soccer_italy_serie_a,Serie A,onexbet,2.5,2.28,1.73,2025-03-14T11:55:09Z,2025-03-14,6fd6e5e5582b9055ad821d8577f53dd8_2.5
6fd6e5e5582b9055ad821d8577f53dd8,Bologna,Lazio,2025-03-16T14:00:00Z,soccer_italy_serie_a,Serie A,tipico_de,2.5,2.2,1.65,2025-03-14T11:55:12Z,2025-03-14,6fd6e5e5582b9055ad821d8577f53dd8_2.5
6fd6e5e5582b9055ad821d8577f53dd8,Bologna,Lazio,2025-03-16T14:00:00Z,soccer_italy_serie_a,Serie A,williamhill,2.5,2.2,1.62,2025-03-14T11:55:12Z,2025-03-14,6fd6e5e5582b9055ad821d8577f53dd8_2.5
6fd6e5e5582b9055ad821d8577f53dd8,Bologna,Lazio,2025-03-16T14:00:00Z,soccer_italy_serie_a,Serie A,bovada,2.25,1.93,1.89,2025-03-14T11:55:09Z,2025-03-14,6fd6e5e5582b9055ad821d8577f53dd8_2.25
6fd6e5e5582b9055ad821d8577f53dd8,Bologna,Lazio,2025-03-16T14:00:00Z,soccer_italy_serie_a,Serie A,nordicbet,2.5,2.15,1.7,2025-03-14T11:55:09Z,2025-03-14,6fd6e5e5582b9055ad821d8577f53dd8_2.5
6fd6e5e5582b9055ad821d8577f53dd8,Bologna,Lazio,2025-03-16T14:00:00Z,soccer_italy_serie_a,Serie A,betsson,2.5,2.15,1.7,2025-03-14T11:55:10Z,2025-03-14,6fd6e5e5582b9055ad821d8577f53dd8_2.5
6fd6e5e5582b9055ad821d8577f53dd8,Bologna,Lazio,2025-03-16T14:00:00Z,soccer_italy_serie_a,Serie A,pinnacle,2.25,1.95,1.93,2025-03-14T11:55:09Z,2025-03-14,6fd6e5e5582b9055ad821d8577f53dd8_2.25
6fd6e5e5582b9055ad821d8577f53dd8,Bologna,Lazio,2025-03-16T14:00:00Z,soccer_italy_serie_a,Serie A,betrivers,2.5,2.23,1.62,2025-03-14T11:55:11Z,2025-03-14,6fd6e5e5582b9055ad821d8577f53dd8_2.5
6fd6e5e5582b9055ad821d8577f53dd8,Bologna,Lazio,2025-03-16T14:00:00Z,soccer_italy_serie_a,Serie A,unibet_eu,2.5,2.23,1.62,2025-03-14T11:55:10Z,2025-03-14,6fd6e5e5582b9055ad821d8577f53dd8_2.5
6fd6e5e5582b9055ad821d8577f53dd8,Bologna,Lazio,2025-03-16T14:00:00Z,soccer_italy_serie_a,Serie A,playup,2.5,2.15,1.68,2025-03-14T11:53:38Z,2025-03-14,6fd6e5e5582b9055ad821d8577f53dd8_2.5
6fd6e5e5582b9055ad821d8577f53dd8,Bologna,Lazio,2025-03-16T14:00:00Z,soccer_italy_serie_a,Serie A,matchbook,2.5,2.3,1.74,2025-03-14T11:55:09Z,2025-03-14,6fd6e5e5582b9055ad821d8577f53dd8_2.5
6fd6e5e5582b9055ad821d8577f53dd8,Bologna,Lazio,2025-03-16T14:00:00Z,soccer_italy_serie_a,Serie A,betanysports,2.25,1.93,1.89,2025-03-14T11:55:10Z,2025-03-14,6fd6e5e5582b9055ad821d8577f53dd8_2.25
6fd6e5e5582b9055ad821d8577f53dd8,Bologna,Lazio,2025-03-16T14:00:00Z,soccer_italy_serie_a,Serie A,betus,2.5,2.25,1.69,2025-03-14T11:55:09Z,2025-03-14,6fd6e5e5582b9055ad821d8577f53dd8_2.5
6fd6e5e5582b9055ad821d8577f53dd8,Bologna,Lazio,2025-03-16T14:00:00Z,soccer_italy_serie_a,Serie A,lowvig,2.25,1.93,1.89,2025-03-14T11:55:09Z,2025-03-14,6fd6e5e5582b9055ad821d8577f53dd8_2.25
6fd6e5e5582b9055ad821d8577f53dd8,Bologna,Lazio,2025-03-16T14:00:00Z,soccer_italy_serie_a,Serie A,betonlineag,2.25,1.93,1.89,2025-03-14T11:53:37Z,2025-03-14,6fd6e5e5582b9055ad821d8577f53dd8_2.25
6fd6e5e5582b9055ad821d8577f53dd8,Bologna,Lazio,2025-03-16T14:00:00Z,soccer_italy_serie_a,Serie A,coolbet,2.5,2.21,1.7,2025-03-14T11:55:10Z,2025-03-14,6fd6e5e5582b9055ad821d8577f53dd8_2.5
ecc600c5167d6c116aaa433ea74d7bec,Nice,Auxerre,2025-03-14T19:45:00Z,soccer_france_ligue_one,Ligue 1,pinnacle,2.75,1.99,1.92,2025-03-14T11:55:00Z,2025-03-14,ecc600c5167d6c116aaa433ea74d7bec_2.75
ecc600c5167d6c116aaa433ea74d7bec,Nice,Auxerre,2025-03-14T19:45:00Z,soccer_france_ligue_one,Ligue 1,onexbet,2.5,1.81,2.17,2025-03-14T11:55:00Z,2025-03-14,ecc600c5167d6c116aaa433ea74d7bec_2.5
ecc600c5167d6c116aaa433ea74d7bec,Nice,Auxerre,2025-03-14T19:45:00Z,soccer_france_ligue_one,Ligue 1,tipico_de,2.5,1.7,2.1,2025-03-14T11:55:02Z,2025-03-14,ecc600c5167d6c116aaa433ea74d7bec_2.5
ecc600c5167d6c116aaa433ea74d7bec,Nice,Auxerre,2025-03-14T19:45:00Z,soccer_france_ligue_one,Ligue 1,bovada,2.75,1.91,1.91,2025-03-14T11:54:59Z,2025-03-14,ecc600c5167d6c116aaa433ea74d7bec_2.75
ecc600c5167d6c116aaa433ea74d7bec,Nice,Auxerre,2025-03-14T19:45:00Z,soccer_france_ligue_one,Ligue 1,williamhill,2.5,1.67,2.1,2025-03-14T11:55:00Z,2025-03-14,ecc600c5167d6c116aaa433ea74d7bec_2.5
ecc600c5167d6c116aaa433ea74d7bec,Nice,Auxerre,2025-03-14T19:45:00Z,soccer_france_ligue_one,Ligue 1,betsson,2.5,1.75,2.1,2025-03-14T11:55:01Z,2025-03-14,ecc600c5167d6c116aaa433ea74d7bec_2.5
ecc600c5167d6c116aaa433ea74d7bec,Nice,Auxerre,2025-03-14T19:45:00Z,soccer_france_ligue_one,Ligue 1,nordicbet,2.5,1.75,2.1,2025-03-14T11:55:02Z,2025-03-14,ecc600c5167d6c116aaa433ea74d7bec_2.5
ecc600c5167d6c116aaa433ea74d7bec,Nice,Auxerre,2025-03-14T19:45:00Z,soccer_france_ligue_one,Ligue 1,betrivers,2.5,1.67,2.2,2025-03-14T11:55:00Z,2025-03-14,ecc600c5167d6c116aaa433ea74d7bec_2.5
ecc600c5167d6c116aaa433ea74d7bec,Nice,Auxerre,2025-03-14T19:45:00Z,soccer_france_ligue_one,Ligue 1,unibet_eu,2.5,1.67,2.2,2025-03-14T11:55:01Z,2025-03-14,ecc600c5167d6c116aaa433ea74d7bec_2.5
ecc600c5167d6c116aaa433ea74d7bec,Nice,Auxerre,2025-03-14T19:45:00Z,soccer_france_ligue_one,Ligue 1,unibet,2.5,1.67,2.2,2025-03-14T11:55:00Z,2025-03-14,ecc600c5167d6c116aaa433ea74d7bec_2.5
ecc600c5167d6c116aaa433ea74d7bec,Nice,Auxerre,2025-03-14T19:45:00Z,soccer_france_ligue_one,Ligue 1,betus,2.75,1.87,1.92,2025-03-14T11:55:00Z,2025-03-14,ecc600c5167d6c116aaa433ea74d7bec_2.75
ecc600c5167d6c116aaa433ea74d7bec,Nice,Auxerre,2025-03-14T19:45:00Z,soccer_france_ligue_one,Ligue 1,lowvig,2.75,1.91,1.91,2025-03-14T11:55:00Z,2025-03-14,ecc600c5167d6c116aaa433ea74d7bec_2.75
ecc600c5167d6c116aaa433ea74d7bec,Nice,Auxerre,2025-03-14T19:45:00Z,soccer_france_ligue_one,Ligue 1,betonlineag,2.75,1.91,1.91,2025-03-14T11:53:28Z,2025-03-14,ecc600c5167d6c116aaa433ea74d7bec_2.75
ecc600c5167d6c116aaa433ea74d7bec,Nice,Auxerre,2025-03-14T19:45:00Z,soccer_france_ligue_one,Ligue 1,coolbet,2.5,1.77,2.11,2025-03-14T11:55:02Z,2025-03-14,ecc600c5167d6c116aaa433ea74d7bec_2.5
ecc600c5167d6c116aaa433ea74d7bec,Nice,Auxerre,2025-03-14T19:45:00Z,soccer_france_ligue_one,Ligue 1,matchbook,2.5,1.8,2.24,2025-03-14T11:55:00Z,2025-03-14,ecc600c5167d6c116aaa433ea74d7bec_2.5
23860a2ae8861bf757d11311829e7338,Nantes,Lille,2025-03-15T16:00:00Z,soccer_france_ligue_one,Ligue 1,pinnacle,2.25,1.87,2.03,2025-03-14T11:55:00Z,2025-03-14,23860a2ae8861bf757d11311829e7338_2.25
23860a2ae8861bf757d11311829e7338,Nantes,Lille,2025-03-15T16:00:00Z,soccer_france_ligue_one,Ligue 1,onexbet,2.5,2.15,1.82,2025-03-14T11:55:00Z,2025-03-14,23860a2ae8861bf757d11311829e7338_2.5
23860a2ae8861bf757d11311829e7338,Nantes,Lille,2025-03-15T16:00:00Z,soccer_france_ligue_one,Ligue 1,tipico_de,2.5,2.05,1.75,2025-03-14T11:55:02Z,2025-03-14,23860a2ae8861bf757d11311829e7338_2.5
23860a2ae8861bf757d11311829e7338,Nantes,Lille,2025-03-15T16:00:00Z,soccer_france_ligue_one,Ligue 1,bovada,2.25,1.83,2.0,2025-03-14T11:54:59Z,2025-03-14,23860a2ae8861bf757d11311829e7338_2.25
23860a2ae8861bf757d11311829e7338,Nantes,Lille,2025-03-15T16:00:00Z,soccer_france_ligue_one,Ligue 1,williamhill,2.5,2.05,1.73,2025-03-14T11:55:00Z,2025-03-14,23860a2ae8861bf757d11311829e7338_2.5
23860a2ae8861bf757d11311829e7338,Nantes,Lille,2025-03-15T16:00:00Z,soccer_france_ligue_one,Ligue 1,betsson,2.5,2.1,1.75,2025-03-14T11:55:01Z,2025-03-14,23860a2ae8861bf757d11311829e7338_2.5
23860a2ae8861bf757d11311829e7338,Nantes,Lille,2025-03-15T16:00:00Z,soccer_france_ligue_one,Ligue 1,nordicbet,2.5,2.1,1.75,2025-03-14T11:55:02Z,2025-03-14,23860a2ae8861bf757d11311829e7338_2.5
23860a2ae8861bf757d11311829e7338,Nantes,Lille,2025-03-15T16:00:00Z,soccer_france_ligue_one,Ligue 1,betrivers,2.5,2.12,1.72,2025-03-14T11:55:00Z,2025-03-14,23860a2ae8861bf757d11311829e7338_2.5
23860a2ae8861bf757d11311829e7338,Nantes,Lille,2025-03-15T16:00:00Z,soccer_france_ligue_one,Ligue 1,unibet,2.5,2.12,1.72,2025-03-14T11:55:00Z,2025-03-14,23860a2ae8861bf757d11311829e7338_2.5
23860a2ae8861bf757d11311829e7338,Nantes,Lille,2025-03-15T16:00:00Z,soccer_france_ligue_one,Ligue 1,unibet_eu,2.5,2.12,1.72,2025-03-14T11:55:01Z,2025-03-14,23860a2ae8861bf757d11311829e7338_2.5
23860a2ae8861bf757d11311829e7338,Nantes,Lille,2025-03-15T16:00:00Z,soccer_france_ligue_one,Ligue 1,coolbet,2.5,2.08,1.76,2025-03-14T11:55:02Z,2025-03-14,23860a2ae8861bf757d11311829e7338_2.5
23860a2ae8861bf757d11311829e7338,Nantes,Lille,2025-03-15T16:00:00Z,soccer_france_ligue_one,Ligue 1,betonlineag,2.25,1.83,2.0,2025-03-14T11:53:28Z,2025-03-14,23860a2ae8861bf757d11311829e7338_2.25
23860a2ae8861bf757d11311829e7338,Nantes,Lille,2025-03-15T16:00:00Z,soccer_france_ligue_one,Ligue 1,lowvig,2.25,1.83,2.0,2025-03-14T11:55:00Z,2025-03-14,23860a2ae8861bf757d11311829e7338_2.25
23860a2ae8861bf757d11311829e7338,Nantes,Lille,2025-03-15T16:00:00Z,soccer_france_ligue_one,Ligue 1,betus,2.5,2.0,1.77,2025-03-14T11:55:00Z,2025-03-14,23860a2ae8861bf757d11311829e7338_2.5
23860a2ae8861bf757d11311829e7338,Nantes,Lille,2025-03-15T16:00:00Z,soccer_france_ligue_one,Ligue 1,matchbook,2.5,2.14,1.81,2025-03-14T11:55:00Z,2025-03-14,23860a2ae8861bf757d11311829e7338_2.5
b97ba1c169985ba2f8043d67457868e2,Angers,AS Monaco,2025-03-15T18:00:00Z,soccer_france_ligue_one,Ligue 1,pinnacle,3.0,1.85,2.04,2025-03-14T11:55:00Z,2025-03-14,b97ba1c169985ba2f8043d67457868e2_3.0
b97ba1c169985ba2f8043d67457868e2,Angers,AS Monaco,2025-03-15T18:00:00Z,soccer_france_ligue_one,Ligue 1,onexbet,3.5,2.38,1.68,2025-03-14T11:55:00Z,2025-03-14,b97ba1c169985ba2f8043d67457868e2_3.5
b97ba1c169985ba2f8043d67457868e2,Angers,AS Monaco,2025-03-15T18:00:00Z,soccer_france_ligue_one,Ligue 1,tipico_de,3.5,2.15,1.65,2025-03-14T11:55:02Z,2025-03-14,b97ba1c169985ba2f8043d67457868e2_3.5
b97ba1c169985ba2f8043d67457868e2,Angers,AS Monaco,2025-03-15T18:00:00Z,soccer_france_ligue_one,Ligue 1,bovada,3.0,1.83,2.0,2025-03-14T11:54:59Z,2025-03-14,b97ba1c169985ba2f8043d67457868e2_3.0
b97ba1c169985ba2f8043d67457868e2,Angers,AS Monaco,2025-03-15T18:00:00Z,soccer_france_ligue_one,Ligue 1,williamhill,2.5,1.5,2.5,2025-03-14T11:55:00Z,2025-03-14,b97ba1c169985ba2f8043d67457868e2_2.5
b97ba1c169985ba2f8043d67457868e2,Angers,AS Monaco,2025-03-15T18:00:00Z,soccer_france_ligue_one,Ligue 1,betsson,3.5,2.3,1.62,2025-03-14T11:55:01Z,2025-03-14,b97ba1c169985ba2f8043d67457868e2_3.5
b97ba1c169985ba2f8043d67457868e2,Angers,AS Monaco,2025-03-15T18:00:00Z,soccer_france_ligue_one,Ligue 1,nordicbet,3.5,2.3,1.62,2025-03-14T11:55:02Z,2025-03-14,b97ba1c169985ba2f8043d67457868e2_3.5
b97ba1c169985ba2f8043d67457868e2,Angers,AS Monaco,2025-03-15T18:00:00Z,soccer_france_ligue_one,Ligue 1,betrivers,3.5,2.35,1.6,2025-03-14T11:55:00Z,2025-03-14,b97ba1c169985ba2f8043d67457868e2_3.5
b97ba1c169985ba2f8043d67457868e2,Angers,AS Monaco,2025-03-15T18:00:00Z,soccer_france_ligue_one,Ligue 1,unibet_eu,2.5,1.5,2.55,2025-03-14T11:55:01Z,2025-03-14,b97ba1c169985ba2f8043d67457868e2_2.5
b97ba1c169985ba2f8043d67457868e2,Angers,AS Monaco,2025-03-15T18:00:00Z,soccer_france_ligue_one,Ligue 1,unibet,2.5,1.5,2.55,2025-03-14T11:55:00Z,2025-03-14,b97ba1c169985ba2f8043d67457868e2_2.5
b97ba1c169985ba2f8043d67457868e2,Angers,AS Monaco,2025-03-15T18:00:00Z,soccer_france_ligue_one,Ligue 1,coolbet,3.0,1.8,2.02,2025-03-14T11:55:02Z,2025-03-14,b97ba1c169985ba2f8043d67457868e2_3.0
b97ba1c169985ba2f8043d67457868e2,Angers,AS Monaco,2025-03-15T18:00:00Z,soccer_france_ligue_one,Ligue 1,matchbook,3.5,2.44,1.66,2025-03-14T11:55:00Z,2025-03-14,b97ba1c169985ba2f8043d67457868e2_3.5
b97ba1c169985ba2f8043d67457868e2,Angers,AS Monaco,2025-03-15T18:00:00Z,soccer_france_ligue_one,Ligue 1,lowvig,3.0,1.82,2.02,2025-03-14T11:55:00Z,2025-03-14,b97ba1c169985ba2f8043d67457868e2_3.0
b97ba1c169985ba2f8043d67457868e2,Angers,AS Monaco,2025-03-15T18:00:00Z,soccer_france_ligue_one,Ligue 1,betonlineag,3.0,1.82,2.02,2025-03-14T11:53:28Z,2025-03-14,b97ba1c169985ba2f8043d67457868e2_3.0
b97ba1c169985ba2f8043d67457868e2,Angers,AS Monaco,2025-03-15T18:00:00Z,soccer_france_ligue_one,Ligue 1,betus,3.0,1.83,1.91,2025-03-14T11:55:00Z,2025-03-14,b97ba1c169985ba2f8043d67457868e2_3.0
6b728c81ead16eb588c95454ec1de9d0,RC Lens,Rennes,2025-03-15T20:05:00Z,soccer_france_ligue_one,Ligue 1,pinnacle,2.5,1.94,1.94,2025-03-14T11:55:00Z,2025-03-14,6b728c81ead16eb588c95454ec1de9d0_2.5
6b728c81ead16eb588c95454ec1de9d0,RC Lens,Rennes,2025-03-15T20:05:00Z,soccer_france_ligue_one,Ligue 1,onexbet,2.5,1.98,1.96,2025-03-14T11:55:00Z,2025-03-14,6b728c81ead16eb588c95454ec1de9d0_2.5
6b728c81ead16eb588c95454ec1de9d0,RC Lens,Rennes,2025-03-15T20:05:00Z,soccer_france_ligue_one,Ligue 1,tipico_de,2.5,1.87,1.87,2025-03-14T11:55:02Z,2025-03-14,6b728c81ead16eb588c95454ec1de9d0_2.5
6b728c81ead16eb588c95454ec1de9d0,RC Lens,Rennes,2025-03-15T20:05:00Z,soccer_france_ligue_one,Ligue 1,bovada,2.5,1.93,1.89,2025-03-14T11:54:59Z,2025-03-14,6b728c81ead16eb588c95454ec1de9d0_2.5
6b728c81ead16eb588c95454ec1de9d0,RC Lens,Rennes,2025-03-15T20:05:00Z,soccer_france_ligue_one,Ligue 1,williamhill,2.5,1.85,1.85,2025-03-14T11:55:00Z,2025-03-14,6b728c81ead16eb588c95454ec1de9d0_2.5
6b728c81ead16eb588c95454ec1de9d0,RC Lens,Rennes,2025-03-15T20:05:00Z,soccer_france_ligue_one,Ligue 1,betsson,2.5,1.92,1.88,2025-03-14T11:55:01Z,2025-03-14,6b728c81ead16eb588c95454ec1de9d0_2.5
6b728c81ead16eb588c95454ec1de9d0,RC Lens,Rennes,2025-03-15T20:05:00Z,soccer_france_ligue_one,Ligue 1,nordicbet,2.5,1.92,1.88,2025-03-14T11:55:02Z,2025-03-14,6b728c81ead16eb588c95454ec1de9d0_2.5
6b728c81ead16eb588c95454ec1de9d0,RC Lens,Rennes,2025-03-15T20:05:00Z,soccer_france_ligue_one,Ligue 1,unibet,2.5,1.91,1.9,2025-03-14T11:55:00Z,2025-03-14,6b728c81ead16eb588c95454ec1de9d0_2.5
6b728c81ead16eb588c95454ec1de9d0,RC Lens,Rennes,2025-03-15T20:05:00Z,soccer_france_ligue_one,Ligue 1,betrivers,2.5,1.91,1.89,2025-03-14T11:55:00Z,2025-03-14,6b728c81ead16eb588c95454ec1de9d0_2.5
6b728c81ead16eb588c95454ec1de9d0,RC Lens,Rennes,2025-03-15T20:05:00Z,soccer_france_ligue_one,Ligue 1,unibet_eu,2.5,1.91,1.89,2025-03-14T11:55:01Z,2025-03-14,6b728c81ead16eb588c95454ec1de9d0_2.5
6b728c81ead16eb588c95454ec1de9d0,RC Lens,Rennes,2025-03-15T20:05:00Z,soccer_france_ligue_one,Ligue 1,coolbet,2.5,1.92,1.92,2025-03-14T11:55:02Z,2025-03-14,6b728c81ead16eb588c95454ec1de9d0_2.5
6b728c81ead16eb588c95454ec1de9d0,RC Lens,Rennes,2025-03-15T20:05:00Z,soccer_france_ligue_one,Ligue 1,betonlineag,2.5,1.91,1.91,2025-03-14T11:53:28Z,2025-03-14,6b728c81ead16eb588c95454ec1de9d0_2.5
6b728c81ead16eb588c95454ec1de9d0,RC Lens,Rennes,2025-03-15T20:05:00Z,soccer_france_ligue_one,Ligue 1,lowvig,2.5,1.91,1.91,2025-03-14T11:55:00Z,2025-03-14,6b728c81ead16eb588c95454ec1de9d0_2.5
6b728c81ead16eb588c95454ec1de9d0,RC Lens,Rennes,2025-03-15T20:05:00Z,soccer_france_ligue_one,Ligue 1,matchbook,2.5,1.99,1.94,2025-03-14T11:55:00Z,2025-03-14,6b728c81ead16eb588c95454ec1de9d0_2.5
6b728c81ead16eb588c95454ec1de9d0,RC Lens,Rennes,2025-03-15T20:05:00Z,soccer_france_ligue_one,Ligue 1,betus,2.5,1.87,1.89,2025-03-14T11:55:00Z,2025-03-14,6b728c81ead16eb588c95454ec1de9d0_2.5
3ec4e3cf8bbd9206d456e7466dc77a7b,Lyon,Le Havre,2025-03-16T14:00:00Z,soccer_france_ligue_one,Ligue 1,pinnacle,3.0,1.91,1.98,2025-03-14T11:55:00Z,2025-03-14,3ec4e3cf8bbd9206d456e7466dc77a7b_3.0
3ec4e3cf8bbd9206d456e7466dc77a7b,Lyon,Le Havre,2025-03-16T14:00:00Z,soccer_france_ligue_one,Ligue 1,onexbet,3.5,2.42,1.66,2025-03-14T11:55:00Z,2025-03-14,3ec4e3cf8bbd9206d456e7466dc77a7b_3.5
3ec4e3cf8bbd9206d456e7466dc77a7b,Lyon,Le Havre,2025-03-16T14:00:00Z,soccer_france_ligue_one,Ligue 1,tipico_de,3.5,2.2,1.6,2025-03-14T11:55:02Z,2025-03-14,3ec4e3cf8bbd9206d456e7466dc77a7b_3.5
3ec4e3cf8bbd9206d456e7466dc77a7b,Lyon,Le Havre,2025-03-16T14:00:00Z,soccer_france_ligue_one,Ligue 1,bovada,3.0,1.85,1.98,2025-03-14T11:54:59Z,2025-03-14,3ec4e3cf8bbd9206d456e7466dc77a7b_3.0
3ec4e3cf8bbd9206d456e7466dc77a7b,Lyon,Le Havre,2025-03-16T14:00:00Z,soccer_france_ligue_one,Ligue 1,williamhill,2.5,1.5,2.5,2025-03-14T11:55:00Z,2025-03-14,3ec4e3cf8bbd9206d456e7466dc77a7b_2.5
3ec4e3cf8bbd9206d456e7466dc77a7b,Lyon,Le Havre,2025-03-16T14:00:00Z,soccer_france_ligue_one,Ligue 1,betsson,3.5,2.4,1.58,2025-03-14T11:55:01Z,2025-03-14,3ec4e3cf8bbd9206d456e7466dc77a7b_3.5
3ec4e3cf8bbd9206d456e7466dc77a7b,Lyon,Le Havre,2025-03-16T14:00:00Z,soccer_france_ligue_one,Ligue 1,nordicbet,3.5,2.4,1.58,2025-03-14T11:55:02Z,2025-03-14,3ec4e3cf8bbd9206d456e7466dc77a7b_3.5
3ec4e3cf8bbd9206d456e7466dc77a7b,Lyon,Le Havre,2025-03-16T14:00:00Z,soccer_france_ligue_one,Ligue 1,unibet_eu,3.5,2.4,1.56,2025-03-14T11:55:01Z,2025-03-14,3ec4e3cf8bbd9206d456e7466dc77a7b_3.5
3ec4e3cf8bbd9206d456e7466dc77a7b,Lyon,Le Havre,2025-03-16T14:00:00Z,soccer_france_ligue_one,Ligue 1,betrivers,3.5,2.4,1.56,2025-03-14T11:55:00Z,2025-03-14,3ec4e3cf8bbd9206d456e7466dc77a7b_3.5
3ec4e3cf8bbd9206d456e7466dc77a7b,Lyon,Le Havre,2025-03-16T14:00:00Z,soccer_france_ligue_one,Ligue 1,unibet,3.5,2.4,1.57,2025-03-14T11:55:00Z,2025-03-14,3ec4e3cf8bbd9206d456e7466dc77a7b_3.5
3ec4e3cf8bbd9206d456e7466dc77a7b,Lyon,Le Havre,2025-03-16T14:00:00Z,soccer_france_ligue_one,Ligue 1,betonlineag,3.0,1.85,1.98,2025-03-14T11:53:28Z,2025-03-14,3ec4e3cf8bbd9206d456e7466dc77a7b_3.0
3ec4e3cf8bbd9206d456e7466dc77a7b,Lyon,Le Havre,2025-03-16T14:00:00Z,soccer_france_ligue_one,Ligue 1,lowvig,3.0,1.85,1.98,2025-03-14T11:55:00Z,2025-03-14,3ec4e3cf8bbd9206d456e7466dc77a7b_3.0
3ec4e3cf8bbd9206d456e7466dc77a7b,Lyon,Le Havre,2025-03-16T14:00:00Z,soccer_france_ligue_one,Ligue 1,coolbet,3.0,1.87,1.97,2025-03-14T11:55:02Z,2025-03-14,3ec4e3cf8bbd9206d456e7466dc77a7b_3.0
3ec4e3cf8bbd9206d456e7466dc77a7b,Lyon,Le Havre,2025-03-16T14:00:00Z,soccer_france_ligue_one,Ligue 1,betus,3.0,1.85,1.89,2025-03-14T11:55:00Z,2025-03-14,3ec4e3cf8bbd9206d456e7466dc77a7b_3.0
8ccfcbc388db02ade89d41c09a24a424,Bristol City,Norwich City,2025-03-14T20:00:00Z,soccer_efl_champ,Championship,onexbet,2.5,1.97,1.83,2025-03-14T11:54:46Z,2025-03-14,8ccfcbc388db02ade89d41c09a24a424_2.5
8ccfcbc388db02ade89d41c09a24a424,Bristol City,Norwich City,2025-03-14T20:00:00Z,soccer_efl_champ,Championship,williamhill,2.5,1.95,1.8,2025-03-14T11:54:48Z,2025-03-14,8ccfcbc388db02ade89d41c09a24a424_2.5
8ccfcbc388db02ade89d41c09a24a424,Bristol City,Norwich City,2025-03-14T20:00:00Z,soccer_efl_champ,Championship,nordicbet,2.5,2.0,1.83,2025-03-14T11:54:46Z,2025-03-14,8ccfcbc388db02ade89d41c09a24a424_2.5
8ccfcbc388db02ade89d41c09a24a424,Bristol City,Norwich City,2025-03-14T20:00:00Z,soccer_efl_champ,Championship,betsson,2.5,2.0,1.83,2025-03-14T11:54:47Z,2025-03-14,8ccfcbc388db02ade89d41c09a24a424_2.5
8ccfcbc388db02ade89d41c09a24a424,Bristol City,Norwich City,2025-03-14T20:00:00Z,soccer_efl_champ,Championship,bovada,2.5,1.95,1.87,2025-03-14T11:54:45Z,2025-03-14,8ccfcbc388db02ade89d41c09a24a424_2.5
8ccfcbc388db02ade89d41c09a24a424,Bristol City,Norwich City,2025-03-14T20:00:00Z,soccer_efl_champ,Championship,coolbet,2.5,1.98,1.8,2025-03-14T11:54:47Z,2025-03-14,8ccfcbc388db02ade89d41c09a24a424_2.5
8ccfcbc388db02ade89d41c09a24a424,Bristol City,Norwich City,2025-03-14T20:00:00Z,soccer_efl_champ,Championship,matchbook,2.5,2.06,1.93,2025-03-14T11:54:46Z,2025-03-14,8ccfcbc388db02ade89d41c09a24a424_2.5
8ccfcbc388db02ade89d41c09a24a424,Bristol City,Norwich City,2025-03-14T20:00:00Z,soccer_efl_champ,Championship,betus,2.5,1.89,1.85,2025-03-14T11:54:46Z,2025-03-14,8ccfcbc388db02ade89d41c09a24a424_2.5
8ccfcbc388db02ade89d41c09a24a424,Bristol City,Norwich City,2025-03-14T20:00:00Z,soccer_efl_champ,Championship,betrivers,2.5,1.96,1.8,2025-03-14T11:54:46Z,2025-03-14,8ccfcbc388db02ade89d41c09a24a424_2.5
8ccfcbc388db02ade89d41c09a24a424,Bristol City,Norwich City,2025-03-14T20:00:00Z,soccer_efl_champ,Championship,unibet,2.5,1.97,1.8,2025-03-14T11:54:46Z,2025-03-14,8ccfcbc388db02ade89d41c09a24a424_2.5
8ccfcbc388db02ade89d41c09a24a424,Bristol City,Norwich City,2025-03-14T20:00:00Z,soccer_efl_champ,Championship,unibet_eu,2.5,1.96,1.8,2025-03-14T11:54:46Z,2025-03-14,8ccfcbc388db02ade89d41c09a24a424_2.5
8ccfcbc388db02ade89d41c09a24a424,Bristol City,Norwich City,2025-03-14T20:00:00Z,soccer_efl_champ,Championship,pinnacle,2.5,2.03,1.86,2025-03-14T11:54:46Z,2025-03-14,8ccfcbc388db02ade89d41c09a24a424_2.5
8ccfcbc388db02ade89d41c09a24a424,Bristol City,Norwich City,2025-03-14T20:00:00Z,soccer_efl_champ,Championship,tipico_de,2.5,1.9,1.8,2025-03-14T11:54:49Z,2025-03-14,8ccfcbc388db02ade89d41c09a24a424_2.5
8ccfcbc388db02ade89d41c09a24a424,Bristol City,Norwich City,2025-03-14T20:00:00Z,soccer_efl_champ,Championship,betonlineag,2.5,1.95,1.87,2025-03-14T11:53:14Z,2025-03-14,8ccfcbc388db02ade89d41c09a24a424_2.5
8ccfcbc388db02ade89d41c09a24a424,Bristol City,Norwich City,2025-03-14T20:00:00Z,soccer_efl_champ,Championship,lowvig,2.5,1.95,1.87,2025-03-14T11:54:46Z,2025-03-14,8ccfcbc388db02ade89d41c09a24a424_2.5
639db4f0922d0f082a3043bb9b1a01c0,Queens Park Rangers,Leeds United,2025-03-15T12:30:00Z,soccer_efl_champ,Championship,onexbet,2.5,1.97,1.83,2025-03-14T11:54:46Z,2025-03-14,639db4f0922d0f082a3043bb9b1a01c0_2.5
639db4f0922d0f082a3043bb9b1a01c0,Queens Park Rangers,Leeds United,2025-03-15T12:30:00Z,soccer_efl_champ,Championship,nordicbet,2.5,1.96,1.85,2025-03-14T11:54:46Z,2025-03-14,639db4f0922d0f082a3043bb9b1a01c0_2.5
639db4f0922d0f082a3043bb9b1a01c0,Queens Park Rangers,Leeds United,2025-03-15T12:30:00Z,soccer_efl_champ,Championship,betsson,2.5,1.96,1.85,2025-03-14T11:54:47Z,2025-03-14,639db4f0922d0f082a3043bb9b1a01c0_2.5
639db4f0922d0f082a3043bb9b1a01c0,Queens Park Rangers,Leeds United,2025-03-15T12:30:00Z,soccer_efl_champ,Championship,bovada,2.5,1.98,1.85,2025-03-14T11:54:45Z,2025-03-14,639db4f0922d0f082a3043bb9b1a01c0_2.5
639db4f0922d0f082a3043bb9b1a01c0,Queens Park Rangers,Leeds United,2025-03-15T12:30:00Z,soccer_efl_champ,Championship,coolbet,2.5,1.98,1.8,2025-03-14T11:54:47Z,2025-03-14,639db4f0922d0f082a3043bb9b1a01c0_2.5
639db4f0922d0f082a3043bb9b1a01c0,Queens Park Rangers,Leeds United,2025-03-15T12:30:00Z,soccer_efl_champ,Championship,matchbook,2.5,2.04,1.92,2025-03-14T11:54:46Z,2025-03-14,639db4f0922d0f082a3043bb9b1a01c0_2.5
639db4f0922d0f082a3043bb9b1a01c0,Queens Park Rangers,Leeds United,2025-03-15T12:30:00Z,soccer_efl_champ,Championship,unibet,2.5,1.87,1.89,2025-03-14T11:54:46Z,2025-03-14,639db4f0922d0f082a3043bb9b1a01c0_2.5
639db4f0922d0f082a3043bb9b1a01c0,Queens Park Rangers,Leeds United,2025-03-15T12:30:00Z,soccer_efl_champ,Championship,betrivers,2.5,1.87,1.88,2025-03-14T11:54:46Z,2025-03-14,639db4f0922d0f082a3043bb9b1a01c0_2.5
639db4f0922d0f082a3043bb9b1a01c0,Queens Park Rangers,Leeds United,2025-03-15T12:30:00Z,soccer_efl_champ,Championship,unibet_eu,2.5,1.87,1.88,2025-03-14T11:54:46Z,2025-03-14,639db4f0922d0f082a3043bb9b1a01c0_2.5
639db4f0922d0f082a3043bb9b1a01c0,Queens Park Rangers,Leeds United,2025-03-15T12:30:00Z,soccer_efl_champ,Championship,betus,2.5,1.89,1.85,2025-03-14T11:54:46Z,2025-03-14,639db4f0922d0f082a3043bb9b1a01c0_2.5
639db4f0922d0f082a3043bb9b1a01c0,Queens Park Rangers,Leeds United,2025-03-15T12:30:00Z,soccer_efl_champ,Championship,pinnacle,2.5,2.02,1.84,2025-03-14T11:54:46Z,2025-03-14,639db4f0922d0f082a3043bb9b1a01c0_2.5
639db4f0922d0f082a3043bb9b1a01c0,Queens Park Rangers,Leeds United,2025-03-15T12:30:00Z,soccer_efl_champ,Championship,tipico_de,2.5,1.9,1.8,2025-03-14T11:54:49Z,2025-03-14,639db4f0922d0f082a3043bb9b1a01c0_2.5
639db4f0922d0f082a3043bb9b1a01c0,Queens Park Rangers,Leeds United,2025-03-15T12:30:00Z,soccer_efl_champ,Championship,betonlineag,2.5,1.94,1.88,2025-03-14T11:53:14Z,2025-03-14,639db4f0922d0f082a3043bb9b1a01c0_2.5
639db4f0922d0f082a3043bb9b1a01c0,Queens Park Rangers,Leeds United,2025-03-15T12:30:00Z,soccer_efl_champ,Championship,lowvig,2.5,1.94,1.88,2025-03-14T11:54:46Z,2025-03-14,639db4f0922d0f082a3043bb9b1a01c0_2.5
639db4f0922d0f082a3043bb9b1a01c0,Queens Park Rangers,Leeds United,2025-03-15T12:30:00Z,soccer_efl_champ,Championship,williamhill,2.5,1.95,1.8,2025-03-14T11:54:48Z,2025-03-14,639db4f0922d0f082a3043bb9b1a01c0_2.5
4fd59a16c345eb1055c277e488040807,Millwall,Stoke City,2025-03-15T12:30:00Z,soccer_efl_champ,Championship,onexbet,2.5,2.58,1.5,2025-03-14T11:54:46Z,2025-03-14,4fd59a16c345eb1055c277e488040807_2.5
4fd59a16c345eb1055c277e488040807,Millwall,Stoke City,2025-03-15T12:30:00Z,soccer_efl_champ,Championship,williamhill,2.5,2.45,1.5,2025-03-14T11:54:48Z,2025-03-14,4fd59a16c345eb1055c277e488040807_2.5
4fd59a16c345eb1055c277e488040807,Millwall,Stoke City,2025-03-15T12:30:00Z,soccer_efl_champ,Championship,nordicbet,1.5,1.53,2.55,2025-03-14T11:54:46Z,2025-03-14,4fd59a16c345eb1055c277e488040807_1.5
4fd59a16c345eb1055c277e488040807,Millwall,Stoke City,2025-03-15T12:30:00Z,soccer_efl_champ,Championship,betsson,1.5,1.53,2.55,2025-03-14T11:54:47Z,2025-03-14,4fd59a16c345eb1055c277e488040807_1.5
4fd59a16c345eb1055c277e488040807,Millwall,Stoke City,2025-03-15T12:30:00Z,soccer_efl_champ,Championship,bovada,2.0,1.91,1.91,2025-03-14T11:54:45Z,2025-03-14,4fd59a16c345eb1055c277e488040807_2.0
4fd59a16c345eb1055c277e488040807,Millwall,Stoke City,2025-03-15T12:30:00Z,soccer_efl_champ,Championship,coolbet,2.0,1.89,1.89,2025-03-14T11:54:47Z,2025-03-14,4fd59a16c345eb1055c277e488040807_2.0
4fd59a16c345eb1055c277e488040807,Millwall,Stoke City,2025-03-15T12:30:00Z,soccer_efl_champ,Championship,betrivers,2.5,2.43,1.54,2025-03-14T11:54:46Z,2025-03-14,4fd59a16c345eb1055c277e488040807_2.5
4fd59a16c345eb1055c277e488040807,Millwall,Stoke City,2025-03-15T12:30:00Z,soccer_efl_champ,Championship,unibet_eu,2.5,2.43,1.54,2025-03-14T11:54:46Z,2025-03-14,4fd59a16c345eb1055c277e488040807_2.5
4fd59a16c345eb1055c277e488040807,Millwall,Stoke City,2025-03-15T12:30:00Z,soccer_efl_champ,Championship,unibet,2.5,2.43,1.54,2025-03-14T11:54:46Z,2025-03-14,4fd59a16c345eb1055c277e488040807_2.5
4fd59a16c345eb1055c277e488040807,Millwall,Stoke City,2025-03-15T12:30:00Z,soccer_efl_champ,Championship,betus,2.0,1.87,1.87,2025-03-14T11:54:46Z,2025-03-14,4fd59a16c345eb1055c277e488040807_2.0
4fd59a16c345eb1055c277e488040807,Millwall,Stoke City,2025-03-15T12:30:00Z,soccer_efl_champ,Championship,pinnacle,2.0,1.94,1.91,2025-03-14T11:54:46Z,2025-03-14,4fd59a16c345eb1055c277e488040807_2.0
4fd59a16c345eb1055c277e488040807,Millwall,Stoke City,2025-03-15T12:30:00Z,soccer_efl_champ,Championship,tipico_de,2.5,2.4,1.5,2025-03-14T11:54:49Z,2025-03-14,4fd59a16c345eb1055c277e488040807_2.5
4fd59a16c345eb1055c277e488040807,Millwall,Stoke City,2025-03-15T12:30:00Z,soccer_efl_champ,Championship,betonlineag,2.0,1.94,1.88,2025-03-14T11:53:14Z,2025-03-14,4fd59a16c345eb1055c277e488040807_2.0
4fd59a16c345eb1055c277e488040807,Millwall,Stoke City,2025-03-15T12:30:00Z,soccer_efl_champ,Championship,lowvig,2.0,1.94,1.88,2025-03-14T11:54:46Z,2025-03-14,4fd59a16c345eb1055c277e488040807_2.0
11e63439771bd9e7665aabfeaf9d6e1f,Blackburn Rovers,Cardiff City,2025-03-15T15:00:00Z,soccer_efl_champ,Championship,onexbet,2.5,2.18,1.68,2025-03-14T11:54:46Z,2025-03-14,11e63439771bd9e7665aabfeaf9d6e1f_2.5
11e63439771bd9e7665aabfeaf9d6e1f,Blackburn Rovers,Cardiff City,2025-03-15T15:00:00Z,soccer_efl_champ,Championship,nordicbet,2.5,2.15,1.7,2025-03-14T11:54:46Z,2025-03-14,11e63439771bd9e7665aabfeaf9d6e1f_2.5
11e63439771bd9e7665aabfeaf9d6e1f,Blackburn Rovers,Cardiff City,2025-03-15T15:00:00Z,soccer_efl_champ,Championship,betsson,2.5,2.15,1.7,2025-03-14T11:54:47Z,2025-03-14,11e63439771bd9e7665aabfeaf9d6e1f_2.5
11e63439771bd9e7665aabfeaf9d6e1f,Blackburn Rovers,Cardiff City,2025-03-15T15:00:00Z,soccer_efl_champ,Championship,bovada,2.25,1.91,1.91,2025-03-14T11:54:45Z,2025-03-14,11e63439771bd9e7665aabfeaf9d6e1f_2.25
11e63439771bd9e7665aabfeaf9d6e1f,Blackburn Rovers,Cardiff City,2025-03-15T15:00:00Z,soccer_efl_champ,Championship,coolbet,2.5,2.12,1.7,2025-03-14T11:54:47Z,2025-03-14,11e63439771bd9e7665aabfeaf9d6e1f_2.5
11e63439771bd9e7665aabfeaf9d6e1f,Blackburn Rovers,Cardiff City,2025-03-15T15:00:00Z,soccer_efl_champ,Championship,unibet,2.5,2.07,1.72,2025-03-14T11:54:46Z,2025-03-14,11e63439771bd9e7665aabfeaf9d6e1f_2.5
11e63439771bd9e7665aabfeaf9d6e1f,Blackburn Rovers,Cardiff City,2025-03-15T15:00:00Z,soccer_efl_champ,Championship,unibet_eu,2.5,2.07,1.72,2025-03-14T11:54:46Z,2025-03-14,11e63439771bd9e7665aabfeaf9d6e1f_2.5
11e63439771bd9e7665aabfeaf9d6e1f,Blackburn Rovers,Cardiff City,2025-03-15T15:00:00Z,soccer_efl_champ,Championship,betrivers,2.5,2.07,1.72,2025-03-14T11:54:46Z,2025-03-14,11e63439771bd9e7665aabfeaf9d6e1f_2.5
11e63439771bd9e7665aabfeaf9d6e1f,Blackburn Rovers,Cardiff City,2025-03-15T15:00:00Z,soccer_efl_champ,Championship,betus,2.25,1.87,1.87,2025-03-14T11:54:46Z,2025-03-14,11e63439771bd9e7665aabfeaf9d6e1f_2.25
11e63439771bd9e7665aabfeaf9d6e1f,Blackburn Rovers,Cardiff City,2025-03-15T15:00:00Z,soccer_efl_champ,Championship,matchbook,2.5,2.18,1.67,2025-03-14T11:54:46Z,2025-03-14,11e63439771bd9e7665aabfeaf9d6e1f_2.5
11e63439771bd9e7665aabfeaf9d6e1f,Blackburn Rovers,Cardiff City,2025-03-15T15:00:00Z,soccer_efl_champ,Championship,pinnacle,2.25,1.94,1.91,2025-03-14T11:54:46Z,2025-03-14,11e63439771bd9e7665aabfeaf9d6e1f_2.25
11e63439771bd9e7665aabfeaf9d6e1f,Blackburn Rovers,Cardiff City,2025-03-15T15:00:00Z,soccer_efl_champ,Championship,tipico_de,2.5,2.05,1.67,2025-03-14T11:54:49Z,2025-03-14,11e63439771bd9e7665aabfeaf9d6e1f_2.5
11e63439771bd9e7665aabfeaf9d6e1f,Blackburn Rovers,Cardiff City,2025-03-15T15:00:00Z,soccer_efl_champ,Championship,betonlineag,2.25,1.89,1.93,2025-03-14T11:53:14Z,2025-03-14,11e63439771bd9e7665aabfeaf9d6e1f_2.25
11e63439771bd9e7665aabfeaf9d6e1f,Blackburn Rovers,Cardiff City,2025-03-15T15:00:00Z,soccer_efl_champ,Championship,lowvig,2.25,1.89,1.93,2025-03-14T11:54:46Z,2025-03-14,11e63439771bd9e7665aabfeaf9d6e1f_2.25
16fd7f24ae9a1a265b4a5585c9820cfe,Swansea City,Burnley,2025-03-15T15:00:00Z,soccer_efl_champ,Championship,onexbet,2.5,2.44,1.46,2025-03-14T11:54:46Z,2025-03-14,16fd7f24ae9a1a265b4a5585c9820cfe_2.5
16fd7f24ae9a1a265b4a5585c9820cfe,Swansea City,Burnley,2025-03-15T15:00:00Z,soccer_efl_champ,Championship,williamhill,2.5,2.5,1.44,2025-03-14T11:54:48Z,2025-03-14,16fd7f24ae9a1a265b4a5585c9820cfe_2.5
16fd7f24ae9a1a265b4a5585c9820cfe,Swansea City,Burnley,2025-03-15T15:00:00Z,soccer_efl_champ,Championship,nordicbet,2.5,2.5,1.53,2025-03-14T11:54:46Z,2025-03-14,16fd7f24ae9a1a265b4a5585c9820cfe_2.5
16fd7f24ae9a1a265b4a5585c9820cfe,Swansea City,Burnley,2025-03-15T15:00:00Z,soccer_efl_champ,Championship,betsson,2.5,2.5,1.53,2025-03-14T11:54:47Z,2025-03-14,16fd7f24ae9a1a265b4a5585c9820cfe_2.5
16fd7f24ae9a1a265b4a5585c9820cfe,Swansea City,Burnley,2025-03-15T15:00:00Z,soccer_efl_champ,Championship,bovada,2.0,1.91,1.91,2025-03-14T11:54:45Z,2025-03-14,16fd7f24ae9a1a265b4a5585c9820cfe_2.0
16fd7f24ae9a1a265b4a5585c9820cfe,Swansea City,Burnley,2025-03-15T15:00:00Z,soccer_efl_champ,Championship,coolbet,2.0,1.89,1.89,2025-03-14T11:54:47Z,2025-03-14,16fd7f24ae9a1a265b4a5585c9820cfe_2.0
16fd7f24ae9a1a265b4a5585c9820cfe,Swansea City,Burnley,2025-03-15T15:00:00Z,soccer_efl_champ,Championship,betrivers,2.5,2.55,1.48,2025-03-14T11:54:46Z,2025-03-14,16fd7f24ae9a1a265b4a5585c9820cfe_2.5
16fd7f24ae9a1a265b4a5585c9820cfe,Swansea City,Burnley,2025-03-15T15:00:00Z,soccer_efl_champ,Championship,unibet_eu,2.5,2.55,1.48,2025-03-14T11:54:46Z,2025-03-14,16fd7f24ae9a1a265b4a5585c9820cfe_2.5
16fd7f24ae9a1a265b4a5585c9820cfe,Swansea City,Burnley,2025-03-15T15:00:00Z,soccer_efl_champ,Championship,unibet,2.5,2.55,1.48,2025-03-14T11:54:46Z,2025-03-14,16fd7f24ae9a1a265b4a5585c9820cfe_2.5
16fd7f24ae9a1a265b4a5585c9820cfe,Swansea City,Burnley,2025-03-15T15:00:00Z,soccer_efl_champ,Championship,betus,2.0,1.87,1.87,2025-03-14T11:54:46Z,2025-03-14,16fd7f24ae9a1a265b4a5585c9820cfe_2.0
16fd7f24ae9a1a265b4a5585c9820cfe,Swansea City,Burnley,2025-03-15T15:00:00Z,soccer_efl_champ,Championship,pinnacle,2.0,1.9,1.95,2025-03-14T11:54:46Z,2025-03-14,16fd7f24ae9a1a265b4a5585c9820cfe_2.0
16fd7f24ae9a1a265b4a5585c9820cfe,Swansea City,Burnley,2025-03-15T15:00:00Z,soccer_efl_champ,Championship,tipico_de,2.5,2.4,1.5,2025-03-14T11:54:49Z,2025-03-14,16fd7f24ae9a1a265b4a5585c9820cfe_2.5
16fd7f24ae9a1a265b4a5585c9820cfe,Swansea City,Burnley,2025-03-15T15:00:00Z,soccer_efl_champ,Championship,betonlineag,2.0,1.89,1.93,2025-03-14T11:53:14Z,2025-03-14,16fd7f24ae9a1a265b4a5585c9820cfe_2.0
16fd7f24ae9a1a265b4a5585c9820cfe,Swansea City,Burnley,2025-03-15T15:00:00Z,soccer_efl_champ,Championship,lowvig,2.0,1.89,1.93,2025-03-14T11:54:46Z,2025-03-14,16fd7f24ae9a1a265b4a5585c9820cfe_2.0
e10b46e57e362a9edf318198d227d41b,Coventry City,Sunderland,2025-03-15T15:00:00Z,soccer_efl_champ,Championship,onexbet,2.5,2.01,1.8,2025-03-14T11:54:46Z,2025-03-14,e10b46e57e362a9edf318198d227d41b_2.5
e10b46e57e362a9edf318198d227d41b,Coventry City,Sunderland,2025-03-15T15:00:00Z,soccer_efl_champ,Championship,williamhill,2.5,1.95,1.8,2025-03-14T11:54:48Z,2025-03-14,e10b46e57e362a9edf318198d227d41b_2.5
e10b46e57e362a9edf318198d227d41b,Coventry City,Sunderland,2025-03-15T15:00:00Z,soccer_efl_champ,Championship,nordicbet,2.5,2.0,1.8,2025-03-14T11:54:46Z,2025-03-14,e10b46e57e362a9edf318198d227d41b_2.5
e10b46e57e362a9edf318198d227d41b,Coventry City,Sunderland,2025-03-15T15:00:00Z,soccer_efl_champ,Championship,betsson,2.5,2.0,1.8,2025-03-14T11:54:47Z,2025-03-14,e10b46e57e362a9edf318198d227d41b_2.5
e10b46e57e362a9edf318198d227d41b,Coventry City,Sunderland,2025-03-15T15:00:00Z,soccer_efl_champ,Championship,bovada,2.5,2.02,1.82,2025-03-14T11:54:45Z,2025-03-14,e10b46e57e362a9edf318198d227d41b_2.5
e10b46e57e362a9edf318198d227d41b,Coventry City,Sunderland,2025-03-15T15:00:00Z,soccer_efl_champ,Championship,coolbet,2.5,1.98,1.8,2025-03-14T11:54:47Z,2025-03-14,e10b46e57e362a9edf318198d227d41b_2.5
e10b46e57e362a9edf318198d227d41b,Coventry City,Sunderland,2025-03-15T15:00:00Z,soccer_efl_champ,Championship,betrivers,2.5,2.0,1.78,2025-03-14T11:54:46Z,2025-03-14,e10b46e57e362a9edf318198d227d41b_2.5
e10b46e57e362a9edf318198d227d41b,Coventry City,Sunderland,2025-03-15T15:00:00Z,soccer_efl_champ,Championship,unibet_eu,2.5,2.0,1.78,2025-03-14T11:54:46Z,2025-03-14,e10b46e57e362a9edf318198d227d41b_2.5
e10b46e57e362a9edf318198d227d41b,Coventry City,Sunderland,2025-03-15T15:00:00Z,soccer_efl_champ,Championship,unibet,2.5,2.0,1.78,2025-03-14T11:54:46Z,2025-03-14,e10b46e57e362a9edf318198d227d41b_2.5
e10b46e57e362a9edf318198d227d41b,Coventry City,Sunderland,2025-03-15T15:00:00Z,soccer_efl_champ,Championship,matchbook,2.5,2.1,1.86,2025-03-14T11:54:46Z,2025-03-14,e10b46e57e362a9edf318198d227d41b_2.5
e10b46e57e362a9edf318198d227d41b,Coventry City,Sunderland,2025-03-15T15:00:00Z,soccer_efl_champ,Championship,betus,2.5,1.93,1.82,2025-03-14T11:54:46Z,2025-03-14,e10b46e57e362a9edf318198d227d41b_2.5
e10b46e57e362a9edf318198d227d41b,Coventry City,Sunderland,2025-03-15T15:00:00Z,soccer_efl_champ,Championship,pinnacle,2.5,2.05,1.82,2025-03-14T11:54:46Z,2025-03-14,e10b46e57e362a9edf318198d227d41b_2.5
e10b46e57e362a9edf318198d227d41b,Coventry City,Sunderland,2025-03-15T15:00:00Z,soccer_efl_champ,Championship,tipico_de,2.5,1.93,1.75,2025-03-14T11:54:49Z,2025-03-14,e10b46e57e362a9edf318198d227d41b_2.5
e10b46e57e362a9edf318198d227d41b,Coventry City,Sunderland,2025-03-15T15:00:00Z,soccer_efl_champ,Championship,betonlineag,2.5,2.03,1.81,2025-03-14T11:53:14Z,2025-03-14,e10b46e57e362a9edf318198d227d41b_2.5
e10b46e57e362a9edf318198d227d41b,Coventry City,Sunderland,2025-03-15T15:00:00Z,soccer_efl_champ,Championship,lowvig,2.5,2.03,1.81,2025-03-14T11:54:46Z,2025-03-14,e10b46e57e362a9edf318198d227d41b_2.5
a6ebc1d24cc951054968bb6be4db2158,Plymouth Argyle,Derby County,2025-03-15T15:00:00Z,soccer_efl_champ,Championship,onexbet,2.5,2.52,1.52,2025-03-14T11:54:46Z,2025-03-14,a6ebc1d24cc951054968bb6be4db2158_2.5
a6ebc1d24cc951054968bb6be4db2158,Plymouth Argyle,Derby County,2025-03-15T15:00:00Z,soccer_efl_champ,Championship,williamhill,2.5,2.45,1.5,2025-03-14T11:54:48Z,2025-03-14,a6ebc1d24cc951054968bb6be4db2158_2.5
a6ebc1d24cc951054968bb6be4db2158,Plymouth Argyle,Derby County,2025-03-15T15:00:00Z,soccer_efl_champ,Championship,nordicbet,2.5,2.5,1.53,2025-03-14T11:54:46Z,2025-03-14,a6ebc1d24cc951054968bb6be4db2158_2.5
a6ebc1d24cc951054968bb6be4db2158,Plymouth Argyle,Derby County,2025-03-15T15:00:00Z,soccer_efl_champ,Championship,betsson,2.5,2.5,1.53,2025-03-14T11:54:47Z,2025-03-14,a6ebc1d24cc951054968bb6be4db2158_2.5
a6ebc1d24cc951054968bb6be4db2158,Plymouth Argyle,Derby County,2025-03-15T15:00:00Z,soccer_efl_champ,Championship,bovada,2.0,1.85,1.98,2025-03-14T11:54:45Z,2025-03-14,a6ebc1d24cc951054968bb6be4db2158_2.0
a6ebc1d24cc951054968bb6be4db2158,Plymouth Argyle,Derby County,2025-03-15T15:00:00Z,soccer_efl_champ,Championship,coolbet,2.0,1.85,1.93,2025-03-14T11:54:47Z,2025-03-14,a6ebc1d24cc951054968bb6be4db2158_2.0
a6ebc1d24cc951054968bb6be4db2158,Plymouth Argyle,Derby County,2025-03-15T15:00:00Z,soccer_efl_champ,Championship,betrivers,1.5,1.48,2.6,2025-03-14T11:54:46Z,2025-03-14,a6ebc1d24cc951054968bb6be4db2158_1.5
a6ebc1d24cc951054968bb6be4db2158,Plymouth Argyle,Derby County,2025-03-15T15:00:00Z,soccer_efl_champ,Championship,unibet_eu,2.5,2.6,1.47,2025-03-14T11:54:46Z,2025-03-14,a6ebc1d24cc951054968bb6be4db2158_2.5
a6ebc1d24cc951054968bb6be4db2158,Plymouth Argyle,Derby County,2025-03-15T15:00:00Z,soccer_efl_champ,Championship,unibet,2.5,2.6,1.47,2025-03-14T11:54:46Z,2025-03-14,a6ebc1d24cc951054968bb6be4db2158_2.5
a6ebc1d24cc951054968bb6be4db2158,Plymouth Argyle,Derby County,2025-03-15T15:00:00Z,soccer_efl_champ,Championship,betus,2.0,1.85,1.89,2025-03-14T11:54:46Z,2025-03-14,a6ebc1d24cc951054968bb6be4db2158_2.0
a6ebc1d24cc951054968bb6be4db2158,Plymouth Argyle,Derby County,2025-03-15T15:00:00Z,soccer_efl_champ,Championship,matchbook,2.5,2.6,1.57,2025-03-14T11:54:46Z,2025-03-14,a6ebc1d24cc951054968bb6be4db2158_2.5
a6ebc1d24cc951054968bb6be4db2158,Plymouth Argyle,Derby County,2025-03-15T15:00:00Z,soccer_efl_champ,Championship,pinnacle,2.0,1.89,1.96,2025-03-14T11:54:46Z,2025-03-14,a6ebc1d24cc951054968bb6be4db2158_2.0
a6ebc1d24cc951054968bb6be4db2158,Plymouth Argyle,Derby County,2025-03-15T15:00:00Z,soccer_efl_champ,Championship,tipico_de,2.5,2.35,1.52,2025-03-14T11:54:49Z,2025-03-14,a6ebc1d24cc951054968bb6be4db2158_2.5
a6ebc1d24cc951054968bb6be4db2158,Plymouth Argyle,Derby County,2025-03-15T15:00:00Z,soccer_efl_champ,Championship,betonlineag,2.0,2.05,1.8,2025-03-14T11:53:14Z,2025-03-14,a6ebc1d24cc951054968bb6be4db2158_2.0
a6ebc1d24cc951054968bb6be4db2158,Plymouth Argyle,Derby County,2025-03-15T15:00:00Z,soccer_efl_champ,Championship,lowvig,2.0,2.05,1.8,2025-03-14T11:54:46Z,2025-03-14,a6ebc1d24cc951054968bb6be4db2158_2.0
a191579358e63394837c3c8ff4252626,West Bromwich Albion,Hull City,2025-03-15T15:00:00Z,soccer_efl_champ,Championship,onexbet,2.5,2.13,1.71,2025-03-14T11:54:46Z,2025-03-14,a191579358e63394837c3c8ff4252626_2.5
a191579358e63394837c3c8ff4252626,West Bromwich Albion,Hull City,2025-03-15T15:00:00Z,soccer_efl_champ,Championship,williamhill,2.5,2.1,1.67,2025-03-14T11:54:48Z,2025-03-14,a191579358e63394837c3c8ff4252626_2.5
a191579358e63394837c3c8ff4252626,West Bromwich Albion,Hull City,2025-03-15T15:00:00Z,soccer_efl_champ,Championship,nordicbet,2.5,2.15,1.72,2025-03-14T11:54:46Z,2025-03-14,a191579358e63394837c3c8ff4252626_2.5
a191579358e63394837c3c8ff4252626,West Bromwich Albion,Hull City,2025-03-15T15:00:00Z,soccer_efl_champ,Championship,betsson,2.5,2.15,1.72,2025-03-14T11:54:47Z,2025-03-14,a191579358e63394837c3c8ff4252626_2.5
a191579358e63394837c3c8ff4252626,West Bromwich Albion,Hull City,2025-03-15T15:00:00Z,soccer_efl_champ,Championship,bovada,2.25,1.85,1.98,2025-03-14T11:54:45Z,2025-03-14,a191579358e63394837c3c8ff4252626_2.25
a191579358e63394837c3c8ff4252626,West Bromwich Albion,Hull City,2025-03-15T15:00:00Z,soccer_efl_champ,Championship,coolbet,2.5,2.06,1.74,2025-03-14T11:54:47Z,2025-03-14,a191579358e63394837c3c8ff4252626_2.5
a191579358e63394837c3c8ff4252626,West Bromwich Albion,Hull City,2025-03-15T15:00:00Z,soccer_efl_champ,Championship,unibet,2.5,2.12,1.7,2025-03-14T11:54:46Z,2025-03-14,a191579358e63394837c3c8ff4252626_2.5
a191579358e63394837c3c8ff4252626,West Bromwich Albion,Hull City,2025-03-15T15:00:00Z,soccer_efl_champ,Championship,unibet_eu,2.5,2.12,1.7,2025-03-14T11:54:46Z,2025-03-14,a191579358e63394837c3c8ff4252626_2.5
a191579358e63394837c3c8ff4252626,West Bromwich Albion,Hull City,2025-03-15T15:00:00Z,soccer_efl_champ,Championship,betrivers,2.5,2.12,1.7,2025-03-14T11:54:46Z,2025-03-14,a191579358e63394837c3c8ff4252626_2.5
a191579358e63394837c3c8ff4252626,West Bromwich Albion,Hull City,2025-03-15T15:00:00Z,soccer_efl_champ,Championship,betus,2.25,1.85,1.89,2025-03-14T11:54:46Z,2025-03-14,a191579358e63394837c3c8ff4252626_2.25
a191579358e63394837c3c8ff4252626,West Bromwich Albion,Hull City,2025-03-15T15:00:00Z,soccer_efl_champ,Championship,pinnacle,2.25,1.9,1.95,2025-03-14T11:54:46Z,2025-03-14,a191579358e63394837c3c8ff4252626_2.25
a191579358e63394837c3c8ff4252626,West Bromwich Albion,Hull City,2025-03-15T15:00:00Z,soccer_efl_champ,Championship,tipico_de,2.5,2.1,1.65,2025-03-14T11:54:49Z,2025-03-14,a191579358e63394837c3c8ff4252626_2.5
a191579358e63394837c3c8ff4252626,West Bromwich Albion,Hull City,2025-03-15T15:00:00Z,soccer_efl_champ,Championship,lowvig,2.25,1.86,1.96,2025-03-14T11:54:46Z,2025-03-14,a191579358e63394837c3c8ff4252626_2.25
a191579358e63394837c3c8ff4252626,West Bromwich Albion,Hull City,2025-03-15T15:00:00Z,soccer_efl_champ,Championship,betonlineag,2.25,1.86,1.96,2025-03-14T11:53:14Z,2025-03-14,a191579358e63394837c3c8ff4252626_2.25
6df063f89cad71567c472e295d7fc25c,Luton,Middlesbrough,2025-03-15T15:00:00Z,soccer_efl_champ,Championship,onexbet,2.5,1.92,1.88,2025-03-14T11:54:46Z,2025-03-14,6df063f89cad71567c472e295d7fc25c_2.5
6df063f89cad71567c472e295d7fc25c,Luton,Middlesbrough,2025-03-15T15:00:00Z,soccer_efl_champ,Championship,williamhill,2.5,1.91,1.85,2025-03-14T11:54:48Z,2025-03-14,6df063f89cad71567c472e295d7fc25c_2.5
6df063f89cad71567c472e295d7fc25c,Luton,Middlesbrough,2025-03-15T15:00:00Z,soccer_efl_champ,Championship,nordicbet,2.5,1.96,1.85,2025-03-14T11:54:46Z,2025-03-14,6df063f89cad71567c472e295d7fc25c_2.5
6df063f89cad71567c472e295d7fc25c,Luton,Middlesbrough,2025-03-15T15:00:00Z,soccer_efl_champ,Championship,betsson,2.5,1.96,1.85,2025-03-14T11:54:47Z,2025-03-14,6df063f89cad71567c472e295d7fc25c_2.5
6df063f89cad71567c472e295d7fc25c,Luton,Middlesbrough,2025-03-15T15:00:00Z,soccer_efl_champ,Championship,bovada,2.5,1.91,1.91,2025-03-14T11:54:45Z,2025-03-14,6df063f89cad71567c472e295d7fc25c_2.5
6df063f89cad71567c472e295d7fc25c,Luton,Middlesbrough,2025-03-15T15:00:00Z,soccer_efl_champ,Championship,coolbet,2.5,1.93,1.85,2025-03-14T11:54:47Z,2025-03-14,6df063f89cad71567c472e295d7fc25c_2.5
6df063f89cad71567c472e295d7fc25c,Luton,Middlesbrough,2025-03-15T15:00:00Z,soccer_efl_champ,Championship,unibet,2.5,1.89,1.87,2025-03-14T11:54:46Z,2025-03-14,6df063f89cad71567c472e295d7fc25c_2.5
6df063f89cad71567c472e295d7fc25c,Luton,Middlesbrough,2025-03-15T15:00:00Z,soccer_efl_champ,Championship,betrivers,2.5,1.88,1.87,2025-03-14T11:54:46Z,2025-03-14,6df063f89cad71567c472e295d7fc25c_2.5
6df063f89cad71567c472e295d7fc25c,Luton,Middlesbrough,2025-03-15T15:00:00Z,soccer_efl_champ,Championship,unibet_eu,2.5,1.88,1.87,2025-03-14T11:54:46Z,2025-03-14,6df063f89cad71567c472e295d7fc25c_2.5
6df063f89cad71567c472e295d7fc25c,Luton,Middlesbrough,2025-03-15T15:00:00Z,soccer_efl_champ,Championship,betus,2.5,1.87,1.87,2025-03-14T11:54:46Z,2025-03-14,6df063f89cad71567c472e295d7fc25c_2.5
6df063f89cad71567c472e295d7fc25c,Luton,Middlesbrough,2025-03-15T15:00:00Z,soccer_efl_champ,Championship,matchbook,2.5,2.0,1.9,2025-03-14T11:54:46Z,2025-03-14,6df063f89cad71567c472e295d7fc25c_2.5
6df063f89cad71567c472e295d7fc25c,Luton,Middlesbrough,2025-03-15T15:00:00Z,soccer_efl_champ,Championship,pinnacle,2.5,1.95,1.9,2025-03-14T11:54:46Z,2025-03-14,6df063f89cad71567c472e295d7fc25c_2.5
6df063f89cad71567c472e295d7fc25c,Luton,Middlesbrough,2025-03-15T15:00:00Z,soccer_efl_champ,Championship,tipico_de,2.5,1.83,1.85,2025-03-14T11:54:49Z,2025-03-14,6df063f89cad71567c472e295d7fc25c_2.5
6df063f89cad71567c472e295d7fc25c,Luton,Middlesbrough,2025-03-15T15:00:00Z,soccer_efl_champ,Championship,lowvig,2.5,1.94,1.88,2025-03-14T11:54:46Z,2025-03-14,6df063f89cad71567c472e295d7fc25c_2.5
6df063f89cad71567c472e295d7fc25c,Luton,Middlesbrough,2025-03-15T15:00:00Z,soccer_efl_champ,Championship,betonlineag,2.5,1.94,1.88,2025-03-14T11:53:14Z,2025-03-14,6df063f89cad71567c472e295d7fc25c_2.5
33915158827c20a58017a96706033b16,Oxford United,Watford,2025-03-15T15:00:00Z,soccer_efl_champ,Championship,onexbet,2.5,2.25,1.64,2025-03-14T11:54:46Z,2025-03-14,33915158827c20a58017a96706033b16_2.5
33915158827c20a58017a96706033b16,Oxford United,Watford,2025-03-15T15:00:00Z,soccer_efl_champ,Championship,williamhill,2.5,2.15,1.65,2025-03-14T11:54:48Z,2025-03-14,33915158827c20a58017a96706033b16_2.5
33915158827c20a58017a96706033b16,Oxford United,Watford,2025-03-15T15:00:00Z,soccer_efl_champ,Championship,nordicbet,2.5,2.25,1.65,2025-03-14T11:54:46Z,2025-03-14,33915158827c20a58017a96706033b16_2.5
33915158827c20a58017a96706033b16,Oxford United,Watford,2025-03-15T15:00:00Z,soccer_efl_champ,Championship,betsson,2.5,2.25,1.65,2025-03-14T11:54:47Z,2025-03-14,33915158827c20a58017a96706033b16_2.5
33915158827c20a58017a96706033b16,Oxford United,Watford,2025-03-15T15:00:00Z,soccer_efl_champ,Championship,bovada,2.25,1.93,1.89,2025-03-14T11:54:45Z,2025-03-14,33915158827c20a58017a96706033b16_2.25
33915158827c20a58017a96706033b16,Oxford United,Watford,2025-03-15T15:00:00Z,soccer_efl_champ,Championship,coolbet,2.5,2.2,1.71,2025-03-14T11:54:47Z,2025-03-14,33915158827c20a58017a96706033b16_2.5
33915158827c20a58017a96706033b16,Oxford United,Watford,2025-03-15T15:00:00Z,soccer_efl_champ,Championship,betrivers,2.5,2.12,1.68,2025-03-14T11:54:46Z,2025-03-14,33915158827c20a58017a96706033b16_2.5
33915158827c20a58017a96706033b16,Oxford United,Watford,2025-03-15T15:00:00Z,soccer_efl_champ,Championship,unibet,2.5,2.12,1.68,2025-03-14T11:54:46Z,2025-03-14,33915158827c20a58017a96706033b16_2.5
33915158827c20a58017a96706033b16,Oxford United,Watford,2025-03-15T15:00:00Z,soccer_efl_champ,Championship,unibet_eu,2.5,2.12,1.68,2025-03-14T11:54:46Z,2025-03-14,33915158827c20a58017a96706033b16_2.5
33915158827c20a58017a96706033b16,Oxford United,Watford,2025-03-15T15:00:00Z,soccer_efl_champ,Championship,betus,2.25,1.87,1.89,2025-03-14T11:54:46Z,2025-03-14,33915158827c20a58017a96706033b16_2.25
33915158827c20a58017a96706033b16,Oxford United,Watford,2025-03-15T15:00:00Z,soccer_efl_champ,Championship,matchbook,2.5,2.34,1.69,2025-03-14T11:54:46Z,2025-03-14,33915158827c20a58017a96706033b16_2.5
33915158827c20a58017a96706033b16,Oxford United,Watford,2025-03-15T15:00:00Z,soccer_efl_champ,Championship,pinnacle,2.25,2.0,1.85,2025-03-14T11:54:46Z,2025-03-14,33915158827c20a58017a96706033b16_2.25
33915158827c20a58017a96706033b16,Oxford United,Watford,2025-03-15T15:00:00Z,soccer_efl_champ,Championship,lowvig,2.25,1.98,1.85,2025-03-14T11:54:46Z,2025-03-14,33915158827c20a58017a96706033b16_2.25
33915158827c20a58017a96706033b16,Oxford United,Watford,2025-03-15T15:00:00Z,soccer_efl_champ,Championship,betonlineag,2.25,1.98,1.85,2025-03-14T11:53:14Z,2025-03-14,33915158827c20a58017a96706033b16_2.25
15b7dbe099ca9d2274e17afe3e3b171d,Preston North End,Portsmouth,2025-03-15T15:00:00Z,soccer_efl_champ,Championship,onexbet,2.5,2.2,1.67,2025-03-14T11:54:46Z,2025-03-14,15b7dbe099ca9d2274e17afe3e3b171d_2.5
15b7dbe099ca9d2274e17afe3e3b171d,Preston North End,Portsmouth,2025-03-15T15:00:00Z,soccer_efl_champ,Championship,williamhill,2.5,2.1,1.7,2025-03-14T11:54:48Z,2025-03-14,15b7dbe099ca9d2274e17afe3e3b171d_2.5
15b7dbe099ca9d2274e17afe3e3b171d,Preston North End,Portsmouth,2025-03-15T15:00:00Z,soccer_efl_champ,Championship,nordicbet,2.5,2.2,1.68,2025-03-14T11:54:46Z,2025-03-14,15b7dbe099ca9d2274e17afe3e3b171d_2.5
15b7dbe099ca9d2274e17afe3e3b171d,Preston North End,Portsmouth,2025-03-15T15:00:00Z,soccer_efl_champ,Championship,betsson,2.5,2.2,1.68,2025-03-14T11:54:47Z,2025-03-14,15b7dbe099ca9d2274e17afe3e3b171d_2.5
15b7dbe099ca9d2274e17afe3e3b171d,Preston North End,Portsmouth,2025-03-15T15:00:00Z,soccer_efl_champ,Championship,bovada,2.25,1.91,1.91,2025-03-14T11:54:45Z,2025-03-14,15b7dbe099ca9d2274e17afe3e3b171d_2.25
15b7dbe099ca9d2274e17afe3e3b171d,Preston North End,Portsmouth,2025-03-15T15:00:00Z,soccer_efl_champ,Championship,coolbet,2.5,2.19,1.66,2025-03-14T11:54:47Z,2025-03-14,15b7dbe099ca9d2274e17afe3e3b171d_2.5
15b7dbe099ca9d2274e17afe3e3b171d,Preston North End,Portsmouth,2025-03-15T15:00:00Z,soccer_efl_champ,Championship,betrivers,2.5,2.15,1.67,2025-03-14T11:54:46Z,2025-03-14,15b7dbe099ca9d2274e17afe3e3b171d_2.5
15b7dbe099ca9d2274e17afe3e3b171d,Preston North End,Portsmouth,2025-03-15T15:00:00Z,soccer_efl_champ,Championship,unibet,2.5,2.15,1.67,2025-03-14T11:54:46Z,2025-03-14,15b7dbe099ca9d2274e17afe3e3b171d_2.5
15b7dbe099ca9d2274e17afe3e3b171d,Preston North End,Portsmouth,2025-03-15T15:00:00Z,soccer_efl_champ,Championship,unibet_eu,2.5,2.15,1.67,2025-03-14T11:54:46Z,2025-03-14,15b7dbe099ca9d2274e17afe3e3b171d_2.5
15b7dbe099ca9d2274e17afe3e3b171d,Preston North End,Portsmouth,2025-03-15T15:00:00Z,soccer_efl_champ,Championship,betus,2.25,1.87,1.87,2025-03-14T11:54:46Z,2025-03-14,15b7dbe099ca9d2274e17afe3e3b171d_2.25
15b7dbe099ca9d2274e17afe3e3b171d,Preston North End,Portsmouth,2025-03-15T15:00:00Z,soccer_efl_champ,Championship,matchbook,2.5,2.28,1.7,2025-03-14T11:54:46Z,2025-03-14,15b7dbe099ca9d2274e17afe3e3b171d_2.5
15b7dbe099ca9d2274e17afe3e3b171d,Preston North End,Portsmouth,2025-03-15T15:00:00Z,soccer_efl_champ,Championship,pinnacle,2.25,1.96,1.89,2025-03-14T11:54:46Z,2025-03-14,15b7dbe099ca9d2274e17afe3e3b171d_2.25
15b7dbe099ca9d2274e17afe3e3b171d,Preston North End,Portsmouth,2025-03-15T15:00:00Z,soccer_efl_champ,Championship,tipico_de,2.5,2.1,1.65,2025-03-14T11:54:49Z,2025-03-14,15b7dbe099ca9d2274e17afe3e3b171d_2.5
15b7dbe099ca9d2274e17afe3e3b171d,Preston North End,Portsmouth,2025-03-15T15:00:00Z,soccer_efl_champ,Championship,lowvig,2.25,1.96,1.86,2025-03-14T11:54:46Z,2025-03-14,15b7dbe099ca9d2274e17afe3e3b171d_2.25
15b7dbe099ca9d2274e17afe3e3b171d,Preston North End,Portsmouth,2025-03-15T15:00:00Z,soccer_efl_champ,Championship,betonlineag,2.25,1.96,1.86,2025-03-14T11:53:14Z,2025-03-14,15b7dbe099ca9d2274e17afe3e3b171d_2.25
8f418741b14c045944036bb43db8ea0e,Sheffield Wednesday,Sheffield United,2025-03-16T12:30:00Z,soccer_efl_champ,Championship,onexbet,2.5,2.13,1.71,2025-03-14T11:54:46Z,2025-03-14,8f418741b14c045944036bb43db8ea0e_2.5
8f418741b14c045944036bb43db8ea0e,Sheffield Wednesday,Sheffield United,2025-03-16T12:30:00Z,soccer_efl_champ,Championship,williamhill,2.5,2.1,1.67,2025-03-14T11:54:48Z,2025-03-14,8f418741b14c045944036bb43db8ea0e_2.5
8f418741b14c045944036bb43db8ea0e,Sheffield Wednesday,Sheffield United,2025-03-16T12:30:00Z,soccer_efl_champ,Championship,bovada,2.25,1.89,1.93,2025-03-14T11:54:45Z,2025-03-14,8f418741b14c045944036bb43db8ea0e_2.25
8f418741b14c045944036bb43db8ea0e,Sheffield Wednesday,Sheffield United,2025-03-16T12:30:00Z,soccer_efl_champ,Championship,unibet_eu,2.5,2.08,1.72,2025-03-14T11:54:46Z,2025-03-14,8f418741b14c045944036bb43db8ea0e_2.5
8f418741b14c045944036bb43db8ea0e,Sheffield Wednesday,Sheffield United,2025-03-16T12:30:00Z,soccer_efl_champ,Championship,unibet,2.5,2.08,1.72,2025-03-14T11:54:46Z,2025-03-14,8f418741b14c045944036bb43db8ea0e_2.5
8f418741b14c045944036bb43db8ea0e,Sheffield Wednesday,Sheffield United,2025-03-16T12:30:00Z,soccer_efl_champ,Championship,betrivers,2.5,2.08,1.72,2025-03-14T11:54:46Z,2025-03-14,8f418741b14c045944036bb43db8ea0e_2.5
8f418741b14c045944036bb43db8ea0e,Sheffield Wednesday,Sheffield United,2025-03-16T12:30:00Z,soccer_efl_champ,Championship,coolbet,2.5,2.1,1.71,2025-03-14T11:54:47Z,2025-03-14,8f418741b14c045944036bb43db8ea0e_2.5
8f418741b14c045944036bb43db8ea0e,Sheffield Wednesday,Sheffield United,2025-03-16T12:30:00Z,soccer_efl_champ,Championship,betus,2.25,1.88,1.87,2025-03-14T11:54:46Z,2025-03-14,8f418741b14c045944036bb43db8ea0e_2.25
8f418741b14c045944036bb43db8ea0e,Sheffield Wednesday,Sheffield United,2025-03-16T12:30:00Z,soccer_efl_champ,Championship,pinnacle,2.25,1.88,1.96,2025-03-14T11:54:46Z,2025-03-14,8f418741b14c045944036bb43db8ea0e_2.25
8f418741b14c045944036bb43db8ea0e,Sheffield Wednesday,Sheffield United,2025-03-16T12:30:00Z,soccer_efl_champ,Championship,matchbook,2.5,2.18,1.77,2025-03-14T11:54:46Z,2025-03-14,8f418741b14c045944036bb43db8ea0e_2.5
8f418741b14c045944036bb43db8ea0e,Sheffield Wednesday,Sheffield United,2025-03-16T12:30:00Z,soccer_efl_champ,Championship,tipico_de,2.5,2.05,1.67,2025-03-14T11:54:49Z,2025-03-14,8f418741b14c045944036bb43db8ea0e_2.5
8f418741b14c045944036bb43db8ea0e,Sheffield Wednesday,Sheffield United,2025-03-16T12:30:00Z,soccer_efl_champ,Championship,lowvig,2.25,1.88,1.93,2025-03-14T11:54:46Z,2025-03-14,8f418741b14c045944036bb43db8ea0e_2.25
8f418741b14c045944036bb43db8ea0e,Sheffield Wednesday,Sheffield United,2025-03-16T12:30:00Z,soccer_efl_champ,Championship,betonlineag,2.25,1.88,1.93,2025-03-14T11:53:14Z,2025-03-14,8f418741b14c045944036bb43db8ea0e_2.25
34f38680ec7afb90429cff8752a7cb8f,Oviedo,Elche,2025-03-14T19:30:00Z,soccer_spain_segunda_division,La Liga 2,betsson,1.5,1.55,2.35,2025-03-14T11:55:30Z,2025-03-14,34f38680ec7afb90429cff8752a7cb8f_1.5
34f38680ec7afb90429cff8752a7cb8f,Oviedo,Elche,2025-03-14T19:30:00Z,soccer_spain_segunda_division,La Liga 2,nordicbet,1.5,1.55,2.35,2025-03-14T11:55:27Z,2025-03-14,34f38680ec7afb90429cff8752a7cb8f_1.5
34f38680ec7afb90429cff8752a7cb8f,Oviedo,Elche,2025-03-14T19:30:00Z,soccer_spain_segunda_division,La Liga 2,pinnacle,2.0,2.13,1.79,2025-03-14T11:55:27Z,2025-03-14,34f38680ec7afb90429cff8752a7cb8f_2.0
34f38680ec7afb90429cff8752a7cb8f,Oviedo,Elche,2025-03-14T19:30:00Z,soccer_spain_segunda_division,La Liga 2,onexbet,1.5,1.57,2.4,2025-03-14T11:55:27Z,2025-03-14,34f38680ec7afb90429cff8752a7cb8f_1.5
34f38680ec7afb90429cff8752a7cb8f,Oviedo,Elche,2025-03-14T19:30:00Z,soccer_spain_segunda_division,La Liga 2,bovada,2.0,2.05,1.8,2025-03-14T11:55:27Z,2025-03-14,34f38680ec7afb90429cff8752a7cb8f_2.0
34f38680ec7afb90429cff8752a7cb8f,Oviedo,Elche,2025-03-14T19:30:00Z,soccer_spain_segunda_division,La Liga 2,tipico_de,1.5,1.52,2.35,2025-03-14T11:55:29Z,2025-03-14,34f38680ec7afb90429cff8752a7cb8f_1.5
34f38680ec7afb90429cff8752a7cb8f,Oviedo,Elche,2025-03-14T19:30:00Z,soccer_spain_segunda_division,La Liga 2,unibet,2.5,2.6,1.43,2025-03-14T11:55:27Z,2025-03-14,34f38680ec7afb90429cff8752a7cb8f_2.5
34f38680ec7afb90429cff8752a7cb8f,Oviedo,Elche,2025-03-14T19:30:00Z,soccer_spain_segunda_division,La Liga 2,unibet_eu,2.5,2.6,1.43,2025-03-14T11:55:28Z,2025-03-14,34f38680ec7afb90429cff8752a7cb8f_2.5
34f38680ec7afb90429cff8752a7cb8f,Oviedo,Elche,2025-03-14T19:30:00Z,soccer_spain_segunda_division,La Liga 2,williamhill,2.5,2.7,1.44,2025-03-14T11:55:29Z,2025-03-14,34f38680ec7afb90429cff8752a7cb8f_2.5
34f38680ec7afb90429cff8752a7cb8f,Oviedo,Elche,2025-03-14T19:30:00Z,soccer_spain_segunda_division,La Liga 2,coolbet,2.0,2.01,1.78,2025-03-14T11:55:28Z,2025-03-14,34f38680ec7afb90429cff8752a7cb8f_2.0
34f38680ec7afb90429cff8752a7cb8f,Oviedo,Elche,2025-03-14T19:30:00Z,soccer_spain_segunda_division,La Liga 2,betus,2.0,1.97,1.79,2025-03-14T11:55:28Z,2025-03-14,34f38680ec7afb90429cff8752a7cb8f_2.0
34f38680ec7afb90429cff8752a7cb8f,Oviedo,Elche,2025-03-14T19:30:00Z,soccer_spain_segunda_division,La Liga 2,betanysports,2.0,2.05,1.8,2025-03-14T11:55:28Z,2025-03-14,34f38680ec7afb90429cff8752a7cb8f_2.0
34f38680ec7afb90429cff8752a7cb8f,Oviedo,Elche,2025-03-14T19:30:00Z,soccer_spain_segunda_division,La Liga 2,betonlineag,2.0,2.1,1.77,2025-03-14T11:55:27Z,2025-03-14,34f38680ec7afb90429cff8752a7cb8f_2.0
34f38680ec7afb90429cff8752a7cb8f,Oviedo,Elche,2025-03-14T19:30:00Z,soccer_spain_segunda_division,La Liga 2,lowvig,2.0,2.1,1.77,2025-03-14T11:55:27Z,2025-03-14,34f38680ec7afb90429cff8752a7cb8f_2.0
d9247049b834369801a6572c88e909a4,Racing de Ferrol,SD Eibar,2025-03-15T13:00:00Z,soccer_spain_segunda_division,La Liga 2,pinnacle,1.75,1.81,2.05,2025-03-14T11:55:27Z,2025-03-14,d9247049b834369801a6572c88e909a4_1.75
d9247049b834369801a6572c88e909a4,Racing de Ferrol,SD Eibar,2025-03-15T13:00:00Z,soccer_spain_segunda_division,La Liga 2,nordicbet,1.5,1.59,2.26,2025-03-14T11:55:27Z,2025-03-14,d9247049b834369801a6572c88e909a4_1.5
d9247049b834369801a6572c88e909a4,Racing de Ferrol,SD Eibar,2025-03-15T13:00:00Z,soccer_spain_segunda_division,La Liga 2,betsson,1.5,1.59,2.26,2025-03-14T11:55:30Z,2025-03-14,d9247049b834369801a6572c88e909a4_1.5
d9247049b834369801a6572c88e909a4,Racing de Ferrol,SD Eibar,2025-03-15T13:00:00Z,soccer_spain_segunda_division,La Liga 2,onexbet,1.5,1.61,2.31,2025-03-14T11:55:27Z,2025-03-14,d9247049b834369801a6572c88e909a4_1.5
d9247049b834369801a6572c88e909a4,Racing de Ferrol,SD Eibar,2025-03-15T13:00:00Z,soccer_spain_segunda_division,La Liga 2,bovada,1.75,1.82,2.02,2025-03-14T11:55:27Z,2025-03-14,d9247049b834369801a6572c88e909a4_1.75
d9247049b834369801a6572c88e909a4,Racing de Ferrol,SD Eibar,2025-03-15T13:00:00Z,soccer_spain_segunda_division,La Liga 2,tipico_de,1.5,1.52,2.35,2025-03-14T11:55:29Z,2025-03-14,d9247049b834369801a6572c88e909a4_1.5
d9247049b834369801a6572c88e909a4,Racing de Ferrol,SD Eibar,2025-03-15T13:00:00Z,soccer_spain_segunda_division,La Liga 2,williamhill,2.5,2.8,1.4,2025-03-14T11:55:29Z,2025-03-14,d9247049b834369801a6572c88e909a4_2.5
d9247049b834369801a6572c88e909a4,Racing de Ferrol,SD Eibar,2025-03-15T13:00:00Z,soccer_spain_segunda_division,La Liga 2,unibet,2.5,2.95,1.35,2025-03-14T11:55:27Z,2025-03-14,d9247049b834369801a6572c88e909a4_2.5
d9247049b834369801a6572c88e909a4,Racing de Ferrol,SD Eibar,2025-03-15T13:00:00Z,soccer_spain_segunda_division,La Liga 2,unibet_eu,2.5,2.95,1.35,2025-03-14T11:55:28Z,2025-03-14,d9247049b834369801a6572c88e909a4_2.5
d9247049b834369801a6572c88e909a4,Racing de Ferrol,SD Eibar,2025-03-15T13:00:00Z,soccer_spain_segunda_division,La Liga 2,betus,1.75,1.81,1.93,2025-03-14T11:55:28Z,2025-03-14,d9247049b834369801a6572c88e909a4_1.75
d9247049b834369801a6572c88e909a4,Racing de Ferrol,SD Eibar,2025-03-15T13:00:00Z,soccer_spain_segunda_division,La Liga 2,coolbet,2.0,2.1,1.71,2025-03-14T11:55:28Z,2025-03-14,d9247049b834369801a6572c88e909a4_2.0
d9247049b834369801a6572c88e909a4,Racing de Ferrol,SD Eibar,2025-03-15T13:00:00Z,soccer_spain_segunda_division,La Liga 2,betanysports,1.75,1.82,2.02,2025-03-14T11:55:28Z,2025-03-14,d9247049b834369801a6572c88e909a4_1.75
d9247049b834369801a6572c88e909a4,Racing de Ferrol,SD Eibar,2025-03-15T13:00:00Z,soccer_spain_segunda_division,La Liga 2,betonlineag,1.75,1.83,2.01,2025-03-14T11:55:27Z,2025-03-14,d9247049b834369801a6572c88e909a4_1.75
d9247049b834369801a6572c88e909a4,Racing de Ferrol,SD Eibar,2025-03-15T13:00:00Z,soccer_spain_segunda_division,La Liga 2,lowvig,1.75,1.83,2.01,2025-03-14T11:55:27Z,2025-03-14,d9247049b834369801a6572c88e909a4_1.75
7873764bea023fa0023a898632d861e3,Albacete,Málaga,2025-03-15T15:15:00Z,soccer_spain_segunda_division,La Liga 2,unibet,2.5,2.08,1.67,2025-03-14T11:55:27Z,2025-03-14,7873764bea023fa0023a898632d861e3_2.5
7873764bea023fa0023a898632d861e3,Albacete,Málaga,2025-03-15T15:15:00Z,soccer_spain_segunda_division,La Liga 2,unibet_eu,2.5,2.08,1.67,2025-03-14T11:55:28Z,2025-03-14,7873764bea023fa0023a898632d861e3_2.5
7873764bea023fa0023a898632d861e3,Albacete,Málaga,2025-03-15T15:15:00Z,soccer_spain_segunda_division,La Liga 2,betsson,2.5,2.16,1.65,2025-03-14T11:55:30Z,2025-03-14,7873764bea023fa0023a898632d861e3_2.5
7873764bea023fa0023a898632d861e3,Albacete,Málaga,2025-03-15T15:15:00Z,soccer_spain_segunda_division,La Liga 2,nordicbet,2.5,2.16,1.65,2025-03-14T11:55:27Z,2025-03-14,7873764bea023fa0023a898632d861e3_2.5
7873764bea023fa0023a898632d861e3,Albacete,Málaga,2025-03-15T15:15:00Z,soccer_spain_segunda_division,La Liga 2,onexbet,2.5,2.2,1.67,2025-03-14T11:55:27Z,2025-03-14,7873764bea023fa0023a898632d861e3_2.5
7873764bea023fa0023a898632d861e3,Albacete,Málaga,2025-03-15T15:15:00Z,soccer_spain_segunda_division,La Liga 2,pinnacle,2.25,1.94,1.91,2025-03-14T11:55:27Z,2025-03-14,7873764bea023fa0023a898632d861e3_2.25
7873764bea023fa0023a898632d861e3,Albacete,Málaga,2025-03-15T15:15:00Z,soccer_spain_segunda_division,La Liga 2,tipico_de,2.5,2.1,1.65,2025-03-14T11:55:29Z,2025-03-14,7873764bea023fa0023a898632d861e3_2.5
7873764bea023fa0023a898632d861e3,Albacete,Málaga,2025-03-15T15:15:00Z,soccer_spain_segunda_division,La Liga 2,williamhill,2.5,2.2,1.62,2025-03-14T11:55:29Z,2025-03-14,7873764bea023fa0023a898632d861e3_2.5
7873764bea023fa0023a898632d861e3,Albacete,Málaga,2025-03-15T15:15:00Z,soccer_spain_segunda_division,La Liga 2,bovada,2.25,1.93,1.89,2025-03-14T11:55:27Z,2025-03-14,7873764bea023fa0023a898632d861e3_2.25
7873764bea023fa0023a898632d861e3,Albacete,Málaga,2025-03-15T15:15:00Z,soccer_spain_segunda_division,La Liga 2,coolbet,2.0,1.65,2.2,2025-03-14T11:55:28Z,2025-03-14,7873764bea023fa0023a898632d861e3_2.0
7873764bea023fa0023a898632d861e3,Albacete,Málaga,2025-03-15T15:15:00Z,soccer_spain_segunda_division,La Liga 2,betus,2.25,1.87,1.91,2025-03-14T11:55:28Z,2025-03-14,7873764bea023fa0023a898632d861e3_2.25
7873764bea023fa0023a898632d861e3,Albacete,Málaga,2025-03-15T15:15:00Z,soccer_spain_segunda_division,La Liga 2,betanysports,2.25,1.93,1.89,2025-03-14T11:55:28Z,2025-03-14,7873764bea023fa0023a898632d861e3_2.25
7873764bea023fa0023a898632d861e3,Albacete,Málaga,2025-03-15T15:15:00Z,soccer_spain_segunda_division,La Liga 2,matchbook,2.5,2.26,1.7,2025-03-14T11:55:27Z,2025-03-14,7873764bea023fa0023a898632d861e3_2.5
7873764bea023fa0023a898632d861e3,Albacete,Málaga,2025-03-15T15:15:00Z,soccer_spain_segunda_division,La Liga 2,lowvig,2.25,1.95,1.87,2025-03-14T11:55:27Z,2025-03-14,7873764bea023fa0023a898632d861e3_2.25
7873764bea023fa0023a898632d861e3,Albacete,Málaga,2025-03-15T15:15:00Z,soccer_spain_segunda_division,La Liga 2,betonlineag,2.25,1.95,1.87,2025-03-14T11:55:27Z,2025-03-14,7873764bea023fa0023a898632d861e3_2.25
41bf3cc1bd1a26a479fb955ae1eacadc,FC Cartagena,Burgos CF,2025-03-15T15:15:00Z,soccer_spain_segunda_division,La Liga 2,betsson,1.5,1.56,2.33,2025-03-14T11:55:30Z,2025-03-14,41bf3cc1bd1a26a479fb955ae1eacadc_1.5
41bf3cc1bd1a26a479fb955ae1eacadc,FC Cartagena,Burgos CF,2025-03-15T15:15:00Z,soccer_spain_segunda_division,La Liga 2,nordicbet,1.5,1.56,2.33,2025-03-14T11:55:27Z,2025-03-14,41bf3cc1bd1a26a479fb955ae1eacadc_1.5
41bf3cc1bd1a26a479fb955ae1eacadc,FC Cartagena,Burgos CF,2025-03-15T15:15:00Z,soccer_spain_segunda_division,La Liga 2,onexbet,1.5,1.58,2.38,2025-03-14T11:55:27Z,2025-03-14,41bf3cc1bd1a26a479fb955ae1eacadc_1.5
41bf3cc1bd1a26a479fb955ae1eacadc,FC Cartagena,Burgos CF,2025-03-15T15:15:00Z,soccer_spain_segunda_division,La Liga 2,unibet,1.5,1.48,2.45,2025-03-14T11:55:27Z,2025-03-14,41bf3cc1bd1a26a479fb955ae1eacadc_1.5
41bf3cc1bd1a26a479fb955ae1eacadc,FC Cartagena,Burgos CF,2025-03-15T15:15:00Z,soccer_spain_segunda_division,La Liga 2,unibet_eu,1.5,1.48,2.45,2025-03-14T11:55:28Z,2025-03-14,41bf3cc1bd1a26a479fb955ae1eacadc_1.5
41bf3cc1bd1a26a479fb955ae1eacadc,FC Cartagena,Burgos CF,2025-03-15T15:15:00Z,soccer_spain_segunda_division,La Liga 2,pinnacle,2.0,2.1,1.78,2025-03-14T11:55:27Z,2025-03-14,41bf3cc1bd1a26a479fb955ae1eacadc_2.0
41bf3cc1bd1a26a479fb955ae1eacadc,FC Cartagena,Burgos CF,2025-03-15T15:15:00Z,soccer_spain_segunda_division,La Liga 2,tipico_de,1.5,1.52,2.35,2025-03-14T11:55:29Z,2025-03-14,41bf3cc1bd1a26a479fb955ae1eacadc_1.5
41bf3cc1bd1a26a479fb955ae1eacadc,FC Cartagena,Burgos CF,2025-03-15T15:15:00Z,soccer_spain_segunda_division,La Liga 2,williamhill,2.5,2.62,1.44,2025-03-14T11:55:29Z,2025-03-14,41bf3cc1bd1a26a479fb955ae1eacadc_2.5
41bf3cc1bd1a26a479fb955ae1eacadc,FC Cartagena,Burgos CF,2025-03-15T15:15:00Z,soccer_spain_segunda_division,La Liga 2,bovada,2.0,2.08,1.78,2025-03-14T11:55:27Z,2025-03-14,41bf3cc1bd1a26a479fb955ae1eacadc_2.0
41bf3cc1bd1a26a479fb955ae1eacadc,FC Cartagena,Burgos CF,2025-03-15T15:15:00Z,soccer_spain_segunda_division,La Liga 2,coolbet,2.0,2.01,1.78,2025-03-14T11:55:28Z,2025-03-14,41bf3cc1bd1a26a479fb955ae1eacadc_2.0
41bf3cc1bd1a26a479fb955ae1eacadc,FC Cartagena,Burgos CF,2025-03-15T15:15:00Z,soccer_spain_segunda_division,La Liga 2,betus,2.0,1.99,1.78,2025-03-14T11:55:28Z,2025-03-14,41bf3cc1bd1a26a479fb955ae1eacadc_2.0
41bf3cc1bd1a26a479fb955ae1eacadc,FC Cartagena,Burgos CF,2025-03-15T15:15:00Z,soccer_spain_segunda_division,La Liga 2,betanysports,2.0,2.08,1.78,2025-03-14T11:55:28Z,2025-03-14,41bf3cc1bd1a26a479fb955ae1eacadc_2.0
41bf3cc1bd1a26a479fb955ae1eacadc,FC Cartagena,Burgos CF,2025-03-15T15:15:00Z,soccer_spain_segunda_division,La Liga 2,betonlineag,1.75,1.78,2.08,2025-03-14T11:55:27Z,2025-03-14,41bf3cc1bd1a26a479fb955ae1eacadc_1.75
41bf3cc1bd1a26a479fb955ae1eacadc,FC Cartagena,Burgos CF,2025-03-15T15:15:00Z,soccer_spain_segunda_division,La Liga 2,lowvig,1.75,1.78,2.08,2025-03-14T11:55:27Z,2025-03-14,41bf3cc1bd1a26a479fb955ae1eacadc_1.75
c756386e055453118cc77b6a0c4e275f,Almería,Zaragoza,2025-03-15T17:30:00Z,soccer_spain_segunda_division,La Liga 2,onexbet,2.5,1.76,2.06,2025-03-14T11:55:27Z,2025-03-14,c756386e055453118cc77b6a0c4e275f_2.5
c756386e055453118cc77b6a0c4e275f,Almería,Zaragoza,2025-03-15T17:30:00Z,soccer_spain_segunda_division,La Liga 2,nordicbet,2.5,1.75,2.01,2025-03-14T11:55:27Z,2025-03-14,c756386e055453118cc77b6a0c4e275f_2.5
c756386e055453118cc77b6a0c4e275f,Almería,Zaragoza,2025-03-15T17:30:00Z,soccer_spain_segunda_division,La Liga 2,betsson,2.5,1.75,2.01,2025-03-14T11:55:30Z,2025-03-14,c756386e055453118cc77b6a0c4e275f_2.5
c756386e055453118cc77b6a0c4e275f,Almería,Zaragoza,2025-03-15T17:30:00Z,soccer_spain_segunda_division,La Liga 2,pinnacle,2.75,1.98,1.88,2025-03-14T11:55:27Z,2025-03-14,c756386e055453118cc77b6a0c4e275f_2.75
c756386e055453118cc77b6a0c4e275f,Almería,Zaragoza,2025-03-15T17:30:00Z,soccer_spain_segunda_division,La Liga 2,bovada,2.75,1.98,1.85,2025-03-14T11:55:27Z,2025-03-14,c756386e055453118cc77b6a0c4e275f_2.75
c756386e055453118cc77b6a0c4e275f,Almería,Zaragoza,2025-03-15T17:30:00Z,soccer_spain_segunda_division,La Liga 2,tipico_de,2.5,1.7,2.0,2025-03-14T11:55:29Z,2025-03-14,c756386e055453118cc77b6a0c4e275f_2.5
c756386e055453118cc77b6a0c4e275f,Almería,Zaragoza,2025-03-15T17:30:00Z,soccer_spain_segunda_division,La Liga 2,williamhill,2.5,1.75,1.95,2025-03-14T11:55:29Z,2025-03-14,c756386e055453118cc77b6a0c4e275f_2.5
c756386e055453118cc77b6a0c4e275f,Almería,Zaragoza,2025-03-15T17:30:00Z,soccer_spain_segunda_division,La Liga 2,unibet,2.5,1.75,1.96,2025-03-14T11:55:27Z,2025-03-14,c756386e055453118cc77b6a0c4e275f_2.5
c756386e055453118cc77b6a0c4e275f,Almería,Zaragoza,2025-03-15T17:30:00Z,soccer_spain_segunda_division,La Liga 2,unibet_eu,2.5,1.75,1.96,2025-03-14T11:55:28Z,2025-03-14,c756386e055453118cc77b6a0c4e275f_2.5
c756386e055453118cc77b6a0c4e275f,Almería,Zaragoza,2025-03-15T17:30:00Z,soccer_spain_segunda_division,La Liga 2,betus,2.75,1.89,1.85,2025-03-14T11:55:28Z,2025-03-14,c756386e055453118cc77b6a0c4e275f_2.75
c756386e055453118cc77b6a0c4e275f,Almería,Zaragoza,2025-03-15T17:30:00Z,soccer_spain_segunda_division,La Liga 2,coolbet,2.5,1.76,2.03,2025-03-14T11:55:28Z,2025-03-14,c756386e055453118cc77b6a0c4e275f_2.5
c756386e055453118cc77b6a0c4e275f,Almería,Zaragoza,2025-03-15T17:30:00Z,soccer_spain_segunda_division,La Liga 2,betanysports,2.75,1.98,1.85,2025-03-14T11:55:28Z,2025-03-14,c756386e055453118cc77b6a0c4e275f_2.75
c756386e055453118cc77b6a0c4e275f,Almería,Zaragoza,2025-03-15T17:30:00Z,soccer_spain_segunda_division,La Liga 2,matchbook,2.5,1.8,2.08,2025-03-14T11:55:27Z,2025-03-14,c756386e055453118cc77b6a0c4e275f_2.5
c756386e055453118cc77b6a0c4e275f,Almería,Zaragoza,2025-03-15T17:30:00Z,soccer_spain_segunda_division,La Liga 2,lowvig,2.75,2.01,1.83,2025-03-14T11:55:27Z,2025-03-14,c756386e055453118cc77b6a0c4e275f_2.75
c756386e055453118cc77b6a0c4e275f,Almería,Zaragoza,2025-03-15T17:30:00Z,soccer_spain_segunda_division,La Liga 2,betonlineag,2.75,2.01,1.83,2025-03-14T11:55:27Z,2025-03-14,c756386e055453118cc77b6a0c4e275f_2.75
e154652c70112eba39bf10d13c430569,Córdoba,Sporting Gijón,2025-03-15T20:00:00Z,soccer_spain_segunda_division,La Liga 2,nordicbet,2.5,2.17,1.64,2025-03-14T11:55:27Z,2025-03-14,e154652c70112eba39bf10d13c430569_2.5
e154652c70112eba39bf10d13c430569,Córdoba,Sporting Gijón,2025-03-15T20:00:00Z,soccer_spain_segunda_division,La Liga 2,betsson,2.5,2.17,1.64,2025-03-14T11:55:30Z,2025-03-14,e154652c70112eba39bf10d13c430569_2.5
e154652c70112eba39bf10d13c430569,Córdoba,Sporting Gijón,2025-03-15T20:00:00Z,soccer_spain_segunda_division,La Liga 2,onexbet,2.5,2.18,1.68,2025-03-14T11:55:27Z,2025-03-14,e154652c70112eba39bf10d13c430569_2.5
e154652c70112eba39bf10d13c430569,Córdoba,Sporting Gijón,2025-03-15T20:00:00Z,soccer_spain_segunda_division,La Liga 2,pinnacle,2.25,1.93,1.93,2025-03-14T11:55:27Z,2025-03-14,e154652c70112eba39bf10d13c430569_2.25
e154652c70112eba39bf10d13c430569,Córdoba,Sporting Gijón,2025-03-15T20:00:00Z,soccer_spain_segunda_division,La Liga 2,bovada,2.25,1.95,1.87,2025-03-14T11:55:27Z,2025-03-14,e154652c70112eba39bf10d13c430569_2.25
e154652c70112eba39bf10d13c430569,Córdoba,Sporting Gijón,2025-03-15T20:00:00Z,soccer_spain_segunda_division,La Liga 2,tipico_de,2.5,2.1,1.65,2025-03-14T11:55:29Z,2025-03-14,e154652c70112eba39bf10d13c430569_2.5
e154652c70112eba39bf10d13c430569,Córdoba,Sporting Gijón,2025-03-15T20:00:00Z,soccer_spain_segunda_division,La Liga 2,williamhill,2.5,2.15,1.67,2025-03-14T11:55:29Z,2025-03-14,e154652c70112eba39bf10d13c430569_2.5
e154652c70112eba39bf10d13c430569,Córdoba,Sporting Gijón,2025-03-15T20:00:00Z,soccer_spain_segunda_division,La Liga 2,unibet_eu,2.5,2.14,1.63,2025-03-14T11:55:28Z,2025-03-14,e154652c70112eba39bf10d13c430569_2.5
e154652c70112eba39bf10d13c430569,Córdoba,Sporting Gijón,2025-03-15T20:00:00Z,soccer_spain_segunda_division,La Liga 2,unibet,2.5,2.14,1.63,2025-03-14T11:55:27Z,2025-03-14,e154652c70112eba39bf10d13c430569_2.5
e154652c70112eba39bf10d13c430569,Córdoba,Sporting Gijón,2025-03-15T20:00:00Z,soccer_spain_segunda_division,La Liga 2,betus,2.25,1.87,1.87,2025-03-14T11:55:28Z,2025-03-14,e154652c70112eba39bf10d13c430569_2.25
e154652c70112eba39bf10d13c430569,Córdoba,Sporting Gijón,2025-03-15T20:00:00Z,soccer_spain_segunda_division,La Liga 2,coolbet,2.5,2.19,1.66,2025-03-14T11:55:28Z,2025-03-14,e154652c70112eba39bf10d13c430569_2.5
e154652c70112eba39bf10d13c430569,Córdoba,Sporting Gijón,2025-03-15T20:00:00Z,soccer_spain_segunda_division,La Liga 2,betanysports,2.25,1.95,1.87,2025-03-14T11:55:28Z,2025-03-14,e154652c70112eba39bf10d13c430569_2.25
e154652c70112eba39bf10d13c430569,Córdoba,Sporting Gijón,2025-03-15T20:00:00Z,soccer_spain_segunda_division,La Liga 2,matchbook,2.5,2.18,1.68,2025-03-14T11:55:27Z,2025-03-14,e154652c70112eba39bf10d13c430569_2.5
e154652c70112eba39bf10d13c430569,Córdoba,Sporting Gijón,2025-03-15T20:00:00Z,soccer_spain_segunda_division,La Liga 2,lowvig,2.25,1.95,1.87,2025-03-14T11:55:27Z,2025-03-14,e154652c70112eba39bf10d13c430569_2.25
e154652c70112eba39bf10d13c430569,Córdoba,Sporting Gijón,2025-03-15T20:00:00Z,soccer_spain_segunda_division,La Liga 2,betonlineag,2.25,1.95,1.87,2025-03-14T11:55:27Z,2025-03-14,e154652c70112eba39bf10d13c430569_2.25
47ae869a8b5947a9108726ab7eb0aaa9,CD Eldense,CD Mirandés,2025-03-16T13:00:00Z,soccer_spain_segunda_division,La Liga 2,nordicbet,2.5,2.34,1.55,2025-03-14T11:55:27Z,2025-03-14,47ae869a8b5947a9108726ab7eb0aaa9_2.5
47ae869a8b5947a9108726ab7eb0aaa9,CD Eldense,CD Mirandés,2025-03-16T13:00:00Z,soccer_spain_segunda_division,La Liga 2,betsson,2.5,2.34,1.55,2025-03-14T11:55:30Z,2025-03-14,47ae869a8b5947a9108726ab7eb0aaa9_2.5
47ae869a8b5947a9108726ab7eb0aaa9,CD Eldense,CD Mirandés,2025-03-16T13:00:00Z,soccer_spain_segunda_division,La Liga 2,pinnacle,2.0,1.78,2.08,2025-03-14T11:55:27Z,2025-03-14,47ae869a8b5947a9108726ab7eb0aaa9_2.0
47ae869a8b5947a9108726ab7eb0aaa9,CD Eldense,CD Mirandés,2025-03-16T13:00:00Z,soccer_spain_segunda_division,La Liga 2,onexbet,2.5,2.25,1.54,2025-03-14T11:55:27Z,2025-03-14,47ae869a8b5947a9108726ab7eb0aaa9_2.5
47ae869a8b5947a9108726ab7eb0aaa9,CD Eldense,CD Mirandés,2025-03-16T13:00:00Z,soccer_spain_segunda_division,La Liga 2,bovada,2.0,1.8,2.05,2025-03-14T11:55:27Z,2025-03-14,47ae869a8b5947a9108726ab7eb0aaa9_2.0
47ae869a8b5947a9108726ab7eb0aaa9,CD Eldense,CD Mirandés,2025-03-16T13:00:00Z,soccer_spain_segunda_division,La Liga 2,tipico_de,2.5,2.25,1.55,2025-03-14T11:55:29Z,2025-03-14,47ae869a8b5947a9108726ab7eb0aaa9_2.5
47ae869a8b5947a9108726ab7eb0aaa9,CD Eldense,CD Mirandés,2025-03-16T13:00:00Z,soccer_spain_segunda_division,La Liga 2,williamhill,2.5,2.3,1.57,2025-03-14T11:55:29Z,2025-03-14,47ae869a8b5947a9108726ab7eb0aaa9_2.5
47ae869a8b5947a9108726ab7eb0aaa9,CD Eldense,CD Mirandés,2025-03-16T13:00:00Z,soccer_spain_segunda_division,La Liga 2,unibet,2.5,2.25,1.56,2025-03-14T11:55:27Z,2025-03-14,47ae869a8b5947a9108726ab7eb0aaa9_2.5
47ae869a8b5947a9108726ab7eb0aaa9,CD Eldense,CD Mirandés,2025-03-16T13:00:00Z,soccer_spain_segunda_division,La Liga 2,unibet_eu,2.5,2.25,1.56,2025-03-14T11:55:28Z,2025-03-14,47ae869a8b5947a9108726ab7eb0aaa9_2.5
47ae869a8b5947a9108726ab7eb0aaa9,CD Eldense,CD Mirandés,2025-03-16T13:00:00Z,soccer_spain_segunda_division,La Liga 2,betus,2.0,1.78,1.98,2025-03-14T11:55:28Z,2025-03-14,47ae869a8b5947a9108726ab7eb0aaa9_2.0
47ae869a8b5947a9108726ab7eb0aaa9,CD Eldense,CD Mirandés,2025-03-16T13:00:00Z,soccer_spain_segunda_division,La Liga 2,coolbet,2.0,1.76,2.03,2025-03-14T11:55:28Z,2025-03-14,47ae869a8b5947a9108726ab7eb0aaa9_2.0
47ae869a8b5947a9108726ab7eb0aaa9,CD Eldense,CD Mirandés,2025-03-16T13:00:00Z,soccer_spain_segunda_division,La Liga 2,matchbook,2.5,2.42,1.55,2025-03-14T11:55:27Z,2025-03-14,47ae869a8b5947a9108726ab7eb0aaa9_2.5
47ae869a8b5947a9108726ab7eb0aaa9,CD Eldense,CD Mirandés,2025-03-16T13:00:00Z,soccer_spain_segunda_division,La Liga 2,lowvig,2.0,1.79,2.06,2025-03-14T11:55:27Z,2025-03-14,47ae869a8b5947a9108726ab7eb0aaa9_2.0
47ae869a8b5947a9108726ab7eb0aaa9,CD Eldense,CD Mirandés,2025-03-16T13:00:00Z,soccer_spain_segunda_division,La Liga 2,betonlineag,2.0,1.79,2.06,2025-03-14T11:55:27Z,2025-03-14,47ae869a8b5947a9108726ab7eb0aaa9_2.0
5ffef13fc2b407444c0c87e56d4ad59c,1. FC Magdeburg,Hamburger SV,2025-03-14T17:30:00Z,soccer_germany_bundesliga2,Bundesliga 2,pinnacle,3.0,1.96,1.92,2025-03-14T11:55:25Z,2025-03-14,5ffef13fc2b407444c0c87e56d4ad59c_3.0
5ffef13fc2b407444c0c87e56d4ad59c,1. FC Magdeburg,Hamburger SV,2025-03-14T17:30:00Z,soccer_germany_bundesliga2,Bundesliga 2,nordicbet,2.5,1.57,2.32,2025-03-14T11:55:26Z,2025-03-14,5ffef13fc2b407444c0c87e56d4ad59c_2.5
5ffef13fc2b407444c0c87e56d4ad59c,1. FC Magdeburg,Hamburger SV,2025-03-14T17:30:00Z,soccer_germany_bundesliga2,Bundesliga 2,betsson,2.5,1.57,2.32,2025-03-14T11:55:26Z,2025-03-14,5ffef13fc2b407444c0c87e56d4ad59c_2.5
5ffef13fc2b407444c0c87e56d4ad59c,1. FC Magdeburg,Hamburger SV,2025-03-14T17:30:00Z,soccer_germany_bundesliga2,Bundesliga 2,tipico_de,2.5,1.57,2.35,2025-03-14T11:55:27Z,2025-03-14,5ffef13fc2b407444c0c87e56d4ad59c_2.5
5ffef13fc2b407444c0c87e56d4ad59c,1. FC Magdeburg,Hamburger SV,2025-03-14T17:30:00Z,soccer_germany_bundesliga2,Bundesliga 2,onexbet,2.5,1.53,2.27,2025-03-14T11:55:26Z,2025-03-14,5ffef13fc2b407444c0c87e56d4ad59c_2.5
5ffef13fc2b407444c0c87e56d4ad59c,1. FC Magdeburg,Hamburger SV,2025-03-14T17:30:00Z,soccer_germany_bundesliga2,Bundesliga 2,bovada,3.0,1.93,1.89,2025-03-14T11:55:26Z,2025-03-14,5ffef13fc2b407444c0c87e56d4ad59c_3.0
5ffef13fc2b407444c0c87e56d4ad59c,1. FC Magdeburg,Hamburger SV,2025-03-14T17:30:00Z,soccer_germany_bundesliga2,Bundesliga 2,betrivers,3.5,2.38,1.53,2025-03-14T11:55:26Z,2025-03-14,5ffef13fc2b407444c0c87e56d4ad59c_3.5
5ffef13fc2b407444c0c87e56d4ad59c,1. FC Magdeburg,Hamburger SV,2025-03-14T17:30:00Z,soccer_germany_bundesliga2,Bundesliga 2,unibet,3.5,2.38,1.53,2025-03-14T11:55:26Z,2025-03-14,5ffef13fc2b407444c0c87e56d4ad59c_3.5
5ffef13fc2b407444c0c87e56d4ad59c,1. FC Magdeburg,Hamburger SV,2025-03-14T17:30:00Z,soccer_germany_bundesliga2,Bundesliga 2,unibet_eu,3.5,2.38,1.53,2025-03-14T11:55:26Z,2025-03-14,5ffef13fc2b407444c0c87e56d4ad59c_3.5
5ffef13fc2b407444c0c87e56d4ad59c,1. FC Magdeburg,Hamburger SV,2025-03-14T17:30:00Z,soccer_germany_bundesliga2,Bundesliga 2,betmgm,2.5,1.54,2.25,2025-03-14T11:53:55Z,2025-03-14,5ffef13fc2b407444c0c87e56d4ad59c_2.5
5ffef13fc2b407444c0c87e56d4ad59c,1. FC Magdeburg,Hamburger SV,2025-03-14T17:30:00Z,soccer_germany_bundesliga2,Bundesliga 2,williamhill,2.5,1.57,2.3,2025-03-14T11:55:27Z,2025-03-14,5ffef13fc2b407444c0c87e56d4ad59c_2.5
5ffef13fc2b407444c0c87e56d4ad59c,1. FC Magdeburg,Hamburger SV,2025-03-14T17:30:00Z,soccer_germany_bundesliga2,Bundesliga 2,coolbet,3.0,1.9,1.87,2025-03-14T11:55:27Z,2025-03-14,5ffef13fc2b407444c0c87e56d4ad59c_3.0
5ffef13fc2b407444c0c87e56d4ad59c,1. FC Magdeburg,Hamburger SV,2025-03-14T17:30:00Z,soccer_germany_bundesliga2,Bundesliga 2,playup,2.5,1.55,2.35,2025-03-14T11:55:27Z,2025-03-14,5ffef13fc2b407444c0c87e56d4ad59c_2.5
5ffef13fc2b407444c0c87e56d4ad59c,1. FC Magdeburg,Hamburger SV,2025-03-14T17:30:00Z,soccer_germany_bundesliga2,Bundesliga 2,betonlineag,3.0,1.93,1.89,2025-03-14T11:53:55Z,2025-03-14,5ffef13fc2b407444c0c87e56d4ad59c_3.0
5ffef13fc2b407444c0c87e56d4ad59c,1. FC Magdeburg,Hamburger SV,2025-03-14T17:30:00Z,soccer_germany_bundesliga2,Bundesliga 2,lowvig,3.0,1.93,1.89,2025-03-14T11:55:25Z,2025-03-14,5ffef13fc2b407444c0c87e56d4ad59c_3.0
8ce1c91ce5148a1a1fd4e448fbd59e2c,FC Schalke 04,Hannover 96,2025-03-14T17:30:00Z,soccer_germany_bundesliga2,Bundesliga 2,betsson,2.5,1.92,1.82,2025-03-14T11:55:26Z,2025-03-14,8ce1c91ce5148a1a1fd4e448fbd59e2c_2.5
8ce1c91ce5148a1a1fd4e448fbd59e2c,FC Schalke 04,Hannover 96,2025-03-14T17:30:00Z,soccer_germany_bundesliga2,Bundesliga 2,tipico_de,2.5,1.93,1.83,2025-03-14T11:55:27Z,2025-03-14,8ce1c91ce5148a1a1fd4e448fbd59e2c_2.5
8ce1c91ce5148a1a1fd4e448fbd59e2c,FC Schalke 04,Hannover 96,2025-03-14T17:30:00Z,soccer_germany_bundesliga2,Bundesliga 2,nordicbet,2.5,1.92,1.82,2025-03-14T11:55:26Z,2025-03-14,8ce1c91ce5148a1a1fd4e448fbd59e2c_2.5
8ce1c91ce5148a1a1fd4e448fbd59e2c,FC Schalke 04,Hannover 96,2025-03-14T17:30:00Z,soccer_germany_bundesliga2,Bundesliga 2,onexbet,2.5,1.92,1.88,2025-03-14T11:55:26Z,2025-03-14,8ce1c91ce5148a1a1fd4e448fbd59e2c_2.5
8ce1c91ce5148a1a1fd4e448fbd59e2c,FC Schalke 04,Hannover 96,2025-03-14T17:30:00Z,soccer_germany_bundesliga2,Bundesliga 2,pinnacle,2.5,1.98,1.9,2025-03-14T11:55:25Z,2025-03-14,8ce1c91ce5148a1a1fd4e448fbd59e2c_2.5
8ce1c91ce5148a1a1fd4e448fbd59e2c,FC Schalke 04,Hannover 96,2025-03-14T17:30:00Z,soccer_germany_bundesliga2,Bundesliga 2,williamhill,2.5,1.95,1.8,2025-03-14T11:55:27Z,2025-03-14,8ce1c91ce5148a1a1fd4e448fbd59e2c_2.5
8ce1c91ce5148a1a1fd4e448fbd59e2c,FC Schalke 04,Hannover 96,2025-03-14T17:30:00Z,soccer_germany_bundesliga2,Bundesliga 2,bovada,2.5,1.95,1.87,2025-03-14T11:55:26Z,2025-03-14,8ce1c91ce5148a1a1fd4e448fbd59e2c_2.5
8ce1c91ce5148a1a1fd4e448fbd59e2c,FC Schalke 04,Hannover 96,2025-03-14T17:30:00Z,soccer_germany_bundesliga2,Bundesliga 2,coolbet,2.5,1.93,1.85,2025-03-14T11:55:27Z,2025-03-14,8ce1c91ce5148a1a1fd4e448fbd59e2c_2.5
8ce1c91ce5148a1a1fd4e448fbd59e2c,FC Schalke 04,Hannover 96,2025-03-14T17:30:00Z,soccer_germany_bundesliga2,Bundesliga 2,playup,2.5,1.93,1.83,2025-03-14T11:55:27Z,2025-03-14,8ce1c91ce5148a1a1fd4e448fbd59e2c_2.5
8ce1c91ce5148a1a1fd4e448fbd59e2c,FC Schalke 04,Hannover 96,2025-03-14T17:30:00Z,soccer_germany_bundesliga2,Bundesliga 2,betrivers,2.5,1.92,1.8,2025-03-14T11:55:26Z,2025-03-14,8ce1c91ce5148a1a1fd4e448fbd59e2c_2.5
8ce1c91ce5148a1a1fd4e448fbd59e2c,FC Schalke 04,Hannover 96,2025-03-14T17:30:00Z,soccer_germany_bundesliga2,Bundesliga 2,unibet_eu,2.5,1.92,1.8,2025-03-14T11:55:26Z,2025-03-14,8ce1c91ce5148a1a1fd4e448fbd59e2c_2.5
8ce1c91ce5148a1a1fd4e448fbd59e2c,FC Schalke 04,Hannover 96,2025-03-14T17:30:00Z,soccer_germany_bundesliga2,Bundesliga 2,unibet,2.5,1.92,1.8,2025-03-14T11:55:26Z,2025-03-14,8ce1c91ce5148a1a1fd4e448fbd59e2c_2.5
8ce1c91ce5148a1a1fd4e448fbd59e2c,FC Schalke 04,Hannover 96,2025-03-14T17:30:00Z,soccer_germany_bundesliga2,Bundesliga 2,matchbook,2.5,2.04,1.94,2025-03-14T11:55:25Z,2025-03-14,8ce1c91ce5148a1a1fd4e448fbd59e2c_2.5
8ce1c91ce5148a1a1fd4e448fbd59e2c,FC Schalke 04,Hannover 96,2025-03-14T17:30:00Z,soccer_germany_bundesliga2,Bundesliga 2,lowvig,2.5,1.98,1.85,2025-03-14T11:55:25Z,2025-03-14,8ce1c91ce5148a1a1fd4e448fbd59e2c_2.5
8ce1c91ce5148a1a1fd4e448fbd59e2c,FC Schalke 04,Hannover 96,2025-03-14T17:30:00Z,soccer_germany_bundesliga2,Bundesliga 2,betonlineag,2.5,1.98,1.85,2025-03-14T11:53:55Z,2025-03-14,8ce1c91ce5148a1a1fd4e448fbd59e2c_2.5
09517daec7858290a1adb15fca4b3ef6,SC Paderborn,1. FC Kaiserslautern,2025-03-15T12:00:00Z,soccer_germany_bundesliga2,Bundesliga 2,betsson,2.5,1.58,2.29,2025-03-14T11:55:26Z,2025-03-14,09517daec7858290a1adb15fca4b3ef6_2.5
09517daec7858290a1adb15fca4b3ef6,SC Paderborn,1. FC Kaiserslautern,2025-03-15T12:00:00Z,soccer_germany_bundesliga2,Bundesliga 2,tipico_de,2.5,1.6,2.3,2025-03-14T11:55:27Z,2025-03-14,09517daec7858290a1adb15fca4b3ef6_2.5
09517daec7858290a1adb15fca4b3ef6,SC Paderborn,1. FC Kaiserslautern,2025-03-15T12:00:00Z,soccer_germany_bundesliga2,Bundesliga 2,nordicbet,2.5,1.58,2.29,2025-03-14T11:55:26Z,2025-03-14,09517daec7858290a1adb15fca4b3ef6_2.5
09517daec7858290a1adb15fca4b3ef6,SC Paderborn,1. FC Kaiserslautern,2025-03-15T12:00:00Z,soccer_germany_bundesliga2,Bundesliga 2,onexbet,2.5,1.59,2.35,2025-03-14T11:55:26Z,2025-03-14,09517daec7858290a1adb15fca4b3ef6_2.5
09517daec7858290a1adb15fca4b3ef6,SC Paderborn,1. FC Kaiserslautern,2025-03-15T12:00:00Z,soccer_germany_bundesliga2,Bundesliga 2,pinnacle,3.0,1.94,1.91,2025-03-14T11:55:25Z,2025-03-14,09517daec7858290a1adb15fca4b3ef6_3.0
09517daec7858290a1adb15fca4b3ef6,SC Paderborn,1. FC Kaiserslautern,2025-03-15T12:00:00Z,soccer_germany_bundesliga2,Bundesliga 2,williamhill,2.5,1.62,2.2,2025-03-14T11:55:27Z,2025-03-14,09517daec7858290a1adb15fca4b3ef6_2.5
09517daec7858290a1adb15fca4b3ef6,SC Paderborn,1. FC Kaiserslautern,2025-03-15T12:00:00Z,soccer_germany_bundesliga2,Bundesliga 2,bovada,3.0,1.95,1.87,2025-03-14T11:55:26Z,2025-03-14,09517daec7858290a1adb15fca4b3ef6_3.0
09517daec7858290a1adb15fca4b3ef6,SC Paderborn,1. FC Kaiserslautern,2025-03-15T12:00:00Z,soccer_germany_bundesliga2,Bundesliga 2,betrivers,2.5,1.6,2.2,2025-03-14T11:55:26Z,2025-03-14,09517daec7858290a1adb15fca4b3ef6_2.5
09517daec7858290a1adb15fca4b3ef6,SC Paderborn,1. FC Kaiserslautern,2025-03-15T12:00:00Z,soccer_germany_bundesliga2,Bundesliga 2,unibet,2.5,1.6,2.2,2025-03-14T11:55:26Z,2025-03-14,09517daec7858290a1adb15fca4b3ef6_2.5
09517daec7858290a1adb15fca4b3ef6,SC Paderborn,1. FC Kaiserslautern,2025-03-15T12:00:00Z,soccer_germany_bundesliga2,Bundesliga 2,unibet_eu,2.5,1.6,2.2,2025-03-14T11:55:26Z,2025-03-14,09517daec7858290a1adb15fca4b3ef6_2.5
09517daec7858290a1adb15fca4b3ef6,SC Paderborn,1. FC Kaiserslautern,2025-03-15T12:00:00Z,soccer_germany_bundesliga2,Bundesliga 2,coolbet,3.0,1.98,1.8,2025-03-14T11:55:27Z,2025-03-14,09517daec7858290a1adb15fca4b3ef6_3.0
09517daec7858290a1adb15fca4b3ef6,SC Paderborn,1. FC Kaiserslautern,2025-03-15T12:00:00Z,soccer_germany_bundesliga2,Bundesliga 2,playup,3.5,2.35,1.55,2025-03-14T11:55:27Z,2025-03-14,09517daec7858290a1adb15fca4b3ef6_3.5
09517daec7858290a1adb15fca4b3ef6,SC Paderborn,1. FC Kaiserslautern,2025-03-15T12:00:00Z,soccer_germany_bundesliga2,Bundesliga 2,betonlineag,3.0,1.95,1.87,2025-03-14T11:53:55Z,2025-03-14,09517daec7858290a1adb15fca4b3ef6_3.0
09517daec7858290a1adb15fca4b3ef6,SC Paderborn,1. FC Kaiserslautern,2025-03-15T12:00:00Z,soccer_germany_bundesliga2,Bundesliga 2,lowvig,3.0,1.95,1.87,2025-03-14T11:55:25Z,2025-03-14,09517daec7858290a1adb15fca4b3ef6_3.0
c5bd57aa350147e18590438477213c1e,Elversberg,SC Preußen Münster,2025-03-15T12:00:00Z,soccer_germany_bundesliga2,Bundesliga 2,betsson,2.5,1.8,1.94,2025-03-14T11:55:26Z,2025-03-14,c5bd57aa350147e18590438477213c1e_2.5
c5bd57aa350147e18590438477213c1e,Elversberg,SC Preußen Münster,2025-03-15T12:00:00Z,soccer_germany_bundesliga2,Bundesliga 2,tipico_de,2.5,1.83,1.93,2025-03-14T11:55:27Z,2025-03-14,c5bd57aa350147e18590438477213c1e_2.5
c5bd57aa350147e18590438477213c1e,Elversberg,SC Preußen Münster,2025-03-15T12:00:00Z,soccer_germany_bundesliga2,Bundesliga 2,nordicbet,2.5,1.8,1.94,2025-03-14T11:55:26Z,2025-03-14,c5bd57aa350147e18590438477213c1e_2.5
c5bd57aa350147e18590438477213c1e,Elversberg,SC Preußen Münster,2025-03-15T12:00:00Z,soccer_germany_bundesliga2,Bundesliga 2,onexbet,2.5,1.87,1.93,2025-03-14T11:55:26Z,2025-03-14,c5bd57aa350147e18590438477213c1e_2.5
c5bd57aa350147e18590438477213c1e,Elversberg,SC Preußen Münster,2025-03-15T12:00:00Z,soccer_germany_bundesliga2,Bundesliga 2,pinnacle,2.5,1.9,1.95,2025-03-14T11:55:25Z,2025-03-14,c5bd57aa350147e18590438477213c1e_2.5
c5bd57aa350147e18590438477213c1e,Elversberg,SC Preußen Münster,2025-03-15T12:00:00Z,soccer_germany_bundesliga2,Bundesliga 2,williamhill,2.5,1.8,1.91,2025-03-14T11:55:27Z,2025-03-14,c5bd57aa350147e18590438477213c1e_2.5
c5bd57aa350147e18590438477213c1e,Elversberg,SC Preußen Münster,2025-03-15T12:00:00Z,soccer_germany_bundesliga2,Bundesliga 2,bovada,2.5,1.85,1.98,2025-03-14T11:55:26Z,2025-03-14,c5bd57aa350147e18590438477213c1e_2.5
c5bd57aa350147e18590438477213c1e,Elversberg,SC Preußen Münster,2025-03-15T12:00:00Z,soccer_germany_bundesliga2,Bundesliga 2,unibet,2.5,1.82,1.91,2025-03-14T11:55:26Z,2025-03-14,c5bd57aa350147e18590438477213c1e_2.5
c5bd57aa350147e18590438477213c1e,Elversberg,SC Preußen Münster,2025-03-15T12:00:00Z,soccer_germany_bundesliga2,Bundesliga 2,unibet_eu,2.5,1.82,1.91,2025-03-14T11:55:26Z,2025-03-14,c5bd57aa350147e18590438477213c1e_2.5
c5bd57aa350147e18590438477213c1e,Elversberg,SC Preußen Münster,2025-03-15T12:00:00Z,soccer_germany_bundesliga2,Bundesliga 2,betrivers,2.5,1.82,1.91,2025-03-14T11:55:26Z,2025-03-14,c5bd57aa350147e18590438477213c1e_2.5
c5bd57aa350147e18590438477213c1e,Elversberg,SC Preußen Münster,2025-03-15T12:00:00Z,soccer_germany_bundesliga2,Bundesliga 2,coolbet,2.5,1.82,1.96,2025-03-14T11:55:27Z,2025-03-14,c5bd57aa350147e18590438477213c1e_2.5
c5bd57aa350147e18590438477213c1e,Elversberg,SC Preußen Münster,2025-03-15T12:00:00Z,soccer_germany_bundesliga2,Bundesliga 2,playup,2.5,1.82,1.92,2025-03-14T11:55:27Z,2025-03-14,c5bd57aa350147e18590438477213c1e_2.5
c5bd57aa350147e18590438477213c1e,Elversberg,SC Preußen Münster,2025-03-15T12:00:00Z,soccer_germany_bundesliga2,Bundesliga 2,matchbook,2.5,1.89,2.0,2025-03-14T11:55:25Z,2025-03-14,c5bd57aa350147e18590438477213c1e_2.5
c5bd57aa350147e18590438477213c1e,Elversberg,SC Preußen Münster,2025-03-15T12:00:00Z,soccer_germany_bundesliga2,Bundesliga 2,betonlineag,2.5,1.87,1.95,2025-03-14T11:53:55Z,2025-03-14,c5bd57aa350147e18590438477213c1e_2.5
c5bd57aa350147e18590438477213c1e,Elversberg,SC Preußen Münster,2025-03-15T12:00:00Z,soccer_germany_bundesliga2,Bundesliga 2,lowvig,2.5,1.87,1.95,2025-03-14T11:55:25Z,2025-03-14,c5bd57aa350147e18590438477213c1e_2.5
395586dc45134fa36330007da2a32cd8,Fortuna Düsseldorf,Jahn Regensburg,2025-03-15T12:00:00Z,soccer_germany_bundesliga2,Bundesliga 2,betsson,2.5,1.68,2.11,2025-03-14T11:55:26Z,2025-03-14,395586dc45134fa36330007da2a32cd8_2.5
395586dc45134fa36330007da2a32cd8,Fortuna Düsseldorf,Jahn Regensburg,2025-03-15T12:00:00Z,soccer_germany_bundesliga2,Bundesliga 2,tipico_de,2.5,1.67,2.15,2025-03-14T11:55:27Z,2025-03-14,395586dc45134fa36330007da2a32cd8_2.5
395586dc45134fa36330007da2a32cd8,Fortuna Düsseldorf,Jahn Regensburg,2025-03-15T12:00:00Z,soccer_germany_bundesliga2,Bundesliga 2,nordicbet,2.5,1.68,2.11,2025-03-14T11:55:26Z,2025-03-14,395586dc45134fa36330007da2a32cd8_2.5
395586dc45134fa36330007da2a32cd8,Fortuna Düsseldorf,Jahn Regensburg,2025-03-15T12:00:00Z,soccer_germany_bundesliga2,Bundesliga 2,onexbet,2.5,1.71,2.13,2025-03-14T11:55:26Z,2025-03-14,395586dc45134fa36330007da2a32cd8_2.5
395586dc45134fa36330007da2a32cd8,Fortuna Düsseldorf,Jahn Regensburg,2025-03-15T12:00:00Z,soccer_germany_bundesliga2,Bundesliga 2,pinnacle,2.75,1.93,1.93,2025-03-14T11:55:25Z,2025-03-14,395586dc45134fa36330007da2a32cd8_2.75
395586dc45134fa36330007da2a32cd8,Fortuna Düsseldorf,Jahn Regensburg,2025-03-15T12:00:00Z,soccer_germany_bundesliga2,Bundesliga 2,williamhill,2.5,1.67,2.15,2025-03-14T11:55:27Z,2025-03-14,395586dc45134fa36330007da2a32cd8_2.5
395586dc45134fa36330007da2a32cd8,Fortuna Düsseldorf,Jahn Regensburg,2025-03-15T12:00:00Z,soccer_germany_bundesliga2,Bundesliga 2,bovada,2.75,1.89,1.93,2025-03-14T11:55:26Z,2025-03-14,395586dc45134fa36330007da2a32cd8_2.75
395586dc45134fa36330007da2a32cd8,Fortuna Düsseldorf,Jahn Regensburg,2025-03-15T12:00:00Z,soccer_germany_bundesliga2,Bundesliga 2,betrivers,2.5,1.63,2.17,2025-03-14T11:55:26Z,2025-03-14,395586dc45134fa36330007da2a32cd8_2.5
395586dc45134fa36330007da2a32cd8,Fortuna Düsseldorf,Jahn Regensburg,2025-03-15T12:00:00Z,soccer_germany_bundesliga2,Bundesliga 2,unibet_eu,2.5,1.63,2.17,2025-03-14T11:55:26Z,2025-03-14,395586dc45134fa36330007da2a32cd8_2.5
395586dc45134fa36330007da2a32cd8,Fortuna Düsseldorf,Jahn Regensburg,2025-03-15T12:00:00Z,soccer_germany_bundesliga2,Bundesliga 2,unibet,2.5,1.63,2.17,2025-03-14T11:55:26Z,2025-03-14,395586dc45134fa36330007da2a32cd8_2.5
395586dc45134fa36330007da2a32cd8,Fortuna Düsseldorf,Jahn Regensburg,2025-03-15T12:00:00Z,soccer_germany_bundesliga2,Bundesliga 2,coolbet,2.5,1.7,2.12,2025-03-14T11:55:27Z,2025-03-14,395586dc45134fa36330007da2a32cd8_2.5
395586dc45134fa36330007da2a32cd8,Fortuna Düsseldorf,Jahn Regensburg,2025-03-15T12:00:00Z,soccer_germany_bundesliga2,Bundesliga 2,playup,2.5,1.68,2.12,2025-03-14T11:55:27Z,2025-03-14,395586dc45134fa36330007da2a32cd8_2.5
395586dc45134fa36330007da2a32cd8,Fortuna Düsseldorf,Jahn Regensburg,2025-03-15T12:00:00Z,soccer_germany_bundesliga2,Bundesliga 2,matchbook,2.5,1.72,2.22,2025-03-14T11:55:25Z,2025-03-14,395586dc45134fa36330007da2a32cd8_2.5
395586dc45134fa36330007da2a32cd8,Fortuna Düsseldorf,Jahn Regensburg,2025-03-15T12:00:00Z,soccer_germany_bundesliga2,Bundesliga 2,lowvig,2.75,1.92,1.9,2025-03-14T11:55:25Z,2025-03-14,395586dc45134fa36330007da2a32cd8_2.75
395586dc45134fa36330007da2a32cd8,Fortuna Düsseldorf,Jahn Regensburg,2025-03-15T12:00:00Z,soccer_germany_bundesliga2,Bundesliga 2,betonlineag,2.75,1.92,1.9,2025-03-14T11:53:55Z,2025-03-14,395586dc45134fa36330007da2a32cd8_2.75
0dd5487ec3f0f764ebd3f0a7338aaa56,1. FC Köln,SV Darmstadt 98,2025-03-15T19:30:00Z,soccer_germany_bundesliga2,Bundesliga 2,pinnacle,2.5,1.95,1.9,2025-03-14T11:55:25Z,2025-03-14,0dd5487ec3f0f764ebd3f0a7338aaa56_2.5
0dd5487ec3f0f764ebd3f0a7338aaa56,1. FC Köln,SV Darmstadt 98,2025-03-15T19:30:00Z,soccer_germany_bundesliga2,Bundesliga 2,nordicbet,2.5,1.87,1.87,2025-03-14T11:55:26Z,2025-03-14,0dd5487ec3f0f764ebd3f0a7338aaa56_2.5
0dd5487ec3f0f764ebd3f0a7338aaa56,1. FC Köln,SV Darmstadt 98,2025-03-15T19:30:00Z,soccer_germany_bundesliga2,Bundesliga 2,betsson,2.5,1.87,1.87,2025-03-14T11:55:26Z,2025-03-14,0dd5487ec3f0f764ebd3f0a7338aaa56_2.5
0dd5487ec3f0f764ebd3f0a7338aaa56,1. FC Köln,SV Darmstadt 98,2025-03-15T19:30:00Z,soccer_germany_bundesliga2,Bundesliga 2,tipico_de,2.5,1.87,1.87,2025-03-14T11:55:27Z,2025-03-14,0dd5487ec3f0f764ebd3f0a7338aaa56_2.5
0dd5487ec3f0f764ebd3f0a7338aaa56,1. FC Köln,SV Darmstadt 98,2025-03-15T19:30:00Z,soccer_germany_bundesliga2,Bundesliga 2,onexbet,2.5,1.91,1.89,2025-03-14T11:55:26Z,2025-03-14,0dd5487ec3f0f764ebd3f0a7338aaa56_2.5
0dd5487ec3f0f764ebd3f0a7338aaa56,1. FC Köln,SV Darmstadt 98,2025-03-15T19:30:00Z,soccer_germany_bundesliga2,Bundesliga 2,bovada,2.5,1.91,1.91,2025-03-14T11:55:26Z,2025-03-14,0dd5487ec3f0f764ebd3f0a7338aaa56_2.5
0dd5487ec3f0f764ebd3f0a7338aaa56,1. FC Köln,SV Darmstadt 98,2025-03-15T19:30:00Z,soccer_germany_bundesliga2,Bundesliga 2,betrivers,2.5,1.82,1.89,2025-03-14T11:55:26Z,2025-03-14,0dd5487ec3f0f764ebd3f0a7338aaa56_2.5
0dd5487ec3f0f764ebd3f0a7338aaa56,1. FC Köln,SV Darmstadt 98,2025-03-15T19:30:00Z,soccer_germany_bundesliga2,Bundesliga 2,unibet,2.5,1.82,1.9,2025-03-14T11:55:26Z,2025-03-14,0dd5487ec3f0f764ebd3f0a7338aaa56_2.5
0dd5487ec3f0f764ebd3f0a7338aaa56,1. FC Köln,SV Darmstadt 98,2025-03-15T19:30:00Z,soccer_germany_bundesliga2,Bundesliga 2,unibet_eu,2.5,1.82,1.89,2025-03-14T11:55:26Z,2025-03-14,0dd5487ec3f0f764ebd3f0a7338aaa56_2.5
0dd5487ec3f0f764ebd3f0a7338aaa56,1. FC Köln,SV Darmstadt 98,2025-03-15T19:30:00Z,soccer_germany_bundesliga2,Bundesliga 2,williamhill,2.5,1.83,1.91,2025-03-14T11:55:27Z,2025-03-14,0dd5487ec3f0f764ebd3f0a7338aaa56_2.5
0dd5487ec3f0f764ebd3f0a7338aaa56,1. FC Köln,SV Darmstadt 98,2025-03-15T19:30:00Z,soccer_germany_bundesliga2,Bundesliga 2,coolbet,2.5,1.87,1.9,2025-03-14T11:55:27Z,2025-03-14,0dd5487ec3f0f764ebd3f0a7338aaa56_2.5
0dd5487ec3f0f764ebd3f0a7338aaa56,1. FC Köln,SV Darmstadt 98,2025-03-15T19:30:00Z,soccer_germany_bundesliga2,Bundesliga 2,playup,2.5,1.92,1.82,2025-03-14T11:55:27Z,2025-03-14,0dd5487ec3f0f764ebd3f0a7338aaa56_2.5
0dd5487ec3f0f764ebd3f0a7338aaa56,1. FC Köln,SV Darmstadt 98,2025-03-15T19:30:00Z,soccer_germany_bundesliga2,Bundesliga 2,matchbook,2.5,1.95,1.95,2025-03-14T11:55:25Z,2025-03-14,0dd5487ec3f0f764ebd3f0a7338aaa56_2.5
0dd5487ec3f0f764ebd3f0a7338aaa56,1. FC Köln,SV Darmstadt 98,2025-03-15T19:30:00Z,soccer_germany_bundesliga2,Bundesliga 2,lowvig,2.5,1.93,1.89,2025-03-14T11:55:25Z,2025-03-14,0dd5487ec3f0f764ebd3f0a7338aaa56_2.5
0dd5487ec3f0f764ebd3f0a7338aaa56,1. FC Köln,SV Darmstadt 98,2025-03-15T19:30:00Z,soccer_germany_bundesliga2,Bundesliga 2,betonlineag,2.5,1.93,1.89,2025-03-14T11:53:55Z,2025-03-14,0dd5487ec3f0f764ebd3f0a7338aaa56_2.5
4db659743918988ceeb052e64cb0ded9,1. FC Nürnberg,Greuther Fürth,2025-03-16T12:30:00Z,soccer_germany_bundesliga2,Bundesliga 2,betsson,2.5,1.69,2.09,2025-03-14T11:55:26Z,2025-03-14,4db659743918988ceeb052e64cb0ded9_2.5
4db659743918988ceeb052e64cb0ded9,1. FC Nürnberg,Greuther Fürth,2025-03-16T12:30:00Z,soccer_germany_bundesliga2,Bundesliga 2,tipico_de,2.5,1.72,2.1,2025-03-14T11:55:27Z,2025-03-14,4db659743918988ceeb052e64cb0ded9_2.5
4db659743918988ceeb052e64cb0ded9,1. FC Nürnberg,Greuther Fürth,2025-03-16T12:30:00Z,soccer_germany_bundesliga2,Bundesliga 2,nordicbet,2.5,1.69,2.09,2025-03-14T11:55:26Z,2025-03-14,4db659743918988ceeb052e64cb0ded9_2.5
4db659743918988ceeb052e64cb0ded9,1. FC Nürnberg,Greuther Fürth,2025-03-16T12:30:00Z,soccer_germany_bundesliga2,Bundesliga 2,onexbet,2.5,1.74,2.09,2025-03-14T11:55:26Z,2025-03-14,4db659743918988ceeb052e64cb0ded9_2.5
4db659743918988ceeb052e64cb0ded9,1. FC Nürnberg,Greuther Fürth,2025-03-16T12:30:00Z,soccer_germany_bundesliga2,Bundesliga 2,pinnacle,2.75,1.94,1.89,2025-03-14T11:55:25Z,2025-03-14,4db659743918988ceeb052e64cb0ded9_2.75
4db659743918988ceeb052e64cb0ded9,1. FC Nürnberg,Greuther Fürth,2025-03-16T12:30:00Z,soccer_germany_bundesliga2,Bundesliga 2,williamhill,2.5,1.7,2.05,2025-03-14T11:55:27Z,2025-03-14,4db659743918988ceeb052e64cb0ded9_2.5
4db659743918988ceeb052e64cb0ded9,1. FC Nürnberg,Greuther Fürth,2025-03-16T12:30:00Z,soccer_germany_bundesliga2,Bundesliga 2,bovada,2.75,1.89,1.93,2025-03-14T11:55:26Z,2025-03-14,4db659743918988ceeb052e64cb0ded9_2.75
4db659743918988ceeb052e64cb0ded9,1. FC Nürnberg,Greuther Fürth,2025-03-16T12:30:00Z,soccer_germany_bundesliga2,Bundesliga 2,betrivers,2.5,1.61,2.2,2025-03-14T11:55:26Z,2025-03-14,4db659743918988ceeb052e64cb0ded9_2.5
4db659743918988ceeb052e64cb0ded9,1. FC Nürnberg,Greuther Fürth,2025-03-16T12:30:00Z,soccer_germany_bundesliga2,Bundesliga 2,unibet_eu,2.5,1.61,2.2,2025-03-14T11:55:26Z,2025-03-14,4db659743918988ceeb052e64cb0ded9_2.5
4db659743918988ceeb052e64cb0ded9,1. FC Nürnberg,Greuther Fürth,2025-03-16T12:30:00Z,soccer_germany_bundesliga2,Bundesliga 2,unibet,2.5,1.61,2.2,2025-03-14T11:55:26Z,2025-03-14,4db659743918988ceeb052e64cb0ded9_2.5
4db659743918988ceeb052e64cb0ded9,1. FC Nürnberg,Greuther Fürth,2025-03-16T12:30:00Z,soccer_germany_bundesliga2,Bundesliga 2,coolbet,2.5,1.71,2.1,2025-03-14T11:55:27Z,2025-03-14,4db659743918988ceeb052e64cb0ded9_2.5
4db659743918988ceeb052e64cb0ded9,1. FC Nürnberg,Greuther Fürth,2025-03-16T12:30:00Z,soccer_germany_bundesliga2,Bundesliga 2,playup,2.5,1.72,2.05,2025-03-14T11:55:27Z,2025-03-14,4db659743918988ceeb052e64cb0ded9_2.5
4db659743918988ceeb052e64cb0ded9,1. FC Nürnberg,Greuther Fürth,2025-03-16T12:30:00Z,soccer_germany_bundesliga2,Bundesliga 2,matchbook,2.5,1.63,1.95,2025-03-14T11:55:25Z,2025-03-14,4db659743918988ceeb052e64cb0ded9_2.5
4db659743918988ceeb052e64cb0ded9,1. FC Nürnberg,Greuther Fürth,2025-03-16T12:30:00Z,soccer_germany_bundesliga2,Bundesliga 2,lowvig,2.75,1.93,1.88,2025-03-14T11:55:25Z,2025-03-14,4db659743918988ceeb052e64cb0ded9_2.75
4db659743918988ceeb052e64cb0ded9,1. FC Nürnberg,Greuther Fürth,2025-03-16T12:30:00Z,soccer_germany_bundesliga2,Bundesliga 2,betonlineag,2.75,1.93,1.88,2025-03-14T11:53:55Z,2025-03-14,4db659743918988ceeb052e64cb0ded9_2.75
0ae439874af17270d8c6b8834f6af9dc,Eintracht Braunschweig,Hertha Berlin,2025-03-16T12:30:00Z,soccer_germany_bundesliga2,Bundesliga 2,betsson,2.5,1.74,2.03,2025-03-14T11:55:26Z,2025-03-14,0ae439874af17270d8c6b8834f6af9dc_2.5
0ae439874af17270d8c6b8834f6af9dc,Eintracht Braunschweig,Hertha Berlin,2025-03-16T12:30:00Z,soccer_germany_bundesliga2,Bundesliga 2,tipico_de,2.5,1.77,2.0,2025-03-14T11:55:27Z,2025-03-14,0ae439874af17270d8c6b8834f6af9dc_2.5
0ae439874af17270d8c6b8834f6af9dc,Eintracht Braunschweig,Hertha Berlin,2025-03-16T12:30:00Z,soccer_germany_bundesliga2,Bundesliga 2,nordicbet,2.5,1.74,2.03,2025-03-14T11:55:26Z,2025-03-14,0ae439874af17270d8c6b8834f6af9dc_2.5
0ae439874af17270d8c6b8834f6af9dc,Eintracht Braunschweig,Hertha Berlin,2025-03-16T12:30:00Z,soccer_germany_bundesliga2,Bundesliga 2,onexbet,2.5,1.79,2.02,2025-03-14T11:55:26Z,2025-03-14,0ae439874af17270d8c6b8834f6af9dc_2.5
0ae439874af17270d8c6b8834f6af9dc,Eintracht Braunschweig,Hertha Berlin,2025-03-16T12:30:00Z,soccer_germany_bundesliga2,Bundesliga 2,pinnacle,2.75,2.03,1.82,2025-03-14T11:55:25Z,2025-03-14,0ae439874af17270d8c6b8834f6af9dc_2.75
0ae439874af17270d8c6b8834f6af9dc,Eintracht Braunschweig,Hertha Berlin,2025-03-16T12:30:00Z,soccer_germany_bundesliga2,Bundesliga 2,williamhill,2.5,1.75,2.0,2025-03-14T11:55:27Z,2025-03-14,0ae439874af17270d8c6b8834f6af9dc_2.5
0ae439874af17270d8c6b8834f6af9dc,Eintracht Braunschweig,Hertha Berlin,2025-03-16T12:30:00Z,soccer_germany_bundesliga2,Bundesliga 2,bovada,2.75,1.98,1.85,2025-03-14T11:55:26Z,2025-03-14,0ae439874af17270d8c6b8834f6af9dc_2.75
0ae439874af17270d8c6b8834f6af9dc,Eintracht Braunschweig,Hertha Berlin,2025-03-16T12:30:00Z,soccer_germany_bundesliga2,Bundesliga 2,unibet,2.5,1.7,2.07,2025-03-14T11:55:26Z,2025-03-14,0ae439874af17270d8c6b8834f6af9dc_2.5
0ae439874af17270d8c6b8834f6af9dc,Eintracht Braunschweig,Hertha Berlin,2025-03-16T12:30:00Z,soccer_germany_bundesliga2,Bundesliga 2,unibet_eu,2.5,1.7,2.07,2025-03-14T11:55:26Z,2025-03-14,0ae439874af17270d8c6b8834f6af9dc_2.5
0ae439874af17270d8c6b8834f6af9dc,Eintracht Braunschweig,Hertha Berlin,2025-03-16T12:30:00Z,soccer_germany_bundesliga2,Bundesliga 2,betrivers,2.5,1.7,2.07,2025-03-14T11:55:26Z,2025-03-14,0ae439874af17270d8c6b8834f6af9dc_2.5
0ae439874af17270d8c6b8834f6af9dc,Eintracht Braunschweig,Hertha Berlin,2025-03-16T12:30:00Z,soccer_germany_bundesliga2,Bundesliga 2,coolbet,2.5,1.76,2.03,2025-03-14T11:55:27Z,2025-03-14,0ae439874af17270d8c6b8834f6af9dc_2.5
0ae439874af17270d8c6b8834f6af9dc,Eintracht Braunschweig,Hertha Berlin,2025-03-16T12:30:00Z,soccer_germany_bundesliga2,Bundesliga 2,playup,2.5,1.8,1.95,2025-03-14T11:55:27Z,2025-03-14,0ae439874af17270d8c6b8834f6af9dc_2.5
0ae439874af17270d8c6b8834f6af9dc,Eintracht Braunschweig,Hertha Berlin,2025-03-16T12:30:00Z,soccer_germany_bundesliga2,Bundesliga 2,matchbook,2.5,1.68,1.9,2025-03-14T11:55:25Z,2025-03-14,0ae439874af17270d8c6b8834f6af9dc_2.5
0ae439874af17270d8c6b8834f6af9dc,Eintracht Braunschweig,Hertha Berlin,2025-03-16T12:30:00Z,soccer_germany_bundesliga2,Bundesliga 2,lowvig,2.75,2.0,1.83,2025-03-14T11:55:25Z,2025-03-14,0ae439874af17270d8c6b8834f6af9dc_2.75
0ae439874af17270d8c6b8834f6af9dc,Eintracht Braunschweig,Hertha Berlin,2025-03-16T12:30:00Z,soccer_germany_bundesliga2,Bundesliga 2,betonlineag,2.75,2.0,1.83,2025-03-14T11:53:55Z,2025-03-14,0ae439874af17270d8c6b8834f6af9dc_2.75
7036b5a1f0486c2ba11a53bdb040ea56,Karlsruher SC,SSV Ulm 1846,2025-03-16T12:30:00Z,soccer_germany_bundesliga2,Bundesliga 2,betsson,2.5,1.87,1.87,2025-03-14T11:55:26Z,2025-03-14,7036b5a1f0486c2ba11a53bdb040ea56_2.5
7036b5a1f0486c2ba11a53bdb040ea56,Karlsruher SC,SSV Ulm 1846,2025-03-16T12:30:00Z,soccer_germany_bundesliga2,Bundesliga 2,tipico_de,2.5,1.85,1.9,2025-03-14T11:55:27Z,2025-03-14,7036b5a1f0486c2ba11a53bdb040ea56_2.5
7036b5a1f0486c2ba11a53bdb040ea56,Karlsruher SC,SSV Ulm 1846,2025-03-16T12:30:00Z,soccer_germany_bundesliga2,Bundesliga 2,nordicbet,2.5,1.87,1.87,2025-03-14T11:55:26Z,2025-03-14,7036b5a1f0486c2ba11a53bdb040ea56_2.5
7036b5a1f0486c2ba11a53bdb040ea56,Karlsruher SC,SSV Ulm 1846,2025-03-16T12:30:00Z,soccer_germany_bundesliga2,Bundesliga 2,onexbet,2.5,1.91,1.89,2025-03-14T11:55:26Z,2025-03-14,7036b5a1f0486c2ba11a53bdb040ea56_2.5
7036b5a1f0486c2ba11a53bdb040ea56,Karlsruher SC,SSV Ulm 1846,2025-03-16T12:30:00Z,soccer_germany_bundesliga2,Bundesliga 2,pinnacle,2.5,1.93,1.9,2025-03-14T11:55:25Z,2025-03-14,7036b5a1f0486c2ba11a53bdb040ea56_2.5
7036b5a1f0486c2ba11a53bdb040ea56,Karlsruher SC,SSV Ulm 1846,2025-03-16T12:30:00Z,soccer_germany_bundesliga2,Bundesliga 2,williamhill,2.5,1.85,1.85,2025-03-14T11:55:27Z,2025-03-14,7036b5a1f0486c2ba11a53bdb040ea56_2.5
7036b5a1f0486c2ba11a53bdb040ea56,Karlsruher SC,SSV Ulm 1846,2025-03-16T12:30:00Z,soccer_germany_bundesliga2,Bundesliga 2,bovada,2.5,1.91,1.91,2025-03-14T11:55:26Z,2025-03-14,7036b5a1f0486c2ba11a53bdb040ea56_2.5
7036b5a1f0486c2ba11a53bdb040ea56,Karlsruher SC,SSV Ulm 1846,2025-03-16T12:30:00Z,soccer_germany_bundesliga2,Bundesliga 2,unibet,2.5,1.82,1.91,2025-03-14T11:55:26Z,2025-03-14,7036b5a1f0486c2ba11a53bdb040ea56_2.5
7036b5a1f0486c2ba11a53bdb040ea56,Karlsruher SC,SSV Ulm 1846,2025-03-16T12:30:00Z,soccer_germany_bundesliga2,Bundesliga 2,unibet_eu,2.5,1.82,1.91,2025-03-14T11:55:26Z,2025-03-14,7036b5a1f0486c2ba11a53bdb040ea56_2.5
7036b5a1f0486c2ba11a53bdb040ea56,Karlsruher SC,SSV Ulm 1846,2025-03-16T12:30:00Z,soccer_germany_bundesliga2,Bundesliga 2,betrivers,2.5,1.82,1.91,2025-03-14T11:55:26Z,2025-03-14,7036b5a1f0486c2ba11a53bdb040ea56_2.5
7036b5a1f0486c2ba11a53bdb040ea56,Karlsruher SC,SSV Ulm 1846,2025-03-16T12:30:00Z,soccer_germany_bundesliga2,Bundesliga 2,coolbet,2.5,1.9,1.87,2025-03-14T11:55:27Z,2025-03-14,7036b5a1f0486c2ba11a53bdb040ea56_2.5
7036b5a1f0486c2ba11a53bdb040ea56,Karlsruher SC,SSV Ulm 1846,2025-03-16T12:30:00Z,soccer_germany_bundesliga2,Bundesliga 2,playup,2.5,1.88,1.85,2025-03-14T11:55:27Z,2025-03-14,7036b5a1f0486c2ba11a53bdb040ea56_2.5
7036b5a1f0486c2ba11a53bdb040ea56,Karlsruher SC,SSV Ulm 1846,2025-03-16T12:30:00Z,soccer_germany_bundesliga2,Bundesliga 2,matchbook,2.5,1.83,1.75,2025-03-14T11:55:25Z,2025-03-14,7036b5a1f0486c2ba11a53bdb040ea56_2.5
7036b5a1f0486c2ba11a53bdb040ea56,Karlsruher SC,SSV Ulm 1846,2025-03-16T12:30:00Z,soccer_germany_bundesliga2,Bundesliga 2,lowvig,2.5,1.93,1.88,2025-03-14T11:55:25Z,2025-03-14,7036b5a1f0486c2ba11a53bdb040ea56_2.5
7036b5a1f0486c2ba11a53bdb040ea56,Karlsruher SC,SSV Ulm 1846,2025-03-16T12:30:00Z,soccer_germany_bundesliga2,Bundesliga 2,betonlineag,2.5,1.93,1.88,2025-03-14T11:53:55Z,2025-03-14,7036b5a1f0486c2ba11a53bdb040ea56_2.5
2864f636720ffe9b336649a1af290201,Palermo,Cremonese,2025-03-14T19:30:00Z,soccer_italy_serie_b,Serie B,pinnacle,2.25,1.9,1.99,2025-03-14T11:55:24Z,2025-03-14,2864f636720ffe9b336649a1af290201_2.25
2864f636720ffe9b336649a1af290201,Palermo,Cremonese,2025-03-14T19:30:00Z,soccer_italy_serie_b,Serie B,nordicbet,2.5,2.09,1.69,2025-03-14T11:55:24Z,2025-03-14,2864f636720ffe9b336649a1af290201_2.5
2864f636720ffe9b336649a1af290201,Palermo,Cremonese,2025-03-14T19:30:00Z,soccer_italy_serie_b,Serie B,betsson,2.5,2.09,1.69,2025-03-14T11:55:25Z,2025-03-14,2864f636720ffe9b336649a1af290201_2.5
2864f636720ffe9b336649a1af290201,Palermo,Cremonese,2025-03-14T19:30:00Z,soccer_italy_serie_b,Serie B,onexbet,2.5,2.13,1.71,2025-03-14T11:55:24Z,2025-03-14,2864f636720ffe9b336649a1af290201_2.5
2864f636720ffe9b336649a1af290201,Palermo,Cremonese,2025-03-14T19:30:00Z,soccer_italy_serie_b,Serie B,bovada,2.25,1.87,1.95,2025-03-14T11:55:24Z,2025-03-14,2864f636720ffe9b336649a1af290201_2.25
2864f636720ffe9b336649a1af290201,Palermo,Cremonese,2025-03-14T19:30:00Z,soccer_italy_serie_b,Serie B,tipico_de,2.5,2.05,1.67,2025-03-14T11:55:25Z,2025-03-14,2864f636720ffe9b336649a1af290201_2.5
2864f636720ffe9b336649a1af290201,Palermo,Cremonese,2025-03-14T19:30:00Z,soccer_italy_serie_b,Serie B,coolbet,2.5,2.12,1.7,2025-03-14T11:55:25Z,2025-03-14,2864f636720ffe9b336649a1af290201_2.5
2864f636720ffe9b336649a1af290201,Palermo,Cremonese,2025-03-14T19:30:00Z,soccer_italy_serie_b,Serie B,unibet_eu,2.5,2.04,1.67,2025-03-14T11:55:25Z,2025-03-14,2864f636720ffe9b336649a1af290201_2.5
2864f636720ffe9b336649a1af290201,Palermo,Cremonese,2025-03-14T19:30:00Z,soccer_italy_serie_b,Serie B,unibet,2.5,2.04,1.67,2025-03-14T11:55:24Z,2025-03-14,2864f636720ffe9b336649a1af290201_2.5
2864f636720ffe9b336649a1af290201,Palermo,Cremonese,2025-03-14T19:30:00Z,soccer_italy_serie_b,Serie B,betrivers,2.5,2.04,1.67,2025-03-14T11:55:24Z,2025-03-14,2864f636720ffe9b336649a1af290201_2.5
2864f636720ffe9b336649a1af290201,Palermo,Cremonese,2025-03-14T19:30:00Z,soccer_italy_serie_b,Serie B,williamhill,2.5,2.1,1.7,2025-03-14T11:55:26Z,2025-03-14,2864f636720ffe9b336649a1af290201_2.5
2864f636720ffe9b336649a1af290201,Palermo,Cremonese,2025-03-14T19:30:00Z,soccer_italy_serie_b,Serie B,betus,2.25,1.9,1.87,2025-03-14T11:55:25Z,2025-03-14,2864f636720ffe9b336649a1af290201_2.25
2864f636720ffe9b336649a1af290201,Palermo,Cremonese,2025-03-14T19:30:00Z,soccer_italy_serie_b,Serie B,matchbook,2.5,2.2,1.81,2025-03-14T11:55:24Z,2025-03-14,2864f636720ffe9b336649a1af290201_2.5
2864f636720ffe9b336649a1af290201,Palermo,Cremonese,2025-03-14T19:30:00Z,soccer_italy_serie_b,Serie B,betonlineag,2.25,1.88,1.94,2025-03-14T11:55:24Z,2025-03-14,2864f636720ffe9b336649a1af290201_2.25
2864f636720ffe9b336649a1af290201,Palermo,Cremonese,2025-03-14T19:30:00Z,soccer_italy_serie_b,Serie B,lowvig,2.25,1.88,1.94,2025-03-14T11:55:24Z,2025-03-14,2864f636720ffe9b336649a1af290201_2.25
6cf14e7674c4f83bfdccb9e8004d8885,Frosinone,Brescia,2025-03-15T14:00:00Z,soccer_italy_serie_b,Serie B,pinnacle,2.25,2.1,1.78,2025-03-14T11:55:24Z,2025-03-14,6cf14e7674c4f83bfdccb9e8004d8885_2.25
6cf14e7674c4f83bfdccb9e8004d8885,Frosinone,Brescia,2025-03-15T14:00:00Z,soccer_italy_serie_b,Serie B,betsson,2.5,2.3,1.58,2025-03-14T11:55:25Z,2025-03-14,6cf14e7674c4f83bfdccb9e8004d8885_2.5
6cf14e7674c4f83bfdccb9e8004d8885,Frosinone,Brescia,2025-03-15T14:00:00Z,soccer_italy_serie_b,Serie B,nordicbet,2.5,2.3,1.58,2025-03-14T11:55:24Z,2025-03-14,6cf14e7674c4f83bfdccb9e8004d8885_2.5
6cf14e7674c4f83bfdccb9e8004d8885,Frosinone,Brescia,2025-03-15T14:00:00Z,soccer_italy_serie_b,Serie B,onexbet,2.5,2.38,1.58,2025-03-14T11:55:24Z,2025-03-14,6cf14e7674c4f83bfdccb9e8004d8885_2.5
6cf14e7674c4f83bfdccb9e8004d8885,Frosinone,Brescia,2025-03-15T14:00:00Z,soccer_italy_serie_b,Serie B,bovada,2.25,2.05,1.8,2025-03-14T11:55:24Z,2025-03-14,6cf14e7674c4f83bfdccb9e8004d8885_2.25
6cf14e7674c4f83bfdccb9e8004d8885,Frosinone,Brescia,2025-03-15T14:00:00Z,soccer_italy_serie_b,Serie B,tipico_de,2.5,2.25,1.55,2025-03-14T11:55:25Z,2025-03-14,6cf14e7674c4f83bfdccb9e8004d8885_2.5
6cf14e7674c4f83bfdccb9e8004d8885,Frosinone,Brescia,2025-03-15T14:00:00Z,soccer_italy_serie_b,Serie B,unibet_eu,2.5,2.25,1.56,2025-03-14T11:55:25Z,2025-03-14,6cf14e7674c4f83bfdccb9e8004d8885_2.5
6cf14e7674c4f83bfdccb9e8004d8885,Frosinone,Brescia,2025-03-15T14:00:00Z,soccer_italy_serie_b,Serie B,unibet,2.5,2.25,1.56,2025-03-14T11:55:24Z,2025-03-14,6cf14e7674c4f83bfdccb9e8004d8885_2.5
6cf14e7674c4f83bfdccb9e8004d8885,Frosinone,Brescia,2025-03-15T14:00:00Z,soccer_italy_serie_b,Serie B,betrivers,2.5,2.25,1.56,2025-03-14T11:55:24Z,2025-03-14,6cf14e7674c4f83bfdccb9e8004d8885_2.5
6cf14e7674c4f83bfdccb9e8004d8885,Frosinone,Brescia,2025-03-15T14:00:00Z,soccer_italy_serie_b,Serie B,williamhill,2.5,2.38,1.55,2025-03-14T11:55:26Z,2025-03-14,6cf14e7674c4f83bfdccb9e8004d8885_2.5
6cf14e7674c4f83bfdccb9e8004d8885,Frosinone,Brescia,2025-03-15T14:00:00Z,soccer_italy_serie_b,Serie B,coolbet,2.0,1.71,2.1,2025-03-14T11:55:25Z,2025-03-14,6cf14e7674c4f83bfdccb9e8004d8885_2.0
6cf14e7674c4f83bfdccb9e8004d8885,Frosinone,Brescia,2025-03-15T14:00:00Z,soccer_italy_serie_b,Serie B,betus,2.25,1.99,1.78,2025-03-14T11:55:25Z,2025-03-14,6cf14e7674c4f83bfdccb9e8004d8885_2.25
6cf14e7674c4f83bfdccb9e8004d8885,Frosinone,Brescia,2025-03-15T14:00:00Z,soccer_italy_serie_b,Serie B,matchbook,2.5,2.44,1.58,2025-03-14T11:55:24Z,2025-03-14,6cf14e7674c4f83bfdccb9e8004d8885_2.5
a06c06372c6b5693cd59a0e4b2e03b1a,Cesena FC,Spezia,2025-03-15T14:00:00Z,soccer_italy_serie_b,Serie B,betsson,2.5,2.28,1.58,2025-03-14T11:55:25Z,2025-03-14,a06c06372c6b5693cd59a0e4b2e03b1a_2.5
a06c06372c6b5693cd59a0e4b2e03b1a,Cesena FC,Spezia,2025-03-15T14:00:00Z,soccer_italy_serie_b,Serie B,onexbet,2.5,2.35,1.59,2025-03-14T11:55:24Z,2025-03-14,a06c06372c6b5693cd59a0e4b2e03b1a_2.5
a06c06372c6b5693cd59a0e4b2e03b1a,Cesena FC,Spezia,2025-03-15T14:00:00Z,soccer_italy_serie_b,Serie B,nordicbet,2.5,2.28,1.58,2025-03-14T11:55:24Z,2025-03-14,a06c06372c6b5693cd59a0e4b2e03b1a_2.5
a06c06372c6b5693cd59a0e4b2e03b1a,Cesena FC,Spezia,2025-03-15T14:00:00Z,soccer_italy_serie_b,Serie B,pinnacle,2.0,1.79,2.09,2025-03-14T11:55:24Z,2025-03-14,a06c06372c6b5693cd59a0e4b2e03b1a_2.0
a06c06372c6b5693cd59a0e4b2e03b1a,Cesena FC,Spezia,2025-03-15T14:00:00Z,soccer_italy_serie_b,Serie B,bovada,2.25,2.05,1.8,2025-03-14T11:55:24Z,2025-03-14,a06c06372c6b5693cd59a0e4b2e03b1a_2.25
a06c06372c6b5693cd59a0e4b2e03b1a,Cesena FC,Spezia,2025-03-15T14:00:00Z,soccer_italy_serie_b,Serie B,tipico_de,2.5,2.25,1.55,2025-03-14T11:55:25Z,2025-03-14,a06c06372c6b5693cd59a0e4b2e03b1a_2.5
a06c06372c6b5693cd59a0e4b2e03b1a,Cesena FC,Spezia,2025-03-15T14:00:00Z,soccer_italy_serie_b,Serie B,unibet_eu,2.5,2.16,1.6,2025-03-14T11:55:25Z,2025-03-14,a06c06372c6b5693cd59a0e4b2e03b1a_2.5
a06c06372c6b5693cd59a0e4b2e03b1a,Cesena FC,Spezia,2025-03-15T14:00:00Z,soccer_italy_serie_b,Serie B,unibet,2.5,2.16,1.6,2025-03-14T11:55:24Z,2025-03-14,a06c06372c6b5693cd59a0e4b2e03b1a_2.5
a06c06372c6b5693cd59a0e4b2e03b1a,Cesena FC,Spezia,2025-03-15T14:00:00Z,soccer_italy_serie_b,Serie B,betrivers,2.5,2.16,1.6,2025-03-14T11:55:24Z,2025-03-14,a06c06372c6b5693cd59a0e4b2e03b1a_2.5
a06c06372c6b5693cd59a0e4b2e03b1a,Cesena FC,Spezia,2025-03-15T14:00:00Z,soccer_italy_serie_b,Serie B,williamhill,2.5,2.4,1.53,2025-03-14T11:55:26Z,2025-03-14,a06c06372c6b5693cd59a0e4b2e03b1a_2.5
a06c06372c6b5693cd59a0e4b2e03b1a,Cesena FC,Spezia,2025-03-15T14:00:00Z,soccer_italy_serie_b,Serie B,coolbet,2.0,1.71,2.1,2025-03-14T11:55:25Z,2025-03-14,a06c06372c6b5693cd59a0e4b2e03b1a_2.0
a06c06372c6b5693cd59a0e4b2e03b1a,Cesena FC,Spezia,2025-03-15T14:00:00Z,soccer_italy_serie_b,Serie B,betus,2.0,1.79,1.97,2025-03-14T11:55:25Z,2025-03-14,a06c06372c6b5693cd59a0e4b2e03b1a_2.0
a06c06372c6b5693cd59a0e4b2e03b1a,Cesena FC,Spezia,2025-03-15T14:00:00Z,soccer_italy_serie_b,Serie B,matchbook,2.5,2.4,1.58,2025-03-14T11:55:24Z,2025-03-14,a06c06372c6b5693cd59a0e4b2e03b1a_2.5
a8386478239350bce3099c171f3af10b,Cittadella,Sassuolo,2025-03-15T14:00:00Z,soccer_italy_serie_b,Serie B,pinnacle,2.5,2.01,1.85,2025-03-14T11:55:24Z,2025-03-14,a8386478239350bce3099c171f3af10b_2.5
a8386478239350bce3099c171f3af10b,Cittadella,Sassuolo,2025-03-15T14:00:00Z,soccer_italy_serie_b,Serie B,betsson,2.5,1.95,1.79,2025-03-14T11:55:25Z,2025-03-14,a8386478239350bce3099c171f3af10b_2.5
a8386478239350bce3099c171f3af10b,Cittadella,Sassuolo,2025-03-15T14:00:00Z,soccer_italy_serie_b,Serie B,nordicbet,2.5,1.95,1.79,2025-03-14T11:55:24Z,2025-03-14,a8386478239350bce3099c171f3af10b_2.5
a8386478239350bce3099c171f3af10b,Cittadella,Sassuolo,2025-03-15T14:00:00Z,soccer_italy_serie_b,Serie B,onexbet,2.5,1.97,1.83,2025-03-14T11:55:24Z,2025-03-14,a8386478239350bce3099c171f3af10b_2.5
a8386478239350bce3099c171f3af10b,Cittadella,Sassuolo,2025-03-15T14:00:00Z,soccer_italy_serie_b,Serie B,bovada,2.5,2.0,1.83,2025-03-14T11:55:24Z,2025-03-14,a8386478239350bce3099c171f3af10b_2.5
a8386478239350bce3099c171f3af10b,Cittadella,Sassuolo,2025-03-15T14:00:00Z,soccer_italy_serie_b,Serie B,tipico_de,2.5,1.93,1.75,2025-03-14T11:55:25Z,2025-03-14,a8386478239350bce3099c171f3af10b_2.5
a8386478239350bce3099c171f3af10b,Cittadella,Sassuolo,2025-03-15T14:00:00Z,soccer_italy_serie_b,Serie B,unibet_eu,2.5,1.89,1.78,2025-03-14T11:55:25Z,2025-03-14,a8386478239350bce3099c171f3af10b_2.5
a8386478239350bce3099c171f3af10b,Cittadella,Sassuolo,2025-03-15T14:00:00Z,soccer_italy_serie_b,Serie B,unibet,2.5,1.9,1.78,2025-03-14T11:55:24Z,2025-03-14,a8386478239350bce3099c171f3af10b_2.5
a8386478239350bce3099c171f3af10b,Cittadella,Sassuolo,2025-03-15T14:00:00Z,soccer_italy_serie_b,Serie B,betrivers,2.5,1.89,1.78,2025-03-14T11:55:24Z,2025-03-14,a8386478239350bce3099c171f3af10b_2.5
a8386478239350bce3099c171f3af10b,Cittadella,Sassuolo,2025-03-15T14:00:00Z,soccer_italy_serie_b,Serie B,williamhill,2.5,1.95,1.8,2025-03-14T11:55:26Z,2025-03-14,a8386478239350bce3099c171f3af10b_2.5
a8386478239350bce3099c171f3af10b,Cittadella,Sassuolo,2025-03-15T14:00:00Z,soccer_italy_serie_b,Serie B,coolbet,2.5,1.98,1.8,2025-03-14T11:55:25Z,2025-03-14,a8386478239350bce3099c171f3af10b_2.5
a8386478239350bce3099c171f3af10b,Cittadella,Sassuolo,2025-03-15T14:00:00Z,soccer_italy_serie_b,Serie B,betus,2.5,1.89,1.85,2025-03-14T11:55:25Z,2025-03-14,a8386478239350bce3099c171f3af10b_2.5
354d18bb8be741c9f704a708d541ba81,Juve Stabia,Modena,2025-03-15T14:00:00Z,soccer_italy_serie_b,Serie B,pinnacle,2.0,1.91,1.94,2025-03-14T11:55:24Z,2025-03-14,354d18bb8be741c9f704a708d541ba81_2.0
354d18bb8be741c9f704a708d541ba81,Juve Stabia,Modena,2025-03-15T14:00:00Z,soccer_italy_serie_b,Serie B,nordicbet,2.5,2.44,1.51,2025-03-14T11:55:24Z,2025-03-14,354d18bb8be741c9f704a708d541ba81_2.5
354d18bb8be741c9f704a708d541ba81,Juve Stabia,Modena,2025-03-15T14:00:00Z,soccer_italy_serie_b,Serie B,betsson,2.5,2.44,1.51,2025-03-14T11:55:25Z,2025-03-14,354d18bb8be741c9f704a708d541ba81_2.5
354d18bb8be741c9f704a708d541ba81,Juve Stabia,Modena,2025-03-15T14:00:00Z,soccer_italy_serie_b,Serie B,onexbet,2.5,2.41,1.47,2025-03-14T11:55:24Z,2025-03-14,354d18bb8be741c9f704a708d541ba81_2.5
354d18bb8be741c9f704a708d541ba81,Juve Stabia,Modena,2025-03-15T14:00:00Z,soccer_italy_serie_b,Serie B,bovada,2.0,1.85,1.98,2025-03-14T11:55:24Z,2025-03-14,354d18bb8be741c9f704a708d541ba81_2.0
354d18bb8be741c9f704a708d541ba81,Juve Stabia,Modena,2025-03-15T14:00:00Z,soccer_italy_serie_b,Serie B,tipico_de,2.5,2.5,1.45,2025-03-14T11:55:25Z,2025-03-14,354d18bb8be741c9f704a708d541ba81_2.5
354d18bb8be741c9f704a708d541ba81,Juve Stabia,Modena,2025-03-15T14:00:00Z,soccer_italy_serie_b,Serie B,unibet_eu,2.5,2.5,1.44,2025-03-14T11:55:25Z,2025-03-14,354d18bb8be741c9f704a708d541ba81_2.5
354d18bb8be741c9f704a708d541ba81,Juve Stabia,Modena,2025-03-15T14:00:00Z,soccer_italy_serie_b,Serie B,unibet,2.5,2.5,1.45,2025-03-14T11:55:24Z,2025-03-14,354d18bb8be741c9f704a708d541ba81_2.5
354d18bb8be741c9f704a708d541ba81,Juve Stabia,Modena,2025-03-15T14:00:00Z,soccer_italy_serie_b,Serie B,betrivers,2.5,2.5,1.44,2025-03-14T11:55:24Z,2025-03-14,354d18bb8be741c9f704a708d541ba81_2.5
354d18bb8be741c9f704a708d541ba81,Juve Stabia,Modena,2025-03-15T14:00:00Z,soccer_italy_serie_b,Serie B,williamhill,2.5,2.5,1.44,2025-03-14T11:55:26Z,2025-03-14,354d18bb8be741c9f704a708d541ba81_2.5
354d18bb8be741c9f704a708d541ba81,Juve Stabia,Modena,2025-03-15T14:00:00Z,soccer_italy_serie_b,Serie B,coolbet,2.0,1.85,1.93,2025-03-14T11:55:25Z,2025-03-14,354d18bb8be741c9f704a708d541ba81_2.0
354d18bb8be741c9f704a708d541ba81,Juve Stabia,Modena,2025-03-15T14:00:00Z,soccer_italy_serie_b,Serie B,betus,2.0,1.91,1.87,2025-03-14T11:55:25Z,2025-03-14,354d18bb8be741c9f704a708d541ba81_2.0
9505d0a9c9d1afe06b181fe5ca17f24f,Pisa,Mantova,2025-03-15T16:15:00Z,soccer_italy_serie_b,Serie B,onexbet,2.5,1.95,1.85,2025-03-14T11:55:24Z,2025-03-14,9505d0a9c9d1afe06b181fe5ca17f24f_2.5
9505d0a9c9d1afe06b181fe5ca17f24f,Pisa,Mantova,2025-03-15T16:15:00Z,soccer_italy_serie_b,Serie B,pinnacle,2.5,1.97,1.88,2025-03-14T11:55:24Z,2025-03-14,9505d0a9c9d1afe06b181fe5ca17f24f_2.5
9505d0a9c9d1afe06b181fe5ca17f24f,Pisa,Mantova,2025-03-15T16:15:00Z,soccer_italy_serie_b,Serie B,bovada,2.5,2.0,1.83,2025-03-14T11:55:24Z,2025-03-14,9505d0a9c9d1afe06b181fe5ca17f24f_2.5
9505d0a9c9d1afe06b181fe5ca17f24f,Pisa,Mantova,2025-03-15T16:15:00Z,soccer_italy_serie_b,Serie B,tipico_de,2.5,1.87,1.83,2025-03-14T11:55:25Z,2025-03-14,9505d0a9c9d1afe06b181fe5ca17f24f_2.5
9505d0a9c9d1afe06b181fe5ca17f24f,Pisa,Mantova,2025-03-15T16:15:00Z,soccer_italy_serie_b,Serie B,unibet_eu,2.5,1.96,1.72,2025-03-14T11:55:25Z,2025-03-14,9505d0a9c9d1afe06b181fe5ca17f24f_2.5
9505d0a9c9d1afe06b181fe5ca17f24f,Pisa,Mantova,2025-03-15T16:15:00Z,soccer_italy_serie_b,Serie B,unibet,2.5,1.97,1.72,2025-03-14T11:55:24Z,2025-03-14,9505d0a9c9d1afe06b181fe5ca17f24f_2.5
9505d0a9c9d1afe06b181fe5ca17f24f,Pisa,Mantova,2025-03-15T16:15:00Z,soccer_italy_serie_b,Serie B,betrivers,2.5,1.96,1.72,2025-03-14T11:55:24Z,2025-03-14,9505d0a9c9d1afe06b181fe5ca17f24f_2.5
9505d0a9c9d1afe06b181fe5ca17f24f,Pisa,Mantova,2025-03-15T16:15:00Z,soccer_italy_serie_b,Serie B,williamhill,2.5,1.95,1.8,2025-03-14T11:55:26Z,2025-03-14,9505d0a9c9d1afe06b181fe5ca17f24f_2.5
9505d0a9c9d1afe06b181fe5ca17f24f,Pisa,Mantova,2025-03-15T16:15:00Z,soccer_italy_serie_b,Serie B,coolbet,2.5,1.98,1.8,2025-03-14T11:55:25Z,2025-03-14,9505d0a9c9d1afe06b181fe5ca17f24f_2.5
9505d0a9c9d1afe06b181fe5ca17f24f,Pisa,Mantova,2025-03-15T16:15:00Z,soccer_italy_serie_b,Serie B,betus,2.5,1.87,1.88,2025-03-14T11:55:25Z,2025-03-14,9505d0a9c9d1afe06b181fe5ca17f24f_2.5
9505d0a9c9d1afe06b181fe5ca17f24f,Pisa,Mantova,2025-03-15T16:15:00Z,soccer_italy_serie_b,Serie B,matchbook,2.5,1.96,1.87,2025-03-14T11:55:24Z,2025-03-14,9505d0a9c9d1afe06b181fe5ca17f24f_2.5
e8097ebfb3794dd94966517a785ce14a,Bari,Salernitana,2025-03-15T18:30:00Z,soccer_italy_serie_b,Serie B,betsson,2.5,2.2,1.63,2025-03-14T11:55:25Z,2025-03-14,e8097ebfb3794dd94966517a785ce14a_2.5
e8097ebfb3794dd94966517a785ce14a,Bari,Salernitana,2025-03-15T18:30:00Z,soccer_italy_serie_b,Serie B,onexbet,2.5,2.27,1.63,2025-03-14T11:55:24Z,2025-03-14,e8097ebfb3794dd94966517a785ce14a_2.5
e8097ebfb3794dd94966517a785ce14a,Bari,Salernitana,2025-03-15T18:30:00Z,soccer_italy_serie_b,Serie B,nordicbet,2.5,2.2,1.63,2025-03-14T11:55:24Z,2025-03-14,e8097ebfb3794dd94966517a785ce14a_2.5
e8097ebfb3794dd94966517a785ce14a,Bari,Salernitana,2025-03-15T18:30:00Z,soccer_italy_serie_b,Serie B,pinnacle,2.25,2.02,1.84,2025-03-14T11:55:24Z,2025-03-14,e8097ebfb3794dd94966517a785ce14a_2.25
e8097ebfb3794dd94966517a785ce14a,Bari,Salernitana,2025-03-15T18:30:00Z,soccer_italy_serie_b,Serie B,bovada,2.25,1.98,1.85,2025-03-14T11:55:24Z,2025-03-14,e8097ebfb3794dd94966517a785ce14a_2.25
e8097ebfb3794dd94966517a785ce14a,Bari,Salernitana,2025-03-15T18:30:00Z,soccer_italy_serie_b,Serie B,tipico_de,2.5,2.15,1.62,2025-03-14T11:55:25Z,2025-03-14,e8097ebfb3794dd94966517a785ce14a_2.5
e8097ebfb3794dd94966517a785ce14a,Bari,Salernitana,2025-03-15T18:30:00Z,soccer_italy_serie_b,Serie B,unibet_eu,2.5,2.15,1.61,2025-03-14T11:55:25Z,2025-03-14,e8097ebfb3794dd94966517a785ce14a_2.5
e8097ebfb3794dd94966517a785ce14a,Bari,Salernitana,2025-03-15T18:30:00Z,soccer_italy_serie_b,Serie B,unibet,2.5,2.15,1.61,2025-03-14T11:55:24Z,2025-03-14,e8097ebfb3794dd94966517a785ce14a_2.5
e8097ebfb3794dd94966517a785ce14a,Bari,Salernitana,2025-03-15T18:30:00Z,soccer_italy_serie_b,Serie B,betrivers,2.5,2.15,1.61,2025-03-14T11:55:24Z,2025-03-14,e8097ebfb3794dd94966517a785ce14a_2.5
e8097ebfb3794dd94966517a785ce14a,Bari,Salernitana,2025-03-15T18:30:00Z,soccer_italy_serie_b,Serie B,williamhill,2.5,2.2,1.65,2025-03-14T11:55:26Z,2025-03-14,e8097ebfb3794dd94966517a785ce14a_2.5
e8097ebfb3794dd94966517a785ce14a,Bari,Salernitana,2025-03-15T18:30:00Z,soccer_italy_serie_b,Serie B,coolbet,2.0,1.7,2.12,2025-03-14T11:55:25Z,2025-03-14,e8097ebfb3794dd94966517a785ce14a_2.0
e8097ebfb3794dd94966517a785ce14a,Bari,Salernitana,2025-03-15T18:30:00Z,soccer_italy_serie_b,Serie B,betus,2.25,1.9,1.84,2025-03-14T11:55:25Z,2025-03-14,e8097ebfb3794dd94966517a785ce14a_2.25
e8097ebfb3794dd94966517a785ce14a,Bari,Salernitana,2025-03-15T18:30:00Z,soccer_italy_serie_b,Serie B,matchbook,2.5,2.32,1.63,2025-03-14T11:55:24Z,2025-03-14,e8097ebfb3794dd94966517a785ce14a_2.5
166532cf5b9725e129c283fa5a40dc56,Südtirol,Carrarese,2025-03-16T14:00:00Z,soccer_italy_serie_b,Serie B,pinnacle,2.0,1.78,2.08,2025-03-14T11:55:24Z,2025-03-14,166532cf5b9725e129c283fa5a40dc56_2.0
166532cf5b9725e129c283fa5a40dc56,Südtirol,Carrarese,2025-03-16T14:00:00Z,soccer_italy_serie_b,Serie B,betsson,2.5,2.38,1.54,2025-03-14T11:55:25Z,2025-03-14,166532cf5b9725e129c283fa5a40dc56_2.5
166532cf5b9725e129c283fa5a40dc56,Südtirol,Carrarese,2025-03-16T14:00:00Z,soccer_italy_serie_b,Serie B,nordicbet,2.5,2.38,1.54,2025-03-14T11:55:24Z,2025-03-14,166532cf5b9725e129c283fa5a40dc56_2.5
166532cf5b9725e129c283fa5a40dc56,Südtirol,Carrarese,2025-03-16T14:00:00Z,soccer_italy_serie_b,Serie B,onexbet,2.5,2.29,1.52,2025-03-14T11:55:24Z,2025-03-14,166532cf5b9725e129c283fa5a40dc56_2.5
166532cf5b9725e129c283fa5a40dc56,Südtirol,Carrarese,2025-03-16T14:00:00Z,soccer_italy_serie_b,Serie B,bovada,2.0,1.82,2.02,2025-03-14T11:55:24Z,2025-03-14,166532cf5b9725e129c283fa5a40dc56_2.0
166532cf5b9725e129c283fa5a40dc56,Südtirol,Carrarese,2025-03-16T14:00:00Z,soccer_italy_serie_b,Serie B,tipico_de,2.5,2.25,1.55,2025-03-14T11:55:25Z,2025-03-14,166532cf5b9725e129c283fa5a40dc56_2.5
166532cf5b9725e129c283fa5a40dc56,Südtirol,Carrarese,2025-03-16T14:00:00Z,soccer_italy_serie_b,Serie B,unibet_eu,2.5,2.35,1.5,2025-03-14T11:55:25Z,2025-03-14,166532cf5b9725e129c283fa5a40dc56_2.5
166532cf5b9725e129c283fa5a40dc56,Südtirol,Carrarese,2025-03-16T14:00:00Z,soccer_italy_serie_b,Serie B,unibet,2.5,2.35,1.5,2025-03-14T11:55:24Z,2025-03-14,166532cf5b9725e129c283fa5a40dc56_2.5
166532cf5b9725e129c283fa5a40dc56,Südtirol,Carrarese,2025-03-16T14:00:00Z,soccer_italy_serie_b,Serie B,betrivers,2.5,2.35,1.5,2025-03-14T11:55:24Z,2025-03-14,166532cf5b9725e129c283fa5a40dc56_2.5
166532cf5b9725e129c283fa5a40dc56,Südtirol,Carrarese,2025-03-16T14:00:00Z,soccer_italy_serie_b,Serie B,williamhill,2.5,2.4,1.53,2025-03-14T11:55:26Z,2025-03-14,166532cf5b9725e129c283fa5a40dc56_2.5
166532cf5b9725e129c283fa5a40dc56,Südtirol,Carrarese,2025-03-16T14:00:00Z,soccer_italy_serie_b,Serie B,coolbet,2.0,1.8,1.98,2025-03-14T11:55:25Z,2025-03-14,166532cf5b9725e129c283fa5a40dc56_2.0
166532cf5b9725e129c283fa5a40dc56,Südtirol,Carrarese,2025-03-16T14:00:00Z,soccer_italy_serie_b,Serie B,betus,2.0,1.78,1.98,2025-03-14T11:55:25Z,2025-03-14,166532cf5b9725e129c283fa5a40dc56_2.0
166532cf5b9725e129c283fa5a40dc56,Südtirol,Carrarese,2025-03-16T14:00:00Z,soccer_italy_serie_b,Serie B,matchbook,2.5,2.22,1.46,2025-03-14T11:55:24Z,2025-03-14,166532cf5b9725e129c283fa5a40dc56_2.5
a9e79cfd7a71e6c40d606ab06f465096,Reggiana,Sampdoria,2025-03-16T14:00:00Z,soccer_italy_serie_b,Serie B,onexbet,1.5,1.47,2.42,2025-03-14T11:55:24Z,2025-03-14,a9e79cfd7a71e6c40d606ab06f465096_1.5
a9e79cfd7a71e6c40d606ab06f465096,Reggiana,Sampdoria,2025-03-16T14:00:00Z,soccer_italy_serie_b,Serie B,pinnacle,2.0,1.92,1.92,2025-03-14T11:55:24Z,2025-03-14,a9e79cfd7a71e6c40d606ab06f465096_2.0
a9e79cfd7a71e6c40d606ab06f465096,Reggiana,Sampdoria,2025-03-16T14:00:00Z,soccer_italy_serie_b,Serie B,bovada,2.0,1.89,1.93,2025-03-14T11:55:24Z,2025-03-14,a9e79cfd7a71e6c40d606ab06f465096_2.0
a9e79cfd7a71e6c40d606ab06f465096,Reggiana,Sampdoria,2025-03-16T14:00:00Z,soccer_italy_serie_b,Serie B,tipico_de,2.5,2.4,1.5,2025-03-14T11:55:25Z,2025-03-14,a9e79cfd7a71e6c40d606ab06f465096_2.5
a9e79cfd7a71e6c40d606ab06f465096,Reggiana,Sampdoria,2025-03-16T14:00:00Z,soccer_italy_serie_b,Serie B,unibet_eu,2.5,2.55,1.43,2025-03-14T11:55:25Z,2025-03-14,a9e79cfd7a71e6c40d606ab06f465096_2.5
a9e79cfd7a71e6c40d606ab06f465096,Reggiana,Sampdoria,2025-03-16T14:00:00Z,soccer_italy_serie_b,Serie B,unibet,2.5,2.55,1.44,2025-03-14T11:55:24Z,2025-03-14,a9e79cfd7a71e6c40d606ab06f465096_2.5
a9e79cfd7a71e6c40d606ab06f465096,Reggiana,Sampdoria,2025-03-16T14:00:00Z,soccer_italy_serie_b,Serie B,betrivers,2.5,2.55,1.43,2025-03-14T11:55:24Z,2025-03-14,a9e79cfd7a71e6c40d606ab06f465096_2.5
a9e79cfd7a71e6c40d606ab06f465096,Reggiana,Sampdoria,2025-03-16T14:00:00Z,soccer_italy_serie_b,Serie B,williamhill,2.5,2.5,1.5,2025-03-14T11:55:26Z,2025-03-14,a9e79cfd7a71e6c40d606ab06f465096_2.5
a9e79cfd7a71e6c40d606ab06f465096,Reggiana,Sampdoria,2025-03-16T14:00:00Z,soccer_italy_serie_b,Serie B,coolbet,2.0,1.87,1.9,2025-03-14T11:55:25Z,2025-03-14,a9e79cfd7a71e6c40d606ab06f465096_2.0
a9e79cfd7a71e6c40d606ab06f465096,Reggiana,Sampdoria,2025-03-16T14:00:00Z,soccer_italy_serie_b,Serie B,betus,2.0,1.87,1.87,2025-03-14T11:55:25Z,2025-03-14,a9e79cfd7a71e6c40d606ab06f465096_2.0
a9e79cfd7a71e6c40d606ab06f465096,Reggiana,Sampdoria,2025-03-16T14:00:00Z,soccer_italy_serie_b,Serie B,matchbook,2.5,2.34,1.43,2025-03-14T11:55:24Z,2025-03-14,a9e79cfd7a71e6c40d606ab06f465096_2.5
821a16773adc7ce55cad0b5587b865ef,AC Ajaccio,Red Star,2025-03-14T19:00:00Z,soccer_france_ligue_two,Ligue 2,pinnacle,2.0,1.92,1.95,2025-03-14T11:55:22Z,2025-03-14,821a16773adc7ce55cad0b5587b865ef_2.0
821a16773adc7ce55cad0b5587b865ef,AC Ajaccio,Red Star,2025-03-14T19:00:00Z,soccer_france_ligue_two,Ligue 2,betsson,1.5,1.5,2.48,2025-03-14T11:55:23Z,2025-03-14,821a16773adc7ce55cad0b5587b865ef_1.5
821a16773adc7ce55cad0b5587b865ef,AC Ajaccio,Red Star,2025-03-14T19:00:00Z,soccer_france_ligue_two,Ligue 2,nordicbet,1.5,1.5,2.48,2025-03-14T11:55:23Z,2025-03-14,821a16773adc7ce55cad0b5587b865ef_1.5
821a16773adc7ce55cad0b5587b865ef,AC Ajaccio,Red Star,2025-03-14T19:00:00Z,soccer_france_ligue_two,Ligue 2,bovada,2.0,1.93,1.89,2025-03-14T11:55:22Z,2025-03-14,821a16773adc7ce55cad0b5587b865ef_2.0
821a16773adc7ce55cad0b5587b865ef,AC Ajaccio,Red Star,2025-03-14T19:00:00Z,soccer_france_ligue_two,Ligue 2,tipico_de,2.5,2.45,1.47,2025-03-14T11:55:24Z,2025-03-14,821a16773adc7ce55cad0b5587b865ef_2.5
821a16773adc7ce55cad0b5587b865ef,AC Ajaccio,Red Star,2025-03-14T19:00:00Z,soccer_france_ligue_two,Ligue 2,playup,1.5,1.5,2.5,2025-03-14T11:55:23Z,2025-03-14,821a16773adc7ce55cad0b5587b865ef_1.5
821a16773adc7ce55cad0b5587b865ef,AC Ajaccio,Red Star,2025-03-14T19:00:00Z,soccer_france_ligue_two,Ligue 2,betrivers,2.5,2.5,1.48,2025-03-14T11:55:22Z,2025-03-14,821a16773adc7ce55cad0b5587b865ef_2.5
821a16773adc7ce55cad0b5587b865ef,AC Ajaccio,Red Star,2025-03-14T19:00:00Z,soccer_france_ligue_two,Ligue 2,unibet_eu,2.5,2.5,1.48,2025-03-14T11:55:23Z,2025-03-14,821a16773adc7ce55cad0b5587b865ef_2.5
821a16773adc7ce55cad0b5587b865ef,AC Ajaccio,Red Star,2025-03-14T19:00:00Z,soccer_france_ligue_two,Ligue 2,unibet,2.5,2.5,1.48,2025-03-14T11:55:23Z,2025-03-14,821a16773adc7ce55cad0b5587b865ef_2.5
821a16773adc7ce55cad0b5587b865ef,AC Ajaccio,Red Star,2025-03-14T19:00:00Z,soccer_france_ligue_two,Ligue 2,williamhill,2.5,2.5,1.5,2025-03-14T11:55:24Z,2025-03-14,821a16773adc7ce55cad0b5587b865ef_2.5
821a16773adc7ce55cad0b5587b865ef,AC Ajaccio,Red Star,2025-03-14T19:00:00Z,soccer_france_ligue_two,Ligue 2,coolbet,2.0,1.87,1.9,2025-03-14T11:55:24Z,2025-03-14,821a16773adc7ce55cad0b5587b865ef_2.0
821a16773adc7ce55cad0b5587b865ef,AC Ajaccio,Red Star,2025-03-14T19:00:00Z,soccer_france_ligue_two,Ligue 2,betus,2.0,1.93,1.87,2025-03-14T11:55:23Z,2025-03-14,821a16773adc7ce55cad0b5587b865ef_2.0
821a16773adc7ce55cad0b5587b865ef,AC Ajaccio,Red Star,2025-03-14T19:00:00Z,soccer_france_ligue_two,Ligue 2,betonlineag,2.0,1.93,1.88,2025-03-14T11:53:51Z,2025-03-14,821a16773adc7ce55cad0b5587b865ef_2.0
821a16773adc7ce55cad0b5587b865ef,AC Ajaccio,Red Star,2025-03-14T19:00:00Z,soccer_france_ligue_two,Ligue 2,matchbook,1.5,1.55,2.74,2025-03-14T11:55:22Z,2025-03-14,821a16773adc7ce55cad0b5587b865ef_1.5
821a16773adc7ce55cad0b5587b865ef,AC Ajaccio,Red Star,2025-03-14T19:00:00Z,soccer_france_ligue_two,Ligue 2,lowvig,2.0,1.93,1.88,2025-03-14T11:55:22Z,2025-03-14,821a16773adc7ce55cad0b5587b865ef_2.0
027aebf31c45d8eed0ae8bec5c2ec48c,Amiens,Caen,2025-03-14T19:00:00Z,soccer_france_ligue_two,Ligue 2,pinnacle,2.25,1.88,1.99,2025-03-14T11:55:22Z,2025-03-14,027aebf31c45d8eed0ae8bec5c2ec48c_2.25
027aebf31c45d8eed0ae8bec5c2ec48c,Amiens,Caen,2025-03-14T19:00:00Z,soccer_france_ligue_two,Ligue 2,betsson,2.5,2.07,1.7,2025-03-14T11:55:23Z,2025-03-14,027aebf31c45d8eed0ae8bec5c2ec48c_2.5
027aebf31c45d8eed0ae8bec5c2ec48c,Amiens,Caen,2025-03-14T19:00:00Z,soccer_france_ligue_two,Ligue 2,nordicbet,2.5,2.07,1.7,2025-03-14T11:55:23Z,2025-03-14,027aebf31c45d8eed0ae8bec5c2ec48c_2.5
027aebf31c45d8eed0ae8bec5c2ec48c,Amiens,Caen,2025-03-14T19:00:00Z,soccer_france_ligue_two,Ligue 2,onexbet,2.5,2.12,1.72,2025-03-14T11:55:22Z,2025-03-14,027aebf31c45d8eed0ae8bec5c2ec48c_2.5
027aebf31c45d8eed0ae8bec5c2ec48c,Amiens,Caen,2025-03-14T19:00:00Z,soccer_france_ligue_two,Ligue 2,bovada,2.25,1.85,1.98,2025-03-14T11:55:22Z,2025-03-14,027aebf31c45d8eed0ae8bec5c2ec48c_2.25
027aebf31c45d8eed0ae8bec5c2ec48c,Amiens,Caen,2025-03-14T19:00:00Z,soccer_france_ligue_two,Ligue 2,tipico_de,2.5,2.05,1.67,2025-03-14T11:55:24Z,2025-03-14,027aebf31c45d8eed0ae8bec5c2ec48c_2.5
027aebf31c45d8eed0ae8bec5c2ec48c,Amiens,Caen,2025-03-14T19:00:00Z,soccer_france_ligue_two,Ligue 2,playup,2.5,2.08,1.7,2025-03-14T11:55:23Z,2025-03-14,027aebf31c45d8eed0ae8bec5c2ec48c_2.5
027aebf31c45d8eed0ae8bec5c2ec48c,Amiens,Caen,2025-03-14T19:00:00Z,soccer_france_ligue_two,Ligue 2,unibet,2.5,2.08,1.68,2025-03-14T11:55:23Z,2025-03-14,027aebf31c45d8eed0ae8bec5c2ec48c_2.5
027aebf31c45d8eed0ae8bec5c2ec48c,Amiens,Caen,2025-03-14T19:00:00Z,soccer_france_ligue_two,Ligue 2,betrivers,2.5,2.08,1.68,2025-03-14T11:55:22Z,2025-03-14,027aebf31c45d8eed0ae8bec5c2ec48c_2.5
027aebf31c45d8eed0ae8bec5c2ec48c,Amiens,Caen,2025-03-14T19:00:00Z,soccer_france_ligue_two,Ligue 2,unibet_eu,2.5,2.08,1.68,2025-03-14T11:55:23Z,2025-03-14,027aebf31c45d8eed0ae8bec5c2ec48c_2.5
027aebf31c45d8eed0ae8bec5c2ec48c,Amiens,Caen,2025-03-14T19:00:00Z,soccer_france_ligue_two,Ligue 2,williamhill,2.5,2.1,1.7,2025-03-14T11:55:24Z,2025-03-14,027aebf31c45d8eed0ae8bec5c2ec48c_2.5
027aebf31c45d8eed0ae8bec5c2ec48c,Amiens,Caen,2025-03-14T19:00:00Z,soccer_france_ligue_two,Ligue 2,coolbet,2.5,2.1,1.71,2025-03-14T11:55:24Z,2025-03-14,027aebf31c45d8eed0ae8bec5c2ec48c_2.5
027aebf31c45d8eed0ae8bec5c2ec48c,Amiens,Caen,2025-03-14T19:00:00Z,soccer_france_ligue_two,Ligue 2,betus,2.25,1.88,1.87,2025-03-14T11:55:23Z,2025-03-14,027aebf31c45d8eed0ae8bec5c2ec48c_2.25
027aebf31c45d8eed0ae8bec5c2ec48c,Amiens,Caen,2025-03-14T19:00:00Z,soccer_france_ligue_two,Ligue 2,betonlineag,2.25,1.88,1.94,2025-03-14T11:53:51Z,2025-03-14,027aebf31c45d8eed0ae8bec5c2ec48c_2.25
027aebf31c45d8eed0ae8bec5c2ec48c,Amiens,Caen,2025-03-14T19:00:00Z,soccer_france_ligue_two,Ligue 2,matchbook,2.5,2.24,1.78,2025-03-14T11:55:22Z,2025-03-14,027aebf31c45d8eed0ae8bec5c2ec48c_2.5
027aebf31c45d8eed0ae8bec5c2ec48c,Amiens,Caen,2025-03-14T19:00:00Z,soccer_france_ligue_two,Ligue 2,lowvig,2.25,1.88,1.94,2025-03-14T11:55:22Z,2025-03-14,027aebf31c45d8eed0ae8bec5c2ec48c_2.25
37b158e051c7603b3d5ddac3bce5f89e,Annecy FC,Rodez AF,2025-03-14T19:00:00Z,soccer_france_ligue_two,Ligue 2,unibet,2.5,1.78,1.95,2025-03-14T11:55:23Z,2025-03-14,37b158e051c7603b3d5ddac3bce5f89e_2.5
37b158e051c7603b3d5ddac3bce5f89e,Annecy FC,Rodez AF,2025-03-14T19:00:00Z,soccer_france_ligue_two,Ligue 2,betrivers,2.5,1.78,1.94,2025-03-14T11:55:22Z,2025-03-14,37b158e051c7603b3d5ddac3bce5f89e_2.5
37b158e051c7603b3d5ddac3bce5f89e,Annecy FC,Rodez AF,2025-03-14T19:00:00Z,soccer_france_ligue_two,Ligue 2,unibet_eu,2.5,1.78,1.94,2025-03-14T11:55:23Z,2025-03-14,37b158e051c7603b3d5ddac3bce5f89e_2.5
37b158e051c7603b3d5ddac3bce5f89e,Annecy FC,Rodez AF,2025-03-14T19:00:00Z,soccer_france_ligue_two,Ligue 2,betsson,2.5,1.91,1.83,2025-03-14T11:55:23Z,2025-03-14,37b158e051c7603b3d5ddac3bce5f89e_2.5
37b158e051c7603b3d5ddac3bce5f89e,Annecy FC,Rodez AF,2025-03-14T19:00:00Z,soccer_france_ligue_two,Ligue 2,nordicbet,2.5,1.91,1.83,2025-03-14T11:55:23Z,2025-03-14,37b158e051c7603b3d5ddac3bce5f89e_2.5
37b158e051c7603b3d5ddac3bce5f89e,Annecy FC,Rodez AF,2025-03-14T19:00:00Z,soccer_france_ligue_two,Ligue 2,playup,2.5,1.92,1.82,2025-03-14T11:55:23Z,2025-03-14,37b158e051c7603b3d5ddac3bce5f89e_2.5
37b158e051c7603b3d5ddac3bce5f89e,Annecy FC,Rodez AF,2025-03-14T19:00:00Z,soccer_france_ligue_two,Ligue 2,onexbet,2.5,1.94,1.86,2025-03-14T11:55:22Z,2025-03-14,37b158e051c7603b3d5ddac3bce5f89e_2.5
37b158e051c7603b3d5ddac3bce5f89e,Annecy FC,Rodez AF,2025-03-14T19:00:00Z,soccer_france_ligue_two,Ligue 2,coolbet,2.5,1.9,1.87,2025-03-14T11:55:24Z,2025-03-14,37b158e051c7603b3d5ddac3bce5f89e_2.5
37b158e051c7603b3d5ddac3bce5f89e,Annecy FC,Rodez AF,2025-03-14T19:00:00Z,soccer_france_ligue_two,Ligue 2,pinnacle,2.5,1.99,1.88,2025-03-14T11:55:22Z,2025-03-14,37b158e051c7603b3d5ddac3bce5f89e_2.5
37b158e051c7603b3d5ddac3bce5f89e,Annecy FC,Rodez AF,2025-03-14T19:00:00Z,soccer_france_ligue_two,Ligue 2,tipico_de,2.5,1.83,1.85,2025-03-14T11:55:24Z,2025-03-14,37b158e051c7603b3d5ddac3bce5f89e_2.5
37b158e051c7603b3d5ddac3bce5f89e,Annecy FC,Rodez AF,2025-03-14T19:00:00Z,soccer_france_ligue_two,Ligue 2,betus,2.5,1.87,1.88,2025-03-14T11:55:23Z,2025-03-14,37b158e051c7603b3d5ddac3bce5f89e_2.5
37b158e051c7603b3d5ddac3bce5f89e,Annecy FC,Rodez AF,2025-03-14T19:00:00Z,soccer_france_ligue_two,Ligue 2,bovada,2.5,1.93,1.89,2025-03-14T11:55:22Z,2025-03-14,37b158e051c7603b3d5ddac3bce5f89e_2.5
37b158e051c7603b3d5ddac3bce5f89e,Annecy FC,Rodez AF,2025-03-14T19:00:00Z,soccer_france_ligue_two,Ligue 2,williamhill,2.5,1.91,1.83,2025-03-14T11:55:24Z,2025-03-14,37b158e051c7603b3d5ddac3bce5f89e_2.5
37b158e051c7603b3d5ddac3bce5f89e,Annecy FC,Rodez AF,2025-03-14T19:00:00Z,soccer_france_ligue_two,Ligue 2,matchbook,2.5,2.06,1.92,2025-03-14T11:55:22Z,2025-03-14,37b158e051c7603b3d5ddac3bce5f89e_2.5
37b158e051c7603b3d5ddac3bce5f89e,Annecy FC,Rodez AF,2025-03-14T19:00:00Z,soccer_france_ligue_two,Ligue 2,betonlineag,2.5,1.98,1.85,2025-03-14T11:53:51Z,2025-03-14,37b158e051c7603b3d5ddac3bce5f89e_2.5
37b158e051c7603b3d5ddac3bce5f89e,Annecy FC,Rodez AF,2025-03-14T19:00:00Z,soccer_france_ligue_two,Ligue 2,lowvig,2.5,1.98,1.85,2025-03-14T11:55:22Z,2025-03-14,37b158e051c7603b3d5ddac3bce5f89e_2.5
82bf59a3c4440ecae48c48a6d36d96a0,Clermont,Grenoble,2025-03-14T19:00:00Z,soccer_france_ligue_two,Ligue 2,pinnacle,2.25,2.01,1.87,2025-03-14T11:55:22Z,2025-03-14,82bf59a3c4440ecae48c48a6d36d96a0_2.25
82bf59a3c4440ecae48c48a6d36d96a0,Clermont,Grenoble,2025-03-14T19:00:00Z,soccer_france_ligue_two,Ligue 2,betsson,2.5,2.22,1.61,2025-03-14T11:55:23Z,2025-03-14,82bf59a3c4440ecae48c48a6d36d96a0_2.5
82bf59a3c4440ecae48c48a6d36d96a0,Clermont,Grenoble,2025-03-14T19:00:00Z,soccer_france_ligue_two,Ligue 2,nordicbet,2.5,2.22,1.61,2025-03-14T11:55:23Z,2025-03-14,82bf59a3c4440ecae48c48a6d36d96a0_2.5
82bf59a3c4440ecae48c48a6d36d96a0,Clermont,Grenoble,2025-03-14T19:00:00Z,soccer_france_ligue_two,Ligue 2,onexbet,2.5,2.23,1.65,2025-03-14T11:55:22Z,2025-03-14,82bf59a3c4440ecae48c48a6d36d96a0_2.5
82bf59a3c4440ecae48c48a6d36d96a0,Clermont,Grenoble,2025-03-14T19:00:00Z,soccer_france_ligue_two,Ligue 2,bovada,2.25,2.0,1.83,2025-03-14T11:55:22Z,2025-03-14,82bf59a3c4440ecae48c48a6d36d96a0_2.25
82bf59a3c4440ecae48c48a6d36d96a0,Clermont,Grenoble,2025-03-14T19:00:00Z,soccer_france_ligue_two,Ligue 2,tipico_de,2.5,2.15,1.62,2025-03-14T11:55:24Z,2025-03-14,82bf59a3c4440ecae48c48a6d36d96a0_2.5
82bf59a3c4440ecae48c48a6d36d96a0,Clermont,Grenoble,2025-03-14T19:00:00Z,soccer_france_ligue_two,Ligue 2,playup,2.5,2.2,1.63,2025-03-14T11:55:23Z,2025-03-14,82bf59a3c4440ecae48c48a6d36d96a0_2.5
82bf59a3c4440ecae48c48a6d36d96a0,Clermont,Grenoble,2025-03-14T19:00:00Z,soccer_france_ligue_two,Ligue 2,betrivers,2.5,2.14,1.65,2025-03-14T11:55:22Z,2025-03-14,82bf59a3c4440ecae48c48a6d36d96a0_2.5
82bf59a3c4440ecae48c48a6d36d96a0,Clermont,Grenoble,2025-03-14T19:00:00Z,soccer_france_ligue_two,Ligue 2,unibet_eu,2.5,2.14,1.65,2025-03-14T11:55:23Z,2025-03-14,82bf59a3c4440ecae48c48a6d36d96a0_2.5
82bf59a3c4440ecae48c48a6d36d96a0,Clermont,Grenoble,2025-03-14T19:00:00Z,soccer_france_ligue_two,Ligue 2,unibet,2.5,2.14,1.65,2025-03-14T11:55:23Z,2025-03-14,82bf59a3c4440ecae48c48a6d36d96a0_2.5
82bf59a3c4440ecae48c48a6d36d96a0,Clermont,Grenoble,2025-03-14T19:00:00Z,soccer_france_ligue_two,Ligue 2,williamhill,2.5,2.2,1.62,2025-03-14T11:55:24Z,2025-03-14,82bf59a3c4440ecae48c48a6d36d96a0_2.5
82bf59a3c4440ecae48c48a6d36d96a0,Clermont,Grenoble,2025-03-14T19:00:00Z,soccer_france_ligue_two,Ligue 2,coolbet,2.0,1.7,2.12,2025-03-14T11:55:24Z,2025-03-14,82bf59a3c4440ecae48c48a6d36d96a0_2.0
82bf59a3c4440ecae48c48a6d36d96a0,Clermont,Grenoble,2025-03-14T19:00:00Z,soccer_france_ligue_two,Ligue 2,betus,2.25,1.87,1.87,2025-03-14T11:55:23Z,2025-03-14,82bf59a3c4440ecae48c48a6d36d96a0_2.25
82bf59a3c4440ecae48c48a6d36d96a0,Clermont,Grenoble,2025-03-14T19:00:00Z,soccer_france_ligue_two,Ligue 2,betonlineag,2.25,1.99,1.84,2025-03-14T11:53:51Z,2025-03-14,82bf59a3c4440ecae48c48a6d36d96a0_2.25
82bf59a3c4440ecae48c48a6d36d96a0,Clermont,Grenoble,2025-03-14T19:00:00Z,soccer_france_ligue_two,Ligue 2,matchbook,2.5,2.36,1.7,2025-03-14T11:55:22Z,2025-03-14,82bf59a3c4440ecae48c48a6d36d96a0_2.5
82bf59a3c4440ecae48c48a6d36d96a0,Clermont,Grenoble,2025-03-14T19:00:00Z,soccer_france_ligue_two,Ligue 2,lowvig,2.25,1.99,1.84,2025-03-14T11:55:22Z,2025-03-14,82bf59a3c4440ecae48c48a6d36d96a0_2.25
d8cc363121956325330a115a0f40eda2,FC Martigues,Pau FC,2025-03-14T19:00:00Z,soccer_france_ligue_two,Ligue 2,pinnacle,2.5,1.96,1.91,2025-03-14T11:55:22Z,2025-03-14,d8cc363121956325330a115a0f40eda2_2.5
d8cc363121956325330a115a0f40eda2,FC Martigues,Pau FC,2025-03-14T19:00:00Z,soccer_france_ligue_two,Ligue 2,betsson,2.5,1.91,1.83,2025-03-14T11:55:23Z,2025-03-14,d8cc363121956325330a115a0f40eda2_2.5
d8cc363121956325330a115a0f40eda2,FC Martigues,Pau FC,2025-03-14T19:00:00Z,soccer_france_ligue_two,Ligue 2,nordicbet,2.5,1.91,1.83,2025-03-14T11:55:23Z,2025-03-14,d8cc363121956325330a115a0f40eda2_2.5
d8cc363121956325330a115a0f40eda2,FC Martigues,Pau FC,2025-03-14T19:00:00Z,soccer_france_ligue_two,Ligue 2,onexbet,2.5,1.93,1.87,2025-03-14T11:55:22Z,2025-03-14,d8cc363121956325330a115a0f40eda2_2.5
d8cc363121956325330a115a0f40eda2,FC Martigues,Pau FC,2025-03-14T19:00:00Z,soccer_france_ligue_two,Ligue 2,bovada,2.5,1.95,1.87,2025-03-14T11:55:22Z,2025-03-14,d8cc363121956325330a115a0f40eda2_2.5
d8cc363121956325330a115a0f40eda2,FC Martigues,Pau FC,2025-03-14T19:00:00Z,soccer_france_ligue_two,Ligue 2,tipico_de,2.5,1.83,1.85,2025-03-14T11:55:24Z,2025-03-14,d8cc363121956325330a115a0f40eda2_2.5
d8cc363121956325330a115a0f40eda2,FC Martigues,Pau FC,2025-03-14T19:00:00Z,soccer_france_ligue_two,Ligue 2,playup,2.5,1.92,1.82,2025-03-14T11:55:23Z,2025-03-14,d8cc363121956325330a115a0f40eda2_2.5
d8cc363121956325330a115a0f40eda2,FC Martigues,Pau FC,2025-03-14T19:00:00Z,soccer_france_ligue_two,Ligue 2,betrivers,2.5,1.87,1.85,2025-03-14T11:55:22Z,2025-03-14,d8cc363121956325330a115a0f40eda2_2.5
d8cc363121956325330a115a0f40eda2,FC Martigues,Pau FC,2025-03-14T19:00:00Z,soccer_france_ligue_two,Ligue 2,unibet,2.5,1.87,1.86,2025-03-14T11:55:23Z,2025-03-14,d8cc363121956325330a115a0f40eda2_2.5
d8cc363121956325330a115a0f40eda2,FC Martigues,Pau FC,2025-03-14T19:00:00Z,soccer_france_ligue_two,Ligue 2,unibet_eu,2.5,1.87,1.85,2025-03-14T11:55:23Z,2025-03-14,d8cc363121956325330a115a0f40eda2_2.5
d8cc363121956325330a115a0f40eda2,FC Martigues,Pau FC,2025-03-14T19:00:00Z,soccer_france_ligue_two,Ligue 2,williamhill,2.5,1.85,1.85,2025-03-14T11:55:24Z,2025-03-14,d8cc363121956325330a115a0f40eda2_2.5
d8cc363121956325330a115a0f40eda2,FC Martigues,Pau FC,2025-03-14T19:00:00Z,soccer_france_ligue_two,Ligue 2,coolbet,2.5,1.93,1.85,2025-03-14T11:55:24Z,2025-03-14,d8cc363121956325330a115a0f40eda2_2.5
d8cc363121956325330a115a0f40eda2,FC Martigues,Pau FC,2025-03-14T19:00:00Z,soccer_france_ligue_two,Ligue 2,betus,2.5,1.87,1.91,2025-03-14T11:55:23Z,2025-03-14,d8cc363121956325330a115a0f40eda2_2.5
d8cc363121956325330a115a0f40eda2,FC Martigues,Pau FC,2025-03-14T19:00:00Z,soccer_france_ligue_two,Ligue 2,matchbook,2.5,2.06,1.92,2025-03-14T11:55:22Z,2025-03-14,d8cc363121956325330a115a0f40eda2_2.5
d8cc363121956325330a115a0f40eda2,FC Martigues,Pau FC,2025-03-14T19:00:00Z,soccer_france_ligue_two,Ligue 2,betonlineag,2.5,1.94,1.88,2025-03-14T11:53:51Z,2025-03-14,d8cc363121956325330a115a0f40eda2_2.5
d8cc363121956325330a115a0f40eda2,FC Martigues,Pau FC,2025-03-14T19:00:00Z,soccer_france_ligue_two,Ligue 2,lowvig,2.5,1.94,1.88,2025-03-14T11:55:22Z,2025-03-14,d8cc363121956325330a115a0f40eda2_2.5
244a37812594aca2ebf7d41dff53f4a0,Troyes,Guingamp,2025-03-14T19:00:00Z,soccer_france_ligue_two,Ligue 2,pinnacle,2.25,2.07,1.81,2025-03-14T11:55:22Z,2025-03-14,244a37812594aca2ebf7d41dff53f4a0_2.25
244a37812594aca2ebf7d41dff53f4a0,Troyes,Guingamp,2025-03-14T19:00:00Z,soccer_france_ligue_two,Ligue 2,betsson,2.5,2.27,1.59,2025-03-14T11:55:23Z,2025-03-14,244a37812594aca2ebf7d41dff53f4a0_2.5
244a37812594aca2ebf7d41dff53f4a0,Troyes,Guingamp,2025-03-14T19:00:00Z,soccer_france_ligue_two,Ligue 2,nordicbet,2.5,2.27,1.59,2025-03-14T11:55:23Z,2025-03-14,244a37812594aca2ebf7d41dff53f4a0_2.5
244a37812594aca2ebf7d41dff53f4a0,Troyes,Guingamp,2025-03-14T19:00:00Z,soccer_france_ligue_two,Ligue 2,bovada,2.25,2.05,1.8,2025-03-14T11:55:22Z,2025-03-14,244a37812594aca2ebf7d41dff53f4a0_2.25
244a37812594aca2ebf7d41dff53f4a0,Troyes,Guingamp,2025-03-14T19:00:00Z,soccer_france_ligue_two,Ligue 2,tipico_de,2.5,2.2,1.6,2025-03-14T11:55:24Z,2025-03-14,244a37812594aca2ebf7d41dff53f4a0_2.5
244a37812594aca2ebf7d41dff53f4a0,Troyes,Guingamp,2025-03-14T19:00:00Z,soccer_france_ligue_two,Ligue 2,playup,2.5,2.28,1.58,2025-03-14T11:55:23Z,2025-03-14,244a37812594aca2ebf7d41dff53f4a0_2.5
244a37812594aca2ebf7d41dff53f4a0,Troyes,Guingamp,2025-03-14T19:00:00Z,soccer_france_ligue_two,Ligue 2,betrivers,2.5,2.35,1.54,2025-03-14T11:55:22Z,2025-03-14,244a37812594aca2ebf7d41dff53f4a0_2.5
244a37812594aca2ebf7d41dff53f4a0,Troyes,Guingamp,2025-03-14T19:00:00Z,soccer_france_ligue_two,Ligue 2,unibet_eu,2.5,2.35,1.54,2025-03-14T11:55:23Z,2025-03-14,244a37812594aca2ebf7d41dff53f4a0_2.5
244a37812594aca2ebf7d41dff53f4a0,Troyes,Guingamp,2025-03-14T19:00:00Z,soccer_france_ligue_two,Ligue 2,unibet,2.5,2.35,1.54,2025-03-14T11:55:23Z,2025-03-14,244a37812594aca2ebf7d41dff53f4a0_2.5
244a37812594aca2ebf7d41dff53f4a0,Troyes,Guingamp,2025-03-14T19:00:00Z,soccer_france_ligue_two,Ligue 2,williamhill,2.5,2.3,1.57,2025-03-14T11:55:24Z,2025-03-14,244a37812594aca2ebf7d41dff53f4a0_2.5
244a37812594aca2ebf7d41dff53f4a0,Troyes,Guingamp,2025-03-14T19:00:00Z,soccer_france_ligue_two,Ligue 2,coolbet,2.0,1.7,2.12,2025-03-14T11:55:24Z,2025-03-14,244a37812594aca2ebf7d41dff53f4a0_2.0
244a37812594aca2ebf7d41dff53f4a0,Troyes,Guingamp,2025-03-14T19:00:00Z,soccer_france_ligue_two,Ligue 2,betus,2.25,1.93,1.81,2025-03-14T11:55:23Z,2025-03-14,244a37812594aca2ebf7d41dff53f4a0_2.25
244a37812594aca2ebf7d41dff53f4a0,Troyes,Guingamp,2025-03-14T19:00:00Z,soccer_france_ligue_two,Ligue 2,betonlineag,2.25,2.0,1.83,2025-03-14T11:53:51Z,2025-03-14,244a37812594aca2ebf7d41dff53f4a0_2.25
244a37812594aca2ebf7d41dff53f4a0,Troyes,Guingamp,2025-03-14T19:00:00Z,soccer_france_ligue_two,Ligue 2,matchbook,2.5,2.4,1.69,2025-03-14T11:55:22Z,2025-03-14,244a37812594aca2ebf7d41dff53f4a0_2.5
244a37812594aca2ebf7d41dff53f4a0,Troyes,Guingamp,2025-03-14T19:00:00Z,soccer_france_ligue_two,Ligue 2,lowvig,2.25,2.0,1.83,2025-03-14T11:55:22Z,2025-03-14,244a37812594aca2ebf7d41dff53f4a0_2.25
d0b2d8d4314e5176d4ed2a05b4c4a75f,USL Dunkerque,Metz,2025-03-15T13:00:00Z,soccer_france_ligue_two,Ligue 2,unibet,2.5,1.92,1.8,2025-03-14T11:55:23Z,2025-03-14,d0b2d8d4314e5176d4ed2a05b4c4a75f_2.5
d0b2d8d4314e5176d4ed2a05b4c4a75f,USL Dunkerque,Metz,2025-03-15T13:00:00Z,soccer_france_ligue_two,Ligue 2,unibet_eu,2.5,1.92,1.8,2025-03-14T11:55:23Z,2025-03-14,d0b2d8d4314e5176d4ed2a05b4c4a75f_2.5
d0b2d8d4314e5176d4ed2a05b4c4a75f,USL Dunkerque,Metz,2025-03-15T13:00:00Z,soccer_france_ligue_two,Ligue 2,betrivers,2.5,1.92,1.8,2025-03-14T11:55:22Z,2025-03-14,d0b2d8d4314e5176d4ed2a05b4c4a75f_2.5
d0b2d8d4314e5176d4ed2a05b4c4a75f,USL Dunkerque,Metz,2025-03-15T13:00:00Z,soccer_france_ligue_two,Ligue 2,nordicbet,2.5,2.07,1.7,2025-03-14T11:55:23Z,2025-03-14,d0b2d8d4314e5176d4ed2a05b4c4a75f_2.5
d0b2d8d4314e5176d4ed2a05b4c4a75f,USL Dunkerque,Metz,2025-03-15T13:00:00Z,soccer_france_ligue_two,Ligue 2,betsson,2.5,2.07,1.7,2025-03-14T11:55:23Z,2025-03-14,d0b2d8d4314e5176d4ed2a05b4c4a75f_2.5
d0b2d8d4314e5176d4ed2a05b4c4a75f,USL Dunkerque,Metz,2025-03-15T13:00:00Z,soccer_france_ligue_two,Ligue 2,playup,2.5,2.05,1.68,2025-03-14T11:55:23Z,2025-03-14,d0b2d8d4314e5176d4ed2a05b4c4a75f_2.5
d0b2d8d4314e5176d4ed2a05b4c4a75f,USL Dunkerque,Metz,2025-03-15T13:00:00Z,soccer_france_ligue_two,Ligue 2,onexbet,2.5,2.12,1.72,2025-03-14T11:55:22Z,2025-03-14,d0b2d8d4314e5176d4ed2a05b4c4a75f_2.5
d0b2d8d4314e5176d4ed2a05b4c4a75f,USL Dunkerque,Metz,2025-03-15T13:00:00Z,soccer_france_ligue_two,Ligue 2,pinnacle,2.25,1.88,1.95,2025-03-14T11:55:22Z,2025-03-14,d0b2d8d4314e5176d4ed2a05b4c4a75f_2.25
d0b2d8d4314e5176d4ed2a05b4c4a75f,USL Dunkerque,Metz,2025-03-15T13:00:00Z,soccer_france_ligue_two,Ligue 2,tipico_de,2.5,2.0,1.7,2025-03-14T11:55:24Z,2025-03-14,d0b2d8d4314e5176d4ed2a05b4c4a75f_2.5
d0b2d8d4314e5176d4ed2a05b4c4a75f,USL Dunkerque,Metz,2025-03-15T13:00:00Z,soccer_france_ligue_two,Ligue 2,bovada,2.25,1.85,1.98,2025-03-14T11:55:22Z,2025-03-14,d0b2d8d4314e5176d4ed2a05b4c4a75f_2.25
d0b2d8d4314e5176d4ed2a05b4c4a75f,USL Dunkerque,Metz,2025-03-15T13:00:00Z,soccer_france_ligue_two,Ligue 2,williamhill,2.5,2.1,1.67,2025-03-14T11:55:24Z,2025-03-14,d0b2d8d4314e5176d4ed2a05b4c4a75f_2.5
d0b2d8d4314e5176d4ed2a05b4c4a75f,USL Dunkerque,Metz,2025-03-15T13:00:00Z,soccer_france_ligue_two,Ligue 2,coolbet,2.5,2.1,1.71,2025-03-14T11:55:24Z,2025-03-14,d0b2d8d4314e5176d4ed2a05b4c4a75f_2.5
d0b2d8d4314e5176d4ed2a05b4c4a75f,USL Dunkerque,Metz,2025-03-15T13:00:00Z,soccer_france_ligue_two,Ligue 2,matchbook,2.5,2.14,1.73,2025-03-14T11:55:22Z,2025-03-14,d0b2d8d4314e5176d4ed2a05b4c4a75f_2.5
d0b2d8d4314e5176d4ed2a05b4c4a75f,USL Dunkerque,Metz,2025-03-15T13:00:00Z,soccer_france_ligue_two,Ligue 2,betus,2.25,1.88,1.87,2025-03-14T11:55:23Z,2025-03-14,d0b2d8d4314e5176d4ed2a05b4c4a75f_2.25
d0b2d8d4314e5176d4ed2a05b4c4a75f,USL Dunkerque,Metz,2025-03-15T13:00:00Z,soccer_france_ligue_two,Ligue 2,betonlineag,2.25,1.89,1.93,2025-03-14T11:53:51Z,2025-03-14,d0b2d8d4314e5176d4ed2a05b4c4a75f_2.25
d0b2d8d4314e5176d4ed2a05b4c4a75f,USL Dunkerque,Metz,2025-03-15T13:00:00Z,soccer_france_ligue_two,Ligue 2,lowvig,2.25,1.89,1.93,2025-03-14T11:55:22Z,2025-03-14,d0b2d8d4314e5176d4ed2a05b4c4a75f_2.25
073a97ca4015ca4882dd5783b7f386b2,Stade Lavallois,Paris FC,2025-03-15T13:00:00Z,soccer_france_ligue_two,Ligue 2,nordicbet,2.5,2.17,1.64,2025-03-14T11:55:23Z,2025-03-14,073a97ca4015ca4882dd5783b7f386b2_2.5
073a97ca4015ca4882dd5783b7f386b2,Stade Lavallois,Paris FC,2025-03-15T13:00:00Z,soccer_france_ligue_two,Ligue 2,pinnacle,2.25,1.98,1.85,2025-03-14T11:55:22Z,2025-03-14,073a97ca4015ca4882dd5783b7f386b2_2.25
073a97ca4015ca4882dd5783b7f386b2,Stade Lavallois,Paris FC,2025-03-15T13:00:00Z,soccer_france_ligue_two,Ligue 2,betsson,2.5,2.17,1.64,2025-03-14T11:55:23Z,2025-03-14,073a97ca4015ca4882dd5783b7f386b2_2.5
073a97ca4015ca4882dd5783b7f386b2,Stade Lavallois,Paris FC,2025-03-15T13:00:00Z,soccer_france_ligue_two,Ligue 2,bovada,2.25,1.95,1.87,2025-03-14T11:55:22Z,2025-03-14,073a97ca4015ca4882dd5783b7f386b2_2.25
073a97ca4015ca4882dd5783b7f386b2,Stade Lavallois,Paris FC,2025-03-15T13:00:00Z,soccer_france_ligue_two,Ligue 2,tipico_de,2.5,2.15,1.62,2025-03-14T11:55:24Z,2025-03-14,073a97ca4015ca4882dd5783b7f386b2_2.5
073a97ca4015ca4882dd5783b7f386b2,Stade Lavallois,Paris FC,2025-03-15T13:00:00Z,soccer_france_ligue_two,Ligue 2,betrivers,2.5,2.04,1.71,2025-03-14T11:55:22Z,2025-03-14,073a97ca4015ca4882dd5783b7f386b2_2.5
073a97ca4015ca4882dd5783b7f386b2,Stade Lavallois,Paris FC,2025-03-15T13:00:00Z,soccer_france_ligue_two,Ligue 2,unibet_eu,2.5,2.04,1.71,2025-03-14T11:55:23Z,2025-03-14,073a97ca4015ca4882dd5783b7f386b2_2.5
073a97ca4015ca4882dd5783b7f386b2,Stade Lavallois,Paris FC,2025-03-15T13:00:00Z,soccer_france_ligue_two,Ligue 2,unibet,2.5,2.04,1.71,2025-03-14T11:55:23Z,2025-03-14,073a97ca4015ca4882dd5783b7f386b2_2.5
073a97ca4015ca4882dd5783b7f386b2,Stade Lavallois,Paris FC,2025-03-15T13:00:00Z,soccer_france_ligue_two,Ligue 2,playup,2.5,2.2,1.6,2025-03-14T11:55:23Z,2025-03-14,073a97ca4015ca4882dd5783b7f386b2_2.5
073a97ca4015ca4882dd5783b7f386b2,Stade Lavallois,Paris FC,2025-03-15T13:00:00Z,soccer_france_ligue_two,Ligue 2,williamhill,2.5,2.15,1.67,2025-03-14T11:55:24Z,2025-03-14,073a97ca4015ca4882dd5783b7f386b2_2.5
073a97ca4015ca4882dd5783b7f386b2,Stade Lavallois,Paris FC,2025-03-15T13:00:00Z,soccer_france_ligue_two,Ligue 2,betus,2.25,1.88,1.85,2025-03-14T11:55:23Z,2025-03-14,073a97ca4015ca4882dd5783b7f386b2_2.25
073a97ca4015ca4882dd5783b7f386b2,Stade Lavallois,Paris FC,2025-03-15T13:00:00Z,soccer_france_ligue_two,Ligue 2,coolbet,2.0,1.65,2.2,2025-03-14T11:55:24Z,2025-03-14,073a97ca4015ca4882dd5783b7f386b2_2.0
073a97ca4015ca4882dd5783b7f386b2,Stade Lavallois,Paris FC,2025-03-15T13:00:00Z,soccer_france_ligue_two,Ligue 2,matchbook,2.5,2.26,1.67,2025-03-14T11:55:22Z,2025-03-14,073a97ca4015ca4882dd5783b7f386b2_2.5
073a97ca4015ca4882dd5783b7f386b2,Stade Lavallois,Paris FC,2025-03-15T13:00:00Z,soccer_france_ligue_two,Ligue 2,lowvig,2.25,1.96,1.86,2025-03-14T11:55:22Z,2025-03-14,073a97ca4015ca4882dd5783b7f386b2_2.25
073a97ca4015ca4882dd5783b7f386b2,Stade Lavallois,Paris FC,2025-03-15T13:00:00Z,soccer_france_ligue_two,Ligue 2,betonlineag,2.25,1.96,1.86,2025-03-14T11:53:51Z,2025-03-14,073a97ca4015ca4882dd5783b7f386b2_2.25
9c48e3930f5dc3011d22386ec305baac,Lorient,SC Bastia,2025-03-15T19:00:00Z,soccer_france_ligue_two,Ligue 2,betsson,2.5,2.25,1.6,2025-03-14T11:55:23Z,2025-03-14,9c48e3930f5dc3011d22386ec305baac_2.5
9c48e3930f5dc3011d22386ec305baac,Lorient,SC Bastia,2025-03-15T19:00:00Z,soccer_france_ligue_two,Ligue 2,nordicbet,2.5,2.25,1.6,2025-03-14T11:55:23Z,2025-03-14,9c48e3930f5dc3011d22386ec305baac_2.5
9c48e3930f5dc3011d22386ec305baac,Lorient,SC Bastia,2025-03-15T19:00:00Z,soccer_france_ligue_two,Ligue 2,onexbet,2.5,2.27,1.63,2025-03-14T11:55:22Z,2025-03-14,9c48e3930f5dc3011d22386ec305baac_2.5
9c48e3930f5dc3011d22386ec305baac,Lorient,SC Bastia,2025-03-15T19:00:00Z,soccer_france_ligue_two,Ligue 2,pinnacle,2.25,2.01,1.83,2025-03-14T11:55:22Z,2025-03-14,9c48e3930f5dc3011d22386ec305baac_2.25
9c48e3930f5dc3011d22386ec305baac,Lorient,SC Bastia,2025-03-15T19:00:00Z,soccer_france_ligue_two,Ligue 2,bovada,2.25,2.02,1.82,2025-03-14T11:55:22Z,2025-03-14,9c48e3930f5dc3011d22386ec305baac_2.25
9c48e3930f5dc3011d22386ec305baac,Lorient,SC Bastia,2025-03-15T19:00:00Z,soccer_france_ligue_two,Ligue 2,tipico_de,2.5,2.15,1.62,2025-03-14T11:55:24Z,2025-03-14,9c48e3930f5dc3011d22386ec305baac_2.5
9c48e3930f5dc3011d22386ec305baac,Lorient,SC Bastia,2025-03-15T19:00:00Z,soccer_france_ligue_two,Ligue 2,betrivers,2.5,2.17,1.63,2025-03-14T11:55:22Z,2025-03-14,9c48e3930f5dc3011d22386ec305baac_2.5
9c48e3930f5dc3011d22386ec305baac,Lorient,SC Bastia,2025-03-15T19:00:00Z,soccer_france_ligue_two,Ligue 2,unibet_eu,2.5,2.17,1.63,2025-03-14T11:55:23Z,2025-03-14,9c48e3930f5dc3011d22386ec305baac_2.5
9c48e3930f5dc3011d22386ec305baac,Lorient,SC Bastia,2025-03-15T19:00:00Z,soccer_france_ligue_two,Ligue 2,unibet,2.5,2.17,1.63,2025-03-14T11:55:23Z,2025-03-14,9c48e3930f5dc3011d22386ec305baac_2.5
9c48e3930f5dc3011d22386ec305baac,Lorient,SC Bastia,2025-03-15T19:00:00Z,soccer_france_ligue_two,Ligue 2,williamhill,2.5,2.2,1.62,2025-03-14T11:55:24Z,2025-03-14,9c48e3930f5dc3011d22386ec305baac_2.5
9c48e3930f5dc3011d22386ec305baac,Lorient,SC Bastia,2025-03-15T19:00:00Z,soccer_france_ligue_two,Ligue 2,playup,2.5,2.2,1.6,2025-03-14T11:55:23Z,2025-03-14,9c48e3930f5dc3011d22386ec305baac_2.5
9c48e3930f5dc3011d22386ec305baac,Lorient,SC Bastia,2025-03-15T19:00:00Z,soccer_france_ligue_two,Ligue 2,betus,2.25,1.91,1.83,2025-03-14T11:55:23Z,2025-03-14,9c48e3930f5dc3011d22386ec305baac_2.25
9c48e3930f5dc3011d22386ec305baac,Lorient,SC Bastia,2025-03-15T19:00:00Z,soccer_france_ligue_two,Ligue 2,coolbet,2.0,1.71,2.1,2025-03-14T11:55:24Z,2025-03-14,9c48e3930f5dc3011d22386ec305baac_2.0
9c48e3930f5dc3011d22386ec305baac,Lorient,SC Bastia,2025-03-15T19:00:00Z,soccer_france_ligue_two,Ligue 2,betonlineag,2.25,2.02,1.82,2025-03-14T11:53:51Z,2025-03-14,9c48e3930f5dc3011d22386ec305baac_2.25
9c48e3930f5dc3011d22386ec305baac,Lorient,SC Bastia,2025-03-15T19:00:00Z,soccer_france_ligue_two,Ligue 2,lowvig,2.25,2.02,1.82,2025-03-14T11:55:22Z,2025-03-14,9c48e3930f5dc3011d22386ec305baac_2.25
f16009ae54b66ec4b7546825bc8b0c8b,Almere City,NAC Breda,2025-03-14T19:00:00Z,soccer_netherlands_eredivisie,Eredivisie,onexbet,2.5,2.03,1.78,2025-03-14T11:54:41Z,2025-03-14,f16009ae54b66ec4b7546825bc8b0c8b_2.5
f16009ae54b66ec4b7546825bc8b0c8b,Almere City,NAC Breda,2025-03-14T19:00:00Z,soccer_netherlands_eredivisie,Eredivisie,betsson,2.5,1.96,1.81,2025-03-14T11:54:42Z,2025-03-14,f16009ae54b66ec4b7546825bc8b0c8b_2.5
f16009ae54b66ec4b7546825bc8b0c8b,Almere City,NAC Breda,2025-03-14T19:00:00Z,soccer_netherlands_eredivisie,Eredivisie,nordicbet,2.5,1.96,1.81,2025-03-14T11:54:42Z,2025-03-14,f16009ae54b66ec4b7546825bc8b0c8b_2.5
f16009ae54b66ec4b7546825bc8b0c8b,Almere City,NAC Breda,2025-03-14T19:00:00Z,soccer_netherlands_eredivisie,Eredivisie,bovada,2.25,1.82,2.02,2025-03-14T11:54:41Z,2025-03-14,f16009ae54b66ec4b7546825bc8b0c8b_2.25
f16009ae54b66ec4b7546825bc8b0c8b,Almere City,NAC Breda,2025-03-14T19:00:00Z,soccer_netherlands_eredivisie,Eredivisie,betrivers,2.5,2.06,1.73,2025-03-14T11:54:41Z,2025-03-14,f16009ae54b66ec4b7546825bc8b0c8b_2.5
f16009ae54b66ec4b7546825bc8b0c8b,Almere City,NAC Breda,2025-03-14T19:00:00Z,soccer_netherlands_eredivisie,Eredivisie,unibet,2.5,2.06,1.73,2025-03-14T11:54:42Z,2025-03-14,f16009ae54b66ec4b7546825bc8b0c8b_2.5
f16009ae54b66ec4b7546825bc8b0c8b,Almere City,NAC Breda,2025-03-14T19:00:00Z,soccer_netherlands_eredivisie,Eredivisie,unibet_eu,2.5,2.06,1.73,2025-03-14T11:54:44Z,2025-03-14,f16009ae54b66ec4b7546825bc8b0c8b_2.5
f16009ae54b66ec4b7546825bc8b0c8b,Almere City,NAC Breda,2025-03-14T19:00:00Z,soccer_netherlands_eredivisie,Eredivisie,betus,2.25,1.82,1.93,2025-03-14T11:54:41Z,2025-03-14,f16009ae54b66ec4b7546825bc8b0c8b_2.25
f16009ae54b66ec4b7546825bc8b0c8b,Almere City,NAC Breda,2025-03-14T19:00:00Z,soccer_netherlands_eredivisie,Eredivisie,tipico_de,2.5,2.0,1.77,2025-03-14T11:54:43Z,2025-03-14,f16009ae54b66ec4b7546825bc8b0c8b_2.5
f16009ae54b66ec4b7546825bc8b0c8b,Almere City,NAC Breda,2025-03-14T19:00:00Z,soccer_netherlands_eredivisie,Eredivisie,pinnacle,2.25,1.83,2.07,2025-03-14T11:54:41Z,2025-03-14,f16009ae54b66ec4b7546825bc8b0c8b_2.25
f16009ae54b66ec4b7546825bc8b0c8b,Almere City,NAC Breda,2025-03-14T19:00:00Z,soccer_netherlands_eredivisie,Eredivisie,williamhill,2.5,2.0,1.75,2025-03-14T11:54:41Z,2025-03-14,f16009ae54b66ec4b7546825bc8b0c8b_2.5
f16009ae54b66ec4b7546825bc8b0c8b,Almere City,NAC Breda,2025-03-14T19:00:00Z,soccer_netherlands_eredivisie,Eredivisie,coolbet,2.5,2.03,1.76,2025-03-14T11:54:43Z,2025-03-14,f16009ae54b66ec4b7546825bc8b0c8b_2.5
f16009ae54b66ec4b7546825bc8b0c8b,Almere City,NAC Breda,2025-03-14T19:00:00Z,soccer_netherlands_eredivisie,Eredivisie,betonlineag,2.25,1.83,2.0,2025-03-14T11:53:09Z,2025-03-14,f16009ae54b66ec4b7546825bc8b0c8b_2.25
f16009ae54b66ec4b7546825bc8b0c8b,Almere City,NAC Breda,2025-03-14T19:00:00Z,soccer_netherlands_eredivisie,Eredivisie,lowvig,2.25,1.83,2.0,2025-03-14T11:54:41Z,2025-03-14,f16009ae54b66ec4b7546825bc8b0c8b_2.25
f16009ae54b66ec4b7546825bc8b0c8b,Almere City,NAC Breda,2025-03-14T19:00:00Z,soccer_netherlands_eredivisie,Eredivisie,betanysports,2.25,1.82,2.02,2025-03-14T11:54:42Z,2025-03-14,f16009ae54b66ec4b7546825bc8b0c8b_2.25
f16009ae54b66ec4b7546825bc8b0c8b,Almere City,NAC Breda,2025-03-14T19:00:00Z,soccer_netherlands_eredivisie,Eredivisie,matchbook,2.5,2.14,1.86,2025-03-14T11:54:41Z,2025-03-14,f16009ae54b66ec4b7546825bc8b0c8b_2.5
35dcea1ec2cdbe20987b069ff83709de,FC Utrecht,NEC Nijmegen,2025-03-15T15:30:00Z,soccer_netherlands_eredivisie,Eredivisie,onexbet,2.5,1.61,2.11,2025-03-14T11:54:41Z,2025-03-14,35dcea1ec2cdbe20987b069ff83709de_2.5
35dcea1ec2cdbe20987b069ff83709de,FC Utrecht,NEC Nijmegen,2025-03-15T15:30:00Z,soccer_netherlands_eredivisie,Eredivisie,betsson,2.5,1.66,2.17,2025-03-14T11:54:42Z,2025-03-14,35dcea1ec2cdbe20987b069ff83709de_2.5
35dcea1ec2cdbe20987b069ff83709de,FC Utrecht,NEC Nijmegen,2025-03-15T15:30:00Z,soccer_netherlands_eredivisie,Eredivisie,nordicbet,2.5,1.66,2.17,2025-03-14T11:54:42Z,2025-03-14,35dcea1ec2cdbe20987b069ff83709de_2.5
35dcea1ec2cdbe20987b069ff83709de,FC Utrecht,NEC Nijmegen,2025-03-15T15:30:00Z,soccer_netherlands_eredivisie,Eredivisie,bovada,2.75,1.85,1.98,2025-03-14T11:54:41Z,2025-03-14,35dcea1ec2cdbe20987b069ff83709de_2.75
35dcea1ec2cdbe20987b069ff83709de,FC Utrecht,NEC Nijmegen,2025-03-15T15:30:00Z,soccer_netherlands_eredivisie,Eredivisie,betrivers,2.5,1.66,2.17,2025-03-14T11:54:41Z,2025-03-14,35dcea1ec2cdbe20987b069ff83709de_2.5
35dcea1ec2cdbe20987b069ff83709de,FC Utrecht,NEC Nijmegen,2025-03-15T15:30:00Z,soccer_netherlands_eredivisie,Eredivisie,unibet_eu,2.5,1.66,2.17,2025-03-14T11:54:44Z,2025-03-14,35dcea1ec2cdbe20987b069ff83709de_2.5
35dcea1ec2cdbe20987b069ff83709de,FC Utrecht,NEC Nijmegen,2025-03-15T15:30:00Z,soccer_netherlands_eredivisie,Eredivisie,unibet,2.5,1.66,2.17,2025-03-14T11:54:42Z,2025-03-14,35dcea1ec2cdbe20987b069ff83709de_2.5
35dcea1ec2cdbe20987b069ff83709de,FC Utrecht,NEC Nijmegen,2025-03-15T15:30:00Z,soccer_netherlands_eredivisie,Eredivisie,tipico_de,2.5,1.67,2.15,2025-03-14T11:54:43Z,2025-03-14,35dcea1ec2cdbe20987b069ff83709de_2.5
35dcea1ec2cdbe20987b069ff83709de,FC Utrecht,NEC Nijmegen,2025-03-15T15:30:00Z,soccer_netherlands_eredivisie,Eredivisie,pinnacle,2.75,1.87,1.99,2025-03-14T11:54:41Z,2025-03-14,35dcea1ec2cdbe20987b069ff83709de_2.75
35dcea1ec2cdbe20987b069ff83709de,FC Utrecht,NEC Nijmegen,2025-03-15T15:30:00Z,soccer_netherlands_eredivisie,Eredivisie,williamhill,2.5,1.67,2.1,2025-03-14T11:54:41Z,2025-03-14,35dcea1ec2cdbe20987b069ff83709de_2.5
35dcea1ec2cdbe20987b069ff83709de,FC Utrecht,NEC Nijmegen,2025-03-15T15:30:00Z,soccer_netherlands_eredivisie,Eredivisie,coolbet,3.0,2.12,1.7,2025-03-14T11:54:43Z,2025-03-14,35dcea1ec2cdbe20987b069ff83709de_3.0
35dcea1ec2cdbe20987b069ff83709de,FC Utrecht,NEC Nijmegen,2025-03-15T15:30:00Z,soccer_netherlands_eredivisie,Eredivisie,betus,2.75,1.87,1.87,2025-03-14T11:54:41Z,2025-03-14,35dcea1ec2cdbe20987b069ff83709de_2.75
35dcea1ec2cdbe20987b069ff83709de,FC Utrecht,NEC Nijmegen,2025-03-15T15:30:00Z,soccer_netherlands_eredivisie,Eredivisie,lowvig,2.75,1.87,1.95,2025-03-14T11:54:41Z,2025-03-14,35dcea1ec2cdbe20987b069ff83709de_2.75
35dcea1ec2cdbe20987b069ff83709de,FC Utrecht,NEC Nijmegen,2025-03-15T15:30:00Z,soccer_netherlands_eredivisie,Eredivisie,betonlineag,2.75,1.87,1.95,2025-03-14T11:53:09Z,2025-03-14,35dcea1ec2cdbe20987b069ff83709de_2.75
35dcea1ec2cdbe20987b069ff83709de,FC Utrecht,NEC Nijmegen,2025-03-15T15:30:00Z,soccer_netherlands_eredivisie,Eredivisie,betanysports,2.75,1.85,1.98,2025-03-14T11:54:42Z,2025-03-14,35dcea1ec2cdbe20987b069ff83709de_2.75
1df1a318e1dd7062df128af42a0faa57,Sparta Rotterdam,FC Zwolle,2025-03-15T17:45:00Z,soccer_netherlands_eredivisie,Eredivisie,onexbet,2.5,1.79,2.02,2025-03-14T11:54:41Z,2025-03-14,1df1a318e1dd7062df128af42a0faa57_2.5
1df1a318e1dd7062df128af42a0faa57,Sparta Rotterdam,FC Zwolle,2025-03-15T17:45:00Z,soccer_netherlands_eredivisie,Eredivisie,betsson,2.5,1.77,2.01,2025-03-14T11:54:42Z,2025-03-14,1df1a318e1dd7062df128af42a0faa57_2.5
1df1a318e1dd7062df128af42a0faa57,Sparta Rotterdam,FC Zwolle,2025-03-15T17:45:00Z,soccer_netherlands_eredivisie,Eredivisie,nordicbet,2.5,1.77,2.01,2025-03-14T11:54:42Z,2025-03-14,1df1a318e1dd7062df128af42a0faa57_2.5
1df1a318e1dd7062df128af42a0faa57,Sparta Rotterdam,FC Zwolle,2025-03-15T17:45:00Z,soccer_netherlands_eredivisie,Eredivisie,bovada,2.75,2.0,1.83,2025-03-14T11:54:41Z,2025-03-14,1df1a318e1dd7062df128af42a0faa57_2.75
1df1a318e1dd7062df128af42a0faa57,Sparta Rotterdam,FC Zwolle,2025-03-15T17:45:00Z,soccer_netherlands_eredivisie,Eredivisie,unibet,2.5,1.76,2.02,2025-03-14T11:54:42Z,2025-03-14,1df1a318e1dd7062df128af42a0faa57_2.5
1df1a318e1dd7062df128af42a0faa57,Sparta Rotterdam,FC Zwolle,2025-03-15T17:45:00Z,soccer_netherlands_eredivisie,Eredivisie,unibet_eu,2.5,1.76,2.02,2025-03-14T11:54:44Z,2025-03-14,1df1a318e1dd7062df128af42a0faa57_2.5
1df1a318e1dd7062df128af42a0faa57,Sparta Rotterdam,FC Zwolle,2025-03-15T17:45:00Z,soccer_netherlands_eredivisie,Eredivisie,betrivers,2.5,1.76,2.02,2025-03-14T11:54:41Z,2025-03-14,1df1a318e1dd7062df128af42a0faa57_2.5
1df1a318e1dd7062df128af42a0faa57,Sparta Rotterdam,FC Zwolle,2025-03-15T17:45:00Z,soccer_netherlands_eredivisie,Eredivisie,tipico_de,2.5,1.77,2.0,2025-03-14T11:54:43Z,2025-03-14,1df1a318e1dd7062df128af42a0faa57_2.5
1df1a318e1dd7062df128af42a0faa57,Sparta Rotterdam,FC Zwolle,2025-03-15T17:45:00Z,soccer_netherlands_eredivisie,Eredivisie,pinnacle,2.75,2.03,1.83,2025-03-14T11:54:41Z,2025-03-14,1df1a318e1dd7062df128af42a0faa57_2.75
1df1a318e1dd7062df128af42a0faa57,Sparta Rotterdam,FC Zwolle,2025-03-15T17:45:00Z,soccer_netherlands_eredivisie,Eredivisie,williamhill,2.5,1.75,2.0,2025-03-14T11:54:41Z,2025-03-14,1df1a318e1dd7062df128af42a0faa57_2.5
1df1a318e1dd7062df128af42a0faa57,Sparta Rotterdam,FC Zwolle,2025-03-15T17:45:00Z,soccer_netherlands_eredivisie,Eredivisie,coolbet,2.5,1.76,2.03,2025-03-14T11:54:43Z,2025-03-14,1df1a318e1dd7062df128af42a0faa57_2.5
1df1a318e1dd7062df128af42a0faa57,Sparta Rotterdam,FC Zwolle,2025-03-15T17:45:00Z,soccer_netherlands_eredivisie,Eredivisie,betus,2.75,1.91,1.83,2025-03-14T11:54:41Z,2025-03-14,1df1a318e1dd7062df128af42a0faa57_2.75
1df1a318e1dd7062df128af42a0faa57,Sparta Rotterdam,FC Zwolle,2025-03-15T17:45:00Z,soccer_netherlands_eredivisie,Eredivisie,lowvig,2.75,2.0,1.83,2025-03-14T11:54:41Z,2025-03-14,1df1a318e1dd7062df128af42a0faa57_2.75
1df1a318e1dd7062df128af42a0faa57,Sparta Rotterdam,FC Zwolle,2025-03-15T17:45:00Z,soccer_netherlands_eredivisie,Eredivisie,betonlineag,2.75,2.0,1.83,2025-03-14T11:53:09Z,2025-03-14,1df1a318e1dd7062df128af42a0faa57_2.75
1df1a318e1dd7062df128af42a0faa57,Sparta Rotterdam,FC Zwolle,2025-03-15T17:45:00Z,soccer_netherlands_eredivisie,Eredivisie,betanysports,2.75,2.0,1.83,2025-03-14T11:54:42Z,2025-03-14,1df1a318e1dd7062df128af42a0faa57_2.75
72bbd90e1c1cf42d6eb408c43256bf3a,RKC Waalwijk,PSV Eindhoven,2025-03-15T19:00:00Z,soccer_netherlands_eredivisie,Eredivisie,onexbet,3.5,1.79,2.02,2025-03-14T11:54:41Z,2025-03-14,72bbd90e1c1cf42d6eb408c43256bf3a_3.5
72bbd90e1c1cf42d6eb408c43256bf3a,RKC Waalwijk,PSV Eindhoven,2025-03-15T19:00:00Z,soccer_netherlands_eredivisie,Eredivisie,betsson,3.5,1.8,1.97,2025-03-14T11:54:42Z,2025-03-14,72bbd90e1c1cf42d6eb408c43256bf3a_3.5
72bbd90e1c1cf42d6eb408c43256bf3a,RKC Waalwijk,PSV Eindhoven,2025-03-15T19:00:00Z,soccer_netherlands_eredivisie,Eredivisie,nordicbet,3.5,1.8,1.97,2025-03-14T11:54:42Z,2025-03-14,72bbd90e1c1cf42d6eb408c43256bf3a_3.5
72bbd90e1c1cf42d6eb408c43256bf3a,RKC Waalwijk,PSV Eindhoven,2025-03-15T19:00:00Z,soccer_netherlands_eredivisie,Eredivisie,bovada,3.75,2.0,1.83,2025-03-14T11:54:41Z,2025-03-14,72bbd90e1c1cf42d6eb408c43256bf3a_3.75
72bbd90e1c1cf42d6eb408c43256bf3a,RKC Waalwijk,PSV Eindhoven,2025-03-15T19:00:00Z,soccer_netherlands_eredivisie,Eredivisie,unibet,3.5,1.86,1.9,2025-03-14T11:54:42Z,2025-03-14,72bbd90e1c1cf42d6eb408c43256bf3a_3.5
72bbd90e1c1cf42d6eb408c43256bf3a,RKC Waalwijk,PSV Eindhoven,2025-03-15T19:00:00Z,soccer_netherlands_eredivisie,Eredivisie,betrivers,3.5,1.85,1.89,2025-03-14T11:54:41Z,2025-03-14,72bbd90e1c1cf42d6eb408c43256bf3a_3.5
72bbd90e1c1cf42d6eb408c43256bf3a,RKC Waalwijk,PSV Eindhoven,2025-03-15T19:00:00Z,soccer_netherlands_eredivisie,Eredivisie,unibet_eu,3.5,1.85,1.89,2025-03-14T11:54:44Z,2025-03-14,72bbd90e1c1cf42d6eb408c43256bf3a_3.5
72bbd90e1c1cf42d6eb408c43256bf3a,RKC Waalwijk,PSV Eindhoven,2025-03-15T19:00:00Z,soccer_netherlands_eredivisie,Eredivisie,pinnacle,3.75,2.0,1.84,2025-03-14T11:54:41Z,2025-03-14,72bbd90e1c1cf42d6eb408c43256bf3a_3.75
72bbd90e1c1cf42d6eb408c43256bf3a,RKC Waalwijk,PSV Eindhoven,2025-03-15T19:00:00Z,soccer_netherlands_eredivisie,Eredivisie,tipico_de,3.5,1.72,2.05,2025-03-14T11:54:43Z,2025-03-14,72bbd90e1c1cf42d6eb408c43256bf3a_3.5
72bbd90e1c1cf42d6eb408c43256bf3a,RKC Waalwijk,PSV Eindhoven,2025-03-15T19:00:00Z,soccer_netherlands_eredivisie,Eredivisie,williamhill,2.5,1.29,3.4,2025-03-14T11:54:41Z,2025-03-14,72bbd90e1c1cf42d6eb408c43256bf3a_2.5
72bbd90e1c1cf42d6eb408c43256bf3a,RKC Waalwijk,PSV Eindhoven,2025-03-15T19:00:00Z,soccer_netherlands_eredivisie,Eredivisie,coolbet,3.5,1.82,1.96,2025-03-14T11:54:43Z,2025-03-14,72bbd90e1c1cf42d6eb408c43256bf3a_3.5
72bbd90e1c1cf42d6eb408c43256bf3a,RKC Waalwijk,PSV Eindhoven,2025-03-15T19:00:00Z,soccer_netherlands_eredivisie,Eredivisie,betus,3.75,1.9,1.84,2025-03-14T11:54:41Z,2025-03-14,72bbd90e1c1cf42d6eb408c43256bf3a_3.75
72bbd90e1c1cf42d6eb408c43256bf3a,RKC Waalwijk,PSV Eindhoven,2025-03-15T19:00:00Z,soccer_netherlands_eredivisie,Eredivisie,lowvig,3.75,1.87,1.95,2025-03-14T11:54:41Z,2025-03-14,72bbd90e1c1cf42d6eb408c43256bf3a_3.75
72bbd90e1c1cf42d6eb408c43256bf3a,RKC Waalwijk,PSV Eindhoven,2025-03-15T19:00:00Z,soccer_netherlands_eredivisie,Eredivisie,betonlineag,3.75,1.87,1.95,2025-03-14T11:53:09Z,2025-03-14,72bbd90e1c1cf42d6eb408c43256bf3a_3.75
72bbd90e1c1cf42d6eb408c43256bf3a,RKC Waalwijk,PSV Eindhoven,2025-03-15T19:00:00Z,soccer_netherlands_eredivisie,Eredivisie,betanysports,3.75,2.0,1.83,2025-03-14T11:54:42Z,2025-03-14,72bbd90e1c1cf42d6eb408c43256bf3a_3.75
7349bede20b1239120fdce3f198527ff,Heerenveen,Heracles Almelo,2025-03-15T20:00:00Z,soccer_netherlands_eredivisie,Eredivisie,onexbet,2.5,1.76,2.06,2025-03-14T11:54:41Z,2025-03-14,7349bede20b1239120fdce3f198527ff_2.5
7349bede20b1239120fdce3f198527ff,Heerenveen,Heracles Almelo,2025-03-15T20:00:00Z,soccer_netherlands_eredivisie,Eredivisie,betsson,2.5,1.72,2.07,2025-03-14T11:54:42Z,2025-03-14,7349bede20b1239120fdce3f198527ff_2.5
7349bede20b1239120fdce3f198527ff,Heerenveen,Heracles Almelo,2025-03-15T20:00:00Z,soccer_netherlands_eredivisie,Eredivisie,nordicbet,2.5,1.72,2.07,2025-03-14T11:54:42Z,2025-03-14,7349bede20b1239120fdce3f198527ff_2.5
7349bede20b1239120fdce3f198527ff,Heerenveen,Heracles Almelo,2025-03-15T20:00:00Z,soccer_netherlands_eredivisie,Eredivisie,bovada,2.75,1.95,1.87,2025-03-14T11:54:41Z,2025-03-14,7349bede20b1239120fdce3f198527ff_2.75
7349bede20b1239120fdce3f198527ff,Heerenveen,Heracles Almelo,2025-03-15T20:00:00Z,soccer_netherlands_eredivisie,Eredivisie,unibet,2.5,1.67,2.15,2025-03-14T11:54:42Z,2025-03-14,7349bede20b1239120fdce3f198527ff_2.5
7349bede20b1239120fdce3f198527ff,Heerenveen,Heracles Almelo,2025-03-15T20:00:00Z,soccer_netherlands_eredivisie,Eredivisie,unibet_eu,2.5,1.67,2.15,2025-03-14T11:54:44Z,2025-03-14,7349bede20b1239120fdce3f198527ff_2.5
7349bede20b1239120fdce3f198527ff,Heerenveen,Heracles Almelo,2025-03-15T20:00:00Z,soccer_netherlands_eredivisie,Eredivisie,betrivers,2.5,1.67,2.15,2025-03-14T11:54:41Z,2025-03-14,7349bede20b1239120fdce3f198527ff_2.5
7349bede20b1239120fdce3f198527ff,Heerenveen,Heracles Almelo,2025-03-15T20:00:00Z,soccer_netherlands_eredivisie,Eredivisie,pinnacle,2.75,1.98,1.88,2025-03-14T11:54:41Z,2025-03-14,7349bede20b1239120fdce3f198527ff_2.75
7349bede20b1239120fdce3f198527ff,Heerenveen,Heracles Almelo,2025-03-15T20:00:00Z,soccer_netherlands_eredivisie,Eredivisie,tipico_de,2.5,1.75,2.05,2025-03-14T11:54:43Z,2025-03-14,7349bede20b1239120fdce3f198527ff_2.5
7349bede20b1239120fdce3f198527ff,Heerenveen,Heracles Almelo,2025-03-15T20:00:00Z,soccer_netherlands_eredivisie,Eredivisie,williamhill,2.5,1.75,2.0,2025-03-14T11:54:41Z,2025-03-14,7349bede20b1239120fdce3f198527ff_2.5
7349bede20b1239120fdce3f198527ff,Heerenveen,Heracles Almelo,2025-03-15T20:00:00Z,soccer_netherlands_eredivisie,Eredivisie,coolbet,2.5,1.73,2.07,2025-03-14T11:54:43Z,2025-03-14,7349bede20b1239120fdce3f198527ff_2.5
7349bede20b1239120fdce3f198527ff,Heerenveen,Heracles Almelo,2025-03-15T20:00:00Z,soccer_netherlands_eredivisie,Eredivisie,betus,2.75,1.87,1.88,2025-03-14T11:54:41Z,2025-03-14,7349bede20b1239120fdce3f198527ff_2.75
7349bede20b1239120fdce3f198527ff,Heerenveen,Heracles Almelo,2025-03-15T20:00:00Z,soccer_netherlands_eredivisie,Eredivisie,lowvig,2.75,1.95,1.87,2025-03-14T11:54:41Z,2025-03-14,7349bede20b1239120fdce3f198527ff_2.75
7349bede20b1239120fdce3f198527ff,Heerenveen,Heracles Almelo,2025-03-15T20:00:00Z,soccer_netherlands_eredivisie,Eredivisie,betonlineag,2.75,1.95,1.87,2025-03-14T11:53:09Z,2025-03-14,7349bede20b1239120fdce3f198527ff_2.75
7349bede20b1239120fdce3f198527ff,Heerenveen,Heracles Almelo,2025-03-15T20:00:00Z,soccer_netherlands_eredivisie,Eredivisie,betanysports,2.75,1.95,1.87,2025-03-14T11:54:42Z,2025-03-14,7349bede20b1239120fdce3f198527ff_2.75
8c396a063bfddb723325718df289bc96,Go Ahead Eagles,Willem II,2025-03-16T11:15:00Z,soccer_netherlands_eredivisie,Eredivisie,onexbet,2.5,1.78,2.03,2025-03-14T11:54:41Z,2025-03-14,8c396a063bfddb723325718df289bc96_2.5
8c396a063bfddb723325718df289bc96,Go Ahead Eagles,Willem II,2025-03-16T11:15:00Z,soccer_netherlands_eredivisie,Eredivisie,betsson,2.5,1.76,2.02,2025-03-14T11:54:42Z,2025-03-14,8c396a063bfddb723325718df289bc96_2.5
8c396a063bfddb723325718df289bc96,Go Ahead Eagles,Willem II,2025-03-16T11:15:00Z,soccer_netherlands_eredivisie,Eredivisie,nordicbet,2.5,1.76,2.02,2025-03-14T11:54:42Z,2025-03-14,8c396a063bfddb723325718df289bc96_2.5
8c396a063bfddb723325718df289bc96,Go Ahead Eagles,Willem II,2025-03-16T11:15:00Z,soccer_netherlands_eredivisie,Eredivisie,bovada,2.75,2.02,1.82,2025-03-14T11:54:41Z,2025-03-14,8c396a063bfddb723325718df289bc96_2.75
8c396a063bfddb723325718df289bc96,Go Ahead Eagles,Willem II,2025-03-16T11:15:00Z,soccer_netherlands_eredivisie,Eredivisie,betrivers,2.5,1.77,2.0,2025-03-14T11:54:41Z,2025-03-14,8c396a063bfddb723325718df289bc96_2.5
8c396a063bfddb723325718df289bc96,Go Ahead Eagles,Willem II,2025-03-16T11:15:00Z,soccer_netherlands_eredivisie,Eredivisie,unibet,2.5,1.77,2.0,2025-03-14T11:54:42Z,2025-03-14,8c396a063bfddb723325718df289bc96_2.5
8c396a063bfddb723325718df289bc96,Go Ahead Eagles,Willem II,2025-03-16T11:15:00Z,soccer_netherlands_eredivisie,Eredivisie,unibet_eu,2.5,1.77,2.0,2025-03-14T11:54:44Z,2025-03-14,8c396a063bfddb723325718df289bc96_2.5
8c396a063bfddb723325718df289bc96,Go Ahead Eagles,Willem II,2025-03-16T11:15:00Z,soccer_netherlands_eredivisie,Eredivisie,tipico_de,2.5,1.75,2.05,2025-03-14T11:54:43Z,2025-03-14,8c396a063bfddb723325718df289bc96_2.5
8c396a063bfddb723325718df289bc96,Go Ahead Eagles,Willem II,2025-03-16T11:15:00Z,soccer_netherlands_eredivisie,Eredivisie,pinnacle,2.5,1.85,1.99,2025-03-14T11:54:41Z,2025-03-14,8c396a063bfddb723325718df289bc96_2.5
8c396a063bfddb723325718df289bc96,Go Ahead Eagles,Willem II,2025-03-16T11:15:00Z,soccer_netherlands_eredivisie,Eredivisie,williamhill,2.5,1.75,2.0,2025-03-14T11:54:41Z,2025-03-14,8c396a063bfddb723325718df289bc96_2.5
8c396a063bfddb723325718df289bc96,Go Ahead Eagles,Willem II,2025-03-16T11:15:00Z,soccer_netherlands_eredivisie,Eredivisie,betus,2.75,1.89,1.85,2025-03-14T11:54:41Z,2025-03-14,8c396a063bfddb723325718df289bc96_2.75
8c396a063bfddb723325718df289bc96,Go Ahead Eagles,Willem II,2025-03-16T11:15:00Z,soccer_netherlands_eredivisie,Eredivisie,coolbet,2.5,1.76,2.03,2025-03-14T11:54:43Z,2025-03-14,8c396a063bfddb723325718df289bc96_2.5
8c396a063bfddb723325718df289bc96,Go Ahead Eagles,Willem II,2025-03-16T11:15:00Z,soccer_netherlands_eredivisie,Eredivisie,lowvig,2.75,2.0,1.83,2025-03-14T11:54:41Z,2025-03-14,8c396a063bfddb723325718df289bc96_2.75
8c396a063bfddb723325718df289bc96,Go Ahead Eagles,Willem II,2025-03-16T11:15:00Z,soccer_netherlands_eredivisie,Eredivisie,betonlineag,2.75,2.0,1.83,2025-03-14T11:53:09Z,2025-03-14,8c396a063bfddb723325718df289bc96_2.75
8c396a063bfddb723325718df289bc96,Go Ahead Eagles,Willem II,2025-03-16T11:15:00Z,soccer_netherlands_eredivisie,Eredivisie,betanysports,2.75,2.02,1.82,2025-03-14T11:54:42Z,2025-03-14,8c396a063bfddb723325718df289bc96_2.75
a7481f2cf579c505894c743a74661fb8,FC Twente Enschede,Feyenoord,2025-03-16T13:30:00Z,soccer_netherlands_eredivisie,Eredivisie,onexbet,2.5,1.77,2.05,2025-03-14T11:54:41Z,2025-03-14,a7481f2cf579c505894c743a74661fb8_2.5
a7481f2cf579c505894c743a74661fb8,FC Twente Enschede,Feyenoord,2025-03-16T13:30:00Z,soccer_netherlands_eredivisie,Eredivisie,betsson,2.5,1.77,2.01,2025-03-14T11:54:42Z,2025-03-14,a7481f2cf579c505894c743a74661fb8_2.5
a7481f2cf579c505894c743a74661fb8,FC Twente Enschede,Feyenoord,2025-03-16T13:30:00Z,soccer_netherlands_eredivisie,Eredivisie,nordicbet,2.5,1.77,2.01,2025-03-14T11:54:42Z,2025-03-14,a7481f2cf579c505894c743a74661fb8_2.5
a7481f2cf579c505894c743a74661fb8,FC Twente Enschede,Feyenoord,2025-03-16T13:30:00Z,soccer_netherlands_eredivisie,Eredivisie,bovada,2.75,1.98,1.85,2025-03-14T11:54:41Z,2025-03-14,a7481f2cf579c505894c743a74661fb8_2.75
a7481f2cf579c505894c743a74661fb8,FC Twente Enschede,Feyenoord,2025-03-16T13:30:00Z,soccer_netherlands_eredivisie,Eredivisie,betrivers,2.5,1.79,1.97,2025-03-14T11:54:41Z,2025-03-14,a7481f2cf579c505894c743a74661fb8_2.5
a7481f2cf579c505894c743a74661fb8,FC Twente Enschede,Feyenoord,2025-03-16T13:30:00Z,soccer_netherlands_eredivisie,Eredivisie,unibet,2.5,1.79,1.98,2025-03-14T11:54:42Z,2025-03-14,a7481f2cf579c505894c743a74661fb8_2.5
a7481f2cf579c505894c743a74661fb8,FC Twente Enschede,Feyenoord,2025-03-16T13:30:00Z,soccer_netherlands_eredivisie,Eredivisie,unibet_eu,2.5,1.79,1.97,2025-03-14T11:54:44Z,2025-03-14,a7481f2cf579c505894c743a74661fb8_2.5
a7481f2cf579c505894c743a74661fb8,FC Twente Enschede,Feyenoord,2025-03-16T13:30:00Z,soccer_netherlands_eredivisie,Eredivisie,tipico_de,2.5,1.75,2.05,2025-03-14T11:54:43Z,2025-03-14,a7481f2cf579c505894c743a74661fb8_2.5
a7481f2cf579c505894c743a74661fb8,FC Twente Enschede,Feyenoord,2025-03-16T13:30:00Z,soccer_netherlands_eredivisie,Eredivisie,pinnacle,2.75,1.99,1.85,2025-03-14T11:54:41Z,2025-03-14,a7481f2cf579c505894c743a74661fb8_2.75
a7481f2cf579c505894c743a74661fb8,FC Twente Enschede,Feyenoord,2025-03-16T13:30:00Z,soccer_netherlands_eredivisie,Eredivisie,williamhill,2.5,1.75,1.95,2025-03-14T11:54:41Z,2025-03-14,a7481f2cf579c505894c743a74661fb8_2.5
a7481f2cf579c505894c743a74661fb8,FC Twente Enschede,Feyenoord,2025-03-16T13:30:00Z,soccer_netherlands_eredivisie,Eredivisie,betus,2.75,1.88,1.85,2025-03-14T11:54:41Z,2025-03-14,a7481f2cf579c505894c743a74661fb8_2.75
a7481f2cf579c505894c743a74661fb8,FC Twente Enschede,Feyenoord,2025-03-16T13:30:00Z,soccer_netherlands_eredivisie,Eredivisie,coolbet,2.5,1.76,2.03,2025-03-14T11:54:43Z,2025-03-14,a7481f2cf579c505894c743a74661fb8_2.5
a7481f2cf579c505894c743a74661fb8,FC Twente Enschede,Feyenoord,2025-03-16T13:30:00Z,soccer_netherlands_eredivisie,Eredivisie,betonlineag,2.5,1.83,2.0,2025-03-14T11:53:09Z,2025-03-14,a7481f2cf579c505894c743a74661fb8_2.5
a7481f2cf579c505894c743a74661fb8,FC Twente Enschede,Feyenoord,2025-03-16T13:30:00Z,soccer_netherlands_eredivisie,Eredivisie,lowvig,2.5,1.83,2.0,2025-03-14T11:54:41Z,2025-03-14,a7481f2cf579c505894c743a74661fb8_2.5
a7481f2cf579c505894c743a74661fb8,FC Twente Enschede,Feyenoord,2025-03-16T13:30:00Z,soccer_netherlands_eredivisie,Eredivisie,betanysports,2.5,1.83,2.0,2025-03-14T11:54:42Z,2025-03-14,a7481f2cf579c505894c743a74661fb8_2.5
76b3146fc114397d7e363b76f3a40440,Groningen,Fortuna Sittard,2025-03-16T13:30:00Z,soccer_netherlands_eredivisie,Eredivisie,onexbet,2.5,2.05,1.77,2025-03-14T11:54:41Z,2025-03-14,76b3146fc114397d7e363b76f3a40440_2.5
76b3146fc114397d7e363b76f3a40440,Groningen,Fortuna Sittard,2025-03-16T13:30:00Z,soccer_netherlands_eredivisie,Eredivisie,betsson,2.5,2.02,1.76,2025-03-14T11:54:42Z,2025-03-14,76b3146fc114397d7e363b76f3a40440_2.5
76b3146fc114397d7e363b76f3a40440,Groningen,Fortuna Sittard,2025-03-16T13:30:00Z,soccer_netherlands_eredivisie,Eredivisie,nordicbet,2.5,2.02,1.76,2025-03-14T11:54:42Z,2025-03-14,76b3146fc114397d7e363b76f3a40440_2.5
76b3146fc114397d7e363b76f3a40440,Groningen,Fortuna Sittard,2025-03-16T13:30:00Z,soccer_netherlands_eredivisie,Eredivisie,bovada,2.25,1.82,2.02,2025-03-14T11:54:41Z,2025-03-14,76b3146fc114397d7e363b76f3a40440_2.25
76b3146fc114397d7e363b76f3a40440,Groningen,Fortuna Sittard,2025-03-16T13:30:00Z,soccer_netherlands_eredivisie,Eredivisie,unibet_eu,2.5,2.06,1.73,2025-03-14T11:54:44Z,2025-03-14,76b3146fc114397d7e363b76f3a40440_2.5
76b3146fc114397d7e363b76f3a40440,Groningen,Fortuna Sittard,2025-03-16T13:30:00Z,soccer_netherlands_eredivisie,Eredivisie,betrivers,2.5,2.06,1.73,2025-03-14T11:54:41Z,2025-03-14,76b3146fc114397d7e363b76f3a40440_2.5
76b3146fc114397d7e363b76f3a40440,Groningen,Fortuna Sittard,2025-03-16T13:30:00Z,soccer_netherlands_eredivisie,Eredivisie,unibet,2.5,2.06,1.73,2025-03-14T11:54:42Z,2025-03-14,76b3146fc114397d7e363b76f3a40440_2.5
76b3146fc114397d7e363b76f3a40440,Groningen,Fortuna Sittard,2025-03-16T13:30:00Z,soccer_netherlands_eredivisie,Eredivisie,pinnacle,2.25,1.81,2.04,2025-03-14T11:54:41Z,2025-03-14,76b3146fc114397d7e363b76f3a40440_2.25
76b3146fc114397d7e363b76f3a40440,Groningen,Fortuna Sittard,2025-03-16T13:30:00Z,soccer_netherlands_eredivisie,Eredivisie,tipico_de,2.5,2.05,1.75,2025-03-14T11:54:43Z,2025-03-14,76b3146fc114397d7e363b76f3a40440_2.5
76b3146fc114397d7e363b76f3a40440,Groningen,Fortuna Sittard,2025-03-16T13:30:00Z,soccer_netherlands_eredivisie,Eredivisie,williamhill,2.5,2.0,1.75,2025-03-14T11:54:41Z,2025-03-14,76b3146fc114397d7e363b76f3a40440_2.5
76b3146fc114397d7e363b76f3a40440,Groningen,Fortuna Sittard,2025-03-16T13:30:00Z,soccer_netherlands_eredivisie,Eredivisie,betus,2.25,1.81,1.93,2025-03-14T11:54:41Z,2025-03-14,76b3146fc114397d7e363b76f3a40440_2.25
76b3146fc114397d7e363b76f3a40440,Groningen,Fortuna Sittard,2025-03-16T13:30:00Z,soccer_netherlands_eredivisie,Eredivisie,coolbet,2.5,2.06,1.74,2025-03-14T11:54:43Z,2025-03-14,76b3146fc114397d7e363b76f3a40440_2.5
76b3146fc114397d7e363b76f3a40440,Groningen,Fortuna Sittard,2025-03-16T13:30:00Z,soccer_netherlands_eredivisie,Eredivisie,betonlineag,2.25,1.95,1.87,2025-03-14T11:53:09Z,2025-03-14,76b3146fc114397d7e363b76f3a40440_2.25
76b3146fc114397d7e363b76f3a40440,Groningen,Fortuna Sittard,2025-03-16T13:30:00Z,soccer_netherlands_eredivisie,Eredivisie,lowvig,2.25,1.95,1.87,2025-03-14T11:54:41Z,2025-03-14,76b3146fc114397d7e363b76f3a40440_2.25
76b3146fc114397d7e363b76f3a40440,Groningen,Fortuna Sittard,2025-03-16T13:30:00Z,soccer_netherlands_eredivisie,Eredivisie,betanysports,2.25,1.95,1.87,2025-03-14T11:54:42Z,2025-03-14,76b3146fc114397d7e363b76f3a40440_2.25
630f61eacd2a8880acf7cb6d408eef77,SC Farense,Braga,2025-03-15T15:30:00Z,soccer_portugal_primeira_liga,Liga Portugal,pinnacle,2.25,2.0,1.85,2025-03-14T11:54:32Z,2025-03-14,630f61eacd2a8880acf7cb6d408eef77_2.25
630f61eacd2a8880acf7cb6d408eef77,SC Farense,Braga,2025-03-15T15:30:00Z,soccer_portugal_primeira_liga,Liga Portugal,onexbet,2.5,2.25,1.64,2025-03-14T11:54:32Z,2025-03-14,630f61eacd2a8880acf7cb6d408eef77_2.5
630f61eacd2a8880acf7cb6d408eef77,SC Farense,Braga,2025-03-15T15:30:00Z,soccer_portugal_primeira_liga,Liga Portugal,bovada,2.25,1.95,1.87,2025-03-14T11:54:32Z,2025-03-14,630f61eacd2a8880acf7cb6d408eef77_2.25
630f61eacd2a8880acf7cb6d408eef77,SC Farense,Braga,2025-03-15T15:30:00Z,soccer_portugal_primeira_liga,Liga Portugal,betsson,2.5,2.1,1.72,2025-03-14T11:54:33Z,2025-03-14,630f61eacd2a8880acf7cb6d408eef77_2.5
630f61eacd2a8880acf7cb6d408eef77,SC Farense,Braga,2025-03-15T15:30:00Z,soccer_portugal_primeira_liga,Liga Portugal,nordicbet,2.5,2.1,1.72,2025-03-14T11:54:32Z,2025-03-14,630f61eacd2a8880acf7cb6d408eef77_2.5
630f61eacd2a8880acf7cb6d408eef77,SC Farense,Braga,2025-03-15T15:30:00Z,soccer_portugal_primeira_liga,Liga Portugal,unibet,2.5,2.25,1.6,2025-03-14T11:54:33Z,2025-03-14,630f61eacd2a8880acf7cb6d408eef77_2.5
630f61eacd2a8880acf7cb6d408eef77,SC Farense,Braga,2025-03-15T15:30:00Z,soccer_portugal_primeira_liga,Liga Portugal,betrivers,2.5,2.25,1.6,2025-03-14T11:54:32Z,2025-03-14,630f61eacd2a8880acf7cb6d408eef77_2.5
630f61eacd2a8880acf7cb6d408eef77,SC Farense,Braga,2025-03-15T15:30:00Z,soccer_portugal_primeira_liga,Liga Portugal,unibet_eu,2.5,2.25,1.6,2025-03-14T11:54:33Z,2025-03-14,630f61eacd2a8880acf7cb6d408eef77_2.5
630f61eacd2a8880acf7cb6d408eef77,SC Farense,Braga,2025-03-15T15:30:00Z,soccer_portugal_primeira_liga,Liga Portugal,tipico_de,2.5,2.2,1.65,2025-03-14T11:54:33Z,2025-03-14,630f61eacd2a8880acf7cb6d408eef77_2.5
630f61eacd2a8880acf7cb6d408eef77,SC Farense,Braga,2025-03-15T15:30:00Z,soccer_portugal_primeira_liga,Liga Portugal,williamhill,2.5,2.1,1.67,2025-03-14T11:54:35Z,2025-03-14,630f61eacd2a8880acf7cb6d408eef77_2.5
630f61eacd2a8880acf7cb6d408eef77,SC Farense,Braga,2025-03-15T15:30:00Z,soccer_portugal_primeira_liga,Liga Portugal,lowvig,2.25,2.0,1.83,2025-03-14T11:54:32Z,2025-03-14,630f61eacd2a8880acf7cb6d408eef77_2.25
630f61eacd2a8880acf7cb6d408eef77,SC Farense,Braga,2025-03-15T15:30:00Z,soccer_portugal_primeira_liga,Liga Portugal,betonlineag,2.25,2.0,1.83,2025-03-14T11:52:59Z,2025-03-14,630f61eacd2a8880acf7cb6d408eef77_2.25
630f61eacd2a8880acf7cb6d408eef77,SC Farense,Braga,2025-03-15T15:30:00Z,soccer_portugal_primeira_liga,Liga Portugal,betus,2.25,1.88,1.85,2025-03-14T11:54:32Z,2025-03-14,630f61eacd2a8880acf7cb6d408eef77_2.25
630f61eacd2a8880acf7cb6d408eef77,SC Farense,Braga,2025-03-15T15:30:00Z,soccer_portugal_primeira_liga,Liga Portugal,coolbet,2.5,2.2,1.65,2025-03-14T11:54:34Z,2025-03-14,630f61eacd2a8880acf7cb6d408eef77_2.5
0bb98755faac13f40c3ebfbd1b237bb4,Gil Vicente,Santa Clara,2025-03-15T15:30:00Z,soccer_portugal_primeira_liga,Liga Portugal,onexbet,1.5,1.62,2.29,2025-03-14T11:54:32Z,2025-03-14,0bb98755faac13f40c3ebfbd1b237bb4_1.5
0bb98755faac13f40c3ebfbd1b237bb4,Gil Vicente,Santa Clara,2025-03-15T15:30:00Z,soccer_portugal_primeira_liga,Liga Portugal,pinnacle,1.75,1.85,2.01,2025-03-14T11:54:32Z,2025-03-14,0bb98755faac13f40c3ebfbd1b237bb4_1.75
0bb98755faac13f40c3ebfbd1b237bb4,Gil Vicente,Santa Clara,2025-03-15T15:30:00Z,soccer_portugal_primeira_liga,Liga Portugal,bovada,1.75,1.82,2.02,2025-03-14T11:54:32Z,2025-03-14,0bb98755faac13f40c3ebfbd1b237bb4_1.75
0bb98755faac13f40c3ebfbd1b237bb4,Gil Vicente,Santa Clara,2025-03-15T15:30:00Z,soccer_portugal_primeira_liga,Liga Portugal,tipico_de,1.5,1.55,2.3,2025-03-14T11:54:33Z,2025-03-14,0bb98755faac13f40c3ebfbd1b237bb4_1.5
0bb98755faac13f40c3ebfbd1b237bb4,Gil Vicente,Santa Clara,2025-03-15T15:30:00Z,soccer_portugal_primeira_liga,Liga Portugal,betrivers,1.5,1.6,2.25,2025-03-14T11:54:32Z,2025-03-14,0bb98755faac13f40c3ebfbd1b237bb4_1.5
0bb98755faac13f40c3ebfbd1b237bb4,Gil Vicente,Santa Clara,2025-03-15T15:30:00Z,soccer_portugal_primeira_liga,Liga Portugal,unibet,2.5,3.05,1.35,2025-03-14T11:54:33Z,2025-03-14,0bb98755faac13f40c3ebfbd1b237bb4_2.5
0bb98755faac13f40c3ebfbd1b237bb4,Gil Vicente,Santa Clara,2025-03-15T15:30:00Z,soccer_portugal_primeira_liga,Liga Portugal,unibet_eu,2.5,3.05,1.35,2025-03-14T11:54:33Z,2025-03-14,0bb98755faac13f40c3ebfbd1b237bb4_2.5
0bb98755faac13f40c3ebfbd1b237bb4,Gil Vicente,Santa Clara,2025-03-15T15:30:00Z,soccer_portugal_primeira_liga,Liga Portugal,nordicbet,1.5,1.55,2.45,2025-03-14T11:54:32Z,2025-03-14,0bb98755faac13f40c3ebfbd1b237bb4_1.5
0bb98755faac13f40c3ebfbd1b237bb4,Gil Vicente,Santa Clara,2025-03-15T15:30:00Z,soccer_portugal_primeira_liga,Liga Portugal,betsson,1.5,1.55,2.45,2025-03-14T11:54:33Z,2025-03-14,0bb98755faac13f40c3ebfbd1b237bb4_1.5
0bb98755faac13f40c3ebfbd1b237bb4,Gil Vicente,Santa Clara,2025-03-15T15:30:00Z,soccer_portugal_primeira_liga,Liga Portugal,williamhill,2.5,2.7,1.4,2025-03-14T11:54:35Z,2025-03-14,0bb98755faac13f40c3ebfbd1b237bb4_2.5
0bb98755faac13f40c3ebfbd1b237bb4,Gil Vicente,Santa Clara,2025-03-15T15:30:00Z,soccer_portugal_primeira_liga,Liga Portugal,lowvig,1.75,1.85,1.97,2025-03-14T11:54:32Z,2025-03-14,0bb98755faac13f40c3ebfbd1b237bb4_1.75
0bb98755faac13f40c3ebfbd1b237bb4,Gil Vicente,Santa Clara,2025-03-15T15:30:00Z,soccer_portugal_primeira_liga,Liga Portugal,betonlineag,1.75,1.85,1.97,2025-03-14T11:52:59Z,2025-03-14,0bb98755faac13f40c3ebfbd1b237bb4_1.75
0bb98755faac13f40c3ebfbd1b237bb4,Gil Vicente,Santa Clara,2025-03-15T15:30:00Z,soccer_portugal_primeira_liga,Liga Portugal,betus,1.75,1.85,1.89,2025-03-14T11:54:32Z,2025-03-14,0bb98755faac13f40c3ebfbd1b237bb4_1.75
0bb98755faac13f40c3ebfbd1b237bb4,Gil Vicente,Santa Clara,2025-03-15T15:30:00Z,soccer_portugal_primeira_liga,Liga Portugal,coolbet,2.0,2.1,1.71,2025-03-14T11:54:34Z,2025-03-14,0bb98755faac13f40c3ebfbd1b237bb4_2.0
0bb98755faac13f40c3ebfbd1b237bb4,Gil Vicente,Santa Clara,2025-03-15T15:30:00Z,soccer_portugal_primeira_liga,Liga Portugal,matchbook,1.5,1.66,2.36,2025-03-14T11:54:32Z,2025-03-14,0bb98755faac13f40c3ebfbd1b237bb4_1.5
d2304c7bdc7f32d124407181cc7e1798,FC Porto,AVS Futebol SAD,2025-03-15T18:00:00Z,soccer_portugal_primeira_liga,Liga Portugal,pinnacle,2.75,1.87,1.97,2025-03-14T11:54:32Z,2025-03-14,d2304c7bdc7f32d124407181cc7e1798_2.75
d2304c7bdc7f32d124407181cc7e1798,FC Porto,AVS Futebol SAD,2025-03-15T18:00:00Z,soccer_portugal_primeira_liga,Liga Portugal,bovada,2.75,1.85,1.98,2025-03-14T11:54:32Z,2025-03-14,d2304c7bdc7f32d124407181cc7e1798_2.75
d2304c7bdc7f32d124407181cc7e1798,FC Porto,AVS Futebol SAD,2025-03-15T18:00:00Z,soccer_portugal_primeira_liga,Liga Portugal,betsson,2.5,1.6,2.3,2025-03-14T11:54:33Z,2025-03-14,d2304c7bdc7f32d124407181cc7e1798_2.5
d2304c7bdc7f32d124407181cc7e1798,FC Porto,AVS Futebol SAD,2025-03-15T18:00:00Z,soccer_portugal_primeira_liga,Liga Portugal,nordicbet,2.5,1.6,2.3,2025-03-14T11:54:32Z,2025-03-14,d2304c7bdc7f32d124407181cc7e1798_2.5
d2304c7bdc7f32d124407181cc7e1798,FC Porto,AVS Futebol SAD,2025-03-15T18:00:00Z,soccer_portugal_primeira_liga,Liga Portugal,tipico_de,2.5,1.65,2.2,2025-03-14T11:54:33Z,2025-03-14,d2304c7bdc7f32d124407181cc7e1798_2.5
d2304c7bdc7f32d124407181cc7e1798,FC Porto,AVS Futebol SAD,2025-03-15T18:00:00Z,soccer_portugal_primeira_liga,Liga Portugal,betrivers,2.5,1.64,2.18,2025-03-14T11:54:32Z,2025-03-14,d2304c7bdc7f32d124407181cc7e1798_2.5
d2304c7bdc7f32d124407181cc7e1798,FC Porto,AVS Futebol SAD,2025-03-15T18:00:00Z,soccer_portugal_primeira_liga,Liga Portugal,unibet_eu,2.5,1.64,2.18,2025-03-14T11:54:33Z,2025-03-14,d2304c7bdc7f32d124407181cc7e1798_2.5
d2304c7bdc7f32d124407181cc7e1798,FC Porto,AVS Futebol SAD,2025-03-15T18:00:00Z,soccer_portugal_primeira_liga,Liga Portugal,unibet,2.5,1.64,2.18,2025-03-14T11:54:33Z,2025-03-14,d2304c7bdc7f32d124407181cc7e1798_2.5
d2304c7bdc7f32d124407181cc7e1798,FC Porto,AVS Futebol SAD,2025-03-15T18:00:00Z,soccer_portugal_primeira_liga,Liga Portugal,williamhill,2.5,1.67,2.1,2025-03-14T11:54:35Z,2025-03-14,d2304c7bdc7f32d124407181cc7e1798_2.5
d2304c7bdc7f32d124407181cc7e1798,FC Porto,AVS Futebol SAD,2025-03-15T18:00:00Z,soccer_portugal_primeira_liga,Liga Portugal,lowvig,2.75,1.87,1.95,2025-03-14T11:54:32Z,2025-03-14,d2304c7bdc7f32d124407181cc7e1798_2.75
d2304c7bdc7f32d124407181cc7e1798,FC Porto,AVS Futebol SAD,2025-03-15T18:00:00Z,soccer_portugal_primeira_liga,Liga Portugal,betonlineag,2.75,1.87,1.95,2025-03-14T11:52:59Z,2025-03-14,d2304c7bdc7f32d124407181cc7e1798_2.75
d2304c7bdc7f32d124407181cc7e1798,FC Porto,AVS Futebol SAD,2025-03-15T18:00:00Z,soccer_portugal_primeira_liga,Liga Portugal,betus,2.75,1.87,1.87,2025-03-14T11:54:32Z,2025-03-14,d2304c7bdc7f32d124407181cc7e1798_2.75
d2304c7bdc7f32d124407181cc7e1798,FC Porto,AVS Futebol SAD,2025-03-15T18:00:00Z,soccer_portugal_primeira_liga,Liga Portugal,coolbet,2.5,1.68,2.15,2025-03-14T11:54:34Z,2025-03-14,d2304c7bdc7f32d124407181cc7e1798_2.5
d2304c7bdc7f32d124407181cc7e1798,FC Porto,AVS Futebol SAD,2025-03-15T18:00:00Z,soccer_portugal_primeira_liga,Liga Portugal,matchbook,2.5,1.74,2.24,2025-03-14T11:54:32Z,2025-03-14,d2304c7bdc7f32d124407181cc7e1798_2.5
7208509e484257714f0a38d106db6f88,Sporting Lisbon,Famalicão,2025-03-15T20:30:00Z,soccer_portugal_primeira_liga,Liga Portugal,onexbet,2.5,1.6,2.13,2025-03-14T11:54:32Z,2025-03-14,7208509e484257714f0a38d106db6f88_2.5
7208509e484257714f0a38d106db6f88,Sporting Lisbon,Famalicão,2025-03-15T20:30:00Z,soccer_portugal_primeira_liga,Liga Portugal,nordicbet,2.5,1.6,2.35,2025-03-14T11:54:32Z,2025-03-14,7208509e484257714f0a38d106db6f88_2.5
7208509e484257714f0a38d106db6f88,Sporting Lisbon,Famalicão,2025-03-15T20:30:00Z,soccer_portugal_primeira_liga,Liga Portugal,betsson,2.5,1.6,2.35,2025-03-14T11:54:33Z,2025-03-14,7208509e484257714f0a38d106db6f88_2.5
7208509e484257714f0a38d106db6f88,Sporting Lisbon,Famalicão,2025-03-15T20:30:00Z,soccer_portugal_primeira_liga,Liga Portugal,tipico_de,2.5,1.65,2.2,2025-03-14T11:54:33Z,2025-03-14,7208509e484257714f0a38d106db6f88_2.5
7208509e484257714f0a38d106db6f88,Sporting Lisbon,Famalicão,2025-03-15T20:30:00Z,soccer_portugal_primeira_liga,Liga Portugal,williamhill,2.5,1.67,2.15,2025-03-14T11:54:35Z,2025-03-14,7208509e484257714f0a38d106db6f88_2.5
7208509e484257714f0a38d106db6f88,Sporting Lisbon,Famalicão,2025-03-15T20:30:00Z,soccer_portugal_primeira_liga,Liga Portugal,betrivers,2.5,1.57,2.28,2025-03-14T11:54:32Z,2025-03-14,7208509e484257714f0a38d106db6f88_2.5
7208509e484257714f0a38d106db6f88,Sporting Lisbon,Famalicão,2025-03-15T20:30:00Z,soccer_portugal_primeira_liga,Liga Portugal,unibet,2.5,1.57,2.28,2025-03-14T11:54:33Z,2025-03-14,7208509e484257714f0a38d106db6f88_2.5
7208509e484257714f0a38d106db6f88,Sporting Lisbon,Famalicão,2025-03-15T20:30:00Z,soccer_portugal_primeira_liga,Liga Portugal,unibet_eu,2.5,1.57,2.28,2025-03-14T11:54:33Z,2025-03-14,7208509e484257714f0a38d106db6f88_2.5
7208509e484257714f0a38d106db6f88,Sporting Lisbon,Famalicão,2025-03-15T20:30:00Z,soccer_portugal_primeira_liga,Liga Portugal,pinnacle,2.75,1.85,2.01,2025-03-14T11:54:32Z,2025-03-14,7208509e484257714f0a38d106db6f88_2.75
7208509e484257714f0a38d106db6f88,Sporting Lisbon,Famalicão,2025-03-15T20:30:00Z,soccer_portugal_primeira_liga,Liga Portugal,bovada,2.75,1.87,1.95,2025-03-14T11:54:32Z,2025-03-14,7208509e484257714f0a38d106db6f88_2.75
7208509e484257714f0a38d106db6f88,Sporting Lisbon,Famalicão,2025-03-15T20:30:00Z,soccer_portugal_primeira_liga,Liga Portugal,betus,2.75,1.85,1.88,2025-03-14T11:54:32Z,2025-03-14,7208509e484257714f0a38d106db6f88_2.75
7208509e484257714f0a38d106db6f88,Sporting Lisbon,Famalicão,2025-03-15T20:30:00Z,soccer_portugal_primeira_liga,Liga Portugal,coolbet,3.0,2.12,1.7,2025-03-14T11:54:34Z,2025-03-14,7208509e484257714f0a38d106db6f88_3.0
7208509e484257714f0a38d106db6f88,Sporting Lisbon,Famalicão,2025-03-15T20:30:00Z,soccer_portugal_primeira_liga,Liga Portugal,lowvig,2.75,1.87,1.95,2025-03-14T11:54:32Z,2025-03-14,7208509e484257714f0a38d106db6f88_2.75
7208509e484257714f0a38d106db6f88,Sporting Lisbon,Famalicão,2025-03-15T20:30:00Z,soccer_portugal_primeira_liga,Liga Portugal,betonlineag,2.75,1.87,1.95,2025-03-14T11:52:59Z,2025-03-14,7208509e484257714f0a38d106db6f88_2.75
f7bc12e05c05c2c50a10025fe9b7110d,Genk,Union Saint-Gilloise,2025-03-15T19:45:00Z,soccer_belgium_first_div,Pro League,coolbet,2.5,1.78,2.05,2025-03-14T11:54:55Z,2025-03-14,f7bc12e05c05c2c50a10025fe9b7110d_2.5
f7bc12e05c05c2c50a10025fe9b7110d,Genk,Union Saint-Gilloise,2025-03-15T19:45:00Z,soccer_belgium_first_div,Pro League,onexbet,2.5,1.79,2.04,2025-03-14T11:54:54Z,2025-03-14,f7bc12e05c05c2c50a10025fe9b7110d_2.5
f7bc12e05c05c2c50a10025fe9b7110d,Genk,Union Saint-Gilloise,2025-03-15T19:45:00Z,soccer_belgium_first_div,Pro League,pinnacle,2.75,2.0,1.85,2025-03-14T11:54:53Z,2025-03-14,f7bc12e05c05c2c50a10025fe9b7110d_2.75
f7bc12e05c05c2c50a10025fe9b7110d,Genk,Union Saint-Gilloise,2025-03-15T19:45:00Z,soccer_belgium_first_div,Pro League,bovada,2.75,1.98,1.85,2025-03-14T11:54:54Z,2025-03-14,f7bc12e05c05c2c50a10025fe9b7110d_2.75
f7bc12e05c05c2c50a10025fe9b7110d,Genk,Union Saint-Gilloise,2025-03-15T19:45:00Z,soccer_belgium_first_div,Pro League,williamhill,2.5,1.8,1.95,2025-03-14T11:54:56Z,2025-03-14,f7bc12e05c05c2c50a10025fe9b7110d_2.5
f7bc12e05c05c2c50a10025fe9b7110d,Genk,Union Saint-Gilloise,2025-03-15T19:45:00Z,soccer_belgium_first_div,Pro League,tipico_de,2.5,1.75,2.05,2025-03-14T11:54:56Z,2025-03-14,f7bc12e05c05c2c50a10025fe9b7110d_2.5
f7bc12e05c05c2c50a10025fe9b7110d,Genk,Union Saint-Gilloise,2025-03-15T19:45:00Z,soccer_belgium_first_div,Pro League,betrivers,2.5,1.76,2.02,2025-03-14T11:54:54Z,2025-03-14,f7bc12e05c05c2c50a10025fe9b7110d_2.5
f7bc12e05c05c2c50a10025fe9b7110d,Genk,Union Saint-Gilloise,2025-03-15T19:45:00Z,soccer_belgium_first_div,Pro League,unibet_eu,2.5,1.76,2.02,2025-03-14T11:54:54Z,2025-03-14,f7bc12e05c05c2c50a10025fe9b7110d_2.5
f7bc12e05c05c2c50a10025fe9b7110d,Genk,Union Saint-Gilloise,2025-03-15T19:45:00Z,soccer_belgium_first_div,Pro League,unibet,2.5,1.76,2.02,2025-03-14T11:54:54Z,2025-03-14,f7bc12e05c05c2c50a10025fe9b7110d_2.5
f7bc12e05c05c2c50a10025fe9b7110d,Genk,Union Saint-Gilloise,2025-03-15T19:45:00Z,soccer_belgium_first_div,Pro League,nordicbet,2.5,1.77,2.01,2025-03-14T11:54:56Z,2025-03-14,f7bc12e05c05c2c50a10025fe9b7110d_2.5
f7bc12e05c05c2c50a10025fe9b7110d,Genk,Union Saint-Gilloise,2025-03-15T19:45:00Z,soccer_belgium_first_div,Pro League,betsson,2.5,1.77,2.01,2025-03-14T11:54:55Z,2025-03-14,f7bc12e05c05c2c50a10025fe9b7110d_2.5
f7bc12e05c05c2c50a10025fe9b7110d,Genk,Union Saint-Gilloise,2025-03-15T19:45:00Z,soccer_belgium_first_div,Pro League,betus,2.75,1.88,1.85,2025-03-14T11:54:54Z,2025-03-14,f7bc12e05c05c2c50a10025fe9b7110d_2.75
f7bc12e05c05c2c50a10025fe9b7110d,Genk,Union Saint-Gilloise,2025-03-15T19:45:00Z,soccer_belgium_first_div,Pro League,lowvig,2.5,1.87,1.95,2025-03-14T11:54:53Z,2025-03-14,f7bc12e05c05c2c50a10025fe9b7110d_2.5
f7bc12e05c05c2c50a10025fe9b7110d,Genk,Union Saint-Gilloise,2025-03-15T19:45:00Z,soccer_belgium_first_div,Pro League,betonlineag,2.5,1.87,1.95,2025-03-14T11:53:22Z,2025-03-14,f7bc12e05c05c2c50a10025fe9b7110d_2.5
f7bc12e05c05c2c50a10025fe9b7110d,Genk,Union Saint-Gilloise,2025-03-15T19:45:00Z,soccer_belgium_first_div,Pro League,betanysports,2.75,1.98,1.85,2025-03-14T11:54:54Z,2025-03-14,f7bc12e05c05c2c50a10025fe9b7110d_2.75
f7bc12e05c05c2c50a10025fe9b7110d,Genk,Union Saint-Gilloise,2025-03-15T19:45:00Z,soccer_belgium_first_div,Pro League,matchbook,2.5,1.71,1.89,2025-03-14T11:54:53Z,2025-03-14,f7bc12e05c05c2c50a10025fe9b7110d_2.5
5dc716a143d6a85cb21384a9c33c5865,Standard Liege,Royal Antwerp,2025-03-16T12:30:00Z,soccer_belgium_first_div,Pro League,onexbet,2.5,2.17,1.7,2025-03-14T11:54:54Z,2025-03-14,5dc716a143d6a85cb21384a9c33c5865_2.5
5dc716a143d6a85cb21384a9c33c5865,Standard Liege,Royal Antwerp,2025-03-16T12:30:00Z,soccer_belgium_first_div,Pro League,pinnacle,2.25,1.91,1.93,2025-03-14T11:54:53Z,2025-03-14,5dc716a143d6a85cb21384a9c33c5865_2.25
5dc716a143d6a85cb21384a9c33c5865,Standard Liege,Royal Antwerp,2025-03-16T12:30:00Z,soccer_belgium_first_div,Pro League,williamhill,2.5,2.1,1.67,2025-03-14T11:54:56Z,2025-03-14,5dc716a143d6a85cb21384a9c33c5865_2.5
5dc716a143d6a85cb21384a9c33c5865,Standard Liege,Royal Antwerp,2025-03-16T12:30:00Z,soccer_belgium_first_div,Pro League,tipico_de,2.5,2.1,1.7,2025-03-14T11:54:56Z,2025-03-14,5dc716a143d6a85cb21384a9c33c5865_2.5
5dc716a143d6a85cb21384a9c33c5865,Standard Liege,Royal Antwerp,2025-03-16T12:30:00Z,soccer_belgium_first_div,Pro League,betrivers,2.5,2.12,1.7,2025-03-14T11:54:54Z,2025-03-14,5dc716a143d6a85cb21384a9c33c5865_2.5
5dc716a143d6a85cb21384a9c33c5865,Standard Liege,Royal Antwerp,2025-03-16T12:30:00Z,soccer_belgium_first_div,Pro League,unibet_eu,2.5,2.12,1.7,2025-03-14T11:54:54Z,2025-03-14,5dc716a143d6a85cb21384a9c33c5865_2.5
5dc716a143d6a85cb21384a9c33c5865,Standard Liege,Royal Antwerp,2025-03-16T12:30:00Z,soccer_belgium_first_div,Pro League,unibet,2.5,2.12,1.7,2025-03-14T11:54:54Z,2025-03-14,5dc716a143d6a85cb21384a9c33c5865_2.5
5dc716a143d6a85cb21384a9c33c5865,Standard Liege,Royal Antwerp,2025-03-16T12:30:00Z,soccer_belgium_first_div,Pro League,nordicbet,2.5,2.13,1.68,2025-03-14T11:54:56Z,2025-03-14,5dc716a143d6a85cb21384a9c33c5865_2.5
5dc716a143d6a85cb21384a9c33c5865,Standard Liege,Royal Antwerp,2025-03-16T12:30:00Z,soccer_belgium_first_div,Pro League,betsson,2.5,2.13,1.68,2025-03-14T11:54:55Z,2025-03-14,5dc716a143d6a85cb21384a9c33c5865_2.5
5dc716a143d6a85cb21384a9c33c5865,Standard Liege,Royal Antwerp,2025-03-16T12:30:00Z,soccer_belgium_first_div,Pro League,bovada,2.25,1.91,1.91,2025-03-14T11:54:54Z,2025-03-14,5dc716a143d6a85cb21384a9c33c5865_2.25
5dc716a143d6a85cb21384a9c33c5865,Standard Liege,Royal Antwerp,2025-03-16T12:30:00Z,soccer_belgium_first_div,Pro League,betus,2.25,1.91,1.87,2025-03-14T11:54:54Z,2025-03-14,5dc716a143d6a85cb21384a9c33c5865_2.25
5dc716a143d6a85cb21384a9c33c5865,Standard Liege,Royal Antwerp,2025-03-16T12:30:00Z,soccer_belgium_first_div,Pro League,lowvig,2.25,1.91,1.91,2025-03-14T11:54:53Z,2025-03-14,5dc716a143d6a85cb21384a9c33c5865_2.25
5dc716a143d6a85cb21384a9c33c5865,Standard Liege,Royal Antwerp,2025-03-16T12:30:00Z,soccer_belgium_first_div,Pro League,betonlineag,2.25,1.91,1.91,2025-03-14T11:53:22Z,2025-03-14,5dc716a143d6a85cb21384a9c33c5865_2.25
5dc716a143d6a85cb21384a9c33c5865,Standard Liege,Royal Antwerp,2025-03-16T12:30:00Z,soccer_belgium_first_div,Pro League,matchbook,2.5,2.18,1.73,2025-03-14T11:54:53Z,2025-03-14,5dc716a143d6a85cb21384a9c33c5865_2.5
b457c3c40eedd8a9fedfcd54de851104,Galatasaray,Antalyaspor,2025-03-14T17:30:00Z,soccer_turkey_super_league,Süper Lig,pinnacle,3.5,1.88,1.98,2025-03-14T11:55:04Z,2025-03-14,b457c3c40eedd8a9fedfcd54de851104_3.5
b457c3c40eedd8a9fedfcd54de851104,Galatasaray,Antalyaspor,2025-03-14T17:30:00Z,soccer_turkey_super_league,Süper Lig,nordicbet,3.5,1.88,1.88,2025-03-14T11:55:05Z,2025-03-14,b457c3c40eedd8a9fedfcd54de851104_3.5
b457c3c40eedd8a9fedfcd54de851104,Galatasaray,Antalyaspor,2025-03-14T17:30:00Z,soccer_turkey_super_league,Süper Lig,coolbet,3.5,1.87,1.9,2025-03-14T11:55:06Z,2025-03-14,b457c3c40eedd8a9fedfcd54de851104_3.5
b457c3c40eedd8a9fedfcd54de851104,Galatasaray,Antalyaspor,2025-03-14T17:30:00Z,soccer_turkey_super_league,Süper Lig,bovada,3.5,1.87,1.95,2025-03-14T11:55:04Z,2025-03-14,b457c3c40eedd8a9fedfcd54de851104_3.5
b457c3c40eedd8a9fedfcd54de851104,Galatasaray,Antalyaspor,2025-03-14T17:30:00Z,soccer_turkey_super_league,Süper Lig,onexbet,3.5,1.91,1.99,2025-03-14T11:55:04Z,2025-03-14,b457c3c40eedd8a9fedfcd54de851104_3.5
b457c3c40eedd8a9fedfcd54de851104,Galatasaray,Antalyaspor,2025-03-14T17:30:00Z,soccer_turkey_super_league,Süper Lig,tipico_de,3.5,1.75,1.97,2025-03-14T11:55:06Z,2025-03-14,b457c3c40eedd8a9fedfcd54de851104_3.5
b457c3c40eedd8a9fedfcd54de851104,Galatasaray,Antalyaspor,2025-03-14T17:30:00Z,soccer_turkey_super_league,Süper Lig,betrivers,3.5,1.91,1.81,2025-03-14T11:55:04Z,2025-03-14,b457c3c40eedd8a9fedfcd54de851104_3.5
b457c3c40eedd8a9fedfcd54de851104,Galatasaray,Antalyaspor,2025-03-14T17:30:00Z,soccer_turkey_super_league,Süper Lig,unibet,3.5,1.91,1.81,2025-03-14T11:55:04Z,2025-03-14,b457c3c40eedd8a9fedfcd54de851104_3.5
b457c3c40eedd8a9fedfcd54de851104,Galatasaray,Antalyaspor,2025-03-14T17:30:00Z,soccer_turkey_super_league,Süper Lig,unibet_eu,3.5,1.91,1.81,2025-03-14T11:55:05Z,2025-03-14,b457c3c40eedd8a9fedfcd54de851104_3.5
b457c3c40eedd8a9fedfcd54de851104,Galatasaray,Antalyaspor,2025-03-14T17:30:00Z,soccer_turkey_super_league,Süper Lig,betus,3.5,1.88,1.87,2025-03-14T11:55:05Z,2025-03-14,b457c3c40eedd8a9fedfcd54de851104_3.5
b457c3c40eedd8a9fedfcd54de851104,Galatasaray,Antalyaspor,2025-03-14T17:30:00Z,soccer_turkey_super_league,Süper Lig,lowvig,3.5,1.87,1.95,2025-03-14T11:55:04Z,2025-03-14,b457c3c40eedd8a9fedfcd54de851104_3.5
b457c3c40eedd8a9fedfcd54de851104,Galatasaray,Antalyaspor,2025-03-14T17:30:00Z,soccer_turkey_super_league,Süper Lig,betonlineag,3.5,1.87,1.95,2025-03-14T11:55:04Z,2025-03-14,b457c3c40eedd8a9fedfcd54de851104_3.5
b457c3c40eedd8a9fedfcd54de851104,Galatasaray,Antalyaspor,2025-03-14T17:30:00Z,soccer_turkey_super_league,Süper Lig,matchbook,3.5,1.94,2.04,2025-03-14T11:55:04Z,2025-03-14,b457c3c40eedd8a9fedfcd54de851104_3.5
f93a1a1b6b3c8e2528727e31c6f0228a,Gazişehir Gaziantep,Kayserispor,2025-03-15T10:30:00Z,soccer_turkey_super_league,Süper Lig,nordicbet,2.5,1.82,1.94,2025-03-14T11:55:05Z,2025-03-14,f93a1a1b6b3c8e2528727e31c6f0228a_2.5
f93a1a1b6b3c8e2528727e31c6f0228a,Gazişehir Gaziantep,Kayserispor,2025-03-15T10:30:00Z,soccer_turkey_super_league,Süper Lig,betsson,2.5,1.82,1.94,2025-03-14T11:55:05Z,2025-03-14,f93a1a1b6b3c8e2528727e31c6f0228a_2.5
f93a1a1b6b3c8e2528727e31c6f0228a,Gazişehir Gaziantep,Kayserispor,2025-03-15T10:30:00Z,soccer_turkey_super_league,Süper Lig,pinnacle,2.75,2.04,1.84,2025-03-14T11:55:04Z,2025-03-14,f93a1a1b6b3c8e2528727e31c6f0228a_2.75
f93a1a1b6b3c8e2528727e31c6f0228a,Gazişehir Gaziantep,Kayserispor,2025-03-15T10:30:00Z,soccer_turkey_super_league,Süper Lig,coolbet,2.5,1.76,2.03,2025-03-14T11:55:06Z,2025-03-14,f93a1a1b6b3c8e2528727e31c6f0228a_2.5
f93a1a1b6b3c8e2528727e31c6f0228a,Gazişehir Gaziantep,Kayserispor,2025-03-15T10:30:00Z,soccer_turkey_super_league,Süper Lig,onexbet,2.5,1.84,2.08,2025-03-14T11:55:04Z,2025-03-14,f93a1a1b6b3c8e2528727e31c6f0228a_2.5
f93a1a1b6b3c8e2528727e31c6f0228a,Gazişehir Gaziantep,Kayserispor,2025-03-15T10:30:00Z,soccer_turkey_super_league,Süper Lig,tipico_de,2.5,1.75,2.05,2025-03-14T11:55:06Z,2025-03-14,f93a1a1b6b3c8e2528727e31c6f0228a_2.5
f93a1a1b6b3c8e2528727e31c6f0228a,Gazişehir Gaziantep,Kayserispor,2025-03-15T10:30:00Z,soccer_turkey_super_league,Süper Lig,unibet,2.5,1.67,2.1,2025-03-14T11:55:04Z,2025-03-14,f93a1a1b6b3c8e2528727e31c6f0228a_2.5
f93a1a1b6b3c8e2528727e31c6f0228a,Gazişehir Gaziantep,Kayserispor,2025-03-15T10:30:00Z,soccer_turkey_super_league,Süper Lig,unibet_eu,2.5,1.67,2.1,2025-03-14T11:55:05Z,2025-03-14,f93a1a1b6b3c8e2528727e31c6f0228a_2.5
f93a1a1b6b3c8e2528727e31c6f0228a,Gazişehir Gaziantep,Kayserispor,2025-03-15T10:30:00Z,soccer_turkey_super_league,Süper Lig,betrivers,2.5,1.67,2.1,2025-03-14T11:55:04Z,2025-03-14,f93a1a1b6b3c8e2528727e31c6f0228a_2.5
f93a1a1b6b3c8e2528727e31c6f0228a,Gazişehir Gaziantep,Kayserispor,2025-03-15T10:30:00Z,soccer_turkey_super_league,Süper Lig,bovada,2.75,1.95,1.87,2025-03-14T11:55:04Z,2025-03-14,f93a1a1b6b3c8e2528727e31c6f0228a_2.75
f93a1a1b6b3c8e2528727e31c6f0228a,Gazişehir Gaziantep,Kayserispor,2025-03-15T10:30:00Z,soccer_turkey_super_league,Süper Lig,betus,2.75,1.9,1.84,2025-03-14T11:55:05Z,2025-03-14,f93a1a1b6b3c8e2528727e31c6f0228a_2.75
f93a1a1b6b3c8e2528727e31c6f0228a,Gazişehir Gaziantep,Kayserispor,2025-03-15T10:30:00Z,soccer_turkey_super_league,Süper Lig,lowvig,2.75,1.97,1.85,2025-03-14T11:55:04Z,2025-03-14,f93a1a1b6b3c8e2528727e31c6f0228a_2.75
f93a1a1b6b3c8e2528727e31c6f0228a,Gazişehir Gaziantep,Kayserispor,2025-03-15T10:30:00Z,soccer_turkey_super_league,Süper Lig,betonlineag,2.75,1.97,1.85,2025-03-14T11:55:04Z,2025-03-14,f93a1a1b6b3c8e2528727e31c6f0228a_2.75
f93a1a1b6b3c8e2528727e31c6f0228a,Gazişehir Gaziantep,Kayserispor,2025-03-15T10:30:00Z,soccer_turkey_super_league,Süper Lig,matchbook,2.5,1.68,1.92,2025-03-14T11:55:04Z,2025-03-14,f93a1a1b6b3c8e2528727e31c6f0228a_2.5
114ae580bd0bb45a7c83b871dc751db1,Kasimpasa SK,Alanyaspor,2025-03-15T13:00:00Z,soccer_turkey_super_league,Süper Lig,betsson,2.5,1.58,2.33,2025-03-14T11:55:05Z,2025-03-14,114ae580bd0bb45a7c83b871dc751db1_2.5
114ae580bd0bb45a7c83b871dc751db1,Kasimpasa SK,Alanyaspor,2025-03-15T13:00:00Z,soccer_turkey_super_league,Süper Lig,pinnacle,3.0,1.98,1.88,2025-03-14T11:55:04Z,2025-03-14,114ae580bd0bb45a7c83b871dc751db1_3.0
114ae580bd0bb45a7c83b871dc751db1,Kasimpasa SK,Alanyaspor,2025-03-15T13:00:00Z,soccer_turkey_super_league,Süper Lig,nordicbet,2.5,1.58,2.33,2025-03-14T11:55:05Z,2025-03-14,114ae580bd0bb45a7c83b871dc751db1_2.5
114ae580bd0bb45a7c83b871dc751db1,Kasimpasa SK,Alanyaspor,2025-03-15T13:00:00Z,soccer_turkey_super_league,Süper Lig,bovada,3.0,2.0,1.83,2025-03-14T11:55:04Z,2025-03-14,114ae580bd0bb45a7c83b871dc751db1_3.0
114ae580bd0bb45a7c83b871dc751db1,Kasimpasa SK,Alanyaspor,2025-03-15T13:00:00Z,soccer_turkey_super_league,Süper Lig,onexbet,2.5,1.65,2.37,2025-03-14T11:55:04Z,2025-03-14,114ae580bd0bb45a7c83b871dc751db1_2.5
114ae580bd0bb45a7c83b871dc751db1,Kasimpasa SK,Alanyaspor,2025-03-15T13:00:00Z,soccer_turkey_super_league,Süper Lig,tipico_de,2.5,1.57,2.35,2025-03-14T11:55:06Z,2025-03-14,114ae580bd0bb45a7c83b871dc751db1_2.5
114ae580bd0bb45a7c83b871dc751db1,Kasimpasa SK,Alanyaspor,2025-03-15T13:00:00Z,soccer_turkey_super_league,Süper Lig,unibet,2.5,1.6,2.23,2025-03-14T11:55:04Z,2025-03-14,114ae580bd0bb45a7c83b871dc751db1_2.5
114ae580bd0bb45a7c83b871dc751db1,Kasimpasa SK,Alanyaspor,2025-03-15T13:00:00Z,soccer_turkey_super_league,Süper Lig,betrivers,2.5,1.6,2.23,2025-03-14T11:55:04Z,2025-03-14,114ae580bd0bb45a7c83b871dc751db1_2.5
114ae580bd0bb45a7c83b871dc751db1,Kasimpasa SK,Alanyaspor,2025-03-15T13:00:00Z,soccer_turkey_super_league,Süper Lig,unibet_eu,2.5,1.6,2.23,2025-03-14T11:55:05Z,2025-03-14,114ae580bd0bb45a7c83b871dc751db1_2.5
114ae580bd0bb45a7c83b871dc751db1,Kasimpasa SK,Alanyaspor,2025-03-15T13:00:00Z,soccer_turkey_super_league,Süper Lig,coolbet,3.0,1.98,1.8,2025-03-14T11:55:06Z,2025-03-14,114ae580bd0bb45a7c83b871dc751db1_3.0
114ae580bd0bb45a7c83b871dc751db1,Kasimpasa SK,Alanyaspor,2025-03-15T13:00:00Z,soccer_turkey_super_league,Süper Lig,betus,3.0,1.87,1.88,2025-03-14T11:55:05Z,2025-03-14,114ae580bd0bb45a7c83b871dc751db1_3.0
114ae580bd0bb45a7c83b871dc751db1,Kasimpasa SK,Alanyaspor,2025-03-15T13:00:00Z,soccer_turkey_super_league,Süper Lig,lowvig,3.0,2.03,1.81,2025-03-14T11:55:04Z,2025-03-14,114ae580bd0bb45a7c83b871dc751db1_3.0
114ae580bd0bb45a7c83b871dc751db1,Kasimpasa SK,Alanyaspor,2025-03-15T13:00:00Z,soccer_turkey_super_league,Süper Lig,betonlineag,3.0,2.03,1.81,2025-03-14T11:55:04Z,2025-03-14,114ae580bd0bb45a7c83b871dc751db1_3.0
35ede45bbf7184496b13c04581706dcc,Basaksehir,Trabzonspor,2025-03-15T17:30:00Z,soccer_turkey_super_league,Süper Lig,nordicbet,2.5,1.82,1.94,2025-03-14T11:55:05Z,2025-03-14,35ede45bbf7184496b13c04581706dcc_2.5
35ede45bbf7184496b13c04581706dcc,Basaksehir,Trabzonspor,2025-03-15T17:30:00Z,soccer_turkey_super_league,Süper Lig,betsson,2.5,1.82,1.94,2025-03-14T11:55:05Z,2025-03-14,35ede45bbf7184496b13c04581706dcc_2.5
35ede45bbf7184496b13c04581706dcc,Basaksehir,Trabzonspor,2025-03-15T17:30:00Z,soccer_turkey_super_league,Süper Lig,pinnacle,2.5,1.83,2.04,2025-03-14T11:55:04Z,2025-03-14,35ede45bbf7184496b13c04581706dcc_2.5
35ede45bbf7184496b13c04581706dcc,Basaksehir,Trabzonspor,2025-03-15T17:30:00Z,soccer_turkey_super_league,Süper Lig,onexbet,2.5,1.86,2.05,2025-03-14T11:55:04Z,2025-03-14,35ede45bbf7184496b13c04581706dcc_2.5
35ede45bbf7184496b13c04581706dcc,Basaksehir,Trabzonspor,2025-03-15T17:30:00Z,soccer_turkey_super_league,Süper Lig,bovada,2.5,1.82,2.02,2025-03-14T11:55:04Z,2025-03-14,35ede45bbf7184496b13c04581706dcc_2.5
35ede45bbf7184496b13c04581706dcc,Basaksehir,Trabzonspor,2025-03-15T17:30:00Z,soccer_turkey_super_league,Süper Lig,tipico_de,2.5,1.8,1.95,2025-03-14T11:55:06Z,2025-03-14,35ede45bbf7184496b13c04581706dcc_2.5
35ede45bbf7184496b13c04581706dcc,Basaksehir,Trabzonspor,2025-03-15T17:30:00Z,soccer_turkey_super_league,Süper Lig,betrivers,2.5,1.72,2.02,2025-03-14T11:55:04Z,2025-03-14,35ede45bbf7184496b13c04581706dcc_2.5
35ede45bbf7184496b13c04581706dcc,Basaksehir,Trabzonspor,2025-03-15T17:30:00Z,soccer_turkey_super_league,Süper Lig,unibet,2.5,1.72,2.02,2025-03-14T11:55:04Z,2025-03-14,35ede45bbf7184496b13c04581706dcc_2.5
35ede45bbf7184496b13c04581706dcc,Basaksehir,Trabzonspor,2025-03-15T17:30:00Z,soccer_turkey_super_league,Süper Lig,unibet_eu,2.5,1.72,2.02,2025-03-14T11:55:05Z,2025-03-14,35ede45bbf7184496b13c04581706dcc_2.5
35ede45bbf7184496b13c04581706dcc,Basaksehir,Trabzonspor,2025-03-15T17:30:00Z,soccer_turkey_super_league,Süper Lig,coolbet,2.5,1.82,1.96,2025-03-14T11:55:06Z,2025-03-14,35ede45bbf7184496b13c04581706dcc_2.5
35ede45bbf7184496b13c04581706dcc,Basaksehir,Trabzonspor,2025-03-15T17:30:00Z,soccer_turkey_super_league,Süper Lig,betus,2.5,1.83,1.92,2025-03-14T11:55:05Z,2025-03-14,35ede45bbf7184496b13c04581706dcc_2.5
35ede45bbf7184496b13c04581706dcc,Basaksehir,Trabzonspor,2025-03-15T17:30:00Z,soccer_turkey_super_league,Süper Lig,lowvig,2.5,1.87,1.95,2025-03-14T11:55:04Z,2025-03-14,35ede45bbf7184496b13c04581706dcc_2.5
35ede45bbf7184496b13c04581706dcc,Basaksehir,Trabzonspor,2025-03-15T17:30:00Z,soccer_turkey_super_league,Süper Lig,betonlineag,2.5,1.87,1.95,2025-03-14T11:55:04Z,2025-03-14,35ede45bbf7184496b13c04581706dcc_2.5
50671dc2b6f33aa97f8002bfad5c6d6c,Torku Konyaspor,Besiktas JK,2025-03-15T17:30:00Z,soccer_turkey_super_league,Süper Lig,nordicbet,2.5,1.83,1.93,2025-03-14T11:55:05Z,2025-03-14,50671dc2b6f33aa97f8002bfad5c6d6c_2.5
50671dc2b6f33aa97f8002bfad5c6d6c,Torku Konyaspor,Besiktas JK,2025-03-15T17:30:00Z,soccer_turkey_super_league,Süper Lig,onexbet,2.5,1.89,2.01,2025-03-14T11:55:04Z,2025-03-14,50671dc2b6f33aa97f8002bfad5c6d6c_2.5
50671dc2b6f33aa97f8002bfad5c6d6c,Torku Konyaspor,Besiktas JK,2025-03-15T17:30:00Z,soccer_turkey_super_league,Süper Lig,betsson,2.5,1.83,1.93,2025-03-14T11:55:05Z,2025-03-14,50671dc2b6f33aa97f8002bfad5c6d6c_2.5
50671dc2b6f33aa97f8002bfad5c6d6c,Torku Konyaspor,Besiktas JK,2025-03-15T17:30:00Z,soccer_turkey_super_league,Süper Lig,pinnacle,2.5,1.81,1.96,2025-03-14T11:55:04Z,2025-03-14,50671dc2b6f33aa97f8002bfad5c6d6c_2.5
50671dc2b6f33aa97f8002bfad5c6d6c,Torku Konyaspor,Besiktas JK,2025-03-15T17:30:00Z,soccer_turkey_super_league,Süper Lig,coolbet,2.5,1.85,1.93,2025-03-14T11:55:06Z,2025-03-14,50671dc2b6f33aa97f8002bfad5c6d6c_2.5
50671dc2b6f33aa97f8002bfad5c6d6c,Torku Konyaspor,Besiktas JK,2025-03-15T17:30:00Z,soccer_turkey_super_league,Süper Lig,tipico_de,2.5,1.83,1.93,2025-03-14T11:55:06Z,2025-03-14,50671dc2b6f33aa97f8002bfad5c6d6c_2.5
50671dc2b6f33aa97f8002bfad5c6d6c,Torku Konyaspor,Besiktas JK,2025-03-15T17:30:00Z,soccer_turkey_super_league,Süper Lig,betrivers,2.5,1.83,1.88,2025-03-14T11:55:04Z,2025-03-14,50671dc2b6f33aa97f8002bfad5c6d6c_2.5
50671dc2b6f33aa97f8002bfad5c6d6c,Torku Konyaspor,Besiktas JK,2025-03-15T17:30:00Z,soccer_turkey_super_league,Süper Lig,unibet_eu,2.5,1.83,1.88,2025-03-14T11:55:05Z,2025-03-14,50671dc2b6f33aa97f8002bfad5c6d6c_2.5
50671dc2b6f33aa97f8002bfad5c6d6c,Torku Konyaspor,Besiktas JK,2025-03-15T17:30:00Z,soccer_turkey_super_league,Süper Lig,unibet,2.5,1.83,1.88,2025-03-14T11:55:04Z,2025-03-14,50671dc2b6f33aa97f8002bfad5c6d6c_2.5
50671dc2b6f33aa97f8002bfad5c6d6c,Torku Konyaspor,Besiktas JK,2025-03-15T17:30:00Z,soccer_turkey_super_league,Süper Lig,bovada,2.5,1.87,1.95,2025-03-14T11:55:04Z,2025-03-14,50671dc2b6f33aa97f8002bfad5c6d6c_2.5
50671dc2b6f33aa97f8002bfad5c6d6c,Torku Konyaspor,Besiktas JK,2025-03-15T17:30:00Z,soccer_turkey_super_league,Süper Lig,betus,2.5,1.81,1.93,2025-03-14T11:55:05Z,2025-03-14,50671dc2b6f33aa97f8002bfad5c6d6c_2.5
50671dc2b6f33aa97f8002bfad5c6d6c,Torku Konyaspor,Besiktas JK,2025-03-15T17:30:00Z,soccer_turkey_super_league,Süper Lig,lowvig,2.5,1.86,1.96,2025-03-14T11:55:04Z,2025-03-14,50671dc2b6f33aa97f8002bfad5c6d6c_2.5
50671dc2b6f33aa97f8002bfad5c6d6c,Torku Konyaspor,Besiktas JK,2025-03-15T17:30:00Z,soccer_turkey_super_league,Süper Lig,betonlineag,2.5,1.86,1.96,2025-03-14T11:55:04Z,2025-03-14,50671dc2b6f33aa97f8002bfad5c6d6c_2.5
184cad0f1ab30f2def71bcaca5d41b3a,Çaykur Rizespor,Bodrum FK,2025-03-16T10:30:00Z,soccer_turkey_super_league,Süper Lig,nordicbet,2.5,2.12,1.69,2025-03-14T11:55:05Z,2025-03-14,184cad0f1ab30f2def71bcaca5d41b3a_2.5
184cad0f1ab30f2def71bcaca5d41b3a,Çaykur Rizespor,Bodrum FK,2025-03-16T10:30:00Z,soccer_turkey_super_league,Süper Lig,betsson,2.5,2.12,1.69,2025-03-14T11:55:05Z,2025-03-14,184cad0f1ab30f2def71bcaca5d41b3a_2.5
184cad0f1ab30f2def71bcaca5d41b3a,Çaykur Rizespor,Bodrum FK,2025-03-16T10:30:00Z,soccer_turkey_super_league,Süper Lig,pinnacle,2.25,1.89,1.94,2025-03-14T11:55:04Z,2025-03-14,184cad0f1ab30f2def71bcaca5d41b3a_2.25
184cad0f1ab30f2def71bcaca5d41b3a,Çaykur Rizespor,Bodrum FK,2025-03-16T10:30:00Z,soccer_turkey_super_league,Süper Lig,onexbet,2.5,2.21,1.75,2025-03-14T11:55:04Z,2025-03-14,184cad0f1ab30f2def71bcaca5d41b3a_2.5
184cad0f1ab30f2def71bcaca5d41b3a,Çaykur Rizespor,Bodrum FK,2025-03-16T10:30:00Z,soccer_turkey_super_league,Süper Lig,bovada,2.25,1.87,1.95,2025-03-14T11:55:04Z,2025-03-14,184cad0f1ab30f2def71bcaca5d41b3a_2.25
184cad0f1ab30f2def71bcaca5d41b3a,Çaykur Rizespor,Bodrum FK,2025-03-16T10:30:00Z,soccer_turkey_super_league,Süper Lig,betrivers,2.5,2.12,1.66,2025-03-14T11:55:04Z,2025-03-14,184cad0f1ab30f2def71bcaca5d41b3a_2.5
184cad0f1ab30f2def71bcaca5d41b3a,Çaykur Rizespor,Bodrum FK,2025-03-16T10:30:00Z,soccer_turkey_super_league,Süper Lig,unibet,2.5,2.12,1.66,2025-03-14T11:55:04Z,2025-03-14,184cad0f1ab30f2def71bcaca5d41b3a_2.5
184cad0f1ab30f2def71bcaca5d41b3a,Çaykur Rizespor,Bodrum FK,2025-03-16T10:30:00Z,soccer_turkey_super_league,Süper Lig,unibet_eu,2.5,2.12,1.66,2025-03-14T11:55:05Z,2025-03-14,184cad0f1ab30f2def71bcaca5d41b3a_2.5
184cad0f1ab30f2def71bcaca5d41b3a,Çaykur Rizespor,Bodrum FK,2025-03-16T10:30:00Z,soccer_turkey_super_league,Süper Lig,coolbet,2.5,2.12,1.7,2025-03-14T11:55:06Z,2025-03-14,184cad0f1ab30f2def71bcaca5d41b3a_2.5
184cad0f1ab30f2def71bcaca5d41b3a,Çaykur Rizespor,Bodrum FK,2025-03-16T10:30:00Z,soccer_turkey_super_league,Süper Lig,betus,2.25,1.89,1.87,2025-03-14T11:55:05Z,2025-03-14,184cad0f1ab30f2def71bcaca5d41b3a_2.25
184cad0f1ab30f2def71bcaca5d41b3a,Çaykur Rizespor,Bodrum FK,2025-03-16T10:30:00Z,soccer_turkey_super_league,Süper Lig,betonlineag,2.25,1.86,1.96,2025-03-14T11:55:04Z,2025-03-14,184cad0f1ab30f2def71bcaca5d41b3a_2.25
184cad0f1ab30f2def71bcaca5d41b3a,Çaykur Rizespor,Bodrum FK,2025-03-16T10:30:00Z,soccer_turkey_super_league,Süper Lig,lowvig,2.25,1.86,1.96,2025-03-14T11:55:04Z,2025-03-14,184cad0f1ab30f2def71bcaca5d41b3a_2.25
15da33a700e37610136495bf1ebcaf8f,Goztepe,Eyüpspor,2025-03-16T13:00:00Z,soccer_turkey_super_league,Süper Lig,betsson,2.5,1.93,1.83,2025-03-14T11:55:05Z,2025-03-14,15da33a700e37610136495bf1ebcaf8f_2.5
15da33a700e37610136495bf1ebcaf8f,Goztepe,Eyüpspor,2025-03-16T13:00:00Z,soccer_turkey_super_league,Süper Lig,nordicbet,2.5,1.93,1.83,2025-03-14T11:55:05Z,2025-03-14,15da33a700e37610136495bf1ebcaf8f_2.5
15da33a700e37610136495bf1ebcaf8f,Goztepe,Eyüpspor,2025-03-16T13:00:00Z,soccer_turkey_super_league,Süper Lig,onexbet,2.5,2.0,1.9,2025-03-14T11:55:04Z,2025-03-14,15da33a700e37610136495bf1ebcaf8f_2.5
15da33a700e37610136495bf1ebcaf8f,Goztepe,Eyüpspor,2025-03-16T13:00:00Z,soccer_turkey_super_league,Süper Lig,pinnacle,2.5,1.97,1.86,2025-03-14T11:55:04Z,2025-03-14,15da33a700e37610136495bf1ebcaf8f_2.5
15da33a700e37610136495bf1ebcaf8f,Goztepe,Eyüpspor,2025-03-16T13:00:00Z,soccer_turkey_super_league,Süper Lig,bovada,2.5,1.95,1.87,2025-03-14T11:55:04Z,2025-03-14,15da33a700e37610136495bf1ebcaf8f_2.5
15da33a700e37610136495bf1ebcaf8f,Goztepe,Eyüpspor,2025-03-16T13:00:00Z,soccer_turkey_super_league,Süper Lig,betrivers,2.5,1.89,1.82,2025-03-14T11:55:04Z,2025-03-14,15da33a700e37610136495bf1ebcaf8f_2.5
15da33a700e37610136495bf1ebcaf8f,Goztepe,Eyüpspor,2025-03-16T13:00:00Z,soccer_turkey_super_league,Süper Lig,unibet,2.5,1.89,1.82,2025-03-14T11:55:04Z,2025-03-14,15da33a700e37610136495bf1ebcaf8f_2.5
15da33a700e37610136495bf1ebcaf8f,Goztepe,Eyüpspor,2025-03-16T13:00:00Z,soccer_turkey_super_league,Süper Lig,unibet_eu,2.5,1.89,1.82,2025-03-14T11:55:05Z,2025-03-14,15da33a700e37610136495bf1ebcaf8f_2.5
15da33a700e37610136495bf1ebcaf8f,Goztepe,Eyüpspor,2025-03-16T13:00:00Z,soccer_turkey_super_league,Süper Lig,coolbet,2.5,1.93,1.85,2025-03-14T11:55:06Z,2025-03-14,15da33a700e37610136495bf1ebcaf8f_2.5
15da33a700e37610136495bf1ebcaf8f,Goztepe,Eyüpspor,2025-03-16T13:00:00Z,soccer_turkey_super_league,Süper Lig,betus,2.5,1.88,1.86,2025-03-14T11:55:05Z,2025-03-14,15da33a700e37610136495bf1ebcaf8f_2.5
15da33a700e37610136495bf1ebcaf8f,Goztepe,Eyüpspor,2025-03-16T13:00:00Z,soccer_turkey_super_league,Süper Lig,betonlineag,2.5,1.96,1.86,2025-03-14T11:55:04Z,2025-03-14,15da33a700e37610136495bf1ebcaf8f_2.5
15da33a700e37610136495bf1ebcaf8f,Goztepe,Eyüpspor,2025-03-16T13:00:00Z,soccer_turkey_super_league,Süper Lig,lowvig,2.5,1.96,1.86,2025-03-14T11:55:04Z,2025-03-14,15da33a700e37610136495bf1ebcaf8f_2.5
c1c392ca544c536bfcad2f4767ffa54d,Hatayspor,Sivasspor,2025-03-16T13:00:00Z,soccer_turkey_super_league,Süper Lig,betsson,2.5,1.79,1.98,2025-03-14T11:55:05Z,2025-03-14,c1c392ca544c536bfcad2f4767ffa54d_2.5
c1c392ca544c536bfcad2f4767ffa54d,Hatayspor,Sivasspor,2025-03-16T13:00:00Z,soccer_turkey_super_league,Süper Lig,nordicbet,2.5,1.79,1.98,2025-03-14T11:55:05Z,2025-03-14,c1c392ca544c536bfcad2f4767ffa54d_2.5
c1c392ca544c536bfcad2f4767ffa54d,Hatayspor,Sivasspor,2025-03-16T13:00:00Z,soccer_turkey_super_league,Süper Lig,onexbet,2.5,1.87,2.04,2025-03-14T11:55:04Z,2025-03-14,c1c392ca544c536bfcad2f4767ffa54d_2.5
c1c392ca544c536bfcad2f4767ffa54d,Hatayspor,Sivasspor,2025-03-16T13:00:00Z,soccer_turkey_super_league,Süper Lig,pinnacle,2.5,1.79,1.97,2025-03-14T11:55:04Z,2025-03-14,c1c392ca544c536bfcad2f4767ffa54d_2.5
c1c392ca544c536bfcad2f4767ffa54d,Hatayspor,Sivasspor,2025-03-16T13:00:00Z,soccer_turkey_super_league,Süper Lig,bovada,2.5,1.85,1.98,2025-03-14T11:55:04Z,2025-03-14,c1c392ca544c536bfcad2f4767ffa54d_2.5
c1c392ca544c536bfcad2f4767ffa54d,Hatayspor,Sivasspor,2025-03-16T13:00:00Z,soccer_turkey_super_league,Süper Lig,tipico_de,2.5,1.77,2.0,2025-03-14T11:55:06Z,2025-03-14,c1c392ca544c536bfcad2f4767ffa54d_2.5
c1c392ca544c536bfcad2f4767ffa54d,Hatayspor,Sivasspor,2025-03-16T13:00:00Z,soccer_turkey_super_league,Süper Lig,unibet,2.5,1.75,1.97,2025-03-14T11:55:04Z,2025-03-14,c1c392ca544c536bfcad2f4767ffa54d_2.5
c1c392ca544c536bfcad2f4767ffa54d,Hatayspor,Sivasspor,2025-03-16T13:00:00Z,soccer_turkey_super_league,Süper Lig,betrivers,2.5,1.75,1.97,2025-03-14T11:55:04Z,2025-03-14,c1c392ca544c536bfcad2f4767ffa54d_2.5
c1c392ca544c536bfcad2f4767ffa54d,Hatayspor,Sivasspor,2025-03-16T13:00:00Z,soccer_turkey_super_league,Süper Lig,unibet_eu,2.5,1.75,1.97,2025-03-14T11:55:05Z,2025-03-14,c1c392ca544c536bfcad2f4767ffa54d_2.5
c1c392ca544c536bfcad2f4767ffa54d,Hatayspor,Sivasspor,2025-03-16T13:00:00Z,soccer_turkey_super_league,Süper Lig,coolbet,2.5,1.8,1.98,2025-03-14T11:55:06Z,2025-03-14,c1c392ca544c536bfcad2f4767ffa54d_2.5
c1c392ca544c536bfcad2f4767ffa54d,Hatayspor,Sivasspor,2025-03-16T13:00:00Z,soccer_turkey_super_league,Süper Lig,betus,2.5,1.79,1.97,2025-03-14T11:55:05Z,2025-03-14,c1c392ca544c536bfcad2f4767ffa54d_2.5
c1c392ca544c536bfcad2f4767ffa54d,Hatayspor,Sivasspor,2025-03-16T13:00:00Z,soccer_turkey_super_league,Süper Lig,betonlineag,2.5,1.88,1.94,2025-03-14T11:55:04Z,2025-03-14,c1c392ca544c536bfcad2f4767ffa54d_2.5
c1c392ca544c536bfcad2f4767ffa54d,Hatayspor,Sivasspor,2025-03-16T13:00:00Z,soccer_turkey_super_league,Süper Lig,lowvig,2.5,1.88,1.94,2025-03-14T11:55:04Z,2025-03-14,c1c392ca544c536bfcad2f4767ffa54d_2.5
18161223b5462a4f2438928ff87d8154,FC St Gallen,FC Lausanne-Sport,2025-03-15T17:00:00Z,soccer_switzerland_superleague,Super League Switzerland,coolbet,3.0,1.92,1.89,2025-03-14T11:54:35Z,2025-03-14,18161223b5462a4f2438928ff87d8154_3.0
18161223b5462a4f2438928ff87d8154,FC St Gallen,FC Lausanne-Sport,2025-03-15T17:00:00Z,soccer_switzerland_superleague,Super League Switzerland,nordicbet,2.5,1.57,2.31,2025-03-14T11:54:34Z,2025-03-14,18161223b5462a4f2438928ff87d8154_2.5
18161223b5462a4f2438928ff87d8154,FC St Gallen,FC Lausanne-Sport,2025-03-15T17:00:00Z,soccer_switzerland_superleague,Super League Switzerland,betsson,2.5,1.57,2.31,2025-03-14T11:54:34Z,2025-03-14,18161223b5462a4f2438928ff87d8154_2.5
18161223b5462a4f2438928ff87d8154,FC St Gallen,FC Lausanne-Sport,2025-03-15T17:00:00Z,soccer_switzerland_superleague,Super League Switzerland,pinnacle,3.0,1.92,1.92,2025-03-14T11:54:33Z,2025-03-14,18161223b5462a4f2438928ff87d8154_3.0
18161223b5462a4f2438928ff87d8154,FC St Gallen,FC Lausanne-Sport,2025-03-15T17:00:00Z,soccer_switzerland_superleague,Super League Switzerland,onexbet,2.5,1.59,2.35,2025-03-14T11:54:33Z,2025-03-14,18161223b5462a4f2438928ff87d8154_2.5
18161223b5462a4f2438928ff87d8154,FC St Gallen,FC Lausanne-Sport,2025-03-15T17:00:00Z,soccer_switzerland_superleague,Super League Switzerland,bovada,3.0,1.93,1.89,2025-03-14T11:54:33Z,2025-03-14,18161223b5462a4f2438928ff87d8154_3.0
18161223b5462a4f2438928ff87d8154,FC St Gallen,FC Lausanne-Sport,2025-03-15T17:00:00Z,soccer_switzerland_superleague,Super League Switzerland,tipico_de,2.5,1.57,2.35,2025-03-14T11:54:35Z,2025-03-14,18161223b5462a4f2438928ff87d8154_2.5
18161223b5462a4f2438928ff87d8154,FC St Gallen,FC Lausanne-Sport,2025-03-15T17:00:00Z,soccer_switzerland_superleague,Super League Switzerland,unibet,3.5,2.38,1.54,2025-03-14T11:54:34Z,2025-03-14,18161223b5462a4f2438928ff87d8154_3.5
18161223b5462a4f2438928ff87d8154,FC St Gallen,FC Lausanne-Sport,2025-03-15T17:00:00Z,soccer_switzerland_superleague,Super League Switzerland,betrivers,3.5,2.38,1.54,2025-03-14T11:54:34Z,2025-03-14,18161223b5462a4f2438928ff87d8154_3.5
18161223b5462a4f2438928ff87d8154,FC St Gallen,FC Lausanne-Sport,2025-03-15T17:00:00Z,soccer_switzerland_superleague,Super League Switzerland,unibet_eu,3.5,2.38,1.54,2025-03-14T11:54:34Z,2025-03-14,18161223b5462a4f2438928ff87d8154_3.5
18161223b5462a4f2438928ff87d8154,FC St Gallen,FC Lausanne-Sport,2025-03-15T17:00:00Z,soccer_switzerland_superleague,Super League Switzerland,williamhill,2.5,1.6,2.25,2025-03-14T11:54:34Z,2025-03-14,18161223b5462a4f2438928ff87d8154_2.5
18161223b5462a4f2438928ff87d8154,FC St Gallen,FC Lausanne-Sport,2025-03-15T17:00:00Z,soccer_switzerland_superleague,Super League Switzerland,lowvig,3.0,1.95,1.87,2025-03-14T11:54:33Z,2025-03-14,18161223b5462a4f2438928ff87d8154_3.0
18161223b5462a4f2438928ff87d8154,FC St Gallen,FC Lausanne-Sport,2025-03-15T17:00:00Z,soccer_switzerland_superleague,Super League Switzerland,betonlineag,3.0,1.95,1.87,2025-03-14T11:54:34Z,2025-03-14,18161223b5462a4f2438928ff87d8154_3.0
18161223b5462a4f2438928ff87d8154,FC St Gallen,FC Lausanne-Sport,2025-03-15T17:00:00Z,soccer_switzerland_superleague,Super League Switzerland,betus,3.0,1.87,1.87,2025-03-14T11:54:34Z,2025-03-14,18161223b5462a4f2438928ff87d8154_3.0
13fd7b3289472c13a5f03aa4a1891cdd,Servette,Yverdon Sport FC,2025-03-15T17:00:00Z,soccer_switzerland_superleague,Super League Switzerland,pinnacle,2.75,1.81,2.04,2025-03-14T11:54:33Z,2025-03-14,13fd7b3289472c13a5f03aa4a1891cdd_2.75
13fd7b3289472c13a5f03aa4a1891cdd,Servette,Yverdon Sport FC,2025-03-15T17:00:00Z,soccer_switzerland_superleague,Super League Switzerland,betsson,2.5,1.61,2.22,2025-03-14T11:54:34Z,2025-03-14,13fd7b3289472c13a5f03aa4a1891cdd_2.5
13fd7b3289472c13a5f03aa4a1891cdd,Servette,Yverdon Sport FC,2025-03-15T17:00:00Z,soccer_switzerland_superleague,Super League Switzerland,nordicbet,2.5,1.61,2.22,2025-03-14T11:54:34Z,2025-03-14,13fd7b3289472c13a5f03aa4a1891cdd_2.5
13fd7b3289472c13a5f03aa4a1891cdd,Servette,Yverdon Sport FC,2025-03-15T17:00:00Z,soccer_switzerland_superleague,Super League Switzerland,onexbet,2.5,1.64,2.25,2025-03-14T11:54:33Z,2025-03-14,13fd7b3289472c13a5f03aa4a1891cdd_2.5
13fd7b3289472c13a5f03aa4a1891cdd,Servette,Yverdon Sport FC,2025-03-15T17:00:00Z,soccer_switzerland_superleague,Super League Switzerland,coolbet,3.0,2.08,1.76,2025-03-14T11:54:35Z,2025-03-14,13fd7b3289472c13a5f03aa4a1891cdd_3.0
13fd7b3289472c13a5f03aa4a1891cdd,Servette,Yverdon Sport FC,2025-03-15T17:00:00Z,soccer_switzerland_superleague,Super League Switzerland,bovada,3.0,2.05,1.8,2025-03-14T11:54:33Z,2025-03-14,13fd7b3289472c13a5f03aa4a1891cdd_3.0
13fd7b3289472c13a5f03aa4a1891cdd,Servette,Yverdon Sport FC,2025-03-15T17:00:00Z,soccer_switzerland_superleague,Super League Switzerland,tipico_de,2.5,1.62,2.25,2025-03-14T11:54:35Z,2025-03-14,13fd7b3289472c13a5f03aa4a1891cdd_2.5
13fd7b3289472c13a5f03aa4a1891cdd,Servette,Yverdon Sport FC,2025-03-15T17:00:00Z,soccer_switzerland_superleague,Super League Switzerland,unibet,2.5,1.56,2.3,2025-03-14T11:54:34Z,2025-03-14,13fd7b3289472c13a5f03aa4a1891cdd_2.5
13fd7b3289472c13a5f03aa4a1891cdd,Servette,Yverdon Sport FC,2025-03-15T17:00:00Z,soccer_switzerland_superleague,Super League Switzerland,betrivers,2.5,1.56,2.3,2025-03-14T11:54:34Z,2025-03-14,13fd7b3289472c13a5f03aa4a1891cdd_2.5
13fd7b3289472c13a5f03aa4a1891cdd,Servette,Yverdon Sport FC,2025-03-15T17:00:00Z,soccer_switzerland_superleague,Super League Switzerland,unibet_eu,2.5,1.56,2.3,2025-03-14T11:54:34Z,2025-03-14,13fd7b3289472c13a5f03aa4a1891cdd_2.5
13fd7b3289472c13a5f03aa4a1891cdd,Servette,Yverdon Sport FC,2025-03-15T17:00:00Z,soccer_switzerland_superleague,Super League Switzerland,williamhill,2.5,1.62,2.2,2025-03-14T11:54:34Z,2025-03-14,13fd7b3289472c13a5f03aa4a1891cdd_2.5
13fd7b3289472c13a5f03aa4a1891cdd,Servette,Yverdon Sport FC,2025-03-15T17:00:00Z,soccer_switzerland_superleague,Super League Switzerland,betus,2.75,1.81,1.94,2025-03-14T11:54:34Z,2025-03-14,13fd7b3289472c13a5f03aa4a1891cdd_2.75
13fd7b3289472c13a5f03aa4a1891cdd,Servette,Yverdon Sport FC,2025-03-15T17:00:00Z,soccer_switzerland_superleague,Super League Switzerland,lowvig,2.75,1.82,2.02,2025-03-14T11:54:33Z,2025-03-14,13fd7b3289472c13a5f03aa4a1891cdd_2.75
13fd7b3289472c13a5f03aa4a1891cdd,Servette,Yverdon Sport FC,2025-03-15T17:00:00Z,soccer_switzerland_superleague,Super League Switzerland,betonlineag,2.75,1.82,2.02,2025-03-14T11:54:34Z,2025-03-14,13fd7b3289472c13a5f03aa4a1891cdd_2.75
11e509ca2e1bcf9ae99c3785d6422737,FC Zurich,FC Luzern,2025-03-15T19:30:00Z,soccer_switzerland_superleague,Super League Switzerland,pinnacle,2.75,1.87,1.97,2025-03-14T11:54:33Z,2025-03-14,11e509ca2e1bcf9ae99c3785d6422737_2.75
11e509ca2e1bcf9ae99c3785d6422737,FC Zurich,FC Luzern,2025-03-15T19:30:00Z,soccer_switzerland_superleague,Super League Switzerland,betsson,2.5,1.67,2.12,2025-03-14T11:54:34Z,2025-03-14,11e509ca2e1bcf9ae99c3785d6422737_2.5
11e509ca2e1bcf9ae99c3785d6422737,FC Zurich,FC Luzern,2025-03-15T19:30:00Z,soccer_switzerland_superleague,Super League Switzerland,nordicbet,2.5,1.67,2.12,2025-03-14T11:54:34Z,2025-03-14,11e509ca2e1bcf9ae99c3785d6422737_2.5
11e509ca2e1bcf9ae99c3785d6422737,FC Zurich,FC Luzern,2025-03-15T19:30:00Z,soccer_switzerland_superleague,Super League Switzerland,coolbet,3.0,2.15,1.71,2025-03-14T11:54:35Z,2025-03-14,11e509ca2e1bcf9ae99c3785d6422737_3.0
11e509ca2e1bcf9ae99c3785d6422737,FC Zurich,FC Luzern,2025-03-15T19:30:00Z,soccer_switzerland_superleague,Super League Switzerland,bovada,2.75,1.87,1.95,2025-03-14T11:54:33Z,2025-03-14,11e509ca2e1bcf9ae99c3785d6422737_2.75
11e509ca2e1bcf9ae99c3785d6422737,FC Zurich,FC Luzern,2025-03-15T19:30:00Z,soccer_switzerland_superleague,Super League Switzerland,tipico_de,2.5,1.67,2.15,2025-03-14T11:54:35Z,2025-03-14,11e509ca2e1bcf9ae99c3785d6422737_2.5
11e509ca2e1bcf9ae99c3785d6422737,FC Zurich,FC Luzern,2025-03-15T19:30:00Z,soccer_switzerland_superleague,Super League Switzerland,unibet,3.5,2.65,1.44,2025-03-14T11:54:34Z,2025-03-14,11e509ca2e1bcf9ae99c3785d6422737_3.5
11e509ca2e1bcf9ae99c3785d6422737,FC Zurich,FC Luzern,2025-03-15T19:30:00Z,soccer_switzerland_superleague,Super League Switzerland,betrivers,2.5,1.62,2.23,2025-03-14T11:54:34Z,2025-03-14,11e509ca2e1bcf9ae99c3785d6422737_2.5
11e509ca2e1bcf9ae99c3785d6422737,FC Zurich,FC Luzern,2025-03-15T19:30:00Z,soccer_switzerland_superleague,Super League Switzerland,unibet_eu,3.5,2.65,1.44,2025-03-14T11:54:34Z,2025-03-14,11e509ca2e1bcf9ae99c3785d6422737_3.5
11e509ca2e1bcf9ae99c3785d6422737,FC Zurich,FC Luzern,2025-03-15T19:30:00Z,soccer_switzerland_superleague,Super League Switzerland,betonlineag,2.75,1.88,1.93,2025-03-14T11:54:34Z,2025-03-14,11e509ca2e1bcf9ae99c3785d6422737_2.75
11e509ca2e1bcf9ae99c3785d6422737,FC Zurich,FC Luzern,2025-03-15T19:30:00Z,soccer_switzerland_superleague,Super League Switzerland,lowvig,2.75,1.88,1.93,2025-03-14T11:54:33Z,2025-03-14,11e509ca2e1bcf9ae99c3785d6422737_2.75
6923da87c55e0b825c8ad9b4c0368aff,Grasshopper Zürich,FC Sion,2025-03-16T13:15:00Z,soccer_switzerland_superleague,Super League Switzerland,betsson,2.5,2.14,1.66,2025-03-14T11:54:34Z,2025-03-14,6923da87c55e0b825c8ad9b4c0368aff_2.5
6923da87c55e0b825c8ad9b4c0368aff,Grasshopper Zürich,FC Sion,2025-03-16T13:15:00Z,soccer_switzerland_superleague,Super League Switzerland,coolbet,2.5,2.12,1.73,2025-03-14T11:54:35Z,2025-03-14,6923da87c55e0b825c8ad9b4c0368aff_2.5
6923da87c55e0b825c8ad9b4c0368aff,Grasshopper Zürich,FC Sion,2025-03-16T13:15:00Z,soccer_switzerland_superleague,Super League Switzerland,pinnacle,2.25,1.89,1.93,2025-03-14T11:54:33Z,2025-03-14,6923da87c55e0b825c8ad9b4c0368aff_2.25
6923da87c55e0b825c8ad9b4c0368aff,Grasshopper Zürich,FC Sion,2025-03-16T13:15:00Z,soccer_switzerland_superleague,Super League Switzerland,onexbet,2.5,2.16,1.69,2025-03-14T11:54:33Z,2025-03-14,6923da87c55e0b825c8ad9b4c0368aff_2.5
6923da87c55e0b825c8ad9b4c0368aff,Grasshopper Zürich,FC Sion,2025-03-16T13:15:00Z,soccer_switzerland_superleague,Super League Switzerland,nordicbet,2.5,2.14,1.66,2025-03-14T11:54:34Z,2025-03-14,6923da87c55e0b825c8ad9b4c0368aff_2.5
6923da87c55e0b825c8ad9b4c0368aff,Grasshopper Zürich,FC Sion,2025-03-16T13:15:00Z,soccer_switzerland_superleague,Super League Switzerland,bovada,2.25,1.91,1.91,2025-03-14T11:54:33Z,2025-03-14,6923da87c55e0b825c8ad9b4c0368aff_2.25
6923da87c55e0b825c8ad9b4c0368aff,Grasshopper Zürich,FC Sion,2025-03-16T13:15:00Z,soccer_switzerland_superleague,Super League Switzerland,tipico_de,2.5,2.1,1.7,2025-03-14T11:54:35Z,2025-03-14,6923da87c55e0b825c8ad9b4c0368aff_2.5
6923da87c55e0b825c8ad9b4c0368aff,Grasshopper Zürich,FC Sion,2025-03-16T13:15:00Z,soccer_switzerland_superleague,Super League Switzerland,unibet,2.5,2.1,1.68,2025-03-14T11:54:34Z,2025-03-14,6923da87c55e0b825c8ad9b4c0368aff_2.5
6923da87c55e0b825c8ad9b4c0368aff,Grasshopper Zürich,FC Sion,2025-03-16T13:15:00Z,soccer_switzerland_superleague,Super League Switzerland,betrivers,2.5,2.1,1.68,2025-03-14T11:54:34Z,2025-03-14,6923da87c55e0b825c8ad9b4c0368aff_2.5
6923da87c55e0b825c8ad9b4c0368aff,Grasshopper Zürich,FC Sion,2025-03-16T13:15:00Z,soccer_switzerland_superleague,Super League Switzerland,unibet_eu,2.5,2.1,1.68,2025-03-14T11:54:34Z,2025-03-14,6923da87c55e0b825c8ad9b4c0368aff_2.5
6923da87c55e0b825c8ad9b4c0368aff,Grasshopper Zürich,FC Sion,2025-03-16T13:15:00Z,soccer_switzerland_superleague,Super League Switzerland,williamhill,2.5,2.15,1.65,2025-03-14T11:54:34Z,2025-03-14,6923da87c55e0b825c8ad9b4c0368aff_2.5
6923da87c55e0b825c8ad9b4c0368aff,Grasshopper Zürich,FC Sion,2025-03-16T13:15:00Z,soccer_switzerland_superleague,Super League Switzerland,betus,2.25,1.89,1.87,2025-03-14T11:54:34Z,2025-03-14,6923da87c55e0b825c8ad9b4c0368aff_2.25
6923da87c55e0b825c8ad9b4c0368aff,Grasshopper Zürich,FC Sion,2025-03-16T13:15:00Z,soccer_switzerland_superleague,Super League Switzerland,betonlineag,2.25,1.93,1.89,2025-03-14T11:54:34Z,2025-03-14,6923da87c55e0b825c8ad9b4c0368aff_2.25
6923da87c55e0b825c8ad9b4c0368aff,Grasshopper Zürich,FC Sion,2025-03-16T13:15:00Z,soccer_switzerland_superleague,Super League Switzerland,lowvig,2.25,1.93,1.89,2025-03-14T11:54:33Z,2025-03-14,6923da87c55e0b825c8ad9b4c0368aff_2.25
6609875651e79e655d3380f77ecd9215,Radomiak Radom,Lechia Gdańsk,2025-03-14T17:00:00Z,soccer_poland_ekstraklasa,Ekstraklasa,pinnacle,2.75,1.96,1.91,2025-03-14T11:54:07Z,2025-03-14,6609875651e79e655d3380f77ecd9215_2.75
6609875651e79e655d3380f77ecd9215,Radomiak Radom,Lechia Gdańsk,2025-03-14T17:00:00Z,soccer_poland_ekstraklasa,Ekstraklasa,nordicbet,2.5,1.72,2.05,2025-03-14T11:54:09Z,2025-03-14,6609875651e79e655d3380f77ecd9215_2.5
6609875651e79e655d3380f77ecd9215,Radomiak Radom,Lechia Gdańsk,2025-03-14T17:00:00Z,soccer_poland_ekstraklasa,Ekstraklasa,betsson,2.5,1.72,2.05,2025-03-14T11:54:08Z,2025-03-14,6609875651e79e655d3380f77ecd9215_2.5
6609875651e79e655d3380f77ecd9215,Radomiak Radom,Lechia Gdańsk,2025-03-14T17:00:00Z,soccer_poland_ekstraklasa,Ekstraklasa,onexbet,2.5,1.72,2.08,2025-03-14T11:54:07Z,2025-03-14,6609875651e79e655d3380f77ecd9215_2.5
6609875651e79e655d3380f77ecd9215,Radomiak Radom,Lechia Gdańsk,2025-03-14T17:00:00Z,soccer_poland_ekstraklasa,Ekstraklasa,betrivers,2.5,1.7,2.05,2025-03-14T11:54:07Z,2025-03-14,6609875651e79e655d3380f77ecd9215_2.5
6609875651e79e655d3380f77ecd9215,Radomiak Radom,Lechia Gdańsk,2025-03-14T17:00:00Z,soccer_poland_ekstraklasa,Ekstraklasa,unibet,2.5,1.7,2.05,2025-03-14T11:54:07Z,2025-03-14,6609875651e79e655d3380f77ecd9215_2.5
6609875651e79e655d3380f77ecd9215,Radomiak Radom,Lechia Gdańsk,2025-03-14T17:00:00Z,soccer_poland_ekstraklasa,Ekstraklasa,unibet_eu,2.5,1.7,2.05,2025-03-14T11:54:08Z,2025-03-14,6609875651e79e655d3380f77ecd9215_2.5
6609875651e79e655d3380f77ecd9215,Radomiak Radom,Lechia Gdańsk,2025-03-14T17:00:00Z,soccer_poland_ekstraklasa,Ekstraklasa,coolbet,2.5,1.73,2.07,2025-03-14T11:54:08Z,2025-03-14,6609875651e79e655d3380f77ecd9215_2.5
6609875651e79e655d3380f77ecd9215,Radomiak Radom,Lechia Gdańsk,2025-03-14T17:00:00Z,soccer_poland_ekstraklasa,Ekstraklasa,bovada,2.75,1.95,1.87,2025-03-14T11:54:07Z,2025-03-14,6609875651e79e655d3380f77ecd9215_2.75
6609875651e79e655d3380f77ecd9215,Radomiak Radom,Lechia Gdańsk,2025-03-14T17:00:00Z,soccer_poland_ekstraklasa,Ekstraklasa,tipico_de,2.5,1.7,2.0,2025-03-14T11:54:09Z,2025-03-14,6609875651e79e655d3380f77ecd9215_2.5
6609875651e79e655d3380f77ecd9215,Radomiak Radom,Lechia Gdańsk,2025-03-14T17:00:00Z,soccer_poland_ekstraklasa,Ekstraklasa,betus,2.75,1.87,1.88,2025-03-14T11:54:08Z,2025-03-14,6609875651e79e655d3380f77ecd9215_2.75
6609875651e79e655d3380f77ecd9215,Radomiak Radom,Lechia Gdańsk,2025-03-14T17:00:00Z,soccer_poland_ekstraklasa,Ekstraklasa,playup,2.5,1.75,2.02,2025-03-14T11:54:07Z,2025-03-14,6609875651e79e655d3380f77ecd9215_2.5
6609875651e79e655d3380f77ecd9215,Radomiak Radom,Lechia Gdańsk,2025-03-14T17:00:00Z,soccer_poland_ekstraklasa,Ekstraklasa,lowvig,2.75,1.93,1.89,2025-03-14T11:54:07Z,2025-03-14,6609875651e79e655d3380f77ecd9215_2.75
6609875651e79e655d3380f77ecd9215,Radomiak Radom,Lechia Gdańsk,2025-03-14T17:00:00Z,soccer_poland_ekstraklasa,Ekstraklasa,betonlineag,2.75,1.93,1.88,2025-03-14T11:52:34Z,2025-03-14,6609875651e79e655d3380f77ecd9215_2.75
6609875651e79e655d3380f77ecd9215,Radomiak Radom,Lechia Gdańsk,2025-03-14T17:00:00Z,soccer_poland_ekstraklasa,Ekstraklasa,matchbook,2.5,1.8,2.18,2025-03-14T11:54:07Z,2025-03-14,6609875651e79e655d3380f77ecd9215_2.5
603b7a362a11d6ed0c4f8100355d0679,Pogoń Szczecin,Cracovia Kraków,2025-03-14T19:30:00Z,soccer_poland_ekstraklasa,Ekstraklasa,pinnacle,2.75,2.03,1.85,2025-03-14T11:54:07Z,2025-03-14,603b7a362a11d6ed0c4f8100355d0679_2.75
603b7a362a11d6ed0c4f8100355d0679,Pogoń Szczecin,Cracovia Kraków,2025-03-14T19:30:00Z,soccer_poland_ekstraklasa,Ekstraklasa,nordicbet,2.5,1.79,1.96,2025-03-14T11:54:09Z,2025-03-14,603b7a362a11d6ed0c4f8100355d0679_2.5
603b7a362a11d6ed0c4f8100355d0679,Pogoń Szczecin,Cracovia Kraków,2025-03-14T19:30:00Z,soccer_poland_ekstraklasa,Ekstraklasa,betsson,2.5,1.79,1.96,2025-03-14T11:54:08Z,2025-03-14,603b7a362a11d6ed0c4f8100355d0679_2.5
603b7a362a11d6ed0c4f8100355d0679,Pogoń Szczecin,Cracovia Kraków,2025-03-14T19:30:00Z,soccer_poland_ekstraklasa,Ekstraklasa,onexbet,2.5,1.78,2.0,2025-03-14T11:54:07Z,2025-03-14,603b7a362a11d6ed0c4f8100355d0679_2.5
603b7a362a11d6ed0c4f8100355d0679,Pogoń Szczecin,Cracovia Kraków,2025-03-14T19:30:00Z,soccer_poland_ekstraklasa,Ekstraklasa,bovada,2.5,1.82,2.02,2025-03-14T11:54:07Z,2025-03-14,603b7a362a11d6ed0c4f8100355d0679_2.5
603b7a362a11d6ed0c4f8100355d0679,Pogoń Szczecin,Cracovia Kraków,2025-03-14T19:30:00Z,soccer_poland_ekstraklasa,Ekstraklasa,coolbet,2.5,1.82,1.96,2025-03-14T11:54:08Z,2025-03-14,603b7a362a11d6ed0c4f8100355d0679_2.5
603b7a362a11d6ed0c4f8100355d0679,Pogoń Szczecin,Cracovia Kraków,2025-03-14T19:30:00Z,soccer_poland_ekstraklasa,Ekstraklasa,tipico_de,2.5,1.75,1.95,2025-03-14T11:54:09Z,2025-03-14,603b7a362a11d6ed0c4f8100355d0679_2.5
603b7a362a11d6ed0c4f8100355d0679,Pogoń Szczecin,Cracovia Kraków,2025-03-14T19:30:00Z,soccer_poland_ekstraklasa,Ekstraklasa,betrivers,2.5,1.85,1.85,2025-03-14T11:54:07Z,2025-03-14,603b7a362a11d6ed0c4f8100355d0679_2.5
603b7a362a11d6ed0c4f8100355d0679,Pogoń Szczecin,Cracovia Kraków,2025-03-14T19:30:00Z,soccer_poland_ekstraklasa,Ekstraklasa,unibet,2.5,1.85,1.85,2025-03-14T11:54:07Z,2025-03-14,603b7a362a11d6ed0c4f8100355d0679_2.5
603b7a362a11d6ed0c4f8100355d0679,Pogoń Szczecin,Cracovia Kraków,2025-03-14T19:30:00Z,soccer_poland_ekstraklasa,Ekstraklasa,unibet_eu,2.5,1.85,1.85,2025-03-14T11:54:08Z,2025-03-14,603b7a362a11d6ed0c4f8100355d0679_2.5
603b7a362a11d6ed0c4f8100355d0679,Pogoń Szczecin,Cracovia Kraków,2025-03-14T19:30:00Z,soccer_poland_ekstraklasa,Ekstraklasa,betus,2.75,1.89,1.85,2025-03-14T11:54:08Z,2025-03-14,603b7a362a11d6ed0c4f8100355d0679_2.75
603b7a362a11d6ed0c4f8100355d0679,Pogoń Szczecin,Cracovia Kraków,2025-03-14T19:30:00Z,soccer_poland_ekstraklasa,Ekstraklasa,playup,2.5,1.77,1.98,2025-03-14T11:54:07Z,2025-03-14,603b7a362a11d6ed0c4f8100355d0679_2.5
603b7a362a11d6ed0c4f8100355d0679,Pogoń Szczecin,Cracovia Kraków,2025-03-14T19:30:00Z,soccer_poland_ekstraklasa,Ekstraklasa,betonlineag,2.75,2.0,1.83,2025-03-14T11:52:34Z,2025-03-14,603b7a362a11d6ed0c4f8100355d0679_2.75
603b7a362a11d6ed0c4f8100355d0679,Pogoń Szczecin,Cracovia Kraków,2025-03-14T19:30:00Z,soccer_poland_ekstraklasa,Ekstraklasa,lowvig,2.75,2.0,1.83,2025-03-14T11:54:07Z,2025-03-14,603b7a362a11d6ed0c4f8100355d0679_2.75
603b7a362a11d6ed0c4f8100355d0679,Pogoń Szczecin,Cracovia Kraków,2025-03-14T19:30:00Z,soccer_poland_ekstraklasa,Ekstraklasa,matchbook,2.5,1.87,2.1,2025-03-14T11:54:07Z,2025-03-14,603b7a362a11d6ed0c4f8100355d0679_2.5
3e536d30ddc72402b2dfb0e1963a8595,Stal Mielec,Śląsk Wrocław,2025-03-15T13:45:00Z,soccer_poland_ekstraklasa,Ekstraklasa,nordicbet,2.5,1.95,1.79,2025-03-14T11:54:09Z,2025-03-14,3e536d30ddc72402b2dfb0e1963a8595_2.5
3e536d30ddc72402b2dfb0e1963a8595,Stal Mielec,Śląsk Wrocław,2025-03-15T13:45:00Z,soccer_poland_ekstraklasa,Ekstraklasa,betsson,2.5,1.95,1.79,2025-03-14T11:54:08Z,2025-03-14,3e536d30ddc72402b2dfb0e1963a8595_2.5
3e536d30ddc72402b2dfb0e1963a8595,Stal Mielec,Śląsk Wrocław,2025-03-15T13:45:00Z,soccer_poland_ekstraklasa,Ekstraklasa,pinnacle,2.5,2.01,1.83,2025-03-14T11:54:07Z,2025-03-14,3e536d30ddc72402b2dfb0e1963a8595_2.5
3e536d30ddc72402b2dfb0e1963a8595,Stal Mielec,Śląsk Wrocław,2025-03-15T13:45:00Z,soccer_poland_ekstraklasa,Ekstraklasa,onexbet,2.5,1.96,1.81,2025-03-14T11:54:07Z,2025-03-14,3e536d30ddc72402b2dfb0e1963a8595_2.5
3e536d30ddc72402b2dfb0e1963a8595,Stal Mielec,Śląsk Wrocław,2025-03-15T13:45:00Z,soccer_poland_ekstraklasa,Ekstraklasa,bovada,2.5,2.0,1.83,2025-03-14T11:54:07Z,2025-03-14,3e536d30ddc72402b2dfb0e1963a8595_2.5
3e536d30ddc72402b2dfb0e1963a8595,Stal Mielec,Śląsk Wrocław,2025-03-15T13:45:00Z,soccer_poland_ekstraklasa,Ekstraklasa,betrivers,2.5,1.92,1.8,2025-03-14T11:54:07Z,2025-03-14,3e536d30ddc72402b2dfb0e1963a8595_2.5
3e536d30ddc72402b2dfb0e1963a8595,Stal Mielec,Śląsk Wrocław,2025-03-15T13:45:00Z,soccer_poland_ekstraklasa,Ekstraklasa,unibet,2.5,1.92,1.8,2025-03-14T11:54:07Z,2025-03-14,3e536d30ddc72402b2dfb0e1963a8595_2.5
3e536d30ddc72402b2dfb0e1963a8595,Stal Mielec,Śląsk Wrocław,2025-03-15T13:45:00Z,soccer_poland_ekstraklasa,Ekstraklasa,unibet_eu,2.5,1.92,1.8,2025-03-14T11:54:08Z,2025-03-14,3e536d30ddc72402b2dfb0e1963a8595_2.5
3e536d30ddc72402b2dfb0e1963a8595,Stal Mielec,Śląsk Wrocław,2025-03-15T13:45:00Z,soccer_poland_ekstraklasa,Ekstraklasa,tipico_de,2.5,1.9,1.8,2025-03-14T11:54:09Z,2025-03-14,3e536d30ddc72402b2dfb0e1963a8595_2.5
3e536d30ddc72402b2dfb0e1963a8595,Stal Mielec,Śląsk Wrocław,2025-03-15T13:45:00Z,soccer_poland_ekstraklasa,Ekstraklasa,coolbet,2.5,1.98,1.8,2025-03-14T11:54:08Z,2025-03-14,3e536d30ddc72402b2dfb0e1963a8595_2.5
3e536d30ddc72402b2dfb0e1963a8595,Stal Mielec,Śląsk Wrocław,2025-03-15T13:45:00Z,soccer_poland_ekstraklasa,Ekstraklasa,betus,2.5,1.91,1.83,2025-03-14T11:54:08Z,2025-03-14,3e536d30ddc72402b2dfb0e1963a8595_2.5
3e536d30ddc72402b2dfb0e1963a8595,Stal Mielec,Śląsk Wrocław,2025-03-15T13:45:00Z,soccer_poland_ekstraklasa,Ekstraklasa,playup,2.5,1.95,1.77,2025-03-14T11:54:07Z,2025-03-14,3e536d30ddc72402b2dfb0e1963a8595_2.5
3e536d30ddc72402b2dfb0e1963a8595,Stal Mielec,Śląsk Wrocław,2025-03-15T13:45:00Z,soccer_poland_ekstraklasa,Ekstraklasa,lowvig,2.5,2.01,1.83,2025-03-14T11:54:07Z,2025-03-14,3e536d30ddc72402b2dfb0e1963a8595_2.5
3e536d30ddc72402b2dfb0e1963a8595,Stal Mielec,Śląsk Wrocław,2025-03-15T13:45:00Z,soccer_poland_ekstraklasa,Ekstraklasa,betonlineag,2.5,2.01,1.83,2025-03-14T11:52:34Z,2025-03-14,3e536d30ddc72402b2dfb0e1963a8595_2.5
28c6c5191fc261db3967fa05b660e3d0,Górnik Zabrze,Motor Lublin,2025-03-15T16:30:00Z,soccer_poland_ekstraklasa,Ekstraklasa,pinnacle,2.75,1.96,1.88,2025-03-14T11:54:07Z,2025-03-14,28c6c5191fc261db3967fa05b660e3d0_2.75
28c6c5191fc261db3967fa05b660e3d0,Górnik Zabrze,Motor Lublin,2025-03-15T16:30:00Z,soccer_poland_ekstraklasa,Ekstraklasa,onexbet,2.5,1.74,2.05,2025-03-14T11:54:07Z,2025-03-14,28c6c5191fc261db3967fa05b660e3d0_2.5
28c6c5191fc261db3967fa05b660e3d0,Górnik Zabrze,Motor Lublin,2025-03-15T16:30:00Z,soccer_poland_ekstraklasa,Ekstraklasa,nordicbet,2.5,1.74,2.02,2025-03-14T11:54:09Z,2025-03-14,28c6c5191fc261db3967fa05b660e3d0_2.5
28c6c5191fc261db3967fa05b660e3d0,Górnik Zabrze,Motor Lublin,2025-03-15T16:30:00Z,soccer_poland_ekstraklasa,Ekstraklasa,bovada,2.75,1.98,1.85,2025-03-14T11:54:07Z,2025-03-14,28c6c5191fc261db3967fa05b660e3d0_2.75
28c6c5191fc261db3967fa05b660e3d0,Górnik Zabrze,Motor Lublin,2025-03-15T16:30:00Z,soccer_poland_ekstraklasa,Ekstraklasa,betsson,2.5,1.74,2.02,2025-03-14T11:54:08Z,2025-03-14,28c6c5191fc261db3967fa05b660e3d0_2.5
28c6c5191fc261db3967fa05b660e3d0,Górnik Zabrze,Motor Lublin,2025-03-15T16:30:00Z,soccer_poland_ekstraklasa,Ekstraklasa,coolbet,2.5,1.76,2.03,2025-03-14T11:54:08Z,2025-03-14,28c6c5191fc261db3967fa05b660e3d0_2.5
28c6c5191fc261db3967fa05b660e3d0,Górnik Zabrze,Motor Lublin,2025-03-15T16:30:00Z,soccer_poland_ekstraklasa,Ekstraklasa,tipico_de,2.5,1.67,2.05,2025-03-14T11:54:09Z,2025-03-14,28c6c5191fc261db3967fa05b660e3d0_2.5
28c6c5191fc261db3967fa05b660e3d0,Górnik Zabrze,Motor Lublin,2025-03-15T16:30:00Z,soccer_poland_ekstraklasa,Ekstraklasa,betrivers,2.5,1.81,1.91,2025-03-14T11:54:07Z,2025-03-14,28c6c5191fc261db3967fa05b660e3d0_2.5
28c6c5191fc261db3967fa05b660e3d0,Górnik Zabrze,Motor Lublin,2025-03-15T16:30:00Z,soccer_poland_ekstraklasa,Ekstraklasa,unibet,2.5,1.81,1.91,2025-03-14T11:54:07Z,2025-03-14,28c6c5191fc261db3967fa05b660e3d0_2.5
28c6c5191fc261db3967fa05b660e3d0,Górnik Zabrze,Motor Lublin,2025-03-15T16:30:00Z,soccer_poland_ekstraklasa,Ekstraklasa,unibet_eu,2.5,1.81,1.91,2025-03-14T11:54:08Z,2025-03-14,28c6c5191fc261db3967fa05b660e3d0_2.5
28c6c5191fc261db3967fa05b660e3d0,Górnik Zabrze,Motor Lublin,2025-03-15T16:30:00Z,soccer_poland_ekstraklasa,Ekstraklasa,betus,2.75,1.87,1.88,2025-03-14T11:54:08Z,2025-03-14,28c6c5191fc261db3967fa05b660e3d0_2.75
28c6c5191fc261db3967fa05b660e3d0,Górnik Zabrze,Motor Lublin,2025-03-15T16:30:00Z,soccer_poland_ekstraklasa,Ekstraklasa,playup,2.5,1.7,2.02,2025-03-14T11:54:07Z,2025-03-14,28c6c5191fc261db3967fa05b660e3d0_2.5
28c6c5191fc261db3967fa05b660e3d0,Górnik Zabrze,Motor Lublin,2025-03-15T16:30:00Z,soccer_poland_ekstraklasa,Ekstraklasa,lowvig,2.5,1.78,2.09,2025-03-14T11:54:07Z,2025-03-14,28c6c5191fc261db3967fa05b660e3d0_2.5
28c6c5191fc261db3967fa05b660e3d0,Górnik Zabrze,Motor Lublin,2025-03-15T16:30:00Z,soccer_poland_ekstraklasa,Ekstraklasa,betonlineag,2.5,1.78,2.09,2025-03-14T11:52:34Z,2025-03-14,28c6c5191fc261db3967fa05b660e3d0_2.5
1ace42324d16dfe59bbf4d2109e86567,Widzew Łódź,GKS Katowice,2025-03-15T19:15:00Z,soccer_poland_ekstraklasa,Ekstraklasa,onexbet,2.5,1.81,1.96,2025-03-14T11:54:07Z,2025-03-14,1ace42324d16dfe59bbf4d2109e86567_2.5
1ace42324d16dfe59bbf4d2109e86567,Widzew Łódź,GKS Katowice,2025-03-15T19:15:00Z,soccer_poland_ekstraklasa,Ekstraklasa,nordicbet,2.5,1.81,1.94,2025-03-14T11:54:09Z,2025-03-14,1ace42324d16dfe59bbf4d2109e86567_2.5
1ace42324d16dfe59bbf4d2109e86567,Widzew Łódź,GKS Katowice,2025-03-15T19:15:00Z,soccer_poland_ekstraklasa,Ekstraklasa,betsson,2.5,1.81,1.94,2025-03-14T11:54:08Z,2025-03-14,1ace42324d16dfe59bbf4d2109e86567_2.5
1ace42324d16dfe59bbf4d2109e86567,Widzew Łódź,GKS Katowice,2025-03-15T19:15:00Z,soccer_poland_ekstraklasa,Ekstraklasa,pinnacle,2.5,1.83,2.01,2025-03-14T11:54:07Z,2025-03-14,1ace42324d16dfe59bbf4d2109e86567_2.5
1ace42324d16dfe59bbf4d2109e86567,Widzew Łódź,GKS Katowice,2025-03-15T19:15:00Z,soccer_poland_ekstraklasa,Ekstraklasa,bovada,2.5,1.85,1.98,2025-03-14T11:54:07Z,2025-03-14,1ace42324d16dfe59bbf4d2109e86567_2.5
1ace42324d16dfe59bbf4d2109e86567,Widzew Łódź,GKS Katowice,2025-03-15T19:15:00Z,soccer_poland_ekstraklasa,Ekstraklasa,tipico_de,2.5,1.75,1.93,2025-03-14T11:54:09Z,2025-03-14,1ace42324d16dfe59bbf4d2109e86567_2.5
1ace42324d16dfe59bbf4d2109e86567,Widzew Łódź,GKS Katowice,2025-03-15T19:15:00Z,soccer_poland_ekstraklasa,Ekstraklasa,betrivers,2.5,1.78,1.93,2025-03-14T11:54:07Z,2025-03-14,1ace42324d16dfe59bbf4d2109e86567_2.5
1ace42324d16dfe59bbf4d2109e86567,Widzew Łódź,GKS Katowice,2025-03-15T19:15:00Z,soccer_poland_ekstraklasa,Ekstraklasa,unibet,2.5,1.78,1.93,2025-03-14T11:54:07Z,2025-03-14,1ace42324d16dfe59bbf4d2109e86567_2.5
1ace42324d16dfe59bbf4d2109e86567,Widzew Łódź,GKS Katowice,2025-03-15T19:15:00Z,soccer_poland_ekstraklasa,Ekstraklasa,unibet_eu,2.5,1.78,1.93,2025-03-14T11:54:08Z,2025-03-14,1ace42324d16dfe59bbf4d2109e86567_2.5
1ace42324d16dfe59bbf4d2109e86567,Widzew Łódź,GKS Katowice,2025-03-15T19:15:00Z,soccer_poland_ekstraklasa,Ekstraklasa,coolbet,2.5,1.82,1.96,2025-03-14T11:54:08Z,2025-03-14,1ace42324d16dfe59bbf4d2109e86567_2.5
1ace42324d16dfe59bbf4d2109e86567,Widzew Łódź,GKS Katowice,2025-03-15T19:15:00Z,soccer_poland_ekstraklasa,Ekstraklasa,betus,2.5,1.83,1.91,2025-03-14T11:54:08Z,2025-03-14,1ace42324d16dfe59bbf4d2109e86567_2.5
1ace42324d16dfe59bbf4d2109e86567,Widzew Łódź,GKS Katowice,2025-03-15T19:15:00Z,soccer_poland_ekstraklasa,Ekstraklasa,playup,2.5,1.82,1.88,2025-03-14T11:54:07Z,2025-03-14,1ace42324d16dfe59bbf4d2109e86567_2.5
1ace42324d16dfe59bbf4d2109e86567,Widzew Łódź,GKS Katowice,2025-03-15T19:15:00Z,soccer_poland_ekstraklasa,Ekstraklasa,lowvig,2.5,1.86,1.96,2025-03-14T11:54:07Z,2025-03-14,1ace42324d16dfe59bbf4d2109e86567_2.5
1ace42324d16dfe59bbf4d2109e86567,Widzew Łódź,GKS Katowice,2025-03-15T19:15:00Z,soccer_poland_ekstraklasa,Ekstraklasa,betonlineag,2.5,1.86,1.96,2025-03-14T11:52:34Z,2025-03-14,1ace42324d16dfe59bbf4d2109e86567_2.5
67de19334de93b70e496062d498494b5,Puszcza Niepołomice,Piast Gliwice,2025-03-16T11:15:00Z,soccer_poland_ekstraklasa,Ekstraklasa,nordicbet,2.5,2.41,1.53,2025-03-14T11:54:09Z,2025-03-14,67de19334de93b70e496062d498494b5_2.5
67de19334de93b70e496062d498494b5,Puszcza Niepołomice,Piast Gliwice,2025-03-16T11:15:00Z,soccer_poland_ekstraklasa,Ekstraklasa,betsson,2.5,2.41,1.53,2025-03-14T11:54:08Z,2025-03-14,67de19334de93b70e496062d498494b5_2.5
67de19334de93b70e496062d498494b5,Puszcza Niepołomice,Piast Gliwice,2025-03-16T11:15:00Z,soccer_poland_ekstraklasa,Ekstraklasa,pinnacle,2.0,1.83,2.0,2025-03-14T11:54:07Z,2025-03-14,67de19334de93b70e496062d498494b5_2.0
67de19334de93b70e496062d498494b5,Puszcza Niepołomice,Piast Gliwice,2025-03-16T11:15:00Z,soccer_poland_ekstraklasa,Ekstraklasa,onexbet,2.5,2.44,1.53,2025-03-14T11:54:07Z,2025-03-14,67de19334de93b70e496062d498494b5_2.5
67de19334de93b70e496062d498494b5,Puszcza Niepołomice,Piast Gliwice,2025-03-16T11:15:00Z,soccer_poland_ekstraklasa,Ekstraklasa,bovada,2.0,1.85,1.98,2025-03-14T11:54:07Z,2025-03-14,67de19334de93b70e496062d498494b5_2.0
67de19334de93b70e496062d498494b5,Puszcza Niepołomice,Piast Gliwice,2025-03-16T11:15:00Z,soccer_poland_ekstraklasa,Ekstraklasa,tipico_de,2.5,2.35,1.52,2025-03-14T11:54:09Z,2025-03-14,67de19334de93b70e496062d498494b5_2.5
67de19334de93b70e496062d498494b5,Puszcza Niepołomice,Piast Gliwice,2025-03-16T11:15:00Z,soccer_poland_ekstraklasa,Ekstraklasa,betrivers,1.5,1.47,2.55,2025-03-14T11:54:07Z,2025-03-14,67de19334de93b70e496062d498494b5_1.5
67de19334de93b70e496062d498494b5,Puszcza Niepołomice,Piast Gliwice,2025-03-16T11:15:00Z,soccer_poland_ekstraklasa,Ekstraklasa,unibet_eu,2.5,2.55,1.45,2025-03-14T11:54:08Z,2025-03-14,67de19334de93b70e496062d498494b5_2.5
67de19334de93b70e496062d498494b5,Puszcza Niepołomice,Piast Gliwice,2025-03-16T11:15:00Z,soccer_poland_ekstraklasa,Ekstraklasa,unibet,2.5,2.55,1.45,2025-03-14T11:54:07Z,2025-03-14,67de19334de93b70e496062d498494b5_2.5
67de19334de93b70e496062d498494b5,Puszcza Niepołomice,Piast Gliwice,2025-03-16T11:15:00Z,soccer_poland_ekstraklasa,Ekstraklasa,coolbet,2.0,1.85,1.93,2025-03-14T11:54:08Z,2025-03-14,67de19334de93b70e496062d498494b5_2.0
67de19334de93b70e496062d498494b5,Puszcza Niepołomice,Piast Gliwice,2025-03-16T11:15:00Z,soccer_poland_ekstraklasa,Ekstraklasa,playup,2.5,2.35,1.52,2025-03-14T11:54:07Z,2025-03-14,67de19334de93b70e496062d498494b5_2.5
67de19334de93b70e496062d498494b5,Puszcza Niepołomice,Piast Gliwice,2025-03-16T11:15:00Z,soccer_poland_ekstraklasa,Ekstraklasa,betus,2.0,1.83,1.92,2025-03-14T11:54:08Z,2025-03-14,67de19334de93b70e496062d498494b5_2.0
67de19334de93b70e496062d498494b5,Puszcza Niepołomice,Piast Gliwice,2025-03-16T11:15:00Z,soccer_poland_ekstraklasa,Ekstraklasa,lowvig,2.0,1.85,1.98,2025-03-14T11:54:07Z,2025-03-14,67de19334de93b70e496062d498494b5_2.0
67de19334de93b70e496062d498494b5,Puszcza Niepołomice,Piast Gliwice,2025-03-16T11:15:00Z,soccer_poland_ekstraklasa,Ekstraklasa,betonlineag,2.0,1.85,1.98,2025-03-14T11:52:34Z,2025-03-14,67de19334de93b70e496062d498494b5_2.0
1caebd0dc504749dafa493bda2e0e279,Zagłębie Lubin,Korona Kielce,2025-03-16T13:45:00Z,soccer_poland_ekstraklasa,Ekstraklasa,pinnacle,2.25,1.81,2.01,2025-03-14T11:54:07Z,2025-03-14,1caebd0dc504749dafa493bda2e0e279_2.25
1caebd0dc504749dafa493bda2e0e279,Zagłębie Lubin,Korona Kielce,2025-03-16T13:45:00Z,soccer_poland_ekstraklasa,Ekstraklasa,nordicbet,2.5,2.05,1.72,2025-03-14T11:54:09Z,2025-03-14,1caebd0dc504749dafa493bda2e0e279_2.5
1caebd0dc504749dafa493bda2e0e279,Zagłębie Lubin,Korona Kielce,2025-03-16T13:45:00Z,soccer_poland_ekstraklasa,Ekstraklasa,betsson,2.5,2.05,1.72,2025-03-14T11:54:08Z,2025-03-14,1caebd0dc504749dafa493bda2e0e279_2.5
1caebd0dc504749dafa493bda2e0e279,Zagłębie Lubin,Korona Kielce,2025-03-16T13:45:00Z,soccer_poland_ekstraklasa,Ekstraklasa,onexbet,2.5,2.04,1.75,2025-03-14T11:54:07Z,2025-03-14,1caebd0dc504749dafa493bda2e0e279_2.5
1caebd0dc504749dafa493bda2e0e279,Zagłębie Lubin,Korona Kielce,2025-03-16T13:45:00Z,soccer_poland_ekstraklasa,Ekstraklasa,bovada,2.25,1.85,1.98,2025-03-14T11:54:07Z,2025-03-14,1caebd0dc504749dafa493bda2e0e279_2.25
1caebd0dc504749dafa493bda2e0e279,Zagłębie Lubin,Korona Kielce,2025-03-16T13:45:00Z,soccer_poland_ekstraklasa,Ekstraklasa,tipico_de,2.5,1.95,1.75,2025-03-14T11:54:09Z,2025-03-14,1caebd0dc504749dafa493bda2e0e279_2.5
1caebd0dc504749dafa493bda2e0e279,Zagłębie Lubin,Korona Kielce,2025-03-16T13:45:00Z,soccer_poland_ekstraklasa,Ekstraklasa,betrivers,2.5,2.05,1.7,2025-03-14T11:54:07Z,2025-03-14,1caebd0dc504749dafa493bda2e0e279_2.5
1caebd0dc504749dafa493bda2e0e279,Zagłębie Lubin,Korona Kielce,2025-03-16T13:45:00Z,soccer_poland_ekstraklasa,Ekstraklasa,unibet,2.5,2.05,1.7,2025-03-14T11:54:07Z,2025-03-14,1caebd0dc504749dafa493bda2e0e279_2.5
1caebd0dc504749dafa493bda2e0e279,Zagłębie Lubin,Korona Kielce,2025-03-16T13:45:00Z,soccer_poland_ekstraklasa,Ekstraklasa,unibet_eu,2.5,2.05,1.7,2025-03-14T11:54:08Z,2025-03-14,1caebd0dc504749dafa493bda2e0e279_2.5
1caebd0dc504749dafa493bda2e0e279,Zagłębie Lubin,Korona Kielce,2025-03-16T13:45:00Z,soccer_poland_ekstraklasa,Ekstraklasa,coolbet,2.5,2.06,1.74,2025-03-14T11:54:08Z,2025-03-14,1caebd0dc504749dafa493bda2e0e279_2.5
1caebd0dc504749dafa493bda2e0e279,Zagłębie Lubin,Korona Kielce,2025-03-16T13:45:00Z,soccer_poland_ekstraklasa,Ekstraklasa,betus,2.25,1.81,1.93,2025-03-14T11:54:08Z,2025-03-14,1caebd0dc504749dafa493bda2e0e279_2.25
1caebd0dc504749dafa493bda2e0e279,Zagłębie Lubin,Korona Kielce,2025-03-16T13:45:00Z,soccer_poland_ekstraklasa,Ekstraklasa,playup,2.5,1.98,1.75,2025-03-14T11:54:07Z,2025-03-14,1caebd0dc504749dafa493bda2e0e279_2.5
1caebd0dc504749dafa493bda2e0e279,Zagłębie Lubin,Korona Kielce,2025-03-16T13:45:00Z,soccer_poland_ekstraklasa,Ekstraklasa,lowvig,2.25,1.85,1.98,2025-03-14T11:54:07Z,2025-03-14,1caebd0dc504749dafa493bda2e0e279_2.25
1caebd0dc504749dafa493bda2e0e279,Zagłębie Lubin,Korona Kielce,2025-03-16T13:45:00Z,soccer_poland_ekstraklasa,Ekstraklasa,betonlineag,2.25,1.85,1.98,2025-03-14T11:52:34Z,2025-03-14,1caebd0dc504749dafa493bda2e0e279_2.25
bcc72f19a5082b5ab850e07881d3f2bc,St Johnstone,Aberdeen,2025-03-15T15:00:00Z,soccer_spl,Scottish Premiership,onexbet,2.5,1.97,1.83,2025-03-14T11:55:13Z,2025-03-14,bcc72f19a5082b5ab850e07881d3f2bc_2.5
bcc72f19a5082b5ab850e07881d3f2bc,St Johnstone,Aberdeen,2025-03-15T15:00:00Z,soccer_spl,Scottish Premiership,williamhill,2.5,2.0,1.75,2025-03-14T11:55:16Z,2025-03-14,bcc72f19a5082b5ab850e07881d3f2bc_2.5
bcc72f19a5082b5ab850e07881d3f2bc,St Johnstone,Aberdeen,2025-03-15T15:00:00Z,soccer_spl,Scottish Premiership,nordicbet,2.5,2.0,1.8,2025-03-14T11:55:15Z,2025-03-14,bcc72f19a5082b5ab850e07881d3f2bc_2.5
bcc72f19a5082b5ab850e07881d3f2bc,St Johnstone,Aberdeen,2025-03-15T15:00:00Z,soccer_spl,Scottish Premiership,betsson,2.5,2.0,1.8,2025-03-14T11:55:14Z,2025-03-14,bcc72f19a5082b5ab850e07881d3f2bc_2.5
bcc72f19a5082b5ab850e07881d3f2bc,St Johnstone,Aberdeen,2025-03-15T15:00:00Z,soccer_spl,Scottish Premiership,bovada,2.5,1.95,1.8,2025-03-14T11:55:13Z,2025-03-14,bcc72f19a5082b5ab850e07881d3f2bc_2.5
bcc72f19a5082b5ab850e07881d3f2bc,St Johnstone,Aberdeen,2025-03-15T15:00:00Z,soccer_spl,Scottish Premiership,tipico_de,2.5,1.9,1.8,2025-03-14T11:55:15Z,2025-03-14,bcc72f19a5082b5ab850e07881d3f2bc_2.5
bcc72f19a5082b5ab850e07881d3f2bc,St Johnstone,Aberdeen,2025-03-15T15:00:00Z,soccer_spl,Scottish Premiership,pinnacle,2.5,2.02,1.84,2025-03-14T11:55:13Z,2025-03-14,bcc72f19a5082b5ab850e07881d3f2bc_2.5
bcc72f19a5082b5ab850e07881d3f2bc,St Johnstone,Aberdeen,2025-03-15T15:00:00Z,soccer_spl,Scottish Premiership,playup,2.5,1.95,1.8,2025-03-14T11:55:14Z,2025-03-14,bcc72f19a5082b5ab850e07881d3f2bc_2.5
bcc72f19a5082b5ab850e07881d3f2bc,St Johnstone,Aberdeen,2025-03-15T15:00:00Z,soccer_spl,Scottish Premiership,unibet_eu,2.5,1.85,1.88,2025-03-14T11:55:14Z,2025-03-14,bcc72f19a5082b5ab850e07881d3f2bc_2.5
bcc72f19a5082b5ab850e07881d3f2bc,St Johnstone,Aberdeen,2025-03-15T15:00:00Z,soccer_spl,Scottish Premiership,unibet,2.5,1.85,1.88,2025-03-14T11:55:14Z,2025-03-14,bcc72f19a5082b5ab850e07881d3f2bc_2.5
bcc72f19a5082b5ab850e07881d3f2bc,St Johnstone,Aberdeen,2025-03-15T15:00:00Z,soccer_spl,Scottish Premiership,betrivers,2.5,1.85,1.88,2025-03-14T11:55:13Z,2025-03-14,bcc72f19a5082b5ab850e07881d3f2bc_2.5
bcc72f19a5082b5ab850e07881d3f2bc,St Johnstone,Aberdeen,2025-03-15T15:00:00Z,soccer_spl,Scottish Premiership,coolbet,2.5,1.98,1.8,2025-03-14T11:55:14Z,2025-03-14,bcc72f19a5082b5ab850e07881d3f2bc_2.5
bcc72f19a5082b5ab850e07881d3f2bc,St Johnstone,Aberdeen,2025-03-15T15:00:00Z,soccer_spl,Scottish Premiership,betus,2.5,1.9,1.84,2025-03-14T11:55:14Z,2025-03-14,bcc72f19a5082b5ab850e07881d3f2bc_2.5
bcc72f19a5082b5ab850e07881d3f2bc,St Johnstone,Aberdeen,2025-03-15T15:00:00Z,soccer_spl,Scottish Premiership,lowvig,2.5,2.0,1.83,2025-03-14T11:55:13Z,2025-03-14,bcc72f19a5082b5ab850e07881d3f2bc_2.5
bcc72f19a5082b5ab850e07881d3f2bc,St Johnstone,Aberdeen,2025-03-15T15:00:00Z,soccer_spl,Scottish Premiership,betonlineag,2.5,2.0,1.83,2025-03-14T11:55:13Z,2025-03-14,bcc72f19a5082b5ab850e07881d3f2bc_2.5
bcc72f19a5082b5ab850e07881d3f2bc,St Johnstone,Aberdeen,2025-03-15T15:00:00Z,soccer_spl,Scottish Premiership,matchbook,2.5,2.02,1.87,2025-03-14T11:55:13Z,2025-03-14,bcc72f19a5082b5ab850e07881d3f2bc_2.5
49b483a916bfcd783cf3845f0b97b4b3,Hearts,Ross County,2025-03-15T15:00:00Z,soccer_spl,Scottish Premiership,onexbet,2.5,1.76,2.06,2025-03-14T11:55:13Z,2025-03-14,49b483a916bfcd783cf3845f0b97b4b3_2.5
49b483a916bfcd783cf3845f0b97b4b3,Hearts,Ross County,2025-03-15T15:00:00Z,soccer_spl,Scottish Premiership,williamhill,2.5,1.75,2.0,2025-03-14T11:55:16Z,2025-03-14,49b483a916bfcd783cf3845f0b97b4b3_2.5
49b483a916bfcd783cf3845f0b97b4b3,Hearts,Ross County,2025-03-15T15:00:00Z,soccer_spl,Scottish Premiership,nordicbet,2.5,1.75,2.1,2025-03-14T11:55:15Z,2025-03-14,49b483a916bfcd783cf3845f0b97b4b3_2.5
49b483a916bfcd783cf3845f0b97b4b3,Hearts,Ross County,2025-03-15T15:00:00Z,soccer_spl,Scottish Premiership,betsson,2.5,1.75,2.1,2025-03-14T11:55:14Z,2025-03-14,49b483a916bfcd783cf3845f0b97b4b3_2.5
49b483a916bfcd783cf3845f0b97b4b3,Hearts,Ross County,2025-03-15T15:00:00Z,soccer_spl,Scottish Premiership,bovada,2.75,1.95,1.8,2025-03-14T11:55:13Z,2025-03-14,49b483a916bfcd783cf3845f0b97b4b3_2.75
49b483a916bfcd783cf3845f0b97b4b3,Hearts,Ross County,2025-03-15T15:00:00Z,soccer_spl,Scottish Premiership,tipico_de,2.5,1.7,2.0,2025-03-14T11:55:15Z,2025-03-14,49b483a916bfcd783cf3845f0b97b4b3_2.5
49b483a916bfcd783cf3845f0b97b4b3,Hearts,Ross County,2025-03-15T15:00:00Z,soccer_spl,Scottish Premiership,pinnacle,2.75,1.98,1.88,2025-03-14T11:55:13Z,2025-03-14,49b483a916bfcd783cf3845f0b97b4b3_2.75
49b483a916bfcd783cf3845f0b97b4b3,Hearts,Ross County,2025-03-15T15:00:00Z,soccer_spl,Scottish Premiership,playup,2.5,1.72,2.05,2025-03-14T11:55:14Z,2025-03-14,49b483a916bfcd783cf3845f0b97b4b3_2.5
49b483a916bfcd783cf3845f0b97b4b3,Hearts,Ross County,2025-03-15T15:00:00Z,soccer_spl,Scottish Premiership,unibet_eu,2.5,1.73,2.04,2025-03-14T11:55:14Z,2025-03-14,49b483a916bfcd783cf3845f0b97b4b3_2.5
49b483a916bfcd783cf3845f0b97b4b3,Hearts,Ross County,2025-03-15T15:00:00Z,soccer_spl,Scottish Premiership,unibet,2.5,1.73,2.04,2025-03-14T11:55:14Z,2025-03-14,49b483a916bfcd783cf3845f0b97b4b3_2.5
49b483a916bfcd783cf3845f0b97b4b3,Hearts,Ross County,2025-03-15T15:00:00Z,soccer_spl,Scottish Premiership,betrivers,2.5,1.73,2.04,2025-03-14T11:55:13Z,2025-03-14,49b483a916bfcd783cf3845f0b97b4b3_2.5
49b483a916bfcd783cf3845f0b97b4b3,Hearts,Ross County,2025-03-15T15:00:00Z,soccer_spl,Scottish Premiership,coolbet,2.5,1.76,2.03,2025-03-14T11:55:14Z,2025-03-14,49b483a916bfcd783cf3845f0b97b4b3_2.5
49b483a916bfcd783cf3845f0b97b4b3,Hearts,Ross County,2025-03-15T15:00:00Z,soccer_spl,Scottish Premiership,betus,2.75,1.87,1.88,2025-03-14T11:55:14Z,2025-03-14,49b483a916bfcd783cf3845f0b97b4b3_2.75
49b483a916bfcd783cf3845f0b97b4b3,Hearts,Ross County,2025-03-15T15:00:00Z,soccer_spl,Scottish Premiership,lowvig,2.75,2.0,1.83,2025-03-14T11:55:13Z,2025-03-14,49b483a916bfcd783cf3845f0b97b4b3_2.75
49b483a916bfcd783cf3845f0b97b4b3,Hearts,Ross County,2025-03-15T15:00:00Z,soccer_spl,Scottish Premiership,betonlineag,2.75,2.0,1.83,2025-03-14T11:55:13Z,2025-03-14,49b483a916bfcd783cf3845f0b97b4b3_2.75
49b483a916bfcd783cf3845f0b97b4b3,Hearts,Ross County,2025-03-15T15:00:00Z,soccer_spl,Scottish Premiership,matchbook,2.5,1.78,2.12,2025-03-14T11:55:13Z,2025-03-14,49b483a916bfcd783cf3845f0b97b4b3_2.5
37e88bf3b4e540a721b4c704f1bf5952,Kilmarnock,Hibernian,2025-03-15T15:00:00Z,soccer_spl,Scottish Premiership,onexbet,2.5,2.07,1.75,2025-03-14T11:55:13Z,2025-03-14,37e88bf3b4e540a721b4c704f1bf5952_2.5
37e88bf3b4e540a721b4c704f1bf5952,Kilmarnock,Hibernian,2025-03-15T15:00:00Z,soccer_spl,Scottish Premiership,williamhill,2.5,2.0,1.75,2025-03-14T11:55:16Z,2025-03-14,37e88bf3b4e540a721b4c704f1bf5952_2.5
37e88bf3b4e540a721b4c704f1bf5952,Kilmarnock,Hibernian,2025-03-15T15:00:00Z,soccer_spl,Scottish Premiership,nordicbet,2.5,2.05,1.75,2025-03-14T11:55:15Z,2025-03-14,37e88bf3b4e540a721b4c704f1bf5952_2.5
37e88bf3b4e540a721b4c704f1bf5952,Kilmarnock,Hibernian,2025-03-15T15:00:00Z,soccer_spl,Scottish Premiership,betsson,2.5,2.05,1.75,2025-03-14T11:55:14Z,2025-03-14,37e88bf3b4e540a721b4c704f1bf5952_2.5
37e88bf3b4e540a721b4c704f1bf5952,Kilmarnock,Hibernian,2025-03-15T15:00:00Z,soccer_spl,Scottish Premiership,bovada,2.25,1.8,1.95,2025-03-14T11:55:13Z,2025-03-14,37e88bf3b4e540a721b4c704f1bf5952_2.25
37e88bf3b4e540a721b4c704f1bf5952,Kilmarnock,Hibernian,2025-03-15T15:00:00Z,soccer_spl,Scottish Premiership,tipico_de,2.5,2.0,1.7,2025-03-14T11:55:15Z,2025-03-14,37e88bf3b4e540a721b4c704f1bf5952_2.5
37e88bf3b4e540a721b4c704f1bf5952,Kilmarnock,Hibernian,2025-03-15T15:00:00Z,soccer_spl,Scottish Premiership,pinnacle,2.25,1.83,2.03,2025-03-14T11:55:13Z,2025-03-14,37e88bf3b4e540a721b4c704f1bf5952_2.25
37e88bf3b4e540a721b4c704f1bf5952,Kilmarnock,Hibernian,2025-03-15T15:00:00Z,soccer_spl,Scottish Premiership,playup,2.5,2.02,1.75,2025-03-14T11:55:14Z,2025-03-14,37e88bf3b4e540a721b4c704f1bf5952_2.5
37e88bf3b4e540a721b4c704f1bf5952,Kilmarnock,Hibernian,2025-03-15T15:00:00Z,soccer_spl,Scottish Premiership,unibet_eu,2.5,2.0,1.76,2025-03-14T11:55:14Z,2025-03-14,37e88bf3b4e540a721b4c704f1bf5952_2.5
37e88bf3b4e540a721b4c704f1bf5952,Kilmarnock,Hibernian,2025-03-15T15:00:00Z,soccer_spl,Scottish Premiership,unibet,2.5,2.0,1.76,2025-03-14T11:55:14Z,2025-03-14,37e88bf3b4e540a721b4c704f1bf5952_2.5
37e88bf3b4e540a721b4c704f1bf5952,Kilmarnock,Hibernian,2025-03-15T15:00:00Z,soccer_spl,Scottish Premiership,betrivers,2.5,2.0,1.76,2025-03-14T11:55:13Z,2025-03-14,37e88bf3b4e540a721b4c704f1bf5952_2.5
37e88bf3b4e540a721b4c704f1bf5952,Kilmarnock,Hibernian,2025-03-15T15:00:00Z,soccer_spl,Scottish Premiership,coolbet,2.5,2.03,1.76,2025-03-14T11:55:14Z,2025-03-14,37e88bf3b4e540a721b4c704f1bf5952_2.5
37e88bf3b4e540a721b4c704f1bf5952,Kilmarnock,Hibernian,2025-03-15T15:00:00Z,soccer_spl,Scottish Premiership,betus,2.25,1.83,1.91,2025-03-14T11:55:14Z,2025-03-14,37e88bf3b4e540a721b4c704f1bf5952_2.25
37e88bf3b4e540a721b4c704f1bf5952,Kilmarnock,Hibernian,2025-03-15T15:00:00Z,soccer_spl,Scottish Premiership,lowvig,2.25,1.83,2.0,2025-03-14T11:55:13Z,2025-03-14,37e88bf3b4e540a721b4c704f1bf5952_2.25
37e88bf3b4e540a721b4c704f1bf5952,Kilmarnock,Hibernian,2025-03-15T15:00:00Z,soccer_spl,Scottish Premiership,betonlineag,2.25,1.83,2.0,2025-03-14T11:55:13Z,2025-03-14,37e88bf3b4e540a721b4c704f1bf5952_2.25
37e88bf3b4e540a721b4c704f1bf5952,Kilmarnock,Hibernian,2025-03-15T15:00:00Z,soccer_spl,Scottish Premiership,matchbook,2.5,1.92,1.63,2025-03-14T11:55:13Z,2025-03-14,37e88bf3b4e540a721b4c704f1bf5952_2.5
aa61b68554f62bf0f33ba192bab41433,Motherwell,St Mirren,2025-03-15T15:00:00Z,soccer_spl,Scottish Premiership,onexbet,2.5,2.23,1.65,2025-03-14T11:55:13Z,2025-03-14,aa61b68554f62bf0f33ba192bab41433_2.5
aa61b68554f62bf0f33ba192bab41433,Motherwell,St Mirren,2025-03-15T15:00:00Z,soccer_spl,Scottish Premiership,williamhill,2.5,2.3,1.57,2025-03-14T11:55:16Z,2025-03-14,aa61b68554f62bf0f33ba192bab41433_2.5
aa61b68554f62bf0f33ba192bab41433,Motherwell,St Mirren,2025-03-15T15:00:00Z,soccer_spl,Scottish Premiership,nordicbet,2.5,2.2,1.66,2025-03-14T11:55:15Z,2025-03-14,aa61b68554f62bf0f33ba192bab41433_2.5
aa61b68554f62bf0f33ba192bab41433,Motherwell,St Mirren,2025-03-15T15:00:00Z,soccer_spl,Scottish Premiership,betsson,2.5,2.2,1.66,2025-03-14T11:55:14Z,2025-03-14,aa61b68554f62bf0f33ba192bab41433_2.5
aa61b68554f62bf0f33ba192bab41433,Motherwell,St Mirren,2025-03-15T15:00:00Z,soccer_spl,Scottish Premiership,bovada,2.25,1.95,1.8,2025-03-14T11:55:13Z,2025-03-14,aa61b68554f62bf0f33ba192bab41433_2.25
aa61b68554f62bf0f33ba192bab41433,Motherwell,St Mirren,2025-03-15T15:00:00Z,soccer_spl,Scottish Premiership,tipico_de,2.5,2.15,1.62,2025-03-14T11:55:15Z,2025-03-14,aa61b68554f62bf0f33ba192bab41433_2.5
aa61b68554f62bf0f33ba192bab41433,Motherwell,St Mirren,2025-03-15T15:00:00Z,soccer_spl,Scottish Premiership,pinnacle,2.25,1.97,1.88,2025-03-14T11:55:13Z,2025-03-14,aa61b68554f62bf0f33ba192bab41433_2.25
aa61b68554f62bf0f33ba192bab41433,Motherwell,St Mirren,2025-03-15T15:00:00Z,soccer_spl,Scottish Premiership,playup,2.5,2.15,1.65,2025-03-14T11:55:14Z,2025-03-14,aa61b68554f62bf0f33ba192bab41433_2.5
aa61b68554f62bf0f33ba192bab41433,Motherwell,St Mirren,2025-03-15T15:00:00Z,soccer_spl,Scottish Premiership,unibet_eu,2.5,2.16,1.65,2025-03-14T11:55:14Z,2025-03-14,aa61b68554f62bf0f33ba192bab41433_2.5
aa61b68554f62bf0f33ba192bab41433,Motherwell,St Mirren,2025-03-15T15:00:00Z,soccer_spl,Scottish Premiership,unibet,2.5,2.16,1.65,2025-03-14T11:55:14Z,2025-03-14,aa61b68554f62bf0f33ba192bab41433_2.5
aa61b68554f62bf0f33ba192bab41433,Motherwell,St Mirren,2025-03-15T15:00:00Z,soccer_spl,Scottish Premiership,betrivers,2.5,2.16,1.65,2025-03-14T11:55:13Z,2025-03-14,aa61b68554f62bf0f33ba192bab41433_2.5
aa61b68554f62bf0f33ba192bab41433,Motherwell,St Mirren,2025-03-15T15:00:00Z,soccer_spl,Scottish Premiership,coolbet,2.0,1.7,2.12,2025-03-14T11:55:14Z,2025-03-14,aa61b68554f62bf0f33ba192bab41433_2.0
aa61b68554f62bf0f33ba192bab41433,Motherwell,St Mirren,2025-03-15T15:00:00Z,soccer_spl,Scottish Premiership,betus,2.25,1.87,1.88,2025-03-14T11:55:14Z,2025-03-14,aa61b68554f62bf0f33ba192bab41433_2.25
aa61b68554f62bf0f33ba192bab41433,Motherwell,St Mirren,2025-03-15T15:00:00Z,soccer_spl,Scottish Premiership,lowvig,2.25,2.08,1.78,2025-03-14T11:55:13Z,2025-03-14,aa61b68554f62bf0f33ba192bab41433_2.25
aa61b68554f62bf0f33ba192bab41433,Motherwell,St Mirren,2025-03-15T15:00:00Z,soccer_spl,Scottish Premiership,betonlineag,2.25,2.08,1.78,2025-03-14T11:55:13Z,2025-03-14,aa61b68554f62bf0f33ba192bab41433_2.25
aa61b68554f62bf0f33ba192bab41433,Motherwell,St Mirren,2025-03-15T15:00:00Z,soccer_spl,Scottish Premiership,matchbook,2.5,2.42,1.58,2025-03-14T11:55:13Z,2025-03-14,aa61b68554f62bf0f33ba192bab41433_2.5
1f84d377d22d03332af81087d8d7fb23,Celtic,Rangers,2025-03-16T12:30:00Z,soccer_spl,Scottish Premiership,onexbet,3.5,2.33,1.6,2025-03-14T11:55:13Z,2025-03-14,1f84d377d22d03332af81087d8d7fb23_3.5
1f84d377d22d03332af81087d8d7fb23,Celtic,Rangers,2025-03-16T12:30:00Z,soccer_spl,Scottish Premiership,williamhill,2.5,1.55,2.38,2025-03-14T11:55:16Z,2025-03-14,1f84d377d22d03332af81087d8d7fb23_2.5
1f84d377d22d03332af81087d8d7fb23,Celtic,Rangers,2025-03-16T12:30:00Z,soccer_spl,Scottish Premiership,nordicbet,3.5,2.35,1.6,2025-03-14T11:55:15Z,2025-03-14,1f84d377d22d03332af81087d8d7fb23_3.5
1f84d377d22d03332af81087d8d7fb23,Celtic,Rangers,2025-03-16T12:30:00Z,soccer_spl,Scottish Premiership,betsson,3.5,2.35,1.6,2025-03-14T11:55:14Z,2025-03-14,1f84d377d22d03332af81087d8d7fb23_3.5
1f84d377d22d03332af81087d8d7fb23,Celtic,Rangers,2025-03-16T12:30:00Z,soccer_spl,Scottish Premiership,bovada,3.0,1.87,1.87,2025-03-14T11:55:13Z,2025-03-14,1f84d377d22d03332af81087d8d7fb23_3.0
1f84d377d22d03332af81087d8d7fb23,Celtic,Rangers,2025-03-16T12:30:00Z,soccer_spl,Scottish Premiership,tipico_de,3.5,2.2,1.6,2025-03-14T11:55:15Z,2025-03-14,1f84d377d22d03332af81087d8d7fb23_3.5
1f84d377d22d03332af81087d8d7fb23,Celtic,Rangers,2025-03-16T12:30:00Z,soccer_spl,Scottish Premiership,pinnacle,3.0,1.88,1.96,2025-03-14T11:55:13Z,2025-03-14,1f84d377d22d03332af81087d8d7fb23_3.0
1f84d377d22d03332af81087d8d7fb23,Celtic,Rangers,2025-03-16T12:30:00Z,soccer_spl,Scottish Premiership,unibet_eu,2.5,1.51,2.43,2025-03-14T11:55:14Z,2025-03-14,1f84d377d22d03332af81087d8d7fb23_2.5
1f84d377d22d03332af81087d8d7fb23,Celtic,Rangers,2025-03-16T12:30:00Z,soccer_spl,Scottish Premiership,unibet,2.5,1.51,2.43,2025-03-14T11:55:14Z,2025-03-14,1f84d377d22d03332af81087d8d7fb23_2.5
1f84d377d22d03332af81087d8d7fb23,Celtic,Rangers,2025-03-16T12:30:00Z,soccer_spl,Scottish Premiership,betrivers,2.5,1.51,2.43,2025-03-14T11:55:13Z,2025-03-14,1f84d377d22d03332af81087d8d7fb23_2.5
1f84d377d22d03332af81087d8d7fb23,Celtic,Rangers,2025-03-16T12:30:00Z,soccer_spl,Scottish Premiership,playup,3.5,2.3,1.58,2025-03-14T11:55:14Z,2025-03-14,1f84d377d22d03332af81087d8d7fb23_3.5
1f84d377d22d03332af81087d8d7fb23,Celtic,Rangers,2025-03-16T12:30:00Z,soccer_spl,Scottish Premiership,coolbet,3.0,1.85,1.93,2025-03-14T11:55:14Z,2025-03-14,1f84d377d22d03332af81087d8d7fb23_3.0
1f84d377d22d03332af81087d8d7fb23,Celtic,Rangers,2025-03-16T12:30:00Z,soccer_spl,Scottish Premiership,betus,3.0,1.87,1.87,2025-03-14T11:55:14Z,2025-03-14,1f84d377d22d03332af81087d8d7fb23_3.0
1f84d377d22d03332af81087d8d7fb23,Celtic,Rangers,2025-03-16T12:30:00Z,soccer_spl,Scottish Premiership,betonlineag,3.0,1.9,1.92,2025-03-14T11:55:13Z,2025-03-14,1f84d377d22d03332af81087d8d7fb23_3.0
1f84d377d22d03332af81087d8d7fb23,Celtic,Rangers,2025-03-16T12:30:00Z,soccer_spl,Scottish Premiership,lowvig,3.0,1.9,1.92,2025-03-14T11:55:13Z,2025-03-14,1f84d377d22d03332af81087d8d7fb23_3.0
1f84d377d22d03332af81087d8d7fb23,Celtic,Rangers,2025-03-16T12:30:00Z,soccer_spl,Scottish Premiership,matchbook,3.5,2.4,1.59,2025-03-14T11:55:13Z,2025-03-14,1f84d377d22d03332af81087d8d7fb23_3.5
a6d02645131e05aa79924d9152f26300,Bolton Wanderers,Stockport County FC,2025-03-15T12:30:00Z,soccer_england_league1,League One,onexbet,2.5,2.05,1.77,2025-03-14T11:54:36Z,2025-03-14,a6d02645131e05aa79924d9152f26300_2.5
a6d02645131e05aa79924d9152f26300,Bolton Wanderers,Stockport County FC,2025-03-15T12:30:00Z,soccer_england_league1,League One,williamhill,2.5,2.05,1.73,2025-03-14T11:54:38Z,2025-03-14,a6d02645131e05aa79924d9152f26300_2.5
a6d02645131e05aa79924d9152f26300,Bolton Wanderers,Stockport County FC,2025-03-15T12:30:00Z,soccer_england_league1,League One,nordicbet,2.5,2.05,1.75,2025-03-14T11:54:37Z,2025-03-14,a6d02645131e05aa79924d9152f26300_2.5
a6d02645131e05aa79924d9152f26300,Bolton Wanderers,Stockport County FC,2025-03-15T12:30:00Z,soccer_england_league1,League One,betsson,2.5,2.05,1.75,2025-03-14T11:54:37Z,2025-03-14,a6d02645131e05aa79924d9152f26300_2.5
a6d02645131e05aa79924d9152f26300,Bolton Wanderers,Stockport County FC,2025-03-15T12:30:00Z,soccer_england_league1,League One,bovada,2.25,1.77,2.0,2025-03-14T11:54:36Z,2025-03-14,a6d02645131e05aa79924d9152f26300_2.25
a6d02645131e05aa79924d9152f26300,Bolton Wanderers,Stockport County FC,2025-03-15T12:30:00Z,soccer_england_league1,League One,betrivers,2.5,1.96,1.77,2025-03-14T11:54:36Z,2025-03-14,a6d02645131e05aa79924d9152f26300_2.5
a6d02645131e05aa79924d9152f26300,Bolton Wanderers,Stockport County FC,2025-03-15T12:30:00Z,soccer_england_league1,League One,unibet_eu,2.5,1.96,1.77,2025-03-14T11:54:37Z,2025-03-14,a6d02645131e05aa79924d9152f26300_2.5
a6d02645131e05aa79924d9152f26300,Bolton Wanderers,Stockport County FC,2025-03-15T12:30:00Z,soccer_england_league1,League One,unibet,2.5,1.97,1.77,2025-03-14T11:54:38Z,2025-03-14,a6d02645131e05aa79924d9152f26300_2.5
a6d02645131e05aa79924d9152f26300,Bolton Wanderers,Stockport County FC,2025-03-15T12:30:00Z,soccer_england_league1,League One,coolbet,2.5,2.02,1.74,2025-03-14T11:54:38Z,2025-03-14,a6d02645131e05aa79924d9152f26300_2.5
a6d02645131e05aa79924d9152f26300,Bolton Wanderers,Stockport County FC,2025-03-15T12:30:00Z,soccer_england_league1,League One,betus,2.25,1.77,2.0,2025-03-14T11:54:36Z,2025-03-14,a6d02645131e05aa79924d9152f26300_2.25
a6d02645131e05aa79924d9152f26300,Bolton Wanderers,Stockport County FC,2025-03-15T12:30:00Z,soccer_england_league1,League One,pinnacle,2.25,1.81,2.04,2025-03-14T11:54:36Z,2025-03-14,a6d02645131e05aa79924d9152f26300_2.25
a6d02645131e05aa79924d9152f26300,Bolton Wanderers,Stockport County FC,2025-03-15T12:30:00Z,soccer_england_league1,League One,tipico_de,2.5,1.95,1.75,2025-03-14T11:54:38Z,2025-03-14,a6d02645131e05aa79924d9152f26300_2.5
a6d02645131e05aa79924d9152f26300,Bolton Wanderers,Stockport County FC,2025-03-15T12:30:00Z,soccer_england_league1,League One,matchbook,2.5,2.06,1.8,2025-03-14T11:54:37Z,2025-03-14,a6d02645131e05aa79924d9152f26300_2.5
a6d02645131e05aa79924d9152f26300,Bolton Wanderers,Stockport County FC,2025-03-15T12:30:00Z,soccer_england_league1,League One,lowvig,2.25,1.84,1.99,2025-03-14T11:54:36Z,2025-03-14,a6d02645131e05aa79924d9152f26300_2.25
a6d02645131e05aa79924d9152f26300,Bolton Wanderers,Stockport County FC,2025-03-15T12:30:00Z,soccer_england_league1,League One,betonlineag,2.25,1.84,1.99,2025-03-14T11:53:04Z,2025-03-14,a6d02645131e05aa79924d9152f26300_2.25
e30d7348ded4e5b519a5d78e5e0fbd9f,Cambridge United,Peterborough United,2025-03-15T12:30:00Z,soccer_england_league1,League One,onexbet,2.5,1.78,2.03,2025-03-14T11:54:36Z,2025-03-14,e30d7348ded4e5b519a5d78e5e0fbd9f_2.5
e30d7348ded4e5b519a5d78e5e0fbd9f,Cambridge United,Peterborough United,2025-03-15T12:30:00Z,soccer_england_league1,League One,williamhill,2.5,1.75,2.0,2025-03-14T11:54:38Z,2025-03-14,e30d7348ded4e5b519a5d78e5e0fbd9f_2.5
e30d7348ded4e5b519a5d78e5e0fbd9f,Cambridge United,Peterborough United,2025-03-15T12:30:00Z,soccer_england_league1,League One,nordicbet,2.5,1.8,2.0,2025-03-14T11:54:37Z,2025-03-14,e30d7348ded4e5b519a5d78e5e0fbd9f_2.5
e30d7348ded4e5b519a5d78e5e0fbd9f,Cambridge United,Peterborough United,2025-03-15T12:30:00Z,soccer_england_league1,League One,betsson,2.5,1.8,2.0,2025-03-14T11:54:37Z,2025-03-14,e30d7348ded4e5b519a5d78e5e0fbd9f_2.5
e30d7348ded4e5b519a5d78e5e0fbd9f,Cambridge United,Peterborough United,2025-03-15T12:30:00Z,soccer_england_league1,League One,bovada,2.75,1.93,1.82,2025-03-14T11:54:36Z,2025-03-14,e30d7348ded4e5b519a5d78e5e0fbd9f_2.75
e30d7348ded4e5b519a5d78e5e0fbd9f,Cambridge United,Peterborough United,2025-03-15T12:30:00Z,soccer_england_league1,League One,betrivers,2.5,1.67,2.1,2025-03-14T11:54:36Z,2025-03-14,e30d7348ded4e5b519a5d78e5e0fbd9f_2.5
e30d7348ded4e5b519a5d78e5e0fbd9f,Cambridge United,Peterborough United,2025-03-15T12:30:00Z,soccer_england_league1,League One,unibet_eu,2.5,1.67,2.1,2025-03-14T11:54:37Z,2025-03-14,e30d7348ded4e5b519a5d78e5e0fbd9f_2.5
e30d7348ded4e5b519a5d78e5e0fbd9f,Cambridge United,Peterborough United,2025-03-15T12:30:00Z,soccer_england_league1,League One,unibet,2.5,1.67,2.1,2025-03-14T11:54:38Z,2025-03-14,e30d7348ded4e5b519a5d78e5e0fbd9f_2.5
e30d7348ded4e5b519a5d78e5e0fbd9f,Cambridge United,Peterborough United,2025-03-15T12:30:00Z,soccer_england_league1,League One,coolbet,2.5,1.74,2.02,2025-03-14T11:54:38Z,2025-03-14,e30d7348ded4e5b519a5d78e5e0fbd9f_2.5
e30d7348ded4e5b519a5d78e5e0fbd9f,Cambridge United,Peterborough United,2025-03-15T12:30:00Z,soccer_england_league1,League One,betus,2.75,1.93,1.82,2025-03-14T11:54:36Z,2025-03-14,e30d7348ded4e5b519a5d78e5e0fbd9f_2.75
e30d7348ded4e5b519a5d78e5e0fbd9f,Cambridge United,Peterborough United,2025-03-15T12:30:00Z,soccer_england_league1,League One,pinnacle,2.75,2.02,1.83,2025-03-14T11:54:36Z,2025-03-14,e30d7348ded4e5b519a5d78e5e0fbd9f_2.75
e30d7348ded4e5b519a5d78e5e0fbd9f,Cambridge United,Peterborough United,2025-03-15T12:30:00Z,soccer_england_league1,League One,tipico_de,2.5,1.7,2.0,2025-03-14T11:54:38Z,2025-03-14,e30d7348ded4e5b519a5d78e5e0fbd9f_2.5
e30d7348ded4e5b519a5d78e5e0fbd9f,Cambridge United,Peterborough United,2025-03-15T12:30:00Z,soccer_england_league1,League One,lowvig,2.75,1.93,1.89,2025-03-14T11:54:36Z,2025-03-14,e30d7348ded4e5b519a5d78e5e0fbd9f_2.75
e30d7348ded4e5b519a5d78e5e0fbd9f,Cambridge United,Peterborough United,2025-03-15T12:30:00Z,soccer_england_league1,League One,betonlineag,2.75,1.93,1.89,2025-03-14T11:53:04Z,2025-03-14,e30d7348ded4e5b519a5d78e5e0fbd9f_2.75
e2d632d315510e1aeafdd64747c1ebbb,Mansfield Town,Barnsley,2025-03-15T15:00:00Z,soccer_england_league1,League One,onexbet,2.5,1.8,2.01,2025-03-14T11:54:36Z,2025-03-14,e2d632d315510e1aeafdd64747c1ebbb_2.5
e2d632d315510e1aeafdd64747c1ebbb,Mansfield Town,Barnsley,2025-03-15T15:00:00Z,soccer_england_league1,League One,williamhill,2.5,1.8,1.95,2025-03-14T11:54:38Z,2025-03-14,e2d632d315510e1aeafdd64747c1ebbb_2.5
e2d632d315510e1aeafdd64747c1ebbb,Mansfield Town,Barnsley,2025-03-15T15:00:00Z,soccer_england_league1,League One,nordicbet,2.5,1.8,2.0,2025-03-14T11:54:37Z,2025-03-14,e2d632d315510e1aeafdd64747c1ebbb_2.5
e2d632d315510e1aeafdd64747c1ebbb,Mansfield Town,Barnsley,2025-03-15T15:00:00Z,soccer_england_league1,League One,betsson,2.5,1.8,2.0,2025-03-14T11:54:37Z,2025-03-14,e2d632d315510e1aeafdd64747c1ebbb_2.5
e2d632d315510e1aeafdd64747c1ebbb,Mansfield Town,Barnsley,2025-03-15T15:00:00Z,soccer_england_league1,League One,bovada,2.5,1.78,1.98,2025-03-14T11:54:36Z,2025-03-14,e2d632d315510e1aeafdd64747c1ebbb_2.5
e2d632d315510e1aeafdd64747c1ebbb,Mansfield Town,Barnsley,2025-03-15T15:00:00Z,soccer_england_league1,League One,unibet_eu,2.5,1.85,1.88,2025-03-14T11:54:37Z,2025-03-14,e2d632d315510e1aeafdd64747c1ebbb_2.5
e2d632d315510e1aeafdd64747c1ebbb,Mansfield Town,Barnsley,2025-03-15T15:00:00Z,soccer_england_league1,League One,unibet,2.5,1.85,1.88,2025-03-14T11:54:38Z,2025-03-14,e2d632d315510e1aeafdd64747c1ebbb_2.5
e2d632d315510e1aeafdd64747c1ebbb,Mansfield Town,Barnsley,2025-03-15T15:00:00Z,soccer_england_league1,League One,betrivers,2.5,1.85,1.88,2025-03-14T11:54:36Z,2025-03-14,e2d632d315510e1aeafdd64747c1ebbb_2.5
e2d632d315510e1aeafdd64747c1ebbb,Mansfield Town,Barnsley,2025-03-15T15:00:00Z,soccer_england_league1,League One,coolbet,2.5,1.8,1.94,2025-03-14T11:54:38Z,2025-03-14,e2d632d315510e1aeafdd64747c1ebbb_2.5
e2d632d315510e1aeafdd64747c1ebbb,Mansfield Town,Barnsley,2025-03-15T15:00:00Z,soccer_england_league1,League One,betus,2.5,1.78,1.98,2025-03-14T11:54:36Z,2025-03-14,e2d632d315510e1aeafdd64747c1ebbb_2.5
e2d632d315510e1aeafdd64747c1ebbb,Mansfield Town,Barnsley,2025-03-15T15:00:00Z,soccer_england_league1,League One,pinnacle,2.75,2.03,1.82,2025-03-14T11:54:36Z,2025-03-14,e2d632d315510e1aeafdd64747c1ebbb_2.75
e2d632d315510e1aeafdd64747c1ebbb,Mansfield Town,Barnsley,2025-03-15T15:00:00Z,soccer_england_league1,League One,tipico_de,2.5,1.72,1.97,2025-03-14T11:54:38Z,2025-03-14,e2d632d315510e1aeafdd64747c1ebbb_2.5
e2d632d315510e1aeafdd64747c1ebbb,Mansfield Town,Barnsley,2025-03-15T15:00:00Z,soccer_england_league1,League One,matchbook,2.5,1.81,2.06,2025-03-14T11:54:37Z,2025-03-14,e2d632d315510e1aeafdd64747c1ebbb_2.5
e2d632d315510e1aeafdd64747c1ebbb,Mansfield Town,Barnsley,2025-03-15T15:00:00Z,soccer_england_league1,League One,betonlineag,2.75,2.01,1.83,2025-03-14T11:53:04Z,2025-03-14,e2d632d315510e1aeafdd64747c1ebbb_2.75
e2d632d315510e1aeafdd64747c1ebbb,Mansfield Town,Barnsley,2025-03-15T15:00:00Z,soccer_england_league1,League One,lowvig,2.75,2.01,1.83,2025-03-14T11:54:36Z,2025-03-14,e2d632d315510e1aeafdd64747c1ebbb_2.75
d6b4abf0579bbfbafb1ee287fee3a4c7,Northampton Town,Birmingham City,2025-03-15T15:00:00Z,soccer_england_league1,League One,onexbet,2.5,2.13,1.71,2025-03-14T11:54:36Z,2025-03-14,d6b4abf0579bbfbafb1ee287fee3a4c7_2.5
d6b4abf0579bbfbafb1ee287fee3a4c7,Northampton Town,Birmingham City,2025-03-15T15:00:00Z,soccer_england_league1,League One,williamhill,2.5,2.0,1.75,2025-03-14T11:54:38Z,2025-03-14,d6b4abf0579bbfbafb1ee287fee3a4c7_2.5
d6b4abf0579bbfbafb1ee287fee3a4c7,Northampton Town,Birmingham City,2025-03-15T15:00:00Z,soccer_england_league1,League One,nordicbet,2.5,2.15,1.68,2025-03-14T11:54:37Z,2025-03-14,d6b4abf0579bbfbafb1ee287fee3a4c7_2.5
d6b4abf0579bbfbafb1ee287fee3a4c7,Northampton Town,Birmingham City,2025-03-15T15:00:00Z,soccer_england_league1,League One,betsson,2.5,2.15,1.68,2025-03-14T11:54:37Z,2025-03-14,d6b4abf0579bbfbafb1ee287fee3a4c7_2.5
d6b4abf0579bbfbafb1ee287fee3a4c7,Northampton Town,Birmingham City,2025-03-15T15:00:00Z,soccer_england_league1,League One,bovada,2.25,1.85,1.89,2025-03-14T11:54:36Z,2025-03-14,d6b4abf0579bbfbafb1ee287fee3a4c7_2.25
d6b4abf0579bbfbafb1ee287fee3a4c7,Northampton Town,Birmingham City,2025-03-15T15:00:00Z,soccer_england_league1,League One,betrivers,2.5,2.15,1.64,2025-03-14T11:54:36Z,2025-03-14,d6b4abf0579bbfbafb1ee287fee3a4c7_2.5
d6b4abf0579bbfbafb1ee287fee3a4c7,Northampton Town,Birmingham City,2025-03-15T15:00:00Z,soccer_england_league1,League One,unibet_eu,2.5,2.15,1.64,2025-03-14T11:54:37Z,2025-03-14,d6b4abf0579bbfbafb1ee287fee3a4c7_2.5
d6b4abf0579bbfbafb1ee287fee3a4c7,Northampton Town,Birmingham City,2025-03-15T15:00:00Z,soccer_england_league1,League One,unibet,2.5,2.15,1.64,2025-03-14T11:54:38Z,2025-03-14,d6b4abf0579bbfbafb1ee287fee3a4c7_2.5
d6b4abf0579bbfbafb1ee287fee3a4c7,Northampton Town,Birmingham City,2025-03-15T15:00:00Z,soccer_england_league1,League One,coolbet,2.5,2.08,1.7,2025-03-14T11:54:38Z,2025-03-14,d6b4abf0579bbfbafb1ee287fee3a4c7_2.5
d6b4abf0579bbfbafb1ee287fee3a4c7,Northampton Town,Birmingham City,2025-03-15T15:00:00Z,soccer_england_league1,League One,betus,2.25,1.85,1.89,2025-03-14T11:54:36Z,2025-03-14,d6b4abf0579bbfbafb1ee287fee3a4c7_2.25
d6b4abf0579bbfbafb1ee287fee3a4c7,Northampton Town,Birmingham City,2025-03-15T15:00:00Z,soccer_england_league1,League One,pinnacle,2.25,1.9,1.93,2025-03-14T11:54:36Z,2025-03-14,d6b4abf0579bbfbafb1ee287fee3a4c7_2.25
d6b4abf0579bbfbafb1ee287fee3a4c7,Northampton Town,Birmingham City,2025-03-15T15:00:00Z,soccer_england_league1,League One,tipico_de,2.5,1.97,1.72,2025-03-14T11:54:38Z,2025-03-14,d6b4abf0579bbfbafb1ee287fee3a4c7_2.5
d6b4abf0579bbfbafb1ee287fee3a4c7,Northampton Town,Birmingham City,2025-03-15T15:00:00Z,soccer_england_league1,League One,lowvig,2.25,1.86,1.96,2025-03-14T11:54:36Z,2025-03-14,d6b4abf0579bbfbafb1ee287fee3a4c7_2.25
d6b4abf0579bbfbafb1ee287fee3a4c7,Northampton Town,Birmingham City,2025-03-15T15:00:00Z,soccer_england_league1,League One,betonlineag,2.25,1.86,1.96,2025-03-14T11:53:04Z,2025-03-14,d6b4abf0579bbfbafb1ee287fee3a4c7_2.25
4c24eaea664cda18ebb758f6fee2eb47,Blackpool,Leyton Orient,2025-03-15T15:00:00Z,soccer_england_league1,League One,onexbet,2.5,1.92,1.88,2025-03-14T11:54:36Z,2025-03-14,4c24eaea664cda18ebb758f6fee2eb47_2.5
4c24eaea664cda18ebb758f6fee2eb47,Blackpool,Leyton Orient,2025-03-15T15:00:00Z,soccer_england_league1,League One,williamhill,2.5,2.0,1.75,2025-03-14T11:54:38Z,2025-03-14,4c24eaea664cda18ebb758f6fee2eb47_2.5
4c24eaea664cda18ebb758f6fee2eb47,Blackpool,Leyton Orient,2025-03-15T15:00:00Z,soccer_england_league1,League One,nordicbet,2.5,1.9,1.87,2025-03-14T11:54:37Z,2025-03-14,4c24eaea664cda18ebb758f6fee2eb47_2.5
4c24eaea664cda18ebb758f6fee2eb47,Blackpool,Leyton Orient,2025-03-15T15:00:00Z,soccer_england_league1,League One,betsson,2.5,1.9,1.87,2025-03-14T11:54:37Z,2025-03-14,4c24eaea664cda18ebb758f6fee2eb47_2.5
4c24eaea664cda18ebb758f6fee2eb47,Blackpool,Leyton Orient,2025-03-15T15:00:00Z,soccer_england_league1,League One,bovada,2.5,1.89,1.85,2025-03-14T11:54:36Z,2025-03-14,4c24eaea664cda18ebb758f6fee2eb47_2.5
4c24eaea664cda18ebb758f6fee2eb47,Blackpool,Leyton Orient,2025-03-15T15:00:00Z,soccer_england_league1,League One,unibet_eu,2.5,1.85,1.85,2025-03-14T11:54:37Z,2025-03-14,4c24eaea664cda18ebb758f6fee2eb47_2.5
4c24eaea664cda18ebb758f6fee2eb47,Blackpool,Leyton Orient,2025-03-15T15:00:00Z,soccer_england_league1,League One,unibet,2.5,1.86,1.86,2025-03-14T11:54:38Z,2025-03-14,4c24eaea664cda18ebb758f6fee2eb47_2.5
4c24eaea664cda18ebb758f6fee2eb47,Blackpool,Leyton Orient,2025-03-15T15:00:00Z,soccer_england_league1,League One,betrivers,2.5,1.85,1.85,2025-03-14T11:54:36Z,2025-03-14,4c24eaea664cda18ebb758f6fee2eb47_2.5
4c24eaea664cda18ebb758f6fee2eb47,Blackpool,Leyton Orient,2025-03-15T15:00:00Z,soccer_england_league1,League One,coolbet,2.5,1.89,1.85,2025-03-14T11:54:38Z,2025-03-14,4c24eaea664cda18ebb758f6fee2eb47_2.5
4c24eaea664cda18ebb758f6fee2eb47,Blackpool,Leyton Orient,2025-03-15T15:00:00Z,soccer_england_league1,League One,betus,2.5,1.89,1.85,2025-03-14T11:54:36Z,2025-03-14,4c24eaea664cda18ebb758f6fee2eb47_2.5
4c24eaea664cda18ebb758f6fee2eb47,Blackpool,Leyton Orient,2025-03-15T15:00:00Z,soccer_england_league1,League One,pinnacle,2.5,1.93,1.9,2025-03-14T11:54:36Z,2025-03-14,4c24eaea664cda18ebb758f6fee2eb47_2.5
4c24eaea664cda18ebb758f6fee2eb47,Blackpool,Leyton Orient,2025-03-15T15:00:00Z,soccer_england_league1,League One,tipico_de,2.5,1.83,1.85,2025-03-14T11:54:38Z,2025-03-14,4c24eaea664cda18ebb758f6fee2eb47_2.5
4c24eaea664cda18ebb758f6fee2eb47,Blackpool,Leyton Orient,2025-03-15T15:00:00Z,soccer_england_league1,League One,matchbook,2.5,1.93,1.9,2025-03-14T11:54:37Z,2025-03-14,4c24eaea664cda18ebb758f6fee2eb47_2.5
4c24eaea664cda18ebb758f6fee2eb47,Blackpool,Leyton Orient,2025-03-15T15:00:00Z,soccer_england_league1,League One,lowvig,2.5,1.98,1.85,2025-03-14T11:54:36Z,2025-03-14,4c24eaea664cda18ebb758f6fee2eb47_2.5
4c24eaea664cda18ebb758f6fee2eb47,Blackpool,Leyton Orient,2025-03-15T15:00:00Z,soccer_england_league1,League One,betonlineag,2.5,1.98,1.85,2025-03-14T11:53:04Z,2025-03-14,4c24eaea664cda18ebb758f6fee2eb47_2.5
504a7166ca125b001f217d2611b3f98b,Lincoln City,Bristol Rovers,2025-03-15T15:00:00Z,soccer_england_league1,League One,onexbet,2.5,1.97,1.83,2025-03-14T11:54:36Z,2025-03-14,504a7166ca125b001f217d2611b3f98b_2.5
504a7166ca125b001f217d2611b3f98b,Lincoln City,Bristol Rovers,2025-03-15T15:00:00Z,soccer_england_league1,League One,williamhill,2.5,1.85,1.85,2025-03-14T11:54:38Z,2025-03-14,504a7166ca125b001f217d2611b3f98b_2.5
504a7166ca125b001f217d2611b3f98b,Lincoln City,Bristol Rovers,2025-03-15T15:00:00Z,soccer_england_league1,League One,nordicbet,2.5,1.95,1.83,2025-03-14T11:54:37Z,2025-03-14,504a7166ca125b001f217d2611b3f98b_2.5
504a7166ca125b001f217d2611b3f98b,Lincoln City,Bristol Rovers,2025-03-15T15:00:00Z,soccer_england_league1,League One,betsson,2.5,1.95,1.83,2025-03-14T11:54:37Z,2025-03-14,504a7166ca125b001f217d2611b3f98b_2.5
504a7166ca125b001f217d2611b3f98b,Lincoln City,Bristol Rovers,2025-03-15T15:00:00Z,soccer_england_league1,League One,bovada,2.5,1.95,1.8,2025-03-14T11:54:36Z,2025-03-14,504a7166ca125b001f217d2611b3f98b_2.5
504a7166ca125b001f217d2611b3f98b,Lincoln City,Bristol Rovers,2025-03-15T15:00:00Z,soccer_england_league1,League One,betrivers,2.5,1.88,1.83,2025-03-14T11:54:36Z,2025-03-14,504a7166ca125b001f217d2611b3f98b_2.5
504a7166ca125b001f217d2611b3f98b,Lincoln City,Bristol Rovers,2025-03-15T15:00:00Z,soccer_england_league1,League One,unibet_eu,2.5,1.88,1.83,2025-03-14T11:54:37Z,2025-03-14,504a7166ca125b001f217d2611b3f98b_2.5
504a7166ca125b001f217d2611b3f98b,Lincoln City,Bristol Rovers,2025-03-15T15:00:00Z,soccer_england_league1,League One,unibet,2.5,1.88,1.84,2025-03-14T11:54:38Z,2025-03-14,504a7166ca125b001f217d2611b3f98b_2.5
504a7166ca125b001f217d2611b3f98b,Lincoln City,Bristol Rovers,2025-03-15T15:00:00Z,soccer_england_league1,League One,coolbet,2.5,1.97,1.78,2025-03-14T11:54:38Z,2025-03-14,504a7166ca125b001f217d2611b3f98b_2.5
504a7166ca125b001f217d2611b3f98b,Lincoln City,Bristol Rovers,2025-03-15T15:00:00Z,soccer_england_league1,League One,betus,2.5,1.95,1.8,2025-03-14T11:54:36Z,2025-03-14,504a7166ca125b001f217d2611b3f98b_2.5
504a7166ca125b001f217d2611b3f98b,Lincoln City,Bristol Rovers,2025-03-15T15:00:00Z,soccer_england_league1,League One,pinnacle,2.5,2.0,1.85,2025-03-14T11:54:36Z,2025-03-14,504a7166ca125b001f217d2611b3f98b_2.5
504a7166ca125b001f217d2611b3f98b,Lincoln City,Bristol Rovers,2025-03-15T15:00:00Z,soccer_england_league1,League One,tipico_de,2.5,1.9,1.8,2025-03-14T11:54:38Z,2025-03-14,504a7166ca125b001f217d2611b3f98b_2.5
504a7166ca125b001f217d2611b3f98b,Lincoln City,Bristol Rovers,2025-03-15T15:00:00Z,soccer_england_league1,League One,matchbook,2.5,1.99,1.86,2025-03-14T11:54:37Z,2025-03-14,504a7166ca125b001f217d2611b3f98b_2.5
504a7166ca125b001f217d2611b3f98b,Lincoln City,Bristol Rovers,2025-03-15T15:00:00Z,soccer_england_league1,League One,lowvig,2.5,2.01,1.83,2025-03-14T11:54:36Z,2025-03-14,504a7166ca125b001f217d2611b3f98b_2.5
504a7166ca125b001f217d2611b3f98b,Lincoln City,Bristol Rovers,2025-03-15T15:00:00Z,soccer_england_league1,League One,betonlineag,2.5,2.01,1.83,2025-03-14T11:53:04Z,2025-03-14,504a7166ca125b001f217d2611b3f98b_2.5
8adde01e42e2d2cedbd9750d672cdea7,Shrewsbury Town,Burton Albion,2025-03-15T15:00:00Z,soccer_england_league1,League One,onexbet,2.5,2.4,1.57,2025-03-14T11:54:36Z,2025-03-14,8adde01e42e2d2cedbd9750d672cdea7_2.5
8adde01e42e2d2cedbd9750d672cdea7,Shrewsbury Town,Burton Albion,2025-03-15T15:00:00Z,soccer_england_league1,League One,pinnacle,2.0,1.81,2.04,2025-03-14T11:54:36Z,2025-03-14,8adde01e42e2d2cedbd9750d672cdea7_2.0
8adde01e42e2d2cedbd9750d672cdea7,Shrewsbury Town,Burton Albion,2025-03-15T15:00:00Z,soccer_england_league1,League One,williamhill,2.5,2.25,1.6,2025-03-14T11:54:38Z,2025-03-14,8adde01e42e2d2cedbd9750d672cdea7_2.5
8adde01e42e2d2cedbd9750d672cdea7,Shrewsbury Town,Burton Albion,2025-03-15T15:00:00Z,soccer_england_league1,League One,nordicbet,2.5,2.4,1.57,2025-03-14T11:54:37Z,2025-03-14,8adde01e42e2d2cedbd9750d672cdea7_2.5
8adde01e42e2d2cedbd9750d672cdea7,Shrewsbury Town,Burton Albion,2025-03-15T15:00:00Z,soccer_england_league1,League One,betsson,2.5,2.4,1.57,2025-03-14T11:54:37Z,2025-03-14,8adde01e42e2d2cedbd9750d672cdea7_2.5
8adde01e42e2d2cedbd9750d672cdea7,Shrewsbury Town,Burton Albion,2025-03-15T15:00:00Z,soccer_england_league1,League One,bovada,2.0,1.77,2.0,2025-03-14T11:54:36Z,2025-03-14,8adde01e42e2d2cedbd9750d672cdea7_2.0
8adde01e42e2d2cedbd9750d672cdea7,Shrewsbury Town,Burton Albion,2025-03-15T15:00:00Z,soccer_england_league1,League One,betrivers,2.5,2.45,1.49,2025-03-14T11:54:36Z,2025-03-14,8adde01e42e2d2cedbd9750d672cdea7_2.5
8adde01e42e2d2cedbd9750d672cdea7,Shrewsbury Town,Burton Albion,2025-03-15T15:00:00Z,soccer_england_league1,League One,unibet_eu,2.5,2.45,1.49,2025-03-14T11:54:37Z,2025-03-14,8adde01e42e2d2cedbd9750d672cdea7_2.5
8adde01e42e2d2cedbd9750d672cdea7,Shrewsbury Town,Burton Albion,2025-03-15T15:00:00Z,soccer_england_league1,League One,unibet,2.5,2.45,1.49,2025-03-14T11:54:38Z,2025-03-14,8adde01e42e2d2cedbd9750d672cdea7_2.5
8adde01e42e2d2cedbd9750d672cdea7,Shrewsbury Town,Burton Albion,2025-03-15T15:00:00Z,soccer_england_league1,League One,coolbet,2.0,1.74,2.02,2025-03-14T11:54:38Z,2025-03-14,8adde01e42e2d2cedbd9750d672cdea7_2.0
8adde01e42e2d2cedbd9750d672cdea7,Shrewsbury Town,Burton Albion,2025-03-15T15:00:00Z,soccer_england_league1,League One,betus,2.0,1.77,2.0,2025-03-14T11:54:36Z,2025-03-14,8adde01e42e2d2cedbd9750d672cdea7_2.0
8adde01e42e2d2cedbd9750d672cdea7,Shrewsbury Town,Burton Albion,2025-03-15T15:00:00Z,soccer_england_league1,League One,tipico_de,2.5,2.25,1.55,2025-03-14T11:54:38Z,2025-03-14,8adde01e42e2d2cedbd9750d672cdea7_2.5
8adde01e42e2d2cedbd9750d672cdea7,Shrewsbury Town,Burton Albion,2025-03-15T15:00:00Z,soccer_england_league1,League One,matchbook,2.5,2.4,1.6,2025-03-14T11:54:37Z,2025-03-14,8adde01e42e2d2cedbd9750d672cdea7_2.5
8adde01e42e2d2cedbd9750d672cdea7,Shrewsbury Town,Burton Albion,2025-03-15T15:00:00Z,soccer_england_league1,League One,lowvig,2.0,1.83,2.0,2025-03-14T11:54:36Z,2025-03-14,8adde01e42e2d2cedbd9750d672cdea7_2.0
8adde01e42e2d2cedbd9750d672cdea7,Shrewsbury Town,Burton Albion,2025-03-15T15:00:00Z,soccer_england_league1,League One,betonlineag,2.0,1.83,2.0,2025-03-14T11:53:04Z,2025-03-14,8adde01e42e2d2cedbd9750d672cdea7_2.0
d705c236578b709109e684e286de8a10,Charlton Athletic,Wigan Athletic,2025-03-15T15:00:00Z,soccer_england_league1,League One,onexbet,2.5,2.25,1.64,2025-03-14T11:54:36Z,2025-03-14,d705c236578b709109e684e286de8a10_2.5
d705c236578b709109e684e286de8a10,Charlton Athletic,Wigan Athletic,2025-03-15T15:00:00Z,soccer_england_league1,League One,williamhill,2.5,2.2,1.62,2025-03-14T11:54:38Z,2025-03-14,d705c236578b709109e684e286de8a10_2.5
d705c236578b709109e684e286de8a10,Charlton Athletic,Wigan Athletic,2025-03-15T15:00:00Z,soccer_england_league1,League One,nordicbet,2.5,2.25,1.62,2025-03-14T11:54:37Z,2025-03-14,d705c236578b709109e684e286de8a10_2.5
d705c236578b709109e684e286de8a10,Charlton Athletic,Wigan Athletic,2025-03-15T15:00:00Z,soccer_england_league1,League One,betsson,2.5,2.25,1.62,2025-03-14T11:54:37Z,2025-03-14,d705c236578b709109e684e286de8a10_2.5
d705c236578b709109e684e286de8a10,Charlton Athletic,Wigan Athletic,2025-03-15T15:00:00Z,soccer_england_league1,League One,bovada,2.25,1.95,1.8,2025-03-14T11:54:36Z,2025-03-14,d705c236578b709109e684e286de8a10_2.25
d705c236578b709109e684e286de8a10,Charlton Athletic,Wigan Athletic,2025-03-15T15:00:00Z,soccer_england_league1,League One,betrivers,2.5,2.15,1.64,2025-03-14T11:54:36Z,2025-03-14,d705c236578b709109e684e286de8a10_2.5
d705c236578b709109e684e286de8a10,Charlton Athletic,Wigan Athletic,2025-03-15T15:00:00Z,soccer_england_league1,League One,unibet,2.5,2.15,1.64,2025-03-14T11:54:38Z,2025-03-14,d705c236578b709109e684e286de8a10_2.5
d705c236578b709109e684e286de8a10,Charlton Athletic,Wigan Athletic,2025-03-15T15:00:00Z,soccer_england_league1,League One,unibet_eu,2.5,2.15,1.64,2025-03-14T11:54:37Z,2025-03-14,d705c236578b709109e684e286de8a10_2.5
d705c236578b709109e684e286de8a10,Charlton Athletic,Wigan Athletic,2025-03-15T15:00:00Z,soccer_england_league1,League One,coolbet,2.0,1.7,2.08,2025-03-14T11:54:38Z,2025-03-14,d705c236578b709109e684e286de8a10_2.0
d705c236578b709109e684e286de8a10,Charlton Athletic,Wigan Athletic,2025-03-15T15:00:00Z,soccer_england_league1,League One,betus,2.25,1.95,1.8,2025-03-14T11:54:36Z,2025-03-14,d705c236578b709109e684e286de8a10_2.25
d705c236578b709109e684e286de8a10,Charlton Athletic,Wigan Athletic,2025-03-15T15:00:00Z,soccer_england_league1,League One,pinnacle,2.25,2.0,1.84,2025-03-14T11:54:36Z,2025-03-14,d705c236578b709109e684e286de8a10_2.25
d705c236578b709109e684e286de8a10,Charlton Athletic,Wigan Athletic,2025-03-15T15:00:00Z,soccer_england_league1,League One,tipico_de,2.5,2.15,1.62,2025-03-14T11:54:38Z,2025-03-14,d705c236578b709109e684e286de8a10_2.5
d705c236578b709109e684e286de8a10,Charlton Athletic,Wigan Athletic,2025-03-15T15:00:00Z,soccer_england_league1,League One,lowvig,2.25,2.05,1.8,2025-03-14T11:54:36Z,2025-03-14,d705c236578b709109e684e286de8a10_2.25
d705c236578b709109e684e286de8a10,Charlton Athletic,Wigan Athletic,2025-03-15T15:00:00Z,soccer_england_league1,League One,betonlineag,2.25,2.05,1.8,2025-03-14T11:53:04Z,2025-03-14,d705c236578b709109e684e286de8a10_2.25
e84e7d2ccd1d242f36a7bc3aeba10ee9,Huddersfield Town,Crawley Town,2025-03-15T15:00:00Z,soccer_england_league1,League One,onexbet,2.5,1.61,2.3,2025-03-14T11:54:36Z,2025-03-14,e84e7d2ccd1d242f36a7bc3aeba10ee9_2.5
e84e7d2ccd1d242f36a7bc3aeba10ee9,Huddersfield Town,Crawley Town,2025-03-15T15:00:00Z,soccer_england_league1,League One,williamhill,2.5,1.62,2.2,2025-03-14T11:54:38Z,2025-03-14,e84e7d2ccd1d242f36a7bc3aeba10ee9_2.5
e84e7d2ccd1d242f36a7bc3aeba10ee9,Huddersfield Town,Crawley Town,2025-03-15T15:00:00Z,soccer_england_league1,League One,nordicbet,2.5,1.6,2.3,2025-03-14T11:54:37Z,2025-03-14,e84e7d2ccd1d242f36a7bc3aeba10ee9_2.5
e84e7d2ccd1d242f36a7bc3aeba10ee9,Huddersfield Town,Crawley Town,2025-03-15T15:00:00Z,soccer_england_league1,League One,betsson,2.5,1.6,2.3,2025-03-14T11:54:37Z,2025-03-14,e84e7d2ccd1d242f36a7bc3aeba10ee9_2.5
e84e7d2ccd1d242f36a7bc3aeba10ee9,Huddersfield Town,Crawley Town,2025-03-15T15:00:00Z,soccer_england_league1,League One,bovada,3.0,1.98,1.78,2025-03-14T11:54:36Z,2025-03-14,e84e7d2ccd1d242f36a7bc3aeba10ee9_3.0
e84e7d2ccd1d242f36a7bc3aeba10ee9,Huddersfield Town,Crawley Town,2025-03-15T15:00:00Z,soccer_england_league1,League One,betrivers,2.5,1.57,2.25,2025-03-14T11:54:36Z,2025-03-14,e84e7d2ccd1d242f36a7bc3aeba10ee9_2.5
e84e7d2ccd1d242f36a7bc3aeba10ee9,Huddersfield Town,Crawley Town,2025-03-15T15:00:00Z,soccer_england_league1,League One,unibet_eu,2.5,1.57,2.25,2025-03-14T11:54:37Z,2025-03-14,e84e7d2ccd1d242f36a7bc3aeba10ee9_2.5
e84e7d2ccd1d242f36a7bc3aeba10ee9,Huddersfield Town,Crawley Town,2025-03-15T15:00:00Z,soccer_england_league1,League One,unibet,2.5,1.58,2.25,2025-03-14T11:54:38Z,2025-03-14,e84e7d2ccd1d242f36a7bc3aeba10ee9_2.5
e84e7d2ccd1d242f36a7bc3aeba10ee9,Huddersfield Town,Crawley Town,2025-03-15T15:00:00Z,soccer_england_league1,League One,coolbet,3.0,2.03,1.73,2025-03-14T11:54:38Z,2025-03-14,e84e7d2ccd1d242f36a7bc3aeba10ee9_3.0
e84e7d2ccd1d242f36a7bc3aeba10ee9,Huddersfield Town,Crawley Town,2025-03-15T15:00:00Z,soccer_england_league1,League One,betus,3.0,1.98,1.78,2025-03-14T11:54:36Z,2025-03-14,e84e7d2ccd1d242f36a7bc3aeba10ee9_3.0
e84e7d2ccd1d242f36a7bc3aeba10ee9,Huddersfield Town,Crawley Town,2025-03-15T15:00:00Z,soccer_england_league1,League One,pinnacle,3.0,2.01,1.83,2025-03-14T11:54:36Z,2025-03-14,e84e7d2ccd1d242f36a7bc3aeba10ee9_3.0
e84e7d2ccd1d242f36a7bc3aeba10ee9,Huddersfield Town,Crawley Town,2025-03-15T15:00:00Z,soccer_england_league1,League One,tipico_de,2.5,1.55,2.25,2025-03-14T11:54:38Z,2025-03-14,e84e7d2ccd1d242f36a7bc3aeba10ee9_2.5
e84e7d2ccd1d242f36a7bc3aeba10ee9,Huddersfield Town,Crawley Town,2025-03-15T15:00:00Z,soccer_england_league1,League One,matchbook,2.5,1.63,2.34,2025-03-14T11:54:37Z,2025-03-14,e84e7d2ccd1d242f36a7bc3aeba10ee9_2.5
e84e7d2ccd1d242f36a7bc3aeba10ee9,Huddersfield Town,Crawley Town,2025-03-15T15:00:00Z,soccer_england_league1,League One,lowvig,2.75,1.82,2.02,2025-03-14T11:54:36Z,2025-03-14,e84e7d2ccd1d242f36a7bc3aeba10ee9_2.75
e84e7d2ccd1d242f36a7bc3aeba10ee9,Huddersfield Town,Crawley Town,2025-03-15T15:00:00Z,soccer_england_league1,League One,betonlineag,2.75,1.82,2.02,2025-03-14T11:53:04Z,2025-03-14,e84e7d2ccd1d242f36a7bc3aeba10ee9_2.75
5d93161a1c2100de639deef14a1a13fb,Rotherham United,Exeter City,2025-03-15T15:00:00Z,soccer_england_league1,League One,onexbet,2.5,2.0,1.81,2025-03-14T11:54:36Z,2025-03-14,5d93161a1c2100de639deef14a1a13fb_2.5
5d93161a1c2100de639deef14a1a13fb,Rotherham United,Exeter City,2025-03-15T15:00:00Z,soccer_england_league1,League One,williamhill,2.5,1.95,1.8,2025-03-14T11:54:38Z,2025-03-14,5d93161a1c2100de639deef14a1a13fb_2.5
5d93161a1c2100de639deef14a1a13fb,Rotherham United,Exeter City,2025-03-15T15:00:00Z,soccer_england_league1,League One,nordicbet,2.5,2.0,1.8,2025-03-14T11:54:37Z,2025-03-14,5d93161a1c2100de639deef14a1a13fb_2.5
5d93161a1c2100de639deef14a1a13fb,Rotherham United,Exeter City,2025-03-15T15:00:00Z,soccer_england_league1,League One,betsson,2.5,2.0,1.8,2025-03-14T11:54:37Z,2025-03-14,5d93161a1c2100de639deef14a1a13fb_2.5
5d93161a1c2100de639deef14a1a13fb,Rotherham United,Exeter City,2025-03-15T15:00:00Z,soccer_england_league1,League One,bovada,2.5,1.98,1.78,2025-03-14T11:54:36Z,2025-03-14,5d93161a1c2100de639deef14a1a13fb_2.5
5d93161a1c2100de639deef14a1a13fb,Rotherham United,Exeter City,2025-03-15T15:00:00Z,soccer_england_league1,League One,betrivers,2.5,2.02,1.72,2025-03-14T11:54:36Z,2025-03-14,5d93161a1c2100de639deef14a1a13fb_2.5
5d93161a1c2100de639deef14a1a13fb,Rotherham United,Exeter City,2025-03-15T15:00:00Z,soccer_england_league1,League One,unibet_eu,2.5,2.02,1.72,2025-03-14T11:54:37Z,2025-03-14,5d93161a1c2100de639deef14a1a13fb_2.5
5d93161a1c2100de639deef14a1a13fb,Rotherham United,Exeter City,2025-03-15T15:00:00Z,soccer_england_league1,League One,unibet,2.5,2.02,1.72,2025-03-14T11:54:38Z,2025-03-14,5d93161a1c2100de639deef14a1a13fb_2.5
5d93161a1c2100de639deef14a1a13fb,Rotherham United,Exeter City,2025-03-15T15:00:00Z,soccer_england_league1,League One,coolbet,2.5,1.97,1.78,2025-03-14T11:54:38Z,2025-03-14,5d93161a1c2100de639deef14a1a13fb_2.5
5d93161a1c2100de639deef14a1a13fb,Rotherham United,Exeter City,2025-03-15T15:00:00Z,soccer_england_league1,League One,betus,2.5,1.98,1.78,2025-03-14T11:54:36Z,2025-03-14,5d93161a1c2100de639deef14a1a13fb_2.5
5d93161a1c2100de639deef14a1a13fb,Rotherham United,Exeter City,2025-03-15T15:00:00Z,soccer_england_league1,League One,pinnacle,2.5,2.02,1.82,2025-03-14T11:54:36Z,2025-03-14,5d93161a1c2100de639deef14a1a13fb_2.5
5d93161a1c2100de639deef14a1a13fb,Rotherham United,Exeter City,2025-03-15T15:00:00Z,soccer_england_league1,League One,tipico_de,2.5,1.93,1.75,2025-03-14T11:54:38Z,2025-03-14,5d93161a1c2100de639deef14a1a13fb_2.5
5d93161a1c2100de639deef14a1a13fb,Rotherham United,Exeter City,2025-03-15T15:00:00Z,soccer_england_league1,League One,lowvig,2.5,2.01,1.83,2025-03-14T11:54:36Z,2025-03-14,5d93161a1c2100de639deef14a1a13fb_2.5
5d93161a1c2100de639deef14a1a13fb,Rotherham United,Exeter City,2025-03-15T15:00:00Z,soccer_england_league1,League One,betonlineag,2.5,2.01,1.83,2025-03-14T11:53:04Z,2025-03-14,5d93161a1c2100de639deef14a1a13fb_2.5
ec10b26bbf2f2c70641005f7ab882745,Reading,Stevenage,2025-03-15T15:00:00Z,soccer_england_league1,League One,onexbet,2.5,2.2,1.67,2025-03-14T11:54:36Z,2025-03-14,ec10b26bbf2f2c70641005f7ab882745_2.5
ec10b26bbf2f2c70641005f7ab882745,Reading,Stevenage,2025-03-15T15:00:00Z,soccer_england_league1,League One,williamhill,2.5,2.15,1.65,2025-03-14T11:54:38Z,2025-03-14,ec10b26bbf2f2c70641005f7ab882745_2.5
ec10b26bbf2f2c70641005f7ab882745,Reading,Stevenage,2025-03-15T15:00:00Z,soccer_england_league1,League One,nordicbet,2.5,2.2,1.66,2025-03-14T11:54:37Z,2025-03-14,ec10b26bbf2f2c70641005f7ab882745_2.5
ec10b26bbf2f2c70641005f7ab882745,Reading,Stevenage,2025-03-15T15:00:00Z,soccer_england_league1,League One,betsson,2.5,2.2,1.66,2025-03-14T11:54:37Z,2025-03-14,ec10b26bbf2f2c70641005f7ab882745_2.5
ec10b26bbf2f2c70641005f7ab882745,Reading,Stevenage,2025-03-15T15:00:00Z,soccer_england_league1,League One,bovada,2.25,1.91,1.83,2025-03-14T11:54:36Z,2025-03-14,ec10b26bbf2f2c70641005f7ab882745_2.25
ec10b26bbf2f2c70641005f7ab882745,Reading,Stevenage,2025-03-15T15:00:00Z,soccer_england_league1,League One,betrivers,2.5,2.12,1.66,2025-03-14T11:54:36Z,2025-03-14,ec10b26bbf2f2c70641005f7ab882745_2.5
ec10b26bbf2f2c70641005f7ab882745,Reading,Stevenage,2025-03-15T15:00:00Z,soccer_england_league1,League One,unibet_eu,2.5,2.12,1.66,2025-03-14T11:54:37Z,2025-03-14,ec10b26bbf2f2c70641005f7ab882745_2.5
ec10b26bbf2f2c70641005f7ab882745,Reading,Stevenage,2025-03-15T15:00:00Z,soccer_england_league1,League One,unibet,2.5,2.12,1.66,2025-03-14T11:54:38Z,2025-03-14,ec10b26bbf2f2c70641005f7ab882745_2.5
ec10b26bbf2f2c70641005f7ab882745,Reading,Stevenage,2025-03-15T15:00:00Z,soccer_england_league1,League One,coolbet,2.5,2.16,1.65,2025-03-14T11:54:38Z,2025-03-14,ec10b26bbf2f2c70641005f7ab882745_2.5
ec10b26bbf2f2c70641005f7ab882745,Reading,Stevenage,2025-03-15T15:00:00Z,soccer_england_league1,League One,betus,2.25,1.91,1.83,2025-03-14T11:54:36Z,2025-03-14,ec10b26bbf2f2c70641005f7ab882745_2.25
ec10b26bbf2f2c70641005f7ab882745,Reading,Stevenage,2025-03-15T15:00:00Z,soccer_england_league1,League One,pinnacle,2.25,1.96,1.88,2025-03-14T11:54:36Z,2025-03-14,ec10b26bbf2f2c70641005f7ab882745_2.25
ec10b26bbf2f2c70641005f7ab882745,Reading,Stevenage,2025-03-15T15:00:00Z,soccer_england_league1,League One,tipico_de,2.5,2.1,1.65,2025-03-14T11:54:38Z,2025-03-14,ec10b26bbf2f2c70641005f7ab882745_2.5
ec10b26bbf2f2c70641005f7ab882745,Reading,Stevenage,2025-03-15T15:00:00Z,soccer_england_league1,League One,matchbook,2.5,2.02,1.68,2025-03-14T11:54:37Z,2025-03-14,ec10b26bbf2f2c70641005f7ab882745_2.5
ec10b26bbf2f2c70641005f7ab882745,Reading,Stevenage,2025-03-15T15:00:00Z,soccer_england_league1,League One,lowvig,2.25,1.91,1.91,2025-03-14T11:54:36Z,2025-03-14,ec10b26bbf2f2c70641005f7ab882745_2.25
ec10b26bbf2f2c70641005f7ab882745,Reading,Stevenage,2025-03-15T15:00:00Z,soccer_england_league1,League One,betonlineag,2.25,1.91,1.91,2025-03-14T11:53:04Z,2025-03-14,ec10b26bbf2f2c70641005f7ab882745_2.25
be8544f8e225971faf51be5e96406b35,Wycombe Wanderers,Wrexham AFC,2025-03-15T15:00:00Z,soccer_england_league1,League One,onexbet,2.5,2.25,1.64,2025-03-14T11:54:36Z,2025-03-14,be8544f8e225971faf51be5e96406b35_2.5
be8544f8e225971faf51be5e96406b35,Wycombe Wanderers,Wrexham AFC,2025-03-15T15:00:00Z,soccer_england_league1,League One,williamhill,2.5,2.2,1.62,2025-03-14T11:54:38Z,2025-03-14,be8544f8e225971faf51be5e96406b35_2.5
be8544f8e225971faf51be5e96406b35,Wycombe Wanderers,Wrexham AFC,2025-03-15T15:00:00Z,soccer_england_league1,League One,nordicbet,2.5,2.25,1.62,2025-03-14T11:54:37Z,2025-03-14,be8544f8e225971faf51be5e96406b35_2.5
be8544f8e225971faf51be5e96406b35,Wycombe Wanderers,Wrexham AFC,2025-03-15T15:00:00Z,soccer_england_league1,League One,betsson,2.5,2.25,1.62,2025-03-14T11:54:37Z,2025-03-14,be8544f8e225971faf51be5e96406b35_2.5
be8544f8e225971faf51be5e96406b35,Wycombe Wanderers,Wrexham AFC,2025-03-15T15:00:00Z,soccer_england_league1,League One,bovada,2.25,1.93,1.82,2025-03-14T11:54:36Z,2025-03-14,be8544f8e225971faf51be5e96406b35_2.25
be8544f8e225971faf51be5e96406b35,Wycombe Wanderers,Wrexham AFC,2025-03-15T15:00:00Z,soccer_england_league1,League One,betrivers,2.5,2.2,1.61,2025-03-14T11:54:36Z,2025-03-14,be8544f8e225971faf51be5e96406b35_2.5
be8544f8e225971faf51be5e96406b35,Wycombe Wanderers,Wrexham AFC,2025-03-15T15:00:00Z,soccer_england_league1,League One,unibet_eu,2.5,2.2,1.61,2025-03-14T11:54:37Z,2025-03-14,be8544f8e225971faf51be5e96406b35_2.5
be8544f8e225971faf51be5e96406b35,Wycombe Wanderers,Wrexham AFC,2025-03-15T15:00:00Z,soccer_england_league1,League One,unibet,2.5,2.2,1.61,2025-03-14T11:54:38Z,2025-03-14,be8544f8e225971faf51be5e96406b35_2.5
be8544f8e225971faf51be5e96406b35,Wycombe Wanderers,Wrexham AFC,2025-03-15T15:00:00Z,soccer_england_league1,League One,coolbet,2.0,1.64,2.17,2025-03-14T11:54:38Z,2025-03-14,be8544f8e225971faf51be5e96406b35_2.0
be8544f8e225971faf51be5e96406b35,Wycombe Wanderers,Wrexham AFC,2025-03-15T15:00:00Z,soccer_england_league1,League One,betus,2.25,1.93,1.82,2025-03-14T11:54:36Z,2025-03-14,be8544f8e225971faf51be5e96406b35_2.25
be8544f8e225971faf51be5e96406b35,Wycombe Wanderers,Wrexham AFC,2025-03-15T15:00:00Z,soccer_england_league1,League One,pinnacle,2.25,2.0,1.85,2025-03-14T11:54:36Z,2025-03-14,be8544f8e225971faf51be5e96406b35_2.25
be8544f8e225971faf51be5e96406b35,Wycombe Wanderers,Wrexham AFC,2025-03-15T15:00:00Z,soccer_england_league1,League One,tipico_de,2.5,2.15,1.62,2025-03-14T11:54:38Z,2025-03-14,be8544f8e225971faf51be5e96406b35_2.5
be8544f8e225971faf51be5e96406b35,Wycombe Wanderers,Wrexham AFC,2025-03-15T15:00:00Z,soccer_england_league1,League One,matchbook,2.5,2.24,1.63,2025-03-14T11:54:37Z,2025-03-14,be8544f8e225971faf51be5e96406b35_2.5
be8544f8e225971faf51be5e96406b35,Wycombe Wanderers,Wrexham AFC,2025-03-15T15:00:00Z,soccer_england_league1,League One,lowvig,2.25,1.98,1.85,2025-03-14T11:54:36Z,2025-03-14,be8544f8e225971faf51be5e96406b35_2.25
be8544f8e225971faf51be5e96406b35,Wycombe Wanderers,Wrexham AFC,2025-03-15T15:00:00Z,soccer_england_league1,League One,betonlineag,2.25,1.98,1.85,2025-03-14T11:53:04Z,2025-03-14,be8544f8e225971faf51be5e96406b35_2.25
a9b2273270daa43210f7ae2238fe1509,Swindon Town,Cheltenham Town,2025-03-15T12:30:00Z,soccer_england_league2,League Two,onexbet,2.5,1.9,1.87,2025-03-14T11:54:44Z,2025-03-14,a9b2273270daa43210f7ae2238fe1509_2.5
a9b2273270daa43210f7ae2238fe1509,Swindon Town,Cheltenham Town,2025-03-15T12:30:00Z,soccer_england_league2,League Two,williamhill,2.5,1.91,1.83,2025-03-14T11:54:45Z,2025-03-14,a9b2273270daa43210f7ae2238fe1509_2.5
a9b2273270daa43210f7ae2238fe1509,Swindon Town,Cheltenham Town,2025-03-15T12:30:00Z,soccer_england_league2,League Two,betsson,2.5,1.9,1.87,2025-03-14T11:54:45Z,2025-03-14,a9b2273270daa43210f7ae2238fe1509_2.5
a9b2273270daa43210f7ae2238fe1509,Swindon Town,Cheltenham Town,2025-03-15T12:30:00Z,soccer_england_league2,League Two,nordicbet,2.5,1.9,1.87,2025-03-14T11:54:45Z,2025-03-14,a9b2273270daa43210f7ae2238fe1509_2.5
a9b2273270daa43210f7ae2238fe1509,Swindon Town,Cheltenham Town,2025-03-15T12:30:00Z,soccer_england_league2,League Two,bovada,2.5,1.89,1.85,2025-03-14T11:54:44Z,2025-03-14,a9b2273270daa43210f7ae2238fe1509_2.5
a9b2273270daa43210f7ae2238fe1509,Swindon Town,Cheltenham Town,2025-03-15T12:30:00Z,soccer_england_league2,League Two,betrivers,2.5,1.83,1.88,2025-03-14T11:54:45Z,2025-03-14,a9b2273270daa43210f7ae2238fe1509_2.5
a9b2273270daa43210f7ae2238fe1509,Swindon Town,Cheltenham Town,2025-03-15T12:30:00Z,soccer_england_league2,League Two,unibet_eu,2.5,1.83,1.88,2025-03-14T11:54:45Z,2025-03-14,a9b2273270daa43210f7ae2238fe1509_2.5
a9b2273270daa43210f7ae2238fe1509,Swindon Town,Cheltenham Town,2025-03-15T12:30:00Z,soccer_england_league2,League Two,unibet,2.5,1.84,1.88,2025-03-14T11:54:45Z,2025-03-14,a9b2273270daa43210f7ae2238fe1509_2.5
a9b2273270daa43210f7ae2238fe1509,Swindon Town,Cheltenham Town,2025-03-15T12:30:00Z,soccer_england_league2,League Two,betus,2.5,1.89,1.85,2025-03-14T11:54:45Z,2025-03-14,a9b2273270daa43210f7ae2238fe1509_2.5
a9b2273270daa43210f7ae2238fe1509,Swindon Town,Cheltenham Town,2025-03-15T12:30:00Z,soccer_england_league2,League Two,coolbet,2.5,1.92,1.82,2025-03-14T11:54:45Z,2025-03-14,a9b2273270daa43210f7ae2238fe1509_2.5
a9b2273270daa43210f7ae2238fe1509,Swindon Town,Cheltenham Town,2025-03-15T12:30:00Z,soccer_england_league2,League Two,pinnacle,2.5,1.92,1.88,2025-03-14T11:54:44Z,2025-03-14,a9b2273270daa43210f7ae2238fe1509_2.5
a9b2273270daa43210f7ae2238fe1509,Swindon Town,Cheltenham Town,2025-03-15T12:30:00Z,soccer_england_league2,League Two,tipico_de,2.5,1.83,1.85,2025-03-14T11:54:46Z,2025-03-14,a9b2273270daa43210f7ae2238fe1509_2.5
a9b2273270daa43210f7ae2238fe1509,Swindon Town,Cheltenham Town,2025-03-15T12:30:00Z,soccer_england_league2,League Two,matchbook,2.5,1.91,1.91,2025-03-14T11:54:44Z,2025-03-14,a9b2273270daa43210f7ae2238fe1509_2.5
a9b2273270daa43210f7ae2238fe1509,Swindon Town,Cheltenham Town,2025-03-15T12:30:00Z,soccer_england_league2,League Two,lowvig,2.5,1.93,1.89,2025-03-14T11:54:44Z,2025-03-14,a9b2273270daa43210f7ae2238fe1509_2.5
a9b2273270daa43210f7ae2238fe1509,Swindon Town,Cheltenham Town,2025-03-15T12:30:00Z,soccer_england_league2,League Two,betonlineag,2.5,1.93,1.89,2025-03-14T11:53:13Z,2025-03-14,a9b2273270daa43210f7ae2238fe1509_2.5
4b624f75a88a4fbf149d1ebdb550b696,Crewe Alexandra,Doncaster Rovers,2025-03-15T12:30:00Z,soccer_england_league2,League Two,pinnacle,2.25,1.82,1.99,2025-03-14T11:54:44Z,2025-03-14,4b624f75a88a4fbf149d1ebdb550b696_2.25
4b624f75a88a4fbf149d1ebdb550b696,Crewe Alexandra,Doncaster Rovers,2025-03-15T12:30:00Z,soccer_england_league2,League Two,onexbet,2.5,2.05,1.74,2025-03-14T11:54:44Z,2025-03-14,4b624f75a88a4fbf149d1ebdb550b696_2.5
4b624f75a88a4fbf149d1ebdb550b696,Crewe Alexandra,Doncaster Rovers,2025-03-15T12:30:00Z,soccer_england_league2,League Two,betsson,2.5,2.05,1.75,2025-03-14T11:54:45Z,2025-03-14,4b624f75a88a4fbf149d1ebdb550b696_2.5
4b624f75a88a4fbf149d1ebdb550b696,Crewe Alexandra,Doncaster Rovers,2025-03-15T12:30:00Z,soccer_england_league2,League Two,nordicbet,2.5,2.05,1.75,2025-03-14T11:54:45Z,2025-03-14,4b624f75a88a4fbf149d1ebdb550b696_2.5
4b624f75a88a4fbf149d1ebdb550b696,Crewe Alexandra,Doncaster Rovers,2025-03-15T12:30:00Z,soccer_england_league2,League Two,bovada,2.25,1.8,1.95,2025-03-14T11:54:44Z,2025-03-14,4b624f75a88a4fbf149d1ebdb550b696_2.25
4b624f75a88a4fbf149d1ebdb550b696,Crewe Alexandra,Doncaster Rovers,2025-03-15T12:30:00Z,soccer_england_league2,League Two,betrivers,2.5,1.93,1.78,2025-03-14T11:54:45Z,2025-03-14,4b624f75a88a4fbf149d1ebdb550b696_2.5
4b624f75a88a4fbf149d1ebdb550b696,Crewe Alexandra,Doncaster Rovers,2025-03-15T12:30:00Z,soccer_england_league2,League Two,unibet_eu,2.5,1.93,1.78,2025-03-14T11:54:45Z,2025-03-14,4b624f75a88a4fbf149d1ebdb550b696_2.5
4b624f75a88a4fbf149d1ebdb550b696,Crewe Alexandra,Doncaster Rovers,2025-03-15T12:30:00Z,soccer_england_league2,League Two,unibet,2.5,1.94,1.78,2025-03-14T11:54:45Z,2025-03-14,4b624f75a88a4fbf149d1ebdb550b696_2.5
4b624f75a88a4fbf149d1ebdb550b696,Crewe Alexandra,Doncaster Rovers,2025-03-15T12:30:00Z,soccer_england_league2,League Two,betus,2.25,1.83,1.92,2025-03-14T11:54:45Z,2025-03-14,4b624f75a88a4fbf149d1ebdb550b696_2.25
4b624f75a88a4fbf149d1ebdb550b696,Crewe Alexandra,Doncaster Rovers,2025-03-15T12:30:00Z,soccer_england_league2,League Two,coolbet,2.5,2.02,1.74,2025-03-14T11:54:45Z,2025-03-14,4b624f75a88a4fbf149d1ebdb550b696_2.5
4b624f75a88a4fbf149d1ebdb550b696,Crewe Alexandra,Doncaster Rovers,2025-03-15T12:30:00Z,soccer_england_league2,League Two,williamhill,2.5,2.05,1.7,2025-03-14T11:54:45Z,2025-03-14,4b624f75a88a4fbf149d1ebdb550b696_2.5
4b624f75a88a4fbf149d1ebdb550b696,Crewe Alexandra,Doncaster Rovers,2025-03-15T12:30:00Z,soccer_england_league2,League Two,tipico_de,2.5,1.97,1.72,2025-03-14T11:54:46Z,2025-03-14,4b624f75a88a4fbf149d1ebdb550b696_2.5
4b624f75a88a4fbf149d1ebdb550b696,Crewe Alexandra,Doncaster Rovers,2025-03-15T12:30:00Z,soccer_england_league2,League Two,matchbook,2.5,2.08,1.79,2025-03-14T11:54:44Z,2025-03-14,4b624f75a88a4fbf149d1ebdb550b696_2.5
4b624f75a88a4fbf149d1ebdb550b696,Crewe Alexandra,Doncaster Rovers,2025-03-15T12:30:00Z,soccer_england_league2,League Two,lowvig,2.25,1.85,1.98,2025-03-14T11:54:44Z,2025-03-14,4b624f75a88a4fbf149d1ebdb550b696_2.25
4b624f75a88a4fbf149d1ebdb550b696,Crewe Alexandra,Doncaster Rovers,2025-03-15T12:30:00Z,soccer_england_league2,League Two,betonlineag,2.25,1.85,1.98,2025-03-14T11:53:13Z,2025-03-14,4b624f75a88a4fbf149d1ebdb550b696_2.25
88b36ac7ff615b44aa01427772e90ace,Accrington Stanley,Gillingham,2025-03-15T15:00:00Z,soccer_england_league2,League Two,onexbet,2.5,2.5,1.51,2025-03-14T11:54:44Z,2025-03-14,88b36ac7ff615b44aa01427772e90ace_2.5
88b36ac7ff615b44aa01427772e90ace,Accrington Stanley,Gillingham,2025-03-15T15:00:00Z,soccer_england_league2,League Two,williamhill,2.5,2.5,1.5,2025-03-14T11:54:45Z,2025-03-14,88b36ac7ff615b44aa01427772e90ace_2.5
88b36ac7ff615b44aa01427772e90ace,Accrington Stanley,Gillingham,2025-03-15T15:00:00Z,soccer_england_league2,League Two,betsson,2.5,2.45,1.53,2025-03-14T11:54:45Z,2025-03-14,88b36ac7ff615b44aa01427772e90ace_2.5
88b36ac7ff615b44aa01427772e90ace,Accrington Stanley,Gillingham,2025-03-15T15:00:00Z,soccer_england_league2,League Two,nordicbet,2.5,2.45,1.53,2025-03-14T11:54:45Z,2025-03-14,88b36ac7ff615b44aa01427772e90ace_2.5
88b36ac7ff615b44aa01427772e90ace,Accrington Stanley,Gillingham,2025-03-15T15:00:00Z,soccer_england_league2,League Two,bovada,2.0,1.85,1.89,2025-03-14T11:54:44Z,2025-03-14,88b36ac7ff615b44aa01427772e90ace_2.0
88b36ac7ff615b44aa01427772e90ace,Accrington Stanley,Gillingham,2025-03-15T15:00:00Z,soccer_england_league2,League Two,betrivers,2.5,2.43,1.5,2025-03-14T11:54:45Z,2025-03-14,88b36ac7ff615b44aa01427772e90ace_2.5
88b36ac7ff615b44aa01427772e90ace,Accrington Stanley,Gillingham,2025-03-15T15:00:00Z,soccer_england_league2,League Two,unibet,2.5,2.43,1.5,2025-03-14T11:54:45Z,2025-03-14,88b36ac7ff615b44aa01427772e90ace_2.5
88b36ac7ff615b44aa01427772e90ace,Accrington Stanley,Gillingham,2025-03-15T15:00:00Z,soccer_england_league2,League Two,unibet_eu,2.5,2.43,1.5,2025-03-14T11:54:45Z,2025-03-14,88b36ac7ff615b44aa01427772e90ace_2.5
88b36ac7ff615b44aa01427772e90ace,Accrington Stanley,Gillingham,2025-03-15T15:00:00Z,soccer_england_league2,League Two,betus,2.0,1.85,1.89,2025-03-14T11:54:45Z,2025-03-14,88b36ac7ff615b44aa01427772e90ace_2.0
88b36ac7ff615b44aa01427772e90ace,Accrington Stanley,Gillingham,2025-03-15T15:00:00Z,soccer_england_league2,League Two,coolbet,2.0,1.82,1.92,2025-03-14T11:54:45Z,2025-03-14,88b36ac7ff615b44aa01427772e90ace_2.0
88b36ac7ff615b44aa01427772e90ace,Accrington Stanley,Gillingham,2025-03-15T15:00:00Z,soccer_england_league2,League Two,pinnacle,2.0,1.86,1.93,2025-03-14T11:54:44Z,2025-03-14,88b36ac7ff615b44aa01427772e90ace_2.0
88b36ac7ff615b44aa01427772e90ace,Accrington Stanley,Gillingham,2025-03-15T15:00:00Z,soccer_england_league2,League Two,tipico_de,2.5,2.4,1.5,2025-03-14T11:54:46Z,2025-03-14,88b36ac7ff615b44aa01427772e90ace_2.5
88b36ac7ff615b44aa01427772e90ace,Accrington Stanley,Gillingham,2025-03-15T15:00:00Z,soccer_england_league2,League Two,matchbook,1.5,1.44,2.36,2025-03-14T11:54:44Z,2025-03-14,88b36ac7ff615b44aa01427772e90ace_1.5
88b36ac7ff615b44aa01427772e90ace,Accrington Stanley,Gillingham,2025-03-15T15:00:00Z,soccer_england_league2,League Two,lowvig,2.0,1.95,1.87,2025-03-14T11:54:44Z,2025-03-14,88b36ac7ff615b44aa01427772e90ace_2.0
88b36ac7ff615b44aa01427772e90ace,Accrington Stanley,Gillingham,2025-03-15T15:00:00Z,soccer_england_league2,League Two,betonlineag,2.0,1.95,1.87,2025-03-14T11:53:13Z,2025-03-14,88b36ac7ff615b44aa01427772e90ace_2.0
ae1d5300f226297fba947f5d56be7db7,Morecambe,Barrow,2025-03-15T15:00:00Z,soccer_england_league2,League Two,pinnacle,2.0,1.79,2.03,2025-03-14T11:54:44Z,2025-03-14,ae1d5300f226297fba947f5d56be7db7_2.0
ae1d5300f226297fba947f5d56be7db7,Morecambe,Barrow,2025-03-15T15:00:00Z,soccer_england_league2,League Two,onexbet,2.5,2.35,1.57,2025-03-14T11:54:44Z,2025-03-14,ae1d5300f226297fba947f5d56be7db7_2.5
ae1d5300f226297fba947f5d56be7db7,Morecambe,Barrow,2025-03-15T15:00:00Z,soccer_england_league2,League Two,williamhill,2.5,2.3,1.57,2025-03-14T11:54:45Z,2025-03-14,ae1d5300f226297fba947f5d56be7db7_2.5
ae1d5300f226297fba947f5d56be7db7,Morecambe,Barrow,2025-03-15T15:00:00Z,soccer_england_league2,League Two,betsson,2.5,2.4,1.55,2025-03-14T11:54:45Z,2025-03-14,ae1d5300f226297fba947f5d56be7db7_2.5
ae1d5300f226297fba947f5d56be7db7,Morecambe,Barrow,2025-03-15T15:00:00Z,soccer_england_league2,League Two,nordicbet,2.5,2.4,1.55,2025-03-14T11:54:45Z,2025-03-14,ae1d5300f226297fba947f5d56be7db7_2.5
ae1d5300f226297fba947f5d56be7db7,Morecambe,Barrow,2025-03-15T15:00:00Z,soccer_england_league2,League Two,bovada,2.0,1.76,2.02,2025-03-14T11:54:44Z,2025-03-14,ae1d5300f226297fba947f5d56be7db7_2.0
ae1d5300f226297fba947f5d56be7db7,Morecambe,Barrow,2025-03-15T15:00:00Z,soccer_england_league2,League Two,betrivers,2.5,2.28,1.56,2025-03-14T11:54:45Z,2025-03-14,ae1d5300f226297fba947f5d56be7db7_2.5
ae1d5300f226297fba947f5d56be7db7,Morecambe,Barrow,2025-03-15T15:00:00Z,soccer_england_league2,League Two,unibet_eu,2.5,2.28,1.56,2025-03-14T11:54:45Z,2025-03-14,ae1d5300f226297fba947f5d56be7db7_2.5
ae1d5300f226297fba947f5d56be7db7,Morecambe,Barrow,2025-03-15T15:00:00Z,soccer_england_league2,League Two,unibet,2.5,2.28,1.57,2025-03-14T11:54:45Z,2025-03-14,ae1d5300f226297fba947f5d56be7db7_2.5
ae1d5300f226297fba947f5d56be7db7,Morecambe,Barrow,2025-03-15T15:00:00Z,soccer_england_league2,League Two,coolbet,2.0,1.74,2.02,2025-03-14T11:54:45Z,2025-03-14,ae1d5300f226297fba947f5d56be7db7_2.0
ae1d5300f226297fba947f5d56be7db7,Morecambe,Barrow,2025-03-15T15:00:00Z,soccer_england_league2,League Two,tipico_de,2.5,2.25,1.55,2025-03-14T11:54:46Z,2025-03-14,ae1d5300f226297fba947f5d56be7db7_2.5
ae1d5300f226297fba947f5d56be7db7,Morecambe,Barrow,2025-03-15T15:00:00Z,soccer_england_league2,League Two,matchbook,2.5,2.36,1.6,2025-03-14T11:54:44Z,2025-03-14,ae1d5300f226297fba947f5d56be7db7_2.5
ae1d5300f226297fba947f5d56be7db7,Morecambe,Barrow,2025-03-15T15:00:00Z,soccer_england_league2,League Two,betus,2.0,1.79,1.96,2025-03-14T11:54:45Z,2025-03-14,ae1d5300f226297fba947f5d56be7db7_2.0
ae1d5300f226297fba947f5d56be7db7,Morecambe,Barrow,2025-03-15T15:00:00Z,soccer_england_league2,League Two,lowvig,2.25,2.02,1.82,2025-03-14T11:54:44Z,2025-03-14,ae1d5300f226297fba947f5d56be7db7_2.25
ae1d5300f226297fba947f5d56be7db7,Morecambe,Barrow,2025-03-15T15:00:00Z,soccer_england_league2,League Two,betonlineag,2.25,2.02,1.82,2025-03-14T11:53:13Z,2025-03-14,ae1d5300f226297fba947f5d56be7db7_2.25
8ea8d29bf8f710a6150c90d77aa50feb,Bradford City,Tranmere Rovers,2025-03-15T15:00:00Z,soccer_england_league2,League Two,pinnacle,2.25,1.85,1.95,2025-03-14T11:54:44Z,2025-03-14,8ea8d29bf8f710a6150c90d77aa50feb_2.25
8ea8d29bf8f710a6150c90d77aa50feb,Bradford City,Tranmere Rovers,2025-03-15T15:00:00Z,soccer_england_league2,League Two,onexbet,2.5,2.09,1.71,2025-03-14T11:54:44Z,2025-03-14,8ea8d29bf8f710a6150c90d77aa50feb_2.5
8ea8d29bf8f710a6150c90d77aa50feb,Bradford City,Tranmere Rovers,2025-03-15T15:00:00Z,soccer_england_league2,League Two,williamhill,2.5,2.1,1.67,2025-03-14T11:54:45Z,2025-03-14,8ea8d29bf8f710a6150c90d77aa50feb_2.5
8ea8d29bf8f710a6150c90d77aa50feb,Bradford City,Tranmere Rovers,2025-03-15T15:00:00Z,soccer_england_league2,League Two,betsson,2.5,2.1,1.72,2025-03-14T11:54:45Z,2025-03-14,8ea8d29bf8f710a6150c90d77aa50feb_2.5
8ea8d29bf8f710a6150c90d77aa50feb,Bradford City,Tranmere Rovers,2025-03-15T15:00:00Z,soccer_england_league2,League Two,nordicbet,2.5,2.1,1.72,2025-03-14T11:54:45Z,2025-03-14,8ea8d29bf8f710a6150c90d77aa50feb_2.5
8ea8d29bf8f710a6150c90d77aa50feb,Bradford City,Tranmere Rovers,2025-03-15T15:00:00Z,soccer_england_league2,League Two,bovada,2.25,1.82,1.93,2025-03-14T11:54:44Z,2025-03-14,8ea8d29bf8f710a6150c90d77aa50feb_2.25
8ea8d29bf8f710a6150c90d77aa50feb,Bradford City,Tranmere Rovers,2025-03-15T15:00:00Z,soccer_england_league2,League Two,betrivers,2.5,1.93,1.78,2025-03-14T11:54:45Z,2025-03-14,8ea8d29bf8f710a6150c90d77aa50feb_2.5
8ea8d29bf8f710a6150c90d77aa50feb,Bradford City,Tranmere Rovers,2025-03-15T15:00:00Z,soccer_england_league2,League Two,unibet_eu,2.5,1.93,1.78,2025-03-14T11:54:45Z,2025-03-14,8ea8d29bf8f710a6150c90d77aa50feb_2.5
8ea8d29bf8f710a6150c90d77aa50feb,Bradford City,Tranmere Rovers,2025-03-15T15:00:00Z,soccer_england_league2,League Two,unibet,2.5,1.94,1.78,2025-03-14T11:54:45Z,2025-03-14,8ea8d29bf8f710a6150c90d77aa50feb_2.5
8ea8d29bf8f710a6150c90d77aa50feb,Bradford City,Tranmere Rovers,2025-03-15T15:00:00Z,soccer_england_league2,League Two,betus,2.25,1.85,1.88,2025-03-14T11:54:45Z,2025-03-14,8ea8d29bf8f710a6150c90d77aa50feb_2.25
8ea8d29bf8f710a6150c90d77aa50feb,Bradford City,Tranmere Rovers,2025-03-15T15:00:00Z,soccer_england_league2,League Two,coolbet,2.5,2.08,1.7,2025-03-14T11:54:45Z,2025-03-14,8ea8d29bf8f710a6150c90d77aa50feb_2.5
8ea8d29bf8f710a6150c90d77aa50feb,Bradford City,Tranmere Rovers,2025-03-15T15:00:00Z,soccer_england_league2,League Two,tipico_de,2.5,2.0,1.7,2025-03-14T11:54:46Z,2025-03-14,8ea8d29bf8f710a6150c90d77aa50feb_2.5
8ea8d29bf8f710a6150c90d77aa50feb,Bradford City,Tranmere Rovers,2025-03-15T15:00:00Z,soccer_england_league2,League Two,betonlineag,2.25,1.88,1.94,2025-03-14T11:53:13Z,2025-03-14,8ea8d29bf8f710a6150c90d77aa50feb_2.25
8ea8d29bf8f710a6150c90d77aa50feb,Bradford City,Tranmere Rovers,2025-03-15T15:00:00Z,soccer_england_league2,League Two,lowvig,2.25,1.88,1.94,2025-03-14T11:54:44Z,2025-03-14,8ea8d29bf8f710a6150c90d77aa50feb_2.25
db2223ded7e82949ceb98b7b02b8ff20,Carlisle United,Wimbledon,2025-03-15T15:00:00Z,soccer_england_league2,League Two,onexbet,1.5,1.47,2.36,2025-03-14T11:54:44Z,2025-03-14,db2223ded7e82949ceb98b7b02b8ff20_1.5
db2223ded7e82949ceb98b7b02b8ff20,Carlisle United,Wimbledon,2025-03-15T15:00:00Z,soccer_england_league2,League Two,williamhill,2.5,2.5,1.44,2025-03-14T11:54:45Z,2025-03-14,db2223ded7e82949ceb98b7b02b8ff20_2.5
db2223ded7e82949ceb98b7b02b8ff20,Carlisle United,Wimbledon,2025-03-15T15:00:00Z,soccer_england_league2,League Two,betsson,1.5,1.53,2.55,2025-03-14T11:54:45Z,2025-03-14,db2223ded7e82949ceb98b7b02b8ff20_1.5
db2223ded7e82949ceb98b7b02b8ff20,Carlisle United,Wimbledon,2025-03-15T15:00:00Z,soccer_england_league2,League Two,nordicbet,1.5,1.53,2.55,2025-03-14T11:54:45Z,2025-03-14,db2223ded7e82949ceb98b7b02b8ff20_1.5
db2223ded7e82949ceb98b7b02b8ff20,Carlisle United,Wimbledon,2025-03-15T15:00:00Z,soccer_england_league2,League Two,bovada,2.0,1.89,1.85,2025-03-14T11:54:44Z,2025-03-14,db2223ded7e82949ceb98b7b02b8ff20_2.0
db2223ded7e82949ceb98b7b02b8ff20,Carlisle United,Wimbledon,2025-03-15T15:00:00Z,soccer_england_league2,League Two,betrivers,2.5,2.4,1.51,2025-03-14T11:54:45Z,2025-03-14,db2223ded7e82949ceb98b7b02b8ff20_2.5
db2223ded7e82949ceb98b7b02b8ff20,Carlisle United,Wimbledon,2025-03-15T15:00:00Z,soccer_england_league2,League Two,unibet_eu,2.5,2.4,1.51,2025-03-14T11:54:45Z,2025-03-14,db2223ded7e82949ceb98b7b02b8ff20_2.5
db2223ded7e82949ceb98b7b02b8ff20,Carlisle United,Wimbledon,2025-03-15T15:00:00Z,soccer_england_league2,League Two,unibet,2.5,2.4,1.52,2025-03-14T11:54:45Z,2025-03-14,db2223ded7e82949ceb98b7b02b8ff20_2.5
db2223ded7e82949ceb98b7b02b8ff20,Carlisle United,Wimbledon,2025-03-15T15:00:00Z,soccer_england_league2,League Two,betus,2.0,1.89,1.85,2025-03-14T11:54:45Z,2025-03-14,db2223ded7e82949ceb98b7b02b8ff20_2.0
db2223ded7e82949ceb98b7b02b8ff20,Carlisle United,Wimbledon,2025-03-15T15:00:00Z,soccer_england_league2,League Two,coolbet,2.0,1.89,1.85,2025-03-14T11:54:45Z,2025-03-14,db2223ded7e82949ceb98b7b02b8ff20_2.0
db2223ded7e82949ceb98b7b02b8ff20,Carlisle United,Wimbledon,2025-03-15T15:00:00Z,soccer_england_league2,League Two,pinnacle,2.0,1.95,1.85,2025-03-14T11:54:44Z,2025-03-14,db2223ded7e82949ceb98b7b02b8ff20_2.0
db2223ded7e82949ceb98b7b02b8ff20,Carlisle United,Wimbledon,2025-03-15T15:00:00Z,soccer_england_league2,League Two,tipico_de,2.5,2.5,1.45,2025-03-14T11:54:46Z,2025-03-14,db2223ded7e82949ceb98b7b02b8ff20_2.5
db2223ded7e82949ceb98b7b02b8ff20,Carlisle United,Wimbledon,2025-03-15T15:00:00Z,soccer_england_league2,League Two,matchbook,1.5,1.54,2.56,2025-03-14T11:54:44Z,2025-03-14,db2223ded7e82949ceb98b7b02b8ff20_1.5
db2223ded7e82949ceb98b7b02b8ff20,Carlisle United,Wimbledon,2025-03-15T15:00:00Z,soccer_england_league2,League Two,lowvig,2.0,1.94,1.88,2025-03-14T11:54:44Z,2025-03-14,db2223ded7e82949ceb98b7b02b8ff20_2.0
db2223ded7e82949ceb98b7b02b8ff20,Carlisle United,Wimbledon,2025-03-15T15:00:00Z,soccer_england_league2,League Two,betonlineag,2.0,1.94,1.88,2025-03-14T11:53:13Z,2025-03-14,db2223ded7e82949ceb98b7b02b8ff20_2.0
f5daae9d84aaec75b4a0aae6a168b052,Notts County,Chesterfield FC,2025-03-15T15:00:00Z,soccer_england_league2,League Two,onexbet,2.5,1.78,2.0,2025-03-14T11:54:44Z,2025-03-14,f5daae9d84aaec75b4a0aae6a168b052_2.5
f5daae9d84aaec75b4a0aae6a168b052,Notts County,Chesterfield FC,2025-03-15T15:00:00Z,soccer_england_league2,League Two,williamhill,2.5,1.75,2.0,2025-03-14T11:54:45Z,2025-03-14,f5daae9d84aaec75b4a0aae6a168b052_2.5
f5daae9d84aaec75b4a0aae6a168b052,Notts County,Chesterfield FC,2025-03-15T15:00:00Z,soccer_england_league2,League Two,betsson,2.5,1.8,2.0,2025-03-14T11:54:45Z,2025-03-14,f5daae9d84aaec75b4a0aae6a168b052_2.5
f5daae9d84aaec75b4a0aae6a168b052,Notts County,Chesterfield FC,2025-03-15T15:00:00Z,soccer_england_league2,League Two,nordicbet,2.5,1.8,2.0,2025-03-14T11:54:45Z,2025-03-14,f5daae9d84aaec75b4a0aae6a168b052_2.5
f5daae9d84aaec75b4a0aae6a168b052,Notts County,Chesterfield FC,2025-03-15T15:00:00Z,soccer_england_league2,League Two,bovada,2.75,1.95,1.8,2025-03-14T11:54:44Z,2025-03-14,f5daae9d84aaec75b4a0aae6a168b052_2.75
f5daae9d84aaec75b4a0aae6a168b052,Notts County,Chesterfield FC,2025-03-15T15:00:00Z,soccer_england_league2,League Two,pinnacle,2.5,1.81,2.0,2025-03-14T11:54:44Z,2025-03-14,f5daae9d84aaec75b4a0aae6a168b052_2.5
f5daae9d84aaec75b4a0aae6a168b052,Notts County,Chesterfield FC,2025-03-15T15:00:00Z,soccer_england_league2,League Two,betrivers,2.5,1.66,2.1,2025-03-14T11:54:45Z,2025-03-14,f5daae9d84aaec75b4a0aae6a168b052_2.5
f5daae9d84aaec75b4a0aae6a168b052,Notts County,Chesterfield FC,2025-03-15T15:00:00Z,soccer_england_league2,League Two,unibet_eu,2.5,1.66,2.1,2025-03-14T11:54:45Z,2025-03-14,f5daae9d84aaec75b4a0aae6a168b052_2.5
f5daae9d84aaec75b4a0aae6a168b052,Notts County,Chesterfield FC,2025-03-15T15:00:00Z,soccer_england_league2,League Two,unibet,2.5,1.66,2.1,2025-03-14T11:54:45Z,2025-03-14,f5daae9d84aaec75b4a0aae6a168b052_2.5
f5daae9d84aaec75b4a0aae6a168b052,Notts County,Chesterfield FC,2025-03-15T15:00:00Z,soccer_england_league2,League Two,betus,2.5,1.81,1.93,2025-03-14T11:54:45Z,2025-03-14,f5daae9d84aaec75b4a0aae6a168b052_2.5
f5daae9d84aaec75b4a0aae6a168b052,Notts County,Chesterfield FC,2025-03-15T15:00:00Z,soccer_england_league2,League Two,coolbet,2.5,1.74,2.02,2025-03-14T11:54:45Z,2025-03-14,f5daae9d84aaec75b4a0aae6a168b052_2.5
f5daae9d84aaec75b4a0aae6a168b052,Notts County,Chesterfield FC,2025-03-15T15:00:00Z,soccer_england_league2,League Two,tipico_de,2.5,1.7,2.0,2025-03-14T11:54:46Z,2025-03-14,f5daae9d84aaec75b4a0aae6a168b052_2.5
f5daae9d84aaec75b4a0aae6a168b052,Notts County,Chesterfield FC,2025-03-15T15:00:00Z,soccer_england_league2,League Two,matchbook,2.5,1.8,2.04,2025-03-14T11:54:44Z,2025-03-14,f5daae9d84aaec75b4a0aae6a168b052_2.5
f5daae9d84aaec75b4a0aae6a168b052,Notts County,Chesterfield FC,2025-03-15T15:00:00Z,soccer_england_league2,League Two,lowvig,2.75,1.98,1.85,2025-03-14T11:54:44Z,2025-03-14,f5daae9d84aaec75b4a0aae6a168b052_2.75
f5daae9d84aaec75b4a0aae6a168b052,Notts County,Chesterfield FC,2025-03-15T15:00:00Z,soccer_england_league2,League Two,betonlineag,2.75,1.98,1.85,2025-03-14T11:53:13Z,2025-03-14,f5daae9d84aaec75b4a0aae6a168b052_2.75
f1c73f9909d94d71eb38968623779261,Colchester United,Fleetwood Town,2025-03-15T15:00:00Z,soccer_england_league2,League Two,onexbet,2.5,2.42,1.54,2025-03-14T11:54:44Z,2025-03-14,f1c73f9909d94d71eb38968623779261_2.5
f1c73f9909d94d71eb38968623779261,Colchester United,Fleetwood Town,2025-03-15T15:00:00Z,soccer_england_league2,League Two,williamhill,2.5,2.4,1.55,2025-03-14T11:54:45Z,2025-03-14,f1c73f9909d94d71eb38968623779261_2.5
f1c73f9909d94d71eb38968623779261,Colchester United,Fleetwood Town,2025-03-15T15:00:00Z,soccer_england_league2,League Two,betsson,2.5,2.4,1.55,2025-03-14T11:54:45Z,2025-03-14,f1c73f9909d94d71eb38968623779261_2.5
f1c73f9909d94d71eb38968623779261,Colchester United,Fleetwood Town,2025-03-15T15:00:00Z,soccer_england_league2,League Two,nordicbet,2.5,2.4,1.55,2025-03-14T11:54:45Z,2025-03-14,f1c73f9909d94d71eb38968623779261_2.5
f1c73f9909d94d71eb38968623779261,Colchester United,Fleetwood Town,2025-03-15T15:00:00Z,soccer_england_league2,League Two,bovada,2.0,1.78,1.98,2025-03-14T11:54:44Z,2025-03-14,f1c73f9909d94d71eb38968623779261_2.0
f1c73f9909d94d71eb38968623779261,Colchester United,Fleetwood Town,2025-03-15T15:00:00Z,soccer_england_league2,League Two,betrivers,2.5,2.4,1.51,2025-03-14T11:54:45Z,2025-03-14,f1c73f9909d94d71eb38968623779261_2.5
f1c73f9909d94d71eb38968623779261,Colchester United,Fleetwood Town,2025-03-15T15:00:00Z,soccer_england_league2,League Two,unibet_eu,2.5,2.4,1.51,2025-03-14T11:54:45Z,2025-03-14,f1c73f9909d94d71eb38968623779261_2.5
f1c73f9909d94d71eb38968623779261,Colchester United,Fleetwood Town,2025-03-15T15:00:00Z,soccer_england_league2,League Two,unibet,2.5,2.4,1.52,2025-03-14T11:54:45Z,2025-03-14,f1c73f9909d94d71eb38968623779261_2.5
f1c73f9909d94d71eb38968623779261,Colchester United,Fleetwood Town,2025-03-15T15:00:00Z,soccer_england_league2,League Two,betus,2.0,1.78,1.98,2025-03-14T11:54:45Z,2025-03-14,f1c73f9909d94d71eb38968623779261_2.0
f1c73f9909d94d71eb38968623779261,Colchester United,Fleetwood Town,2025-03-15T15:00:00Z,soccer_england_league2,League Two,coolbet,2.0,1.76,1.99,2025-03-14T11:54:45Z,2025-03-14,f1c73f9909d94d71eb38968623779261_2.0
f1c73f9909d94d71eb38968623779261,Colchester United,Fleetwood Town,2025-03-15T15:00:00Z,soccer_england_league2,League Two,pinnacle,2.0,1.82,1.99,2025-03-14T11:54:44Z,2025-03-14,f1c73f9909d94d71eb38968623779261_2.0
f1c73f9909d94d71eb38968623779261,Colchester United,Fleetwood Town,2025-03-15T15:00:00Z,soccer_england_league2,League Two,tipico_de,2.5,2.35,1.52,2025-03-14T11:54:46Z,2025-03-14,f1c73f9909d94d71eb38968623779261_2.5
f1c73f9909d94d71eb38968623779261,Colchester United,Fleetwood Town,2025-03-15T15:00:00Z,soccer_england_league2,League Two,matchbook,2.5,2.42,1.58,2025-03-14T11:54:44Z,2025-03-14,f1c73f9909d94d71eb38968623779261_2.5
f1c73f9909d94d71eb38968623779261,Colchester United,Fleetwood Town,2025-03-15T15:00:00Z,soccer_england_league2,League Two,lowvig,2.25,2.2,1.71,2025-03-14T11:54:44Z,2025-03-14,f1c73f9909d94d71eb38968623779261_2.25
f1c73f9909d94d71eb38968623779261,Colchester United,Fleetwood Town,2025-03-15T15:00:00Z,soccer_england_league2,League Two,betonlineag,2.25,2.2,1.71,2025-03-14T11:53:13Z,2025-03-14,f1c73f9909d94d71eb38968623779261_2.25
2c57d657d87e1b9ef39d74bb464722fc,Grimsby Town,Salford City,2025-03-15T15:00:00Z,soccer_england_league2,League Two,onexbet,2.5,1.98,1.79,2025-03-14T11:54:44Z,2025-03-14,2c57d657d87e1b9ef39d74bb464722fc_2.5
2c57d657d87e1b9ef39d74bb464722fc,Grimsby Town,Salford City,2025-03-15T15:00:00Z,soccer_england_league2,League Two,williamhill,2.5,2.05,1.73,2025-03-14T11:54:45Z,2025-03-14,2c57d657d87e1b9ef39d74bb464722fc_2.5
2c57d657d87e1b9ef39d74bb464722fc,Grimsby Town,Salford City,2025-03-15T15:00:00Z,soccer_england_league2,League Two,betsson,2.5,2.0,1.78,2025-03-14T11:54:45Z,2025-03-14,2c57d657d87e1b9ef39d74bb464722fc_2.5
2c57d657d87e1b9ef39d74bb464722fc,Grimsby Town,Salford City,2025-03-15T15:00:00Z,soccer_england_league2,League Two,nordicbet,2.5,2.0,1.78,2025-03-14T11:54:45Z,2025-03-14,2c57d657d87e1b9ef39d74bb464722fc_2.5
2c57d657d87e1b9ef39d74bb464722fc,Grimsby Town,Salford City,2025-03-15T15:00:00Z,soccer_england_league2,League Two,bovada,2.5,2.0,1.77,2025-03-14T11:54:44Z,2025-03-14,2c57d657d87e1b9ef39d74bb464722fc_2.5
2c57d657d87e1b9ef39d74bb464722fc,Grimsby Town,Salford City,2025-03-15T15:00:00Z,soccer_england_league2,League Two,pinnacle,2.5,2.0,1.81,2025-03-14T11:54:44Z,2025-03-14,2c57d657d87e1b9ef39d74bb464722fc_2.5
2c57d657d87e1b9ef39d74bb464722fc,Grimsby Town,Salford City,2025-03-15T15:00:00Z,soccer_england_league2,League Two,betrivers,2.5,2.04,1.72,2025-03-14T11:54:45Z,2025-03-14,2c57d657d87e1b9ef39d74bb464722fc_2.5
2c57d657d87e1b9ef39d74bb464722fc,Grimsby Town,Salford City,2025-03-15T15:00:00Z,soccer_england_league2,League Two,unibet_eu,2.5,2.04,1.72,2025-03-14T11:54:45Z,2025-03-14,2c57d657d87e1b9ef39d74bb464722fc_2.5
2c57d657d87e1b9ef39d74bb464722fc,Grimsby Town,Salford City,2025-03-15T15:00:00Z,soccer_england_league2,League Two,unibet,2.5,2.04,1.72,2025-03-14T11:54:45Z,2025-03-14,2c57d657d87e1b9ef39d74bb464722fc_2.5
2c57d657d87e1b9ef39d74bb464722fc,Grimsby Town,Salford City,2025-03-15T15:00:00Z,soccer_england_league2,League Two,betus,2.5,1.93,1.82,2025-03-14T11:54:45Z,2025-03-14,2c57d657d87e1b9ef39d74bb464722fc_2.5
2c57d657d87e1b9ef39d74bb464722fc,Grimsby Town,Salford City,2025-03-15T15:00:00Z,soccer_england_league2,League Two,coolbet,2.5,1.97,1.78,2025-03-14T11:54:45Z,2025-03-14,2c57d657d87e1b9ef39d74bb464722fc_2.5
2c57d657d87e1b9ef39d74bb464722fc,Grimsby Town,Salford City,2025-03-15T15:00:00Z,soccer_england_league2,League Two,tipico_de,2.5,1.93,1.75,2025-03-14T11:54:46Z,2025-03-14,2c57d657d87e1b9ef39d74bb464722fc_2.5
2c57d657d87e1b9ef39d74bb464722fc,Grimsby Town,Salford City,2025-03-15T15:00:00Z,soccer_england_league2,League Two,matchbook,2.5,2.0,1.81,2025-03-14T11:54:44Z,2025-03-14,2c57d657d87e1b9ef39d74bb464722fc_2.5
2c57d657d87e1b9ef39d74bb464722fc,Grimsby Town,Salford City,2025-03-15T15:00:00Z,soccer_england_league2,League Two,lowvig,2.5,2.01,1.83,2025-03-14T11:54:44Z,2025-03-14,2c57d657d87e1b9ef39d74bb464722fc_2.5
2c57d657d87e1b9ef39d74bb464722fc,Grimsby Town,Salford City,2025-03-15T15:00:00Z,soccer_england_league2,League Two,betonlineag,2.5,2.01,1.83,2025-03-14T11:53:13Z,2025-03-14,2c57d657d87e1b9ef39d74bb464722fc_2.5
f99b4e25c8580ac7ea14bc0e2ae9d512,Newport County,Harrogate Town,2025-03-15T15:00:00Z,soccer_england_league2,League Two,onexbet,2.5,2.21,1.64,2025-03-14T11:54:44Z,2025-03-14,f99b4e25c8580ac7ea14bc0e2ae9d512_2.5
f99b4e25c8580ac7ea14bc0e2ae9d512,Newport County,Harrogate Town,2025-03-15T15:00:00Z,soccer_england_league2,League Two,williamhill,2.5,2.2,1.62,2025-03-14T11:54:45Z,2025-03-14,f99b4e25c8580ac7ea14bc0e2ae9d512_2.5
f99b4e25c8580ac7ea14bc0e2ae9d512,Newport County,Harrogate Town,2025-03-15T15:00:00Z,soccer_england_league2,League Two,betsson,2.5,2.2,1.66,2025-03-14T11:54:45Z,2025-03-14,f99b4e25c8580ac7ea14bc0e2ae9d512_2.5
f99b4e25c8580ac7ea14bc0e2ae9d512,Newport County,Harrogate Town,2025-03-15T15:00:00Z,soccer_england_league2,League Two,nordicbet,2.5,2.2,1.66,2025-03-14T11:54:45Z,2025-03-14,f99b4e25c8580ac7ea14bc0e2ae9d512_2.5
f99b4e25c8580ac7ea14bc0e2ae9d512,Newport County,Harrogate Town,2025-03-15T15:00:00Z,soccer_england_league2,League Two,bovada,2.25,1.95,1.8,2025-03-14T11:54:44Z,2025-03-14,f99b4e25c8580ac7ea14bc0e2ae9d512_2.25
f99b4e25c8580ac7ea14bc0e2ae9d512,Newport County,Harrogate Town,2025-03-15T15:00:00Z,soccer_england_league2,League Two,unibet,2.5,2.14,1.65,2025-03-14T11:54:45Z,2025-03-14,f99b4e25c8580ac7ea14bc0e2ae9d512_2.5
f99b4e25c8580ac7ea14bc0e2ae9d512,Newport County,Harrogate Town,2025-03-15T15:00:00Z,soccer_england_league2,League Two,unibet_eu,2.5,2.14,1.65,2025-03-14T11:54:45Z,2025-03-14,f99b4e25c8580ac7ea14bc0e2ae9d512_2.5
f99b4e25c8580ac7ea14bc0e2ae9d512,Newport County,Harrogate Town,2025-03-15T15:00:00Z,soccer_england_league2,League Two,betrivers,2.5,2.14,1.65,2025-03-14T11:54:45Z,2025-03-14,f99b4e25c8580ac7ea14bc0e2ae9d512_2.5
f99b4e25c8580ac7ea14bc0e2ae9d512,Newport County,Harrogate Town,2025-03-15T15:00:00Z,soccer_england_league2,League Two,betus,2.25,1.95,1.8,2025-03-14T11:54:45Z,2025-03-14,f99b4e25c8580ac7ea14bc0e2ae9d512_2.25
f99b4e25c8580ac7ea14bc0e2ae9d512,Newport County,Harrogate Town,2025-03-15T15:00:00Z,soccer_england_league2,League Two,coolbet,2.0,1.68,2.11,2025-03-14T11:54:45Z,2025-03-14,f99b4e25c8580ac7ea14bc0e2ae9d512_2.0
f99b4e25c8580ac7ea14bc0e2ae9d512,Newport County,Harrogate Town,2025-03-15T15:00:00Z,soccer_england_league2,League Two,pinnacle,2.25,1.94,1.86,2025-03-14T11:54:44Z,2025-03-14,f99b4e25c8580ac7ea14bc0e2ae9d512_2.25
f99b4e25c8580ac7ea14bc0e2ae9d512,Newport County,Harrogate Town,2025-03-15T15:00:00Z,soccer_england_league2,League Two,tipico_de,2.5,2.15,1.62,2025-03-14T11:54:46Z,2025-03-14,f99b4e25c8580ac7ea14bc0e2ae9d512_2.5
f99b4e25c8580ac7ea14bc0e2ae9d512,Newport County,Harrogate Town,2025-03-15T15:00:00Z,soccer_england_league2,League Two,matchbook,2.5,2.02,1.68,2025-03-14T11:54:44Z,2025-03-14,f99b4e25c8580ac7ea14bc0e2ae9d512_2.5
f99b4e25c8580ac7ea14bc0e2ae9d512,Newport County,Harrogate Town,2025-03-15T15:00:00Z,soccer_england_league2,League Two,lowvig,2.25,2.01,1.83,2025-03-14T11:54:44Z,2025-03-14,f99b4e25c8580ac7ea14bc0e2ae9d512_2.25
f99b4e25c8580ac7ea14bc0e2ae9d512,Newport County,Harrogate Town,2025-03-15T15:00:00Z,soccer_england_league2,League Two,betonlineag,2.25,2.01,1.83,2025-03-14T11:53:13Z,2025-03-14,f99b4e25c8580ac7ea14bc0e2ae9d512_2.25
033c67676ddad43b315829c812cab8a2,Port Vale,Milton Keynes Dons,2025-03-15T15:00:00Z,soccer_england_league2,League Two,onexbet,2.5,2.08,1.72,2025-03-14T11:54:44Z,2025-03-14,033c67676ddad43b315829c812cab8a2_2.5
033c67676ddad43b315829c812cab8a2,Port Vale,Milton Keynes Dons,2025-03-15T15:00:00Z,soccer_england_league2,League Two,williamhill,2.5,2.05,1.73,2025-03-14T11:54:45Z,2025-03-14,033c67676ddad43b315829c812cab8a2_2.5
033c67676ddad43b315829c812cab8a2,Port Vale,Milton Keynes Dons,2025-03-15T15:00:00Z,soccer_england_league2,League Two,betsson,2.5,2.05,1.75,2025-03-14T11:54:45Z,2025-03-14,033c67676ddad43b315829c812cab8a2_2.5
033c67676ddad43b315829c812cab8a2,Port Vale,Milton Keynes Dons,2025-03-15T15:00:00Z,soccer_england_league2,League Two,nordicbet,2.5,2.05,1.75,2025-03-14T11:54:45Z,2025-03-14,033c67676ddad43b315829c812cab8a2_2.5
033c67676ddad43b315829c812cab8a2,Port Vale,Milton Keynes Dons,2025-03-15T15:00:00Z,soccer_england_league2,League Two,bovada,2.25,1.8,1.95,2025-03-14T11:54:44Z,2025-03-14,033c67676ddad43b315829c812cab8a2_2.25
033c67676ddad43b315829c812cab8a2,Port Vale,Milton Keynes Dons,2025-03-15T15:00:00Z,soccer_england_league2,League Two,betrivers,2.5,2.07,1.7,2025-03-14T11:54:45Z,2025-03-14,033c67676ddad43b315829c812cab8a2_2.5
033c67676ddad43b315829c812cab8a2,Port Vale,Milton Keynes Dons,2025-03-15T15:00:00Z,soccer_england_league2,League Two,unibet_eu,2.5,2.07,1.7,2025-03-14T11:54:45Z,2025-03-14,033c67676ddad43b315829c812cab8a2_2.5
033c67676ddad43b315829c812cab8a2,Port Vale,Milton Keynes Dons,2025-03-15T15:00:00Z,soccer_england_league2,League Two,unibet,2.5,2.07,1.7,2025-03-14T11:54:45Z,2025-03-14,033c67676ddad43b315829c812cab8a2_2.5
033c67676ddad43b315829c812cab8a2,Port Vale,Milton Keynes Dons,2025-03-15T15:00:00Z,soccer_england_league2,League Two,betus,2.25,1.8,1.95,2025-03-14T11:54:45Z,2025-03-14,033c67676ddad43b315829c812cab8a2_2.25
033c67676ddad43b315829c812cab8a2,Port Vale,Milton Keynes Dons,2025-03-15T15:00:00Z,soccer_england_league2,League Two,coolbet,2.5,2.03,1.73,2025-03-14T11:54:45Z,2025-03-14,033c67676ddad43b315829c812cab8a2_2.5
033c67676ddad43b315829c812cab8a2,Port Vale,Milton Keynes Dons,2025-03-15T15:00:00Z,soccer_england_league2,League Two,pinnacle,2.25,1.82,1.99,2025-03-14T11:54:44Z,2025-03-14,033c67676ddad43b315829c812cab8a2_2.25
033c67676ddad43b315829c812cab8a2,Port Vale,Milton Keynes Dons,2025-03-15T15:00:00Z,soccer_england_league2,League Two,tipico_de,2.5,2.1,1.65,2025-03-14T11:54:46Z,2025-03-14,033c67676ddad43b315829c812cab8a2_2.5
033c67676ddad43b315829c812cab8a2,Port Vale,Milton Keynes Dons,2025-03-15T15:00:00Z,soccer_england_league2,League Two,matchbook,2.5,2.2,1.62,2025-03-14T11:54:44Z,2025-03-14,033c67676ddad43b315829c812cab8a2_2.5
033c67676ddad43b315829c812cab8a2,Port Vale,Milton Keynes Dons,2025-03-15T15:00:00Z,soccer_england_league2,League Two,lowvig,2.25,1.91,1.91,2025-03-14T11:54:44Z,2025-03-14,033c67676ddad43b315829c812cab8a2_2.25
033c67676ddad43b315829c812cab8a2,Port Vale,Milton Keynes Dons,2025-03-15T15:00:00Z,soccer_england_league2,League Two,betonlineag,2.25,1.91,1.91,2025-03-14T11:53:13Z,2025-03-14,033c67676ddad43b315829c812cab8a2_2.25
5e100a9a37470fab9545249f6efbe6d7,1. FC Saarbrücken,VfB Stuttgart II,2025-03-14T18:00:00Z,soccer_germany_liga3,3. Liga,tipico_de,2.5,1.83,1.93,2025-03-14T11:54:13Z,2025-03-14,5e100a9a37470fab9545249f6efbe6d7_2.5
5e100a9a37470fab9545249f6efbe6d7,1. FC Saarbrücken,VfB Stuttgart II,2025-03-14T18:00:00Z,soccer_germany_liga3,3. Liga,coolbet,2.5,1.88,1.82,2025-03-14T11:54:12Z,2025-03-14,5e100a9a37470fab9545249f6efbe6d7_2.5
5e100a9a37470fab9545249f6efbe6d7,1. FC Saarbrücken,VfB Stuttgart II,2025-03-14T18:00:00Z,soccer_germany_liga3,3. Liga,pinnacle,2.5,1.93,1.94,2025-03-14T11:54:11Z,2025-03-14,5e100a9a37470fab9545249f6efbe6d7_2.5
5e100a9a37470fab9545249f6efbe6d7,1. FC Saarbrücken,VfB Stuttgart II,2025-03-14T18:00:00Z,soccer_germany_liga3,3. Liga,bovada,2.5,1.87,1.87,2025-03-14T11:54:10Z,2025-03-14,5e100a9a37470fab9545249f6efbe6d7_2.5
5e100a9a37470fab9545249f6efbe6d7,1. FC Saarbrücken,VfB Stuttgart II,2025-03-14T18:00:00Z,soccer_germany_liga3,3. Liga,unibet,2.5,1.7,1.96,2025-03-14T11:54:11Z,2025-03-14,5e100a9a37470fab9545249f6efbe6d7_2.5
5e100a9a37470fab9545249f6efbe6d7,1. FC Saarbrücken,VfB Stuttgart II,2025-03-14T18:00:00Z,soccer_germany_liga3,3. Liga,lowvig,2.5,1.97,1.85,2025-03-14T11:54:11Z,2025-03-14,5e100a9a37470fab9545249f6efbe6d7_2.5
5e100a9a37470fab9545249f6efbe6d7,1. FC Saarbrücken,VfB Stuttgart II,2025-03-14T18:00:00Z,soccer_germany_liga3,3. Liga,betonlineag,2.5,1.97,1.85,2025-03-14T11:54:11Z,2025-03-14,5e100a9a37470fab9545249f6efbe6d7_2.5
5e100a9a37470fab9545249f6efbe6d7,1. FC Saarbrücken,VfB Stuttgart II,2025-03-14T18:00:00Z,soccer_germany_liga3,3. Liga,playup,2.5,1.83,1.87,2025-03-14T11:54:11Z,2025-03-14,5e100a9a37470fab9545249f6efbe6d7_2.5
fc0bbc5ae82a371e9c3a0a271fe0d883,VfL Osnabrück,Arminia Bielefeld,2025-03-15T13:00:00Z,soccer_germany_liga3,3. Liga,tipico_de,2.5,1.77,2.0,2025-03-14T11:54:13Z,2025-03-14,fc0bbc5ae82a371e9c3a0a271fe0d883_2.5
fc0bbc5ae82a371e9c3a0a271fe0d883,VfL Osnabrück,Arminia Bielefeld,2025-03-15T13:00:00Z,soccer_germany_liga3,3. Liga,nordicbet,2.5,1.75,2.01,2025-03-14T11:54:12Z,2025-03-14,fc0bbc5ae82a371e9c3a0a271fe0d883_2.5
fc0bbc5ae82a371e9c3a0a271fe0d883,VfL Osnabrück,Arminia Bielefeld,2025-03-15T13:00:00Z,soccer_germany_liga3,3. Liga,betsson,2.5,1.75,2.01,2025-03-14T11:54:11Z,2025-03-14,fc0bbc5ae82a371e9c3a0a271fe0d883_2.5
fc0bbc5ae82a371e9c3a0a271fe0d883,VfL Osnabrück,Arminia Bielefeld,2025-03-15T13:00:00Z,soccer_germany_liga3,3. Liga,pinnacle,2.75,2.03,1.82,2025-03-14T11:54:11Z,2025-03-14,fc0bbc5ae82a371e9c3a0a271fe0d883_2.75
fc0bbc5ae82a371e9c3a0a271fe0d883,VfL Osnabrück,Arminia Bielefeld,2025-03-15T13:00:00Z,soccer_germany_liga3,3. Liga,bovada,2.75,1.95,1.8,2025-03-14T11:54:10Z,2025-03-14,fc0bbc5ae82a371e9c3a0a271fe0d883_2.75
fc0bbc5ae82a371e9c3a0a271fe0d883,VfL Osnabrück,Arminia Bielefeld,2025-03-15T13:00:00Z,soccer_germany_liga3,3. Liga,unibet,2.5,1.73,1.93,2025-03-14T11:54:11Z,2025-03-14,fc0bbc5ae82a371e9c3a0a271fe0d883_2.5
fc0bbc5ae82a371e9c3a0a271fe0d883,VfL Osnabrück,Arminia Bielefeld,2025-03-15T13:00:00Z,soccer_germany_liga3,3. Liga,unibet_eu,2.5,1.73,1.93,2025-03-14T11:54:11Z,2025-03-14,fc0bbc5ae82a371e9c3a0a271fe0d883_2.5
fc0bbc5ae82a371e9c3a0a271fe0d883,VfL Osnabrück,Arminia Bielefeld,2025-03-15T13:00:00Z,soccer_germany_liga3,3. Liga,coolbet,2.5,1.72,2.0,2025-03-14T11:54:12Z,2025-03-14,fc0bbc5ae82a371e9c3a0a271fe0d883_2.5
fc0bbc5ae82a371e9c3a0a271fe0d883,VfL Osnabrück,Arminia Bielefeld,2025-03-15T13:00:00Z,soccer_germany_liga3,3. Liga,lowvig,2.75,2.01,1.83,2025-03-14T11:54:11Z,2025-03-14,fc0bbc5ae82a371e9c3a0a271fe0d883_2.75
fc0bbc5ae82a371e9c3a0a271fe0d883,VfL Osnabrück,Arminia Bielefeld,2025-03-15T13:00:00Z,soccer_germany_liga3,3. Liga,betonlineag,2.75,2.01,1.83,2025-03-14T11:54:11Z,2025-03-14,fc0bbc5ae82a371e9c3a0a271fe0d883_2.75
6bd5b2fbbcb3bd38808eb982a4b82c72,Borussia Dortmund II,FC Viktoria Köln 1904,2025-03-15T13:00:00Z,soccer_germany_liga3,3. Liga,tipico_de,2.5,1.7,2.1,2025-03-14T11:54:13Z,2025-03-14,6bd5b2fbbcb3bd38808eb982a4b82c72_2.5
6bd5b2fbbcb3bd38808eb982a4b82c72,Borussia Dortmund II,FC Viktoria Köln 1904,2025-03-15T13:00:00Z,soccer_germany_liga3,3. Liga,pinnacle,2.75,1.92,1.92,2025-03-14T11:54:11Z,2025-03-14,6bd5b2fbbcb3bd38808eb982a4b82c72_2.75
6bd5b2fbbcb3bd38808eb982a4b82c72,Borussia Dortmund II,FC Viktoria Köln 1904,2025-03-15T13:00:00Z,soccer_germany_liga3,3. Liga,bovada,2.75,1.87,1.87,2025-03-14T11:54:10Z,2025-03-14,6bd5b2fbbcb3bd38808eb982a4b82c72_2.75
6bd5b2fbbcb3bd38808eb982a4b82c72,Borussia Dortmund II,FC Viktoria Köln 1904,2025-03-15T13:00:00Z,soccer_germany_liga3,3. Liga,coolbet,2.5,1.7,2.03,2025-03-14T11:54:12Z,2025-03-14,6bd5b2fbbcb3bd38808eb982a4b82c72_2.5
6bd5b2fbbcb3bd38808eb982a4b82c72,Borussia Dortmund II,FC Viktoria Köln 1904,2025-03-15T13:00:00Z,soccer_germany_liga3,3. Liga,lowvig,2.75,1.9,1.92,2025-03-14T11:54:11Z,2025-03-14,6bd5b2fbbcb3bd38808eb982a4b82c72_2.75
6bd5b2fbbcb3bd38808eb982a4b82c72,Borussia Dortmund II,FC Viktoria Köln 1904,2025-03-15T13:00:00Z,soccer_germany_liga3,3. Liga,betonlineag,2.75,1.9,1.92,2025-03-14T11:54:11Z,2025-03-14,6bd5b2fbbcb3bd38808eb982a4b82c72_2.75
5dd3548bcd3904bb196ca0b4b4fd2b90,Rot-Weiss Essen,Dynamo Dresden,2025-03-15T13:00:00Z,soccer_germany_liga3,3. Liga,betsson,2.5,1.62,2.2,2025-03-14T11:54:11Z,2025-03-14,5dd3548bcd3904bb196ca0b4b4fd2b90_2.5
5dd3548bcd3904bb196ca0b4b4fd2b90,Rot-Weiss Essen,Dynamo Dresden,2025-03-15T13:00:00Z,soccer_germany_liga3,3. Liga,tipico_de,2.5,1.65,2.2,2025-03-14T11:54:13Z,2025-03-14,5dd3548bcd3904bb196ca0b4b4fd2b90_2.5
5dd3548bcd3904bb196ca0b4b4fd2b90,Rot-Weiss Essen,Dynamo Dresden,2025-03-15T13:00:00Z,soccer_germany_liga3,3. Liga,pinnacle,2.75,1.83,2.01,2025-03-14T11:54:11Z,2025-03-14,5dd3548bcd3904bb196ca0b4b4fd2b90_2.75
5dd3548bcd3904bb196ca0b4b4fd2b90,Rot-Weiss Essen,Dynamo Dresden,2025-03-15T13:00:00Z,soccer_germany_liga3,3. Liga,nordicbet,2.5,1.62,2.2,2025-03-14T11:54:12Z,2025-03-14,5dd3548bcd3904bb196ca0b4b4fd2b90_2.5
5dd3548bcd3904bb196ca0b4b4fd2b90,Rot-Weiss Essen,Dynamo Dresden,2025-03-15T13:00:00Z,soccer_germany_liga3,3. Liga,bovada,3.0,2.0,1.77,2025-03-14T11:54:10Z,2025-03-14,5dd3548bcd3904bb196ca0b4b4fd2b90_3.0
5dd3548bcd3904bb196ca0b4b4fd2b90,Rot-Weiss Essen,Dynamo Dresden,2025-03-15T13:00:00Z,soccer_germany_liga3,3. Liga,coolbet,3.0,2.0,1.72,2025-03-14T11:54:12Z,2025-03-14,5dd3548bcd3904bb196ca0b4b4fd2b90_3.0
5dd3548bcd3904bb196ca0b4b4fd2b90,Rot-Weiss Essen,Dynamo Dresden,2025-03-15T13:00:00Z,soccer_germany_liga3,3. Liga,lowvig,3.0,2.07,1.79,2025-03-14T11:54:11Z,2025-03-14,5dd3548bcd3904bb196ca0b4b4fd2b90_3.0
5dd3548bcd3904bb196ca0b4b4fd2b90,Rot-Weiss Essen,Dynamo Dresden,2025-03-15T13:00:00Z,soccer_germany_liga3,3. Liga,betonlineag,3.0,2.07,1.79,2025-03-14T11:54:11Z,2025-03-14,5dd3548bcd3904bb196ca0b4b4fd2b90_3.0
bd0da5de19e25cddb4ec4ae80c0ec058,SC Verl,FC Ingolstadt 04,2025-03-15T13:00:00Z,soccer_germany_liga3,3. Liga,tipico_de,2.5,1.83,1.93,2025-03-14T11:54:13Z,2025-03-14,bd0da5de19e25cddb4ec4ae80c0ec058_2.5
bd0da5de19e25cddb4ec4ae80c0ec058,SC Verl,FC Ingolstadt 04,2025-03-15T13:00:00Z,soccer_germany_liga3,3. Liga,nordicbet,2.5,1.85,1.89,2025-03-14T11:54:12Z,2025-03-14,bd0da5de19e25cddb4ec4ae80c0ec058_2.5
bd0da5de19e25cddb4ec4ae80c0ec058,SC Verl,FC Ingolstadt 04,2025-03-15T13:00:00Z,soccer_germany_liga3,3. Liga,betsson,2.5,1.85,1.89,2025-03-14T11:54:11Z,2025-03-14,bd0da5de19e25cddb4ec4ae80c0ec058_2.5
bd0da5de19e25cddb4ec4ae80c0ec058,SC Verl,FC Ingolstadt 04,2025-03-15T13:00:00Z,soccer_germany_liga3,3. Liga,pinnacle,2.5,1.88,1.96,2025-03-14T11:54:11Z,2025-03-14,bd0da5de19e25cddb4ec4ae80c0ec058_2.5
bd0da5de19e25cddb4ec4ae80c0ec058,SC Verl,FC Ingolstadt 04,2025-03-15T13:00:00Z,soccer_germany_liga3,3. Liga,bovada,2.5,1.85,1.89,2025-03-14T11:54:10Z,2025-03-14,bd0da5de19e25cddb4ec4ae80c0ec058_2.5
bd0da5de19e25cddb4ec4ae80c0ec058,SC Verl,FC Ingolstadt 04,2025-03-15T13:00:00Z,soccer_germany_liga3,3. Liga,unibet,2.5,1.78,1.86,2025-03-14T11:54:11Z,2025-03-14,bd0da5de19e25cddb4ec4ae80c0ec058_2.5
bd0da5de19e25cddb4ec4ae80c0ec058,SC Verl,FC Ingolstadt 04,2025-03-15T13:00:00Z,soccer_germany_liga3,3. Liga,unibet_eu,2.5,1.78,1.85,2025-03-14T11:54:11Z,2025-03-14,bd0da5de19e25cddb4ec4ae80c0ec058_2.5
bd0da5de19e25cddb4ec4ae80c0ec058,SC Verl,FC Ingolstadt 04,2025-03-15T13:00:00Z,soccer_germany_liga3,3. Liga,coolbet,2.5,1.82,1.88,2025-03-14T11:54:12Z,2025-03-14,bd0da5de19e25cddb4ec4ae80c0ec058_2.5
bd0da5de19e25cddb4ec4ae80c0ec058,SC Verl,FC Ingolstadt 04,2025-03-15T13:00:00Z,soccer_germany_liga3,3. Liga,betonlineag,2.5,1.87,1.95,2025-03-14T11:54:11Z,2025-03-14,bd0da5de19e25cddb4ec4ae80c0ec058_2.5
bd0da5de19e25cddb4ec4ae80c0ec058,SC Verl,FC Ingolstadt 04,2025-03-15T13:00:00Z,soccer_germany_liga3,3. Liga,lowvig,2.5,1.87,1.95,2025-03-14T11:54:11Z,2025-03-14,bd0da5de19e25cddb4ec4ae80c0ec058_2.5
3083ebb4f64cde55339c8efa25d469c9,Hannover 96,Wehen Wiesbaden,2025-03-15T13:00:00Z,soccer_germany_liga3,3. Liga,betsson,2.5,1.76,1.99,2025-03-14T11:54:11Z,2025-03-14,3083ebb4f64cde55339c8efa25d469c9_2.5
3083ebb4f64cde55339c8efa25d469c9,Hannover 96,Wehen Wiesbaden,2025-03-15T13:00:00Z,soccer_germany_liga3,3. Liga,tipico_de,2.5,1.77,2.0,2025-03-14T11:54:13Z,2025-03-14,3083ebb4f64cde55339c8efa25d469c9_2.5
3083ebb4f64cde55339c8efa25d469c9,Hannover 96,Wehen Wiesbaden,2025-03-15T13:00:00Z,soccer_germany_liga3,3. Liga,pinnacle,2.5,1.82,2.02,2025-03-14T11:54:11Z,2025-03-14,3083ebb4f64cde55339c8efa25d469c9_2.5
3083ebb4f64cde55339c8efa25d469c9,Hannover 96,Wehen Wiesbaden,2025-03-15T13:00:00Z,soccer_germany_liga3,3. Liga,nordicbet,2.5,1.76,1.99,2025-03-14T11:54:12Z,2025-03-14,3083ebb4f64cde55339c8efa25d469c9_2.5
3083ebb4f64cde55339c8efa25d469c9,Hannover 96,Wehen Wiesbaden,2025-03-15T13:00:00Z,soccer_germany_liga3,3. Liga,bovada,2.75,1.98,1.78,2025-03-14T11:54:10Z,2025-03-14,3083ebb4f64cde55339c8efa25d469c9_2.75
3083ebb4f64cde55339c8efa25d469c9,Hannover 96,Wehen Wiesbaden,2025-03-15T13:00:00Z,soccer_germany_liga3,3. Liga,coolbet,2.5,1.72,2.0,2025-03-14T11:54:12Z,2025-03-14,3083ebb4f64cde55339c8efa25d469c9_2.5
3083ebb4f64cde55339c8efa25d469c9,Hannover 96,Wehen Wiesbaden,2025-03-15T13:00:00Z,soccer_germany_liga3,3. Liga,lowvig,2.75,2.01,1.83,2025-03-14T11:54:11Z,2025-03-14,3083ebb4f64cde55339c8efa25d469c9_2.75
3083ebb4f64cde55339c8efa25d469c9,Hannover 96,Wehen Wiesbaden,2025-03-15T13:00:00Z,soccer_germany_liga3,3. Liga,betonlineag,2.75,2.01,1.83,2025-03-14T11:54:11Z,2025-03-14,3083ebb4f64cde55339c8efa25d469c9_2.75
3083ebb4f64cde55339c8efa25d469c9,Hannover 96,Wehen Wiesbaden,2025-03-15T13:00:00Z,soccer_germany_liga3,3. Liga,unibet,2.5,1.72,1.93,2025-03-14T11:54:11Z,2025-03-14,3083ebb4f64cde55339c8efa25d469c9_2.5
4540933448020c5231ef95a43314867b,TSV 1860 München,SpVgg Unterhaching,2025-03-15T15:30:00Z,soccer_germany_liga3,3. Liga,betsson,2.5,1.74,2.02,2025-03-14T11:54:11Z,2025-03-14,4540933448020c5231ef95a43314867b_2.5
4540933448020c5231ef95a43314867b,TSV 1860 München,SpVgg Unterhaching,2025-03-15T15:30:00Z,soccer_germany_liga3,3. Liga,tipico_de,2.5,1.72,2.05,2025-03-14T11:54:13Z,2025-03-14,4540933448020c5231ef95a43314867b_2.5
4540933448020c5231ef95a43314867b,TSV 1860 München,SpVgg Unterhaching,2025-03-15T15:30:00Z,soccer_germany_liga3,3. Liga,pinnacle,2.75,1.96,1.87,2025-03-14T11:54:11Z,2025-03-14,4540933448020c5231ef95a43314867b_2.75
4540933448020c5231ef95a43314867b,TSV 1860 München,SpVgg Unterhaching,2025-03-15T15:30:00Z,soccer_germany_liga3,3. Liga,nordicbet,2.5,1.74,2.02,2025-03-14T11:54:12Z,2025-03-14,4540933448020c5231ef95a43314867b_2.5
4540933448020c5231ef95a43314867b,TSV 1860 München,SpVgg Unterhaching,2025-03-15T15:30:00Z,soccer_germany_liga3,3. Liga,bovada,2.75,1.93,1.82,2025-03-14T11:54:10Z,2025-03-14,4540933448020c5231ef95a43314867b_2.75
4540933448020c5231ef95a43314867b,TSV 1860 München,SpVgg Unterhaching,2025-03-15T15:30:00Z,soccer_germany_liga3,3. Liga,coolbet,2.5,1.72,2.0,2025-03-14T11:54:12Z,2025-03-14,4540933448020c5231ef95a43314867b_2.5
4540933448020c5231ef95a43314867b,TSV 1860 München,SpVgg Unterhaching,2025-03-15T15:30:00Z,soccer_germany_liga3,3. Liga,lowvig,2.75,1.96,1.86,2025-03-14T11:54:11Z,2025-03-14,4540933448020c5231ef95a43314867b_2.75
4540933448020c5231ef95a43314867b,TSV 1860 München,SpVgg Unterhaching,2025-03-15T15:30:00Z,soccer_germany_liga3,3. Liga,betonlineag,2.75,1.96,1.86,2025-03-14T11:54:11Z,2025-03-14,4540933448020c5231ef95a43314867b_2.75
c5c6cd335175d5b19d03193a7d9d5d7e,SV Sandhausen,FC Energie Cottbus,2025-03-16T12:30:00Z,soccer_germany_liga3,3. Liga,betsson,3.5,2.32,1.57,2025-03-14T11:54:11Z,2025-03-14,c5c6cd335175d5b19d03193a7d9d5d7e_3.5
c5c6cd335175d5b19d03193a7d9d5d7e,SV Sandhausen,FC Energie Cottbus,2025-03-16T12:30:00Z,soccer_germany_liga3,3. Liga,tipico_de,2.5,1.52,2.45,2025-03-14T11:54:13Z,2025-03-14,c5c6cd335175d5b19d03193a7d9d5d7e_2.5
c5c6cd335175d5b19d03193a7d9d5d7e,SV Sandhausen,FC Energie Cottbus,2025-03-16T12:30:00Z,soccer_germany_liga3,3. Liga,nordicbet,3.5,2.32,1.57,2025-03-14T11:54:12Z,2025-03-14,c5c6cd335175d5b19d03193a7d9d5d7e_3.5
c5c6cd335175d5b19d03193a7d9d5d7e,SV Sandhausen,FC Energie Cottbus,2025-03-16T12:30:00Z,soccer_germany_liga3,3. Liga,pinnacle,3.0,1.88,1.94,2025-03-14T11:54:11Z,2025-03-14,c5c6cd335175d5b19d03193a7d9d5d7e_3.0
c5c6cd335175d5b19d03193a7d9d5d7e,SV Sandhausen,FC Energie Cottbus,2025-03-16T12:30:00Z,soccer_germany_liga3,3. Liga,bovada,3.0,1.85,1.89,2025-03-14T11:54:10Z,2025-03-14,c5c6cd335175d5b19d03193a7d9d5d7e_3.0
c5c6cd335175d5b19d03193a7d9d5d7e,SV Sandhausen,FC Energie Cottbus,2025-03-16T12:30:00Z,soccer_germany_liga3,3. Liga,coolbet,3.0,1.8,1.9,2025-03-14T11:54:12Z,2025-03-14,c5c6cd335175d5b19d03193a7d9d5d7e_3.0
ce0c945fba47bfb482fa34d422bc8853,Argentinos Juniors,Aldosivi Mar del Plata,2025-03-14T22:00:00Z,soccer_argentina_primera_division,Liga Profesional,onexbet,2.5,2.16,1.69,2025-03-14T11:55:16Z,2025-03-14,ce0c945fba47bfb482fa34d422bc8853_2.5
ce0c945fba47bfb482fa34d422bc8853,Argentinos Juniors,Aldosivi Mar del Plata,2025-03-14T22:00:00Z,soccer_argentina_primera_division,Liga Profesional,nordicbet,2.5,2.19,1.68,2025-03-14T11:55:17Z,2025-03-14,ce0c945fba47bfb482fa34d422bc8853_2.5
ce0c945fba47bfb482fa34d422bc8853,Argentinos Juniors,Aldosivi Mar del Plata,2025-03-14T22:00:00Z,soccer_argentina_primera_division,Liga Profesional,bovada,2.25,1.93,1.89,2025-03-14T11:55:16Z,2025-03-14,ce0c945fba47bfb482fa34d422bc8853_2.25
ce0c945fba47bfb482fa34d422bc8853,Argentinos Juniors,Aldosivi Mar del Plata,2025-03-14T22:00:00Z,soccer_argentina_primera_division,Liga Profesional,betmgm,2.5,2.1,1.65,2025-03-14T11:52:10Z,2025-03-14,ce0c945fba47bfb482fa34d422bc8853_2.5
ce0c945fba47bfb482fa34d422bc8853,Argentinos Juniors,Aldosivi Mar del Plata,2025-03-14T22:00:00Z,soccer_argentina_primera_division,Liga Profesional,pinnacle,2.25,1.94,1.94,2025-03-14T11:55:15Z,2025-03-14,ce0c945fba47bfb482fa34d422bc8853_2.25
ce0c945fba47bfb482fa34d422bc8853,Argentinos Juniors,Aldosivi Mar del Plata,2025-03-14T22:00:00Z,soccer_argentina_primera_division,Liga Profesional,betrivers,2.5,2.12,1.7,2025-03-14T11:55:16Z,2025-03-14,ce0c945fba47bfb482fa34d422bc8853_2.5
ce0c945fba47bfb482fa34d422bc8853,Argentinos Juniors,Aldosivi Mar del Plata,2025-03-14T22:00:00Z,soccer_argentina_primera_division,Liga Profesional,unibet,2.5,2.12,1.7,2025-03-14T11:55:17Z,2025-03-14,ce0c945fba47bfb482fa34d422bc8853_2.5
ce0c945fba47bfb482fa34d422bc8853,Argentinos Juniors,Aldosivi Mar del Plata,2025-03-14T22:00:00Z,soccer_argentina_primera_division,Liga Profesional,playup,2.5,2.12,1.68,2025-03-14T11:55:17Z,2025-03-14,ce0c945fba47bfb482fa34d422bc8853_2.5
ce0c945fba47bfb482fa34d422bc8853,Argentinos Juniors,Aldosivi Mar del Plata,2025-03-14T22:00:00Z,soccer_argentina_primera_division,Liga Profesional,betonlineag,2.25,1.95,1.87,2025-03-14T11:53:44Z,2025-03-14,ce0c945fba47bfb482fa34d422bc8853_2.25
ce0c945fba47bfb482fa34d422bc8853,Argentinos Juniors,Aldosivi Mar del Plata,2025-03-14T22:00:00Z,soccer_argentina_primera_division,Liga Profesional,lowvig,2.25,1.95,1.87,2025-03-14T11:55:16Z,2025-03-14,ce0c945fba47bfb482fa34d422bc8853_2.25
ce0c945fba47bfb482fa34d422bc8853,Argentinos Juniors,Aldosivi Mar del Plata,2025-03-14T22:00:00Z,soccer_argentina_primera_division,Liga Profesional,betanysports,2.25,1.93,1.89,2025-03-14T11:55:16Z,2025-03-14,ce0c945fba47bfb482fa34d422bc8853_2.25
b4060affbe2dd2efa9e2b847d920729b,Godoy Cruz,San Lorenzo,2025-03-15T00:00:00Z,soccer_argentina_primera_division,Liga Profesional,onexbet,1.5,1.7,2.15,2025-03-14T11:55:16Z,2025-03-14,b4060affbe2dd2efa9e2b847d920729b_1.5
b4060affbe2dd2efa9e2b847d920729b,Godoy Cruz,San Lorenzo,2025-03-15T00:00:00Z,soccer_argentina_primera_division,Liga Profesional,nordicbet,2.5,3.2,1.36,2025-03-14T11:55:17Z,2025-03-14,b4060affbe2dd2efa9e2b847d920729b_2.5
b4060affbe2dd2efa9e2b847d920729b,Godoy Cruz,San Lorenzo,2025-03-15T00:00:00Z,soccer_argentina_primera_division,Liga Profesional,betsson,1.75,1.94,1.87,2025-03-14T11:55:20Z,2025-03-14,b4060affbe2dd2efa9e2b847d920729b_1.75
b4060affbe2dd2efa9e2b847d920729b,Godoy Cruz,San Lorenzo,2025-03-15T00:00:00Z,soccer_argentina_primera_division,Liga Profesional,bovada,1.75,1.95,1.87,2025-03-14T11:55:16Z,2025-03-14,b4060affbe2dd2efa9e2b847d920729b_1.75
b4060affbe2dd2efa9e2b847d920729b,Godoy Cruz,San Lorenzo,2025-03-15T00:00:00Z,soccer_argentina_primera_division,Liga Profesional,pinnacle,1.75,1.98,1.89,2025-03-14T11:55:15Z,2025-03-14,b4060affbe2dd2efa9e2b847d920729b_1.75
b4060affbe2dd2efa9e2b847d920729b,Godoy Cruz,San Lorenzo,2025-03-15T00:00:00Z,soccer_argentina_primera_division,Liga Profesional,betrivers,1.5,1.68,2.14,2025-03-14T11:55:16Z,2025-03-14,b4060affbe2dd2efa9e2b847d920729b_1.5
b4060affbe2dd2efa9e2b847d920729b,Godoy Cruz,San Lorenzo,2025-03-15T00:00:00Z,soccer_argentina_primera_division,Liga Profesional,unibet,1.5,1.68,2.14,2025-03-14T11:55:17Z,2025-03-14,b4060affbe2dd2efa9e2b847d920729b_1.5
b4060affbe2dd2efa9e2b847d920729b,Godoy Cruz,San Lorenzo,2025-03-15T00:00:00Z,soccer_argentina_primera_division,Liga Profesional,playup,1.5,1.7,2.1,2025-03-14T11:55:17Z,2025-03-14,b4060affbe2dd2efa9e2b847d920729b_1.5
b4060affbe2dd2efa9e2b847d920729b,Godoy Cruz,San Lorenzo,2025-03-15T00:00:00Z,soccer_argentina_primera_division,Liga Profesional,betonlineag,1.75,1.98,1.85,2025-03-14T11:53:44Z,2025-03-14,b4060affbe2dd2efa9e2b847d920729b_1.75
b4060affbe2dd2efa9e2b847d920729b,Godoy Cruz,San Lorenzo,2025-03-15T00:00:00Z,soccer_argentina_primera_division,Liga Profesional,lowvig,1.75,1.98,1.85,2025-03-14T11:55:16Z,2025-03-14,b4060affbe2dd2efa9e2b847d920729b_1.75
b4060affbe2dd2efa9e2b847d920729b,Godoy Cruz,San Lorenzo,2025-03-15T00:00:00Z,soccer_argentina_primera_division,Liga Profesional,matchbook,1.5,1.79,2.22,2025-03-14T11:55:16Z,2025-03-14,b4060affbe2dd2efa9e2b847d920729b_1.5
b4060affbe2dd2efa9e2b847d920729b,Godoy Cruz,San Lorenzo,2025-03-15T00:00:00Z,soccer_argentina_primera_division,Liga Profesional,betanysports,1.75,1.95,1.87,2025-03-14T11:55:16Z,2025-03-14,b4060affbe2dd2efa9e2b847d920729b_1.75
170e9151fd3d582a9df74287686d9b2c,Deportivo Riestra,River Plate,2025-03-15T19:00:00Z,soccer_argentina_primera_division,Liga Profesional,onexbet,2.5,2.4,1.57,2025-03-14T11:55:16Z,2025-03-14,170e9151fd3d582a9df74287686d9b2c_2.5
170e9151fd3d582a9df74287686d9b2c,Deportivo Riestra,River Plate,2025-03-15T19:00:00Z,soccer_argentina_primera_division,Liga Profesional,nordicbet,2.5,2.36,1.6,2025-03-14T11:55:17Z,2025-03-14,170e9151fd3d582a9df74287686d9b2c_2.5
170e9151fd3d582a9df74287686d9b2c,Deportivo Riestra,River Plate,2025-03-15T19:00:00Z,soccer_argentina_primera_division,Liga Profesional,betsson,2.25,2.06,1.77,2025-03-14T11:55:20Z,2025-03-14,170e9151fd3d582a9df74287686d9b2c_2.25
170e9151fd3d582a9df74287686d9b2c,Deportivo Riestra,River Plate,2025-03-15T19:00:00Z,soccer_argentina_primera_division,Liga Profesional,bovada,2.25,2.08,1.78,2025-03-14T11:55:16Z,2025-03-14,170e9151fd3d582a9df74287686d9b2c_2.25
170e9151fd3d582a9df74287686d9b2c,Deportivo Riestra,River Plate,2025-03-15T19:00:00Z,soccer_argentina_primera_division,Liga Profesional,unibet,2.5,2.38,1.55,2025-03-14T11:55:17Z,2025-03-14,170e9151fd3d582a9df74287686d9b2c_2.5
170e9151fd3d582a9df74287686d9b2c,Deportivo Riestra,River Plate,2025-03-15T19:00:00Z,soccer_argentina_primera_division,Liga Profesional,betrivers,2.5,2.38,1.55,2025-03-14T11:55:16Z,2025-03-14,170e9151fd3d582a9df74287686d9b2c_2.5
170e9151fd3d582a9df74287686d9b2c,Deportivo Riestra,River Plate,2025-03-15T19:00:00Z,soccer_argentina_primera_division,Liga Profesional,pinnacle,2.0,1.8,2.07,2025-03-14T11:55:15Z,2025-03-14,170e9151fd3d582a9df74287686d9b2c_2.0
170e9151fd3d582a9df74287686d9b2c,Deportivo Riestra,River Plate,2025-03-15T19:00:00Z,soccer_argentina_primera_division,Liga Profesional,playup,2.5,2.35,1.55,2025-03-14T11:55:17Z,2025-03-14,170e9151fd3d582a9df74287686d9b2c_2.5
170e9151fd3d582a9df74287686d9b2c,Deportivo Riestra,River Plate,2025-03-15T19:00:00Z,soccer_argentina_primera_division,Liga Profesional,betonlineag,2.0,1.79,2.07,2025-03-14T11:53:44Z,2025-03-14,170e9151fd3d582a9df74287686d9b2c_2.0
170e9151fd3d582a9df74287686d9b2c,Deportivo Riestra,River Plate,2025-03-15T19:00:00Z,soccer_argentina_primera_division,Liga Profesional,lowvig,2.0,1.79,2.07,2025-03-14T11:55:16Z,2025-03-14,170e9151fd3d582a9df74287686d9b2c_2.0
170e9151fd3d582a9df74287686d9b2c,Deportivo Riestra,River Plate,2025-03-15T19:00:00Z,soccer_argentina_primera_division,Liga Profesional,betanysports,2.25,2.08,1.78,2025-03-14T11:55:16Z,2025-03-14,170e9151fd3d582a9df74287686d9b2c_2.25
e6ae7acc3c6857eedb3cbbac8924e9cf,Estudiantes,Newells Old Boys,2025-03-15T21:30:00Z,soccer_argentina_primera_division,Liga Profesional,onexbet,2.5,2.31,1.61,2025-03-14T11:55:16Z,2025-03-14,e6ae7acc3c6857eedb3cbbac8924e9cf_2.5
e6ae7acc3c6857eedb3cbbac8924e9cf,Estudiantes,Newells Old Boys,2025-03-15T21:30:00Z,soccer_argentina_primera_division,Liga Profesional,nordicbet,2.5,2.29,1.63,2025-03-14T11:55:17Z,2025-03-14,e6ae7acc3c6857eedb3cbbac8924e9cf_2.5
e6ae7acc3c6857eedb3cbbac8924e9cf,Estudiantes,Newells Old Boys,2025-03-15T21:30:00Z,soccer_argentina_primera_division,Liga Profesional,betsson,2.25,2.0,1.81,2025-03-14T11:55:20Z,2025-03-14,e6ae7acc3c6857eedb3cbbac8924e9cf_2.25
e6ae7acc3c6857eedb3cbbac8924e9cf,Estudiantes,Newells Old Boys,2025-03-15T21:30:00Z,soccer_argentina_primera_division,Liga Profesional,bovada,2.25,2.02,1.82,2025-03-14T11:55:16Z,2025-03-14,e6ae7acc3c6857eedb3cbbac8924e9cf_2.25
e6ae7acc3c6857eedb3cbbac8924e9cf,Estudiantes,Newells Old Boys,2025-03-15T21:30:00Z,soccer_argentina_primera_division,Liga Profesional,betmgm,2.5,2.2,1.57,2025-03-14T11:52:10Z,2025-03-14,e6ae7acc3c6857eedb3cbbac8924e9cf_2.5
e6ae7acc3c6857eedb3cbbac8924e9cf,Estudiantes,Newells Old Boys,2025-03-15T21:30:00Z,soccer_argentina_primera_division,Liga Profesional,pinnacle,2.25,2.08,1.79,2025-03-14T11:55:15Z,2025-03-14,e6ae7acc3c6857eedb3cbbac8924e9cf_2.25
e6ae7acc3c6857eedb3cbbac8924e9cf,Estudiantes,Newells Old Boys,2025-03-15T21:30:00Z,soccer_argentina_primera_division,Liga Profesional,betrivers,2.5,2.18,1.65,2025-03-14T11:55:16Z,2025-03-14,e6ae7acc3c6857eedb3cbbac8924e9cf_2.5
e6ae7acc3c6857eedb3cbbac8924e9cf,Estudiantes,Newells Old Boys,2025-03-15T21:30:00Z,soccer_argentina_primera_division,Liga Profesional,unibet,2.5,2.18,1.65,2025-03-14T11:55:17Z,2025-03-14,e6ae7acc3c6857eedb3cbbac8924e9cf_2.5
e6ae7acc3c6857eedb3cbbac8924e9cf,Estudiantes,Newells Old Boys,2025-03-15T21:30:00Z,soccer_argentina_primera_division,Liga Profesional,betonlineag,2.25,2.0,1.83,2025-03-14T11:53:44Z,2025-03-14,e6ae7acc3c6857eedb3cbbac8924e9cf_2.25
e6ae7acc3c6857eedb3cbbac8924e9cf,Estudiantes,Newells Old Boys,2025-03-15T21:30:00Z,soccer_argentina_primera_division,Liga Profesional,lowvig,2.25,2.0,1.83,2025-03-14T11:55:16Z,2025-03-14,e6ae7acc3c6857eedb3cbbac8924e9cf_2.25
e6ae7acc3c6857eedb3cbbac8924e9cf,Estudiantes,Newells Old Boys,2025-03-15T21:30:00Z,soccer_argentina_primera_division,Liga Profesional,playup,2.5,2.35,1.55,2025-03-14T11:55:17Z,2025-03-14,e6ae7acc3c6857eedb3cbbac8924e9cf_2.5
a7588569f6e127a0e939ab228c9bab57,Rosario Central,Gimnasia La Plata,2025-03-15T21:30:00Z,soccer_argentina_primera_division,Liga Profesional,nordicbet,2.5,2.7,1.47,2025-03-14T11:55:17Z,2025-03-14,a7588569f6e127a0e939ab228c9bab57_2.5
a7588569f6e127a0e939ab228c9bab57,Rosario Central,Gimnasia La Plata,2025-03-15T21:30:00Z,soccer_argentina_primera_division,Liga Profesional,betsson,2.0,2.0,1.82,2025-03-14T11:55:20Z,2025-03-14,a7588569f6e127a0e939ab228c9bab57_2.0
a7588569f6e127a0e939ab228c9bab57,Rosario Central,Gimnasia La Plata,2025-03-15T21:30:00Z,soccer_argentina_primera_division,Liga Profesional,onexbet,1.5,1.53,2.5,2025-03-14T11:55:16Z,2025-03-14,a7588569f6e127a0e939ab228c9bab57_1.5
a7588569f6e127a0e939ab228c9bab57,Rosario Central,Gimnasia La Plata,2025-03-15T21:30:00Z,soccer_argentina_primera_division,Liga Profesional,bovada,2.0,2.0,1.83,2025-03-14T11:55:16Z,2025-03-14,a7588569f6e127a0e939ab228c9bab57_2.0
a7588569f6e127a0e939ab228c9bab57,Rosario Central,Gimnasia La Plata,2025-03-15T21:30:00Z,soccer_argentina_primera_division,Liga Profesional,betmgm,1.5,1.53,2.35,2025-03-14T11:52:10Z,2025-03-14,a7588569f6e127a0e939ab228c9bab57_1.5
a7588569f6e127a0e939ab228c9bab57,Rosario Central,Gimnasia La Plata,2025-03-15T21:30:00Z,soccer_argentina_primera_division,Liga Profesional,betrivers,1.5,1.5,2.5,2025-03-14T11:55:16Z,2025-03-14,a7588569f6e127a0e939ab228c9bab57_1.5
a7588569f6e127a0e939ab228c9bab57,Rosario Central,Gimnasia La Plata,2025-03-15T21:30:00Z,soccer_argentina_primera_division,Liga Profesional,unibet,2.5,2.75,1.43,2025-03-14T11:55:17Z,2025-03-14,a7588569f6e127a0e939ab228c9bab57_2.5
a7588569f6e127a0e939ab228c9bab57,Rosario Central,Gimnasia La Plata,2025-03-15T21:30:00Z,soccer_argentina_primera_division,Liga Profesional,pinnacle,2.0,1.98,1.87,2025-03-14T11:55:15Z,2025-03-14,a7588569f6e127a0e939ab228c9bab57_2.0
a7588569f6e127a0e939ab228c9bab57,Rosario Central,Gimnasia La Plata,2025-03-15T21:30:00Z,soccer_argentina_primera_division,Liga Profesional,betonlineag,2.0,2.15,1.74,2025-03-14T11:53:44Z,2025-03-14,a7588569f6e127a0e939ab228c9bab57_2.0
a7588569f6e127a0e939ab228c9bab57,Rosario Central,Gimnasia La Plata,2025-03-15T21:30:00Z,soccer_argentina_primera_division,Liga Profesional,lowvig,2.0,2.15,1.74,2025-03-14T11:55:16Z,2025-03-14,a7588569f6e127a0e939ab228c9bab57_2.0
a7588569f6e127a0e939ab228c9bab57,Rosario Central,Gimnasia La Plata,2025-03-15T21:30:00Z,soccer_argentina_primera_division,Liga Profesional,playup,1.5,1.52,2.45,2025-03-14T11:55:17Z,2025-03-14,a7588569f6e127a0e939ab228c9bab57_1.5
a7588569f6e127a0e939ab228c9bab57,Rosario Central,Gimnasia La Plata,2025-03-15T21:30:00Z,soccer_argentina_primera_division,Liga Profesional,betanysports,2.0,2.0,1.83,2025-03-14T11:55:16Z,2025-03-14,a7588569f6e127a0e939ab228c9bab57_2.0
2340a96efb0492e77ff561f98fdcccd4,Atlético Huracán,Independiente Rivadavia,2025-03-16T00:00:00Z,soccer_argentina_primera_division,Liga Profesional,onexbet,1.5,1.55,2.45,2025-03-14T11:55:16Z,2025-03-14,2340a96efb0492e77ff561f98fdcccd4_1.5
2340a96efb0492e77ff561f98fdcccd4,Atlético Huracán,Independiente Rivadavia,2025-03-16T00:00:00Z,soccer_argentina_primera_division,Liga Profesional,nordicbet,2.5,2.7,1.47,2025-03-14T11:55:17Z,2025-03-14,2340a96efb0492e77ff561f98fdcccd4_2.5
2340a96efb0492e77ff561f98fdcccd4,Atlético Huracán,Independiente Rivadavia,2025-03-16T00:00:00Z,soccer_argentina_primera_division,Liga Profesional,betsson,2.25,2.36,1.59,2025-03-14T11:55:20Z,2025-03-14,2340a96efb0492e77ff561f98fdcccd4_2.25
2340a96efb0492e77ff561f98fdcccd4,Atlético Huracán,Independiente Rivadavia,2025-03-16T00:00:00Z,soccer_argentina_primera_division,Liga Profesional,bovada,2.0,2.02,1.82,2025-03-14T11:55:16Z,2025-03-14,2340a96efb0492e77ff561f98fdcccd4_2.0
2340a96efb0492e77ff561f98fdcccd4,Atlético Huracán,Independiente Rivadavia,2025-03-16T00:00:00Z,soccer_argentina_primera_division,Liga Profesional,betrivers,1.5,1.49,2.55,2025-03-14T11:55:16Z,2025-03-14,2340a96efb0492e77ff561f98fdcccd4_1.5
2340a96efb0492e77ff561f98fdcccd4,Atlético Huracán,Independiente Rivadavia,2025-03-16T00:00:00Z,soccer_argentina_primera_division,Liga Profesional,unibet,2.5,2.7,1.44,2025-03-14T11:55:17Z,2025-03-14,2340a96efb0492e77ff561f98fdcccd4_2.5
2340a96efb0492e77ff561f98fdcccd4,Atlético Huracán,Independiente Rivadavia,2025-03-16T00:00:00Z,soccer_argentina_primera_division,Liga Profesional,pinnacle,2.0,2.0,1.84,2025-03-14T11:55:15Z,2025-03-14,2340a96efb0492e77ff561f98fdcccd4_2.0
2340a96efb0492e77ff561f98fdcccd4,Atlético Huracán,Independiente Rivadavia,2025-03-16T00:00:00Z,soccer_argentina_primera_division,Liga Profesional,lowvig,2.0,1.98,1.85,2025-03-14T11:55:16Z,2025-03-14,2340a96efb0492e77ff561f98fdcccd4_2.0
2340a96efb0492e77ff561f98fdcccd4,Atlético Huracán,Independiente Rivadavia,2025-03-16T00:00:00Z,soccer_argentina_primera_division,Liga Profesional,betonlineag,2.0,1.98,1.85,2025-03-14T11:53:44Z,2025-03-14,2340a96efb0492e77ff561f98fdcccd4_2.0
2340a96efb0492e77ff561f98fdcccd4,Atlético Huracán,Independiente Rivadavia,2025-03-16T00:00:00Z,soccer_argentina_primera_division,Liga Profesional,playup,1.5,1.52,2.45,2025-03-14T11:55:17Z,2025-03-14,2340a96efb0492e77ff561f98fdcccd4_1.5
2340a96efb0492e77ff561f98fdcccd4,Atlético Huracán,Independiente Rivadavia,2025-03-16T00:00:00Z,soccer_argentina_primera_division,Liga Profesional,betanysports,2.0,2.02,1.82,2025-03-14T11:55:16Z,2025-03-14,2340a96efb0492e77ff561f98fdcccd4_2.0
5c5b5e3a2a84ffffbc720cd8bad13530,Sarmiento de Junin,Talleres,2025-03-16T00:00:00Z,soccer_argentina_primera_division,Liga Profesional,onexbet,2.5,2.5,1.53,2025-03-14T11:55:16Z,2025-03-14,5c5b5e3a2a84ffffbc720cd8bad13530_2.5
5c5b5e3a2a84ffffbc720cd8bad13530,Sarmiento de Junin,Talleres,2025-03-16T00:00:00Z,soccer_argentina_primera_division,Liga Profesional,betsson,2.0,1.84,1.97,2025-03-14T11:55:20Z,2025-03-14,5c5b5e3a2a84ffffbc720cd8bad13530_2.0
5c5b5e3a2a84ffffbc720cd8bad13530,Sarmiento de Junin,Talleres,2025-03-16T00:00:00Z,soccer_argentina_primera_division,Liga Profesional,nordicbet,2.5,2.48,1.55,2025-03-14T11:55:17Z,2025-03-14,5c5b5e3a2a84ffffbc720cd8bad13530_2.5
5c5b5e3a2a84ffffbc720cd8bad13530,Sarmiento de Junin,Talleres,2025-03-16T00:00:00Z,soccer_argentina_primera_division,Liga Profesional,bovada,2.0,1.85,1.98,2025-03-14T11:55:16Z,2025-03-14,5c5b5e3a2a84ffffbc720cd8bad13530_2.0
5c5b5e3a2a84ffffbc720cd8bad13530,Sarmiento de Junin,Talleres,2025-03-16T00:00:00Z,soccer_argentina_primera_division,Liga Profesional,betrivers,2.5,2.38,1.55,2025-03-14T11:55:16Z,2025-03-14,5c5b5e3a2a84ffffbc720cd8bad13530_2.5
5c5b5e3a2a84ffffbc720cd8bad13530,Sarmiento de Junin,Talleres,2025-03-16T00:00:00Z,soccer_argentina_primera_division,Liga Profesional,unibet,2.5,2.38,1.55,2025-03-14T11:55:17Z,2025-03-14,5c5b5e3a2a84ffffbc720cd8bad13530_2.5
5c5b5e3a2a84ffffbc720cd8bad13530,Sarmiento de Junin,Talleres,2025-03-16T00:00:00Z,soccer_argentina_primera_division,Liga Profesional,pinnacle,2.0,1.88,1.95,2025-03-14T11:55:15Z,2025-03-14,5c5b5e3a2a84ffffbc720cd8bad13530_2.0
5c5b5e3a2a84ffffbc720cd8bad13530,Sarmiento de Junin,Talleres,2025-03-16T00:00:00Z,soccer_argentina_primera_division,Liga Profesional,lowvig,2.0,1.87,1.95,2025-03-14T11:55:16Z,2025-03-14,5c5b5e3a2a84ffffbc720cd8bad13530_2.0
5c5b5e3a2a84ffffbc720cd8bad13530,Sarmiento de Junin,Talleres,2025-03-16T00:00:00Z,soccer_argentina_primera_division,Liga Profesional,betonlineag,2.0,1.87,1.95,2025-03-14T11:53:44Z,2025-03-14,5c5b5e3a2a84ffffbc720cd8bad13530_2.0
5c5b5e3a2a84ffffbc720cd8bad13530,Sarmiento de Junin,Talleres,2025-03-16T00:00:00Z,soccer_argentina_primera_division,Liga Profesional,playup,2.5,2.45,1.52,2025-03-14T11:55:17Z,2025-03-14,5c5b5e3a2a84ffffbc720cd8bad13530_2.5
5c5b5e3a2a84ffffbc720cd8bad13530,Sarmiento de Junin,Talleres,2025-03-16T00:00:00Z,soccer_argentina_primera_division,Liga Profesional,betanysports,2.0,1.85,1.98,2025-03-14T11:55:16Z,2025-03-14,5c5b5e3a2a84ffffbc720cd8bad13530_2.0
054c28b05ff70b022ddf4d80cf6ad37c,Audax Italiano,Universidad de Chile,2025-03-14T21:00:00Z,soccer_chile_campeonato,Primera División Chile,coolbet,2.5,2.05,1.78,2025-03-14T11:54:07Z,2025-03-14,054c28b05ff70b022ddf4d80cf6ad37c_2.5
054c28b05ff70b022ddf4d80cf6ad37c,Audax Italiano,Universidad de Chile,2025-03-14T21:00:00Z,soccer_chile_campeonato,Primera División Chile,onexbet,2.5,1.88,1.89,2025-03-14T11:55:36Z,2025-03-14,054c28b05ff70b022ddf4d80cf6ad37c_2.5
054c28b05ff70b022ddf4d80cf6ad37c,Audax Italiano,Universidad de Chile,2025-03-14T21:00:00Z,soccer_chile_campeonato,Primera División Chile,nordicbet,2.5,1.87,1.9,2025-03-14T11:54:06Z,2025-03-14,054c28b05ff70b022ddf4d80cf6ad37c_2.5
054c28b05ff70b022ddf4d80cf6ad37c,Audax Italiano,Universidad de Chile,2025-03-14T21:00:00Z,soccer_chile_campeonato,Primera División Chile,betsson,2.5,1.87,1.9,2025-03-14T11:54:06Z,2025-03-14,054c28b05ff70b022ddf4d80cf6ad37c_2.5
054c28b05ff70b022ddf4d80cf6ad37c,Audax Italiano,Universidad de Chile,2025-03-14T21:00:00Z,soccer_chile_campeonato,Primera División Chile,bovada,2.5,1.89,1.93,2025-03-14T11:55:36Z,2025-03-14,054c28b05ff70b022ddf4d80cf6ad37c_2.5
054c28b05ff70b022ddf4d80cf6ad37c,Audax Italiano,Universidad de Chile,2025-03-14T21:00:00Z,soccer_chile_campeonato,Primera División Chile,betrivers,2.5,1.95,1.78,2025-03-14T11:55:36Z,2025-03-14,054c28b05ff70b022ddf4d80cf6ad37c_2.5
054c28b05ff70b022ddf4d80cf6ad37c,Audax Italiano,Universidad de Chile,2025-03-14T21:00:00Z,soccer_chile_campeonato,Primera División Chile,unibet,2.5,1.96,1.78,2025-03-14T11:54:07Z,2025-03-14,054c28b05ff70b022ddf4d80cf6ad37c_2.5
054c28b05ff70b022ddf4d80cf6ad37c,Audax Italiano,Universidad de Chile,2025-03-14T21:00:00Z,soccer_chile_campeonato,Primera División Chile,tipico_de,2.5,1.77,1.93,2025-03-14T11:54:07Z,2025-03-14,054c28b05ff70b022ddf4d80cf6ad37c_2.5
054c28b05ff70b022ddf4d80cf6ad37c,Audax Italiano,Universidad de Chile,2025-03-14T21:00:00Z,soccer_chile_campeonato,Primera División Chile,betus,2.5,1.89,1.87,2025-03-14T11:54:06Z,2025-03-14,054c28b05ff70b022ddf4d80cf6ad37c_2.5
054c28b05ff70b022ddf4d80cf6ad37c,Audax Italiano,Universidad de Chile,2025-03-14T21:00:00Z,soccer_chile_campeonato,Primera División Chile,playup,2.5,1.85,1.88,2025-03-14T11:54:07Z,2025-03-14,054c28b05ff70b022ddf4d80cf6ad37c_2.5
054c28b05ff70b022ddf4d80cf6ad37c,Audax Italiano,Universidad de Chile,2025-03-14T21:00:00Z,soccer_chile_campeonato,Primera División Chile,lowvig,2.5,1.84,1.99,2025-03-14T11:55:36Z,2025-03-14,054c28b05ff70b022ddf4d80cf6ad37c_2.5
054c28b05ff70b022ddf4d80cf6ad37c,Audax Italiano,Universidad de Chile,2025-03-14T21:00:00Z,soccer_chile_campeonato,Primera División Chile,betonlineag,2.5,1.84,1.99,2025-03-14T11:55:35Z,2025-03-14,054c28b05ff70b022ddf4d80cf6ad37c_2.5
054c28b05ff70b022ddf4d80cf6ad37c,Audax Italiano,Universidad de Chile,2025-03-14T21:00:00Z,soccer_chile_campeonato,Primera División Chile,pinnacle,2.5,1.91,1.96,2025-03-14T11:55:35Z,2025-03-14,054c28b05ff70b022ddf4d80cf6ad37c_2.5
d278e9a5c4a109431e71068b556ae4bb,Deportes Limache,Huachipato,2025-03-14T23:30:00Z,soccer_chile_campeonato,Primera División Chile,nordicbet,2.5,1.97,1.81,2025-03-14T11:54:06Z,2025-03-14,d278e9a5c4a109431e71068b556ae4bb_2.5
d278e9a5c4a109431e71068b556ae4bb,Deportes Limache,Huachipato,2025-03-14T23:30:00Z,soccer_chile_campeonato,Primera División Chile,betsson,2.5,1.97,1.81,2025-03-14T11:54:06Z,2025-03-14,d278e9a5c4a109431e71068b556ae4bb_2.5
d278e9a5c4a109431e71068b556ae4bb,Deportes Limache,Huachipato,2025-03-14T23:30:00Z,soccer_chile_campeonato,Primera División Chile,coolbet,2.5,1.97,1.84,2025-03-14T11:54:07Z,2025-03-14,d278e9a5c4a109431e71068b556ae4bb_2.5
d278e9a5c4a109431e71068b556ae4bb,Deportes Limache,Huachipato,2025-03-14T23:30:00Z,soccer_chile_campeonato,Primera División Chile,onexbet,2.5,1.95,1.82,2025-03-14T11:55:36Z,2025-03-14,d278e9a5c4a109431e71068b556ae4bb_2.5
d278e9a5c4a109431e71068b556ae4bb,Deportes Limache,Huachipato,2025-03-14T23:30:00Z,soccer_chile_campeonato,Primera División Chile,pinnacle,2.5,2.0,1.87,2025-03-14T11:55:35Z,2025-03-14,d278e9a5c4a109431e71068b556ae4bb_2.5
d278e9a5c4a109431e71068b556ae4bb,Deportes Limache,Huachipato,2025-03-14T23:30:00Z,soccer_chile_campeonato,Primera División Chile,bovada,2.5,2.0,1.83,2025-03-14T11:55:36Z,2025-03-14,d278e9a5c4a109431e71068b556ae4bb_2.5
d278e9a5c4a109431e71068b556ae4bb,Deportes Limache,Huachipato,2025-03-14T23:30:00Z,soccer_chile_campeonato,Primera División Chile,betrivers,2.5,2.0,1.74,2025-03-14T11:55:36Z,2025-03-14,d278e9a5c4a109431e71068b556ae4bb_2.5
d278e9a5c4a109431e71068b556ae4bb,Deportes Limache,Huachipato,2025-03-14T23:30:00Z,soccer_chile_campeonato,Primera División Chile,unibet,2.5,2.0,1.74,2025-03-14T11:54:07Z,2025-03-14,d278e9a5c4a109431e71068b556ae4bb_2.5
d278e9a5c4a109431e71068b556ae4bb,Deportes Limache,Huachipato,2025-03-14T23:30:00Z,soccer_chile_campeonato,Primera División Chile,tipico_de,2.5,1.87,1.83,2025-03-14T11:54:07Z,2025-03-14,d278e9a5c4a109431e71068b556ae4bb_2.5
d278e9a5c4a109431e71068b556ae4bb,Deportes Limache,Huachipato,2025-03-14T23:30:00Z,soccer_chile_campeonato,Primera División Chile,betus,2.5,1.87,1.87,2025-03-14T11:54:06Z,2025-03-14,d278e9a5c4a109431e71068b556ae4bb_2.5
d278e9a5c4a109431e71068b556ae4bb,Deportes Limache,Huachipato,2025-03-14T23:30:00Z,soccer_chile_campeonato,Primera División Chile,playup,2.5,1.95,1.8,2025-03-14T11:54:07Z,2025-03-14,d278e9a5c4a109431e71068b556ae4bb_2.5
d278e9a5c4a109431e71068b556ae4bb,Deportes Limache,Huachipato,2025-03-14T23:30:00Z,soccer_chile_campeonato,Primera División Chile,lowvig,2.5,1.94,1.88,2025-03-14T11:55:36Z,2025-03-14,d278e9a5c4a109431e71068b556ae4bb_2.5
d278e9a5c4a109431e71068b556ae4bb,Deportes Limache,Huachipato,2025-03-14T23:30:00Z,soccer_chile_campeonato,Primera División Chile,betonlineag,2.5,1.94,1.88,2025-03-14T11:55:35Z,2025-03-14,d278e9a5c4a109431e71068b556ae4bb_2.5
0295a42d3642bdd19bd0b367b9434bf7,Universidad Católica (CHI),Colo Colo,2025-03-15T21:00:00Z,soccer_chile_campeonato,Primera División Chile,onexbet,2.5,2.21,1.64,2025-03-14T11:55:36Z,2025-03-14,0295a42d3642bdd19bd0b367b9434bf7_2.5
0295a42d3642bdd19bd0b367b9434bf7,Universidad Católica (CHI),Colo Colo,2025-03-15T21:00:00Z,soccer_chile_campeonato,Primera División Chile,betrivers,2.5,2.12,1.66,2025-03-14T11:55:36Z,2025-03-14,0295a42d3642bdd19bd0b367b9434bf7_2.5
0295a42d3642bdd19bd0b367b9434bf7,Universidad Católica (CHI),Colo Colo,2025-03-15T21:00:00Z,soccer_chile_campeonato,Primera División Chile,unibet,2.5,2.12,1.66,2025-03-14T11:54:07Z,2025-03-14,0295a42d3642bdd19bd0b367b9434bf7_2.5
0295a42d3642bdd19bd0b367b9434bf7,Universidad Católica (CHI),Colo Colo,2025-03-15T21:00:00Z,soccer_chile_campeonato,Primera División Chile,betus,2.25,1.87,1.89,2025-03-14T11:54:06Z,2025-03-14,0295a42d3642bdd19bd0b367b9434bf7_2.25
0295a42d3642bdd19bd0b367b9434bf7,Universidad Católica (CHI),Colo Colo,2025-03-15T21:00:00Z,soccer_chile_campeonato,Primera División Chile,betonlineag,2.25,1.97,1.85,2025-03-14T11:55:35Z,2025-03-14,0295a42d3642bdd19bd0b367b9434bf7_2.25
0295a42d3642bdd19bd0b367b9434bf7,Universidad Católica (CHI),Colo Colo,2025-03-15T21:00:00Z,soccer_chile_campeonato,Primera División Chile,lowvig,2.25,1.97,1.85,2025-03-14T11:55:36Z,2025-03-14,0295a42d3642bdd19bd0b367b9434bf7_2.25
64f8f2b3e03e09875d12ca2239927646,Everton de Viña del Mar,Coquimbo Unido,2025-03-15T23:30:00Z,soccer_chile_campeonato,Primera División Chile,nordicbet,2.25,1.88,1.89,2025-03-14T11:54:06Z,2025-03-14,64f8f2b3e03e09875d12ca2239927646_2.25
64f8f2b3e03e09875d12ca2239927646,Everton de Viña del Mar,Coquimbo Unido,2025-03-15T23:30:00Z,soccer_chile_campeonato,Primera División Chile,betsson,2.25,1.88,1.89,2025-03-14T11:54:06Z,2025-03-14,64f8f2b3e03e09875d12ca2239927646_2.25
64f8f2b3e03e09875d12ca2239927646,Everton de Viña del Mar,Coquimbo Unido,2025-03-15T23:30:00Z,soccer_chile_campeonato,Primera División Chile,coolbet,2.5,2.19,1.69,2025-03-14T11:54:07Z,2025-03-14,64f8f2b3e03e09875d12ca2239927646_2.5
64f8f2b3e03e09875d12ca2239927646,Everton de Viña del Mar,Coquimbo Unido,2025-03-15T23:30:00Z,soccer_chile_campeonato,Primera División Chile,onexbet,2.5,2.19,1.65,2025-03-14T11:55:36Z,2025-03-14,64f8f2b3e03e09875d12ca2239927646_2.5
64f8f2b3e03e09875d12ca2239927646,Everton de Viña del Mar,Coquimbo Unido,2025-03-15T23:30:00Z,soccer_chile_campeonato,Primera División Chile,bovada,2.25,1.91,1.91,2025-03-14T11:55:36Z,2025-03-14,64f8f2b3e03e09875d12ca2239927646_2.25
64f8f2b3e03e09875d12ca2239927646,Everton de Viña del Mar,Coquimbo Unido,2025-03-15T23:30:00Z,soccer_chile_campeonato,Primera División Chile,pinnacle,2.25,1.95,1.88,2025-03-14T11:55:35Z,2025-03-14,64f8f2b3e03e09875d12ca2239927646_2.25
64f8f2b3e03e09875d12ca2239927646,Everton de Viña del Mar,Coquimbo Unido,2025-03-15T23:30:00Z,soccer_chile_campeonato,Primera División Chile,betrivers,2.5,2.1,1.68,2025-03-14T11:55:36Z,2025-03-14,64f8f2b3e03e09875d12ca2239927646_2.5
64f8f2b3e03e09875d12ca2239927646,Everton de Viña del Mar,Coquimbo Unido,2025-03-15T23:30:00Z,soccer_chile_campeonato,Primera División Chile,unibet,2.5,2.1,1.68,2025-03-14T11:54:07Z,2025-03-14,64f8f2b3e03e09875d12ca2239927646_2.5
64f8f2b3e03e09875d12ca2239927646,Everton de Viña del Mar,Coquimbo Unido,2025-03-15T23:30:00Z,soccer_chile_campeonato,Primera División Chile,tipico_de,2.5,2.1,1.65,2025-03-14T11:54:07Z,2025-03-14,64f8f2b3e03e09875d12ca2239927646_2.5
64f8f2b3e03e09875d12ca2239927646,Everton de Viña del Mar,Coquimbo Unido,2025-03-15T23:30:00Z,soccer_chile_campeonato,Primera División Chile,betus,2.25,1.87,1.88,2025-03-14T11:54:06Z,2025-03-14,64f8f2b3e03e09875d12ca2239927646_2.25
64f8f2b3e03e09875d12ca2239927646,Everton de Viña del Mar,Coquimbo Unido,2025-03-15T23:30:00Z,soccer_chile_campeonato,Primera División Chile,playup,2.5,2.15,1.63,2025-03-14T11:54:07Z,2025-03-14,64f8f2b3e03e09875d12ca2239927646_2.5
64f8f2b3e03e09875d12ca2239927646,Everton de Viña del Mar,Coquimbo Unido,2025-03-15T23:30:00Z,soccer_chile_campeonato,Primera División Chile,lowvig,2.25,1.92,1.9,2025-03-14T11:55:36Z,2025-03-14,64f8f2b3e03e09875d12ca2239927646_2.25
64f8f2b3e03e09875d12ca2239927646,Everton de Viña del Mar,Coquimbo Unido,2025-03-15T23:30:00Z,soccer_chile_campeonato,Primera División Chile,betonlineag,2.25,1.92,1.9,2025-03-14T11:55:35Z,2025-03-14,64f8f2b3e03e09875d12ca2239927646_2.25
34a5e3a613be2bd47a4523c9da4fc5f5,Necaxa,León,2025-03-15T01:00:00Z,soccer_mexico_ligamx,Liga MX,bovada,3.0,2.02,1.82,2025-03-14T11:53:58Z,2025-03-14,34a5e3a613be2bd47a4523c9da4fc5f5_3.0
34a5e3a613be2bd47a4523c9da4fc5f5,Necaxa,León,2025-03-15T01:00:00Z,soccer_mexico_ligamx,Liga MX,unibet,2.5,1.61,2.2,2025-03-14T11:55:31Z,2025-03-14,34a5e3a613be2bd47a4523c9da4fc5f5_2.5
34a5e3a613be2bd47a4523c9da4fc5f5,Necaxa,León,2025-03-15T01:00:00Z,soccer_mexico_ligamx,Liga MX,betrivers,2.5,1.61,2.2,2025-03-14T11:55:29Z,2025-03-14,34a5e3a613be2bd47a4523c9da4fc5f5_2.5
34a5e3a613be2bd47a4523c9da4fc5f5,Necaxa,León,2025-03-15T01:00:00Z,soccer_mexico_ligamx,Liga MX,betsson,2.5,1.62,2.25,2025-03-14T11:55:30Z,2025-03-14,34a5e3a613be2bd47a4523c9da4fc5f5_2.5
34a5e3a613be2bd47a4523c9da4fc5f5,Necaxa,León,2025-03-15T01:00:00Z,soccer_mexico_ligamx,Liga MX,unibet_eu,2.5,1.61,2.2,2025-03-14T11:55:29Z,2025-03-14,34a5e3a613be2bd47a4523c9da4fc5f5_2.5
34a5e3a613be2bd47a4523c9da4fc5f5,Necaxa,León,2025-03-15T01:00:00Z,soccer_mexico_ligamx,Liga MX,nordicbet,2.5,1.62,2.25,2025-03-14T11:55:29Z,2025-03-14,34a5e3a613be2bd47a4523c9da4fc5f5_2.5
34a5e3a613be2bd47a4523c9da4fc5f5,Necaxa,León,2025-03-15T01:00:00Z,soccer_mexico_ligamx,Liga MX,betus,3.0,1.93,1.82,2025-03-14T11:55:29Z,2025-03-14,34a5e3a613be2bd47a4523c9da4fc5f5_3.0
34a5e3a613be2bd47a4523c9da4fc5f5,Necaxa,León,2025-03-15T01:00:00Z,soccer_mexico_ligamx,Liga MX,coolbet,3.0,2.03,1.79,2025-03-14T11:55:30Z,2025-03-14,34a5e3a613be2bd47a4523c9da4fc5f5_3.0
34a5e3a613be2bd47a4523c9da4fc5f5,Necaxa,León,2025-03-15T01:00:00Z,soccer_mexico_ligamx,Liga MX,pinnacle,3.0,2.04,1.84,2025-03-14T11:55:29Z,2025-03-14,34a5e3a613be2bd47a4523c9da4fc5f5_3.0
34a5e3a613be2bd47a4523c9da4fc5f5,Necaxa,León,2025-03-15T01:00:00Z,soccer_mexico_ligamx,Liga MX,williamhill,2.5,1.65,2.2,2025-03-14T11:55:29Z,2025-03-14,34a5e3a613be2bd47a4523c9da4fc5f5_2.5
34a5e3a613be2bd47a4523c9da4fc5f5,Necaxa,León,2025-03-15T01:00:00Z,soccer_mexico_ligamx,Liga MX,lowvig,3.0,2.03,1.81,2025-03-14T11:55:29Z,2025-03-14,34a5e3a613be2bd47a4523c9da4fc5f5_3.0
34a5e3a613be2bd47a4523c9da4fc5f5,Necaxa,León,2025-03-15T01:00:00Z,soccer_mexico_ligamx,Liga MX,betonlineag,3.0,2.03,1.81,2025-03-14T11:55:28Z,2025-03-14,34a5e3a613be2bd47a4523c9da4fc5f5_3.0
34a5e3a613be2bd47a4523c9da4fc5f5,Necaxa,León,2025-03-15T01:00:00Z,soccer_mexico_ligamx,Liga MX,matchbook,2.5,1.63,2.38,2025-03-14T11:55:29Z,2025-03-14,34a5e3a613be2bd47a4523c9da4fc5f5_2.5
e75788c86f6f14e55dba4f57f7a44934,Querétaro,Mazatlán FC,2025-03-15T01:00:00Z,soccer_mexico_ligamx,Liga MX,bovada,2.25,1.87,1.95,2025-03-14T11:53:58Z,2025-03-14,e75788c86f6f14e55dba4f57f7a44934_2.25
e75788c86f6f14e55dba4f57f7a44934,Querétaro,Mazatlán FC,2025-03-15T01:00:00Z,soccer_mexico_ligamx,Liga MX,betrivers,2.5,2.0,1.74,2025-03-14T11:55:29Z,2025-03-14,e75788c86f6f14e55dba4f57f7a44934_2.5
e75788c86f6f14e55dba4f57f7a44934,Querétaro,Mazatlán FC,2025-03-15T01:00:00Z,soccer_mexico_ligamx,Liga MX,nordicbet,2.5,2.05,1.75,2025-03-14T11:55:29Z,2025-03-14,e75788c86f6f14e55dba4f57f7a44934_2.5
e75788c86f6f14e55dba4f57f7a44934,Querétaro,Mazatlán FC,2025-03-15T01:00:00Z,soccer_mexico_ligamx,Liga MX,unibet,2.5,2.0,1.74,2025-03-14T11:55:31Z,2025-03-14,e75788c86f6f14e55dba4f57f7a44934_2.5
e75788c86f6f14e55dba4f57f7a44934,Querétaro,Mazatlán FC,2025-03-15T01:00:00Z,soccer_mexico_ligamx,Liga MX,unibet_eu,2.5,2.0,1.74,2025-03-14T11:55:29Z,2025-03-14,e75788c86f6f14e55dba4f57f7a44934_2.5
e75788c86f6f14e55dba4f57f7a44934,Querétaro,Mazatlán FC,2025-03-15T01:00:00Z,soccer_mexico_ligamx,Liga MX,betsson,2.5,2.05,1.75,2025-03-14T11:55:30Z,2025-03-14,e75788c86f6f14e55dba4f57f7a44934_2.5
e75788c86f6f14e55dba4f57f7a44934,Querétaro,Mazatlán FC,2025-03-15T01:00:00Z,soccer_mexico_ligamx,Liga MX,pinnacle,2.25,1.85,2.02,2025-03-14T11:55:29Z,2025-03-14,e75788c86f6f14e55dba4f57f7a44934_2.25
e75788c86f6f14e55dba4f57f7a44934,Querétaro,Mazatlán FC,2025-03-15T01:00:00Z,soccer_mexico_ligamx,Liga MX,betus,2.25,1.85,1.88,2025-03-14T11:55:29Z,2025-03-14,e75788c86f6f14e55dba4f57f7a44934_2.25
e75788c86f6f14e55dba4f57f7a44934,Querétaro,Mazatlán FC,2025-03-15T01:00:00Z,soccer_mexico_ligamx,Liga MX,coolbet,2.5,2.22,1.67,2025-03-14T11:55:30Z,2025-03-14,e75788c86f6f14e55dba4f57f7a44934_2.5
e75788c86f6f14e55dba4f57f7a44934,Querétaro,Mazatlán FC,2025-03-15T01:00:00Z,soccer_mexico_ligamx,Liga MX,williamhill,2.5,2.1,1.67,2025-03-14T11:55:29Z,2025-03-14,e75788c86f6f14e55dba4f57f7a44934_2.5
e75788c86f6f14e55dba4f57f7a44934,Querétaro,Mazatlán FC,2025-03-15T01:00:00Z,soccer_mexico_ligamx,Liga MX,lowvig,2.25,1.83,2.0,2025-03-14T11:55:29Z,2025-03-14,e75788c86f6f14e55dba4f57f7a44934_2.25
e75788c86f6f14e55dba4f57f7a44934,Querétaro,Mazatlán FC,2025-03-15T01:00:00Z,soccer_mexico_ligamx,Liga MX,betonlineag,2.25,1.83,2.0,2025-03-14T11:55:28Z,2025-03-14,e75788c86f6f14e55dba4f57f7a44934_2.25
e75788c86f6f14e55dba4f57f7a44934,Querétaro,Mazatlán FC,2025-03-15T01:00:00Z,soccer_mexico_ligamx,Liga MX,matchbook,2.5,2.12,1.78,2025-03-14T11:55:29Z,2025-03-14,e75788c86f6f14e55dba4f57f7a44934_2.5
30352b60d6a2d7d3b036be307d2a8aed,Puebla,Toluca,2025-03-15T03:05:00Z,soccer_mexico_ligamx,Liga MX,bovada,3.0,1.95,1.87,2025-03-14T11:53:58Z,2025-03-14,30352b60d6a2d7d3b036be307d2a8aed_3.0
30352b60d6a2d7d3b036be307d2a8aed,Puebla,Toluca,2025-03-15T03:05:00Z,soccer_mexico_ligamx,Liga MX,unibet,3.5,2.38,1.53,2025-03-14T11:55:31Z,2025-03-14,30352b60d6a2d7d3b036be307d2a8aed_3.5
30352b60d6a2d7d3b036be307d2a8aed,Puebla,Toluca,2025-03-15T03:05:00Z,soccer_mexico_ligamx,Liga MX,betrivers,3.5,2.38,1.53,2025-03-14T11:55:29Z,2025-03-14,30352b60d6a2d7d3b036be307d2a8aed_3.5
30352b60d6a2d7d3b036be307d2a8aed,Puebla,Toluca,2025-03-15T03:05:00Z,soccer_mexico_ligamx,Liga MX,betsson,2.5,1.6,2.3,2025-03-14T11:55:30Z,2025-03-14,30352b60d6a2d7d3b036be307d2a8aed_2.5
30352b60d6a2d7d3b036be307d2a8aed,Puebla,Toluca,2025-03-15T03:05:00Z,soccer_mexico_ligamx,Liga MX,unibet_eu,3.5,2.38,1.53,2025-03-14T11:55:29Z,2025-03-14,30352b60d6a2d7d3b036be307d2a8aed_3.5
30352b60d6a2d7d3b036be307d2a8aed,Puebla,Toluca,2025-03-15T03:05:00Z,soccer_mexico_ligamx,Liga MX,nordicbet,2.5,1.6,2.3,2025-03-14T11:55:29Z,2025-03-14,30352b60d6a2d7d3b036be307d2a8aed_2.5
30352b60d6a2d7d3b036be307d2a8aed,Puebla,Toluca,2025-03-15T03:05:00Z,soccer_mexico_ligamx,Liga MX,betus,3.0,1.87,1.87,2025-03-14T11:55:29Z,2025-03-14,30352b60d6a2d7d3b036be307d2a8aed_3.0
30352b60d6a2d7d3b036be307d2a8aed,Puebla,Toluca,2025-03-15T03:05:00Z,soccer_mexico_ligamx,Liga MX,pinnacle,3.0,1.99,1.88,2025-03-14T11:55:29Z,2025-03-14,30352b60d6a2d7d3b036be307d2a8aed_3.0
30352b60d6a2d7d3b036be307d2a8aed,Puebla,Toluca,2025-03-15T03:05:00Z,soccer_mexico_ligamx,Liga MX,coolbet,3.0,1.96,1.85,2025-03-14T11:55:30Z,2025-03-14,30352b60d6a2d7d3b036be307d2a8aed_3.0
30352b60d6a2d7d3b036be307d2a8aed,Puebla,Toluca,2025-03-15T03:05:00Z,soccer_mexico_ligamx,Liga MX,williamhill,2.5,1.62,2.2,2025-03-14T11:55:29Z,2025-03-14,30352b60d6a2d7d3b036be307d2a8aed_2.5
30352b60d6a2d7d3b036be307d2a8aed,Puebla,Toluca,2025-03-15T03:05:00Z,soccer_mexico_ligamx,Liga MX,betonlineag,3.0,1.98,1.85,2025-03-14T11:55:28Z,2025-03-14,30352b60d6a2d7d3b036be307d2a8aed_3.0
30352b60d6a2d7d3b036be307d2a8aed,Puebla,Toluca,2025-03-15T03:05:00Z,soccer_mexico_ligamx,Liga MX,lowvig,3.0,1.98,1.85,2025-03-14T11:55:29Z,2025-03-14,30352b60d6a2d7d3b036be307d2a8aed_3.0
30352b60d6a2d7d3b036be307d2a8aed,Puebla,Toluca,2025-03-15T03:05:00Z,soccer_mexico_ligamx,Liga MX,matchbook,2.5,1.53,2.24,2025-03-14T11:55:29Z,2025-03-14,30352b60d6a2d7d3b036be307d2a8aed_2.5
1b9d6d943a411472ffe286d875d1e20c,Tigres,Santos Laguna,2025-03-15T23:00:00Z,soccer_mexico_ligamx,Liga MX,nordicbet,3.5,2.4,1.57,2025-03-14T11:55:29Z,2025-03-14,1b9d6d943a411472ffe286d875d1e20c_3.5
1b9d6d943a411472ffe286d875d1e20c,Tigres,Santos Laguna,2025-03-15T23:00:00Z,soccer_mexico_ligamx,Liga MX,bovada,3.0,1.85,1.98,2025-03-14T11:53:58Z,2025-03-14,1b9d6d943a411472ffe286d875d1e20c_3.0
1b9d6d943a411472ffe286d875d1e20c,Tigres,Santos Laguna,2025-03-15T23:00:00Z,soccer_mexico_ligamx,Liga MX,betrivers,3.5,2.33,1.55,2025-03-14T11:55:29Z,2025-03-14,1b9d6d943a411472ffe286d875d1e20c_3.5
1b9d6d943a411472ffe286d875d1e20c,Tigres,Santos Laguna,2025-03-15T23:00:00Z,soccer_mexico_ligamx,Liga MX,unibet,3.5,2.33,1.55,2025-03-14T11:55:31Z,2025-03-14,1b9d6d943a411472ffe286d875d1e20c_3.5
1b9d6d943a411472ffe286d875d1e20c,Tigres,Santos Laguna,2025-03-15T23:00:00Z,soccer_mexico_ligamx,Liga MX,unibet_eu,3.5,2.33,1.55,2025-03-14T11:55:29Z,2025-03-14,1b9d6d943a411472ffe286d875d1e20c_3.5
1b9d6d943a411472ffe286d875d1e20c,Tigres,Santos Laguna,2025-03-15T23:00:00Z,soccer_mexico_ligamx,Liga MX,betsson,3.5,2.4,1.57,2025-03-14T11:55:30Z,2025-03-14,1b9d6d943a411472ffe286d875d1e20c_3.5
1b9d6d943a411472ffe286d875d1e20c,Tigres,Santos Laguna,2025-03-15T23:00:00Z,soccer_mexico_ligamx,Liga MX,coolbet,3.0,1.85,1.97,2025-03-14T11:55:30Z,2025-03-14,1b9d6d943a411472ffe286d875d1e20c_3.0
1b9d6d943a411472ffe286d875d1e20c,Tigres,Santos Laguna,2025-03-15T23:00:00Z,soccer_mexico_ligamx,Liga MX,pinnacle,3.0,1.85,1.99,2025-03-14T11:55:29Z,2025-03-14,1b9d6d943a411472ffe286d875d1e20c_3.0
1b9d6d943a411472ffe286d875d1e20c,Tigres,Santos Laguna,2025-03-15T23:00:00Z,soccer_mexico_ligamx,Liga MX,williamhill,2.5,1.5,2.5,2025-03-14T11:55:29Z,2025-03-14,1b9d6d943a411472ffe286d875d1e20c_2.5
1b9d6d943a411472ffe286d875d1e20c,Tigres,Santos Laguna,2025-03-15T23:00:00Z,soccer_mexico_ligamx,Liga MX,betonlineag,3.0,1.85,1.97,2025-03-14T11:55:28Z,2025-03-14,1b9d6d943a411472ffe286d875d1e20c_3.0
1b9d6d943a411472ffe286d875d1e20c,Tigres,Santos Laguna,2025-03-15T23:00:00Z,soccer_mexico_ligamx,Liga MX,lowvig,3.0,1.85,1.97,2025-03-14T11:55:29Z,2025-03-14,1b9d6d943a411472ffe286d875d1e20c_3.0
1b9d6d943a411472ffe286d875d1e20c,Tigres,Santos Laguna,2025-03-15T23:00:00Z,soccer_mexico_ligamx,Liga MX,betus,3.0,1.85,1.89,2025-03-14T11:55:29Z,2025-03-14,1b9d6d943a411472ffe286d875d1e20c_3.0
a48622125ed1fbeeedf93c9e54a446d3,Cruz Azul,Atlético San Luis,2025-03-16T01:00:00Z,soccer_mexico_ligamx,Liga MX,bovada,3.0,1.85,1.98,2025-03-14T11:53:58Z,2025-03-14,a48622125ed1fbeeedf93c9e54a446d3_3.0
a48622125ed1fbeeedf93c9e54a446d3,Cruz Azul,Atlético San Luis,2025-03-16T01:00:00Z,soccer_mexico_ligamx,Liga MX,betrivers,3.5,2.35,1.54,2025-03-14T11:55:29Z,2025-03-14,a48622125ed1fbeeedf93c9e54a446d3_3.5
a48622125ed1fbeeedf93c9e54a446d3,Cruz Azul,Atlético San Luis,2025-03-16T01:00:00Z,soccer_mexico_ligamx,Liga MX,unibet,3.5,2.35,1.54,2025-03-14T11:55:31Z,2025-03-14,a48622125ed1fbeeedf93c9e54a446d3_3.5
a48622125ed1fbeeedf93c9e54a446d3,Cruz Azul,Atlético San Luis,2025-03-16T01:00:00Z,soccer_mexico_ligamx,Liga MX,unibet_eu,3.5,2.35,1.54,2025-03-14T11:55:29Z,2025-03-14,a48622125ed1fbeeedf93c9e54a446d3_3.5
a48622125ed1fbeeedf93c9e54a446d3,Cruz Azul,Atlético San Luis,2025-03-16T01:00:00Z,soccer_mexico_ligamx,Liga MX,betsson,3.5,2.4,1.57,2025-03-14T11:55:30Z,2025-03-14,a48622125ed1fbeeedf93c9e54a446d3_3.5
a48622125ed1fbeeedf93c9e54a446d3,Cruz Azul,Atlético San Luis,2025-03-16T01:00:00Z,soccer_mexico_ligamx,Liga MX,nordicbet,3.5,2.4,1.57,2025-03-14T11:55:29Z,2025-03-14,a48622125ed1fbeeedf93c9e54a446d3_3.5
a48622125ed1fbeeedf93c9e54a446d3,Cruz Azul,Atlético San Luis,2025-03-16T01:00:00Z,soccer_mexico_ligamx,Liga MX,pinnacle,3.0,1.87,1.97,2025-03-14T11:55:29Z,2025-03-14,a48622125ed1fbeeedf93c9e54a446d3_3.0
a48622125ed1fbeeedf93c9e54a446d3,Cruz Azul,Atlético San Luis,2025-03-16T01:00:00Z,soccer_mexico_ligamx,Liga MX,coolbet,3.0,1.96,1.85,2025-03-14T11:55:30Z,2025-03-14,a48622125ed1fbeeedf93c9e54a446d3_3.0
a48622125ed1fbeeedf93c9e54a446d3,Cruz Azul,Atlético San Luis,2025-03-16T01:00:00Z,soccer_mexico_ligamx,Liga MX,williamhill,2.5,1.5,2.5,2025-03-14T11:55:29Z,2025-03-14,a48622125ed1fbeeedf93c9e54a446d3_2.5
a48622125ed1fbeeedf93c9e54a446d3,Cruz Azul,Atlético San Luis,2025-03-16T01:00:00Z,soccer_mexico_ligamx,Liga MX,betonlineag,3.0,1.83,2.0,2025-03-14T11:55:28Z,2025-03-14,a48622125ed1fbeeedf93c9e54a446d3_3.0
a48622125ed1fbeeedf93c9e54a446d3,Cruz Azul,Atlético San Luis,2025-03-16T01:00:00Z,soccer_mexico_ligamx,Liga MX,lowvig,3.0,1.83,2.0,2025-03-14T11:55:29Z,2025-03-14,a48622125ed1fbeeedf93c9e54a446d3_3.0
a48622125ed1fbeeedf93c9e54a446d3,Cruz Azul,Atlético San Luis,2025-03-16T01:00:00Z,soccer_mexico_ligamx,Liga MX,betus,3.0,1.85,1.89,2025-03-14T11:55:29Z,2025-03-14,a48622125ed1fbeeedf93c9e54a446d3_3.0
e3456c5dc041371c42d60fb31b86a385,FC Juárez,Guadalajara,2025-03-16T01:10:00Z,soccer_mexico_ligamx,Liga MX,nordicbet,2.5,2.0,1.78,2025-03-14T11:55:29Z,2025-03-14,e3456c5dc041371c42d60fb31b86a385_2.5
e3456c5dc041371c42d60fb31b86a385,FC Juárez,Guadalajara,2025-03-16T01:10:00Z,soccer_mexico_ligamx,Liga MX,bovada,2.5,2.05,1.8,2025-03-14T11:53:58Z,2025-03-14,e3456c5dc041371c42d60fb31b86a385_2.5
e3456c5dc041371c42d60fb31b86a385,FC Juárez,Guadalajara,2025-03-16T01:10:00Z,soccer_mexico_ligamx,Liga MX,betrivers,2.5,1.87,1.85,2025-03-14T11:55:29Z,2025-03-14,e3456c5dc041371c42d60fb31b86a385_2.5
e3456c5dc041371c42d60fb31b86a385,FC Juárez,Guadalajara,2025-03-16T01:10:00Z,soccer_mexico_ligamx,Liga MX,unibet,2.5,1.87,1.85,2025-03-14T11:55:31Z,2025-03-14,e3456c5dc041371c42d60fb31b86a385_2.5
e3456c5dc041371c42d60fb31b86a385,FC Juárez,Guadalajara,2025-03-16T01:10:00Z,soccer_mexico_ligamx,Liga MX,unibet_eu,2.5,1.87,1.85,2025-03-14T11:55:29Z,2025-03-14,e3456c5dc041371c42d60fb31b86a385_2.5
e3456c5dc041371c42d60fb31b86a385,FC Juárez,Guadalajara,2025-03-16T01:10:00Z,soccer_mexico_ligamx,Liga MX,betsson,2.5,2.0,1.78,2025-03-14T11:55:30Z,2025-03-14,e3456c5dc041371c42d60fb31b86a385_2.5
e3456c5dc041371c42d60fb31b86a385,FC Juárez,Guadalajara,2025-03-16T01:10:00Z,soccer_mexico_ligamx,Liga MX,pinnacle,2.25,1.81,2.05,2025-03-14T11:55:29Z,2025-03-14,e3456c5dc041371c42d60fb31b86a385_2.25
e3456c5dc041371c42d60fb31b86a385,FC Juárez,Guadalajara,2025-03-16T01:10:00Z,soccer_mexico_ligamx,Liga MX,coolbet,2.5,1.97,1.84,2025-03-14T11:55:30Z,2025-03-14,e3456c5dc041371c42d60fb31b86a385_2.5
e3456c5dc041371c42d60fb31b86a385,FC Juárez,Guadalajara,2025-03-16T01:10:00Z,soccer_mexico_ligamx,Liga MX,williamhill,2.5,2.0,1.75,2025-03-14T11:55:29Z,2025-03-14,e3456c5dc041371c42d60fb31b86a385_2.5
e3456c5dc041371c42d60fb31b86a385,FC Juárez,Guadalajara,2025-03-16T01:10:00Z,soccer_mexico_ligamx,Liga MX,lowvig,2.25,1.8,2.05,2025-03-14T11:55:29Z,2025-03-14,e3456c5dc041371c42d60fb31b86a385_2.25
e3456c5dc041371c42d60fb31b86a385,FC Juárez,Guadalajara,2025-03-16T01:10:00Z,soccer_mexico_ligamx,Liga MX,betonlineag,2.25,1.8,2.05,2025-03-14T11:55:28Z,2025-03-14,e3456c5dc041371c42d60fb31b86a385_2.25
e3456c5dc041371c42d60fb31b86a385,FC Juárez,Guadalajara,2025-03-16T01:10:00Z,soccer_mexico_ligamx,Liga MX,betus,2.5,1.95,1.8,2025-03-14T11:55:29Z,2025-03-14,e3456c5dc041371c42d60fb31b86a385_2.5
27d033261553e439cbdc6900a3ce0943,Atlas,América,2025-03-16T03:05:00Z,soccer_mexico_ligamx,Liga MX,unibet,2.5,1.89,1.83,2025-03-14T11:55:31Z,2025-03-14,27d033261553e439cbdc6900a3ce0943_2.5
27d033261553e439cbdc6900a3ce0943,Atlas,América,2025-03-16T03:05:00Z,soccer_mexico_ligamx,Liga MX,bovada,2.5,1.91,1.91,2025-03-14T11:53:58Z,2025-03-14,27d033261553e439cbdc6900a3ce0943_2.5
27d033261553e439cbdc6900a3ce0943,Atlas,América,2025-03-16T03:05:00Z,soccer_mexico_ligamx,Liga MX,betrivers,2.5,1.88,1.83,2025-03-14T11:55:29Z,2025-03-14,27d033261553e439cbdc6900a3ce0943_2.5
27d033261553e439cbdc6900a3ce0943,Atlas,América,2025-03-16T03:05:00Z,soccer_mexico_ligamx,Liga MX,unibet_eu,2.5,1.88,1.83,2025-03-14T11:55:29Z,2025-03-14,27d033261553e439cbdc6900a3ce0943_2.5
27d033261553e439cbdc6900a3ce0943,Atlas,América,2025-03-16T03:05:00Z,soccer_mexico_ligamx,Liga MX,nordicbet,2.5,1.9,1.87,2025-03-14T11:55:29Z,2025-03-14,27d033261553e439cbdc6900a3ce0943_2.5
27d033261553e439cbdc6900a3ce0943,Atlas,América,2025-03-16T03:05:00Z,soccer_mexico_ligamx,Liga MX,betsson,2.5,1.9,1.87,2025-03-14T11:55:30Z,2025-03-14,27d033261553e439cbdc6900a3ce0943_2.5
27d033261553e439cbdc6900a3ce0943,Atlas,América,2025-03-16T03:05:00Z,soccer_mexico_ligamx,Liga MX,coolbet,2.5,1.85,1.96,2025-03-14T11:55:30Z,2025-03-14,27d033261553e439cbdc6900a3ce0943_2.5
27d033261553e439cbdc6900a3ce0943,Atlas,América,2025-03-16T03:05:00Z,soccer_mexico_ligamx,Liga MX,pinnacle,2.5,1.92,1.92,2025-03-14T11:55:29Z,2025-03-14,27d033261553e439cbdc6900a3ce0943_2.5
27d033261553e439cbdc6900a3ce0943,Atlas,América,2025-03-16T03:05:00Z,soccer_mexico_ligamx,Liga MX,williamhill,2.5,1.85,1.91,2025-03-14T11:55:29Z,2025-03-14,27d033261553e439cbdc6900a3ce0943_2.5
27d033261553e439cbdc6900a3ce0943,Atlas,América,2025-03-16T03:05:00Z,soccer_mexico_ligamx,Liga MX,lowvig,2.5,1.89,1.93,2025-03-14T11:55:29Z,2025-03-14,27d033261553e439cbdc6900a3ce0943_2.5
27d033261553e439cbdc6900a3ce0943,Atlas,América,2025-03-16T03:05:00Z,soccer_mexico_ligamx,Liga MX,betonlineag,2.5,1.89,1.93,2025-03-14T11:55:28Z,2025-03-14,27d033261553e439cbdc6900a3ce0943_2.5
27d033261553e439cbdc6900a3ce0943,Atlas,América,2025-03-16T03:05:00Z,soccer_mexico_ligamx,Liga MX,betus,2.5,1.87,1.87,2025-03-14T11:55:29Z,2025-03-14,27d033261553e439cbdc6900a3ce0943_2.5
ec845f0cc012de4008fa2938f7eaa076,Toronto FC,Chicago Fire,2025-03-15T18:30:00Z,soccer_usa_mls,MLS,onexbet,2.5,1.81,2.0,2025-03-14T11:54:58Z,2025-03-14,ec845f0cc012de4008fa2938f7eaa076_2.5
ec845f0cc012de4008fa2938f7eaa076,Toronto FC,Chicago Fire,2025-03-15T18:30:00Z,soccer_usa_mls,MLS,bovada,2.75,2.02,1.82,2025-03-14T11:54:57Z,2025-03-14,ec845f0cc012de4008fa2938f7eaa076_2.75
ec845f0cc012de4008fa2938f7eaa076,Toronto FC,Chicago Fire,2025-03-15T18:30:00Z,soccer_usa_mls,MLS,betsson,2.5,1.83,2.0,2025-03-14T11:54:59Z,2025-03-14,ec845f0cc012de4008fa2938f7eaa076_2.5
ec845f0cc012de4008fa2938f7eaa076,Toronto FC,Chicago Fire,2025-03-15T18:30:00Z,soccer_usa_mls,MLS,nordicbet,2.5,1.83,2.0,2025-03-14T11:54:59Z,2025-03-14,ec845f0cc012de4008fa2938f7eaa076_2.5
ec845f0cc012de4008fa2938f7eaa076,Toronto FC,Chicago Fire,2025-03-15T18:30:00Z,soccer_usa_mls,MLS,mybookieag,2.5,1.77,1.98,2025-03-14T11:53:26Z,2025-03-14,ec845f0cc012de4008fa2938f7eaa076_2.5
ec845f0cc012de4008fa2938f7eaa076,Toronto FC,Chicago Fire,2025-03-15T18:30:00Z,soccer_usa_mls,MLS,pinnacle,2.5,1.83,2.02,2025-03-14T11:54:57Z,2025-03-14,ec845f0cc012de4008fa2938f7eaa076_2.5
ec845f0cc012de4008fa2938f7eaa076,Toronto FC,Chicago Fire,2025-03-15T18:30:00Z,soccer_usa_mls,MLS,betrivers,2.5,1.78,2.02,2025-03-14T11:55:04Z,2025-03-14,ec845f0cc012de4008fa2938f7eaa076_2.5
ec845f0cc012de4008fa2938f7eaa076,Toronto FC,Chicago Fire,2025-03-15T18:30:00Z,soccer_usa_mls,MLS,unibet,2.5,1.78,2.02,2025-03-14T11:54:58Z,2025-03-14,ec845f0cc012de4008fa2938f7eaa076_2.5
ec845f0cc012de4008fa2938f7eaa076,Toronto FC,Chicago Fire,2025-03-15T18:30:00Z,soccer_usa_mls,MLS,unibet_eu,2.5,1.78,2.02,2025-03-14T11:54:58Z,2025-03-14,ec845f0cc012de4008fa2938f7eaa076_2.5
ec845f0cc012de4008fa2938f7eaa076,Toronto FC,Chicago Fire,2025-03-15T18:30:00Z,soccer_usa_mls,MLS,williamhill,2.5,1.75,2.0,2025-03-14T11:55:03Z,2025-03-14,ec845f0cc012de4008fa2938f7eaa076_2.5
ec845f0cc012de4008fa2938f7eaa076,Toronto FC,Chicago Fire,2025-03-15T18:30:00Z,soccer_usa_mls,MLS,lowvig,2.5,1.83,2.01,2025-03-14T11:54:57Z,2025-03-14,ec845f0cc012de4008fa2938f7eaa076_2.5
ec845f0cc012de4008fa2938f7eaa076,Toronto FC,Chicago Fire,2025-03-15T18:30:00Z,soccer_usa_mls,MLS,betonlineag,2.5,1.83,2.01,2025-03-14T11:54:57Z,2025-03-14,ec845f0cc012de4008fa2938f7eaa076_2.5
ec845f0cc012de4008fa2938f7eaa076,Toronto FC,Chicago Fire,2025-03-15T18:30:00Z,soccer_usa_mls,MLS,coolbet,2.5,1.83,1.98,2025-03-14T11:54:59Z,2025-03-14,ec845f0cc012de4008fa2938f7eaa076_2.5
ec845f0cc012de4008fa2938f7eaa076,Toronto FC,Chicago Fire,2025-03-15T18:30:00Z,soccer_usa_mls,MLS,matchbook,2.5,1.69,1.9,2025-03-14T11:54:57Z,2025-03-14,ec845f0cc012de4008fa2938f7eaa076_2.5
2f8efea55b395460bea4cad81737cee0,New York Red Bulls,Orlando City SC,2025-03-15T18:30:00Z,soccer_usa_mls,MLS,onexbet,2.5,1.88,1.92,2025-03-14T11:54:58Z,2025-03-14,2f8efea55b395460bea4cad81737cee0_2.5
2f8efea55b395460bea4cad81737cee0,New York Red Bulls,Orlando City SC,2025-03-15T18:30:00Z,soccer_usa_mls,MLS,bovada,2.5,1.87,1.95,2025-03-14T11:54:57Z,2025-03-14,2f8efea55b395460bea4cad81737cee0_2.5
2f8efea55b395460bea4cad81737cee0,New York Red Bulls,Orlando City SC,2025-03-15T18:30:00Z,soccer_usa_mls,MLS,betsson,2.5,1.92,1.88,2025-03-14T11:54:59Z,2025-03-14,2f8efea55b395460bea4cad81737cee0_2.5
2f8efea55b395460bea4cad81737cee0,New York Red Bulls,Orlando City SC,2025-03-15T18:30:00Z,soccer_usa_mls,MLS,nordicbet,2.5,1.92,1.88,2025-03-14T11:54:59Z,2025-03-14,2f8efea55b395460bea4cad81737cee0_2.5
2f8efea55b395460bea4cad81737cee0,New York Red Bulls,Orlando City SC,2025-03-15T18:30:00Z,soccer_usa_mls,MLS,mybookieag,2.5,1.82,1.92,2025-03-14T11:53:26Z,2025-03-14,2f8efea55b395460bea4cad81737cee0_2.5
2f8efea55b395460bea4cad81737cee0,New York Red Bulls,Orlando City SC,2025-03-15T18:30:00Z,soccer_usa_mls,MLS,pinnacle,2.5,1.91,1.94,2025-03-14T11:54:57Z,2025-03-14,2f8efea55b395460bea4cad81737cee0_2.5
2f8efea55b395460bea4cad81737cee0,New York Red Bulls,Orlando City SC,2025-03-15T18:30:00Z,soccer_usa_mls,MLS,betrivers,2.5,1.83,1.93,2025-03-14T11:55:04Z,2025-03-14,2f8efea55b395460bea4cad81737cee0_2.5
2f8efea55b395460bea4cad81737cee0,New York Red Bulls,Orlando City SC,2025-03-15T18:30:00Z,soccer_usa_mls,MLS,unibet,2.5,1.83,1.93,2025-03-14T11:54:58Z,2025-03-14,2f8efea55b395460bea4cad81737cee0_2.5
2f8efea55b395460bea4cad81737cee0,New York Red Bulls,Orlando City SC,2025-03-15T18:30:00Z,soccer_usa_mls,MLS,unibet_eu,2.5,1.83,1.93,2025-03-14T11:54:58Z,2025-03-14,2f8efea55b395460bea4cad81737cee0_2.5
2f8efea55b395460bea4cad81737cee0,New York Red Bulls,Orlando City SC,2025-03-15T18:30:00Z,soccer_usa_mls,MLS,williamhill,2.5,1.8,1.95,2025-03-14T11:55:03Z,2025-03-14,2f8efea55b395460bea4cad81737cee0_2.5
2f8efea55b395460bea4cad81737cee0,New York Red Bulls,Orlando City SC,2025-03-15T18:30:00Z,soccer_usa_mls,MLS,coolbet,2.5,1.85,1.97,2025-03-14T11:54:59Z,2025-03-14,2f8efea55b395460bea4cad81737cee0_2.5
2f8efea55b395460bea4cad81737cee0,New York Red Bulls,Orlando City SC,2025-03-15T18:30:00Z,soccer_usa_mls,MLS,betus,2.5,1.87,1.87,2025-03-14T11:54:58Z,2025-03-14,2f8efea55b395460bea4cad81737cee0_2.5
2f8efea55b395460bea4cad81737cee0,New York Red Bulls,Orlando City SC,2025-03-15T18:30:00Z,soccer_usa_mls,MLS,betanysports,2.5,1.87,1.95,2025-03-14T11:54:58Z,2025-03-14,2f8efea55b395460bea4cad81737cee0_2.5
2f8efea55b395460bea4cad81737cee0,New York Red Bulls,Orlando City SC,2025-03-15T18:30:00Z,soccer_usa_mls,MLS,matchbook,2.5,1.79,1.81,2025-03-14T11:54:57Z,2025-03-14,2f8efea55b395460bea4cad81737cee0_2.5
0756c6b2e90bb15b7e84452dee699895,Los Angeles FC,Austin FC,2025-03-15T19:45:00Z,soccer_usa_mls,MLS,onexbet,2.5,1.91,1.89,2025-03-14T11:54:58Z,2025-03-14,0756c6b2e90bb15b7e84452dee699895_2.5
0756c6b2e90bb15b7e84452dee699895,Los Angeles FC,Austin FC,2025-03-15T19:45:00Z,soccer_usa_mls,MLS,bovada,2.5,1.89,1.93,2025-03-14T11:54:57Z,2025-03-14,0756c6b2e90bb15b7e84452dee699895_2.5
0756c6b2e90bb15b7e84452dee699895,Los Angeles FC,Austin FC,2025-03-15T19:45:00Z,soccer_usa_mls,MLS,betsson,2.5,1.92,1.88,2025-03-14T11:54:59Z,2025-03-14,0756c6b2e90bb15b7e84452dee699895_2.5
0756c6b2e90bb15b7e84452dee699895,Los Angeles FC,Austin FC,2025-03-15T19:45:00Z,soccer_usa_mls,MLS,nordicbet,2.5,1.92,1.88,2025-03-14T11:54:59Z,2025-03-14,0756c6b2e90bb15b7e84452dee699895_2.5
0756c6b2e90bb15b7e84452dee699895,Los Angeles FC,Austin FC,2025-03-15T19:45:00Z,soccer_usa_mls,MLS,mybookieag,2.5,1.85,1.89,2025-03-14T11:53:26Z,2025-03-14,0756c6b2e90bb15b7e84452dee699895_2.5
0756c6b2e90bb15b7e84452dee699895,Los Angeles FC,Austin FC,2025-03-15T19:45:00Z,soccer_usa_mls,MLS,pinnacle,2.5,1.94,1.91,2025-03-14T11:54:57Z,2025-03-14,0756c6b2e90bb15b7e84452dee699895_2.5
0756c6b2e90bb15b7e84452dee699895,Los Angeles FC,Austin FC,2025-03-15T19:45:00Z,soccer_usa_mls,MLS,betrivers,2.5,1.93,1.85,2025-03-14T11:55:04Z,2025-03-14,0756c6b2e90bb15b7e84452dee699895_2.5
0756c6b2e90bb15b7e84452dee699895,Los Angeles FC,Austin FC,2025-03-15T19:45:00Z,soccer_usa_mls,MLS,unibet,2.5,1.93,1.85,2025-03-14T11:54:58Z,2025-03-14,0756c6b2e90bb15b7e84452dee699895_2.5
0756c6b2e90bb15b7e84452dee699895,Los Angeles FC,Austin FC,2025-03-15T19:45:00Z,soccer_usa_mls,MLS,unibet_eu,2.5,1.93,1.85,2025-03-14T11:54:58Z,2025-03-14,0756c6b2e90bb15b7e84452dee699895_2.5
0756c6b2e90bb15b7e84452dee699895,Los Angeles FC,Austin FC,2025-03-15T19:45:00Z,soccer_usa_mls,MLS,williamhill,2.5,1.8,1.91,2025-03-14T11:55:03Z,2025-03-14,0756c6b2e90bb15b7e84452dee699895_2.5
0756c6b2e90bb15b7e84452dee699895,Los Angeles FC,Austin FC,2025-03-15T19:45:00Z,soccer_usa_mls,MLS,lowvig,2.5,1.9,1.92,2025-03-14T11:54:57Z,2025-03-14,0756c6b2e90bb15b7e84452dee699895_2.5
0756c6b2e90bb15b7e84452dee699895,Los Angeles FC,Austin FC,2025-03-15T19:45:00Z,soccer_usa_mls,MLS,betonlineag,2.5,1.9,1.92,2025-03-14T11:54:57Z,2025-03-14,0756c6b2e90bb15b7e84452dee699895_2.5
0756c6b2e90bb15b7e84452dee699895,Los Angeles FC,Austin FC,2025-03-15T19:45:00Z,soccer_usa_mls,MLS,coolbet,2.5,1.92,1.89,2025-03-14T11:54:59Z,2025-03-14,0756c6b2e90bb15b7e84452dee699895_2.5
0756c6b2e90bb15b7e84452dee699895,Los Angeles FC,Austin FC,2025-03-15T19:45:00Z,soccer_usa_mls,MLS,betus,2.5,1.89,1.87,2025-03-14T11:54:58Z,2025-03-14,0756c6b2e90bb15b7e84452dee699895_2.5
0756c6b2e90bb15b7e84452dee699895,Los Angeles FC,Austin FC,2025-03-15T19:45:00Z,soccer_usa_mls,MLS,betanysports,2.5,1.89,1.93,2025-03-14T11:54:58Z,2025-03-14,0756c6b2e90bb15b7e84452dee699895_2.5
0756c6b2e90bb15b7e84452dee699895,Los Angeles FC,Austin FC,2025-03-15T19:45:00Z,soccer_usa_mls,MLS,matchbook,2.5,1.92,1.96,2025-03-14T11:54:57Z,2025-03-14,0756c6b2e90bb15b7e84452dee699895_2.5
dbb220c828cfdb1ce60d17c73520c11b,D.C. United,CF Montreal,2025-03-15T23:30:00Z,soccer_usa_mls,MLS,onexbet,3.5,2.25,1.64,2025-03-14T11:54:58Z,2025-03-14,dbb220c828cfdb1ce60d17c73520c11b_3.5
dbb220c828cfdb1ce60d17c73520c11b,D.C. United,CF Montreal,2025-03-15T23:30:00Z,soccer_usa_mls,MLS,bovada,3.0,1.89,1.93,2025-03-14T11:54:57Z,2025-03-14,dbb220c828cfdb1ce60d17c73520c11b_3.0
dbb220c828cfdb1ce60d17c73520c11b,D.C. United,CF Montreal,2025-03-15T23:30:00Z,soccer_usa_mls,MLS,betsson,3.5,2.35,1.6,2025-03-14T11:54:59Z,2025-03-14,dbb220c828cfdb1ce60d17c73520c11b_3.5
dbb220c828cfdb1ce60d17c73520c11b,D.C. United,CF Montreal,2025-03-15T23:30:00Z,soccer_usa_mls,MLS,nordicbet,3.5,2.35,1.6,2025-03-14T11:54:59Z,2025-03-14,dbb220c828cfdb1ce60d17c73520c11b_3.5
dbb220c828cfdb1ce60d17c73520c11b,D.C. United,CF Montreal,2025-03-15T23:30:00Z,soccer_usa_mls,MLS,mybookieag,3.5,2.31,1.57,2025-03-14T11:53:26Z,2025-03-14,dbb220c828cfdb1ce60d17c73520c11b_3.5
dbb220c828cfdb1ce60d17c73520c11b,D.C. United,CF Montreal,2025-03-15T23:30:00Z,soccer_usa_mls,MLS,pinnacle,3.0,1.85,2.0,2025-03-14T11:54:57Z,2025-03-14,dbb220c828cfdb1ce60d17c73520c11b_3.0
dbb220c828cfdb1ce60d17c73520c11b,D.C. United,CF Montreal,2025-03-15T23:30:00Z,soccer_usa_mls,MLS,unibet,2.5,1.53,2.48,2025-03-14T11:54:58Z,2025-03-14,dbb220c828cfdb1ce60d17c73520c11b_2.5
dbb220c828cfdb1ce60d17c73520c11b,D.C. United,CF Montreal,2025-03-15T23:30:00Z,soccer_usa_mls,MLS,betrivers,3.5,2.43,1.55,2025-03-14T11:55:04Z,2025-03-14,dbb220c828cfdb1ce60d17c73520c11b_3.5
dbb220c828cfdb1ce60d17c73520c11b,D.C. United,CF Montreal,2025-03-15T23:30:00Z,soccer_usa_mls,MLS,unibet_eu,2.5,1.53,2.48,2025-03-14T11:54:58Z,2025-03-14,dbb220c828cfdb1ce60d17c73520c11b_2.5
dbb220c828cfdb1ce60d17c73520c11b,D.C. United,CF Montreal,2025-03-15T23:30:00Z,soccer_usa_mls,MLS,williamhill,2.5,1.53,2.4,2025-03-14T11:55:03Z,2025-03-14,dbb220c828cfdb1ce60d17c73520c11b_2.5
dbb220c828cfdb1ce60d17c73520c11b,D.C. United,CF Montreal,2025-03-15T23:30:00Z,soccer_usa_mls,MLS,lowvig,3.0,1.84,1.99,2025-03-14T11:54:57Z,2025-03-14,dbb220c828cfdb1ce60d17c73520c11b_3.0
dbb220c828cfdb1ce60d17c73520c11b,D.C. United,CF Montreal,2025-03-15T23:30:00Z,soccer_usa_mls,MLS,betonlineag,3.0,1.84,1.99,2025-03-14T11:54:57Z,2025-03-14,dbb220c828cfdb1ce60d17c73520c11b_3.0
dbb220c828cfdb1ce60d17c73520c11b,D.C. United,CF Montreal,2025-03-15T23:30:00Z,soccer_usa_mls,MLS,coolbet,3.0,1.85,1.96,2025-03-14T11:54:59Z,2025-03-14,dbb220c828cfdb1ce60d17c73520c11b_3.0
dbb220c828cfdb1ce60d17c73520c11b,D.C. United,CF Montreal,2025-03-15T23:30:00Z,soccer_usa_mls,MLS,betus,3.0,1.8,1.95,2025-03-14T11:54:58Z,2025-03-14,dbb220c828cfdb1ce60d17c73520c11b_3.0
dbb220c828cfdb1ce60d17c73520c11b,D.C. United,CF Montreal,2025-03-15T23:30:00Z,soccer_usa_mls,MLS,betanysports,3.0,1.84,1.99,2025-03-14T11:54:58Z,2025-03-14,dbb220c828cfdb1ce60d17c73520c11b_3.0
dbb220c828cfdb1ce60d17c73520c11b,D.C. United,CF Montreal,2025-03-15T23:30:00Z,soccer_usa_mls,MLS,matchbook,2.5,1.48,2.24,2025-03-14T11:54:57Z,2025-03-14,dbb220c828cfdb1ce60d17c73520c11b_2.5
687bf852f02b4e6b4c71e31778a2066a,Charlotte FC,FC Cincinnati,2025-03-15T23:30:00Z,soccer_usa_mls,MLS,onexbet,2.5,1.8,2.02,2025-03-14T11:54:58Z,2025-03-14,687bf852f02b4e6b4c71e31778a2066a_2.5
687bf852f02b4e6b4c71e31778a2066a,Charlotte FC,FC Cincinnati,2025-03-15T23:30:00Z,soccer_usa_mls,MLS,bovada,2.5,1.82,2.02,2025-03-14T11:54:57Z,2025-03-14,687bf852f02b4e6b4c71e31778a2066a_2.5
687bf852f02b4e6b4c71e31778a2066a,Charlotte FC,FC Cincinnati,2025-03-15T23:30:00Z,soccer_usa_mls,MLS,betsson,2.5,1.8,2.05,2025-03-14T11:54:59Z,2025-03-14,687bf852f02b4e6b4c71e31778a2066a_2.5
687bf852f02b4e6b4c71e31778a2066a,Charlotte FC,FC Cincinnati,2025-03-15T23:30:00Z,soccer_usa_mls,MLS,nordicbet,2.5,1.8,2.05,2025-03-14T11:54:59Z,2025-03-14,687bf852f02b4e6b4c71e31778a2066a_2.5
687bf852f02b4e6b4c71e31778a2066a,Charlotte FC,FC Cincinnati,2025-03-15T23:30:00Z,soccer_usa_mls,MLS,mybookieag,2.5,1.78,1.97,2025-03-14T11:53:26Z,2025-03-14,687bf852f02b4e6b4c71e31778a2066a_2.5
687bf852f02b4e6b4c71e31778a2066a,Charlotte FC,FC Cincinnati,2025-03-15T23:30:00Z,soccer_usa_mls,MLS,betrivers,2.5,1.77,2.02,2025-03-14T11:55:04Z,2025-03-14,687bf852f02b4e6b4c71e31778a2066a_2.5
687bf852f02b4e6b4c71e31778a2066a,Charlotte FC,FC Cincinnati,2025-03-15T23:30:00Z,soccer_usa_mls,MLS,unibet,2.5,1.77,2.02,2025-03-14T11:54:58Z,2025-03-14,687bf852f02b4e6b4c71e31778a2066a_2.5
687bf852f02b4e6b4c71e31778a2066a,Charlotte FC,FC Cincinnati,2025-03-15T23:30:00Z,soccer_usa_mls,MLS,unibet_eu,2.5,1.77,2.02,2025-03-14T11:54:58Z,2025-03-14,687bf852f02b4e6b4c71e31778a2066a_2.5
687bf852f02b4e6b4c71e31778a2066a,Charlotte FC,FC Cincinnati,2025-03-15T23:30:00Z,soccer_usa_mls,MLS,pinnacle,2.75,2.0,1.85,2025-03-14T11:54:57Z,2025-03-14,687bf852f02b4e6b4c71e31778a2066a_2.75
687bf852f02b4e6b4c71e31778a2066a,Charlotte FC,FC Cincinnati,2025-03-15T23:30:00Z,soccer_usa_mls,MLS,williamhill,2.5,1.8,1.95,2025-03-14T11:55:03Z,2025-03-14,687bf852f02b4e6b4c71e31778a2066a_2.5
687bf852f02b4e6b4c71e31778a2066a,Charlotte FC,FC Cincinnati,2025-03-15T23:30:00Z,soccer_usa_mls,MLS,betonlineag,2.5,1.83,2.01,2025-03-14T11:54:57Z,2025-03-14,687bf852f02b4e6b4c71e31778a2066a_2.5
687bf852f02b4e6b4c71e31778a2066a,Charlotte FC,FC Cincinnati,2025-03-15T23:30:00Z,soccer_usa_mls,MLS,lowvig,2.5,1.83,2.01,2025-03-14T11:54:57Z,2025-03-14,687bf852f02b4e6b4c71e31778a2066a_2.5
687bf852f02b4e6b4c71e31778a2066a,Charlotte FC,FC Cincinnati,2025-03-15T23:30:00Z,soccer_usa_mls,MLS,coolbet,2.5,1.88,1.93,2025-03-14T11:54:59Z,2025-03-14,687bf852f02b4e6b4c71e31778a2066a_2.5
687bf852f02b4e6b4c71e31778a2066a,Charlotte FC,FC Cincinnati,2025-03-15T23:30:00Z,soccer_usa_mls,MLS,betus,2.5,1.82,1.93,2025-03-14T11:54:58Z,2025-03-14,687bf852f02b4e6b4c71e31778a2066a_2.5
687bf852f02b4e6b4c71e31778a2066a,Charlotte FC,FC Cincinnati,2025-03-15T23:30:00Z,soccer_usa_mls,MLS,betanysports,2.5,1.82,2.02,2025-03-14T11:54:58Z,2025-03-14,687bf852f02b4e6b4c71e31778a2066a_2.5
687bf852f02b4e6b4c71e31778a2066a,Charlotte FC,FC Cincinnati,2025-03-15T23:30:00Z,soccer_usa_mls,MLS,matchbook,2.5,1.86,2.04,2025-03-14T11:54:57Z,2025-03-14,687bf852f02b4e6b4c71e31778a2066a_2.5
6d2bec937158b39a9718ae4da5863afb,New York City FC,New England Revolution,2025-03-15T23:30:00Z,soccer_usa_mls,MLS,onexbet,2.5,1.8,2.01,2025-03-14T11:54:58Z,2025-03-14,6d2bec937158b39a9718ae4da5863afb_2.5
6d2bec937158b39a9718ae4da5863afb,New York City FC,New England Revolution,2025-03-15T23:30:00Z,soccer_usa_mls,MLS,bovada,2.75,1.98,1.85,2025-03-14T11:54:57Z,2025-03-14,6d2bec937158b39a9718ae4da5863afb_2.75
6d2bec937158b39a9718ae4da5863afb,New York City FC,New England Revolution,2025-03-15T23:30:00Z,soccer_usa_mls,MLS,betsson,2.5,1.8,2.0,2025-03-14T11:54:59Z,2025-03-14,6d2bec937158b39a9718ae4da5863afb_2.5
6d2bec937158b39a9718ae4da5863afb,New York City FC,New England Revolution,2025-03-15T23:30:00Z,soccer_usa_mls,MLS,nordicbet,2.5,1.8,2.0,2025-03-14T11:54:59Z,2025-03-14,6d2bec937158b39a9718ae4da5863afb_2.5
6d2bec937158b39a9718ae4da5863afb,New York City FC,New England Revolution,2025-03-15T23:30:00Z,soccer_usa_mls,MLS,mybookieag,2.5,1.73,2.03,2025-03-14T11:53:26Z,2025-03-14,6d2bec937158b39a9718ae4da5863afb_2.5
6d2bec937158b39a9718ae4da5863afb,New York City FC,New England Revolution,2025-03-15T23:30:00Z,soccer_usa_mls,MLS,pinnacle,2.75,2.03,1.83,2025-03-14T11:54:57Z,2025-03-14,6d2bec937158b39a9718ae4da5863afb_2.75
6d2bec937158b39a9718ae4da5863afb,New York City FC,New England Revolution,2025-03-15T23:30:00Z,soccer_usa_mls,MLS,betrivers,2.5,1.67,2.17,2025-03-14T11:55:04Z,2025-03-14,6d2bec937158b39a9718ae4da5863afb_2.5
6d2bec937158b39a9718ae4da5863afb,New York City FC,New England Revolution,2025-03-15T23:30:00Z,soccer_usa_mls,MLS,unibet,2.5,1.67,2.17,2025-03-14T11:54:58Z,2025-03-14,6d2bec937158b39a9718ae4da5863afb_2.5
6d2bec937158b39a9718ae4da5863afb,New York City FC,New England Revolution,2025-03-15T23:30:00Z,soccer_usa_mls,MLS,unibet_eu,2.5,1.67,2.17,2025-03-14T11:54:58Z,2025-03-14,6d2bec937158b39a9718ae4da5863afb_2.5
6d2bec937158b39a9718ae4da5863afb,New York City FC,New England Revolution,2025-03-15T23:30:00Z,soccer_usa_mls,MLS,williamhill,2.5,1.75,2.0,2025-03-14T11:55:03Z,2025-03-14,6d2bec937158b39a9718ae4da5863afb_2.5
6d2bec937158b39a9718ae4da5863afb,New York City FC,New England Revolution,2025-03-15T23:30:00Z,soccer_usa_mls,MLS,lowvig,2.75,1.99,1.84,2025-03-14T11:54:57Z,2025-03-14,6d2bec937158b39a9718ae4da5863afb_2.75
6d2bec937158b39a9718ae4da5863afb,New York City FC,New England Revolution,2025-03-15T23:30:00Z,soccer_usa_mls,MLS,betonlineag,2.75,1.99,1.84,2025-03-14T11:54:57Z,2025-03-14,6d2bec937158b39a9718ae4da5863afb_2.75
6d2bec937158b39a9718ae4da5863afb,New York City FC,New England Revolution,2025-03-15T23:30:00Z,soccer_usa_mls,MLS,coolbet,2.5,1.75,2.1,2025-03-14T11:54:59Z,2025-03-14,6d2bec937158b39a9718ae4da5863afb_2.5
6d2bec937158b39a9718ae4da5863afb,New York City FC,New England Revolution,2025-03-15T23:30:00Z,soccer_usa_mls,MLS,betus,2.75,1.89,1.85,2025-03-14T11:54:58Z,2025-03-14,6d2bec937158b39a9718ae4da5863afb_2.75
6d2bec937158b39a9718ae4da5863afb,New York City FC,New England Revolution,2025-03-15T23:30:00Z,soccer_usa_mls,MLS,betanysports,2.75,1.99,1.84,2025-03-14T11:54:58Z,2025-03-14,6d2bec937158b39a9718ae4da5863afb_2.75
6d2bec937158b39a9718ae4da5863afb,New York City FC,New England Revolution,2025-03-15T23:30:00Z,soccer_usa_mls,MLS,matchbook,2.5,1.8,2.08,2025-03-14T11:54:57Z,2025-03-14,6d2bec937158b39a9718ae4da5863afb_2.5
fcea8963e071bf9a2763a8fa0f0237b2,Sporting Kansas City,Minnesota United FC,2025-03-16T00:15:00Z,soccer_usa_mls,MLS,onexbet,2.5,1.78,2.04,2025-03-14T11:54:58Z,2025-03-14,fcea8963e071bf9a2763a8fa0f0237b2_2.5
fcea8963e071bf9a2763a8fa0f0237b2,Sporting Kansas City,Minnesota United FC,2025-03-16T00:15:00Z,soccer_usa_mls,MLS,bovada,2.75,1.95,1.87,2025-03-14T11:54:57Z,2025-03-14,fcea8963e071bf9a2763a8fa0f0237b2_2.75
fcea8963e071bf9a2763a8fa0f0237b2,Sporting Kansas City,Minnesota United FC,2025-03-16T00:15:00Z,soccer_usa_mls,MLS,betsson,2.5,1.78,2.05,2025-03-14T11:54:59Z,2025-03-14,fcea8963e071bf9a2763a8fa0f0237b2_2.5
fcea8963e071bf9a2763a8fa0f0237b2,Sporting Kansas City,Minnesota United FC,2025-03-16T00:15:00Z,soccer_usa_mls,MLS,nordicbet,2.5,1.78,2.05,2025-03-14T11:54:59Z,2025-03-14,fcea8963e071bf9a2763a8fa0f0237b2_2.5
fcea8963e071bf9a2763a8fa0f0237b2,Sporting Kansas City,Minnesota United FC,2025-03-16T00:15:00Z,soccer_usa_mls,MLS,mybookieag,2.5,1.73,2.03,2025-03-14T11:53:26Z,2025-03-14,fcea8963e071bf9a2763a8fa0f0237b2_2.5
fcea8963e071bf9a2763a8fa0f0237b2,Sporting Kansas City,Minnesota United FC,2025-03-16T00:15:00Z,soccer_usa_mls,MLS,unibet,2.5,1.68,2.15,2025-03-14T11:54:58Z,2025-03-14,fcea8963e071bf9a2763a8fa0f0237b2_2.5
fcea8963e071bf9a2763a8fa0f0237b2,Sporting Kansas City,Minnesota United FC,2025-03-16T00:15:00Z,soccer_usa_mls,MLS,betrivers,2.5,1.68,2.15,2025-03-14T11:55:04Z,2025-03-14,fcea8963e071bf9a2763a8fa0f0237b2_2.5
fcea8963e071bf9a2763a8fa0f0237b2,Sporting Kansas City,Minnesota United FC,2025-03-16T00:15:00Z,soccer_usa_mls,MLS,unibet_eu,2.5,1.68,2.15,2025-03-14T11:54:58Z,2025-03-14,fcea8963e071bf9a2763a8fa0f0237b2_2.5
fcea8963e071bf9a2763a8fa0f0237b2,Sporting Kansas City,Minnesota United FC,2025-03-16T00:15:00Z,soccer_usa_mls,MLS,pinnacle,2.75,1.98,1.86,2025-03-14T11:54:57Z,2025-03-14,fcea8963e071bf9a2763a8fa0f0237b2_2.75
fcea8963e071bf9a2763a8fa0f0237b2,Sporting Kansas City,Minnesota United FC,2025-03-16T00:15:00Z,soccer_usa_mls,MLS,williamhill,2.5,1.73,2.05,2025-03-14T11:55:03Z,2025-03-14,fcea8963e071bf9a2763a8fa0f0237b2_2.5
fcea8963e071bf9a2763a8fa0f0237b2,Sporting Kansas City,Minnesota United FC,2025-03-16T00:15:00Z,soccer_usa_mls,MLS,betonlineag,2.75,1.97,1.85,2025-03-14T11:54:57Z,2025-03-14,fcea8963e071bf9a2763a8fa0f0237b2_2.75
fcea8963e071bf9a2763a8fa0f0237b2,Sporting Kansas City,Minnesota United FC,2025-03-16T00:15:00Z,soccer_usa_mls,MLS,lowvig,2.75,1.97,1.85,2025-03-14T11:54:57Z,2025-03-14,fcea8963e071bf9a2763a8fa0f0237b2_2.75
fcea8963e071bf9a2763a8fa0f0237b2,Sporting Kansas City,Minnesota United FC,2025-03-16T00:15:00Z,soccer_usa_mls,MLS,coolbet,2.5,1.8,2.02,2025-03-14T11:54:59Z,2025-03-14,fcea8963e071bf9a2763a8fa0f0237b2_2.5
fcea8963e071bf9a2763a8fa0f0237b2,Sporting Kansas City,Minnesota United FC,2025-03-16T00:15:00Z,soccer_usa_mls,MLS,betus,2.75,1.87,1.87,2025-03-14T11:54:58Z,2025-03-14,fcea8963e071bf9a2763a8fa0f0237b2_2.75
fcea8963e071bf9a2763a8fa0f0237b2,Sporting Kansas City,Minnesota United FC,2025-03-16T00:15:00Z,soccer_usa_mls,MLS,betanysports,2.75,1.97,1.85,2025-03-14T11:54:58Z,2025-03-14,fcea8963e071bf9a2763a8fa0f0237b2_2.75
fcea8963e071bf9a2763a8fa0f0237b2,Sporting Kansas City,Minnesota United FC,2025-03-16T00:15:00Z,soccer_usa_mls,MLS,matchbook,2.5,1.67,1.89,2025-03-14T11:54:57Z,2025-03-14,fcea8963e071bf9a2763a8fa0f0237b2_2.5
cfc53a660a5cea53a1e093959aba1a04,FC Dallas,Vancouver Whitecaps FC,2025-03-16T00:30:00Z,soccer_usa_mls,MLS,onexbet,2.5,1.72,2.13,2025-03-14T11:54:58Z,2025-03-14,cfc53a660a5cea53a1e093959aba1a04_2.5
cfc53a660a5cea53a1e093959aba1a04,FC Dallas,Vancouver Whitecaps FC,2025-03-16T00:30:00Z,soccer_usa_mls,MLS,bovada,2.75,1.83,2.0,2025-03-14T11:54:57Z,2025-03-14,cfc53a660a5cea53a1e093959aba1a04_2.75
cfc53a660a5cea53a1e093959aba1a04,FC Dallas,Vancouver Whitecaps FC,2025-03-16T00:30:00Z,soccer_usa_mls,MLS,betsson,2.5,1.72,2.15,2025-03-14T11:54:59Z,2025-03-14,cfc53a660a5cea53a1e093959aba1a04_2.5
cfc53a660a5cea53a1e093959aba1a04,FC Dallas,Vancouver Whitecaps FC,2025-03-16T00:30:00Z,soccer_usa_mls,MLS,nordicbet,2.5,1.72,2.15,2025-03-14T11:54:59Z,2025-03-14,cfc53a660a5cea53a1e093959aba1a04_2.5
cfc53a660a5cea53a1e093959aba1a04,FC Dallas,Vancouver Whitecaps FC,2025-03-16T00:30:00Z,soccer_usa_mls,MLS,mybookieag,2.5,1.68,2.1,2025-03-14T11:53:26Z,2025-03-14,cfc53a660a5cea53a1e093959aba1a04_2.5
cfc53a660a5cea53a1e093959aba1a04,FC Dallas,Vancouver Whitecaps FC,2025-03-16T00:30:00Z,soccer_usa_mls,MLS,pinnacle,2.75,1.91,1.93,2025-03-14T11:54:57Z,2025-03-14,cfc53a660a5cea53a1e093959aba1a04_2.75
cfc53a660a5cea53a1e093959aba1a04,FC Dallas,Vancouver Whitecaps FC,2025-03-16T00:30:00Z,soccer_usa_mls,MLS,unibet,2.5,1.71,2.12,2025-03-14T11:54:58Z,2025-03-14,cfc53a660a5cea53a1e093959aba1a04_2.5
cfc53a660a5cea53a1e093959aba1a04,FC Dallas,Vancouver Whitecaps FC,2025-03-16T00:30:00Z,soccer_usa_mls,MLS,unibet_eu,2.5,1.71,2.12,2025-03-14T11:54:58Z,2025-03-14,cfc53a660a5cea53a1e093959aba1a04_2.5
cfc53a660a5cea53a1e093959aba1a04,FC Dallas,Vancouver Whitecaps FC,2025-03-16T00:30:00Z,soccer_usa_mls,MLS,betrivers,2.5,1.71,2.12,2025-03-14T11:55:04Z,2025-03-14,cfc53a660a5cea53a1e093959aba1a04_2.5
cfc53a660a5cea53a1e093959aba1a04,FC Dallas,Vancouver Whitecaps FC,2025-03-16T00:30:00Z,soccer_usa_mls,MLS,williamhill,2.5,1.67,2.15,2025-03-14T11:55:03Z,2025-03-14,cfc53a660a5cea53a1e093959aba1a04_2.5
cfc53a660a5cea53a1e093959aba1a04,FC Dallas,Vancouver Whitecaps FC,2025-03-16T00:30:00Z,soccer_usa_mls,MLS,betonlineag,2.75,1.9,1.92,2025-03-14T11:54:57Z,2025-03-14,cfc53a660a5cea53a1e093959aba1a04_2.75
cfc53a660a5cea53a1e093959aba1a04,FC Dallas,Vancouver Whitecaps FC,2025-03-16T00:30:00Z,soccer_usa_mls,MLS,lowvig,2.75,1.9,1.92,2025-03-14T11:54:57Z,2025-03-14,cfc53a660a5cea53a1e093959aba1a04_2.75
cfc53a660a5cea53a1e093959aba1a04,FC Dallas,Vancouver Whitecaps FC,2025-03-16T00:30:00Z,soccer_usa_mls,MLS,coolbet,3.0,2.07,1.77,2025-03-14T11:54:59Z,2025-03-14,cfc53a660a5cea53a1e093959aba1a04_3.0
cfc53a660a5cea53a1e093959aba1a04,FC Dallas,Vancouver Whitecaps FC,2025-03-16T00:30:00Z,soccer_usa_mls,MLS,betus,2.75,1.83,1.91,2025-03-14T11:54:58Z,2025-03-14,cfc53a660a5cea53a1e093959aba1a04_2.75
cfc53a660a5cea53a1e093959aba1a04,FC Dallas,Vancouver Whitecaps FC,2025-03-16T00:30:00Z,soccer_usa_mls,MLS,betanysports,2.75,1.9,1.92,2025-03-14T11:54:58Z,2025-03-14,cfc53a660a5cea53a1e093959aba1a04_2.75
cfc53a660a5cea53a1e093959aba1a04,FC Dallas,Vancouver Whitecaps FC,2025-03-16T00:30:00Z,soccer_usa_mls,MLS,matchbook,2.5,1.61,2.02,2025-03-14T11:54:57Z,2025-03-14,cfc53a660a5cea53a1e093959aba1a04_2.5
3dd53233221e28cf82cd5f8a1d1587a9,Houston Dynamo,Real Salt Lake,2025-03-16T00:30:00Z,soccer_usa_mls,MLS,onexbet,2.5,1.83,1.97,2025-03-14T11:54:58Z,2025-03-14,3dd53233221e28cf82cd5f8a1d1587a9_2.5
3dd53233221e28cf82cd5f8a1d1587a9,Houston Dynamo,Real Salt Lake,2025-03-16T00:30:00Z,soccer_usa_mls,MLS,bovada,2.5,1.83,2.0,2025-03-14T11:54:57Z,2025-03-14,3dd53233221e28cf82cd5f8a1d1587a9_2.5
3dd53233221e28cf82cd5f8a1d1587a9,Houston Dynamo,Real Salt Lake,2025-03-16T00:30:00Z,soccer_usa_mls,MLS,betsson,2.5,1.83,2.0,2025-03-14T11:54:59Z,2025-03-14,3dd53233221e28cf82cd5f8a1d1587a9_2.5
3dd53233221e28cf82cd5f8a1d1587a9,Houston Dynamo,Real Salt Lake,2025-03-16T00:30:00Z,soccer_usa_mls,MLS,nordicbet,2.5,1.83,2.0,2025-03-14T11:54:59Z,2025-03-14,3dd53233221e28cf82cd5f8a1d1587a9_2.5
3dd53233221e28cf82cd5f8a1d1587a9,Houston Dynamo,Real Salt Lake,2025-03-16T00:30:00Z,soccer_usa_mls,MLS,mybookieag,2.5,1.79,1.95,2025-03-14T11:53:26Z,2025-03-14,3dd53233221e28cf82cd5f8a1d1587a9_2.5
3dd53233221e28cf82cd5f8a1d1587a9,Houston Dynamo,Real Salt Lake,2025-03-16T00:30:00Z,soccer_usa_mls,MLS,pinnacle,2.5,1.85,1.99,2025-03-14T11:54:57Z,2025-03-14,3dd53233221e28cf82cd5f8a1d1587a9_2.5
3dd53233221e28cf82cd5f8a1d1587a9,Houston Dynamo,Real Salt Lake,2025-03-16T00:30:00Z,soccer_usa_mls,MLS,betrivers,2.5,1.77,2.02,2025-03-14T11:55:04Z,2025-03-14,3dd53233221e28cf82cd5f8a1d1587a9_2.5
3dd53233221e28cf82cd5f8a1d1587a9,Houston Dynamo,Real Salt Lake,2025-03-16T00:30:00Z,soccer_usa_mls,MLS,unibet,2.5,1.77,2.02,2025-03-14T11:54:58Z,2025-03-14,3dd53233221e28cf82cd5f8a1d1587a9_2.5
3dd53233221e28cf82cd5f8a1d1587a9,Houston Dynamo,Real Salt Lake,2025-03-16T00:30:00Z,soccer_usa_mls,MLS,unibet_eu,2.5,1.77,2.02,2025-03-14T11:54:58Z,2025-03-14,3dd53233221e28cf82cd5f8a1d1587a9_2.5
3dd53233221e28cf82cd5f8a1d1587a9,Houston Dynamo,Real Salt Lake,2025-03-16T00:30:00Z,soccer_usa_mls,MLS,williamhill,2.5,1.83,1.91,2025-03-14T11:55:03Z,2025-03-14,3dd53233221e28cf82cd5f8a1d1587a9_2.5
3dd53233221e28cf82cd5f8a1d1587a9,Houston Dynamo,Real Salt Lake,2025-03-16T00:30:00Z,soccer_usa_mls,MLS,betonlineag,2.5,1.83,2.0,2025-03-14T11:54:57Z,2025-03-14,3dd53233221e28cf82cd5f8a1d1587a9_2.5
3dd53233221e28cf82cd5f8a1d1587a9,Houston Dynamo,Real Salt Lake,2025-03-16T00:30:00Z,soccer_usa_mls,MLS,lowvig,2.5,1.83,2.0,2025-03-14T11:54:57Z,2025-03-14,3dd53233221e28cf82cd5f8a1d1587a9_2.5
3dd53233221e28cf82cd5f8a1d1587a9,Houston Dynamo,Real Salt Lake,2025-03-16T00:30:00Z,soccer_usa_mls,MLS,coolbet,2.5,1.88,1.93,2025-03-14T11:54:59Z,2025-03-14,3dd53233221e28cf82cd5f8a1d1587a9_2.5
3dd53233221e28cf82cd5f8a1d1587a9,Houston Dynamo,Real Salt Lake,2025-03-16T00:30:00Z,soccer_usa_mls,MLS,matchbook,2.5,1.75,1.87,2025-03-14T11:54:57Z,2025-03-14,3dd53233221e28cf82cd5f8a1d1587a9_2.5
b4aee466c79a632761d0610c612adb7c,St. Louis City SC,Seattle Sounders FC,2025-03-16T00:30:00Z,soccer_usa_mls,MLS,onexbet,2.5,2.02,1.79,2025-03-14T11:54:58Z,2025-03-14,b4aee466c79a632761d0610c612adb7c_2.5
b4aee466c79a632761d0610c612adb7c,St. Louis City SC,Seattle Sounders FC,2025-03-16T00:30:00Z,soccer_usa_mls,MLS,bovada,2.25,1.8,2.05,2025-03-14T11:54:57Z,2025-03-14,b4aee466c79a632761d0610c612adb7c_2.25
b4aee466c79a632761d0610c612adb7c,St. Louis City SC,Seattle Sounders FC,2025-03-16T00:30:00Z,soccer_usa_mls,MLS,betsson,2.5,2.0,1.8,2025-03-14T11:54:59Z,2025-03-14,b4aee466c79a632761d0610c612adb7c_2.5
b4aee466c79a632761d0610c612adb7c,St. Louis City SC,Seattle Sounders FC,2025-03-16T00:30:00Z,soccer_usa_mls,MLS,nordicbet,2.5,2.0,1.8,2025-03-14T11:54:59Z,2025-03-14,b4aee466c79a632761d0610c612adb7c_2.5
b4aee466c79a632761d0610c612adb7c,St. Louis City SC,Seattle Sounders FC,2025-03-16T00:30:00Z,soccer_usa_mls,MLS,mybookieag,2.5,2.0,1.75,2025-03-14T11:53:26Z,2025-03-14,b4aee466c79a632761d0610c612adb7c_2.5
b4aee466c79a632761d0610c612adb7c,St. Louis City SC,Seattle Sounders FC,2025-03-16T00:30:00Z,soccer_usa_mls,MLS,unibet,2.5,1.95,1.82,2025-03-14T11:54:58Z,2025-03-14,b4aee466c79a632761d0610c612adb7c_2.5
b4aee466c79a632761d0610c612adb7c,St. Louis City SC,Seattle Sounders FC,2025-03-16T00:30:00Z,soccer_usa_mls,MLS,unibet_eu,2.5,1.95,1.82,2025-03-14T11:54:58Z,2025-03-14,b4aee466c79a632761d0610c612adb7c_2.5
b4aee466c79a632761d0610c612adb7c,St. Louis City SC,Seattle Sounders FC,2025-03-16T00:30:00Z,soccer_usa_mls,MLS,betrivers,2.5,1.95,1.82,2025-03-14T11:55:04Z,2025-03-14,b4aee466c79a632761d0610c612adb7c_2.5
b4aee466c79a632761d0610c612adb7c,St. Louis City SC,Seattle Sounders FC,2025-03-16T00:30:00Z,soccer_usa_mls,MLS,pinnacle,2.25,1.81,2.04,2025-03-14T11:54:57Z,2025-03-14,b4aee466c79a632761d0610c612adb7c_2.25
b4aee466c79a632761d0610c612adb7c,St. Louis City SC,Seattle Sounders FC,2025-03-16T00:30:00Z,soccer_usa_mls,MLS,williamhill,2.5,1.91,1.8,2025-03-14T11:55:03Z,2025-03-14,b4aee466c79a632761d0610c612adb7c_2.5
b4aee466c79a632761d0610c612adb7c,St. Louis City SC,Seattle Sounders FC,2025-03-16T00:30:00Z,soccer_usa_mls,MLS,betonlineag,2.25,1.81,2.03,2025-03-14T11:54:57Z,2025-03-14,b4aee466c79a632761d0610c612adb7c_2.25
b4aee466c79a632761d0610c612adb7c,St. Louis City SC,Seattle Sounders FC,2025-03-16T00:30:00Z,soccer_usa_mls,MLS,lowvig,2.25,1.81,2.03,2025-03-14T11:54:57Z,2025-03-14,b4aee466c79a632761d0610c612adb7c_2.25
b4aee466c79a632761d0610c612adb7c,St. Louis City SC,Seattle Sounders FC,2025-03-16T00:30:00Z,soccer_usa_mls,MLS,coolbet,2.5,2.05,1.78,2025-03-14T11:54:59Z,2025-03-14,b4aee466c79a632761d0610c612adb7c_2.5
b4aee466c79a632761d0610c612adb7c,St. Louis City SC,Seattle Sounders FC,2025-03-16T00:30:00Z,soccer_usa_mls,MLS,matchbook,2.5,1.89,1.64,2025-03-14T11:54:57Z,2025-03-14,b4aee466c79a632761d0610c612adb7c_2.5
a20f1cd6e4fc1cfbede166baf67bb137,San Jose Earthquakes,Colorado Rapids,2025-03-16T02:30:00Z,soccer_usa_mls,MLS,onexbet,2.5,1.63,2.26,2025-03-14T11:54:58Z,2025-03-14,a20f1cd6e4fc1cfbede166baf67bb137_2.5
a20f1cd6e4fc1cfbede166baf67bb137,San Jose Earthquakes,Colorado Rapids,2025-03-16T02:30:00Z,soccer_usa_mls,MLS,bovada,3.0,1.95,1.87,2025-03-14T11:54:57Z,2025-03-14,a20f1cd6e4fc1cfbede166baf67bb137_3.0
a20f1cd6e4fc1cfbede166baf67bb137,San Jose Earthquakes,Colorado Rapids,2025-03-16T02:30:00Z,soccer_usa_mls,MLS,betsson,2.5,1.6,2.35,2025-03-14T11:54:59Z,2025-03-14,a20f1cd6e4fc1cfbede166baf67bb137_2.5
a20f1cd6e4fc1cfbede166baf67bb137,San Jose Earthquakes,Colorado Rapids,2025-03-16T02:30:00Z,soccer_usa_mls,MLS,nordicbet,2.5,1.6,2.35,2025-03-14T11:54:59Z,2025-03-14,a20f1cd6e4fc1cfbede166baf67bb137_2.5
a20f1cd6e4fc1cfbede166baf67bb137,San Jose Earthquakes,Colorado Rapids,2025-03-16T02:30:00Z,soccer_usa_mls,MLS,mybookieag,2.5,1.58,2.28,2025-03-14T11:53:26Z,2025-03-14,a20f1cd6e4fc1cfbede166baf67bb137_2.5
a20f1cd6e4fc1cfbede166baf67bb137,San Jose Earthquakes,Colorado Rapids,2025-03-16T02:30:00Z,soccer_usa_mls,MLS,unibet,3.5,2.43,1.55,2025-03-14T11:54:58Z,2025-03-14,a20f1cd6e4fc1cfbede166baf67bb137_3.5
a20f1cd6e4fc1cfbede166baf67bb137,San Jose Earthquakes,Colorado Rapids,2025-03-16T02:30:00Z,soccer_usa_mls,MLS,unibet_eu,3.5,2.43,1.55,2025-03-14T11:54:58Z,2025-03-14,a20f1cd6e4fc1cfbede166baf67bb137_3.5
a20f1cd6e4fc1cfbede166baf67bb137,San Jose Earthquakes,Colorado Rapids,2025-03-16T02:30:00Z,soccer_usa_mls,MLS,betrivers,3.5,2.43,1.55,2025-03-14T11:55:04Z,2025-03-14,a20f1cd6e4fc1cfbede166baf67bb137_3.5
a20f1cd6e4fc1cfbede166baf67bb137,San Jose Earthquakes,Colorado Rapids,2025-03-16T02:30:00Z,soccer_usa_mls,MLS,pinnacle,3.0,1.96,1.87,2025-03-14T11:54:57Z,2025-03-14,a20f1cd6e4fc1cfbede166baf67bb137_3.0
a20f1cd6e4fc1cfbede166baf67bb137,San Jose Earthquakes,Colorado Rapids,2025-03-16T02:30:00Z,soccer_usa_mls,MLS,williamhill,2.5,1.62,2.25,2025-03-14T11:55:03Z,2025-03-14,a20f1cd6e4fc1cfbede166baf67bb137_2.5
a20f1cd6e4fc1cfbede166baf67bb137,San Jose Earthquakes,Colorado Rapids,2025-03-16T02:30:00Z,soccer_usa_mls,MLS,lowvig,3.0,1.95,1.87,2025-03-14T11:54:57Z,2025-03-14,a20f1cd6e4fc1cfbede166baf67bb137_3.0
a20f1cd6e4fc1cfbede166baf67bb137,San Jose Earthquakes,Colorado Rapids,2025-03-16T02:30:00Z,soccer_usa_mls,MLS,betonlineag,3.0,1.95,1.87,2025-03-14T11:54:57Z,2025-03-14,a20f1cd6e4fc1cfbede166baf67bb137_3.0
a20f1cd6e4fc1cfbede166baf67bb137,San Jose Earthquakes,Colorado Rapids,2025-03-16T02:30:00Z,soccer_usa_mls,MLS,coolbet,3.0,1.99,1.82,2025-03-14T11:54:59Z,2025-03-14,a20f1cd6e4fc1cfbede166baf67bb137_3.0
a20f1cd6e4fc1cfbede166baf67bb137,San Jose Earthquakes,Colorado Rapids,2025-03-16T02:30:00Z,soccer_usa_mls,MLS,matchbook,2.5,1.53,2.16,2025-03-14T11:54:57Z,2025-03-14,a20f1cd6e4fc1cfbede166baf67bb137_2.5
46970ca24a44199a01e260ccab6c7255,San Diego FC,Columbus Crew SC,2025-03-16T02:30:00Z,soccer_usa_mls,MLS,onexbet,2.5,1.74,2.09,2025-03-14T11:54:58Z,2025-03-14,46970ca24a44199a01e260ccab6c7255_2.5
46970ca24a44199a01e260ccab6c7255,San Diego FC,Columbus Crew SC,2025-03-16T02:30:00Z,soccer_usa_mls,MLS,bovada,2.75,1.91,1.91,2025-03-14T11:54:57Z,2025-03-14,46970ca24a44199a01e260ccab6c7255_2.75
46970ca24a44199a01e260ccab6c7255,San Diego FC,Columbus Crew SC,2025-03-16T02:30:00Z,soccer_usa_mls,MLS,betsson,2.5,1.72,2.15,2025-03-14T11:54:59Z,2025-03-14,46970ca24a44199a01e260ccab6c7255_2.5
46970ca24a44199a01e260ccab6c7255,San Diego FC,Columbus Crew SC,2025-03-16T02:30:00Z,soccer_usa_mls,MLS,nordicbet,2.5,1.72,2.15,2025-03-14T11:54:59Z,2025-03-14,46970ca24a44199a01e260ccab6c7255_2.5
46970ca24a44199a01e260ccab6c7255,San Diego FC,Columbus Crew SC,2025-03-16T02:30:00Z,soccer_usa_mls,MLS,pinnacle,2.75,1.93,1.91,2025-03-14T11:54:57Z,2025-03-14,46970ca24a44199a01e260ccab6c7255_2.75
46970ca24a44199a01e260ccab6c7255,San Diego FC,Columbus Crew SC,2025-03-16T02:30:00Z,soccer_usa_mls,MLS,mybookieag,2.5,1.69,2.08,2025-03-14T11:53:26Z,2025-03-14,46970ca24a44199a01e260ccab6c7255_2.5
46970ca24a44199a01e260ccab6c7255,San Diego FC,Columbus Crew SC,2025-03-16T02:30:00Z,soccer_usa_mls,MLS,unibet,3.5,2.88,1.41,2025-03-14T11:54:58Z,2025-03-14,46970ca24a44199a01e260ccab6c7255_3.5
46970ca24a44199a01e260ccab6c7255,San Diego FC,Columbus Crew SC,2025-03-16T02:30:00Z,soccer_usa_mls,MLS,unibet_eu,3.5,2.88,1.41,2025-03-14T11:54:58Z,2025-03-14,46970ca24a44199a01e260ccab6c7255_3.5
46970ca24a44199a01e260ccab6c7255,San Diego FC,Columbus Crew SC,2025-03-16T02:30:00Z,soccer_usa_mls,MLS,betrivers,2.5,1.71,2.12,2025-03-14T11:55:04Z,2025-03-14,46970ca24a44199a01e260ccab6c7255_2.5
46970ca24a44199a01e260ccab6c7255,San Diego FC,Columbus Crew SC,2025-03-16T02:30:00Z,soccer_usa_mls,MLS,williamhill,2.5,1.7,2.05,2025-03-14T11:55:03Z,2025-03-14,46970ca24a44199a01e260ccab6c7255_2.5
46970ca24a44199a01e260ccab6c7255,San Diego FC,Columbus Crew SC,2025-03-16T02:30:00Z,soccer_usa_mls,MLS,lowvig,2.75,1.93,1.89,2025-03-14T11:54:57Z,2025-03-14,46970ca24a44199a01e260ccab6c7255_2.75
46970ca24a44199a01e260ccab6c7255,San Diego FC,Columbus Crew SC,2025-03-16T02:30:00Z,soccer_usa_mls,MLS,betonlineag,2.75,1.93,1.89,2025-03-14T11:54:57Z,2025-03-14,46970ca24a44199a01e260ccab6c7255_2.75
46970ca24a44199a01e260ccab6c7255,San Diego FC,Columbus Crew SC,2025-03-16T02:30:00Z,soccer_usa_mls,MLS,coolbet,2.5,1.72,2.13,2025-03-14T11:54:59Z,2025-03-14,46970ca24a44199a01e260ccab6c7255_2.5
46970ca24a44199a01e260ccab6c7255,San Diego FC,Columbus Crew SC,2025-03-16T02:30:00Z,soccer_usa_mls,MLS,betus,2.75,1.87,1.89,2025-03-14T11:54:58Z,2025-03-14,46970ca24a44199a01e260ccab6c7255_2.75
46970ca24a44199a01e260ccab6c7255,San Diego FC,Columbus Crew SC,2025-03-16T02:30:00Z,soccer_usa_mls,MLS,matchbook,2.5,1.65,1.94,2025-03-14T11:54:57Z,2025-03-14,46970ca24a44199a01e260ccab6c7255_2.5
e1a34f18ad70d38181e91e49ef693f08,FC Machida Zelvia,Albirex Niigata,2025-03-15T05:00:00Z,soccer_japan_j_league,J1 League,coolbet,2.0,1.95,1.87,2025-03-14T11:54:57Z,2025-03-14,e1a34f18ad70d38181e91e49ef693f08_2.0
e1a34f18ad70d38181e91e49ef693f08,FC Machida Zelvia,Albirex Niigata,2025-03-15T05:00:00Z,soccer_japan_j_league,J1 League,nordicbet,1.5,1.51,2.46,2025-03-14T11:54:57Z,2025-03-14,e1a34f18ad70d38181e91e49ef693f08_1.5
e1a34f18ad70d38181e91e49ef693f08,FC Machida Zelvia,Albirex Niigata,2025-03-15T05:00:00Z,soccer_japan_j_league,J1 League,betsson,1.5,1.51,2.46,2025-03-14T11:54:58Z,2025-03-14,e1a34f18ad70d38181e91e49ef693f08_1.5
e1a34f18ad70d38181e91e49ef693f08,FC Machida Zelvia,Albirex Niigata,2025-03-15T05:00:00Z,soccer_japan_j_league,J1 League,onexbet,1.5,1.56,2.47,2025-03-14T11:54:56Z,2025-03-14,e1a34f18ad70d38181e91e49ef693f08_1.5
e1a34f18ad70d38181e91e49ef693f08,FC Machida Zelvia,Albirex Niigata,2025-03-15T05:00:00Z,soccer_japan_j_league,J1 League,pinnacle,2.0,2.03,1.85,2025-03-14T11:54:56Z,2025-03-14,e1a34f18ad70d38181e91e49ef693f08_2.0
e1a34f18ad70d38181e91e49ef693f08,FC Machida Zelvia,Albirex Niigata,2025-03-15T05:00:00Z,soccer_japan_j_league,J1 League,betrivers,1.5,1.5,2.5,2025-03-14T11:54:56Z,2025-03-14,e1a34f18ad70d38181e91e49ef693f08_1.5
e1a34f18ad70d38181e91e49ef693f08,FC Machida Zelvia,Albirex Niigata,2025-03-15T05:00:00Z,soccer_japan_j_league,J1 League,unibet,2.5,2.63,1.46,2025-03-14T11:54:57Z,2025-03-14,e1a34f18ad70d38181e91e49ef693f08_2.5
e1a34f18ad70d38181e91e49ef693f08,FC Machida Zelvia,Albirex Niigata,2025-03-15T05:00:00Z,soccer_japan_j_league,J1 League,unibet_eu,2.5,2.63,1.45,2025-03-14T11:54:57Z,2025-03-14,e1a34f18ad70d38181e91e49ef693f08_2.5
e1a34f18ad70d38181e91e49ef693f08,FC Machida Zelvia,Albirex Niigata,2025-03-15T05:00:00Z,soccer_japan_j_league,J1 League,bovada,2.0,1.93,1.89,2025-03-14T11:54:56Z,2025-03-14,e1a34f18ad70d38181e91e49ef693f08_2.0
e1a34f18ad70d38181e91e49ef693f08,FC Machida Zelvia,Albirex Niigata,2025-03-15T05:00:00Z,soccer_japan_j_league,J1 League,williamhill,2.5,2.45,1.5,2025-03-14T11:54:57Z,2025-03-14,e1a34f18ad70d38181e91e49ef693f08_2.5
e1a34f18ad70d38181e91e49ef693f08,FC Machida Zelvia,Albirex Niigata,2025-03-15T05:00:00Z,soccer_japan_j_league,J1 League,tipico_de,2.5,2.5,1.45,2025-03-14T11:54:58Z,2025-03-14,e1a34f18ad70d38181e91e49ef693f08_2.5
e1a34f18ad70d38181e91e49ef693f08,FC Machida Zelvia,Albirex Niigata,2025-03-15T05:00:00Z,soccer_japan_j_league,J1 League,betonlineag,2.0,2.0,1.83,2025-03-14T11:53:24Z,2025-03-14,e1a34f18ad70d38181e91e49ef693f08_2.0
e1a34f18ad70d38181e91e49ef693f08,FC Machida Zelvia,Albirex Niigata,2025-03-15T05:00:00Z,soccer_japan_j_league,J1 League,lowvig,2.0,2.0,1.83,2025-03-14T11:54:56Z,2025-03-14,e1a34f18ad70d38181e91e49ef693f08_2.0
e1a34f18ad70d38181e91e49ef693f08,FC Machida Zelvia,Albirex Niigata,2025-03-15T05:00:00Z,soccer_japan_j_league,J1 League,betanysports,2.0,1.93,1.89,2025-03-14T11:54:57Z,2025-03-14,e1a34f18ad70d38181e91e49ef693f08_2.0
e1a34f18ad70d38181e91e49ef693f08,FC Machida Zelvia,Albirex Niigata,2025-03-15T05:00:00Z,soccer_japan_j_league,J1 League,matchbook,1.5,1.56,2.28,2025-03-14T11:54:56Z,2025-03-14,e1a34f18ad70d38181e91e49ef693f08_1.5
4063141a40d9d153be364bd15db9db79,Avispa Fukuoka,FC Tokyo,2025-03-15T05:00:00Z,soccer_japan_j_league,J1 League,pinnacle,2.0,2.06,1.82,2025-03-14T11:54:56Z,2025-03-14,4063141a40d9d153be364bd15db9db79_2.0
4063141a40d9d153be364bd15db9db79,Avispa Fukuoka,FC Tokyo,2025-03-15T05:00:00Z,soccer_japan_j_league,J1 League,betsson,1.5,1.54,2.38,2025-03-14T11:54:58Z,2025-03-14,4063141a40d9d153be364bd15db9db79_1.5
4063141a40d9d153be364bd15db9db79,Avispa Fukuoka,FC Tokyo,2025-03-15T05:00:00Z,soccer_japan_j_league,J1 League,nordicbet,1.5,1.54,2.38,2025-03-14T11:54:57Z,2025-03-14,4063141a40d9d153be364bd15db9db79_1.5
4063141a40d9d153be364bd15db9db79,Avispa Fukuoka,FC Tokyo,2025-03-15T05:00:00Z,soccer_japan_j_league,J1 League,coolbet,2.0,2.02,1.8,2025-03-14T11:54:57Z,2025-03-14,4063141a40d9d153be364bd15db9db79_2.0
4063141a40d9d153be364bd15db9db79,Avispa Fukuoka,FC Tokyo,2025-03-15T05:00:00Z,soccer_japan_j_league,J1 League,onexbet,1.5,1.56,2.46,2025-03-14T11:54:56Z,2025-03-14,4063141a40d9d153be364bd15db9db79_1.5
4063141a40d9d153be364bd15db9db79,Avispa Fukuoka,FC Tokyo,2025-03-15T05:00:00Z,soccer_japan_j_league,J1 League,bovada,2.0,2.02,1.82,2025-03-14T11:54:56Z,2025-03-14,4063141a40d9d153be364bd15db9db79_2.0
4063141a40d9d153be364bd15db9db79,Avispa Fukuoka,FC Tokyo,2025-03-15T05:00:00Z,soccer_japan_j_league,J1 League,williamhill,2.5,2.62,1.44,2025-03-14T11:54:57Z,2025-03-14,4063141a40d9d153be364bd15db9db79_2.5
4063141a40d9d153be364bd15db9db79,Avispa Fukuoka,FC Tokyo,2025-03-15T05:00:00Z,soccer_japan_j_league,J1 League,tipico_de,1.5,1.5,2.4,2025-03-14T11:54:58Z,2025-03-14,4063141a40d9d153be364bd15db9db79_1.5
4063141a40d9d153be364bd15db9db79,Avispa Fukuoka,FC Tokyo,2025-03-15T05:00:00Z,soccer_japan_j_league,J1 League,unibet_eu,2.5,2.65,1.44,2025-03-14T11:54:57Z,2025-03-14,4063141a40d9d153be364bd15db9db79_2.5
4063141a40d9d153be364bd15db9db79,Avispa Fukuoka,FC Tokyo,2025-03-15T05:00:00Z,soccer_japan_j_league,J1 League,betrivers,1.5,1.48,2.6,2025-03-14T11:54:56Z,2025-03-14,4063141a40d9d153be364bd15db9db79_1.5
4063141a40d9d153be364bd15db9db79,Avispa Fukuoka,FC Tokyo,2025-03-15T05:00:00Z,soccer_japan_j_league,J1 League,unibet,2.5,2.65,1.45,2025-03-14T11:54:57Z,2025-03-14,4063141a40d9d153be364bd15db9db79_2.5
4063141a40d9d153be364bd15db9db79,Avispa Fukuoka,FC Tokyo,2025-03-15T05:00:00Z,soccer_japan_j_league,J1 League,betonlineag,2.0,2.15,1.74,2025-03-14T11:53:24Z,2025-03-14,4063141a40d9d153be364bd15db9db79_2.0
4063141a40d9d153be364bd15db9db79,Avispa Fukuoka,FC Tokyo,2025-03-15T05:00:00Z,soccer_japan_j_league,J1 League,lowvig,2.0,2.15,1.74,2025-03-14T11:54:56Z,2025-03-14,4063141a40d9d153be364bd15db9db79_2.0
4063141a40d9d153be364bd15db9db79,Avispa Fukuoka,FC Tokyo,2025-03-15T05:00:00Z,soccer_japan_j_league,J1 League,betanysports,2.0,2.02,1.82,2025-03-14T11:54:57Z,2025-03-14,4063141a40d9d153be364bd15db9db79_2.0
4063141a40d9d153be364bd15db9db79,Avispa Fukuoka,FC Tokyo,2025-03-15T05:00:00Z,soccer_japan_j_league,J1 League,matchbook,1.5,1.6,2.46,2025-03-14T11:54:56Z,2025-03-14,4063141a40d9d153be364bd15db9db79_1.5
6d62725a0d81acee389059d29e67bf1d,Yokohama FC,Cerezo Osaka,2025-03-15T05:00:00Z,soccer_japan_j_league,J1 League,pinnacle,2.0,1.81,2.09,2025-03-14T11:54:56Z,2025-03-14,6d62725a0d81acee389059d29e67bf1d_2.0
6d62725a0d81acee389059d29e67bf1d,Yokohama FC,Cerezo Osaka,2025-03-15T05:00:00Z,soccer_japan_j_league,J1 League,betsson,2.5,2.41,1.53,2025-03-14T11:54:58Z,2025-03-14,6d62725a0d81acee389059d29e67bf1d_2.5
6d62725a0d81acee389059d29e67bf1d,Yokohama FC,Cerezo Osaka,2025-03-15T05:00:00Z,soccer_japan_j_league,J1 League,nordicbet,2.5,2.41,1.53,2025-03-14T11:54:57Z,2025-03-14,6d62725a0d81acee389059d29e67bf1d_2.5
6d62725a0d81acee389059d29e67bf1d,Yokohama FC,Cerezo Osaka,2025-03-15T05:00:00Z,soccer_japan_j_league,J1 League,onexbet,2.5,2.44,1.57,2025-03-14T11:54:56Z,2025-03-14,6d62725a0d81acee389059d29e67bf1d_2.5
6d62725a0d81acee389059d29e67bf1d,Yokohama FC,Cerezo Osaka,2025-03-15T05:00:00Z,soccer_japan_j_league,J1 League,coolbet,2.0,1.78,2.05,2025-03-14T11:54:57Z,2025-03-14,6d62725a0d81acee389059d29e67bf1d_2.0
6d62725a0d81acee389059d29e67bf1d,Yokohama FC,Cerezo Osaka,2025-03-15T05:00:00Z,soccer_japan_j_league,J1 League,bovada,2.0,1.83,2.0,2025-03-14T11:54:56Z,2025-03-14,6d62725a0d81acee389059d29e67bf1d_2.0
6d62725a0d81acee389059d29e67bf1d,Yokohama FC,Cerezo Osaka,2025-03-15T05:00:00Z,soccer_japan_j_league,J1 League,williamhill,2.5,2.4,1.53,2025-03-14T11:54:57Z,2025-03-14,6d62725a0d81acee389059d29e67bf1d_2.5
6d62725a0d81acee389059d29e67bf1d,Yokohama FC,Cerezo Osaka,2025-03-15T05:00:00Z,soccer_japan_j_league,J1 League,tipico_de,2.5,2.3,1.55,2025-03-14T11:54:58Z,2025-03-14,6d62725a0d81acee389059d29e67bf1d_2.5
6d62725a0d81acee389059d29e67bf1d,Yokohama FC,Cerezo Osaka,2025-03-15T05:00:00Z,soccer_japan_j_league,J1 League,betrivers,2.5,2.5,1.5,2025-03-14T11:54:56Z,2025-03-14,6d62725a0d81acee389059d29e67bf1d_2.5
6d62725a0d81acee389059d29e67bf1d,Yokohama FC,Cerezo Osaka,2025-03-15T05:00:00Z,soccer_japan_j_league,J1 League,unibet,2.5,2.5,1.5,2025-03-14T11:54:57Z,2025-03-14,6d62725a0d81acee389059d29e67bf1d_2.5
6d62725a0d81acee389059d29e67bf1d,Yokohama FC,Cerezo Osaka,2025-03-15T05:00:00Z,soccer_japan_j_league,J1 League,unibet_eu,2.5,2.5,1.5,2025-03-14T11:54:57Z,2025-03-14,6d62725a0d81acee389059d29e67bf1d_2.5
6d62725a0d81acee389059d29e67bf1d,Yokohama FC,Cerezo Osaka,2025-03-15T05:00:00Z,soccer_japan_j_league,J1 League,betonlineag,2.0,1.8,2.05,2025-03-14T11:53:24Z,2025-03-14,6d62725a0d81acee389059d29e67bf1d_2.0
6d62725a0d81acee389059d29e67bf1d,Yokohama FC,Cerezo Osaka,2025-03-15T05:00:00Z,soccer_japan_j_league,J1 League,lowvig,2.0,1.8,2.05,2025-03-14T11:54:56Z,2025-03-14,6d62725a0d81acee389059d29e67bf1d_2.0
6d62725a0d81acee389059d29e67bf1d,Yokohama FC,Cerezo Osaka,2025-03-15T05:00:00Z,soccer_japan_j_league,J1 League,matchbook,2.5,2.38,1.63,2025-03-14T11:54:56Z,2025-03-14,6d62725a0d81acee389059d29e67bf1d_2.5
9657fb13a8a81ed59e7e26713127bda5,Tokyo Verdy,Nagoya Grampus,2025-03-15T05:00:00Z,soccer_japan_j_league,J1 League,coolbet,2.0,2.12,1.73,2025-03-14T11:54:57Z,2025-03-14,9657fb13a8a81ed59e7e26713127bda5_2.0
9657fb13a8a81ed59e7e26713127bda5,Tokyo Verdy,Nagoya Grampus,2025-03-15T05:00:00Z,soccer_japan_j_league,J1 League,nordicbet,1.5,1.6,2.25,2025-03-14T11:54:57Z,2025-03-14,9657fb13a8a81ed59e7e26713127bda5_1.5
9657fb13a8a81ed59e7e26713127bda5,Tokyo Verdy,Nagoya Grampus,2025-03-15T05:00:00Z,soccer_japan_j_league,J1 League,betsson,1.5,1.6,2.25,2025-03-14T11:54:58Z,2025-03-14,9657fb13a8a81ed59e7e26713127bda5_1.5
9657fb13a8a81ed59e7e26713127bda5,Tokyo Verdy,Nagoya Grampus,2025-03-15T05:00:00Z,soccer_japan_j_league,J1 League,onexbet,1.5,1.61,2.35,2025-03-14T11:54:56Z,2025-03-14,9657fb13a8a81ed59e7e26713127bda5_1.5
9657fb13a8a81ed59e7e26713127bda5,Tokyo Verdy,Nagoya Grampus,2025-03-15T05:00:00Z,soccer_japan_j_league,J1 League,pinnacle,1.75,1.81,2.07,2025-03-14T11:54:56Z,2025-03-14,9657fb13a8a81ed59e7e26713127bda5_1.75
9657fb13a8a81ed59e7e26713127bda5,Tokyo Verdy,Nagoya Grampus,2025-03-15T05:00:00Z,soccer_japan_j_league,J1 League,betrivers,1.5,1.6,2.3,2025-03-14T11:54:56Z,2025-03-14,9657fb13a8a81ed59e7e26713127bda5_1.5
9657fb13a8a81ed59e7e26713127bda5,Tokyo Verdy,Nagoya Grampus,2025-03-15T05:00:00Z,soccer_japan_j_league,J1 League,unibet,2.5,2.95,1.38,2025-03-14T11:54:57Z,2025-03-14,9657fb13a8a81ed59e7e26713127bda5_2.5
9657fb13a8a81ed59e7e26713127bda5,Tokyo Verdy,Nagoya Grampus,2025-03-15T05:00:00Z,soccer_japan_j_league,J1 League,unibet_eu,2.5,2.95,1.38,2025-03-14T11:54:57Z,2025-03-14,9657fb13a8a81ed59e7e26713127bda5_2.5
9657fb13a8a81ed59e7e26713127bda5,Tokyo Verdy,Nagoya Grampus,2025-03-15T05:00:00Z,soccer_japan_j_league,J1 League,bovada,1.75,1.82,2.02,2025-03-14T11:54:56Z,2025-03-14,9657fb13a8a81ed59e7e26713127bda5_1.75
9657fb13a8a81ed59e7e26713127bda5,Tokyo Verdy,Nagoya Grampus,2025-03-15T05:00:00Z,soccer_japan_j_league,J1 League,williamhill,2.5,2.8,1.4,2025-03-14T11:54:57Z,2025-03-14,9657fb13a8a81ed59e7e26713127bda5_2.5
9657fb13a8a81ed59e7e26713127bda5,Tokyo Verdy,Nagoya Grampus,2025-03-15T05:00:00Z,soccer_japan_j_league,J1 League,tipico_de,1.5,1.55,2.25,2025-03-14T11:54:58Z,2025-03-14,9657fb13a8a81ed59e7e26713127bda5_1.5
9657fb13a8a81ed59e7e26713127bda5,Tokyo Verdy,Nagoya Grampus,2025-03-15T05:00:00Z,soccer_japan_j_league,J1 League,betonlineag,1.75,1.81,2.03,2025-03-14T11:53:24Z,2025-03-14,9657fb13a8a81ed59e7e26713127bda5_1.75
9657fb13a8a81ed59e7e26713127bda5,Tokyo Verdy,Nagoya Grampus,2025-03-15T05:00:00Z,soccer_japan_j_league,J1 League,lowvig,1.75,1.81,2.03,2025-03-14T11:54:56Z,2025-03-14,9657fb13a8a81ed59e7e26713127bda5_1.75
9657fb13a8a81ed59e7e26713127bda5,Tokyo Verdy,Nagoya Grampus,2025-03-15T05:00:00Z,soccer_japan_j_league,J1 League,betanysports,1.75,1.82,2.02,2025-03-14T11:54:57Z,2025-03-14,9657fb13a8a81ed59e7e26713127bda5_1.75
9657fb13a8a81ed59e7e26713127bda5,Tokyo Verdy,Nagoya Grampus,2025-03-15T05:00:00Z,soccer_japan_j_league,J1 League,matchbook,1.5,1.64,2.38,2025-03-14T11:54:56Z,2025-03-14,9657fb13a8a81ed59e7e26713127bda5_1.5
678e79de96336a7090be249ab20f152e,Shimizu S Pulse,Kyoto Purple Sanga,2025-03-16T04:00:00Z,soccer_japan_j_league,J1 League,coolbet,2.5,2.15,1.71,2025-03-14T11:54:57Z,2025-03-14,678e79de96336a7090be249ab20f152e_2.5
678e79de96336a7090be249ab20f152e,Shimizu S Pulse,Kyoto Purple Sanga,2025-03-16T04:00:00Z,soccer_japan_j_league,J1 League,pinnacle,2.25,1.85,1.99,2025-03-14T11:54:56Z,2025-03-14,678e79de96336a7090be249ab20f152e_2.25
678e79de96336a7090be249ab20f152e,Shimizu S Pulse,Kyoto Purple Sanga,2025-03-16T04:00:00Z,soccer_japan_j_league,J1 League,betsson,2.5,2.07,1.71,2025-03-14T11:54:58Z,2025-03-14,678e79de96336a7090be249ab20f152e_2.5
678e79de96336a7090be249ab20f152e,Shimizu S Pulse,Kyoto Purple Sanga,2025-03-16T04:00:00Z,soccer_japan_j_league,J1 League,nordicbet,2.5,2.07,1.71,2025-03-14T11:54:57Z,2025-03-14,678e79de96336a7090be249ab20f152e_2.5
678e79de96336a7090be249ab20f152e,Shimizu S Pulse,Kyoto Purple Sanga,2025-03-16T04:00:00Z,soccer_japan_j_league,J1 League,onexbet,2.5,2.1,1.75,2025-03-14T11:54:56Z,2025-03-14,678e79de96336a7090be249ab20f152e_2.5
678e79de96336a7090be249ab20f152e,Shimizu S Pulse,Kyoto Purple Sanga,2025-03-16T04:00:00Z,soccer_japan_j_league,J1 League,bovada,2.25,1.85,1.98,2025-03-14T11:54:56Z,2025-03-14,678e79de96336a7090be249ab20f152e_2.25
678e79de96336a7090be249ab20f152e,Shimizu S Pulse,Kyoto Purple Sanga,2025-03-16T04:00:00Z,soccer_japan_j_league,J1 League,williamhill,2.5,2.05,1.7,2025-03-14T11:54:57Z,2025-03-14,678e79de96336a7090be249ab20f152e_2.5
678e79de96336a7090be249ab20f152e,Shimizu S Pulse,Kyoto Purple Sanga,2025-03-16T04:00:00Z,soccer_japan_j_league,J1 League,tipico_de,2.5,2.05,1.67,2025-03-14T11:54:58Z,2025-03-14,678e79de96336a7090be249ab20f152e_2.5
678e79de96336a7090be249ab20f152e,Shimizu S Pulse,Kyoto Purple Sanga,2025-03-16T04:00:00Z,soccer_japan_j_league,J1 League,betrivers,2.5,2.08,1.71,2025-03-14T11:54:56Z,2025-03-14,678e79de96336a7090be249ab20f152e_2.5
678e79de96336a7090be249ab20f152e,Shimizu S Pulse,Kyoto Purple Sanga,2025-03-16T04:00:00Z,soccer_japan_j_league,J1 League,unibet,2.5,2.08,1.71,2025-03-14T11:54:57Z,2025-03-14,678e79de96336a7090be249ab20f152e_2.5
678e79de96336a7090be249ab20f152e,Shimizu S Pulse,Kyoto Purple Sanga,2025-03-16T04:00:00Z,soccer_japan_j_league,J1 League,unibet_eu,2.5,2.08,1.71,2025-03-14T11:54:57Z,2025-03-14,678e79de96336a7090be249ab20f152e_2.5
678e79de96336a7090be249ab20f152e,Shimizu S Pulse,Kyoto Purple Sanga,2025-03-16T04:00:00Z,soccer_japan_j_league,J1 League,lowvig,2.25,1.86,1.96,2025-03-14T11:54:56Z,2025-03-14,678e79de96336a7090be249ab20f152e_2.25
678e79de96336a7090be249ab20f152e,Shimizu S Pulse,Kyoto Purple Sanga,2025-03-16T04:00:00Z,soccer_japan_j_league,J1 League,betonlineag,2.25,1.86,1.96,2025-03-14T11:53:24Z,2025-03-14,678e79de96336a7090be249ab20f152e_2.25
b3e4cfe414500af7648b73106e093cf3,Fagiano Okayama,Kawasaki Frontale,2025-03-16T05:00:00Z,soccer_japan_j_league,J1 League,pinnacle,2.5,2.03,1.82,2025-03-14T11:54:56Z,2025-03-14,b3e4cfe414500af7648b73106e093cf3_2.5
b3e4cfe414500af7648b73106e093cf3,Fagiano Okayama,Kawasaki Frontale,2025-03-16T05:00:00Z,soccer_japan_j_league,J1 League,nordicbet,2.5,1.98,1.77,2025-03-14T11:54:57Z,2025-03-14,b3e4cfe414500af7648b73106e093cf3_2.5
b3e4cfe414500af7648b73106e093cf3,Fagiano Okayama,Kawasaki Frontale,2025-03-16T05:00:00Z,soccer_japan_j_league,J1 League,betsson,2.5,1.98,1.77,2025-03-14T11:54:58Z,2025-03-14,b3e4cfe414500af7648b73106e093cf3_2.5
b3e4cfe414500af7648b73106e093cf3,Fagiano Okayama,Kawasaki Frontale,2025-03-16T05:00:00Z,soccer_japan_j_league,J1 League,onexbet,2.5,2.02,1.81,2025-03-14T11:54:56Z,2025-03-14,b3e4cfe414500af7648b73106e093cf3_2.5
b3e4cfe414500af7648b73106e093cf3,Fagiano Okayama,Kawasaki Frontale,2025-03-16T05:00:00Z,soccer_japan_j_league,J1 League,coolbet,2.5,2.0,1.82,2025-03-14T11:54:57Z,2025-03-14,b3e4cfe414500af7648b73106e093cf3_2.5
b3e4cfe414500af7648b73106e093cf3,Fagiano Okayama,Kawasaki Frontale,2025-03-16T05:00:00Z,soccer_japan_j_league,J1 League,bovada,2.5,2.02,1.82,2025-03-14T11:54:56Z,2025-03-14,b3e4cfe414500af7648b73106e093cf3_2.5
b3e4cfe414500af7648b73106e093cf3,Fagiano Okayama,Kawasaki Frontale,2025-03-16T05:00:00Z,soccer_japan_j_league,J1 League,williamhill,2.5,2.0,1.75,2025-03-14T11:54:57Z,2025-03-14,b3e4cfe414500af7648b73106e093cf3_2.5
b3e4cfe414500af7648b73106e093cf3,Fagiano Okayama,Kawasaki Frontale,2025-03-16T05:00:00Z,soccer_japan_j_league,J1 League,tipico_de,2.5,1.93,1.75,2025-03-14T11:54:58Z,2025-03-14,b3e4cfe414500af7648b73106e093cf3_2.5
b3e4cfe414500af7648b73106e093cf3,Fagiano Okayama,Kawasaki Frontale,2025-03-16T05:00:00Z,soccer_japan_j_league,J1 League,betrivers,2.5,1.94,1.81,2025-03-14T11:54:56Z,2025-03-14,b3e4cfe414500af7648b73106e093cf3_2.5
b3e4cfe414500af7648b73106e093cf3,Fagiano Okayama,Kawasaki Frontale,2025-03-16T05:00:00Z,soccer_japan_j_league,J1 League,unibet,2.5,1.95,1.81,2025-03-14T11:54:57Z,2025-03-14,b3e4cfe414500af7648b73106e093cf3_2.5
b3e4cfe414500af7648b73106e093cf3,Fagiano Okayama,Kawasaki Frontale,2025-03-16T05:00:00Z,soccer_japan_j_league,J1 League,unibet_eu,2.5,1.94,1.81,2025-03-14T11:54:57Z,2025-03-14,b3e4cfe414500af7648b73106e093cf3_2.5
b3e4cfe414500af7648b73106e093cf3,Fagiano Okayama,Kawasaki Frontale,2025-03-16T05:00:00Z,soccer_japan_j_league,J1 League,lowvig,2.5,2.04,1.81,2025-03-14T11:54:56Z,2025-03-14,b3e4cfe414500af7648b73106e093cf3_2.5
b3e4cfe414500af7648b73106e093cf3,Fagiano Okayama,Kawasaki Frontale,2025-03-16T05:00:00Z,soccer_japan_j_league,J1 League,betonlineag,2.5,2.04,1.81,2025-03-14T11:53:24Z,2025-03-14,b3e4cfe414500af7648b73106e093cf3_2.5
9275c34c8b3f3cfa413739eb5a9b504a,Yokohama F Marinos,Gamba Osaka,2025-03-16T05:00:00Z,soccer_japan_j_league,J1 League,nordicbet,2.5,1.87,1.87,2025-03-14T11:54:57Z,2025-03-14,9275c34c8b3f3cfa413739eb5a9b504a_2.5
9275c34c8b3f3cfa413739eb5a9b504a,Yokohama F Marinos,Gamba Osaka,2025-03-16T05:00:00Z,soccer_japan_j_league,J1 League,onexbet,2.5,1.92,1.9,2025-03-14T11:54:56Z,2025-03-14,9275c34c8b3f3cfa413739eb5a9b504a_2.5
9275c34c8b3f3cfa413739eb5a9b504a,Yokohama F Marinos,Gamba Osaka,2025-03-16T05:00:00Z,soccer_japan_j_league,J1 League,betsson,2.5,1.87,1.87,2025-03-14T11:54:58Z,2025-03-14,9275c34c8b3f3cfa413739eb5a9b504a_2.5
9275c34c8b3f3cfa413739eb5a9b504a,Yokohama F Marinos,Gamba Osaka,2025-03-16T05:00:00Z,soccer_japan_j_league,J1 League,pinnacle,2.5,1.94,1.89,2025-03-14T11:54:56Z,2025-03-14,9275c34c8b3f3cfa413739eb5a9b504a_2.5
9275c34c8b3f3cfa413739eb5a9b504a,Yokohama F Marinos,Gamba Osaka,2025-03-16T05:00:00Z,soccer_japan_j_league,J1 League,coolbet,2.5,1.89,1.92,2025-03-14T11:54:57Z,2025-03-14,9275c34c8b3f3cfa413739eb5a9b504a_2.5
9275c34c8b3f3cfa413739eb5a9b504a,Yokohama F Marinos,Gamba Osaka,2025-03-16T05:00:00Z,soccer_japan_j_league,J1 League,bovada,2.5,1.91,1.91,2025-03-14T11:54:56Z,2025-03-14,9275c34c8b3f3cfa413739eb5a9b504a_2.5
9275c34c8b3f3cfa413739eb5a9b504a,Yokohama F Marinos,Gamba Osaka,2025-03-16T05:00:00Z,soccer_japan_j_league,J1 League,williamhill,2.5,1.85,1.85,2025-03-14T11:54:57Z,2025-03-14,9275c34c8b3f3cfa413739eb5a9b504a_2.5
9275c34c8b3f3cfa413739eb5a9b504a,Yokohama F Marinos,Gamba Osaka,2025-03-16T05:00:00Z,soccer_japan_j_league,J1 League,tipico_de,2.5,1.83,1.85,2025-03-14T11:54:58Z,2025-03-14,9275c34c8b3f3cfa413739eb5a9b504a_2.5
9275c34c8b3f3cfa413739eb5a9b504a,Yokohama F Marinos,Gamba Osaka,2025-03-16T05:00:00Z,soccer_japan_j_league,J1 League,betrivers,2.5,1.83,1.93,2025-03-14T11:54:56Z,2025-03-14,9275c34c8b3f3cfa413739eb5a9b504a_2.5
9275c34c8b3f3cfa413739eb5a9b504a,Yokohama F Marinos,Gamba Osaka,2025-03-16T05:00:00Z,soccer_japan_j_league,J1 League,unibet_eu,2.5,1.83,1.93,2025-03-14T11:54:57Z,2025-03-14,9275c34c8b3f3cfa413739eb5a9b504a_2.5
9275c34c8b3f3cfa413739eb5a9b504a,Yokohama F Marinos,Gamba Osaka,2025-03-16T05:00:00Z,soccer_japan_j_league,J1 League,unibet,2.5,1.84,1.93,2025-03-14T11:54:57Z,2025-03-14,9275c34c8b3f3cfa413739eb5a9b504a_2.5
9275c34c8b3f3cfa413739eb5a9b504a,Yokohama F Marinos,Gamba Osaka,2025-03-16T05:00:00Z,soccer_japan_j_league,J1 League,lowvig,2.5,1.92,1.9,2025-03-14T11:54:56Z,2025-03-14,9275c34c8b3f3cfa413739eb5a9b504a_2.5
9275c34c8b3f3cfa413739eb5a9b504a,Yokohama F Marinos,Gamba Osaka,2025-03-16T05:00:00Z,soccer_japan_j_league,J1 League,betonlineag,2.5,1.92,1.9,2025-03-14T11:53:24Z,2025-03-14,9275c34c8b3f3cfa413739eb5a9b504a_2.5
31740482ae88579f1c52b897bcc01572,Hiroshima Sanfrecce FC,Kashiwa Reysol,2025-03-16T05:00:00Z,soccer_japan_j_league,J1 League,pinnacle,2.25,1.93,1.91,2025-03-14T11:54:56Z,2025-03-14,31740482ae88579f1c52b897bcc01572_2.25
31740482ae88579f1c52b897bcc01572,Hiroshima Sanfrecce FC,Kashiwa Reysol,2025-03-16T05:00:00Z,soccer_japan_j_league,J1 League,nordicbet,2.5,2.14,1.66,2025-03-14T11:54:57Z,2025-03-14,31740482ae88579f1c52b897bcc01572_2.5
31740482ae88579f1c52b897bcc01572,Hiroshima Sanfrecce FC,Kashiwa Reysol,2025-03-16T05:00:00Z,soccer_japan_j_league,J1 League,betsson,2.5,2.14,1.66,2025-03-14T11:54:58Z,2025-03-14,31740482ae88579f1c52b897bcc01572_2.5
31740482ae88579f1c52b897bcc01572,Hiroshima Sanfrecce FC,Kashiwa Reysol,2025-03-16T05:00:00Z,soccer_japan_j_league,J1 League,onexbet,2.5,2.19,1.69,2025-03-14T11:54:56Z,2025-03-14,31740482ae88579f1c52b897bcc01572_2.5
31740482ae88579f1c52b897bcc01572,Hiroshima Sanfrecce FC,Kashiwa Reysol,2025-03-16T05:00:00Z,soccer_japan_j_league,J1 League,coolbet,2.5,2.15,1.71,2025-03-14T11:54:57Z,2025-03-14,31740482ae88579f1c52b897bcc01572_2.5
31740482ae88579f1c52b897bcc01572,Hiroshima Sanfrecce FC,Kashiwa Reysol,2025-03-16T05:00:00Z,soccer_japan_j_league,J1 League,bovada,2.25,1.91,1.91,2025-03-14T11:54:56Z,2025-03-14,31740482ae88579f1c52b897bcc01572_2.25
31740482ae88579f1c52b897bcc01572,Hiroshima Sanfrecce FC,Kashiwa Reysol,2025-03-16T05:00:00Z,soccer_japan_j_league,J1 League,williamhill,2.5,2.15,1.67,2025-03-14T11:54:57Z,2025-03-14,31740482ae88579f1c52b897bcc01572_2.5
31740482ae88579f1c52b897bcc01572,Hiroshima Sanfrecce FC,Kashiwa Reysol,2025-03-16T05:00:00Z,soccer_japan_j_league,J1 League,tipico_de,2.5,2.05,1.67,2025-03-14T11:54:58Z,2025-03-14,31740482ae88579f1c52b897bcc01572_2.5
31740482ae88579f1c52b897bcc01572,Hiroshima Sanfrecce FC,Kashiwa Reysol,2025-03-16T05:00:00Z,soccer_japan_j_league,J1 League,betrivers,2.5,2.15,1.67,2025-03-14T11:54:56Z,2025-03-14,31740482ae88579f1c52b897bcc01572_2.5
31740482ae88579f1c52b897bcc01572,Hiroshima Sanfrecce FC,Kashiwa Reysol,2025-03-16T05:00:00Z,soccer_japan_j_league,J1 League,unibet_eu,2.5,2.15,1.67,2025-03-14T11:54:57Z,2025-03-14,31740482ae88579f1c52b897bcc01572_2.5
31740482ae88579f1c52b897bcc01572,Hiroshima Sanfrecce FC,Kashiwa Reysol,2025-03-16T05:00:00Z,soccer_japan_j_league,J1 League,unibet,2.5,2.15,1.67,2025-03-14T11:54:57Z,2025-03-14,31740482ae88579f1c52b897bcc01572_2.5
31740482ae88579f1c52b897bcc01572,Hiroshima Sanfrecce FC,Kashiwa Reysol,2025-03-16T05:00:00Z,soccer_japan_j_league,J1 League,lowvig,2.25,1.93,1.89,2025-03-14T11:54:56Z,2025-03-14,31740482ae88579f1c52b897bcc01572_2.25
31740482ae88579f1c52b897bcc01572,Hiroshima Sanfrecce FC,Kashiwa Reysol,2025-03-16T05:00:00Z,soccer_japan_j_league,J1 League,betonlineag,2.25,1.93,1.89,2025-03-14T11:53:24Z,2025-03-14,31740482ae88579f1c52b897bcc01572_2.25
12b82fb059ddb72783c58f1ca718a1e5,Kashima Antlers,Urawa Red Diamonds,2025-03-16T05:00:00Z,soccer_japan_j_league,J1 League,pinnacle,2.25,1.88,1.96,2025-03-14T11:54:56Z,2025-03-14,12b82fb059ddb72783c58f1ca718a1e5_2.25
12b82fb059ddb72783c58f1ca718a1e5,Kashima Antlers,Urawa Red Diamonds,2025-03-16T05:00:00Z,soccer_japan_j_league,J1 League,nordicbet,2.5,2.15,1.65,2025-03-14T11:54:57Z,2025-03-14,12b82fb059ddb72783c58f1ca718a1e5_2.5
12b82fb059ddb72783c58f1ca718a1e5,Kashima Antlers,Urawa Red Diamonds,2025-03-16T05:00:00Z,soccer_japan_j_league,J1 League,betsson,2.5,2.15,1.65,2025-03-14T11:54:58Z,2025-03-14,12b82fb059ddb72783c58f1ca718a1e5_2.5
12b82fb059ddb72783c58f1ca718a1e5,Kashima Antlers,Urawa Red Diamonds,2025-03-16T05:00:00Z,soccer_japan_j_league,J1 League,onexbet,2.5,2.14,1.72,2025-03-14T11:54:56Z,2025-03-14,12b82fb059ddb72783c58f1ca718a1e5_2.5
12b82fb059ddb72783c58f1ca718a1e5,Kashima Antlers,Urawa Red Diamonds,2025-03-16T05:00:00Z,soccer_japan_j_league,J1 League,coolbet,2.5,2.2,1.68,2025-03-14T11:54:57Z,2025-03-14,12b82fb059ddb72783c58f1ca718a1e5_2.5
12b82fb059ddb72783c58f1ca718a1e5,Kashima Antlers,Urawa Red Diamonds,2025-03-16T05:00:00Z,soccer_japan_j_league,J1 League,bovada,2.25,1.93,1.89,2025-03-14T11:54:56Z,2025-03-14,12b82fb059ddb72783c58f1ca718a1e5_2.25
12b82fb059ddb72783c58f1ca718a1e5,Kashima Antlers,Urawa Red Diamonds,2025-03-16T05:00:00Z,soccer_japan_j_league,J1 League,williamhill,2.5,2.15,1.67,2025-03-14T11:54:57Z,2025-03-14,12b82fb059ddb72783c58f1ca718a1e5_2.5
12b82fb059ddb72783c58f1ca718a1e5,Kashima Antlers,Urawa Red Diamonds,2025-03-16T05:00:00Z,soccer_japan_j_league,J1 League,tipico_de,2.5,2.05,1.67,2025-03-14T11:54:58Z,2025-03-14,12b82fb059ddb72783c58f1ca718a1e5_2.5
12b82fb059ddb72783c58f1ca718a1e5,Kashima Antlers,Urawa Red Diamonds,2025-03-16T05:00:00Z,soccer_japan_j_league,J1 League,betrivers,2.5,2.18,1.65,2025-03-14T11:54:56Z,2025-03-14,12b82fb059ddb72783c58f1ca718a1e5_2.5
12b82fb059ddb72783c58f1ca718a1e5,Kashima Antlers,Urawa Red Diamonds,2025-03-16T05:00:00Z,soccer_japan_j_league,J1 League,unibet_eu,2.5,2.18,1.65,2025-03-14T11:54:57Z,2025-03-14,12b82fb059ddb72783c58f1ca718a1e5_2.5
12b82fb059ddb72783c58f1ca718a1e5,Kashima Antlers,Urawa Red Diamonds,2025-03-16T05:00:00Z,soccer_japan_j_league,J1 League,unibet,2.5,2.18,1.65,2025-03-14T11:54:57Z,2025-03-14,12b82fb059ddb72783c58f1ca718a1e5_2.5
12b82fb059ddb72783c58f1ca718a1e5,Kashima Antlers,Urawa Red Diamonds,2025-03-16T05:00:00Z,soccer_japan_j_league,J1 League,lowvig,2.25,1.91,1.91,2025-03-14T11:54:56Z,2025-03-14,12b82fb059ddb72783c58f1ca718a1e5_2.25
12b82fb059ddb72783c58f1ca718a1e5,Kashima Antlers,Urawa Red Diamonds,2025-03-16T05:00:00Z,soccer_japan_j_league,J1 League,betonlineag,2.25,1.91,1.91,2025-03-14T11:53:24Z,2025-03-14,12b82fb059ddb72783c58f1ca718a1e5_2.25
b9b1d663ff4040ca85534430fd40299e,Shonan Bellmare,Vissel Kobe,2025-03-16T06:00:00Z,soccer_japan_j_league,J1 League,pinnacle,2.25,1.8,2.05,2025-03-14T11:54:56Z,2025-03-14,b9b1d663ff4040ca85534430fd40299e_2.25
b9b1d663ff4040ca85534430fd40299e,Shonan Bellmare,Vissel Kobe,2025-03-16T06:00:00Z,soccer_japan_j_league,J1 League,betsson,2.5,2.03,1.74,2025-03-14T11:54:58Z,2025-03-14,b9b1d663ff4040ca85534430fd40299e_2.5
b9b1d663ff4040ca85534430fd40299e,Shonan Bellmare,Vissel Kobe,2025-03-16T06:00:00Z,soccer_japan_j_league,J1 League,nordicbet,2.5,2.03,1.74,2025-03-14T11:54:57Z,2025-03-14,b9b1d663ff4040ca85534430fd40299e_2.5
b9b1d663ff4040ca85534430fd40299e,Shonan Bellmare,Vissel Kobe,2025-03-16T06:00:00Z,soccer_japan_j_league,J1 League,onexbet,2.5,2.04,1.79,2025-03-14T11:54:56Z,2025-03-14,b9b1d663ff4040ca85534430fd40299e_2.5
b9b1d663ff4040ca85534430fd40299e,Shonan Bellmare,Vissel Kobe,2025-03-16T06:00:00Z,soccer_japan_j_league,J1 League,coolbet,2.5,2.05,1.78,2025-03-14T11:54:57Z,2025-03-14,b9b1d663ff4040ca85534430fd40299e_2.5
b9b1d663ff4040ca85534430fd40299e,Shonan Bellmare,Vissel Kobe,2025-03-16T06:00:00Z,soccer_japan_j_league,J1 League,bovada,2.25,1.82,2.02,2025-03-14T11:54:56Z,2025-03-14,b9b1d663ff4040ca85534430fd40299e_2.25
b9b1d663ff4040ca85534430fd40299e,Shonan Bellmare,Vissel Kobe,2025-03-16T06:00:00Z,soccer_japan_j_league,J1 League,williamhill,2.5,2.05,1.73,2025-03-14T11:54:57Z,2025-03-14,b9b1d663ff4040ca85534430fd40299e_2.5
b9b1d663ff4040ca85534430fd40299e,Shonan Bellmare,Vissel Kobe,2025-03-16T06:00:00Z,soccer_japan_j_league,J1 League,tipico_de,2.5,1.95,1.75,2025-03-14T11:54:58Z,2025-03-14,b9b1d663ff4040ca85534430fd40299e_2.5
b9b1d663ff4040ca85534430fd40299e,Shonan Bellmare,Vissel Kobe,2025-03-16T06:00:00Z,soccer_japan_j_league,J1 League,unibet,2.5,2.02,1.76,2025-03-14T11:54:57Z,2025-03-14,b9b1d663ff4040ca85534430fd40299e_2.5
b9b1d663ff4040ca85534430fd40299e,Shonan Bellmare,Vissel Kobe,2025-03-16T06:00:00Z,soccer_japan_j_league,J1 League,unibet_eu,2.5,2.02,1.76,2025-03-14T11:54:57Z,2025-03-14,b9b1d663ff4040ca85534430fd40299e_2.5
b9b1d663ff4040ca85534430fd40299e,Shonan Bellmare,Vissel Kobe,2025-03-16T06:00:00Z,soccer_japan_j_league,J1 League,betrivers,2.5,2.02,1.76,2025-03-14T11:54:56Z,2025-03-14,b9b1d663ff4040ca85534430fd40299e_2.5
b9b1d663ff4040ca85534430fd40299e,Shonan Bellmare,Vissel Kobe,2025-03-16T06:00:00Z,soccer_japan_j_league,J1 League,lowvig,2.25,1.81,2.03,2025-03-14T11:54:56Z,2025-03-14,b9b1d663ff4040ca85534430fd40299e_2.25
b9b1d663ff4040ca85534430fd40299e,Shonan Bellmare,Vissel Kobe,2025-03-16T06:00:00Z,soccer_japan_j_league,J1 League,betonlineag,2.25,1.81,2.03,2025-03-14T11:53:24Z,2025-03-14,b9b1d663ff4040ca85534430fd40299e_2.25
264e3a51ebf136a1e15122831f13621d,Jeju United FC,Daejeon Citizen,2025-03-15T05:00:00Z,soccer_korea_kleague1,K League 1,nordicbet,2.5,2.06,1.71,2025-03-14T11:55:22Z,2025-03-14,264e3a51ebf136a1e15122831f13621d_2.5
264e3a51ebf136a1e15122831f13621d,Jeju United FC,Daejeon Citizen,2025-03-15T05:00:00Z,soccer_korea_kleague1,K League 1,betsson,2.5,2.06,1.71,2025-03-14T11:55:22Z,2025-03-14,264e3a51ebf136a1e15122831f13621d_2.5
264e3a51ebf136a1e15122831f13621d,Jeju United FC,Daejeon Citizen,2025-03-15T05:00:00Z,soccer_korea_kleague1,K League 1,onexbet,2.5,2.09,1.74,2025-03-14T11:55:20Z,2025-03-14,264e3a51ebf136a1e15122831f13621d_2.5
264e3a51ebf136a1e15122831f13621d,Jeju United FC,Daejeon Citizen,2025-03-15T05:00:00Z,soccer_korea_kleague1,K League 1,pinnacle,2.25,1.86,2.01,2025-03-14T11:55:20Z,2025-03-14,264e3a51ebf136a1e15122831f13621d_2.25
264e3a51ebf136a1e15122831f13621d,Jeju United FC,Daejeon Citizen,2025-03-15T05:00:00Z,soccer_korea_kleague1,K League 1,bovada,2.25,1.82,1.93,2025-03-14T11:55:20Z,2025-03-14,264e3a51ebf136a1e15122831f13621d_2.25
264e3a51ebf136a1e15122831f13621d,Jeju United FC,Daejeon Citizen,2025-03-15T05:00:00Z,soccer_korea_kleague1,K League 1,williamhill,2.5,2.05,1.7,2025-03-14T11:55:22Z,2025-03-14,264e3a51ebf136a1e15122831f13621d_2.5
264e3a51ebf136a1e15122831f13621d,Jeju United FC,Daejeon Citizen,2025-03-15T05:00:00Z,soccer_korea_kleague1,K League 1,tipico_de,2.5,2.0,1.7,2025-03-14T11:55:22Z,2025-03-14,264e3a51ebf136a1e15122831f13621d_2.5
264e3a51ebf136a1e15122831f13621d,Jeju United FC,Daejeon Citizen,2025-03-15T05:00:00Z,soccer_korea_kleague1,K League 1,betrivers,2.5,1.97,1.71,2025-03-14T11:55:21Z,2025-03-14,264e3a51ebf136a1e15122831f13621d_2.5
264e3a51ebf136a1e15122831f13621d,Jeju United FC,Daejeon Citizen,2025-03-15T05:00:00Z,soccer_korea_kleague1,K League 1,unibet,2.5,1.98,1.71,2025-03-14T11:55:22Z,2025-03-14,264e3a51ebf136a1e15122831f13621d_2.5
264e3a51ebf136a1e15122831f13621d,Jeju United FC,Daejeon Citizen,2025-03-15T05:00:00Z,soccer_korea_kleague1,K League 1,unibet_eu,2.5,1.97,1.71,2025-03-14T11:55:21Z,2025-03-14,264e3a51ebf136a1e15122831f13621d_2.5
264e3a51ebf136a1e15122831f13621d,Jeju United FC,Daejeon Citizen,2025-03-15T05:00:00Z,soccer_korea_kleague1,K League 1,playup,2.5,2.05,1.72,2025-03-14T11:55:22Z,2025-03-14,264e3a51ebf136a1e15122831f13621d_2.5
264e3a51ebf136a1e15122831f13621d,Jeju United FC,Daejeon Citizen,2025-03-15T05:00:00Z,soccer_korea_kleague1,K League 1,coolbet,2.5,2.06,1.74,2025-03-14T11:55:22Z,2025-03-14,264e3a51ebf136a1e15122831f13621d_2.5
264e3a51ebf136a1e15122831f13621d,Jeju United FC,Daejeon Citizen,2025-03-15T05:00:00Z,soccer_korea_kleague1,K League 1,lowvig,2.25,1.85,1.98,2025-03-14T11:55:20Z,2025-03-14,264e3a51ebf136a1e15122831f13621d_2.25
264e3a51ebf136a1e15122831f13621d,Jeju United FC,Daejeon Citizen,2025-03-15T05:00:00Z,soccer_korea_kleague1,K League 1,betonlineag,2.25,1.85,1.98,2025-03-14T11:53:49Z,2025-03-14,264e3a51ebf136a1e15122831f13621d_2.25
264e3a51ebf136a1e15122831f13621d,Jeju United FC,Daejeon Citizen,2025-03-15T05:00:00Z,soccer_korea_kleague1,K League 1,matchbook,2.5,2.14,1.77,2025-03-14T11:55:21Z,2025-03-14,264e3a51ebf136a1e15122831f13621d_2.5
fe27f6161b9394d0ac0fdce02c5b8107,Daegu FC,FC Anyang,2025-03-15T07:30:00Z,soccer_korea_kleague1,K League 1,pinnacle,2.25,1.93,1.94,2025-03-14T11:55:20Z,2025-03-14,fe27f6161b9394d0ac0fdce02c5b8107_2.25
fe27f6161b9394d0ac0fdce02c5b8107,Daegu FC,FC Anyang,2025-03-15T07:30:00Z,soccer_korea_kleague1,K League 1,onexbet,2.5,2.16,1.69,2025-03-14T11:55:20Z,2025-03-14,fe27f6161b9394d0ac0fdce02c5b8107_2.5
fe27f6161b9394d0ac0fdce02c5b8107,Daegu FC,FC Anyang,2025-03-15T07:30:00Z,soccer_korea_kleague1,K League 1,nordicbet,2.5,2.11,1.68,2025-03-14T11:55:22Z,2025-03-14,fe27f6161b9394d0ac0fdce02c5b8107_2.5
fe27f6161b9394d0ac0fdce02c5b8107,Daegu FC,FC Anyang,2025-03-15T07:30:00Z,soccer_korea_kleague1,K League 1,betsson,2.5,2.11,1.68,2025-03-14T11:55:22Z,2025-03-14,fe27f6161b9394d0ac0fdce02c5b8107_2.5
fe27f6161b9394d0ac0fdce02c5b8107,Daegu FC,FC Anyang,2025-03-15T07:30:00Z,soccer_korea_kleague1,K League 1,coolbet,2.5,2.12,1.7,2025-03-14T11:55:22Z,2025-03-14,fe27f6161b9394d0ac0fdce02c5b8107_2.5
fe27f6161b9394d0ac0fdce02c5b8107,Daegu FC,FC Anyang,2025-03-15T07:30:00Z,soccer_korea_kleague1,K League 1,playup,2.5,2.12,1.68,2025-03-14T11:55:22Z,2025-03-14,fe27f6161b9394d0ac0fdce02c5b8107_2.5
fe27f6161b9394d0ac0fdce02c5b8107,Daegu FC,FC Anyang,2025-03-15T07:30:00Z,soccer_korea_kleague1,K League 1,bovada,2.25,1.85,1.89,2025-03-14T11:55:20Z,2025-03-14,fe27f6161b9394d0ac0fdce02c5b8107_2.25
fe27f6161b9394d0ac0fdce02c5b8107,Daegu FC,FC Anyang,2025-03-15T07:30:00Z,soccer_korea_kleague1,K League 1,williamhill,2.5,2.0,1.73,2025-03-14T11:55:22Z,2025-03-14,fe27f6161b9394d0ac0fdce02c5b8107_2.5
fe27f6161b9394d0ac0fdce02c5b8107,Daegu FC,FC Anyang,2025-03-15T07:30:00Z,soccer_korea_kleague1,K League 1,betrivers,2.5,2.3,1.53,2025-03-14T11:55:21Z,2025-03-14,fe27f6161b9394d0ac0fdce02c5b8107_2.5
fe27f6161b9394d0ac0fdce02c5b8107,Daegu FC,FC Anyang,2025-03-15T07:30:00Z,soccer_korea_kleague1,K League 1,unibet_eu,2.5,2.3,1.53,2025-03-14T11:55:21Z,2025-03-14,fe27f6161b9394d0ac0fdce02c5b8107_2.5
fe27f6161b9394d0ac0fdce02c5b8107,Daegu FC,FC Anyang,2025-03-15T07:30:00Z,soccer_korea_kleague1,K League 1,unibet,2.5,2.3,1.53,2025-03-14T11:55:22Z,2025-03-14,fe27f6161b9394d0ac0fdce02c5b8107_2.5
fe27f6161b9394d0ac0fdce02c5b8107,Daegu FC,FC Anyang,2025-03-15T07:30:00Z,soccer_korea_kleague1,K League 1,lowvig,2.25,1.85,1.97,2025-03-14T11:55:20Z,2025-03-14,fe27f6161b9394d0ac0fdce02c5b8107_2.25
fe27f6161b9394d0ac0fdce02c5b8107,Daegu FC,FC Anyang,2025-03-15T07:30:00Z,soccer_korea_kleague1,K League 1,betonlineag,2.25,1.85,1.97,2025-03-14T11:53:49Z,2025-03-14,fe27f6161b9394d0ac0fdce02c5b8107_2.25
fe27f6161b9394d0ac0fdce02c5b8107,Daegu FC,FC Anyang,2025-03-15T07:30:00Z,soccer_korea_kleague1,K League 1,tipico_de,2.5,2.1,1.65,2025-03-14T11:55:22Z,2025-03-14,fe27f6161b9394d0ac0fdce02c5b8107_2.5
fe27f6161b9394d0ac0fdce02c5b8107,Daegu FC,FC Anyang,2025-03-15T07:30:00Z,soccer_korea_kleague1,K League 1,matchbook,1.5,1.33,2.86,2025-03-14T11:55:21Z,2025-03-14,fe27f6161b9394d0ac0fdce02c5b8107_1.5
d779268e789880f58e19ffa045d3cd13,Gangwon FC,FC Seoul,2025-03-15T07:30:00Z,soccer_korea_kleague1,K League 1,onexbet,2.5,2.5,1.53,2025-03-14T11:55:20Z,2025-03-14,d779268e789880f58e19ffa045d3cd13_2.5
d779268e789880f58e19ffa045d3cd13,Gangwon FC,FC Seoul,2025-03-15T07:30:00Z,soccer_korea_kleague1,K League 1,nordicbet,2.5,2.43,1.52,2025-03-14T11:55:22Z,2025-03-14,d779268e789880f58e19ffa045d3cd13_2.5
d779268e789880f58e19ffa045d3cd13,Gangwon FC,FC Seoul,2025-03-15T07:30:00Z,soccer_korea_kleague1,K League 1,betsson,2.5,2.43,1.52,2025-03-14T11:55:22Z,2025-03-14,d779268e789880f58e19ffa045d3cd13_2.5
d779268e789880f58e19ffa045d3cd13,Gangwon FC,FC Seoul,2025-03-15T07:30:00Z,soccer_korea_kleague1,K League 1,pinnacle,2.0,1.88,1.98,2025-03-14T11:55:20Z,2025-03-14,d779268e789880f58e19ffa045d3cd13_2.0
d779268e789880f58e19ffa045d3cd13,Gangwon FC,FC Seoul,2025-03-15T07:30:00Z,soccer_korea_kleague1,K League 1,williamhill,2.5,2.38,1.53,2025-03-14T11:55:22Z,2025-03-14,d779268e789880f58e19ffa045d3cd13_2.5
d779268e789880f58e19ffa045d3cd13,Gangwon FC,FC Seoul,2025-03-15T07:30:00Z,soccer_korea_kleague1,K League 1,bovada,2.0,1.82,1.93,2025-03-14T11:55:20Z,2025-03-14,d779268e789880f58e19ffa045d3cd13_2.0
d779268e789880f58e19ffa045d3cd13,Gangwon FC,FC Seoul,2025-03-15T07:30:00Z,soccer_korea_kleague1,K League 1,tipico_de,2.5,2.4,1.5,2025-03-14T11:55:22Z,2025-03-14,d779268e789880f58e19ffa045d3cd13_2.5
d779268e789880f58e19ffa045d3cd13,Gangwon FC,FC Seoul,2025-03-15T07:30:00Z,soccer_korea_kleague1,K League 1,betrivers,2.5,2.35,1.5,2025-03-14T11:55:21Z,2025-03-14,d779268e789880f58e19ffa045d3cd13_2.5
d779268e789880f58e19ffa045d3cd13,Gangwon FC,FC Seoul,2025-03-15T07:30:00Z,soccer_korea_kleague1,K League 1,unibet_eu,2.5,2.35,1.5,2025-03-14T11:55:21Z,2025-03-14,d779268e789880f58e19ffa045d3cd13_2.5
d779268e789880f58e19ffa045d3cd13,Gangwon FC,FC Seoul,2025-03-15T07:30:00Z,soccer_korea_kleague1,K League 1,unibet,2.5,2.35,1.5,2025-03-14T11:55:22Z,2025-03-14,d779268e789880f58e19ffa045d3cd13_2.5
d779268e789880f58e19ffa045d3cd13,Gangwon FC,FC Seoul,2025-03-15T07:30:00Z,soccer_korea_kleague1,K League 1,coolbet,2.0,1.85,1.93,2025-03-14T11:55:22Z,2025-03-14,d779268e789880f58e19ffa045d3cd13_2.0
d779268e789880f58e19ffa045d3cd13,Gangwon FC,FC Seoul,2025-03-15T07:30:00Z,soccer_korea_kleague1,K League 1,playup,2.5,2.45,1.52,2025-03-14T11:55:22Z,2025-03-14,d779268e789880f58e19ffa045d3cd13_2.5
d779268e789880f58e19ffa045d3cd13,Gangwon FC,FC Seoul,2025-03-15T07:30:00Z,soccer_korea_kleague1,K League 1,lowvig,2.25,2.25,1.69,2025-03-14T11:55:20Z,2025-03-14,d779268e789880f58e19ffa045d3cd13_2.25
d779268e789880f58e19ffa045d3cd13,Gangwon FC,FC Seoul,2025-03-15T07:30:00Z,soccer_korea_kleague1,K League 1,betonlineag,2.25,2.25,1.69,2025-03-14T11:53:49Z,2025-03-14,d779268e789880f58e19ffa045d3cd13_2.25
d779268e789880f58e19ffa045d3cd13,Gangwon FC,FC Seoul,2025-03-15T07:30:00Z,soccer_korea_kleague1,K League 1,matchbook,3.5,4.2,1.16,2025-03-14T11:55:21Z,2025-03-14,d779268e789880f58e19ffa045d3cd13_3.5
3ecc8294da11393985a44b073bd4fd8d,Suwon FC,Ulsan Hyundai FC,2025-03-16T05:00:00Z,soccer_korea_kleague1,K League 1,nordicbet,2.5,1.85,1.89,2025-03-14T11:55:22Z,2025-03-14,3ecc8294da11393985a44b073bd4fd8d_2.5
3ecc8294da11393985a44b073bd4fd8d,Suwon FC,Ulsan Hyundai FC,2025-03-16T05:00:00Z,soccer_korea_kleague1,K League 1,betsson,2.5,1.85,1.89,2025-03-14T11:55:22Z,2025-03-14,3ecc8294da11393985a44b073bd4fd8d_2.5
3ecc8294da11393985a44b073bd4fd8d,Suwon FC,Ulsan Hyundai FC,2025-03-16T05:00:00Z,soccer_korea_kleague1,K League 1,onexbet,2.5,1.86,1.94,2025-03-14T11:55:20Z,2025-03-14,3ecc8294da11393985a44b073bd4fd8d_2.5
3ecc8294da11393985a44b073bd4fd8d,Suwon FC,Ulsan Hyundai FC,2025-03-16T05:00:00Z,soccer_korea_kleague1,K League 1,pinnacle,2.5,1.88,1.96,2025-03-14T11:55:20Z,2025-03-14,3ecc8294da11393985a44b073bd4fd8d_2.5
3ecc8294da11393985a44b073bd4fd8d,Suwon FC,Ulsan Hyundai FC,2025-03-16T05:00:00Z,soccer_korea_kleague1,K League 1,bovada,2.5,1.85,1.89,2025-03-14T11:55:20Z,2025-03-14,3ecc8294da11393985a44b073bd4fd8d_2.5
3ecc8294da11393985a44b073bd4fd8d,Suwon FC,Ulsan Hyundai FC,2025-03-16T05:00:00Z,soccer_korea_kleague1,K League 1,williamhill,2.5,1.85,1.85,2025-03-14T11:55:22Z,2025-03-14,3ecc8294da11393985a44b073bd4fd8d_2.5
3ecc8294da11393985a44b073bd4fd8d,Suwon FC,Ulsan Hyundai FC,2025-03-16T05:00:00Z,soccer_korea_kleague1,K League 1,tipico_de,2.5,1.8,1.9,2025-03-14T11:55:22Z,2025-03-14,3ecc8294da11393985a44b073bd4fd8d_2.5
3ecc8294da11393985a44b073bd4fd8d,Suwon FC,Ulsan Hyundai FC,2025-03-16T05:00:00Z,soccer_korea_kleague1,K League 1,betrivers,2.5,1.8,1.88,2025-03-14T11:55:21Z,2025-03-14,3ecc8294da11393985a44b073bd4fd8d_2.5
3ecc8294da11393985a44b073bd4fd8d,Suwon FC,Ulsan Hyundai FC,2025-03-16T05:00:00Z,soccer_korea_kleague1,K League 1,unibet_eu,2.5,1.8,1.88,2025-03-14T11:55:21Z,2025-03-14,3ecc8294da11393985a44b073bd4fd8d_2.5
3ecc8294da11393985a44b073bd4fd8d,Suwon FC,Ulsan Hyundai FC,2025-03-16T05:00:00Z,soccer_korea_kleague1,K League 1,unibet,2.5,1.8,1.88,2025-03-14T11:55:22Z,2025-03-14,3ecc8294da11393985a44b073bd4fd8d_2.5
3ecc8294da11393985a44b073bd4fd8d,Suwon FC,Ulsan Hyundai FC,2025-03-16T05:00:00Z,soccer_korea_kleague1,K League 1,coolbet,2.5,1.87,1.9,2025-03-14T11:55:22Z,2025-03-14,3ecc8294da11393985a44b073bd4fd8d_2.5
3ecc8294da11393985a44b073bd4fd8d,Suwon FC,Ulsan Hyundai FC,2025-03-16T05:00:00Z,soccer_korea_kleague1,K League 1,playup,2.5,1.85,1.88,2025-03-14T11:55:22Z,2025-03-14,3ecc8294da11393985a44b073bd4fd8d_2.5
3ecc8294da11393985a44b073bd4fd8d,Suwon FC,Ulsan Hyundai FC,2025-03-16T05:00:00Z,soccer_korea_kleague1,K League 1,lowvig,2.5,1.87,1.95,2025-03-14T11:55:20Z,2025-03-14,3ecc8294da11393985a44b073bd4fd8d_2.5
3ecc8294da11393985a44b073bd4fd8d,Suwon FC,Ulsan Hyundai FC,2025-03-16T05:00:00Z,soccer_korea_kleague1,K League 1,betonlineag,2.5,1.87,1.95,2025-03-14T11:53:49Z,2025-03-14,3ecc8294da11393985a44b073bd4fd8d_2.5
d0c749f2b36b6c52c176696653afae72,Sangju Sangmu FC,Gwangju FC,2025-03-16T07:30:00Z,soccer_korea_kleague1,K League 1,pinnacle,2.0,1.8,2.06,2025-03-14T11:55:20Z,2025-03-14,d0c749f2b36b6c52c176696653afae72_2.0
d0c749f2b36b6c52c176696653afae72,Sangju Sangmu FC,Gwangju FC,2025-03-16T07:30:00Z,soccer_korea_kleague1,K League 1,betsson,2.5,2.33,1.56,2025-03-14T11:55:22Z,2025-03-14,d0c749f2b36b6c52c176696653afae72_2.5
d0c749f2b36b6c52c176696653afae72,Sangju Sangmu FC,Gwangju FC,2025-03-16T07:30:00Z,soccer_korea_kleague1,K League 1,nordicbet,2.5,2.33,1.56,2025-03-14T11:55:22Z,2025-03-14,d0c749f2b36b6c52c176696653afae72_2.5
d0c749f2b36b6c52c176696653afae72,Sangju Sangmu FC,Gwangju FC,2025-03-16T07:30:00Z,soccer_korea_kleague1,K League 1,onexbet,2.5,2.4,1.57,2025-03-14T11:55:20Z,2025-03-14,d0c749f2b36b6c52c176696653afae72_2.5
d0c749f2b36b6c52c176696653afae72,Sangju Sangmu FC,Gwangju FC,2025-03-16T07:30:00Z,soccer_korea_kleague1,K League 1,betrivers,2.5,2.14,1.62,2025-03-14T11:55:21Z,2025-03-14,d0c749f2b36b6c52c176696653afae72_2.5
d0c749f2b36b6c52c176696653afae72,Sangju Sangmu FC,Gwangju FC,2025-03-16T07:30:00Z,soccer_korea_kleague1,K League 1,unibet_eu,2.5,2.14,1.62,2025-03-14T11:55:21Z,2025-03-14,d0c749f2b36b6c52c176696653afae72_2.5
d0c749f2b36b6c52c176696653afae72,Sangju Sangmu FC,Gwangju FC,2025-03-16T07:30:00Z,soccer_korea_kleague1,K League 1,unibet,2.5,2.14,1.62,2025-03-14T11:55:22Z,2025-03-14,d0c749f2b36b6c52c176696653afae72_2.5
d0c749f2b36b6c52c176696653afae72,Sangju Sangmu FC,Gwangju FC,2025-03-16T07:30:00Z,soccer_korea_kleague1,K League 1,bovada,2.0,1.76,2.02,2025-03-14T11:55:20Z,2025-03-14,d0c749f2b36b6c52c176696653afae72_2.0
d0c749f2b36b6c52c176696653afae72,Sangju Sangmu FC,Gwangju FC,2025-03-16T07:30:00Z,soccer_korea_kleague1,K League 1,williamhill,2.5,2.3,1.57,2025-03-14T11:55:22Z,2025-03-14,d0c749f2b36b6c52c176696653afae72_2.5
d0c749f2b36b6c52c176696653afae72,Sangju Sangmu FC,Gwangju FC,2025-03-16T07:30:00Z,soccer_korea_kleague1,K League 1,tipico_de,2.5,2.25,1.55,2025-03-14T11:55:22Z,2025-03-14,d0c749f2b36b6c52c176696653afae72_2.5
d0c749f2b36b6c52c176696653afae72,Sangju Sangmu FC,Gwangju FC,2025-03-16T07:30:00Z,soccer_korea_kleague1,K League 1,coolbet,2.0,1.78,2.01,2025-03-14T11:55:22Z,2025-03-14,d0c749f2b36b6c52c176696653afae72_2.0
d0c749f2b36b6c52c176696653afae72,Sangju Sangmu FC,Gwangju FC,2025-03-16T07:30:00Z,soccer_korea_kleague1,K League 1,playup,2.5,2.35,1.55,2025-03-14T11:55:22Z,2025-03-14,d0c749f2b36b6c52c176696653afae72_2.5
d0c749f2b36b6c52c176696653afae72,Sangju Sangmu FC,Gwangju FC,2025-03-16T07:30:00Z,soccer_korea_kleague1,K League 1,lowvig,2.25,2.09,1.78,2025-03-14T11:55:20Z,2025-03-14,d0c749f2b36b6c52c176696653afae72_2.25
d0c749f2b36b6c52c176696653afae72,Sangju Sangmu FC,Gwangju FC,2025-03-16T07:30:00Z,soccer_korea_kleague1,K League 1,betonlineag,2.25,2.09,1.78,2025-03-14T11:53:49Z,2025-03-14,d0c749f2b36b6c52c176696653afae72_2.25
3edd10cad800548f381accce9ade4480,Jeonbuk Hyundai Motors,Pohang Steelers,2025-03-16T07:30:00Z,soccer_korea_kleague1,K League 1,onexbet,2.5,1.9,1.9,2025-03-14T11:55:20Z,2025-03-14,3edd10cad800548f381accce9ade4480_2.5
3edd10cad800548f381accce9ade4480,Jeonbuk Hyundai Motors,Pohang Steelers,2025-03-16T07:30:00Z,soccer_korea_kleague1,K League 1,nordicbet,2.5,1.87,1.87,2025-03-14T11:55:22Z,2025-03-14,3edd10cad800548f381accce9ade4480_2.5
3edd10cad800548f381accce9ade4480,Jeonbuk Hyundai Motors,Pohang Steelers,2025-03-16T07:30:00Z,soccer_korea_kleague1,K League 1,betsson,2.5,1.87,1.87,2025-03-14T11:55:22Z,2025-03-14,3edd10cad800548f381accce9ade4480_2.5
3edd10cad800548f381accce9ade4480,Jeonbuk Hyundai Motors,Pohang Steelers,2025-03-16T07:30:00Z,soccer_korea_kleague1,K League 1,pinnacle,2.5,1.92,1.92,2025-03-14T11:55:20Z,2025-03-14,3edd10cad800548f381accce9ade4480_2.5
3edd10cad800548f381accce9ade4480,Jeonbuk Hyundai Motors,Pohang Steelers,2025-03-16T07:30:00Z,soccer_korea_kleague1,K League 1,williamhill,2.5,1.91,1.8,2025-03-14T11:55:22Z,2025-03-14,3edd10cad800548f381accce9ade4480_2.5
3edd10cad800548f381accce9ade4480,Jeonbuk Hyundai Motors,Pohang Steelers,2025-03-16T07:30:00Z,soccer_korea_kleague1,K League 1,bovada,2.5,1.87,1.87,2025-03-14T11:55:20Z,2025-03-14,3edd10cad800548f381accce9ade4480_2.5
3edd10cad800548f381accce9ade4480,Jeonbuk Hyundai Motors,Pohang Steelers,2025-03-16T07:30:00Z,soccer_korea_kleague1,K League 1,tipico_de,2.5,1.85,1.83,2025-03-14T11:55:22Z,2025-03-14,3edd10cad800548f381accce9ade4480_2.5
3edd10cad800548f381accce9ade4480,Jeonbuk Hyundai Motors,Pohang Steelers,2025-03-16T07:30:00Z,soccer_korea_kleague1,K League 1,unibet_eu,2.5,1.83,1.85,2025-03-14T11:55:21Z,2025-03-14,3edd10cad800548f381accce9ade4480_2.5
3edd10cad800548f381accce9ade4480,Jeonbuk Hyundai Motors,Pohang Steelers,2025-03-16T07:30:00Z,soccer_korea_kleague1,K League 1,unibet,2.5,1.83,1.86,2025-03-14T11:55:22Z,2025-03-14,3edd10cad800548f381accce9ade4480_2.5
3edd10cad800548f381accce9ade4480,Jeonbuk Hyundai Motors,Pohang Steelers,2025-03-16T07:30:00Z,soccer_korea_kleague1,K League 1,betrivers,2.5,1.83,1.85,2025-03-14T11:55:21Z,2025-03-14,3edd10cad800548f381accce9ade4480_2.5
3edd10cad800548f381accce9ade4480,Jeonbuk Hyundai Motors,Pohang Steelers,2025-03-16T07:30:00Z,soccer_korea_kleague1,K League 1,coolbet,2.5,1.87,1.9,2025-03-14T11:55:22Z,2025-03-14,3edd10cad800548f381accce9ade4480_2.5
3edd10cad800548f381accce9ade4480,Jeonbuk Hyundai Motors,Pohang Steelers,2025-03-16T07:30:00Z,soccer_korea_kleague1,K League 1,playup,2.5,1.88,1.85,2025-03-14T11:55:22Z,2025-03-14,3edd10cad800548f381accce9ade4480_2.5
3edd10cad800548f381accce9ade4480,Jeonbuk Hyundai Motors,Pohang Steelers,2025-03-16T07:30:00Z,soccer_korea_kleague1,K League 1,lowvig,2.5,2.05,1.8,2025-03-14T11:55:20Z,2025-03-14,3edd10cad800548f381accce9ade4480_2.5
3edd10cad800548f381accce9ade4480,Jeonbuk Hyundai Motors,Pohang Steelers,2025-03-16T07:30:00Z,soccer_korea_kleague1,K League 1,betonlineag,2.5,2.05,1.8,2025-03-14T11:53:49Z,2025-03-14,3edd10cad800548f381accce9ade4480_2.5
30c5aa0f2b28edcfda64e65837d41848,Western Sydney Wanderers,Melbourne Victory,2025-03-15T08:30:00Z,soccer_australia_aleague,A-League,onexbet,3.5,2.31,1.61,2025-03-14T11:54:43Z,2025-03-14,30c5aa0f2b28edcfda64e65837d41848_3.5
30c5aa0f2b28edcfda64e65837d41848,Western Sydney Wanderers,Melbourne Victory,2025-03-15T08:30:00Z,soccer_australia_aleague,A-League,betsson,3.5,2.35,1.6,2025-03-14T11:54:47Z,2025-03-14,30c5aa0f2b28edcfda64e65837d41848_3.5
30c5aa0f2b28edcfda64e65837d41848,Western Sydney Wanderers,Melbourne Victory,2025-03-15T08:30:00Z,soccer_australia_aleague,A-League,nordicbet,3.5,2.35,1.6,2025-03-14T11:54:43Z,2025-03-14,30c5aa0f2b28edcfda64e65837d41848_3.5
30c5aa0f2b28edcfda64e65837d41848,Western Sydney Wanderers,Melbourne Victory,2025-03-15T08:30:00Z,soccer_australia_aleague,A-League,bovada,3.0,1.85,1.98,2025-03-14T11:54:46Z,2025-03-14,30c5aa0f2b28edcfda64e65837d41848_3.0
30c5aa0f2b28edcfda64e65837d41848,Western Sydney Wanderers,Melbourne Victory,2025-03-15T08:30:00Z,soccer_australia_aleague,A-League,coolbet,3.0,1.88,1.97,2025-03-14T11:54:47Z,2025-03-14,30c5aa0f2b28edcfda64e65837d41848_3.0
30c5aa0f2b28edcfda64e65837d41848,Western Sydney Wanderers,Melbourne Victory,2025-03-15T08:30:00Z,soccer_australia_aleague,A-League,pinnacle,3.0,1.88,2.0,2025-03-14T11:54:43Z,2025-03-14,30c5aa0f2b28edcfda64e65837d41848_3.0
30c5aa0f2b28edcfda64e65837d41848,Western Sydney Wanderers,Melbourne Victory,2025-03-15T08:30:00Z,soccer_australia_aleague,A-League,unibet,3.5,2.32,1.55,2025-03-14T11:54:44Z,2025-03-14,30c5aa0f2b28edcfda64e65837d41848_3.5
30c5aa0f2b28edcfda64e65837d41848,Western Sydney Wanderers,Melbourne Victory,2025-03-15T08:30:00Z,soccer_australia_aleague,A-League,unibet_eu,3.5,2.32,1.55,2025-03-14T11:54:43Z,2025-03-14,30c5aa0f2b28edcfda64e65837d41848_3.5
30c5aa0f2b28edcfda64e65837d41848,Western Sydney Wanderers,Melbourne Victory,2025-03-15T08:30:00Z,soccer_australia_aleague,A-League,williamhill,2.5,1.53,2.4,2025-03-14T11:54:43Z,2025-03-14,30c5aa0f2b28edcfda64e65837d41848_2.5
30c5aa0f2b28edcfda64e65837d41848,Western Sydney Wanderers,Melbourne Victory,2025-03-15T08:30:00Z,soccer_australia_aleague,A-League,betus,3.0,1.88,1.87,2025-03-14T11:54:43Z,2025-03-14,30c5aa0f2b28edcfda64e65837d41848_3.0
30c5aa0f2b28edcfda64e65837d41848,Western Sydney Wanderers,Melbourne Victory,2025-03-15T08:30:00Z,soccer_australia_aleague,A-League,lowvig,3.0,1.86,1.96,2025-03-14T11:54:42Z,2025-03-14,30c5aa0f2b28edcfda64e65837d41848_3.0
30c5aa0f2b28edcfda64e65837d41848,Western Sydney Wanderers,Melbourne Victory,2025-03-15T08:30:00Z,soccer_australia_aleague,A-League,betonlineag,3.0,1.86,1.96,2025-03-14T11:53:11Z,2025-03-14,30c5aa0f2b28edcfda64e65837d41848_3.0
7c2bf373461961a26ea3d3e0c601f97c,Perth Glory,Brisbane Roar,2025-03-15T10:45:00Z,soccer_australia_aleague,A-League,onexbet,2.5,1.61,2.31,2025-03-14T11:54:43Z,2025-03-14,7c2bf373461961a26ea3d3e0c601f97c_2.5
7c2bf373461961a26ea3d3e0c601f97c,Perth Glory,Brisbane Roar,2025-03-15T10:45:00Z,soccer_australia_aleague,A-League,betsson,2.5,1.57,2.35,2025-03-14T11:54:47Z,2025-03-14,7c2bf373461961a26ea3d3e0c601f97c_2.5
7c2bf373461961a26ea3d3e0c601f97c,Perth Glory,Brisbane Roar,2025-03-15T10:45:00Z,soccer_australia_aleague,A-League,nordicbet,2.5,1.57,2.35,2025-03-14T11:54:43Z,2025-03-14,7c2bf373461961a26ea3d3e0c601f97c_2.5
7c2bf373461961a26ea3d3e0c601f97c,Perth Glory,Brisbane Roar,2025-03-15T10:45:00Z,soccer_australia_aleague,A-League,bovada,3.0,1.98,1.85,2025-03-14T11:54:46Z,2025-03-14,7c2bf373461961a26ea3d3e0c601f97c_3.0
7c2bf373461961a26ea3d3e0c601f97c,Perth Glory,Brisbane Roar,2025-03-15T10:45:00Z,soccer_australia_aleague,A-League,pinnacle,3.0,1.99,1.88,2025-03-14T11:54:43Z,2025-03-14,7c2bf373461961a26ea3d3e0c601f97c_3.0
7c2bf373461961a26ea3d3e0c601f97c,Perth Glory,Brisbane Roar,2025-03-15T10:45:00Z,soccer_australia_aleague,A-League,coolbet,3.0,1.97,1.88,2025-03-14T11:54:47Z,2025-03-14,7c2bf373461961a26ea3d3e0c601f97c_3.0
7c2bf373461961a26ea3d3e0c601f97c,Perth Glory,Brisbane Roar,2025-03-15T10:45:00Z,soccer_australia_aleague,A-League,unibet,3.5,2.65,1.44,2025-03-14T11:54:44Z,2025-03-14,7c2bf373461961a26ea3d3e0c601f97c_3.5
7c2bf373461961a26ea3d3e0c601f97c,Perth Glory,Brisbane Roar,2025-03-15T10:45:00Z,soccer_australia_aleague,A-League,unibet_eu,3.5,2.65,1.43,2025-03-14T11:54:43Z,2025-03-14,7c2bf373461961a26ea3d3e0c601f97c_3.5
7c2bf373461961a26ea3d3e0c601f97c,Perth Glory,Brisbane Roar,2025-03-15T10:45:00Z,soccer_australia_aleague,A-League,williamhill,2.5,1.62,2.2,2025-03-14T11:54:43Z,2025-03-14,7c2bf373461961a26ea3d3e0c601f97c_2.5
7c2bf373461961a26ea3d3e0c601f97c,Perth Glory,Brisbane Roar,2025-03-15T10:45:00Z,soccer_australia_aleague,A-League,betus,3.0,1.87,1.88,2025-03-14T11:54:43Z,2025-03-14,7c2bf373461961a26ea3d3e0c601f97c_3.0
7c2bf373461961a26ea3d3e0c601f97c,Perth Glory,Brisbane Roar,2025-03-15T10:45:00Z,soccer_australia_aleague,A-League,lowvig,3.0,1.96,1.86,2025-03-14T11:54:42Z,2025-03-14,7c2bf373461961a26ea3d3e0c601f97c_3.0
7c2bf373461961a26ea3d3e0c601f97c,Perth Glory,Brisbane Roar,2025-03-15T10:45:00Z,soccer_australia_aleague,A-League,betonlineag,3.0,1.96,1.86,2025-03-14T11:53:11Z,2025-03-14,7c2bf373461961a26ea3d3e0c601f97c_3.0
66db0bba769e3c9de52180fd86ed8270,Auckland FC,Central Coast Mariners,2025-03-16T04:00:00Z,soccer_australia_aleague,A-League,onexbet,2.5,1.58,2.17,2025-03-14T11:54:43Z,2025-03-14,66db0bba769e3c9de52180fd86ed8270_2.5
66db0bba769e3c9de52180fd86ed8270,Auckland FC,Central Coast Mariners,2025-03-16T04:00:00Z,soccer_australia_aleague,A-League,betsson,2.5,1.66,2.2,2025-03-14T11:54:47Z,2025-03-14,66db0bba769e3c9de52180fd86ed8270_2.5
66db0bba769e3c9de52180fd86ed8270,Auckland FC,Central Coast Mariners,2025-03-16T04:00:00Z,soccer_australia_aleague,A-League,nordicbet,2.5,1.66,2.2,2025-03-14T11:54:43Z,2025-03-14,66db0bba769e3c9de52180fd86ed8270_2.5
66db0bba769e3c9de52180fd86ed8270,Auckland FC,Central Coast Mariners,2025-03-16T04:00:00Z,soccer_australia_aleague,A-League,bovada,2.75,1.82,2.02,2025-03-14T11:54:46Z,2025-03-14,66db0bba769e3c9de52180fd86ed8270_2.75
66db0bba769e3c9de52180fd86ed8270,Auckland FC,Central Coast Mariners,2025-03-16T04:00:00Z,soccer_australia_aleague,A-League,unibet,2.5,1.56,2.3,2025-03-14T11:54:44Z,2025-03-14,66db0bba769e3c9de52180fd86ed8270_2.5
66db0bba769e3c9de52180fd86ed8270,Auckland FC,Central Coast Mariners,2025-03-16T04:00:00Z,soccer_australia_aleague,A-League,unibet_eu,2.5,1.56,2.3,2025-03-14T11:54:43Z,2025-03-14,66db0bba769e3c9de52180fd86ed8270_2.5
66db0bba769e3c9de52180fd86ed8270,Auckland FC,Central Coast Mariners,2025-03-16T04:00:00Z,soccer_australia_aleague,A-League,coolbet,3.0,2.07,1.79,2025-03-14T11:54:47Z,2025-03-14,66db0bba769e3c9de52180fd86ed8270_3.0
66db0bba769e3c9de52180fd86ed8270,Auckland FC,Central Coast Mariners,2025-03-16T04:00:00Z,soccer_australia_aleague,A-League,pinnacle,2.75,1.83,2.01,2025-03-14T11:54:43Z,2025-03-14,66db0bba769e3c9de52180fd86ed8270_2.75
66db0bba769e3c9de52180fd86ed8270,Auckland FC,Central Coast Mariners,2025-03-16T04:00:00Z,soccer_australia_aleague,A-League,williamhill,2.5,1.62,2.25,2025-03-14T11:54:43Z,2025-03-14,66db0bba769e3c9de52180fd86ed8270_2.5
66db0bba769e3c9de52180fd86ed8270,Auckland FC,Central Coast Mariners,2025-03-16T04:00:00Z,soccer_australia_aleague,A-League,lowvig,2.75,1.83,2.0,2025-03-14T11:54:42Z,2025-03-14,66db0bba769e3c9de52180fd86ed8270_2.75
66db0bba769e3c9de52180fd86ed8270,Auckland FC,Central Coast Mariners,2025-03-16T04:00:00Z,soccer_australia_aleague,A-League,betonlineag,2.75,1.83,2.0,2025-03-14T11:53:11Z,2025-03-14,66db0bba769e3c9de52180fd86ed8270_2.75
66db0bba769e3c9de52180fd86ed8270,Auckland FC,Central Coast Mariners,2025-03-16T04:00:00Z,soccer_australia_aleague,A-League,betus,2.75,1.83,1.91,2025-03-14T11:54:43Z,2025-03-14,66db0bba769e3c9de52180fd86ed8270_2.75
66db0bba769e3c9de52180fd86ed8270,Auckland FC,Central Coast Mariners,2025-03-16T04:00:00Z,soccer_australia_aleague,A-League,matchbook,2.5,1.68,2.28,2025-03-14T11:54:43Z,2025-03-14,66db0bba769e3c9de52180fd86ed8270_2.5
8e138d2d607279bf276867d721634e6d,Newcastle Jets FC,Western United FC,2025-03-16T06:00:00Z,soccer_australia_aleague,A-League,onexbet,3.5,2.18,1.68,2025-03-14T11:54:43Z,2025-03-14,8e138d2d607279bf276867d721634e6d_3.5
8e138d2d607279bf276867d721634e6d,Newcastle Jets FC,Western United FC,2025-03-16T06:00:00Z,soccer_australia_aleague,A-League,betsson,3.5,2.2,1.68,2025-03-14T11:54:47Z,2025-03-14,8e138d2d607279bf276867d721634e6d_3.5
8e138d2d607279bf276867d721634e6d,Newcastle Jets FC,Western United FC,2025-03-16T06:00:00Z,soccer_australia_aleague,A-League,nordicbet,3.5,2.2,1.68,2025-03-14T11:54:43Z,2025-03-14,8e138d2d607279bf276867d721634e6d_3.5
8e138d2d607279bf276867d721634e6d,Newcastle Jets FC,Western United FC,2025-03-16T06:00:00Z,soccer_australia_aleague,A-League,bovada,3.25,1.95,1.87,2025-03-14T11:54:46Z,2025-03-14,8e138d2d607279bf276867d721634e6d_3.25
8e138d2d607279bf276867d721634e6d,Newcastle Jets FC,Western United FC,2025-03-16T06:00:00Z,soccer_australia_aleague,A-League,unibet,3.5,2.17,1.62,2025-03-14T11:54:44Z,2025-03-14,8e138d2d607279bf276867d721634e6d_3.5
8e138d2d607279bf276867d721634e6d,Newcastle Jets FC,Western United FC,2025-03-16T06:00:00Z,soccer_australia_aleague,A-League,unibet_eu,3.5,2.17,1.62,2025-03-14T11:54:43Z,2025-03-14,8e138d2d607279bf276867d721634e6d_3.5
8e138d2d607279bf276867d721634e6d,Newcastle Jets FC,Western United FC,2025-03-16T06:00:00Z,soccer_australia_aleague,A-League,coolbet,3.0,1.76,2.12,2025-03-14T11:54:47Z,2025-03-14,8e138d2d607279bf276867d721634e6d_3.0
8e138d2d607279bf276867d721634e6d,Newcastle Jets FC,Western United FC,2025-03-16T06:00:00Z,soccer_australia_aleague,A-League,williamhill,2.5,1.44,2.5,2025-03-14T11:54:43Z,2025-03-14,8e138d2d607279bf276867d721634e6d_2.5
8e138d2d607279bf276867d721634e6d,Newcastle Jets FC,Western United FC,2025-03-16T06:00:00Z,soccer_australia_aleague,A-League,betus,3.25,1.87,1.87,2025-03-14T11:54:43Z,2025-03-14,8e138d2d607279bf276867d721634e6d_3.25
8e138d2d607279bf276867d721634e6d,Newcastle Jets FC,Western United FC,2025-03-16T06:00:00Z,soccer_australia_aleague,A-League,pinnacle,3.25,1.97,1.86,2025-03-14T11:54:43Z,2025-03-14,8e138d2d607279bf276867d721634e6d_3.25
8e138d2d607279bf276867d721634e6d,Newcastle Jets FC,Western United FC,2025-03-16T06:00:00Z,soccer_australia_aleague,A-League,betonlineag,3.25,1.91,1.91,2025-03-14T11:53:11Z,2025-03-14,8e138d2d607279bf276867d721634e6d_3.25
8e138d2d607279bf276867d721634e6d,Newcastle Jets FC,Western United FC,2025-03-16T06:00:00Z,soccer_australia_aleague,A-League,lowvig,3.25,1.91,1.91,2025-03-14T11:54:42Z,2025-03-14,8e138d2d607279bf276867d721634e6d_3.25
ac104c7d71681e3abfd38620a5292fea,Sydney FC,Wellington Phoenix FC,2025-03-16T08:00:00Z,soccer_australia_aleague,A-League,onexbet,3.5,2.15,1.7,2025-03-14T11:54:43Z,2025-03-14,ac104c7d71681e3abfd38620a5292fea_3.5
ac104c7d71681e3abfd38620a5292fea,Sydney FC,Wellington Phoenix FC,2025-03-16T08:00:00Z,soccer_australia_aleague,A-League,nordicbet,3.5,2.15,1.68,2025-03-14T11:54:43Z,2025-03-14,ac104c7d71681e3abfd38620a5292fea_3.5
ac104c7d71681e3abfd38620a5292fea,Sydney FC,Wellington Phoenix FC,2025-03-16T08:00:00Z,soccer_australia_aleague,A-League,betsson,3.5,2.15,1.68,2025-03-14T11:54:47Z,2025-03-14,ac104c7d71681e3abfd38620a5292fea_3.5
ac104c7d71681e3abfd38620a5292fea,Sydney FC,Wellington Phoenix FC,2025-03-16T08:00:00Z,soccer_australia_aleague,A-League,bovada,3.25,1.93,1.89,2025-03-14T11:54:46Z,2025-03-14,ac104c7d71681e3abfd38620a5292fea_3.25
ac104c7d71681e3abfd38620a5292fea,Sydney FC,Wellington Phoenix FC,2025-03-16T08:00:00Z,soccer_australia_aleague,A-League,pinnacle,3.25,1.95,1.88,2025-03-14T11:54:43Z,2025-03-14,ac104c7d71681e3abfd38620a5292fea_3.25
ac104c7d71681e3abfd38620a5292fea,Sydney FC,Wellington Phoenix FC,2025-03-16T08:00:00Z,soccer_australia_aleague,A-League,unibet,3.5,2.1,1.67,2025-03-14T11:54:44Z,2025-03-14,ac104c7d71681e3abfd38620a5292fea_3.5
ac104c7d71681e3abfd38620a5292fea,Sydney FC,Wellington Phoenix FC,2025-03-16T08:00:00Z,soccer_australia_aleague,A-League,unibet_eu,3.5,2.1,1.67,2025-03-14T11:54:43Z,2025-03-14,ac104c7d71681e3abfd38620a5292fea_3.5
ac104c7d71681e3abfd38620a5292fea,Sydney FC,Wellington Phoenix FC,2025-03-16T08:00:00Z,soccer_australia_aleague,A-League,coolbet,3.5,2.17,1.73,2025-03-14T11:54:47Z,2025-03-14,ac104c7d71681e3abfd38620a5292fea_3.5
ac104c7d71681e3abfd38620a5292fea,Sydney FC,Wellington Phoenix FC,2025-03-16T08:00:00Z,soccer_australia_aleague,A-League,williamhill,2.5,1.44,2.62,2025-03-14T11:54:43Z,2025-03-14,ac104c7d71681e3abfd38620a5292fea_2.5
ac104c7d71681e3abfd38620a5292fea,Sydney FC,Wellington Phoenix FC,2025-03-16T08:00:00Z,soccer_australia_aleague,A-League,betus,3.25,1.87,1.88,2025-03-14T11:54:43Z,2025-03-14,ac104c7d71681e3abfd38620a5292fea_3.25
ac104c7d71681e3abfd38620a5292fea,Sydney FC,Wellington Phoenix FC,2025-03-16T08:00:00Z,soccer_australia_aleague,A-League,lowvig,3.25,1.87,1.95,2025-03-14T11:54:42Z,2025-03-14,ac104c7d71681e3abfd38620a5292fea_3.25
ac104c7d71681e3abfd38620a5292fea,Sydney FC,Wellington Phoenix FC,2025-03-16T08:00:00Z,soccer_australia_aleague,A-League,betonlineag,3.25,1.87,1.95,2025-03-14T11:53:11Z,2025-03-14,ac104c7d71681e3abfd38620a5292fea_3.25
ac104c7d71681e3abfd38620a5292fea,Sydney FC,Wellington Phoenix FC,2025-03-16T08:00:00Z,soccer_australia_aleague,A-League,matchbook,3.5,2.2,1.74,2025-03-14T11:54:43Z,2025-03-14,ac104c7d71681e3abfd38620a5292fea_3.5
