match_id,home_team,away_team,commence_time,sport_key,league_name,bookmaker,line,over_odds,under_odds,last_update,snapshot_date,market_key
198f5332b39bc3c4db0235ddbaa1adcf,Burgos CF,Almería,2025-03-21T19:30:00Z,soccer_spain_segunda_division,La Liga 2,betsson,2.5,2.45,1.51,2025-03-21T11:55:18Z,2025-03-21,198f5332b39bc3c4db0235ddbaa1adcf_2.5
198f5332b39bc3c4db0235ddbaa1adcf,Burgos CF,Almería,2025-03-21T19:30:00Z,soccer_spain_segunda_division,La Liga 2,nordicbet,2.5,2.45,1.51,2025-03-21T11:55:18Z,2025-03-21,198f5332b39bc3c4db0235ddbaa1adcf_2.5
198f5332b39bc3c4db0235ddbaa1adcf,Burgos CF,Almería,2025-03-21T19:30:00Z,soccer_spain_segunda_division,La Liga 2,pinnacle,2.0,1.89,2.0,2025-03-21T11:55:17Z,2025-03-21,198f5332b39bc3c4db0235ddbaa1adcf_2.0
198f5332b39bc3c4db0235ddbaa1adcf,Burgos CF,Almería,2025-03-21T19:30:00Z,soccer_spain_segunda_division,La Liga 2,onexbet,2.5,2.5,1.53,2025-03-21T11:55:17Z,2025-03-21,198f5332b39bc3c4db0235ddbaa1adcf_2.5
198f5332b39bc3c4db0235ddbaa1adcf,Burgos CF,Almería,2025-03-21T19:30:00Z,soccer_spain_segunda_division,La Liga 2,bovada,2.0,1.87,1.95,2025-03-21T11:55:17Z,2025-03-21,198f5332b39bc3c4db0235ddbaa1adcf_2.0
198f5332b39bc3c4db0235ddbaa1adcf,Burgos CF,Almería,2025-03-21T19:30:00Z,soccer_spain_segunda_division,La Liga 2,betus,2.0,1.9,1.87,2025-03-21T11:55:18Z,2025-03-21,198f5332b39bc3c4db0235ddbaa1adcf_2.0
198f5332b39bc3c4db0235ddbaa1adcf,Burgos CF,Almería,2025-03-21T19:30:00Z,soccer_spain_segunda_division,La Liga 2,unibet,2.5,2.45,1.49,2025-03-21T11:55:17Z,2025-03-21,198f5332b39bc3c4db0235ddbaa1adcf_2.5
198f5332b39bc3c4db0235ddbaa1adcf,Burgos CF,Almería,2025-03-21T19:30:00Z,soccer_spain_segunda_division,La Liga 2,unibet_eu,2.5,2.45,1.49,2025-03-21T11:55:18Z,2025-03-21,198f5332b39bc3c4db0235ddbaa1adcf_2.5
198f5332b39bc3c4db0235ddbaa1adcf,Burgos CF,Almería,2025-03-21T19:30:00Z,soccer_spain_segunda_division,La Liga 2,tipico_de,2.5,2.4,1.5,2025-03-21T11:55:19Z,2025-03-21,198f5332b39bc3c4db0235ddbaa1adcf_2.5
198f5332b39bc3c4db0235ddbaa1adcf,Burgos CF,Almería,2025-03-21T19:30:00Z,soccer_spain_segunda_division,La Liga 2,williamhill,2.5,2.5,1.5,2025-03-21T11:55:19Z,2025-03-21,198f5332b39bc3c4db0235ddbaa1adcf_2.5
198f5332b39bc3c4db0235ddbaa1adcf,Burgos CF,Almería,2025-03-21T19:30:00Z,soccer_spain_segunda_division,La Liga 2,coolbet,2.0,1.87,1.9,2025-03-21T11:55:20Z,2025-03-21,198f5332b39bc3c4db0235ddbaa1adcf_2.0
198f5332b39bc3c4db0235ddbaa1adcf,Burgos CF,Almería,2025-03-21T19:30:00Z,soccer_spain_segunda_division,La Liga 2,betonlineag,2.0,1.91,1.91,2025-03-21T11:55:17Z,2025-03-21,198f5332b39bc3c4db0235ddbaa1adcf_2.0
198f5332b39bc3c4db0235ddbaa1adcf,Burgos CF,Almería,2025-03-21T19:30:00Z,soccer_spain_segunda_division,La Liga 2,lowvig,2.0,1.91,1.91,2025-03-21T11:55:17Z,2025-03-21,198f5332b39bc3c4db0235ddbaa1adcf_2.0
198f5332b39bc3c4db0235ddbaa1adcf,Burgos CF,Almería,2025-03-21T19:30:00Z,soccer_spain_segunda_division,La Liga 2,matchbook,2.5,2.6,1.61,2025-03-21T11:55:17Z,2025-03-21,198f5332b39bc3c4db0235ddbaa1adcf_2.5
198f5332b39bc3c4db0235ddbaa1adcf,Burgos CF,Almería,2025-03-21T19:30:00Z,soccer_spain_segunda_division,La Liga 2,betanysports,2.0,1.87,1.95,2025-03-21T11:55:18Z,2025-03-21,198f5332b39bc3c4db0235ddbaa1adcf_2.0
c373e2e3c2f32c150b13621c216475b3,Elche,CD Eldense,2025-03-22T15:15:00Z,soccer_spain_segunda_division,La Liga 2,pinnacle,2.25,1.9,1.95,2025-03-21T11:55:17Z,2025-03-21,c373e2e3c2f32c150b13621c216475b3_2.25
c373e2e3c2f32c150b13621c216475b3,Elche,CD Eldense,2025-03-22T15:15:00Z,soccer_spain_segunda_division,La Liga 2,nordicbet,2.5,2.1,1.69,2025-03-21T11:55:18Z,2025-03-21,c373e2e3c2f32c150b13621c216475b3_2.5
c373e2e3c2f32c150b13621c216475b3,Elche,CD Eldense,2025-03-22T15:15:00Z,soccer_spain_segunda_division,La Liga 2,betsson,2.5,2.1,1.69,2025-03-21T11:55:18Z,2025-03-21,c373e2e3c2f32c150b13621c216475b3_2.5
c373e2e3c2f32c150b13621c216475b3,Elche,CD Eldense,2025-03-22T15:15:00Z,soccer_spain_segunda_division,La Liga 2,onexbet,2.5,2.15,1.7,2025-03-21T11:55:17Z,2025-03-21,c373e2e3c2f32c150b13621c216475b3_2.5
c373e2e3c2f32c150b13621c216475b3,Elche,CD Eldense,2025-03-22T15:15:00Z,soccer_spain_segunda_division,La Liga 2,tipico_de,2.5,2.0,1.7,2025-03-21T11:55:19Z,2025-03-21,c373e2e3c2f32c150b13621c216475b3_2.5
c373e2e3c2f32c150b13621c216475b3,Elche,CD Eldense,2025-03-22T15:15:00Z,soccer_spain_segunda_division,La Liga 2,williamhill,2.5,2.1,1.67,2025-03-21T11:55:19Z,2025-03-21,c373e2e3c2f32c150b13621c216475b3_2.5
c373e2e3c2f32c150b13621c216475b3,Elche,CD Eldense,2025-03-22T15:15:00Z,soccer_spain_segunda_division,La Liga 2,unibet_eu,2.5,2.04,1.68,2025-03-21T11:55:18Z,2025-03-21,c373e2e3c2f32c150b13621c216475b3_2.5
c373e2e3c2f32c150b13621c216475b3,Elche,CD Eldense,2025-03-22T15:15:00Z,soccer_spain_segunda_division,La Liga 2,unibet,2.5,2.04,1.68,2025-03-21T11:55:17Z,2025-03-21,c373e2e3c2f32c150b13621c216475b3_2.5
c373e2e3c2f32c150b13621c216475b3,Elche,CD Eldense,2025-03-22T15:15:00Z,soccer_spain_segunda_division,La Liga 2,bovada,2.25,1.87,1.95,2025-03-21T11:55:17Z,2025-03-21,c373e2e3c2f32c150b13621c216475b3_2.25
c373e2e3c2f32c150b13621c216475b3,Elche,CD Eldense,2025-03-22T15:15:00Z,soccer_spain_segunda_division,La Liga 2,betus,2.25,1.9,1.87,2025-03-21T11:55:18Z,2025-03-21,c373e2e3c2f32c150b13621c216475b3_2.25
c373e2e3c2f32c150b13621c216475b3,Elche,CD Eldense,2025-03-22T15:15:00Z,soccer_spain_segunda_division,La Liga 2,coolbet,2.5,2.12,1.7,2025-03-21T11:55:20Z,2025-03-21,c373e2e3c2f32c150b13621c216475b3_2.5
c373e2e3c2f32c150b13621c216475b3,Elche,CD Eldense,2025-03-22T15:15:00Z,soccer_spain_segunda_division,La Liga 2,betanysports,2.25,1.87,1.95,2025-03-21T11:55:18Z,2025-03-21,c373e2e3c2f32c150b13621c216475b3_2.25
c373e2e3c2f32c150b13621c216475b3,Elche,CD Eldense,2025-03-22T15:15:00Z,soccer_spain_segunda_division,La Liga 2,lowvig,2.25,1.9,1.92,2025-03-21T11:55:17Z,2025-03-21,c373e2e3c2f32c150b13621c216475b3_2.25
c373e2e3c2f32c150b13621c216475b3,Elche,CD Eldense,2025-03-22T15:15:00Z,soccer_spain_segunda_division,La Liga 2,betonlineag,2.25,1.9,1.92,2025-03-21T11:55:17Z,2025-03-21,c373e2e3c2f32c150b13621c216475b3_2.25
c373e2e3c2f32c150b13621c216475b3,Elche,CD Eldense,2025-03-22T15:15:00Z,soccer_spain_segunda_division,La Liga 2,matchbook,2.5,2.16,1.7,2025-03-21T11:55:17Z,2025-03-21,c373e2e3c2f32c150b13621c216475b3_2.5
214243803dc00cb6c393965f5ce2924a,CD Mirandés,Real Racing Club de Santander,2025-03-22T17:30:00Z,soccer_spain_segunda_division,La Liga 2,pinnacle,2.25,1.93,1.92,2025-03-21T11:55:17Z,2025-03-21,214243803dc00cb6c393965f5ce2924a_2.25
214243803dc00cb6c393965f5ce2924a,CD Mirandés,Real Racing Club de Santander,2025-03-22T17:30:00Z,soccer_spain_segunda_division,La Liga 2,onexbet,2.5,2.18,1.68,2025-03-21T11:55:17Z,2025-03-21,214243803dc00cb6c393965f5ce2924a_2.5
214243803dc00cb6c393965f5ce2924a,CD Mirandés,Real Racing Club de Santander,2025-03-22T17:30:00Z,soccer_spain_segunda_division,La Liga 2,nordicbet,2.5,2.15,1.65,2025-03-21T11:55:18Z,2025-03-21,214243803dc00cb6c393965f5ce2924a_2.5
214243803dc00cb6c393965f5ce2924a,CD Mirandés,Real Racing Club de Santander,2025-03-22T17:30:00Z,soccer_spain_segunda_division,La Liga 2,betsson,2.5,2.15,1.65,2025-03-21T11:55:18Z,2025-03-21,214243803dc00cb6c393965f5ce2924a_2.5
214243803dc00cb6c393965f5ce2924a,CD Mirandés,Real Racing Club de Santander,2025-03-22T17:30:00Z,soccer_spain_segunda_division,La Liga 2,tipico_de,2.5,2.05,1.67,2025-03-21T11:55:19Z,2025-03-21,214243803dc00cb6c393965f5ce2924a_2.5
214243803dc00cb6c393965f5ce2924a,CD Mirandés,Real Racing Club de Santander,2025-03-22T17:30:00Z,soccer_spain_segunda_division,La Liga 2,williamhill,2.5,2.15,1.67,2025-03-21T11:55:19Z,2025-03-21,214243803dc00cb6c393965f5ce2924a_2.5
214243803dc00cb6c393965f5ce2924a,CD Mirandés,Real Racing Club de Santander,2025-03-22T17:30:00Z,soccer_spain_segunda_division,La Liga 2,unibet,2.5,2.12,1.64,2025-03-21T11:55:17Z,2025-03-21,214243803dc00cb6c393965f5ce2924a_2.5
214243803dc00cb6c393965f5ce2924a,CD Mirandés,Real Racing Club de Santander,2025-03-22T17:30:00Z,soccer_spain_segunda_division,La Liga 2,unibet_eu,2.5,2.12,1.64,2025-03-21T11:55:18Z,2025-03-21,214243803dc00cb6c393965f5ce2924a_2.5
214243803dc00cb6c393965f5ce2924a,CD Mirandés,Real Racing Club de Santander,2025-03-22T17:30:00Z,soccer_spain_segunda_division,La Liga 2,bovada,2.25,1.93,1.89,2025-03-21T11:55:17Z,2025-03-21,214243803dc00cb6c393965f5ce2924a_2.25
214243803dc00cb6c393965f5ce2924a,CD Mirandés,Real Racing Club de Santander,2025-03-22T17:30:00Z,soccer_spain_segunda_division,La Liga 2,betus,2.25,1.87,1.92,2025-03-21T11:55:18Z,2025-03-21,214243803dc00cb6c393965f5ce2924a_2.25
214243803dc00cb6c393965f5ce2924a,CD Mirandés,Real Racing Club de Santander,2025-03-22T17:30:00Z,soccer_spain_segunda_division,La Liga 2,coolbet,2.5,2.19,1.66,2025-03-21T11:55:20Z,2025-03-21,214243803dc00cb6c393965f5ce2924a_2.5
214243803dc00cb6c393965f5ce2924a,CD Mirandés,Real Racing Club de Santander,2025-03-22T17:30:00Z,soccer_spain_segunda_division,La Liga 2,betanysports,2.25,1.93,1.89,2025-03-21T11:55:18Z,2025-03-21,214243803dc00cb6c393965f5ce2924a_2.25
214243803dc00cb6c393965f5ce2924a,CD Mirandés,Real Racing Club de Santander,2025-03-22T17:30:00Z,soccer_spain_segunda_division,La Liga 2,lowvig,2.25,1.95,1.87,2025-03-21T11:55:17Z,2025-03-21,214243803dc00cb6c393965f5ce2924a_2.25
214243803dc00cb6c393965f5ce2924a,CD Mirandés,Real Racing Club de Santander,2025-03-22T17:30:00Z,soccer_spain_segunda_division,La Liga 2,betonlineag,2.25,1.95,1.87,2025-03-21T11:55:17Z,2025-03-21,214243803dc00cb6c393965f5ce2924a_2.25
214243803dc00cb6c393965f5ce2924a,CD Mirandés,Real Racing Club de Santander,2025-03-22T17:30:00Z,soccer_spain_segunda_division,La Liga 2,matchbook,2.5,2.18,1.68,2025-03-21T11:55:17Z,2025-03-21,214243803dc00cb6c393965f5ce2924a_2.5
20522b2998c2ee7ee45378fb26a6c5d7,Málaga,Racing de Ferrol,2025-03-22T17:30:00Z,soccer_spain_segunda_division,La Liga 2,betsson,1.5,1.51,2.46,2025-03-21T11:55:18Z,2025-03-21,20522b2998c2ee7ee45378fb26a6c5d7_1.5
20522b2998c2ee7ee45378fb26a6c5d7,Málaga,Racing de Ferrol,2025-03-22T17:30:00Z,soccer_spain_segunda_division,La Liga 2,nordicbet,1.5,1.51,2.46,2025-03-21T11:55:18Z,2025-03-21,20522b2998c2ee7ee45378fb26a6c5d7_1.5
20522b2998c2ee7ee45378fb26a6c5d7,Málaga,Racing de Ferrol,2025-03-22T17:30:00Z,soccer_spain_segunda_division,La Liga 2,pinnacle,2.0,1.93,1.92,2025-03-21T11:55:17Z,2025-03-21,20522b2998c2ee7ee45378fb26a6c5d7_2.0
20522b2998c2ee7ee45378fb26a6c5d7,Málaga,Racing de Ferrol,2025-03-22T17:30:00Z,soccer_spain_segunda_division,La Liga 2,onexbet,1.5,1.47,2.42,2025-03-21T11:55:17Z,2025-03-21,20522b2998c2ee7ee45378fb26a6c5d7_1.5
20522b2998c2ee7ee45378fb26a6c5d7,Málaga,Racing de Ferrol,2025-03-22T17:30:00Z,soccer_spain_segunda_division,La Liga 2,unibet,2.5,2.65,1.42,2025-03-21T11:55:17Z,2025-03-21,20522b2998c2ee7ee45378fb26a6c5d7_2.5
20522b2998c2ee7ee45378fb26a6c5d7,Málaga,Racing de Ferrol,2025-03-22T17:30:00Z,soccer_spain_segunda_division,La Liga 2,unibet_eu,2.5,2.65,1.42,2025-03-21T11:55:18Z,2025-03-21,20522b2998c2ee7ee45378fb26a6c5d7_2.5
20522b2998c2ee7ee45378fb26a6c5d7,Málaga,Racing de Ferrol,2025-03-22T17:30:00Z,soccer_spain_segunda_division,La Liga 2,tipico_de,2.5,2.45,1.47,2025-03-21T11:55:19Z,2025-03-21,20522b2998c2ee7ee45378fb26a6c5d7_2.5
20522b2998c2ee7ee45378fb26a6c5d7,Málaga,Racing de Ferrol,2025-03-22T17:30:00Z,soccer_spain_segunda_division,La Liga 2,williamhill,2.5,2.45,1.5,2025-03-21T11:55:19Z,2025-03-21,20522b2998c2ee7ee45378fb26a6c5d7_2.5
20522b2998c2ee7ee45378fb26a6c5d7,Málaga,Racing de Ferrol,2025-03-22T17:30:00Z,soccer_spain_segunda_division,La Liga 2,bovada,2.0,1.95,1.87,2025-03-21T11:55:17Z,2025-03-21,20522b2998c2ee7ee45378fb26a6c5d7_2.0
20522b2998c2ee7ee45378fb26a6c5d7,Málaga,Racing de Ferrol,2025-03-22T17:30:00Z,soccer_spain_segunda_division,La Liga 2,betus,2.0,1.87,1.92,2025-03-21T11:55:18Z,2025-03-21,20522b2998c2ee7ee45378fb26a6c5d7_2.0
20522b2998c2ee7ee45378fb26a6c5d7,Málaga,Racing de Ferrol,2025-03-22T17:30:00Z,soccer_spain_segunda_division,La Liga 2,coolbet,2.0,1.93,1.85,2025-03-21T11:55:20Z,2025-03-21,20522b2998c2ee7ee45378fb26a6c5d7_2.0
20522b2998c2ee7ee45378fb26a6c5d7,Málaga,Racing de Ferrol,2025-03-22T17:30:00Z,soccer_spain_segunda_division,La Liga 2,betanysports,2.0,1.95,1.87,2025-03-21T11:55:18Z,2025-03-21,20522b2998c2ee7ee45378fb26a6c5d7_2.0
20522b2998c2ee7ee45378fb26a6c5d7,Málaga,Racing de Ferrol,2025-03-22T17:30:00Z,soccer_spain_segunda_division,La Liga 2,betonlineag,2.0,1.95,1.87,2025-03-21T11:55:17Z,2025-03-21,20522b2998c2ee7ee45378fb26a6c5d7_2.0
20522b2998c2ee7ee45378fb26a6c5d7,Málaga,Racing de Ferrol,2025-03-22T17:30:00Z,soccer_spain_segunda_division,La Liga 2,lowvig,2.0,1.95,1.87,2025-03-21T11:55:17Z,2025-03-21,20522b2998c2ee7ee45378fb26a6c5d7_2.0
e99a5abb5b3dbec1169fcc09961cdebf,Granada CF,Oviedo,2025-03-22T20:00:00Z,soccer_spain_segunda_division,La Liga 2,pinnacle,2.0,2.01,1.85,2025-03-21T11:55:17Z,2025-03-21,e99a5abb5b3dbec1169fcc09961cdebf_2.0
e99a5abb5b3dbec1169fcc09961cdebf,Granada CF,Oviedo,2025-03-22T20:00:00Z,soccer_spain_segunda_division,La Liga 2,nordicbet,1.5,1.51,2.45,2025-03-21T11:55:18Z,2025-03-21,e99a5abb5b3dbec1169fcc09961cdebf_1.5
e99a5abb5b3dbec1169fcc09961cdebf,Granada CF,Oviedo,2025-03-22T20:00:00Z,soccer_spain_segunda_division,La Liga 2,betsson,1.5,1.51,2.45,2025-03-21T11:55:18Z,2025-03-21,e99a5abb5b3dbec1169fcc09961cdebf_1.5
e99a5abb5b3dbec1169fcc09961cdebf,Granada CF,Oviedo,2025-03-22T20:00:00Z,soccer_spain_segunda_division,La Liga 2,onexbet,1.5,1.48,2.39,2025-03-21T11:55:17Z,2025-03-21,e99a5abb5b3dbec1169fcc09961cdebf_1.5
e99a5abb5b3dbec1169fcc09961cdebf,Granada CF,Oviedo,2025-03-22T20:00:00Z,soccer_spain_segunda_division,La Liga 2,tipico_de,2.5,2.5,1.45,2025-03-21T11:55:19Z,2025-03-21,e99a5abb5b3dbec1169fcc09961cdebf_2.5
e99a5abb5b3dbec1169fcc09961cdebf,Granada CF,Oviedo,2025-03-22T20:00:00Z,soccer_spain_segunda_division,La Liga 2,unibet,2.5,2.65,1.42,2025-03-21T11:55:17Z,2025-03-21,e99a5abb5b3dbec1169fcc09961cdebf_2.5
e99a5abb5b3dbec1169fcc09961cdebf,Granada CF,Oviedo,2025-03-22T20:00:00Z,soccer_spain_segunda_division,La Liga 2,unibet_eu,2.5,2.65,1.42,2025-03-21T11:55:18Z,2025-03-21,e99a5abb5b3dbec1169fcc09961cdebf_2.5
e99a5abb5b3dbec1169fcc09961cdebf,Granada CF,Oviedo,2025-03-22T20:00:00Z,soccer_spain_segunda_division,La Liga 2,bovada,2.0,1.95,1.87,2025-03-21T11:55:17Z,2025-03-21,e99a5abb5b3dbec1169fcc09961cdebf_2.0
e99a5abb5b3dbec1169fcc09961cdebf,Granada CF,Oviedo,2025-03-22T20:00:00Z,soccer_spain_segunda_division,La Liga 2,betus,2.0,1.89,1.85,2025-03-21T11:55:18Z,2025-03-21,e99a5abb5b3dbec1169fcc09961cdebf_2.0
e99a5abb5b3dbec1169fcc09961cdebf,Granada CF,Oviedo,2025-03-22T20:00:00Z,soccer_spain_segunda_division,La Liga 2,williamhill,2.5,2.5,1.44,2025-03-21T11:55:19Z,2025-03-21,e99a5abb5b3dbec1169fcc09961cdebf_2.5
e99a5abb5b3dbec1169fcc09961cdebf,Granada CF,Oviedo,2025-03-22T20:00:00Z,soccer_spain_segunda_division,La Liga 2,coolbet,2.0,1.93,1.88,2025-03-21T11:55:20Z,2025-03-21,e99a5abb5b3dbec1169fcc09961cdebf_2.0
e99a5abb5b3dbec1169fcc09961cdebf,Granada CF,Oviedo,2025-03-22T20:00:00Z,soccer_spain_segunda_division,La Liga 2,betanysports,2.0,1.95,1.87,2025-03-21T11:55:18Z,2025-03-21,e99a5abb5b3dbec1169fcc09961cdebf_2.0
e99a5abb5b3dbec1169fcc09961cdebf,Granada CF,Oviedo,2025-03-22T20:00:00Z,soccer_spain_segunda_division,La Liga 2,betonlineag,2.0,1.97,1.85,2025-03-21T11:55:17Z,2025-03-21,e99a5abb5b3dbec1169fcc09961cdebf_2.0
e99a5abb5b3dbec1169fcc09961cdebf,Granada CF,Oviedo,2025-03-22T20:00:00Z,soccer_spain_segunda_division,La Liga 2,lowvig,2.0,1.97,1.85,2025-03-21T11:55:17Z,2025-03-21,e99a5abb5b3dbec1169fcc09961cdebf_2.0
11096c013c57c15bade52283eaae6894,Levante,CD Castellón,2025-03-23T13:00:00Z,soccer_spain_segunda_division,La Liga 2,unibet,2.5,1.66,2.08,2025-03-21T11:55:17Z,2025-03-21,11096c013c57c15bade52283eaae6894_2.5
11096c013c57c15bade52283eaae6894,Levante,CD Castellón,2025-03-23T13:00:00Z,soccer_spain_segunda_division,La Liga 2,unibet_eu,2.5,1.66,2.08,2025-03-21T11:55:18Z,2025-03-21,11096c013c57c15bade52283eaae6894_2.5
11096c013c57c15bade52283eaae6894,Levante,CD Castellón,2025-03-23T13:00:00Z,soccer_spain_segunda_division,La Liga 2,nordicbet,2.5,1.7,2.08,2025-03-21T11:55:18Z,2025-03-21,11096c013c57c15bade52283eaae6894_2.5
11096c013c57c15bade52283eaae6894,Levante,CD Castellón,2025-03-23T13:00:00Z,soccer_spain_segunda_division,La Liga 2,betsson,2.5,1.7,2.08,2025-03-21T11:55:18Z,2025-03-21,11096c013c57c15bade52283eaae6894_2.5
11096c013c57c15bade52283eaae6894,Levante,CD Castellón,2025-03-23T13:00:00Z,soccer_spain_segunda_division,La Liga 2,onexbet,2.5,1.75,2.07,2025-03-21T11:55:17Z,2025-03-21,11096c013c57c15bade52283eaae6894_2.5
11096c013c57c15bade52283eaae6894,Levante,CD Castellón,2025-03-23T13:00:00Z,soccer_spain_segunda_division,La Liga 2,pinnacle,2.75,1.97,1.87,2025-03-21T11:55:17Z,2025-03-21,11096c013c57c15bade52283eaae6894_2.75
11096c013c57c15bade52283eaae6894,Levante,CD Castellón,2025-03-23T13:00:00Z,soccer_spain_segunda_division,La Liga 2,williamhill,2.5,1.7,2.1,2025-03-21T11:55:19Z,2025-03-21,11096c013c57c15bade52283eaae6894_2.5
11096c013c57c15bade52283eaae6894,Levante,CD Castellón,2025-03-23T13:00:00Z,soccer_spain_segunda_division,La Liga 2,bovada,2.75,1.91,1.91,2025-03-21T11:55:17Z,2025-03-21,11096c013c57c15bade52283eaae6894_2.75
11096c013c57c15bade52283eaae6894,Levante,CD Castellón,2025-03-23T13:00:00Z,soccer_spain_segunda_division,La Liga 2,betus,2.75,1.88,1.86,2025-03-21T11:55:18Z,2025-03-21,11096c013c57c15bade52283eaae6894_2.75
11096c013c57c15bade52283eaae6894,Levante,CD Castellón,2025-03-23T13:00:00Z,soccer_spain_segunda_division,La Liga 2,tipico_de,2.5,1.67,2.05,2025-03-21T11:55:19Z,2025-03-21,11096c013c57c15bade52283eaae6894_2.5
11096c013c57c15bade52283eaae6894,Levante,CD Castellón,2025-03-23T13:00:00Z,soccer_spain_segunda_division,La Liga 2,coolbet,2.5,1.73,2.11,2025-03-21T11:55:20Z,2025-03-21,11096c013c57c15bade52283eaae6894_2.5
11096c013c57c15bade52283eaae6894,Levante,CD Castellón,2025-03-23T13:00:00Z,soccer_spain_segunda_division,La Liga 2,lowvig,2.75,1.91,1.91,2025-03-21T11:55:17Z,2025-03-21,11096c013c57c15bade52283eaae6894_2.75
11096c013c57c15bade52283eaae6894,Levante,CD Castellón,2025-03-23T13:00:00Z,soccer_spain_segunda_division,La Liga 2,betonlineag,2.75,1.91,1.91,2025-03-21T11:55:17Z,2025-03-21,11096c013c57c15bade52283eaae6894_2.75
11096c013c57c15bade52283eaae6894,Levante,CD Castellón,2025-03-23T13:00:00Z,soccer_spain_segunda_division,La Liga 2,betanysports,2.75,1.91,1.91,2025-03-21T11:55:18Z,2025-03-21,11096c013c57c15bade52283eaae6894_2.75
a958c39677b991736ae166622cdc9c34,Barnsley,Cambridge United,2025-03-22T15:00:00Z,soccer_england_league1,League One,pinnacle,2.75,1.95,1.88,2025-03-21T11:54:36Z,2025-03-21,a958c39677b991736ae166622cdc9c34_2.75
a958c39677b991736ae166622cdc9c34,Barnsley,Cambridge United,2025-03-22T15:00:00Z,soccer_england_league1,League One,onexbet,2.5,1.74,2.09,2025-03-21T11:54:36Z,2025-03-21,a958c39677b991736ae166622cdc9c34_2.5
a958c39677b991736ae166622cdc9c34,Barnsley,Cambridge United,2025-03-22T15:00:00Z,soccer_england_league1,League One,bovada,2.75,1.89,1.85,2025-03-21T11:54:36Z,2025-03-21,a958c39677b991736ae166622cdc9c34_2.75
a958c39677b991736ae166622cdc9c34,Barnsley,Cambridge United,2025-03-22T15:00:00Z,soccer_england_league1,League One,williamhill,2.5,1.73,2.05,2025-03-21T11:54:38Z,2025-03-21,a958c39677b991736ae166622cdc9c34_2.5
a958c39677b991736ae166622cdc9c34,Barnsley,Cambridge United,2025-03-22T15:00:00Z,soccer_england_league1,League One,betus,2.75,1.87,1.88,2025-03-21T11:54:37Z,2025-03-21,a958c39677b991736ae166622cdc9c34_2.75
a958c39677b991736ae166622cdc9c34,Barnsley,Cambridge United,2025-03-22T15:00:00Z,soccer_england_league1,League One,tipico_de,2.5,1.7,2.0,2025-03-21T11:54:39Z,2025-03-21,a958c39677b991736ae166622cdc9c34_2.5
a958c39677b991736ae166622cdc9c34,Barnsley,Cambridge United,2025-03-22T15:00:00Z,soccer_england_league1,League One,unibet_eu,2.5,1.68,2.08,2025-03-21T11:54:37Z,2025-03-21,a958c39677b991736ae166622cdc9c34_2.5
a958c39677b991736ae166622cdc9c34,Barnsley,Cambridge United,2025-03-22T15:00:00Z,soccer_england_league1,League One,betrivers,2.5,1.68,2.08,2025-03-21T11:54:36Z,2025-03-21,a958c39677b991736ae166622cdc9c34_2.5
a958c39677b991736ae166622cdc9c34,Barnsley,Cambridge United,2025-03-22T15:00:00Z,soccer_england_league1,League One,unibet,2.5,1.68,2.08,2025-03-21T11:54:37Z,2025-03-21,a958c39677b991736ae166622cdc9c34_2.5
a958c39677b991736ae166622cdc9c34,Barnsley,Cambridge United,2025-03-22T15:00:00Z,soccer_england_league1,League One,betsson,2.5,1.72,2.1,2025-03-21T11:54:37Z,2025-03-21,a958c39677b991736ae166622cdc9c34_2.5
a958c39677b991736ae166622cdc9c34,Barnsley,Cambridge United,2025-03-22T15:00:00Z,soccer_england_league1,League One,nordicbet,2.5,1.72,2.1,2025-03-21T11:54:36Z,2025-03-21,a958c39677b991736ae166622cdc9c34_2.5
a958c39677b991736ae166622cdc9c34,Barnsley,Cambridge United,2025-03-22T15:00:00Z,soccer_england_league1,League One,coolbet,2.5,1.7,2.08,2025-03-21T11:54:37Z,2025-03-21,a958c39677b991736ae166622cdc9c34_2.5
a958c39677b991736ae166622cdc9c34,Barnsley,Cambridge United,2025-03-22T15:00:00Z,soccer_england_league1,League One,playup,2.5,1.7,2.08,2025-03-21T11:54:37Z,2025-03-21,a958c39677b991736ae166622cdc9c34_2.5
a958c39677b991736ae166622cdc9c34,Barnsley,Cambridge United,2025-03-22T15:00:00Z,soccer_england_league1,League One,matchbook,2.5,1.73,1.92,2025-03-21T11:54:36Z,2025-03-21,a958c39677b991736ae166622cdc9c34_2.5
a958c39677b991736ae166622cdc9c34,Barnsley,Cambridge United,2025-03-22T15:00:00Z,soccer_england_league1,League One,lowvig,2.75,1.96,1.86,2025-03-21T11:54:36Z,2025-03-21,a958c39677b991736ae166622cdc9c34_2.75
a958c39677b991736ae166622cdc9c34,Barnsley,Cambridge United,2025-03-22T15:00:00Z,soccer_england_league1,League One,betonlineag,2.75,1.96,1.86,2025-03-21T11:54:36Z,2025-03-21,a958c39677b991736ae166622cdc9c34_2.75
28ad1af42d45030bf30fdb4fa5842fd6,Northampton Town,Blackpool,2025-03-22T15:00:00Z,soccer_england_league1,League One,pinnacle,2.25,1.86,1.97,2025-03-21T11:54:36Z,2025-03-21,28ad1af42d45030bf30fdb4fa5842fd6_2.25
28ad1af42d45030bf30fdb4fa5842fd6,Northampton Town,Blackpool,2025-03-22T15:00:00Z,soccer_england_league1,League One,onexbet,2.5,2.11,1.73,2025-03-21T11:54:36Z,2025-03-21,28ad1af42d45030bf30fdb4fa5842fd6_2.5
28ad1af42d45030bf30fdb4fa5842fd6,Northampton Town,Blackpool,2025-03-22T15:00:00Z,soccer_england_league1,League One,bovada,2.25,1.8,1.95,2025-03-21T11:54:36Z,2025-03-21,28ad1af42d45030bf30fdb4fa5842fd6_2.25
28ad1af42d45030bf30fdb4fa5842fd6,Northampton Town,Blackpool,2025-03-22T15:00:00Z,soccer_england_league1,League One,williamhill,2.5,2.0,1.75,2025-03-21T11:54:38Z,2025-03-21,28ad1af42d45030bf30fdb4fa5842fd6_2.5
28ad1af42d45030bf30fdb4fa5842fd6,Northampton Town,Blackpool,2025-03-22T15:00:00Z,soccer_england_league1,League One,betus,2.25,1.86,1.88,2025-03-21T11:54:37Z,2025-03-21,28ad1af42d45030bf30fdb4fa5842fd6_2.25
28ad1af42d45030bf30fdb4fa5842fd6,Northampton Town,Blackpool,2025-03-22T15:00:00Z,soccer_england_league1,League One,tipico_de,2.5,2.05,1.67,2025-03-21T11:54:39Z,2025-03-21,28ad1af42d45030bf30fdb4fa5842fd6_2.5
28ad1af42d45030bf30fdb4fa5842fd6,Northampton Town,Blackpool,2025-03-22T15:00:00Z,soccer_england_league1,League One,unibet_eu,2.5,2.0,1.74,2025-03-21T11:54:37Z,2025-03-21,28ad1af42d45030bf30fdb4fa5842fd6_2.5
28ad1af42d45030bf30fdb4fa5842fd6,Northampton Town,Blackpool,2025-03-22T15:00:00Z,soccer_england_league1,League One,betrivers,2.5,2.0,1.74,2025-03-21T11:54:36Z,2025-03-21,28ad1af42d45030bf30fdb4fa5842fd6_2.5
28ad1af42d45030bf30fdb4fa5842fd6,Northampton Town,Blackpool,2025-03-22T15:00:00Z,soccer_england_league1,League One,unibet,2.5,2.0,1.74,2025-03-21T11:54:37Z,2025-03-21,28ad1af42d45030bf30fdb4fa5842fd6_2.5
28ad1af42d45030bf30fdb4fa5842fd6,Northampton Town,Blackpool,2025-03-22T15:00:00Z,soccer_england_league1,League One,betsson,2.5,2.1,1.72,2025-03-21T11:54:37Z,2025-03-21,28ad1af42d45030bf30fdb4fa5842fd6_2.5
28ad1af42d45030bf30fdb4fa5842fd6,Northampton Town,Blackpool,2025-03-22T15:00:00Z,soccer_england_league1,League One,nordicbet,2.5,2.1,1.72,2025-03-21T11:54:36Z,2025-03-21,28ad1af42d45030bf30fdb4fa5842fd6_2.5
28ad1af42d45030bf30fdb4fa5842fd6,Northampton Town,Blackpool,2025-03-22T15:00:00Z,soccer_england_league1,League One,coolbet,2.5,2.02,1.74,2025-03-21T11:54:37Z,2025-03-21,28ad1af42d45030bf30fdb4fa5842fd6_2.5
28ad1af42d45030bf30fdb4fa5842fd6,Northampton Town,Blackpool,2025-03-22T15:00:00Z,soccer_england_league1,League One,playup,2.5,2.08,1.7,2025-03-21T11:54:37Z,2025-03-21,28ad1af42d45030bf30fdb4fa5842fd6_2.5
28ad1af42d45030bf30fdb4fa5842fd6,Northampton Town,Blackpool,2025-03-22T15:00:00Z,soccer_england_league1,League One,matchbook,2.5,1.95,1.71,2025-03-21T11:54:36Z,2025-03-21,28ad1af42d45030bf30fdb4fa5842fd6_2.5
28ad1af42d45030bf30fdb4fa5842fd6,Northampton Town,Blackpool,2025-03-22T15:00:00Z,soccer_england_league1,League One,lowvig,2.25,1.86,1.96,2025-03-21T11:54:36Z,2025-03-21,28ad1af42d45030bf30fdb4fa5842fd6_2.25
28ad1af42d45030bf30fdb4fa5842fd6,Northampton Town,Blackpool,2025-03-22T15:00:00Z,soccer_england_league1,League One,betonlineag,2.25,1.86,1.96,2025-03-21T11:54:36Z,2025-03-21,28ad1af42d45030bf30fdb4fa5842fd6_2.25
629d28932bcf7a90427c894fedf72da0,Crawley Town,Bristol Rovers,2025-03-22T15:00:00Z,soccer_england_league1,League One,pinnacle,2.5,1.86,1.97,2025-03-21T11:54:36Z,2025-03-21,629d28932bcf7a90427c894fedf72da0_2.5
629d28932bcf7a90427c894fedf72da0,Crawley Town,Bristol Rovers,2025-03-22T15:00:00Z,soccer_england_league1,League One,onexbet,2.5,1.84,1.96,2025-03-21T11:54:36Z,2025-03-21,629d28932bcf7a90427c894fedf72da0_2.5
629d28932bcf7a90427c894fedf72da0,Crawley Town,Bristol Rovers,2025-03-22T15:00:00Z,soccer_england_league1,League One,bovada,2.5,1.8,1.95,2025-03-21T11:54:36Z,2025-03-21,629d28932bcf7a90427c894fedf72da0_2.5
629d28932bcf7a90427c894fedf72da0,Crawley Town,Bristol Rovers,2025-03-22T15:00:00Z,soccer_england_league1,League One,williamhill,2.5,1.83,1.91,2025-03-21T11:54:38Z,2025-03-21,629d28932bcf7a90427c894fedf72da0_2.5
629d28932bcf7a90427c894fedf72da0,Crawley Town,Bristol Rovers,2025-03-22T15:00:00Z,soccer_england_league1,League One,betus,2.5,1.86,1.88,2025-03-21T11:54:37Z,2025-03-21,629d28932bcf7a90427c894fedf72da0_2.5
629d28932bcf7a90427c894fedf72da0,Crawley Town,Bristol Rovers,2025-03-22T15:00:00Z,soccer_england_league1,League One,tipico_de,2.5,1.75,1.93,2025-03-21T11:54:39Z,2025-03-21,629d28932bcf7a90427c894fedf72da0_2.5
629d28932bcf7a90427c894fedf72da0,Crawley Town,Bristol Rovers,2025-03-22T15:00:00Z,soccer_england_league1,League One,unibet_eu,2.5,1.75,2.0,2025-03-21T11:54:37Z,2025-03-21,629d28932bcf7a90427c894fedf72da0_2.5
629d28932bcf7a90427c894fedf72da0,Crawley Town,Bristol Rovers,2025-03-22T15:00:00Z,soccer_england_league1,League One,betrivers,2.5,1.75,2.0,2025-03-21T11:54:36Z,2025-03-21,629d28932bcf7a90427c894fedf72da0_2.5
629d28932bcf7a90427c894fedf72da0,Crawley Town,Bristol Rovers,2025-03-22T15:00:00Z,soccer_england_league1,League One,unibet,2.5,1.75,2.0,2025-03-21T11:54:37Z,2025-03-21,629d28932bcf7a90427c894fedf72da0_2.5
629d28932bcf7a90427c894fedf72da0,Crawley Town,Bristol Rovers,2025-03-22T15:00:00Z,soccer_england_league1,League One,nordicbet,2.5,1.83,1.95,2025-03-21T11:54:36Z,2025-03-21,629d28932bcf7a90427c894fedf72da0_2.5
629d28932bcf7a90427c894fedf72da0,Crawley Town,Bristol Rovers,2025-03-22T15:00:00Z,soccer_england_league1,League One,coolbet,2.5,1.8,1.94,2025-03-21T11:54:37Z,2025-03-21,629d28932bcf7a90427c894fedf72da0_2.5
629d28932bcf7a90427c894fedf72da0,Crawley Town,Bristol Rovers,2025-03-22T15:00:00Z,soccer_england_league1,League One,playup,2.5,1.82,1.92,2025-03-21T11:54:37Z,2025-03-21,629d28932bcf7a90427c894fedf72da0_2.5
629d28932bcf7a90427c894fedf72da0,Crawley Town,Bristol Rovers,2025-03-22T15:00:00Z,soccer_england_league1,League One,matchbook,2.5,1.86,1.98,2025-03-21T11:54:36Z,2025-03-21,629d28932bcf7a90427c894fedf72da0_2.5
629d28932bcf7a90427c894fedf72da0,Crawley Town,Bristol Rovers,2025-03-22T15:00:00Z,soccer_england_league1,League One,betonlineag,2.5,1.82,2.02,2025-03-21T11:54:36Z,2025-03-21,629d28932bcf7a90427c894fedf72da0_2.5
629d28932bcf7a90427c894fedf72da0,Crawley Town,Bristol Rovers,2025-03-22T15:00:00Z,soccer_england_league1,League One,lowvig,2.5,1.82,2.02,2025-03-21T11:54:36Z,2025-03-21,629d28932bcf7a90427c894fedf72da0_2.5
af288cd7297f1d09b6f3376b8680c06d,Peterborough United,Charlton Athletic,2025-03-22T15:00:00Z,soccer_england_league1,League One,pinnacle,2.5,1.89,1.94,2025-03-21T11:54:36Z,2025-03-21,af288cd7297f1d09b6f3376b8680c06d_2.5
af288cd7297f1d09b6f3376b8680c06d,Peterborough United,Charlton Athletic,2025-03-22T15:00:00Z,soccer_england_league1,League One,onexbet,2.5,1.87,1.93,2025-03-21T11:54:36Z,2025-03-21,af288cd7297f1d09b6f3376b8680c06d_2.5
af288cd7297f1d09b6f3376b8680c06d,Peterborough United,Charlton Athletic,2025-03-22T15:00:00Z,soccer_england_league1,League One,bovada,2.5,1.82,1.93,2025-03-21T11:54:36Z,2025-03-21,af288cd7297f1d09b6f3376b8680c06d_2.5
af288cd7297f1d09b6f3376b8680c06d,Peterborough United,Charlton Athletic,2025-03-22T15:00:00Z,soccer_england_league1,League One,williamhill,2.5,1.83,1.91,2025-03-21T11:54:38Z,2025-03-21,af288cd7297f1d09b6f3376b8680c06d_2.5
af288cd7297f1d09b6f3376b8680c06d,Peterborough United,Charlton Athletic,2025-03-22T15:00:00Z,soccer_england_league1,League One,betus,2.5,1.89,1.87,2025-03-21T11:54:37Z,2025-03-21,af288cd7297f1d09b6f3376b8680c06d_2.5
af288cd7297f1d09b6f3376b8680c06d,Peterborough United,Charlton Athletic,2025-03-22T15:00:00Z,soccer_england_league1,League One,tipico_de,2.5,1.75,1.93,2025-03-21T11:54:39Z,2025-03-21,af288cd7297f1d09b6f3376b8680c06d_2.5
af288cd7297f1d09b6f3376b8680c06d,Peterborough United,Charlton Athletic,2025-03-22T15:00:00Z,soccer_england_league1,League One,unibet_eu,2.5,1.82,1.89,2025-03-21T11:54:37Z,2025-03-21,af288cd7297f1d09b6f3376b8680c06d_2.5
af288cd7297f1d09b6f3376b8680c06d,Peterborough United,Charlton Athletic,2025-03-22T15:00:00Z,soccer_england_league1,League One,betrivers,2.5,1.82,1.89,2025-03-21T11:54:36Z,2025-03-21,af288cd7297f1d09b6f3376b8680c06d_2.5
af288cd7297f1d09b6f3376b8680c06d,Peterborough United,Charlton Athletic,2025-03-22T15:00:00Z,soccer_england_league1,League One,unibet,2.5,1.82,1.9,2025-03-21T11:54:37Z,2025-03-21,af288cd7297f1d09b6f3376b8680c06d_2.5
af288cd7297f1d09b6f3376b8680c06d,Peterborough United,Charlton Athletic,2025-03-22T15:00:00Z,soccer_england_league1,League One,betsson,2.5,1.87,1.9,2025-03-21T11:54:37Z,2025-03-21,af288cd7297f1d09b6f3376b8680c06d_2.5
af288cd7297f1d09b6f3376b8680c06d,Peterborough United,Charlton Athletic,2025-03-22T15:00:00Z,soccer_england_league1,League One,nordicbet,2.5,1.87,1.9,2025-03-21T11:54:36Z,2025-03-21,af288cd7297f1d09b6f3376b8680c06d_2.5
af288cd7297f1d09b6f3376b8680c06d,Peterborough United,Charlton Athletic,2025-03-22T15:00:00Z,soccer_england_league1,League One,coolbet,2.5,1.8,1.94,2025-03-21T11:54:37Z,2025-03-21,af288cd7297f1d09b6f3376b8680c06d_2.5
af288cd7297f1d09b6f3376b8680c06d,Peterborough United,Charlton Athletic,2025-03-22T15:00:00Z,soccer_england_league1,League One,playup,2.5,1.85,1.88,2025-03-21T11:54:37Z,2025-03-21,af288cd7297f1d09b6f3376b8680c06d_2.5
af288cd7297f1d09b6f3376b8680c06d,Peterborough United,Charlton Athletic,2025-03-22T15:00:00Z,soccer_england_league1,League One,matchbook,2.5,1.88,1.97,2025-03-21T11:54:36Z,2025-03-21,af288cd7297f1d09b6f3376b8680c06d_2.5
af288cd7297f1d09b6f3376b8680c06d,Peterborough United,Charlton Athletic,2025-03-22T15:00:00Z,soccer_england_league1,League One,lowvig,2.5,1.84,1.99,2025-03-21T11:54:36Z,2025-03-21,af288cd7297f1d09b6f3376b8680c06d_2.5
af288cd7297f1d09b6f3376b8680c06d,Peterborough United,Charlton Athletic,2025-03-22T15:00:00Z,soccer_england_league1,League One,betonlineag,2.5,1.84,1.99,2025-03-21T11:54:36Z,2025-03-21,af288cd7297f1d09b6f3376b8680c06d_2.5
f7f6fdb0306342465dffa0111b4840c6,Lincoln City,Exeter City,2025-03-22T15:00:00Z,soccer_england_league1,League One,onexbet,2.5,2.23,1.65,2025-03-21T11:54:36Z,2025-03-21,f7f6fdb0306342465dffa0111b4840c6_2.5
f7f6fdb0306342465dffa0111b4840c6,Lincoln City,Exeter City,2025-03-22T15:00:00Z,soccer_england_league1,League One,pinnacle,2.25,1.96,1.88,2025-03-21T11:54:36Z,2025-03-21,f7f6fdb0306342465dffa0111b4840c6_2.25
f7f6fdb0306342465dffa0111b4840c6,Lincoln City,Exeter City,2025-03-22T15:00:00Z,soccer_england_league1,League One,bovada,2.25,1.91,1.83,2025-03-21T11:54:36Z,2025-03-21,f7f6fdb0306342465dffa0111b4840c6_2.25
f7f6fdb0306342465dffa0111b4840c6,Lincoln City,Exeter City,2025-03-22T15:00:00Z,soccer_england_league1,League One,williamhill,2.5,2.2,1.62,2025-03-21T11:54:38Z,2025-03-21,f7f6fdb0306342465dffa0111b4840c6_2.5
f7f6fdb0306342465dffa0111b4840c6,Lincoln City,Exeter City,2025-03-22T15:00:00Z,soccer_england_league1,League One,betus,2.25,1.87,1.88,2025-03-21T11:54:37Z,2025-03-21,f7f6fdb0306342465dffa0111b4840c6_2.25
f7f6fdb0306342465dffa0111b4840c6,Lincoln City,Exeter City,2025-03-22T15:00:00Z,soccer_england_league1,League One,tipico_de,2.5,2.15,1.62,2025-03-21T11:54:39Z,2025-03-21,f7f6fdb0306342465dffa0111b4840c6_2.5
f7f6fdb0306342465dffa0111b4840c6,Lincoln City,Exeter City,2025-03-22T15:00:00Z,soccer_england_league1,League One,unibet_eu,2.5,2.17,1.62,2025-03-21T11:54:37Z,2025-03-21,f7f6fdb0306342465dffa0111b4840c6_2.5
f7f6fdb0306342465dffa0111b4840c6,Lincoln City,Exeter City,2025-03-22T15:00:00Z,soccer_england_league1,League One,betrivers,2.5,2.17,1.62,2025-03-21T11:54:36Z,2025-03-21,f7f6fdb0306342465dffa0111b4840c6_2.5
f7f6fdb0306342465dffa0111b4840c6,Lincoln City,Exeter City,2025-03-22T15:00:00Z,soccer_england_league1,League One,unibet,2.5,2.17,1.62,2025-03-21T11:54:37Z,2025-03-21,f7f6fdb0306342465dffa0111b4840c6_2.5
f7f6fdb0306342465dffa0111b4840c6,Lincoln City,Exeter City,2025-03-22T15:00:00Z,soccer_england_league1,League One,betsson,2.5,2.2,1.65,2025-03-21T11:54:37Z,2025-03-21,f7f6fdb0306342465dffa0111b4840c6_2.5
f7f6fdb0306342465dffa0111b4840c6,Lincoln City,Exeter City,2025-03-22T15:00:00Z,soccer_england_league1,League One,nordicbet,2.5,2.2,1.65,2025-03-21T11:54:36Z,2025-03-21,f7f6fdb0306342465dffa0111b4840c6_2.5
f7f6fdb0306342465dffa0111b4840c6,Lincoln City,Exeter City,2025-03-22T15:00:00Z,soccer_england_league1,League One,coolbet,2.5,2.17,1.64,2025-03-21T11:54:37Z,2025-03-21,f7f6fdb0306342465dffa0111b4840c6_2.5
f7f6fdb0306342465dffa0111b4840c6,Lincoln City,Exeter City,2025-03-22T15:00:00Z,soccer_england_league1,League One,playup,2.5,2.2,1.63,2025-03-21T11:54:37Z,2025-03-21,f7f6fdb0306342465dffa0111b4840c6_2.5
f7f6fdb0306342465dffa0111b4840c6,Lincoln City,Exeter City,2025-03-22T15:00:00Z,soccer_england_league1,League One,lowvig,2.25,2.02,1.82,2025-03-21T11:54:36Z,2025-03-21,f7f6fdb0306342465dffa0111b4840c6_2.25
f7f6fdb0306342465dffa0111b4840c6,Lincoln City,Exeter City,2025-03-22T15:00:00Z,soccer_england_league1,League One,betonlineag,2.25,2.02,1.82,2025-03-21T11:54:36Z,2025-03-21,f7f6fdb0306342465dffa0111b4840c6_2.25
d40ab2de64f2fe7c24c27eb1c72b9a61,Wrexham AFC,Stockport County FC,2025-03-22T15:00:00Z,soccer_england_league1,League One,onexbet,2.5,2.52,1.52,2025-03-21T11:54:36Z,2025-03-21,d40ab2de64f2fe7c24c27eb1c72b9a61_2.5
d40ab2de64f2fe7c24c27eb1c72b9a61,Wrexham AFC,Stockport County FC,2025-03-22T15:00:00Z,soccer_england_league1,League One,pinnacle,2.0,1.88,1.95,2025-03-21T11:54:36Z,2025-03-21,d40ab2de64f2fe7c24c27eb1c72b9a61_2.0
d40ab2de64f2fe7c24c27eb1c72b9a61,Wrexham AFC,Stockport County FC,2025-03-22T15:00:00Z,soccer_england_league1,League One,bovada,2.0,1.85,1.89,2025-03-21T11:54:36Z,2025-03-21,d40ab2de64f2fe7c24c27eb1c72b9a61_2.0
d40ab2de64f2fe7c24c27eb1c72b9a61,Wrexham AFC,Stockport County FC,2025-03-22T15:00:00Z,soccer_england_league1,League One,williamhill,2.5,2.5,1.44,2025-03-21T11:54:38Z,2025-03-21,d40ab2de64f2fe7c24c27eb1c72b9a61_2.5
d40ab2de64f2fe7c24c27eb1c72b9a61,Wrexham AFC,Stockport County FC,2025-03-22T15:00:00Z,soccer_england_league1,League One,betus,2.0,1.88,1.87,2025-03-21T11:54:37Z,2025-03-21,d40ab2de64f2fe7c24c27eb1c72b9a61_2.0
d40ab2de64f2fe7c24c27eb1c72b9a61,Wrexham AFC,Stockport County FC,2025-03-22T15:00:00Z,soccer_england_league1,League One,tipico_de,2.5,2.45,1.47,2025-03-21T11:54:39Z,2025-03-21,d40ab2de64f2fe7c24c27eb1c72b9a61_2.5
d40ab2de64f2fe7c24c27eb1c72b9a61,Wrexham AFC,Stockport County FC,2025-03-22T15:00:00Z,soccer_england_league1,League One,unibet_eu,2.5,2.5,1.48,2025-03-21T11:54:37Z,2025-03-21,d40ab2de64f2fe7c24c27eb1c72b9a61_2.5
d40ab2de64f2fe7c24c27eb1c72b9a61,Wrexham AFC,Stockport County FC,2025-03-22T15:00:00Z,soccer_england_league1,League One,betrivers,2.5,2.5,1.48,2025-03-21T11:54:36Z,2025-03-21,d40ab2de64f2fe7c24c27eb1c72b9a61_2.5
d40ab2de64f2fe7c24c27eb1c72b9a61,Wrexham AFC,Stockport County FC,2025-03-22T15:00:00Z,soccer_england_league1,League One,unibet,2.5,2.5,1.48,2025-03-21T11:54:37Z,2025-03-21,d40ab2de64f2fe7c24c27eb1c72b9a61_2.5
d40ab2de64f2fe7c24c27eb1c72b9a61,Wrexham AFC,Stockport County FC,2025-03-22T15:00:00Z,soccer_england_league1,League One,betsson,2.5,2.45,1.53,2025-03-21T11:54:37Z,2025-03-21,d40ab2de64f2fe7c24c27eb1c72b9a61_2.5
d40ab2de64f2fe7c24c27eb1c72b9a61,Wrexham AFC,Stockport County FC,2025-03-22T15:00:00Z,soccer_england_league1,League One,nordicbet,2.5,2.45,1.53,2025-03-21T11:54:36Z,2025-03-21,d40ab2de64f2fe7c24c27eb1c72b9a61_2.5
d40ab2de64f2fe7c24c27eb1c72b9a61,Wrexham AFC,Stockport County FC,2025-03-22T15:00:00Z,soccer_england_league1,League One,coolbet,2.0,1.85,1.89,2025-03-21T11:54:37Z,2025-03-21,d40ab2de64f2fe7c24c27eb1c72b9a61_2.0
d40ab2de64f2fe7c24c27eb1c72b9a61,Wrexham AFC,Stockport County FC,2025-03-22T15:00:00Z,soccer_england_league1,League One,playup,2.5,2.45,1.52,2025-03-21T11:54:37Z,2025-03-21,d40ab2de64f2fe7c24c27eb1c72b9a61_2.5
d40ab2de64f2fe7c24c27eb1c72b9a61,Wrexham AFC,Stockport County FC,2025-03-22T15:00:00Z,soccer_england_league1,League One,matchbook,1.5,1.58,2.36,2025-03-21T11:54:36Z,2025-03-21,d40ab2de64f2fe7c24c27eb1c72b9a61_1.5
d40ab2de64f2fe7c24c27eb1c72b9a61,Wrexham AFC,Stockport County FC,2025-03-22T15:00:00Z,soccer_england_league1,League One,lowvig,2.0,1.88,1.94,2025-03-21T11:54:36Z,2025-03-21,d40ab2de64f2fe7c24c27eb1c72b9a61_2.0
d40ab2de64f2fe7c24c27eb1c72b9a61,Wrexham AFC,Stockport County FC,2025-03-22T15:00:00Z,soccer_england_league1,League One,betonlineag,2.0,1.88,1.94,2025-03-21T11:54:36Z,2025-03-21,d40ab2de64f2fe7c24c27eb1c72b9a61_2.0
ba4af2ca98fb673939b672e936ce88a3,Notts County,Crewe Alexandra,2025-03-22T12:30:00Z,soccer_england_league2,League Two,pinnacle,2.5,1.84,1.96,2025-03-21T11:54:43Z,2025-03-21,ba4af2ca98fb673939b672e936ce88a3_2.5
ba4af2ca98fb673939b672e936ce88a3,Notts County,Crewe Alexandra,2025-03-22T12:30:00Z,soccer_england_league2,League Two,onexbet,2.5,1.84,1.93,2025-03-21T11:54:43Z,2025-03-21,ba4af2ca98fb673939b672e936ce88a3_2.5
ba4af2ca98fb673939b672e936ce88a3,Notts County,Crewe Alexandra,2025-03-22T12:30:00Z,soccer_england_league2,League Two,bovada,2.5,1.85,1.89,2025-03-21T11:54:43Z,2025-03-21,ba4af2ca98fb673939b672e936ce88a3_2.5
ba4af2ca98fb673939b672e936ce88a3,Notts County,Crewe Alexandra,2025-03-22T12:30:00Z,soccer_england_league2,League Two,williamhill,2.5,1.91,1.85,2025-03-21T11:54:45Z,2025-03-21,ba4af2ca98fb673939b672e936ce88a3_2.5
ba4af2ca98fb673939b672e936ce88a3,Notts County,Crewe Alexandra,2025-03-22T12:30:00Z,soccer_england_league2,League Two,betus,2.5,1.85,1.89,2025-03-21T11:54:44Z,2025-03-21,ba4af2ca98fb673939b672e936ce88a3_2.5
ba4af2ca98fb673939b672e936ce88a3,Notts County,Crewe Alexandra,2025-03-22T12:30:00Z,soccer_england_league2,League Two,tipico_de,2.5,1.83,1.85,2025-03-21T11:54:45Z,2025-03-21,ba4af2ca98fb673939b672e936ce88a3_2.5
ba4af2ca98fb673939b672e936ce88a3,Notts County,Crewe Alexandra,2025-03-22T12:30:00Z,soccer_england_league2,League Two,nordicbet,2.5,1.83,1.95,2025-03-21T11:54:45Z,2025-03-21,ba4af2ca98fb673939b672e936ce88a3_2.5
ba4af2ca98fb673939b672e936ce88a3,Notts County,Crewe Alexandra,2025-03-22T12:30:00Z,soccer_england_league2,League Two,betsson,2.5,1.83,1.95,2025-03-21T11:54:44Z,2025-03-21,ba4af2ca98fb673939b672e936ce88a3_2.5
ba4af2ca98fb673939b672e936ce88a3,Notts County,Crewe Alexandra,2025-03-22T12:30:00Z,soccer_england_league2,League Two,playup,2.5,1.8,1.91,2025-03-21T11:54:46Z,2025-03-21,ba4af2ca98fb673939b672e936ce88a3_2.5
ba4af2ca98fb673939b672e936ce88a3,Notts County,Crewe Alexandra,2025-03-22T12:30:00Z,soccer_england_league2,League Two,coolbet,2.5,1.85,1.89,2025-03-21T11:54:45Z,2025-03-21,ba4af2ca98fb673939b672e936ce88a3_2.5
ba4af2ca98fb673939b672e936ce88a3,Notts County,Crewe Alexandra,2025-03-22T12:30:00Z,soccer_england_league2,League Two,matchbook,2.5,1.87,1.96,2025-03-21T11:54:43Z,2025-03-21,ba4af2ca98fb673939b672e936ce88a3_2.5
ba4af2ca98fb673939b672e936ce88a3,Notts County,Crewe Alexandra,2025-03-22T12:30:00Z,soccer_england_league2,League Two,betonlineag,2.5,1.82,2.02,2025-03-21T11:54:43Z,2025-03-21,ba4af2ca98fb673939b672e936ce88a3_2.5
ba4af2ca98fb673939b672e936ce88a3,Notts County,Crewe Alexandra,2025-03-22T12:30:00Z,soccer_england_league2,League Two,lowvig,2.5,1.82,2.02,2025-03-21T11:54:43Z,2025-03-21,ba4af2ca98fb673939b672e936ce88a3_2.5
ba4af2ca98fb673939b672e936ce88a3,Notts County,Crewe Alexandra,2025-03-22T12:30:00Z,soccer_england_league2,League Two,unibet_eu,2.5,1.81,1.92,2025-03-21T11:54:44Z,2025-03-21,ba4af2ca98fb673939b672e936ce88a3_2.5
ba4af2ca98fb673939b672e936ce88a3,Notts County,Crewe Alexandra,2025-03-22T12:30:00Z,soccer_england_league2,League Two,betrivers,2.5,1.81,1.92,2025-03-21T11:54:44Z,2025-03-21,ba4af2ca98fb673939b672e936ce88a3_2.5
ba4af2ca98fb673939b672e936ce88a3,Notts County,Crewe Alexandra,2025-03-22T12:30:00Z,soccer_england_league2,League Two,unibet,2.5,1.81,1.92,2025-03-21T11:54:44Z,2025-03-21,ba4af2ca98fb673939b672e936ce88a3_2.5
83b07d9e3460cf39d576ae70148f1cd1,Swindon Town,Accrington Stanley,2025-03-22T15:00:00Z,soccer_england_league2,League Two,pinnacle,2.5,1.94,1.86,2025-03-21T11:54:43Z,2025-03-21,83b07d9e3460cf39d576ae70148f1cd1_2.5
83b07d9e3460cf39d576ae70148f1cd1,Swindon Town,Accrington Stanley,2025-03-22T15:00:00Z,soccer_england_league2,League Two,onexbet,2.5,1.93,1.83,2025-03-21T11:54:43Z,2025-03-21,83b07d9e3460cf39d576ae70148f1cd1_2.5
83b07d9e3460cf39d576ae70148f1cd1,Swindon Town,Accrington Stanley,2025-03-22T15:00:00Z,soccer_england_league2,League Two,bovada,2.5,1.93,1.82,2025-03-21T11:54:43Z,2025-03-21,83b07d9e3460cf39d576ae70148f1cd1_2.5
83b07d9e3460cf39d576ae70148f1cd1,Swindon Town,Accrington Stanley,2025-03-22T15:00:00Z,soccer_england_league2,League Two,betus,2.5,1.88,1.86,2025-03-21T11:54:44Z,2025-03-21,83b07d9e3460cf39d576ae70148f1cd1_2.5
83b07d9e3460cf39d576ae70148f1cd1,Swindon Town,Accrington Stanley,2025-03-22T15:00:00Z,soccer_england_league2,League Two,williamhill,2.5,1.95,1.75,2025-03-21T11:54:45Z,2025-03-21,83b07d9e3460cf39d576ae70148f1cd1_2.5
83b07d9e3460cf39d576ae70148f1cd1,Swindon Town,Accrington Stanley,2025-03-22T15:00:00Z,soccer_england_league2,League Two,tipico_de,2.5,1.85,1.83,2025-03-21T11:54:45Z,2025-03-21,83b07d9e3460cf39d576ae70148f1cd1_2.5
83b07d9e3460cf39d576ae70148f1cd1,Swindon Town,Accrington Stanley,2025-03-22T15:00:00Z,soccer_england_league2,League Two,nordicbet,2.5,1.95,1.85,2025-03-21T11:54:45Z,2025-03-21,83b07d9e3460cf39d576ae70148f1cd1_2.5
83b07d9e3460cf39d576ae70148f1cd1,Swindon Town,Accrington Stanley,2025-03-22T15:00:00Z,soccer_england_league2,League Two,betsson,2.5,1.95,1.85,2025-03-21T11:54:44Z,2025-03-21,83b07d9e3460cf39d576ae70148f1cd1_2.5
83b07d9e3460cf39d576ae70148f1cd1,Swindon Town,Accrington Stanley,2025-03-22T15:00:00Z,soccer_england_league2,League Two,betrivers,2.5,1.82,1.89,2025-03-21T11:54:44Z,2025-03-21,83b07d9e3460cf39d576ae70148f1cd1_2.5
83b07d9e3460cf39d576ae70148f1cd1,Swindon Town,Accrington Stanley,2025-03-22T15:00:00Z,soccer_england_league2,League Two,unibet_eu,2.5,1.82,1.89,2025-03-21T11:54:44Z,2025-03-21,83b07d9e3460cf39d576ae70148f1cd1_2.5
83b07d9e3460cf39d576ae70148f1cd1,Swindon Town,Accrington Stanley,2025-03-22T15:00:00Z,soccer_england_league2,League Two,unibet,2.5,1.82,1.9,2025-03-21T11:54:44Z,2025-03-21,83b07d9e3460cf39d576ae70148f1cd1_2.5
83b07d9e3460cf39d576ae70148f1cd1,Swindon Town,Accrington Stanley,2025-03-22T15:00:00Z,soccer_england_league2,League Two,playup,2.5,1.91,1.8,2025-03-21T11:54:46Z,2025-03-21,83b07d9e3460cf39d576ae70148f1cd1_2.5
83b07d9e3460cf39d576ae70148f1cd1,Swindon Town,Accrington Stanley,2025-03-22T15:00:00Z,soccer_england_league2,League Two,coolbet,2.5,1.89,1.85,2025-03-21T11:54:45Z,2025-03-21,83b07d9e3460cf39d576ae70148f1cd1_2.5
83b07d9e3460cf39d576ae70148f1cd1,Swindon Town,Accrington Stanley,2025-03-22T15:00:00Z,soccer_england_league2,League Two,matchbook,2.5,1.99,1.87,2025-03-21T11:54:43Z,2025-03-21,83b07d9e3460cf39d576ae70148f1cd1_2.5
83b07d9e3460cf39d576ae70148f1cd1,Swindon Town,Accrington Stanley,2025-03-22T15:00:00Z,soccer_england_league2,League Two,lowvig,2.5,2.03,1.81,2025-03-21T11:54:43Z,2025-03-21,83b07d9e3460cf39d576ae70148f1cd1_2.5
83b07d9e3460cf39d576ae70148f1cd1,Swindon Town,Accrington Stanley,2025-03-22T15:00:00Z,soccer_england_league2,League Two,betonlineag,2.5,2.03,1.81,2025-03-21T11:54:43Z,2025-03-21,83b07d9e3460cf39d576ae70148f1cd1_2.5
c0d3657df65b997683fb9f51344dcd54,Wimbledon,Barrow,2025-03-22T15:00:00Z,soccer_england_league2,League Two,pinnacle,2.0,1.88,1.92,2025-03-21T11:54:43Z,2025-03-21,c0d3657df65b997683fb9f51344dcd54_2.0
c0d3657df65b997683fb9f51344dcd54,Wimbledon,Barrow,2025-03-22T15:00:00Z,soccer_england_league2,League Two,onexbet,1.5,1.5,2.52,2025-03-21T11:54:43Z,2025-03-21,c0d3657df65b997683fb9f51344dcd54_1.5
c0d3657df65b997683fb9f51344dcd54,Wimbledon,Barrow,2025-03-22T15:00:00Z,soccer_england_league2,League Two,bovada,2.0,1.91,1.83,2025-03-21T11:54:43Z,2025-03-21,c0d3657df65b997683fb9f51344dcd54_2.0
c0d3657df65b997683fb9f51344dcd54,Wimbledon,Barrow,2025-03-22T15:00:00Z,soccer_england_league2,League Two,williamhill,2.5,2.62,1.44,2025-03-21T11:54:45Z,2025-03-21,c0d3657df65b997683fb9f51344dcd54_2.5
c0d3657df65b997683fb9f51344dcd54,Wimbledon,Barrow,2025-03-22T15:00:00Z,soccer_england_league2,League Two,tipico_de,2.5,2.45,1.47,2025-03-21T11:54:45Z,2025-03-21,c0d3657df65b997683fb9f51344dcd54_2.5
c0d3657df65b997683fb9f51344dcd54,Wimbledon,Barrow,2025-03-22T15:00:00Z,soccer_england_league2,League Two,nordicbet,1.5,1.52,2.55,2025-03-21T11:54:45Z,2025-03-21,c0d3657df65b997683fb9f51344dcd54_1.5
c0d3657df65b997683fb9f51344dcd54,Wimbledon,Barrow,2025-03-22T15:00:00Z,soccer_england_league2,League Two,betsson,1.5,1.52,2.55,2025-03-21T11:54:44Z,2025-03-21,c0d3657df65b997683fb9f51344dcd54_1.5
c0d3657df65b997683fb9f51344dcd54,Wimbledon,Barrow,2025-03-22T15:00:00Z,soccer_england_league2,League Two,betrivers,2.5,2.55,1.45,2025-03-21T11:54:44Z,2025-03-21,c0d3657df65b997683fb9f51344dcd54_2.5
c0d3657df65b997683fb9f51344dcd54,Wimbledon,Barrow,2025-03-22T15:00:00Z,soccer_england_league2,League Two,unibet_eu,2.5,2.55,1.45,2025-03-21T11:54:44Z,2025-03-21,c0d3657df65b997683fb9f51344dcd54_2.5
c0d3657df65b997683fb9f51344dcd54,Wimbledon,Barrow,2025-03-22T15:00:00Z,soccer_england_league2,League Two,unibet,2.5,2.55,1.46,2025-03-21T11:54:44Z,2025-03-21,c0d3657df65b997683fb9f51344dcd54_2.5
c0d3657df65b997683fb9f51344dcd54,Wimbledon,Barrow,2025-03-22T15:00:00Z,soccer_england_league2,League Two,playup,1.5,1.48,2.45,2025-03-21T11:54:46Z,2025-03-21,c0d3657df65b997683fb9f51344dcd54_1.5
c0d3657df65b997683fb9f51344dcd54,Wimbledon,Barrow,2025-03-22T15:00:00Z,soccer_england_league2,League Two,coolbet,2.0,1.92,1.82,2025-03-21T11:54:45Z,2025-03-21,c0d3657df65b997683fb9f51344dcd54_2.0
c0d3657df65b997683fb9f51344dcd54,Wimbledon,Barrow,2025-03-22T15:00:00Z,soccer_england_league2,League Two,betus,2.0,1.89,1.87,2025-03-21T11:54:44Z,2025-03-21,c0d3657df65b997683fb9f51344dcd54_2.0
c0d3657df65b997683fb9f51344dcd54,Wimbledon,Barrow,2025-03-22T15:00:00Z,soccer_england_league2,League Two,matchbook,2.5,2.3,1.45,2025-03-21T11:54:43Z,2025-03-21,c0d3657df65b997683fb9f51344dcd54_2.5
c0d3657df65b997683fb9f51344dcd54,Wimbledon,Barrow,2025-03-22T15:00:00Z,soccer_england_league2,League Two,betonlineag,2.0,1.89,1.93,2025-03-21T11:54:43Z,2025-03-21,c0d3657df65b997683fb9f51344dcd54_2.0
c0d3657df65b997683fb9f51344dcd54,Wimbledon,Barrow,2025-03-22T15:00:00Z,soccer_england_league2,League Two,lowvig,2.0,1.89,1.93,2025-03-21T11:54:43Z,2025-03-21,c0d3657df65b997683fb9f51344dcd54_2.0
59ef5b8640da3bdf71e7db8294bbca8d,Bradford City,Colchester United,2025-03-22T15:00:00Z,soccer_england_league2,League Two,pinnacle,1.75,1.77,2.06,2025-03-21T11:54:43Z,2025-03-21,59ef5b8640da3bdf71e7db8294bbca8d_1.75
59ef5b8640da3bdf71e7db8294bbca8d,Bradford City,Colchester United,2025-03-22T15:00:00Z,soccer_england_league2,League Two,onexbet,1.5,1.58,2.33,2025-03-21T11:54:43Z,2025-03-21,59ef5b8640da3bdf71e7db8294bbca8d_1.5
59ef5b8640da3bdf71e7db8294bbca8d,Bradford City,Colchester United,2025-03-22T15:00:00Z,soccer_england_league2,League Two,bovada,2.0,2.02,1.76,2025-03-21T11:54:43Z,2025-03-21,59ef5b8640da3bdf71e7db8294bbca8d_2.0
59ef5b8640da3bdf71e7db8294bbca8d,Bradford City,Colchester United,2025-03-22T15:00:00Z,soccer_england_league2,League Two,williamhill,2.5,2.62,1.44,2025-03-21T11:54:45Z,2025-03-21,59ef5b8640da3bdf71e7db8294bbca8d_2.5
59ef5b8640da3bdf71e7db8294bbca8d,Bradford City,Colchester United,2025-03-22T15:00:00Z,soccer_england_league2,League Two,betus,1.75,1.78,1.99,2025-03-21T11:54:44Z,2025-03-21,59ef5b8640da3bdf71e7db8294bbca8d_1.75
59ef5b8640da3bdf71e7db8294bbca8d,Bradford City,Colchester United,2025-03-22T15:00:00Z,soccer_england_league2,League Two,tipico_de,1.5,1.52,2.35,2025-03-21T11:54:45Z,2025-03-21,59ef5b8640da3bdf71e7db8294bbca8d_1.5
59ef5b8640da3bdf71e7db8294bbca8d,Bradford City,Colchester United,2025-03-22T15:00:00Z,soccer_england_league2,League Two,nordicbet,1.5,1.57,2.35,2025-03-21T11:54:45Z,2025-03-21,59ef5b8640da3bdf71e7db8294bbca8d_1.5
59ef5b8640da3bdf71e7db8294bbca8d,Bradford City,Colchester United,2025-03-22T15:00:00Z,soccer_england_league2,League Two,betrivers,2.5,2.75,1.41,2025-03-21T11:54:44Z,2025-03-21,59ef5b8640da3bdf71e7db8294bbca8d_2.5
59ef5b8640da3bdf71e7db8294bbca8d,Bradford City,Colchester United,2025-03-22T15:00:00Z,soccer_england_league2,League Two,unibet_eu,2.5,2.75,1.41,2025-03-21T11:54:44Z,2025-03-21,59ef5b8640da3bdf71e7db8294bbca8d_2.5
59ef5b8640da3bdf71e7db8294bbca8d,Bradford City,Colchester United,2025-03-22T15:00:00Z,soccer_england_league2,League Two,unibet,2.5,2.75,1.41,2025-03-21T11:54:44Z,2025-03-21,59ef5b8640da3bdf71e7db8294bbca8d_2.5
59ef5b8640da3bdf71e7db8294bbca8d,Bradford City,Colchester United,2025-03-22T15:00:00Z,soccer_england_league2,League Two,playup,1.5,1.55,2.3,2025-03-21T11:54:46Z,2025-03-21,59ef5b8640da3bdf71e7db8294bbca8d_1.5
59ef5b8640da3bdf71e7db8294bbca8d,Bradford City,Colchester United,2025-03-22T15:00:00Z,soccer_england_league2,League Two,coolbet,2.0,1.99,1.76,2025-03-21T11:54:45Z,2025-03-21,59ef5b8640da3bdf71e7db8294bbca8d_2.0
59ef5b8640da3bdf71e7db8294bbca8d,Bradford City,Colchester United,2025-03-22T15:00:00Z,soccer_england_league2,League Two,matchbook,1.5,1.57,2.2,2025-03-21T11:54:43Z,2025-03-21,59ef5b8640da3bdf71e7db8294bbca8d_1.5
59ef5b8640da3bdf71e7db8294bbca8d,Bradford City,Colchester United,2025-03-22T15:00:00Z,soccer_england_league2,League Two,lowvig,2.0,2.15,1.74,2025-03-21T11:54:43Z,2025-03-21,59ef5b8640da3bdf71e7db8294bbca8d_2.0
59ef5b8640da3bdf71e7db8294bbca8d,Bradford City,Colchester United,2025-03-22T15:00:00Z,soccer_england_league2,League Two,betonlineag,2.0,2.15,1.74,2025-03-21T11:54:43Z,2025-03-21,59ef5b8640da3bdf71e7db8294bbca8d_2.0
db6c68cda31d8673db4c069a2b8727f1,Carlisle United,Bromley FC,2025-03-22T15:00:00Z,soccer_england_league2,League Two,pinnacle,2.25,1.81,2.0,2025-03-21T11:54:43Z,2025-03-21,db6c68cda31d8673db4c069a2b8727f1_2.25
db6c68cda31d8673db4c069a2b8727f1,Carlisle United,Bromley FC,2025-03-22T15:00:00Z,soccer_england_league2,League Two,onexbet,2.5,2.04,1.75,2025-03-21T11:54:43Z,2025-03-21,db6c68cda31d8673db4c069a2b8727f1_2.5
db6c68cda31d8673db4c069a2b8727f1,Carlisle United,Bromley FC,2025-03-22T15:00:00Z,soccer_england_league2,League Two,bovada,2.25,1.8,1.95,2025-03-21T11:54:43Z,2025-03-21,db6c68cda31d8673db4c069a2b8727f1_2.25
db6c68cda31d8673db4c069a2b8727f1,Carlisle United,Bromley FC,2025-03-22T15:00:00Z,soccer_england_league2,League Two,williamhill,2.5,2.05,1.7,2025-03-21T11:54:45Z,2025-03-21,db6c68cda31d8673db4c069a2b8727f1_2.5
db6c68cda31d8673db4c069a2b8727f1,Carlisle United,Bromley FC,2025-03-22T15:00:00Z,soccer_england_league2,League Two,betus,2.25,1.82,1.93,2025-03-21T11:54:44Z,2025-03-21,db6c68cda31d8673db4c069a2b8727f1_2.25
db6c68cda31d8673db4c069a2b8727f1,Carlisle United,Bromley FC,2025-03-22T15:00:00Z,soccer_england_league2,League Two,tipico_de,2.5,1.95,1.75,2025-03-21T11:54:45Z,2025-03-21,db6c68cda31d8673db4c069a2b8727f1_2.5
db6c68cda31d8673db4c069a2b8727f1,Carlisle United,Bromley FC,2025-03-22T15:00:00Z,soccer_england_league2,League Two,nordicbet,2.5,2.0,1.78,2025-03-21T11:54:45Z,2025-03-21,db6c68cda31d8673db4c069a2b8727f1_2.5
db6c68cda31d8673db4c069a2b8727f1,Carlisle United,Bromley FC,2025-03-22T15:00:00Z,soccer_england_league2,League Two,betsson,2.5,2.0,1.78,2025-03-21T11:54:44Z,2025-03-21,db6c68cda31d8673db4c069a2b8727f1_2.5
db6c68cda31d8673db4c069a2b8727f1,Carlisle United,Bromley FC,2025-03-22T15:00:00Z,soccer_england_league2,League Two,betrivers,2.5,2.02,1.73,2025-03-21T11:54:44Z,2025-03-21,db6c68cda31d8673db4c069a2b8727f1_2.5
db6c68cda31d8673db4c069a2b8727f1,Carlisle United,Bromley FC,2025-03-22T15:00:00Z,soccer_england_league2,League Two,unibet_eu,2.5,2.02,1.73,2025-03-21T11:54:44Z,2025-03-21,db6c68cda31d8673db4c069a2b8727f1_2.5
db6c68cda31d8673db4c069a2b8727f1,Carlisle United,Bromley FC,2025-03-22T15:00:00Z,soccer_england_league2,League Two,unibet,2.5,2.02,1.73,2025-03-21T11:54:44Z,2025-03-21,db6c68cda31d8673db4c069a2b8727f1_2.5
db6c68cda31d8673db4c069a2b8727f1,Carlisle United,Bromley FC,2025-03-22T15:00:00Z,soccer_england_league2,League Two,playup,2.5,1.98,1.75,2025-03-21T11:54:46Z,2025-03-21,db6c68cda31d8673db4c069a2b8727f1_2.5
db6c68cda31d8673db4c069a2b8727f1,Carlisle United,Bromley FC,2025-03-22T15:00:00Z,soccer_england_league2,League Two,coolbet,2.5,2.02,1.74,2025-03-21T11:54:45Z,2025-03-21,db6c68cda31d8673db4c069a2b8727f1_2.5
db6c68cda31d8673db4c069a2b8727f1,Carlisle United,Bromley FC,2025-03-22T15:00:00Z,soccer_england_league2,League Two,matchbook,2.5,2.06,1.74,2025-03-21T11:54:43Z,2025-03-21,db6c68cda31d8673db4c069a2b8727f1_2.5
db6c68cda31d8673db4c069a2b8727f1,Carlisle United,Bromley FC,2025-03-22T15:00:00Z,soccer_england_league2,League Two,betonlineag,2.25,1.8,2.05,2025-03-21T11:54:43Z,2025-03-21,db6c68cda31d8673db4c069a2b8727f1_2.25
db6c68cda31d8673db4c069a2b8727f1,Carlisle United,Bromley FC,2025-03-22T15:00:00Z,soccer_england_league2,League Two,lowvig,2.25,1.8,2.05,2025-03-21T11:54:43Z,2025-03-21,db6c68cda31d8673db4c069a2b8727f1_2.25
03a9555b8e56798e581237466a8a890d,Cheltenham Town,Milton Keynes Dons,2025-03-22T15:00:00Z,soccer_england_league2,League Two,pinnacle,2.5,1.93,1.88,2025-03-21T11:54:43Z,2025-03-21,03a9555b8e56798e581237466a8a890d_2.5
03a9555b8e56798e581237466a8a890d,Cheltenham Town,Milton Keynes Dons,2025-03-22T15:00:00Z,soccer_england_league2,League Two,onexbet,2.5,1.92,1.85,2025-03-21T11:54:43Z,2025-03-21,03a9555b8e56798e581237466a8a890d_2.5
03a9555b8e56798e581237466a8a890d,Cheltenham Town,Milton Keynes Dons,2025-03-22T15:00:00Z,soccer_england_league2,League Two,bovada,2.5,1.93,1.82,2025-03-21T11:54:43Z,2025-03-21,03a9555b8e56798e581237466a8a890d_2.5
03a9555b8e56798e581237466a8a890d,Cheltenham Town,Milton Keynes Dons,2025-03-22T15:00:00Z,soccer_england_league2,League Two,williamhill,2.5,2.0,1.75,2025-03-21T11:54:45Z,2025-03-21,03a9555b8e56798e581237466a8a890d_2.5
03a9555b8e56798e581237466a8a890d,Cheltenham Town,Milton Keynes Dons,2025-03-22T15:00:00Z,soccer_england_league2,League Two,betus,2.5,1.87,1.88,2025-03-21T11:54:44Z,2025-03-21,03a9555b8e56798e581237466a8a890d_2.5
03a9555b8e56798e581237466a8a890d,Cheltenham Town,Milton Keynes Dons,2025-03-22T15:00:00Z,soccer_england_league2,League Two,tipico_de,2.5,1.85,1.83,2025-03-21T11:54:45Z,2025-03-21,03a9555b8e56798e581237466a8a890d_2.5
03a9555b8e56798e581237466a8a890d,Cheltenham Town,Milton Keynes Dons,2025-03-22T15:00:00Z,soccer_england_league2,League Two,nordicbet,2.5,1.95,1.85,2025-03-21T11:54:45Z,2025-03-21,03a9555b8e56798e581237466a8a890d_2.5
03a9555b8e56798e581237466a8a890d,Cheltenham Town,Milton Keynes Dons,2025-03-22T15:00:00Z,soccer_england_league2,League Two,betsson,2.5,1.95,1.85,2025-03-21T11:54:44Z,2025-03-21,03a9555b8e56798e581237466a8a890d_2.5
03a9555b8e56798e581237466a8a890d,Cheltenham Town,Milton Keynes Dons,2025-03-22T15:00:00Z,soccer_england_league2,League Two,betrivers,2.5,1.82,1.89,2025-03-21T11:54:44Z,2025-03-21,03a9555b8e56798e581237466a8a890d_2.5
03a9555b8e56798e581237466a8a890d,Cheltenham Town,Milton Keynes Dons,2025-03-22T15:00:00Z,soccer_england_league2,League Two,unibet_eu,2.5,1.82,1.89,2025-03-21T11:54:44Z,2025-03-21,03a9555b8e56798e581237466a8a890d_2.5
03a9555b8e56798e581237466a8a890d,Cheltenham Town,Milton Keynes Dons,2025-03-22T15:00:00Z,soccer_england_league2,League Two,unibet,2.5,1.82,1.9,2025-03-21T11:54:44Z,2025-03-21,03a9555b8e56798e581237466a8a890d_2.5
03a9555b8e56798e581237466a8a890d,Cheltenham Town,Milton Keynes Dons,2025-03-22T15:00:00Z,soccer_england_league2,League Two,playup,2.5,1.91,1.8,2025-03-21T11:54:46Z,2025-03-21,03a9555b8e56798e581237466a8a890d_2.5
03a9555b8e56798e581237466a8a890d,Cheltenham Town,Milton Keynes Dons,2025-03-22T15:00:00Z,soccer_england_league2,League Two,coolbet,2.5,1.97,1.78,2025-03-21T11:54:45Z,2025-03-21,03a9555b8e56798e581237466a8a890d_2.5
03a9555b8e56798e581237466a8a890d,Cheltenham Town,Milton Keynes Dons,2025-03-22T15:00:00Z,soccer_england_league2,League Two,matchbook,2.5,1.97,1.88,2025-03-21T11:54:43Z,2025-03-21,03a9555b8e56798e581237466a8a890d_2.5
03a9555b8e56798e581237466a8a890d,Cheltenham Town,Milton Keynes Dons,2025-03-22T15:00:00Z,soccer_england_league2,League Two,betonlineag,2.5,2.01,1.83,2025-03-21T11:54:43Z,2025-03-21,03a9555b8e56798e581237466a8a890d_2.5
03a9555b8e56798e581237466a8a890d,Cheltenham Town,Milton Keynes Dons,2025-03-22T15:00:00Z,soccer_england_league2,League Two,lowvig,2.5,2.01,1.83,2025-03-21T11:54:43Z,2025-03-21,03a9555b8e56798e581237466a8a890d_2.5
2db3dfc9f3a90593df3312733672a80b,Chesterfield FC,Harrogate Town,2025-03-22T15:00:00Z,soccer_england_league2,League Two,pinnacle,2.25,1.89,1.91,2025-03-21T11:54:43Z,2025-03-21,2db3dfc9f3a90593df3312733672a80b_2.25
2db3dfc9f3a90593df3312733672a80b,Chesterfield FC,Harrogate Town,2025-03-22T15:00:00Z,soccer_england_league2,League Two,onexbet,2.5,2.14,1.68,2025-03-21T11:54:43Z,2025-03-21,2db3dfc9f3a90593df3312733672a80b_2.5
2db3dfc9f3a90593df3312733672a80b,Chesterfield FC,Harrogate Town,2025-03-22T15:00:00Z,soccer_england_league2,League Two,bovada,2.25,1.85,1.89,2025-03-21T11:54:43Z,2025-03-21,2db3dfc9f3a90593df3312733672a80b_2.25
2db3dfc9f3a90593df3312733672a80b,Chesterfield FC,Harrogate Town,2025-03-22T15:00:00Z,soccer_england_league2,League Two,williamhill,2.5,2.15,1.65,2025-03-21T11:54:45Z,2025-03-21,2db3dfc9f3a90593df3312733672a80b_2.5
2db3dfc9f3a90593df3312733672a80b,Chesterfield FC,Harrogate Town,2025-03-22T15:00:00Z,soccer_england_league2,League Two,betus,2.25,1.9,1.87,2025-03-21T11:54:44Z,2025-03-21,2db3dfc9f3a90593df3312733672a80b_2.25
2db3dfc9f3a90593df3312733672a80b,Chesterfield FC,Harrogate Town,2025-03-22T15:00:00Z,soccer_england_league2,League Two,tipico_de,2.5,2.05,1.67,2025-03-21T11:54:45Z,2025-03-21,2db3dfc9f3a90593df3312733672a80b_2.5
2db3dfc9f3a90593df3312733672a80b,Chesterfield FC,Harrogate Town,2025-03-22T15:00:00Z,soccer_england_league2,League Two,nordicbet,2.5,2.15,1.68,2025-03-21T11:54:45Z,2025-03-21,2db3dfc9f3a90593df3312733672a80b_2.5
2db3dfc9f3a90593df3312733672a80b,Chesterfield FC,Harrogate Town,2025-03-22T15:00:00Z,soccer_england_league2,League Two,betsson,2.5,2.15,1.68,2025-03-21T11:54:44Z,2025-03-21,2db3dfc9f3a90593df3312733672a80b_2.5
2db3dfc9f3a90593df3312733672a80b,Chesterfield FC,Harrogate Town,2025-03-22T15:00:00Z,soccer_england_league2,League Two,betrivers,2.5,1.97,1.75,2025-03-21T11:54:44Z,2025-03-21,2db3dfc9f3a90593df3312733672a80b_2.5
2db3dfc9f3a90593df3312733672a80b,Chesterfield FC,Harrogate Town,2025-03-22T15:00:00Z,soccer_england_league2,League Two,unibet_eu,2.5,1.97,1.75,2025-03-21T11:54:44Z,2025-03-21,2db3dfc9f3a90593df3312733672a80b_2.5
2db3dfc9f3a90593df3312733672a80b,Chesterfield FC,Harrogate Town,2025-03-22T15:00:00Z,soccer_england_league2,League Two,unibet,2.5,1.98,1.75,2025-03-21T11:54:44Z,2025-03-21,2db3dfc9f3a90593df3312733672a80b_2.5
2db3dfc9f3a90593df3312733672a80b,Chesterfield FC,Harrogate Town,2025-03-22T15:00:00Z,soccer_england_league2,League Two,playup,2.5,2.12,1.65,2025-03-21T11:54:46Z,2025-03-21,2db3dfc9f3a90593df3312733672a80b_2.5
2db3dfc9f3a90593df3312733672a80b,Chesterfield FC,Harrogate Town,2025-03-22T15:00:00Z,soccer_england_league2,League Two,coolbet,2.5,2.08,1.7,2025-03-21T11:54:45Z,2025-03-21,2db3dfc9f3a90593df3312733672a80b_2.5
2db3dfc9f3a90593df3312733672a80b,Chesterfield FC,Harrogate Town,2025-03-22T15:00:00Z,soccer_england_league2,League Two,matchbook,2.5,2.16,1.6,2025-03-21T11:54:43Z,2025-03-21,2db3dfc9f3a90593df3312733672a80b_2.5
2db3dfc9f3a90593df3312733672a80b,Chesterfield FC,Harrogate Town,2025-03-22T15:00:00Z,soccer_england_league2,League Two,lowvig,2.25,1.91,1.91,2025-03-21T11:54:43Z,2025-03-21,2db3dfc9f3a90593df3312733672a80b_2.25
2db3dfc9f3a90593df3312733672a80b,Chesterfield FC,Harrogate Town,2025-03-22T15:00:00Z,soccer_england_league2,League Two,betonlineag,2.25,1.91,1.91,2025-03-21T11:54:43Z,2025-03-21,2db3dfc9f3a90593df3312733672a80b_2.25
5825c4a094362dcb9d875ef8245c1a47,Salford City,Doncaster Rovers,2025-03-22T15:00:00Z,soccer_england_league2,League Two,playup,2.5,1.83,1.87,2025-03-21T11:54:46Z,2025-03-21,5825c4a094362dcb9d875ef8245c1a47_2.5
5825c4a094362dcb9d875ef8245c1a47,Salford City,Doncaster Rovers,2025-03-22T15:00:00Z,soccer_england_league2,League Two,betsson,2.5,1.87,1.9,2025-03-21T11:54:44Z,2025-03-21,5825c4a094362dcb9d875ef8245c1a47_2.5
5825c4a094362dcb9d875ef8245c1a47,Salford City,Doncaster Rovers,2025-03-22T15:00:00Z,soccer_england_league2,League Two,nordicbet,2.5,1.87,1.9,2025-03-21T11:54:45Z,2025-03-21,5825c4a094362dcb9d875ef8245c1a47_2.5
bf738ac6c4dfac9bdd3dcde74b9d8ac7,Fleetwood Town,Tranmere Rovers,2025-03-22T15:00:00Z,soccer_england_league2,League Two,pinnacle,2.25,1.86,1.94,2025-03-21T11:54:43Z,2025-03-21,bf738ac6c4dfac9bdd3dcde74b9d8ac7_2.25
bf738ac6c4dfac9bdd3dcde74b9d8ac7,Fleetwood Town,Tranmere Rovers,2025-03-22T15:00:00Z,soccer_england_league2,League Two,onexbet,2.5,2.09,1.71,2025-03-21T11:54:43Z,2025-03-21,bf738ac6c4dfac9bdd3dcde74b9d8ac7_2.5
bf738ac6c4dfac9bdd3dcde74b9d8ac7,Fleetwood Town,Tranmere Rovers,2025-03-22T15:00:00Z,soccer_england_league2,League Two,bovada,2.25,1.82,1.93,2025-03-21T11:54:43Z,2025-03-21,bf738ac6c4dfac9bdd3dcde74b9d8ac7_2.25
bf738ac6c4dfac9bdd3dcde74b9d8ac7,Fleetwood Town,Tranmere Rovers,2025-03-22T15:00:00Z,soccer_england_league2,League Two,williamhill,2.5,2.05,1.7,2025-03-21T11:54:45Z,2025-03-21,bf738ac6c4dfac9bdd3dcde74b9d8ac7_2.5
bf738ac6c4dfac9bdd3dcde74b9d8ac7,Fleetwood Town,Tranmere Rovers,2025-03-22T15:00:00Z,soccer_england_league2,League Two,betus,2.25,1.87,1.87,2025-03-21T11:54:44Z,2025-03-21,bf738ac6c4dfac9bdd3dcde74b9d8ac7_2.25
bf738ac6c4dfac9bdd3dcde74b9d8ac7,Fleetwood Town,Tranmere Rovers,2025-03-22T15:00:00Z,soccer_england_league2,League Two,tipico_de,2.5,2.0,1.7,2025-03-21T11:54:45Z,2025-03-21,bf738ac6c4dfac9bdd3dcde74b9d8ac7_2.5
bf738ac6c4dfac9bdd3dcde74b9d8ac7,Fleetwood Town,Tranmere Rovers,2025-03-22T15:00:00Z,soccer_england_league2,League Two,nordicbet,2.5,2.1,1.72,2025-03-21T11:54:45Z,2025-03-21,bf738ac6c4dfac9bdd3dcde74b9d8ac7_2.5
bf738ac6c4dfac9bdd3dcde74b9d8ac7,Fleetwood Town,Tranmere Rovers,2025-03-22T15:00:00Z,soccer_england_league2,League Two,betsson,2.5,2.1,1.72,2025-03-21T11:54:44Z,2025-03-21,bf738ac6c4dfac9bdd3dcde74b9d8ac7_2.5
bf738ac6c4dfac9bdd3dcde74b9d8ac7,Fleetwood Town,Tranmere Rovers,2025-03-22T15:00:00Z,soccer_england_league2,League Two,betrivers,2.5,2.04,1.71,2025-03-21T11:54:44Z,2025-03-21,bf738ac6c4dfac9bdd3dcde74b9d8ac7_2.5
bf738ac6c4dfac9bdd3dcde74b9d8ac7,Fleetwood Town,Tranmere Rovers,2025-03-22T15:00:00Z,soccer_england_league2,League Two,unibet_eu,2.5,2.04,1.71,2025-03-21T11:54:44Z,2025-03-21,bf738ac6c4dfac9bdd3dcde74b9d8ac7_2.5
bf738ac6c4dfac9bdd3dcde74b9d8ac7,Fleetwood Town,Tranmere Rovers,2025-03-22T15:00:00Z,soccer_england_league2,League Two,unibet,2.5,2.04,1.71,2025-03-21T11:54:44Z,2025-03-21,bf738ac6c4dfac9bdd3dcde74b9d8ac7_2.5
bf738ac6c4dfac9bdd3dcde74b9d8ac7,Fleetwood Town,Tranmere Rovers,2025-03-22T15:00:00Z,soccer_england_league2,League Two,playup,2.5,2.05,1.68,2025-03-21T11:54:46Z,2025-03-21,bf738ac6c4dfac9bdd3dcde74b9d8ac7_2.5
bf738ac6c4dfac9bdd3dcde74b9d8ac7,Fleetwood Town,Tranmere Rovers,2025-03-22T15:00:00Z,soccer_england_league2,League Two,coolbet,2.5,2.03,1.73,2025-03-21T11:54:45Z,2025-03-21,bf738ac6c4dfac9bdd3dcde74b9d8ac7_2.5
bf738ac6c4dfac9bdd3dcde74b9d8ac7,Fleetwood Town,Tranmere Rovers,2025-03-22T15:00:00Z,soccer_england_league2,League Two,matchbook,2.5,2.14,1.62,2025-03-21T11:54:43Z,2025-03-21,bf738ac6c4dfac9bdd3dcde74b9d8ac7_2.5
bf738ac6c4dfac9bdd3dcde74b9d8ac7,Fleetwood Town,Tranmere Rovers,2025-03-22T15:00:00Z,soccer_england_league2,League Two,betonlineag,2.25,1.84,1.99,2025-03-21T11:54:43Z,2025-03-21,bf738ac6c4dfac9bdd3dcde74b9d8ac7_2.25
bf738ac6c4dfac9bdd3dcde74b9d8ac7,Fleetwood Town,Tranmere Rovers,2025-03-22T15:00:00Z,soccer_england_league2,League Two,lowvig,2.25,1.84,1.99,2025-03-21T11:54:43Z,2025-03-21,bf738ac6c4dfac9bdd3dcde74b9d8ac7_2.25
a6c461a40df7518e6915a6f31b8006cb,Gillingham,Walsall,2025-03-22T15:00:00Z,soccer_england_league2,League Two,pinnacle,2.25,2.03,1.79,2025-03-21T11:54:43Z,2025-03-21,a6c461a40df7518e6915a6f31b8006cb_2.25
a6c461a40df7518e6915a6f31b8006cb,Gillingham,Walsall,2025-03-22T15:00:00Z,soccer_england_league2,League Two,onexbet,2.5,2.3,1.59,2025-03-21T11:54:43Z,2025-03-21,a6c461a40df7518e6915a6f31b8006cb_2.5
a6c461a40df7518e6915a6f31b8006cb,Gillingham,Walsall,2025-03-22T15:00:00Z,soccer_england_league2,League Two,bovada,2.25,2.0,1.77,2025-03-21T11:54:43Z,2025-03-21,a6c461a40df7518e6915a6f31b8006cb_2.25
a6c461a40df7518e6915a6f31b8006cb,Gillingham,Walsall,2025-03-22T15:00:00Z,soccer_england_league2,League Two,williamhill,2.5,2.25,1.6,2025-03-21T11:54:45Z,2025-03-21,a6c461a40df7518e6915a6f31b8006cb_2.5
a6c461a40df7518e6915a6f31b8006cb,Gillingham,Walsall,2025-03-22T15:00:00Z,soccer_england_league2,League Two,betus,2.25,1.96,1.79,2025-03-21T11:54:44Z,2025-03-21,a6c461a40df7518e6915a6f31b8006cb_2.25
a6c461a40df7518e6915a6f31b8006cb,Gillingham,Walsall,2025-03-22T15:00:00Z,soccer_england_league2,League Two,tipico_de,2.5,2.25,1.57,2025-03-21T11:54:45Z,2025-03-21,a6c461a40df7518e6915a6f31b8006cb_2.5
a6c461a40df7518e6915a6f31b8006cb,Gillingham,Walsall,2025-03-22T15:00:00Z,soccer_england_league2,League Two,nordicbet,2.5,2.3,1.6,2025-03-21T11:54:45Z,2025-03-21,a6c461a40df7518e6915a6f31b8006cb_2.5
a6c461a40df7518e6915a6f31b8006cb,Gillingham,Walsall,2025-03-22T15:00:00Z,soccer_england_league2,League Two,betsson,2.5,2.3,1.6,2025-03-21T11:54:44Z,2025-03-21,a6c461a40df7518e6915a6f31b8006cb_2.5
a6c461a40df7518e6915a6f31b8006cb,Gillingham,Walsall,2025-03-22T15:00:00Z,soccer_england_league2,League Two,betrivers,2.5,2.28,1.56,2025-03-21T11:54:44Z,2025-03-21,a6c461a40df7518e6915a6f31b8006cb_2.5
a6c461a40df7518e6915a6f31b8006cb,Gillingham,Walsall,2025-03-22T15:00:00Z,soccer_england_league2,League Two,unibet_eu,2.5,2.28,1.56,2025-03-21T11:54:44Z,2025-03-21,a6c461a40df7518e6915a6f31b8006cb_2.5
a6c461a40df7518e6915a6f31b8006cb,Gillingham,Walsall,2025-03-22T15:00:00Z,soccer_england_league2,League Two,unibet,2.5,2.28,1.57,2025-03-21T11:54:44Z,2025-03-21,a6c461a40df7518e6915a6f31b8006cb_2.5
a6c461a40df7518e6915a6f31b8006cb,Gillingham,Walsall,2025-03-22T15:00:00Z,soccer_england_league2,League Two,playup,2.5,2.25,1.58,2025-03-21T11:54:46Z,2025-03-21,a6c461a40df7518e6915a6f31b8006cb_2.5
a6c461a40df7518e6915a6f31b8006cb,Gillingham,Walsall,2025-03-22T15:00:00Z,soccer_england_league2,League Two,coolbet,2.0,1.76,1.99,2025-03-21T11:54:45Z,2025-03-21,a6c461a40df7518e6915a6f31b8006cb_2.0
a6c461a40df7518e6915a6f31b8006cb,Gillingham,Walsall,2025-03-22T15:00:00Z,soccer_england_league2,League Two,matchbook,2.5,2.1,1.59,2025-03-21T11:54:43Z,2025-03-21,a6c461a40df7518e6915a6f31b8006cb_2.5
a6c461a40df7518e6915a6f31b8006cb,Gillingham,Walsall,2025-03-22T15:00:00Z,soccer_england_league2,League Two,lowvig,2.25,2.0,1.83,2025-03-21T11:54:43Z,2025-03-21,a6c461a40df7518e6915a6f31b8006cb_2.25
a6c461a40df7518e6915a6f31b8006cb,Gillingham,Walsall,2025-03-22T15:00:00Z,soccer_england_league2,League Two,betonlineag,2.25,2.0,1.83,2025-03-21T11:54:43Z,2025-03-21,a6c461a40df7518e6915a6f31b8006cb_2.25
a348c5c890de5152cc650aecc66fc416,Grimsby Town,Newport County,2025-03-22T15:00:00Z,soccer_england_league2,League Two,pinnacle,2.75,1.88,1.92,2025-03-21T11:54:43Z,2025-03-21,a348c5c890de5152cc650aecc66fc416_2.75
a348c5c890de5152cc650aecc66fc416,Grimsby Town,Newport County,2025-03-22T15:00:00Z,soccer_england_league2,League Two,onexbet,2.5,1.68,2.14,2025-03-21T11:54:43Z,2025-03-21,a348c5c890de5152cc650aecc66fc416_2.5
a348c5c890de5152cc650aecc66fc416,Grimsby Town,Newport County,2025-03-22T15:00:00Z,soccer_england_league2,League Two,bovada,2.75,1.82,1.93,2025-03-21T11:54:43Z,2025-03-21,a348c5c890de5152cc650aecc66fc416_2.75
a348c5c890de5152cc650aecc66fc416,Grimsby Town,Newport County,2025-03-22T15:00:00Z,soccer_england_league2,League Two,betus,2.75,1.89,1.87,2025-03-21T11:54:44Z,2025-03-21,a348c5c890de5152cc650aecc66fc416_2.75
a348c5c890de5152cc650aecc66fc416,Grimsby Town,Newport County,2025-03-22T15:00:00Z,soccer_england_league2,League Two,williamhill,2.5,1.67,2.15,2025-03-21T11:54:45Z,2025-03-21,a348c5c890de5152cc650aecc66fc416_2.5
a348c5c890de5152cc650aecc66fc416,Grimsby Town,Newport County,2025-03-22T15:00:00Z,soccer_england_league2,League Two,tipico_de,2.5,1.62,2.15,2025-03-21T11:54:45Z,2025-03-21,a348c5c890de5152cc650aecc66fc416_2.5
a348c5c890de5152cc650aecc66fc416,Grimsby Town,Newport County,2025-03-22T15:00:00Z,soccer_england_league2,League Two,nordicbet,2.5,1.72,2.1,2025-03-21T11:54:45Z,2025-03-21,a348c5c890de5152cc650aecc66fc416_2.5
a348c5c890de5152cc650aecc66fc416,Grimsby Town,Newport County,2025-03-22T15:00:00Z,soccer_england_league2,League Two,betsson,2.5,1.72,2.1,2025-03-21T11:54:44Z,2025-03-21,a348c5c890de5152cc650aecc66fc416_2.5
a348c5c890de5152cc650aecc66fc416,Grimsby Town,Newport County,2025-03-22T15:00:00Z,soccer_england_league2,League Two,betrivers,2.5,1.57,2.25,2025-03-21T11:54:44Z,2025-03-21,a348c5c890de5152cc650aecc66fc416_2.5
a348c5c890de5152cc650aecc66fc416,Grimsby Town,Newport County,2025-03-22T15:00:00Z,soccer_england_league2,League Two,unibet_eu,2.5,1.57,2.25,2025-03-21T11:54:44Z,2025-03-21,a348c5c890de5152cc650aecc66fc416_2.5
a348c5c890de5152cc650aecc66fc416,Grimsby Town,Newport County,2025-03-22T15:00:00Z,soccer_england_league2,League Two,unibet,2.5,1.58,2.25,2025-03-21T11:54:44Z,2025-03-21,a348c5c890de5152cc650aecc66fc416_2.5
a348c5c890de5152cc650aecc66fc416,Grimsby Town,Newport County,2025-03-22T15:00:00Z,soccer_england_league2,League Two,playup,2.5,1.68,2.08,2025-03-21T11:54:46Z,2025-03-21,a348c5c890de5152cc650aecc66fc416_2.5
a348c5c890de5152cc650aecc66fc416,Grimsby Town,Newport County,2025-03-22T15:00:00Z,soccer_england_league2,League Two,coolbet,3.0,2.11,1.68,2025-03-21T11:54:45Z,2025-03-21,a348c5c890de5152cc650aecc66fc416_3.0
a348c5c890de5152cc650aecc66fc416,Grimsby Town,Newport County,2025-03-22T15:00:00Z,soccer_england_league2,League Two,matchbook,2.5,1.59,1.99,2025-03-21T11:54:43Z,2025-03-21,a348c5c890de5152cc650aecc66fc416_2.5
a348c5c890de5152cc650aecc66fc416,Grimsby Town,Newport County,2025-03-22T15:00:00Z,soccer_england_league2,League Two,lowvig,2.75,1.85,1.97,2025-03-21T11:54:43Z,2025-03-21,a348c5c890de5152cc650aecc66fc416_2.75
a348c5c890de5152cc650aecc66fc416,Grimsby Town,Newport County,2025-03-22T15:00:00Z,soccer_england_league2,League Two,betonlineag,2.75,1.85,1.97,2025-03-21T11:54:43Z,2025-03-21,a348c5c890de5152cc650aecc66fc416_2.75
48cb3ca11c35b322391c26bde0edd9c4,Port Vale,Morecambe,2025-03-22T15:00:00Z,soccer_england_league2,League Two,pinnacle,2.25,1.93,1.88,2025-03-21T11:54:43Z,2025-03-21,48cb3ca11c35b322391c26bde0edd9c4_2.25
48cb3ca11c35b322391c26bde0edd9c4,Port Vale,Morecambe,2025-03-22T15:00:00Z,soccer_england_league2,League Two,onexbet,2.5,2.16,1.67,2025-03-21T11:54:43Z,2025-03-21,48cb3ca11c35b322391c26bde0edd9c4_2.5
48cb3ca11c35b322391c26bde0edd9c4,Port Vale,Morecambe,2025-03-22T15:00:00Z,soccer_england_league2,League Two,bovada,2.25,1.87,1.87,2025-03-21T11:54:43Z,2025-03-21,48cb3ca11c35b322391c26bde0edd9c4_2.25
48cb3ca11c35b322391c26bde0edd9c4,Port Vale,Morecambe,2025-03-22T15:00:00Z,soccer_england_league2,League Two,williamhill,2.5,2.05,1.7,2025-03-21T11:54:45Z,2025-03-21,48cb3ca11c35b322391c26bde0edd9c4_2.5
48cb3ca11c35b322391c26bde0edd9c4,Port Vale,Morecambe,2025-03-22T15:00:00Z,soccer_england_league2,League Two,betus,2.25,1.87,1.88,2025-03-21T11:54:44Z,2025-03-21,48cb3ca11c35b322391c26bde0edd9c4_2.25
48cb3ca11c35b322391c26bde0edd9c4,Port Vale,Morecambe,2025-03-22T15:00:00Z,soccer_england_league2,League Two,tipico_de,2.5,2.1,1.65,2025-03-21T11:54:45Z,2025-03-21,48cb3ca11c35b322391c26bde0edd9c4_2.5
48cb3ca11c35b322391c26bde0edd9c4,Port Vale,Morecambe,2025-03-22T15:00:00Z,soccer_england_league2,League Two,nordicbet,2.5,2.2,1.65,2025-03-21T11:54:45Z,2025-03-21,48cb3ca11c35b322391c26bde0edd9c4_2.5
48cb3ca11c35b322391c26bde0edd9c4,Port Vale,Morecambe,2025-03-22T15:00:00Z,soccer_england_league2,League Two,betsson,2.5,2.2,1.65,2025-03-21T11:54:44Z,2025-03-21,48cb3ca11c35b322391c26bde0edd9c4_2.5
48cb3ca11c35b322391c26bde0edd9c4,Port Vale,Morecambe,2025-03-22T15:00:00Z,soccer_england_league2,League Two,betrivers,2.5,2.12,1.66,2025-03-21T11:54:44Z,2025-03-21,48cb3ca11c35b322391c26bde0edd9c4_2.5
48cb3ca11c35b322391c26bde0edd9c4,Port Vale,Morecambe,2025-03-22T15:00:00Z,soccer_england_league2,League Two,unibet_eu,2.5,2.12,1.66,2025-03-21T11:54:44Z,2025-03-21,48cb3ca11c35b322391c26bde0edd9c4_2.5
48cb3ca11c35b322391c26bde0edd9c4,Port Vale,Morecambe,2025-03-22T15:00:00Z,soccer_england_league2,League Two,unibet,2.5,2.12,1.66,2025-03-21T11:54:44Z,2025-03-21,48cb3ca11c35b322391c26bde0edd9c4_2.5
48cb3ca11c35b322391c26bde0edd9c4,Port Vale,Morecambe,2025-03-22T15:00:00Z,soccer_england_league2,League Two,playup,2.5,2.15,1.63,2025-03-21T11:54:46Z,2025-03-21,48cb3ca11c35b322391c26bde0edd9c4_2.5
48cb3ca11c35b322391c26bde0edd9c4,Port Vale,Morecambe,2025-03-22T15:00:00Z,soccer_england_league2,League Two,coolbet,2.5,2.08,1.7,2025-03-21T11:54:45Z,2025-03-21,48cb3ca11c35b322391c26bde0edd9c4_2.5
48cb3ca11c35b322391c26bde0edd9c4,Port Vale,Morecambe,2025-03-22T15:00:00Z,soccer_england_league2,League Two,matchbook,2.5,1.96,1.61,2025-03-21T11:54:43Z,2025-03-21,48cb3ca11c35b322391c26bde0edd9c4_2.5
48cb3ca11c35b322391c26bde0edd9c4,Port Vale,Morecambe,2025-03-22T15:00:00Z,soccer_england_league2,League Two,betonlineag,2.25,1.95,1.87,2025-03-21T11:54:43Z,2025-03-21,48cb3ca11c35b322391c26bde0edd9c4_2.25
48cb3ca11c35b322391c26bde0edd9c4,Port Vale,Morecambe,2025-03-22T15:00:00Z,soccer_england_league2,League Two,lowvig,2.25,1.95,1.87,2025-03-21T11:54:43Z,2025-03-21,48cb3ca11c35b322391c26bde0edd9c4_2.25
731de1f6977df63e4ff80f49ffb926b5,FC Cincinnati,Atlanta United FC,2025-03-22T18:40:00Z,soccer_usa_mls,MLS,onexbet,2.5,1.62,2.28,2025-03-21T11:54:54Z,2025-03-21,731de1f6977df63e4ff80f49ffb926b5_2.5
731de1f6977df63e4ff80f49ffb926b5,FC Cincinnati,Atlanta United FC,2025-03-22T18:40:00Z,soccer_usa_mls,MLS,bovada,3.0,1.95,1.87,2025-03-21T11:54:54Z,2025-03-21,731de1f6977df63e4ff80f49ffb926b5_3.0
731de1f6977df63e4ff80f49ffb926b5,FC Cincinnati,Atlanta United FC,2025-03-22T18:40:00Z,soccer_usa_mls,MLS,nordicbet,2.5,1.6,2.35,2025-03-21T11:54:57Z,2025-03-21,731de1f6977df63e4ff80f49ffb926b5_2.5
731de1f6977df63e4ff80f49ffb926b5,FC Cincinnati,Atlanta United FC,2025-03-22T18:40:00Z,soccer_usa_mls,MLS,betsson,2.5,1.6,2.35,2025-03-21T11:54:55Z,2025-03-21,731de1f6977df63e4ff80f49ffb926b5_2.5
731de1f6977df63e4ff80f49ffb926b5,FC Cincinnati,Atlanta United FC,2025-03-22T18:40:00Z,soccer_usa_mls,MLS,betus,3.0,1.87,1.88,2025-03-21T11:54:55Z,2025-03-21,731de1f6977df63e4ff80f49ffb926b5_3.0
731de1f6977df63e4ff80f49ffb926b5,FC Cincinnati,Atlanta United FC,2025-03-22T18:40:00Z,soccer_usa_mls,MLS,mybookieag,2.5,1.58,2.29,2025-03-21T11:53:36Z,2025-03-21,731de1f6977df63e4ff80f49ffb926b5_2.5
731de1f6977df63e4ff80f49ffb926b5,FC Cincinnati,Atlanta United FC,2025-03-22T18:40:00Z,soccer_usa_mls,MLS,pinnacle,3.0,1.96,1.88,2025-03-21T11:54:55Z,2025-03-21,731de1f6977df63e4ff80f49ffb926b5_3.0
731de1f6977df63e4ff80f49ffb926b5,FC Cincinnati,Atlanta United FC,2025-03-22T18:40:00Z,soccer_usa_mls,MLS,williamhill,2.5,1.62,2.25,2025-03-21T11:54:56Z,2025-03-21,731de1f6977df63e4ff80f49ffb926b5_2.5
731de1f6977df63e4ff80f49ffb926b5,FC Cincinnati,Atlanta United FC,2025-03-22T18:40:00Z,soccer_usa_mls,MLS,unibet,3.5,2.6,1.49,2025-03-21T11:54:54Z,2025-03-21,731de1f6977df63e4ff80f49ffb926b5_3.5
731de1f6977df63e4ff80f49ffb926b5,FC Cincinnati,Atlanta United FC,2025-03-22T18:40:00Z,soccer_usa_mls,MLS,betrivers,3.5,2.6,1.49,2025-03-21T11:54:54Z,2025-03-21,731de1f6977df63e4ff80f49ffb926b5_3.5
731de1f6977df63e4ff80f49ffb926b5,FC Cincinnati,Atlanta United FC,2025-03-22T18:40:00Z,soccer_usa_mls,MLS,unibet_eu,3.5,2.6,1.49,2025-03-21T11:54:55Z,2025-03-21,731de1f6977df63e4ff80f49ffb926b5_3.5
731de1f6977df63e4ff80f49ffb926b5,FC Cincinnati,Atlanta United FC,2025-03-22T18:40:00Z,soccer_usa_mls,MLS,lowvig,3.0,1.96,1.86,2025-03-21T11:54:54Z,2025-03-21,731de1f6977df63e4ff80f49ffb926b5_3.0
731de1f6977df63e4ff80f49ffb926b5,FC Cincinnati,Atlanta United FC,2025-03-22T18:40:00Z,soccer_usa_mls,MLS,betonlineag,3.0,1.96,1.86,2025-03-21T11:54:54Z,2025-03-21,731de1f6977df63e4ff80f49ffb926b5_3.0
731de1f6977df63e4ff80f49ffb926b5,FC Cincinnati,Atlanta United FC,2025-03-22T18:40:00Z,soccer_usa_mls,MLS,coolbet,3.0,1.96,1.86,2025-03-21T11:54:56Z,2025-03-21,731de1f6977df63e4ff80f49ffb926b5_3.0
731de1f6977df63e4ff80f49ffb926b5,FC Cincinnati,Atlanta United FC,2025-03-22T18:40:00Z,soccer_usa_mls,MLS,playup,2.5,1.58,2.3,2025-03-21T11:54:56Z,2025-03-21,731de1f6977df63e4ff80f49ffb926b5_2.5
731de1f6977df63e4ff80f49ffb926b5,FC Cincinnati,Atlanta United FC,2025-03-22T18:40:00Z,soccer_usa_mls,MLS,betanysports,3.0,1.95,1.87,2025-03-21T11:54:55Z,2025-03-21,731de1f6977df63e4ff80f49ffb926b5_3.0
731de1f6977df63e4ff80f49ffb926b5,FC Cincinnati,Atlanta United FC,2025-03-22T18:40:00Z,soccer_usa_mls,MLS,matchbook,3.5,2.24,1.47,2025-03-21T11:54:55Z,2025-03-21,731de1f6977df63e4ff80f49ffb926b5_3.5
c67045e643affd4a0c573a5a936d7dfb,Minnesota United FC,LA Galaxy,2025-03-22T20:40:00Z,soccer_usa_mls,MLS,onexbet,2.5,1.75,2.07,2025-03-21T11:54:54Z,2025-03-21,c67045e643affd4a0c573a5a936d7dfb_2.5
c67045e643affd4a0c573a5a936d7dfb,Minnesota United FC,LA Galaxy,2025-03-22T20:40:00Z,soccer_usa_mls,MLS,bovada,2.75,1.93,1.89,2025-03-21T11:54:54Z,2025-03-21,c67045e643affd4a0c573a5a936d7dfb_2.75
c67045e643affd4a0c573a5a936d7dfb,Minnesota United FC,LA Galaxy,2025-03-22T20:40:00Z,soccer_usa_mls,MLS,nordicbet,2.5,1.75,2.1,2025-03-21T11:54:57Z,2025-03-21,c67045e643affd4a0c573a5a936d7dfb_2.5
c67045e643affd4a0c573a5a936d7dfb,Minnesota United FC,LA Galaxy,2025-03-22T20:40:00Z,soccer_usa_mls,MLS,betsson,2.5,1.75,2.1,2025-03-21T11:54:55Z,2025-03-21,c67045e643affd4a0c573a5a936d7dfb_2.5
c67045e643affd4a0c573a5a936d7dfb,Minnesota United FC,LA Galaxy,2025-03-22T20:40:00Z,soccer_usa_mls,MLS,betus,2.75,1.87,1.89,2025-03-21T11:54:55Z,2025-03-21,c67045e643affd4a0c573a5a936d7dfb_2.75
c67045e643affd4a0c573a5a936d7dfb,Minnesota United FC,LA Galaxy,2025-03-22T20:40:00Z,soccer_usa_mls,MLS,mybookieag,2.5,1.71,2.06,2025-03-21T11:53:36Z,2025-03-21,c67045e643affd4a0c573a5a936d7dfb_2.5
c67045e643affd4a0c573a5a936d7dfb,Minnesota United FC,LA Galaxy,2025-03-22T20:40:00Z,soccer_usa_mls,MLS,pinnacle,2.75,1.94,1.91,2025-03-21T11:54:55Z,2025-03-21,c67045e643affd4a0c573a5a936d7dfb_2.75
c67045e643affd4a0c573a5a936d7dfb,Minnesota United FC,LA Galaxy,2025-03-22T20:40:00Z,soccer_usa_mls,MLS,williamhill,2.5,1.7,2.05,2025-03-21T11:54:56Z,2025-03-21,c67045e643affd4a0c573a5a936d7dfb_2.5
c67045e643affd4a0c573a5a936d7dfb,Minnesota United FC,LA Galaxy,2025-03-22T20:40:00Z,soccer_usa_mls,MLS,unibet,3.5,3.1,1.36,2025-03-21T11:54:54Z,2025-03-21,c67045e643affd4a0c573a5a936d7dfb_3.5
c67045e643affd4a0c573a5a936d7dfb,Minnesota United FC,LA Galaxy,2025-03-22T20:40:00Z,soccer_usa_mls,MLS,betrivers,3.5,3.1,1.36,2025-03-21T11:54:54Z,2025-03-21,c67045e643affd4a0c573a5a936d7dfb_3.5
c67045e643affd4a0c573a5a936d7dfb,Minnesota United FC,LA Galaxy,2025-03-22T20:40:00Z,soccer_usa_mls,MLS,unibet_eu,3.5,3.1,1.36,2025-03-21T11:54:55Z,2025-03-21,c67045e643affd4a0c573a5a936d7dfb_3.5
c67045e643affd4a0c573a5a936d7dfb,Minnesota United FC,LA Galaxy,2025-03-22T20:40:00Z,soccer_usa_mls,MLS,betonlineag,2.75,1.93,1.89,2025-03-21T11:54:54Z,2025-03-21,c67045e643affd4a0c573a5a936d7dfb_2.75
c67045e643affd4a0c573a5a936d7dfb,Minnesota United FC,LA Galaxy,2025-03-22T20:40:00Z,soccer_usa_mls,MLS,lowvig,2.75,1.93,1.89,2025-03-21T11:54:54Z,2025-03-21,c67045e643affd4a0c573a5a936d7dfb_2.75
c67045e643affd4a0c573a5a936d7dfb,Minnesota United FC,LA Galaxy,2025-03-22T20:40:00Z,soccer_usa_mls,MLS,coolbet,2.5,1.71,2.16,2025-03-21T11:54:56Z,2025-03-21,c67045e643affd4a0c573a5a936d7dfb_2.5
c67045e643affd4a0c573a5a936d7dfb,Minnesota United FC,LA Galaxy,2025-03-22T20:40:00Z,soccer_usa_mls,MLS,playup,2.5,1.7,2.08,2025-03-21T11:54:56Z,2025-03-21,c67045e643affd4a0c573a5a936d7dfb_2.5
c67045e643affd4a0c573a5a936d7dfb,Minnesota United FC,LA Galaxy,2025-03-22T20:40:00Z,soccer_usa_mls,MLS,betanysports,2.75,1.93,1.89,2025-03-21T11:54:55Z,2025-03-21,c67045e643affd4a0c573a5a936d7dfb_2.75
c67045e643affd4a0c573a5a936d7dfb,Minnesota United FC,LA Galaxy,2025-03-22T20:40:00Z,soccer_usa_mls,MLS,matchbook,2.5,1.74,2.18,2025-03-21T11:54:55Z,2025-03-21,c67045e643affd4a0c573a5a936d7dfb_2.5
a37616d69841df54983aea2a81562c40,Orlando City SC,D.C. United,2025-03-22T23:30:00Z,soccer_usa_mls,MLS,onexbet,2.5,1.64,2.23,2025-03-21T11:54:54Z,2025-03-21,a37616d69841df54983aea2a81562c40_2.5
a37616d69841df54983aea2a81562c40,Orlando City SC,D.C. United,2025-03-22T23:30:00Z,soccer_usa_mls,MLS,bovada,3.0,1.98,1.85,2025-03-21T11:54:54Z,2025-03-21,a37616d69841df54983aea2a81562c40_3.0
a37616d69841df54983aea2a81562c40,Orlando City SC,D.C. United,2025-03-22T23:30:00Z,soccer_usa_mls,MLS,nordicbet,2.5,1.63,2.3,2025-03-21T11:54:57Z,2025-03-21,a37616d69841df54983aea2a81562c40_2.5
a37616d69841df54983aea2a81562c40,Orlando City SC,D.C. United,2025-03-22T23:30:00Z,soccer_usa_mls,MLS,betsson,2.5,1.63,2.3,2025-03-21T11:54:55Z,2025-03-21,a37616d69841df54983aea2a81562c40_2.5
a37616d69841df54983aea2a81562c40,Orlando City SC,D.C. United,2025-03-22T23:30:00Z,soccer_usa_mls,MLS,betus,3.0,1.89,1.85,2025-03-21T11:54:55Z,2025-03-21,a37616d69841df54983aea2a81562c40_3.0
a37616d69841df54983aea2a81562c40,Orlando City SC,D.C. United,2025-03-22T23:30:00Z,soccer_usa_mls,MLS,mybookieag,2.5,1.59,2.26,2025-03-21T11:53:36Z,2025-03-21,a37616d69841df54983aea2a81562c40_2.5
a37616d69841df54983aea2a81562c40,Orlando City SC,D.C. United,2025-03-22T23:30:00Z,soccer_usa_mls,MLS,pinnacle,3.0,1.93,1.9,2025-03-21T11:54:55Z,2025-03-21,a37616d69841df54983aea2a81562c40_3.0
a37616d69841df54983aea2a81562c40,Orlando City SC,D.C. United,2025-03-22T23:30:00Z,soccer_usa_mls,MLS,williamhill,2.5,1.57,2.3,2025-03-21T11:54:56Z,2025-03-21,a37616d69841df54983aea2a81562c40_2.5
a37616d69841df54983aea2a81562c40,Orlando City SC,D.C. United,2025-03-22T23:30:00Z,soccer_usa_mls,MLS,betrivers,2.5,1.57,2.35,2025-03-21T11:54:54Z,2025-03-21,a37616d69841df54983aea2a81562c40_2.5
a37616d69841df54983aea2a81562c40,Orlando City SC,D.C. United,2025-03-22T23:30:00Z,soccer_usa_mls,MLS,unibet,2.5,1.57,2.35,2025-03-21T11:54:54Z,2025-03-21,a37616d69841df54983aea2a81562c40_2.5
a37616d69841df54983aea2a81562c40,Orlando City SC,D.C. United,2025-03-22T23:30:00Z,soccer_usa_mls,MLS,unibet_eu,2.5,1.57,2.35,2025-03-21T11:54:55Z,2025-03-21,a37616d69841df54983aea2a81562c40_2.5
a37616d69841df54983aea2a81562c40,Orlando City SC,D.C. United,2025-03-22T23:30:00Z,soccer_usa_mls,MLS,lowvig,3.0,1.92,1.9,2025-03-21T11:54:54Z,2025-03-21,a37616d69841df54983aea2a81562c40_3.0
a37616d69841df54983aea2a81562c40,Orlando City SC,D.C. United,2025-03-22T23:30:00Z,soccer_usa_mls,MLS,betonlineag,3.0,1.92,1.9,2025-03-21T11:54:54Z,2025-03-21,a37616d69841df54983aea2a81562c40_3.0
a37616d69841df54983aea2a81562c40,Orlando City SC,D.C. United,2025-03-22T23:30:00Z,soccer_usa_mls,MLS,coolbet,3.0,1.89,1.92,2025-03-21T11:54:56Z,2025-03-21,a37616d69841df54983aea2a81562c40_3.0
a37616d69841df54983aea2a81562c40,Orlando City SC,D.C. United,2025-03-22T23:30:00Z,soccer_usa_mls,MLS,playup,2.5,1.6,2.25,2025-03-21T11:54:56Z,2025-03-21,a37616d69841df54983aea2a81562c40_2.5
a37616d69841df54983aea2a81562c40,Orlando City SC,D.C. United,2025-03-22T23:30:00Z,soccer_usa_mls,MLS,betanysports,3.0,1.92,1.9,2025-03-21T11:54:55Z,2025-03-21,a37616d69841df54983aea2a81562c40_3.0
a37616d69841df54983aea2a81562c40,Orlando City SC,D.C. United,2025-03-22T23:30:00Z,soccer_usa_mls,MLS,matchbook,2.5,1.64,2.4,2025-03-21T11:54:55Z,2025-03-21,a37616d69841df54983aea2a81562c40_2.5
deb1ca48db1c4f0ed6215b80ac14fdba,New York Red Bulls,Toronto FC,2025-03-22T23:30:00Z,soccer_usa_mls,MLS,onexbet,2.5,1.84,1.97,2025-03-21T11:54:54Z,2025-03-21,deb1ca48db1c4f0ed6215b80ac14fdba_2.5
deb1ca48db1c4f0ed6215b80ac14fdba,New York Red Bulls,Toronto FC,2025-03-22T23:30:00Z,soccer_usa_mls,MLS,bovada,2.5,1.83,2.0,2025-03-21T11:54:54Z,2025-03-21,deb1ca48db1c4f0ed6215b80ac14fdba_2.5
deb1ca48db1c4f0ed6215b80ac14fdba,New York Red Bulls,Toronto FC,2025-03-22T23:30:00Z,soccer_usa_mls,MLS,nordicbet,2.5,1.83,1.98,2025-03-21T11:54:57Z,2025-03-21,deb1ca48db1c4f0ed6215b80ac14fdba_2.5
deb1ca48db1c4f0ed6215b80ac14fdba,New York Red Bulls,Toronto FC,2025-03-22T23:30:00Z,soccer_usa_mls,MLS,betsson,2.5,1.83,1.98,2025-03-21T11:54:55Z,2025-03-21,deb1ca48db1c4f0ed6215b80ac14fdba_2.5
deb1ca48db1c4f0ed6215b80ac14fdba,New York Red Bulls,Toronto FC,2025-03-22T23:30:00Z,soccer_usa_mls,MLS,betus,2.5,1.83,1.91,2025-03-21T11:54:55Z,2025-03-21,deb1ca48db1c4f0ed6215b80ac14fdba_2.5
deb1ca48db1c4f0ed6215b80ac14fdba,New York Red Bulls,Toronto FC,2025-03-22T23:30:00Z,soccer_usa_mls,MLS,pinnacle,2.5,1.83,2.01,2025-03-21T11:54:55Z,2025-03-21,deb1ca48db1c4f0ed6215b80ac14fdba_2.5
deb1ca48db1c4f0ed6215b80ac14fdba,New York Red Bulls,Toronto FC,2025-03-22T23:30:00Z,soccer_usa_mls,MLS,mybookieag,2.5,1.83,1.91,2025-03-21T11:53:36Z,2025-03-21,deb1ca48db1c4f0ed6215b80ac14fdba_2.5
deb1ca48db1c4f0ed6215b80ac14fdba,New York Red Bulls,Toronto FC,2025-03-22T23:30:00Z,soccer_usa_mls,MLS,williamhill,2.5,1.91,1.85,2025-03-21T11:54:56Z,2025-03-21,deb1ca48db1c4f0ed6215b80ac14fdba_2.5
deb1ca48db1c4f0ed6215b80ac14fdba,New York Red Bulls,Toronto FC,2025-03-22T23:30:00Z,soccer_usa_mls,MLS,unibet,2.5,1.91,1.87,2025-03-21T11:54:54Z,2025-03-21,deb1ca48db1c4f0ed6215b80ac14fdba_2.5
deb1ca48db1c4f0ed6215b80ac14fdba,New York Red Bulls,Toronto FC,2025-03-22T23:30:00Z,soccer_usa_mls,MLS,betrivers,2.5,1.91,1.87,2025-03-21T11:54:54Z,2025-03-21,deb1ca48db1c4f0ed6215b80ac14fdba_2.5
deb1ca48db1c4f0ed6215b80ac14fdba,New York Red Bulls,Toronto FC,2025-03-22T23:30:00Z,soccer_usa_mls,MLS,unibet_eu,2.5,1.91,1.87,2025-03-21T11:54:55Z,2025-03-21,deb1ca48db1c4f0ed6215b80ac14fdba_2.5
deb1ca48db1c4f0ed6215b80ac14fdba,New York Red Bulls,Toronto FC,2025-03-22T23:30:00Z,soccer_usa_mls,MLS,coolbet,2.5,1.84,1.98,2025-03-21T11:54:56Z,2025-03-21,deb1ca48db1c4f0ed6215b80ac14fdba_2.5
deb1ca48db1c4f0ed6215b80ac14fdba,New York Red Bulls,Toronto FC,2025-03-22T23:30:00Z,soccer_usa_mls,MLS,playup,2.5,1.8,1.95,2025-03-21T11:54:56Z,2025-03-21,deb1ca48db1c4f0ed6215b80ac14fdba_2.5
deb1ca48db1c4f0ed6215b80ac14fdba,New York Red Bulls,Toronto FC,2025-03-22T23:30:00Z,soccer_usa_mls,MLS,betanysports,2.5,1.83,2.0,2025-03-21T11:54:55Z,2025-03-21,deb1ca48db1c4f0ed6215b80ac14fdba_2.5
deb1ca48db1c4f0ed6215b80ac14fdba,New York Red Bulls,Toronto FC,2025-03-22T23:30:00Z,soccer_usa_mls,MLS,matchbook,2.5,1.88,2.02,2025-03-21T11:54:55Z,2025-03-21,deb1ca48db1c4f0ed6215b80ac14fdba_2.5
2f3e8156ce2c900fd7860a51efbadf46,Charlotte FC,San Jose Earthquakes,2025-03-22T23:40:00Z,soccer_usa_mls,MLS,onexbet,2.5,1.7,2.15,2025-03-21T11:54:54Z,2025-03-21,2f3e8156ce2c900fd7860a51efbadf46_2.5
2f3e8156ce2c900fd7860a51efbadf46,Charlotte FC,San Jose Earthquakes,2025-03-22T23:40:00Z,soccer_usa_mls,MLS,bovada,2.75,1.87,1.95,2025-03-21T11:54:54Z,2025-03-21,2f3e8156ce2c900fd7860a51efbadf46_2.75
2f3e8156ce2c900fd7860a51efbadf46,Charlotte FC,San Jose Earthquakes,2025-03-22T23:40:00Z,soccer_usa_mls,MLS,nordicbet,2.5,1.7,2.15,2025-03-21T11:54:57Z,2025-03-21,2f3e8156ce2c900fd7860a51efbadf46_2.5
2f3e8156ce2c900fd7860a51efbadf46,Charlotte FC,San Jose Earthquakes,2025-03-22T23:40:00Z,soccer_usa_mls,MLS,betsson,2.5,1.7,2.15,2025-03-21T11:54:55Z,2025-03-21,2f3e8156ce2c900fd7860a51efbadf46_2.5
2f3e8156ce2c900fd7860a51efbadf46,Charlotte FC,San Jose Earthquakes,2025-03-22T23:40:00Z,soccer_usa_mls,MLS,mybookieag,2.5,1.66,2.13,2025-03-21T11:53:36Z,2025-03-21,2f3e8156ce2c900fd7860a51efbadf46_2.5
2f3e8156ce2c900fd7860a51efbadf46,Charlotte FC,San Jose Earthquakes,2025-03-22T23:40:00Z,soccer_usa_mls,MLS,pinnacle,2.75,1.88,1.95,2025-03-21T11:54:55Z,2025-03-21,2f3e8156ce2c900fd7860a51efbadf46_2.75
2f3e8156ce2c900fd7860a51efbadf46,Charlotte FC,San Jose Earthquakes,2025-03-22T23:40:00Z,soccer_usa_mls,MLS,williamhill,2.5,1.67,2.15,2025-03-21T11:54:56Z,2025-03-21,2f3e8156ce2c900fd7860a51efbadf46_2.5
2f3e8156ce2c900fd7860a51efbadf46,Charlotte FC,San Jose Earthquakes,2025-03-22T23:40:00Z,soccer_usa_mls,MLS,unibet,3.5,2.8,1.42,2025-03-21T11:54:54Z,2025-03-21,2f3e8156ce2c900fd7860a51efbadf46_3.5
2f3e8156ce2c900fd7860a51efbadf46,Charlotte FC,San Jose Earthquakes,2025-03-22T23:40:00Z,soccer_usa_mls,MLS,betrivers,3.5,2.8,1.42,2025-03-21T11:54:54Z,2025-03-21,2f3e8156ce2c900fd7860a51efbadf46_3.5
2f3e8156ce2c900fd7860a51efbadf46,Charlotte FC,San Jose Earthquakes,2025-03-22T23:40:00Z,soccer_usa_mls,MLS,unibet_eu,3.5,2.8,1.42,2025-03-21T11:54:55Z,2025-03-21,2f3e8156ce2c900fd7860a51efbadf46_3.5
2f3e8156ce2c900fd7860a51efbadf46,Charlotte FC,San Jose Earthquakes,2025-03-22T23:40:00Z,soccer_usa_mls,MLS,lowvig,2.75,1.88,1.94,2025-03-21T11:54:54Z,2025-03-21,2f3e8156ce2c900fd7860a51efbadf46_2.75
2f3e8156ce2c900fd7860a51efbadf46,Charlotte FC,San Jose Earthquakes,2025-03-22T23:40:00Z,soccer_usa_mls,MLS,betonlineag,2.75,1.88,1.94,2025-03-21T11:54:54Z,2025-03-21,2f3e8156ce2c900fd7860a51efbadf46_2.75
2f3e8156ce2c900fd7860a51efbadf46,Charlotte FC,San Jose Earthquakes,2025-03-22T23:40:00Z,soccer_usa_mls,MLS,coolbet,3.0,2.1,1.74,2025-03-21T11:54:56Z,2025-03-21,2f3e8156ce2c900fd7860a51efbadf46_3.0
2f3e8156ce2c900fd7860a51efbadf46,Charlotte FC,San Jose Earthquakes,2025-03-22T23:40:00Z,soccer_usa_mls,MLS,playup,2.5,1.68,2.12,2025-03-21T11:54:56Z,2025-03-21,2f3e8156ce2c900fd7860a51efbadf46_2.5
2f3e8156ce2c900fd7860a51efbadf46,Charlotte FC,San Jose Earthquakes,2025-03-22T23:40:00Z,soccer_usa_mls,MLS,matchbook,2.5,1.7,2.34,2025-03-21T11:54:55Z,2025-03-21,2f3e8156ce2c900fd7860a51efbadf46_2.5
798c93215cb3442b75b964d27d878084,Columbus Crew SC,New York City FC,2025-03-22T23:40:00Z,soccer_usa_mls,MLS,onexbet,2.5,1.78,2.03,2025-03-21T11:54:54Z,2025-03-21,798c93215cb3442b75b964d27d878084_2.5
798c93215cb3442b75b964d27d878084,Columbus Crew SC,New York City FC,2025-03-22T23:40:00Z,soccer_usa_mls,MLS,bovada,2.75,2.0,1.83,2025-03-21T11:54:54Z,2025-03-21,798c93215cb3442b75b964d27d878084_2.75
798c93215cb3442b75b964d27d878084,Columbus Crew SC,New York City FC,2025-03-22T23:40:00Z,soccer_usa_mls,MLS,nordicbet,2.5,1.75,2.1,2025-03-21T11:54:57Z,2025-03-21,798c93215cb3442b75b964d27d878084_2.5
798c93215cb3442b75b964d27d878084,Columbus Crew SC,New York City FC,2025-03-22T23:40:00Z,soccer_usa_mls,MLS,betsson,2.5,1.75,2.1,2025-03-21T11:54:55Z,2025-03-21,798c93215cb3442b75b964d27d878084_2.5
798c93215cb3442b75b964d27d878084,Columbus Crew SC,New York City FC,2025-03-22T23:40:00Z,soccer_usa_mls,MLS,betus,2.75,1.91,1.83,2025-03-21T11:54:55Z,2025-03-21,798c93215cb3442b75b964d27d878084_2.75
798c93215cb3442b75b964d27d878084,Columbus Crew SC,New York City FC,2025-03-22T23:40:00Z,soccer_usa_mls,MLS,mybookieag,2.5,1.77,1.98,2025-03-21T11:53:36Z,2025-03-21,798c93215cb3442b75b964d27d878084_2.5
798c93215cb3442b75b964d27d878084,Columbus Crew SC,New York City FC,2025-03-22T23:40:00Z,soccer_usa_mls,MLS,pinnacle,2.75,1.95,1.88,2025-03-21T11:54:55Z,2025-03-21,798c93215cb3442b75b964d27d878084_2.75
798c93215cb3442b75b964d27d878084,Columbus Crew SC,New York City FC,2025-03-22T23:40:00Z,soccer_usa_mls,MLS,williamhill,2.5,1.75,2.0,2025-03-21T11:54:56Z,2025-03-21,798c93215cb3442b75b964d27d878084_2.5
798c93215cb3442b75b964d27d878084,Columbus Crew SC,New York City FC,2025-03-22T23:40:00Z,soccer_usa_mls,MLS,unibet,2.5,1.75,2.06,2025-03-21T11:54:54Z,2025-03-21,798c93215cb3442b75b964d27d878084_2.5
798c93215cb3442b75b964d27d878084,Columbus Crew SC,New York City FC,2025-03-22T23:40:00Z,soccer_usa_mls,MLS,betrivers,2.5,1.75,2.06,2025-03-21T11:54:54Z,2025-03-21,798c93215cb3442b75b964d27d878084_2.5
798c93215cb3442b75b964d27d878084,Columbus Crew SC,New York City FC,2025-03-22T23:40:00Z,soccer_usa_mls,MLS,unibet_eu,2.5,1.75,2.06,2025-03-21T11:54:55Z,2025-03-21,798c93215cb3442b75b964d27d878084_2.5
798c93215cb3442b75b964d27d878084,Columbus Crew SC,New York City FC,2025-03-22T23:40:00Z,soccer_usa_mls,MLS,lowvig,2.75,2.02,1.82,2025-03-21T11:54:54Z,2025-03-21,798c93215cb3442b75b964d27d878084_2.75
798c93215cb3442b75b964d27d878084,Columbus Crew SC,New York City FC,2025-03-22T23:40:00Z,soccer_usa_mls,MLS,betonlineag,2.75,2.02,1.82,2025-03-21T11:54:54Z,2025-03-21,798c93215cb3442b75b964d27d878084_2.75
798c93215cb3442b75b964d27d878084,Columbus Crew SC,New York City FC,2025-03-22T23:40:00Z,soccer_usa_mls,MLS,coolbet,2.5,1.81,2.01,2025-03-21T11:54:56Z,2025-03-21,798c93215cb3442b75b964d27d878084_2.5
798c93215cb3442b75b964d27d878084,Columbus Crew SC,New York City FC,2025-03-22T23:40:00Z,soccer_usa_mls,MLS,playup,2.5,1.72,2.05,2025-03-21T11:54:56Z,2025-03-21,798c93215cb3442b75b964d27d878084_2.5
798c93215cb3442b75b964d27d878084,Columbus Crew SC,New York City FC,2025-03-22T23:40:00Z,soccer_usa_mls,MLS,betanysports,2.75,2.02,1.82,2025-03-21T11:54:55Z,2025-03-21,798c93215cb3442b75b964d27d878084_2.75
798c93215cb3442b75b964d27d878084,Columbus Crew SC,New York City FC,2025-03-22T23:40:00Z,soccer_usa_mls,MLS,matchbook,2.5,1.76,2.14,2025-03-21T11:54:55Z,2025-03-21,798c93215cb3442b75b964d27d878084_2.5
df09b3eddda96201322ddfc255d8a46a,Philadelphia Union,St. Louis City SC,2025-03-22T23:40:00Z,soccer_usa_mls,MLS,onexbet,2.5,1.67,2.19,2025-03-21T11:54:54Z,2025-03-21,df09b3eddda96201322ddfc255d8a46a_2.5
df09b3eddda96201322ddfc255d8a46a,Philadelphia Union,St. Louis City SC,2025-03-22T23:40:00Z,soccer_usa_mls,MLS,bovada,2.75,1.82,2.02,2025-03-21T11:54:54Z,2025-03-21,df09b3eddda96201322ddfc255d8a46a_2.75
df09b3eddda96201322ddfc255d8a46a,Philadelphia Union,St. Louis City SC,2025-03-22T23:40:00Z,soccer_usa_mls,MLS,betsson,2.5,1.68,2.2,2025-03-21T11:54:55Z,2025-03-21,df09b3eddda96201322ddfc255d8a46a_2.5
df09b3eddda96201322ddfc255d8a46a,Philadelphia Union,St. Louis City SC,2025-03-22T23:40:00Z,soccer_usa_mls,MLS,nordicbet,2.5,1.68,2.2,2025-03-21T11:54:57Z,2025-03-21,df09b3eddda96201322ddfc255d8a46a_2.5
df09b3eddda96201322ddfc255d8a46a,Philadelphia Union,St. Louis City SC,2025-03-22T23:40:00Z,soccer_usa_mls,MLS,mybookieag,2.5,1.63,2.19,2025-03-21T11:53:36Z,2025-03-21,df09b3eddda96201322ddfc255d8a46a_2.5
df09b3eddda96201322ddfc255d8a46a,Philadelphia Union,St. Louis City SC,2025-03-22T23:40:00Z,soccer_usa_mls,MLS,pinnacle,2.75,1.83,2.01,2025-03-21T11:54:55Z,2025-03-21,df09b3eddda96201322ddfc255d8a46a_2.75
df09b3eddda96201322ddfc255d8a46a,Philadelphia Union,St. Louis City SC,2025-03-22T23:40:00Z,soccer_usa_mls,MLS,williamhill,2.5,1.62,2.2,2025-03-21T11:54:56Z,2025-03-21,df09b3eddda96201322ddfc255d8a46a_2.5
df09b3eddda96201322ddfc255d8a46a,Philadelphia Union,St. Louis City SC,2025-03-22T23:40:00Z,soccer_usa_mls,MLS,betrivers,3.5,2.85,1.42,2025-03-21T11:54:54Z,2025-03-21,df09b3eddda96201322ddfc255d8a46a_3.5
df09b3eddda96201322ddfc255d8a46a,Philadelphia Union,St. Louis City SC,2025-03-22T23:40:00Z,soccer_usa_mls,MLS,unibet,3.5,2.85,1.42,2025-03-21T11:54:54Z,2025-03-21,df09b3eddda96201322ddfc255d8a46a_3.5
df09b3eddda96201322ddfc255d8a46a,Philadelphia Union,St. Louis City SC,2025-03-22T23:40:00Z,soccer_usa_mls,MLS,unibet_eu,3.5,2.85,1.42,2025-03-21T11:54:55Z,2025-03-21,df09b3eddda96201322ddfc255d8a46a_3.5
df09b3eddda96201322ddfc255d8a46a,Philadelphia Union,St. Louis City SC,2025-03-22T23:40:00Z,soccer_usa_mls,MLS,lowvig,2.75,1.83,2.0,2025-03-21T11:54:54Z,2025-03-21,df09b3eddda96201322ddfc255d8a46a_2.75
df09b3eddda96201322ddfc255d8a46a,Philadelphia Union,St. Louis City SC,2025-03-22T23:40:00Z,soccer_usa_mls,MLS,betonlineag,2.75,1.83,2.0,2025-03-21T11:54:54Z,2025-03-21,df09b3eddda96201322ddfc255d8a46a_2.75
df09b3eddda96201322ddfc255d8a46a,Philadelphia Union,St. Louis City SC,2025-03-22T23:40:00Z,soccer_usa_mls,MLS,coolbet,3.0,1.99,1.83,2025-03-21T11:54:56Z,2025-03-21,df09b3eddda96201322ddfc255d8a46a_3.0
df09b3eddda96201322ddfc255d8a46a,Philadelphia Union,St. Louis City SC,2025-03-22T23:40:00Z,soccer_usa_mls,MLS,betus,2.75,1.84,1.9,2025-03-21T11:54:55Z,2025-03-21,df09b3eddda96201322ddfc255d8a46a_2.75
df09b3eddda96201322ddfc255d8a46a,Philadelphia Union,St. Louis City SC,2025-03-22T23:40:00Z,soccer_usa_mls,MLS,playup,2.5,1.65,2.15,2025-03-21T11:54:56Z,2025-03-21,df09b3eddda96201322ddfc255d8a46a_2.5
df09b3eddda96201322ddfc255d8a46a,Philadelphia Union,St. Louis City SC,2025-03-22T23:40:00Z,soccer_usa_mls,MLS,matchbook,2.5,1.68,2.22,2025-03-21T11:54:55Z,2025-03-21,df09b3eddda96201322ddfc255d8a46a_2.5
df09b3eddda96201322ddfc255d8a46a,Philadelphia Union,St. Louis City SC,2025-03-22T23:40:00Z,soccer_usa_mls,MLS,betanysports,2.75,1.83,2.0,2025-03-21T11:54:55Z,2025-03-21,df09b3eddda96201322ddfc255d8a46a_2.75
41c3583ff15614ab38f0069ddc89e25f,Nashville SC,CF Montreal,2025-03-23T00:30:00Z,soccer_usa_mls,MLS,onexbet,2.5,1.77,2.05,2025-03-21T11:54:54Z,2025-03-21,41c3583ff15614ab38f0069ddc89e25f_2.5
41c3583ff15614ab38f0069ddc89e25f,Nashville SC,CF Montreal,2025-03-23T00:30:00Z,soccer_usa_mls,MLS,bovada,2.75,1.91,1.91,2025-03-21T11:54:54Z,2025-03-21,41c3583ff15614ab38f0069ddc89e25f_2.75
41c3583ff15614ab38f0069ddc89e25f,Nashville SC,CF Montreal,2025-03-23T00:30:00Z,soccer_usa_mls,MLS,betsson,2.5,1.78,2.05,2025-03-21T11:54:55Z,2025-03-21,41c3583ff15614ab38f0069ddc89e25f_2.5
41c3583ff15614ab38f0069ddc89e25f,Nashville SC,CF Montreal,2025-03-23T00:30:00Z,soccer_usa_mls,MLS,nordicbet,2.5,1.78,2.05,2025-03-21T11:54:57Z,2025-03-21,41c3583ff15614ab38f0069ddc89e25f_2.5
41c3583ff15614ab38f0069ddc89e25f,Nashville SC,CF Montreal,2025-03-23T00:30:00Z,soccer_usa_mls,MLS,betus,2.75,1.87,1.87,2025-03-21T11:54:55Z,2025-03-21,41c3583ff15614ab38f0069ddc89e25f_2.75
41c3583ff15614ab38f0069ddc89e25f,Nashville SC,CF Montreal,2025-03-23T00:30:00Z,soccer_usa_mls,MLS,mybookieag,2.5,1.7,2.07,2025-03-21T11:53:36Z,2025-03-21,41c3583ff15614ab38f0069ddc89e25f_2.5
41c3583ff15614ab38f0069ddc89e25f,Nashville SC,CF Montreal,2025-03-23T00:30:00Z,soccer_usa_mls,MLS,pinnacle,2.75,1.93,1.91,2025-03-21T11:54:55Z,2025-03-21,41c3583ff15614ab38f0069ddc89e25f_2.75
41c3583ff15614ab38f0069ddc89e25f,Nashville SC,CF Montreal,2025-03-23T00:30:00Z,soccer_usa_mls,MLS,williamhill,2.5,1.7,2.05,2025-03-21T11:54:56Z,2025-03-21,41c3583ff15614ab38f0069ddc89e25f_2.5
41c3583ff15614ab38f0069ddc89e25f,Nashville SC,CF Montreal,2025-03-23T00:30:00Z,soccer_usa_mls,MLS,betrivers,2.5,1.68,2.16,2025-03-21T11:54:54Z,2025-03-21,41c3583ff15614ab38f0069ddc89e25f_2.5
41c3583ff15614ab38f0069ddc89e25f,Nashville SC,CF Montreal,2025-03-23T00:30:00Z,soccer_usa_mls,MLS,unibet_eu,2.5,1.68,2.16,2025-03-21T11:54:55Z,2025-03-21,41c3583ff15614ab38f0069ddc89e25f_2.5
41c3583ff15614ab38f0069ddc89e25f,Nashville SC,CF Montreal,2025-03-23T00:30:00Z,soccer_usa_mls,MLS,unibet,2.5,1.68,2.16,2025-03-21T11:54:54Z,2025-03-21,41c3583ff15614ab38f0069ddc89e25f_2.5
41c3583ff15614ab38f0069ddc89e25f,Nashville SC,CF Montreal,2025-03-23T00:30:00Z,soccer_usa_mls,MLS,betonlineag,2.75,1.92,1.9,2025-03-21T11:54:54Z,2025-03-21,41c3583ff15614ab38f0069ddc89e25f_2.75
41c3583ff15614ab38f0069ddc89e25f,Nashville SC,CF Montreal,2025-03-23T00:30:00Z,soccer_usa_mls,MLS,lowvig,2.75,1.92,1.9,2025-03-21T11:54:54Z,2025-03-21,41c3583ff15614ab38f0069ddc89e25f_2.75
41c3583ff15614ab38f0069ddc89e25f,Nashville SC,CF Montreal,2025-03-23T00:30:00Z,soccer_usa_mls,MLS,playup,2.5,1.75,2.02,2025-03-21T11:54:56Z,2025-03-21,41c3583ff15614ab38f0069ddc89e25f_2.5
41c3583ff15614ab38f0069ddc89e25f,Nashville SC,CF Montreal,2025-03-23T00:30:00Z,soccer_usa_mls,MLS,betanysports,2.75,1.92,1.9,2025-03-21T11:54:55Z,2025-03-21,41c3583ff15614ab38f0069ddc89e25f_2.75
5f0c6089c20de7d39762fdaeaad908f0,Sporting Kansas City,Los Angeles FC,2025-03-23T00:30:00Z,soccer_usa_mls,MLS,onexbet,2.5,1.83,1.98,2025-03-21T11:54:54Z,2025-03-21,5f0c6089c20de7d39762fdaeaad908f0_2.5
5f0c6089c20de7d39762fdaeaad908f0,Sporting Kansas City,Los Angeles FC,2025-03-23T00:30:00Z,soccer_usa_mls,MLS,bovada,2.5,1.82,2.02,2025-03-21T11:54:54Z,2025-03-21,5f0c6089c20de7d39762fdaeaad908f0_2.5
5f0c6089c20de7d39762fdaeaad908f0,Sporting Kansas City,Los Angeles FC,2025-03-23T00:30:00Z,soccer_usa_mls,MLS,betsson,2.5,1.85,1.96,2025-03-21T11:54:55Z,2025-03-21,5f0c6089c20de7d39762fdaeaad908f0_2.5
5f0c6089c20de7d39762fdaeaad908f0,Sporting Kansas City,Los Angeles FC,2025-03-23T00:30:00Z,soccer_usa_mls,MLS,nordicbet,2.5,1.85,1.96,2025-03-21T11:54:57Z,2025-03-21,5f0c6089c20de7d39762fdaeaad908f0_2.5
5f0c6089c20de7d39762fdaeaad908f0,Sporting Kansas City,Los Angeles FC,2025-03-23T00:30:00Z,soccer_usa_mls,MLS,betus,2.5,1.83,1.91,2025-03-21T11:54:55Z,2025-03-21,5f0c6089c20de7d39762fdaeaad908f0_2.5
5f0c6089c20de7d39762fdaeaad908f0,Sporting Kansas City,Los Angeles FC,2025-03-23T00:30:00Z,soccer_usa_mls,MLS,mybookieag,2.5,1.78,1.97,2025-03-21T11:53:36Z,2025-03-21,5f0c6089c20de7d39762fdaeaad908f0_2.5
5f0c6089c20de7d39762fdaeaad908f0,Sporting Kansas City,Los Angeles FC,2025-03-23T00:30:00Z,soccer_usa_mls,MLS,pinnacle,2.5,1.85,2.0,2025-03-21T11:54:55Z,2025-03-21,5f0c6089c20de7d39762fdaeaad908f0_2.5
5f0c6089c20de7d39762fdaeaad908f0,Sporting Kansas City,Los Angeles FC,2025-03-23T00:30:00Z,soccer_usa_mls,MLS,williamhill,2.5,1.75,1.95,2025-03-21T11:54:56Z,2025-03-21,5f0c6089c20de7d39762fdaeaad908f0_2.5
5f0c6089c20de7d39762fdaeaad908f0,Sporting Kansas City,Los Angeles FC,2025-03-23T00:30:00Z,soccer_usa_mls,MLS,betrivers,2.5,1.74,2.06,2025-03-21T11:54:54Z,2025-03-21,5f0c6089c20de7d39762fdaeaad908f0_2.5
5f0c6089c20de7d39762fdaeaad908f0,Sporting Kansas City,Los Angeles FC,2025-03-23T00:30:00Z,soccer_usa_mls,MLS,unibet_eu,2.5,1.74,2.06,2025-03-21T11:54:55Z,2025-03-21,5f0c6089c20de7d39762fdaeaad908f0_2.5
5f0c6089c20de7d39762fdaeaad908f0,Sporting Kansas City,Los Angeles FC,2025-03-23T00:30:00Z,soccer_usa_mls,MLS,unibet,2.5,1.74,2.06,2025-03-21T11:54:54Z,2025-03-21,5f0c6089c20de7d39762fdaeaad908f0_2.5
5f0c6089c20de7d39762fdaeaad908f0,Sporting Kansas City,Los Angeles FC,2025-03-23T00:30:00Z,soccer_usa_mls,MLS,lowvig,2.5,1.83,2.0,2025-03-21T11:54:54Z,2025-03-21,5f0c6089c20de7d39762fdaeaad908f0_2.5
5f0c6089c20de7d39762fdaeaad908f0,Sporting Kansas City,Los Angeles FC,2025-03-23T00:30:00Z,soccer_usa_mls,MLS,betonlineag,2.5,1.83,2.0,2025-03-21T11:54:54Z,2025-03-21,5f0c6089c20de7d39762fdaeaad908f0_2.5
5f0c6089c20de7d39762fdaeaad908f0,Sporting Kansas City,Los Angeles FC,2025-03-23T00:30:00Z,soccer_usa_mls,MLS,coolbet,2.5,1.8,2.02,2025-03-21T11:54:56Z,2025-03-21,5f0c6089c20de7d39762fdaeaad908f0_2.5
5f0c6089c20de7d39762fdaeaad908f0,Sporting Kansas City,Los Angeles FC,2025-03-23T00:30:00Z,soccer_usa_mls,MLS,playup,2.5,1.82,1.93,2025-03-21T11:54:56Z,2025-03-21,5f0c6089c20de7d39762fdaeaad908f0_2.5
5f0c6089c20de7d39762fdaeaad908f0,Sporting Kansas City,Los Angeles FC,2025-03-23T00:30:00Z,soccer_usa_mls,MLS,betanysports,2.5,1.83,2.0,2025-03-21T11:54:55Z,2025-03-21,5f0c6089c20de7d39762fdaeaad908f0_2.5
5f0c6089c20de7d39762fdaeaad908f0,Sporting Kansas City,Los Angeles FC,2025-03-23T00:30:00Z,soccer_usa_mls,MLS,matchbook,2.5,1.85,2.02,2025-03-21T11:54:55Z,2025-03-21,5f0c6089c20de7d39762fdaeaad908f0_2.5
b3ac653e5448ab0a2693876e1bfb7d46,Colorado Rapids,Portland Timbers,2025-03-23T01:30:00Z,soccer_usa_mls,MLS,onexbet,2.5,1.63,2.25,2025-03-21T11:54:54Z,2025-03-21,b3ac653e5448ab0a2693876e1bfb7d46_2.5
b3ac653e5448ab0a2693876e1bfb7d46,Colorado Rapids,Portland Timbers,2025-03-23T01:30:00Z,soccer_usa_mls,MLS,bovada,3.0,2.02,1.82,2025-03-21T11:54:54Z,2025-03-21,b3ac653e5448ab0a2693876e1bfb7d46_3.0
b3ac653e5448ab0a2693876e1bfb7d46,Colorado Rapids,Portland Timbers,2025-03-23T01:30:00Z,soccer_usa_mls,MLS,betsson,2.5,1.6,2.35,2025-03-21T11:54:55Z,2025-03-21,b3ac653e5448ab0a2693876e1bfb7d46_2.5
b3ac653e5448ab0a2693876e1bfb7d46,Colorado Rapids,Portland Timbers,2025-03-23T01:30:00Z,soccer_usa_mls,MLS,nordicbet,2.5,1.6,2.35,2025-03-21T11:54:57Z,2025-03-21,b3ac653e5448ab0a2693876e1bfb7d46_2.5
b3ac653e5448ab0a2693876e1bfb7d46,Colorado Rapids,Portland Timbers,2025-03-23T01:30:00Z,soccer_usa_mls,MLS,mybookieag,2.5,1.61,2.23,2025-03-21T11:53:36Z,2025-03-21,b3ac653e5448ab0a2693876e1bfb7d46_2.5
b3ac653e5448ab0a2693876e1bfb7d46,Colorado Rapids,Portland Timbers,2025-03-23T01:30:00Z,soccer_usa_mls,MLS,pinnacle,3.0,1.99,1.85,2025-03-21T11:54:55Z,2025-03-21,b3ac653e5448ab0a2693876e1bfb7d46_3.0
b3ac653e5448ab0a2693876e1bfb7d46,Colorado Rapids,Portland Timbers,2025-03-23T01:30:00Z,soccer_usa_mls,MLS,williamhill,2.5,1.6,2.25,2025-03-21T11:54:56Z,2025-03-21,b3ac653e5448ab0a2693876e1bfb7d46_2.5
b3ac653e5448ab0a2693876e1bfb7d46,Colorado Rapids,Portland Timbers,2025-03-23T01:30:00Z,soccer_usa_mls,MLS,unibet,3.5,2.55,1.5,2025-03-21T11:54:54Z,2025-03-21,b3ac653e5448ab0a2693876e1bfb7d46_3.5
b3ac653e5448ab0a2693876e1bfb7d46,Colorado Rapids,Portland Timbers,2025-03-23T01:30:00Z,soccer_usa_mls,MLS,betrivers,3.5,2.55,1.5,2025-03-21T11:54:54Z,2025-03-21,b3ac653e5448ab0a2693876e1bfb7d46_3.5
b3ac653e5448ab0a2693876e1bfb7d46,Colorado Rapids,Portland Timbers,2025-03-23T01:30:00Z,soccer_usa_mls,MLS,unibet_eu,3.5,2.55,1.5,2025-03-21T11:54:55Z,2025-03-21,b3ac653e5448ab0a2693876e1bfb7d46_3.5
b3ac653e5448ab0a2693876e1bfb7d46,Colorado Rapids,Portland Timbers,2025-03-23T01:30:00Z,soccer_usa_mls,MLS,betonlineag,3.0,1.98,1.85,2025-03-21T11:54:54Z,2025-03-21,b3ac653e5448ab0a2693876e1bfb7d46_3.0
b3ac653e5448ab0a2693876e1bfb7d46,Colorado Rapids,Portland Timbers,2025-03-23T01:30:00Z,soccer_usa_mls,MLS,lowvig,3.0,1.98,1.85,2025-03-21T11:54:54Z,2025-03-21,b3ac653e5448ab0a2693876e1bfb7d46_3.0
b3ac653e5448ab0a2693876e1bfb7d46,Colorado Rapids,Portland Timbers,2025-03-23T01:30:00Z,soccer_usa_mls,MLS,coolbet,3.0,2.02,1.81,2025-03-21T11:54:56Z,2025-03-21,b3ac653e5448ab0a2693876e1bfb7d46_3.0
b3ac653e5448ab0a2693876e1bfb7d46,Colorado Rapids,Portland Timbers,2025-03-23T01:30:00Z,soccer_usa_mls,MLS,playup,2.5,1.58,2.28,2025-03-21T11:54:56Z,2025-03-21,b3ac653e5448ab0a2693876e1bfb7d46_2.5
b3ac653e5448ab0a2693876e1bfb7d46,Colorado Rapids,Portland Timbers,2025-03-23T01:30:00Z,soccer_usa_mls,MLS,matchbook,2.5,1.65,2.32,2025-03-21T11:54:55Z,2025-03-21,b3ac653e5448ab0a2693876e1bfb7d46_2.5
021fc1cc8ba6850801ffa8fad8da0f7e,Real Salt Lake,FC Dallas,2025-03-23T01:40:00Z,soccer_usa_mls,MLS,onexbet,2.5,1.71,2.13,2025-03-21T11:54:54Z,2025-03-21,021fc1cc8ba6850801ffa8fad8da0f7e_2.5
021fc1cc8ba6850801ffa8fad8da0f7e,Real Salt Lake,FC Dallas,2025-03-23T01:40:00Z,soccer_usa_mls,MLS,bovada,2.75,1.87,1.95,2025-03-21T11:54:54Z,2025-03-21,021fc1cc8ba6850801ffa8fad8da0f7e_2.75
021fc1cc8ba6850801ffa8fad8da0f7e,Real Salt Lake,FC Dallas,2025-03-23T01:40:00Z,soccer_usa_mls,MLS,betsson,2.5,1.7,2.15,2025-03-21T11:54:55Z,2025-03-21,021fc1cc8ba6850801ffa8fad8da0f7e_2.5
021fc1cc8ba6850801ffa8fad8da0f7e,Real Salt Lake,FC Dallas,2025-03-23T01:40:00Z,soccer_usa_mls,MLS,nordicbet,2.5,1.7,2.15,2025-03-21T11:54:57Z,2025-03-21,021fc1cc8ba6850801ffa8fad8da0f7e_2.5
021fc1cc8ba6850801ffa8fad8da0f7e,Real Salt Lake,FC Dallas,2025-03-23T01:40:00Z,soccer_usa_mls,MLS,betus,2.75,1.87,1.87,2025-03-21T11:54:55Z,2025-03-21,021fc1cc8ba6850801ffa8fad8da0f7e_2.75
021fc1cc8ba6850801ffa8fad8da0f7e,Real Salt Lake,FC Dallas,2025-03-23T01:40:00Z,soccer_usa_mls,MLS,pinnacle,2.75,1.88,1.96,2025-03-21T11:54:55Z,2025-03-21,021fc1cc8ba6850801ffa8fad8da0f7e_2.75
021fc1cc8ba6850801ffa8fad8da0f7e,Real Salt Lake,FC Dallas,2025-03-23T01:40:00Z,soccer_usa_mls,MLS,mybookieag,2.5,1.67,2.12,2025-03-21T11:53:36Z,2025-03-21,021fc1cc8ba6850801ffa8fad8da0f7e_2.5
021fc1cc8ba6850801ffa8fad8da0f7e,Real Salt Lake,FC Dallas,2025-03-23T01:40:00Z,soccer_usa_mls,MLS,williamhill,2.5,1.67,2.15,2025-03-21T11:54:56Z,2025-03-21,021fc1cc8ba6850801ffa8fad8da0f7e_2.5
021fc1cc8ba6850801ffa8fad8da0f7e,Real Salt Lake,FC Dallas,2025-03-23T01:40:00Z,soccer_usa_mls,MLS,betrivers,2.5,1.64,2.23,2025-03-21T11:54:54Z,2025-03-21,021fc1cc8ba6850801ffa8fad8da0f7e_2.5
021fc1cc8ba6850801ffa8fad8da0f7e,Real Salt Lake,FC Dallas,2025-03-23T01:40:00Z,soccer_usa_mls,MLS,unibet,2.5,1.64,2.23,2025-03-21T11:54:54Z,2025-03-21,021fc1cc8ba6850801ffa8fad8da0f7e_2.5
021fc1cc8ba6850801ffa8fad8da0f7e,Real Salt Lake,FC Dallas,2025-03-23T01:40:00Z,soccer_usa_mls,MLS,unibet_eu,2.5,1.64,2.23,2025-03-21T11:54:55Z,2025-03-21,021fc1cc8ba6850801ffa8fad8da0f7e_2.5
021fc1cc8ba6850801ffa8fad8da0f7e,Real Salt Lake,FC Dallas,2025-03-23T01:40:00Z,soccer_usa_mls,MLS,lowvig,2.75,1.87,1.95,2025-03-21T11:54:54Z,2025-03-21,021fc1cc8ba6850801ffa8fad8da0f7e_2.75
021fc1cc8ba6850801ffa8fad8da0f7e,Real Salt Lake,FC Dallas,2025-03-23T01:40:00Z,soccer_usa_mls,MLS,betonlineag,2.75,1.87,1.95,2025-03-21T11:54:54Z,2025-03-21,021fc1cc8ba6850801ffa8fad8da0f7e_2.75
021fc1cc8ba6850801ffa8fad8da0f7e,Real Salt Lake,FC Dallas,2025-03-23T01:40:00Z,soccer_usa_mls,MLS,playup,2.5,1.68,2.1,2025-03-21T11:54:56Z,2025-03-21,021fc1cc8ba6850801ffa8fad8da0f7e_2.5
021fc1cc8ba6850801ffa8fad8da0f7e,Real Salt Lake,FC Dallas,2025-03-23T01:40:00Z,soccer_usa_mls,MLS,betanysports,2.75,1.87,1.95,2025-03-21T11:54:55Z,2025-03-21,021fc1cc8ba6850801ffa8fad8da0f7e_2.75
021fc1cc8ba6850801ffa8fad8da0f7e,Real Salt Lake,FC Dallas,2025-03-23T01:40:00Z,soccer_usa_mls,MLS,matchbook,2.5,1.73,2.22,2025-03-21T11:54:55Z,2025-03-21,021fc1cc8ba6850801ffa8fad8da0f7e_2.5
b0fb6a59e030fc7506564329d271d2b3,Vancouver Whitecaps FC,Chicago Fire,2025-03-23T02:30:00Z,soccer_usa_mls,MLS,onexbet,2.5,1.75,2.08,2025-03-21T11:54:54Z,2025-03-21,b0fb6a59e030fc7506564329d271d2b3_2.5
b0fb6a59e030fc7506564329d271d2b3,Vancouver Whitecaps FC,Chicago Fire,2025-03-23T02:30:00Z,soccer_usa_mls,MLS,bovada,2.75,1.91,1.91,2025-03-21T11:54:54Z,2025-03-21,b0fb6a59e030fc7506564329d271d2b3_2.75
b0fb6a59e030fc7506564329d271d2b3,Vancouver Whitecaps FC,Chicago Fire,2025-03-23T02:30:00Z,soccer_usa_mls,MLS,nordicbet,2.5,1.75,2.1,2025-03-21T11:54:57Z,2025-03-21,b0fb6a59e030fc7506564329d271d2b3_2.5
b0fb6a59e030fc7506564329d271d2b3,Vancouver Whitecaps FC,Chicago Fire,2025-03-23T02:30:00Z,soccer_usa_mls,MLS,betsson,2.5,1.75,2.1,2025-03-21T11:54:55Z,2025-03-21,b0fb6a59e030fc7506564329d271d2b3_2.5
b0fb6a59e030fc7506564329d271d2b3,Vancouver Whitecaps FC,Chicago Fire,2025-03-23T02:30:00Z,soccer_usa_mls,MLS,pinnacle,2.75,1.95,1.88,2025-03-21T11:54:55Z,2025-03-21,b0fb6a59e030fc7506564329d271d2b3_2.75
b0fb6a59e030fc7506564329d271d2b3,Vancouver Whitecaps FC,Chicago Fire,2025-03-23T02:30:00Z,soccer_usa_mls,MLS,mybookieag,2.5,1.68,2.1,2025-03-21T11:53:36Z,2025-03-21,b0fb6a59e030fc7506564329d271d2b3_2.5
b0fb6a59e030fc7506564329d271d2b3,Vancouver Whitecaps FC,Chicago Fire,2025-03-23T02:30:00Z,soccer_usa_mls,MLS,williamhill,2.5,1.67,2.1,2025-03-21T11:54:56Z,2025-03-21,b0fb6a59e030fc7506564329d271d2b3_2.5
b0fb6a59e030fc7506564329d271d2b3,Vancouver Whitecaps FC,Chicago Fire,2025-03-23T02:30:00Z,soccer_usa_mls,MLS,unibet,3.5,2.8,1.43,2025-03-21T11:54:54Z,2025-03-21,b0fb6a59e030fc7506564329d271d2b3_3.5
b0fb6a59e030fc7506564329d271d2b3,Vancouver Whitecaps FC,Chicago Fire,2025-03-23T02:30:00Z,soccer_usa_mls,MLS,unibet_eu,3.5,2.8,1.43,2025-03-21T11:54:55Z,2025-03-21,b0fb6a59e030fc7506564329d271d2b3_3.5
b0fb6a59e030fc7506564329d271d2b3,Vancouver Whitecaps FC,Chicago Fire,2025-03-23T02:30:00Z,soccer_usa_mls,MLS,betrivers,3.5,2.8,1.43,2025-03-21T11:54:54Z,2025-03-21,b0fb6a59e030fc7506564329d271d2b3_3.5
b0fb6a59e030fc7506564329d271d2b3,Vancouver Whitecaps FC,Chicago Fire,2025-03-23T02:30:00Z,soccer_usa_mls,MLS,lowvig,2.75,1.95,1.87,2025-03-21T11:54:54Z,2025-03-21,b0fb6a59e030fc7506564329d271d2b3_2.75
b0fb6a59e030fc7506564329d271d2b3,Vancouver Whitecaps FC,Chicago Fire,2025-03-23T02:30:00Z,soccer_usa_mls,MLS,betonlineag,2.75,1.95,1.87,2025-03-21T11:54:54Z,2025-03-21,b0fb6a59e030fc7506564329d271d2b3_2.75
b0fb6a59e030fc7506564329d271d2b3,Vancouver Whitecaps FC,Chicago Fire,2025-03-23T02:30:00Z,soccer_usa_mls,MLS,coolbet,3.0,2.04,1.79,2025-03-21T11:54:56Z,2025-03-21,b0fb6a59e030fc7506564329d271d2b3_3.0
b0fb6a59e030fc7506564329d271d2b3,Vancouver Whitecaps FC,Chicago Fire,2025-03-23T02:30:00Z,soccer_usa_mls,MLS,playup,2.5,1.72,2.05,2025-03-21T11:54:56Z,2025-03-21,b0fb6a59e030fc7506564329d271d2b3_2.5
b0fb6a59e030fc7506564329d271d2b3,Vancouver Whitecaps FC,Chicago Fire,2025-03-23T02:30:00Z,soccer_usa_mls,MLS,matchbook,2.5,1.72,2.1,2025-03-21T11:54:55Z,2025-03-21,b0fb6a59e030fc7506564329d271d2b3_2.5
85753a43d779f7503be554d53047c5a0,Seattle Sounders FC,Houston Dynamo,2025-03-23T02:40:00Z,soccer_usa_mls,MLS,onexbet,2.5,2.03,1.78,2025-03-21T11:54:54Z,2025-03-21,85753a43d779f7503be554d53047c5a0_2.5
85753a43d779f7503be554d53047c5a0,Seattle Sounders FC,Houston Dynamo,2025-03-23T02:40:00Z,soccer_usa_mls,MLS,bovada,2.25,1.85,1.98,2025-03-21T11:54:54Z,2025-03-21,85753a43d779f7503be554d53047c5a0_2.25
85753a43d779f7503be554d53047c5a0,Seattle Sounders FC,Houston Dynamo,2025-03-23T02:40:00Z,soccer_usa_mls,MLS,nordicbet,2.5,2.05,1.78,2025-03-21T11:54:57Z,2025-03-21,85753a43d779f7503be554d53047c5a0_2.5
85753a43d779f7503be554d53047c5a0,Seattle Sounders FC,Houston Dynamo,2025-03-23T02:40:00Z,soccer_usa_mls,MLS,betsson,2.5,2.05,1.78,2025-03-21T11:54:55Z,2025-03-21,85753a43d779f7503be554d53047c5a0_2.5
85753a43d779f7503be554d53047c5a0,Seattle Sounders FC,Houston Dynamo,2025-03-23T02:40:00Z,soccer_usa_mls,MLS,pinnacle,2.25,1.82,2.03,2025-03-21T11:54:55Z,2025-03-21,85753a43d779f7503be554d53047c5a0_2.25
85753a43d779f7503be554d53047c5a0,Seattle Sounders FC,Houston Dynamo,2025-03-23T02:40:00Z,soccer_usa_mls,MLS,mybookieag,2.5,2.05,1.72,2025-03-21T11:53:36Z,2025-03-21,85753a43d779f7503be554d53047c5a0_2.5
85753a43d779f7503be554d53047c5a0,Seattle Sounders FC,Houston Dynamo,2025-03-23T02:40:00Z,soccer_usa_mls,MLS,williamhill,2.5,2.05,1.73,2025-03-21T11:54:56Z,2025-03-21,85753a43d779f7503be554d53047c5a0_2.5
85753a43d779f7503be554d53047c5a0,Seattle Sounders FC,Houston Dynamo,2025-03-23T02:40:00Z,soccer_usa_mls,MLS,unibet,2.5,2.07,1.74,2025-03-21T11:54:54Z,2025-03-21,85753a43d779f7503be554d53047c5a0_2.5
85753a43d779f7503be554d53047c5a0,Seattle Sounders FC,Houston Dynamo,2025-03-23T02:40:00Z,soccer_usa_mls,MLS,unibet_eu,2.5,2.07,1.74,2025-03-21T11:54:55Z,2025-03-21,85753a43d779f7503be554d53047c5a0_2.5
85753a43d779f7503be554d53047c5a0,Seattle Sounders FC,Houston Dynamo,2025-03-23T02:40:00Z,soccer_usa_mls,MLS,betrivers,2.5,2.07,1.74,2025-03-21T11:54:54Z,2025-03-21,85753a43d779f7503be554d53047c5a0_2.5
85753a43d779f7503be554d53047c5a0,Seattle Sounders FC,Houston Dynamo,2025-03-23T02:40:00Z,soccer_usa_mls,MLS,lowvig,2.25,1.82,2.02,2025-03-21T11:54:54Z,2025-03-21,85753a43d779f7503be554d53047c5a0_2.25
85753a43d779f7503be554d53047c5a0,Seattle Sounders FC,Houston Dynamo,2025-03-23T02:40:00Z,soccer_usa_mls,MLS,betonlineag,2.25,1.82,2.02,2025-03-21T11:54:54Z,2025-03-21,85753a43d779f7503be554d53047c5a0_2.25
85753a43d779f7503be554d53047c5a0,Seattle Sounders FC,Houston Dynamo,2025-03-23T02:40:00Z,soccer_usa_mls,MLS,coolbet,2.5,2.08,1.76,2025-03-21T11:54:56Z,2025-03-21,85753a43d779f7503be554d53047c5a0_2.5
85753a43d779f7503be554d53047c5a0,Seattle Sounders FC,Houston Dynamo,2025-03-23T02:40:00Z,soccer_usa_mls,MLS,playup,2.5,2.0,1.75,2025-03-21T11:54:56Z,2025-03-21,85753a43d779f7503be554d53047c5a0_2.5
85753a43d779f7503be554d53047c5a0,Seattle Sounders FC,Houston Dynamo,2025-03-23T02:40:00Z,soccer_usa_mls,MLS,matchbook,2.5,2.06,1.75,2025-03-21T11:54:55Z,2025-03-21,85753a43d779f7503be554d53047c5a0_2.5
d8accb2ef85459a0d382cce90358b4bd,Gwangju FC,Pohang Steelers,2025-03-22T07:30:00Z,soccer_korea_kleague1,K League 1,nordicbet,2.5,2.19,1.63,2025-03-21T11:55:16Z,2025-03-21,d8accb2ef85459a0d382cce90358b4bd_2.5
d8accb2ef85459a0d382cce90358b4bd,Gwangju FC,Pohang Steelers,2025-03-22T07:30:00Z,soccer_korea_kleague1,K League 1,betsson,2.5,2.19,1.63,2025-03-21T11:55:14Z,2025-03-21,d8accb2ef85459a0d382cce90358b4bd_2.5
d8accb2ef85459a0d382cce90358b4bd,Gwangju FC,Pohang Steelers,2025-03-22T07:30:00Z,soccer_korea_kleague1,K League 1,pinnacle,2.25,1.98,1.89,2025-03-21T11:55:13Z,2025-03-21,d8accb2ef85459a0d382cce90358b4bd_2.25
d8accb2ef85459a0d382cce90358b4bd,Gwangju FC,Pohang Steelers,2025-03-22T07:30:00Z,soccer_korea_kleague1,K League 1,onexbet,2.5,2.23,1.65,2025-03-21T11:55:13Z,2025-03-21,d8accb2ef85459a0d382cce90358b4bd_2.5
d8accb2ef85459a0d382cce90358b4bd,Gwangju FC,Pohang Steelers,2025-03-22T07:30:00Z,soccer_korea_kleague1,K League 1,williamhill,2.5,2.2,1.62,2025-03-21T11:53:53Z,2025-03-21,d8accb2ef85459a0d382cce90358b4bd_2.5
d8accb2ef85459a0d382cce90358b4bd,Gwangju FC,Pohang Steelers,2025-03-22T07:30:00Z,soccer_korea_kleague1,K League 1,tipico_de,2.5,2.15,1.62,2025-03-21T11:55:15Z,2025-03-21,d8accb2ef85459a0d382cce90358b4bd_2.5
d8accb2ef85459a0d382cce90358b4bd,Gwangju FC,Pohang Steelers,2025-03-22T07:30:00Z,soccer_korea_kleague1,K League 1,coolbet,2.5,2.19,1.66,2025-03-21T11:55:14Z,2025-03-21,d8accb2ef85459a0d382cce90358b4bd_2.5
d8accb2ef85459a0d382cce90358b4bd,Gwangju FC,Pohang Steelers,2025-03-22T07:30:00Z,soccer_korea_kleague1,K League 1,playup,2.5,2.2,1.65,2025-03-21T11:55:14Z,2025-03-21,d8accb2ef85459a0d382cce90358b4bd_2.5
d8accb2ef85459a0d382cce90358b4bd,Gwangju FC,Pohang Steelers,2025-03-22T07:30:00Z,soccer_korea_kleague1,K League 1,bovada,2.25,1.93,1.82,2025-03-21T11:55:13Z,2025-03-21,d8accb2ef85459a0d382cce90358b4bd_2.25
d8accb2ef85459a0d382cce90358b4bd,Gwangju FC,Pohang Steelers,2025-03-22T07:30:00Z,soccer_korea_kleague1,K League 1,unibet,2.5,2.15,1.61,2025-03-21T11:55:14Z,2025-03-21,d8accb2ef85459a0d382cce90358b4bd_2.5
d8accb2ef85459a0d382cce90358b4bd,Gwangju FC,Pohang Steelers,2025-03-22T07:30:00Z,soccer_korea_kleague1,K League 1,betrivers,2.5,2.15,1.61,2025-03-21T11:55:13Z,2025-03-21,d8accb2ef85459a0d382cce90358b4bd_2.5
d8accb2ef85459a0d382cce90358b4bd,Gwangju FC,Pohang Steelers,2025-03-22T07:30:00Z,soccer_korea_kleague1,K League 1,unibet_eu,2.5,2.15,1.61,2025-03-21T11:55:14Z,2025-03-21,d8accb2ef85459a0d382cce90358b4bd_2.5
d8accb2ef85459a0d382cce90358b4bd,Gwangju FC,Pohang Steelers,2025-03-22T07:30:00Z,soccer_korea_kleague1,K League 1,betonlineag,2.25,2.0,1.83,2025-03-21T11:55:13Z,2025-03-21,d8accb2ef85459a0d382cce90358b4bd_2.25
d8accb2ef85459a0d382cce90358b4bd,Gwangju FC,Pohang Steelers,2025-03-22T07:30:00Z,soccer_korea_kleague1,K League 1,lowvig,2.25,2.0,1.83,2025-03-21T11:55:13Z,2025-03-21,d8accb2ef85459a0d382cce90358b4bd_2.25
